999
LibreDWG 0.14
  0
SECTION
  2
HEADER
  9
$ACADVER
  1
AC1015
  9
$ACADMAINTVER
 70
    55
  9
$DWGCODEPAGE
  3
ANSI_1252
  9
$INSBASE
 10
0.0
 20
0.0
 30
0.0
  9
$EXTMIN
 10
0.0
 20
0.0
 30
0.0
  9
$EXTMAX
 10
279.4
 20
215.9
 30
0.0
  9
$LIMMIN
 10
0.0
 20
0.0
  9
$LIMMAX
 10
279.4
 20
215.9
  9
$ORTHOMODE
 70
     0
  9
$REGENMODE
 70
     1
  9
$FILLMODE
 70
     1
  9
$QTEXTMODE
 70
     0
  9
$MIRRTEXT
 70
     1
  9
$LTSCALE
 40
1.0
  9
$ATTMODE
 70
     1
  9
$TEXTSIZE
 40
2.822222222222222
  9
$TRACEWID
 40
1.0
  9
$TEXTSTYLE
  7
Standard
  9
$CLAYER
  8
0
  9
$CELTYPE
  6
ByLayer
  9
$CECOLOR
 62
   256
  9
$CELTSCALE
 40
1.0
  9
$DISPSILH
 70
     0
  9
$DIMSCALE
 40
1.0
  9
$DIMASZ
 40
3.302
  9
$DIMEXO
 40
1.27
  9
$DIMDLI
 40
3.75
  9
$DIMRND
 40
0.0
  9
$DIMDLE
 40
0.0
  9
$DIMEXE
 40
3.175
  9
$DIMTP
 40
0.0
  9
$DIMTM
 40
0.0
  9
$DIMTXT
 40
2.822222222222222
  9
$DIMCEN
 40
2.5
  9
$DIMTSZ
 40
0.0
  9
$DIMTOL
 70
     0
  9
$DIMLIM
 70
     0
  9
$DIMTIH
 70
     1
  9
$DIMTOH
 70
     1
  9
$DIMSE1
 70
     0
  9
$DIMSE2
 70
     0
  9
$DIMTAD
 70
     0
  9
$DIMZIN
 70
     1
  9
$DIMBLK
  1

  9
$DIMASO
 70
     1
  9
$DIMSHO
 70
     1
  9
$DIMPOST
  1

  9
$DIMAPOST
  1

  9
$DIMALT
 70
     0
  9
$DIMALTD
 70
     3
  9
$DIMALTF
 40
0.03937007874015748
  9
$DIMLFAC
 40
1.0
  9
$DIMTOFL
 70
     1
  9
$DIMTVP
 40
0.0
  9
$DIMTIX
 70
     0
  9
$DIMSOXD
 70
     0
  9
$DIMSAH
 70
     0
  9
$DIMBLK1
  1

  9
$DIMBLK2
  1

  9
$DIMSTYLE
  2
ISO-25
  9
$DIMCLRD
 70
     0
  9
$DIMCLRE
 70
     0
  9
$DIMCLRT
 70
     0
  9
$DIMTFAC
 40
1.0
  9
$DIMGAP
 40
1.524
  9
$DIMJUST
 70
     0
  9
$DIMSD1
 70
     0
  9
$DIMSD2
 70
     0
  9
$DIMTOLJ
 70
     0
  9
$DIMTZIN
 70
     1
  9
$DIMALTZ
 70
     0
  9
$DIMALTTZ
 70
     0
  9
$DIMUPT
 70
     0
  9
$DIMDEC
 70
     2
  9
$DIMTDEC
 70
     2
  9
$DIMALTU
 70
     2
  9
$DIMALTTD
 70
     3
  9
$DIMTXSTY
  7
Standard
  9
$DIMAUNIT
 70
     0
  9
$DIMADEC
 70
     0
  9
$DIMALTRND
 40
0.0
  9
$DIMAZIN
 70
     0
  9
$DIMDSEP
 70
    44
  9
$DIMATFIT
 70
     3
  9
$DIMFRAC
 70
     0
  9
$DIMLDRBLK
  1

  9
$DIMLUNIT
 70
     2
  9
$DIMLWD
 70
    -2
  9
$DIMLWE
 70
    -2
  9
$DIMTMOVE
 70
     0
  9
$LUNITS
 70
     2
  9
$LUPREC
 70
     1
  9
$AXISMODE
 70
     0
  9
$AXISUNIT
 10
0.0
 20
0.0
  9
$SKETCHINC
 40
1.0
  9
$FILLETRAD
 40
0.0
  9
$AUNITS
 70
     0
  9
$AUPREC
 70
     0
  9
$MENU
  1
.
  9
$ELEVATION
 40
0.0
  9
$PELEVATION
 40
0.0
  9
$THICKNESS
 40
0.0
  9
$LIMCHECK
 70
     0
  9
$CHAMFERA
 40
0.0
  9
$CHAMFERB
 40
0.0
  9
$CHAMFERC
 40
0.0
  9
$CHAMFERD
 40
0.0
  9
$SKPOLY
 70
     0
  9
$TDCREATE
 40
2460691.403805240
  9
$TDUCREATE
 40
2460691.655805240
  9
$TDUPDATE
 40
2460691.403806490
  9
$TDUUPDATE
 40
2460691.655806490
  9
$TDINDWG
 40
0.000000010
  9
$TDUSRTIMER
 40
0.000000010
  9
$USRTIMER
 70
     1
  9
$ANGBASE
 50
0.0
  9
$ANGDIR
 70
     0
  9
$PDMODE
 70
     0
  9
$PDSIZE
 40
-1.0
  9
$PLINEWID
 40
0.0
  9
$SPLFRAME
 70
     0
  9
$SPLINETYPE
 70
     6
  9
$SPLINESEGS
 70
     8
  9
$HANDSEED
  5
382
  9
$SURFTAB1
 70
     6
  9
$SURFTAB2
 70
     6
  9
$SURFTYPE
 70
     6
  9
$SURFU
 70
     6
  9
$SURFV
 70
     6
  9
$UCSBASE
  2

  9
$UCSORG
 10
0.0
 20
0.0
 30
0.0
  9
$UCSXDIR
 10
1.0
 20
0.0
 30
0.0
  9
$UCSYDIR
 10
0.0
 20
1.0
 30
0.0
  9
$UCSORTHOREF
  2

  9
$UCSORTHOVIEW
 70
     0
  9
$UCSORGTOP
 10
0.0
 20
0.0
 30
0.0
  9
$UCSORGBOTTOM
 10
0.0
 20
0.0
 30
0.0
  9
$UCSORGLEFT
 10
0.0
 20
0.0
 30
0.0
  9
$UCSORGRIGHT
 10
0.0
 20
0.0
 30
0.0
  9
$UCSORGFRONT
 10
0.0
 20
0.0
 30
0.0
  9
$UCSORGBACK
 10
0.0
 20
0.0
 30
0.0
  9
$PUCSBASE
  2

  9
$PUCSORG
 10
0.0
 20
0.0
 30
0.0
  9
$PUCSXDIR
 10
1.0
 20
0.0
 30
0.0
  9
$PUCSYDIR
 10
0.0
 20
1.0
 30
0.0
  9
$PUCSORTHOREF
  2

  9
$PUCSORTHOVIEW
 70
     0
  9
$PUCSORGTOP
 10
0.0
 20
0.0
 30
0.0
  9
$PUCSORGBOTTOM
 10
0.0
 20
0.0
 30
0.0
  9
$PUCSORGLEFT
 10
0.0
 20
0.0
 30
0.0
  9
$PUCSORGRIGHT
 10
0.0
 20
0.0
 30
0.0
  9
$PUCSORGFRONT
 10
0.0
 20
0.0
 30
0.0
  9
$PUCSORGBACK
 10
0.0
 20
0.0
 30
0.0
  9
$USERI1
 70
     0
  9
$USERI2
 70
     0
  9
$USERI3
 70
     0
  9
$USERI4
 70
     0
  9
$USERI5
 70
     0
  9
$USERR1
 40
0.0
  9
$USERR2
 40
0.0
  9
$USERR3
 40
0.0
  9
$USERR4
 40
0.0
  9
$USERR5
 40
0.0
  9
$WORLDVIEW
 70
     1
  9
$SHADEDGE
 70
     3
  9
$SHADEDIF
 70
    70
  9
$TILEMODE
 70
     1
  9
$MAXACTVP
 70
    64
  9
$PINSBASE
 10
0.0
 20
0.0
 30
0.0
  9
$PLIMCHECK
 70
     0
  9
$PEXTMIN
 10
1E+20
 20
1E+20
 30
1E+20
  9
$PEXTMAX
 10
-1E+20
 20
-1E+20
 30
-1E+20
  9
$PLIMMIN
 10
0.0
 20
0.0
  9
$PLIMMAX
 10
420.0
 20
297.0
  9
$UNITMODE
 70
     0
  9
$VISRETAIN
 70
     1
  9
$PLINEGEN
 70
     0
  9
$PSLTSCALE
 70
     1
  9
$TREEDEPTH
 70
  3020
  9
$CMLSTYLE
  2
Standard
  9
$CMLJUST
 70
     0
  9
$CMLSCALE
 40
20.0
  9
$PROXYGRAPHICS
 70
     1
  9
$MEASUREMENT
 70
     1
  9
$CELWEIGHT
370
    -1
  9
$ENDCAPS
280
     0
  9
$JOINSTYLE
280
     0
  9
$LWDISPLAY
290
     1
  9
$INSUNITS
 70
     4
  9
$HYPERLINKBASE
  1

  9
$STYLESHEET
  1

  9
$XEDIT
290
     1
  9
$CEPSNTYPE
380
     0
  9
$PSTYLEMODE
290
     1
  9
$FINGERPRINTGUID
  2
{c9cc4cdf-8445-41e9-804d-1045f5ff375e}
  9
$VERSIONGUID
  2
{FAEB1C32-E019-11D5-929B-00C0DF256EC4}
  9
$EXTNAMES
290
     1
  9
$PSVPSCALE
 40
0.0
  9
$OLESTARTUP
290
     0
  0
ENDSEC
  0
SECTION
  2
CLASSES
  0
CLASS
  1
ACDBDICTIONARYWDFLT
  2
AcDbDictionaryWithDefault
  3
ObjectDBX Classes
 90
        0
280
     0
281
     0
  0
CLASS
  1
VISUALSTYLE
  2
AcDbVisualStyle
  3
ObjectDBX Classes
 90
     4095
280
     0
281
     0
  0
CLASS
  1
MATERIAL
  2
AcDbMaterial
  3
ObjectDBX Classes
 90
     1153
280
     0
281
     0
  0
CLASS
  1
SCALE
  2
AcDbScale
  3
ObjectDBX Classes
 90
     1153
280
     0
281
     0
  0
CLASS
  1
TABLESTYLE
  2
AcDbTableStyle
  3
ObjectDBX Classes
 90
     4095
280
     0
281
     0
  0
CLASS
  1
MLEADERSTYLE
  2
AcDbMLeaderStyle
  3
ACDB_MLEADERSTYLE_CLASS
 90
     4095
280
     0
281
     0
  0
CLASS
  1
SUN
  2
AcDbSun
  3
SCENEOE
 90
     1153
280
     0
281
     0
  0
CLASS
  1
ACDBPLACEHOLDER
  2
AcDbPlaceHolder
  3
ObjectDBX Classes
 90
        0
280
     0
281
     0
  0
CLASS
  1
LAYOUT
  2
AcDbLayout
  3
ObjectDBX Classes
 90
        0
280
     0
281
     0
  0
ENDSEC
  0
SECTION
  2
TABLES
  0
TABLE
  2
VPORT
  5
8
330
0
100
AcDbSymbolTable
 70
     1
  0
VPORT
  5
29
330
8
100
AcDbSymbolTableRecord
100
AcDbViewportTableRecord
  2
*Active
 70
     0
 10
0.0
 20
0.0
 11
1.0
 21
1.0
 12
139.7
 22
107.95
 13
0.0
 23
0.0
 14
10.0
 24
10.0
 15
10.0
 25
10.0
 16
0.0
 26
0.0
 36
1.0
 17
0.0
 27
0.0
 37
0.0
 40
215.9
 41
1.294117647058824
 42
50.0
 43
0.0
 44
0.0
 50
0.0
 51
0.0
 71
     0
 72
  2000
 73
     1
 74
     3
 75
     0
 76
     0
 77
     0
 78
     0
281
     0
 65
     1
110
0.0
120
0.0
130
0.0
111
1.0
121
0.0
131
0.0
112
0.0
122
1.0
132
0.0
 79
     0
146
0.0
  0
ENDTAB
  0
TABLE
  2
LTYPE
  5
5
330
0
100
AcDbSymbolTable
 70
     8
  0
LTYPE
  5
14
330
5
100
AcDbSymbolTableRecord
100
AcDbLinetypeTableRecord
  2
ByBlock
 70
     0
  3

 72
    65
 73
     0
 40
0.0
  0
LTYPE
  5
15
330
5
100
AcDbSymbolTableRecord
100
AcDbLinetypeTableRecord
  2
ByLayer
 70
     0
  3

 72
    65
 73
     0
 40
0.0
  0
LTYPE
  5
16
330
5
100
AcDbSymbolTableRecord
100
AcDbLinetypeTableRecord
  2
Continuous
 70
     0
  3
Solid line
 72
    65
 73
     0
 40
0.0
  0
LTYPE
  5
5E
330
5
100
AcDbSymbolTableRecord
100
AcDbLinetypeTableRecord
  2
SLD-Solid
 70
     0
  3
SolidWorks Line Style
 72
    65
 73
     0
 40
0.0
  0
LTYPE
  5
5F
330
5
100
AcDbSymbolTableRecord
100
AcDbLinetypeTableRecord
  2
SLD-Dashed
 70
     0
  3
SolidWorks Line Style
 72
    65
 73
     2
 40
1.905
 49
1.27
 74
     0
 49
-0.635
 74
     0
  0
LTYPE
  5
60
330
5
100
AcDbSymbolTableRecord
100
AcDbLinetypeTableRecord
  2
SLD-Phantom
 70
     0
  3
SolidWorks Line Style
 72
    65
 73
     6
 40
12.7
 49
6.35
 74
     0
 49
-1.27
 74
     0
 49
1.27
 74
     0
 49
-1.27
 74
     0
 49
1.27
 74
     0
 49
-1.27
 74
     0
  0
LTYPE
  5
61
330
5
100
AcDbSymbolTableRecord
100
AcDbLinetypeTableRecord
  2
SLD-Chain
 70
     0
  3
SolidWorks Line Style
 72
    65
 73
     4
 40
10.16
 49
6.35
 74
     0
 49
-1.27
 74
     0
 49
1.27
 74
     0
 49
-1.27
 74
     0
  0
LTYPE
  5
62
330
5
100
AcDbSymbolTableRecord
100
AcDbLinetypeTableRecord
  2
SLD-Center
 70
     0
  3
SolidWorks Line Style
 72
    65
 73
     4
 40
19.05
 49
15.24
 74
     0
 49
-1.27
 74
     0
 49
1.27
 74
     0
 49
-1.27
 74
     0
  0
LTYPE
  5
63
330
5
100
AcDbSymbolTableRecord
100
AcDbLinetypeTableRecord
  2
SLD-Stitch
 70
     0
  3
SolidWorks Line Style
 72
    65
 73
     2
 40
0.635
 49
0.0
 74
     0
 49
-0.635
 74
     0
  0
LTYPE
  5
64
330
5
100
AcDbSymbolTableRecord
100
AcDbLinetypeTableRecord
  2
SLD-Thin-Thick-Chain
 70
     0
  3
SolidWorks Line Style
 72
    65
 73
     4
 40
10.16
 49
6.35
 74
     0
 49
-1.27
 74
     0
 49
1.27
 74
     0
 49
-1.27
 74
     0
  0
ENDTAB
  0
TABLE
  2
LAYER
  5
2
330
0
100
AcDbSymbolTable
 70
     7
  0
LAYER
  5
10
330
2
100
AcDbSymbolTableRecord
100
AcDbLayerTableRecord
  2
0
 70
     0
 62
     7
  6
Continuous
370
    -3
390
F
  0
LAYER
  5
65
330
2
100
AcDbSymbolTableRecord
100
AcDbLayerTableRecord
  2
TEXT
 70
     0
 62
   140
  6
SLD-Solid
370
    25
390
F
  0
LAYER
  5
66
330
2
100
AcDbSymbolTableRecord
100
AcDbLayerTableRecord
  2
DIMENSIONS
 70
     0
 62
   140
  6
SLD-Solid
370
    25
390
F
  0
LAYER
  5
67
330
2
100
AcDbSymbolTableRecord
100
AcDbLayerTableRecord
  2
HATCH
 70
     0
 62
     6
  6
SLD-Solid
370
    -3
390
F
  0
LAYER
  5
68
330
2
100
AcDbSymbolTableRecord
100
AcDbLayerTableRecord
  2
HIDDEN
 70
     0
 62
   102
  6
SLD-Dashed
370
    -3
390
F
  0
LAYER
  5
69
330
2
100
AcDbSymbolTableRecord
100
AcDbLayerTableRecord
  2
CENTER
 70
     0
 62
    40
  6
SLD-Center
370
    -3
390
F
  0
LAYER
  5
6A
330
2
100
AcDbSymbolTableRecord
100
AcDbLayerTableRecord
  2
SLD-DEFPOINTS
 70
     0
 62
     7
  6
Continuous
370
    -1
390
F
  0
ENDTAB
  0
TABLE
  2
STYLE
  5
3
330
0
100
AcDbSymbolTable
 70
     3
  0
STYLE
  5
11
330
3
100
AcDbSymbolTableRecord
100
AcDbTextStyleTableRecord
  2
Standard
 70
     0
 40
0.0
 41
1.0
 50
0.0
 71
     0
 42
2.822222222222222
  3
txt
  4

  0
STYLE
  5
94
330
3
100
AcDbSymbolTableRecord
100
AcDbTextStyleTableRecord
  2
SLDTEXTSTYLE0
 70
     0
 40
0.0
 41
0.7
 50
0.0
 71
     0
 42
2.822222222222222
  3
TXT
  4

  0
STYLE
  5
9F
330
3
100
AcDbSymbolTableRecord
100
AcDbTextStyleTableRecord
  2
SLDTEXTSTYLE1
 70
     0
 40
0.0
 41
0.65
 50
0.0
 71
     0
 42
2.822222222222222
  3
TXT
  4

  0
ENDTAB
  0
TABLE
  2
VIEW
  5
6
330
0
100
AcDbSymbolTable
 70
     0
  0
ENDTAB
  0
TABLE
  2
UCS
  5
7
330
0
100
AcDbSymbolTable
 70
     0
  0
ENDTAB
  0
TABLE
  2
APPID
  5
9
330
0
100
AcDbSymbolTable
 70
     1
  0
APPID
  5
12
330
9
100
AcDbSymbolTableRecord
100
AcDbRegAppTableRecord
  2
ACAD
 70
     0
  0
ENDTAB
  0
TABLE
  2
DIMSTYLE
  5
A
330
0
100
AcDbSymbolTable
 70
     4
100
AcDbDimStyleTable
 71
     0
  0
DIMSTYLE
105
27
330
A
100
AcDbSymbolTableRecord
100
AcDbDimStyleTableRecord
  2
ISO-25
 70
     0
 41
2.5
 42
0.625
 43
3.75
 44
1.25
 73
     0
 74
     0
 77
     1
 78
     8
140
2.5
141
2.5
143
0.03937007874016
144
1.0
146
1.0
147
0.625
171
     3
172
     1
176
     0
177
     0
178
     0
271
     2
272
     2
273
     2
274
     3
277
     2
278
    44
283
     0
284
     8
289
     3
340
11
371
    -2
372
    -2
341
0
342
0
343
0
344
0
  0
DIMSTYLE
105
14E
102
{ACAD_REACTORS
330
14D
330
2AA
102
}
330
A
100
AcDbSymbolTableRecord
100
AcDbDimStyleTableRecord
  2
SLDDIMSTYLE0
 70
     0
 41
3.302
 42
0.0625
 43
0.38
 45
1E-09
 73
     1
 74
     1
 78
    12
 79
     3
140
2.1580078125
141
0.09
143
0.03937007874015748
144
1.0
146
1.0
147
0.539501953125
148
1E-09
170
     1
171
     2
173
     1
176
     0
177
     0
178
     0
271
     2
272
     2
273
     2
274
     2
276
     2
277
     2
278
    46
283
     1
284
    12
289
     3
340
94
371
    -2
372
    -2
341
0
342
0
343
0
344
0
  0
DIMSTYLE
105
163
102
{ACAD_REACTORS
330
162
330
2BE
102
}
330
A
100
AcDbSymbolTableRecord
100
AcDbDimStyleTableRecord
  2
SLDDIMSTYLE1
 70
     0
 41
3.302
 42
0.0625
 43
0.38
 45
1E-09
 73
     1
 74
     1
 78
     4
 79
     1
140
2.1580078125
141
0.09
143
0.03937007874015748
144
1.0
146
1.0
147
0.539501953125
148
1E-09
170
     1
171
     2
173
     1
176
     0
177
     0
178
     0
271
     2
272
     2
273
     2
274
     2
276
     2
277
     2
278
    46
283
     1
284
    12
289
     3
340
94
371
    -2
372
    -2
341
0
342
0
343
0
344
0
  0
DIMSTYLE
105
36D
102
{ACAD_REACTORS
330
36C
102
}
330
A
100
AcDbSymbolTableRecord
100
AcDbDimStyleTableRecord
  2
SLDDIMSTYLE2
 70
     0
 41
3.302
 42
0.0625
 43
0.38
 45
1E-09
 73
     1
 74
     1
 78
     4
 79
     1
140
2.1580078125
141
0.09
143
0.03937007874015748
144
1.0
146
1.0
147
0.539501953125
148
1E-09
170
     1
171
     2
172
     1
173
     1
176
     0
177
     0
178
     0
271
     2
272
     2
273
     2
274
     2
276
     2
277
     2
278
    46
283
     1
284
    12
340
94
371
    -2
372
    -2
341
0
342
0
343
0
344
0
  0
ENDTAB
  0
TABLE
  2
BLOCK_RECORD
  5
1
330
0
100
AcDbSymbolTable
 70
     8
  0
BLOCK_RECORD
  5
1F
330
1
100
AcDbSymbolTableRecord
100
AcDbBlockTableRecord
  2
*Model_Space
340
22
310

  0
BLOCK_RECORD
  5
1B
330
1
100
AcDbSymbolTableRecord
100
AcDbBlockTableRecord
  2
*Paper_Space
340
1E
310

  0
BLOCK_RECORD
  5
23
330
1
100
AcDbSymbolTableRecord
100
AcDbBlockTableRecord
  2
*Paper_Space0
340
26
310

  0
BLOCK_RECORD
  5
6B
330
1
100
AcDbSymbolTableRecord
100
AcDbBlockTableRecord
  2
Block11
340
0
310

102
{BLKREFS
331
79
102
}
  0
BLOCK_RECORD
  5
76
330
1
100
AcDbSymbolTableRecord
100
AcDbBlockTableRecord
  2
Block12
340
0
310

102
{BLKREFS
331
93
102
}
  0
BLOCK_RECORD
  5
14F
330
1
100
AcDbSymbolTableRecord
100
AcDbBlockTableRecord
  2
_D
340
0
310

  0
BLOCK_RECORD
  5
164
330
1
100
AcDbSymbolTableRecord
100
AcDbBlockTableRecord
  2
_D_1
340
0
310

  0
BLOCK_RECORD
  5
2AB
330
1
100
AcDbSymbolTableRecord
100
AcDbBlockTableRecord
  2
_D_2
340
0
310

  0
BLOCK_RECORD
  5
2BF
330
1
100
AcDbSymbolTableRecord
100
AcDbBlockTableRecord
  2
_D_3
340
0
310

  0
BLOCK_RECORD
  5
36E
330
1
100
AcDbSymbolTableRecord
100
AcDbBlockTableRecord
  2
_D_4
340
0
310

  0
ENDTAB
  0
ENDSEC
  0
SECTION
  2
BLOCKS
  0
BLOCK
  5
1C
330
1B
100
AcDbEntity
 67
     1
  8
0
100
AcDbBlockBegin
  2
*Paper_Space
 70
     0
 10
0.0
 20
0.0
 30
0.0
  3
*Paper_Space
  1

  0
ENDBLK
  5
1D
330
1B
100
AcDbEntity
 67
     1
  8
0
100
AcDbBlockEnd
  0
BLOCK
  5
20
330
1F
100
AcDbEntity
  8
0
100
AcDbBlockBegin
  2
*Model_Space
 70
     0
 10
0.0
 20
0.0
 30
0.0
  3
*Model_Space
  1

  0
ENDBLK
  5
21
330
1F
100
AcDbEntity
  8
0
100
AcDbBlockEnd
  0
BLOCK
  5
24
330
23
100
AcDbEntity
  8
0
100
AcDbBlockBegin
  2
*Paper_Space0
 70
     0
 10
0.0
 20
0.0
 30
0.0
  3
*Paper_Space0
  1

  0
ENDBLK
  5
25
330
23
100
AcDbEntity
  8
0
100
AcDbBlockEnd
  0
BLOCK
  5
6C
330
6B
100
AcDbEntity
  8
0
100
AcDbBlockBegin
  2
Block11
 70
     0
 10
0.0
 20
0.0
 30
0.0
  3
Block11
  1

  0
CIRCLE
  5
6E
330
6B
100
AcDbEntity
  8
0
  6
SLD-Solid
370
    18
 62
     7
100
AcDbCircle
 10
2.588397110770853
 20
2.881721276410065
 30
0.0
 40
1.285653254559609
  0
CIRCLE
  5
6F
330
6B
100
AcDbEntity
  8
0
  6
SLD-Solid
370
    18
 62
     7
100
AcDbCircle
 10
2.588397110770853
 20
2.881721276410065
 30
0.0
 40
2.15010286937989
  0
LINE
  5
70
330
6B
100
AcDbEntity
  8
0
  6
SLD-Solid
370
    18
 62
     7
100
AcDbLine
 10
2.588397110770853
 20
5.310668102986499
 30
0.0
 11
2.588397110770853
 21
0.0
 31
0.0
  0
LINE
  5
71
330
6B
100
AcDbEntity
  8
0
  6
SLD-Solid
370
    18
 62
     7
100
AcDbLine
 10
1.734723475976807E-15
 20
2.881721276410065
 30
0.0
 11
10.87374002986212
 21
2.881721276410065
 31
0.0
  0
LINE
  5
72
330
6B
100
AcDbEntity
  8
0
  6
SLD-Solid
370
    18
 62
     7
100
AcDbLine
 10
5.479586157470715
 20
1.596068021850458
 30
0.0
 11
5.479586157470715
 21
4.167374530969679
 31
0.0
  0
LINE
  5
73
330
6B
100
AcDbEntity
  8
0
  6
SLD-Solid
370
    18
 62
     7
100
AcDbLine
 10
5.479586157470715
 20
4.167374530969679
 30
0.0
 11
10.17501543499277
 21
5.031824145789954
 31
0.0
  0
LINE
  5
74
330
6B
100
AcDbEntity
  8
0
  6
SLD-Solid
370
    18
 62
     7
100
AcDbLine
 10
10.17501543499277
 20
5.031824145789954
 30
0.0
 11
10.17501543499277
 21
0.7316184070301768
 31
0.0
  0
LINE
  5
75
330
6B
100
AcDbEntity
  8
0
  6
SLD-Solid
370
    18
 62
     7
100
AcDbLine
 10
5.479586157470715
 20
1.596068021850458
 30
0.0
 11
10.17501543499277
 21
0.7316184070301768
 31
0.0
  0
ENDBLK
  5
6D
330
6B
100
AcDbEntity
  8
0
100
AcDbBlockEnd
  0
BLOCK
  5
77
330
76
100
AcDbEntity
  8
0
100
AcDbBlockBegin
  2
Block12
 70
     0
 10
0.0
 20
0.0
 30
0.0
  3
Block12
  1

  0
INSERT
  5
79
330
76
100
AcDbEntity
  8
SLD-DEFPOINTS
100
AcDbBlockReference
  2
Block11
 10
0.0
 20
0.0
 30
0.0
  0
ENDBLK
  5
78
330
76
100
AcDbEntity
  8
0
100
AcDbBlockEnd
  0
BLOCK
  5
150
330
14F
100
AcDbEntity
  8
0
100
AcDbBlockBegin
  2
_D
 70
     0
 10
0.0
 20
0.0
 30
0.0
  3
_D
  1

  0
SOLID
  5
152
330
14F
100
AcDbEntity
  8
DIMENSIONS
100
AcDbTrace
 38
0.0
 10
42.87052278325444
 20
119.3405862068984
 11
46.17252278325439
 21
118.8325862068981
 12
46.17252278325449
 22
119.848586206898
 13
46.17252278325449
 23
119.848586206898
  0
SOLID
  5
153
330
14F
100
AcDbEntity
  8
DIMENSIONS
100
AcDbTrace
 38
0.0
 10
80.27052278325445
 20
119.3405862068945
 11
76.96852278325451
 21
119.8485862068948
 12
76.9685227832544
 22
118.8325862068948
 13
76.9685227832544
 23
118.8325862068948
  0
LINE
  5
154
330
14F
100
AcDbEntity
  8
DIMENSIONS
100
AcDbLine
 10
56.5222342647898
 20
119.340585974066
 30
0.0
 11
55.79756995759039
 21
119.340585974066
 31
0.0
  0
LINE
  5
155
330
14F
100
AcDbEntity
  8
DIMENSIONS
100
AcDbLine
 10
55.79756995759039
 20
119.340585974066
 30
0.0
 11
55.79756995759039
 21
115.9108020002231
 31
0.0
  0
LINE
  5
156
330
14F
100
AcDbEntity
  8
DIMENSIONS
100
AcDbLine
 10
55.79756995759039
 20
115.9108020002231
 30
0.0
 11
56.52223426478981
 21
115.9108020002231
 31
0.0
  0
LINE
  5
157
330
14F
100
AcDbEntity
  8
DIMENSIONS
100
AcDbLine
 10
62.9349508472073
 20
119.340585974066
 30
0.0
 11
63.65961515440672
 21
119.340585974066
 31
0.0
  0
LINE
  5
158
330
14F
100
AcDbEntity
  8
DIMENSIONS
100
AcDbLine
 10
63.65961515440672
 20
119.340585974066
 30
0.0
 11
63.65961515440672
 21
115.9108020002231
 31
0.0
  0
LINE
  5
159
330
14F
100
AcDbEntity
  8
DIMENSIONS
100
AcDbLine
 10
63.65961515440672
 20
115.9108020002231
 30
0.0
 11
62.9349508472073
 21
115.9108020002231
 31
0.0
  0
LINE
  5
15A
330
14F
100
AcDbEntity
  8
DIMENSIONS
100
AcDbLine
 10
42.87052278325208
 20
96.66330981721715
 30
0.0
 11
42.87052278325478
 21
122.5155862068984
 31
0.0
  0
LINE
  5
15B
330
14F
100
AcDbEntity
  8
DIMENSIONS
100
AcDbLine
 10
80.27052278325209
 20
96.66330981721715
 30
0.0
 11
80.27052278325478
 21
122.5155862068945
 31
0.0
  0
LINE
  5
15C
330
14F
100
AcDbEntity
  8
DIMENSIONS
100
AcDbLine
 10
42.87052278325444
 20
119.3405862068984
 30
0.0
 11
53.59833152966999
 21
119.3405862068973
 31
0.0
  0
LINE
  5
15D
330
14F
100
AcDbEntity
  8
DIMENSIONS
100
AcDbLine
 10
80.27052278325445
 20
119.3405862068945
 30
0.0
 11
65.85885381515776
 21
119.340586206896
 31
0.0
  0
MTEXT
  5
15E
330
14F
100
AcDbEntity
  8
DIMENSIONS
100
AcDbMText
 10
55.00724977748223
 20
122.5522225384905
 30
0.0
210
0.0
220
0.0
230
1.0
 11
1.0
 21
0.0
 31
0.0
 40
2.116666666666666
 41
0.0
 71
     1
 72
     1
  1

  7
SLDTEXTSTYLE0
 73
     1
 44
1.0
  0
MTEXT
  5
15F
330
14F
100
AcDbEntity
  8
DIMENSIONS
100
AcDbMText
 10
56.52223449762045
 20
122.5522223056598
 30
0.0
210
0.0
220
0.0
230
1.0
 11
1.0
 21
0.0
 31
0.0
 40
2.116666666666666
 41
0.0
 71
     1
 72
     1
  1
37.4
  7
SLDTEXTSTYLE0
 73
     1
 44
1.0
  0
MTEXT
  5
160
330
14F
100
AcDbEntity
  8
DIMENSIONS
100
AcDbMText
 10
56.5222342647898
 20
118.6393287160738
 30
0.0
210
0.0
220
0.0
230
1.0
 11
1.0
 21
0.0
 31
0.0
 40
2.116666666666666
 41
0.0
 71
     1
 72
     1
  1
1.47
  7
SLDTEXTSTYLE0
 73
     1
 44
1.0
  0
MTEXT
  5
161
330
14F
100
AcDbEntity
  8
DIMENSIONS
100
AcDbMText
 10
65.31032147751877
 20
122.5522225384905
 30
0.0
210
0.0
220
0.0
230
1.0
 11
1.0
 21
0.0
 31
0.0
 40
2.116666666666666
 41
0.0
 71
     1
 72
     1
  1

  7
SLDTEXTSTYLE0
 73
     1
 44
1.0
  0
ENDBLK
  5
151
330
14F
100
AcDbEntity
  8
0
100
AcDbBlockEnd
  0
BLOCK
  5
165
330
164
100
AcDbEntity
  8
0
100
AcDbBlockBegin
  2
_D_1
 70
     0
 10
0.0
 20
0.0
 30
0.0
  3
_D_1
  1

  0
SOLID
  5
167
330
164
100
AcDbEntity
  8
DIMENSIONS
100
AcDbTrace
 38
0.0
 10
44.07052278325052
 20
58.59079310344839
 11
47.37252278325052
 21
58.08279310344839
 12
47.37252278325052
 22
59.09879310344839
 13
47.37252278325052
 23
59.09879310344839
  0
SOLID
  5
168
330
164
100
AcDbEntity
  8
DIMENSIONS
100
AcDbTrace
 38
0.0
 10
79.07052278325197
 20
58.59079310344839
 11
75.76852278325197
 21
59.09879310344839
 12
75.76852278325197
 22
58.08279310344839
 13
75.76852278325197
 23
58.08279310344839
  0
LINE
  5
169
330
164
100
AcDbEntity
  8
DIMENSIONS
100
AcDbLine
 10
56.99684202341047
 20
58.59079287061775
 30
0.0
 11
56.27217771621104
 21
58.59079287061775
 31
0.0
  0
LINE
  5
16A
330
164
100
AcDbEntity
  8
DIMENSIONS
100
AcDbLine
 10
56.27217771621104
 20
58.59079287061775
 30
0.0
 11
56.27217771621104
 21
55.16100889677489
 31
0.0
  0
LINE
  5
16B
330
164
100
AcDbEntity
  8
DIMENSIONS
100
AcDbLine
 10
56.27217771621104
 20
55.16100889677489
 30
0.0
 11
56.99684202341046
 21
55.16100889677489
 31
0.0
  0
LINE
  5
16C
330
164
100
AcDbEntity
  8
DIMENSIONS
100
AcDbLine
 10
63.40955860582795
 20
58.59079287061775
 30
0.0
 11
64.13422291302737
 21
58.59079287061775
 31
0.0
  0
LINE
  5
16D
330
164
100
AcDbEntity
  8
DIMENSIONS
100
AcDbLine
 10
64.13422291302737
 20
58.59079287061775
 30
0.0
 11
64.13422291302737
 21
55.16100889677489
 31
0.0
  0
LINE
  5
16E
330
164
100
AcDbEntity
  8
DIMENSIONS
100
AcDbLine
 10
64.13422291302737
 20
55.16100889677489
 30
0.0
 11
63.40955860582795
 21
55.16100889677489
 31
0.0
  0
LINE
  5
16F
330
164
100
AcDbEntity
  8
DIMENSIONS
100
AcDbLine
 10
44.07052278325052
 20
71.62330981721716
 30
0.0
 11
44.07052278325052
 21
55.41579310344839
 31
0.0
  0
LINE
  5
170
330
164
100
AcDbEntity
  8
DIMENSIONS
100
AcDbLine
 10
79.07052278325197
 20
71.62330981721716
 30
0.0
 11
79.07052278325197
 21
55.41579310344839
 31
0.0
  0
LINE
  5
171
330
164
100
AcDbEntity
  8
DIMENSIONS
100
AcDbLine
 10
44.07052278325052
 20
58.59079310344839
 30
0.0
 11
54.07293928829066
 21
58.59079310344839
 31
0.0
  0
LINE
  5
172
330
164
100
AcDbEntity
  8
DIMENSIONS
100
AcDbLine
 10
79.07052278325197
 20
58.59079310344839
 30
0.0
 11
66.33346157377845
 21
58.59079310344839
 31
0.0
  0
MTEXT
  5
173
330
164
100
AcDbEntity
  8
DIMENSIONS
100
AcDbMText
 10
55.4818575361029
 20
61.80242943504221
 30
0.0
210
0.0
220
0.0
230
1.0
 11
1.0
 21
0.0
 31
0.0
 40
2.116666666666666
 41
0.0
 71
     1
 72
     1
  1

  7
SLDTEXTSTYLE0
 73
     1
 44
1.0
  0
MTEXT
  5
174
330
164
100
AcDbEntity
  8
DIMENSIONS
100
AcDbMText
 10
56.99684225624111
 20
61.80242920221156
 30
0.0
210
0.0
220
0.0
230
1.0
 11
1.0
 21
0.0
 31
0.0
 40
2.116666666666666
 41
0.0
 71
     1
 72
     1
  1
35.0
  7
SLDTEXTSTYLE0
 73
     1
 44
1.0
  0
MTEXT
  5
175
330
164
100
AcDbEntity
  8
DIMENSIONS
100
AcDbMText
 10
56.99684202341047
 20
57.88953561262554
 30
0.0
210
0.0
220
0.0
230
1.0
 11
1.0
 21
0.0
 31
0.0
 40
2.116666666666666
 41
0.0
 71
     1
 72
     1
  1
1.38
  7
SLDTEXTSTYLE0
 73
     1
 44
1.0
  0
MTEXT
  5
176
330
164
100
AcDbEntity
  8
DIMENSIONS
100
AcDbMText
 10
65.78492923613942
 20
61.80242943504221
 30
0.0
210
0.0
220
0.0
230
1.0
 11
1.0
 21
0.0
 31
0.0
 40
2.116666666666666
 41
0.0
 71
     1
 72
     1
  1

  7
SLDTEXTSTYLE0
 73
     1
 44
1.0
  0
ENDBLK
  5
166
330
164
100
AcDbEntity
  8
0
100
AcDbBlockEnd
  0
BLOCK
  5
2AC
330
2AB
100
AcDbEntity
  8
0
100
AcDbBlockBegin
  2
_D_2
 70
     0
 10
0.0
 20
0.0
 30
0.0
  3
_D_2
  1

  0
SOLID
  5
2AE
330
2AB
100
AcDbEntity
  8
DIMENSIONS
100
AcDbTrace
 38
0.0
 10
203.7720474137931
 20
95.39330981721716
 11
203.2640474137931
 21
92.09130981721717
 12
204.2800474137931
 22
92.09130981721717
 13
204.2800474137931
 23
92.09130981721717
  0
SOLID
  5
2AF
330
2AB
100
AcDbEntity
  8
DIMENSIONS
100
AcDbTrace
 38
0.0
 10
203.7720474137931
 20
72.89330981721716
 11
204.2800474137931
 21
76.19530981721715
 12
203.2640474137931
 22
76.19530981721715
 13
203.2640474137931
 23
76.19530981721715
  0
LINE
  5
2B0
330
2AB
100
AcDbEntity
  8
DIMENSIONS
100
AcDbLine
 10
200.565689006169
 20
84.93152347406601
 30
0.0
 11
199.8410246989696
 21
84.93152347406601
 31
0.0
  0
LINE
  5
2B1
330
2AB
100
AcDbEntity
  8
DIMENSIONS
100
AcDbLine
 10
199.8410246989696
 20
84.93152347406601
 30
0.0
 11
199.8410246989696
 21
81.50173950022315
 31
0.0
  0
LINE
  5
2B2
330
2AB
100
AcDbEntity
  8
DIMENSIONS
100
AcDbLine
 10
199.8410246989696
 20
81.50173950022315
 30
0.0
 11
200.565689006169
 21
81.50173950022315
 31
0.0
  0
LINE
  5
2B3
330
2AB
100
AcDbEntity
  8
DIMENSIONS
100
AcDbLine
 10
206.9784055885865
 20
84.93152347406601
 30
0.0
 11
207.7030698957859
 21
84.93152347406601
 31
0.0
  0
LINE
  5
2B4
330
2AB
100
AcDbEntity
  8
DIMENSIONS
100
AcDbLine
 10
207.7030698957859
 20
84.93152347406601
 30
0.0
 11
207.7030698957859
 21
81.50173950022315
 31
0.0
  0
LINE
  5
2B5
330
2AB
100
AcDbEntity
  8
DIMENSIONS
100
AcDbLine
 10
207.7030698957859
 20
81.50173950022315
 30
0.0
 11
206.9784055885865
 21
81.50173950022315
 31
0.0
  0
LINE
  5
2B6
330
2AB
100
AcDbEntity
  8
DIMENSIONS
100
AcDbLine
 10
188.2345262843106
 20
95.39330981721716
 30
0.0
 11
206.9470474137931
 21
95.39330981721716
 31
0.0
  0
LINE
  5
2B7
330
2AB
100
AcDbEntity
  8
DIMENSIONS
100
AcDbLine
 10
188.2345262843106
 20
72.89330981721716
 30
0.0
 11
206.9470474137931
 21
72.89330981721716
 31
0.0
  0
LINE
  5
2B8
330
2AB
100
AcDbEntity
  8
DIMENSIONS
100
AcDbLine
 10
203.7720474137931
 20
95.39330981721716
 30
0.0
 11
203.7720474137931
 21
88.84441729648267
 31
0.0
  0
LINE
  5
2B9
330
2AB
100
AcDbEntity
  8
DIMENSIONS
100
AcDbLine
 10
203.7720474137931
 20
72.89330981721716
 30
0.0
 11
203.7720474137931
 21
81.01863011731064
 31
0.0
  0
MTEXT
  5
2BA
330
2AB
100
AcDbEntity
  8
DIMENSIONS
100
AcDbMText
 10
199.0507045188614
 20
88.14316003849049
 30
0.0
210
0.0
220
0.0
230
1.0
 11
1.0
 21
0.0
 31
0.0
 40
2.116666666666666
 41
0.0
 71
     1
 72
     1
  1

  7
SLDTEXTSTYLE0
 73
     1
 44
1.0
  0
MTEXT
  5
2BB
330
2AB
100
AcDbEntity
  8
DIMENSIONS
100
AcDbMText
 10
200.5656892389997
 20
88.14315980565985
 30
0.0
210
0.0
220
0.0
230
1.0
 11
1.0
 21
0.0
 31
0.0
 40
2.116666666666666
 41
0.0
 71
     1
 72
     1
  1
22.5
  7
SLDTEXTSTYLE0
 73
     1
 44
1.0
  0
MTEXT
  5
2BC
330
2AB
100
AcDbEntity
  8
DIMENSIONS
100
AcDbMText
 10
200.565689006169
 20
84.23026621607383
 30
0.0
210
0.0
220
0.0
230
1.0
 11
1.0
 21
0.0
 31
0.0
 40
2.116666666666666
 41
0.0
 71
     1
 72
     1
  1
0.89
  7
SLDTEXTSTYLE0
 73
     1
 44
1.0
  0
MTEXT
  5
2BD
330
2AB
100
AcDbEntity
  8
DIMENSIONS
100
AcDbMText
 10
209.353776218898
 20
88.14316003849049
 30
0.0
210
0.0
220
0.0
230
1.0
 11
1.0
 21
0.0
 31
0.0
 40
2.116666666666666
 41
0.0
 71
     1
 72
     1
  1

  7
SLDTEXTSTYLE0
 73
     1
 44
1.0
  0
ENDBLK
  5
2AD
330
2AB
100
AcDbEntity
  8
0
100
AcDbBlockEnd
  0
BLOCK
  5
2C0
330
2BF
100
AcDbEntity
  8
0
100
AcDbBlockBegin
  2
_D_3
 70
     0
 10
0.0
 20
0.0
 30
0.0
  3
_D_3
  1

  0
SOLID
  5
2C2
330
2BF
100
AcDbEntity
  8
DIMENSIONS
100
AcDbTrace
 38
0.0
 10
161.9645262843106
 20
59.75013742277149
 11
165.2665262843106
 21
59.24213742277149
 12
165.2665262843106
 22
60.2581374227715
 13
165.2665262843106
 23
60.2581374227715
  0
SOLID
  5
2C3
330
2BF
100
AcDbEntity
  8
DIMENSIONS
100
AcDbTrace
 38
0.0
 10
186.9645262843106
 20
59.75013742277148
 11
183.6625262843106
 21
60.25813742277148
 12
183.6625262843106
 22
59.24213742277148
 13
183.6625262843106
 23
59.24213742277148
  0
LINE
  5
2C4
330
2BF
100
AcDbEntity
  8
DIMENSIONS
100
AcDbLine
 10
172.1571985038204
 20
59.75013718994085
 30
0.0
 11
171.432534196621
 21
59.75013718994085
 31
0.0
  0
LINE
  5
2C5
330
2BF
100
AcDbEntity
  8
DIMENSIONS
100
AcDbLine
 10
171.432534196621
 20
59.75013718994085
 30
0.0
 11
171.432534196621
 21
56.32035321609799
 31
0.0
  0
LINE
  5
2C6
330
2BF
100
AcDbEntity
  8
DIMENSIONS
100
AcDbLine
 10
171.432534196621
 20
56.32035321609799
 30
0.0
 11
172.1571985038204
 21
56.32035321609799
 31
0.0
  0
LINE
  5
2C7
330
2BF
100
AcDbEntity
  8
DIMENSIONS
100
AcDbLine
 10
178.5699150862379
 20
59.75013718994085
 30
0.0
 11
179.2945793934373
 21
59.75013718994085
 31
0.0
  0
LINE
  5
2C8
330
2BF
100
AcDbEntity
  8
DIMENSIONS
100
AcDbLine
 10
179.2945793934373
 20
59.75013718994085
 30
0.0
 11
179.2945793934373
 21
56.32035321609799
 31
0.0
  0
LINE
  5
2C9
330
2BF
100
AcDbEntity
  8
DIMENSIONS
100
AcDbLine
 10
179.2945793934373
 20
56.32035321609799
 30
0.0
 11
178.5699150862379
 21
56.32035321609799
 31
0.0
  0
LINE
  5
2CA
330
2BF
100
AcDbEntity
  8
DIMENSIONS
100
AcDbLine
 10
161.9645262843106
 20
72.62330954815754
 30
0.0
 11
161.9645262843106
 21
56.5751374227715
 31
0.0
  0
LINE
  5
2CB
330
2BF
100
AcDbEntity
  8
DIMENSIONS
100
AcDbLine
 10
186.9645262843106
 20
71.62330981721716
 30
0.0
 11
186.9645262843106
 21
56.57513742277148
 31
0.0
  0
LINE
  5
2CC
330
2BF
100
AcDbEntity
  8
DIMENSIONS
100
AcDbLine
 10
161.9645262843106
 20
59.75013742277149
 30
0.0
 11
169.2332957687006
 21
59.75013742277149
 31
0.0
  0
LINE
  5
2CD
330
2BF
100
AcDbEntity
  8
DIMENSIONS
100
AcDbLine
 10
186.9645262843106
 20
59.75013742277148
 30
0.0
 11
181.4938180541883
 21
59.75013742277148
 31
0.0
  0
MTEXT
  5
2CE
330
2BF
100
AcDbEntity
  8
DIMENSIONS
100
AcDbMText
 10
170.6422140165128
 20
62.96177375436532
 30
0.0
210
0.0
220
0.0
230
1.0
 11
1.0
 21
0.0
 31
0.0
 40
2.116666666666666
 41
0.0
 71
     1
 72
     1
  1

  7
SLDTEXTSTYLE0
 73
     1
 44
1.0
  0
MTEXT
  5
2CF
330
2BF
100
AcDbEntity
  8
DIMENSIONS
100
AcDbMText
 10
172.157198736651
 20
62.96177352153467
 30
0.0
210
0.0
220
0.0
230
1.0
 11
1.0
 21
0.0
 31
0.0
 40
2.116666666666666
 41
0.0
 71
     1
 72
     1
  1
25.0
  7
SLDTEXTSTYLE0
 73
     1
 44
1.0
  0
MTEXT
  5
2D0
330
2BF
100
AcDbEntity
  8
DIMENSIONS
100
AcDbMText
 10
172.1571985038204
 20
59.04887993194865
 30
0.0
210
0.0
220
0.0
230
1.0
 11
1.0
 21
0.0
 31
0.0
 40
2.116666666666666
 41
0.0
 71
     1
 72
     1
  1
0.98
  7
SLDTEXTSTYLE0
 73
     1
 44
1.0
  0
MTEXT
  5
2D1
330
2BF
100
AcDbEntity
  8
DIMENSIONS
100
AcDbMText
 10
180.9452857165493
 20
62.96177375436532
 30
0.0
210
0.0
220
0.0
230
1.0
 11
1.0
 21
0.0
 31
0.0
 40
2.116666666666666
 41
0.0
 71
     1
 72
     1
  1

  7
SLDTEXTSTYLE0
 73
     1
 44
1.0
  0
ENDBLK
  5
2C1
330
2BF
100
AcDbEntity
  8
0
100
AcDbBlockEnd
  0
BLOCK
  5
36F
330
36E
100
AcDbEntity
  8
0
100
AcDbBlockBegin
  2
_D_4
 70
     0
 10
0.0
 20
0.0
 30
0.0
  3
_D_4
  1

  0
SOLID
  5
371
330
36E
100
AcDbEntity
  8
DIMENSIONS
100
AcDbTrace
 38
0.0
 10
94.61226293103456
 20
178.1751051247108
 11
94.1042629310346
 21
174.8731051247108
 12
95.12026293103459
 22
174.8731051247108
 13
95.12026293103459
 23
174.8731051247108
  0
SOLID
  5
372
330
36E
100
AcDbEntity
  8
DIMENSIONS
100
AcDbTrace
 38
0.0
 10
94.61226293103445
 20
193.1751051247108
 11
95.12026293103442
 21
196.4771051247108
 12
94.10426293103443
 22
196.4771051247108
 13
94.10426293103443
 23
196.4771051247108
  0
LINE
  5
373
330
36E
100
AcDbEntity
  8
DIMENSIONS
100
AcDbLine
 10
91.40590452341044
 20
185.3110644223418
 30
0.0
 11
90.68124021621102
 21
185.3110644223418
 31
0.0
  0
LINE
  5
374
330
36E
100
AcDbEntity
  8
DIMENSIONS
100
AcDbLine
 10
90.68124021621102
 20
185.3110644223418
 30
0.0
 11
90.68124021621102
 21
181.8812804484989
 31
0.0
  0
LINE
  5
375
330
36E
100
AcDbEntity
  8
DIMENSIONS
100
AcDbLine
 10
90.68124021621102
 20
181.8812804484989
 30
0.0
 11
91.40590452341044
 21
181.8812804484989
 31
0.0
  0
LINE
  5
376
330
36E
100
AcDbEntity
  8
DIMENSIONS
100
AcDbLine
 10
97.81862110582793
 20
185.3110644223418
 30
0.0
 11
98.54328541302735
 21
185.3110644223418
 31
0.0
  0
LINE
  5
377
330
36E
100
AcDbEntity
  8
DIMENSIONS
100
AcDbLine
 10
98.54328541302735
 20
185.3110644223418
 30
0.0
 11
98.54328541302735
 21
181.8812804484989
 31
0.0
  0
LINE
  5
378
330
36E
100
AcDbEntity
  8
DIMENSIONS
100
AcDbLine
 10
98.54328541302735
 20
181.8812804484989
 30
0.0
 11
97.81862110582793
 21
181.8812804484989
 31
0.0
  0
LINE
  5
379
330
36E
100
AcDbEntity
  8
DIMENSIONS
100
AcDbLine
 10
81.54052278325194
 20
178.1751051247107
 30
0.0
 11
97.78726293103456
 21
178.1751051247109
 31
0.0
  0
LINE
  5
37A
330
36E
100
AcDbEntity
  8
DIMENSIONS
100
AcDbLine
 10
81.54052278325184
 20
193.1751051247107
 30
0.0
 11
97.78726293103445
 21
193.1751051247108
 31
0.0
  0
LINE
  5
37B
330
36E
100
AcDbEntity
  8
DIMENSIONS
100
AcDbLine
 10
94.61226293103456
 20
178.1751051247108
 30
0.0
 11
94.61226293103459
 21
171.8251051247108
 31
0.0
  0
LINE
  5
37C
330
36E
100
AcDbEntity
  8
DIMENSIONS
100
AcDbLine
 10
94.61226293103445
 20
193.1751051247108
 30
0.0
 11
94.61226293103441
 21
199.5251051247108
 31
0.0
  0
MTEXT
  5
37D
330
36E
100
AcDbEntity
  8
DIMENSIONS
100
AcDbMText
 10
89.89092003610287
 20
188.5227009867663
 30
0.0
210
0.0
220
0.0
230
1.0
 11
1.0
 21
0.0
 31
0.0
 40
2.116666666666666
 41
0.0
 71
     1
 72
     1
  1

  7
SLDTEXTSTYLE0
 73
     1
 44
1.0
  0
MTEXT
  5
37E
330
36E
100
AcDbEntity
  8
DIMENSIONS
100
AcDbMText
 10
91.40590475624109
 20
188.5227007539356
 30
0.0
210
0.0
220
0.0
230
1.0
 11
1.0
 21
0.0
 31
0.0
 40
2.116666666666666
 41
0.0
 71
     1
 72
     1
  1
15.0
  7
SLDTEXTSTYLE0
 73
     1
 44
1.0
  0
MTEXT
  5
37F
330
36E
100
AcDbEntity
  8
DIMENSIONS
100
AcDbMText
 10
91.40590452341044
 20
184.6098071643496
 30
0.0
210
0.0
220
0.0
230
1.0
 11
1.0
 21
0.0
 31
0.0
 40
2.116666666666666
 41
0.0
 71
     1
 72
     1
  1
0.59
  7
SLDTEXTSTYLE0
 73
     1
 44
1.0
  0
MTEXT
  5
380
330
36E
100
AcDbEntity
  8
DIMENSIONS
100
AcDbMText
 10
100.1939917361394
 20
188.5227009867663
 30
0.0
210
0.0
220
0.0
230
1.0
 11
1.0
 21
0.0
 31
0.0
 40
2.116666666666666
 41
0.0
 71
     1
 72
     1
  1

  7
SLDTEXTSTYLE0
 73
     1
 44
1.0
  0
ENDBLK
  5
370
330
36E
100
AcDbEntity
  8
0
100
AcDbBlockEnd
  0
ENDSEC
  0
SECTION
  2
ENTITIES
  0
LINE
  5
7A
330
1F
100
AcDbEntity
  8
TEXT
100
AcDbLine
 10
155.7588954246279
 20
22.12610769635146
 30
0.0
 11
155.7588954246279
 21
13.96999999999996
 31
0.0
  0
LINE
  5
7B
330
1F
100
AcDbEntity
  8
TEXT
100
AcDbLine
 10
6.349999999999975
 20
209.55
 30
0.0
 11
273.05
 21
209.55
 31
0.0
  0
LINE
  5
7C
330
1F
100
AcDbEntity
  8
TEXT
100
AcDbLine
 10
6.349999999999975
 20
209.55
 30
0.0
 11
6.35
 21
6.35
 31
0.0
  0
LINE
  5
7D
330
1F
100
AcDbEntity
  8
TEXT
100
AcDbLine
 10
135.89
 20
201.93
 30
0.0
 11
143.51
 21
201.93
 31
0.0
  0
LINE
  5
7E
330
1F
100
AcDbEntity
  8
TEXT
100
AcDbLine
 10
273.05
 20
209.55
 30
0.0
 11
273.05
 21
6.35
 31
0.0
  0
LINE
  5
7F
330
1F
100
AcDbEntity
  8
TEXT
100
AcDbLine
 10
135.89
 20
201.93
 30
0.0
 11
135.89
 21
209.55
 31
0.0
  0
LINE
  5
80
330
1F
100
AcDbEntity
  8
TEXT
100
AcDbLine
 10
239.5753773966487
 20
22.12610769635148
 30
0.0
 11
239.5753773966487
 21
13.96999999999996
 31
0.0
  0
LINE
  5
81
330
1F
100
AcDbEntity
  8
TEXT
100
AcDbLine
 10
143.51
 20
201.93
 30
0.0
 11
143.51
 21
209.55
 31
0.0
  0
LINE
  5
82
330
1F
100
AcDbEntity
  8
TEXT
100
AcDbLine
 10
273.05
 20
6.35
 30
0.0
 11
273.05
 21
16.51
 31
0.0
  0
LINE
  5
83
330
1F
100
AcDbEntity
  8
TEXT
100
AcDbLine
 10
27.93999999999998
 20
201.93
 30
0.0
 11
35.55999999999997
 21
201.93
 31
0.0
  0
LINE
  5
84
330
1F
100
AcDbEntity
  8
TEXT
100
AcDbLine
 10
27.93999999999998
 20
201.93
 30
0.0
 11
27.93999999999998
 21
209.55
 31
0.0
  0
LINE
  5
85
330
1F
100
AcDbEntity
  8
TEXT
100
AcDbLine
 10
35.55999999999997
 20
201.93
 30
0.0
 11
35.55999999999997
 21
209.55
 31
0.0
  0
LINE
  5
86
330
1F
100
AcDbEntity
  8
TEXT
100
AcDbLine
 10
273.0499999999998
 20
13.96999999999996
 30
0.0
 11
6.350000000000001
 21
13.96999999999996
 31
0.0
  0
LINE
  5
87
330
1F
100
AcDbEntity
  8
TEXT
100
AcDbLine
 10
6.350000000000023
 20
6.349999999999967
 30
0.0
 11
273.05
 21
6.35
 31
0.0
  0
LINE
  5
88
330
1F
100
AcDbEntity
  8
TEXT
100
AcDbLine
 10
163.7801772782915
 20
13.96999999999996
 30
0.0
 11
163.7801772782915
 21
6.350000000000006
 31
0.0
  0
LINE
  5
89
330
1F
100
AcDbEntity
  8
TEXT
100
AcDbLine
 10
31.74999999999989
 20
13.96999999999996
 30
0.0
 11
31.74999999999988
 21
6.350000000000001
 31
0.0
  0
LINE
  5
8A
330
1F
100
AcDbEntity
  8
TEXT
100
AcDbLine
 10
273.05
 20
22.12610769635148
 30
0.0
 11
6.349999999999998
 21
22.12610769635145
 31
0.0
  0
LINE
  5
8B
330
1F
100
AcDbEntity
  8
TEXT
100
AcDbLine
 10
120.6464777075071
 20
13.96999999999996
 30
0.0
 11
120.6464777075071
 21
6.349999999999967
 31
0.0
  0
LINE
  5
8C
330
1F
100
AcDbEntity
  8
TEXT
100
AcDbLine
 10
243.84
 20
201.93
 30
0.0
 11
251.4599999999999
 21
201.93
 31
0.0
  0
LINE
  5
8D
330
1F
100
AcDbEntity
  8
TEXT
100
AcDbLine
 10
243.84
 20
201.93
 30
0.0
 11
243.84
 21
209.55
 31
0.0
  0
LINE
  5
8E
330
1F
100
AcDbEntity
  8
TEXT
100
AcDbLine
 10
203.0243045414288
 20
13.96999999999996
 30
0.0
 11
203.0243045414288
 21
6.349999999999967
 31
0.0
  0
LINE
  5
8F
330
1F
100
AcDbEntity
  8
TEXT
100
AcDbLine
 10
216.8120975084431
 20
13.96999999999996
 30
0.0
 11
216.8120975084431
 21
6.349999999999967
 31
0.0
  0
LINE
  5
90
330
1F
100
AcDbEntity
  8
TEXT
100
AcDbLine
 10
251.3487490474672
 20
13.96999999999996
 30
0.0
 11
251.3487490474672
 21
6.350000000000001
 31
0.0
  0
LINE
  5
91
330
1F
100
AcDbEntity
  8
TEXT
100
AcDbLine
 10
50.2116278935219
 20
13.96999999999996
 30
0.0
 11
50.2116278935219
 21
6.349999999999967
 31
0.0
  0
LINE
  5
92
330
1F
100
AcDbEntity
  8
TEXT
100
AcDbLine
 10
251.4599999999999
 20
201.93
 30
0.0
 11
251.4599999999999
 21
209.55
 31
0.0
  0
INSERT
  5
93
330
1F
100
AcDbEntity
  8
SLD-DEFPOINTS
100
AcDbBlockReference
  2
Block12
 10
6.837938529047218
 20
7.553855307597702
 30
0.0
  0
MTEXT
  5
95
330
1F
100
AcDbEntity
  8
TEXT
100
AcDbMText
 10
191.6695495689655
 20
32.39367090704586
 30
0.0
210
0.0
220
0.0
230
1.0
 11
1.0
 21
0.0
 31
0.0
 40
2.116666666666666
 41
0.0
 71
     1
 72
     1
  1
VARISTOR-RESISTOR-CAPACITOR, 24-48 VDC. FOR ^JUSE WITH HMC-9 TO HMC-150 CONTACTORS.
  7
SLDTEXTSTYLE0
 73
     1
 44
1.0
  0
MTEXT
  5
96
330
1F
100
AcDbEntity
  8
TEXT
100
AcDbMText
 10
222.6128085688059
 20
9.502975229041416
 30
0.0
210
0.0
220
0.0
230
1.0
 11
1.0
 21
0.0
 31
0.0
 40
2.116666666666666
 41
0.0
 71
     1
 72
     1
  1
1/15/2025
  7
SLDTEXTSTYLE0
 73
     1
 44
1.0
  0
MTEXT
  5
97
330
1F
100
AcDbEntity
  8
TEXT
100
AcDbMText
 10
7.965734247263295
 20
20.01076001082048
 30
0.0
210
0.0
220
0.0
230
1.0
 11
1.0
 21
0.0
 31
0.0
 40
3.704166666666666
 41
0.0
 71
     1
 72
     1
  1
IRONHORSE SURGE SUPPRESSOR
  7
SLDTEXTSTYLE0
 73
     1
 44
1.0
  0
MTEXT
  5
98
330
1F
100
AcDbEntity
  8
TEXT
100
AcDbMText
 10
205.2992306017321
 20
13.36038727192009
 30
0.0
210
0.0
220
0.0
230
1.0
 11
1.0
 21
0.0
 31
0.0
 40
2.116666666666666
 41
0.0
 71
     1
 72
     1
  1
mm^J[inch]
  7
SLDTEXTSTYLE0
 73
     1
 44
1.0
  0
MTEXT
  5
99
330
1F
100
AcDbEntity
  8
TEXT
100
AcDbMText
 10
167.6079130460384
 20
13.33108358363098
 30
0.0
210
0.0
220
0.0
230
1.0
 11
1.0
 21
0.0
 31
0.0
 40
2.116666666666666
 41
0.0
 71
     1
 72
     1
  1
UNLESS OTHERWISE ^JSPECIFIED UNITS ARE:
  7
SLDTEXTSTYLE0
 73
     1
 44
1.0
  0
MTEXT
  5
9A
330
1F
100
AcDbEntity
  8
TEXT
100
AcDbMText
 10
234.5521314854726
 20
13.36399387215797
 30
0.0
210
0.0
220
0.0
230
1.0
 11
1.0
 21
0.0
 31
0.0
 40
2.116666666666666
 41
0.0
 71
     2
 72
     1
  1
LATEST VERSION
  7
SLDTEXTSTYLE0
 73
     1
 44
1.0
  0
MTEXT
  5
9B
330
1F
100
AcDbEntity
  8
TEXT
100
AcDbMText
 10
55.11928449008624
 20
13.33047194245268
 30
0.0
210
0.0
220
0.0
230
1.0
 11
1.0
 21
0.0
 31
0.0
 40
2.116666666666666
 41
0.0
 71
     1
 72
     1
  1
PART DIMENSIONS MAY DIFFER SLIGHTLY ^JDUE TO MANUFACTURER'S VARIANCES
  7
SLDTEXTSTYLE0
 73
     1
 44
1.0
  0
MTEXT
  5
9C
330
1F
100
AcDbEntity
  8
TEXT
100
AcDbMText
 10
35.61541879841093
 20
13.36746516625304
 30
0.0
210
0.0
220
0.0
230
1.0
 11
1.0
 21
0.0
 31
0.0
 40
2.116666666666666
 41
0.0
 71
     1
 72
     1
  1
NOT TO^JSCALE
  7
SLDTEXTSTYLE0
 73
     1
 44
1.0
  0
MTEXT
  5
9D
330
1F
100
AcDbEntity
  8
TEXT
100
AcDbMText
 10
19.495723701004
 20
13.36746493342237
 30
0.0
210
0.0
220
0.0
230
1.0
 11
1.0
 21
0.0
 31
0.0
 40
2.116666666666666
 41
0.0
 71
     1
 72
     1
  1
3rd^JANGLE
  7
SLDTEXTSTYLE0
 73
     1
 44
1.0
  0
MTEXT
  5
9E
330
1F
100
AcDbEntity
  8
TEXT
100
AcDbMText
 10
159.2077220703785
 20
20.01076001082046
 30
0.0
210
0.0
220
0.0
230
1.0
 11
1.0
 21
0.0
 31
0.0
 40
3.704166666666666
 41
0.0
 71
     1
 72
     1
  1
HMX1-SSVRC-DC
  7
SLDTEXTSTYLE0
 73
     1
 44
1.0
  0
MTEXT
  5
A0
330
1F
100
AcDbEntity
  8
TEXT
100
AcDbMText
 10
252.441285741197
 20
12.48347137596979
 30
0.0
210
0.0
220
0.0
230
1.0
 11
1.0
 21
0.0
 31
0.0
 40
2.116666666666666
 41
0.0
 71
     1
 72
     1
  1
SHEET 1 OF 1
  7
SLDTEXTSTYLE1
 73
     1
 44
1.0
  0
MTEXT
  5
A1
330
1F
100
AcDbEntity
  8
TEXT
100
AcDbMText
 10
127.6043345225531
 20
13.54558024304619
 30
0.0
210
0.0
220
0.0
230
1.0
 11
1.0
 21
0.0
 31
0.0
 40
2.116666666666666
 41
0.0
 71
     1
 72
     1
  1
METRIC UNITS USED ^JFOR PART DESIGN
  7
SLDTEXTSTYLE0
 73
     1
 44
1.0
  0
MTEXT
  5
A2
330
1F
100
AcDbEntity
  8
TEXT
100
AcDbMText
 10
244.6438982161733
 20
16.92446770099173
 30
0.0
210
0.0
220
0.0
230
1.0
 11
1.0
 21
0.0
 31
0.0
 40
2.116666666666666
 41
0.0
 71
     1
 72
     1
  1
1-800-633-0405
  7
SLDTEXTSTYLE0
 73
     1
 44
1.0
  0
MTEXT
  5
A3
330
1F
100
AcDbEntity
  8
TEXT
100
AcDbMText
 10
240.5771543282123
 20
20.90249532011309
 30
0.0
210
0.0
220
0.0
230
1.0
 11
1.0
 21
0.0
 31
0.0
 40
2.116666666666666
 41
0.0
 71
     1
 72
     1
  1
AutomationDirect.com
  7
SLDTEXTSTYLE0
 73
     1
 44
1.0
  0
LINE
  5
A4
330
1F
100
AcDbEntity
  8
0
100
AcDbLine
 10
48.57052278325197
 20
107.2069650382453
 30
0.0
 11
48.57052278325197
 21
106.8839730241273
 31
0.0
  0
LINE
  5
A5
330
1F
100
AcDbEntity
  8
0
100
AcDbLine
 10
50.57052278325197
 20
106.883973024127
 30
0.0
 11
50.57052278325197
 21
107.2069650382453
 31
0.0
  0
LINE
  5
A6
330
1F
100
AcDbEntity
  8
0
100
AcDbLine
 10
72.57052278325196
 20
107.2069650382453
 30
0.0
 11
72.57052278325196
 21
106.8839730241273
 31
0.0
  0
LINE
  5
A7
330
1F
100
AcDbEntity
  8
0
100
AcDbLine
 10
74.57052278325196
 20
106.883973024127
 30
0.0
 11
74.57052278325196
 21
107.2069650382453
 31
0.0
  0
LINE
  5
A8
330
1F
100
AcDbEntity
  8
0
100
AcDbLine
 10
51.88204562359823
 20
72.90322704474363
 30
0.0
 11
52.02218781639357
 21
72.91153214711075
 31
0.0
  0
LINE
  5
A9
330
1F
100
AcDbEntity
  8
0
100
AcDbLine
 10
71.11885832096524
 20
72.91153221793815
 30
0.0
 11
71.25898628117166
 21
72.90322427616874
 31
0.0
  0
SPLINE
  5
AA
330
1F
100
AcDbEntity
  8
0
100
AcDbSpline
210
0.0
220
0.0
230
1.0
 70
     8
 71
     3
 72
    32
 73
    28
 74
     0
 42
1E-08
 43
1E-08
 40
0.0
 40
0.0
 40
0.0
 40
0.0
 40
0.03480110525659978
 40
0.07502398949980942
 40
0.1110180011909544
 40
0.1434491780698477
 40
0.1728652733243168
 40
0.2163525709665806
 40
0.2542832873825045
 40
0.2877383995421418
 40
0.317401315227272
 40
0.3436663849050283
 40
0.3667266216782903
 40
0.3866467205510331
 40
0.4051132017800218
 40
0.4262636543631587
 40
0.4556429609309753
 40
0.4897264436037733
 40
0.5289634560635705
 40
0.5738900170627711
 40
0.6251181088960547
 40
0.6731012710213362
 40
0.7263277911801951
 40
0.7852116448581445
 40
0.8501742810000592
 40
0.921632571755951
 40
1.0
 40
1.0
 40
1.0
 40
1.0
 10
50.57052650155287
 20
97.69419756384605
 30
0.0
 10
50.57052157460514
 20
97.89315553519774
 30
0.0
 10
50.57051095312424
 20
98.32206779656222
 30
0.0
 10
50.57051443281409
 20
98.96680707487337
 30
0.0
 10
50.57052050622509
 20
99.60075450357159
 30
0.0
 10
50.57052496988391
 20
100.1721221152784
 30
0.0
 10
50.57052555487829
 20
100.7835308417867
 30
0.0
 10
50.57052332947328
 20
101.4173895224883
 30
0.0
 10
50.57052183895457
 20
102.0506075322715
 30
0.0
 10
50.57052202603057
 20
102.5805010892181
 30
0.0
 10
50.57052247749564
 20
103.0222864311127
 30
0.0
 10
50.57052264918581
 20
103.3887992602612
 30
0.0
 10
50.57052260971125
 20
103.6903534342898
 30
0.0
 10
50.57052251727745
 20
103.9422516595966
 30
0.0
 10
50.57052242590443
 20
104.1727285380134
 30
0.0
 10
50.57052236430997
 20
104.4238283151017
 30
0.0
 10
50.57052237646336
 20
104.7074569370636
 30
0.0
 10
50.57052245701729
 20
105.0165450214751
 30
0.0
 10
50.57052256512702
 20
105.3295828641294
 30
0.0
 10
50.57052264867195
 20
105.6378075019574
 30
0.0
 10
50.5705226813233
 20
105.9127513504131
 30
0.0
 10
50.57052265630404
 20
106.154311697299
 30
0.0
 10
50.57052270412881
 20
106.3624061183744
 30
0.0
 10
50.57052300491247
 20
106.5452304884701
 30
0.0
 10
50.57052315670293
 20
106.6971238422682
 30
0.0
 10
50.57052148647601
 20
106.8168940915264
 30
0.0
 10
50.57052224049797
 20
106.8605790380869
 30
0.0
 10
50.57052263489461
 20
106.8834287660092
 30
0.0
  0
SPLINE
  5
AB
330
1F
100
AcDbEntity
  8
0
100
AcDbSpline
210
0.0
220
0.0
230
1.0
 70
     8
 71
     3
 72
    32
 73
    28
 74
     0
 42
1E-08
 43
1E-08
 40
0.0
 40
0.0
 40
0.0
 40
0.0
 40
0.03480110525660566
 40
0.07502398949982067
 40
0.1110180011909684
 40
0.1434491780698655
 40
0.1728652733243371
 40
0.2163525709666032
 40
0.2542832873825308
 40
0.2877383995421692
 40
0.3174013152272998
 40
0.3436663849050554
 40
0.3667266216783158
 40
0.3866467205510535
 40
0.4051132017800461
 40
0.4262636543631886
 40
0.4556429609310119
 40
0.4897264436038145
 40
0.5289634560636151
 40
0.5738900170628173
 40
0.6251181088961008
 40
0.6731012710213798
 40
0.7263277911802345
 40
0.785211644858178
 40
0.8501742810000844
 40
0.9216325717559648
 40
1.0
 40
1.0
 40
1.0
 40
1.0
 10
74.57052650155286
 20
97.69419756384612
 30
0.0
 10
74.57052157460512
 20
97.89315553519783
 30
0.0
 10
74.57051095312424
 20
98.32206779656241
 30
0.0
 10
74.57051443281411
 20
98.96680707487364
 30
0.0
 10
74.57052050622509
 20
99.60075450357195
 30
0.0
 10
74.57052496988392
 20
100.1721221152788
 30
0.0
 10
74.57052555487827
 20
100.7835308417872
 30
0.0
 10
74.57052332947327
 20
101.4173895224889
 30
0.0
 10
74.57052183895455
 20
102.0506075322722
 30
0.0
 10
74.57052202603057
 20
102.5805010892189
 30
0.0
 10
74.57052247749566
 20
103.0222864311135
 30
0.0
 10
74.57052264918582
 20
103.3887992602619
 30
0.0
 10
74.57052260971125
 20
103.6903534342906
 30
0.0
 10
74.57052251727744
 20
103.9422516595974
 30
0.0
 10
74.57052242590444
 20
104.1727285380142
 30
0.0
 10
74.57052236430997
 20
104.4238283151025
 30
0.0
 10
74.57052237646336
 20
104.7074569370644
 30
0.0
 10
74.57052245701732
 20
105.0165450214759
 30
0.0
 10
74.57052256512704
 20
105.3295828641303
 30
0.0
 10
74.57052264867198
 20
105.6378075019581
 30
0.0
 10
74.57052268132331
 20
105.9127513504138
 30
0.0
 10
74.57052265630405
 20
106.1543116972996
 30
0.0
 10
74.57052270412883
 20
106.3624061183749
 30
0.0
 10
74.57052300491249
 20
106.5452304884706
 30
0.0
 10
74.57052315670293
 20
106.6971238422686
 30
0.0
 10
74.57052148647601
 20
106.8168940915267
 30
0.0
 10
74.57052224049795
 20
106.8605790380871
 30
0.0
 10
74.57052263489462
 20
106.8834287660094
 30
0.0
  0
SPLINE
  5
AC
330
1F
100
AcDbEntity
  8
0
100
AcDbSpline
210
0.0
220
0.0
230
1.0
 70
     8
 71
     3
 72
    31
 73
    27
 74
     0
 42
1E-08
 43
1E-08
 40
0.0
 40
0.0
 40
0.0
 40
0.0
 40
0.07863042125950927
 40
0.1492250446895849
 40
0.2123304091187092
 40
0.2684810551071017
 40
0.3181973563995517
 40
0.3619695283402115
 40
0.4002562541045542
 40
0.4334712910051716
 40
0.4619785499895641
 40
0.4864428294751485
 40
0.5208173342017188
 40
0.5622113480577797
 40
0.593468352596587
 40
0.6275843332926597
 40
0.6646763760556254
 40
0.6946772124925635
 40
0.7268733952798719
 40
0.761745613367203
 40
0.799983981911772
 40
0.8425419657786277
 40
0.8906657443675692
 40
0.9266192260534407
 40
0.9663225593004521
 40
1.0
 40
1.0
 40
1.0
 40
1.0
 10
48.57052293160926
 20
106.883428766142
 30
0.0
 10
48.57052336663524
 20
106.8604156077806
 30
0.0
 10
48.57052419222883
 20
106.8167411681689
 30
0.0
 10
48.57052260393117
 20
106.6982439698391
 30
0.0
 10
48.57052274232951
 20
106.5514561813688
 30
0.0
 10
48.57052302014111
 20
106.379623233222
 30
0.0
 10
48.57052305352958
 20
106.1902589376624
 30
0.0
 10
48.57052298656237
 20
105.9897488517899
 30
0.0
 10
48.57052292852457
 20
105.7847790108508
 30
0.0
 10
48.57052290080436
 20
105.5817218212576
 30
0.0
 10
48.57052288812915
 20
105.3858387756628
 30
0.0
 10
48.57052287854081
 20
105.1675081951068
 30
0.0
 10
48.57052289975962
 20
104.8897632836027
 30
0.0
 10
48.57052291026759
 20
104.5517860550786
 30
0.0
 10
48.5705228156126
 20
104.1713475181218
 30
0.0
 10
48.57052265208005
 20
103.7670040152071
 30
0.0
 10
48.57052264004692
 20
103.3244320978654
 30
0.0
 10
48.57052309943688
 20
102.8525064687689
 30
0.0
 10
48.57052360387174
 20
102.3598112140721
 30
0.0
 10
48.57052340433812
 20
101.7945255482348
 30
0.0
 10
48.57052116833398
 20
101.1462723273171
 30
0.0
 10
48.57051942828391
 20
100.4028322060176
 30
0.0
 10
48.57052449984126
 20
99.662769714039
 30
0.0
 10
48.57053142601089
 20
98.94080235766431
 30
0.0
 10
48.57053450117163
 20
98.30610412320745
 30
0.0
 10
48.57052397232862
 20
97.88666900775708
 30
0.0
 10
48.57051914021161
 20
97.69417306545245
 30
0.0
  0
SPLINE
  5
AD
330
1F
100
AcDbEntity
  8
0
100
AcDbSpline
210
0.0
220
0.0
230
1.0
 70
     8
 71
     3
 72
    31
 73
    27
 74
     0
 42
1E-08
 43
1E-08
 40
0.0
 40
0.0
 40
0.0
 40
0.0
 40
0.07863042125951179
 40
0.1492250446895896
 40
0.2123304091187148
 40
0.2684810551071081
 40
0.3181973563995581
 40
0.3619695283402182
 40
0.4002562541045605
 40
0.433471291005177
 40
0.4619785499895684
 40
0.4864428294751524
 40
0.5208173342017243
 40
0.5622113480577859
 40
0.5934683525965933
 40
0.6275843332926661
 40
0.6646763760556315
 40
0.6946772124925702
 40
0.7268733952798767
 40
0.761745613367208
 40
0.7999839819117761
 40
0.8425419657786298
 40
0.8906657443675702
 40
0.9266192260534423
 40
0.9663225593004522
 40
1.0
 40
1.0
 40
1.0
 40
1.0
 10
72.57052293160926
 20
106.8834287661421
 30
0.0
 10
72.57052336663524
 20
106.8604156077807
 30
0.0
 10
72.57052419222885
 20
106.816741168169
 30
0.0
 10
72.57052260393118
 20
106.6982439698392
 30
0.0
 10
72.5705227423295
 20
106.5514561813689
 30
0.0
 10
72.57052302014114
 20
106.379623233222
 30
0.0
 10
72.57052305352958
 20
106.1902589376625
 30
0.0
 10
72.57052298656237
 20
105.9897488517899
 30
0.0
 10
72.5705229285246
 20
105.7847790108508
 30
0.0
 10
72.57052290080436
 20
105.5817218212576
 30
0.0
 10
72.57052288812916
 20
105.3858387756628
 30
0.0
 10
72.57052287854083
 20
105.1675081951068
 30
0.0
 10
72.57052289975964
 20
104.8897632836027
 30
0.0
 10
72.57052291026761
 20
104.5517860550785
 30
0.0
 10
72.57052281561259
 20
104.1713475181217
 30
0.0
 10
72.57052265208006
 20
103.767004015207
 30
0.0
 10
72.57052264004693
 20
103.3244320978653
 30
0.0
 10
72.5705230994369
 20
102.8525064687688
 30
0.0
 10
72.57052360387175
 20
102.359811214072
 30
0.0
 10
72.57052340433812
 20
101.7945255482347
 30
0.0
 10
72.57052116833397
 20
101.146272327317
 30
0.0
 10
72.5705194282839
 20
100.4028322060175
 30
0.0
 10
72.57052449984127
 20
99.66276971403894
 30
0.0
 10
72.57053142601089
 20
98.94080235766425
 30
0.0
 10
72.57053450117164
 20
98.30610412320739
 30
0.0
 10
72.57052397232862
 20
97.88666900775705
 30
0.0
 10
72.5705191402116
 20
97.69417306545239
 30
0.0
  0
LINE
  5
AE
330
1F
100
AcDbEntity
  8
0
100
AcDbLine
 10
48.57052278325197
 20
97.69330981721727
 30
0.0
 11
48.57052278325197
 21
95.39332639488968
 31
0.0
  0
LINE
  5
AF
330
1F
100
AcDbEntity
  8
0
100
AcDbLine
 10
50.57052278325197
 20
95.39345157378807
 30
0.0
 11
50.57052278325197
 21
97.69330981721727
 31
0.0
  0
LINE
  5
B0
330
1F
100
AcDbEntity
  8
0
100
AcDbLine
 10
72.57052278325196
 20
97.69330981721727
 30
0.0
 11
72.57052278325196
 21
95.39332639488968
 31
0.0
  0
LINE
  5
B1
330
1F
100
AcDbEntity
  8
0
100
AcDbLine
 10
74.57052278325196
 20
95.39345157378807
 30
0.0
 11
74.57052278325196
 21
97.69330981721727
 31
0.0
  0
LINE
  5
B2
330
1F
100
AcDbEntity
  8
0
100
AcDbLine
 10
48.07052278325197
 20
107.4653546368618
 30
0.0
 11
48.07052278325197
 21
107.3224496815971
 31
0.0
  0
ARC
  5
B3
330
1F
100
AcDbEntity
  8
0
100
AcDbCircle
 10
49.21152936038144
 20
116.8682832169159
 30
0.0
 40
9.613783536832338
100
AcDbArc
 50
263.1838156680886
 51
272.1400098185846
  0
ARC
  5
B4
330
1F
100
AcDbEntity
  8
0
100
AcDbCircle
 10
49.96027904448849
 20
116.1148458425333
 30
0.0
 40
8.862215942432655
100
AcDbArc
 50
267.4793444298862
 51
277.1968300834438
  0
LINE
  5
B5
330
1F
100
AcDbEntity
  8
0
100
AcDbLine
 10
51.07052278325197
 20
107.3224496815971
 30
0.0
 11
51.07052278325197
 21
107.4653546368618
 31
0.0
  0
LINE
  5
B6
330
1F
100
AcDbEntity
  8
0
100
AcDbLine
 10
51.07052278325197
 20
107.4653546368618
 30
0.0
 11
52.57052278325197
 21
107.4653546368618
 31
0.0
  0
LINE
  5
B7
330
1F
100
AcDbEntity
  8
0
100
AcDbLine
 10
52.57052278325197
 20
107.4653546368618
 30
0.0
 11
52.57052278325197
 21
107.3224496815971
 31
0.0
  0
ARC
  5
B8
330
1F
100
AcDbEntity
  8
0
100
AcDbCircle
 10
50.31927246735972
 20
125.6606793778477
 30
0.0
 40
18.47589771505713
100
AcDbArc
 50
267.6774092971605
 51
276.9987652161662
  0
ARC
  5
B9
330
1F
100
AcDbEntity
  8
0
100
AcDbCircle
 10
48.82177309914425
 20
125.6606793778421
 30
0.0
 40
18.47589771505149
100
AcDbArc
 50
263.0012347838332
 51
272.3225907028417
  0
LINE
  5
BA
330
1F
100
AcDbEntity
  8
0
100
AcDbLine
 10
46.57052278325197
 20
107.3224496815971
 30
0.0
 11
46.57052278325197
 21
107.4653546368618
 31
0.0
  0
LINE
  5
BB
330
1F
100
AcDbEntity
  8
0
100
AcDbLine
 10
46.57052278325197
 20
107.4653546368618
 30
0.0
 11
48.07052278325197
 21
107.4653546368618
 31
0.0
  0
LINE
  5
BC
330
1F
100
AcDbEntity
  8
0
100
AcDbLine
 10
48.07052278325197
 20
108.4645207452472
 30
0.0
 11
46.57052278325197
 21
108.4645207452472
 31
0.0
  0
LINE
  5
BD
330
1F
100
AcDbEntity
  8
0
100
AcDbLine
 10
48.07052278325197
 20
108.4645207452472
 30
0.0
 11
48.07052278325197
 21
107.4653546368618
 31
0.0
  0
LINE
  5
BE
330
1F
100
AcDbEntity
  8
0
100
AcDbLine
 10
46.57052278325197
 20
108.4645207452472
 30
0.0
 11
46.57052278325197
 21
107.4653546368618
 31
0.0
  0
LINE
  5
BF
330
1F
100
AcDbEntity
  8
0
100
AcDbLine
 10
52.57052278325197
 20
108.4645207452472
 30
0.0
 11
51.07052278325197
 21
108.4645207452472
 31
0.0
  0
LINE
  5
C0
330
1F
100
AcDbEntity
  8
0
100
AcDbLine
 10
52.57052278325197
 20
108.4645207452472
 30
0.0
 11
52.57052278325197
 21
107.4653546368618
 31
0.0
  0
LINE
  5
C1
330
1F
100
AcDbEntity
  8
0
100
AcDbLine
 10
51.07052278325197
 20
108.4645207452472
 30
0.0
 11
51.07052278325197
 21
107.4653546368618
 31
0.0
  0
LINE
  5
C2
330
1F
100
AcDbEntity
  8
0
100
AcDbLine
 10
49.57052278325197
 20
107.2612047007694
 30
0.0
 11
49.57052278325197
 21
108.2603708091594
 31
0.0
  0
ARC
  5
C3
330
1F
100
AcDbEntity
  8
0
100
AcDbCircle
 10
49.21152936038175
 20
117.8674493253134
 30
0.0
 40
9.613783536839838
100
AcDbArc
 50
263.1838156680922
 51
272.1400098185811
  0
ARC
  5
C4
330
1F
100
AcDbEntity
  8
0
100
AcDbCircle
 10
49.96027904448837
 20
117.1140119509266
 30
0.0
 40
8.862215942435913
100
AcDbArc
 50
267.479344429888
 51
277.196830083442
  0
LINE
  5
C5
330
1F
100
AcDbEntity
  8
0
100
AcDbLine
 10
72.07052278325196
 20
108.4645207452472
 30
0.0
 11
70.57052278325196
 21
108.4645207452472
 31
0.0
  0
LINE
  5
C6
330
1F
100
AcDbEntity
  8
0
100
AcDbLine
 10
72.07052278325196
 20
108.4645207452472
 30
0.0
 11
72.07052278325196
 21
107.4653546368618
 31
0.0
  0
LINE
  5
C7
330
1F
100
AcDbEntity
  8
0
100
AcDbLine
 10
70.57052278325196
 20
107.4653546368618
 30
0.0
 11
72.07052278325196
 21
107.4653546368618
 31
0.0
  0
LINE
  5
C8
330
1F
100
AcDbEntity
  8
0
100
AcDbLine
 10
70.57052278325196
 20
108.4645207452472
 30
0.0
 11
70.57052278325196
 21
107.4653546368618
 31
0.0
  0
LINE
  5
C9
330
1F
100
AcDbEntity
  8
0
100
AcDbLine
 10
72.07052278325196
 20
107.4653546368618
 30
0.0
 11
72.07052278325196
 21
107.3224496815971
 31
0.0
  0
ARC
  5
CA
330
1F
100
AcDbEntity
  8
0
100
AcDbCircle
 10
73.21152936038145
 20
116.8682832169161
 30
0.0
 40
9.613783536832509
100
AcDbArc
 50
263.1838156680887
 51
272.1400098185845
  0
ARC
  5
CB
330
1F
100
AcDbEntity
  8
0
100
AcDbCircle
 10
73.9602790444885
 20
116.1148458425328
 30
0.0
 40
8.862215942432172
100
AcDbArc
 50
267.4793444298861
 51
277.1968300834441
  0
LINE
  5
CC
330
1F
100
AcDbEntity
  8
0
100
AcDbLine
 10
75.07052278325196
 20
107.3224496815971
 30
0.0
 11
75.07052278325196
 21
107.4653546368618
 31
0.0
  0
LINE
  5
CD
330
1F
100
AcDbEntity
  8
0
100
AcDbLine
 10
75.07052278325196
 20
107.4653546368618
 30
0.0
 11
76.57052278325196
 21
107.4653546368618
 31
0.0
  0
LINE
  5
CE
330
1F
100
AcDbEntity
  8
0
100
AcDbLine
 10
76.57052278325196
 20
107.4653546368618
 30
0.0
 11
76.57052278325196
 21
107.3224496815971
 31
0.0
  0
ARC
  5
CF
330
1F
100
AcDbEntity
  8
0
100
AcDbCircle
 10
74.31927246735974
 20
125.6606793778472
 30
0.0
 40
18.4758977150566
100
AcDbArc
 50
267.6774092971604
 51
276.9987652161662
  0
ARC
  5
D0
330
1F
100
AcDbEntity
  8
0
100
AcDbCircle
 10
72.82177309914425
 20
125.6606793778424
 30
0.0
 40
18.47589771505177
100
AcDbArc
 50
263.0012347838333
 51
272.3225907028416
  0
LINE
  5
D1
330
1F
100
AcDbEntity
  8
0
100
AcDbLine
 10
70.57052278325196
 20
107.3224496815971
 30
0.0
 11
70.57052278325196
 21
107.4653546368618
 31
0.0
  0
LINE
  5
D2
330
1F
100
AcDbEntity
  8
0
100
AcDbLine
 10
76.57052278325196
 20
108.4645207452472
 30
0.0
 11
75.07052278325196
 21
108.4645207452472
 31
0.0
  0
LINE
  5
D3
330
1F
100
AcDbEntity
  8
0
100
AcDbLine
 10
76.57052278325196
 20
108.4645207452472
 30
0.0
 11
76.57052278325196
 21
107.4653546368618
 31
0.0
  0
LINE
  5
D4
330
1F
100
AcDbEntity
  8
0
100
AcDbLine
 10
75.07052278325196
 20
108.4645207452472
 30
0.0
 11
75.07052278325196
 21
107.4653546368618
 31
0.0
  0
LINE
  5
D5
330
1F
100
AcDbEntity
  8
0
100
AcDbLine
 10
73.57052278325196
 20
107.2612047007694
 30
0.0
 11
73.57052278325196
 21
108.2603708091594
 31
0.0
  0
ARC
  5
D6
330
1F
100
AcDbEntity
  8
0
100
AcDbCircle
 10
73.21152936038176
 20
117.8674493253138
 30
0.0
 40
9.613783536840181
100
AcDbArc
 50
263.1838156680923
 51
272.1400098185809
  0
ARC
  5
D7
330
1F
100
AcDbEntity
  8
0
100
AcDbCircle
 10
73.96027904448839
 20
117.1140119509261
 30
0.0
 40
8.862215942435418
100
AcDbArc
 50
267.4793444298876
 51
277.1968300834422
  0
ARC
  5
D8
330
1F
100
AcDbEntity
  8
0
100
AcDbCircle
 10
49.57033369865698
 20
107.7004642522932
 30
0.0
 40
1.000087604413453
100
AcDbArc
 50
209.6835480620217
 51
270.0108328003279
  0
ARC
  5
D9
330
1F
100
AcDbEntity
  8
0
100
AcDbCircle
 10
49.57038004287121
 20
107.6985054424096
 30
0.0
 40
1.000203450298989
100
AcDbArc
 50
89.99182324215245
 51
145.1290087165184
  0
ARC
  5
DA
330
1F
100
AcDbEntity
  8
0
100
AcDbCircle
 10
49.57069040060187
 20
107.6985531078401
 30
0.0
 40
1.000155788728751
100
AcDbArc
 50
34.86956577048576
 51
90.00960227084195
  0
ARC
  5
DB
330
1F
100
AcDbEntity
  8
0
100
AcDbCircle
 10
49.57068417547723
 20
107.7005119228167
 30
0.0
 40
1.000135270084033
100
AcDbArc
 50
269.9907541572927
 51
330.3148649803616
  0
LINE
  5
DC
330
1F
100
AcDbEntity
  8
0
100
AcDbLine
 10
49.57052279411597
 20
105.8848069157452
 30
0.0
 11
49.57052278325197
 21
106.7003766657547
 31
0.0
  0
ARC
  5
DD
330
1F
100
AcDbEntity
  8
0
100
AcDbCircle
 10
73.57033369865695
 20
107.7004642522931
 30
0.0
 40
1.00008760441341
100
AcDbArc
 50
209.683548062016
 51
270.0108328003291
  0
ARC
  5
DE
330
1F
100
AcDbEntity
  8
0
100
AcDbCircle
 10
73.57038004287119
 20
107.6985054424096
 30
0.0
 40
1.000203450298987
100
AcDbArc
 50
89.99182324215205
 51
145.1290087164981
  0
ARC
  5
DF
330
1F
100
AcDbEntity
  8
0
100
AcDbCircle
 10
73.57069040060178
 20
107.6985531078399
 30
0.0
 40
1.000155788728915
100
AcDbArc
 50
34.86956577050859
 51
90.00960227083708
  0
ARC
  5
E0
330
1F
100
AcDbEntity
  8
0
100
AcDbCircle
 10
73.57068417547724
 20
107.7005119228168
 30
0.0
 40
1.000135270084062
100
AcDbArc
 50
269.9907541572919
 51
330.3148649803647
  0
LINE
  5
E1
330
1F
100
AcDbEntity
  8
0
100
AcDbLine
 10
73.57052279411596
 20
105.8848069157452
 30
0.0
 11
73.57052278325196
 21
106.7003766657547
 31
0.0
  0
LINE
  5
E2
330
1F
100
AcDbEntity
  8
0
100
AcDbLine
 10
51.98042466237587
 20
72.89330981721716
 30
0.0
 11
51.89061926075445
 21
72.91152698913433
 31
0.0
  0
SPLINE
  5
E3
330
1F
100
AcDbEntity
  8
0
100
AcDbSpline
210
0.0
220
0.0
230
1.0
 70
     8
 71
     3
 72
    19
 73
    15
 74
     0
 42
1E-08
 43
1E-08
 40
0.0
 40
0.0
 40
0.0
 40
0.0
 40
0.2500000000000009
 40
0.2500000000000009
 40
0.3750000000000013
 40
0.3750000000000013
 40
0.5000000000000018
 40
0.5000000000000018
 40
0.6250000000000022
 40
0.6875000000000024
 40
0.6875000000000024
 40
0.7500000000000027
 40
0.7500000000000027
 40
1.0
 40
1.0
 40
1.0
 40
1.0
 10
51.4901343975372
 20
73.39330924860371
 30
0.0
 10
51.50349473529124
 20
73.39333213218578
 30
0.0
 10
51.51633708602285
 20
73.40619901046344
 30
0.0
 10
51.53469203776357
 20
73.44449164042727
 30
0.0
 10
51.54047964800274
 20
73.46007832042214
 30
0.0
 10
51.55139345446547
 20
73.49689662042583
 30
0.0
 10
51.55678614535863
 20
73.51946497303496
 30
0.0
 10
51.56584413445127
 20
73.56489968786575
 30
0.0
 10
51.57192895397221
 20
73.60236606604994
 30
0.0
 10
51.57695076504531
 20
73.64491795732577
 30
0.0
 10
51.58006241499452
 20
73.67441599886335
 30
0.0
 10
51.58160229022153
 20
73.69095942484682
 30
0.0
 10
51.58768948308613
 20
73.76420835777003
 30
0.0
 10
51.59012770574326
 20
73.82677531102728
 30
0.0
 10
51.59013439809043
 20
73.8933100741387
 30
0.0
  0
SPLINE
  5
E4
330
1F
100
AcDbEntity
  8
0
100
AcDbSpline
210
0.0
220
0.0
230
1.0
 70
     8
 71
     3
 72
    10
 73
     6
 74
     0
 42
1E-08
 43
1E-08
 40
0.0
 40
0.0
 40
0.0
 40
0.0
 40
0.5
 40
0.5
 40
1.0
 40
1.0
 40
1.0
 40
1.0
 10
52.08042472849044
 20
73.8933095187938
 30
0.0
 10
51.9709702476524
 20
73.89330954481521
 30
0.0
 10
51.84975730211777
 20
73.89330962198854
 30
0.0
 10
51.66742513415753
 20
73.89330984765913
 30
0.0
 10
51.6101470814875
 20
73.89330998952943
 30
0.0
 10
51.59013440008136
 20
73.89331011319941
 30
0.0
  0
LINE
  5
E5
330
1F
100
AcDbEntity
  8
0
100
AcDbLine
 10
51.99561928443181
 20
72.91186233560852
 30
0.0
 11
51.98042466237587
 21
72.89330981721723
 31
0.0
  0
LINE
  5
E6
330
1F
100
AcDbEntity
  8
0
100
AcDbLine
 10
71.16062083501851
 20
72.89330981721716
 30
0.0
 11
71.25041332558472
 21
72.91152436912169
 31
0.0
  0
LINE
  5
E7
330
1F
100
AcDbEntity
  8
0
100
AcDbLine
 10
71.16062083501851
 20
72.89330981721716
 30
0.0
 11
71.14542662030978
 21
72.91185860362364
 31
0.0
  0
SPLINE
  5
E8
330
1F
100
AcDbEntity
  8
0
100
AcDbSpline
210
0.0
220
0.0
230
1.0
 70
     8
 71
     3
 72
    10
 73
     6
 74
     0
 42
1E-08
 43
1E-08
 40
0.0
 40
0.0
 40
0.0
 40
0.0
 40
0.5
 40
0.5
 40
1.0
 40
1.0
 40
1.0
 40
1.0
 10
71.55091127495066
 20
73.89330998819059
 30
0.0
 10
71.5308987024098
 20
73.89330983891811
 30
0.0
 10
71.47362072293448
 20
73.89330966767731
 30
0.0
 10
71.29128849638857
 20
73.89330939528746
 30
0.0
 10
71.17007542588324
 20
73.89330930213735
 30
0.0
 10
71.06062083903134
 20
73.89330927072888
 30
0.0
  0
SPLINE
  5
E9
330
1F
100
AcDbEntity
  8
0
100
AcDbSpline
210
0.0
220
0.0
230
1.0
 70
     8
 71
     3
 72
    16
 73
    12
 74
     0
 42
1E-08
 43
1E-08
 40
0.0
 40
0.0
 40
0.0
 40
0.0
 40
0.2499999999999997
 40
0.2499999999999997
 40
0.4999999999999994
 40
0.4999999999999994
 40
0.6249999999999993
 40
0.6249999999999993
 40
0.7499999999999991
 40
0.7499999999999991
 40
1.0
 40
1.0
 40
1.0
 40
1.0
 10
71.55091127694877
 20
73.89330983427122
 30
0.0
 10
71.55091770159194
 20
73.82824055700074
 30
0.0
 10
71.55328864690414
 20
73.76650352473146
 30
0.0
 10
71.56316317701308
 20
73.6447134215685
 30
0.0
 10
71.57066627461906
 20
73.58852559788218
 30
0.0
 10
71.58426276304357
 20
73.51900924273684
 30
0.0
 10
71.58925730212546
 20
73.49821864917755
 30
0.0
 10
71.60017113283668
 20
73.46140051170391
 30
0.0
 10
71.60648873845871
 20
73.4445212468239
 30
0.0
 10
71.62443880018971
 20
73.40613835244541
 30
0.0
 10
71.63725182597946
 20
73.39333264195193
 30
0.0
 10
71.65091114047156
 20
73.39330981721709
 30
0.0
  0
ARC
  5
EA
330
1F
100
AcDbEntity
  8
0
100
AcDbCircle
 10
51.958435820343
 20
92.8252071380541
 30
0.0
 40
0.517657267343655
100
AcDbArc
 50
92.90636951701892
 51
176.2309103682462
  0
SPLINE
  5
EB
330
1F
100
AcDbEntity
  8
0
100
AcDbSpline
210
0.0
220
0.0
230
1.0
 70
     8
 71
     3
 72
    20
 73
    16
 74
     0
 42
1E-08
 43
1E-08
 40
0.0
 40
0.0
 40
0.0
 40
0.0
 40
0.06417829476310023
 40
0.1262783265934486
 40
0.1863010498280093
 40
0.2442475365696233
 40
0.3001189936097576
 40
0.3539167825879278
 40
0.4056424441558493
 40
0.4552977271343409
 40
0.5028846239455941
 40
0.6307166114885089
 40
0.7561466902533398
 40
0.8792238588926915
 40
1.0
 40
1.0
 40
1.0
 40
1.0
 10
51.93218854363237
 20
93.3421985566509
 30
0.0
 10
51.93752617989343
 20
93.3304078598041
 30
0.0
 10
51.94802860563564
 20
93.30720828006019
 30
0.0
 10
51.96291848535738
 20
93.26092973687406
 30
0.0
 10
51.97683960163386
 20
93.20833318448565
 30
0.0
 10
51.98975272989738
 20
93.14971807923278
 30
0.0
 10
52.00166782595448
 20
93.08641676308579
 30
0.0
 10
52.01258286729952
 20
93.01942413381924
 30
0.0
 10
52.02249706715558
 20
92.94973914309327
 30
0.0
 10
52.03141574710909
 20
92.87825863558157
 30
0.0
 10
52.04387766265594
 20
92.76409122921132
 30
0.0
 10
52.05802386825463
 20
92.59727415467846
 30
0.0
 10
52.07083157871718
 20
92.36930793226875
 30
0.0
 10
52.07889232790971
 20
92.13290361550632
 30
0.0
 10
52.07991715559331
 20
91.97267043607128
 30
0.0
 10
52.08042473423988
 20
91.89330983559542
 30
0.0
  0
SPLINE
  5
EC
330
1F
100
AcDbEntity
  8
0
100
AcDbSpline
210
0.0
220
0.0
230
1.0
 70
     8
 71
     3
 72
    10
 73
     6
 74
     0
 42
1E-08
 43
1E-08
 40
0.0
 40
0.0
 40
0.0
 40
0.0
 40
0.5
 40
0.5
 40
1.0
 40
1.0
 40
1.0
 40
1.0
 10
51.59013439743265
 20
91.89330979703306
 30
0.0
 10
51.61032523666656
 20
91.89330981003339
 30
0.0
 10
51.66839863770036
 20
91.89330982488396
 30
0.0
 10
51.85125712557042
 20
91.89330984833663
 30
0.0
 10
51.97195662523561
 20
91.89330985627002
 30
0.0
 10
52.08042473386634
 20
91.89330985895651
 30
0.0
  0
SPLINE
  5
ED
330
1F
100
AcDbEntity
  8
0
100
AcDbSpline
210
0.0
220
0.0
230
1.0
 70
     8
 71
     3
 72
    10
 73
     6
 74
     0
 42
1E-08
 43
1E-08
 40
0.0
 40
0.0
 40
0.0
 40
0.0
 40
0.5
 40
0.5
 40
1.0
 40
1.0
 40
1.0
 40
1.0
 10
51.44189820582269
 20
92.8592356434598
 30
0.0
 10
51.48369928360487
 20
92.80324038537822
 30
0.0
 10
51.52177846812897
 20
92.67712878476955
 30
0.0
 10
51.57512162381736
 20
92.33166326047412
 30
0.0
 10
51.59012533345344
 20
92.11301535749065
 30
0.0
 10
51.59013439703222
 20
91.89330981508715
 30
0.0
  0
ARC
  5
EE
330
1F
100
AcDbEntity
  8
0
100
AcDbCircle
 10
71.18260974616176
 20
92.82520713805395
 30
0.0
 40
0.5176572673437185
100
AcDbArc
 50
3.769089631641529
 51
87.09363048302868
  0
SPLINE
  5
EF
330
1F
100
AcDbEntity
  8
0
100
AcDbSpline
210
0.0
220
0.0
230
1.0
 70
     8
 71
     3
 72
    10
 73
     6
 74
     0
 42
1E-08
 43
1E-08
 40
0.0
 40
0.0
 40
0.0
 40
0.0
 40
0.5
 40
0.5
 40
1.0
 40
1.0
 40
1.0
 40
1.0
 10
71.55091116946865
 20
91.89330979325285
 30
0.0
 10
71.55092010029232
 20
92.11301550259721
 30
0.0
 10
71.56592372873421
 20
92.33166143235376
 30
0.0
 10
71.61926691762336
 20
92.67712823068891
 30
0.0
 10
71.65734629149918
 20
92.80324039247166
 30
0.0
 10
71.69914736071725
 20
92.85923564350705
 30
0.0
  0
SPLINE
  5
F0
330
1F
100
AcDbEntity
  8
0
100
AcDbSpline
210
0.0
220
0.0
230
1.0
 70
     8
 71
     3
 72
    10
 73
     6
 74
     0
 42
1E-08
 43
1E-08
 40
0.0
 40
0.0
 40
0.0
 40
0.0
 40
0.5
 40
0.5
 40
1.0
 40
1.0
 40
1.0
 40
1.0
 10
71.06062083257547
 20
91.89330983281607
 30
0.0
 10
71.16908891483342
 20
91.89330983095604
 30
0.0
 10
71.28978838395307
 20
91.89330982546359
 30
0.0
 10
71.47264686527377
 20
91.89330980922705
 30
0.0
 10
71.53072029271955
 20
91.89330979894592
 30
0.0
 10
71.55091116906408
 20
91.89330978994569
 30
0.0
  0
SPLINE
  5
F1
330
1F
100
AcDbEntity
  8
0
100
AcDbSpline
210
0.0
220
0.0
230
1.0
 70
     8
 71
     3
 72
    20
 73
    16
 74
     0
 42
1E-08
 43
1E-08
 40
0.0
 40
0.0
 40
0.0
 40
0.0
 40
0.06013053017792892
 40
0.1208340686910752
 40
0.1821174009802662
 40
0.2439871214148037
 40
0.3064496383351208
 40
0.369511179052881
 40
0.4331777947979729
 40
0.4974553656032723
 40
0.5845312090841022
 40
0.678315800751198
 40
0.7788179365777356
 40
0.8860443145490247
 40
1.0
 40
1.0
 40
1.0
 40
1.0
 10
71.06062083220627
 20
91.89330983150936
 30
0.0
 10
71.06074739365972
 20
91.93279639338276
 30
0.0
 10
71.06100172262232
 20
92.01214580067497
 30
0.0
 10
71.0630120858888
 20
92.13097656759005
 30
0.0
 10
71.06621092113126
 20
92.24938724473265
 30
0.0
 10
71.07071830434577
 20
92.36655839918234
 30
0.0
 10
71.07650195217404
 20
92.48164273240975
 30
0.0
 10
71.08356925764348
 20
92.59377063132651
 30
0.0
 10
71.09192339935184
 20
92.70205761055638
 30
0.0
 10
71.10265044044667
 20
92.81751833912877
 30
0.0
 10
71.11673021002713
 20
92.93939075808814
 30
0.0
 10
71.1349828103556
 20
93.06413175108311
 30
0.0
 10
71.15648843837543
 20
93.17773576030977
 30
0.0
 10
71.18113925711458
 20
93.27663195594074
 30
0.0
 10
71.19943225053045
 20
93.3199041808647
 30
0.0
 10
71.20885702291662
 20
93.34219855671012
 30
0.0
  0
LINE
  5
F2
330
1F
100
AcDbEntity
  8
0
100
AcDbLine
 10
71.0606208322063
 20
91.89330983823716
 30
0.0
 11
52.08042473423986
 21
91.89330983823716
 31
0.0
  0
LINE
  5
F3
330
1F
100
AcDbEntity
  8
0
100
AcDbLine
 10
71.20885702291662
 20
93.34219855665035
 30
0.0
 11
51.93218854363236
 21
93.34219855665035
 31
0.0
  0
LINE
  5
F4
330
1F
100
AcDbEntity
  8
0
100
AcDbLine
 10
52.08042473461097
 20
91.8933098355952
 30
0.0
 11
52.08042473461097
 21
73.89330956624255
 31
0.0
  0
LINE
  5
F5
330
1F
100
AcDbEntity
  8
0
100
AcDbLine
 10
51.59013439676582
 20
73.8933100741387
 30
0.0
 11
51.59013439676582
 21
91.89330981508715
 31
0.0
  0
LINE
  5
F6
330
1F
100
AcDbEntity
  8
0
100
AcDbLine
 10
71.06062083189296
 20
73.8933095481575
 30
0.0
 11
71.06062083189296
 21
91.89330983150916
 31
0.0
  0
LINE
  5
F7
330
1F
100
AcDbEntity
  8
0
100
AcDbLine
 10
71.06062083545817
 20
73.89330943474276
 30
0.0
 11
52.08042473204509
 21
73.89330943474276
 31
0.0
  0
LINE
  5
F8
330
1F
100
AcDbEntity
  8
0
100
AcDbLine
 10
51.98042466237587
 20
72.89330981721716
 30
0.0
 11
71.16062083501851
 21
72.89330981721716
 31
0.0
  0
LINE
  5
F9
330
1F
100
AcDbEntity
  8
0
100
AcDbLine
 10
71.55091116973819
 20
91.89330979325285
 30
0.0
 11
71.55091116973819
 21
73.89330983427122
 31
0.0
  0
SPLINE
  5
FA
330
1F
100
AcDbEntity
  8
0
100
AcDbSpline
210
0.0
220
0.0
230
1.0
 70
     8
 71
     3
 72
    10
 73
     6
 74
     0
 42
1E-08
 43
1E-08
 40
0.0
 40
0.0
 40
0.0
 40
0.0
 40
0.5
 40
0.5
 40
1.0
 40
1.0
 40
1.0
 40
1.0
 10
51.33851481705238
 20
92.09330981721715
 30
0.0
 10
51.33851481705238
 20
92.04616936513804
 30
0.0
 10
51.33460957413487
 20
91.99094089015497
 30
0.0
 10
51.31898860246476
 20
91.9128360318047
 30
0.0
 10
51.30794290746807
 20
91.89330981721713
 30
0.0
 10
51.29851481705217
 20
91.89330981721716
 30
0.0
  0
SPLINE
  5
FB
330
1F
100
AcDbEntity
  8
0
100
AcDbSpline
210
0.0
220
0.0
230
1.0
 70
     8
 71
     3
 72
    10
 73
     6
 74
     0
 42
1E-08
 43
1E-08
 40
0.0
 40
0.0
 40
0.0
 40
0.0
 40
0.5
 40
0.5
 40
1.0
 40
1.0
 40
1.0
 40
1.0
 10
51.30886757885641
 20
92.28649498247556
 30
0.0
 10
51.31670782400746
 20
92.27599104569205
 30
0.0
 10
51.32473837307175
 20
92.25096972570535
 30
0.0
 10
51.33575952825626
 20
92.17915448033307
 30
0.0
 10
51.33851481705238
 20
92.1338939124845
 30
0.0
 10
51.33851481705238
 20
92.09330981721715
 30
0.0
  0
LINE
  5
FC
330
1F
100
AcDbEntity
  8
0
100
AcDbLine
 10
50.67052278325197
 20
93.14171484484845
 30
0.0
 11
51.30886757885641
 21
92.28649498247556
 31
0.0
  0
LINE
  5
FD
330
1F
100
AcDbEntity
  8
0
100
AcDbLine
 10
50.67052278325197
 20
93.14171484484845
 30
0.0
 11
50.67052278325197
 21
93.86640817113715
 31
0.0
  0
SPLINE
  5
FE
330
1F
100
AcDbEntity
  8
0
100
AcDbSpline
210
0.0
220
0.0
230
1.0
 70
     8
 71
     3
 72
     8
 73
     4
 74
     0
 42
1E-08
 43
1E-08
 40
0.0
 40
0.0
 40
0.0
 40
0.0
 40
1.0
 40
1.0
 40
1.0
 40
1.0
 10
50.67052278325197
 20
93.86640817113715
 30
0.0
 10
50.67052278325197
 20
93.87517208253365
 30
0.0
 10
50.67073781268595
 20
93.8836459527551
 30
0.0
 10
50.67116730729838
 20
93.8918192526681
 30
0.0
  0
LINE
  5
FF
330
1F
100
AcDbEntity
  8
0
100
AcDbLine
 10
51.44189820582269
 20
92.8592356434598
 30
0.0
 11
50.67116730729838
 21
93.8918192526681
 31
0.0
  0
LINE
  5
100
330
1F
100
AcDbEntity
  8
0
100
AcDbLine
 10
51.49013439627637
 20
73.39330981721716
 30
0.0
 11
50.67052278325197
 21
73.39330981721716
 31
0.0
  0
LINE
  5
101
330
1F
100
AcDbEntity
  8
0
100
AcDbLine
 10
50.67052278325197
 20
73.39330981721716
 30
0.0
 11
50.67052278325197
 21
91.89330981721716
 31
0.0
  0
LINE
  5
102
330
1F
100
AcDbEntity
  8
0
100
AcDbLine
 10
50.67052278325197
 20
91.89330981721716
 30
0.0
 11
51.29851481705217
 21
91.89330981721716
 31
0.0
  0
LINE
  5
103
330
1F
100
AcDbEntity
  8
0
100
AcDbLine
 10
72.46987825920503
 20
93.8918192526672
 30
0.0
 11
71.69914736071725
 21
92.85923564350705
 31
0.0
  0
SPLINE
  5
104
330
1F
100
AcDbEntity
  8
0
100
AcDbSpline
210
0.0
220
0.0
230
1.0
 70
     8
 71
     3
 72
     8
 73
     4
 74
     0
 42
1E-08
 43
1E-08
 40
0.0
 40
0.0
 40
0.0
 40
0.0
 40
1.0
 40
1.0
 40
1.0
 40
1.0
 10
72.46987825920503
 20
93.8918192526672
 30
0.0
 10
72.47030775381819
 20
93.88364595275516
 30
0.0
 10
72.47052278325198
 20
93.87517208253365
 30
0.0
 10
72.47052278325198
 20
93.86640817113715
 30
0.0
  0
LINE
  5
105
330
1F
100
AcDbEntity
  8
0
100
AcDbLine
 10
72.47052278325198
 20
93.86640817113715
 30
0.0
 11
72.47052278325198
 21
93.14171484484845
 31
0.0
  0
LINE
  5
106
330
1F
100
AcDbEntity
  8
0
100
AcDbLine
 10
71.83217798764753
 20
92.28649498247556
 30
0.0
 11
72.47052278325198
 21
93.14171484484845
 31
0.0
  0
SPLINE
  5
107
330
1F
100
AcDbEntity
  8
0
100
AcDbSpline
210
0.0
220
0.0
230
1.0
 70
     8
 71
     3
 72
    10
 73
     6
 74
     0
 42
1E-08
 43
1E-08
 40
0.0
 40
0.0
 40
0.0
 40
0.0
 40
0.5
 40
0.5
 40
1.0
 40
1.0
 40
1.0
 40
1.0
 10
71.80253074945155
 20
92.09330981721715
 30
0.0
 10
71.80253074945156
 20
92.13389391248448
 30
0.0
 10
71.80528603824769
 20
92.17915448033307
 30
0.0
 10
71.81630719343219
 20
92.25096972570537
 30
0.0
 10
71.82433774249648
 20
92.27599104569207
 30
0.0
 10
71.83217798764753
 20
92.28649498247556
 30
0.0
  0
SPLINE
  5
108
330
1F
100
AcDbEntity
  8
0
100
AcDbSpline
210
0.0
220
0.0
230
1.0
 70
     8
 71
     3
 72
    10
 73
     6
 74
     0
 42
1E-08
 43
1E-08
 40
0.0
 40
0.0
 40
0.0
 40
0.0
 40
0.5
 40
0.5
 40
1.0
 40
1.0
 40
1.0
 40
1.0
 10
71.84253074945177
 20
91.89330981721716
 30
0.0
 10
71.83310265903586
 20
91.89330981721713
 30
0.0
 10
71.82205696403918
 20
91.91283603180469
 30
0.0
 10
71.80643599236906
 20
91.99094089015496
 30
0.0
 10
71.80253074945155
 20
92.04616936513806
 30
0.0
 10
71.80253074945155
 20
92.09330981721715
 30
0.0
  0
LINE
  5
109
330
1F
100
AcDbEntity
  8
0
100
AcDbLine
 10
71.84253074945177
 20
91.89330981721716
 30
0.0
 11
72.47052278325198
 21
91.89330981721716
 31
0.0
  0
LINE
  5
10A
330
1F
100
AcDbEntity
  8
0
100
AcDbLine
 10
72.47052278325198
 20
91.89330981721716
 30
0.0
 11
72.47052278325198
 21
73.39330981721716
 31
0.0
  0
LINE
  5
10B
330
1F
100
AcDbEntity
  8
0
100
AcDbLine
 10
72.47052278325143
 20
73.39330981721716
 30
0.0
 11
71.65091114167056
 21
73.39330981721716
 31
0.0
  0
LINE
  5
10C
330
1F
100
AcDbEntity
  8
0
100
AcDbLine
 10
51.17052278325183
 20
72.89330981721716
 30
0.0
 11
51.9804246623759
 21
72.89330981721716
 31
0.0
  0
SPLINE
  5
10D
330
1F
100
AcDbEntity
  8
0
100
AcDbSpline
210
0.0
220
0.0
230
1.0
 70
     8
 71
     3
 72
    14
 73
    10
 74
     0
 42
1E-08
 43
1E-08
 40
0.0
 40
0.0
 40
0.0
 40
0.0
 40
0.25
 40
0.25
 40
0.5
 40
0.5
 40
0.75
 40
0.75
 40
1.0
 40
1.0
 40
1.0
 40
1.0
 10
50.67052278325197
 20
73.39330981721716
 30
0.0
 10
50.67052278325198
 20
73.33438425211828
 30
0.0
 10
50.68126215265871
 20
73.27081093762818
 30
0.0
 10
50.72999511278276
 20
73.14771398724434
 30
0.0
 10
50.76815385618973
 20
73.08857196309287
 30
0.0
 10
50.86578492912751
 20
72.99094089015506
 30
0.0
 10
50.92492695327898
 20
72.95278214674805
 30
0.0
 10
51.04802390366282
 20
72.90404918662395
 30
0.0
 10
51.11159721815293
 20
72.89330981721719
 30
0.0
 10
51.1705227832518
 20
72.89330981721716
 30
0.0
  0
SPLINE
  5
10E
330
1F
100
AcDbEntity
  8
0
100
AcDbSpline
210
0.0
220
0.0
230
1.0
 70
     8
 71
     3
 72
    14
 73
    10
 74
     0
 42
1E-08
 43
1E-08
 40
0.0
 40
0.0
 40
0.0
 40
0.0
 40
0.25
 40
0.25
 40
0.5
 40
0.5
 40
0.75
 40
0.75
 40
1.0
 40
1.0
 40
1.0
 40
1.0
 10
72.47052278325198
 20
73.39330981721716
 30
0.0
 10
72.47052278325197
 20
73.33438425211833
 30
0.0
 10
72.45978341384523
 20
73.27081093762827
 30
0.0
 10
72.41105045372126
 20
73.14771398724453
 30
0.0
 10
72.37289171031435
 20
73.08857196309309
 30
0.0
 10
72.27526063737669
 20
72.9909408901553
 30
0.0
 10
72.21611861322531
 20
72.95278214674829
 30
0.0
 10
72.09302166284154
 20
72.90404918662411
 30
0.0
 10
72.02944834835145
 20
72.89330981721726
 30
0.0
 10
71.97052278325256
 20
72.89330981721716
 30
0.0
  0
LINE
  5
10F
330
1F
100
AcDbEntity
  8
0
100
AcDbLine
 10
71.16062083501851
 20
72.89330981721716
 30
0.0
 11
71.97052278325256
 21
72.89330981721716
 31
0.0
  0
LINE
  5
110
330
1F
100
AcDbEntity
  8
0
100
AcDbLine
 10
71.97052278325236
 20
94.36263718362855
 30
0.0
 11
71.20885702291672
 21
93.3421985567069
 31
0.0
  0
SPLINE
  5
111
330
1F
100
AcDbEntity
  8
0
100
AcDbSpline
210
0.0
220
0.0
230
1.0
 70
     8
 71
     3
 72
    14
 73
    10
 74
     0
 42
1E-08
 43
1E-08
 40
0.0
 40
0.0
 40
0.0
 40
0.0
 40
0.25
 40
0.25
 40
0.5
 40
0.5
 40
0.75
 40
0.75
 40
1.0
 40
1.0
 40
1.0
 40
1.0
 10
71.97052278325216
 20
94.36263718363089
 30
0.0
 10
72.02793338432163
 20
94.36121506560644
 30
0.0
 10
72.0895789179565
 20
94.34985501602208
 30
0.0
 10
72.2091417651184
 20
94.30265960602745
 30
0.0
 10
72.26673474333542
 20
94.26670195074317
 30
0.0
 10
72.36323803600244
 20
94.17571370134429
 30
0.0
 10
72.4018644341276
 20
94.12095079808935
 30
0.0
 10
72.45366836024283
 20
94.00657283297217
 30
0.0
 10
72.46696417799575
 20
93.9472743362841
 30
0.0
 10
72.46987825920503
 20
93.8918192526672
 30
0.0
  0
SPLINE
  5
112
330
1F
100
AcDbEntity
  8
0
100
AcDbSpline
210
0.0
220
0.0
230
1.0
 70
     8
 71
     3
 72
    14
 73
    10
 74
     0
 42
1E-08
 43
1E-08
 40
0.0
 40
0.0
 40
0.0
 40
0.0
 40
0.25
 40
0.25
 40
0.5
 40
0.5
 40
0.75
 40
0.75
 40
1.0
 40
1.0
 40
1.0
 40
1.0
 10
50.67116730729838
 20
93.8918192526681
 30
0.0
 10
50.67408138850816
 20
93.94727433628499
 30
0.0
 10
50.68737720626153
 20
94.00657283297292
 30
0.0
 10
50.73918113237735
 20
94.12095079808974
 30
0.0
 10
50.77780753050265
 20
94.17571370134448
 30
0.0
 10
50.87431082316967
 20
94.2667019507432
 30
0.0
 10
50.93190380138653
 20
94.30265960602752
 30
0.0
 10
51.05146664854804
 20
94.34985501602264
 30
0.0
 10
51.11311218218269
 20
94.36121506560747
 30
0.0
 10
51.17052278325197
 20
94.3626371836325
 30
0.0
  0
LINE
  5
113
330
1F
100
AcDbEntity
  8
0
100
AcDbLine
 10
51.93218854363315
 20
93.34219855664726
 30
0.0
 11
51.17052278325197
 21
94.3626371836299
 31
0.0
  0
LINE
  5
114
330
1F
100
AcDbEntity
  8
0
100
AcDbLine
 10
70.07052278325199
 20
95.20207221475552
 30
0.0
 11
53.07052278325198
 21
95.20207221476234
 31
0.0
  0
LINE
  5
115
330
1F
100
AcDbEntity
  8
0
100
AcDbLine
 10
71.97052278325197
 20
94.57500463922105
 30
0.0
 11
70.07052278325197
 21
94.57500463922
 31
0.0
  0
LINE
  5
116
330
1F
100
AcDbEntity
  8
0
100
AcDbLine
 10
71.97052278325216
 20
94.36263718363089
 30
0.0
 11
71.97052278325197
 21
94.57500463922105
 31
0.0
  0
LINE
  5
117
330
1F
100
AcDbEntity
  8
0
100
AcDbLine
 10
51.17052278325197
 20
94.5750046392193
 30
0.0
 11
51.17052278325197
 21
94.3626371836325
 31
0.0
  0
LINE
  5
118
330
1F
100
AcDbEntity
  8
0
100
AcDbLine
 10
53.07052278325197
 20
94.57500463921865
 30
0.0
 11
51.17052278325197
 21
94.5750046392193
 31
0.0
  0
SPLINE
  5
119
330
1F
100
AcDbEntity
  8
0
100
AcDbSpline
210
0.0
220
0.0
230
1.0
 70
     8
 71
     3
 72
    14
 73
    10
 74
     0
 42
1E-08
 43
1E-08
 40
0.0
 40
0.0
 40
0.0
 40
0.0
 40
0.25
 40
0.25
 40
0.5
 40
0.5
 40
0.75
 40
0.75
 40
1.0
 40
1.0
 40
1.0
 40
1.0
 10
71.97052278325197
 20
95.20207221475475
 30
0.0
 10
72.02944834835094
 20
95.20207221475417
 30
0.0
 10
72.0930216628412
 20
95.19139851768171
 30
0.0
 10
72.21611861322531
 20
95.1429635645582
 30
0.0
 10
72.27526063737689
 20
95.105038165743
 30
0.0
 10
72.37289171031478
 20
95.00800411673323
 30
0.0
 10
72.41105045372173
 20
94.94922375206708
 30
0.0
 10
72.4597834138456
 20
94.82687955203936
 30
0.0
 10
72.47052278325216
 20
94.76369499482549
 30
0.0
 10
72.47052278325198
 20
94.7051297655433
 30
0.0
  0
LINE
  5
11A
330
1F
100
AcDbEntity
  8
0
100
AcDbLine
 10
72.47052278325198
 20
94.7051297655433
 30
0.0
 11
72.47052278325198
 21
93.86640817113715
 31
0.0
  0
LINE
  5
11B
330
1F
100
AcDbEntity
  8
0
100
AcDbLine
 10
50.67052278325197
 20
93.86640817113715
 30
0.0
 11
50.67052278325197
 21
94.70512976555165
 31
0.0
  0
SPLINE
  5
11C
330
1F
100
AcDbEntity
  8
0
100
AcDbSpline
210
0.0
220
0.0
230
1.0
 70
     8
 71
     3
 72
    14
 73
    10
 74
     0
 42
1E-08
 43
1E-08
 40
0.0
 40
0.0
 40
0.0
 40
0.0
 40
0.25
 40
0.25
 40
0.5
 40
0.5
 40
0.75
 40
0.75
 40
1.0
 40
1.0
 40
1.0
 40
1.0
 10
50.67052278325197
 20
94.70512976555165
 30
0.0
 10
50.67052278325208
 20
94.76369499483467
 30
0.0
 10
50.68126215265893
 20
94.82687955204919
 30
0.0
 10
50.72999511278314
 20
94.94922375207763
 30
0.0
 10
50.76815385619015
 20
95.00800411674388
 30
0.0
 10
50.86578492912793
 20
95.1050381657534
 30
0.0
 10
50.92492695327935
 20
95.1429635645683
 30
0.0
 10
51.0480239036631
 20
95.191398517691
 30
0.0
 10
51.11159721815314
 20
95.20207221476298
 30
0.0
 10
51.17052278325197
 20
95.20207221476311
 30
0.0
  0
LINE
  5
11D
330
1F
100
AcDbEntity
  8
0
100
AcDbLine
 10
71.97052278325197
 20
95.95338335741715
 30
0.0
 11
71.97052278325197
 21
94.57500463922105
 31
0.0
  0
LINE
  5
11E
330
1F
100
AcDbEntity
  8
0
100
AcDbLine
 10
70.07052278325197
 20
94.57500463922
 30
0.0
 11
70.07052278325197
 21
95.95338335741715
 31
0.0
  0
LINE
  5
11F
330
1F
100
AcDbEntity
  8
0
100
AcDbLine
 10
70.07052278325197
 20
95.95338335741715
 30
0.0
 11
71.97052278325197
 21
95.95338335741715
 31
0.0
  0
LINE
  5
120
330
1F
100
AcDbEntity
  8
0
100
AcDbLine
 10
53.07052278325197
 20
95.95338335741397
 30
0.0
 11
53.07052278325197
 21
94.57500463921865
 31
0.0
  0
LINE
  5
121
330
1F
100
AcDbEntity
  8
0
100
AcDbLine
 10
51.17052278325197
 20
94.5750046392193
 30
0.0
 11
51.17052278325197
 21
95.95338335741715
 31
0.0
  0
LINE
  5
122
330
1F
100
AcDbEntity
  8
0
100
AcDbLine
 10
51.17052278325197
 20
95.95338335741715
 30
0.0
 11
53.07052278325197
 21
95.95338335741397
 31
0.0
  0
LINE
  5
123
330
1F
100
AcDbEntity
  8
0
100
AcDbLine
 10
53.07052278325197
 20
96.07701339081726
 30
0.0
 11
51.17052278325197
 21
96.07701339081741
 31
0.0
  0
LINE
  5
124
330
1F
100
AcDbEntity
  8
0
100
AcDbLine
 10
53.07052278325197
 20
96.07701339081726
 30
0.0
 11
53.07052278325197
 21
95.95338335741397
 31
0.0
  0
LINE
  5
125
330
1F
100
AcDbEntity
  8
0
100
AcDbLine
 10
51.17052278325197
 20
95.95338335741715
 30
0.0
 11
51.17052278325197
 21
96.07701339081741
 31
0.0
  0
LINE
  5
126
330
1F
100
AcDbEntity
  8
0
100
AcDbLine
 10
71.97052278325197
 20
96.07701339081751
 30
0.0
 11
70.07052278325197
 21
96.07701339081751
 31
0.0
  0
LINE
  5
127
330
1F
100
AcDbEntity
  8
0
100
AcDbLine
 10
70.07052278325197
 20
95.95338335741715
 30
0.0
 11
70.07052278325197
 21
96.07701339081751
 31
0.0
  0
LINE
  5
128
330
1F
100
AcDbEntity
  8
0
100
AcDbLine
 10
71.97052278325197
 20
96.07701339081751
 30
0.0
 11
71.97052278325197
 21
95.95338335741715
 31
0.0
  0
SPLINE
  5
129
330
1F
100
AcDbEntity
  8
0
100
AcDbSpline
210
0.0
220
0.0
230
1.0
 70
     8
 71
     3
 72
    14
 73
    10
 74
     0
 42
1E-08
 43
1E-08
 40
0.0
 40
0.0
 40
0.0
 40
0.0
 40
0.25
 40
0.25
 40
0.5
 40
0.5
 40
0.75
 40
0.75
 40
1.0
 40
1.0
 40
1.0
 40
1.0
 10
71.97052278325197
 20
95.2486382071631
 30
0.0
 10
72.02944834835075
 20
95.24863820716284
 30
0.0
 10
72.09302166284074
 20
95.23801980824629
 30
0.0
 10
72.2161186132244
 20
95.18983578631956
 30
0.0
 10
72.27526063737578
 20
95.15210687093398
 30
0.0
 10
72.37289171031352
 20
95.05557553470572
 30
0.0
 10
72.41105045372056
 20
94.99709969861389
 30
0.0
 10
72.45978341384485
 20
94.87538933787926
 30
0.0
 10
72.47052278325178
 20
94.8125321264247
 30
0.0
 10
72.47052278325198
 20
94.75427031114562
 30
0.0
  0
LINE
  5
12A
330
1F
100
AcDbEntity
  8
0
100
AcDbLine
 10
72.47052278325198
 20
94.75427031114562
 30
0.0
 11
72.47052278325198
 21
94.7051297655433
 31
0.0
  0
LINE
  5
12B
330
1F
100
AcDbEntity
  8
0
100
AcDbLine
 10
53.07052278325199
 20
95.24863820716828
 30
0.0
 11
70.07052278325199
 21
95.24863820716364
 31
0.0
  0
SPLINE
  5
12C
330
1F
100
AcDbEntity
  8
0
100
AcDbSpline
210
0.0
220
0.0
230
1.0
 70
     8
 71
     3
 72
    14
 73
    10
 74
     0
 42
1E-08
 43
1E-08
 40
0.0
 40
0.0
 40
0.0
 40
0.0
 40
0.25
 40
0.25
 40
0.5
 40
0.5
 40
0.75
 40
0.75
 40
1.0
 40
1.0
 40
1.0
 40
1.0
 10
50.67052278325197
 20
94.75427031114941
 30
0.0
 10
50.67052278325171
 20
94.81253212642872
 30
0.0
 10
50.68126215265821
 20
94.87538933788365
 30
0.0
 10
50.729995112782
 20
94.9970996986191
 30
0.0
 10
50.76815385618895
 20
95.05557553471139
 30
0.0
 10
50.86578492912685
 20
95.15210687094026
 30
0.0
 10
50.92492695327848
 20
95.18983578632601
 30
0.0
 10
51.04802390366266
 20
95.23801980825263
 30
0.0
 10
51.11159721815296
 20
95.24863820716892
 30
0.0
 10
51.17052278325197
 20
95.24863820716881
 30
0.0
  0
LINE
  5
12D
330
1F
100
AcDbEntity
  8
0
100
AcDbLine
 10
50.67052278325197
 20
94.70512976555165
 30
0.0
 11
50.67052278325197
 21
94.75427031114941
 31
0.0
  0
LINE
  5
12E
330
1F
100
AcDbEntity
  8
0
100
AcDbLine
 10
80.27052278325198
 20
95.39330981721714
 30
0.0
 11
71.97052278325201
 21
95.39330981721716
 31
0.0
  0
LINE
  5
12F
330
1F
100
AcDbEntity
  8
0
100
AcDbLine
 10
70.07052278325202
 20
95.39330981721714
 30
0.0
 11
53.07052278325202
 21
95.39330981721714
 31
0.0
  0
LINE
  5
130
330
1F
100
AcDbEntity
  8
0
100
AcDbLine
 10
51.17052278325203
 20
95.39330981721714
 30
0.0
 11
42.87052278325196
 21
95.39330981721714
 31
0.0
  0
LINE
  5
131
330
1F
100
AcDbEntity
  8
0
100
AcDbLine
 10
80.27052278325198
 20
95.39330981721714
 30
0.0
 11
80.27052278325198
 21
91.89330981721716
 31
0.0
  0
LINE
  5
132
330
1F
100
AcDbEntity
  8
0
100
AcDbLine
 10
80.27052278325198
 20
91.89330981721716
 30
0.0
 11
72.47052278325198
 21
91.89330981721716
 31
0.0
  0
LINE
  5
133
330
1F
100
AcDbEntity
  8
0
100
AcDbLine
 10
42.87052278325196
 20
91.89330981721716
 30
0.0
 11
50.67052278325197
 21
91.89330981721716
 31
0.0
  0
LINE
  5
134
330
1F
100
AcDbEntity
  8
0
100
AcDbLine
 10
42.87052278325196
 20
95.39330981721714
 30
0.0
 11
42.87052278325196
 21
91.89330981721716
 31
0.0
  0
LINE
  5
135
330
1F
100
AcDbEntity
  8
0
100
AcDbLine
 10
44.07052278325052
 20
72.89330981721716
 30
0.0
 11
44.07052278325052
 21
79.19330981721659
 31
0.0
  0
LINE
  5
136
330
1F
100
AcDbEntity
  8
0
100
AcDbLine
 10
42.87052278325056
 20
82.19330981721659
 30
0.0
 11
42.87052278325196
 21
91.89330981721716
 31
0.0
  0
LINE
  5
137
330
1F
100
AcDbEntity
  8
0
100
AcDbLine
 10
44.07052278325052
 20
79.19330981721659
 30
0.0
 11
42.87052278325056
 21
82.19330981721659
 31
0.0
  0
LINE
  5
138
330
1F
100
AcDbEntity
  8
0
100
AcDbLine
 10
51.17052278325197
 20
72.89330981721716
 30
0.0
 11
44.07052278325052
 21
72.89330981721716
 31
0.0
  0
LINE
  5
139
330
1F
100
AcDbEntity
  8
0
100
AcDbLine
 10
80.27052278325198
 20
82.19330981721714
 30
0.0
 11
80.27052278325198
 21
91.89330981721716
 31
0.0
  0
LINE
  5
13A
330
1F
100
AcDbEntity
  8
0
100
AcDbLine
 10
80.27052278325198
 20
82.19330981721714
 30
0.0
 11
79.07052278325197
 21
79.19330981721716
 31
0.0
  0
LINE
  5
13B
330
1F
100
AcDbEntity
  8
0
100
AcDbLine
 10
79.07052278325197
 20
79.19330981721716
 30
0.0
 11
79.07052278325197
 21
72.89330981721716
 31
0.0
  0
LINE
  5
13C
330
1F
100
AcDbEntity
  8
0
100
AcDbLine
 10
79.07052278325197
 20
72.89330981721716
 30
0.0
 11
71.97052278325226
 21
72.89330981721716
 31
0.0
  0
SPLINE
  5
13D
330
1F
100
AcDbEntity
  8
0
100
AcDbSpline
210
0.0
220
0.0
230
1.0
 70
     8
 71
     3
 72
    19
 73
    15
 74
     0
 42
1E-08
 43
1E-08
 40
0.0
 40
0.0
 40
0.0
 40
0.0
 40
0.06448025810926006
 40
0.1317836577185513
 40
0.2016919125711778
 40
0.27390665148002
 40
0.34805045019475
 40
0.4236737414491883
 40
0.5002679391075693
 40
0.6088529312125147
 40
0.7501668442881235
 40
0.8582775694121552
 40
0.9407790961989217
 40
1.0
 40
1.0
 40
1.0
 40
1.0
 10
49.57052278325262
 20
97.85942334086731
 30
0.0
 10
49.60428511831267
 20
97.85926621027603
 30
0.0
 10
49.67328800598401
 20
97.85894506943907
 30
0.0
 10
49.77779144152652
 20
97.85620463607745
 30
0.0
 10
49.88386965565837
 20
97.85153353758874
 30
0.0
 10
49.98946746732837
 20
97.8446194562986
 30
0.0
 10
50.09227121310185
 20
97.83545805588271
 30
0.0
 10
50.18984232021205
 20
97.8241036146666
 30
0.0
 10
50.29215101872525
 20
97.80892953660513
 30
0.0
 10
50.40265632214697
 20
97.78716550899969
 30
0.0
 10
50.49387384767355
 20
97.75963227086307
 30
0.0
 10
50.54628425910856
 20
97.73203523982913
 30
0.0
 10
50.56763140866788
 20
97.7106324828579
 30
0.0
 10
50.56967065339069
 20
97.69841505705351
 30
0.0
 10
50.57052278325506
 20
97.69330981721774
 30
0.0
  0
SPLINE
  5
13E
330
1F
100
AcDbEntity
  8
0
100
AcDbSpline
210
0.0
220
0.0
230
1.0
 70
     8
 71
     3
 72
    18
 73
    14
 74
     0
 42
1E-08
 43
1E-08
 40
0.0
 40
0.0
 40
0.0
 40
0.0
 40
0.2500000000000007
 40
0.2500000000000007
 40
0.5000000000000013
 40
0.5000000000000013
 40
0.625000000000001
 40
0.625000000000001
 40
0.7500000000000007
 40
0.7500000000000007
 40
0.8750000000000004
 40
0.8750000000000004
 40
1.0
 40
1.0
 40
1.0
 40
1.0
 10
49.57052279411597
 20
105.8848069157452
 30
0.0
 10
49.57052276962241
 20
105.8103185567958
 30
0.0
 10
49.57052278325451
 20
105.6209174000161
 30
0.0
 10
49.57052278325481
 20
104.9726823846902
 30
0.0
 10
49.57052278325513
 20
104.5125701443646
 30
0.0
 10
49.5705227832558
 20
103.6121572742169
 30
0.0
 10
49.57052278325451
 20
103.2785631751385
 30
0.0
 10
49.57052278325222
 20
102.5349944046294
 30
0.0
 10
49.57052278325293
 20
102.1271752094384
 30
0.0
 10
49.57052278325556
 20
101.1916346707021
 30
0.0
 10
49.57052278325696
 20
100.6631447223894
 30
0.0
 10
49.57052278325445
 20
99.41730287145867
 30
0.0
 10
49.57052278337238
 20
98.69911468839356
 30
0.0
 10
49.57052278325197
 20
97.85942334086731
 30
0.0
  0
SPLINE
  5
13F
330
1F
100
AcDbEntity
  8
0
100
AcDbSpline
210
0.0
220
0.0
230
1.0
 70
     8
 71
     3
 72
    19
 73
    15
 74
     0
 42
1E-08
 43
1E-08
 40
0.0
 40
0.0
 40
0.0
 40
0.0
 40
0.06448025815332259
 40
0.1317836577941604
 40
0.2016919126640209
 40
0.2739066515742993
 40
0.3480504502736395
 40
0.4236737414954556
 40
0.5002679391042898
 40
0.6088529323208385
 40
0.7501668442860816
 40
0.8582775679246112
 40
0.9407790947781084
 40
0.9999999999999999
 40
0.9999999999999999
 40
0.9999999999999999
 40
0.9999999999999999
 10
73.57052278325261
 20
97.85942334086731
 30
0.0
 10
73.60428511833597
 20
97.85926621027573
 30
0.0
 10
73.67328800604741
 20
97.85894506943818
 30
0.0
 10
73.77779144163735
 20
97.85620463607263
 30
0.0
 10
73.88386965579163
 20
97.85153353757941
 30
0.0
 10
73.98946746745777
 20
97.84461945628563
 30
0.0
 10
74.09227121320258
 20
97.83545805586924
 30
0.0
 10
74.18984232026439
 20
97.82410361465632
 30
0.0
 10
74.29215101917755
 20
97.80892953653981
 30
0.0
 10
74.40265632248189
 20
97.78716550890759
 30
0.0
 10
74.49387384747092
 20
97.75963227088251
 30
0.0
 10
74.54628425869321
 20
97.73203524008547
 30
0.0
 10
74.56763140856124
 20
97.71063248311502
 30
0.0
 10
74.56967065335115
 20
97.69841505717788
 30
0.0
 10
74.57052278325507
 20
97.69330981721774
 30
0.0
  0
SPLINE
  5
140
330
1F
100
AcDbEntity
  8
0
100
AcDbSpline
210
0.0
220
0.0
230
1.0
 70
     8
 71
     3
 72
    18
 73
    14
 74
     0
 42
1E-08
 43
1E-08
 40
0.0
 40
0.0
 40
0.0
 40
0.0
 40
0.2499999999999999
 40
0.2499999999999999
 40
0.4999999999999997
 40
0.4999999999999997
 40
0.6249999999999998
 40
0.6249999999999998
 40
0.7499999999999998
 40
0.7499999999999998
 40
0.8749999999999998
 40
0.8749999999999998
 40
1.0
 40
1.0
 40
1.0
 40
1.0
 10
73.57052279411596
 20
105.8848069157452
 30
0.0
 10
73.57052276962249
 20
105.8103185567958
 30
0.0
 10
73.57052278325449
 20
105.6209174000161
 30
0.0
 10
73.5705227832548
 20
104.9726823846902
 30
0.0
 10
73.5705227832551
 20
104.5125701443647
 30
0.0
 10
73.5705227832558
 20
103.6121572742169
 30
0.0
 10
73.5705227832545
 20
103.2785631751385
 30
0.0
 10
73.57052278325223
 20
102.5349944046294
 30
0.0
 10
73.57052278325294
 20
102.1271752094384
 30
0.0
 10
73.57052278325558
 20
101.1916346707021
 30
0.0
 10
73.57052278325696
 20
100.6631447223894
 30
0.0
 10
73.57052278325442
 20
99.41730287145867
 30
0.0
 10
73.57052278337238
 20
98.69911468839398
 30
0.0
 10
73.57052278325196
 20
97.85942334086731
 30
0.0
  0
SPLINE
  5
141
330
1F
100
AcDbEntity
  8
0
100
AcDbSpline
210
0.0
220
0.0
230
1.0
 70
     8
 71
     3
 72
    20
 73
    16
 74
     0
 42
1E-08
 43
1E-08
 40
0.0
 40
0.0
 40
0.0
 40
0.0
 40
0.05912962064050684
 40
0.1192299927058625
 40
0.1803021898939416
 40
0.2423472332503617
 40
0.3053660943337828
 40
0.3693596981483203
 40
0.4343289258630149
 40
0.5002746173363247
 40
0.5709384647755696
 40
0.6562546069324869
 40
0.7562124515752294
 40
0.8707992061417319
 40
0.9999999999999999
 40
0.9999999999999999
 40
0.9999999999999999
 40
0.9999999999999999
 10
49.57052278325206
 20
97.85942334086725
 30
0.0
 10
49.53956043752513
 20
97.85928164196156
 30
0.0
 10
49.47712742653691
 20
97.85899591783023
 30
0.0
 10
49.38353600588437
 20
97.8566814053318
 30
0.0
 10
49.29013518415713
 20
97.85294371455518
 30
0.0
 10
49.19788618494196
 20
97.84761771446288
 30
0.0
 10
49.10781006057886
 20
97.84072631268054
 30
0.0
 10
49.02097706180042
 20
97.83226018636313
 30
0.0
 10
48.93849790107652
 20
97.82222909257818
 30
0.0
 10
48.86004308398155
 20
97.81047258162054
 30
0.0
 10
48.7825226218749
 20
97.79594391009174
 30
0.0
 10
48.70582819582636
 20
97.77748325649461
 30
0.0
 10
48.6361208792087
 20
97.7540635222702
 30
0.0
 10
48.58191349959649
 20
97.72552504509443
 30
0.0
 10
48.57446845507999
 20
97.70446896763633
 30
0.0
 10
48.57052278325197
 20
97.69330981721744
 30
0.0
  0
SPLINE
  5
142
330
1F
100
AcDbEntity
  8
0
100
AcDbSpline
210
0.0
220
0.0
230
1.0
 70
     8
 71
     3
 72
    20
 73
    16
 74
     0
 42
1E-08
 43
1E-08
 40
0.0
 40
0.0
 40
0.0
 40
0.0
 40
0.05912962093844901
 40
0.1192299932165449
 40
0.1803021905321681
 40
0.242347233930949
 40
0.3053660949715599
 40
0.3693596986581391
 40
0.4343289261597508
 40
0.5002746173348767
 40
0.5709384654758197
 40
0.6562546079831798
 40
0.7562124526255876
 40
0.8707992068416008
 40
1.0
 40
1.0
 40
1.0
 40
1.0
 10
73.57052278325206
 20
97.85942334086725
 30
0.0
 10
73.53956043736889
 20
97.85928164196062
 30
0.0
 10
73.4771274261128
 20
97.8589959178276
 30
0.0
 10
73.38353600513605
 20
97.85668140531608
 30
0.0
 10
73.29013518323302
 20
97.85294371452378
 30
0.0
 10
73.19788618398732
 20
97.84761771441738
 30
0.0
 10
73.10781005972821
 20
97.84072631262738
 30
0.0
 10
73.02097706116975
 20
97.83226018631279
 30
0.0
 10
72.93849790075544
 20
97.82222909254671
 30
0.0
 10
72.86004308360469
 20
97.81047258155844
 30
0.0
 10
72.78252262127886
 20
97.7959439099629
 30
0.0
 10
72.70582819506537
 20
97.7774832562757
 30
0.0
 10
72.63612087867955
 20
97.75406352203734
 30
0.0
 10
72.58191349948251
 20
97.72552504494229
 30
0.0
 10
72.57446845503765
 20
97.70446896757554
 30
0.0
 10
72.57052278325196
 20
97.69330981721744
 30
0.0
  0
LINE
  5
143
330
1F
100
AcDbEntity
  8
0
100
AcDbLine
 10
49.57052278325197
 20
95.39330981721714
 30
0.0
 11
49.57052278325197
 21
97.85942334086725
 31
0.0
  0
LINE
  5
144
330
1F
100
AcDbEntity
  8
0
100
AcDbLine
 10
73.57052278325196
 20
95.39330981721714
 30
0.0
 11
73.57052278325196
 21
97.85942334086725
 31
0.0
  0
ARC
  5
145
330
1F
100
AcDbEntity
  8
0
100
AcDbCircle
 10
49.57004437579118
 20
106.8843284569878
 30
0.0
 40
0.999521655739437
100
AcDbArc
 50
180.0203749599364
 51
270.0274244702371
  0
ARC
  5
146
330
1F
100
AcDbEntity
  8
0
100
AcDbCircle
 10
49.57087791973407
 20
106.8844518308535
 30
0.0
 40
0.9996449781878386
100
AcDbArc
 50
269.9796455741936
 51
359.9725570617956
  0
ARC
  5
147
330
1F
100
AcDbEntity
  8
0
100
AcDbCircle
 10
73.57004437579117
 20
106.8843284569878
 30
0.0
 40
0.9995216557394401
100
AcDbArc
 50
180.0203749595837
 51
270.0274244702384
  0
ARC
  5
148
330
1F
100
AcDbEntity
  8
0
100
AcDbCircle
 10
73.57087791973403
 20
106.8844518308535
 30
0.0
 40
0.9996449781878612
100
AcDbArc
 50
269.9796455741961
 51
359.9725570614421
  0
SPLINE
  5
149
330
1F
100
AcDbEntity
  8
0
100
AcDbSpline
210
0.0
220
0.0
230
1.0
 70
     8
 71
     3
 72
    11
 73
     7
 74
     0
 42
1E-08
 43
1E-08
 40
0.0
 40
0.0
 40
0.0
 40
0.0
 40
0.1480562951980999
 40
0.4320375301320681
 40
0.7160187650660366
 40
0.9999999999999999
 40
0.9999999999999999
 40
0.9999999999999999
 40
0.9999999999999999
 10
51.89061926075445
 20
72.91152698913433
 30
0.0
 10
51.85738943839869
 20
72.91625111314792
 30
0.0
 10
51.760422738279
 20
72.93003640250788
 30
0.0
 10
51.62609325476498
 20
73.03290828660805
 30
0.0
 10
51.51212634933252
 20
73.19639762559568
 30
0.0
 10
51.49746504729509
 20
73.32767242000999
 30
0.0
 10
51.49013439627637
 20
73.39330981721716
 30
0.0
  0
SPLINE
  5
14A
330
1F
100
AcDbEntity
  8
0
100
AcDbSpline
210
0.0
220
0.0
230
1.0
 70
     8
 71
     3
 72
    13
 73
     9
 74
     0
 42
1E-08
 43
1E-08
 40
0.0
 40
0.0
 40
0.0
 40
0.0
 40
0.2681521942411307
 40
0.4083751713474809
 40
0.5523391807442569
 40
0.7886898893166012
 40
0.9386938832360773
 40
1.0
 40
1.0
 40
1.0
 40
1.0
 10
52.0804247320451
 20
73.89330981721716
 30
0.0
 10
52.07899353100441
 20
73.76596836799415
 30
0.0
 10
52.07681392187657
 20
73.57203713318457
 30
0.0
 10
52.06438124159558
 20
73.34035745969487
 30
0.0
 10
52.04917341519663
 20
73.14816905547339
 30
0.0
 10
52.02775434372364
 20
73.00431407534512
 30
0.0
 10
52.0082964279441
 20
72.92362951062353
 30
0.0
 10
51.99847012881358
 20
72.91450854567536
 30
0.0
 10
51.9956192844318
 20
72.91186233560852
 30
0.0
  0
SPLINE
  5
14B
330
1F
100
AcDbEntity
  8
0
100
AcDbSpline
210
0.0
220
0.0
230
1.0
 70
     8
 71
     3
 72
    11
 73
     7
 74
     0
 42
1E-08
 43
1E-08
 40
0.0
 40
0.0
 40
0.0
 40
0.0
 40
0.1480729494070281
 40
0.4320486329380208
 40
0.716024316469015
 40
1.0
 40
1.0
 40
1.0
 40
1.0
 10
71.25041332558472
 20
72.91152436912169
 30
0.0
 10
71.28364758862212
 20
72.91624896104577
 30
0.0
 10
71.38061883130698
 20
72.93003441943065
 30
0.0
 10
71.51495235383244
 20
73.03290801071401
 30
0.0
 10
71.62891915574437
 20
73.19639769456955
 30
0.0
 10
71.64358047969517
 20
73.32767244300129
 30
0.0
 10
71.65091114167056
 20
73.39330981721716
 30
0.0
  0
SPLINE
  5
14C
330
1F
100
AcDbEntity
  8
0
100
AcDbSpline
210
0.0
220
0.0
230
1.0
 70
     8
 71
     3
 72
    13
 73
     9
 74
     0
 42
1E-08
 43
1E-08
 40
0.0
 40
0.0
 40
0.0
 40
0.0
 40
0.06127683077488277
 40
0.2112699019127238
 40
0.4476607823416074
 40
0.5916053222704198
 40
0.7318218588834849
 40
0.9999999999999999
 40
0.9999999999999999
 40
0.9999999999999999
 40
0.9999999999999999
 10
71.14542662030978
 20
72.91185860362364
 30
0.0
 10
71.14257715473209
 20
72.91450327253739
 30
0.0
 10
71.13275278383227
 20
72.92362154668658
 30
0.0
 10
71.11329520630399
 20
73.004295765929
 30
0.0
 10
71.09187499214987
 20
73.14814786195205
 30
0.0
 10
71.0766636464972
 20
73.34033880426982
 30
0.0
 10
71.06423093132891
 20
73.57201459697698
 30
0.0
 10
71.06205179569319
 20
73.76595566920308
 30
0.0
 10
71.06062083545817
 20
73.89330981721716
 30
0.0
  0
DIMENSION
  5
14D
330
1F
100
AcDbEntity
  8
DIMENSIONS
100
AcDbDimension
  2
_D
 10
80.27052278325445
 20
119.3405862068945
 30
0.0
 11
59.72859267241387
 21
119.3405862068967
 31
0.0
 70
   160
  1
<>
 71
     2
 42
-1.0
  3
SLDDIMSTYLE0
100
AcDbAlignedDimension
 13
42.87052278325194
 23
95.39330981721716
 33
0.0
 14
80.27052278325195
 24
95.39330981721716
 34
0.0
 52
0.0
 50
-5.986926459225443E-12
100
AcDbRotatedDimension
  0
DIMENSION
  5
162
330
1F
100
AcDbEntity
  8
DIMENSIONS
100
AcDbDimension
  2
_D_1
 10
79.07052278325197
 20
58.59079310344839
 30
0.0
 11
60.20320043103455
 21
58.59079310344839
 31
0.0
 70
   160
  1
<>
 71
     2
 42
-1.0
  3
SLDDIMSTYLE1
100
AcDbAlignedDimension
 13
44.07052278325052
 23
72.89330981721716
 33
0.0
 14
79.07052278325197
 24
72.89330981721716
 34
0.0
 52
0.0
100
AcDbRotatedDimension
  0
LINE
  5
177
330
1F
100
AcDbEntity
  8
0
100
AcDbLine
 10
217.136695786509
 20
176.7064322905334
 30
0.0
 11
217.1655669473471
 21
177.5389591622724
 31
0.0
  0
LINE
  5
178
330
1F
100
AcDbEntity
  8
0
100
AcDbLine
 10
234.1072585349862
 20
166.9095349486609
 30
0.0
 11
234.1361296958244
 21
167.7420618204
 31
0.0
  0
LINE
  5
179
330
1F
100
AcDbEntity
  8
0
100
AcDbLine
 10
234.1292014019775
 20
167.8912800632762
 30
0.0
 11
247.8239297447867
 21
175.1508473399521
 31
0.0
  0
LINE
  5
17A
330
1F
100
AcDbEntity
  8
0
100
AcDbLine
 10
246.8872053458863
 20
176.9179204568617
 30
0.0
 11
232.7746856275358
 21
169.4368822227171
 31
0.0
  0
SPLINE
  5
17B
330
1F
100
AcDbEntity
  8
0
100
AcDbSpline
210
0.0
220
0.0
230
1.0
 70
     8
 71
     3
 72
    25
 73
    21
 74
     0
 42
1E-08
 43
1E-08
 40
0.0
 40
0.0
 40
0.0
 40
0.0
 40
0.1110662701431256
 40
0.2105216804778603
 40
0.2991085011779098
 40
0.3775434515063607
 40
0.4465203441541178
 40
0.520440702926467
 40
0.5817937687213195
 40
0.6316374132845232
 40
0.670881106629038
 40
0.7002703317619771
 40
0.7245450551330503
 40
0.7517283097200997
 40
0.7817905197660101
 40
0.8087333900320604
 40
0.8449888684482491
 40
0.8909990612757763
 40
0.9456095128190425
 40
1.0
 40
1.0
 40
1.0
 40
1.0
 10
247.823742356336
 20
175.1507480760231
 30
0.0
 10
248.0880769778917
 20
175.2885086547715
 30
0.0
 10
248.5891126988776
 20
175.5496283313782
 30
0.0
 10
249.2968961136762
 20
175.8879482441393
 30
0.0
 10
249.9236755958386
 20
176.166146309757
 30
0.0
 10
250.4744174013617
 20
176.3895669215398
 30
0.0
 10
250.9860549925706
 20
176.5774261936195
 30
0.0
 10
251.452405353656
 20
176.728423988109
 30
0.0
 10
251.8680415485475
 20
176.8428095301084
 30
0.0
 10
252.1992036397322
 20
176.918455046392
 30
0.0
 10
252.4541140111903
 20
176.9657062306066
 30
0.0
 10
252.6483329439977
 20
176.9945040144428
 30
0.0
 10
252.810893423957
 20
177.0135945108789
 30
0.0
 10
252.9730260573293
 20
177.0272442280637
 30
0.0
 10
253.1368359415477
 20
177.0343636952177
 30
0.0
 10
253.3148831362016
 20
177.0336591592189
 30
0.0
 10
253.4973599336529
 20
177.0228946872934
 30
0.0
 10
253.7051866370282
 20
176.9934670728563
 30
0.0
 10
253.9178151995338
 20
176.9416463097385
 30
0.0
 10
254.0447570101505
 20
176.8767457820204
 30
0.0
 10
254.1080998308994
 20
176.8443610029332
 30
0.0
  0
SPLINE
  5
17C
330
1F
100
AcDbEntity
  8
0
100
AcDbSpline
210
0.0
220
0.0
230
1.0
 70
     8
 71
     3
 72
    20
 73
    16
 74
     0
 42
1E-08
 43
1E-08
 40
0.0
 40
0.0
 40
0.0
 40
0.0
 40
0.07684492663588345
 40
0.1692747469441657
 40
0.2496087115375051
 40
0.3194909845546283
 40
0.3990359285007023
 40
0.4715072703038958
 40
0.5398529047170227
 40
0.6368603335187406
 40
0.7380618010826504
 40
0.7914314852792008
 40
0.8514554418886457
 40
0.9209414839801263
 40
1.0
 40
1.0
 40
1.0
 40
1.0
 10
256.6159949984115
 20
173.1664813134369
 30
0.0
 10
256.6438418465556
 20
173.3372195446673
 30
0.0
 10
256.7051831527309
 20
173.713323370261
 30
0.0
 10
256.7589821417082
 20
174.2583540228413
 30
0.0
 10
256.7859123367555
 20
174.779811219973
 30
0.0
 10
256.7837941210936
 20
175.2637353140831
 30
0.0
 10
256.7532966222068
 20
175.7208984107929
 30
0.0
 10
256.6902327272582
 20
176.1614430745184
 30
0.0
 10
256.5864503041252
 20
176.6194814364609
 30
0.0
 10
256.4173635129603
 20
177.1082429421633
 30
0.0
 10
256.2013384461837
 20
177.5167825332902
 30
0.0
 10
255.9882650263775
 20
177.8203124762394
 30
0.0
 10
255.773766531491
 20
178.0701522383831
 30
0.0
 10
255.4882740139005
 20
178.33816928126
 30
0.0
 10
255.2484882509871
 20
178.4911074652001
 30
0.0
 10
255.1208692602974
 20
178.5725043606421
 30
0.0
  0
LINE
  5
17D
330
1F
100
AcDbEntity
  8
0
100
AcDbLine
 10
255.1208692713151
 20
178.5725043542838
 30
0.0
 11
255.0872978531319
 21
178.5883230634651
 31
0.0
  0
SPLINE
  5
17E
330
1F
100
AcDbEntity
  8
0
100
AcDbSpline
210
0.0
220
0.0
230
1.0
 70
     8
 71
     3
 72
    25
 73
    21
 74
     0
 42
1E-08
 43
1E-08
 40
0.0
 40
0.0
 40
0.0
 40
0.0
 40
0.04026477096459495
 40
0.08894616237404797
 40
0.1258072018121934
 40
0.154492936824988
 40
0.1824739799857288
 40
0.2168023532918332
 40
0.2504195340615941
 40
0.2839661761050885
 40
0.3239321178129261
 40
0.3723159807453958
 40
0.4295861154257008
 40
0.49632656513898
 40
0.5732400333445463
 40
0.6426346527841633
 40
0.7195092945836623
 40
0.8043514174205798
 40
0.8976715151782333
 40
1.0
 40
1.0
 40
1.0
 40
1.0
 10
254.9653832136204
 20
178.6457687220561
 30
0.0
 10
254.8633320443855
 20
178.697443060154
 30
0.0
 10
254.6378977589846
 20
178.8115933199697
 30
0.0
 10
254.2970307253932
 20
178.9091201292792
 30
0.0
 10
253.9930523284525
 20
178.9722092719308
 30
0.0
 10
253.7610118377552
 20
179.0049262930265
 30
0.0
 10
253.5272424942708
 20
179.0261050952885
 30
0.0
 10
253.2778879711548
 20
179.0355010449997
 30
0.0
 10
253.0099783850959
 20
179.0319417583113
 30
0.0
 10
252.7235735954667
 20
179.014839509275
 30
0.0
 10
252.398115232523
 20
178.9802245911902
 30
0.0
 10
252.00768460699
 20
178.9191966082969
 30
0.0
 10
251.5429785080629
 20
178.822175552578
 30
0.0
 10
250.9982610621832
 20
178.6792849720332
 30
0.0
 10
250.4177509837746
 20
178.4959236603588
 30
0.0
 10
249.8075963977249
 20
178.2750042494668
 30
0.0
 10
249.1743733887656
 20
178.0201883402127
 30
0.0
 10
248.4747229163055
 20
177.7109916915585
 30
0.0
 10
247.7048844255836
 20
177.3438589998156
 30
0.0
 10
247.1682647863418
 20
177.0643297686044
 30
0.0
 10
246.8876009865572
 20
176.9181298712367
 30
0.0
  0
SPLINE
  5
17F
330
1F
100
AcDbEntity
  8
0
100
AcDbSpline
210
0.0
220
0.0
230
1.0
 70
     8
 71
     3
 72
    20
 73
    16
 74
     0
 42
1E-08
 43
1E-08
 40
0.0
 40
0.0
 40
0.0
 40
0.0
 40
0.1007040490049452
 40
0.1924863608359949
 40
0.2641014027217712
 40
0.3154787745804996
 40
0.3535800818394454
 40
0.4008238326550755
 40
0.4597187166401741
 40
0.532031572320035
 40
0.6203664029543496
 40
0.6993146220509676
 40
0.7913227911216246
 40
0.8988684503387762
 40
1.0
 40
1.0
 40
1.0
 40
1.0
 10
254.1176248279498
 20
176.8390947671943
 30
0.0
 10
254.1759572132017
 20
176.8022027319457
 30
0.0
 10
254.2874541059977
 20
176.7316870607386
 30
0.0
 10
254.4098349586965
 20
176.5937334365921
 30
0.0
 10
254.4996341123382
 20
176.4554754323215
 30
0.0
 10
254.5605780901339
 20
176.3323228596206
 30
0.0
 10
254.6116584614769
 20
176.2069051974756
 30
0.0
 10
254.6612361498342
 20
176.0573317543285
 30
0.0
 10
254.712308260429
 20
175.8524758563128
 30
0.0
 10
254.7577011390455
 20
175.5751395034905
 30
0.0
 10
254.7837303653643
 20
175.2454403387211
 30
0.0
 10
254.7877303977287
 20
174.8657347929008
 30
0.0
 10
254.7669560380393
 20
174.4375925747815
 30
0.0
 10
254.7197582917236
 20
173.9577180445818
 30
0.0
 10
254.6631242524225
 20
173.61143069002
 30
0.0
 10
254.6356776127589
 20
173.4436089284431
 30
0.0
  0
LINE
  5
180
330
1F
100
AcDbEntity
  8
0
100
AcDbLine
 10
217.1586386535003
 20
177.6881774051487
 30
0.0
 11
230.8533669963094
 21
184.9477446818245
 31
0.0
  0
LINE
  5
181
330
1F
100
AcDbEntity
  8
0
100
AcDbLine
 10
229.916642597409
 20
186.7148177987342
 30
0.0
 11
215.8041228790586
 21
179.2337795645895
 31
0.0
  0
LINE
  5
182
330
1F
100
AcDbEntity
  8
0
100
AcDbLine
 10
256.4314323534738
 20
171.283220873448
 30
0.0
 11
256.6215461237694
 21
173.1817860421645
 31
0.0
  0
LINE
  5
183
330
1F
100
AcDbEntity
  8
0
100
AcDbLine
 10
254.6364870161005
 20
173.4308785239289
 30
0.0
 11
254.4274105005499
 21
171.3429424980229
 31
0.0
  0
SPLINE
  5
184
330
1F
100
AcDbEntity
  8
0
100
AcDbSpline
210
0.0
220
0.0
230
1.0
 70
     8
 71
     3
 72
    25
 73
    21
 74
     0
 42
1E-08
 43
1E-08
 40
0.0
 40
0.0
 40
0.0
 40
0.0
 40
0.1110662701431256
 40
0.2105216804778592
 40
0.2991085011779083
 40
0.377543451506358
 40
0.4465203441541142
 40
0.5204407029264622
 40
0.5817937687213136
 40
0.6316374132845149
 40
0.6708811066290271
 40
0.7002703317619645
 40
0.7245450551330366
 40
0.7517283097200851
 40
0.7817905197659939
 40
0.8087333900320433
 40
0.8449888684482372
 40
0.8909990612757789
 40
0.9456095128190692
 40
1.0
 40
1.0
 40
1.0
 40
1.0
 10
230.8531796078588
 20
184.9476454178956
 30
0.0
 10
231.1175142294144
 20
185.0854059966439
 30
0.0
 10
231.6185499504003
 20
185.3465256732507
 30
0.0
 10
232.326333365199
 20
185.6848455860117
 30
0.0
 10
232.9531128473614
 20
185.9630436516295
 30
0.0
 10
233.5038546528845
 20
186.1864642634122
 30
0.0
 10
234.0154922440934
 20
186.374323535492
 30
0.0
 10
234.4818426051789
 20
186.5253213299815
 30
0.0
 10
234.8974788000704
 20
186.6397068719808
 30
0.0
 10
235.228640891255
 20
186.7153523882644
 30
0.0
 10
235.4835512627131
 20
186.762603572479
 30
0.0
 10
235.6777701955205
 20
186.7914013563152
 30
0.0
 10
235.8403306754798
 20
186.8104918527514
 30
0.0
 10
236.0024633088523
 20
186.8241415699362
 30
0.0
 10
236.1662731930707
 20
186.8312610370902
 30
0.0
 10
236.3443203877247
 20
186.8305565010913
 30
0.0
 10
236.5267971851761
 20
186.8197920291659
 30
0.0
 10
236.7346238885513
 20
186.7903644147287
 30
0.0
 10
236.9472524510569
 20
186.7385436516108
 30
0.0
 10
237.0741942616734
 20
186.6736431238928
 30
0.0
 10
237.1375370824222
 20
186.6412583448056
 30
0.0
  0
SPLINE
  5
185
330
1F
100
AcDbEntity
  8
0
100
AcDbSpline
210
0.0
220
0.0
230
1.0
 70
     8
 71
     3
 72
    20
 73
    16
 74
     0
 42
1E-08
 43
1E-08
 40
0.0
 40
0.0
 40
0.0
 40
0.0
 40
0.07684492663530519
 40
0.1692747469427961
 40
0.2496087115354448
 40
0.3194909845519639
 40
0.3990359284973608
 40
0.4715072702999473
 40
0.5398529047125098
 40
0.6368603335134386
 40
0.7380618010765503
 40
0.7914314852727111
 40
0.8514554418827871
 40
0.920941483976442
 40
1.0
 40
1.0
 40
1.0
 40
1.0
 10
239.6454322499341
 20
182.9633786553087
 30
0.0
 10
239.6732790980781
 20
183.1341168865392
 30
0.0
 10
239.7346204042531
 20
183.5102207121328
 30
0.0
 10
239.7884193932304
 20
184.0552513647129
 30
0.0
 10
239.8153495882779
 20
184.5767085618442
 30
0.0
 10
239.8132313726162
 20
185.0606326559541
 30
0.0
 10
239.7827338737296
 20
185.5177957526643
 30
0.0
 10
239.7196699787811
 20
185.9583404163903
 30
0.0
 10
239.6158875556479
 20
186.4163787783334
 30
0.0
 10
239.4468007644827
 20
186.9051402840366
 30
0.0
 10
239.2307756977055
 20
187.3136798751644
 30
0.0
 10
239.0177022778971
 20
187.6172098181163
 30
0.0
 10
238.8032037830053
 20
187.8670495802653
 30
0.0
 10
238.5177112654027
 20
188.1350666231501
 30
0.0
 10
238.2779255024778
 20
188.288004807093
 30
0.0
 10
238.1503065117811
 20
188.3694017025372
 30
0.0
  0
SPLINE
  5
186
330
1F
100
AcDbEntity
  8
0
100
AcDbSpline
210
0.0
220
0.0
230
1.0
 70
     8
 71
     3
 72
    11
 73
     7
 74
     0
 42
1E-08
 43
1E-08
 40
0.0
 40
0.0
 40
0.0
 40
0.0
 40
0.05796330465742781
 40
0.3807656394129844
 40
0.6962319607530985
 40
1.0
 40
1.0
 40
1.0
 40
1.0
 10
237.3562256246719
 20
144.7413159257951
 30
0.0
 10
237.3670814940433
 20
144.7340334357349
 30
0.0
 10
237.4383945785376
 20
144.686194169139
 30
0.0
 10
237.604365109648
 20
144.6531458921384
 30
0.0
 10
237.8357993577822
 20
144.6467164734733
 30
0.0
 10
237.986525331075
 20
144.6943990818176
 30
0.0
 10
238.0604645958912
 20
144.7177899873694
 30
0.0
  0
SPLINE
  5
187
330
1F
100
AcDbEntity
  8
0
100
AcDbSpline
210
0.0
220
0.0
230
1.0
 70
     8
 71
     3
 72
    12
 73
     8
 74
     0
 42
1E-08
 43
1E-08
 40
0.0
 40
0.0
 40
0.0
 40
0.0
 40
0.1523456938764054
 40
0.2962831799333104
 40
0.5596042376751099
 40
0.7936008183583015
 40
0.9999999999999999
 40
0.9999999999999999
 40
0.9999999999999999
 40
0.9999999999999999
 10
224.0560768077975
 20
169.3348225831431
 30
0.0
 10
224.0105824642965
 20
169.2737418840578
 30
0.0
 10
223.9221046844625
 20
169.1549516294921
 30
0.0
 10
223.7738719264225
 20
168.8917531007377
 30
0.0
 10
223.6367979490711
 20
168.5591277527364
 30
0.0
 10
223.5430880579317
 20
168.1829474809606
 30
0.0
 10
223.5330524359208
 20
167.9654614929859
 30
0.0
 10
223.528349066026
 20
167.8635328783699
 30
0.0
  0
LINE
  5
188
330
1F
100
AcDbEntity
  8
0
100
AcDbLine
 10
238.1503065228305
 20
188.3694016961605
 30
0.0
 11
238.116735104652
 21
188.3852204053395
 31
0.0
  0
SPLINE
  5
189
330
1F
100
AcDbEntity
  8
0
100
AcDbSpline
210
0.0
220
0.0
230
1.0
 70
     8
 71
     3
 72
    25
 73
    21
 74
     0
 42
1E-08
 43
1E-08
 40
0.0
 40
0.0
 40
0.0
 40
0.0
 40
0.04026477096643601
 40
0.08894616237548818
 40
0.1258072018134414
 40
0.15449293682619
 40
0.1824739799868887
 40
0.2168023532929428
 40
0.2504195340626544
 40
0.2839661761060996
 40
0.3239321178138801
 40
0.3723159807462821
 40
0.429586115426506
 40
0.4963265651396914
 40
0.5732400333451493
 40
0.6426346527846687
 40
0.7195092945840593
 40
0.804351417420857
 40
0.8976715151783785
 40
1.0
 40
1.0
 40
1.0
 40
1.0
 10
237.9948204651542
 20
188.4426660639238
 30
0.0
 10
237.8927692959143
 20
188.494340402024
 30
0.0
 10
237.667335010509
 20
188.6084906618414
 30
0.0
 10
237.3264679769135
 20
188.7060174711523
 30
0.0
 10
237.0224895799741
 20
188.7691066138034
 30
0.0
 10
236.7904490892773
 20
188.8018236348991
 30
0.0
 10
236.556679745793
 20
188.823002437161
 30
0.0
 10
236.3073252226772
 20
188.8323983868722
 30
0.0
 10
236.0394156366184
 20
188.8288391001838
 30
0.0
 10
235.7530108469895
 20
188.8117368511475
 30
0.0
 10
235.4275524840459
 20
188.7771219330627
 30
0.0
 10
235.037121858513
 20
188.7160939501694
 30
0.0
 10
234.572415759586
 20
188.6190728944505
 30
0.0
 10
234.0276983137062
 20
188.4761823139058
 30
0.0
 10
233.4471882352977
 20
188.2928210022313
 30
0.0
 10
232.837033649248
 20
188.0719015913394
 30
0.0
 10
232.2038106402886
 20
187.8170856820852
 30
0.0
 10
231.5041601678284
 20
187.507889033431
 30
0.0
 10
230.7343216771065
 20
187.1407563416881
 30
0.0
 10
230.1977020378646
 20
186.8612271104769
 30
0.0
 10
229.91703823808
 20
186.7150272131092
 30
0.0
  0
SPLINE
  5
18A
330
1F
100
AcDbEntity
  8
0
100
AcDbSpline
210
0.0
220
0.0
230
1.0
 70
     8
 71
     3
 72
    20
 73
    16
 74
     0
 42
1E-08
 43
1E-08
 40
0.0
 40
0.0
 40
0.0
 40
0.0
 40
0.1007040490049318
 40
0.1924863608359753
 40
0.2641014027217455
 40
0.3154787745804683
 40
0.3535800818394118
 40
0.4008238326550391
 40
0.4597187166401331
 40
0.5320315723199905
 40
0.6203664029542959
 40
0.6993146220509074
 40
0.7913227911215568
 40
0.8988684503387011
 40
1.0
 40
1.0
 40
1.0
 40
1.0
 10
237.1470620794725
 20
186.6359921090668
 30
0.0
 10
237.2053944647245
 20
186.5991000738181
 30
0.0
 10
237.3168913575205
 20
186.528584402611
 30
0.0
 10
237.4392722102193
 20
186.3906307784646
 30
0.0
 10
237.5290713638609
 20
186.2523727741939
 30
0.0
 10
237.5900153416567
 20
186.1292202014931
 30
0.0
 10
237.6410957129997
 20
186.0038025393481
 30
0.0
 10
237.6906734013569
 20
185.854229096201
 30
0.0
 10
237.7417455119518
 20
185.6493731981853
 30
0.0
 10
237.7871383905683
 20
185.3720368453629
 30
0.0
 10
237.8131676168871
 20
185.0423376805936
 30
0.0
 10
237.8171676492514
 20
184.6626321347732
 30
0.0
 10
237.7963932895621
 20
184.234489916654
 30
0.0
 10
237.7491955432463
 20
183.7546153864541
 30
0.0
 10
237.6925615039453
 20
183.4083280318921
 30
0.0
 10
237.6651148642816
 20
183.2405062703151
 30
0.0
  0
LINE
  5
18B
330
1F
100
AcDbEntity
  8
0
100
AcDbLine
 10
226.2318209642789
 20
172.0603945912737
 30
0.0
 11
224.0568210346885
 21
169.3357637730344
 31
0.0
  0
LINE
  5
18C
330
1F
100
AcDbEntity
  8
0
100
AcDbLine
 10
223.8611636785907
 20
152.5243374893457
 30
0.0
 11
237.3236679324113
 21
144.7525992097158
 31
0.0
  0
LINE
  5
18D
330
1F
100
AcDbEntity
  8
0
100
AcDbLine
 10
238.0531867740163
 20
144.7148950499142
 30
0.0
 11
241.5158533837638
 21
146.0475316398182
 31
0.0
  0
LINE
  5
18E
330
1F
100
AcDbEntity
  8
0
100
AcDbLine
 10
223.5283091036333
 20
167.872046323474
 30
0.0
 11
223.5283091036333
 21
153.174311904311
 31
0.0
  0
LINE
  5
18F
330
1F
100
AcDbEntity
  8
0
100
AcDbLine
 10
227.327096969837
 20
173.0338364294101
 30
0.0
 11
226.2454793656575
 21
172.0747600972311
 31
0.0
  0
LINE
  5
190
330
1F
100
AcDbEntity
  8
0
100
AcDbLine
 10
241.5246925107931
 20
146.0507164130634
 30
0.0
 11
245.0602264167239
 21
148.091736692619
 31
0.0
  0
LINE
  5
191
330
1F
100
AcDbEntity
  8
0
100
AcDbLine
 10
229.2063705037236
 20
174.5142844898893
 30
0.0
 11
228.7447041813506
 21
174.2229181961303
 31
0.0
  0
LINE
  5
192
330
1F
100
AcDbEntity
  8
0
100
AcDbLine
 10
239.4608696049963
 20
181.080118215318
 30
0.0
 11
239.6509833752921
 21
182.9786833840363
 31
0.0
  0
SPLINE
  5
193
330
1F
100
AcDbEntity
  8
0
100
AcDbSpline
210
0.0
220
0.0
230
1.0
 70
     8
 71
     3
 72
    11
 73
     7
 74
     0
 42
1E-08
 43
1E-08
 40
0.0
 40
0.0
 40
0.0
 40
0.0
 40
0.2841409304869653
 40
0.5872679360412839
 40
0.9001473385955525
 40
1.0
 40
1.0
 40
1.0
 40
1.0
 10
223.5283838204531
 20
153.1820871856276
 30
0.0
 10
223.5334501208399
 20
153.1072519300938
 30
0.0
 10
223.5439212478485
 20
152.952580985696
 30
0.0
 10
223.6359325709427
 20
152.7451508827999
 30
0.0
 10
223.7371449480473
 20
152.6051497946298
 30
0.0
 10
223.8148576408768
 20
152.5626655354402
 30
0.0
 10
223.8336587466826
 20
152.5523872781438
 30
0.0
  0
LINE
  5
194
330
1F
100
AcDbEntity
  8
0
100
AcDbLine
 10
237.6659242676234
 20
183.2277758658029
 30
0.0
 11
237.4568477520727
 21
181.1398398398954
 31
0.0
  0
LINE
  5
195
330
1F
100
AcDbEntity
  8
0
100
AcDbLine
 10
213.8158796524799
 20
175.1074862783809
 30
0.0
 11
212.7552194806993
 21
175.7197923622474
 31
0.0
  0
LINE
  5
196
330
1F
100
AcDbEntity
  8
0
100
AcDbLine
 10
213.8158796524799
 20
175.1074862783809
 30
0.0
 11
213.7870084916411
 21
174.2749594066452
 31
0.0
  0
LINE
  5
197
330
1F
100
AcDbEntity
  8
0
100
AcDbLine
 10
212.7263483198613
 20
174.8872654905122
 30
0.0
 11
213.7870084916411
 21
174.2749594066452
 31
0.0
  0
LINE
  5
198
330
1F
100
AcDbEntity
  8
0
100
AcDbLine
 10
212.7552194806993
 20
175.7197923622474
 30
0.0
 11
212.7263483198613
 21
174.8872654905122
 31
0.0
  0
LINE
  5
199
330
1F
100
AcDbEntity
  8
0
100
AcDbLine
 10
216.2886896101724
 20
176.418321353089
 30
0.0
 11
213.8158796524799
 21
175.1074862783809
 31
0.0
  0
LINE
  5
19A
330
1F
100
AcDbEntity
  8
0
100
AcDbLine
 10
216.2886896101724
 20
176.418321353089
 30
0.0
 11
216.2598184493342
 21
175.5857944813499
 31
0.0
  0
LINE
  5
19B
330
1F
100
AcDbEntity
  8
0
100
AcDbLine
 10
213.7870084916411
 20
174.2749594066452
 30
0.0
 11
216.2598184493342
 21
175.5857944813499
 31
0.0
  0
LINE
  5
19C
330
1F
100
AcDbEntity
  8
0
100
AcDbLine
 10
210.6338991371404
 20
176.9444045299819
 30
0.0
 11
209.5732389653598
 21
177.5567106138485
 31
0.0
  0
LINE
  5
19D
330
1F
100
AcDbEntity
  8
0
100
AcDbLine
 10
209.5732389653598
 20
177.5567106138485
 30
0.0
 11
212.0460489230531
 21
178.8675456885572
 31
0.0
  0
ARC
  5
19E
330
1F
100
AcDbEntity
  8
0
100
AcDbCircle
 10
214.0643500824466
 20
174.5301750300411
 30
0.0
 40
4.783965279907989
100
AcDbArc
 50
62.316469526902
 51
114.953890080779
  0
LWPOLYLINE
  5
19F
330
1F
100
AcDbEntity
  8
0
100
AcDbPolyline
 90
       13
 70
   128
 43
0.0
 10
216.2869206589231
 20
178.7665064419996
 10
216.5456754698602
 20
178.5970501567016
 10
216.7637368022689
 20
178.4112686712327
 10
216.9373735662933
 20
178.2123407583175
 10
217.0636147887599
 20
178.0036701296993
 10
217.1403004473516
 20
177.7888271976881
 10
217.1661184291887
 20
177.5714879844164
 10
217.1406269814437
 20
177.355371224081
 10
217.0642622698552
 20
177.1441747343702
 10
216.9383309158107
 20
176.9415121457777
 10
216.7649876396928
 20
176.7508510713829
 10
216.5471983930156
 20
176.5754537750301
 10
216.2886896101724
 20
176.418321353089
  0
LINE
  5
1A0
330
1F
100
AcDbEntity
  8
0
100
AcDbLine
 10
212.7552194806993
 20
175.7197923622474
 30
0.0
 11
215.2280294383926
 21
177.0306274369561
 31
0.0
  0
LWPOLYLINE
  5
1A1
330
1F
100
AcDbEntity
  8
0
100
AcDbPolyline
 90
       10
 70
   128
 43
0.0
 10
215.2271449627677
 20
178.2047199814112
 10
215.3952262945934
 20
178.0898593471097
 10
215.5259998119497
 20
177.9614190977318
 10
215.6154920276861
 20
177.8233018252611
 10
215.6609837661127
 20
177.6797041531308
 10
215.6610927837775
 20
177.5349892239446
 10
215.6158157682338
 20
177.3935541275966
 10
215.5265284386876
 20
177.2596962979197
 10
215.3959437454657
 20
177.1374829373334
 10
215.2280294383926
 20
177.0306274369561
  0
ARC
  5
1A2
330
1F
100
AcDbEntity
  8
0
100
AcDbCircle
 10
214.1161248129219
 20
176.0976828017539
 30
0.0
 40
2.382009960059288
100
AcDbArc
 50
62.19775589239076
 51
115.0726037152815
  0
LINE
  5
1A3
330
1F
100
AcDbEntity
  8
0
100
AcDbLine
 10
213.1067090948329
 20
178.2552396046901
 30
0.0
 11
210.6338991371404
 21
176.9444045299819
 31
0.0
  0
ARC
  5
1A4
330
1F
100
AcDbEntity
  8
0
100
AcDbCircle
 10
215.7249760224572
 20
176.9076869544217
 30
0.0
 40
1.425993033626555
100
AcDbArc
 50
292.0284321355542
 51
351.8865870739457
  0
LINE
  5
1A5
330
1F
100
AcDbEntity
  8
0
100
AcDbLine
 10
213.0778379339943
 20
177.4227127329508
 30
0.0
 11
213.1067090948329
 21
178.2552396046901
 31
0.0
  0
LINE
  5
1A6
330
1F
100
AcDbEntity
  8
0
100
AcDbLine
 10
210.6338991371404
 20
176.9444045299819
 30
0.0
 11
210.6050279763016
 21
176.1118776582463
 31
0.0
  0
LINE
  5
1A7
330
1F
100
AcDbEntity
  8
0
100
AcDbLine
 10
210.6050279763016
 20
176.1118776582463
 30
0.0
 11
213.0778379339943
 21
177.4227127329508
 31
0.0
  0
LINE
  5
1A8
330
1F
100
AcDbEntity
  8
0
100
AcDbLine
 10
209.5732389653598
 20
177.5567106138485
 30
0.0
 11
209.5443678045218
 21
176.7241837421134
 31
0.0
  0
LINE
  5
1A9
330
1F
100
AcDbEntity
  8
0
100
AcDbLine
 10
209.5443678045218
 20
176.7241837421134
 30
0.0
 11
210.6050279763016
 21
176.1118776582463
 31
0.0
  0
LINE
  5
1AA
330
1F
100
AcDbEntity
  8
0
100
AcDbLine
 10
215.1982738019296
 20
177.3721931096722
 30
0.0
 11
215.2271449627677
 21
178.2047199814112
 31
0.0
  0
LWPOLYLINE
  5
1AB
330
1F
100
AcDbEntity
  8
0
100
AcDbPolyline
 90
        3
 70
   128
 43
0.0
 10
215.1982738019296
 20
177.3721931096722
 10
215.3663551337553
 20
177.2573324753706
 10
215.4495290236025
 20
177.1817055152844
  0
ARC
  5
1AC
330
1F
100
AcDbEntity
  8
0
100
AcDbCircle
 10
214.0872536520838
 20
175.2651559300146
 30
0.0
 40
2.382009960059466
100
AcDbArc
 50
62.19775589239451
 51
115.0726037152942
  0
LINE
  5
1AD
330
1F
100
AcDbEntity
  8
0
100
AcDbLine
 10
230.7864424009571
 20
165.3105889365084
 30
0.0
 11
229.7257822291765
 21
165.922895020375
 31
0.0
  0
LINE
  5
1AE
330
1F
100
AcDbEntity
  8
0
100
AcDbLine
 10
230.7864424009571
 20
165.3105889365084
 30
0.0
 11
230.7575712401184
 21
164.4780620647728
 31
0.0
  0
LINE
  5
1AF
330
1F
100
AcDbEntity
  8
0
100
AcDbLine
 10
229.6969110683385
 20
165.0903681486398
 30
0.0
 11
230.7575712401184
 21
164.4780620647728
 31
0.0
  0
LINE
  5
1B0
330
1F
100
AcDbEntity
  8
0
100
AcDbLine
 10
229.7257822291765
 20
165.922895020375
 30
0.0
 11
229.6969110683385
 21
165.0903681486398
 31
0.0
  0
LINE
  5
1B1
330
1F
100
AcDbEntity
  8
0
100
AcDbLine
 10
233.2592523586496
 20
166.6214240112166
 30
0.0
 11
230.7864424009571
 21
165.3105889365084
 31
0.0
  0
LINE
  5
1B2
330
1F
100
AcDbEntity
  8
0
100
AcDbLine
 10
233.2592523586496
 20
166.6214240112166
 30
0.0
 11
233.2303811978114
 21
165.7888971394775
 31
0.0
  0
LINE
  5
1B3
330
1F
100
AcDbEntity
  8
0
100
AcDbLine
 10
230.7575712401184
 20
164.4780620647728
 30
0.0
 11
233.2303811978114
 21
165.7888971394775
 31
0.0
  0
LINE
  5
1B4
330
1F
100
AcDbEntity
  8
0
100
AcDbLine
 10
227.6044618856176
 20
167.1475071881095
 30
0.0
 11
226.5438017138371
 21
167.7598132719761
 31
0.0
  0
LINE
  5
1B5
330
1F
100
AcDbEntity
  8
0
100
AcDbLine
 10
226.5438017138371
 20
167.7598132719761
 30
0.0
 11
229.0166116715303
 21
169.0706483466847
 31
0.0
  0
ARC
  5
1B6
330
1F
100
AcDbEntity
  8
0
100
AcDbCircle
 10
231.0349128309239
 20
164.7332776881689
 30
0.0
 40
4.783965279907728
100
AcDbArc
 50
62.31646952690117
 51
114.9538900807812
  0
LWPOLYLINE
  5
1B7
330
1F
100
AcDbEntity
  8
0
100
AcDbPolyline
 90
       13
 70
   128
 43
0.0
 10
233.2574834074003
 20
168.9696091001271
 10
233.5162382183375
 20
168.8001528148292
 10
233.7342995507461
 20
168.6143713293602
 10
233.9079363147705
 20
168.415443416445
 10
234.0341775372371
 20
168.2067727878268
 10
234.1108631958288
 20
167.9919298558156
 10
234.1366811776659
 20
167.7745906425439
 10
234.1111897299209
 20
167.5584738822085
 10
234.0348250183324
 20
167.3472773924977
 10
233.908893664288
 20
167.1446148039053
 10
233.73555038817
 20
166.9539537295105
 10
233.5177611414928
 20
166.7785564331576
 10
233.2592523586496
 20
166.6214240112166
  0
LINE
  5
1B8
330
1F
100
AcDbEntity
  8
0
100
AcDbLine
 10
229.7257822291765
 20
165.922895020375
 30
0.0
 11
232.1985921868698
 21
167.2337300950836
 31
0.0
  0
LWPOLYLINE
  5
1B9
330
1F
100
AcDbEntity
  8
0
100
AcDbPolyline
 90
       10
 70
   128
 43
0.0
 10
232.1977077112449
 20
168.4078226395388
 10
232.3657890430707
 20
168.2929620052372
 10
232.4965625604269
 20
168.1645217558594
 10
232.5860547761633
 20
168.0264044833886
 10
232.63154651459
 20
167.8828068112583
 10
232.6316555322547
 20
167.7380918820722
 10
232.586378516711
 20
167.5966567857242
 10
232.4970911871649
 20
167.4627989560473
 10
232.366506493943
 20
167.3405855954609
 10
232.1985921868698
 20
167.2337300950836
  0
ARC
  5
1BA
330
1F
100
AcDbEntity
  8
0
100
AcDbCircle
 10
231.0866875613992
 20
166.3007854598811
 30
0.0
 40
2.382009960059596
100
AcDbArc
 50
62.1977558923961
 51
115.0726037152799
  0
LINE
  5
1BB
330
1F
100
AcDbEntity
  8
0
100
AcDbLine
 10
230.0772718433101
 20
168.4583422628176
 30
0.0
 11
227.6044618856176
 21
167.1475071881095
 31
0.0
  0
ARC
  5
1BC
330
1F
100
AcDbEntity
  8
0
100
AcDbCircle
 10
232.6955387709345
 20
167.1107896125492
 30
0.0
 40
1.425993033626433
100
AcDbArc
 50
292.0284321355513
 51
351.8865870739486
  0
LINE
  5
1BD
330
1F
100
AcDbEntity
  8
0
100
AcDbLine
 10
230.0484006824715
 20
167.6258153910783
 30
0.0
 11
230.0772718433101
 21
168.4583422628176
 31
0.0
  0
LINE
  5
1BE
330
1F
100
AcDbEntity
  8
0
100
AcDbLine
 10
227.6044618856176
 20
167.1475071881095
 30
0.0
 11
227.5755907247789
 21
166.3149803163738
 31
0.0
  0
LINE
  5
1BF
330
1F
100
AcDbEntity
  8
0
100
AcDbLine
 10
227.5755907247789
 20
166.3149803163738
 30
0.0
 11
230.0484006824715
 21
167.6258153910783
 31
0.0
  0
LINE
  5
1C0
330
1F
100
AcDbEntity
  8
0
100
AcDbLine
 10
226.5438017138371
 20
167.7598132719761
 30
0.0
 11
226.514930552999
 21
166.9272864002409
 31
0.0
  0
LINE
  5
1C1
330
1F
100
AcDbEntity
  8
0
100
AcDbLine
 10
226.514930552999
 20
166.9272864002409
 30
0.0
 11
227.5755907247789
 21
166.3149803163738
 31
0.0
  0
LINE
  5
1C2
330
1F
100
AcDbEntity
  8
0
100
AcDbLine
 10
232.1688365504068
 20
167.5752957677997
 30
0.0
 11
232.1977077112449
 21
168.4078226395388
 31
0.0
  0
LWPOLYLINE
  5
1C3
330
1F
100
AcDbEntity
  8
0
100
AcDbPolyline
 90
        3
 70
   128
 43
0.0
 10
232.1688365504068
 20
167.5752957677997
 10
232.3369178822326
 20
167.4604351334982
 10
232.420091772083
 20
167.3848081734085
  0
ARC
  5
1C4
330
1F
100
AcDbEntity
  8
0
100
AcDbCircle
 10
231.0578164005611
 20
165.4682585881424
 30
0.0
 40
2.382009960059194
100
AcDbArc
 50
62.19775589239314
 51
115.072603715298
  0
ARC
  5
1C5
330
1F
100
AcDbEntity
  8
0
100
AcDbCircle
 10
232.4596488208634
 20
168.1324727071965
 30
0.0
 40
1.493584264435445
100
AcDbArc
 50
9.585540675597711
 51
57.05460308530438
  0
LINE
  5
1C6
330
1F
100
AcDbEntity
  8
0
100
AcDbLine
 10
247.3844387037277
 20
176.8669107715514
 30
0.0
 11
233.2719189878237
 21
169.3858725359963
 31
0.0
  0
ARC
  5
1C7
330
1F
100
AcDbEntity
  8
0
100
AcDbCircle
 10
232.9929925714153
 20
169.0381626839957
 30
0.0
 40
0.4457601226543005
100
AcDbArc
 50
51.26405836143423
 51
150.3522719613389
  0
SPLINE
  5
1C8
330
1F
100
AcDbEntity
  8
0
100
AcDbSpline
210
0.0
220
0.0
230
1.0
 70
     8
 71
     3
 72
    10
 73
     6
 74
     0
 42
1E-08
 43
1E-08
 40
0.0
 40
0.0
 40
0.0
 40
0.0
 40
0.3587380730035572
 40
0.6597747173159522
 40
1.0
 40
1.0
 40
1.0
 40
1.0
 10
256.6087471980361
 20
173.1678800860212
 30
0.0
 10
256.6004687984929
 20
173.1288611078121
 30
0.0
 10
256.5852435432734
 20
173.0570991810604
 30
0.0
 10
256.4831958501173
 20
172.9656718148591
 30
0.0
 10
256.3870813693393
 20
172.921306272427
 30
0.0
 10
256.3360872669046
 20
172.8977678732489
 30
0.0
  0
SPLINE
  5
1C9
330
1F
100
AcDbEntity
  8
0
100
AcDbSpline
210
0.0
220
0.0
230
1.0
 70
     8
 71
     3
 72
    19
 73
    15
 74
     0
 42
1E-08
 43
1E-08
 40
0.0
 40
0.0
 40
0.0
 40
0.0
 40
0.06448025815332259
 40
0.1317836577941604
 40
0.2016919126640209
 40
0.2739066515742993
 40
0.3480504502736395
 40
0.4236737414954556
 40
0.5002679391042898
 40
0.6088529323208385
 40
0.7501668442860816
 40
0.8582775679246112
 40
0.9407790947781084
 40
0.9999999999999999
 40
0.9999999999999999
 40
0.9999999999999999
 40
0.9999999999999999
 10
254.9309839370126
 20
173.0386655699802
 30
0.0
 10
254.9555506166307
 20
173.0251554644735
 30
0.0
 10
255.005759579694
 20
172.9975437400195
 30
0.0
 10
255.0914292632085
 20
172.9594446673965
 30
0.0
 10
255.1861700015519
 20
172.9237200743968
 30
0.0
 10
255.2897600699045
 20
172.8916648083627
 30
0.0
 10
255.4005677845612
 20
172.8642222711525
 30
0.0
 10
255.5167551760513
 20
172.8423666166277
 30
0.0
 10
255.6524302046914
 20
172.8247742377309
 30
0.0
 10
255.8221925168096
 20
172.8147872916822
 30
0.0
 10
256.0021817376478
 20
172.8217401173076
 30
0.0
 10
256.1552576908605
 20
172.8447865973147
 30
0.0
 10
256.2606686609441
 20
172.8707348441932
 30
0.0
 10
256.3138603138966
 20
172.8898008489458
 30
0.0
 10
256.3360872669058
 20
172.8977678732473
 30
0.0
  0
SPLINE
  5
1CA
330
1F
100
AcDbEntity
  8
0
100
AcDbSpline
210
0.0
220
0.0
230
1.0
 70
     8
 71
     3
 72
    11
 73
     7
 74
     0
 42
1E-08
 43
1E-08
 40
0.0
 40
0.0
 40
0.0
 40
0.0
 40
0.4392648222042303
 40
0.6705033165155396
 40
0.9088283693461555
 40
1.0
 40
1.0
 40
1.0
 40
1.0
 10
254.9309839370123
 20
173.0386655699805
 30
0.0
 10
254.8500839414967
 20
173.0942131240367
 30
0.0
 10
254.7265964402051
 20
173.1790021108536
 30
0.0
 10
254.6537227240511
 20
173.3067477527966
 30
0.0
 10
254.6248938283049
 20
173.3869255443626
 30
0.0
 10
254.6425009561696
 20
173.4295232800855
 30
0.0
 10
254.6473728430171
 20
173.4413100604165
 30
0.0
  0
ARC
  5
1CB
330
1F
100
AcDbEntity
  8
0
100
AcDbCircle
 10
215.489086072386
 20
177.9293700490689
 30
0.0
 40
1.493584264435524
100
AcDbArc
 50
9.585540675602724
 51
57.05460308530374
  0
LINE
  5
1CC
330
1F
100
AcDbEntity
  8
0
100
AcDbLine
 10
230.4138759552417
 20
186.6638081134289
 30
0.0
 11
216.3013562393464
 21
179.1827698778688
 31
0.0
  0
ARC
  5
1CD
330
1F
100
AcDbEntity
  8
0
100
AcDbCircle
 10
216.022429822938
 20
178.8350600258682
 30
0.0
 40
0.4457601226542373
100
AcDbArc
 50
51.26405836143423
 51
150.3522719613385
  0
LINE
  5
1CE
330
1F
100
AcDbEntity
  8
0
100
AcDbLine
 10
243.4334493164277
 20
165.5376974471737
 30
0.0
 11
243.0578978202334
 21
165.7544987111829
 31
0.0
  0
LINE
  5
1CF
330
1F
100
AcDbEntity
  8
0
100
AcDbLine
 10
241.5088032729132
 20
166.648771958213
 30
0.0
 11
236.8542153942746
 21
169.3358083453835
 31
0.0
  0
LINE
  5
1D0
330
1F
100
AcDbEntity
  8
0
100
AcDbLine
 10
234.8100971865539
 20
170.5158526687555
 30
0.0
 11
229.6935796557976
 21
173.4695553679425
 31
0.0
  0
LINE
  5
1D1
330
1F
100
AcDbEntity
  8
0
100
AcDbLine
 10
243.1769276161324
 20
165.3102382319271
 30
0.0
 11
243.4334493164277
 21
165.5376974471737
 31
0.0
  0
LINE
  5
1D2
330
1F
100
AcDbEntity
  8
0
100
AcDbLine
 10
241.7786440494315
 20
164.0703724334089
 30
0.0
 11
240.4351411651777
 21
164.8459601396399
 31
0.0
  0
LINE
  5
1D3
330
1F
100
AcDbEntity
  8
0
100
AcDbLine
 10
241.2182151614525
 20
163.573437028275
 30
0.0
 11
241.7786440494315
 21
164.0703724334089
 31
0.0
  0
LINE
  5
1D4
330
1F
100
AcDbEntity
  8
0
100
AcDbLine
 10
241.218215161453
 20
163.5734370282732
 30
0.0
 11
237.9867410166675
 21
161.4965470328958
 31
0.0
  0
LINE
  5
1D5
330
1F
100
AcDbEntity
  8
0
100
AcDbLine
 10
224.3560780161249
 20
169.3653612904591
 30
0.0
 11
226.5103941127775
 21
172.0640813912335
 31
0.0
  0
LINE
  5
1D6
330
1F
100
AcDbEntity
  8
0
100
AcDbLine
 10
227.0708230007513
 20
172.5610167963636
 30
0.0
 11
226.510394112777
 21
172.0640813912353
 31
0.0
  0
LINE
  5
1D7
330
1F
100
AcDbEntity
  8
0
100
AcDbLine
 10
228.4143258850058
 20
171.7854290901315
 30
0.0
 11
227.0708230007513
 21
172.5610167963636
 31
0.0
  0
LINE
  5
1D8
330
1F
100
AcDbEntity
  8
0
100
AcDbLine
 10
229.8126094517067
 20
173.0252948886512
 30
0.0
 11
228.4143258850058
 21
171.7854290901315
 31
0.0
  0
LINE
  5
1D9
330
1F
100
AcDbEntity
  8
0
100
AcDbLine
 10
241.6255317342803
 20
163.0164559638468
 30
0.0
 11
238.3555974655373
 21
160.9148473901683
 31
0.0
  0
SPLINE
  5
1DA
330
1F
100
AcDbEntity
  8
0
100
AcDbSpline
210
0.0
220
0.0
230
1.0
 70
     8
 71
     3
 72
     8
 73
     4
 74
     0
 42
1E-08
 43
1E-08
 40
0.0
 40
0.0
 40
0.0
 40
0.0
 40
1.0
 40
1.0
 40
1.0
 40
1.0
 10
241.6255317342803
 20
163.0164559638468
 30
0.0
 10
241.6273539256006
 20
163.010483416673
 30
0.0
 10
241.6282662182254
 20
163.0039152593505
 30
0.0
 10
241.6282662182254
 20
162.9967591680235
 30
0.0
  0
LINE
  5
1DB
330
1F
100
AcDbEntity
  8
0
100
AcDbLine
 10
241.6282662182254
 20
162.9967591680235
 30
0.0
 11
241.6282662182251
 21
162.4050174910074
 31
0.0
  0
LINE
  5
1DC
330
1F
100
AcDbEntity
  8
0
100
AcDbLine
 10
238.9199986159833
 20
160.6643958317023
 30
0.0
 11
241.6282662182251
 21
162.4050174910074
 31
0.0
  0
SPLINE
  5
1DD
330
1F
100
AcDbEntity
  8
0
100
AcDbSpline
210
0.0
220
0.0
230
1.0
 70
     8
 71
     3
 72
    10
 73
     6
 74
     0
 42
1E-08
 43
1E-08
 40
0.0
 40
0.0
 40
0.0
 40
0.0
 40
0.5
 40
0.5
 40
1.0
 40
1.0
 40
1.0
 40
1.0
 10
238.7942160369523
 20
160.4582437685052
 30
0.0
 10
238.7942160369523
 20
160.4913823386045
 30
0.0
 10
238.8059057373035
 20
160.5328383196691
 30
0.0
 10
238.8526645387084
 20
160.6094739194198
 30
0.0
 10
238.8867352729085
 20
160.6430172591531
 30
0.0
 10
238.9199986159833
 20
160.6643958317023
 30
0.0
  0
SPLINE
  5
1DE
330
1F
100
AcDbEntity
  8
0
100
AcDbSpline
210
0.0
220
0.0
230
1.0
 70
     8
 71
     3
 72
    10
 73
     6
 74
     0
 42
1E-08
 43
1E-08
 40
0.0
 40
0.0
 40
0.0
 40
0.0
 40
0.5
 40
0.5
 40
1.0
 40
1.0
 40
1.0
 40
1.0
 10
238.9639216644372
 20
160.3602482550738
 30
0.0
 10
238.9239216644372
 20
160.3448539160849
 30
0.0
 10
238.8770587494269
 20
160.3427622772054
 30
0.0
 10
238.8107845794472
 20
160.381031905683
 30
0.0
 10
238.7942160369523
 20
160.4197516654919
 30
0.0
 10
238.7942160369523
 20
160.4582437685052
 30
0.0
  0
LINE
  5
1DF
330
1F
100
AcDbEntity
  8
0
100
AcDbLine
 10
238.9639216644372
 20
160.3602482550738
 30
0.0
 11
241.6282662182254
 21
161.3856438361833
 31
0.0
  0
LINE
  5
1E0
330
1F
100
AcDbEntity
  8
0
100
AcDbLine
 10
241.6282662182254
 20
161.3856438361833
 30
0.0
 11
241.6282662182274
 21
146.2796388162981
 31
0.0
  0
LINE
  5
1E1
330
1F
100
AcDbEntity
  8
0
100
AcDbLine
 10
241.6282662182271
 20
146.2796388162983
 30
0.0
 11
238.1509485200198
 21
144.9413636308366
 31
0.0
  0
SPLINE
  5
1E2
330
1F
100
AcDbEntity
  8
0
100
AcDbSpline
210
0.0
220
0.0
230
1.0
 70
     8
 71
     3
 72
    16
 73
    12
 74
     0
 42
1E-08
 43
1E-08
 40
0.0
 40
0.0
 40
0.0
 40
0.0
 40
0.2499999999999997
 40
0.2499999999999997
 40
0.4999999999999994
 40
0.4999999999999994
 40
0.6249999999999993
 40
0.6249999999999993
 40
0.7499999999999991
 40
0.7499999999999991
 40
1.0
 40
1.0
 40
1.0
 40
1.0
 10
237.7266850298773
 20
145.1863526518991
 30
0.0
 10
237.7267122826931
 20
145.1332314189927
 30
0.0
 10
237.7367713517415
 20
145.0866919305112
 30
0.0
 10
237.7786654349479
 20
145.0033686337577
 30
0.0
 10
237.8104983821305
 20
144.9697401620854
 30
0.0
 10
237.8681833971223
 20
144.9351777878998
 30
0.0
 10
237.8893734318445
 20
144.9263565841979
 30
0.0
 10
237.9356768940722
 20
144.9141133521804
 30
0.0
 10
237.9624802247294
 20
144.9106462324855
 30
0.0
 10
238.0386358869657
 20
144.908614184757
 30
0.0
 10
238.0929969515064
 20
144.9190791158973
 30
0.0
 10
238.1509485193416
 20
144.9413636314239
 30
0.0
  0
LINE
  5
1E3
330
1F
100
AcDbEntity
  8
0
100
AcDbLine
 10
237.7266845703846
 20
159.8840870546175
 30
0.0
 11
237.7266845703846
 21
145.1863524741672
 31
0.0
  0
SPLINE
  5
1E4
330
1F
100
AcDbEntity
  8
0
100
AcDbSpline
210
0.0
220
0.0
230
1.0
 70
     8
 71
     3
 72
    10
 73
     6
 74
     0
 42
1E-08
 43
1E-08
 40
0.0
 40
0.0
 40
0.0
 40
0.0
 40
0.5
 40
0.5
 40
1.0
 40
1.0
 40
1.0
 40
1.0
 10
237.7266845702321
 20
159.8840870547495
 30
0.0
 10
237.7267224611621
 20
160.0635003158049
 30
0.0
 10
237.790377465045
 20
160.2665318083914
 30
0.0
 10
238.0166934477739
 20
160.635719172142
 30
0.0
 10
238.1782505484771
 20
160.8008715184235
 30
0.0
 10
238.3555974655373
 20
160.9148473901683
 30
0.0
  0
SPLINE
  5
1E5
330
1F
100
AcDbEntity
  8
0
100
AcDbSpline
210
0.0
220
0.0
230
1.0
 70
     8
 71
     3
 72
    14
 73
    10
 74
     0
 42
1E-08
 43
1E-08
 40
0.0
 40
0.0
 40
0.0
 40
0.0
 40
0.25
 40
0.25
 40
0.5
 40
0.5
 40
0.75
 40
0.75
 40
1.0
 40
1.0
 40
1.0
 40
1.0
 10
241.2182151614525
 20
163.573437028275
 30
0.0
 10
241.255057676426
 20
163.5466740616275
 30
0.0
 10
241.2964809558667
 20
163.5109833540151
 30
0.0
 10
241.3815897803036
 20
163.4239665758626
 30
0.0
 10
241.4250918805473
 20
163.3726995361435
 30
0.0
 10
241.5038081304507
 20
163.265059769967
 30
0.0
 10
241.5387906939358
 20
163.2090037237593
 30
0.0
 10
241.5934631078134
 20
163.1048780144775
 30
0.0
 10
241.6131683347781
 20
163.0569791437721
 30
0.0
 10
241.6255317342803
 20
163.0164559638468
 30
0.0
  0
ARC
  5
1E6
330
1F
100
AcDbEntity
  8
0
100
AcDbCircle
 10
236.9705730053505
 20
160.4443976819549
 30
0.0
 40
1.462742521180318
100
AcDbArc
 50
18.76102564867543
 51
45.99664152708817
  0
LINE
  5
1E7
330
1F
100
AcDbEntity
  8
0
100
AcDbLine
 10
253.1541067515661
 20
164.5292795169214
 30
0.0
 11
261.2858347352114
 21
169.223626159902
 31
0.0
  0
LINE
  5
1E8
330
1F
100
AcDbEntity
  8
0
100
AcDbLine
 10
261.2858347352114
 20
158.4452874430101
 30
0.0
 11
261.2858347352114
 21
169.223626159902
 31
0.0
  0
LINE
  5
1E9
330
1F
100
AcDbEntity
  8
0
100
AcDbLine
 10
260.2251745634316
 20
157.832981359143
 30
0.0
 11
261.2858347352114
 21
158.4452874430101
 31
0.0
  0
LINE
  5
1EA
330
1F
100
AcDbEntity
  8
0
100
AcDbLine
 10
260.2251745634316
 20
159.0577925769717
 30
0.0
 11
260.2251745634316
 21
157.832981359143
 31
0.0
  0
LINE
  5
1EB
330
1F
100
AcDbEntity
  8
0
100
AcDbLine
 10
252.8005533609729
 20
154.7716499899024
 30
0.0
 11
260.2251745634316
 21
159.0577925769717
 31
0.0
  0
LINE
  5
1EC
330
1F
100
AcDbEntity
  8
0
100
AcDbLine
 10
252.4469999703796
 20
155.7923591797754
 30
0.0
 11
252.8005533609729
 21
154.7716499899024
 31
0.0
  0
LINE
  5
1ED
330
1F
100
AcDbEntity
  8
0
100
AcDbLine
 10
252.4469999703794
 20
161.9188189406428
 30
0.0
 11
252.4469999703796
 21
155.7923591797754
 31
0.0
  0
LINE
  5
1EE
330
1F
100
AcDbEntity
  8
0
100
AcDbLine
 10
251.8917119696879
 20
160.957031913435
 30
0.0
 11
252.4469999703794
 21
161.9188189406428
 31
0.0
  0
LINE
  5
1EF
330
1F
100
AcDbEntity
  8
0
100
AcDbLine
 10
251.7398931891931
 20
159.8751295892357
 30
0.0
 11
251.8917119696879
 21
160.957031913435
 31
0.0
  0
LINE
  5
1F0
330
1F
100
AcDbEntity
  8
0
100
AcDbLine
 10
251.7398931891931
 20
152.9345326882068
 30
0.0
 11
251.7398931891931
 21
159.8751295892357
 31
0.0
  0
LINE
  5
1F1
330
1F
100
AcDbEntity
  8
0
100
AcDbLine
 10
250.6792330174133
 20
152.3222266043398
 30
0.0
 11
251.7398931891931
 21
152.9345326882068
 31
0.0
  0
LINE
  5
1F2
330
1F
100
AcDbEntity
  8
0
100
AcDbLine
 10
250.6792330174133
 20
152.3222266043398
 30
0.0
 11
250.6792330174133
 21
160.2426724796315
 31
0.0
  0
LINE
  5
1F3
330
1F
100
AcDbEntity
  8
0
100
AcDbLine
 10
253.1541067515661
 20
164.5292795169214
 30
0.0
 11
250.6792330174133
 21
160.2426724796315
 31
0.0
  0
LINE
  5
1F4
330
1F
100
AcDbEntity
  8
0
100
AcDbLine
 10
253.1541067515661
 20
164.5292795169214
 30
0.0
 11
241.0110257007166
 21
171.5393309944355
 31
0.0
  0
LINE
  5
1F5
330
1F
100
AcDbEntity
  8
0
100
AcDbLine
 10
238.9669074929919
 20
172.7193753178054
 30
0.0
 11
226.7083131351891
 21
179.796111208006
 31
0.0
  0
LINE
  5
1F6
330
1F
100
AcDbEntity
  8
0
100
AcDbLine
 10
250.6792330174133
 20
160.2426724796315
 30
0.0
 11
245.1638001241581
 21
163.4266641157401
 31
0.0
  0
LINE
  5
1F7
330
1F
100
AcDbEntity
  8
0
100
AcDbLine
 10
243.7202614373467
 20
164.2600012615564
 30
0.0
 11
245.1638001241581
 21
163.4266641157401
 31
0.0
  0
LINE
  5
1F8
330
1F
100
AcDbEntity
  8
0
100
AcDbLine
 10
224.2334394010362
 20
175.5095041707161
 30
0.0
 11
227.6118458569293
 21
173.5591916372985
 31
0.0
  0
LINE
  5
1F9
330
1F
100
AcDbEntity
  8
0
100
AcDbLine
 10
226.7083131351891
 20
179.796111208006
 30
0.0
 11
224.2334394010362
 21
175.5095041707161
 31
0.0
  0
SPLINE
  5
1FA
330
1F
100
AcDbEntity
  8
0
100
AcDbSpline
210
0.0
220
0.0
230
1.0
 70
     8
 71
     3
 72
    10
 73
     6
 74
     0
 42
1E-08
 43
1E-08
 40
0.0
 40
0.0
 40
0.0
 40
0.0
 40
0.5
 40
0.5
 40
1.0
 40
1.0
 40
1.0
 40
1.0
 10
237.095807525829
 20
159.9201665296716
 30
0.0
 10
237.1725045362531
 20
159.8758885475951
 30
0.0
 10
237.2860742969227
 20
159.8429109447274
 30
0.0
 10
237.5234070442496
 20
159.8306330627111
 30
0.0
 10
237.6410413890803
 20
159.851130298858
 30
0.0
 10
237.7266845700028
 20
159.884087052247
 30
0.0
  0
SPLINE
  5
1FB
330
1F
100
AcDbEntity
  8
0
100
AcDbSpline
210
0.0
220
0.0
230
1.0
 70
     8
 71
     3
 72
    20
 73
    16
 74
     0
 42
1E-08
 43
1E-08
 40
0.0
 40
0.0
 40
0.0
 40
0.0
 40
0.06013053017792892
 40
0.1208340686910752
 40
0.1821174009802662
 40
0.2439871214148037
 40
0.3064496383351208
 40
0.369511179052881
 40
0.4331777947979729
 40
0.4974553656032723
 40
0.5845312090841022
 40
0.678315800751198
 40
0.7788179365777356
 40
0.8860443145490247
 40
1.0
 40
1.0
 40
1.0
 40
1.0
 10
237.0957810819001
 20
159.9201512631508
 30
0.0
 10
237.0965079315914
 20
159.9527099280396
 30
0.0
 10
237.0979685574208
 20
160.0181375226078
 30
0.0
 10
237.1098024575469
 20
160.120357981752
 30
0.0
 10
237.1288404033619
 20
160.225423949344
 30
0.0
 10
237.1558589576217
 20
160.333016594081
 30
0.0
 10
237.1906962677514
 20
160.4423769830269
 30
0.0
 10
237.2333773840335
 20
160.5528034670972
 30
0.0
 10
237.2838133607068
 20
160.6635198855567
 30
0.0
 10
237.3485218715253
 20
160.7863960674034
 30
0.0
 10
237.4325101027032
 20
160.9229004070476
 30
0.0
 10
237.5413690656044
 20
161.0726978894064
 30
0.0
 10
237.6705529284704
 20
161.2224790868009
 30
0.0
 10
237.8196299267819
 20
161.3691670575719
 30
0.0
 10
237.9299188327788
 20
161.4532344772405
 30
0.0
 10
237.9867410166668
 20
161.4965470328981
 30
0.0
  0
LINE
  5
1FC
330
1F
100
AcDbEntity
  8
0
100
AcDbLine
 10
237.0957810819001
 20
159.9201512686444
 30
0.0
 11
223.6747557127776
 21
167.6679442978271
 31
0.0
  0
SPLINE
  5
1FD
330
1F
100
AcDbEntity
  8
0
100
AcDbSpline
210
0.0
220
0.0
230
1.0
 70
     8
 71
     3
 72
    20
 73
    16
 74
     0
 42
1E-08
 43
1E-08
 40
0.0
 40
0.0
 40
0.0
 40
0.0
 40
0.06417829476310023
 40
0.1262783265934486
 40
0.1863010498280093
 40
0.2442475365696233
 40
0.3001189936097576
 40
0.3539167825879278
 40
0.4056424441558493
 40
0.4552977271343409
 40
0.5028846239455941
 40
0.6307166114885089
 40
0.7561466902533398
 40
0.8792238588926915
 40
1.0
 40
1.0
 40
1.0
 40
1.0
 10
224.3560780161236
 20
169.3653612904619
 30
0.0
 10
224.3314869207001
 20
169.3371798785297
 30
0.0
 10
224.2831010545652
 20
169.2817296433221
 30
0.0
 10
224.2141294949495
 20
169.1919686716577
 30
0.0
 10
224.149704027661
 20
169.1004640972033
 30
0.0
 10
224.0901134536797
 20
169.0076591827925
 30
0.0
 10
224.0353857172656
 20
168.9146498438961
 30
0.0
 10
223.9855070887802
 20
168.8222421803891
 30
0.0
 10
223.9403814825227
 20
168.7311970503079
 30
0.0
 10
223.899851605658
 20
168.6421516161232
 30
0.0
 10
223.8428839687595
 20
168.5058685437253
 30
0.0
 10
223.7773418571635
 20
168.3202698615991
 30
0.0
 10
223.718159493527
 20
168.0895045672551
 30
0.0
 10
223.6814623921373
 20
167.868705147783
 30
0.0
 10
223.6769771648594
 20
167.7344422731286
 30
0.0
 10
223.6747557127776
 20
167.66794429567
 30
0.0
  0
SPLINE
  5
1FE
330
1F
100
AcDbEntity
  8
0
100
AcDbSpline
210
0.0
220
0.0
230
1.0
 70
     8
 71
     3
 72
    10
 73
     6
 74
     0
 42
1E-08
 43
1E-08
 40
0.0
 40
0.0
 40
0.0
 40
0.0
 40
0.5
 40
0.5
 40
1.0
 40
1.0
 40
1.0
 40
1.0
 10
237.7266850286904
 20
145.1863527785266
 30
0.0
 10
237.6418211719832
 20
145.1537002215231
 30
0.0
 10
237.5250535471722
 20
145.1330537737976
 30
0.0
 10
237.287710821385
 20
145.1448960210292
 30
0.0
 10
237.1732494980872
 20
145.1777781635389
 30
0.0
 10
237.0958584257102
 20
145.2224608353663
 30
0.0
  0
LINE
  5
1FF
330
1F
100
AcDbEntity
  8
0
100
AcDbLine
 10
237.0957810816786
 20
145.2224164179669
 30
0.0
 11
237.0957810816786
 21
159.9201512632786
 31
0.0
  0
LINE
  5
200
330
1F
100
AcDbEntity
  8
0
100
AcDbLine
 10
237.0957810841996
 20
145.2224163239038
 30
0.0
 11
223.6747557112256
 21
152.9702093553099
 31
0.0
  0
LINE
  5
201
330
1F
100
AcDbEntity
  8
0
100
AcDbLine
 10
223.67475571304
 20
167.6679442955183
 30
0.0
 11
223.67475571304
 21
152.9702094616374
 31
0.0
  0
LINE
  5
202
330
1F
100
AcDbEntity
  8
0
100
AcDbLine
 10
243.1769276161324
 20
165.3102382319271
 30
0.0
 11
241.7786440494315
 21
164.0703724334089
 31
0.0
  0
SPLINE
  5
203
330
1F
100
AcDbEntity
  8
0
100
AcDbSpline
210
0.0
220
0.0
230
1.0
 70
     8
 71
     3
 72
    14
 73
    10
 74
     0
 42
1E-08
 43
1E-08
 40
0.0
 40
0.0
 40
0.0
 40
0.0
 40
0.25
 40
0.25
 40
0.5
 40
0.5
 40
0.75
 40
0.75
 40
1.0
 40
1.0
 40
1.0
 40
1.0
 10
243.4334493164277
 20
165.5376974471737
 30
0.0
 10
243.4751159830924
 20
165.5136437925018
 30
0.0
 10
243.5212421648223
 20
165.4796545915012
 30
0.0
 10
243.6136079482102
 20
165.3929297584869
 30
0.0
 10
243.6595957492247
 20
165.3402262867118
 30
0.0
 10
243.7392955726219
 20
165.2272969543429
 30
0.0
 10
243.7727379546164
 20
165.1674531561894
 30
0.0
 10
243.8206432254097
 20
165.0554232639841
 30
0.0
 10
243.8351812113932
 20
165.0034553867054
 30
0.0
 10
243.8416176433695
 20
164.9593501599288
 30
0.0
  0
LINE
  5
204
330
1F
100
AcDbEntity
  8
0
100
AcDbLine
 10
243.8416176433695
 20
164.9593501599288
 30
0.0
 11
241.6282662182254
 21
162.9967591680235
 31
0.0
  0
LINE
  5
205
330
1F
100
AcDbEntity
  8
0
100
AcDbLine
 10
241.6282662182254
 20
161.3856438361833
 30
0.0
 11
245.1638001241581
 21
163.4266641157401
 31
0.0
  0
LINE
  5
206
330
1F
100
AcDbEntity
  8
0
100
AcDbLine
 10
242.6664817080459
 20
165.7084126816957
 30
0.0
 11
241.7786440494315
 21
164.0703724334089
 31
0.0
  0
LINE
  5
207
330
1F
100
AcDbEntity
  8
0
100
AcDbLine
 10
242.9927362273725
 20
165.9977043745615
 30
0.0
 11
242.6664817080459
 21
165.7084126816957
 31
0.0
  0
LINE
  5
208
330
1F
100
AcDbEntity
  8
0
100
AcDbLine
 10
243.1769276161324
 20
165.3102382319271
 30
0.0
 11
242.9927362273725
 21
165.9977043745615
 31
0.0
  0
SPLINE
  5
209
330
1F
100
AcDbEntity
  8
0
100
AcDbSpline
210
0.0
220
0.0
230
1.0
 70
     8
 71
     3
 72
    10
 73
     6
 74
     0
 42
1E-08
 43
1E-08
 40
0.0
 40
0.0
 40
0.0
 40
0.0
 40
0.3988422885333613
 40
0.8475485294344139
 40
1.0
 40
1.0
 40
1.0
 40
1.0
 10
254.7169714320795
 20
170.9014364418464
 30
0.0
 10
254.6475107133463
 20
170.9513942179212
 30
0.0
 10
254.4999051767512
 20
171.0575555775947
 30
0.0
 10
254.4087705917792
 20
171.2206793420028
 30
0.0
 10
254.4371487107124
 20
171.3163727800365
 30
0.0
 10
254.4443453013586
 20
171.3406402976503
 30
0.0
  0
SPLINE
  5
20A
330
1F
100
AcDbEntity
  8
0
100
AcDbSpline
210
0.0
220
0.0
230
1.0
 70
     8
 71
     3
 72
    14
 73
    10
 74
     0
 42
1E-08
 43
1E-08
 40
0.0
 40
0.0
 40
0.0
 40
0.0
 40
0.25
 40
0.25
 40
0.5
 40
0.5
 40
0.75
 40
0.75
 40
1.0
 40
1.0
 40
1.0
 40
1.0
 10
256.3539220779629
 20
171.0910690008421
 30
0.0
 10
256.2998233117649
 20
171.0169621665045
 30
0.0
 10
256.2113864283224
 20
170.9402910840363
 30
0.0
 10
255.9591393129191
 20
170.8135101205273
 30
0.0
 10
255.7950115335482
 20
170.7649028242385
 30
0.0
 10
255.4445694996041
 20
170.7243058611391
 30
0.0
 10
255.2613454798571
 20
170.7326741827322
 30
0.0
 10
254.946145629231
 20
170.7937192475941
 30
0.0
 10
254.8148455701135
 20
170.8449349046284
 30
0.0
 10
254.7169714320795
 20
170.9014364418464
 30
0.0
  0
SPLINE
  5
20B
330
1F
100
AcDbEntity
  8
0
100
AcDbSpline
210
0.0
220
0.0
230
1.0
 70
     8
 71
     3
 72
     9
 73
     5
 74
     0
 42
1E-08
 43
1E-08
 40
0.0
 40
0.0
 40
0.0
 40
0.0
 40
0.9145206890629435
 40
1.0
 40
1.0
 40
1.0
 40
1.0
 10
256.3539219713212
 20
171.0910690311584
 30
0.0
 10
256.3930025307132
 20
171.14874796082
 30
0.0
 10
256.4357359099133
 20
171.2118180808854
 30
0.0
 10
256.4284418015546
 20
171.277747134576
 30
0.0
 10
256.4278183061983
 20
171.2833827046562
 30
0.0
  0
SPLINE
  5
20C
330
1F
100
AcDbEntity
  8
0
100
AcDbSpline
210
0.0
220
0.0
230
1.0
 70
     8
 71
     3
 72
    10
 73
     6
 74
     0
 42
1E-08
 43
1E-08
 40
0.0
 40
0.0
 40
0.0
 40
0.0
 40
0.3988422885333649
 40
0.8475485294344169
 40
1.0
 40
1.0
 40
1.0
 40
1.0
 10
237.7464086836023
 20
180.6983337837189
 30
0.0
 10
237.6769479648691
 20
180.7482915597937
 30
0.0
 10
237.529342428274
 20
180.8544529194671
 30
0.0
 10
237.4382078433019
 20
181.0175766838753
 30
0.0
 10
237.4665859622351
 20
181.113270121909
 30
0.0
 10
237.4737825528814
 20
181.1375376395228
 30
0.0
  0
SPLINE
  5
20D
330
1F
100
AcDbEntity
  8
0
100
AcDbSpline
210
0.0
220
0.0
230
1.0
 70
     8
 71
     3
 72
    14
 73
    10
 74
     0
 42
1E-08
 43
1E-08
 40
0.0
 40
0.0
 40
0.0
 40
0.0
 40
0.25
 40
0.25
 40
0.5
 40
0.5
 40
0.75
 40
0.75
 40
1.0
 40
1.0
 40
1.0
 40
1.0
 10
239.3833593294857
 20
180.8879663427146
 30
0.0
 10
239.3292605632876
 20
180.813859508377
 30
0.0
 10
239.2408236798452
 20
180.7371884259088
 30
0.0
 10
238.9885765644419
 20
180.6104074623998
 30
0.0
 10
238.824448785071
 20
180.5618001661109
 30
0.0
 10
238.4740067511269
 20
180.5212032030116
 30
0.0
 10
238.2907827313798
 20
180.5295715246047
 30
0.0
 10
237.9755828807537
 20
180.5906165894666
 30
0.0
 10
237.8442828216363
 20
180.6418322465009
 30
0.0
 10
237.7464086836023
 20
180.6983337837189
 30
0.0
  0
SPLINE
  5
20E
330
1F
100
AcDbEntity
  8
0
100
AcDbSpline
210
0.0
220
0.0
230
1.0
 70
     8
 71
     3
 72
     9
 73
     5
 74
     0
 42
1E-08
 43
1E-08
 40
0.0
 40
0.0
 40
0.0
 40
0.0
 40
0.9145206887670163
 40
1.0
 40
1.0
 40
1.0
 40
1.0
 10
239.3833592228439
 20
180.8879663730309
 30
0.0
 10
239.4224397822238
 20
180.9456453026718
 30
0.0
 10
239.4651731614244
 20
181.0087154227352
 30
0.0
 10
239.4578790530668
 20
181.074644476427
 30
0.0
 10
239.4572555577083
 20
181.0802800465268
 30
0.0
  0
LINE
  5
20F
330
1F
100
AcDbEntity
  8
0
100
AcDbLine
 10
234.8400411188344
 20
184.4904578509866
 30
0.0
 11
226.7083131351891
 21
179.796111208006
 31
0.0
  0
LINE
  5
210
330
1F
100
AcDbEntity
  8
0
100
AcDbLine
 10
234.8400411188344
 20
184.4904578509866
 30
0.0
 11
237.6310251629119
 21
182.8792570577138
 31
0.0
  0
LINE
  5
211
330
1F
100
AcDbEntity
  8
0
100
AcDbLine
 10
239.5311847580203
 20
181.7823182724563
 30
0.0
 11
247.4537720347392
 21
177.2087059896812
 31
0.0
  0
LINE
  5
212
330
1F
100
AcDbEntity
  8
0
100
AcDbLine
 10
249.551921442612
 20
175.9974701183968
 30
0.0
 11
254.6015879113891
 21
173.0823597158414
 31
0.0
  0
LINE
  5
213
330
1F
100
AcDbEntity
  8
0
100
AcDbLine
 10
256.5017475064976
 20
171.9854209305838
 30
0.0
 11
261.2858347352114
 21
169.223626159902
 31
0.0
  0
LINE
  5
214
330
1F
100
AcDbEntity
  8
0
100
AcDbLine
 10
244.5870096680745
 20
165.4297810774801
 30
0.0
 11
243.8416176433695
 21
164.9593501599288
 31
0.0
  0
LINE
  5
215
330
1F
100
AcDbEntity
  8
0
100
AcDbLine
 10
244.6738736648894
 20
165.1055745158927
 30
0.0
 11
244.5870096680745
 21
165.4297810774801
 31
0.0
  0
LINE
  5
216
330
1F
100
AcDbEntity
  8
0
100
AcDbLine
 10
244.6738736648894
 20
165.1055745158927
 30
0.0
 11
241.6282662182251
 21
162.4050174910074
 31
0.0
  0
LINE
  5
217
330
1F
100
AcDbEntity
  8
0
100
AcDbLine
 10
240.4351411651777
 20
164.8459601396399
 30
0.0
 11
241.3229788237915
 21
166.4840003879272
 31
0.0
  0
LINE
  5
218
330
1F
100
AcDbEntity
  8
0
100
AcDbLine
 10
241.3229788237915
 20
166.4840003879272
 30
0.0
 11
242.6664817080459
 21
165.7084126816957
 31
0.0
  0
LINE
  5
219
330
1F
100
AcDbEntity
  8
0
100
AcDbLine
 10
250.6792330174133
 20
152.3222266043398
 30
0.0
 11
249.8307048799894
 21
150.3624490357761
 31
0.0
  0
LINE
  5
21A
330
1F
100
AcDbEntity
  8
0
100
AcDbLine
 10
249.8307048799894
 20
150.3624490357761
 30
0.0
 11
249.8307048799894
 21
145.2182419208959
 31
0.0
  0
LINE
  5
21B
330
1F
100
AcDbEntity
  8
0
100
AcDbLine
 10
249.8307048799894
 20
145.2182419208959
 30
0.0
 11
244.9566765129165
 21
148.0319586055634
 31
0.0
  0
ARC
  5
21C
330
1F
100
AcDbEntity
  8
0
100
AcDbCircle
 10
244.9259573461249
 20
148.2903770815908
 30
0.0
 40
0.239762773278879
100
AcDbArc
 50
304.0563508420551
 51
7.255829551324872
  0
LINE
  5
21D
330
1F
100
AcDbEntity
  8
0
100
AcDbLine
 10
245.1638001241581
 20
163.4266641157401
 30
0.0
 11
245.1638001241581
 21
148.3206590958537
 31
0.0
  0
LINE
  5
21E
330
1F
100
AcDbEntity
  8
0
100
AcDbLine
 10
251.7398931891931
 20
155.8739203709198
 30
0.0
 11
251.952025223549
 21
155.2614948569961
 31
0.0
  0
LINE
  5
21F
330
1F
100
AcDbEntity
  8
0
100
AcDbLine
 10
259.3766464260077
 20
158.5679477098781
 30
0.0
 11
259.3766464260077
 21
155.8732037905794
 31
0.0
  0
LINE
  5
220
330
1F
100
AcDbEntity
  8
0
100
AcDbLine
 10
260.4373065977875
 20
156.4855098744464
 30
0.0
 11
259.3766464260077
 21
155.8732037905794
 31
0.0
  0
LINE
  5
221
330
1F
100
AcDbEntity
  8
0
100
AcDbLine
 10
260.4373065977875
 20
156.4855098744464
 30
0.0
 11
260.4373065977875
 21
151.3413027595662
 31
0.0
  0
LINE
  5
222
330
1F
100
AcDbEntity
  8
0
100
AcDbLine
 10
249.8307048799894
 20
145.2182419208959
 30
0.0
 11
260.4373065977875
 21
151.3413027595662
 31
0.0
  0
LINE
  5
223
330
1F
100
AcDbEntity
  8
0
100
AcDbLine
 10
250.8913650517692
 20
150.9747551196431
 30
0.0
 11
249.8307048799894
 21
150.3624490357761
 31
0.0
  0
LINE
  5
224
330
1F
100
AcDbEntity
  8
0
100
AcDbLine
 10
241.3229788237915
 20
166.4840003879272
 30
0.0
 11
241.6492333431181
 21
166.7732920807931
 31
0.0
  0
LINE
  5
225
330
1F
100
AcDbEntity
  8
0
100
AcDbLine
 10
242.9927362273725
 20
165.9977043745615
 30
0.0
 11
241.6492333431181
 21
166.7732920807931
 31
0.0
  0
LINE
  5
226
330
1F
100
AcDbEntity
  8
0
100
AcDbLine
 10
252.4469999703796
 20
155.7923591797754
 30
0.0
 11
251.7398931891931
 21
156.2005632356867
 31
0.0
  0
LINE
  5
227
330
1F
100
AcDbEntity
  8
0
100
AcDbLine
 10
244.1397890393595
 20
165.9834817230276
 30
0.0
 11
243.4334493164277
 21
165.5376974471737
 31
0.0
  0
SPLINE
  5
228
330
1F
100
AcDbEntity
  8
0
100
AcDbSpline
210
0.0
220
0.0
230
1.0
 70
     8
 71
     3
 72
    14
 73
    10
 74
     0
 42
1E-08
 43
1E-08
 40
0.0
 40
0.0
 40
0.0
 40
0.0
 40
0.25
 40
0.25
 40
0.5
 40
0.5
 40
0.75
 40
0.75
 40
1.0
 40
1.0
 40
1.0
 40
1.0
 10
244.1397890393595
 20
165.9834817230276
 30
0.0
 10
244.1814557060262
 20
165.9594280683572
 30
0.0
 10
244.2284206819476
 20
165.9259682461377
 30
0.0
 10
244.324592733868
 20
165.8416456207396
 30
0.0
 10
244.3735609084089
 20
165.790823118718
 30
0.0
 10
244.4608861680515
 20
165.6827063424958
 30
0.0
 10
244.4989478143945
 20
165.6257778488988
 30
0.0
 10
244.556467523693
 20
165.5198158095517
 30
0.0
 10
244.5759708781992
 20
165.470981669679
 30
0.0
 10
244.5870096680745
 20
165.4297810774801
 30
0.0
  0
LINE
  5
229
330
1F
100
AcDbEntity
  8
0
100
AcDbLine
 10
245.1638001241581
 20
148.3206590958537
 30
0.0
 11
241.6282662182274
 21
146.2796388162981
 31
0.0
  0
LINE
  5
22A
330
1F
100
AcDbEntity
  8
0
100
AcDbLine
 10
229.4319679906784
 20
174.4741260859879
 30
0.0
 11
235.580871479649
 21
170.9244396590037
 31
0.0
  0
LINE
  5
22B
330
1F
100
AcDbEntity
  8
0
100
AcDbLine
 10
237.6249896873733
 20
169.7443953356337
 30
0.0
 11
244.1397890393595
 21
165.9834817230276
 31
0.0
  0
LINE
  5
22C
330
1F
100
AcDbEntity
  8
0
100
AcDbLine
 10
252.8005533609729
 20
154.7716499899024
 30
0.0
 11
251.952025223549
 21
155.2614948569961
 31
0.0
  0
LINE
  5
22D
330
1F
100
AcDbEntity
  8
0
100
AcDbLine
 10
251.7398931891931
 20
152.9345326882068
 30
0.0
 11
250.8913650517692
 21
150.9747551196431
 31
0.0
  0
LINE
  5
22E
330
1F
100
AcDbEntity
  8
0
100
AcDbLine
 10
254.7169714320795
 20
170.9014364418464
 30
0.0
 11
254.9309839370123
 21
173.0386655699805
 31
0.0
  0
SPLINE
  5
22F
330
1F
100
AcDbEntity
  8
0
100
AcDbSpline
210
0.0
220
0.0
230
1.0
 70
     8
 71
     3
 72
    10
 73
     6
 74
     0
 42
1E-08
 43
1E-08
 40
0.0
 40
0.0
 40
0.0
 40
0.0
 40
0.3587380721255325
 40
0.6597747166572788
 40
1.0
 40
1.0
 40
1.0
 40
1.0
 10
239.6381844495845
 20
182.9647774278871
 30
0.0
 10
239.629906050074
 20
182.9257584497719
 30
0.0
 10
239.6146807948926
 20
182.853996523089
 30
0.0
 10
239.5126331018504
 20
182.7625691568507
 30
0.0
 10
239.4165186209538
 20
182.7182036143495
 30
0.0
 10
239.3655245184274
 20
182.6946652151213
 30
0.0
  0
SPLINE
  5
230
330
1F
100
AcDbEntity
  8
0
100
AcDbSpline
210
0.0
220
0.0
230
1.0
 70
     8
 71
     3
 72
    19
 73
    15
 74
     0
 42
1E-08
 43
1E-08
 40
0.0
 40
0.0
 40
0.0
 40
0.0
 40
0.06448025810926006
 40
0.1317836577185513
 40
0.2016919125711778
 40
0.27390665148002
 40
0.34805045019475
 40
0.4236737414491883
 40
0.5002679391075693
 40
0.6088529312125147
 40
0.7501668442881235
 40
0.8582775694121552
 40
0.9407790961989217
 40
1.0
 40
1.0
 40
1.0
 40
1.0
 10
237.9604211885354
 20
182.8355629118526
 30
0.0
 10
237.9849878681361
 20
182.8220528063552
 30
0.0
 10
238.0351968311693
 20
182.794441081917
 30
0.0
 10
238.1208665146377
 20
182.7563420093093
 30
0.0
 10
238.2156072529506
 20
182.720617416314
 30
0.0
 10
238.3191973212944
 20
182.6885621502747
 30
0.0
 10
238.4300050359691
 20
182.6611196130519
 30
0.0
 10
238.5461924275064
 20
182.6392639585122
 30
0.0
 10
238.6818674556109
 20
182.6216715796777
 30
0.0
 10
238.8516297677474
 20
182.6116846335656
 30
0.0
 10
239.0316189894044
 20
182.6186374591338
 30
0.0
 10
239.1846949437085
 20
182.6416839394037
 30
0.0
 10
239.2901059136055
 20
182.6676321864258
 30
0.0
 10
239.3432975659665
 20
182.6866981910002
 30
0.0
 10
239.3655245184286
 20
182.6946652151198
 30
0.0
  0
LINE
  5
231
330
1F
100
AcDbEntity
  8
0
100
AcDbLine
 10
237.3582921252237
 20
144.7433400831872
 30
0.0
 11
237.3238092552822
 21
144.752909371217
 31
0.0
  0
SPLINE
  5
232
330
1F
100
AcDbEntity
  8
0
100
AcDbSpline
210
0.0
220
0.0
230
1.0
 70
     8
 71
     3
 72
    11
 73
     7
 74
     0
 42
1E-08
 43
1E-08
 40
0.0
 40
0.0
 40
0.0
 40
0.0
 40
0.4392648209710733
 40
0.6705033155853479
 40
0.9088283693368621
 40
1.0
 40
1.0
 40
1.0
 40
1.0
 10
237.9604211885351
 20
182.8355629118529
 30
0.0
 10
237.8795211932265
 20
182.8911104657366
 30
0.0
 10
237.7560336920756
 20
182.9758994524107
 30
0.0
 10
237.6831599756576
 20
183.1036450943402
 30
0.0
 10
237.6543310798358
 20
183.1838228861079
 30
0.0
 10
237.6719382076539
 20
183.2264206219694
 30
0.0
 10
237.6768100944752
 20
183.2382074023066
 30
0.0
  0
SPLINE
  5
233
330
1F
100
AcDbEntity
  8
0
100
AcDbSpline
210
0.0
220
0.0
230
1.0
 70
     8
 71
     3
 72
    10
 73
     6
 74
     0
 42
1E-08
 43
1E-08
 40
0.0
 40
0.0
 40
0.0
 40
0.0
 40
0.3110702554047596
 40
0.6679241408240387
 40
1.0
 40
1.0
 40
1.0
 40
1.0
 10
226.2398779136746
 20
172.0534106484654
 30
0.0
 10
226.2545407513872
 20
172.0716014598687
 30
0.0
 10
226.286024517871
 20
172.1106604244155
 30
0.0
 10
226.3876030426971
 20
172.1100491667224
 30
0.0
 10
226.4704570644931
 20
172.0790321304701
 30
0.0
 10
226.510394112777
 20
172.0640813912353
 30
0.0
  0
SPLINE
  5
234
330
1F
100
AcDbEntity
  8
0
100
AcDbSpline
210
0.0
220
0.0
230
1.0
 70
     8
 71
     3
 72
     9
 73
     5
 74
     0
 42
1E-08
 43
1E-08
 40
0.0
 40
0.0
 40
0.0
 40
0.0
 40
0.9713287296235573
 40
1.0
 40
1.0
 40
1.0
 40
1.0
 10
223.8323360376149
 20
152.5493083671563
 30
0.0
 10
223.840340458138
 20
152.5384279571198
 30
0.0
 10
223.8485811497587
 20
152.5272263837445
 30
0.0
 10
223.8609504454938
 20
152.5247196979205
 30
0.0
 10
223.8613050889161
 20
152.5246478280535
 30
0.0
  0
SPLINE
  5
235
330
1F
100
AcDbEntity
  8
0
100
AcDbSpline
210
0.0
220
0.0
230
1.0
 70
     8
 71
     3
 72
     9
 73
     5
 74
     0
 42
1E-08
 43
1E-08
 40
0.0
 40
0.0
 40
0.0
 40
0.0
 40
0.4900790184117568
 40
0.9999999999999999
 40
0.9999999999999999
 40
0.9999999999999999
 40
0.9999999999999999
 10
241.6282662182274
 20
146.2796388162981
 30
0.0
 10
241.6231844179463
 20
146.2245134880893
 30
0.0
 10
241.6128150691469
 20
146.1120309574405
 30
0.0
 10
241.5480162975002
 20
146.0704764455056
 30
0.0
 10
241.5149740442564
 20
146.0492869279903
 30
0.0
  0
LINE
  5
236
330
1F
100
AcDbEntity
  8
0
100
AcDbLine
 10
229.3021635436207
 20
173.423469338418
 30
0.0
 11
228.4143258850058
 21
171.7854290901315
 31
0.0
  0
LINE
  5
237
330
1F
100
AcDbEntity
  8
0
100
AcDbLine
 10
229.6284180629461
 20
173.7127610312855
 30
0.0
 11
229.3021635436207
 21
173.423469338418
 31
0.0
  0
LINE
  5
238
330
1F
100
AcDbEntity
  8
0
100
AcDbLine
 10
229.8126094517067
 20
173.0252948886512
 30
0.0
 11
229.6284180629461
 21
173.7127610312855
 31
0.0
  0
LINE
  5
239
330
1F
100
AcDbEntity
  8
0
100
AcDbLine
 10
227.0708230007513
 20
172.5610167963636
 30
0.0
 11
227.9586606593656
 21
174.1990570446518
 31
0.0
  0
LINE
  5
23A
330
1F
100
AcDbEntity
  8
0
100
AcDbLine
 10
227.9586606593656
 20
174.1990570446518
 30
0.0
 11
229.3021635436207
 21
173.423469338418
 31
0.0
  0
LINE
  5
23B
330
1F
100
AcDbEntity
  8
0
100
AcDbLine
 10
227.9586606593656
 20
174.1990570446518
 30
0.0
 11
228.284915178692
 21
174.4883487375174
 31
0.0
  0
LINE
  5
23C
330
1F
100
AcDbEntity
  8
0
100
AcDbLine
 10
229.6284180629461
 20
173.7127610312855
 30
0.0
 11
228.284915178692
 21
174.4883487375174
 31
0.0
  0
LINE
  5
23D
330
1F
100
AcDbEntity
  8
0
100
AcDbLine
 10
259.3766464260077
 20
155.8732037905794
 30
0.0
 11
260.2251745634316
 21
157.832981359143
 31
0.0
  0
LINE
  5
23E
330
1F
100
AcDbEntity
  8
0
100
AcDbLine
 10
261.2858347352114
 20
158.4452874430101
 30
0.0
 11
260.4373065977875
 21
156.4855098744464
 31
0.0
  0
SPLINE
  5
23F
330
1F
100
AcDbEntity
  8
0
100
AcDbSpline
210
0.0
220
0.0
230
1.0
 70
     8
 71
     3
 72
    10
 73
     6
 74
     0
 42
1E-08
 43
1E-08
 40
0.0
 40
0.0
 40
0.0
 40
0.0
 40
0.1506274598429737
 40
0.5929101364933197
 40
1.0
 40
1.0
 40
1.0
 40
1.0
 10
229.212308676824
 20
174.5060155144619
 30
0.0
 10
229.217339271471
 20
174.5128236908298
 30
0.0
 10
229.2371410430862
 20
174.5396225015101
 30
0.0
 10
229.3171665067916
 20
174.5295619224096
 30
0.0
 10
229.3947726712884
 20
174.4920871224793
 30
0.0
 10
229.4319679906784
 20
174.4741260859879
 30
0.0
  0
LINE
  5
240
330
1F
100
AcDbEntity
  8
0
100
AcDbLine
 10
224.2334394010355
 20
169.5570142831926
 30
0.0
 11
224.2334394010362
 21
175.5095041707161
 31
0.0
  0
LINE
  5
241
330
1F
100
AcDbEntity
  8
0
100
AcDbLine
 10
237.7464086836023
 20
180.6983337837189
 30
0.0
 11
237.9604211885351
 21
182.8355629118529
 31
0.0
  0
LWPOLYLINE
  5
242
330
1F
100
AcDbEntity
  8
0
100
AcDbPolyline
 90
       12
 70
   128
 43
0.0
 10
247.3844387037277
 20
176.8669107715514
 10
247.5410609045273
 20
176.7552036378611
 10
247.688381693788
 20
176.6073515927226
 10
247.819013792013
 20
176.4307685550208
 10
247.9264067603556
 20
176.2343091355711
 10
248.0051754669746
 20
176.0278246299617
 10
248.051370120029
 20
175.8216690334596
 10
248.0626743267335
 20
175.6261798484556
 10
248.0385212469643
 20
175.4511597189318
 10
247.9801220169898
 20
175.3053848849618
 10
247.8904050180412
 20
175.1961651053892
 10
247.8239297447867
 20
175.1508473399513
  0
ARC
  5
243
330
1F
100
AcDbEntity
  8
0
100
AcDbCircle
 10
247.0913593999858
 20
176.4590018398565
 30
0.0
 40
0.5022799765453229
100
AcDbArc
 50
54.30305682631512
 51
113.9823179126277
  0
SPLINE
  5
244
330
1F
100
AcDbEntity
  8
0
100
AcDbSpline
210
0.0
220
0.0
230
1.0
 70
     8
 71
     3
 72
    17
 73
    13
 74
     0
 42
1E-08
 43
1E-08
 40
0.0
 40
0.0
 40
0.0
 40
0.0
 40
0.009732060457808429
 40
0.08209280004499801
 40
0.1550981954213264
 40
0.2615997366427663
 40
0.3718205615426349
 40
0.4866471743609362
 40
0.6066366483300434
 40
0.7321110480385773
 40
0.8632213713106992
 40
1.0
 40
1.0
 40
1.0
 40
1.0
 10
255.118403773095
 20
178.5669893605096
 30
0.0
 10
255.1004182648707
 20
178.5796165224723
 30
0.0
 10
254.9487051988895
 20
178.6861303575051
 30
0.0
 10
254.6129933335291
 20
178.8032780001267
 30
0.0
 10
254.0454208245284
 20
178.9375179252478
 30
0.0
 10
253.3373497896993
 20
178.9631373356438
 30
0.0
 10
252.4880848755755
 20
178.8672383911281
 30
0.0
 10
251.5755770154825
 20
178.6562194132889
 30
0.0
 10
250.6046972545191
 20
178.3430992294206
 30
0.0
 10
249.5782081115811
 20
177.9353198844023
 30
0.0
 10
248.4989808257828
 20
177.4440426399715
 30
0.0
 10
247.7611566578223
 20
177.0619827499107
 30
0.0
 10
247.3844387037277
 20
176.8669107715514
 30
0.0
  0
SPLINE
  5
245
330
1F
100
AcDbEntity
  8
0
100
AcDbSpline
210
0.0
220
0.0
230
1.0
 70
     8
 71
     3
 72
    15
 73
    11
 74
     0
 42
1E-08
 43
1E-08
 40
0.0
 40
0.0
 40
0.0
 40
0.0
 40
0.04860350116092518
 40
0.1805411705586434
 40
0.3131463080128848
 40
0.4245463648844587
 40
0.5448306924012539
 40
0.6781255781344652
 40
0.8285460699630908
 40
1.0
 40
1.0
 40
1.0
 40
1.0
 10
254.1028307370047
 20
176.8357732589539
 30
0.0
 10
254.1503233436608
 20
176.8128405175734
 30
0.0
 10
254.326738017373
 20
176.7276552145796
 30
0.0
 10
254.5734809645051
 20
176.4794140446906
 30
0.0
 10
254.8102710425691
 20
176.107984595697
 30
0.0
 10
254.9652916949383
 20
175.6671673392613
 30
0.0
 10
255.0572014906496
 20
175.1701743165498
 30
0.0
 10
255.0874931168252
 20
174.5688709790834
 30
0.0
 10
255.0533823130768
 20
173.8516927710746
 30
0.0
 10
254.9735229123731
 20
173.3212293194932
 30
0.0
 10
254.9309839370123
 20
173.0386655699805
 30
0.0
  0
LWPOLYLINE
  5
246
330
1F
100
AcDbEntity
  8
0
100
AcDbPolyline
 90
       12
 70
   128
 43
0.0
 10
230.4138759552417
 20
186.6638081134289
 10
230.5704981560422
 20
186.5521009797402
 10
230.7178189453042
 20
186.4042489346027
 10
230.8484510435306
 20
186.2276658969014
 10
230.9558440118747
 20
186.0312064774515
 10
231.0346127184951
 20
185.8247219718415
 10
231.0808073715509
 20
185.6185663753384
 10
231.0921115782565
 20
185.4230771903332
 10
231.0679584984881
 20
185.2480570608081
 10
231.0095592685141
 20
185.1022822268368
 10
230.9198422695657
 20
184.993062447263
 10
230.8533669963094
 20
184.9477446818238
  0
ARC
  5
247
330
1F
100
AcDbEntity
  8
0
100
AcDbCircle
 10
230.1207966515081
 20
186.2558991817346
 30
0.0
 40
0.5022799765399557
100
AcDbArc
 50
54.30305682704306
 51
113.9823179128468
  0
LINE
  5
248
330
1F
100
AcDbEntity
  8
0
100
AcDbLine
 10
237.9867410165091
 20
161.4965470327583
 30
0.0
 11
231.8337945729969
 21
165.0485674077183
 31
0.0
  0
LINE
  5
249
330
1F
100
AcDbEntity
  8
0
100
AcDbLine
 10
230.0351609519726
 20
166.0868964956796
 30
0.0
 11
228.6518140576574
 21
166.8854856593194
 31
0.0
  0
LINE
  5
24A
330
1F
100
AcDbEntity
  8
0
100
AcDbLine
 10
226.853180436633
 20
167.9238147472807
 30
0.0
 11
224.3560780161222
 21
169.3653612904606
 31
0.0
  0
LINE
  5
24B
330
1F
100
AcDbEntity
  8
0
100
AcDbLine
 10
238.7942215372789
 20
160.4582140532216
 30
0.0
 11
238.9639216644372
 21
160.3602482550738
 31
0.0
  0
LINE
  5
24C
330
1F
100
AcDbEntity
  8
0
100
AcDbLine
 10
228.8957603177281
 20
174.1357153447644
 30
0.0
 11
229.4319679906784
 21
174.4741260859879
 31
0.0
  0
SPLINE
  5
24D
330
1F
100
AcDbEntity
  8
0
100
AcDbSpline
210
0.0
220
0.0
230
1.0
 70
     8
 71
     3
 72
    17
 73
    13
 74
     0
 42
1E-08
 43
1E-08
 40
0.0
 40
0.0
 40
0.0
 40
0.0
 40
0.009732060456941728
 40
0.08209280004419477
 40
0.1550981954205874
 40
0.2615997366421197
 40
0.3718205615420845
 40
0.4866471743604866
 40
0.6066366483296991
 40
0.7321110480383427
 40
0.8632213713105795
 40
1.0
 40
1.0
 40
1.0
 40
1.0
 10
238.147841024614
 20
188.3638867023848
 30
0.0
 10
238.1298555163913
 20
188.3765138643463
 30
0.0
 10
237.9781424504116
 20
188.4830276993779
 30
0.0
 10
237.642430585053
 20
188.6001753419984
 30
0.0
 10
237.0748580760523
 20
188.7344152671197
 30
0.0
 10
236.3667870412231
 20
188.7600346775156
 30
0.0
 10
235.5175221270994
 20
188.6641357329998
 30
0.0
 10
234.6050142670064
 20
188.4531167551608
 30
0.0
 10
233.6341345060431
 20
188.1399965712923
 30
0.0
 10
232.6076453631046
 20
187.7322172262744
 30
0.0
 10
231.5284180773085
 20
187.2409399818423
 30
0.0
 10
230.7905939093403
 20
186.8588800917859
 30
0.0
 10
230.4138759552417
 20
186.6638081134289
 30
0.0
  0
SPLINE
  5
24E
330
1F
100
AcDbEntity
  8
0
100
AcDbSpline
210
0.0
220
0.0
230
1.0
 70
     8
 71
     3
 72
    15
 73
    11
 74
     0
 42
1E-08
 43
1E-08
 40
0.0
 40
0.0
 40
0.0
 40
0.0
 40
0.04860350116089961
 40
0.1805411705586213
 40
0.3131463080128664
 40
0.4245463648844436
 40
0.5448306924012433
 40
0.678125578134458
 40
0.8285460699630869
 40
1.0
 40
1.0
 40
1.0
 40
1.0
 10
237.1322679885275
 20
186.6326706008263
 30
0.0
 10
237.1797605951836
 20
186.6097378594458
 30
0.0
 10
237.3561752688958
 20
186.524552556452
 30
0.0
 10
237.6029182160279
 20
186.2763113865631
 30
0.0
 10
237.8397082940918
 20
185.9048819375694
 30
0.0
 10
237.994728946461
 20
185.4640646811338
 30
0.0
 10
238.0866387421724
 20
184.9670716584222
 30
0.0
 10
238.116930368348
 20
184.3657683209558
 30
0.0
 10
238.0828195645996
 20
183.6485901129471
 30
0.0
 10
238.0029601638959
 20
183.1181266613657
 30
0.0
 10
237.960421188535
 20
182.8355629118529
 30
0.0
  0
SPLINE
  5
24F
330
1F
100
AcDbEntity
  8
0
100
AcDbSpline
210
0.0
220
0.0
230
1.0
 70
     8
 71
     3
 72
    10
 73
     6
 74
     0
 42
1E-08
 43
1E-08
 40
0.0
 40
0.0
 40
0.0
 40
0.0
 40
0.0978927307562877
 40
0.548946365378151
 40
1.0
 40
1.0
 40
1.0
 40
1.0
 10
238.0501864092956
 20
144.7207183653855
 30
0.0
 10
238.0568403412068
 20
144.7210858668396
 30
0.0
 10
238.0941531397147
 20
144.7231466795875
 30
0.0
 10
238.1372877505727
 20
144.7953583365858
 30
0.0
 10
238.1463949302041
 20
144.8926951994197
 30
0.0
 10
238.1509485200198
 20
144.9413636308366
 30
0.0
  0
SPLINE
  5
250
330
1F
100
AcDbEntity
  8
0
100
AcDbSpline
210
0.0
220
0.0
230
1.0
 70
     8
 71
     3
 72
    11
 73
     7
 74
     0
 42
1E-08
 43
1E-08
 40
0.0
 40
0.0
 40
0.0
 40
0.0
 40
0.002625082326336956
 40
0.2625499058246838
 40
0.5157429657957296
 40
1.0
 40
1.0
 40
1.0
 40
1.0
 10
237.3238092552822
 20
144.752909371217
 30
0.0
 10
237.3233759678917
 20
144.7530287168608
 30
0.0
 10
237.2800403504085
 20
144.7649651758468
 30
0.0
 10
237.2223250587688
 20
144.833581623255
 30
0.0
 10
237.1214522020839
 20
144.9705095437639
 30
0.0
 10
237.1059565338819
 20
145.1225663704225
 30
0.0
 10
237.0957810841996
 20
145.2224166362097
 30
0.0
  0
LWPOLYLINE
  5
251
330
1F
100
AcDbEntity
  8
0
100
AcDbPolyline
 90
        7
 70
   128
 43
0.0
 10
224.3560780161245
 20
169.3653612904594
 10
224.2799308431608
 20
169.3862144268925
 10
224.2098179029695
 20
169.3940244438726
 10
224.1482627202078
 20
169.3885102410728
 10
224.0974808063213
 20
169.3698702872306
 10
224.0592999182333
 20
169.3387754768058
 10
224.0560914637929
 20
169.3348413262119
  0
SPLINE
  5
252
330
1F
100
AcDbEntity
  8
0
100
AcDbSpline
210
0.0
220
0.0
230
1.0
 70
     8
 71
     3
 72
    10
 73
     6
 74
     0
 42
1E-08
 43
1E-08
 40
0.0
 40
0.0
 40
0.0
 40
0.0
 40
0.1288237710514042
 40
0.5644118855257034
 40
1.0
 40
1.0
 40
1.0
 40
1.0
 10
223.534426224989
 20
167.8726928980138
 30
0.0
 10
223.5326392881128
 20
167.8630001396252
 30
0.0
 10
223.5248102329365
 20
167.8205335358813
 30
0.0
 10
223.5679743836484
 20
167.7449330670849
 30
0.0
 10
223.6391619365761
 20
167.6936072193739
 30
0.0
 10
223.67475571304
 20
167.6679442955183
 30
0.0
  0
SPLINE
  5
253
330
1F
100
AcDbEntity
  8
0
100
AcDbSpline
210
0.0
220
0.0
230
1.0
 70
     8
 71
     3
 72
    10
 73
     6
 74
     0
 42
1E-08
 43
1E-08
 40
0.0
 40
0.0
 40
0.0
 40
0.0
 40
0.5330512778400432
 40
0.8117961053459525
 40
1.0
 40
1.0
 40
1.0
 40
1.0
 10
223.6747557112256
 20
152.9702096676158
 30
0.0
 10
223.6837594498538
 20
152.8730566641009
 30
0.0
 10
223.6974714514112
 20
152.7251001106607
 30
0.0
 10
223.7676072198018
 20
152.5994564889459
 30
0.0
 10
223.8137415677217
 20
152.5637142805086
 30
0.0
 10
223.8323360376149
 20
152.5493083671563
 30
0.0
  0
SPLINE
  5
254
330
1F
100
AcDbEntity
  8
0
100
AcDbSpline
210
0.0
220
0.0
230
1.0
 70
     8
 71
     3
 72
    10
 73
     6
 74
     0
 42
1E-08
 43
1E-08
 40
0.0
 40
0.0
 40
0.0
 40
0.0
 40
0.4373310983846166
 40
0.8746621967692271
 40
1.0
 40
1.0
 40
1.0
 40
1.0
 10
223.67475571304
 20
152.9702094616374
 30
0.0
 10
223.639174522064
 20
152.9958723420058
 30
0.0
 10
223.568012140112
 20
153.0471981027427
 30
0.0
 10
223.5248761305063
 20
153.1224982562085
 30
0.0
 10
223.5325932285143
 20
153.164665392998
 30
0.0
 10
223.5343122574296
 20
153.1740583704286
 30
0.0
  0
SPLINE
  5
255
330
1F
100
AcDbEntity
  8
0
100
AcDbSpline
210
0.0
220
0.0
230
1.0
 70
     8
 71
     3
 72
    32
 73
    28
 74
     0
 42
1E-08
 43
1E-08
 40
0.0
 40
0.0
 40
0.0
 40
0.0
 40
0.08258061605219401
 40
0.1571826636241739
 40
0.2242915861177927
 40
0.2843925748507107
 40
0.337979261977865
 40
0.38553403365129
 40
0.4353066061087955
 40
0.4778693565828158
 40
0.5139523102693146
 40
0.5451295927965326
 40
0.5749528683968131
 40
0.6108402737836027
 40
0.6454187551880678
 40
0.6789130806629616
 40
0.7114983757228619
 40
0.7277985940147861
 40
0.7471921702778924
 40
0.7712148536521526
 40
0.8005860380906875
 40
0.8237180760626935
 40
0.8502853783864824
 40
0.8809946773967879
 40
0.9167383625065528
 40
0.9586061371157433
 40
1.0
 40
1.0
 40
1.0
 40
1.0
 10
173.9239611710377
 20
105.9004113685272
 30
0.0
 10
174.3594595122388
 20
105.8786602578822
 30
0.0
 10
175.1883802995412
 20
105.8372595312781
 30
0.0
 10
176.3676781597892
 20
105.7256864827532
 30
0.0
 10
177.4243009704561
 20
105.5866032722057
 30
0.0
 10
178.3649157296623
 20
105.4223691276497
 30
0.0
 10
179.1965698586076
 20
105.2391657144804
 30
0.0
 10
179.9661646517924
 20
105.0317461585501
 30
0.0
 10
180.6686020030769
 20
104.8021423014127
 30
0.0
 10
181.2996498378118
 20
104.5530958587468
 30
0.0
 10
181.8254514648703
 20
104.3078654082161
 30
0.0
 10
182.2763126766597
 20
104.0633940633436
 30
0.0
 10
182.7101661532197
 20
103.7917631882809
 30
0.0
 10
183.1367621243196
 20
103.4768788509907
 30
0.0
 10
183.5458771515123
 20
103.109557976265
 30
0.0
 10
183.9021116317446
 20
102.7137987513065
 30
0.0
 10
184.1556899743908
 20
102.3591397352892
 30
0.0
 10
184.3385390804063
 20
102.0482550652949
 30
0.0
 10
184.4801468204898
 20
101.7662464696265
 30
0.0
 10
184.6247652705015
 20
101.409701872185
 30
0.0
 10
184.7414521252805
 20
101.0221457926067
 30
0.0
 10
184.8268230367397
 20
100.6131417605181
 30
0.0
 10
184.881483116527
 20
100.1917118495577
 30
0.0
 10
184.9061613614649
 20
99.70066120720239
 30
0.0
 10
184.8881982853595
 20
99.12857086379923
 30
0.0
 10
184.8220855432058
 20
98.50272219255402
 30
0.0
 10
184.7331722854269
 20
98.07200219944107
 30
0.0
 10
184.6889686964525
 20
97.85786799702606
 30
0.0
  0
LINE
  5
256
330
1F
100
AcDbEntity
  8
0
100
AcDbLine
 10
162.0398426587541
 20
92.33753894223187
 30
0.0
 11
161.9667197038335
 21
91.89330982691266
 31
0.0
  0
SPLINE
  5
257
330
1F
100
AcDbEntity
  8
0
100
AcDbSpline
210
0.0
220
0.0
230
1.0
 70
     8
 71
     3
 72
    11
 73
     7
 74
     0
 42
1E-08
 43
1E-08
 40
0.0
 40
0.0
 40
0.0
 40
0.0
 40
0.3238866111381096
 40
0.6486910747203352
 40
0.9745128908863898
 40
0.9999999999999999
 40
0.9999999999999999
 40
0.9999999999999999
 40
0.9999999999999999
 10
163.0623345224003
 20
93.3305640977666
 30
0.0
 10
162.9111254117207
 20
93.27440383035257
 30
0.0
 10
162.608278683449
 20
93.16192414464598
 30
0.0
 10
162.2652205562864
 20
92.81548386104929
 30
0.0
 10
162.068389693686
 20
92.52344648131907
 30
0.0
 10
162.0417736275747
 20
92.35011403671605
 30
0.0
 10
162.039842658754
 20
92.33753894223187
 30
0.0
  0
SPLINE
  5
258
330
1F
100
AcDbEntity
  8
0
100
AcDbSpline
210
0.0
220
0.0
230
1.0
 70
     8
 71
     3
 72
    12
 73
     8
 74
     0
 42
1E-08
 43
1E-08
 40
0.0
 40
0.0
 40
0.0
 40
0.0
 40
0.04330084582600512
 40
0.2040276829542438
 40
0.3644076801480231
 40
0.682462597019987
 40
1.0
 40
1.0
 40
1.0
 40
1.0
 10
162.0245151743462
 20
73.56681955597975
 30
0.0
 10
162.0292459117302
 20
73.54970885198959
 30
0.0
 10
162.0515365014102
 20
73.46908554724274
 30
0.0
 10
162.1282613871061
 20
73.33845466039521
 30
0.0
 10
162.2915661573171
 20
73.13596495225039
 30
0.0
 10
162.5691373831346
 20
72.94401829176851
 30
0.0
 10
162.8272433539641
 20
72.91561546386893
 30
0.0
 10
162.9561912614685
 20
72.90142561303715
 30
0.0
  0
SPLINE
  5
259
330
1F
100
AcDbEntity
  8
0
100
AcDbSpline
210
0.0
220
0.0
230
1.0
 70
     8
 71
     3
 72
     9
 73
     5
 74
     0
 42
1E-08
 43
1E-08
 40
0.0
 40
0.0
 40
0.0
 40
0.0
 40
0.5778407359815194
 40
1.0
 40
1.0
 40
1.0
 40
1.0
 10
161.9659645833973
 20
73.90269913380304
 30
0.0
 10
161.9680354122231
 20
73.83623387535224
 30
0.0
 10
161.9716191485312
 20
73.72121038477414
 30
0.0
 10
162.0088133131746
 20
73.61264952756174
 30
0.0
 10
162.0245151743462
 20
73.56681955597975
 30
0.0
  0
SPLINE
  5
25A
330
1F
100
AcDbEntity
  8
0
100
AcDbSpline
210
0.0
220
0.0
230
1.0
 70
     8
 71
     3
 72
     9
 73
     5
 74
     0
 42
1E-08
 43
1E-08
 40
0.0
 40
0.0
 40
0.0
 40
0.0
 40
0.5779638975930795
 40
0.9999999999999999
 40
0.9999999999999999
 40
0.9999999999999999
 40
0.9999999999999999
 10
161.9659656096478
 20
73.90269913376986
 30
0.0
 10
161.968035622026
 20
73.83623377836335
 30
0.0
 10
161.971617182028
 20
73.72123463104062
 30
0.0
 10
162.0088018508785
 20
73.61269668197615
 30
0.0
 10
162.0244951235895
 20
73.56688974898972
 30
0.0
  0
LINE
  5
25B
330
1F
100
AcDbEntity
  8
0
100
AcDbLine
 10
151.0289533804099
 20
108.3216157899872
 30
0.0
 11
150.9881233931911
 21
107.3224496815971
 31
0.0
  0
LINE
  5
25C
330
1F
100
AcDbEntity
  8
0
100
AcDbLine
 10
147.4910420138503
 20
107.4653546368618
 30
0.0
 11
150.9881233931911
 21
107.3224496815971
 31
0.0
  0
LINE
  5
25D
330
1F
100
AcDbEntity
  8
0
100
AcDbLine
 10
147.53187200107
 20
108.4645207452472
 30
0.0
 11
147.4910420138503
 21
107.4653546368618
 31
0.0
  0
LINE
  5
25E
330
1F
100
AcDbEntity
  8
0
100
AcDbLine
 10
151.0289533804099
 20
108.3216157899872
 30
0.0
 11
147.53187200107
 21
108.4645207452472
 31
0.0
  0
LINE
  5
25F
330
1F
100
AcDbEntity
  8
0
100
AcDbLine
 10
150.9881233931911
 20
107.3224496815971
 30
0.0
 11
153.9856217183433
 21
107.1999597199416
 31
0.0
  0
LINE
  5
260
330
1F
100
AcDbEntity
  8
0
100
AcDbLine
 10
154.026451705562
 20
108.1991258283316
 30
0.0
 11
151.0289533804099
 21
108.3216157899872
 31
0.0
  0
LINE
  5
261
330
1F
100
AcDbEntity
  8
0
100
AcDbLine
 10
173.4645262843105
 20
79.19330981721716
 30
0.0
 11
171.9645262843105
 21
79.19330981721716
 31
0.0
  0
LINE
  5
262
330
1F
100
AcDbEntity
  8
0
100
AcDbLine
 10
171.9645262843105
 20
82.19330981721714
 30
0.0
 11
171.9645262843105
 21
79.19330981721716
 31
0.0
  0
LINE
  5
263
330
1F
100
AcDbEntity
  8
0
100
AcDbLine
 10
171.9645262843105
 20
82.19330981721714
 30
0.0
 11
173.4645262843105
 21
82.19330981721714
 31
0.0
  0
LINE
  5
264
330
1F
100
AcDbEntity
  8
0
100
AcDbLine
 10
173.4645262843105
 20
82.19330981721714
 30
0.0
 11
173.4645262843105
 21
79.19330981721716
 31
0.0
  0
LINE
  5
265
330
1F
100
AcDbEntity
  8
0
100
AcDbLine
 10
175.4645262843105
 20
95.39330981721714
 30
0.0
 11
186.9645262843106
 21
95.39330981721714
 31
0.0
  0
LINE
  5
266
330
1F
100
AcDbEntity
  8
0
100
AcDbLine
 10
186.9645262843106
 20
82.19330981721714
 30
0.0
 11
186.9645262843106
 21
95.39330981721714
 31
0.0
  0
LINE
  5
267
330
1F
100
AcDbEntity
  8
0
100
AcDbLine
 10
185.4645262843106
 20
82.19330981721714
 30
0.0
 11
186.9645262843106
 21
82.19330981721714
 31
0.0
  0
LINE
  5
268
330
1F
100
AcDbEntity
  8
0
100
AcDbLine
 10
185.4645262843106
 20
83.69330981721716
 30
0.0
 11
185.4645262843106
 21
82.19330981721714
 31
0.0
  0
LINE
  5
269
330
1F
100
AcDbEntity
  8
0
100
AcDbLine
 10
174.9645262843105
 20
83.69330981721716
 30
0.0
 11
185.4645262843106
 21
83.69330981721716
 31
0.0
  0
LINE
  5
26A
330
1F
100
AcDbEntity
  8
0
100
AcDbLine
 10
174.4645262843105
 20
85.19330981721716
 30
0.0
 11
174.9645262843105
 21
83.69330981721716
 31
0.0
  0
LINE
  5
26B
330
1F
100
AcDbEntity
  8
0
100
AcDbLine
 10
174.4645262843103
 20
92.69625354236776
 30
0.0
 11
174.4645262843105
 21
85.19330981721716
 31
0.0
  0
LINE
  5
26C
330
1F
100
AcDbEntity
  8
0
100
AcDbLine
 10
173.6792304627094
 20
91.91095772076726
 30
0.0
 11
174.4645262843103
 21
92.69625354236776
 31
0.0
  0
LINE
  5
26D
330
1F
100
AcDbEntity
  8
0
100
AcDbLine
 10
173.4645262843105
 20
90.69330981721716
 30
0.0
 11
173.6792304627094
 21
91.91095772076726
 31
0.0
  0
LINE
  5
26E
330
1F
100
AcDbEntity
  8
0
100
AcDbLine
 10
173.4645262843105
 20
82.19330981721714
 30
0.0
 11
173.4645262843105
 21
90.69330981721716
 31
0.0
  0
LINE
  5
26F
330
1F
100
AcDbEntity
  8
0
100
AcDbLine
 10
171.9645262843105
 20
82.19330981721714
 30
0.0
 11
171.9645262843105
 21
91.89330981721716
 31
0.0
  0
LINE
  5
270
330
1F
100
AcDbEntity
  8
0
100
AcDbLine
 10
175.4645262843105
 20
95.39330981721714
 30
0.0
 11
171.9645262843105
 21
91.89330981721716
 31
0.0
  0
LINE
  5
271
330
1F
100
AcDbEntity
  8
0
100
AcDbLine
 10
186.9645262843106
 20
82.19330981721714
 30
0.0
 11
186.9645262843106
 21
79.19330981721716
 31
0.0
  0
LINE
  5
272
330
1F
100
AcDbEntity
  8
0
100
AcDbLine
 10
186.9645262843106
 20
79.19330981721716
 30
0.0
 11
185.4645262843106
 21
79.19330981721716
 31
0.0
  0
LINE
  5
273
330
1F
100
AcDbEntity
  8
0
100
AcDbLine
 10
185.4645262843106
 20
79.19330981721716
 30
0.0
 11
185.4645262843106
 21
82.19330981721714
 31
0.0
  0
LINE
  5
274
330
1F
100
AcDbEntity
  8
0
100
AcDbLine
 10
171.9645262843105
 20
72.89330981721716
 30
0.0
 11
186.9645262843106
 21
72.89330981721716
 31
0.0
  0
LINE
  5
275
330
1F
100
AcDbEntity
  8
0
100
AcDbLine
 10
186.9645262843106
 20
79.19330981721716
 30
0.0
 11
186.9645262843106
 21
72.89330981721716
 31
0.0
  0
LINE
  5
276
330
1F
100
AcDbEntity
  8
0
100
AcDbLine
 10
171.9645262843105
 20
79.19330981721716
 30
0.0
 11
171.9645262843105
 21
72.89330981721716
 31
0.0
  0
SPLINE
  5
277
330
1F
100
AcDbEntity
  8
0
100
AcDbSpline
210
0.0
220
0.0
230
1.0
 70
     8
 71
     3
 72
    13
 73
     9
 74
     0
 42
1E-08
 43
1E-08
 40
0.0
 40
0.0
 40
0.0
 40
0.0
 40
0.1462448253819188
 40
0.2894304508437643
 40
0.4369741963557072
 40
0.6665915611474227
 40
0.8204364418436811
 40
0.9999999999999999
 40
0.9999999999999999
 40
0.9999999999999999
 40
0.9999999999999999
 10
184.7101030688631
 20
97.85386289633462
 30
0.0
 10
184.7184820882918
 20
97.85242934894909
 30
0.0
 10
184.7350648519181
 20
97.84959224161886
 30
0.0
 10
184.8361262741023
 20
97.83252811388347
 30
0.0
 10
184.9847788456282
 20
97.80754323650733
 30
0.0
 10
185.186487926565
 20
97.77319772519265
 30
0.0
 10
185.429191971377
 20
97.73259685122572
 30
0.0
 10
185.5821485583655
 20
97.70706206813381
 30
0.0
 10
185.6645262843092
 20
97.69330981721745
 30
0.0
  0
SPLINE
  5
278
330
1F
100
AcDbEntity
  8
0
100
AcDbSpline
210
0.0
220
0.0
230
1.0
 70
     8
 71
     3
 72
    20
 73
    16
 74
     0
 42
1E-08
 43
1E-08
 40
0.0
 40
0.0
 40
0.0
 40
0.0
 40
0.0598542827160413
 40
0.1204729644093715
 40
0.1818569837658011
 40
0.2440072437141796
 40
0.3069246131150344
 40
0.3706099283523669
 40
0.4350639948350277
 40
0.5002875884136063
 40
0.5778985775639678
 40
0.6666817769611305
 40
0.7666312803112728
 40
0.8777400461365484
 40
1.0
 40
1.0
 40
1.0
 40
1.0
 10
186.651869685221
 20
97.5290476770072
 30
0.0
 10
186.651028450823
 20
97.52918887189004
 30
0.0
 10
186.6493352386233
 20
97.52947306485547
 30
0.0
 10
186.6355449657786
 20
97.53177426070714
 30
0.0
 10
186.6132596336014
 20
97.53547817480208
 30
0.0
 10
186.5815379716072
 20
97.5407370476066
 30
0.0
 10
186.5405763938305
 20
97.54751704813432
 30
0.0
 10
186.4903956179749
 20
97.55581715866913
 30
0.0
 10
186.4312075640069
 20
97.56561525707822
 30
0.0
 10
186.3592983872783
 20
97.57752245974066
 30
0.0
 10
186.2694529616231
 20
97.59251173423313
 30
0.0
 10
186.1550476571793
 20
97.6116265647811
 30
0.0
 10
186.0147206150379
 20
97.63499970755063
 30
0.0
 10
185.8484309602594
 20
97.66262336791371
 30
0.0
 10
185.7277500310684
 20
97.68276026327221
 30
0.0
 10
185.6645262843092
 20
97.69330981721744
 30
0.0
  0
LINE
  5
279
330
1F
100
AcDbEntity
  8
0
100
AcDbLine
 10
186.3897564024287
 20
95.3933098172174
 30
0.0
 11
186.651869685221
 21
97.52904767700716
 31
0.0
  0
LINE
  5
27A
330
1F
100
AcDbEntity
  8
0
100
AcDbLine
 10
184.3747507116465
 20
95.39330981721714
 30
0.0
 11
184.6774100986399
 21
97.85942334086725
 31
0.0
  0
LINE
  5
27B
330
1F
100
AcDbEntity
  8
0
100
AcDbLine
 10
173.923961052674
 20
105.9004084720082
 30
0.0
 11
173.9233235096895
 21
105.8848069157452
 31
0.0
  0
SPLINE
  5
27C
330
1F
100
AcDbEntity
  8
0
100
AcDbSpline
210
0.0
220
0.0
230
1.0
 70
     8
 71
     3
 72
    20
 73
    16
 74
     0
 42
1E-08
 43
1E-08
 40
0.0
 40
0.0
 40
0.0
 40
0.0
 40
0.1249999999999997
 40
0.1249999999999997
 40
0.2499999999999994
 40
0.2499999999999994
 40
0.3749999999999991
 40
0.3749999999999991
 40
0.4999999999999992
 40
0.4999999999999992
 40
0.6249999999999993
 40
0.6249999999999993
 40
0.7499999999999994
 40
0.7499999999999994
 40
1.0
 40
1.0
 40
1.0
 40
1.0
 10
186.6518696852198
 20
97.5290476770073
 30
0.0
 10
186.8577164990141
 20
98.51471220942626
 30
0.0
 10
186.9221676388129
 20
99.41072033258007
 30
0.0
 10
186.8029041929813
 20
101.0594996622511
 30
0.0
 10
186.6184426985239
 20
101.8103981931302
 30
0.0
 10
186.0340929652361
 20
103.1606268057734
 30
0.0
 10
185.6361390923045
 20
103.7584224796044
 30
0.0
 10
184.6844706212947
 20
104.7983435276614
 30
0.0
 10
184.1318993209598
 20
105.2421761352755
 30
0.0
 10
182.9156706279928
 20
106.0024463406223
 30
0.0
 10
182.2512807005931
 20
106.3199935829399
 30
0.0
 10
180.8296541764972
 20
106.8559762442376
 30
0.0
 10
180.0720315409343
 20
107.0745677047685
 30
0.0
 10
177.674081990501
 20
107.6089955586573
 30
0.0
 10
175.9089081689127
 20
107.8053370334533
 30
0.0
 10
174.0049834841273
 20
107.8831391325084
 30
0.0
  0
SPLINE
  5
27D
330
1F
100
AcDbEntity
  8
0
100
AcDbSpline
210
0.0
220
0.0
230
1.0
 70
     8
 71
     3
 72
    18
 73
    14
 74
     0
 42
1E-08
 43
1E-08
 40
0.0
 40
0.0
 40
0.0
 40
0.0
 40
0.2499999999999999
 40
0.2499999999999999
 40
0.4999999999999997
 40
0.4999999999999997
 40
0.6249999999999998
 40
0.6249999999999998
 40
0.7499999999999998
 40
0.7499999999999998
 40
0.8749999999999998
 40
0.8749999999999998
 40
1.0
 40
1.0
 40
1.0
 40
1.0
 10
173.9233235096895
 20
105.8848069157452
 30
0.0
 10
175.7461564028187
 20
105.8103185567958
 30
0.0
 10
177.4070305559459
 20
105.6209174000161
 30
0.0
 10
180.3020679035614
 20
104.9726823846902
 30
0.0
 10
181.5334550385646
 20
104.5125701443647
 30
0.0
 10
182.9620022501366
 20
103.6121572742169
 30
0.0
 10
183.3682560007768
 20
103.2785631751385
 30
0.0
 10
184.0401794572307
 20
102.5349944046294
 30
0.0
 10
184.3074608728858
 20
102.1271752094384
 30
0.0
 10
184.7020634177599
 20
101.1916346707021
 30
0.0
 10
184.8320953850248
 20
100.6631447223894
 30
0.0
 10
184.9105674881822
 20
99.41730287145867
 30
0.0
 10
184.8593203475081
 20
98.69911468839398
 30
0.0
 10
184.6774100986398
 20
97.85942334086731
 30
0.0
  0
LINE
  5
27E
330
1F
100
AcDbEntity
  8
0
100
AcDbLine
 10
154.0468666991775
 20
108.6987088825232
 30
0.0
 11
153.9652067247404
 21
106.7003766657547
 31
0.0
  0
LINE
  5
27F
330
1F
100
AcDbEntity
  8
0
100
AcDbLine
 10
174.0049834841273
 20
107.8831391325084
 30
0.0
 11
154.0468666991775
 21
108.6987088825232
 31
0.0
  0
LINE
  5
280
330
1F
100
AcDbEntity
  8
0
100
AcDbLine
 10
173.9233235096895
 20
105.8848069157452
 30
0.0
 11
153.9652067247404
 21
106.7003766657547
 31
0.0
  0
LINE
  5
281
330
1F
100
AcDbEntity
  8
0
100
AcDbLine
 10
166.9613036640761
 20
93.8918192526672
 30
0.0
 11
163.107649171639
 21
92.85923564350705
 31
0.0
  0
SPLINE
  5
282
330
1F
100
AcDbEntity
  8
0
100
AcDbSpline
210
0.0
220
0.0
230
1.0
 70
     8
 71
     3
 72
     8
 73
     4
 74
     0
 42
1E-08
 43
1E-08
 40
0.0
 40
0.0
 40
0.0
 40
0.0
 40
1.0
 40
1.0
 40
1.0
 40
1.0
 10
166.9613036640761
 20
93.8918192526672
 30
0.0
 10
166.9634511371415
 20
93.88364595275516
 30
0.0
 10
166.9645262843105
 20
93.87517208253365
 30
0.0
 10
166.9645262843105
 20
93.86640817113715
 30
0.0
  0
LINE
  5
283
330
1F
100
AcDbEntity
  8
0
100
AcDbLine
 10
166.9645262843105
 20
93.86640817113715
 30
0.0
 11
166.9645262843102
 21
93.14171484484845
 31
0.0
  0
LINE
  5
284
330
1F
100
AcDbEntity
  8
0
100
AcDbLine
 10
163.7728023062885
 20
92.28649498247556
 30
0.0
 11
166.9645262843102
 21
93.14171484484845
 31
0.0
  0
SPLINE
  5
285
330
1F
100
AcDbEntity
  8
0
100
AcDbSpline
210
0.0
220
0.0
230
1.0
 70
     8
 71
     3
 72
    10
 73
     6
 74
     0
 42
1E-08
 43
1E-08
 40
0.0
 40
0.0
 40
0.0
 40
0.0
 40
0.5
 40
0.5
 40
1.0
 40
1.0
 40
1.0
 40
1.0
 10
163.6245661153085
 20
92.09330981721715
 30
0.0
 10
163.6245661153085
 20
92.13389391248448
 30
0.0
 10
163.6383425592892
 20
92.17915448033307
 30
0.0
 10
163.6934483352117
 20
92.25096972570537
 30
0.0
 10
163.7336010805332
 20
92.27599104569207
 30
0.0
 10
163.7728023062885
 20
92.28649498247556
 30
0.0
  0
SPLINE
  5
286
330
1F
100
AcDbEntity
  8
0
100
AcDbSpline
210
0.0
220
0.0
230
1.0
 70
     8
 71
     3
 72
    10
 73
     6
 74
     0
 42
1E-08
 43
1E-08
 40
0.0
 40
0.0
 40
0.0
 40
0.0
 40
0.5
 40
0.5
 40
1.0
 40
1.0
 40
1.0
 40
1.0
 10
163.8245661153085
 20
91.89330981721716
 30
0.0
 10
163.7774256632295
 20
91.89330981721713
 30
0.0
 10
163.7221971882464
 20
91.91283603180469
 30
0.0
 10
163.6440923298961
 20
91.99094089015496
 30
0.0
 10
163.6245661153085
 20
92.04616936513806
 30
0.0
 10
163.6245661153085
 20
92.09330981721715
 30
0.0
  0
LINE
  5
287
330
1F
100
AcDbEntity
  8
0
100
AcDbLine
 10
163.8245661153085
 20
91.89330981721716
 30
0.0
 11
166.9645262843105
 21
91.89330981721716
 31
0.0
  0
LINE
  5
288
330
1F
100
AcDbEntity
  8
0
100
AcDbLine
 10
166.9645262843105
 20
91.89330981721716
 30
0.0
 11
166.9645262843134
 21
73.39330981721716
 31
0.0
  0
LINE
  5
289
330
1F
100
AcDbEntity
  8
0
100
AcDbLine
 10
166.9645262843135
 20
73.39330981721716
 30
0.0
 11
162.8664680764096
 21
73.39330981721716
 31
0.0
  0
SPLINE
  5
28A
330
1F
100
AcDbEntity
  8
0
100
AcDbSpline
210
0.0
220
0.0
230
1.0
 70
     8
 71
     3
 72
    16
 73
    12
 74
     0
 42
1E-08
 43
1E-08
 40
0.0
 40
0.0
 40
0.0
 40
0.0
 40
0.2499999999999997
 40
0.2499999999999997
 40
0.4999999999999994
 40
0.4999999999999994
 40
0.6249999999999993
 40
0.6249999999999993
 40
0.7499999999999991
 40
0.7499999999999991
 40
1.0
 40
1.0
 40
1.0
 40
1.0
 10
162.366468759352
 20
73.89330983427122
 30
0.0
 10
162.3665008760106
 20
73.82824055700074
 30
0.0
 10
162.3783556025716
 20
73.76650352473146
 30
0.0
 10
162.4277282531163
 20
73.6447134215685
 30
0.0
 10
162.4652437411462
 20
73.58852559788218
 30
0.0
 10
162.5332261832688
 20
73.51900924273684
 30
0.0
 10
162.5581988786782
 20
73.49821864917755
 30
0.0
 10
162.6127680322343
 20
73.46140051170391
 30
0.0
 10
162.6443560603444
 20
73.4445212468239
 30
0.0
 10
162.7341063689994
 20
73.40613835244541
 30
0.0
 10
162.7981714979482
 20
73.39333264195193
 30
0.0
 10
162.8664680766494
 20
73.39330981721709
 30
0.0
  0
LINE
  5
28B
330
1F
100
AcDbEntity
  8
0
100
AcDbLine
 10
162.3664682167419
 20
91.89330979325285
 30
0.0
 11
162.3664682167419
 21
73.89330983427122
 31
0.0
  0
SPLINE
  5
28C
330
1F
100
AcDbEntity
  8
0
100
AcDbSpline
210
0.0
220
0.0
230
1.0
 70
     8
 71
     3
 72
    10
 73
     6
 74
     0
 42
1E-08
 43
1E-08
 40
0.0
 40
0.0
 40
0.0
 40
0.0
 40
0.5
 40
0.5
 40
1.0
 40
1.0
 40
1.0
 40
1.0
 10
162.3664682167957
 20
91.89330979325285
 30
0.0
 10
162.3665128718392
 20
92.11301550259721
 30
0.0
 10
162.4415310132014
 20
92.33166143235376
 30
0.0
 10
162.7082469564693
 20
92.67712823068891
 30
0.0
 10
162.8986438255055
 20
92.80324039247166
 30
0.0
 10
163.107649171639
 20
92.85923564350705
 30
0.0
  0
SPLINE
  5
28D
330
1F
100
AcDbEntity
  8
0
100
AcDbSpline
210
0.0
220
0.0
230
1.0
 70
     8
 71
     3
 72
    14
 73
    10
 74
     0
 42
1E-08
 43
1E-08
 40
0.0
 40
0.0
 40
0.0
 40
0.0
 40
0.25
 40
0.25
 40
0.5
 40
0.5
 40
0.75
 40
0.75
 40
1.0
 40
1.0
 40
1.0
 40
1.0
 10
162.9645263131008
 20
72.8933960824088
 30
0.0
 10
162.952970989449
 20
72.8933960824088
 30
0.0
 10
162.9405042996713
 20
72.90413299146272
 30
0.0
 10
162.9163647015403
 20
72.95285483782489
 30
0.0
 10
162.9047665996384
 20
72.99100489282419
 30
0.0
 10
162.8856196672504
 20
73.0886158660882
 30
0.0
 10
162.878135604083
 20
73.14774669118277
 30
0.0
 10
162.8685763894193
 20
73.2708243514541
 30
0.0
 10
162.8664688808624
 20
73.33438967505234
 30
0.0
 10
162.8664675169354
 20
73.39330981721645
 30
0.0
  0
SPLINE
  5
28E
330
1F
100
AcDbEntity
  8
0
100
AcDbSpline
210
0.0
220
0.0
230
1.0
 70
     8
 71
     3
 72
    14
 73
    10
 74
     0
 42
1E-08
 43
1E-08
 40
0.0
 40
0.0
 40
0.0
 40
0.0
 40
0.25
 40
0.25
 40
0.5
 40
0.5
 40
0.75
 40
0.75
 40
1.0
 40
1.0
 40
1.0
 40
1.0
 10
166.9645262843134
 20
73.39330981721716
 30
0.0
 10
166.9645262843139
 20
73.33438425211833
 30
0.0
 10
166.9655896914494
 20
73.27081093762827
 30
0.0
 10
166.9704152054575
 20
73.14771398724453
 30
0.0
 10
166.9741936656692
 20
73.08857196309309
 30
0.0
 10
166.983861047023
 20
72.9909408901553
 30
0.0
 10
166.9897172614871
 20
72.95278214674829
 30
0.0
 10
167.0019062616381
 20
72.90404918662411
 30
0.0
 10
167.0082012603158
 20
72.89330981721726
 30
0.0
 10
167.0140360411095
 20
72.89330981721716
 30
0.0
  0
LINE
  5
28F
330
1F
100
AcDbEntity
  8
0
100
AcDbLine
 10
162.9645262999393
 20
72.89330981721716
 30
0.0
 11
167.0140360411095
 21
72.89330981721716
 31
0.0
  0
SPLINE
  5
290
330
1F
100
AcDbEntity
  8
0
100
AcDbSpline
210
0.0
220
0.0
230
1.0
 70
     8
 71
     3
 72
    14
 73
    10
 74
     0
 42
1E-08
 43
1E-08
 40
0.0
 40
0.0
 40
0.0
 40
0.0
 40
0.25
 40
0.25
 40
0.5
 40
0.5
 40
0.75
 40
0.75
 40
1.0
 40
1.0
 40
1.0
 40
1.0
 10
166.8846265185566
 20
94.36263718363089
 30
0.0
 10
166.8793191018347
 20
94.36121506560644
 30
0.0
 10
166.8762549317828
 20
94.34985501602208
 30
0.0
 10
166.8770541384172
 20
94.30265960602745
 30
0.0
 10
166.8809824203566
 20
94.26670195074317
 30
0.0
 10
166.895800715882
 20
94.17571370134429
 30
0.0
 10
166.9066471334841
 20
94.12095079808935
 30
0.0
 10
166.9321616765622
 20
94.00657283297217
 30
0.0
 10
166.9467332580324
 20
93.9472743362841
 30
0.0
 10
166.9613036640761
 20
93.8918192526672
 30
0.0
  0
LINE
  5
291
330
1F
100
AcDbEntity
  8
0
100
AcDbLine
 10
166.8846265185566
 20
94.36263718363089
 30
0.0
 11
167.6771926526824
 21
94.57500463922105
 31
0.0
  0
LINE
  5
292
330
1F
100
AcDbEntity
  8
0
100
AcDbLine
 10
169.6546642367543
 20
95.10486655322815
 30
0.0
 11
167.6771926526824
 21
94.57500463922105
 31
0.0
  0
LINE
  5
293
330
1F
100
AcDbEntity
  8
0
100
AcDbLine
 10
169.6546642367543
 20
95.10486655322815
 30
0.0
 11
170.0174407043549
 21
95.20207221475475
 31
0.0
  0
SPLINE
  5
294
330
1F
100
AcDbEntity
  8
0
100
AcDbSpline
210
0.0
220
0.0
230
1.0
 70
     8
 71
     3
 72
    14
 73
    10
 74
     0
 42
1E-08
 43
1E-08
 40
0.0
 40
0.0
 40
0.0
 40
0.0
 40
0.25
 40
0.25
 40
0.5
 40
0.5
 40
0.75
 40
0.75
 40
1.0
 40
1.0
 40
1.0
 40
1.0
 10
170.0174407043549
 20
95.20207221475475
 30
0.0
 10
170.0174407043521
 20
95.20207221475417
 30
0.0
 10
170.0190996616447
 20
95.19139851768171
 30
0.0
 10
170.0266276548269
 20
95.1429635645582
 30
0.0
 10
170.0325222025739
 20
95.105038165743
 30
0.0
 10
170.047603700803
 20
95.00800411673323
 30
0.0
 10
170.0567396275707
 20
94.94922375206708
 30
0.0
 10
170.0757549511118
 20
94.82687955203936
 30
0.0
 10
170.0855753986528
 20
94.76369499482549
 30
0.0
 10
170.0946778880471
 20
94.7051297655433
 30
0.0
  0
LINE
  5
295
330
1F
100
AcDbEntity
  8
0
100
AcDbLine
 10
170.0946778880471
 20
94.7051297655433
 30
0.0
 11
166.9645262843105
 21
93.86640817113715
 31
0.0
  0
LINE
  5
296
330
1F
100
AcDbEntity
  8
0
100
AcDbLine
 10
171.0163559201679
 20
95.2486382071631
 30
0.0
 11
170.0174407043549
 21
95.20207221475475
 31
0.0
  0
SPLINE
  5
297
330
1F
100
AcDbEntity
  8
0
100
AcDbSpline
210
0.0
220
0.0
230
1.0
 70
     8
 71
     3
 72
    14
 73
    10
 74
     0
 42
1E-08
 43
1E-08
 40
0.0
 40
0.0
 40
0.0
 40
0.0
 40
0.25
 40
0.25
 40
0.5
 40
0.5
 40
0.75
 40
0.75
 40
1.0
 40
1.0
 40
1.0
 40
1.0
 10
171.0163559201679
 20
95.2486382071631
 30
0.0
 10
171.0163559201681
 20
95.24863820716284
 30
0.0
 10
171.0192011115827
 20
95.23801980824629
 30
0.0
 10
171.0321119813461
 20
95.18983578631956
 30
0.0
 10
171.042221413755
 20
95.15210687093398
 30
0.0
 10
171.0680869073417
 20
95.05557553470572
 30
0.0
 10
171.0837554603992
 20
94.99709969861389
 30
0.0
 10
171.1163676532685
 20
94.87538933787926
 30
0.0
 10
171.1332101923161
 20
94.8125321264247
 30
0.0
 10
171.1488213986697
 20
94.75427031114562
 30
0.0
  0
LINE
  5
298
330
1F
100
AcDbEntity
  8
0
100
AcDbLine
 10
171.1488213986697
 20
94.75427031114562
 30
0.0
 11
170.0946778880471
 21
94.7051297655433
 31
0.0
  0
LINE
  5
299
330
1F
100
AcDbEntity
  8
0
100
AcDbLine
 10
171.9645262843105
 20
73.39330981721716
 30
0.0
 11
166.9645262843134
 21
73.39330981721716
 31
0.0
  0
LINE
  5
29A
330
1F
100
AcDbEntity
  8
0
100
AcDbLine
 10
167.0140360411095
 20
72.89330981721716
 30
0.0
 11
171.9645262843105
 21
72.89330981721716
 31
0.0
  0
LINE
  5
29B
330
1F
100
AcDbEntity
  8
0
100
AcDbLine
 10
171.2716656410472
 20
94.29580935717716
 30
0.0
 11
171.1488213986697
 21
94.75427031114562
 31
0.0
  0
LINE
  5
29C
330
1F
100
AcDbEntity
  8
0
100
AcDbLine
 10
171.2716656410472
 20
94.29580935717716
 30
0.0
 11
166.9645262843102
 21
93.14171484484845
 31
0.0
  0
LINE
  5
29D
330
1F
100
AcDbEntity
  8
0
100
AcDbLine
 10
166.9645262843105
 20
91.89330981721716
 30
0.0
 11
171.9645262843105
 21
91.89330981721716
 31
0.0
  0
LINE
  5
29E
330
1F
100
AcDbEntity
  8
0
100
AcDbLine
 10
166.8846265185572
 20
94.36263718362855
 30
0.0
 11
163.0762977168791
 21
93.3421985567069
 31
0.0
  0
ARC
  5
29F
330
1F
100
AcDbEntity
  8
0
100
AcDbCircle
 10
163.7427362576647
 20
93.14296125691861
 30
0.0
 40
0.695583086729987
100
AcDbArc
 50
163.3555309935348
 51
204.0727380980382
  0
LINE
  5
2A0
330
1F
100
AcDbEntity
  8
0
100
AcDbLine
 10
169.3941782766977
 20
96.07701339081751
 30
0.0
 11
168.9327847106805
 21
95.95338335741715
 31
0.0
  0
LINE
  5
2A1
330
1F
100
AcDbEntity
  8
0
100
AcDbLine
 10
169.6546642367543
 20
95.10486655322815
 30
0.0
 11
169.3941782766977
 21
96.07701339081751
 31
0.0
  0
LINE
  5
2A2
330
1F
100
AcDbEntity
  8
0
100
AcDbLine
 10
168.9327847106805
 20
95.95338335741715
 30
0.0
 11
167.6771926526824
 21
94.57500463922105
 31
0.0
  0
SPLINE
  5
2A3
330
1F
100
AcDbEntity
  8
0
100
AcDbSpline
210
0.0
220
0.0
230
1.0
 70
     8
 71
     3
 72
    10
 73
     6
 74
     0
 42
1E-08
 43
1E-08
 40
0.0
 40
0.0
 40
0.0
 40
0.0
 40
0.5
 40
0.5
 40
1.0
 40
1.0
 40
1.0
 40
1.0
 10
161.9645636813042
 20
91.89330983281607
 30
0.0
 10
161.9645615513815
 20
91.89330983095604
 30
0.0
 10
162.0044739780762
 20
91.89330982546359
 30
0.0
 10
162.1572546868204
 20
91.89330980922705
 30
0.0
 10
162.2655413452351
 20
91.89330979894592
 30
0.0
 10
162.366468216876
 20
91.89330978994569
 30
0.0
  0
SPLINE
  5
2A4
330
1F
100
AcDbEntity
  8
0
100
AcDbSpline
210
0.0
220
0.0
230
1.0
 70
     8
 71
     3
 72
    20
 73
    16
 74
     0
 42
1E-08
 43
1E-08
 40
0.0
 40
0.0
 40
0.0
 40
0.0
 40
0.06013053017792892
 40
0.1208340686910752
 40
0.1821174009802662
 40
0.2439871214148037
 40
0.3064496383351208
 40
0.369511179052881
 40
0.4331777947979729
 40
0.4974553656032723
 40
0.5845312090841022
 40
0.678315800751198
 40
0.7788179365777356
 40
0.8860443145490247
 40
1.0
 40
1.0
 40
1.0
 40
1.0
 10
161.9645262843105
 20
91.89330983150936
 30
0.0
 10
161.9654276435482
 20
91.93279639338276
 30
0.0
 10
161.9672389514433
 20
92.01214580067497
 30
0.0
 10
161.9819642502308
 20
92.13097656759005
 30
0.0
 10
162.0056891361597
 20
92.24938724473265
 30
0.0
 10
162.0393917588151
 20
92.36655839918234
 30
0.0
 10
162.0828755074488
 20
92.48164273240975
 30
0.0
 10
162.1361684154827
 20
92.59377063132651
 30
0.0
 10
162.1991415160172
 20
92.70205761055638
 30
0.0
 10
162.279926128523
 20
92.81751833912877
 30
0.0
 10
162.384623654554
 20
92.93939075808814
 30
0.0
 10
162.5203208759463
 20
93.06413175108311
 30
0.0
 10
162.6815088188313
 20
93.17773576030977
 30
0.0
 10
162.8676847129421
 20
93.27663195594074
 30
0.0
 10
163.0053637861663
 20
93.3199041808647
 30
0.0
 10
163.0762977168782
 20
93.34219855671012
 30
0.0
  0
SPLINE
  5
2A5
330
1F
100
AcDbEntity
  8
0
100
AcDbSpline
210
0.0
220
0.0
230
1.0
 70
     8
 71
     3
 72
    13
 73
     9
 74
     0
 42
1E-08
 43
1E-08
 40
0.0
 40
0.0
 40
0.0
 40
0.0
 40
0.1954290351574925
 40
0.3669661104186104
 40
0.6373105999311076
 40
0.801930373310535
 40
0.9622866778477288
 40
0.9999999999999999
 40
0.9999999999999999
 40
0.9999999999999999
 40
0.9999999999999999
 10
162.9645262999399
 20
72.89330981721716
 30
0.0
 10
162.8841225171834
 20
72.89889815584753
 30
0.0
 10
162.7331446269365
 20
72.90939163696837
 30
0.0
 10
162.4860210459933
 20
73.00203809142533
 30
0.0
 10
162.2765725276815
 20
73.14806207138724
 30
0.0
 10
162.1274874507625
 20
73.34134743719098
 30
0.0
 10
162.0435458384063
 20
73.47061503620509
 30
0.0
 10
162.0301284956783
 20
73.55140762055382
 30
0.0
 10
162.0275737750117
 20
73.56679088154131
 30
0.0
  0
SPLINE
  5
2A6
330
1F
100
AcDbEntity
  8
0
100
AcDbSpline
210
0.0
220
0.0
230
1.0
 70
     8
 71
     3
 72
    10
 73
     6
 74
     0
 42
1E-08
 43
1E-08
 40
0.0
 40
0.0
 40
0.0
 40
0.0
 40
0.5
 40
0.5
 40
1.0
 40
1.0
 40
1.0
 40
1.0
 10
162.3664687596716
 20
73.89330998819059
 30
0.0
 10
162.2664657151019
 20
73.89330983891811
 30
0.0
 10
162.1586093359234
 20
73.89330966767731
 30
0.0
 10
162.0052882607306
 20
73.89330939528746
 30
0.0
 10
161.9646285754609
 20
73.89330930213735
 30
0.0
 10
161.9646356581506
 20
73.89330927072888
 30
0.0
  0
LINE
  5
2A7
330
1F
100
AcDbEntity
  8
0
100
AcDbLine
 10
161.9645262843105
 20
73.8933095481575
 30
0.0
 11
161.9645262843105
 21
91.89330983150916
 31
0.0
  0
SPLINE
  5
2A8
330
1F
100
AcDbEntity
  8
0
100
AcDbSpline
210
0.0
220
0.0
230
1.0
 70
     8
 71
     3
 72
    18
 73
    14
 74
     0
 42
1E-08
 43
1E-08
 40
0.0
 40
0.0
 40
0.0
 40
0.0
 40
0.2500000000000007
 40
0.2500000000000007
 40
0.5000000000000013
 40
0.5000000000000013
 40
0.625000000000001
 40
0.625000000000001
 40
0.7500000000000007
 40
0.7500000000000007
 40
0.8750000000000004
 40
0.8750000000000004
 40
1.0
 40
1.0
 40
1.0
 40
1.0
 10
173.9233235096895
 20
105.8848069157452
 30
0.0
 10
175.7461564028187
 20
105.8103185567958
 30
0.0
 10
177.4070305559459
 20
105.6209174000161
 30
0.0
 10
180.3020679035614
 20
104.9726823846902
 30
0.0
 10
181.5334550385646
 20
104.5125701443646
 30
0.0
 10
182.9620022501366
 20
103.6121572742169
 30
0.0
 10
183.3682560007768
 20
103.2785631751385
 30
0.0
 10
184.0401794572307
 20
102.5349944046294
 30
0.0
 10
184.3074608728858
 20
102.1271752094384
 30
0.0
 10
184.7020634177599
 20
101.1916346707021
 30
0.0
 10
184.8320953850248
 20
100.6631447223894
 30
0.0
 10
184.9105674881822
 20
99.41730287145867
 30
0.0
 10
184.859320347508
 20
98.69911468839356
 30
0.0
 10
184.6774100986398
 20
97.85942334086731
 30
0.0
  0
LINE
  5
2A9
330
1F
100
AcDbEntity
  8
0
100
AcDbLine
 10
174.0049834841273
 20
107.8831391325084
 30
0.0
 11
173.923961052674
 21
105.9004084720082
 31
0.0
  0
DIMENSION
  5
2AA
330
1F
100
AcDbEntity
  8
DIMENSIONS
100
AcDbDimension
  2
_D_2
 10
203.7720474137931
 20
72.89330981721716
 30
0.0
 11
203.7720474137931
 21
84.93152370689666
 31
0.0
 70
   160
  1
<>
 71
     2
 42
-1.0
  3
SLDDIMSTYLE0
100
AcDbAlignedDimension
 13
186.9645262843106
 23
95.39330981721716
 33
0.0
 14
186.9645262843106
 24
72.89330981721716
 34
0.0
 52
0.0
 50
90.0000000000002
100
AcDbRotatedDimension
  0
DIMENSION
  5
2BE
330
1F
100
AcDbEntity
  8
DIMENSIONS
100
AcDbDimension
  2
_D_3
 10
186.9645262843106
 20
59.75013742277149
 30
0.0
 11
175.3635569114444
 21
59.75013742277149
 31
0.0
 70
   160
  1
<>
 71
     2
 42
-1.0
  3
SLDDIMSTYLE1
100
AcDbAlignedDimension
 13
161.9645262843106
 23
73.89330954815752
 33
0.0
 14
186.9645262843106
 24
72.89330981721716
 34
0.0
 52
0.0
 50
-3.256887993818637E-14
100
AcDbRotatedDimension
  0
LINE
  5
2D2
330
1F
100
AcDbEntity
  8
0
100
AcDbLine
 10
48.57052278325195
 20
180.1747323373081
 30
0.0
 11
48.57052278325195
 21
160.2166155523591
 31
0.0
  0
LINE
  5
2D3
330
1F
100
AcDbEntity
  8
0
100
AcDbLine
 10
50.57052278325195
 20
160.2166155523591
 30
0.0
 11
50.57052278325195
 21
180.174732337309
 31
0.0
  0
LINE
  5
2D4
330
1F
100
AcDbEntity
  8
0
100
AcDbLine
 10
74.57052278325195
 20
160.2166155523591
 30
0.0
 11
74.57052278325195
 21
180.174732337309
 31
0.0
  0
LINE
  5
2D5
330
1F
100
AcDbEntity
  8
0
100
AcDbLine
 10
72.57052278325195
 20
180.1747323373081
 30
0.0
 11
72.57052278325195
 21
160.2166155523591
 31
0.0
  0
SPLINE
  5
2D6
330
1F
100
AcDbEntity
  8
0
100
AcDbSpline
210
0.0
220
0.0
230
1.0
 70
     8
 71
     3
 72
    19
 73
    15
 74
     0
 42
1E-08
 43
1E-08
 40
0.0
 40
0.0
 40
0.0
 40
0.0
 40
0.1071865835651491
 40
0.2137743601510217
 40
0.3191108642039381
 40
0.4225566550404309
 40
0.5235427653715889
 40
0.6055441238372425
 40
0.6855332520031083
 40
0.7637833520270159
 40
0.8217942856902082
 40
0.8798428514697308
 40
0.9388251968849389
 40
1.0
 40
1.0
 40
1.0
 40
1.0
 10
50.57052265988104
 20
180.1747120559132
 30
0.0
 10
50.57052227212487
 20
180.6437459625482
 30
0.0
 10
50.57052149877875
 20
181.5791934779463
 30
0.0
 10
50.57052331825662
 20
182.9709267772735
 30
0.0
 10
50.57052278293392
 20
184.338631958499
 30
0.0
 10
50.57052262083177
 20
185.6683451247165
 30
0.0
 10
50.57052270883874
 20
186.8764455209228
 30
0.0
 10
50.5705225998576
 20
187.9545996688186
 30
0.0
 10
50.57052233721753
 20
188.9002294083732
 30
0.0
 10
50.57052199578457
 20
189.6974520417937
 30
0.0
 10
50.57052180307626
 20
190.350511278404
 30
0.0
 10
50.57052147781251
 20
190.8722403136442
 30
0.0
 10
50.57051997652652
 20
191.3279307376505
 30
0.0
 10
50.57051944712712
 20
191.5479060969961
 30
0.0
 10
50.57051917759755
 20
191.6599006762844
 30
0.0
  0
SPLINE
  5
2D7
330
1F
100
AcDbEntity
  8
0
100
AcDbSpline
210
0.0
220
0.0
230
1.0
 70
     8
 71
     3
 72
    10
 73
     6
 74
     0
 42
1E-08
 43
1E-08
 40
0.0
 40
0.0
 40
0.0
 40
0.0
 40
0.3810362755390161
 40
0.8159095900942844
 40
1.0
 40
1.0
 40
1.0
 40
1.0
 10
50.57052559191175
 20
191.8683793082476
 30
0.0
 10
50.57051877968436
 20
191.9154991483816
 30
0.0
 10
50.57050419272242
 20
192.0163964432513
 30
0.0
 10
50.57049731204862
 20
192.083832543742
 30
0.0
 10
50.57048325429837
 20
192.0776396075391
 30
0.0
 10
50.57047907328273
 20
192.0757977222733
 30
0.0
  0
SPLINE
  5
2D8
330
1F
100
AcDbEntity
  8
0
100
AcDbSpline
210
0.0
220
0.0
230
1.0
 70
     8
 71
     3
 72
    15
 73
    11
 74
     0
 42
1E-08
 43
1E-08
 40
0.0
 40
0.0
 40
0.0
 40
0.0
 40
0.09891236072104118
 40
0.2054855847635567
 40
0.3200901542207145
 40
0.4427419419603023
 40
0.5730247670822793
 40
0.7100932485208176
 40
0.8528094333379478
 40
1.0
 40
1.0
 40
1.0
 40
1.0
 10
50.57048785037224
 20
191.6385588037047
 30
0.0
 10
50.56871875716966
 20
191.717057634898
 30
0.0
 10
50.56504355268981
 20
191.8801351119032
 30
0.0
 10
50.52510667556921
 20
192.1239748674012
 30
0.0
 10
50.45143005377591
 20
192.368653349687
 30
0.0
 10
50.3369092392468
 20
192.6009538793791
 30
0.0
 10
50.18213778986154
 20
192.8053315229654
 30
0.0
 10
49.99349531367451
 20
192.9639576495325
 30
0.0
 10
49.78214013766202
 20
193.0689921452603
 30
0.0
 10
49.64178397844216
 20
193.0850075102373
 30
0.0
 10
49.570522779782
 20
193.0931387822212
 30
0.0
  0
SPLINE
  5
2D9
330
1F
100
AcDbEntity
  8
0
100
AcDbSpline
210
0.0
220
0.0
230
1.0
 70
     8
 71
     3
 72
    19
 73
    15
 74
     0
 42
1E-08
 43
1E-08
 40
0.0
 40
0.0
 40
0.0
 40
0.0
 40
0.1071865835651562
 40
0.213774360151036
 40
0.3191108642039595
 40
0.4225566550404586
 40
0.5235427653716223
 40
0.6055441238372791
 40
0.6855332520031463
 40
0.7637833520270528
 40
0.8217942856902406
 40
0.8798428514697555
 40
0.938825196884954
 40
1.0
 40
1.0
 40
1.0
 40
1.0
 10
74.57052265988104
 20
180.1747120559132
 30
0.0
 10
74.57052227212488
 20
180.6437459625482
 30
0.0
 10
74.57052149877877
 20
181.5791934779463
 30
0.0
 10
74.57052331825663
 20
182.9709267772735
 30
0.0
 10
74.57052278293393
 20
184.338631958499
 30
0.0
 10
74.57052262083178
 20
185.6683451247165
 30
0.0
 10
74.57052270883877
 20
186.8764455209227
 30
0.0
 10
74.5705225998576
 20
187.9545996688184
 30
0.0
 10
74.57052233721754
 20
188.9002294083729
 30
0.0
 10
74.57052199578456
 20
189.6974520417932
 30
0.0
 10
74.57052180307626
 20
190.3505112784033
 30
0.0
 10
74.57052147781252
 20
190.8722403136433
 30
0.0
 10
74.57051997652653
 20
191.3279307376492
 30
0.0
 10
74.57051944712711
 20
191.5479060969946
 30
0.0
 10
74.57051917759755
 20
191.6599006762828
 30
0.0
  0
SPLINE
  5
2DA
330
1F
100
AcDbEntity
  8
0
100
AcDbSpline
210
0.0
220
0.0
230
1.0
 70
     8
 71
     3
 72
    10
 73
     6
 74
     0
 42
1E-08
 43
1E-08
 40
0.0
 40
0.0
 40
0.0
 40
0.0
 40
0.3810362755437114
 40
0.8159095901042087
 40
1.0
 40
1.0
 40
1.0
 40
1.0
 10
74.57052559191175
 20
191.8683793082462
 30
0.0
 10
74.57051877968436
 20
191.9154991483796
 30
0.0
 10
74.57050419272241
 20
192.0163964432479
 30
0.0
 10
74.5704973120486
 20
192.0838325437365
 30
0.0
 10
74.57048325429832
 20
192.0776396075327
 30
0.0
 10
74.57047907328268
 20
192.0757977222668
 30
0.0
  0
SPLINE
  5
2DB
330
1F
100
AcDbEntity
  8
0
100
AcDbSpline
210
0.0
220
0.0
230
1.0
 70
     8
 71
     3
 72
    15
 73
    11
 74
     0
 42
1E-08
 43
1E-08
 40
0.0
 40
0.0
 40
0.0
 40
0.0
 40
0.09891236072203471
 40
0.2054855847652438
 40
0.3200901542228228
 40
0.4427419419625608
 40
0.5730247670844331
 40
0.7100932485225968
 40
0.8528094333390344
 40
1.0
 40
1.0
 40
1.0
 40
1.0
 10
74.57048785037219
 20
191.6385588036879
 30
0.0
 10
74.56871875716995
 20
191.717057634882
 30
0.0
 10
74.56504355269078
 20
191.8801351118885
 30
0.0
 10
74.52510667557175
 20
192.1239748673884
 30
0.0
 10
74.45143005378041
 20
192.3686533496757
 30
0.0
 10
74.3369092392536
 20
192.6009538793695
 30
0.0
 10
74.18213778987071
 20
192.8053315229577
 30
0.0
 10
73.99349531368584
 20
192.9639576495271
 30
0.0
 10
73.78214013767524
 20
193.0689921452576
 30
0.0
 10
73.64178397845629
 20
193.0850075102364
 30
0.0
 10
73.57052277979668
 20
193.0931387822212
 30
0.0
  0
SPLINE
  5
2DC
330
1F
100
AcDbEntity
  8
0
100
AcDbSpline
210
0.0
220
0.0
230
1.0
 70
     8
 71
     3
 72
    15
 73
    11
 74
     0
 42
1E-08
 43
1E-08
 40
0.0
 40
0.0
 40
0.0
 40
0.0
 40
0.147190567134482
 40
0.2899067522450268
 40
0.4269752338222983
 40
0.5572580589537895
 40
0.6799098465958159
 40
0.7945144158639903
 40
0.9010876396345685
 40
1.0
 40
1.0
 40
1.0
 40
1.0
 10
73.5705227832527
 20
193.0931387822212
 30
0.0
 10
73.49926158483285
 20
193.0850075100228
 30
0.0
 10
73.35890542616599
 20
193.0689921446323
 30
0.0
 10
73.14755025106982
 20
192.9639576487595
 30
0.0
 10
72.95890777578869
 20
192.8053315225449
 30
0.0
 10
72.80413632712816
 20
192.6009538798165
 30
0.0
 10
72.6896155130311
 20
192.3686533513602
 30
0.0
 10
72.61593889136222
 20
192.1239748705524
 30
0.0
 10
72.57600201411874
 20
191.8801351166716
 30
0.0
 10
72.57232680941996
 20
191.7170576407604
 30
0.0
 10
72.57055771611296
 20
191.6385588101362
 30
0.0
  0
SPLINE
  5
2DD
330
1F
100
AcDbEntity
  8
0
100
AcDbSpline
210
0.0
220
0.0
230
1.0
 70
     8
 71
     3
 72
    20
 73
    16
 74
     0
 42
1E-08
 43
1E-08
 40
0.0
 40
0.0
 40
0.0
 40
0.0
 40
0.04482851575896861
 40
0.08993747690400515
 40
0.1358744731347497
 40
0.1831771415966713
 40
0.2492315238799205
 40
0.3197208493414785
 40
0.3955942374763153
 40
0.4776479343957683
 40
0.5665391717935238
 40
0.6628119273317843
 40
0.7669097588938851
 40
0.8792033845902931
 40
1.0
 40
1.0
 40
1.0
 40
1.0
 10
72.57052638890467
 20
191.6599006769137
 30
0.0
 10
72.57052618930626
 20
191.5800098769328
 30
0.0
 10
72.57052578886075
 20
191.4197284833493
 30
0.0
 10
72.5705244956598
 20
191.1026081863151
 30
0.0
 10
72.57052379087078
 20
190.729264523774
 30
0.0
 10
72.57052351811119
 20
190.2419398003662
 30
0.0
 10
72.57052340012676
 20
189.614796324244
 30
0.0
 10
72.57052312160172
 20
188.824980862584
 30
0.0
 10
72.57052293248286
 20
187.9243109198592
 30
0.0
 10
72.57052286688358
 20
186.9118256358815
 30
0.0
 10
72.57052294262417
 20
185.7864930474627
 30
0.0
 10
72.57052289437087
 20
184.5472633174043
 30
0.0
 10
72.57052224246026
 20
183.1931295957652
 30
0.0
 10
72.57052395269444
 20
181.7233562733079
 30
0.0
 10
72.57052326369148
 20
180.7033301056994
 30
0.0
 10
72.57052290662278
 20
180.1747120559186
 30
0.0
  0
SPLINE
  5
2DE
330
1F
100
AcDbEntity
  8
0
100
AcDbSpline
210
0.0
220
0.0
230
1.0
 70
     8
 71
     3
 72
    10
 73
     6
 74
     0
 42
1E-08
 43
1E-08
 40
0.0
 40
0.0
 40
0.0
 40
0.0
 40
0.184090178546027
 40
0.6189629349384571
 40
1.0
 40
1.0
 40
1.0
 40
1.0
 10
72.570566493199
 20
192.0757977246755
 30
0.0
 10
72.57056231218614
 20
192.0776396103432
 30
0.0
 10
72.57054825444547
 20
192.0838325477815
 30
0.0
 10
72.57054137376538
 20
192.0163963368769
 30
0.0
 10
72.57052678677991
 20
191.9154988717157
 30
0.0
 10
72.57051997452935
 20
191.8683788677811
 30
0.0
  0
SPLINE
  5
2DF
330
1F
100
AcDbEntity
  8
0
100
AcDbSpline
210
0.0
220
0.0
230
1.0
 70
     8
 71
     3
 72
    15
 73
    11
 74
     0
 42
1E-08
 43
1E-08
 40
0.0
 40
0.0
 40
0.0
 40
0.0
 40
0.1471905671343034
 40
0.2899067522447299
 40
0.4269752338219275
 40
0.5572580589533909
 40
0.6799098465954385
 40
0.7945144158636847
 40
0.9010876396343889
 40
1.0
 40
1.0
 40
1.0
 40
1.0
 10
49.57052278325043
 20
193.0931387822212
 30
0.0
 10
49.49926158483057
 20
193.0850075100226
 30
0.0
 10
49.3589054261637
 20
193.0689921446319
 30
0.0
 10
49.14755025106776
 20
192.9639576487585
 30
0.0
 10
48.95890777578699
 20
192.8053315225435
 30
0.0
 10
48.8041363271269
 20
192.6009538798147
 30
0.0
 10
48.68961551303026
 20
192.3686533513581
 30
0.0
 10
48.61593889136175
 20
192.12397487055
 30
0.0
 10
48.57600201411856
 20
191.8801351166688
 30
0.0
 10
48.57232680941991
 20
191.7170576407574
 30
0.0
 10
48.57055771611296
 20
191.638558810133
 30
0.0
  0
SPLINE
  5
2E0
330
1F
100
AcDbEntity
  8
0
100
AcDbSpline
210
0.0
220
0.0
230
1.0
 70
     8
 71
     3
 72
    20
 73
    16
 74
     0
 42
1E-08
 43
1E-08
 40
0.0
 40
0.0
 40
0.0
 40
0.0
 40
0.04482851575896687
 40
0.08993747690400261
 40
0.1358744731347462
 40
0.1831771415966669
 40
0.2492315238799158
 40
0.3197208493414733
 40
0.3955942374763103
 40
0.477647934395764
 40
0.5665391717935199
 40
0.6628119273317814
 40
0.7669097588938829
 40
0.8792033845902919
 40
0.9999999999999999
 40
0.9999999999999999
 40
0.9999999999999999
 40
0.9999999999999999
 10
48.57052638890467
 20
191.6599006769134
 30
0.0
 10
48.57052618930626
 20
191.5800098769325
 30
0.0
 10
48.57052578886076
 20
191.419728483349
 30
0.0
 10
48.57052449565978
 20
191.1026081863149
 30
0.0
 10
48.57052379087078
 20
190.729264523774
 30
0.0
 10
48.57052351811117
 20
190.2419398003661
 30
0.0
 10
48.57052340012676
 20
189.6147963242439
 30
0.0
 10
48.5705231216017
 20
188.8249808625839
 30
0.0
 10
48.57052293248283
 20
187.9243109198591
 30
0.0
 10
48.57052286688358
 20
186.9118256358815
 30
0.0
 10
48.57052294262417
 20
185.7864930474627
 30
0.0
 10
48.57052289437082
 20
184.5472633174043
 30
0.0
 10
48.57052224246025
 20
183.1931295957652
 30
0.0
 10
48.57052395269446
 20
181.7233562733078
 30
0.0
 10
48.57052326369149
 20
180.7033301056994
 30
0.0
 10
48.57052290662281
 20
180.1747120559186
 30
0.0
  0
SPLINE
  5
2E1
330
1F
100
AcDbEntity
  8
0
100
AcDbSpline
210
0.0
220
0.0
230
1.0
 70
     8
 71
     3
 72
    10
 73
     6
 74
     0
 42
1E-08
 43
1E-08
 40
0.0
 40
0.0
 40
0.0
 40
0.0
 40
0.1840901785444864
 40
0.6189629349377287
 40
0.9999999999999999
 40
0.9999999999999999
 40
0.9999999999999999
 40
0.9999999999999999
 10
48.57056649319901
 20
192.0757977246739
 30
0.0
 10
48.57056231218615
 20
192.0776396103417
 30
0.0
 10
48.57054825444546
 20
192.0838325477801
 30
0.0
 10
48.57054137376539
 20
192.0163963368759
 30
0.0
 10
48.5705267867799
 20
191.9154988717149
 30
0.0
 10
48.57051997452935
 20
191.8683788677804
 30
0.0
  0
LINE
  5
2E2
330
1F
100
AcDbEntity
  8
0
100
AcDbLine
 10
50.57052278325195
 20
191.592849794835
 30
0.0
 11
50.57052278325195
 21
191.8751051247104
 31
0.0
  0
LINE
  5
2E3
330
1F
100
AcDbEntity
  8
0
100
AcDbLine
 10
48.57052278325195
 20
191.8751051247104
 30
0.0
 11
48.57052278325195
 21
191.5928344319702
 31
0.0
  0
LINE
  5
2E4
330
1F
100
AcDbEntity
  8
0
100
AcDbLine
 10
72.57052278325195
 20
191.8751051247104
 30
0.0
 11
72.57052278325195
 21
191.5928344319702
 31
0.0
  0
LINE
  5
2E5
330
1F
100
AcDbEntity
  8
0
100
AcDbLine
 10
74.57052278325195
 20
191.592849794835
 30
0.0
 11
74.57052278325195
 21
191.8751051247104
 31
0.0
  0
SPLINE
  5
2E6
330
1F
100
AcDbEntity
  8
0
100
AcDbSpline
210
0.0
220
0.0
230
1.0
 70
     8
 71
     3
 72
     9
 73
     5
 74
     0
 42
1E-08
 43
1E-08
 40
0.0
 40
0.0
 40
0.0
 40
0.0
 40
0.4829829830406653
 40
1.0
 40
1.0
 40
1.0
 40
1.0
 10
51.61450422096109
 20
168.4937008735638
 30
0.0
 10
51.62689023115828
 20
168.4672509193596
 30
0.0
 10
51.65253504812308
 20
168.4124871799879
 30
0.0
 10
51.68509926522275
 20
168.4039032555196
 30
0.0
 10
51.70193551960724
 20
168.3994652204971
 30
0.0
  0
SPLINE
  5
2E7
330
1F
100
AcDbEntity
  8
0
100
AcDbSpline
210
0.0
220
0.0
230
1.0
 70
     8
 71
     3
 72
    11
 73
     7
 74
     0
 42
1E-08
 43
1E-08
 40
0.0
 40
0.0
 40
0.0
 40
0.0
 40
0.2498267500364261
 40
0.4997583449297456
 40
0.7498095139104123
 40
1.0
 40
1.0
 40
1.0
 40
1.0
 10
51.45361671041129
 20
169.2981375846938
 30
0.0
 10
51.47044031993901
 20
169.2141538714681
 30
0.0
 10
51.504094599363
 20
169.04615119955
 30
0.0
 10
51.54733473612185
 20
168.8303563089906
 30
0.0
 10
51.58288702984703
 20
168.6530025529826
 30
0.0
 10
51.59688118708448
 20
168.5833053293655
 30
0.0
 10
51.6038802143869
 20
168.5484470122319
 30
0.0
  0
SPLINE
  5
2E8
330
1F
100
AcDbEntity
  8
0
100
AcDbSpline
210
0.0
220
0.0
230
1.0
 70
     8
 71
     3
 72
    11
 73
     7
 74
     0
 42
1E-08
 43
1E-08
 40
0.0
 40
0.0
 40
0.0
 40
0.0
 40
0.2947660005647981
 40
0.5940104330189232
 40
0.8845269105264889
 40
1.0
 40
1.0
 40
1.0
 40
1.0
 10
51.65295493916113
 20
168.4264455861175
 30
0.0
 10
51.68278451307324
 20
168.3869995138805
 30
0.0
 10
51.74289686688049
 20
168.3075080582666
 30
0.0
 10
51.8723212349642
 20
168.2313937902287
 30
0.0
 10
51.98769559673361
 20
168.1944113557514
 30
0.0
 10
52.05603298215748
 20
168.1980736059678
 30
0.0
 10
52.07546976000406
 20
168.1991152370375
 30
0.0
  0
SPLINE
  5
2E9
330
1F
100
AcDbEntity
  8
0
100
AcDbSpline
210
0.0
220
0.0
230
1.0
 70
     8
 71
     3
 72
    11
 73
     7
 74
     0
 42
1E-08
 43
1E-08
 40
0.0
 40
0.0
 40
0.0
 40
0.0
 40
0.2501471464952361
 40
0.5001065439817819
 40
0.7500484153806499
 40
1.0
 40
1.0
 40
1.0
 40
1.0
 10
71.52654670792907
 20
168.4936990095393
 30
0.0
 10
71.52883546041274
 20
168.5051457626133
 30
0.0
 10
71.53341124754711
 20
168.528030677352
 30
0.0
 10
71.56915947654545
 20
168.7067808015537
 30
0.0
 10
71.62107923034897
 20
168.966388546695
 30
0.0
 10
71.66531069430107
 20
169.1875518513084
 30
0.0
 10
71.68742685599865
 20
169.2981356522808
 30
0.0
  0
SPLINE
  5
2EA
330
1F
100
AcDbEntity
  8
0
100
AcDbSpline
210
0.0
220
0.0
230
1.0
 70
     8
 71
     3
 72
     9
 73
     5
 74
     0
 42
1E-08
 43
1E-08
 40
0.0
 40
0.0
 40
0.0
 40
0.0
 40
0.9687510408520079
 40
1.0
 40
1.0
 40
1.0
 40
1.0
 10
51.61545762894389
 20
168.4912865668705
 30
0.0
 10
51.62818157757041
 20
168.4598053068193
 30
0.0
 10
51.64131596204068
 20
168.4273085571657
 30
0.0
 10
51.65780670690098
 20
168.4173793496329
 30
0.0
 10
51.65832202551343
 20
168.4170690722323
 30
0.0
  0
LINE
  5
2EB
330
1F
100
AcDbEntity
  8
0
100
AcDbLine
 10
48.07052278325195
 20
153.7424508414701
 30
0.0
 11
46.57052278325195
 21
153.742450841469
 31
0.0
  0
LINE
  5
2EC
330
1F
100
AcDbEntity
  8
0
100
AcDbLine
 10
46.57052278325195
 20
153.742450841469
 30
0.0
 11
46.57052278325195
 21
157.2395322208101
 31
0.0
  0
ARC
  5
2ED
330
1F
100
AcDbEntity
  8
0
100
AcDbCircle
 10
49.56927246735972
 20
157.2382808614192
 30
0.0
 40
2.998749945199956
100
AcDbArc
 50
89.97611077046503
 51
179.9760908327987
  0
ARC
  5
2EE
330
1F
100
AcDbEntity
  8
0
100
AcDbCircle
 10
49.57177309914413
 20
157.2382808614191
 30
0.0
 40
2.998749945200028
100
AcDbArc
 50
0.0239091672029158
 51
90.02388922953389
  0
LINE
  5
2EF
330
1F
100
AcDbEntity
  8
0
100
AcDbLine
 10
52.57052278325196
 20
157.2395322208101
 30
0.0
 11
52.57052278325196
 21
153.7424508414701
 31
0.0
  0
LINE
  5
2F0
330
1F
100
AcDbEntity
  8
0
100
AcDbLine
 10
52.57052278325196
 20
153.7424508414701
 30
0.0
 11
51.07052278325196
 21
153.742450841469
 31
0.0
  0
LINE
  5
2F1
330
1F
100
AcDbEntity
  8
0
100
AcDbLine
 10
51.07052278325196
 20
153.742450841469
 30
0.0
 11
51.07052278325196
 21
157.2395322208101
 31
0.0
  0
ARC
  5
2F2
330
1F
100
AcDbEntity
  8
0
100
AcDbCircle
 10
49.57117362619434
 20
157.238932247547
 30
0.0
 40
1.499349277099008
100
AcDbArc
 50
0.02292723732887836
 51
90.02487115941936
  0
ARC
  5
2F3
330
1F
100
AcDbEntity
  8
0
100
AcDbCircle
 10
49.56992331030212
 20
157.2388808346816
 30
0.0
 40
1.499400668541346
100
AcDbArc
 50
89.97709266669465
 51
179.9751089365566
  0
LINE
  5
2F4
330
1F
100
AcDbEntity
  8
0
100
AcDbLine
 10
48.07052278325195
 20
157.2395322208101
 30
0.0
 11
48.07052278325195
 21
153.7424508414701
 31
0.0
  0
LINE
  5
2F5
330
1F
100
AcDbEntity
  8
0
100
AcDbLine
 10
46.57052278325195
 20
153.7016208542505
 30
0.0
 11
48.07052278325195
 21
153.7016208542505
 31
0.0
  0
LINE
  5
2F6
330
1F
100
AcDbEntity
  8
0
100
AcDbLine
 10
46.57052278325195
 20
153.742450841469
 30
0.0
 11
46.57052278325195
 21
153.7016208542505
 31
0.0
  0
LINE
  5
2F7
330
1F
100
AcDbEntity
  8
0
100
AcDbLine
 10
48.07052278325195
 20
153.7424508414701
 30
0.0
 11
48.07052278325195
 21
153.7016208542505
 31
0.0
  0
LINE
  5
2F8
330
1F
100
AcDbEntity
  8
0
100
AcDbLine
 10
51.07052278325196
 20
153.7016208542505
 30
0.0
 11
52.57052278325196
 21
153.7016208542505
 31
0.0
  0
LINE
  5
2F9
330
1F
100
AcDbEntity
  8
0
100
AcDbLine
 10
52.57052278325196
 20
153.7424508414701
 30
0.0
 11
52.57052278325196
 21
153.7016208542505
 31
0.0
  0
LINE
  5
2FA
330
1F
100
AcDbEntity
  8
0
100
AcDbLine
 10
51.07052278325196
 20
153.742450841469
 30
0.0
 11
51.07052278325196
 21
153.7016208542505
 31
0.0
  0
LINE
  5
2FB
330
1F
100
AcDbEntity
  8
0
100
AcDbLine
 10
49.57052278325195
 20
158.6974513961671
 30
0.0
 11
49.57052278325195
 21
158.7382813833858
 31
0.0
  0
ARC
  5
2FC
330
1F
100
AcDbEntity
  8
0
100
AcDbCircle
 10
49.56992331030215
 20
157.1980508474628
 30
0.0
 40
1.499400668541375
100
AcDbArc
 50
89.97709266669573
 51
179.9751089365805
  0
ARC
  5
2FD
330
1F
100
AcDbEntity
  8
0
100
AcDbCircle
 10
49.57117362619438
 20
157.1981022603282
 30
0.0
 40
1.499349277098973
100
AcDbArc
 50
0.0229272373028125
 51
90.02487115942071
  0
LINE
  5
2FE
330
1F
100
AcDbEntity
  8
0
100
AcDbLine
 10
72.07052278325196
 20
153.7424508414701
 30
0.0
 11
70.57052278325196
 21
153.742450841469
 31
0.0
  0
LINE
  5
2FF
330
1F
100
AcDbEntity
  8
0
100
AcDbLine
 10
70.57052278325196
 20
153.742450841469
 30
0.0
 11
70.57052278325196
 21
157.2395322208101
 31
0.0
  0
ARC
  5
300
330
1F
100
AcDbEntity
  8
0
100
AcDbCircle
 10
73.56927246735971
 20
157.2382808614192
 30
0.0
 40
2.998749945199942
100
AcDbArc
 50
89.97611077046503
 51
179.9760908327987
  0
ARC
  5
301
330
1F
100
AcDbEntity
  8
0
100
AcDbCircle
 10
73.57177309914414
 20
157.2382808614191
 30
0.0
 40
2.998749945199999
100
AcDbArc
 50
0.02390916720237293
 51
90.02388922953416
  0
LINE
  5
302
330
1F
100
AcDbEntity
  8
0
100
AcDbLine
 10
76.57052278325195
 20
157.2395322208101
 30
0.0
 11
76.57052278325195
 21
153.7424508414701
 31
0.0
  0
LINE
  5
303
330
1F
100
AcDbEntity
  8
0
100
AcDbLine
 10
76.57052278325195
 20
153.7424508414701
 30
0.0
 11
75.07052278325195
 21
153.742450841469
 31
0.0
  0
LINE
  5
304
330
1F
100
AcDbEntity
  8
0
100
AcDbLine
 10
75.07052278325195
 20
153.742450841469
 30
0.0
 11
75.07052278325195
 21
157.2395322208101
 31
0.0
  0
ARC
  5
305
330
1F
100
AcDbEntity
  8
0
100
AcDbCircle
 10
73.57117362619438
 20
157.238932247547
 30
0.0
 40
1.49934927709896
100
AcDbArc
 50
0.02292723732779313
 51
90.02487115942098
  0
ARC
  5
306
330
1F
100
AcDbEntity
  8
0
100
AcDbCircle
 10
73.56992331030212
 20
157.2388808346817
 30
0.0
 40
1.499400668541326
100
AcDbArc
 50
89.97709266669465
 51
179.9751089365588
  0
LINE
  5
307
330
1F
100
AcDbEntity
  8
0
100
AcDbLine
 10
72.07052278325196
 20
157.2395322208101
 30
0.0
 11
72.07052278325196
 21
153.7424508414701
 31
0.0
  0
LINE
  5
308
330
1F
100
AcDbEntity
  8
0
100
AcDbLine
 10
75.07052278325195
 20
153.7016208542505
 30
0.0
 11
76.57052278325195
 21
153.7016208542505
 31
0.0
  0
LINE
  5
309
330
1F
100
AcDbEntity
  8
0
100
AcDbLine
 10
76.57052278325195
 20
153.7424508414701
 30
0.0
 11
76.57052278325195
 21
153.7016208542505
 31
0.0
  0
LINE
  5
30A
330
1F
100
AcDbEntity
  8
0
100
AcDbLine
 10
75.07052278325195
 20
153.742450841469
 30
0.0
 11
75.07052278325195
 21
153.7016208542505
 31
0.0
  0
LINE
  5
30B
330
1F
100
AcDbEntity
  8
0
100
AcDbLine
 10
70.57052278325196
 20
153.7016208542505
 30
0.0
 11
72.07052278325196
 21
153.7016208542505
 31
0.0
  0
LINE
  5
30C
330
1F
100
AcDbEntity
  8
0
100
AcDbLine
 10
72.07052278325196
 20
153.7424508414701
 30
0.0
 11
72.07052278325196
 21
153.7016208542505
 31
0.0
  0
LINE
  5
30D
330
1F
100
AcDbEntity
  8
0
100
AcDbLine
 10
70.57052278325196
 20
153.742450841469
 30
0.0
 11
70.57052278325196
 21
153.7016208542505
 31
0.0
  0
LINE
  5
30E
330
1F
100
AcDbEntity
  8
0
100
AcDbLine
 10
73.57052278325195
 20
158.6974513961671
 30
0.0
 11
73.57052278325195
 21
158.7382813833858
 31
0.0
  0
ARC
  5
30F
330
1F
100
AcDbEntity
  8
0
100
AcDbCircle
 10
73.56992331030214
 20
157.1980508474629
 30
0.0
 40
1.499400668541354
100
AcDbArc
 50
89.97709266669573
 51
179.9751089365838
  0
ARC
  5
310
330
1F
100
AcDbEntity
  8
0
100
AcDbCircle
 10
73.57117362619438
 20
157.1981022603283
 30
0.0
 40
1.499349277098951
100
AcDbArc
 50
0.02292723730172672
 51
90.02487115942098
  0
LINE
  5
311
330
1F
100
AcDbEntity
  8
0
100
AcDbLine
 10
49.5705227797791
 20
180.2155623245274
 30
0.0
 11
49.57052278325195
 21
160.2574455395776
 31
0.0
  0
LWPOLYLINE
  5
312
330
1F
100
AcDbEntity
  8
0
100
AcDbPolyline
 90
       13
 70
   128
 43
0.0
 10
49.00341512579552
 20
160.1829861915994
 10
48.94703298139319
 20
160.1846933829229
 10
48.7886913007839
 20
160.1911584717183
 10
48.6695539153495
 20
160.1989000848366
 10
48.59559487107009
 20
160.2075300254698
 10
48.57052278325191
 20
160.2166155523591
 10
48.59559487107009
 20
160.2257010792484
 10
48.6695539153495
 20
160.2343310198816
 10
48.7886913007839
 20
160.2420726329998
 10
48.9470329813932
 20
160.2485377217953
 10
49.13663904413438
 20
160.2534020997198
 10
49.34800184929563
 20
160.2564218465524
 10
49.57052278325195
 20
160.2574455395776
  0
LWPOLYLINE
  5
313
330
1F
100
AcDbEntity
  8
0
100
AcDbPolyline
 90
       13
 70
   128
 43
0.0
 10
49.57052278325195
 20
160.2574455395776
 10
49.79304371720827
 20
160.2564218465525
 10
50.00440652236951
 20
160.2534020997198
 10
50.19401258511069
 20
160.2485377217953
 10
50.35235426571999
 20
160.2420726329999
 10
50.47149165115437
 20
160.2343310198816
 10
50.54545069543378
 20
160.2257010792484
 10
50.57052278325195
 20
160.2166155523591
 10
50.54545069543378
 20
160.2075300254698
 10
50.47149165115437
 20
160.1989000848366
 10
50.35235426571998
 20
160.1911584717183
 10
50.19401258511068
 20
160.1846933829229
 10
50.13763043937882
 20
160.182986191562
  0
LWPOLYLINE
  5
314
330
1F
100
AcDbEntity
  8
0
100
AcDbPolyline
 90
       13
 70
   128
 43
0.0
 10
73.57052278325195
 20
160.2574455395776
 10
73.79304371720826
 20
160.2564218465525
 10
74.00440652236952
 20
160.2534020997198
 10
74.19401258511068
 20
160.2485377217953
 10
74.35235426571998
 20
160.2420726329999
 10
74.47149165115438
 20
160.2343310198816
 10
74.54545069543379
 20
160.2257010792484
 10
74.57052278325196
 20
160.2166155523591
 10
74.54545069543379
 20
160.2075300254698
 10
74.47149165115438
 20
160.1989000848366
 10
74.35235426571998
 20
160.1911584717183
 10
74.19401258511068
 20
160.1846933829229
 10
74.13763044071793
 20
160.1829861915996
  0
LINE
  5
315
330
1F
100
AcDbEntity
  8
0
100
AcDbLine
 10
73.5705227797914
 20
180.2155623245274
 30
0.0
 11
73.57052278325195
 21
160.2574455395776
 31
0.0
  0
LWPOLYLINE
  5
316
330
1F
100
AcDbEntity
  8
0
100
AcDbPolyline
 90
       13
 70
   128
 43
0.0
 10
73.00341512714142
 20
160.1829861915615
 10
72.94703298139319
 20
160.1846933829229
 10
72.78869130078388
 20
160.1911584717183
 10
72.66955391534948
 20
160.1989000848366
 10
72.59559487107009
 20
160.2075300254698
 10
72.5705227832519
 20
160.2166155523591
 10
72.59559487107009
 20
160.2257010792484
 10
72.6695539153495
 20
160.2343310198816
 10
72.7886913007839
 20
160.2420726329998
 10
72.94703298139319
 20
160.2485377217953
 10
73.13663904413438
 20
160.2534020997198
 10
73.34800184929563
 20
160.2564218465524
 10
73.57052278325195
 20
160.2574455395776
  0
LINE
  5
317
330
1F
100
AcDbEntity
  8
0
100
AcDbLine
 10
50.56270465629007
 20
191.8137304128327
 30
0.0
 11
50.57052278325195
 21
191.8751051247093
 31
0.0
  0
LINE
  5
318
330
1F
100
AcDbEntity
  8
0
100
AcDbLine
 10
74.56270465628512
 20
191.8137304129452
 30
0.0
 11
74.57052278325195
 21
191.8751051247093
 31
0.0
  0
LINE
  5
319
330
1F
100
AcDbEntity
  8
0
100
AcDbLine
 10
72.59688218220622
 20
191.6681797603557
 30
0.0
 11
72.57052278325195
 21
191.8751051247093
 31
0.0
  0
SPLINE
  5
31A
330
1F
100
AcDbEntity
  8
0
100
AcDbSpline
210
0.0
220
0.0
230
1.0
 70
     8
 71
     3
 72
    10
 73
     6
 74
     0
 42
1E-08
 43
1E-08
 40
0.0
 40
0.0
 40
0.0
 40
0.0
 40
0.505786746302846
 40
0.9533662534434257
 40
1.0
 40
1.0
 40
1.0
 40
1.0
 10
72.57052278325195
 20
191.8751051247093
 30
0.0
 10
72.57734761322781
 20
191.9523446799276
 30
0.0
 10
72.59021185419904
 20
192.0979348637636
 30
0.0
 10
72.63188086448132
 20
192.2522216019955
 30
0.0
 10
72.67724219231872
 20
192.3139245256373
 30
0.0
 10
72.68152246738219
 20
192.3197467865366
 30
0.0
  0
LINE
  5
31B
330
1F
100
AcDbEntity
  8
0
100
AcDbLine
 10
48.59969030293555
 20
191.6461355789021
 30
0.0
 11
48.57052278325195
 21
191.8751051247093
 31
0.0
  0
SPLINE
  5
31C
330
1F
100
AcDbEntity
  8
0
100
AcDbSpline
210
0.0
220
0.0
230
1.0
 70
     8
 71
     3
 72
    10
 73
     6
 74
     0
 42
1E-08
 43
1E-08
 40
0.0
 40
0.0
 40
0.0
 40
0.0
 40
0.5057867472610705
 40
0.9533662544718629
 40
1.0
 40
1.0
 40
1.0
 40
1.0
 10
48.57052278325195
 20
191.8751051247093
 30
0.0
 10
48.57734761326262
 20
191.9523446801423
 30
0.0
 10
48.59021185428892
 20
192.0979348642643
 30
0.0
 10
48.63188086473209
 20
192.2522216026055
 30
0.0
 10
48.67724219253289
 20
192.3139245261729
 30
0.0
 10
48.68152246750682
 20
192.3197467869481
 30
0.0
  0
LINE
  5
31D
330
1F
100
AcDbEntity
  8
0
100
AcDbLine
 10
71.97052278325197
 20
175.6047571170979
 30
0.0
 11
70.07052278325196
 21
175.6047571170979
 31
0.0
  0
LINE
  5
31E
330
1F
100
AcDbEntity
  8
0
100
AcDbLine
 10
70.07052278325196
 20
175.8652430771544
 30
0.0
 11
71.97052278325197
 21
175.8652430771544
 31
0.0
  0
LINE
  5
31F
330
1F
100
AcDbEntity
  8
0
100
AcDbLine
 10
71.97052278325197
 20
175.8652430771544
 30
0.0
 11
71.97052278325197
 21
175.6047571170979
 31
0.0
  0
LINE
  5
320
330
1F
100
AcDbEntity
  8
0
100
AcDbLine
 10
70.07052278325196
 20
175.6047571170979
 30
0.0
 11
70.07052278325196
 21
175.8652430771544
 31
0.0
  0
LINE
  5
321
330
1F
100
AcDbEntity
  8
0
100
AcDbLine
 10
70.07052278325196
 20
175.1433635510807
 30
0.0
 11
71.97052278325197
 21
175.1433635510807
 31
0.0
  0
LINE
  5
322
330
1F
100
AcDbEntity
  8
0
100
AcDbLine
 10
71.97052278325197
 20
175.6047571170979
 30
0.0
 11
71.97052278325197
 21
175.1433635510807
 31
0.0
  0
LINE
  5
323
330
1F
100
AcDbEntity
  8
0
100
AcDbLine
 10
70.07052278325196
 20
175.1433635510807
 30
0.0
 11
70.07052278325196
 21
175.6047571170979
 31
0.0
  0
LINE
  5
324
330
1F
100
AcDbEntity
  8
0
100
AcDbLine
 10
53.07052278325195
 20
175.604757117097
 30
0.0
 11
51.17052278325195
 21
175.6047571170975
 31
0.0
  0
LINE
  5
325
330
1F
100
AcDbEntity
  8
0
100
AcDbLine
 10
51.17052278325195
 20
175.8652430771547
 30
0.0
 11
53.07052278325195
 21
175.8652430771546
 31
0.0
  0
LINE
  5
326
330
1F
100
AcDbEntity
  8
0
100
AcDbLine
 10
53.07052278325195
 20
175.8652430771546
 30
0.0
 11
53.07052278325195
 21
175.604757117097
 31
0.0
  0
LINE
  5
327
330
1F
100
AcDbEntity
  8
0
100
AcDbLine
 10
51.17052278325195
 20
175.6047571170975
 30
0.0
 11
51.17052278325195
 21
175.8652430771547
 31
0.0
  0
LINE
  5
328
330
1F
100
AcDbEntity
  8
0
100
AcDbLine
 10
51.17052278325195
 20
175.1433635510807
 30
0.0
 11
53.07052278325195
 21
175.1433635510815
 31
0.0
  0
LINE
  5
329
330
1F
100
AcDbEntity
  8
0
100
AcDbLine
 10
53.07052278325195
 20
175.604757117097
 30
0.0
 11
53.07052278325195
 21
175.1433635510815
 31
0.0
  0
LINE
  5
32A
330
1F
100
AcDbEntity
  8
0
100
AcDbLine
 10
51.17052278325195
 20
175.1433635510807
 30
0.0
 11
51.17052278325195
 21
175.6047571170975
 31
0.0
  0
LINE
  5
32B
330
1F
100
AcDbEntity
  8
0
100
AcDbLine
 10
53.07052278325195
 20
173.8877714930827
 30
0.0
 11
51.17052278325195
 21
173.8877714930827
 31
0.0
  0
LINE
  5
32C
330
1F
100
AcDbEntity
  8
0
100
AcDbLine
 10
53.07052278325195
 20
175.1433635510815
 30
0.0
 11
53.07052278325195
 21
173.8877714930827
 31
0.0
  0
LINE
  5
32D
330
1F
100
AcDbEntity
  8
0
100
AcDbLine
 10
51.17052278325195
 20
173.8877714930827
 30
0.0
 11
51.17052278325195
 21
175.1433635510807
 31
0.0
  0
LINE
  5
32E
330
1F
100
AcDbEntity
  8
0
100
AcDbLine
 10
71.97052278325197
 20
173.8877714930825
 30
0.0
 11
70.07052278325196
 21
173.8877714930835
 31
0.0
  0
LINE
  5
32F
330
1F
100
AcDbEntity
  8
0
100
AcDbLine
 10
71.97052278325197
 20
175.1433635510807
 30
0.0
 11
71.97052278325197
 21
173.8877714930825
 31
0.0
  0
LINE
  5
330
330
1F
100
AcDbEntity
  8
0
100
AcDbLine
 10
70.07052278325196
 20
173.8877714930835
 30
0.0
 11
70.07052278325196
 21
175.1433635510807
 31
0.0
  0
LINE
  5
331
330
1F
100
AcDbEntity
  8
0
100
AcDbLine
 10
42.87052278325195
 20
193.1751051247107
 30
0.0
 11
42.87052278325195
 21
181.6751051247107
 31
0.0
  0
LINE
  5
332
330
1F
100
AcDbEntity
  8
0
100
AcDbLine
 10
42.87052278325195
 20
193.1751051247107
 30
0.0
 11
80.27052278325195
 21
193.1751051247107
 31
0.0
  0
LINE
  5
333
330
1F
100
AcDbEntity
  8
0
100
AcDbLine
 10
80.27052278325195
 20
181.6751051247107
 30
0.0
 11
80.27052278325195
 21
193.1751051247107
 31
0.0
  0
LINE
  5
334
330
1F
100
AcDbEntity
  8
0
100
AcDbLine
 10
80.27052278325195
 20
181.6751051247107
 30
0.0
 11
74.57052206030846
 21
181.6751051247107
 31
0.0
  0
LINE
  5
335
330
1F
100
AcDbEntity
  8
0
100
AcDbLine
 10
72.57052344498479
 20
181.6751051247107
 30
0.0
 11
50.57052206030846
 21
181.6751051247107
 31
0.0
  0
LINE
  5
336
330
1F
100
AcDbEntity
  8
0
100
AcDbLine
 10
48.57052344498478
 20
181.6751051247107
 30
0.0
 11
42.87052278325195
 21
181.6751051247107
 31
0.0
  0
LINE
  5
337
330
1F
100
AcDbEntity
  8
0
100
AcDbLine
 10
80.27052278325195
 20
178.1751051247107
 30
0.0
 11
74.57052278325195
 21
178.1751051247107
 31
0.0
  0
LINE
  5
338
330
1F
100
AcDbEntity
  8
0
100
AcDbLine
 10
72.57052278325196
 20
178.1751051247107
 30
0.0
 11
72.47052278325197
 21
178.1751051247107
 31
0.0
  0
LINE
  5
339
330
1F
100
AcDbEntity
  8
0
100
AcDbLine
 10
50.67052278325195
 20
178.1751051247107
 30
0.0
 11
72.47052278325197
 21
178.1751051247107
 31
0.0
  0
LINE
  5
33A
330
1F
100
AcDbEntity
  8
0
100
AcDbLine
 10
42.87052278325195
 20
178.1751051247107
 30
0.0
 11
48.57052278325195
 21
178.1751051247107
 31
0.0
  0
LINE
  5
33B
330
1F
100
AcDbEntity
  8
0
100
AcDbLine
 10
50.57052278325195
 20
178.1751051247107
 30
0.0
 11
50.67052278325195
 21
178.1751051247107
 31
0.0
  0
LINE
  5
33C
330
1F
100
AcDbEntity
  8
0
100
AcDbLine
 10
42.87052278325195
 20
181.6751051247107
 30
0.0
 11
42.87052278325195
 21
178.1751051247107
 31
0.0
  0
LINE
  5
33D
330
1F
100
AcDbEntity
  8
0
100
AcDbLine
 10
80.27052278325195
 20
181.6751051247107
 30
0.0
 11
80.27052278325195
 21
178.1751051247107
 31
0.0
  0
SPLINE
  5
33E
330
1F
100
AcDbEntity
  8
0
100
AcDbSpline
210
0.0
220
0.0
230
1.0
 70
     8
 71
     3
 72
    14
 73
    10
 74
     0
 42
1E-08
 43
1E-08
 40
0.0
 40
0.0
 40
0.0
 40
0.0
 40
0.25
 40
0.25
 40
0.5
 40
0.5
 40
0.75
 40
0.75
 40
1.0
 40
1.0
 40
1.0
 40
1.0
 10
50.67052278325195
 20
176.3052567284785
 30
0.0
 10
50.67052278325207
 20
176.2961542390906
 30
0.0
 10
50.68126215265892
 20
176.2863337915553
 30
0.0
 10
50.72999511278313
 20
176.2673184680223
 30
0.0
 10
50.76815385619014
 20
176.258182541257
 30
0.0
 10
50.86578492912791
 20
176.2431010430279
 30
0.0
 10
50.92492695327934
 20
176.2372064952787
 30
0.0
 10
51.04802390366309
 20
176.2296785020882
 30
0.0
 10
51.11159721815313
 20
176.2280195447898
 30
0.0
 10
51.17052278325195
 20
176.2280195447863
 30
0.0
  0
LINE
  5
33F
330
1F
100
AcDbEntity
  8
0
100
AcDbLine
 10
50.67052278325195
 20
176.3052567284785
 30
0.0
 11
50.67052278325195
 21
177.3594002390691
 31
0.0
  0
SPLINE
  5
340
330
1F
100
AcDbEntity
  8
0
100
AcDbSpline
210
0.0
220
0.0
230
1.0
 70
     8
 71
     3
 72
    14
 73
    10
 74
     0
 42
1E-08
 43
1E-08
 40
0.0
 40
0.0
 40
0.0
 40
0.0
 40
0.25
 40
0.25
 40
0.5
 40
0.5
 40
0.75
 40
0.75
 40
1.0
 40
1.0
 40
1.0
 40
1.0
 10
50.67052278325195
 20
177.3594002390691
 30
0.0
 10
50.67052278325169
 20
177.3437890327154
 30
0.0
 10
50.6812621526582
 20
177.3269464936676
 30
0.0
 10
50.72999511278199
 20
177.2943343007981
 30
0.0
 10
50.76815385618893
 20
177.2786657477404
 30
0.0
 10
50.86578492912683
 20
177.2528002541536
 30
0.0
 10
50.92492695327847
 20
177.2426908217447
 30
0.0
 10
51.04802390366265
 20
177.2297799519814
 30
0.0
 10
51.11159721815294
 20
177.2269347605669
 30
0.0
 10
51.17052278325195
 20
177.2269347605669
 30
0.0
  0
LINE
  5
341
330
1F
100
AcDbEntity
  8
0
100
AcDbLine
 10
51.17052278325195
 20
176.2280195447863
 30
0.0
 11
51.17052278325195
 21
177.2269347605669
 31
0.0
  0
LINE
  5
342
330
1F
100
AcDbEntity
  8
0
100
AcDbLine
 10
50.67052278325195
 20
177.4822444814473
 30
0.0
 11
72.47052278325197
 21
177.4822444814474
 31
0.0
  0
LINE
  5
343
330
1F
100
AcDbEntity
  8
0
100
AcDbLine
 10
72.47052278325197
 20
177.4822444814474
 30
0.0
 11
72.47052278325197
 21
177.3594002390698
 31
0.0
  0
SPLINE
  5
344
330
1F
100
AcDbEntity
  8
0
100
AcDbSpline
210
0.0
220
0.0
230
1.0
 70
     8
 71
     3
 72
    14
 73
    10
 74
     0
 42
1E-08
 43
1E-08
 40
0.0
 40
0.0
 40
0.0
 40
0.0
 40
0.25
 40
0.25
 40
0.5
 40
0.5
 40
0.75
 40
0.75
 40
1.0
 40
1.0
 40
1.0
 40
1.0
 10
71.97052278325197
 20
177.226934760568
 30
0.0
 10
72.02944834835073
 20
177.2269347605682
 30
0.0
 10
72.09302166284074
 20
177.2297799519828
 30
0.0
 10
72.21611861322438
 20
177.2426908217463
 30
0.0
 10
72.27526063737577
 20
177.2528002541551
 30
0.0
 10
72.37289171031352
 20
177.2786657477418
 30
0.0
 10
72.41105045372055
 20
177.2943343007993
 30
0.0
 10
72.45978341384485
 20
177.3269464936686
 30
0.0
 10
72.47052278325177
 20
177.3437890327162
 30
0.0
 10
72.47052278325197
 20
177.3594002390698
 30
0.0
  0
LINE
  5
345
330
1F
100
AcDbEntity
  8
0
100
AcDbLine
 10
51.17052278325195
 20
177.2269347605669
 30
0.0
 11
71.97052278325197
 21
177.226934760568
 31
0.0
  0
LINE
  5
346
330
1F
100
AcDbEntity
  8
0
100
AcDbLine
 10
50.67052278325195
 20
177.4822444814473
 30
0.0
 11
50.67052278325195
 21
177.3594002390691
 31
0.0
  0
LINE
  5
347
330
1F
100
AcDbEntity
  8
0
100
AcDbLine
 10
71.97052278325197
 20
177.226934760568
 30
0.0
 11
71.97052278325197
 21
176.2280195447551
 31
0.0
  0
LINE
  5
348
330
1F
100
AcDbEntity
  8
0
100
AcDbLine
 10
71.97052278325197
 20
176.2280195447551
 30
0.0
 11
51.17052278325195
 21
176.2280195447863
 31
0.0
  0
SPLINE
  5
349
330
1F
100
AcDbEntity
  8
0
100
AcDbSpline
210
0.0
220
0.0
230
1.0
 70
     8
 71
     3
 72
    14
 73
    10
 74
     0
 42
1E-08
 43
1E-08
 40
0.0
 40
0.0
 40
0.0
 40
0.0
 40
0.25
 40
0.25
 40
0.5
 40
0.5
 40
0.75
 40
0.75
 40
1.0
 40
1.0
 40
1.0
 40
1.0
 10
71.97052278325197
 20
176.2280195447551
 30
0.0
 10
72.02944834835093
 20
176.2280195447522
 30
0.0
 10
72.09302166284118
 20
176.2296785020448
 30
0.0
 10
72.21611861322529
 20
176.2372064952271
 30
0.0
 10
72.27526063737687
 20
176.243101042974
 30
0.0
 10
72.37289171031476
 20
176.2581825412032
 30
0.0
 10
72.41105045372171
 20
176.2673184679708
 30
0.0
 10
72.45978341384559
 20
176.286333791512
 30
0.0
 10
72.47052278325215
 20
176.296154239053
 30
0.0
 10
72.47052278325197
 20
176.3052567284473
 30
0.0
  0
LINE
  5
34A
330
1F
100
AcDbEntity
  8
0
100
AcDbLine
 10
72.47052278325197
 20
177.3594002390698
 30
0.0
 11
72.47052278325197
 21
176.3052567284473
 31
0.0
  0
LINE
  5
34B
330
1F
100
AcDbEntity
  8
0
100
AcDbLine
 10
51.17052278325195
 20
176.2280195447863
 30
0.0
 11
51.17052278325195
 21
175.8652430771547
 31
0.0
  0
LINE
  5
34C
330
1F
100
AcDbEntity
  8
0
100
AcDbLine
 10
71.97052278325197
 20
175.8652430771544
 30
0.0
 11
71.97052278325197
 21
176.2280195447551
 31
0.0
  0
LINE
  5
34D
330
1F
100
AcDbEntity
  8
0
100
AcDbLine
 10
71.97052278325215
 20
173.0952053589568
 30
0.0
 11
71.97052278325197
 21
173.8877714930825
 31
0.0
  0
LINE
  5
34E
330
1F
100
AcDbEntity
  8
0
100
AcDbLine
 10
71.97052278325236
 20
173.0952053589574
 30
0.0
 11
71.20885702291672
 21
169.2868765572792
 31
0.0
  0
LINE
  5
34F
330
1F
100
AcDbEntity
  8
0
100
AcDbLine
 10
71.2088570229166
 20
169.2868765570554
 30
0.0
 11
51.93218854363235
 21
169.2868765570554
 31
0.0
  0
LINE
  5
350
330
1F
100
AcDbEntity
  8
0
100
AcDbLine
 10
51.93218854363314
 20
169.2868765570585
 30
0.0
 11
51.17052278325195
 21
173.0952053589644
 31
0.0
  0
LINE
  5
351
330
1F
100
AcDbEntity
  8
0
100
AcDbLine
 10
51.17052278325195
 20
173.8877714930827
 30
0.0
 11
51.17052278325195
 21
173.0952053589637
 31
0.0
  0
SPLINE
  5
352
330
1F
100
AcDbEntity
  8
0
100
AcDbSpline
210
0.0
220
0.0
230
1.0
 70
     8
 71
     3
 72
    14
 73
    10
 74
     0
 42
1E-08
 43
1E-08
 40
0.0
 40
0.0
 40
0.0
 40
0.0
 40
0.25
 40
0.25
 40
0.5
 40
0.5
 40
0.75
 40
0.75
 40
1.0
 40
1.0
 40
1.0
 40
1.0
 10
50.67116730729837
 20
173.1718825044796
 30
0.0
 10
50.67408138850815
 20
173.1573120984367
 30
0.0
 10
50.68737720626152
 20
173.1427405169673
 30
0.0
 10
50.73918113237734
 20
173.1172259738904
 30
0.0
 10
50.77780753050263
 20
173.1063795562888
 30
0.0
 10
50.87431082316965
 20
173.0915612607639
 30
0.0
 10
50.93190380138652
 20
173.0876329788246
 30
0.0
 10
51.05146664854802
 20
173.0868337721902
 30
0.0
 10
51.11311218218268
 20
173.0898979422419
 30
0.0
 10
51.17052278325195
 20
173.0952053589637
 30
0.0
  0
SPLINE
  5
353
330
1F
100
AcDbEntity
  8
0
100
AcDbSpline
210
0.0
220
0.0
230
1.0
 70
     8
 71
     3
 72
     8
 73
     4
 74
     0
 42
1E-08
 43
1E-08
 40
0.0
 40
0.0
 40
0.0
 40
0.0
 40
1.0
 40
1.0
 40
1.0
 40
1.0
 10
50.67052278325195
 20
173.1751051247107
 30
0.0
 10
50.67052278325195
 20
173.1751051247107
 30
0.0
 10
50.67073781268594
 20
173.1740299775416
 30
0.0
 10
50.67116730729837
 20
173.1718825044796
 30
0.0
  0
LINE
  5
354
330
1F
100
AcDbEntity
  8
0
100
AcDbLine
 10
50.67052278325195
 20
173.1751051247107
 30
0.0
 11
50.67052278325195
 21
176.3052567284785
 31
0.0
  0
SPLINE
  5
355
330
1F
100
AcDbEntity
  8
0
100
AcDbSpline
210
0.0
220
0.0
230
1.0
 70
     8
 71
     3
 72
    14
 73
    10
 74
     0
 42
1E-08
 43
1E-08
 40
0.0
 40
0.0
 40
0.0
 40
0.0
 40
0.25
 40
0.25
 40
0.5
 40
0.5
 40
0.75
 40
0.75
 40
1.0
 40
1.0
 40
1.0
 40
1.0
 10
71.97052278325215
 20
173.0952053589568
 30
0.0
 10
72.02793338432161
 20
173.0898979422348
 30
0.0
 10
72.08957891795649
 20
173.086833772183
 30
0.0
 10
72.20914176511839
 20
173.0876329788173
 30
0.0
 10
72.26673474333541
 20
173.0915612607567
 30
0.0
 10
72.36323803600243
 20
173.1063795562821
 30
0.0
 10
72.40186443412759
 20
173.1172259738842
 30
0.0
 10
72.45366836024282
 20
173.1427405169624
 30
0.0
 10
72.46696417799573
 20
173.1573120984326
 30
0.0
 10
72.469878259205
 20
173.1718825044763
 30
0.0
  0
LINE
  5
356
330
1F
100
AcDbEntity
  8
0
100
AcDbLine
 10
72.47052278325197
 20
176.3052567284473
 30
0.0
 11
72.47052278325197
 21
173.1751051247107
 31
0.0
  0
SPLINE
  5
357
330
1F
100
AcDbEntity
  8
0
100
AcDbSpline
210
0.0
220
0.0
230
1.0
 70
     8
 71
     3
 72
     8
 73
     4
 74
     0
 42
1E-08
 43
1E-08
 40
0.0
 40
0.0
 40
0.0
 40
0.0
 40
1.0
 40
1.0
 40
1.0
 40
1.0
 10
72.469878259205
 20
173.1718825044763
 30
0.0
 10
72.47030775381818
 20
173.1740299775416
 30
0.0
 10
72.47052278325197
 20
173.1751051247107
 30
0.0
 10
72.47052278325197
 20
173.1751051247107
 30
0.0
  0
LINE
  5
358
330
1F
100
AcDbEntity
  8
0
100
AcDbLine
 10
51.44189820582268
 20
169.3182280118606
 30
0.0
 11
50.67116730729837
 21
173.1718825044796
 31
0.0
  0
ARC
  5
359
330
1F
100
AcDbEntity
  8
0
100
AcDbCircle
 10
51.71956480823548
 20
169.8111393545915
 30
0.0
 40
0.5657387504237603
100
AcDbArc
 50
240.6065879373549
 51
292.0758551592105
  0
LINE
  5
35A
330
1F
100
AcDbEntity
  8
0
100
AcDbLine
 10
72.469878259205
 20
173.1718825044763
 30
0.0
 11
71.69914736071723
 21
169.3182280120392
 31
0.0
  0
ARC
  5
35B
330
1F
100
AcDbEntity
  8
0
100
AcDbCircle
 10
71.42148075826903
 20
169.8111393545876
 30
0.0
 40
0.5657387504224171
100
AcDbArc
 50
247.9241448407145
 51
299.3934120627644
  0
SPLINE
  5
35C
330
1F
100
AcDbEntity
  8
0
100
AcDbSpline
210
0.0
220
0.0
230
1.0
 70
     8
 71
     3
 72
    20
 73
    16
 74
     0
 42
1E-08
 43
1E-08
 40
0.0
 40
0.0
 40
0.0
 40
0.0
 40
0.06013053017792892
 40
0.1208340686910752
 40
0.1821174009802662
 40
0.2439871214148037
 40
0.3064496383351208
 40
0.369511179052881
 40
0.4331777947979729
 40
0.4974553656032723
 40
0.5845312090841022
 40
0.678315800751198
 40
0.7788179365777356
 40
0.8860443145490247
 40
1.0
 40
1.0
 40
1.0
 40
1.0
 10
71.06062083220625
 20
168.1751051247107
 30
0.0
 10
71.06074739365971
 20
168.1760064839484
 30
0.0
 10
71.06100172262231
 20
168.1778177918434
 30
0.0
 10
71.06301208588879
 20
168.1925430906309
 30
0.0
 10
71.06621092113124
 20
168.2162679765598
 30
0.0
 10
71.07071830434575
 20
168.2499705992152
 30
0.0
 10
71.07650195217403
 20
168.2934543478489
 30
0.0
 10
71.08356925764346
 20
168.3467472558829
 30
0.0
 10
71.09192339935183
 20
168.4097203564174
 30
0.0
 10
71.10265044044665
 20
168.4905049689232
 30
0.0
 10
71.11673021002711
 20
168.5952024949542
 30
0.0
 10
71.13498281035558
 20
168.7308997163465
 30
0.0
 10
71.15648843837542
 20
168.8920876592314
 30
0.0
 10
71.18113925711457
 20
169.0782635533422
 30
0.0
 10
71.19943225053044
 20
169.2159426265664
 30
0.0
 10
71.2088570229166
 20
169.2868765572784
 30
0.0
  0
LINE
  5
35D
330
1F
100
AcDbEntity
  8
0
100
AcDbLine
 10
71.06062083220627
 20
168.1751051247107
 30
0.0
 11
52.08042473423985
 21
168.1751051247107
 31
0.0
  0
LINE
  5
35E
330
1F
100
AcDbEntity
  8
0
100
AcDbLine
 10
52.07524310888117
 20
168.2135563737098
 30
0.0
 11
52.08042473423985
 21
168.1751051247107
 31
0.0
  0
LINE
  5
35F
330
1F
100
AcDbEntity
  8
0
100
AcDbLine
 10
51.59013439676549
 20
168.5770470571416
 30
0.0
 11
51.62265311786866
 21
168.4929746878761
 31
0.0
  0
SPLINE
  5
360
330
1F
100
AcDbEntity
  8
0
100
AcDbSpline
210
0.0
220
0.0
230
1.0
 70
     8
 71
     3
 72
    11
 73
     7
 74
     0
 42
1E-08
 43
1E-08
 40
0.0
 40
0.0
 40
0.0
 40
0.0
 40
0.3327617586377425
 40
0.6648504099873532
 40
0.9261569486724522
 40
1.0
 40
1.0
 40
1.0
 40
1.0
 10
51.44189820582268
 20
169.3182280118606
 30
0.0
 10
51.46471831232723
 20
169.2041274793898
 30
0.0
 10
51.51031236504414
 20
168.9761572159091
 30
0.0
 10
51.55666658122735
 20
168.7443861357515
 30
0.0
 10
51.58048609470838
 20
168.625288569322
 30
0.0
 10
51.58343342348002
 20
168.6105519252589
 30
0.0
 10
51.58408280440201
 20
168.6073050206038
 30
0.0
  0
SPLINE
  5
361
330
1F
100
AcDbEntity
  8
0
100
AcDbSpline
210
0.0
220
0.0
230
1.0
 70
     8
 71
     3
 72
    11
 73
     7
 74
     0
 42
1E-08
 43
1E-08
 40
0.0
 40
0.0
 40
0.0
 40
0.0
 40
0.2862280073592383
 40
0.5724560147184793
 40
0.8586840220777195
 40
1.0
 40
1.0
 40
1.0
 40
1.0
 10
71.06062083220628
 20
168.1751051247107
 30
0.0
 10
71.11799118344111
 20
168.1807737280795
 30
0.0
 10
71.23273188591075
 20
168.1921109348174
 30
0.0
 10
71.38210748772794
 20
168.2821854909029
 30
0.0
 10
71.48386979723382
 20
168.3882233227999
 30
0.0
 10
71.51080668332263
 20
168.4695127683292
 30
0.0
 10
71.51971012374248
 20
168.496381342991
 30
0.0
  0
SPLINE
  5
362
330
1F
100
AcDbEntity
  8
0
100
AcDbSpline
210
0.0
220
0.0
230
1.0
 70
     8
 71
     3
 72
    10
 73
     6
 74
     0
 42
1E-08
 43
1E-08
 40
0.0
 40
0.0
 40
0.0
 40
0.0
 40
0.5
 40
0.5
 40
1.0
 40
1.0
 40
1.0
 40
1.0
 10
71.55091116946863
 20
168.5770470571958
 30
0.0
 10
71.5509201002923
 20
168.5770917122393
 30
0.0
 10
71.56592372873419
 20
168.6521098536015
 30
0.0
 10
71.61926691762335
 20
168.9188257968694
 30
0.0
 10
71.65734629149917
 20
169.1092226659057
 30
0.0
 10
71.69914736071723
 20
169.3182280120392
 30
0.0
  0
LINE
  5
363
330
1F
100
AcDbEntity
  8
0
100
AcDbLine
 10
50.67052278325195
 20
178.1751051247107
 30
0.0
 11
50.67052278325195
 21
177.4822444814473
 31
0.0
  0
LINE
  5
364
330
1F
100
AcDbEntity
  8
0
100
AcDbLine
 10
72.47052278325197
 20
177.4822444814474
 30
0.0
 11
72.47052278325197
 21
178.1751051247107
 31
0.0
  0
ARC
  5
365
330
1F
100
AcDbEntity
  8
0
100
AcDbCircle
 10
49.35784987642068
 20
173.1579888249578
 30
0.0
 40
7.060777114854369
100
AcDbArc
 50
88.2739714320513
 51
96.4022031309996
  0
ARC
  5
366
330
1F
100
AcDbEntity
  8
0
100
AcDbCircle
 10
49.85701633200181
 20
174.9659893926195
 30
0.0
 40
5.257384760780385
100
AcDbArc
 50
82.20002784149034
 51
93.12379769493768
  0
ARC
  5
367
330
1F
100
AcDbEntity
  8
0
100
AcDbCircle
 10
73.85701633201104
 20
174.9659893927925
 30
0.0
 40
5.25738476060744
100
AcDbArc
 50
82.20002784133412
 51
93.12379769500689
  0
ARC
  5
368
330
1F
100
AcDbEntity
  8
0
100
AcDbCircle
 10
73.35784987642946
 20
173.1579888247626
 30
0.0
 40
7.060777115049531
100
AcDbArc
 50
88.27397143207027
 51
96.40220313089372
  0
SPLINE
  5
369
330
1F
100
AcDbEntity
  8
0
100
AcDbSpline
210
0.0
220
0.0
230
1.0
 70
     8
 71
     3
 72
    22
 73
    18
 74
     0
 42
1E-08
 43
1E-08
 40
0.0
 40
0.0
 40
0.0
 40
0.0
 40
0.05552834478060153
 40
0.1108879530003243
 40
0.1638933807795668
 40
0.2153103742099617
 40
0.265722124512236
 40
0.3156728083688662
 40
0.36567788247936
 40
0.4161284476212551
 40
0.4897266099955199
 40
0.5658949928655788
 40
0.6452462172531839
 40
0.728165250039944
 40
0.8148746547833102
 40
0.9054787789157553
 40
1.0
 40
1.0
 40
1.0
 40
1.0
 10
49.57052278325347
 20
193.0901347618039
 30
0.0
 10
49.57052278325405
 20
193.0760131973432
 30
0.0
 10
49.5705227832552
 20
193.0478129802757
 30
0.0
 10
49.57052278325438
 20
192.8574499814929
 30
0.0
 10
49.57052278325278
 20
192.5596774494641
 30
0.0
 10
49.57052278325121
 20
192.1567775505526
 30
0.0
 10
49.57052278325115
 20
191.6627413768614
 30
0.0
 10
49.57052278325281
 20
191.0875120926911
 30
0.0
 10
49.57052278325426
 20
190.4428298641164
 30
0.0
 10
49.57052278325434
 20
189.6337549021652
 30
0.0
 10
49.57052278325274
 20
188.6348454718197
 30
0.0
 10
49.57052278325562
 20
187.4330387901758
 30
0.0
 10
49.57052278324333
 20
186.1427753058626
 30
0.0
 10
49.57052278329292
 20
184.7696817984659
 30
0.0
 10
49.57052278309374
 20
183.3180247137627
 30
0.0
 10
49.5705227838823
 20
181.7917618507994
 30
0.0
 10
49.57052278116598
 20
180.7483216065967
 30
0.0
 10
49.5705227797791
 20
180.2155623245274
 30
0.0
  0
SPLINE
  5
36A
330
1F
100
AcDbEntity
  8
0
100
AcDbSpline
210
0.0
220
0.0
230
1.0
 70
     8
 71
     3
 72
    22
 73
    18
 74
     0
 42
1E-08
 43
1E-08
 40
0.0
 40
0.0
 40
0.0
 40
0.0
 40
0.05552834478198024
 40
0.1108879530016221
 40
0.1638933807807871
 40
0.2153103742111067
 40
0.265722124513307
 40
0.3156728083698646
 40
0.3656778824802854
 40
0.4161284476221066
 40
0.4897266099962646
 40
0.5658949928662125
 40
0.6452462172537017
 40
0.7281652500403406
 40
0.8148746547835805
 40
0.9054787789158933
 40
1.0
 40
1.0
 40
1.0
 40
1.0
 10
73.57052278325429
 20
193.0901347618056
 30
0.0
 10
73.57052278325413
 20
193.0760131973447
 30
0.0
 10
73.57052278325379
 20
193.047812980277
 30
0.0
 10
73.57052278325277
 20
192.857449981493
 30
0.0
 10
73.57052278325119
 20
192.5596774494641
 30
0.0
 10
73.57052278324963
 20
192.1567775505526
 30
0.0
 10
73.57052278324954
 20
191.6627413768614
 30
0.0
 10
73.57052278325123
 20
191.0875120926911
 30
0.0
 10
73.57052278325267
 20
190.4428298641164
 30
0.0
 10
73.57052278325281
 20
189.6337549021652
 30
0.0
 10
73.57052278325122
 20
188.6348454718197
 30
0.0
 10
73.57052278325403
 20
187.4330387901758
 30
0.0
 10
73.57052278324176
 20
186.1427753058626
 30
0.0
 10
73.57052278329115
 20
184.7696817984659
 30
0.0
 10
73.57052278309278
 20
183.3180247137627
 30
0.0
 10
73.57052278387819
 20
181.7917618507994
 30
0.0
 10
73.57052278117274
 20
180.7483216065967
 30
0.0
 10
73.5705227797914
 20
180.2155623245274
 30
0.0
  0
SPLINE
  5
36B
330
1F
100
AcDbEntity
  8
0
100
AcDbSpline
210
0.0
220
0.0
230
1.0
 70
     8
 71
     3
 72
    14
 73
    10
 74
     0
 42
1E-08
 43
1E-08
 40
0.0
 40
0.0
 40
0.0
 40
0.0
 40
0.161409200029465
 40
0.3108454128794453
 40
0.4038772220675184
 40
0.4915878514553707
 40
0.5739838490046513
 40
0.8622411845288143
 40
1.0
 40
1.0
 40
1.0
 40
1.0
 10
51.93218854363235
 20
169.2868765570574
 30
0.0
 10
51.94383907382993
 20
169.1991231688515
 30
0.0
 10
51.96627592296164
 20
169.0301257499716
 30
0.0
 10
51.99269105846798
 20
168.8309178263116
 30
0.0
 10
52.01252822783376
 20
168.6827552125328
 30
0.0
 10
52.02708739673675
 20
168.5746389360316
 30
0.0
 10
52.04959001427779
 20
168.4069744254317
 30
0.0
 10
52.07020019397712
 20
168.2505058254077
 30
0.0
 10
52.0740108690248
 20
168.2225849986063
 30
0.0
 10
52.07524310888117
 20
168.2135563737098
 30
0.0
  0
DIMENSION
  5
36C
330
1F
100
AcDbEntity
  8
DIMENSIONS
100
AcDbDimension
  2
_D_4
 10
94.61226293103444
 20
193.1751051247108
 30
0.0
 11
94.61226293103449
 21
185.3110646551724
 31
0.0
 70
   160
  1
<>
 71
     2
 42
-1.0
  3
SLDDIMSTYLE2
100
AcDbAlignedDimension
 13
80.27052278325195
 23
178.1751051247107
 33
0.0
 14
80.27052278325185
 24
193.1751051247107
 34
0.0
 52
0.0
 50
90.0000000000002
100
AcDbRotatedDimension
  0
ENDSEC
  0
SECTION
  2
OBJECTS
  0
DICTIONARY
  5
C
330
0
100
AcDbDictionary
281
     1
  3
ACAD_GROUP
350
D
  3
ACAD_PLOTSTYLENAME
350
E
  3
ACAD_MLINESTYLE
350
17
  3
ACAD_PLOTSETTINGS
350
19
  3
ACAD_LAYOUT
350
1A
  3
ACAD_SCALELIST
350
47
  3
DWGPROPS
350
381
  0
DICTIONARY
  5
D
102
{ACAD_REACTORS
330
C
102
}
330
C
100
AcDbDictionary
281
     1
  0
ACDBDICTIONARYWDFLT
  5
E
102
{ACAD_REACTORS
330
C
102
}
330
C
100
AcDbDictionary
281
     1
  3
Normal
350
F
100
AcDbDictionaryWithDefault
340
F
  0
ACDBPLACEHOLDER
  5
F
102
{ACAD_REACTORS
330
E
102
}
330
E
  0
DICTIONARY
  5
17
102
{ACAD_REACTORS
330
C
102
}
330
C
100
AcDbDictionary
281
     1
  3
Standard
350
18
  0
MLINESTYLE
  5
18
102
{ACAD_REACTORS
330
17
102
}
330
17
100
AcDbMlineStyle
  2
Standard
 70
     0
  3

 62
   256
 51
90.0
 52
90.0
 71
     2
 49
0.5
 62
   256
  6
BYLAYER
 49
-0.5
 62
   256
  6
BYLAYER
  0
DICTIONARY
  5
19
102
{ACAD_REACTORS
330
C
102
}
330
C
100
AcDbDictionary
281
     1
  0
DICTIONARY
  5
1A
102
{ACAD_REACTORS
330
C
102
}
330
C
100
AcDbDictionary
281
     1
  3
Layout1
350
1E
  3
Model
350
22
  3
Layout2
350
26
  0
LAYOUT
  5
1E
102
{ACAD_REACTORS
330
1A
102
}
330
1A
100
AcDbPlotSettings
  1

  2
none_device
  4

  6

 40
0.0
 41
0.0
 42
0.0
 43
0.0
 44
0.0
 45
0.0
 46
0.0
 47
0.0
 48
0.0
 49
0.0
140
0.0
141
0.0
  6

142
1.0
143
1.0
 70
   688
 72
     1
 73
     0
 74
     5
  7

 75
    16
147
1.0
148
0.0
149
0.0
100
AcDbLayout
  1
Layout1
 70
     1
 71
     1
 10
0.0
 20
0.0
 11
420.0
 21
297.0
 12
0.0
 22
0.0
 32
0.0
 14
1E+20
 24
1E+20
 34
1E+20
 15
-1E+20
 25
-1E+20
 35
-1E+20
146
0.0
 13
0.0
 23
0.0
 33
0.0
 16
1.0
 26
0.0
 36
0.0
 17
0.0
 27
1.0
 37
0.0
 76
     0
330
1B
  0
LAYOUT
  5
22
102
{ACAD_REACTORS
330
1A
102
}
330
1A
100
AcDbPlotSettings
  1

  2
none_device
  4
Letter_(8.50_x_11.00_Inches)
  6

 40
6.35
 41
6.35
 42
6.35000508
 43
6.35000508
 44
215.9
 45
279.4
 46
0.0
 47
0.0
 48
0.0
 49
0.0
140
0.0
141
0.0
  6

142
1.0
143
1.0
 70
  1712
 72
     1
 73
     0
 74
     0
  7

 75
     0
147
1.0
148
0.0
149
0.0
100
AcDbLayout
  1
Model
 70
     1
 71
     0
 10
0.0
 20
0.0
 11
279.4
 21
215.9
 12
0.0
 22
0.0
 32
0.0
 14
0.0
 24
0.0
 34
0.0
 15
279.4
 25
215.9
 35
0.0
146
0.0
 13
0.0
 23
0.0
 33
0.0
 16
1.0
 26
0.0
 36
0.0
 17
0.0
 27
1.0
 37
0.0
 76
     0
330
1F
  0
LAYOUT
  5
26
102
{ACAD_REACTORS
330
1A
102
}
330
1A
100
AcDbPlotSettings
  1

  2
none_device
  4

  6

 40
0.0
 41
0.0
 42
0.0
 43
0.0
 44
0.0
 45
0.0
 46
0.0
 47
0.0
 48
0.0
 49
0.0
140
0.0
141
0.0
  6

142
1.0
143
1.0
 70
   688
 72
     1
 73
     0
 74
     5
  7

 75
    16
147
1.0
148
0.0
149
0.0
100
AcDbLayout
  1
Layout2
 70
     1
 71
     2
 10
0.0
 20
0.0
 11
0.0
 21
0.0
 12
0.0
 22
0.0
 32
0.0
 14
0.0
 24
0.0
 34
0.0
 15
0.0
 25
0.0
 35
0.0
146
0.0
 13
0.0
 23
0.0
 33
0.0
 16
1.0
 26
0.0
 36
0.0
 17
0.0
 27
1.0
 37
0.0
 76
     0
330
23
  0
DICTIONARY
  5
47
102
{ACAD_REACTORS
330
C
102
}
330
C
100
AcDbDictionary
281
     1
  3
A0
350
48
  3
A1
350
49
  3
A2
350
4A
  3
A3
350
4B
  3
A4
350
4C
  3
A5
350
4D
  3
A6
350
4E
  3
A7
350
4F
  3
A8
350
50
  3
A9
350
51
  3
B0
350
52
  3
B1
350
53
  3
B2
350
54
  3
B3
350
55
  3
B4
350
56
  3
B5
350
57
  3
B6
350
58
  0
SCALE
  5
48
102
{ACAD_REACTORS
330
47
102
}
330
47
100
AcDbScale
 70
     0
300
1:1
140
1.0
141
1.0
290
     1
  0
SCALE
  5
49
102
{ACAD_REACTORS
330
47
102
}
330
47
100
AcDbScale
 70
     0
300
1:2
140
1.0
141
2.0
290
     0
  0
SCALE
  5
4A
102
{ACAD_REACTORS
330
47
102
}
330
47
100
AcDbScale
 70
     0
300
1:4
140
1.0
141
4.0
290
     0
  0
SCALE
  5
4B
102
{ACAD_REACTORS
330
47
102
}
330
47
100
AcDbScale
 70
     0
300
1:5
140
1.0
141
5.0
290
     0
  0
SCALE
  5
4C
102
{ACAD_REACTORS
330
47
102
}
330
47
100
AcDbScale
 70
     0
300
1:8
140
1.0
141
8.0
290
     0
  0
SCALE
  5
4D
102
{ACAD_REACTORS
330
47
102
}
330
47
100
AcDbScale
 70
     0
300
1:10
140
1.0
141
10.0
290
     0
  0
SCALE
  5
4E
102
{ACAD_REACTORS
330
47
102
}
330
47
100
AcDbScale
 70
     0
300
1:16
140
1.0
141
16.0
290
     0
  0
SCALE
  5
4F
102
{ACAD_REACTORS
330
47
102
}
330
47
100
AcDbScale
 70
     0
300
1:20
140
1.0
141
20.0
290
     0
  0
SCALE
  5
50
102
{ACAD_REACTORS
330
47
102
}
330
47
100
AcDbScale
 70
     0
300
1:30
140
1.0
141
30.0
290
     0
  0
SCALE
  5
51
102
{ACAD_REACTORS
330
47
102
}
330
47
100
AcDbScale
 70
     0
300
1:40
140
1.0
141
40.0
290
     0
  0
SCALE
  5
52
102
{ACAD_REACTORS
330
47
102
}
330
47
100
AcDbScale
 70
     0
300
1:50
140
1.0
141
50.0
290
     0
  0
SCALE
  5
53
102
{ACAD_REACTORS
330
47
102
}
330
47
100
AcDbScale
 70
     0
300
1:100
140
1.0
141
100.0
290
     0
  0
SCALE
  5
54
102
{ACAD_REACTORS
330
47
102
}
330
47
100
AcDbScale
 70
     0
300
2:1
140
2.0
141
1.0
290
     0
  0
SCALE
  5
55
102
{ACAD_REACTORS
330
47
102
}
330
47
100
AcDbScale
 70
     0
300
4:1
140
4.0
141
1.0
290
     0
  0
SCALE
  5
56
102
{ACAD_REACTORS
330
47
102
}
330
47
100
AcDbScale
 70
     0
300
8:1
140
8.0
141
1.0
290
     0
  0
SCALE
  5
57
102
{ACAD_REACTORS
330
47
102
}
330
47
100
AcDbScale
 70
     0
300
10:1
140
10.0
141
1.0
290
     0
  0
SCALE
  5
58
102
{ACAD_REACTORS
330
47
102
}
330
47
100
AcDbScale
 70
     0
300
100:1
140
100.0
141
1.0
290
     0
  0
SUN
  5
5D
330
29
100
AcDbSun
 90
        1
290
     0
 63
     7
 40
1.0
291
     1
 91
  2455826
 92
 54000000
292
     0
 70
     2
 71
   256
280
     1
1001
ACAD
1000
AcDbSavedByObjectVersion
1070
     0
  0
XRECORD
  5
381
102
{ACAD_REACTORS
330
C
102
}
330
C
100
AcDbXrecord
280
     1
  1
DWGPROPS COOKIE
  2

  3

  4

  6

  7

  8
wastin
  9

300
=
301
=
302
=
303
=
304
=
305
=
306
=
307
=
308
=
309
=
 40
0.0
 41
2460691.759033842
 42
2460691.759035289
  1

 90
        0
  0
ENDSEC
  0
SECTION
  2
THUMBNAILIMAGE
 90
     1943
310
93070000020103010000500000000253010000300700000000000000000000000000000000000000000000000000000000000000000000000000000000000000000000000000000000000000000000000000000000000000000000000000000000000000000000280000000700000061000000010008000000000008030000
310
080009000A000B00000100000000000000000000000080000080000000808000800000008000800080800000C0C0C000C0DCC000F0CAA6000020400000206000002080000020A0000020C0000020E00000400000004020000040400000406000004080000040A0000040C0000040E000006000000060200000604000006060
310
00006080000060A0000060C0000060E00000800000008020000080400000806000008080000080A0000080C0000080E00000A0000000A0200000A0400000A0600000A0800000A0A00000A0C00000A0E00000C0000000C0200000C0400000C0600000C0800000C0A00000C0C00000C0E00000E0000000E0200000E0400000E0
310
600000E0800000E0A00000E0C00000E0E00040000000400020004000400040006000400080004000A0004000C0004000E00040200000402020004020400040206000402080004020A0004020C0004020E00040400000404020004040400040406000404080004040A0004040C0004040E00040600000406020004060400040
310
606000406080004060A0004060C0004060E00040800000408020004080400040806000408080004080A0004080C0004080E00040A0000040A0200040A0400040A0600040A0800040A0A00040A0C00040A0E00040C0000040C0200040C0400040C0600040C0800040C0A00040C0C00040C0E00040E0000040E0200040E04000
310
40E0600040E0800040E0A00040E0C00040E0E00080000000800020008000400080006000800080008000A0008000C0008000E00080200000802020008020400080206000802080008020A0008020C0008020E00080400000804020008040400080406000804080008040A0008040C0008040E0008060000080602000806040
310
0080606000806080008060A0008060C0008060E00080800000808020008080400080806000808080008080A0008080C0008080E00080A0000080A0200080A0400080A0600080A0800080A0A00080A0C00080A0E00080C0000080C0200080C0400080C0600080C0800080C0A00080C0C00080C0E00080E0000080E0200080E0
310
400080E0600080E0800080E0A00080E0C00080E0E000C0000000C0002000C0004000C0006000C0008000C000A000C000C000C000E000C0200000C0202000C0204000C0206000C0208000C020A000C020C000C020E000C0400000C0402000C0404000C0406000C0408000C040A000C040C000C040E000C0600000C0602000C0
310
604000C0606000C0608000C060A000C060C000C060E000C0800000C0802000C0804000C0806000C0808000C080A000C080C000C080E000C0A00000C0A02000C0A04000C0A06000C0A08000C0A0A000C0A0C000C0A0E000C0C00000C0C02000C0C04000C0C06000C0C08000C0C0A000F0FBFF00A4A0A000808080000000FF00
310
00FF000000FFFF00FF000000FF00FF00FFFF0000FFFFFF00FFFFFFFFFFFFFF00FFFFFFFFFFFFFF00FFFFFFFFFFFFFF00FFFFFFFFFFFFFF00FFFFFFFFFFFFFF00FFFFFFFFFFFFFF00FFFFFFFFFFFFFF00FFFFFFFFFFFFFF00FFFFFFFFFFFFFF00FFFFFFFFFFFFFF00FFFFFFFFFFFFFF00FFFFFFFFFFFFFF00FFFFFFFFFFFFFF
310
00FFFFFFFFFFFFFF00FFFFFFFFFFFFFF00FFFFFFFFFFFFFF00FFFFFFFFFFFFFF00FFFFFFFFFFFFFF00FFFFFFFFFFFFFF00FFFFFFFFFFFFFF00FFFFFFFFFFFFFF00FFFFFFFFFFFFFF00FFFFFFFFFFFFFF00FFFFFFFFFFFFFF00FFFFFFFFFFFFFF00FFFFFFFFFFFFFF00FFFFFFFFFFFFFF00FFFFFFFFFFFFFF00FFFFFFFFFFFF
310
FF00FFFFFFFFFFFFFF00FFFFFFFFFFFFFF00FFFFFFFFFFFFFF00FFFFFFFFFFFFFF00FFFFFFFFFFFFFF00FFFFFFFFFFFFFF00FFFFFFFFFFFFFF00FFFFFFFFFFFFFF00FFFFFFFFFFFFFF00FFFFFFFFFFFFFF00FFFFFFFFFFFFFF00FFFFFFFFFFFFFF00FFFFFFFFFFFFFF00FFFFFFFFFFFFFF00FFFFFFFFFFFFFF00FFFFFFFFFF
310
FFFF00FFFFFFFFFFFFFF00FFFFFFFFFFFFFF00FFFFFFFFFFFFFF00FFFFFFFFFFFFFF00FFFFFFFFFFFFFF00FFFFFFFFFFFFFF00FFFFFFFFFFFFFF00FFFFFFFFFFFFFF00FFFFFFFFFFFFFF00FFFFFFFFFFFFFF00FFFFFFFFFFFFFF00FFFFFFFFFFFFFF00FFFFFFFFFFFFFF00FFFFFFFFFFFFFF00FFFFFFFFFFFFFF00FFFFFFFF
310
FFFFFF00FFFFFFFFFFFFFF00FFFFFFFFFFFFFF00FFFFFFFFFFFFFF00FFFFFFFFFFFFFF00FFFFFFFFFFFFFF00FFFFFFFFFFFFFF00FFFFFFFFFFFFFF00FFFFFFFFFFFFFF00FFFFFFFFFFFFFF00FFFFFFFFFFFFFF00FFFFFFFFFFFFFF00FFFFFFFFFFFFFF00FFFFFFFFFFFFFF00FFFFFFFFFFFFFF00FFFFFFFFFFFFFF00FFFFFF
310
FFFFFFFF00FFFFFFFFFFFFFF00FFFFFFFFFFFFFF00FFFFFFFFFFFFFF00FFFFFFFFFFFFFF00FFFFFFFFFFFFFF00FFFFFFFFFFFFFF00FFFFFFFFFFFFFF00FFFFFFFFFFFFFF00FFFFFFFFFFFFFF00FFFFFFFFFFFFFF00FFFFFFFFFFFFFF00FFFFFFFFFFFFFF00FFFFFFFFFFFFFF00FFFFFFFFFFFFFF00FFFFFFFFFFFFFF00FFFF
310
FFFFFFFFFF00FFFFFFFFFFFFFF00FFFFFFFFFFFFFF00FFFFFFFFFFFFFF00FFFFFFFFFFFFFF00
  0
ENDSEC
  0
EOF
