ISO-10303-21;
HEADER;
FILE_DESCRIPTION (( 'STEP AP214' ),
    '1' );
FILE_NAME ('22013003.step',
    '2016-05-09T12:19:15',
    ( '' ),
    ( '' ),
    'SwSTEP 2.0',
    'SolidWorks 2015',
    '' );
FILE_SCHEMA (( 'AUTOMOTIVE_DESIGN' ));
ENDSEC;

DATA;
#1 = ORIENTED_EDGE ( 'NONE', *, *, #248, .F. ) ;
#2 = CARTESIAN_POINT ( 'NONE',  ( -18.12382062240215000, 35.77836127671419300, -42.59227791761060200 ) ) ;
#3 = CARTESIAN_POINT ( 'NONE',  ( -19.08674977989653600, 34.61631982535023900, -40.55290783953096700 ) ) ;
#4 = CARTESIAN_POINT ( 'NONE',  ( -18.26841952433732500, 36.56898149451824100, -44.61196295335345500 ) ) ;
#5 = VECTOR ( 'NONE', #417, 39.37007874015748100 ) ;
#6 = CARTESIAN_POINT ( 'NONE',  ( -19.09375929415740500, 35.74998962036165300, -44.92298657540472800 ) ) ;
#7 = AXIS2_PLACEMENT_3D ( 'NONE', #8130, #5084, #681 ) ;
#8 = CARTESIAN_POINT ( 'NONE',  ( -18.21667103973771500, 34.15953267560307400, -41.01649051669566900 ) ) ;
#9 = EDGE_CURVE ( 'NONE', #3484, #796, #9238, .T. ) ;
#10 = CARTESIAN_POINT ( 'NONE',  ( -18.54344269327303300, 36.71858779372264100, -41.38967602996771700 ) ) ;
#11 = EDGE_CURVE ( 'NONE', #2287, #3710, #9202, .T. ) ;
#12 = VERTEX_POINT ( 'NONE', #7065 ) ;
#13 = ORIENTED_EDGE ( 'NONE', *, *, #5942, .F. ) ;
#14 = VERTEX_POINT ( 'NONE', #6521 ) ;
#15 = DIRECTION ( 'NONE',  ( -1.000000000000000000, 1.083082623645810000E-012, -1.289195296225029900E-012 ) ) ;
#16 = CARTESIAN_POINT ( 'NONE',  ( -18.27720357979148600, 35.76763569550227100, -44.61196295335628300 ) ) ;
#17 = VECTOR ( 'NONE', #729, 39.37007874015748100 ) ;
#18 = CARTESIAN_POINT ( 'NONE',  ( -18.25186024066224300, 34.68539817968003500, -43.73984268913700600 ) ) ;
#19 = ORIENTED_EDGE ( 'NONE', *, *, #7590, .F. ) ;
#20 = EDGE_LOOP ( 'NONE', ( #3498, #5711, #1435, #5803 ) ) ;
#21 = AXIS2_PLACEMENT_3D ( 'NONE', #2369, #2410, #2358 ) ;
#22 = EDGE_CURVE ( 'NONE', #1844, #3531, #9180, .T. ) ;
#23 = DIRECTION ( 'NONE',  ( 1.000000000000000000, 0.0000000000000000000, 0.0000000000000000000 ) ) ;
#24 = VECTOR ( 'NONE', #4387, 39.37007874015748100 ) ;
#25 = DIRECTION ( 'NONE',  ( -1.281026566875212200E-012, 0.0000000000000000000, 1.000000000000000000 ) ) ;
#26 = CARTESIAN_POINT ( 'NONE',  ( -18.30494418923294800, 34.75527934855299600, -44.92298657540595000 ) ) ;
#27 = DIRECTION ( 'NONE',  ( 1.101459675461920000E-012, 0.0000000000000000000, -1.000000000000000000 ) ) ;
#28 = CARTESIAN_POINT ( 'NONE',  ( -18.28991281778759900, 33.69890275434673300, -41.69267161906138600 ) ) ;
#29 = ORIENTED_EDGE ( 'NONE', *, *, #6372, .T. ) ;
#30 = ORIENTED_EDGE ( 'NONE', *, *, #8209, .F. ) ;
#31 = CARTESIAN_POINT ( 'NONE',  ( -20.00866194114649600, 36.58669653065799600, -45.03322279586810600 ) ) ;
#32 = CARTESIAN_POINT ( 'NONE',  ( -20.18320647280272000, 33.69890275434803300, -42.58243539644212900 ) ) ;
#33 = DIRECTION ( 'NONE',  ( 1.000000000000000000, -6.780283496827029700E-013, 1.101459675461920000E-012 ) ) ;
#34 = ADVANCED_FACE ( 'NONE', ( #9169, #9249 ), #6656, .T. ) ;
#35 = CARTESIAN_POINT ( 'NONE',  ( -18.22590772997283900, 34.99717801623866400, -40.60832389085354800 ) ) ;
#36 = AXIS2_PLACEMENT_3D ( 'NONE', #6500, #9425, #5017 ) ;
#37 = VERTEX_POINT ( 'NONE', #5954 ) ;
#38 = EDGE_LOOP ( 'NONE', ( #6470, #6526, #6538, #6311, #5947, #5939, #6014, #5960 ) ) ;
#39 = DIRECTION ( 'NONE',  ( 0.0000000000000000000, -0.0000000000000000000, -1.000000000000000000 ) ) ;
#40 = CARTESIAN_POINT ( 'NONE',  ( -20.18320647280642900, 36.75795787246103400, -44.40330153602816000 ) ) ;
#41 = LINE ( 'NONE', #3622, #24 ) ;
#42 = ORIENTED_EDGE ( 'NONE', *, *, #908, .T. ) ;
#43 = DIRECTION ( 'NONE',  ( -0.0000000000000000000, 0.0000000000000000000, 1.000000000000000000 ) ) ;
#44 = ORIENTED_EDGE ( 'NONE', *, *, #3911, .T. ) ;
#45 = DIRECTION ( 'NONE',  ( -0.0000000000000000000, 1.000000000000000000, 0.0000000000000000000 ) ) ;
#46 = EDGE_CURVE ( 'NONE', #6348, #6430, #9165, .T. ) ;
#47 = EDGE_CURVE ( 'NONE', #6430, #6440, #7501, .T. ) ;
#48 = EDGE_CURVE ( 'NONE', #8261, #4814, #9221, .T. ) ;
#49 = CARTESIAN_POINT ( 'NONE',  ( -18.21667154495325400, 36.05904231801716300, -43.77010248425391800 ) ) ;
#50 = VECTOR ( 'NONE', #1431, 39.37007874015748100 ) ;
#51 = ORIENTED_EDGE ( 'NONE', *, *, #7070, .F. ) ;
#52 = ADVANCED_FACE ( 'NONE', ( #9122 ), #2522, .T. ) ;
#53 = ORIENTED_EDGE ( 'NONE', *, *, #6271, .F. ) ;
#54 = CARTESIAN_POINT ( 'NONE',  ( -19.08725445498712900, 35.74722160851220600, -40.24188421748095800 ) ) ;
#55 = CARTESIAN_POINT ( 'NONE',  ( -18.21667103959075000, 35.18315472321045000, -41.49190846286607100 ) ) ;
#56 = LINE ( 'NONE', #696, #50 ) ;
#57 = EDGE_CURVE ( 'NONE', #8114, #8161, #7514, .T. ) ;
#58 = VERTEX_POINT ( 'NONE', #8246 ) ;
#59 = AXIS2_PLACEMENT_3D ( 'NONE', #9346, #523, #5670 ) ;
#60 = DIRECTION ( 'NONE',  ( -1.000000000000000000, 1.264160903132879200E-012, 0.0000000000000000000 ) ) ;
#61 = DIRECTION ( 'NONE',  ( -0.06975647374286433900, 0.9975640502599124600, -3.970637562935382300E-013 ) ) ;
#62 = LINE ( 'NONE', #9510, #17 ) ;
#63 = EDGE_LOOP ( 'NONE', ( #1480, #1517, #1617, #1705 ) ) ;
#64 = CARTESIAN_POINT ( 'NONE',  ( -18.12382062240315200, 34.58794816900173400, -43.47219917382300000 ) ) ;
#65 = LINE ( 'NONE', #3590, #83 ) ;
#66 = DIRECTION ( 'NONE',  ( -0.9975640502599121300, 0.06975647374286990400, 2.730243719592988500E-012 ) ) ;
#67 = CARTESIAN_POINT ( 'NONE',  ( -18.28991281778543200, 36.71858779372287500, -43.47219917382296500 ) ) ;
#68 = CARTESIAN_POINT ( 'NONE',  ( -19.12218285076153600, 36.75795787246191500, -44.37771098484528000 ) ) ;
#69 = VERTEX_POINT ( 'NONE', #8061 ) ;
#70 = ORIENTED_EDGE ( 'NONE', *, *, #7002, .F. ) ;
#71 = VECTOR ( 'NONE', #605, 39.37007874015748100 ) ;
#72 = ORIENTED_EDGE ( 'NONE', *, *, #5770, .F. ) ;
#73 = EDGE_CURVE ( 'NONE', #3729, #3760, #9094, .T. ) ;
#74 = DIRECTION ( 'NONE',  ( 1.281026566875212200E-012, 0.0000000000000000000, 1.000000000000000000 ) ) ;
#75 = DIRECTION ( 'NONE',  ( 0.0000000000000000000, -0.0000000000000000000, -1.000000000000000000 ) ) ;
#76 = DIRECTION ( 'NONE',  ( 1.000000000000000000, 0.0000000000000000000, -1.552565295730630100E-012 ) ) ;
#77 = CARTESIAN_POINT ( 'NONE',  ( -18.24980009188244900, 34.15953267525854600, -40.55290783953089600 ) ) ;
#78 = ADVANCED_FACE ( 'NONE', ( #9113 ), #7628, .T. ) ;
#79 = ORIENTED_EDGE ( 'NONE', *, *, #7600, .F. ) ;
#80 =( BOUNDED_SURFACE ( )  B_SPLINE_SURFACE ( 3, 3, ( 
 ( #4766, #5514, #1843, #7053 ),
 ( #2569, #7844, #3305, #8577 ),
 ( #4057, #9234, #4799, #405 ),
 ( #5552, #1135, #6305, #1872 ) ),
 .UNSPECIFIED., .F., .F., .T. ) 
 B_SPLINE_SURFACE_WITH_KNOTS ( ( 4, 4 ),
 ( 4, 4 ),
 ( 0.0000000000000000000, 1.000000000000000000 ),
 ( 0.0000000000000000000, 1.000000000000000000 ),
 .UNSPECIFIED. ) 
 GEOMETRIC_REPRESENTATION_ITEM ( )  RATIONAL_B_SPLINE_SURFACE ( (
 ( 1.000928791985660000, 0.9940835360964660500, 0.9942357083301539600, 1.001385308686719900),
 ( 0.9998228890310659800, 0.9929851963059830300, 0.9931372004081080500, 1.000278901337440000),
 ( 0.9998228890310659800, 0.9929851963059830300, 0.9931372004081080500, 1.000278901337440000),
 ( 1.000928791985660000, 0.9940835360964660500, 0.9942357083301549500, 1.001385308686719900) ) ) 
 REPRESENTATION_ITEM ( '' )  SURFACE ( )  );
#81 = CARTESIAN_POINT ( 'NONE',  ( -18.25037104509515000, 36.20677677045334500, -44.61914686672108800 ) ) ;
#82 = ORIENTED_EDGE ( 'NONE', *, *, #7155, .T. ) ;
#83 = VECTOR ( 'NONE', #5779, 39.37007874015748100 ) ;
#84 = ORIENTED_EDGE ( 'NONE', *, *, #145, .T. ) ;
#85 = CARTESIAN_POINT ( 'NONE',  ( -18.30485983458596500, 34.58669030291199700, -44.92298657540595000 ) ) ;
#86 = PLANE ( 'NONE',  #2868 ) ;
#87 = CARTESIAN_POINT ( 'NONE',  ( -18.22782331422664400, 36.05904231801703500, -44.33665669892014400 ) ) ;
#88 = EDGE_LOOP ( 'NONE', ( #8857, #8872, #8889, #8931, #8939, #8942 ) ) ;
#89 = EDGE_CURVE ( 'NONE', #3743, #3760, #9103, .T. ) ;
#90 = ORIENTED_EDGE ( 'NONE', *, *, #3462, .T. ) ;
#91 = AXIS2_PLACEMENT_3D ( 'NONE', #2621, #3365, #8628 ) ;
#92 = FACE_OUTER_BOUND ( 'NONE', #2626, .T. ) ;
#93 = DIRECTION ( 'NONE',  ( -1.000000000000000000, 1.083082623645810000E-012, -1.289195296225029900E-012 ) ) ;
#94 = PLANE ( 'NONE',  #5601 ) ;
#95 = CARTESIAN_POINT ( 'NONE',  ( -18.25597381778635900, 36.44824658650268400, -44.61196295335335500 ) ) ;
#96 = CARTESIAN_POINT ( 'NONE',  ( -19.08674977989393500, 36.56898149450806600, -40.55290783953069000 ) ) ;
#97 = ADVANCED_FACE ( 'NONE', ( #9075 ), #9043, .F. ) ;
#98 = EDGE_LOOP ( 'NONE', ( #1888, #1940, #1975, #2005 ) ) ;
#99 = CARTESIAN_POINT ( 'NONE',  ( -18.27996288965235300, 35.64378464412646300, -40.55290783953109500 ) ) ;
#100 = ORIENTED_EDGE ( 'NONE', *, *, #4592, .F. ) ;
#101 = CARTESIAN_POINT ( 'NONE',  ( -20.14580489799751800, 33.69890275435291500, -43.64345901634567300 ) ) ;
#102 = VECTOR ( 'NONE', #4266, 39.37007874015748100 ) ;
#103 = VECTOR ( 'NONE', #3284, 39.37007874015748100 ) ;
#104 = PLANE ( 'NONE',  #9164 ) ;
#105 = ORIENTED_EDGE ( 'NONE', *, *, #1279, .F. ) ;
#106 = CARTESIAN_POINT ( 'NONE',  ( -18.28991281778543200, 35.76674697900210000, -43.53051543365646800 ) ) ;
#107 = ORIENTED_EDGE ( 'NONE', *, *, #7608, .F. ) ;
#108 = LINE ( 'NONE', #2073, #71 ) ;
#109 = CARTESIAN_POINT ( 'NONE',  ( -18.21658416049918500, 36.05904231801710600, -44.05349106453807900 ) ) ;
#110 = EDGE_CURVE ( 'NONE', #3718, #3771, #9057, .T. ) ;
#111 = VERTEX_POINT ( 'NONE', #7302 ) ;
#112 = EDGE_CURVE ( 'NONE', #2275, #2515, #9028, .T. ) ;
#113 = DIRECTION ( 'NONE',  ( 0.0000000000000000000, -1.000000000000000000, 0.0000000000000000000 ) ) ;
#114 = ORIENTED_EDGE ( 'NONE', *, *, #6937, .T. ) ;
#115 = CARTESIAN_POINT ( 'NONE',  ( -18.22589896613109100, 34.45471312841036100, -41.39476546330340800 ) ) ;
#116 = CARTESIAN_POINT ( 'NONE',  ( -20.17926946493976100, 34.47449330553197200, -45.21038815018991400 ) ) ;
#117 = ORIENTED_EDGE ( 'NONE', *, *, #3482, .F. ) ;
#118 = CARTESIAN_POINT ( 'NONE',  ( -18.24369720404890000, 34.74635664228541300, -41.38973362110352400 ) ) ;
#119 = FACE_OUTER_BOUND ( 'NONE', #8471, .T. ) ;
#120 = LINE ( 'NONE', #5527, #132 ) ;
#121 = DIRECTION ( 'NONE',  ( 0.0000000000000000000, -0.8516583167039225600, -0.5240974256653440100 ) ) ;
#122 =( BOUNDED_SURFACE ( )  B_SPLINE_SURFACE ( 3, 3, ( 
 ( #5224, #2300, #8305, #3764 ),
 ( #8972, #4509, #127, #5256 ),
 ( #857, #6011, #1592, #6788 ),
 ( #2329, #7578, #3059, #8334 ) ),
 .UNSPECIFIED., .F., .F., .T. ) 
 B_SPLINE_SURFACE_WITH_KNOTS ( ( 4, 4 ),
 ( 4, 4 ),
 ( 0.0000000000000000000, 1.000000000000000000 ),
 ( 0.0000000000000000000, 1.000000000000000000 ),
 .UNSPECIFIED. ) 
 GEOMETRIC_REPRESENTATION_ITEM ( )  RATIONAL_B_SPLINE_SURFACE ( (
 ( 1.000000000000000000, 0.9994673074411871700, 0.9994673074411871700, 1.000000000000000000),
 ( 0.9986983324221917500, 0.9981663332520116500, 0.9981663332520116500, 0.9986983324221917500),
 ( 0.9986983324221917500, 0.9981663332520116500, 0.9981663332520116500, 0.9986983324221917500),
 ( 1.000000000000000000, 0.9994673074411871700, 0.9994673074411871700, 1.000000000000000000) ) ) 
 REPRESENTATION_ITEM ( '' )  SURFACE ( )  );
#123 = DIRECTION ( 'NONE',  ( 0.0000000000000000000, -0.8516583167044392600, 0.5240974256645046800 ) ) ;
#124 = CARTESIAN_POINT ( 'NONE',  ( -19.01982064603386000, 35.82292128662767500, -43.47132066249449200 ) ) ;
#125 = ADVANCED_FACE ( 'NONE', ( #9006 ), #6453, .F. ) ;
#126 = ORIENTED_EDGE ( 'NONE', *, *, #7616, .F. ) ;
#127 = CARTESIAN_POINT ( 'NONE',  ( -18.21658416048603600, 35.03542027053682500, -41.11137972834988800 ) ) ;
#128 = ORIENTED_EDGE ( 'NONE', *, *, #6910, .T. ) ;
#129 = DIRECTION ( 'NONE',  ( -1.000000000000000000, 0.0000000000000000000, -8.534679987039168800E-013 ) ) ;
#130 = EDGE_CURVE ( 'NONE', #7152, #6945, #9036, .T. ) ;
#131 = VECTOR ( 'NONE', #2773, 39.37007874015748100 ) ;
#133 = DIRECTION ( 'NONE',  ( -2.741527612597545200E-015, 1.000000000000000000, -1.570620117469848500E-013 ) ) ;
#132 = VECTOR ( 'NONE', #1113, 39.37007874015748100 ) ;
#134 = CARTESIAN_POINT ( 'NONE',  ( -20.18320647281385400, 36.75795787246057200, -44.37771098484528000 ) ) ;
#135 = EDGE_LOOP ( 'NONE', ( #8166, #8669, #3176, #9455, #1098, #4379, #476, #3289 ) ) ;
#136 = ORIENTED_EDGE ( 'NONE', *, *, #7009, .T. ) ;
#137 = DIRECTION ( 'NONE',  ( 1.000000000000000000, -1.264251560246800100E-012, 2.841279047499280000E-012 ) ) ;
#138 = LINE ( 'NONE', #9211, #103 ) ;
#139 = CARTESIAN_POINT ( 'NONE',  ( -18.67884231677200900, 35.74998962036165300, -44.61196295335314900 ) ) ;
#140 = LINE ( 'NONE', #2738, #131 ) ;
#141 = FACE_OUTER_BOUND ( 'NONE', #1537, .T. ) ;
#142 = CARTESIAN_POINT ( 'NONE',  ( -18.50800962240263600, 36.65165865986200800, -43.46826217024376900 ) ) ;
#143 = CARTESIAN_POINT ( 'NONE',  ( -18.24374390433256100, 34.74635337668363600, -41.11034418953593700 ) ) ;
#144 = VERTEX_POINT ( 'NONE', #5925 ) ;
#145 = EDGE_CURVE ( 'NONE', #2155, #3718, #8983, .T. ) ;
#146 = ORIENTED_EDGE ( 'NONE', *, *, #229, .F. ) ;
#147 = ADVANCED_FACE ( 'NONE', ( #8988 ), #5468, .F. ) ;
#148 = CARTESIAN_POINT ( 'NONE',  ( -18.27720357974784800, 34.74401364825676800, -44.61196295335300000 ) ) ;
#149 = LINE ( 'NONE', #8052, #102 ) ;
#150 = LINE ( 'NONE', #9185, #212 ) ;
#151 = CARTESIAN_POINT ( 'NONE',  ( -18.25491234134654300, 34.74557240348904900, -40.83140224806280100 ) ) ;
#152 = ORIENTED_EDGE ( 'NONE', *, *, #57, .T. ) ;
#153 = EDGE_LOOP ( 'NONE', ( #2056, #2064, #2087, #2168 ) ) ;
#154 = CARTESIAN_POINT ( 'NONE',  ( -20.18238305517332500, 33.65528093473621900, -44.33243539429695800 ) ) ;
#155 = CARTESIAN_POINT ( 'NONE',  ( -18.44501749642996600, 33.69890275434673300, -41.39149051667855200 ) ) ;
#156 = CARTESIAN_POINT ( 'NONE',  ( -18.28991281778543200, 35.19595006394693100, -40.63145515489173900 ) ) ;
#157 = VECTOR ( 'NONE', #575, 39.37007874015748100 ) ;
#158 = CARTESIAN_POINT ( 'NONE',  ( -18.25491234143144900, 34.74557240348605100, -44.33346854481764900 ) ) ;
#159 = AXIS2_PLACEMENT_3D ( 'NONE', #4694, #1772, #6980 ) ;
#160 = CARTESIAN_POINT ( 'NONE',  ( -18.24980009188043800, 36.32751167847437300, -44.61196295335334800 ) ) ;
#161 = VERTEX_POINT ( 'NONE', #5723 ) ;
#162 = ORIENTED_EDGE ( 'NONE', *, *, #4043, .T. ) ;
#163 = DIRECTION ( 'NONE',  ( -0.0000000000000000000, -1.000000000000000000, 0.0000000000000000000 ) ) ;
#164 = CARTESIAN_POINT ( 'NONE',  ( -18.90171040981456600, 36.66740669136515900, -44.52141177225197300 ) ) ;
#165 = CARTESIAN_POINT ( 'NONE',  ( -18.43969898051618000, 33.70902881569465800, -44.33243539429882000 ) ) ;
#166 = LINE ( 'NONE', #9388, #178 ) ;
#167 = CARTESIAN_POINT ( 'NONE',  ( -18.22561064365929800, 35.47435344335323700, -43.77529501080222500 ) ) ;
#168 = ORIENTED_EDGE ( 'NONE', *, *, #7616, .T. ) ;
#169 = CARTESIAN_POINT ( 'NONE',  ( -18.24374390441742800, 34.74635337668078000, -44.05452660334880500 ) ) ;
#170 = CARTESIAN_POINT ( 'NONE',  ( -18.28991281778543200, 35.74998962036165300, -44.61196295335324200 ) ) ;
#171 = CARTESIAN_POINT ( 'NONE',  ( -18.21667103973628700, 35.18315472284717100, -41.11885272142047400 ) ) ;
#172 = EDGE_CURVE ( 'NONE', #2544, #1679, #9064, .T. ) ;
#173 = ADVANCED_FACE ( 'NONE', ( #8966 ), #4750, .T. ) ;
#174 = EDGE_CURVE ( 'NONE', #3423, #3492, #8955, .T. ) ;
#175 = CARTESIAN_POINT ( 'NONE',  ( -19.12135943312737000, 33.69465101347511600, -44.33243539429825100 ) ) ;
#176 = VECTOR ( 'NONE', #4967, 39.37007874015748100 ) ;
#177 = ORIENTED_EDGE ( 'NONE', *, *, #6161, .F. ) ;
#178 = VECTOR ( 'NONE', #8750, 39.37007874015748100 ) ;
#179 =( BOUNDED_SURFACE ( )  B_SPLINE_SURFACE ( 3, 3, ( 
 ( #2906, #1463, #6649, #2206 ),
 ( #7439, #2938, #8207, #3661 ),
 ( #8894, #4418, #35, #5167 ),
 ( #769, #5911, #1496, #6691 ) ),
 .UNSPECIFIED., .F., .F., .T. ) 
 B_SPLINE_SURFACE_WITH_KNOTS ( ( 4, 4 ),
 ( 4, 4 ),
 ( 0.0000000000000000000, 1.000000000000000000 ),
 ( 0.0000000000000000000, 1.000000000000000000 ),
 .UNSPECIFIED. ) 
 GEOMETRIC_REPRESENTATION_ITEM ( )  RATIONAL_B_SPLINE_SURFACE ( (
 ( 1.000928791985660000, 0.9940835360964660500, 0.9942357083301539600, 1.001385308686719900),
 ( 0.9998228890310659800, 0.9929851963059830300, 0.9931372004081080500, 1.000278901337440000),
 ( 0.9998228890310659800, 0.9929851963059830300, 0.9931372004081080500, 1.000278901337440000),
 ( 1.000928791985660000, 0.9940835360964660500, 0.9942357083301549500, 1.001385308686719900) ) ) 
 REPRESENTATION_ITEM ( '' )  SURFACE ( )  );
#180 = ORIENTED_EDGE ( 'NONE', *, *, #7510, .F. ) ;
#181 = CARTESIAN_POINT ( 'NONE',  ( -18.28991281778759900, 35.78157991970243800, -41.49126929155120500 ) ) ;
#182 = DIRECTION ( 'NONE',  ( -2.841279047498729900E-012, -1.993517598874519800E-013, -1.000000000000000000 ) ) ;
#183 = LINE ( 'NONE', #4234, #176 ) ;
#184 = EDGE_LOOP ( 'NONE', ( #2183, #2207, #2246, #2257 ) ) ;
#185 = VECTOR ( 'NONE', #4199, 39.37007874015748100 ) ;
#186 = DIRECTION ( 'NONE',  ( -0.9998096356151552300, 0.01745174210714870900, 0.008725206502768600300 ) ) ;
#187 = CARTESIAN_POINT ( 'NONE',  ( -18.22633374423842800, 36.29560935520461100, -40.96519196207501100 ) ) ;
#188 = DIRECTION ( 'NONE',  ( 0.0000000000000000000, -0.0000000000000000000, -1.000000000000000000 ) ) ;
#189 = ORIENTED_EDGE ( 'NONE', *, *, #7618, .F. ) ;
#190 = ORIENTED_EDGE ( 'NONE', *, *, #6853, .F. ) ;
#191 = LINE ( 'NONE', #2011, #157 ) ;
#192 = CARTESIAN_POINT ( 'NONE',  ( -18.29768877718433000, 34.52173740001358500, -40.24188421747832900 ) ) ;
#193 = ORIENTED_EDGE ( 'NONE', *, *, #5202, .T. ) ;
#194 = ADVANCED_FACE ( 'NONE', ( #8948 ), #4461, .F. ) ;
#195 = DIRECTION ( 'NONE',  ( 0.0000000000000000000, 0.0000000000000000000, -1.000000000000000000 ) ) ;
#196 = AXIS2_PLACEMENT_3D ( 'NONE', #4532, #2348, #7603 ) ;
#197 = CARTESIAN_POINT ( 'NONE',  ( -18.24369705721256500, 34.74635665255089400, -43.61765685810375700 ) ) ;
#198 = ORIENTED_EDGE ( 'NONE', *, *, #6636, .F. ) ;
#199 = LINE ( 'NONE', #1280, #185 ) ;
#200 = DIRECTION ( 'NONE',  ( -1.000000000000000000, -0.0000000000000000000, -0.0000000000000000000 ) ) ;
#201 = CARTESIAN_POINT ( 'NONE',  ( -19.09375929415740500, 36.56898149452460700, -44.92298657540472800 ) ) ;
#202 = CARTESIAN_POINT ( 'NONE',  ( -18.12382062240442300, 34.75473922946212500, -43.52761628360217800 ) ) ;
#203 = CARTESIAN_POINT ( 'NONE',  ( -18.25037104509495800, 36.05904231801695700, -44.61914686672106000 ) ) ;
#204 = VERTEX_POINT ( 'NONE', #4582 ) ;
#205 = ORIENTED_EDGE ( 'NONE', *, *, #8195, .T. ) ;
#206 = VERTEX_POINT ( 'NONE', #3946 ) ;
#207 = VECTOR ( 'NONE', #8026, 39.37007874015748100 ) ;
#208 = CARTESIAN_POINT ( 'NONE',  ( -19.38112961814850600, 33.79732795120382600, -44.61196295335354000 ) ) ;
#209 = CARTESIAN_POINT ( 'NONE',  ( -18.25037104509279100, 35.18315472286380400, -44.61914686670749600 ) ) ;
#210 = CARTESIAN_POINT ( 'NONE',  ( -19.08674977989437200, 35.74998962036165300, -44.61196295335314900 ) ) ;
#211 = DIRECTION ( 'NONE',  ( 0.9975262508967617200, 0.06975383055398148800, 0.008705279713915409200 ) ) ;
#212 = VECTOR ( 'NONE', #6257, 39.37007874015748900 ) ;
#213 = CARTESIAN_POINT ( 'NONE',  ( -18.54344269326378100, 33.65528093473621900, -41.69629940721024000 ) ) ;
#214 = ORIENTED_EDGE ( 'NONE', *, *, #1320, .F. ) ;
#215 = CARTESIAN_POINT ( 'NONE',  ( -18.22195286345307600, 36.28393103945606400, -41.08409344128478600 ) ) ;
#216 = ORIENTED_EDGE ( 'NONE', *, *, #6064, .T. ) ;
#217 = VECTOR ( 'NONE', #5650, 39.37007874015748100 ) ;
#218 = CARTESIAN_POINT ( 'NONE',  ( -18.54344269327106400, 36.68883963849098300, -43.47219917382323500 ) ) ;
#219 =( BOUNDED_SURFACE ( )  B_SPLINE_SURFACE ( 3, 3, ( 
 ( #509, #7963, #5653, #1247 ),
 ( #6421, #1988, #7199, #2708 ),
 ( #7997, #3453, #8699, #4202 ),
 ( #9364, #4941, #544, #5685 ) ),
 .UNSPECIFIED., .F., .F., .T. ) 
 B_SPLINE_SURFACE_WITH_KNOTS ( ( 4, 4 ),
 ( 4, 4 ),
 ( 0.0000000000000000000, 1.000000000000000000 ),
 ( 0.0000000000000000000, 1.000000000000000000 ),
 .UNSPECIFIED. ) 
 GEOMETRIC_REPRESENTATION_ITEM ( )  RATIONAL_B_SPLINE_SURFACE ( (
 ( 1.000000000000000000, 0.9994673074411775100, 0.9994673074411775100, 1.000000000000000000),
 ( 0.9986983324200058300, 0.9981663332498172900, 0.9981663332498172900, 0.9986983324200058300),
 ( 0.9986983324200058300, 0.9981663332498172900, 0.9981663332498172900, 0.9986983324200058300),
 ( 1.000000000000000000, 0.9994673074411775100, 0.9994673074411775100, 1.000000000000000000) ) ) 
 REPRESENTATION_ITEM ( '' )  SURFACE ( )  );
#220 = VECTOR ( 'NONE', #8533, 39.37007874015748100 ) ;
#221 = CARTESIAN_POINT ( 'NONE',  ( -19.70899736156195600, 33.79732795118718500, -40.24188421748048200 ) ) ;
#222 = CARTESIAN_POINT ( 'NONE',  ( -19.93744475792578900, 35.89181614017996200, -40.13164799701654300 ) ) ;
#223 = ORIENTED_EDGE ( 'NONE', *, *, #7645, .F. ) ;
#224 = EDGE_CURVE ( 'NONE', #758, #3492, #7561, .T. ) ;
#225 = EDGE_LOOP ( 'NONE', ( #3217, #9335, #1185, #4409, #500, #3373, #5628, #1365 ) ) ;
#226 = VERTEX_POINT ( 'NONE', #4039 ) ;
#227 = EDGE_CURVE ( 'NONE', #2568, #3452, #8961, .T. ) ;
#228 = FACE_OUTER_BOUND ( 'NONE', #9353, .T. ) ;
#229 = EDGE_CURVE ( 'NONE', #1156, #3801, #8935, .T. ) ;
#230 = ADVANCED_FACE ( 'NONE', ( #8928 ), #2974, .T. ) ;
#231 = CARTESIAN_POINT ( 'NONE',  ( -18.24369705721256100, 34.74635665255088700, -43.58440389826063200 ) ) ;
#232 = LINE ( 'NONE', #2578, #5 ) ;
#233 = CARTESIAN_POINT ( 'NONE',  ( -18.24369720413378100, 34.74635664228267000, -43.77513717177991700 ) ) ;
#234 = DIRECTION ( 'NONE',  ( -1.264251560247140000E-012, -1.000000000000000000, 0.0000000000000000000 ) ) ;
#235 = PLANE ( 'NONE',  #2816 ) ;
#236 = DIRECTION ( 'NONE',  ( 1.000000000000000000, -1.264251560247360100E-012, 0.0000000000000000000 ) ) ;
#237 = ORIENTED_EDGE ( 'NONE', *, *, #5832, .T. ) ;
#238 = EDGE_LOOP ( 'NONE', ( #6716, #6795, #6782, #6862 ) ) ;
#239 = CARTESIAN_POINT ( 'NONE',  ( -18.26841952441409600, 35.54535944726143300, -40.55290783953080300 ) ) ;
#240 = ORIENTED_EDGE ( 'NONE', *, *, #358, .T. ) ;
#241 = ADVANCED_FACE ( 'NONE', ( #8891 ), #2402, .F. ) ;
#242 = LINE ( 'NONE', #1934, #4010 ) ;
#243 = LINE ( 'NONE', #7792, #220 ) ;
#244 = EDGE_CURVE ( 'NONE', #1039, #3786, #7726, .T. ) ;
#245 = DIRECTION ( 'NONE',  ( -1.264251560247360100E-012, -1.000000000000000000, 1.993517598846150100E-013 ) ) ;
#246 = CARTESIAN_POINT ( 'NONE',  ( -18.24423061810036000, 35.62491694760452500, -44.05276255418550600 ) ) ;
#247 = CARTESIAN_POINT ( 'NONE',  ( -18.54344269327106400, 36.71858779372264100, -43.47219917382323500 ) ) ;
#248 = EDGE_CURVE ( 'NONE', #3990, #1743, #8883, .T. ) ;
#249 = ORIENTED_EDGE ( 'NONE', *, *, #6064, .F. ) ;
#250 = DIRECTION ( 'NONE',  ( -4.693543171141348100E-013, -0.8516583167046318800, -0.5240974256641918200 ) ) ;
#251 = VECTOR ( 'NONE', #2703, 39.37007874015748100 ) ;
#252 = VECTOR ( 'NONE', #6223, 39.37007874015748100 ) ;
#253 = CARTESIAN_POINT ( 'NONE',  ( -18.30014871118362400, 33.74674105383945700, -43.55250414185276500 ) ) ;
#254 = DIRECTION ( 'NONE',  ( -1.000000000000000000, 0.0000000000000000000, -0.0000000000000000000 ) ) ;
#255 = VERTEX_POINT ( 'NONE', #1595 ) ;
#256 = ORIENTED_EDGE ( 'NONE', *, *, #6763, .T. ) ;
#257 = EDGE_CURVE ( 'NONE', #3779, #474, #7783, .T. ) ;
#258 = CARTESIAN_POINT ( 'NONE',  ( -20.12441914996317700, 34.24319721192473100, -39.77279398064451500 ) ) ;
#259 = DIRECTION ( 'NONE',  ( 1.000000000000000000, -1.236807744141249900E-012, 3.030489092610969900E-012 ) ) ;
#260 = AXIS2_PLACEMENT_3D ( 'NONE', #1457, #7427, #2930 ) ;
#261 = LINE ( 'NONE', #6450, #207 ) ;
#262 = VECTOR ( 'NONE', #2519, 39.37007874015748100 ) ;
#263 = DIRECTION ( 'NONE',  ( -2.260959703907213000E-025, 1.000000000000000000, -1.993517598852940400E-013 ) ) ;
#264 = ORIENTED_EDGE ( 'NONE', *, *, #7742, .F. ) ;
#265 = CARTESIAN_POINT ( 'NONE',  ( -18.20761632474160100, 35.03681122474684200, -43.67288331071880200 ) ) ;
#266 = ORIENTED_EDGE ( 'NONE', *, *, #7043, .F. ) ;
#267 = CARTESIAN_POINT ( 'NONE',  ( -18.24369705730408600, 34.74635665254125200, -41.54721393478109800 ) ) ;
#268 = DIRECTION ( 'NONE',  ( -0.9999619230641465500, 0.0000000000000000000, -0.008726535501215115100 ) ) ;
#269 = CARTESIAN_POINT ( 'NONE',  ( -18.21667122637430200, 35.18315472320945500, -43.77537302391495900 ) ) ;
#270 = CYLINDRICAL_SURFACE ( 'NONE', #924, 3.645669291338583300 ) ;
#271 = CARTESIAN_POINT ( 'NONE',  ( -19.09375929415956800, 35.54535944726082900, -40.24188421747953000 ) ) ;
#272 = EDGE_CURVE ( 'NONE', #3516, #1908, #8869, .T. ) ;
#273 = AXIS2_PLACEMENT_3D ( 'NONE', #9507, #5122, #3618 ) ;
#274 = VERTEX_POINT ( 'NONE', #841 ) ;
#275 = EDGE_LOOP ( 'NONE', ( #7147, #2301, #8214, #8720 ) ) ;
#276 = CARTESIAN_POINT ( 'NONE',  ( -18.21667122637412100, 35.03755536289963100, -43.77537302391491600 ) ) ;
#277 = CARTESIAN_POINT ( 'NONE',  ( -18.28991281778759900, 34.59956246670980600, -41.39013693865429400 ) ) ;
#278 = CARTESIAN_POINT ( 'NONE',  ( -20.18320647280713200, 35.69496574648013600, -45.05290783524299100 ) ) ;
#279 = CARTESIAN_POINT ( 'NONE',  ( -19.26340271793564800, 33.69465101347503800, -44.33243539429830100 ) ) ;
#280 = LINE ( 'NONE', #4906, #295 ) ;
#281 = ADVANCED_FACE ( 'NONE', ( #8822 ), #736, .T. ) ;
#282 = ORIENTED_EDGE ( 'NONE', *, *, #1541, .T. ) ;
#283 = DIRECTION ( 'NONE',  ( 0.0000000000000000000, -0.0000000000000000000, 1.000000000000000000 ) ) ;
#284 = ORIENTED_EDGE ( 'NONE', *, *, #2724, .F. ) ;
#285 = CARTESIAN_POINT ( 'NONE',  ( -20.17926946493992800, 34.86819409293356400, -45.21038815018981400 ) ) ;
#286 = DIRECTION ( 'NONE',  ( -1.000000000000000000, 0.0000000000000000000, 0.0000000000000000000 ) ) ;
#287 = FACE_OUTER_BOUND ( 'NONE', #9469, .T. ) ;
#288 = PLANE ( 'NONE',  #3645 ) ;
#289 = ADVANCED_FACE ( 'NONE', ( #8838 ), #297, .T. ) ;
#290 = CARTESIAN_POINT ( 'NONE',  ( -20.05722222084484600, 35.18435698181507800, -45.03322279586771500 ) ) ;
#291 = ORIENTED_EDGE ( 'NONE', *, *, #6434, .T. ) ;
#292 = LINE ( 'NONE', #1985, #251 ) ;
#293 =( BOUNDED_CURVE ( )  B_SPLINE_CURVE ( 3, ( #2640, #6352, #3387, #8648 ),
 .UNSPECIFIED., .F., .T. ) 
 B_SPLINE_CURVE_WITH_KNOTS ( ( 4, 4 ),
 ( 3.018004154077508900, 3.265181152897731500 ),
 .UNSPECIFIED. ) 
 CURVE ( )  GEOMETRIC_REPRESENTATION_ITEM ( )  RATIONAL_B_SPLINE_CURVE ( ( 1.000000000000000000, 0.9949151048241630100, 0.9949151048241630100, 1.000000000000000000 ) ) 
 REPRESENTATION_ITEM ( '' )  );
#294 = EDGE_LOOP ( 'NONE', ( #3343, #3396, #3427, #3468, #3542 ) ) ;
#295 = VECTOR ( 'NONE', #9332, 39.37007874015748100 ) ;
#296 = CARTESIAN_POINT ( 'NONE',  ( -18.26841952440663500, 34.52173740002376000, -44.61196295335345500 ) ) ;
#297 = PLANE ( 'NONE',  #5677 ) ;
#298 = DIRECTION ( 'NONE',  ( -1.000000000000000000, -1.264009473221381200E-012, 2.841348555614751100E-012 ) ) ;
#299 = ORIENTED_EDGE ( 'NONE', *, *, #224, .F. ) ;
#300 = AXIS2_PLACEMENT_3D ( 'NONE', #7909, #1202, #1939 ) ;
#301 = PLANE ( 'NONE',  #1937 ) ;
#302 = ORIENTED_EDGE ( 'NONE', *, *, #6688, .F. ) ;
#303 = VECTOR ( 'NONE', #7161, 39.37007874015748100 ) ;
#304 = ORIENTED_EDGE ( 'NONE', *, *, #7692, .F. ) ;
#305 =( BOUNDED_CURVE ( )  B_SPLINE_CURVE ( 3, ( #1883, #7888, #4099, #9272 ),
 .UNSPECIFIED., .F., .T. ) 
 B_SPLINE_CURVE_WITH_KNOTS ( ( 4, 4 ),
 ( 6.159596807869125900, 6.406773806689358300 ),
 .UNSPECIFIED. ) 
 CURVE ( )  GEOMETRIC_REPRESENTATION_ITEM ( )  RATIONAL_B_SPLINE_CURVE ( ( 1.000000000000000000, 0.9949151048241625700, 0.9949151048241625700, 1.000000000000000000 ) ) 
 REPRESENTATION_ITEM ( '' )  );
#306 =( BOUNDED_CURVE ( )  B_SPLINE_CURVE ( 3, ( #386, #4777, #3316, #8585 ),
 .UNSPECIFIED., .F., .T. ) 
 B_SPLINE_CURVE_WITH_KNOTS ( ( 4, 4 ),
 ( 3.018004154079991800, 3.265181152900222400 ),
 .UNSPECIFIED. ) 
 CURVE ( )  GEOMETRIC_REPRESENTATION_ITEM ( )  RATIONAL_B_SPLINE_CURVE ( ( 1.000000000000000000, 0.9949151048241626800, 0.9949151048241626800, 1.000000000000000000 ) ) 
 REPRESENTATION_ITEM ( '' )  );
#307 = DIRECTION ( 'NONE',  ( 1.264129099611980100E-012, -1.000000000000000000, 1.993517598846150100E-013 ) ) ;
#308 = CARTESIAN_POINT ( 'NONE',  ( -20.18320647280272000, 36.66740669136370900, -45.03322279586745900 ) ) ;
#309 = CARTESIAN_POINT ( 'NONE',  ( -18.21667103973438300, 35.18315472286472800, -44.25074248091259900 ) ) ;
#310 = DIRECTION ( 'NONE',  ( -2.841279047498729900E-012, -1.993517598874520100E-013, -1.000000000000000000 ) ) ;
#311 = ORIENTED_EDGE ( 'NONE', *, *, #3734, .T. ) ;
#312 = ORIENTED_EDGE ( 'NONE', *, *, #5969, .F. ) ;
#313 = VECTOR ( 'NONE', #7127, 39.37007874015748900 ) ;
#314 = ORIENTED_EDGE ( 'NONE', *, *, #5900, .T. ) ;
#315 = CARTESIAN_POINT ( 'NONE',  ( -20.18320647280618000, 33.67331220317323200, -40.82849839071549500 ) ) ;
#316 = DIRECTION ( 'NONE',  ( 4.663511435505943600E-017, 6.669132062231799500E-016, 1.000000000000000000 ) ) ;
#317 = DIRECTION ( 'NONE',  ( -1.000000000000000000, 0.0000000000000000000, -2.841279047498729900E-012 ) ) ;
#318 = EDGE_LOOP ( 'NONE', ( #4996, #992, #4683, #6424, #1828, #7146, #7821, #2710, #8915, #311, #3819, #44, #2338, #314, #931, #4539 ) ) ;
#319 = CARTESIAN_POINT ( 'NONE',  ( -28.84659229943137900, 35.18315472319601900, -43.77338027978464700 ) ) ;
#320 = ORIENTED_EDGE ( 'NONE', *, *, #3968, .T. ) ;
#321 = CARTESIAN_POINT ( 'NONE',  ( -20.12128747840240500, 35.18435698181507800, -45.03322279586771500 ) ) ;
#322 = LINE ( 'NONE', #7195, #217 ) ;
#323 = ADVANCED_FACE ( 'NONE', ( #8795 ), #901, .T. ) ;
#324 = AXIS2_PLACEMENT_3D ( 'NONE', #8521, #9172, #4735 ) ;
#325 = CARTESIAN_POINT ( 'NONE',  ( -19.99423009486043400, 35.89181614017956400, -40.91904957182796200 ) ) ;
#326 = EDGE_LOOP ( 'NONE', ( #4765, #4833, #4854, #4909 ) ) ;
#327 = VERTEX_POINT ( 'NONE', #170 ) ;
#328 = VECTOR ( 'NONE', #4872, 39.37007874015748100 ) ;
#329 = DIRECTION ( 'NONE',  ( -1.000000000000000000, -1.264420666934206000E-012, 2.841348555614752700E-012 ) ) ;
#330 = FACE_OUTER_BOUND ( 'NONE', #7123, .T. ) ;
#331 = VERTEX_POINT ( 'NONE', #267 ) ;
#332 = CARTESIAN_POINT ( 'NONE',  ( -18.24369720413378100, 34.74635664228267000, -43.77513717177991700 ) ) ;
#333 = ORIENTED_EDGE ( 'NONE', *, *, #4465, .T. ) ;
#334 = CARTESIAN_POINT ( 'NONE',  ( -18.21667103959189800, 34.30559632024645100, -41.54697808229749300 ) ) ;
#335 = DIRECTION ( 'NONE',  ( 2.841279047498729900E-012, -1.993517598874519800E-013, -1.000000000000000000 ) ) ;
#336 = ORIENTED_EDGE ( 'NONE', *, *, #7601, .F. ) ;
#337 = CARTESIAN_POINT ( 'NONE',  ( -18.27720357974784100, 34.74401364826994200, -40.55290783953775200 ) ) ;
#338 = LINE ( 'NONE', #1213, #303 ) ;
#339 = DIRECTION ( 'NONE',  ( 1.000000000000000000, 0.0000000000000000000, 0.0000000000000000000 ) ) ;
#340 = EDGE_CURVE ( 'NONE', #3850, #3829, #8830, .T. ) ;
#341 = VECTOR ( 'NONE', #3974, 39.37007874015748100 ) ;
#342 = DIRECTION ( 'NONE',  ( 0.0000000000000000000, 0.0000000000000000000, 1.000000000000000000 ) ) ;
#343 = CARTESIAN_POINT ( 'NONE',  ( -20.18320647280531300, 33.65528093473621900, -40.82849839071424500 ) ) ;
#344 = PLANE ( 'NONE',  #2883 ) ;
#345 = ORIENTED_EDGE ( 'NONE', *, *, #1696, .F. ) ;
#346 = CARTESIAN_POINT ( 'NONE',  ( -18.44501749642960700, 35.78157991970243800, -41.48991571352716100 ) ) ;
#347 = ORIENTED_EDGE ( 'NONE', *, *, #6654, .F. ) ;
#348 = VERTEX_POINT ( 'NONE', #1116 ) ;
#349 = VECTOR ( 'NONE', #6349, 39.37007874015748100 ) ;
#350 = CARTESIAN_POINT ( 'NONE',  ( -18.22561064368772300, 34.89195600259069600, -43.77529501080184100 ) ) ;
#351 = PLANE ( 'NONE',  #3639 ) ;
#352 = LINE ( 'NONE', #1790, #262 ) ;
#353 = EDGE_CURVE ( 'NONE', #4814, #3971, #7793, .T. ) ;
#354 = VERTEX_POINT ( 'NONE', #9396 ) ;
#355 = AXIS2_PLACEMENT_3D ( 'NONE', #253, #978, #6142 ) ;
#356 = CARTESIAN_POINT ( 'NONE',  ( -18.21667154495411700, 35.33088917493780200, -41.39476830863036100 ) ) ;
#357 = ORIENTED_EDGE ( 'NONE', *, *, #7510, .T. ) ;
#358 = EDGE_CURVE ( 'NONE', #3990, #4017, #8785, .T. ) ;
#359 = DIRECTION ( 'NONE',  ( 1.459044491979010900E-012, 0.9975640502598104300, -0.06975647374432414300 ) ) ;
#360 = CARTESIAN_POINT ( 'NONE',  ( -18.22016794196284600, 35.18315472286396100, -44.04601807146377700 ) ) ;
#361 = LINE ( 'NONE', #1914, #349 ) ;
#362 = VECTOR ( 'NONE', #8503, 39.37007874015748100 ) ;
#363 = CARTESIAN_POINT ( 'NONE',  ( -18.97257655153606500, 43.94239225515590900, -40.75369524110669100 ) ) ;
#364 = CARTESIAN_POINT ( 'NONE',  ( -18.54344269327106400, 36.66453509711196500, -43.47219917382323500 ) ) ;
#365 = CARTESIAN_POINT ( 'NONE',  ( -18.22016794196349200, 35.17646952174270300, -44.04601807146381300 ) ) ;
#366 =( BOUNDED_CURVE ( )  B_SPLINE_CURVE ( 3, ( #7694, #3905, #265, #5396 ),
 .UNSPECIFIED., .F., .T. ) 
 B_SPLINE_CURVE_WITH_KNOTS ( ( 4, 4 ),
 ( 3.018004154074338100, 3.265181152903372700 ),
 .UNSPECIFIED. ) 
 CURVE ( )  GEOMETRIC_REPRESENTATION_ITEM ( )  RATIONAL_B_SPLINE_CURVE ( ( 1.000000000000000000, 0.9949151048238009700, 0.9949151048238009700, 1.000000000000000000 ) ) 
 REPRESENTATION_ITEM ( '' )  );
#367 = CARTESIAN_POINT ( 'NONE',  ( -18.12382062240531500, 35.77836127671015700, -41.69267161906126500 ) ) ;
#368 = VERTEX_POINT ( 'NONE', #9394 ) ;
#369 = ORIENTED_EDGE ( 'NONE', *, *, #7415, .F. ) ;
#370 = AXIS2_PLACEMENT_3D ( 'NONE', #5940, #4507, #123 ) ;
#371 = CARTESIAN_POINT ( 'NONE',  ( -18.22020463732618700, 35.16968200728979400, -44.04668853001418000 ) ) ;
#372 = CIRCLE ( 'NONE', #1038, 0.1023622047244069200 ) ;
#373 = LINE ( 'NONE', #6969, #252 ) ;
#374 = ADVANCED_FACE ( 'NONE', ( #8759 ), #8746, .F. ) ;
#375 = EDGE_LOOP ( 'NONE', ( #4224, #312, #2980, #5366 ) ) ;
#376 = ORIENTED_EDGE ( 'NONE', *, *, #7401, .T. ) ;
#377 = CARTESIAN_POINT ( 'NONE',  ( -18.54980096695996000, 33.64772165199815400, -43.62771098486850700 ) ) ;
#378 = LINE ( 'NONE', #2669, #313 ) ;
#379 = CARTESIAN_POINT ( 'NONE',  ( -18.22034641368578500, 35.15656824369568100, -44.04930513081722400 ) ) ;
#380 = CARTESIAN_POINT ( 'NONE',  ( -18.22045091081017500, 35.15018451075094700, -44.05124048067020900 ) ) ;
#381 = ORIENTED_EDGE ( 'NONE', *, *, #7634, .T. ) ;
#382 = ORIENTED_EDGE ( 'NONE', *, *, #6358, .F. ) ;
#383 = CARTESIAN_POINT ( 'NONE',  ( -20.12128747840240500, 35.24172574185513400, -45.03322279586758700 ) ) ;
#384 = FACE_OUTER_BOUND ( 'NONE', #840, .T. ) ;
#385 = DIRECTION ( 'NONE',  ( -1.000000000000000000, -1.083082623645810000E-012, 1.289195296225029900E-012 ) ) ;
#386 = CARTESIAN_POINT ( 'NONE',  ( -18.24369705730082100, 36.64357484039488400, -43.67319818250193500 ) ) ;
#387 = CARTESIAN_POINT ( 'NONE',  ( -18.22564307855077100, 35.28223803579116700, -44.17494730026948000 ) ) ;
#388 = CARTESIAN_POINT ( 'NONE',  ( -18.22072400008918100, 35.13776852187299200, -44.05638425714582200 ) ) ;
#389 = EDGE_LOOP ( 'NONE', ( #2351, #8282, #8867, #3263 ) ) ;
#390 = DIRECTION ( 'NONE',  ( 8.534679987039168800E-013, -9.423643134855969500E-017, -1.000000000000000000 ) ) ;
#391 = CARTESIAN_POINT ( 'NONE',  ( -18.22089210756703900, 35.13179396513049100, -44.05958529627067600 ) ) ;
#392 = CARTESIAN_POINT ( 'NONE',  ( -20.12128747840509700, 34.21810369460662600, -40.13164799701654300 ) ) ;
#393 = CARTESIAN_POINT ( 'NONE',  ( -19.38112961815197000, 35.54535944726082900, -40.55290783953070400 ) ) ;
#394 = VECTOR ( 'NONE', #3347, 39.37007874015748100 ) ;
#395 = ORIENTED_EDGE ( 'NONE', *, *, #2220, .T. ) ;
#396 = CARTESIAN_POINT ( 'NONE',  ( -18.22127246456442500, 35.12070932813308800, -44.06699816162733200 ) ) ;
#397 = DIRECTION ( 'NONE',  ( -5.664139784502151000E-025, 1.000000000000000000, -1.993517598874519800E-013 ) ) ;
#398 = DIRECTION ( 'NONE',  ( -0.0000000000000000000, 0.8516583167045623800, 0.5240974256643045100 ) ) ;
#399 = FACE_BOUND ( 'NONE', #833, .T. ) ;
#400 = EDGE_LOOP ( 'NONE', ( #6238, #6272, #6300, #6321, #6338 ) ) ;
#401 = CYLINDRICAL_SURFACE ( 'NONE', #1007, 3.543307086614172300 ) ;
#402 = CARTESIAN_POINT ( 'NONE',  ( -20.18320647280709000, 34.67134369923216800, -38.15527004425531700 ) ) ;
#403 = CARTESIAN_POINT ( 'NONE',  ( -18.27021988249059300, 35.34073364223039700, -40.20200085907205100 ) ) ;
#404 = EDGE_CURVE ( 'NONE', #3885, #1343, #7816, .T. ) ;
#405 = CARTESIAN_POINT ( 'NONE',  ( -18.27677572565322700, 33.63382592113664800, -40.61207488411692900 ) ) ;
#406 = AXIS2_PLACEMENT_3D ( 'NONE', #2204, #8893, #4416 ) ;
#407 = CARTESIAN_POINT ( 'NONE',  ( -18.22148684166583600, 35.11551919177502200, -44.07125044206594600 ) ) ;
#408 = EDGE_CURVE ( 'NONE', #6639, #6587, #8761, .T. ) ;
#409 = LINE ( 'NONE', #7923, #328 ) ;
#410 = CARTESIAN_POINT ( 'NONE',  ( -18.22195393237000600, 35.10597734833343300, -44.08079899743462000 ) ) ;
#411 = ORIENTED_EDGE ( 'NONE', *, *, #2432, .T. ) ;
#412 = FACE_OUTER_BOUND ( 'NONE', #8918, .T. ) ;
#413 = DIRECTION ( 'NONE',  ( -1.367313719802502600E-036, -1.000000000000000000, -5.152908823220420200E-024 ) ) ;
#414 = ORIENTED_EDGE ( 'NONE', *, *, #7125, .T. ) ;
#415 = DIRECTION ( 'NONE',  ( -2.841279047498729900E-012, 1.993517598874520100E-013, 1.000000000000000000 ) ) ;
#416 = ADVANCED_FACE ( 'NONE', ( #8740 ), #9315, .F. ) ;
#417 = DIRECTION ( 'NONE',  ( 0.0000000000000000000, -0.0000000000000000000, 1.000000000000000000 ) ) ;
#418 = ORIENTED_EDGE ( 'NONE', *, *, #7693, .T. ) ;
#419 = LINE ( 'NONE', #7096, #394 ) ;
#420 = CARTESIAN_POINT ( 'NONE',  ( -18.22583432467518300, 35.28027209747332200, -44.18140556499602700 ) ) ;
#421 = ORIENTED_EDGE ( 'NONE', *, *, #6627, .T. ) ;
#422 = CARTESIAN_POINT ( 'NONE',  ( -28.84659229943008200, 34.15953267524838600, -43.77338027978464700 ) ) ;
#423 = CARTESIAN_POINT ( 'NONE',  ( -19.09375929415956800, 33.79732795118728500, -40.24188421747953000 ) ) ;
#424 = EDGE_CURVE ( 'NONE', #4785, #6587, #8775, .T. ) ;
#425 = CARTESIAN_POINT ( 'NONE',  ( -18.25597381780762200, 34.40100249177703500, -44.61196295335335500 ) ) ;
#426 = EDGE_CURVE ( 'NONE', #6945, #7331, #8722, .T. ) ;
#427 = DIRECTION ( 'NONE',  ( 0.0000000000000000000, 0.0000000000000000000, 1.000000000000000000 ) ) ;
#428 = CARTESIAN_POINT ( 'NONE',  ( -20.18320647280475600, 36.66740669136196100, -43.65920704784633700 ) ) ;
#429 = AXIS2_PLACEMENT_3D ( 'NONE', #8922, #4447, #60 ) ;
#430 = ORIENTED_EDGE ( 'NONE', *, *, #882, .F. ) ;
#431 = VECTOR ( 'NONE', #6315, 39.37007874015748900 ) ;
#432 = CARTESIAN_POINT ( 'NONE',  ( -18.22220027323440000, 35.10174887557057800, -44.08596563288446600 ) ) ;
#433 = CARTESIAN_POINT ( 'NONE',  ( -18.29768877701366800, 36.56898149451473800, -40.24188421747829400 ) ) ;
#434 = CARTESIAN_POINT ( 'NONE',  ( -18.28991281778759500, 34.74312493175471400, -41.39013693865472700 ) ) ;
#435 = VERTEX_POINT ( 'NONE', #8989 ) ;
#436 = EDGE_CURVE ( 'NONE', #3840, #3891, #8691, .T. ) ;
#437 = ORIENTED_EDGE ( 'NONE', *, *, #6621, .T. ) ;
#438 = DIRECTION ( 'NONE',  ( -1.834791170717559100E-015, -1.000000000000000000, 2.102462434906392900E-013 ) ) ;
#439 = VERTEX_POINT ( 'NONE', #8977 ) ;
#440 = AXIS2_PLACEMENT_3D ( 'NONE', #8806, #9458, #5069 ) ;
#441 = VECTOR ( 'NONE', #4064, 39.37007874015748100 ) ;
#442 =( CONVERSION_BASED_UNIT ( 'INCH', #8957 ) LENGTH_UNIT ( ) NAMED_UNIT ( #1968 ) );
#443 = CARTESIAN_POINT ( 'NONE',  ( -18.22271050188952700, 35.09433841942034600, -44.09705616962134700 ) ) ;
#444 = LINE ( 'NONE', #4647, #341 ) ;
#445 = CARTESIAN_POINT ( 'NONE',  ( -18.22297744944312100, 35.09113131949621300, -44.10305257892313300 ) ) ;
#446 = DIRECTION ( 'NONE',  ( -2.695496761351110800E-025, -2.132295476924310100E-013, -1.000000000000000000 ) ) ;
#447 = EDGE_LOOP ( 'NONE', ( #4469, #4529, #4566, #4590 ) ) ;
#448 = ORIENTED_EDGE ( 'NONE', *, *, #2997, .F. ) ;
#449 = LINE ( 'NONE', #1852, #441 ) ;
#450 = CARTESIAN_POINT ( 'NONE',  ( -17.74423009484519700, 35.18315472285335200, -42.58243539858779100 ) ) ;
#451 = LINE ( 'NONE', #1759, #463 ) ;
#452 = CARTESIAN_POINT ( 'NONE',  ( -18.22522665000196100, 35.28486339965117200, -44.16174645497509500 ) ) ;
#453 = CARTESIAN_POINT ( 'NONE',  ( -18.22350576539226800, 35.08600821264418800, -44.11543391889568300 ) ) ;
#454 = CARTESIAN_POINT ( 'NONE',  ( -17.76332458303365100, 35.18315472285338800, -42.76550626472952400 ) ) ;
#455 = CARTESIAN_POINT ( 'NONE',  ( -18.22376709661125500, 35.08407432351790300, -44.12181158745053700 ) ) ;
#456 = ORIENTED_EDGE ( 'NONE', *, *, #7648, .F. ) ;
#457 = ORIENTED_EDGE ( 'NONE', *, *, #2100, .F. ) ;
#458 = DIRECTION ( 'NONE',  ( -2.841279047499280000E-012, 0.0000000000000000000, -1.000000000000000000 ) ) ;
#459 = DIRECTION ( 'NONE',  ( 0.0000000000000000000, -0.0000000000000000000, 1.000000000000000000 ) ) ;
#460 = ORIENTED_EDGE ( 'NONE', *, *, #3656, .T. ) ;
#461 = LINE ( 'NONE', #3314, #478 ) ;
#462 = CARTESIAN_POINT ( 'NONE',  ( -18.67206676338937000, 36.62139386877563400, -43.55250414185512400 ) ) ;
#463 = VECTOR ( 'NONE', #6186, 39.37007874015748100 ) ;
#464 = CARTESIAN_POINT ( 'NONE',  ( -18.24980009188028900, 36.20677677045334500, -44.61196295335334800 ) ) ;
#465 = CARTESIAN_POINT ( 'NONE',  ( -20.13399387438441200, 33.67331220317323200, -40.82849839071535300 ) ) ;
#466 = VERTEX_POINT ( 'NONE', #9048 ) ;
#467 = EDGE_LOOP ( 'NONE', ( #1495, #1626, #1727 ) ) ;
#468 = EDGE_CURVE ( 'NONE', #8028, #7062, #8716, .T. ) ;
#469 = ADVANCED_FACE ( 'NONE', ( #8676 ), #9000, .T. ) ;
#470 = EDGE_CURVE ( 'NONE', #3891, #3922, #7833, .T. ) ;
#471 = VECTOR ( 'NONE', #7063, 39.37007874015748100 ) ;
#472 = VECTOR ( 'NONE', #3941, 39.37007874015748900 ) ;
#473 =( NAMED_UNIT ( * ) SI_UNIT ( $, .STERADIAN. ) SOLID_ANGLE_UNIT ( ) );
#474 = VERTEX_POINT ( 'NONE', #8721 ) ;
#475 = CARTESIAN_POINT ( 'NONE',  ( -18.22428002519965800, 35.08145821510078800, -44.13493999849070100 ) ) ;
#476 = ORIENTED_EDGE ( 'NONE', *, *, #6749, .F. ) ;
#477 = DIRECTION ( 'NONE',  ( -1.000000000000000000, 1.083082623645810000E-012, -1.289195296225029900E-012 ) ) ;
#478 = VECTOR ( 'NONE', #9240, 39.37007874015748900 ) ;
#479 = LINE ( 'NONE', #7759, #362 ) ;
#480 = EDGE_CURVE ( 'NONE', #1760, #3922, #7891, .T. ) ;
#481 = CARTESIAN_POINT ( 'NONE',  ( -19.08674977989653600, 34.61631982535023900, -40.55290783953110200 ) ) ;
#482 = ORIENTED_EDGE ( 'NONE', *, *, #7634, .F. ) ;
#483 = PLANE ( 'NONE',  #7780 ) ;
#484 = ORIENTED_EDGE ( 'NONE', *, *, #6532, .F. ) ;
#485 = CARTESIAN_POINT ( 'NONE',  ( -18.22500494554412500, 35.28551342321260600, -44.15510845099462500 ) ) ;
#486 = DIRECTION ( 'NONE',  ( 0.0000000000000000000, -0.8516583167046486400, -0.5240974256641642800 ) ) ;
#487 = CARTESIAN_POINT ( 'NONE',  ( -18.22453220599842900, 35.08079195305508300, -44.14171594474097300 ) ) ;
#488 = LINE ( 'NONE', #6282, #471 ) ;
#490 = CARTESIAN_POINT ( 'NONE',  ( -18.20230041508279600, 36.04919785073170900, -44.14847057686535000 ) ) ;
#489 = VECTOR ( 'NONE', #6928, 39.37007874015748100 ) ;
#491 = VERTEX_POINT ( 'NONE', #8688 ) ;
#492 = ORIENTED_EDGE ( 'NONE', *, *, #894, .T. ) ;
#493 = EDGE_CURVE ( 'NONE', #3922, #3914, #8657, .T. ) ;
#494 = CARTESIAN_POINT ( 'NONE',  ( -18.22523893802008700, 35.08079364941328000, -44.16173496078602100 ) ) ;
#495 = CARTESIAN_POINT ( 'NONE',  ( -18.22589896612893800, 35.91159631730153700, -43.77010532958082900 ) ) ;
#496 = EDGE_CURVE ( 'NONE', #4675, #3670, #8667, .T. ) ;
#497 = VECTOR ( 'NONE', #1054, 39.37007874015748100 ) ;
#498 = EDGE_LOOP ( 'NONE', ( #9147, #3400, #9362, #1662, #4614, #723, #3902, #5890 ) ) ;
#499 = CARTESIAN_POINT ( 'NONE',  ( -19.02375765390563700, 33.65528093473594100, -43.63236285115449000 ) ) ;
#500 = ORIENTED_EDGE ( 'NONE', *, *, #6313, .T. ) ;
#501 = CARTESIAN_POINT ( 'NONE',  ( -18.22566115254285500, 35.08347457550195300, -44.17520766742821100 ) ) ;
#502 = LINE ( 'NONE', #6965, #538 ) ;
#503 = DIRECTION ( 'NONE',  ( -1.264251560247360100E-012, 1.000000000000000000, -1.993517598846150100E-013 ) ) ;
#504 = AXIS2_PLACEMENT_3D ( 'NONE', #5651, #9363, #4938 ) ;
#505 = ORIENTED_EDGE ( 'NONE', *, *, #2537, .T. ) ;
#506 = ORIENTED_EDGE ( 'NONE', *, *, #1279, .T. ) ;
#507 = CARTESIAN_POINT ( 'NONE',  ( -18.27093485365051600, 35.56898149451458800, -40.55290783962166000 ) ) ;
#508 = ADVANCED_FACE ( 'NONE', ( #8629 ), #8600, .T. ) ;
#509 = CARTESIAN_POINT ( 'NONE',  ( -18.27792963006895700, 34.74139249810220100, -44.61694720234378800 ) ) ;
#510 = LINE ( 'NONE', #1880, #431 ) ;
#511 = CARTESIAN_POINT ( 'NONE',  ( -18.22453378771422200, 35.28552040397399000, -44.14175915814279700 ) ) ;
#512 = CARTESIAN_POINT ( 'NONE',  ( -18.22617741950870900, 35.09112449724824500, -44.19368936429160800 ) ) ;
#513 = DIRECTION ( 'NONE',  ( 3.082389918998423500E-012, -0.5240974256641644000, 0.8516583167046487500 ) ) ;
#514 = CARTESIAN_POINT ( 'NONE',  ( -18.22633321597665900, 35.09430660083823700, -44.19965694310381100 ) ) ;
#515 = VERTEX_POINT ( 'NONE', #8440 ) ;
#516 = CARTESIAN_POINT ( 'NONE',  ( -20.00866194114392700, 33.68164246534426800, -45.03322279586718900 ) ) ;
#517 = DIRECTION ( 'NONE',  ( 0.0000000000000000000, -0.8516583167043535500, 0.5240974256646437900 ) ) ;
#518 = AXIS2_PLACEMENT_3D ( 'NONE', #5782, #1366, #6545 ) ;
#519 = LINE ( 'NONE', #3281, #497 ) ;
#520 = ORIENTED_EDGE ( 'NONE', *, *, #5229, .T. ) ;
#521 = EDGE_CURVE ( 'NONE', #1477, #3914, #8617, .T. ) ;
#522 = CARTESIAN_POINT ( 'NONE',  ( -18.22660840888585600, 35.10178238726771100, -44.21084489302921800 ) ) ;
#523 = DIRECTION ( 'NONE',  ( 1.459044491979010900E-012, -0.9975640502598104300, 0.06975647374432414300 ) ) ;
#524 = CARTESIAN_POINT ( 'NONE',  ( -21.74423009470362100, 35.18315472250169100, -42.59227791760000100 ) ) ;
#525 = ORIENTED_EDGE ( 'NONE', *, *, #5205, .F. ) ;
#526 = DIRECTION ( 'NONE',  ( -5.664139784502151000E-025, -1.000000000000000000, 1.993517598874519800E-013 ) ) ;
#527 = ORIENTED_EDGE ( 'NONE', *, *, #7523, .F. ) ;
#528 = VECTOR ( 'NONE', #5463, 39.37007874015748100 ) ;
#529 = ORIENTED_EDGE ( 'NONE', *, *, #7321, .F. ) ;
#530 = CARTESIAN_POINT ( 'NONE',  ( -18.67884231677417600, 34.61631982535023900, -40.55290783953110200 ) ) ;
#531 = AXIS2_PLACEMENT_3D ( 'NONE', #3450, #8697, #4200 ) ;
#532 = ORIENTED_EDGE ( 'NONE', *, *, #5418, .F. ) ;
#533 = AXIS2_PLACEMENT_3D ( 'NONE', #722, #1452, #6638 ) ;
#534 = CARTESIAN_POINT ( 'NONE',  ( -18.22672645663247300, 35.10601768811192600, -44.21600086639846000 ) ) ;
#535 = CARTESIAN_POINT ( 'NONE',  ( -18.27007025798154400, 35.56111173221015100, -40.55290575013874100 ) ) ;
#536 = CARTESIAN_POINT ( 'NONE',  ( -18.22693144823535100, 35.11546268978193600, -44.22545462346377600 ) ) ;
#537 = ORIENTED_EDGE ( 'NONE', *, *, #521, .T. ) ;
#538 = VECTOR ( 'NONE', #1112, 39.37007874015748900 ) ;
#539 = EDGE_LOOP ( 'NONE', ( #2403, #2496, #2505, #2548 ) ) ;
#540 = ADVANCED_BREP_SHAPE_REPRESENTATION ( '22013003', ( #2631, #2536 ), #3227 ) ;
#541 = DIRECTION ( 'NONE',  ( 2.841279047498729900E-012, -1.993517598874519800E-013, -1.000000000000000000 ) ) ;
#542 = DIRECTION ( 'NONE',  ( -0.0000000000000000000, -0.0000000000000000000, -1.000000000000000000 ) ) ;
#543 = ORIENTED_EDGE ( 'NONE', *, *, #7041, .T. ) ;
#544 = CARTESIAN_POINT ( 'NONE',  ( -18.21658416049806600, 35.18315472320939800, -44.05349106453584800 ) ) ;
#545 = CARTESIAN_POINT ( 'NONE',  ( -18.22701886688877300, 35.12073267564448300, -44.22978209868614400 ) ) ;
#546 = ORIENTED_EDGE ( 'NONE', *, *, #6094, .T. ) ;
#547 = DIRECTION ( 'NONE',  ( 0.0000000000000000000, -0.0000000000000000000, 1.000000000000000000 ) ) ;
#548 = DIRECTION ( 'NONE',  ( 1.000000000000000000, -1.264251560246800100E-012, 2.841279047499280000E-012 ) ) ;
#549 = EDGE_CURVE ( 'NONE', #2217, #4221, #8608, .T. ) ;
#550 = LINE ( 'NONE', #4714, #528 ) ;
#551 = CARTESIAN_POINT ( 'NONE',  ( -18.22716214649430800, 35.13185755309465500, -44.23721365425483800 ) ) ;
#552 = CARTESIAN_POINT ( 'NONE',  ( -18.19304899248106000, 36.71858779372261200, -42.58243539858907700 ) ) ;
#553 = DIRECTION ( 'NONE',  ( -0.0000000000000000000, 1.000000000000000000, 0.0000000000000000000 ) ) ;
#554 = CARTESIAN_POINT ( 'NONE',  ( -18.35383677148134000, 35.58733758945717100, -44.61196295335314900 ) ) ;
#555 = AXIS2_PLACEMENT_3D ( 'NONE', #6387, #1952, #7162 ) ;
#556 =( BOUNDED_CURVE ( )  B_SPLINE_CURVE ( 3, ( #197, #932, #6088, #1667 ),
 .UNSPECIFIED., .F., .T. ) 
 B_SPLINE_CURVE_WITH_KNOTS ( ( 4, 4 ),
 ( 6.159596807865977300, 6.406773806695015900 ),
 .UNSPECIFIED. ) 
 CURVE ( )  GEOMETRIC_REPRESENTATION_ITEM ( )  RATIONAL_B_SPLINE_CURVE ( ( 1.000000000000000000, 0.9949151048238006300, 0.9949151048238006300, 1.000000000000000000 ) ) 
 REPRESENTATION_ITEM ( '' )  );
#557 = CARTESIAN_POINT ( 'NONE',  ( -18.24980009187787300, 34.28026758351629900, -44.61196295335336300 ) ) ;
#558 = ORIENTED_EDGE ( 'NONE', *, *, #8313, .T. ) ;
#559 = ORIENTED_EDGE ( 'NONE', *, *, #22, .F. ) ;
#560 = CARTESIAN_POINT ( 'NONE',  ( -18.28991281778759900, 34.74312493175472800, -44.53341563799252600 ) ) ;
#561 = VECTOR ( 'NONE', #3223, 39.37007874015748100 ) ;
#562 = ADVANCED_FACE ( 'NONE', ( #8573 ), #8273, .T. ) ;
#563 = FACE_OUTER_BOUND ( 'NONE', #7216, .T. ) ;
#564 = EDGE_CURVE ( 'NONE', #7803, #6279, #8564, .T. ) ;
#565 = CARTESIAN_POINT ( 'NONE',  ( -20.18320647280505800, 33.69890275434767800, -40.76156925685531000 ) ) ;
#566 = EDGE_CURVE ( 'NONE', #7617, #7803, #8638, .T. ) ;
#567 = VERTEX_POINT ( 'NONE', #8129 ) ;
#568 = ORIENTED_EDGE ( 'NONE', *, *, #2147, .T. ) ;
#569 = EDGE_LOOP ( 'NONE', ( #5013, #5053 ) ) ;
#570 = LINE ( 'NONE', #6185, #561 ) ;
#571 = CARTESIAN_POINT ( 'NONE',  ( -18.22721902277119800, 35.13773869862039600, -44.24036130526598500 ) ) ;
#572 = CARTESIAN_POINT ( 'NONE',  ( -18.26841952441409600, 35.54535944726143300, -40.55290783953080300 ) ) ;
#573 = VECTOR ( 'NONE', #8450, 39.37007874015748100 ) ;
#574 = VERTEX_POINT ( 'NONE', #8010 ) ;
#575 = DIRECTION ( 'NONE',  ( -0.0000000000000000000, 0.8516583167044392600, -0.5240974256645046800 ) ) ;
#576 = EDGE_LOOP ( 'NONE', ( #2588, #2596, #2625, #2697 ) ) ;
#577 = DIRECTION ( 'NONE',  ( 1.000000000000000000, -0.0000000000000000000, 1.552565295730630100E-012 ) ) ;
#578 = ORIENTED_EDGE ( 'NONE', *, *, #7661, .F. ) ;
#579 = FACE_OUTER_BOUND ( 'NONE', #6054, .T. ) ;
#580 = CARTESIAN_POINT ( 'NONE',  ( -20.05722222084521500, 34.47449330553206400, -45.21038815019017000 ) ) ;
#581 = CARTESIAN_POINT ( 'NONE',  ( -18.28991281778759900, 35.64378464412646300, -40.55290783953080300 ) ) ;
#582 = EDGE_CURVE ( 'NONE', #4378, #4151, #8557, .T. ) ;
#583 = VECTOR ( 'NONE', #1756, 39.37007874015748100 ) ;
#584 = LINE ( 'NONE', #5365, #573 ) ;
#585 = DIRECTION ( 'NONE',  ( 0.0000000000000000000, 1.000000000000000000, 0.0000000000000000000 ) ) ;
#586 = CARTESIAN_POINT ( 'NONE',  ( -20.09462379563909500, 36.71858779372622200, -43.62771098484803600 ) ) ;
#587 = CARTESIAN_POINT ( 'NONE',  ( -18.22739499834565200, 35.18315472286472100, -44.25074248091259200 ) ) ;
#588 = PLANE ( 'NONE',  #2663 ) ;
#589 = VERTEX_POINT ( 'NONE', #7930 ) ;
#590 = ORIENTED_EDGE ( 'NONE', *, *, #6439, .T. ) ;
#591 = CARTESIAN_POINT ( 'NONE',  ( -19.70899736156195600, 34.52173740001358500, -40.24188421748048200 ) ) ;
#592 = VECTOR ( 'NONE', #9156, 39.37007874015748100 ) ;
#593 = CARTESIAN_POINT ( 'NONE',  ( -18.28991281778543200, 36.71858779372287500, -43.47219917382296500 ) ) ;
#594 = LINE ( 'NONE', #9097, #489 ) ;
#595 = AXIS2_PLACEMENT_3D ( 'NONE', #2062, #2793, #5738 ) ;
#596 = VERTEX_POINT ( 'NONE', #7817 ) ;
#597 = EDGE_LOOP ( 'NONE', ( #4230, #4316, #4281, #4386 ) ) ;
#598 = EDGE_CURVE ( 'NONE', #4221, #4459, #8544, .T. ) ;
#599 = CARTESIAN_POINT ( 'NONE',  ( -20.18320647280272000, 36.71858779371586900, -42.58243539644212900 ) ) ;
#600 = LINE ( 'NONE', #1021, #583 ) ;
#601 = VECTOR ( 'NONE', #4613, 39.37007874015748100 ) ;
#602 = ORIENTED_EDGE ( 'NONE', *, *, #7674, .F. ) ;
#603 = ORIENTED_EDGE ( 'NONE', *, *, #8295, .T. ) ;
#604 = EDGE_CURVE ( 'NONE', #4630, #4785, #8537, .T. ) ;
#605 = DIRECTION ( 'NONE',  ( 0.9998476951564070300, -0.01745240643638280200, -0.0000000000000000000 ) ) ;
#606 = LINE ( 'NONE', #9127, #625 ) ;
#607 = CARTESIAN_POINT ( 'NONE',  ( -18.97257655154813000, 33.65528093473615500, -41.53250794172288400 ) ) ;
#608 = AXIS2_PLACEMENT_3D ( 'NONE', #5177, #5109, #5102 ) ;
#609 = ADVANCED_FACE ( 'NONE', ( #8492 ), #7786, .T. ) ;
#610 = VERTEX_POINT ( 'NONE', #7818 ) ;
#611 = DIRECTION ( 'NONE',  ( 1.000000000000000000, 1.264129099612020100E-012, 0.0000000000000000000 ) ) ;
#612 = ORIENTED_EDGE ( 'NONE', *, *, #3372, .T. ) ;
#613 = CARTESIAN_POINT ( 'NONE',  ( -18.12582475745130100, 33.71450751063819200, -43.47219917381762100 ) ) ;
#614 = CARTESIAN_POINT ( 'NONE',  ( -17.71461946968602800, 34.45480826616126500, -43.46133835927179900 ) ) ;
#615 = CARTESIAN_POINT ( 'NONE',  ( -18.30014871118578800, 36.64752232457669800, -41.61236665103150000 ) ) ;
#616 = CARTESIAN_POINT ( 'NONE',  ( -18.56017497673326800, 36.71858779372264100, -41.53715980801890600 ) ) ;
#617 = LINE ( 'NONE', #8502, #592 ) ;
#618 = AXIS2_PLACEMENT_3D ( 'NONE', #5040, #5038, #5025 ) ;
#619 = ORIENTED_EDGE ( 'NONE', *, *, #6152, .T. ) ;
#620 = DIRECTION ( 'NONE',  ( 1.264129099612020100E-012, -1.000000000000000000, 2.132295476924310100E-013 ) ) ;
#621 = ORIENTED_EDGE ( 'NONE', *, *, #1445, .F. ) ;
#622 = CARTESIAN_POINT ( 'NONE',  ( -19.08674977989429100, 36.61228798142165200, -44.92298657540473500 ) ) ;
#623 = DIRECTION ( 'NONE',  ( 0.0000000000000000000, 0.0000000000000000000, -1.000000000000000000 ) ) ;
#624 = EDGE_CURVE ( 'NONE', #4671, #4731, #8511, .T. ) ;
#625 = VECTOR ( 'NONE', #263, 39.37007874015748100 ) ;
#626 = DIRECTION ( 'NONE',  ( -0.0000000000000000000, -0.0000000000000000000, -1.000000000000000000 ) ) ;
#627 = ORIENTED_EDGE ( 'NONE', *, *, #3355, .F. ) ;
#628 = DIRECTION ( 'NONE',  ( 1.000000000000000000, -0.0000000000000000000, 0.0000000000000000000 ) ) ;
#629 = VECTOR ( 'NONE', #2453, 39.37007874015748100 ) ;
#630 = PLANE ( 'NONE',  #3675 ) ;
#631 = ORIENTED_EDGE ( 'NONE', *, *, #7264, .F. ) ;
#632 = EDGE_CURVE ( 'NONE', #4948, #4817, #8485, .T. ) ;
#633 = FACE_OUTER_BOUND ( 'NONE', #8570, .T. ) ;
#634 = EDGE_LOOP ( 'NONE', ( #5571, #1308, #5538, #6966, #2182, #8019, #8478, #3073, #9410 ) ) ;
#635 = CARTESIAN_POINT ( 'NONE',  ( -18.26841952441554200, 34.82094999843649000, -40.55290783953079600 ) ) ;
#636 = PLANE ( 'NONE',  #6818 ) ;
#637 = VECTOR ( 'NONE', #3160, 39.37007874015748100 ) ;
#638 = ORIENTED_EDGE ( 'NONE', *, *, #7209, .F. ) ;
#639 = DIRECTION ( 'NONE',  ( 0.0000000000000000000, 0.0000000000000000000, 1.000000000000000000 ) ) ;
#640 = FACE_BOUND ( 'NONE', #7815, .T. ) ;
#641 = B_SPLINE_CURVE_WITH_KNOTS ( 'NONE', 3,
 ( #868, #7591, #167, #5302 ),
 .UNSPECIFIED., .F., .F.,
 ( 4, 4 ),
 ( 0.01109467125560859000, 0.02218934249305260000 ),
 .UNSPECIFIED. ) ;
#642 = CARTESIAN_POINT ( 'NONE',  ( -18.22739499834716900, 35.17639625762171800, -40.91412831197168000 ) ) ;
#643 = CARTESIAN_POINT ( 'NONE',  ( -19.22775575334027600, 34.86819409293472200, -44.91708106357835100 ) ) ;
#644 = DIRECTION ( 'NONE',  ( 3.091802488614756900E-015, -1.000000000000000000, 3.542854737521613000E-013 ) ) ;
#645 = ORIENTED_EDGE ( 'NONE', *, *, #3430, .T. ) ;
#646 = EDGE_CURVE ( 'NONE', #8742, #5080, #8477, .T. ) ;
#647 = LINE ( 'NONE', #1728, #629 ) ;
#648 = EDGE_LOOP ( 'NONE', ( #4077, #4185, #4656, #4741, #4842 ) ) ;
#649 = CARTESIAN_POINT ( 'NONE',  ( -18.56017497673326800, 36.71858779372264100, -43.58696941156456700 ) ) ;
#650 = DIRECTION ( 'NONE',  ( -1.000000000000000000, -1.264009473221381200E-012, 2.841348555614751100E-012 ) ) ;
#651 = CARTESIAN_POINT ( 'NONE',  ( -20.12145926713909800, 35.69496574648017200, -45.05290783524316800 ) ) ;
#652 = CARTESIAN_POINT ( 'NONE',  ( -18.26923179611944900, 35.55323762923767100, -40.55290574911233400 ) ) ;
#653 = ADVANCED_FACE ( 'NONE', ( #8462 ), #8430, .F. ) ;
#654 = VERTEX_POINT ( 'NONE', #7101 ) ;
#655 = ORIENTED_EDGE ( 'NONE', *, *, #7495, .T. ) ;
#656 = VECTOR ( 'NONE', #3903, 39.37007874015748100 ) ;
#657 = AXIS2_PLACEMENT_3D ( 'NONE', #3297, #8568, #4048 ) ;
#658 = EDGE_CURVE ( 'NONE', #4888, #5080, #8448, .T. ) ;
#659 = B_SPLINE_CURVE_WITH_KNOTS ( 'NONE', 3,
 ( #6800, #1605, #3071, #8346 ),
 .UNSPECIFIED., .F., .F.,
 ( 4, 4 ),
 ( 0.0000000000000000000, 1.000000000000000000 ),
 .UNSPECIFIED. ) ;
#660 = DIRECTION ( 'NONE',  ( 1.264129099611980100E-012, -1.000000000000000000, 1.993517598846150100E-013 ) ) ;
#661 = EDGE_LOOP ( 'NONE', ( #6350, #7620, #7745, #7225 ) ) ;
#662 = ORIENTED_EDGE ( 'NONE', *, *, #7693, .F. ) ;
#663 = LINE ( 'NONE', #9063, #656 ) ;
#664 = CARTESIAN_POINT ( 'NONE',  ( -18.28012414616782900, 34.31325884994939200, -44.93311160924948000 ) ) ;
#665 = CARTESIAN_POINT ( 'NONE',  ( -20.18320647280846100, 35.09949018653885800, -39.77279398064487000 ) ) ;
#666 = CARTESIAN_POINT ( 'NONE',  ( -18.28991281778759900, 35.17035938176496000, -44.53341563799252600 ) ) ;
#667 = CARTESIAN_POINT ( 'NONE',  ( -18.28991281778759900, 36.65466610282106100, -41.69851192891527300 ) ) ;
#668 = LINE ( 'NONE', #3191, #472 ) ;
#669 = CARTESIAN_POINT ( 'NONE',  ( -28.84659229943137900, 35.18315472319601900, -43.77338027978464700 ) ) ;
#670 = DIRECTION ( 'NONE',  ( 1.000000000000000000, 0.0000000000000000000, -0.0000000000000000000 ) ) ;
#671 = EDGE_CURVE ( 'NONE', #5281, #5206, #8439, .T. ) ;
#672 = ORIENTED_EDGE ( 'NONE', *, *, #910, .T. ) ;
#673 = CARTESIAN_POINT ( 'NONE',  ( -18.28010652829592400, 34.00873062846716300, -44.93295107934814300 ) ) ;
#674 = ORIENTED_EDGE ( 'NONE', *, *, #6825, .T. ) ;
#675 = CARTESIAN_POINT ( 'NONE',  ( -18.69666226734315000, 36.66740669136515900, -43.65920704784999600 ) ) ;
#676 = LINE ( 'NONE', #9095, #715 ) ;
#677 = DIRECTION ( 'NONE',  ( 0.9975640502585040300, -0.06975647376300497800, 0.0000000000000000000 ) ) ;
#678 = LINE ( 'NONE', #7924, #6817 ) ;
#679 = DIRECTION ( 'NONE',  ( -2.613222830118091900E-015, -1.497114356561256300E-013, -1.000000000000000000 ) ) ;
#680 = DIRECTION ( 'NONE',  ( 0.0000000000000000000, 0.0000000000000000000, 1.000000000000000000 ) ) ;
#681 = DIRECTION ( 'NONE',  ( 0.0000000000000000000, -0.06975647374392629500, 0.9975640502598380800 ) ) ;
#682 = PLANE ( 'NONE',  #2926 ) ;
#683 = VERTEX_POINT ( 'NONE', #6548 ) ;
#684 = ORIENTED_EDGE ( 'NONE', *, *, #4904, .F. ) ;
#685 = VECTOR ( 'NONE', #6897, 39.37007874015748900 ) ;
#686 = AXIS2_PLACEMENT_3D ( 'NONE', #1612, #1490, #1482 ) ;
#687 = AXIS2_PLACEMENT_3D ( 'NONE', #2656, #2373, #2560 ) ;
#688 = CARTESIAN_POINT ( 'NONE',  ( -19.02375765390480200, 33.64772165199220700, -43.14936452815354800 ) ) ;
#689 = LINE ( 'NONE', #963, #716 ) ;
#690 = AXIS2_PLACEMENT_3D ( 'NONE', #3370, #1201, #6373 ) ;
#691 = ORIENTED_EDGE ( 'NONE', *, *, #5175, .T. ) ;
#692 = CARTESIAN_POINT ( 'NONE',  ( -18.21667103973498700, 36.20677677009126000, -41.11885272142047400 ) ) ;
#693 = EDGE_LOOP ( 'NONE', ( #2707, #2721, #2770, #2805 ) ) ;
#694 = DIRECTION ( 'NONE',  ( -1.836919077825773600E-015, -1.000000000000000000, 2.104900774937340800E-013 ) ) ;
#695 = LINE ( 'NONE', #8447, #637 ) ;
#696 = CARTESIAN_POINT ( 'NONE',  ( -20.18320647280972600, 43.94239225515590900, -40.76156925685617700 ) ) ;
#697 = CARTESIAN_POINT ( 'NONE',  ( -20.18238305517338900, 33.67861015201928900, -44.33243539429729900 ) ) ;
#698 = ADVANCED_FACE ( 'NONE', ( #8396 ), #6693, .T. ) ;
#699 = ORIENTED_EDGE ( 'NONE', *, *, #6670, .F. ) ;
#700 = CARTESIAN_POINT ( 'NONE',  ( -19.38112961815110300, 36.22252480160425100, -44.53322279587480600 ) ) ;
#701 = ORIENTED_EDGE ( 'NONE', *, *, #6754, .T. ) ;
#702 = EDGE_CURVE ( 'NONE', #5413, #5481, #8457, .T. ) ;
#703 = CARTESIAN_POINT ( 'NONE',  ( -19.70899736156062700, 35.84457204569830700, -44.53322279587480600 ) ) ;
#704 = EDGE_CURVE ( 'NONE', #5220, #5488, #8366, .T. ) ;
#705 = CARTESIAN_POINT ( 'NONE',  ( -18.28991281778543200, 34.59956246671330100, -43.47219917382254600 ) ) ;
#706 = VECTOR ( 'NONE', #7654, 39.37007874015748100 ) ;
#707 = DIRECTION ( 'NONE',  ( -0.9997900357466480400, -0.01745139999016893200, 0.01073932307453019500 ) ) ;
#709 = CARTESIAN_POINT ( 'NONE',  ( -19.96853923816170400, 33.69890275434673300, -40.24188421748024800 ) ) ;
#708 = FACE_OUTER_BOUND ( 'NONE', #8826, .T. ) ;
#710 = ORIENTED_EDGE ( 'NONE', *, *, #8100, .F. ) ;
#711 = ORIENTED_EDGE ( 'NONE', *, *, #7185, .F. ) ;
#712 = CARTESIAN_POINT ( 'NONE',  ( -19.38112961814850600, 33.79732795120382600, -44.53322279587441600 ) ) ;
#713 = CARTESIAN_POINT ( 'NONE',  ( -19.70899736156022500, 35.84457204568146000, -40.24188421748048200 ) ) ;
#714 = CARTESIAN_POINT ( 'NONE',  ( -20.05722222084527900, 34.42528070710685000, -45.21038815019016300 ) ) ;
#715 = VECTOR ( 'NONE', #7691, 39.37007874015748100 ) ;
#716 = VECTOR ( 'NONE', #6122, 39.37007874015748100 ) ;
#717 = CARTESIAN_POINT ( 'NONE',  ( -18.28991281778543200, 34.74312493175795400, -43.53051543365637600 ) ) ;
#718 = AXIS2_PLACEMENT_3D ( 'NONE', #967, #9134, #3746 ) ;
#719 = AXIS2_PLACEMENT_3D ( 'NONE', #8664, #4153, #9323 ) ;
#720 = CARTESIAN_POINT ( 'NONE',  ( -18.22581165752990300, 35.91159631730148800, -44.05324791124964900 ) ) ;
#721 = VERTEX_POINT ( 'NONE', #6179 ) ;
#722 = CARTESIAN_POINT ( 'NONE',  ( -18.97454505547838700, 36.56898149452492700, -44.61196295335354000 ) ) ;
#723 = ORIENTED_EDGE ( 'NONE', *, *, #7493, .T. ) ;
#724 = VECTOR ( 'NONE', #4610, 39.37007874015748100 ) ;
#725 = DIRECTION ( 'NONE',  ( 2.769776749013343800E-014, 3.960965289395977800E-013, 1.000000000000000000 ) ) ;
#726 = ORIENTED_EDGE ( 'NONE', *, *, #7674, .T. ) ;
#727 = ORIENTED_EDGE ( 'NONE', *, *, #4690, .F. ) ;
#728 = AXIS2_PLACEMENT_3D ( 'NONE', #8712, #8258, #9079 ) ;
#729 = DIRECTION ( 'NONE',  ( 1.000000000000000000, 0.0000000000000000000, -0.0000000000000000000 ) ) ;
#730 = DIRECTION ( 'NONE',  ( 0.0000000000000000000, 0.0000000000000000000, 1.000000000000000000 ) ) ;
#731 = AXIS2_PLACEMENT_3D ( 'NONE', #7663, #7638, #7630 ) ;
#732 = DIRECTION ( 'NONE',  ( 4.663511435517878200E-017, -6.669132062248923700E-016, -1.000000000000000000 ) ) ;
#733 = CARTESIAN_POINT ( 'NONE',  ( -18.27720357974784100, 34.74401364826994200, -40.55290783953775200 ) ) ;
#734 = LINE ( 'NONE', #6118, #685 ) ;
#735 = DIRECTION ( 'NONE',  ( -1.000000000000000000, 1.083082623645810000E-012, -1.289195296225029900E-012 ) ) ;
#736 = PLANE ( 'NONE',  #5704 ) ;
#737 = CARTESIAN_POINT ( 'NONE',  ( -18.12382062244519400, 34.58794816900466900, -43.52761628360286000 ) ) ;
#738 = CARTESIAN_POINT ( 'NONE',  ( -18.21667103973784700, 34.15953267560307400, -40.91412831197126100 ) ) ;
#739 = ORIENTED_EDGE ( 'NONE', *, *, #6405, .F. ) ;
#740 = EDGE_LOOP ( 'NONE', ( #3307, #3324 ) ) ;
#741 = CARTESIAN_POINT ( 'NONE',  ( -18.27945961395959500, 35.74998962036165300, -44.61196295335313500 ) ) ;
#742 = CARTESIAN_POINT ( 'NONE',  ( -19.02375765390907600, 36.66740669135768400, -40.89936453244484200 ) ) ;
#743 = CARTESIAN_POINT ( 'NONE',  ( -18.56017497673326800, 36.71858779372264100, -43.62771098486574300 ) ) ;
#744 = LINE ( 'NONE', #3865, #724 ) ;
#745 = AXIS2_PLACEMENT_3D ( 'NONE', #1168, #6336, #1904 ) ;
#746 = AXIS2_PLACEMENT_3D ( 'NONE', #377, #6273, #1839 ) ;
#747 = CARTESIAN_POINT ( 'NONE',  ( -20.17926946493722100, 35.89181614017999800, -41.60881542319410200 ) ) ;
#748 = CARTESIAN_POINT ( 'NONE',  ( -18.30926420606868600, 34.72252480159333000, -40.24188421748023400 ) ) ;
#749 = DIRECTION ( 'NONE',  ( -0.9998476951563627400, 0.01745240643891090100, 0.0000000000000000000 ) ) ;
#750 = AXIS2_PLACEMENT_3D ( 'NONE', #4668, #3208, #3175 ) ;
#751 = VERTEX_POINT ( 'NONE', #6215 ) ;
#752 = ADVANCED_FACE ( 'NONE', ( #8344 ), #8322, .T. ) ;
#753 = DIRECTION ( 'NONE',  ( -0.0000000000000000000, -0.0000000000000000000, 1.000000000000000000 ) ) ;
#754 = VECTOR ( 'NONE', #2399, 39.37007874015748100 ) ;
#755 = ORIENTED_EDGE ( 'NONE', *, *, #4569, .T. ) ;
#756 = CARTESIAN_POINT ( 'NONE',  ( -19.05599968172594700, 34.72252480158827100, -40.55290783953070400 ) ) ;
#757 = LINE ( 'NONE', #930, #771 ) ;
#758 = VERTEX_POINT ( 'NONE', #6089 ) ;
#759 = CARTESIAN_POINT ( 'NONE',  ( -19.70899736155805800, 33.79732795120382600, -44.92298657540370500 ) ) ;
#760 = CARTESIAN_POINT ( 'NONE',  ( -18.25956921304397800, 35.91159631730132400, -44.61841268960962000 ) ) ;
#761 = ORIENTED_EDGE ( 'NONE', *, *, #7353, .F. ) ;
#762 = AXIS2_PLACEMENT_3D ( 'NONE', #8399, #7642, #8368 ) ;
#763 = LINE ( 'NONE', #165, #754 ) ;
#764 = ORIENTED_EDGE ( 'NONE', *, *, #2696, .T. ) ;
#765 = EDGE_CURVE ( 'NONE', #5481, #5556, #8339, .T. ) ;
#766 = DIRECTION ( 'NONE',  ( -0.9396926207855104100, -1.134575986371970300E-012, 0.3420201433267621700 ) ) ;
#767 = CARTESIAN_POINT ( 'NONE',  ( -18.12382062248855200, 35.61157021625156500, -43.77338027620511700 ) ) ;
#768 = EDGE_LOOP ( 'NONE', ( #5465, #1244, #5355, #6851, #2097, #7848, #8308, #3006, #9235, #903, #4205, #304, #2946, #5351, #1197, #5188, #6729, #2029, #7689, #8227, #2922, #9158, #739, #4094 ) ) ;
#769 = CARTESIAN_POINT ( 'NONE',  ( -18.31818356873638000, 35.68091126603216900, -40.20739517635866600 ) ) ;
#770 = ORIENTED_EDGE ( 'NONE', *, *, #8251, .T. ) ;
#771 = VECTOR ( 'NONE', #8413, 39.37007874015748100 ) ;
#772 = CARTESIAN_POINT ( 'NONE',  ( -18.22739499834630500, 35.17639496186093600, -44.25074248091259200 ) ) ;
#773 = EDGE_LOOP ( 'NONE', ( #3610, #3651, #3680, #3751, #3810, #3856, #3880 ) ) ;
#774 = ADVANCED_FACE ( 'NONE', ( #8378 ), #5934, .T. ) ;
#775 = CARTESIAN_POINT ( 'NONE',  ( -18.64537774984346500, 35.64378464412646300, -40.55290783953110200 ) ) ;
#776 = DIRECTION ( 'NONE',  ( 1.000000000000000000, -1.264251560246800100E-012, 2.841279047499280000E-012 ) ) ;
#777 = AXIS2_PLACEMENT_3D ( 'NONE', #402, #5549, #1132 ) ;
#778 = AXIS2_PLACEMENT_3D ( 'NONE', #8969, #6784, #2325 ) ;
#779 = CARTESIAN_POINT ( 'NONE',  ( -18.27996288965018900, 34.72252480158544300, -44.61196295335316400 ) ) ;
#780 = ORIENTED_EDGE ( 'NONE', *, *, #3655, .T. ) ;
#781 = VECTOR ( 'NONE', #3102, 39.37007874015748900 ) ;
#782 = CARTESIAN_POINT ( 'NONE',  ( -18.22195529781682000, 36.28397469370963800, -44.08082810061685600 ) ) ;
#783 = CARTESIAN_POINT ( 'NONE',  ( -18.22739499834781900, 35.18315472284718500, -40.91412831197166600 ) ) ;
#784 = CARTESIAN_POINT ( 'NONE',  ( -18.23704105498472200, 35.91159631730141700, -44.33616774054704000 ) ) ;
#785 = EDGE_LOOP ( 'NONE', ( #4203, #4244 ) ) ;
#786 = ORIENTED_EDGE ( 'NONE', *, *, #6031, .T. ) ;
#787 = AXIS2_PLACEMENT_3D ( 'NONE', #5221, #93, #5971 ) ;
#788 = FACE_OUTER_BOUND ( 'NONE', #5816, .T. ) ;
#789 = DIRECTION ( 'NONE',  ( 1.000000000000000000, 0.0000000000000000000, 2.841499533867840700E-012 ) ) ;
#790 = CARTESIAN_POINT ( 'NONE',  ( -18.21667103959059000, 35.18315472321044300, -41.54697808229766300 ) ) ;
#791 = CARTESIAN_POINT ( 'NONE',  ( -18.90171040981366300, 36.66534506951556700, -43.61973416491963500 ) ) ;
#792 = CARTESIAN_POINT ( 'NONE',  ( -18.24431777537549200, 35.76501454534348300, -43.77011100912366000 ) ) ;
#793 = EDGE_CURVE ( 'NONE', #5556, #3269, #8027, .T. ) ;
#794 = FACE_OUTER_BOUND ( 'NONE', #9454, .T. ) ;
#795 = UNCERTAINTY_MEASURE_WITH_UNIT (LENGTH_MEASURE( 1.000000000000000100E-005 ), #9291, 'distance_accuracy_value', 'NONE');
#796 = VERTEX_POINT ( 'NONE', #5613 ) ;
#797 = CARTESIAN_POINT ( 'NONE',  ( -18.28991281778759900, 35.17035938176496000, -41.69267161906181900 ) ) ;
#798 = ORIENTED_EDGE ( 'NONE', *, *, #7126, .T. ) ;
#799 = CARTESIAN_POINT ( 'NONE',  ( -20.18320647280617300, 33.69890275434777000, -40.82849839071424500 ) ) ;
#800 = ORIENTED_EDGE ( 'NONE', *, *, #7696, .F. ) ;
#801 = LINE ( 'NONE', #6086, #706 ) ;
#802 = CARTESIAN_POINT ( 'NONE',  ( -18.27720357975001500, 35.62229579745512400, -40.55290783953125800 ) ) ;
#803 = ADVANCED_FACE ( 'NONE', ( #8314 ), #5805, .F. ) ;
#804 = CARTESIAN_POINT ( 'NONE',  ( -18.21667103973425100, 35.18315472286472800, -44.14838027618819200 ) ) ;
#805 = CARTESIAN_POINT ( 'NONE',  ( -21.74423009470449100, 36.20677677045429700, -42.57259287528425100 ) ) ;
#806 = CYLINDRICAL_SURFACE ( 'NONE', #9082, 3.543307086614172300 ) ;
#807 = ORIENTED_EDGE ( 'NONE', *, *, #7711, .F. ) ;
#808 = ORIENTED_EDGE ( 'NONE', *, *, #1949, .F. ) ;
#809 = ORIENTED_EDGE ( 'NONE', *, *, #3430, .F. ) ;
#810 = VECTOR ( 'NONE', #1633, 39.37007874015748100 ) ;
#811 = DIRECTION ( 'NONE',  ( 1.281026566875212200E-012, 0.0000000000000000000, 1.000000000000000000 ) ) ;
#812 = CARTESIAN_POINT ( 'NONE',  ( -19.70899736156152600, 34.82094999843763400, -40.24188421748048200 ) ) ;
#813 = LINE ( 'NONE', #5299, #810 ) ;
#814 = DIRECTION ( 'NONE',  ( -1.000000000000000000, 1.264251560247140000E-012, -1.134155878638480100E-012 ) ) ;
#815 = DIRECTION ( 'NONE',  ( -1.000000000000000000, 0.0000000000000000000, -2.841279047498729900E-012 ) ) ;
#816 = ORIENTED_EDGE ( 'NONE', *, *, #244, .F. ) ;
#817 = DIRECTION ( 'NONE',  ( 0.0000000000000000000, -0.0000000000000000000, -1.000000000000000000 ) ) ;
#818 = EDGE_CURVE ( 'NONE', #6791, #5252, #8293, .T. ) ;
#819 = AXIS2_PLACEMENT_3D ( 'NONE', #6689, #8921, #4446 ) ;
#820 = ADVANCED_FACE ( 'NONE', ( #8303 ), #5369, .F. ) ;
#821 = LINE ( 'NONE', #6052, #781 ) ;
#822 = FACE_OUTER_BOUND ( 'NONE', #4885, .T. ) ;
#823 = CARTESIAN_POINT ( 'NONE',  ( -18.26841952433457500, 36.56898149451470200, -40.55290783953088900 ) ) ;
#824 = CARTESIAN_POINT ( 'NONE',  ( -20.18320647280296100, 36.12311223378706900, -45.39207681223975800 ) ) ;
#825 = CARTESIAN_POINT ( 'NONE',  ( -18.27498086035377900, 35.60454856190630600, -40.55289717811640300 ) ) ;
#826 = EDGE_LOOP ( 'NONE', ( #5041, #5115, #5096, #5142 ) ) ;
#827 = VECTOR ( 'NONE', #4549, 39.37007874015748100 ) ;
#828 = LINE ( 'NONE', #9039, #926 ) ;
#829 = CARTESIAN_POINT ( 'NONE',  ( -18.29768877709900800, 35.54535944726083600, -40.24188421747831500 ) ) ;
#830 = AXIS2_PLACEMENT_3D ( 'NONE', #6757, #2296, #7540 ) ;
#831 = ORIENTED_EDGE ( 'NONE', *, *, #5175, .F. ) ;
#832 = CARTESIAN_POINT ( 'NONE',  ( -18.29768877717178900, 34.82094999844412800, -40.24188421747854200 ) ) ;
#833 = EDGE_LOOP ( 'NONE', ( #4420, #4632 ) ) ;
#834 = AXIS2_PLACEMENT_3D ( 'NONE', #31, #766, #5908 ) ;
#835 = CARTESIAN_POINT ( 'NONE',  ( -18.22085779342078700, 36.25825834484144400, -44.05890405744948200 ) ) ;
#836 = CARTESIAN_POINT ( 'NONE',  ( -19.08674977989393900, 36.56898149450806600, -40.63164799701023400 ) ) ;
#837 = CYLINDRICAL_SURFACE ( 'NONE', #1092, 1.673228346456692200 ) ;
#838 = VERTEX_POINT ( 'NONE', #5774 ) ;
#839 = DIRECTION ( 'NONE',  ( 0.0000000000000000000, 0.0000000000000000000, 1.000000000000000000 ) ) ;
#840 = EDGE_LOOP ( 'NONE', ( #4322, #4439 ) ) ;
#841 = CARTESIAN_POINT ( 'NONE',  ( -18.28991281778759900, 35.76674697900417500, -41.54761725361297000 ) ) ;
#842 = DIRECTION ( 'NONE',  ( 2.841279047498729900E-012, -1.993517598874519800E-013, -1.000000000000000000 ) ) ;
#843 = ADVANCED_FACE ( 'NONE', ( #8328 ), #5196, .T. ) ;
#844 = AXIS2_PLACEMENT_3D ( 'NONE', #1439, #1394, #1383 ) ;
#845 = DIRECTION ( 'NONE',  ( -2.841511404609931300E-012, 0.0000000000000000000, 1.000000000000000000 ) ) ;
#846 = LINE ( 'NONE', #6835, #852 ) ;
#847 = ORIENTED_EDGE ( 'NONE', *, *, #7074, .F. ) ;
#848 = DIRECTION ( 'NONE',  ( -2.841279047498729900E-012, 1.993517598874520100E-013, 1.000000000000000000 ) ) ;
#849 = CARTESIAN_POINT ( 'NONE',  ( -18.22782331422879700, 34.30726712769485700, -40.82821409396411400 ) ) ;
#850 = CARTESIAN_POINT ( 'NONE',  ( -18.54344269327237500, 36.65909148326204600, -43.62358252569207900 ) ) ;
#851 = CARTESIAN_POINT ( 'NONE',  ( -18.24423061819035000, 35.76501454534343300, -44.05276255418708300 ) ) ;
#852 = VECTOR ( 'NONE', #7623, 39.37007874015748100 ) ;
#853 = EDGE_CURVE ( 'NONE', #5252, #4354, #8284, .T. ) ;
#854 = ORIENTED_EDGE ( 'NONE', *, *, #6869, .F. ) ;
#855 = CARTESIAN_POINT ( 'NONE',  ( -18.26841952433457500, 36.56898149451470200, -40.55290783953088900 ) ) ;
#856 = DIRECTION ( 'NONE',  ( -1.000000000000000000, 4.795779803996356000E-015, 2.841499533867840700E-012 ) ) ;
#857 = CARTESIAN_POINT ( 'NONE',  ( -18.25956921300025500, 34.88797426994501200, -40.54645810328459300 ) ) ;
#858 = ORIENTED_EDGE ( 'NONE', *, *, #7083, .F. ) ;
#859 = DIRECTION ( 'NONE',  ( -2.841279047498729900E-012, 1.993517598874520100E-013, 1.000000000000000000 ) ) ;
#860 = VECTOR ( 'NONE', #2179, 39.37007874015748100 ) ;
#861 = CARTESIAN_POINT ( 'NONE',  ( -19.08674977989648300, 34.61631982535023900, -40.24188421747951600 ) ) ;
#862 = ADVANCED_FACE ( 'NONE', ( #8255 ), #5005, .T. ) ;
#863 = ORIENTED_EDGE ( 'NONE', *, *, #8139, .F. ) ;
#864 = AXIS2_PLACEMENT_3D ( 'NONE', #5721, #5585, #5583 ) ;
#865 = LINE ( 'NONE', #3800, #827 ) ;
#866 = ORIENTED_EDGE ( 'NONE', *, *, #7851, .T. ) ;
#867 = EDGE_CURVE ( 'NONE', #7985, #3744, #8286, .T. ) ;
#868 = CARTESIAN_POINT ( 'NONE',  ( -18.21667122637430200, 35.18315472320945500, -43.77537302391495900 ) ) ;
#869 = VECTOR ( 'NONE', #8847, 39.37007874015748100 ) ;
#870 = PLANE ( 'NONE',  #5274 ) ;
#871 = CARTESIAN_POINT ( 'NONE',  ( -20.18435155911031800, 33.62969038355224400, -44.39667339940590600 ) ) ;
#872 = PLANE ( 'NONE',  #2552 ) ;
#873 = VERTEX_POINT ( 'NONE', #4685 ) ;
#874 = DIRECTION ( 'NONE',  ( 0.0000000000000000000, -1.000000000000000000, 0.0000000000000000000 ) ) ;
#875 = EDGE_LOOP ( 'NONE', ( #5984, #6051, #6100, #6160, #6207 ) ) ;
#876 = LINE ( 'NONE', #5105, #860 ) ;
#877 = ORIENTED_EDGE ( 'NONE', *, *, #6476, .F. ) ;
#878 = CARTESIAN_POINT ( 'NONE',  ( -18.24369705730401800, 34.74635665254126600, -41.54721393478109800 ) ) ;
#879 = EDGE_LOOP ( 'NONE', ( #8771, #8689, #8834, #8703, #8707, #8715 ) ) ;
#880 = EDGE_CURVE ( 'NONE', #2198, #2317, #8033, .T. ) ;
#881 = EDGE_LOOP ( 'NONE', ( #4601, #4702, #4740, #4757 ) ) ;
#882 = EDGE_CURVE ( 'NONE', #3159, #3241, #8226, .T. ) ;
#883 = VECTOR ( 'NONE', #707, 39.37007874015748900 ) ;
#884 = CARTESIAN_POINT ( 'NONE',  ( -18.25597381778851900, 33.91806285920920100, -40.55290783953088900 ) ) ;
#885 = CARTESIAN_POINT ( 'NONE',  ( -18.22739499834651900, 36.20677677009106100, -40.91412831197168000 ) ) ;
#886 = DIRECTION ( 'NONE',  ( 2.841279047498729900E-012, 1.993517598874520100E-013, 1.000000000000000000 ) ) ;
#887 = ADVANCED_FACE ( 'NONE', ( #8229, #8208 ), #4208, .F. ) ;
#888 = PLANE ( 'NONE',  #5267 ) ;
#889 = ORIENTED_EDGE ( 'NONE', *, *, #7055, .F. ) ;
#890 = CARTESIAN_POINT ( 'NONE',  ( -20.18320647280519600, 36.71858779372038100, -40.83243539858988700 ) ) ;
#891 = ORIENTED_EDGE ( 'NONE', *, *, #7415, .T. ) ;
#892 = DIRECTION ( 'NONE',  ( 0.0000000000000000000, -0.0000000000000000000, 1.000000000000000000 ) ) ;
#893 = FACE_OUTER_BOUND ( 'NONE', #6012, .T. ) ;
#894 = EDGE_CURVE ( 'NONE', #3159, #3269, #8190, .T. ) ;
#895 = CARTESIAN_POINT ( 'NONE',  ( -19.02375765390691200, 33.69890275435421500, -44.26550626043940900 ) ) ;
#896 = AXIS2_PLACEMENT_3D ( 'NONE', #2037, #1338, #6514 ) ;
#897 = CYLINDRICAL_SURFACE ( 'NONE', #9114, 0.1830708661417339800 ) ;
#898 = CARTESIAN_POINT ( 'NONE',  ( -21.75997812620315500, 34.15953267596610500, -42.57259287528386000 ) ) ;
#899 = CARTESIAN_POINT ( 'NONE',  ( -18.22739499834911600, 34.15953267560232800, -40.91412831197127500 ) ) ;
#900 = ORIENTED_EDGE ( 'NONE', *, *, #4674, .T. ) ;
#901 = PLANE ( 'NONE',  #5660 ) ;
#902 = PLANE ( 'NONE',  #2527 ) ;
#903 = ORIENTED_EDGE ( 'NONE', *, *, #8335, .F. ) ;
#904 = VECTOR ( 'NONE', #6584, 39.37007874015748100 ) ;
#905 = CARTESIAN_POINT ( 'NONE',  ( -18.64537774984130200, 34.72252480158543600, -44.61196295335314900 ) ) ;
#906 = LINE ( 'NONE', #231, #601 ) ;
#907 = ADVANCED_FACE ( 'NONE', ( #8163 ), #4242, .T. ) ;
#908 = EDGE_CURVE ( 'NONE', #6791, #7766, #8143, .T. ) ;
#909 = VERTEX_POINT ( 'NONE', #3719 ) ;
#910 = EDGE_CURVE ( 'NONE', #7766, #4354, #8181, .T. ) ;
#911 = CARTESIAN_POINT ( 'NONE',  ( -18.22633452502041300, 34.07071835098007300, -40.96516124071086300 ) ) ;
#912 = ORIENTED_EDGE ( 'NONE', *, *, #4085, .T. ) ;
#913 = CARTESIAN_POINT ( 'NONE',  ( -18.28991281778759900, 34.74312493174913600, -44.53341563799252600 ) ) ;
#914 = CARTESIAN_POINT ( 'NONE',  ( -21.74423009470612200, 35.18315472250152000, -43.47219917381286800 ) ) ;
#915 = ORIENTED_EDGE ( 'NONE', *, *, #7737, .F. ) ;
#916 = FACE_OUTER_BOUND ( 'NONE', #1210, .T. ) ;
#917 = CARTESIAN_POINT ( 'NONE',  ( -18.22583191429407300, 36.30392333275207100, -40.98354861660476400 ) ) ;
#918 = VERTEX_POINT ( 'NONE', #3606 ) ;
#919 = CARTESIAN_POINT ( 'NONE',  ( -19.01982064603169300, 34.54338815908421600, -41.69355013038976700 ) ) ;
#920 = ORIENTED_EDGE ( 'NONE', *, *, #8157, .T. ) ;
#921 = CARTESIAN_POINT ( 'NONE',  ( -18.29768877716961800, 35.54535944726775700, -44.92298657540570900 ) ) ;
#922 = AXIS2_PLACEMENT_3D ( 'NONE', #3449, #541, #5682 ) ;
#923 = CARTESIAN_POINT ( 'NONE',  ( -18.28640760693772900, 35.54535944726740100, -44.81946941753263800 ) ) ;
#924 = AXIS2_PLACEMENT_3D ( 'NONE', #6385, #8672, #4164 ) ;
#925 = LINE ( 'NONE', #3599, #869 ) ;
#926 = VECTOR ( 'NONE', #4579, 39.37007874015748100 ) ;
#927 = DIRECTION ( 'NONE',  ( 0.0000000000000000000, -0.0000000000000000000, 1.000000000000000000 ) ) ;
#928 = EDGE_CURVE ( 'NONE', #3829, #3971, #8042, .T. ) ;
#929 = ORIENTED_EDGE ( 'NONE', *, *, #941, .F. ) ;
#930 = CARTESIAN_POINT ( 'NONE',  ( -18.73186784632204600, 35.74722160851220600, -40.55290783953070400 ) ) ;
#931 = ORIENTED_EDGE ( 'NONE', *, *, #4365, .T. ) ;
#932 = CARTESIAN_POINT ( 'NONE',  ( -18.20761632474144400, 35.03681122474686300, -43.61797172988592300 ) ) ;
#933 = B_SPLINE_CURVE_WITH_KNOTS ( 'NONE', 3,
 ( #16, #4404, #5893, #1476 ),
 .UNSPECIFIED., .F., .F.,
 ( 4, 4 ),
 ( 6.457750867895547400E-014, 0.0004518585455209130800 ),
 .UNSPECIFIED. ) ;
#934 = VECTOR ( 'NONE', #1569, 39.37007874015748100 ) ;
#935 = CARTESIAN_POINT ( 'NONE',  ( -18.27665018929981900, 35.54535944726743000, -44.71578741473522500 ) ) ;
#936 = VECTOR ( 'NONE', #7374, 39.37007874015748100 ) ;
#937 = LINE ( 'NONE', #6055, #1013 ) ;
#938 = CARTESIAN_POINT ( 'NONE',  ( -19.70899736156062700, 35.84457204569830700, -44.92298657540393900 ) ) ;
#939 = DIRECTION ( 'NONE',  ( -0.0000000000000000000, -0.8516583167044392600, 0.5240974256645046800 ) ) ;
#940 = EDGE_LOOP ( 'NONE', ( #5237, #1124, #5054, #6652 ) ) ;
#941 = EDGE_CURVE ( 'NONE', #5757, #5809, #8125, .T. ) ;
#942 = EDGE_LOOP ( 'NONE', ( #4319, #4393, #4443, #4463 ) ) ;
#943 = CARTESIAN_POINT ( 'NONE',  ( -18.22739499834847300, 34.15283067380261200, -40.91412831197132500 ) ) ;
#944 = CARTESIAN_POINT ( 'NONE',  ( -18.21667154495214200, 35.18315472286401800, -43.77010248425459300 ) ) ;
#945 = LINE ( 'NONE', #9492, #883 ) ;
#946 = LINE ( 'NONE', #3038, #934 ) ;
#947 = ADVANCED_FACE ( 'NONE', ( #8156 ), #3152, .F. ) ;
#948 = ORIENTED_EDGE ( 'NONE', *, *, #7742, .T. ) ;
#949 = ORIENTED_EDGE ( 'NONE', *, *, #7024, .F. ) ;
#950 = CARTESIAN_POINT ( 'NONE',  ( -18.69666226734531700, 33.69890275434673300, -41.50566374503424800 ) ) ;
#951 = CARTESIAN_POINT ( 'NONE',  ( -18.22127164396281200, 36.26920132217387000, -41.09788884263262800 ) ) ;
#952 = DIRECTION ( 'NONE',  ( 0.008726535499663082300, 2.104980926161010800E-013, 0.9999619230641601000 ) ) ;
#953 = VECTOR ( 'NONE', #2148, 39.37007874015748900 ) ;
#954 = EDGE_CURVE ( 'NONE', #474, #466, #8191, .T. ) ;
#955 = DIRECTION ( 'NONE',  ( 1.000000000000000000, 0.0000000000000000000, 2.841499533867840700E-012 ) ) ;
#956 = EDGE_CURVE ( 'NONE', #5733, #5702, #8101, .T. ) ;
#957 = ORIENTED_EDGE ( 'NONE', *, *, #6673, .T. ) ;
#958 = ADVANCED_FACE ( 'NONE', ( #8135 ), #2873, .F. ) ;
#959 = ORIENTED_EDGE ( 'NONE', *, *, #1805, .F. ) ;
#960 = DIRECTION ( 'NONE',  ( 0.0000000000000000000, 0.8516583167045623800, 0.5240974256643045100 ) ) ;
#961 = DIRECTION ( 'NONE',  ( 1.000000000000000000, 0.0000000000000000000, -0.0000000000000000000 ) ) ;
#962 = LINE ( 'NONE', #8152, #904 ) ;
#963 = CARTESIAN_POINT ( 'NONE',  ( -19.70899736155936900, 36.61228798142165200, -44.92298657540377600 ) ) ;
#964 = VERTEX_POINT ( 'NONE', #2975 ) ;
#965 = DIRECTION ( 'NONE',  ( -1.281026566875212200E-012, 0.0000000000000000000, 1.000000000000000000 ) ) ;
#966 = ORIENTED_EDGE ( 'NONE', *, *, #5975, .T. ) ;
#967 = CARTESIAN_POINT ( 'NONE',  ( -19.38112961814850600, 34.52173740003043200, -44.53322279587441600 ) ) ;
#968 = DIRECTION ( 'NONE',  ( 1.000000000000000000, -1.083082623645810000E-012, 1.289195296225029900E-012 ) ) ;
#969 = EDGE_CURVE ( 'NONE', #5434, #3744, #8082, .T. ) ;
#970 = VECTOR ( 'NONE', #8119, 39.37007874015748100 ) ;
#971 = ORIENTED_EDGE ( 'NONE', *, *, #6344, .F. ) ;
#972 = CARTESIAN_POINT ( 'NONE',  ( -18.28991281778773000, 34.15953267560315300, -41.01649051669576800 ) ) ;
#973 = PLANE ( 'NONE',  #2129 ) ;
#974 = LINE ( 'NONE', #8814, #936 ) ;
#975 = EDGE_LOOP ( 'NONE', ( #5652, #7048, #2241, #8122 ) ) ;
#976 = LINE ( 'NONE', #4337, #1010 ) ;
#977 = DIRECTION ( 'NONE',  ( -0.0000000000000000000, 0.0000000000000000000, 1.000000000000000000 ) ) ;
#978 = DIRECTION ( 'NONE',  ( 1.000000000000000000, 0.0000000000000000000, -0.0000000000000000000 ) ) ;
#979 = CARTESIAN_POINT ( 'NONE',  ( -18.27289104615800500, 35.58677612550302200, -40.55289716547079600 ) ) ;
#980 = VERTEX_POINT ( 'NONE', #2849 ) ;
#981 = CARTESIAN_POINT ( 'NONE',  ( -17.68937467485637800, 35.18315472285326000, -41.95251413874485300 ) ) ;
#982 = CARTESIAN_POINT ( 'NONE',  ( -20.17926946494208800, 35.49811535277832800, -39.95448264269444400 ) ) ;
#983 = ORIENTED_EDGE ( 'NONE', *, *, #229, .T. ) ;
#984 = LINE ( 'NONE', #1409, #953 ) ;
#985 = CARTESIAN_POINT ( 'NONE',  ( -20.17926946494192800, 35.89181614017992000, -39.95448264269435200 ) ) ;
#986 = EDGE_LOOP ( 'NONE', ( #4939, #4956, #4991, #5027 ) ) ;
#987 = CARTESIAN_POINT ( 'NONE',  ( -20.05722222084545700, 34.47449330553208600, -45.25172673286732600 ) ) ;
#988 = VERTEX_POINT ( 'NONE', #2732 ) ;
#989 = CARTESIAN_POINT ( 'NONE',  ( -19.93744475792578900, 35.18195246389684900, -40.13164799701654300 ) ) ;
#990 = ADVANCED_FACE ( 'NONE', ( #8093, #8070 ), #8200, .T. ) ;
#991 = AXIS2_PLACEMENT_3D ( 'NONE', #450, #5590, #1179 ) ;
#992 = ORIENTED_EDGE ( 'NONE', *, *, #6445, .F. ) ;
#993 = EDGE_CURVE ( 'NONE', #1702, #2317, #8046, .T. ) ;
#994 = LINE ( 'NONE', #3568, #970 ) ;
#995 = ORIENTED_EDGE ( 'NONE', *, *, #1074, .T. ) ;
#996 = CARTESIAN_POINT ( 'NONE',  ( -21.74423009470578800, 35.18315472321020100, -42.57259287528425100 ) ) ;
#997 = CARTESIAN_POINT ( 'NONE',  ( -19.02375765391106200, 33.64772165198902300, -41.69267161906339000 ) ) ;
#998 = DIRECTION ( 'NONE',  ( -1.000000000000000000, 0.0000000000000000000, -1.552565295730630100E-012 ) ) ;
#999 = ORIENTED_EDGE ( 'NONE', *, *, #5019, .F. ) ;
#1000 = ADVANCED_FACE ( 'NONE', ( #8032 ), #8008, .F. ) ;
#1001 = EDGE_LOOP ( 'NONE', ( #1, #240, #448, #559, #710, #863 ) ) ;
#1002 = VECTOR ( 'NONE', #5042, 39.37007874015748900 ) ;
#1003 = DIRECTION ( 'NONE',  ( 0.0000000000000000000, 1.000000000000000000, 0.0000000000000000000 ) ) ;
#1004 = CARTESIAN_POINT ( 'NONE',  ( -18.28991281778543200, 35.76674697900210000, -43.77338027620511700 ) ) ;
#1005 = CARTESIAN_POINT ( 'NONE',  ( -19.12135943312732400, 33.69465101347513100, -44.39667339940509500 ) ) ;
#1006 = VECTOR ( 'NONE', #4490, 39.37007874015748100 ) ;
#1007 = AXIS2_PLACEMENT_3D ( 'NONE', #8584, #415, #5558 ) ;
#1008 = ORIENTED_EDGE ( 'NONE', *, *, #6967, .F. ) ;
#1009 = ORIENTED_EDGE ( 'NONE', *, *, #7751, .F. ) ;
#1010 = VECTOR ( 'NONE', #9466, 39.37007874015748100 ) ;
#1011 = PLANE ( 'NONE',  #3763 ) ;
#1012 = CARTESIAN_POINT ( 'NONE',  ( -18.22738435151085700, 34.14606057405850900, -40.91479964005530700 ) ) ;
#1013 = VECTOR ( 'NONE', #3803, 39.37007874015748100 ) ;
#1014 = CARTESIAN_POINT ( 'NONE',  ( -18.26841952441337100, 35.54535944727540200, -44.61196295335344100 ) ) ;
#1015 = CARTESIAN_POINT ( 'NONE',  ( -18.24980009188134000, 35.06241981448118800, -40.55290783953089600 ) ) ;
#1016 = DIRECTION ( 'NONE',  ( 0.0000000000000000000, 1.000000000000000000, 0.0000000000000000000 ) ) ;
#1017 = VERTEX_POINT ( 'NONE', #1910 ) ;
#1018 = ORIENTED_EDGE ( 'NONE', *, *, #5517, .T. ) ;
#1019 = ORIENTED_EDGE ( 'NONE', *, *, #7753, .T. ) ;
#1020 = VECTOR ( 'NONE', #2083, 39.37007874015748900 ) ;
#1021 = CARTESIAN_POINT ( 'NONE',  ( -20.18238305517322900, 33.67861015201941700, -43.61589996124646300 ) ) ;
#1022 = EDGE_CURVE ( 'NONE', #3801, #3786, #8017, .T. ) ;
#1023 = DIRECTION ( 'NONE',  ( 0.9975640502597361600, 0.06975647374538644600, 0.0000000000000000000 ) ) ;
#1024 = LINE ( 'NONE', #8316, #1032 ) ;
#1025 = CARTESIAN_POINT ( 'NONE',  ( -19.70899736155933000, 35.54535944726740100, -44.61196295335354000 ) ) ;
#1026 = CARTESIAN_POINT ( 'NONE',  ( -18.28991281778543200, 34.59956246671328700, -43.53051543365634800 ) ) ;
#1027 = ORIENTED_EDGE ( 'NONE', *, *, #9, .F. ) ;
#1028 = ORIENTED_EDGE ( 'NONE', *, *, #7430, .T. ) ;
#1029 = DIRECTION ( 'NONE',  ( -0.0000000000000000000, 0.0000000000000000000, -1.000000000000000000 ) ) ;
#1030 = ORIENTED_EDGE ( 'NONE', *, *, #6543, .T. ) ;
#1031 = LINE ( 'NONE', #5754, #1020 ) ;
#1032 = VECTOR ( 'NONE', #7553, 39.37007874015748100 ) ;
#1033 = AXIS2_PLACEMENT_3D ( 'NONE', #989, #8474, #3937 ) ;
#1034 = EDGE_CURVE ( 'NONE', #5937, #6576, #8329, .T. ) ;
#1035 = DIRECTION ( 'NONE',  ( -1.000000000000000000, 1.083082623645810000E-012, -1.289195296225029900E-012 ) ) ;
#1036 = CARTESIAN_POINT ( 'NONE',  ( -18.27720357975001500, 35.62229579745512400, -40.55290783953125800 ) ) ;
#1037 = DIRECTION ( 'NONE',  ( -1.000000000000000000, 1.264251560246800100E-012, -2.841279047499280000E-012 ) ) ;
#1038 = AXIS2_PLACEMENT_3D ( 'NONE', #3383, #8645, #4131 ) ;
#1039 = VERTEX_POINT ( 'NONE', #779 ) ;
#1040 = ORIENTED_EDGE ( 'NONE', *, *, #1022, .T. ) ;
#1041 = ADVANCED_FACE ( 'NONE', ( #8006 ), #870, .F. ) ;
#1042 = LINE ( 'NONE', #8089, #1002 ) ;
#1043 = VECTOR ( 'NONE', #8956, 39.37007874015748100 ) ;
#1044 = CARTESIAN_POINT ( 'NONE',  ( -18.09856080337116100, 34.30275137963390400, -41.63769542106319900 ) ) ;
#1045 = DIRECTION ( 'NONE',  ( -0.0000000000000000000, 0.0000000000000000000, -1.000000000000000000 ) ) ;
#1046 = EDGE_LOOP ( 'NONE', ( #2668, #8862, #42, #3732 ) ) ;
#1047 = CARTESIAN_POINT ( 'NONE',  ( -18.22721900970809400, 34.11410938046890400, -40.92451052793662600 ) ) ;
#1048 = ORIENTED_EDGE ( 'NONE', *, *, #3299, .T. ) ;
#1049 = AXIS2_PLACEMENT_3D ( 'NONE', #2366, #195, #5331 ) ;
#1050 = EDGE_CURVE ( 'NONE', #6513, #1343, #8024, .T. ) ;
#1051 = EDGE_CURVE ( 'NONE', #1343, #1398, #8369, .T. ) ;
#1052 = VECTOR ( 'NONE', #1347, 39.37007874015748100 ) ;
#1053 = LINE ( 'NONE', #5988, #1006 ) ;
#1054 = DIRECTION ( 'NONE',  ( 1.000000000000000000, 0.0000000000000000000, -0.0000000000000000000 ) ) ;
#1055 = ORIENTED_EDGE ( 'NONE', *, *, #7770, .F. ) ;
#1056 = EDGE_LOOP ( 'NONE', ( #8587, #3153, #9504, #1030, #4343, #437, #3224, #5539, #1294, #5510, #6930, #2154, #7983, #8461, #3048, #9331, #291, #590 ) ) ;
#1057 = PLANE ( 'NONE',  #3897 ) ;
#1058 = CARTESIAN_POINT ( 'NONE',  ( -18.30014871118362100, 36.64752232457975400, -43.61716421198281100 ) ) ;
#1059 = CARTESIAN_POINT ( 'NONE',  ( -18.22701880103834100, 34.09710917702083300, -40.93509160998752300 ) ) ;
#1060 = CIRCLE ( 'NONE', #1174, 0.3976377952755904600 ) ;
#1061 = B_SPLINE_CURVE_WITH_KNOTS ( 'NONE', 3,
 ( #2754, #4984, #2054, #7280 ),
 .UNSPECIFIED., .F., .F.,
 ( 4, 4 ),
 ( 1.253827215993040200E-014, 0.0005502980919751807900 ),
 .UNSPECIFIED. ) ;
#1062 = EDGE_CURVE ( 'NONE', #5081, #567, #7998, .T. ) ;
#1063 = ORIENTED_EDGE ( 'NONE', *, *, #89, .T. ) ;
#1064 = EDGE_LOOP ( 'NONE', ( #7567, #8336, #8508, #8652 ) ) ;
#1065 = CARTESIAN_POINT ( 'NONE',  ( -18.25491234143362400, 35.62073704222584800, -40.83140224806658800 ) ) ;
#1066 = CARTESIAN_POINT ( 'NONE',  ( -18.54344269327106400, 36.65165865986205100, -43.47219917382216200 ) ) ;
#1067 = CARTESIAN_POINT ( 'NONE',  ( -19.38112961815326700, 33.79732795118697200, -40.55290783953070400 ) ) ;
#1068 = VECTOR ( 'NONE', #2047, 39.37007874015748100 ) ;
#1069 = VERTEX_POINT ( 'NONE', #96 ) ;
#1070 = CARTESIAN_POINT ( 'NONE',  ( -20.18320647280358300, 33.65528093473621900, -44.26550626043623300 ) ) ;
#1071 = ORIENTED_EDGE ( 'NONE', *, *, #6181, .T. ) ;
#1072 = CARTESIAN_POINT ( 'NONE',  ( -18.09856080337116100, 34.15953267596629000, -41.63769542106317100 ) ) ;
#1073 = CARTESIAN_POINT ( 'NONE',  ( -18.27093485365051600, 35.56898149451458800, -40.55290783962166000 ) ) ;
#1074 = EDGE_CURVE ( 'NONE', #6738, #3531, #8424, .T. ) ;
#1075 = DIRECTION ( 'NONE',  ( 0.008726535497084790500, 1.884351576915229500E-013, 0.9999619230641826300 ) ) ;
#1076 = EDGE_CURVE ( 'NONE', #4191, #4246, #7970, .T. ) ;
#1077 = CARTESIAN_POINT ( 'NONE',  ( -18.12382062244748200, 35.61157021624489300, -41.69267161906628900 ) ) ;
#1078 = EDGE_CURVE ( 'NONE', #4778, #4675, #8581, .T. ) ;
#1079 = LINE ( 'NONE', #614, #1052 ) ;
#1080 = DIRECTION ( 'NONE',  ( -1.281026566875212200E-012, 0.0000000000000000000, 1.000000000000000000 ) ) ;
#1081 = ORIENTED_EDGE ( 'NONE', *, *, #7784, .F. ) ;
#1082 = CARTESIAN_POINT ( 'NONE',  ( -18.22782331422753200, 35.18315472250255000, -40.82821409396854100 ) ) ;
#1083 = ADVANCED_FACE ( 'NONE', ( #7948 ), #9407, .F. ) ;
#1084 = ORIENTED_EDGE ( 'NONE', *, *, #6880, .T. ) ;
#1085 = VECTOR ( 'NONE', #4977, 39.37007874015748100 ) ;
#1086 = CARTESIAN_POINT ( 'NONE',  ( -18.22734154655545100, 34.13297482639752900, -40.91740866892583000 ) ) ;
#1087 = CARTESIAN_POINT ( 'NONE',  ( -18.26841952441191100, 34.82094999845045900, -44.61196295335327700 ) ) ;
#1088 = EDGE_CURVE ( 'NONE', #2428, #2507, #7988, .T. ) ;
#1089 = CARTESIAN_POINT ( 'NONE',  ( -18.22730947302603300, 34.12658241720123400, -40.91934179285324500 ) ) ;
#1090 = ORIENTED_EDGE ( 'NONE', *, *, #3734, .F. ) ;
#1091 = DIRECTION ( 'NONE',  ( -0.0000000000000000000, 0.0000000000000000000, 1.000000000000000000 ) ) ;
#1092 = AXIS2_PLACEMENT_3D ( 'NONE', #6624, #8871, #7411 ) ;
#1093 = LINE ( 'NONE', #8705, #1068 ) ;
#1094 = ORIENTED_EDGE ( 'NONE', *, *, #5275, .F. ) ;
#1095 = VECTOR ( 'NONE', #8731, 39.37007874015748100 ) ;
#1096 = CARTESIAN_POINT ( 'NONE',  ( -18.22693203960873000, 34.09186828252779100, -40.93938880232174400 ) ) ;
#1097 = CARTESIAN_POINT ( 'NONE',  ( -19.02375765390625200, 33.69883403362766200, -43.65916475816458600 ) ) ;
#1098 = ORIENTED_EDGE ( 'NONE', *, *, #5900, .F. ) ;
#1099 = CARTESIAN_POINT ( 'NONE',  ( -18.54344269331386000, 33.69890275434676900, -41.54640531833234000 ) ) ;
#1100 = ORIENTED_EDGE ( 'NONE', *, *, #6555, .F. ) ;
#1101 = EDGE_CURVE ( 'NONE', #1398, #4778, #7957, .T. ) ;
#1102 = FACE_OUTER_BOUND ( 'NONE', #1838, .T. ) ;
#1103 = ORIENTED_EDGE ( 'NONE', *, *, #7855, .T. ) ;
#1104 = CARTESIAN_POINT ( 'NONE',  ( -18.20497137696767700, 34.99717801623850700, -41.42517653029607100 ) ) ;
#1105 = AXIS2_PLACEMENT_3D ( 'NONE', #7306, #7340, #2844 ) ;
#1106 = CARTESIAN_POINT ( 'NONE',  ( -18.21667103958945000, 36.20677677045451000, -41.49190846286628400 ) ) ;
#1107 = ORIENTED_EDGE ( 'NONE', *, *, #7753, .F. ) ;
#1108 = DIRECTION ( 'NONE',  ( 1.000000000000000000, -1.083082623645810000E-012, 1.289195296225029900E-012 ) ) ;
#1109 = CARTESIAN_POINT ( 'NONE',  ( -18.28991281778773000, 36.20677677009133800, -41.01649051669615900 ) ) ;
#1110 = EDGE_LOOP ( 'NONE', ( #6871, #6996, #7099, #7166 ) ) ;
#1111 = DIRECTION ( 'NONE',  ( 1.134155878638480100E-012, 1.433858339132164300E-024, 1.000000000000000000 ) ) ;
#1112 = DIRECTION ( 'NONE',  ( 0.9975262508966568100, 0.06975383055588604800, -0.008705279710649049800 ) ) ;
#1113 = DIRECTION ( 'NONE',  ( -2.841279047498729900E-012, -1.993517598874519800E-013, -1.000000000000000000 ) ) ;
#1114 = EDGE_CURVE ( 'NONE', #4675, #7964, #7910, .T. ) ;
#1115 = ORIENTED_EDGE ( 'NONE', *, *, #6375, .T. ) ;
#1116 = CARTESIAN_POINT ( 'NONE',  ( -18.21667103959189400, 34.15953267596631100, -41.54697808229745700 ) ) ;
#1117 = ORIENTED_EDGE ( 'NONE', *, *, #7787, .F. ) ;
#1118 = CIRCLE ( 'NONE', #1194, 0.1417322834645666200 ) ;
#1119 = CARTESIAN_POINT ( 'NONE',  ( -18.22672596385348600, 34.08237254473631600, -40.94889274562093800 ) ) ;
#1120 = UNCERTAINTY_MEASURE_WITH_UNIT (LENGTH_MEASURE( 1.000000000000000100E-005 ), #442, 'distance_accuracy_value', 'NONE');
#1121 = CARTESIAN_POINT ( 'NONE',  ( -18.22016794196630900, 34.15953267560257000, -41.11885272142009000 ) ) ;
#1122 = CYLINDRICAL_SURFACE ( 'NONE', #9173, 0.1023622047244069200 ) ;
#1123 = DIRECTION ( 'NONE',  ( 0.0000000000000000000, -0.0000000000000000000, 1.000000000000000000 ) ) ;
#1124 = ORIENTED_EDGE ( 'NONE', *, *, #6094, .F. ) ;
#1125 = CARTESIAN_POINT ( 'NONE',  ( -18.30764716386512000, 36.65497565698353800, -40.24188421748068800 ) ) ;
#1126 = CARTESIAN_POINT ( 'NONE',  ( -18.24369720413594800, 35.61995280342922900, -41.38973362110432000 ) ) ;
#1127 = ORIENTED_EDGE ( 'NONE', *, *, #6530, .T. ) ;
#1128 = CARTESIAN_POINT ( 'NONE',  ( -18.54344269327303300, 36.66327993997100500, -43.62100501387116200 ) ) ;
#1129 = FACE_OUTER_BOUND ( 'NONE', #7931, .T. ) ;
#1130 = ADVANCED_FACE ( 'NONE', ( #7890 ), #9245, .T. ) ;
#1131 = LINE ( 'NONE', #8285, #1043 ) ;
#1132 = DIRECTION ( 'NONE',  ( 3.030255784859252200E-012, 0.0000000000000000000, -1.000000000000000000 ) ) ;
#1133 = CARTESIAN_POINT ( 'NONE',  ( -18.32223743853925400, 34.65744796838669100, -40.20785110169843100 ) ) ;
#1134 = ORIENTED_EDGE ( 'NONE', *, *, #1873, .F. ) ;
#1135 = CARTESIAN_POINT ( 'NONE',  ( -18.27021988257582700, 34.31711159498047400, -40.20200085907047300 ) ) ;
#1136 = EDGE_LOOP ( 'NONE', ( #2470, #2322, #2279, #2911, #4074, #4231 ) ) ;
#1137 = VERTEX_POINT ( 'NONE', #9359 ) ;
#1138 = VECTOR ( 'NONE', #4176, 39.37007874015748100 ) ;
#1139 = CARTESIAN_POINT ( 'NONE',  ( -18.22716168100020800, 34.10819571595115500, -40.92768177972556000 ) ) ;
#1140 = CARTESIAN_POINT ( 'NONE',  ( -20.05722222084799700, 35.49811535277834900, -39.95448264269413800 ) ) ;
#1141 = FACE_OUTER_BOUND ( 'NONE', #2027, .T. ) ;
#1142 = CARTESIAN_POINT ( 'NONE',  ( -18.30397546411765900, 33.73995804099337900, -44.92298657540595700 ) ) ;
#1143 = B_SPLINE_CURVE_WITH_KNOTS ( 'NONE', 3,
 ( #2654, #3402, #8661, #4147 ),
 .UNSPECIFIED., .F., .F.,
 ( 4, 4 ),
 ( 0.009200000008934171000, 0.01840000000016894800 ),
 .UNSPECIFIED. ) ;
#1144 = EDGE_CURVE ( 'NONE', #2231, #2507, #7901, .T. ) ;
#1145 = ORIENTED_EDGE ( 'NONE', *, *, #6809, .T. ) ;
#1146 = CARTESIAN_POINT ( 'NONE',  ( -18.24374390441959900, 35.61995606903111900, -41.11034418953543900 ) ) ;
#1147 = CARTESIAN_POINT ( 'NONE',  ( -19.08674977989653600, 33.79732795118697200, -40.55290783953069700 ) ) ;
#1148 = CARTESIAN_POINT ( 'NONE',  ( -18.22428152748599600, 35.28485606854339800, -44.13497989806418100 ) ) ;
#1149 = LINE ( 'NONE', #7971, #1138 ) ;
#1150 = FACE_OUTER_BOUND ( 'NONE', #4132, .T. ) ;
#1151 = CARTESIAN_POINT ( 'NONE',  ( -18.12382062248838500, 35.61157021625170000, -43.47219917382320600 ) ) ;
#1152 = CARTESIAN_POINT ( 'NONE',  ( -19.08725445498496100, 34.61908783719968600, -44.61196295335354000 ) ) ;
#1153 = CARTESIAN_POINT ( 'NONE',  ( -18.64537774984346500, 35.64378464412646300, -40.55290783953070400 ) ) ;
#1154 = CARTESIAN_POINT ( 'NONE',  ( -18.28991281778759900, 33.64772165198902300, -41.69267161906130100 ) ) ;
#1155 = DIRECTION ( 'NONE',  ( 0.0000000000000000000, -1.000000000000000000, -0.0000000000000000000 ) ) ;
#1156 = VERTEX_POINT ( 'NONE', #9162 ) ;
#1157 = ORIENTED_EDGE ( 'NONE', *, *, #624, .F. ) ;
#1158 = VECTOR ( 'NONE', #1508, 39.37007874015748100 ) ;
#1159 = EDGE_CURVE ( 'NONE', #6738, #8161, #7881, .T. ) ;
#1160 = DIRECTION ( 'NONE',  ( -0.0000000000000000000, 0.0000000000000000000, -1.000000000000000000 ) ) ;
#1161 = CARTESIAN_POINT ( 'NONE',  ( -20.18320647280199900, 36.14820575110522300, -45.03322279586745900 ) ) ;
#1162 = LINE ( 'NONE', #3456, #1085 ) ;
#1163 = DIRECTION ( 'NONE',  ( -0.0000000000000000000, 0.0000000000000000000, -1.000000000000000000 ) ) ;
#1164 = VECTOR ( 'NONE', #6740, 39.37007874015748100 ) ;
#1165 = CARTESIAN_POINT ( 'NONE',  ( -18.26841952445553100, 35.84457204569339700, -44.61196295335343400 ) ) ;
#1166 = EDGE_CURVE ( 'NONE', #4814, #6738, #8601, .T. ) ;
#1167 = ORIENTED_EDGE ( 'NONE', *, *, #426, .F. ) ;
#1168 = CARTESIAN_POINT ( 'NONE',  ( -20.18320647280961900, 34.67134369923179800, -39.99778972929480900 ) ) ;
#1169 = B_SPLINE_CURVE_WITH_KNOTS ( 'NONE', 3,
 ( #9257, #4081, #1896, #7108 ),
 .UNSPECIFIED., .F., .F.,
 ( 4, 4 ),
 ( 1.622873039602704900E-014, 0.0005502980914541446700 ),
 .UNSPECIFIED. ) ;
#1170 = CARTESIAN_POINT ( 'NONE',  ( -18.24369705721105500, 36.64357484038522000, -41.54721393478067900 ) ) ;
#1171 =( NAMED_UNIT ( * ) SI_UNIT ( $, .STERADIAN. ) SOLID_ANGLE_UNIT ( ) );
#1172 = VECTOR ( 'NONE', #7170, 39.37007874015748100 ) ;
#1173 = DIRECTION ( 'NONE',  ( 1.000000000000000000, 0.0000000000000000000, -0.0000000000000000000 ) ) ;
#1174 = AXIS2_PLACEMENT_3D ( 'NONE', #3540, #8787, #4302 ) ;
#1175 = CARTESIAN_POINT ( 'NONE',  ( -18.22660780703709800, 34.07814575926565900, -40.95404975532574800 ) ) ;
#1176 = EDGE_CURVE ( 'NONE', #8161, #8114, #8621, .T. ) ;
#1177 = ORIENTED_EDGE ( 'NONE', *, *, #244, .T. ) ;
#1178 = AXIS2_PLACEMENT_3D ( 'NONE', #5662, #2715, #8004 ) ;
#1179 = DIRECTION ( 'NONE',  ( -2.841279047499280000E-012, 0.0000000000000000000, 1.000000000000000000 ) ) ;
#1180 = LINE ( 'NONE', #6458, #1095 ) ;
#1181 = DIRECTION ( 'NONE',  ( 1.000000000000000000, 0.0000000000000000000, -0.0000000000000000000 ) ) ;
#1182 = ADVANCED_FACE ( 'NONE', ( #7922 ), #8633, .T. ) ;
#1183 = CARTESIAN_POINT ( 'NONE',  ( -18.24369705720897600, 33.72273460532666400, -43.58440389824961200 ) ) ;
#1184 = CARTESIAN_POINT ( 'NONE',  ( -18.22350788955715100, 35.28031885828504200, -44.11548494216059900 ) ) ;
#1185 = ORIENTED_EDGE ( 'NONE', *, *, #7400, .F. ) ;
#1186 = CARTESIAN_POINT ( 'NONE',  ( -18.21667103973525000, 36.20677677009126000, -40.91412831197165900 ) ) ;
#1187 = ORIENTED_EDGE ( 'NONE', *, *, #426, .T. ) ;
#1188 = CARTESIAN_POINT ( 'NONE',  ( -20.05722222084762100, 35.89181614017980600, -39.91314406001693300 ) ) ;
#1189 = DIRECTION ( 'NONE',  ( -1.000000000000000000, -0.0000000000000000000, 0.0000000000000000000 ) ) ;
#1190 = CARTESIAN_POINT ( 'NONE',  ( -20.12396705856152900, 34.78551692757830700, -39.82459852400835100 ) ) ;
#1191 = DIRECTION ( 'NONE',  ( 5.664139784502151000E-025, 1.000000000000000000, -1.993517598874519800E-013 ) ) ;
#1192 = DIRECTION ( 'NONE',  ( 1.000000000000000000, 0.0000000000000000000, -0.0000000000000000000 ) ) ;
#1193 = VECTOR ( 'NONE', #4880, 39.37007874015748100 ) ;
#1194 = AXIS2_PLACEMENT_3D ( 'NONE', #552, #5693, #1289 ) ;
#1195 = VERTEX_POINT ( 'NONE', #8467 ) ;
#1196 = CARTESIAN_POINT ( 'NONE',  ( -19.08674977989307200, 35.20083469946090600, -44.22219917382204800 ) ) ;
#1197 = ORIENTED_EDGE ( 'NONE', *, *, #496, .F. ) ;
#1198 = CARTESIAN_POINT ( 'NONE',  ( -18.28991281778543200, 35.19595006394693100, -40.63145515489173900 ) ) ;
#1199 = CARTESIAN_POINT ( 'NONE',  ( -17.74423009484521100, 35.18315472285335200, -42.58243539858779800 ) ) ;
#1200 = LINE ( 'NONE', #6395, #1172 ) ;
#1201 = DIRECTION ( 'NONE',  ( 0.0000000000000000000, 0.0000000000000000000, -1.000000000000000000 ) ) ;
#1202 = DIRECTION ( 'NONE',  ( -1.000000000000000000, -1.083082623645810000E-012, 1.289195296225029900E-012 ) ) ;
#1203 = VERTEX_POINT ( 'NONE', #8481 ) ;
#1204 = DIRECTION ( 'NONE',  ( 0.0000000000000000000, 0.0000000000000000000, 1.000000000000000000 ) ) ;
#1205 = EDGE_CURVE ( 'NONE', #7964, #6766, #8736, .T. ) ;
#1206 = CARTESIAN_POINT ( 'NONE',  ( -18.22500333409168900, 34.05717164747266400, -41.00980925671165500 ) ) ;
#1207 = AXIS2_PLACEMENT_3D ( 'NONE', #1890, #4849, #458 ) ;
#1208 = VECTOR ( 'NONE', #9310, 39.37007874015749600 ) ;
#1209 = CARTESIAN_POINT ( 'NONE',  ( -18.22617766875489700, 34.06750585096856600, -40.97117263531583100 ) ) ;
#1210 = EDGE_LOOP ( 'NONE', ( #5214, #4152, #4142, #4213 ) ) ;
#1211 = CIRCLE ( 'NONE', #1220, 0.1417322834645666200 ) ;
#1212 = ORIENTED_EDGE ( 'NONE', *, *, #7808, .F. ) ;
#1213 = CARTESIAN_POINT ( 'NONE',  ( -17.71465293941996300, 33.65528093473621900, -43.62771098485039500 ) ) ;
#1214 = CARTESIAN_POINT ( 'NONE',  ( -19.08674977989645800, 33.75402146429024000, -40.24188421747951600 ) ) ;
#1215 = DIRECTION ( 'NONE',  ( 1.000000000000000000, -0.0000000000000000000, 0.0000000000000000000 ) ) ;
#1216 = ORIENTED_EDGE ( 'NONE', *, *, #5990, .F. ) ;
#1217 = VECTOR ( 'NONE', #2646, 39.37007874015748100 ) ;
#1218 = CARTESIAN_POINT ( 'NONE',  ( -18.22376916301941600, 35.28224846643372800, -44.12186303967683200 ) ) ;
#1219 = ORIENTED_EDGE ( 'NONE', *, *, #6701, .T. ) ;
#1220 = AXIS2_PLACEMENT_3D ( 'NONE', #1256, #6428, #1992 ) ;
#1221 = DIRECTION ( 'NONE',  ( -0.0000000000000000000, 1.000000000000000000, 0.0000000000000000000 ) ) ;
#1222 = AXIS2_PLACEMENT_3D ( 'NONE', #4803, #7093, #2600 ) ;
#1223 = CARTESIAN_POINT ( 'NONE',  ( -18.25465201805866400, 36.73248352457535800, -44.14662577793229300 ) ) ;
#1224 = DIRECTION ( 'NONE',  ( -0.9975640502597359300, -0.06975647374538689000, 0.0000000000000000000 ) ) ;
#1225 = ORIENTED_EDGE ( 'NONE', *, *, #6152, .F. ) ;
#1226 = CARTESIAN_POINT ( 'NONE',  ( -19.02375765390755900, 36.66740669136001400, -41.50566374504320800 ) ) ;
#1227 = ORIENTED_EDGE ( 'NONE', *, *, #7418, .T. ) ;
#1228 = B_SPLINE_CURVE_WITH_KNOTS ( 'NONE', 3,
 ( #1125, #5541, #4823, #433 ),
 .UNSPECIFIED., .F., .F.,
 ( 4, 4 ),
 ( 0.0000000000000000000, 1.000000000000000000 ),
 .UNSPECIFIED. ) ;
#1229 = LINE ( 'NONE', #8654, #1208 ) ;
#1230 = EDGE_LOOP ( 'NONE', ( #6065, #6030, #6112, #6067, #6156, #6140, #6206, #6168 ) ) ;
#1231 = DIRECTION ( 'NONE',  ( 2.769776749013343800E-014, -3.960965289395977800E-013, -1.000000000000000000 ) ) ;
#1232 = CARTESIAN_POINT ( 'NONE',  ( -19.08674977989307200, 34.82094999845106300, -44.53322279587401100 ) ) ;
#1233 = CARTESIAN_POINT ( 'NONE',  ( -19.08725445498496100, 34.61908783719968600, -44.92298657540329300 ) ) ;
#1234 = CARTESIAN_POINT ( 'NONE',  ( -19.02375765390787500, 36.66740669136001400, -41.50566374504320800 ) ) ;
#1235 = ADVANCED_FACE ( 'NONE', ( #7873 ), #8405, .T. ) ;
#1236 = VERTEX_POINT ( 'NONE', #8479 ) ;
#1237 = ORIENTED_EDGE ( 'NONE', *, *, #7310, .T. ) ;
#1238 = EDGE_CURVE ( 'NONE', #721, #2568, #7866, .T. ) ;
#1239 = LINE ( 'NONE', #1924, #1217 ) ;
#1240 = PLANE ( 'NONE',  #3927 ) ;
#1241 = LINE ( 'NONE', #6665, #1158 ) ;
#1242 = PLANE ( 'NONE',  #2987 ) ;
#1243 = CARTESIAN_POINT ( 'NONE',  ( -19.08725445498496100, 36.61228798142165200, -44.92298657540473500 ) ) ;
#1244 = ORIENTED_EDGE ( 'NONE', *, *, #5375, .F. ) ;
#1245 = VERTEX_POINT ( 'NONE', #8318 ) ;
#1246 = LINE ( 'NONE', #7135, #1193 ) ;
#1247 = CARTESIAN_POINT ( 'NONE',  ( -18.24431777537380100, 34.74139249810241400, -43.77011100912362500 ) ) ;
#1248 = VECTOR ( 'NONE', #5922, 39.37007874015748100 ) ;
#1249 = AXIS2_PLACEMENT_3D ( 'NONE', #2513, #3249, #8527 ) ;
#1250 = CARTESIAN_POINT ( 'NONE',  ( -18.22271484072245000, 35.27263750991838300, -44.09689574643368800 ) ) ;
#1251 = EDGE_CURVE ( 'NONE', #2299, #2795, #7856, .T. ) ;
#1252 = DIRECTION ( 'NONE',  ( -2.841279047499280000E-012, -0.0000000000000000000, 1.000000000000000000 ) ) ;
#1253 = CARTESIAN_POINT ( 'NONE',  ( -18.30875953088678500, 34.61631982535628500, -40.24188421747879100 ) ) ;
#1254 = ORIENTED_EDGE ( 'NONE', *, *, #3095, .F. ) ;
#1255 = ORIENTED_EDGE ( 'NONE', *, *, #7673, .F. ) ;
#1256 = CARTESIAN_POINT ( 'NONE',  ( -18.19304899248493300, 33.65528093473847800, -42.58243539858847300 ) ) ;
#1257 = CARTESIAN_POINT ( 'NONE',  ( -18.28991281778759900, 36.65466610282106800, -44.53341563799252600 ) ) ;
#1258 = ORIENTED_EDGE ( 'NONE', *, *, #3611, .T. ) ;
#1259 = VECTOR ( 'NONE', #1189, 39.37007874015748100 ) ;
#1260 = LINE ( 'NONE', #2274, #1164 ) ;
#1261 = CARTESIAN_POINT ( 'NONE',  ( -18.22583281773912800, 34.06239651537436700, -40.98351760052052800 ) ) ;
#1262 = DIRECTION ( 'NONE',  ( -1.000000000000000000, -0.0000000000000000000, -0.0000000000000000000 ) ) ;
#1263 = VERTEX_POINT ( 'NONE', #8253 ) ;
#1264 = EDGE_LOOP ( 'NONE', ( #5213, #5263, #5288, #5298 ) ) ;
#1265 = ORIENTED_EDGE ( 'NONE', *, *, #7632, .T. ) ;
#1266 = AXIS2_PLACEMENT_3D ( 'NONE', #4640, #259, #6895 ) ;
#1267 = EDGE_CURVE ( 'NONE', #8114, #7832, #7804, .T. ) ;
#1268 = DIRECTION ( 'NONE',  ( -0.0000000000000000000, -0.0000000000000000000, -1.000000000000000000 ) ) ;
#1269 = FACE_OUTER_BOUND ( 'NONE', #4243, .T. ) ;
#1270 = VECTOR ( 'NONE', #5176, 39.37007874015748100 ) ;
#1271 =( BOUNDED_CURVE ( )  B_SPLINE_CURVE ( 3, ( #5445, #4727, #3266, #8542 ),
 .UNSPECIFIED., .F., .F. ) 
 B_SPLINE_CURVE_WITH_KNOTS ( ( 4, 4 ),
 ( 3.141592653591042300, 3.265181152900223300 ),
 .UNSPECIFIED. ) 
 CURVE ( )  GEOMETRIC_REPRESENTATION_ITEM ( )  RATIONAL_B_SPLINE_CURVE ( ( 1.000000000000000000, 0.9987275618840452100, 0.9987275618840452100, 1.000000000000000000 ) ) 
 REPRESENTATION_ITEM ( '' )  );
#1272 = VERTEX_POINT ( 'NONE', #8337 ) ;
#1273 = ORIENTED_EDGE ( 'NONE', *, *, #6636, .T. ) ;
#1274 = DIRECTION ( 'NONE',  ( 1.000000000000000000, 0.0000000000000000000, 2.841499533867840700E-012 ) ) ;
#1275 = DIRECTION ( 'NONE',  ( -0.0000000000000000000, 0.0000000000000000000, -1.000000000000000000 ) ) ;
#1276 = VECTOR ( 'NONE', #5566, 39.37007874015748100 ) ;
#1277 = CIRCLE ( 'NONE', #9336, 0.1023622047244069200 ) ;
#1278 = EDGE_CURVE ( 'NONE', #6148, #3642, #8769, .T. ) ;
#1279 = EDGE_CURVE ( 'NONE', #6117, #6148, #7836, .T. ) ;
#1280 = CARTESIAN_POINT ( 'NONE',  ( -19.02375765390539500, 33.65528093473621900, -41.68998048601496700 ) ) ;
#1281 = CARTESIAN_POINT ( 'NONE',  ( -18.27945961396177000, 34.61631982535023900, -40.55290783953110900 ) ) ;
#1282 = DIRECTION ( 'NONE',  ( -2.741527612597545200E-015, -1.000000000000000000, 1.570620117469848500E-013 ) ) ;
#1283 = ADVANCED_FACE ( 'NONE', ( #7845 ), #8068, .F. ) ;
#1284 = VERTEX_POINT ( 'NONE', #8150 ) ;
#1285 = ORIENTED_EDGE ( 'NONE', *, *, #6867, .T. ) ;
#1286 = CARTESIAN_POINT ( 'NONE',  ( -18.12382062249071500, 34.75473922946032700, -41.39149051667913400 ) ) ;
#1287 = CARTESIAN_POINT ( 'NONE',  ( -18.22220104586845600, 36.28819697273569700, -44.08598152897210600 ) ) ;
#1288 = LINE ( 'NONE', #1153, #1259 ) ;
#1289 = DIRECTION ( 'NONE',  ( -1.000000000000000000, 1.264420666934208900E-012, 0.0000000000000000000 ) ) ;
#1291 = DIRECTION ( 'NONE',  ( 0.8376105968382858700, 0.5462677805474259700, 1.430066584192450100E-012 ) ) ;
#1290 = VECTOR ( 'NONE', #43, 39.37007874015748100 ) ;
#1292 = DIRECTION ( 'NONE',  ( 0.0000000000000000000, 0.0000000000000000000, 1.000000000000000000 ) ) ;
#1293 = ORIENTED_EDGE ( 'NONE', *, *, #7809, .F. ) ;
#1294 = ORIENTED_EDGE ( 'NONE', *, *, #6674, .T. ) ;
#1295 = CARTESIAN_POINT ( 'NONE',  ( -18.22564389250271000, 34.06045753202140200, -40.98989611954151300 ) ) ;
#1296 = CARTESIAN_POINT ( 'NONE',  ( -19.09375929415740500, 34.82094999845106300, -44.92298657540472800 ) ) ;
#1297 = DIRECTION ( 'NONE',  ( -2.841279047498729900E-012, 1.993517598874520100E-013, 1.000000000000000000 ) ) ;
#1298 = AXIS2_PLACEMENT_3D ( 'NONE', #4574, #5327, #927 ) ;
#1299 = LINE ( 'NONE', #6324, #1326 ) ;
#1300 = ORIENTED_EDGE ( 'NONE', *, *, #7808, .T. ) ;
#1301 = ORIENTED_EDGE ( 'NONE', *, *, #5957, .F. ) ;
#1302 = CARTESIAN_POINT ( 'NONE',  ( -18.22522834857055700, 34.05783168786370400, -41.00307205446790700 ) ) ;
#1303 = VECTOR ( 'NONE', #6347, 39.37007874015748100 ) ;
#1304 = EDGE_CURVE ( 'NONE', #2787, #2795, #7768, .T. ) ;
#1305 = DIRECTION ( 'NONE',  ( 0.0000000000000000000, -0.0000000000000000000, 1.000000000000000000 ) ) ;
#1306 = AXIS2_PLACEMENT_3D ( 'NONE', #8175, #7959, #8012 ) ;
#1307 = ORIENTED_EDGE ( 'NONE', *, *, #5229, .F. ) ;
#1308 = ORIENTED_EDGE ( 'NONE', *, *, #6309, .T. ) ;
#1309 = CARTESIAN_POINT ( 'NONE',  ( -18.96076552792020200, 33.69993356527701400, -43.65984139303937900 ) ) ;
#1310 = CARTESIAN_POINT ( 'NONE',  ( -18.30464310561009400, 34.58484183999056000, -40.24188421747830100 ) ) ;
#1311 = DIRECTION ( 'NONE',  ( 1.000000000000000000, -0.0000000000000000000, 0.0000000000000000000 ) ) ;
#1312 = LINE ( 'NONE', #5588, #1303 ) ;
#1313 = CARTESIAN_POINT ( 'NONE',  ( -18.50800962239988200, 36.65165865986205100, -43.47219917382244600 ) ) ;
#1314 = VERTEX_POINT ( 'NONE', #8002 ) ;
#1315 = CARTESIAN_POINT ( 'NONE',  ( -19.01982064603540900, 36.71858779371634500, -41.53715980803386300 ) ) ;
#1316 = DIRECTION ( 'NONE',  ( -0.06975647374286414500, 0.9975640502599124600, -3.970637562935382300E-013 ) ) ;
#1317 = AXIS2_PLACEMENT_3D ( 'NONE', #7686, #3156, #8446 ) ;
#1318 = VECTOR ( 'NONE', #446, 39.37007874015748100 ) ;
#1319 = VERTEX_POINT ( 'NONE', #8035 ) ;
#1320 = EDGE_CURVE ( 'NONE', #6766, #7488, #7760, .T. ) ;
#1321 = LINE ( 'NONE', #3270, #1276 ) ;
#1322 = DIRECTION ( 'NONE',  ( -0.0000000000000000000, 1.000000000000000000, 0.0000000000000000000 ) ) ;
#1323 = CARTESIAN_POINT ( 'NONE',  ( -18.28991281778543200, 34.58472952601145800, -43.53051543365638300 ) ) ;
#1324 = ORIENTED_EDGE ( 'NONE', *, *, #7338, .T. ) ;
#1325 = ADVANCED_FACE ( 'NONE', ( #7771 ), #7999, .T. ) ;
#1326 = VECTOR ( 'NONE', #7895, 39.37007874015748100 ) ;
#1327 = ORIENTED_EDGE ( 'NONE', *, *, #2580, .T. ) ;
#1328 = DIRECTION ( 'NONE',  ( -0.0000000000000000000, -0.0000000000000000000, -1.000000000000000000 ) ) ;
#1329 = LINE ( 'NONE', #9269, #1318 ) ;
#1330 = AXIS2_PLACEMENT_3D ( 'NONE', #2335, #3067, #8342 ) ;
#1331 = VERTEX_POINT ( 'NONE', #7987 ) ;
#1332 = EDGE_CURVE ( 'NONE', #5004, #5242, #8791, .T. ) ;
#1333 = CARTESIAN_POINT ( 'NONE',  ( -18.09856080336986400, 35.18315472321038600, -41.63769542106335600 ) ) ;
#1334 = CARTESIAN_POINT ( 'NONE',  ( -18.09856080336986400, 35.03993601930117300, -41.63769542106333400 ) ) ;
#1335 = EDGE_LOOP ( 'NONE', ( #5627, #5667, #5710 ) ) ;
#1336 = VECTOR ( 'NONE', #7884, 39.37007874015748100 ) ;
#1337 = ORIENTED_EDGE ( 'NONE', *, *, #4989, .T. ) ;
#1338 = DIRECTION ( 'NONE',  ( 1.757207942762898200E-012, -0.5240974256645046800, -0.8516583167044392600 ) ) ;
#1339 = CARTESIAN_POINT ( 'NONE',  ( -18.27665018931467200, 34.52173740001356400, -40.44908337814906900 ) ) ;
#1340 = EDGE_LOOP ( 'NONE', ( #8695, #3196, #9293, #1127, #4395, #484 ) ) ;
#1341 = CARTESIAN_POINT ( 'NONE',  ( -16.35033292560618200, 34.46393382833181100, -41.58046689462322800 ) ) ;
#1342 = CARTESIAN_POINT ( 'NONE',  ( -19.70899736155803300, 34.52173740003043200, -44.53322279587441600 ) ) ;
#1343 = VERTEX_POINT ( 'NONE', #7798 ) ;
#1344 = DIRECTION ( 'NONE',  ( 0.0000000000000000000, -0.0000000000000000000, 1.000000000000000000 ) ) ;
#1345 = AXIS2_PLACEMENT_3D ( 'NONE', #101, #8312, #3770 ) ;
#1346 = AXIS2_PLACEMENT_3D ( 'NONE', #4428, #776, #8901 ) ;
#1347 = DIRECTION ( 'NONE',  ( -1.835859787452255600E-015, -1.000000000000000000, 2.103686948023382700E-013 ) ) ;
#1348 = CARTESIAN_POINT ( 'NONE',  ( -18.90171040981369900, 36.71858779372219300, -43.58696941156382800 ) ) ;
#1349 = DIRECTION ( 'NONE',  ( 1.000000000000000000, 0.0000000000000000000, -0.0000000000000000000 ) ) ;
#1350 = EDGE_CURVE ( 'NONE', #7488, #6513, #8878, .T. ) ;
#1351 = CARTESIAN_POINT ( 'NONE',  ( -18.12382062249070500, 34.75473922946023500, -41.63725450928048800 ) ) ;
#1352 = ORIENTED_EDGE ( 'NONE', *, *, #6531, .T. ) ;
#1353 = ORIENTED_EDGE ( 'NONE', *, *, #7218, .F. ) ;
#1354 = VECTOR ( 'NONE', #413, 39.37007874015748100 ) ;
#1355 = LINE ( 'NONE', #6703, #1248 ) ;
#1356 = AXIS2_PLACEMENT_3D ( 'NONE', #7447, #2945, #3669 ) ;
#1357 = CARTESIAN_POINT ( 'NONE',  ( -18.26841952441554200, 34.82094999843649000, -40.55290783953079600 ) ) ;
#1358 = ORIENTED_EDGE ( 'NONE', *, *, #4862, .F. ) ;
#1359 = VERTEX_POINT ( 'NONE', #7441 ) ;
#1360 = FACE_OUTER_BOUND ( 'NONE', #6340, .T. ) ;
#1361 = CARTESIAN_POINT ( 'NONE',  ( -18.10699048600649200, 34.89696561117389700, -41.63754828040556800 ) ) ;
#1362 = CARTESIAN_POINT ( 'NONE',  ( -18.21667122637647300, 35.18315472250243700, -41.38949776896928500 ) ) ;
#1363 = VECTOR ( 'NONE', #3672, 39.37007874015748100 ) ;
#1364 = ORIENTED_EDGE ( 'NONE', *, *, #7811, .F. ) ;
#1365 = ORIENTED_EDGE ( 'NONE', *, *, #564, .T. ) ;
#1366 = DIRECTION ( 'NONE',  ( 1.000000000000000000, 1.236807744141249900E-012, -3.030489092610969900E-012 ) ) ;
#1367 = ORIENTED_EDGE ( 'NONE', *, *, #3831, .F. ) ;
#1368 = LINE ( 'NONE', #3345, #1336 ) ;
#1369 = ADVANCED_FACE ( 'NONE', ( #7743 ), #7409, .F. ) ;
#1370 = CARTESIAN_POINT ( 'NONE',  ( -18.27945961396177000, 34.61631982535023900, -40.55290783953110900 ) ) ;
#1371 = EDGE_CURVE ( 'NONE', #5242, #8074, #8944, .T. ) ;
#1372 = CARTESIAN_POINT ( 'NONE',  ( -18.22429767485237300, 34.05716812246534900, -41.02979888445254600 ) ) ;
#1373 = EDGE_CURVE ( 'NONE', #7832, #5004, #9017, .T. ) ;
#1374 = LINE ( 'NONE', #8905, #1290 ) ;
#1375 = DIRECTION ( 'NONE',  ( 0.0000000000000000000, 1.000000000000000000, 0.0000000000000000000 ) ) ;
#1376 = CARTESIAN_POINT ( 'NONE',  ( -18.28991281778543200, 34.59956246671330900, -40.63145515489173900 ) ) ;
#1377 = DIRECTION ( 'NONE',  ( 0.0000000000000000000, 0.0000000000000000000, -1.000000000000000000 ) ) ;
#1378 = DIRECTION ( 'NONE',  ( -1.000000000000000000, 1.454865855989699900E-012, -2.841279047499320000E-012 ) ) ;
#1379 = VERTEX_POINT ( 'NONE', #7357 ) ;
#1380 = DIRECTION ( 'NONE',  ( -1.281026566875212200E-012, 0.0000000000000000000, 1.000000000000000000 ) ) ;
#1381 = ORIENTED_EDGE ( 'NONE', *, *, #8048, .T. ) ;
#1382 = DIRECTION ( 'NONE',  ( -1.000000000000000000, -0.0000000000000000000, 0.0000000000000000000 ) ) ;
#1383 = DIRECTION ( 'NONE',  ( -1.264251560247140000E-012, -1.000000000000000000, 0.0000000000000000000 ) ) ;
#1384 = CARTESIAN_POINT ( 'NONE',  ( -18.66641511625566700, 35.74041937358040900, -44.61196295335314900 ) ) ;
#1385 = VECTOR ( 'NONE', #8582, 39.37007874015748100 ) ;
#1386 = VECTOR ( 'NONE', #8875, 39.37007874015748100 ) ;
#1387 =( BOUNDED_CURVE ( )  B_SPLINE_CURVE ( 3, ( #3235, #7772, #334, #5478 ),
 .UNSPECIFIED., .F., .F. ) 
 B_SPLINE_CURVE_WITH_KNOTS ( ( 4, 4 ),
 ( 6.159596807869125000, 6.283185307178307300 ),
 .UNSPECIFIED. ) 
 CURVE ( )  GEOMETRIC_REPRESENTATION_ITEM ( )  RATIONAL_B_SPLINE_CURVE ( ( 1.000000000000000000, 0.9987275618840452100, 0.9987275618840452100, 1.000000000000000000 ) ) 
 REPRESENTATION_ITEM ( '' )  );
#1388 = ORIENTED_EDGE ( 'NONE', *, *, #2664, .T. ) ;
#1389 = ORIENTED_EDGE ( 'NONE', *, *, #6344, .T. ) ;
#1390 = AXIS2_PLACEMENT_3D ( 'NONE', #6586, #7376, #2880 ) ;
#1391 = LINE ( 'NONE', #2218, #1270 ) ;
#1392 = VECTOR ( 'NONE', #4062, 39.37007874015748900 ) ;
#1393 = VECTOR ( 'NONE', #1475, 39.37007874015748100 ) ;
#1394 = DIRECTION ( 'NONE',  ( -1.000000000000000000, 1.264251560247140000E-012, -1.134155878638480100E-012 ) ) ;
#1395 = DIRECTION ( 'NONE',  ( -1.644386092493844900E-015, 1.000000000000000000, -1.884279826581177600E-013 ) ) ;
#1396 = CARTESIAN_POINT ( 'NONE',  ( -18.24369720413594800, 35.61995280342922900, -41.38973362110432000 ) ) ;
#1397 = VERTEX_POINT ( 'NONE', #7290 ) ;
#1398 = VERTEX_POINT ( 'NONE', #7301 ) ;
#1399 = EDGE_CURVE ( 'NONE', #2891, #1397, #7756, .T. ) ;
#1400 = CARTESIAN_POINT ( 'NONE',  ( -18.21648246839661300, 34.15953267526173700, -44.15746806526700400 ) ) ;
#1401 = LINE ( 'NONE', #7850, #1392 ) ;
#1402 = LINE ( 'NONE', #2947, #1363 ) ;
#1403 = EDGE_CURVE ( 'NONE', #8358, #3043, #7723, .T. ) ;
#1404 = CARTESIAN_POINT ( 'NONE',  ( -18.28991281778542800, 35.62318451395717000, -43.77473385422991500 ) ) ;
#1405 = EDGE_LOOP ( 'NONE', ( #7187, #7215, #7308, #7344, #7393 ) ) ;
#1406 = CARTESIAN_POINT ( 'NONE',  ( -18.22220104587061600, 34.07811247297620800, -41.07888926391216000 ) ) ;
#1407 = ORIENTED_EDGE ( 'NONE', *, *, #5002, .F. ) ;
#1408 = DIRECTION ( 'NONE',  ( 2.841215912481556800E-012, 0.0000000000000000000, -1.000000000000000000 ) ) ;
#1409 = CARTESIAN_POINT ( 'NONE',  ( -18.54344269336019800, 33.64772165199814700, -43.62771098486851400 ) ) ;
#1410 = CARTESIAN_POINT ( 'NONE',  ( -18.22609727915237700, 33.85823535622476800, -44.15707669321420800 ) ) ;
#1411 = DIRECTION ( 'NONE',  ( -4.363987718138980300E-013, 0.8516583167031703800, 0.5240974256665665900 ) ) ;
#1412 = DIRECTION ( 'NONE',  ( 1.000000000000000000, -1.083082623645810000E-012, 1.289195296225029900E-012 ) ) ;
#1413 = VECTOR ( 'NONE', #7060, 39.37007874015748900 ) ;
#1414 = AXIS2_PLACEMENT_3D ( 'NONE', #5756, #1378, #6553 ) ;
#1415 = ORIENTED_EDGE ( 'NONE', *, *, #2271, .T. ) ;
#1416 = CARTESIAN_POINT ( 'NONE',  ( -18.22376896086582600, 34.05983887379007100, -41.04326670156253000 ) ) ;
#1417 = ORIENTED_EDGE ( 'NONE', *, *, #8268, .T. ) ;
#1418 = CARTESIAN_POINT ( 'NONE',  ( -18.22739499834651900, 36.20677677009106100, -40.91412831197168000 ) ) ;
#1419 = DIRECTION ( 'NONE',  ( 1.000000000000000000, -1.264251560246800100E-012, 2.841279047499280000E-012 ) ) ;
#1420 = ADVANCED_FACE ( 'NONE', ( #7690 ), #7255, .T. ) ;
#1421 = LINE ( 'NONE', #1848, #1354 ) ;
#1422 = CARTESIAN_POINT ( 'NONE',  ( -18.28991281778773000, 34.15953267560315300, -41.01649051669576800 ) ) ;
#1423 = ORIENTED_EDGE ( 'NONE', *, *, #2381, .T. ) ;
#1424 = ORIENTED_EDGE ( 'NONE', *, *, #7573, .T. ) ;
#1425 = CARTESIAN_POINT ( 'NONE',  ( -18.22298035199418500, 34.06747867296032000, -41.06175121557965500 ) ) ;
#1426 = CARTESIAN_POINT ( 'NONE',  ( -21.74423009470699200, 36.20677677045446800, -41.69267161907178800 ) ) ;
#1427 =( BOUNDED_SURFACE ( )  B_SPLINE_SURFACE ( 3, 3, ( 
 ( #209, #2378, #5346, #944 ),
 ( #6101, #1677, #6881, #2411 ),
 ( #7670, #3138, #8429, #3883 ),
 ( #9078, #4624, #246, #5378 ) ),
 .UNSPECIFIED., .F., .F., .F. ) 
 B_SPLINE_SURFACE_WITH_KNOTS ( ( 4, 4 ),
 ( 4, 4 ),
 ( 0.0000000000000000000, 1.000000000000000000 ),
 ( 0.0000000000000000000, 1.000000000000000000 ),
 .UNSPECIFIED. ) 
 GEOMETRIC_REPRESENTATION_ITEM ( )  RATIONAL_B_SPLINE_SURFACE ( (
 ( 1.000000000000000000, 0.9994673074411872800, 0.9994673074411872800, 1.000000000000000000),
 ( 0.9986983324221917500, 0.9981663332520117600, 0.9981663332520117600, 0.9986983324221917500),
 ( 0.9986983324221917500, 0.9981663332520117600, 0.9981663332520117600, 0.9986983324221917500),
 ( 1.000000000000000000, 0.9994673074411872800, 0.9994673074411872800, 1.000000000000000000) ) ) 
 REPRESENTATION_ITEM ( '' )  SURFACE ( )  );
#1428 = VECTOR ( 'NONE', #1111, 39.37007874015748100 ) ;
#1429 = AXIS2_PLACEMENT_3D ( 'NONE', #554, #1292, #6461 ) ;
#1430 = ORIENTED_EDGE ( 'NONE', *, *, #7292, .T. ) ;
#1431 = DIRECTION ( 'NONE',  ( 2.260959703907213000E-025, 1.000000000000000000, -1.993517598852940400E-013 ) ) ;
#1432 = DIRECTION ( 'NONE',  ( -0.9998476951566091000, -0.01745240642479638600, 0.0000000000000000000 ) ) ;
#1433 = DIRECTION ( 'NONE',  ( 0.0000000000000000000, 0.0000000000000000000, 1.000000000000000000 ) ) ;
#1434 = LINE ( 'NONE', #6278, #1413 ) ;
#1435 = ORIENTED_EDGE ( 'NONE', *, *, #7369, .F. ) ;
#1436 = CARTESIAN_POINT ( 'NONE',  ( -18.22271337361234300, 34.07067781956686000, -41.06775129711083800 ) ) ;
#1437 = VECTOR ( 'NONE', #6252, 39.37007874015748100 ) ;
#1438 = DIRECTION ( 'NONE',  ( -0.9975640502599035800, 0.06975647374299028000, 2.782748407936276100E-012 ) ) ;
#1439 = CARTESIAN_POINT ( 'NONE',  ( -18.90171040980378000, 43.94239225515590900, -40.75369524110669100 ) ) ;
#1440 = CARTESIAN_POINT ( 'NONE',  ( -18.30912262350593900, 35.74722160851886300, -40.24188421747831500 ) ) ;
#1441 = CARTESIAN_POINT ( 'NONE',  ( -20.12046289247225100, 34.55717047088512600, -40.22613618598769800 ) ) ;
#1442 = VERTEX_POINT ( 'NONE', #7169 ) ;
#1443 = EDGE_CURVE ( 'NONE', #8074, #4814, #9111, .T. ) ;
#1444 = ORIENTED_EDGE ( 'NONE', *, *, #7218, .T. ) ;
#1445 = EDGE_CURVE ( 'NONE', #6978, #1319, #9189, .T. ) ;
#1446 = LINE ( 'NONE', #8551, #1385 ) ;
#1447 = ORIENTED_EDGE ( 'NONE', *, *, #8296, .T. ) ;
#1448 = CARTESIAN_POINT ( 'NONE',  ( -18.54344269335452800, 33.69890275434673300, -40.64345902063227800 ) ) ;
#1449 = DIRECTION ( 'NONE',  ( -2.841279047498729900E-012, 1.993517598874519800E-013, 1.000000000000000000 ) ) ;
#1450 = ORIENTED_EDGE ( 'NONE', *, *, #7823, .T. ) ;
#1451 = CARTESIAN_POINT ( 'NONE',  ( -18.12777815155913800, 33.69890275434673300, -41.63718543035354000 ) ) ;
#1452 = DIRECTION ( 'NONE',  ( 2.653479358379120200E-013, 5.152908823220420200E-024, -1.000000000000000000 ) ) ;
#1453 = EDGE_LOOP ( 'NONE', ( #6677, #6640, #6664, #6746 ) ) ;
#1454 = LINE ( 'NONE', #5493, #1437 ) ;
#1455 = ORIENTED_EDGE ( 'NONE', *, *, #2367, .T. ) ;
#1456 = PLANE ( 'NONE',  #844 ) ;
#1457 = CARTESIAN_POINT ( 'NONE',  ( -21.74423009470708800, 34.15953267596610500, -42.57259287528386000 ) ) ;
#1458 = VERTEX_POINT ( 'NONE', #7107 ) ;
#1459 = ORIENTED_EDGE ( 'NONE', *, *, #7751, .T. ) ;
#1460 = CARTESIAN_POINT ( 'NONE',  ( -18.90171040981677600, 33.65528093473621900, -41.68998048601496700 ) ) ;
#1461 = CARTESIAN_POINT ( 'NONE',  ( -18.21667122637628800, 35.32875408281226000, -41.38949776896932800 ) ) ;
#1462 = ADVANCED_FACE ( 'NONE', ( #7679 ), #7068, .T. ) ;
#1463 = CARTESIAN_POINT ( 'NONE',  ( -18.20359440892071100, 35.34073364223007000, -41.42518088908385500 ) ) ;
#1464 = VECTOR ( 'NONE', #4401, 39.37007874015748100 ) ;
#1465 = CARTESIAN_POINT ( 'NONE',  ( -18.28991281778759900, 35.62318451395393700, -41.69267161906181900 ) ) ;
#1466 = CARTESIAN_POINT ( 'NONE',  ( -17.74423009484518900, 35.18315472285335900, -42.58243539858774100 ) ) ;
#1467 = CARTESIAN_POINT ( 'NONE',  ( -18.09856080336720700, 35.18315472321020100, -42.57259287527389100 ) ) ;
#1468 = ORIENTED_EDGE ( 'NONE', *, *, #6339, .F. ) ;
#1469 = DIRECTION ( 'NONE',  ( -0.0000000000000000000, -1.000000000000000000, -0.0000000000000000000 ) ) ;
#1470 = ORIENTED_EDGE ( 'NONE', *, *, #6120, .T. ) ;
#1471 = DIRECTION ( 'NONE',  ( -1.000000000000000000, -0.0000000000000000000, 0.0000000000000000000 ) ) ;
#1472 = EDGE_CURVE ( 'NONE', #1319, #5081, #7668, .T. ) ;
#1473 = FACE_OUTER_BOUND ( 'NONE', #3616, .T. ) ;
#1474 = LINE ( 'NONE', #747, #1393 ) ;
#1475 = DIRECTION ( 'NONE',  ( 2.841279047499320000E-012, -0.0000000000000000000, -1.000000000000000000 ) ) ;
#1476 = CARTESIAN_POINT ( 'NONE',  ( -18.27945961395959500, 35.74998962036165300, -44.61196295335313500 ) ) ;
#1477 = VERTEX_POINT ( 'NONE', #7038 ) ;
#1478 = ORIENTED_EDGE ( 'NONE', *, *, #8415, .T. ) ;
#1479 = DIRECTION ( 'NONE',  ( -0.0000000000000000000, 0.0000000000000000000, -1.000000000000000000 ) ) ;
#1480 = ORIENTED_EDGE ( 'NONE', *, *, #4934, .T. ) ;
#1481 = VECTOR ( 'NONE', #3995, 39.37007874015748100 ) ;
#1482 = DIRECTION ( 'NONE',  ( 1.000000000000000000, 0.0000000000000000000, -0.0000000000000000000 ) ) ;
#1483 = AXIS2_PLACEMENT_3D ( 'NONE', #7935, #5631, #1224 ) ;
#1484 = VECTOR ( 'NONE', #5859, 39.37007874015748100 ) ;
#1485 = ORIENTED_EDGE ( 'NONE', *, *, #3766, .F. ) ;
#1486 = CARTESIAN_POINT ( 'NONE',  ( -19.70899736156152600, 35.54535944726083600, -40.24188421748048200 ) ) ;
#1487 = ORIENTED_EDGE ( 'NONE', *, *, #2942, .T. ) ;
#1488 = CARTESIAN_POINT ( 'NONE',  ( -18.30926420597521800, 34.72252480158034200, -44.92298657540521800 ) ) ;
#1489 = VERTEX_POINT ( 'NONE', #7011 ) ;
#1490 = DIRECTION ( 'NONE',  ( 0.0000000000000000000, 0.0000000000000000000, 1.000000000000000000 ) ) ;
#1491 = VECTOR ( 'NONE', #6216, 39.37007874015748100 ) ;
#1492 = LINE ( 'NONE', #2916, #1464 ) ;
#1493 = CARTESIAN_POINT ( 'NONE',  ( -18.28991281778761600, 34.59956246670955700, -40.43873461118543100 ) ) ;
#1494 = CARTESIAN_POINT ( 'NONE',  ( -18.22561064368989000, 35.47435344312120300, -41.38957578208239600 ) ) ;
#1495 = ORIENTED_EDGE ( 'NONE', *, *, #2364, .F. ) ;
#1496 = CARTESIAN_POINT ( 'NONE',  ( -18.27158823067791400, 34.99717801623882000, -40.20215475267047400 ) ) ;
#1497 = ORIENTED_EDGE ( 'NONE', *, *, #7737, .T. ) ;
#1498 = AXIS2_PLACEMENT_3D ( 'NONE', #7865, #8623, #4109 ) ;
#1499 = DIRECTION ( 'NONE',  ( 1.000000000000000000, 1.264129099612020100E-012, 0.0000000000000000000 ) ) ;
#1500 = EDGE_CURVE ( 'NONE', #8574, #2650, #7702, .T. ) ;
#1501 = CARTESIAN_POINT ( 'NONE',  ( -18.22045111303695800, 36.23974991618864300, -44.05124442328744300 ) ) ;
#1502 = LINE ( 'NONE', #9181, #1481 ) ;
#1504 = CARTESIAN_POINT ( 'NONE',  ( -19.02375765390774400, 36.66740669135589300, -41.50566374504226300 ) ) ;
#1503 = VECTOR ( 'NONE', #5828, 39.37007874015748100 ) ;
#1505 = DIRECTION ( 'NONE',  ( 1.264251560247140000E-012, -1.000000000000000000, 0.0000000000000000000 ) ) ;
#1506 = EDGE_LOOP ( 'NONE', ( #5787, #1468, #5933, #7211 ) ) ;
#1507 = ORIENTED_EDGE ( 'NONE', *, *, #6474, .T. ) ;
#1508 = DIRECTION ( 'NONE',  ( -1.000000000000000000, -0.0000000000000000000, 0.0000000000000000000 ) ) ;
#1509 =( NAMED_UNIT ( * ) SI_UNIT ( $, .STERADIAN. ) SOLID_ANGLE_UNIT ( ) );
#1510 = CARTESIAN_POINT ( 'NONE',  ( -18.26841952445768400, 34.52173740001849500, -40.55290783953098100 ) ) ;
#1511 = VECTOR ( 'NONE', #9155, 39.37007874015748900 ) ;
#1512 = LINE ( 'NONE', #5891, #1386 ) ;
#1513 = CARTESIAN_POINT ( 'NONE',  ( -19.70899736155933000, 34.82094999845106300, -44.53322279587441600 ) ) ;
#1514 = ADVANCED_FACE ( 'NONE', ( #7749 ), #6960, .F. ) ;
#1515 = AXIS2_PLACEMENT_3D ( 'NONE', #2587, #3323, #8593 ) ;
#1516 = PLANE ( 'NONE',  #686 ) ;
#1517 = ORIENTED_EDGE ( 'NONE', *, *, #7842, .F. ) ;
#1518 = ORIENTED_EDGE ( 'NONE', *, *, #3405, .F. ) ;
#1519 =( NAMED_UNIT ( * ) PLANE_ANGLE_UNIT ( ) SI_UNIT ( $, .RADIAN. ) );
#1520 = LINE ( 'NONE', #321, #1491 ) ;
#1521 = CARTESIAN_POINT ( 'NONE',  ( -18.24499292679317000, 36.65388202321058500, -43.77519476291653400 ) ) ;
#1522 = DIRECTION ( 'NONE',  ( -0.9998476951564468900, 0.0000000000000000000, 0.01745240643408930300 ) ) ;
#1523 = VERTEX_POINT ( 'NONE', #6891 ) ;
#1524 = EDGE_LOOP ( 'NONE', ( #5371, #5421, #5451, #5461 ) ) ;
#1525 = AXIS2_PLACEMENT_3D ( 'NONE', #2554, #9220, #4784 ) ;
#1526 = DIRECTION ( 'NONE',  ( 1.834791170717559100E-015, -1.000000000000000000, 2.102462434906392900E-013 ) ) ;
#1527 =( BOUNDED_SURFACE ( )  B_SPLINE_SURFACE ( 3, 3, ( 
 ( #1551, #2290, #3021, #8298 ),
 ( #3754, #8965, #4501, #115 ),
 ( #5248, #849, #5999, #1582 ),
 ( #6779, #2319, #7568, #3051 ) ),
 .UNSPECIFIED., .F., .F., .T. ) 
 B_SPLINE_SURFACE_WITH_KNOTS ( ( 4, 4 ),
 ( 4, 4 ),
 ( 0.0000000000000000000, 1.000000000000000000 ),
 ( 0.0000000000000000000, 1.000000000000000000 ),
 .UNSPECIFIED. ) 
 GEOMETRIC_REPRESENTATION_ITEM ( )  RATIONAL_B_SPLINE_SURFACE ( (
 ( 1.000000000000000000, 0.9994673074411691800, 0.9994673074411691800, 1.000000000000000000),
 ( 0.9986983324199878400, 0.9981663332497909800, 0.9981663332497909800, 0.9986983324199878400),
 ( 0.9986983324199878400, 0.9981663332497909800, 0.9981663332497909800, 0.9986983324199878400),
 ( 1.000000000000000000, 0.9994673074411691800, 0.9994673074411691800, 1.000000000000000000) ) ) 
 REPRESENTATION_ITEM ( '' )  SURFACE ( )  );
#1528 = CARTESIAN_POINT ( 'NONE',  ( -18.30494418923513300, 35.61103009715910900, -40.24188421747830100 ) ) ;
#1529 = EDGE_CURVE ( 'NONE', #2820, #2859, #9271, .T. ) ;
#1530 = DIRECTION ( 'NONE',  ( 0.0000000000000000000, 0.0000000000000000000, 1.000000000000000000 ) ) ;
#1531 = VECTOR ( 'NONE', #4712, 39.37007874015748100 ) ;
#1532 = CARTESIAN_POINT ( 'NONE',  ( -18.22045111303911800, 34.12655952952327000, -41.11362636959680100 ) ) ;
#1533 = CARTESIAN_POINT ( 'NONE',  ( -18.22271337361018700, 36.29563162614504500, -44.09711949577344800 ) ) ;
#1534 =( CONVERSION_BASED_UNIT ( 'INCH', #6501 ) LENGTH_UNIT ( ) NAMED_UNIT ( #4755 ) );
#1535 = ORIENTED_EDGE ( 'NONE', *, *, #8411, .F. ) ;
#1536 = ADVANCED_FACE ( 'NONE', ( #7624 ), #6846, .F. ) ;
#1537 = EDGE_LOOP ( 'NONE', ( #369, #3066, #5414, #1227 ) ) ;
#1538 = DIRECTION ( 'NONE',  ( -0.9975640502599111300, 0.06975647374288222700, 2.805580566057502000E-012 ) ) ;
#1539 = CARTESIAN_POINT ( 'NONE',  ( -19.08674977989393900, 36.18909679349823000, -40.63164799700984300 ) ) ;
#1540 = LINE ( 'NONE', #4771, #1428 ) ;
#1541 = EDGE_CURVE ( 'NONE', #6130, #7617, #7614, .T. ) ;
#1542 = EDGE_CURVE ( 'NONE', #5081, #8016, #9371, .T. ) ;
#1543 = VERTEX_POINT ( 'NONE', #6903 ) ;
#1544 = CARTESIAN_POINT ( 'NONE',  ( -18.22126008667780500, 36.26979463477771800, -44.06661262246500100 ) ) ;
#1545 = CARTESIAN_POINT ( 'NONE',  ( -19.38112961815067000, 36.56898149450806600, -40.63164799701023400 ) ) ;
#1546 = LINE ( 'NONE', #3967, #1531 ) ;
#1547 = ORIENTED_EDGE ( 'NONE', *, *, #3407, .T. ) ;
#1548 = VECTOR ( 'NONE', #2483, 39.37007874015748100 ) ;
#1549 = VERTEX_POINT ( 'NONE', #6427 ) ;
#1550 = CARTESIAN_POINT ( 'NONE',  ( -18.22195529781898300, 34.08233475200226800, -41.08404269226741000 ) ) ;
#1551 = CARTESIAN_POINT ( 'NONE',  ( -18.27792963007329500, 34.60129490036862200, -40.54792359053386300 ) ) ;
#1552 = LINE ( 'NONE', #9093, #1548 ) ;
#1553 = ORIENTED_EDGE ( 'NONE', *, *, #765, .T. ) ;
#1554 = LINE ( 'NONE', #5460, #1511 ) ;
#1555 = CARTESIAN_POINT ( 'NONE',  ( -20.05722222084583000, 34.86819409293354300, -45.21038815019012700 ) ) ;
#1556 = ADVANCED_FACE ( 'NONE', ( #7593 ), #6732, .T. ) ;
#1557 = ORIENTED_EDGE ( 'NONE', *, *, #3788, .F. ) ;
#1558 = DIRECTION ( 'NONE',  ( 0.0000000000000000000, 0.0000000000000000000, -1.000000000000000000 ) ) ;
#1559 =( LENGTH_UNIT ( ) NAMED_UNIT ( * ) SI_UNIT ( $, .METRE. ) );
#1560 = ORIENTED_EDGE ( 'NONE', *, *, #2042, .T. ) ;
#1561 = VECTOR ( 'NONE', #1016, 39.37007874015748100 ) ;
#1562 = SURFACE_STYLE_USAGE ( .BOTH. , #1581 ) ;
#1563 = ORIENTED_EDGE ( 'NONE', *, *, #5450, .T. ) ;
#1564 = DIRECTION ( 'NONE',  ( -1.000000000000000000, 0.0000000000000000000, -1.134155878637920100E-012 ) ) ;
#1565 = DIRECTION ( 'NONE',  ( -0.0000000000000000000, 0.0000000000000000000, -1.000000000000000000 ) ) ;
#1566 = EDGE_CURVE ( 'NONE', #8660, #2760, #7657, .T. ) ;
#1567 = AXIS2_PLACEMENT_3D ( 'NONE', #2423, #9125, #4676 ) ;
#1568 = VERTEX_POINT ( 'NONE', #6411 ) ;
#1569 = DIRECTION ( 'NONE',  ( 0.0000000000000000000, -0.0000000000000000000, 1.000000000000000000 ) ) ;
#1570 = ORIENTED_EDGE ( 'NONE', *, *, #7696, .T. ) ;
#1571 = LINE ( 'NONE', #7752, #1682 ) ;
#1572 = CARTESIAN_POINT ( 'NONE',  ( -18.27665018922714400, 34.82094999845108400, -44.71578741473518200 ) ) ;
#1573 = CARTESIAN_POINT ( 'NONE',  ( -18.28991281778759900, 34.74312493175496300, -40.55290783953110200 ) ) ;
#1574 =( BOUNDED_CURVE ( )  B_SPLINE_CURVE ( 3, ( #55, #4441, #8264, #3720 ),
 .UNSPECIFIED., .F., .F. ) 
 B_SPLINE_CURVE_WITH_KNOTS ( ( 4, 4 ),
 ( 3.141592653591042300, 3.265181152903373200 ),
 .UNSPECIFIED. ) 
 CURVE ( )  GEOMETRIC_REPRESENTATION_ITEM ( )  RATIONAL_B_SPLINE_CURVE ( ( 1.000000000000000000, 0.9987275618839803700, 0.9987275618839803700, 1.000000000000000000 ) ) 
 REPRESENTATION_ITEM ( '' )  );
#1575 = ADVANCED_FACE ( 'NONE', ( #7571 ), #6354, .T. ) ;
#1576 = ORIENTED_EDGE ( 'NONE', *, *, #7145, .T. ) ;
#1577 = VERTEX_POINT ( 'NONE', #6345 ) ;
#1578 = AXIS2_PLACEMENT_3D ( 'NONE', #2394, #5362, #960 ) ;
#1579 = LINE ( 'NONE', #290, #1561 ) ;
#1580 = EDGE_CURVE ( 'NONE', #2918, #2969, #7604, .T. ) ;
#1581 = SURFACE_SIDE_STYLE ('',( #6551 ) ) ;
#1582 = CARTESIAN_POINT ( 'NONE',  ( -18.21667154495541400, 34.30726712769472900, -41.39476830863031200 ) ) ;
#1583 = CARTESIAN_POINT ( 'NONE',  ( -18.28991281778543200, 35.62318451395732700, -40.63145515489173900 ) ) ;
#1584 = DIRECTION ( 'NONE',  ( -0.9975640502549868400, 0.06975647381330252200, 0.0000000000000000000 ) ) ;
#1585 = PRODUCT ( '22013003', '22013003', '', ( #1941 ) ) ;
#1586 = LINE ( 'NONE', #6630, #1704 ) ;
#1587 = PLANE ( 'NONE',  #778 ) ;
#1588 = ORIENTED_EDGE ( 'NONE', *, *, #7282, .F. ) ;
#1589 = VERTEX_POINT ( 'NONE', #6260 ) ;
#1590 = VECTOR ( 'NONE', #8473, 39.37007874015748100 ) ;
#1591 = DIRECTION ( 'NONE',  ( -1.000000000000000000, 0.0000000000000000000, -0.0000000000000000000 ) ) ;
#1592 = CARTESIAN_POINT ( 'NONE',  ( -18.22581165748712800, 34.88797426994486300, -41.11162288163745900 ) ) ;
#1593 = FILL_AREA_STYLE ('',( #1751 ) ) ;
#1594 = LINE ( 'NONE', #1448, #1484 ) ;
#1595 = CARTESIAN_POINT ( 'NONE',  ( -18.24369705721473200, 35.61995279316098400, -41.54721393478050800 ) ) ;
#1596 = EDGE_CURVE ( 'NONE', #8016, #5405, #7550, .T. ) ;
#1597 = DIRECTION ( 'NONE',  ( 1.000000000000000000, 0.0000000000000000000, 2.841499533867840700E-012 ) ) ;
#1598 = AXIS2_PLACEMENT_3D ( 'NONE', #2362, #7621, #3099 ) ;
#1599 = PLANE ( 'NONE',  #1613 ) ;
#1600 = EDGE_CURVE ( 'NONE', #5405, #7932, #9386, .T. ) ;
#1601 = VERTEX_POINT ( 'NONE', #6251 ) ;
#1602 = VERTEX_POINT ( 'NONE', #6162 ) ;
#1603 = EDGE_LOOP ( 'NONE', ( #1048, #4841, #6533, #1900, #7316, #7954, #2789, #8987, #460, #3923, #90, #2501 ) ) ;
#1604 = LINE ( 'NONE', #987, #1590 ) ;
#1605 = CARTESIAN_POINT ( 'NONE',  ( -18.27399836242263800, 35.59669952332048800, -44.61198513830162000 ) ) ;
#1606 = LINE ( 'NONE', #712, #1503 ) ;
#1607 = DIRECTION ( 'NONE',  ( -2.841279047498729900E-012, 1.993517598874520100E-013, 1.000000000000000000 ) ) ;
#1608 = CARTESIAN_POINT ( 'NONE',  ( -18.28640760686500900, 34.82094999845106300, -44.81946941753285100 ) ) ;
#1609 = ADVANCED_FACE ( 'NONE', ( #7639 ), #6146, .T. ) ;
#1610 = VERTEX_POINT ( 'NONE', #6277 ) ;
#1611 = ORIENTED_EDGE ( 'NONE', *, *, #7692, .T. ) ;
#1612 = CARTESIAN_POINT ( 'NONE',  ( -18.64537774984130200, 34.75992637639145500, -44.61196295335314900 ) ) ;
#1613 = AXIS2_PLACEMENT_3D ( 'NONE', #6797, #7583, #3065 ) ;
#1614 = VECTOR ( 'NONE', #3605, 39.37007874015748100 ) ;
#1615 = CARTESIAN_POINT ( 'NONE',  ( -18.22085779342294700, 34.10805110087046900, -41.10596673543476200 ) ) ;
#1616 = DIRECTION ( 'NONE',  ( 0.0000000000000000000, 0.0000000000000000000, -1.000000000000000000 ) ) ;
#1617 = ORIENTED_EDGE ( 'NONE', *, *, #7851, .F. ) ;
#1618 = ORIENTED_EDGE ( 'NONE', *, *, #8441, .T. ) ;
#1619 = CARTESIAN_POINT ( 'NONE',  ( -18.54344269335531700, 34.44890275435055600, -41.69629940721035400 ) ) ;
#1620 = LINE ( 'NONE', #3936, #1643 ) ;
#1621 = FACE_OUTER_BOUND ( 'NONE', #9399, .T. ) ;
#1622 = CARTESIAN_POINT ( 'NONE',  ( -18.22738434838455700, 36.22025040114429800, -40.91479983527579400 ) ) ;
#1623 = PLANE ( 'NONE',  #3001 ) ;
#1624 = DIRECTION ( 'NONE',  ( -0.0000000000000000000, 0.0000000000000000000, -1.000000000000000000 ) ) ;
#1625 = EDGE_CURVE ( 'NONE', #7932, #5745, #7519, .T. ) ;
#1626 = ORIENTED_EDGE ( 'NONE', *, *, #8131, .T. ) ;
#1627 = CARTESIAN_POINT ( 'NONE',  ( -21.74423009470828900, 35.18315472321037200, -41.69267161907139800 ) ) ;
#1628 = EDGE_LOOP ( 'NONE', ( #5070, #5087, #5095, #5182 ) ) ;
#1629 = ADVANCED_FACE ( 'NONE', ( #7532 ), #6057, .F. ) ;
#1630 = CARTESIAN_POINT ( 'NONE',  ( -19.01982064603591700, 36.71858779371674300, -40.89936453244484200 ) ) ;
#1631 = DIRECTION ( 'NONE',  ( 0.0000000000000000000, -1.000000000000000000, -0.0000000000000000000 ) ) ;
#1632 = CYLINDRICAL_SURFACE ( 'NONE', #1266, 1.673228346456692200 ) ;
#1633 = DIRECTION ( 'NONE',  ( 2.613222830118091900E-015, -1.497114356561256300E-013, -1.000000000000000000 ) ) ;
#1634 = VERTEX_POINT ( 'NONE', #6046 ) ;
#1635 = DIRECTION ( 'NONE',  ( -2.841279047498729900E-012, 1.993517598874520100E-013, 1.000000000000000000 ) ) ;
#1636 = ORIENTED_EDGE ( 'NONE', *, *, #7661, .T. ) ;
#1637 =( BOUNDED_CURVE ( )  B_SPLINE_CURVE ( 3, ( #2229, #2961, #5187, #790 ),
 .UNSPECIFIED., .F., .F. ) 
 B_SPLINE_CURVE_WITH_KNOTS ( ( 4, 4 ),
 ( 6.159596807865980000, 6.283185307178307300 ),
 .UNSPECIFIED. ) 
 CURVE ( )  GEOMETRIC_REPRESENTATION_ITEM ( )  RATIONAL_B_SPLINE_CURVE ( ( 1.000000000000000000, 0.9987275618839804900, 0.9987275618839804900, 1.000000000000000000 ) ) 
 REPRESENTATION_ITEM ( '' )  );
#1638 = CARTESIAN_POINT ( 'NONE',  ( -18.26841952433949200, 33.79732795119365800, -40.55290783953089600 ) ) ;
#1639 = DIRECTION ( 'NONE',  ( 0.0000000000000000000, 0.0000000000000000000, 1.000000000000000000 ) ) ;
#1640 = PLANE ( 'NONE',  #2071 ) ;
#1641 = AXIS2_PLACEMENT_3D ( 'NONE', #5171, #8249, #3702 ) ;
#1642 = AXIS2_PLACEMENT_3D ( 'NONE', #2817, #2798, #2788 ) ;
#1643 = VECTOR ( 'NONE', #1725, 39.37007874015748100 ) ;
#1644 = VERTEX_POINT ( 'NONE', #5946 ) ;
#1645 = EDGE_LOOP ( 'NONE', ( #6410, #6456, #6475, #6512 ) ) ;
#1646 = CARTESIAN_POINT ( 'NONE',  ( -19.22775575334027600, 34.86819409293466500, -45.21038815018976500 ) ) ;
#1647 = DIRECTION ( 'NONE',  ( -0.0000000000000000000, -0.0000000000000000000, 1.000000000000000000 ) ) ;
#1648 = CARTESIAN_POINT ( 'NONE',  ( -19.38112961815326700, 34.14378464410764000, -40.63164799700944500 ) ) ;
#1649 = CARTESIAN_POINT ( 'NONE',  ( -18.27792963007114200, 35.76501454534327000, -44.61694720235038100 ) ) ;
#1650 = VECTOR ( 'NONE', #2452, 39.37007874015748100 ) ;
#1651 = ORIENTED_EDGE ( 'NONE', *, *, #6020, .T. ) ;
#1652 = CARTESIAN_POINT ( 'NONE',  ( -18.54344269335531700, 33.69890275434673300, -41.69629940721024000 ) ) ;
#1653 = ORIENTED_EDGE ( 'NONE', *, *, #7126, .F. ) ;
#1654 = CARTESIAN_POINT ( 'NONE',  ( -18.22522646426750400, 36.30848609154260500, -41.00312995355615400 ) ) ;
#1655 = AXIS2_PLACEMENT_3D ( 'NONE', #3668, #4427, #39 ) ;
#1656 = DIRECTION ( 'NONE',  ( -1.000000000000000000, 1.264009473221381800E-012, -2.841348555614752700E-012 ) ) ;
#1657 = ADVANCED_FACE ( 'NONE', ( #7507 ), #6175, .T. ) ;
#1658 = DIRECTION ( 'NONE',  ( -1.101459675461920000E-012, 0.0000000000000000000, -1.000000000000000000 ) ) ;
#1659 = LINE ( 'NONE', #6925, #1650 ) ;
#1660 = CARTESIAN_POINT ( 'NONE',  ( -18.22020387497846600, 34.14614404317658400, -41.11819629620758600 ) ) ;
#1661 = CARTESIAN_POINT ( 'NONE',  ( -20.18320647280423300, 36.66740669135916200, -40.89936453244644800 ) ) ;
#1662 = ORIENTED_EDGE ( 'NONE', *, *, #7853, .T. ) ;
#1663 = EDGE_CURVE ( 'NONE', #2533, #4104, #7560, .T. ) ;
#1664 = VECTOR ( 'NONE', #2424, 39.37007874015748100 ) ;
#1665 = ORIENTED_EDGE ( 'NONE', *, *, #8348, .F. ) ;
#1666 = AXIS2_PLACEMENT_3D ( 'NONE', #7412, #3630, #6625 ) ;
#1667 = CARTESIAN_POINT ( 'NONE',  ( -18.24369705730192200, 35.61995279317064000, -43.61765685810315300 ) ) ;
#1668 = FACE_OUTER_BOUND ( 'NONE', #6770, .T. ) ;
#1669 = CARTESIAN_POINT ( 'NONE',  ( -20.18517497674043400, 33.67331220317787900, -44.26550626043622600 ) ) ;
#1670 = CARTESIAN_POINT ( 'NONE',  ( -18.22126008667996500, 34.09651481093419500, -41.09825817041927100 ) ) ;
#1671 = ORIENTED_EDGE ( 'NONE', *, *, #8237, .T. ) ;
#1672 = CARTESIAN_POINT ( 'NONE',  ( -18.50800962240192500, 33.71465078584638100, -43.46826217024307200 ) ) ;
#1673 = ORIENTED_EDGE ( 'NONE', *, *, #257, .T. ) ;
#1674 = EDGE_LOOP ( 'NONE', ( #3932, #3982, #4006, #4028, #4036, #4091 ) ) ;
#1675 = ADVANCED_FACE ( 'NONE', ( #7492 ), #5923, .F. ) ;
#1676 = DIRECTION ( 'NONE',  ( -1.000000000000000000, 0.0000000000000000000, -2.653479358379120200E-013 ) ) ;
#1677 = CARTESIAN_POINT ( 'NONE',  ( -18.22782331421099800, 35.33088917517501000, -44.33665669891207300 ) ) ;
#1678 = CARTESIAN_POINT ( 'NONE',  ( -18.21667122637776600, 34.15953267525834000, -41.38949776896909300 ) ) ;
#1679 = VERTEX_POINT ( 'NONE', #5850 ) ;
#1680 = ORIENTED_EDGE ( 'NONE', *, *, #7993, .F. ) ;
#1681 = EDGE_CURVE ( 'NONE', #5745, #6558, #3634, .T. ) ;
#1682 = VECTOR ( 'NONE', #8497, 39.37007874015748100 ) ;
#1683 = EDGE_LOOP ( 'NONE', ( #4130, #4162, #4280, #4300 ) ) ;
#1684 = CARTESIAN_POINT ( 'NONE',  ( -18.97257655154816200, 33.69890275435806600, -41.50566374502441400 ) ) ;
#1685 = CARTESIAN_POINT ( 'NONE',  ( -18.22072546517577500, 36.25222422563614100, -41.10845882543517900 ) ) ;
#1686 = DIRECTION ( 'NONE',  ( 1.264129099611980100E-012, 1.000000000000000000, -1.993517598846150100E-013 ) ) ;
#1687 = DIRECTION ( 'NONE',  ( 0.0000000000000000000, 0.0000000000000000000, -1.000000000000000000 ) ) ;
#1688 = ORIENTED_EDGE ( 'NONE', *, *, #3705, .T. ) ;
#1689 = DIRECTION ( 'NONE',  ( 2.653479358379120200E-013, 5.152908823220420200E-024, -1.000000000000000000 ) ) ;
#1690 = PLANE ( 'NONE',  #4052 ) ;
#1691 = EDGE_LOOP ( 'NONE', ( #3150, #3207, #3315, #3364 ) ) ;
#1692 = CARTESIAN_POINT ( 'NONE',  ( -18.29768877701857500, 33.79732795119368700, -40.24188421747829400 ) ) ;
#1693 = CARTESIAN_POINT ( 'NONE',  ( -19.93744475792362500, 34.47449330553193600, -45.03322279586771500 ) ) ;
#1694 = VECTOR ( 'NONE', #961, 39.37007874015748100 ) ;
#1695 = EDGE_CURVE ( 'NONE', #3076, #3053, #7473, .T. ) ;
#1696 = EDGE_CURVE ( 'NONE', #6558, #6978, #7485, .T. ) ;
#1697 = CARTESIAN_POINT ( 'NONE',  ( -18.96076552792018100, 33.65528093473639600, -43.63236285116841600 ) ) ;
#1698 = VECTOR ( 'NONE', #679, 39.37007874015748100 ) ;
#1699 = B_SPLINE_CURVE_WITH_KNOTS ( 'NONE', 3,
 ( #1488, #26, #8232, #3685 ),
 .UNSPECIFIED., .F., .F.,
 ( 4, 4 ),
 ( 0.0000000000000000000, 1.000000000000000000 ),
 .UNSPECIFIED. ) ;
#1700 = CARTESIAN_POINT ( 'NONE',  ( -19.70899736156020100, 36.56898149450806600, -40.63164799700984300 ) ) ;
#1701 = ORIENTED_EDGE ( 'NONE', *, *, #7098, .F. ) ;
#1702 = VERTEX_POINT ( 'NONE', #5691 ) ;
#1703 = CARTESIAN_POINT ( 'NONE',  ( -18.66641511625783100, 34.62589007213148300, -40.55290783953110200 ) ) ;
#1704 = VECTOR ( 'NONE', #2184, 39.37007874015748100 ) ;
#1705 = ORIENTED_EDGE ( 'NONE', *, *, #7855, .F. ) ;
#1706 = DIRECTION ( 'NONE',  ( -2.841279047498729900E-012, -1.993517598874519800E-013, -1.000000000000000000 ) ) ;
#1707 = ORIENTED_EDGE ( 'NONE', *, *, #8211, .T. ) ;
#1708 = CARTESIAN_POINT ( 'NONE',  ( -28.84659229943354200, 35.18315472251587300, -41.39149051309960500 ) ) ;
#1709 = VERTEX_POINT ( 'NONE', #5669 ) ;
#1710 = CARTESIAN_POINT ( 'NONE',  ( -19.02375765390830900, 33.69883403362767600, -44.26550626043953000 ) ) ;
#1711 = EDGE_CURVE ( 'NONE', #4046, #4141, #7436, .T. ) ;
#1712 = LINE ( 'NONE', #1693, #1664 ) ;
#1713 = ADVANCED_FACE ( 'NONE', ( #7458 ), #5626, .F. ) ;
#1714 = VECTOR ( 'NONE', #8820, 39.37007874015748100 ) ;
#1715 = CARTESIAN_POINT ( 'NONE',  ( -18.44501749642960300, 33.69890275434673300, -41.48991571352677000 ) ) ;
#1716 = VERTEX_POINT ( 'NONE', #5606 ) ;
#1717 = CARTESIAN_POINT ( 'NONE',  ( -17.74423009484634100, 35.18315472285335200, -42.18479760331221200 ) ) ;
#1718 = ORIENTED_EDGE ( 'NONE', *, *, #3011, .T. ) ;
#1719 = ORIENTED_EDGE ( 'NONE', *, *, #7867, .T. ) ;
#1720 = CARTESIAN_POINT ( 'NONE',  ( -18.12582475744880000, 33.71450751063836300, -42.59227791761019700 ) ) ;
#1721 = EDGE_CURVE ( 'NONE', #8095, #5132, #9287, .T. ) ;
#1722 = ADVANCED_FACE ( 'NONE', ( #7419 ), #5498, .F. ) ;
#1723 = CIRCLE ( 'NONE', #1317, 10.59985273415915000 ) ;
#1724 = LINE ( 'NONE', #6592, #1698 ) ;
#1725 = DIRECTION ( 'NONE',  ( -2.695496761351110800E-025, 2.132295476924310100E-013, 1.000000000000000000 ) ) ;
#1726 = EDGE_CURVE ( 'NONE', #4170, #4221, #7398, .T. ) ;
#1727 = ORIENTED_EDGE ( 'NONE', *, *, #5329, .F. ) ;
#1728 = CARTESIAN_POINT ( 'NONE',  ( -20.18238305517322900, 33.65528093473621900, -41.68998048601496700 ) ) ;
#1729 = ORIENTED_EDGE ( 'NONE', *, *, #4923, .T. ) ;
#1730 = LINE ( 'NONE', #6084, #1775 ) ;
#1731 = LINE ( 'NONE', #5083, #1714 ) ;
#1732 = CARTESIAN_POINT ( 'NONE',  ( -18.26841952445553100, 35.84457204569339700, -44.61196295335343400 ) ) ;
#1733 = DIRECTION ( 'NONE',  ( -0.008726535499582069000, -1.009471664568257900E-013, 0.9999619230641607600 ) ) ;
#1734 = CARTESIAN_POINT ( 'NONE',  ( -18.22016794196630900, 34.15953267560257000, -41.11885272142009000 ) ) ;
#1735 = PLANE ( 'NONE',  #1969 ) ;
#1736 = VERTEX_POINT ( 'NONE', #5438 ) ;
#1737 = EDGE_LOOP ( 'NONE', ( #9495, #9387, #9372, #9395 ) ) ;
#1738 = EDGE_CURVE ( 'NONE', #6766, #4141, #7455, .T. ) ;
#1739 = DIRECTION ( 'NONE',  ( 0.9975262508965520000, 0.06975383055739724200, -0.008705279710553766700 ) ) ;
#1740 = FACE_OUTER_BOUND ( 'NONE', #9014, .T. ) ;
#1741 = LINE ( 'NONE', #2884, #1614 ) ;
#1742 = DIRECTION ( 'NONE',  ( 0.9975640502583137400, 0.06975647376572434400, 0.0000000000000000000 ) ) ;
#1743 = VERTEX_POINT ( 'NONE', #5459 ) ;
#1744 = EDGE_LOOP ( 'NONE', ( #7497, #7599, #8452, #8572 ) ) ;
#1745 = CARTESIAN_POINT ( 'NONE',  ( -20.18238305517333600, 33.67861015201929600, -44.33243539429696500 ) ) ;
#1746 = CARTESIAN_POINT ( 'NONE',  ( -19.01982064603661000, 36.66747541208421500, -41.53715980803386300 ) ) ;
#1747 = AXIS2_PLACEMENT_3D ( 'NONE', #6451, #6437, #6209 ) ;
#1748 = CARTESIAN_POINT ( 'NONE',  ( -18.28991281778759900, 35.18315472284720600, -41.11885272142056600 ) ) ;
#1749 = DIRECTION ( 'NONE',  ( 2.841279047498729900E-012, -1.993517598874519800E-013, -1.000000000000000000 ) ) ;
#1750 = AXIS2_PLACEMENT_3D ( 'NONE', #7307, #2818, #8090 ) ;
#1751 = FILL_AREA_STYLE_COLOUR ( '', #6539 ) ;
#1752 = ORIENTED_EDGE ( 'NONE', *, *, #7872, .F. ) ;
#1753 = ORIENTED_EDGE ( 'NONE', *, *, #5617, .T. ) ;
#1754 = CARTESIAN_POINT ( 'NONE',  ( -20.12441914996318800, 34.24319721192475200, -39.77279398064448700 ) ) ;
#1755 = CARTESIAN_POINT ( 'NONE',  ( -20.12187197904012200, 35.58079251813369100, -45.10019993488421600 ) ) ;
#1756 = DIRECTION ( 'NONE',  ( -2.613222830118091900E-015, 1.497114356561256300E-013, 1.000000000000000000 ) ) ;
#1757 = VECTOR ( 'NONE', #3828, 39.37007874015748100 ) ;
#1758 = ADVANCED_FACE ( 'NONE', ( #7390 ), #5519, .T. ) ;
#1759 = CARTESIAN_POINT ( 'NONE',  ( -18.28991281778543200, 35.62318451396275500, -43.67360150133323800 ) ) ;
#1760 = VERTEX_POINT ( 'NONE', #5323 ) ;
#1761 = CARTESIAN_POINT ( 'NONE',  ( -18.97454505547838700, 36.56898149452492700, -44.61196295335354000 ) ) ;
#1762 = ORIENTED_EDGE ( 'NONE', *, *, #7529, .F. ) ;
#1763 = CARTESIAN_POINT ( 'NONE',  ( -18.22034631174166100, 36.23336730704780000, -44.04930321320388500 ) ) ;
#1764 = CARTESIAN_POINT ( 'NONE',  ( -19.08725445498496100, 34.72252480158543600, -44.92298657540473500 ) ) ;
#1765 = CARTESIAN_POINT ( 'NONE',  ( -18.22034631174382500, 34.13294213866408500, -41.11556757968037300 ) ) ;
#1766 = EDGE_CURVE ( 'NONE', #3533, #3642, #7465, .T. ) ;
#1767 = AXIS2_PLACEMENT_3D ( 'NONE', #7273, #9420, #5010 ) ;
#1768 = LINE ( 'NONE', #222, #1694 ) ;
#1769 = ADVANCED_FACE ( 'NONE', ( #7349 ), #5304, .T. ) ;
#1770 = EDGE_LOOP ( 'NONE', ( #8300, #8325, #8393, #8414 ) ) ;
#1771 = CARTESIAN_POINT ( 'NONE',  ( -18.28991281778543200, 35.76674697900209300, -43.77473385422995000 ) ) ;
#1772 = DIRECTION ( 'NONE',  ( 2.841279047498729900E-012, -1.993517598874519800E-013, -1.000000000000000000 ) ) ;
#1773 = VECTOR ( 'NONE', #892, 39.37007874015748100 ) ;
#1774 = ORIENTED_EDGE ( 'NONE', *, *, #6242, .F. ) ;
#1775 = VECTOR ( 'NONE', #2363, 39.37007874015748100 ) ;
#1776 = EDGE_CURVE ( 'NONE', #8317, #3076, #7511, .T. ) ;
#1777 = EDGE_CURVE ( 'NONE', #3111, #2851, #7339, .T. ) ;
#1778 = CARTESIAN_POINT ( 'NONE',  ( -18.10699048597839000, 35.46934383477012900, -41.63754828040614300 ) ) ;
#1779 = CARTESIAN_POINT ( 'NONE',  ( -18.90171040981385200, 36.66534506951558800, -43.77519476291653400 ) ) ;
#1780 = VERTEX_POINT ( 'NONE', #5186 ) ;
#1781 = CARTESIAN_POINT ( 'NONE',  ( -18.28991281778759900, 35.62318451395387300, -41.39013693865463500 ) ) ;
#1782 = ORIENTED_EDGE ( 'NONE', *, *, #3009, .T. ) ;
#1783 = LINE ( 'NONE', #3100, #1757 ) ;
#1784 = CARTESIAN_POINT ( 'NONE',  ( -18.22016794196567000, 34.15286584609207000, -41.11885272142005500 ) ) ;
#1785 = EDGE_LOOP ( 'NONE', ( #7640, #7719, #7802, #7908, #8067, #8198 ) ) ;
#1786 = VECTOR ( 'NONE', #5297, 39.37007874015748100 ) ;
#1787 = ORIENTED_EDGE ( 'NONE', *, *, #7880, .F. ) ;
#1788 = CARTESIAN_POINT ( 'NONE',  ( -18.24423061819083700, 35.62491694760954200, -41.11210823869941300 ) ) ;
#1789 = AXIS2_PLACEMENT_3D ( 'NONE', #2749, #1291, #8733 ) ;
#1790 = CARTESIAN_POINT ( 'NONE',  ( -18.28991281778542800, 34.58472952600945400, -43.61725353927128900 ) ) ;
#1791 = ORIENTED_EDGE ( 'NONE', *, *, #424, .F. ) ;
#1792 = VECTOR ( 'NONE', #1631, 39.37007874015748100 ) ;
#1793 = EDGE_LOOP ( 'NONE', ( #8683, #8842, #8911, #8971, #9062, #9146, #9219, #770, #684, #1487, #1447, #1407, #558, #1327, #9340, #1518, #1563 ) ) ;
#1794 = DIRECTION ( 'NONE',  ( 0.0000000000000000000, -0.0000000000000000000, 1.000000000000000000 ) ) ;
#1795 = CARTESIAN_POINT ( 'NONE',  ( -18.12382062240426700, 34.75473922946213200, -43.47219917382295800 ) ) ;
#1796 = CARTESIAN_POINT ( 'NONE',  ( -18.27869279452327000, 34.61043971245072000, -40.55290783953110900 ) ) ;
#1797 = ORIENTED_EDGE ( 'NONE', *, *, #7158, .F. ) ;
#1798 = ORIENTED_EDGE ( 'NONE', *, *, #7030, .F. ) ;
#1799 = FACE_OUTER_BOUND ( 'NONE', #1983, .T. ) ;
#1800 = DIRECTION ( 'NONE',  ( -0.9974128555598512600, -0.06974590118204422600, -0.01740990615274889300 ) ) ;
#1801 = CARTESIAN_POINT ( 'NONE',  ( -18.29768877708593400, 34.52173740002371700, -44.92298657540595700 ) ) ;
#1802 = CARTESIAN_POINT ( 'NONE',  ( -19.01982064603610200, 36.69299724253402000, -40.89936453244472100 ) ) ;
#1803 = AXIS2_PLACEMENT_3D ( 'NONE', #5694, #6459, #2019 ) ;
#1804 = ADVANCED_FACE ( 'NONE', ( #7366 ), #5230, .T. ) ;
#1805 = EDGE_CURVE ( 'NONE', #5132, #6576, #7295, .T. ) ;
#1806 = ORIENTED_EDGE ( 'NONE', *, *, #5818, .T. ) ;
#1807 = CARTESIAN_POINT ( 'NONE',  ( -18.10699048597938100, 34.44572178752084600, -41.63754828040597300 ) ) ;
#1808 = ORIENTED_EDGE ( 'NONE', *, *, #1580, .F. ) ;
#1809 = LINE ( 'NONE', #134, #1786 ) ;
#1810 = CARTESIAN_POINT ( 'NONE',  ( -18.27093485365051600, 35.56898149451458800, -40.55290783962166000 ) ) ;
#1811 = DIRECTION ( 'NONE',  ( 1.000000000000000000, 0.0000000000000000000, -1.552565295730630100E-012 ) ) ;
#1812 = VECTOR ( 'NONE', #8128, 39.37007874015748100 ) ;
#1813 = CARTESIAN_POINT ( 'NONE',  ( -18.12582475745145800, 33.71450751063817800, -43.52765126590922100 ) ) ;
#1814 = CARTESIAN_POINT ( 'NONE',  ( -20.12145926713901300, 35.62808461777471800, -45.05290783524316800 ) ) ;
#1815 = AXIS2_PLACEMENT_3D ( 'NONE', #8277, #5980, #1564 ) ;
#1816 = ORIENTED_EDGE ( 'NONE', *, *, #7883, .F. ) ;
#1817 =( BOUNDED_CURVE ( )  B_SPLINE_CURVE ( 3, ( #3410, #7950, #9324, #4895 ),
 .UNSPECIFIED., .F., .F. ) 
 B_SPLINE_CURVE_WITH_KNOTS ( ( 4, 4 ),
 ( 3.141592653591042300, 3.265181152897731500 ),
 .UNSPECIFIED. ) 
 CURVE ( )  GEOMETRIC_REPRESENTATION_ITEM ( )  RATIONAL_B_SPLINE_CURVE ( ( 1.000000000000000000, 0.9987275618840965000, 0.9987275618840965000, 1.000000000000000000 ) ) 
 REPRESENTATION_ITEM ( '' )  );
#1818 = ORIENTED_EDGE ( 'NONE', *, *, #3218, .T. ) ;
#1819 = LINE ( 'NONE', #4546, #1792 ) ;
#1820 = AXIS2_PLACEMENT_3D ( 'NONE', #2000, #1954, #1932 ) ;
#1821 = CARTESIAN_POINT ( 'NONE',  ( -18.21667154495430600, 35.18315472250242900, -41.39476830863033300 ) ) ;
#1822 = VECTOR ( 'NONE', #1382, 39.37007874015748100 ) ;
#1823 = CARTESIAN_POINT ( 'NONE',  ( -18.12777815155646300, 33.69890275434654800, -42.57259287527349300 ) ) ;
#1824 = CARTESIAN_POINT ( 'NONE',  ( -18.22016794196414900, 36.20677677010932200, -44.04601807146416800 ) ) ;
#1825 = CARTESIAN_POINT ( 'NONE',  ( -20.12245564181055000, 34.55717047088520400, -39.99778972929448900 ) ) ;
#1826 = CARTESIAN_POINT ( 'NONE',  ( -18.64537774984346500, 35.64378464412646300, -40.55290783953110200 ) ) ;
#1827 = ORIENTED_EDGE ( 'NONE', *, *, #954, .F. ) ;
#1828 = ORIENTED_EDGE ( 'NONE', *, *, #2984, .T. ) ;
#1829 = CARTESIAN_POINT ( 'NONE',  ( -20.12128747840460700, 35.12458370385675700, -40.13164799701667100 ) ) ;
#1830 = ORIENTED_EDGE ( 'NONE', *, *, #3815, .F. ) ;
#1831 = VECTOR ( 'NONE', #7549, 39.37007874015748100 ) ;
#1832 = FACE_OUTER_BOUND ( 'NONE', #1524, .T. ) ;
#1833 = EDGE_CURVE ( 'NONE', #6576, #5937, #7437, .T. ) ;
#1834 = DIRECTION ( 'NONE',  ( 0.0000000000000000000, -0.0000000000000000000, -1.000000000000000000 ) ) ;
#1835 = CARTESIAN_POINT ( 'NONE',  ( -18.21667122637560600, 36.20677677045355100, -43.77537302391515100 ) ) ;
#1836 = EDGE_CURVE ( 'NONE', #5937, #4786, #7287, .T. ) ;
#1837 = VERTEX_POINT ( 'NONE', #4767 ) ;
#1838 = EDGE_LOOP ( 'NONE', ( #4355, #4505, #4652, #4813, #4981, #5150 ) ) ;
#1839 = DIRECTION ( 'NONE',  ( 0.0000000000000000000, 0.8516583167043535500, -0.5240974256646437900 ) ) ;
#1840 = LINE ( 'NONE', #164, #1773 ) ;
#1841 = VECTOR ( 'NONE', #2680, 39.37007874015748100 ) ;
#1842 = CARTESIAN_POINT ( 'NONE',  ( -18.25057211498599200, 35.68091126603193400, -41.01810124474921800 ) ) ;
#1843 = CARTESIAN_POINT ( 'NONE',  ( -18.20497137705291400, 33.97355596898857800, -41.42517653029408800 ) ) ;
#1844 = VERTEX_POINT ( 'NONE', #4768 ) ;
#1845 = CARTESIAN_POINT ( 'NONE',  ( -19.08674977989648300, 34.72252480159500700, -40.24188421747951600 ) ) ;
#1846 = ORIENTED_EDGE ( 'NONE', *, *, #6247, .F. ) ;
#1847 = CARTESIAN_POINT ( 'NONE',  ( -18.12382062244519400, 34.58794816900466900, -43.52761628360286000 ) ) ;
#1848 = CARTESIAN_POINT ( 'NONE',  ( -19.08674977989393900, 33.79732795118697200, -40.55290783953068300 ) ) ;
#1849 = EDGE_CURVE ( 'NONE', #5705, #873, #7326, .T. ) ;
#1850 = LINE ( 'NONE', #6017, #1860 ) ;
#1851 = LINE ( 'NONE', #3575, #1812 ) ;
#1852 = CARTESIAN_POINT ( 'NONE',  ( -19.01982064603389900, 33.65528093473621900, -41.68998048601496700 ) ) ;
#1853 = CARTESIAN_POINT ( 'NONE',  ( -18.12382062248744000, 34.75473922946405700, -43.52761628360362800 ) ) ;
#1854 = ADVANCED_FACE ( 'NONE', ( #7277 ), #4726, .T. ) ;
#1855 = ORIENTED_EDGE ( 'NONE', *, *, #7883, .T. ) ;
#1856 = ORIENTED_EDGE ( 'NONE', *, *, #6984, .F. ) ;
#1857 = CARTESIAN_POINT ( 'NONE',  ( -18.08944179135638200, 34.29742308836056700, -43.52701619887403700 ) ) ;
#1858 = CARTESIAN_POINT ( 'NONE',  ( -18.50800962240193200, 33.71465078584638100, -43.47219917382323500 ) ) ;
#1859 = CARTESIAN_POINT ( 'NONE',  ( -18.09011305886332000, 34.00487176652074300, -43.52702791589191400 ) ) ;
#1860 = VECTOR ( 'NONE', #4516, 39.37007874015748100 ) ;
#1861 = DIRECTION ( 'NONE',  ( -1.000000000000000000, -8.535622351345360100E-013, 0.0000000000000000000 ) ) ;
#1862 = PLANE ( 'NONE',  #1515 ) ;
#1863 = AXIS2_PLACEMENT_3D ( 'NONE', #8622, #9279, #4851 ) ;
#1864 = VERTEX_POINT ( 'NONE', #4649 ) ;
#1865 = ORIENTED_EDGE ( 'NONE', *, *, #5617, .F. ) ;
#1866 = DIRECTION ( 'NONE',  ( -0.9975640502599124600, 0.06975647374286417200, 0.0000000000000000000 ) ) ;
#1867 = CARTESIAN_POINT ( 'NONE',  ( -19.01982064603695500, 36.66747541208421500, -40.89936453244488500 ) ) ;
#1868 = VECTOR ( 'NONE', #1565, 39.37007874015748100 ) ;
#1869 = EDGE_LOOP ( 'NONE', ( #7478, #7508, #7520, #7870 ) ) ;
#1870 = ORIENTED_EDGE ( 'NONE', *, *, #7158, .T. ) ;
#1871 = AXIS2_PLACEMENT_3D ( 'NONE', #9251, #4816, #427 ) ;
#1872 = CARTESIAN_POINT ( 'NONE',  ( -18.32223743862448700, 33.63382592113678300, -40.20785110169684600 ) ) ;
#1873 = EDGE_CURVE ( 'NONE', #3178, #3484, #7267, .T. ) ;
#1874 = DIRECTION ( 'NONE',  ( 0.06975647374286417200, 0.9975640502599124600, -6.284099954176927900E-013 ) ) ;
#1875 = AXIS2_PLACEMENT_3D ( 'NONE', #1708, #1686, #1656 ) ;
#1876 = LINE ( 'NONE', #8980, #1831 ) ;
#1877 = CARTESIAN_POINT ( 'NONE',  ( -18.28991281778759900, 34.74312493175457900, -41.69267161906155600 ) ) ;
#1878 = VERTEX_POINT ( 'NONE', #4660 ) ;
#1879 = EDGE_LOOP ( 'NONE', ( #5324, #6811, #2066, #7812 ) ) ;
#1880 = CARTESIAN_POINT ( 'NONE',  ( -18.24369705721271700, 34.74635665255086500, -43.67319818250076900 ) ) ;
#1881 = VECTOR ( 'NONE', #5981, 39.37007874015748900 ) ;
#1882 = ORIENTED_EDGE ( 'NONE', *, *, #257, .F. ) ;
#1883 = CARTESIAN_POINT ( 'NONE',  ( -18.24369705721249000, 35.76997869980610300, -43.61765685810397000 ) ) ;
#1884 = LINE ( 'NONE', #836, #1868 ) ;
#1885 = CARTESIAN_POINT ( 'NONE',  ( -18.22633359581645600, 35.27199501561681000, -44.19967152439711100 ) ) ;
#1886 = PLANE ( 'NONE',  #2854 ) ;
#1887 = CARTESIAN_POINT ( 'NONE',  ( -18.66641511625555300, 35.64951211937751900, -44.72613618169882000 ) ) ;
#1888 = ORIENTED_EDGE ( 'NONE', *, *, #7885, .F. ) ;
#1889 = AXIS2_PLACEMENT_3D ( 'NONE', #5535, #6290, #1861 ) ;
#1890 = CARTESIAN_POINT ( 'NONE',  ( -20.05722222084539700, 34.42528070710685000, -45.25172673286732600 ) ) ;
#1891 = CARTESIAN_POINT ( 'NONE',  ( -18.54344269327129900, 36.71858779372263400, -41.69629940721183200 ) ) ;
#1892 = EDGE_CURVE ( 'NONE', #2851, #1069, #7270, .T. ) ;
#1893 = VECTOR ( 'NONE', #3741, 39.37007874015748100 ) ;
#1894 = EDGE_LOOP ( 'NONE', ( #2995, #3017, #3024, #3092 ) ) ;
#1895 = LINE ( 'NONE', #5233, #1881 ) ;
#1896 = CARTESIAN_POINT ( 'NONE',  ( -18.27902115916282000, 34.72968489636376400, -44.61196295335312800 ) ) ;
#1897 = PRODUCT_DEFINITION_SHAPE ( 'NONE', 'NONE',  #2442 ) ;
#1898 = ORIENTED_EDGE ( 'NONE', *, *, #7265, .F. ) ;
#1899 = ADVANCED_FACE ( 'NONE', ( #7251 ), #7212, .T. ) ;
#1900 = ORIENTED_EDGE ( 'NONE', *, *, #6439, .F. ) ;
#1901 = EDGE_CURVE ( 'NONE', #4786, #5072, #7440, .T. ) ;
#1902 = VECTOR ( 'NONE', #8278, 39.37007874015748900 ) ;
#1903 = ORIENTED_EDGE ( 'NONE', *, *, #6342, .F. ) ;
#1904 = DIRECTION ( 'NONE',  ( -2.832982890422908100E-012, 0.0000000000000000000, 1.000000000000000000 ) ) ;
#1905 = DIRECTION ( 'NONE',  ( -0.0000000000000000000, -0.0000000000000000000, -1.000000000000000000 ) ) ;
#1906 = AXIS2_PLACEMENT_3D ( 'NONE', #4753, #7039, #2553 ) ;
#1907 = APPLICATION_PROTOCOL_DEFINITION ( 'draft international standard', 'automotive_design', 1998, #2630 ) ;
#1908 = VERTEX_POINT ( 'NONE', #4500 ) ;
#1909 = DIRECTION ( 'NONE',  ( 0.9998476951564075900, -0.01745240643634500900, 0.0000000000000000000 ) ) ;
#1910 = CARTESIAN_POINT ( 'NONE',  ( -18.24369705721488800, 35.61995279316100500, -41.49167261038348200 ) ) ;
#1911 = EDGE_LOOP ( 'NONE', ( #3124, #3169, #3188, #3195 ) ) ;
#1912 = CARTESIAN_POINT ( 'NONE',  ( -18.30065600183385400, 33.76862276181854100, -44.92298657540595000 ) ) ;
#1913 = FACE_OUTER_BOUND ( 'NONE', #1879, .T. ) ;
#1914 = CARTESIAN_POINT ( 'NONE',  ( -18.54344269327106800, 34.58472952601145800, -43.53494081409390000 ) ) ;
#1915 = DIRECTION ( 'NONE',  ( -0.0000000000000000000, 0.0000000000000000000, -1.000000000000000000 ) ) ;
#1916 = EDGE_LOOP ( 'NONE', ( #4864, #877, #4364, #6218 ) ) ;
#1917 = AXIS2_PLACEMENT_3D ( 'NONE', #1627, #1607, #1597 ) ;
#1918 = DIRECTION ( 'NONE',  ( -4.663511435515948500E-017, 6.669132062246153800E-016, 1.000000000000000000 ) ) ;
#1919 = CARTESIAN_POINT ( 'NONE',  ( -18.22217832508180300, 35.26493142334928200, -44.08538368914059200 ) ) ;
#1920 = CARTESIAN_POINT ( 'NONE',  ( -18.37155697523275300, 36.65609120689336500, -43.77402135646200100 ) ) ;
#1921 = ORIENTED_EDGE ( 'NONE', *, *, #6884, .F. ) ;
#1922 = LINE ( 'NONE', #7516, #1902 ) ;
#1923 = CARTESIAN_POINT ( 'NONE',  ( -18.37155697523276000, 36.65251567683102300, -43.77402135646190100 ) ) ;
#1924 = CARTESIAN_POINT ( 'NONE',  ( -18.30014871118362400, 33.71146467470693900, -43.61589996124646300 ) ) ;
#1925 = CARTESIAN_POINT ( 'NONE',  ( -19.08674977989653600, 33.79732795118697200, -40.63164799700944500 ) ) ;
#1926 = DIRECTION ( 'NONE',  ( -0.0000000000000000000, 0.0000000000000000000, -1.000000000000000000 ) ) ;
#1927 = DIRECTION ( 'NONE',  ( -1.367313719802502600E-036, 1.000000000000000000, 5.152908823220420200E-024 ) ) ;
#1928 = VECTOR ( 'NONE', #7975, 39.37007874015748100 ) ;
#1929 =( BOUNDED_CURVE ( )  B_SPLINE_CURVE ( 3, ( #1170, #7117, #3371, #8636 ),
 .UNSPECIFIED., .F., .F. ) 
 B_SPLINE_CURVE_WITH_KNOTS ( ( 4, 4 ),
 ( 6.159596807871614600, 6.283185307178307300 ),
 .UNSPECIFIED. ) 
 CURVE ( )  GEOMETRIC_REPRESENTATION_ITEM ( )  RATIONAL_B_SPLINE_CURVE ( ( 1.000000000000000000, 0.9987275618840963900, 0.9987275618840963900, 1.000000000000000000 ) ) 
 REPRESENTATION_ITEM ( '' )  );
#1930 = ORIENTED_EDGE ( 'NONE', *, *, #658, .T. ) ;
#1931 = CARTESIAN_POINT ( 'NONE',  ( -20.18320647280747300, 35.58079251813359200, -45.34027226887590700 ) ) ;
#1932 = DIRECTION ( 'NONE',  ( -0.9999619230641601000, 0.0000000000000000000, -0.008726535499663082300 ) ) ;
#1933 = VERTEX_POINT ( 'NONE', #4651 ) ;
#1934 = CARTESIAN_POINT ( 'NONE',  ( -18.27720357974815000, 35.62229579745456900, -40.55290783953110200 ) ) ;
#1935 = VECTOR ( 'NONE', #5948, 39.37007874015748100 ) ;
#1936 = CARTESIAN_POINT ( 'NONE',  ( -18.27720357974784100, 34.74401364826994200, -40.55290783953775200 ) ) ;
#1937 = AXIS2_PLACEMENT_3D ( 'NONE', #3949, #5440, #1029 ) ;
#1938 = LINE ( 'NONE', #649, #1822 ) ;
#1939 = DIRECTION ( 'NONE',  ( 1.281026566875212200E-012, 0.0000000000000000000, 1.000000000000000000 ) ) ;
#1940 = ORIENTED_EDGE ( 'NONE', *, *, #7867, .F. ) ;
#1941 = PRODUCT_CONTEXT ( 'NONE', #2630, 'mechanical' ) ;
#1942 = ORIENTED_EDGE ( 'NONE', *, *, #6489, .F. ) ;
#1943 = ORIENTED_EDGE ( 'NONE', *, *, #7100, .F. ) ;
#1944 = VECTOR ( 'NONE', #2270, 39.37007874015748100 ) ;
#1945 = CARTESIAN_POINT ( 'NONE',  ( -18.43969898052035800, 36.65728063002021700, -43.53312996085236400 ) ) ;
#1946 = DIRECTION ( 'NONE',  ( 0.9998476951564070300, 0.01745240643638280200, 0.0000000000000000000 ) ) ;
#1947 = VECTOR ( 'NONE', #1967, 39.37007874015748100 ) ;
#1948 = ORIENTED_EDGE ( 'NONE', *, *, #1695, .F. ) ;
#1949 = EDGE_CURVE ( 'NONE', #6558, #2988, #7226, .T. ) ;
#1950 = CARTESIAN_POINT ( 'NONE',  ( -18.21667122637300900, 34.15953267526182200, -43.77537302391473900 ) ) ;
#1951 = ORIENTED_EDGE ( 'NONE', *, *, #7929, .T. ) ;
#1952 = DIRECTION ( 'NONE',  ( 1.000000000000000000, 1.236807744141249900E-012, -3.030489092610969900E-012 ) ) ;
#1953 = ORIENTED_EDGE ( 'NONE', *, *, #1051, .F. ) ;
#1954 = DIRECTION ( 'NONE',  ( 0.008726535499663082300, -2.102542493282010500E-013, -0.9999619230641601000 ) ) ;
#1955 = ADVANCED_FACE ( 'NONE', ( #7200 ), #7168, .F. ) ;
#1956 = CARTESIAN_POINT ( 'NONE',  ( -19.02375765391047200, 36.63560390072964200, -41.53715980803386300 ) ) ;
#1957 = CARTESIAN_POINT ( 'NONE',  ( -18.22125571962332900, 35.24605334763668200, -44.06652820398727500 ) ) ;
#1958 = DIRECTION ( 'NONE',  ( 0.01745240643638280200, -0.9998476951564070300, 2.489085543857288900E-013 ) ) ;
#1959 = LINE ( 'NONE', #68, #1893 ) ;
#1960 = LINE ( 'NONE', #8684, #1841 ) ;
#1961 = CARTESIAN_POINT ( 'NONE',  ( -18.24499292099241300, 33.71242742260595500, -43.77512586423005600 ) ) ;
#1962 = CARTESIAN_POINT ( 'NONE',  ( -18.43969898052208800, 33.70902881569173800, -41.54897083163700700 ) ) ;
#1963 = CARTESIAN_POINT ( 'NONE',  ( -18.22453347105948800, 36.04919785073158100, -44.55664823954686000 ) ) ;
#1964 = CARTESIAN_POINT ( 'NONE',  ( -18.43969898051834700, 36.65728063001724000, -40.83243539858543900 ) ) ;
#1965 = VERTEX_POINT ( 'NONE', #4421 ) ;
#1966 = ORIENTED_EDGE ( 'NONE', *, *, #1050, .F. ) ;
#1967 = DIRECTION ( 'NONE',  ( 0.0000000000000000000, 1.000000000000000000, -0.0000000000000000000 ) ) ;
#1968 = DIMENSIONAL_EXPONENTS ( 1.000000000000000000, 0.0000000000000000000, 0.0000000000000000000, 0.0000000000000000000, 0.0000000000000000000, 0.0000000000000000000, 0.0000000000000000000 ) ;
#1969 = AXIS2_PLACEMENT_3D ( 'NONE', #9073, #6938, #2463 ) ;
#1970 = CARTESIAN_POINT ( 'NONE',  ( -18.90171040981386200, 36.66534506951558800, -43.77519476291653400 ) ) ;
#1971 = CARTESIAN_POINT ( 'NONE',  ( -20.18320647280501800, 35.58079251813362000, -45.16708106358960600 ) ) ;
#1972 = CYLINDRICAL_SURFACE ( 'NONE', #1346, 0.6299212598425202300 ) ;
#1973 = VECTOR ( 'NONE', #3397, 39.37007874015748100 ) ;
#1974 = DIRECTION ( 'NONE',  ( 0.0000000000000000000, -0.0000000000000000000, 1.000000000000000000 ) ) ;
#1975 = ORIENTED_EDGE ( 'NONE', *, *, #7898, .T. ) ;
#1976 = EDGE_LOOP ( 'NONE', ( #8270, #2967, #9217, #854, #4172, #266, #2900, #5300, #1167, #5141, #6696, #2013, #7653, #8186, #2902, #9138, #699, #4067, #198, #2741, #5183, #1100, #8735, #6600, #1942, #7451 ) ) ;
#1977 = CARTESIAN_POINT ( 'NONE',  ( -20.18320647280272000, 33.72547749199693400, -40.13164799701693400 ) ) ;
#1978 =( BOUNDED_SURFACE ( )  B_SPLINE_SURFACE ( 3, 3, ( 
 ( #4024, #4764, #1104, #6275 ),
 ( #1842, #7049, #2567, #7843 ),
 ( #3303, #8576, #4056, #9233 ),
 ( #4796, #403, #5550, #1133 ) ),
 .UNSPECIFIED., .F., .F., .F. ) 
 B_SPLINE_SURFACE_WITH_KNOTS ( ( 4, 4 ),
 ( 4, 4 ),
 ( 0.0000000000000000000, 1.000000000000000000 ),
 ( 0.0000000000000000000, 1.000000000000000000 ),
 .UNSPECIFIED. ) 
 GEOMETRIC_REPRESENTATION_ITEM ( )  RATIONAL_B_SPLINE_SURFACE ( (
 ( 1.000928791985660000, 0.9940835360964660500, 0.9942357083301539600, 1.001385308686719900),
 ( 0.9998228890310659800, 0.9929851963059830300, 0.9931372004081080500, 1.000278901337440000),
 ( 0.9998228890310659800, 0.9929851963059830300, 0.9931372004081080500, 1.000278901337440000),
 ( 1.000928791985660000, 0.9940835360964660500, 0.9942357083301549500, 1.001385308686719900) ) ) 
 REPRESENTATION_ITEM ( '' )  SURFACE ( )  );
#1979 = LINE ( 'NONE', #1539, #1944 ) ;
#1980 = LINE ( 'NONE', #5633, #1947 ) ;
#1981 = PLANE ( 'NONE',  #4096 ) ;
#1982 = EDGE_LOOP ( 'NONE', ( #6319, #1791, #6958, #7736 ) ) ;
#1983 = EDGE_LOOP ( 'NONE', ( #1719, #1752, #1787, #1827, #1855 ) ) ;
#1984 = EDGE_CURVE ( 'NONE', #5072, #8168, #7380, .T. ) ;
#1985 = CARTESIAN_POINT ( 'NONE',  ( -19.02375765390575400, 33.64772165199220700, -43.62771098485039500 ) ) ;
#1986 = LINE ( 'NONE', #7483, #1935 ) ;
#1987 = CARTESIAN_POINT ( 'NONE',  ( -19.02375765390836900, 36.66747541208422200, -41.50570603471967200 ) ) ;
#1988 = CARTESIAN_POINT ( 'NONE',  ( -18.23704105498312300, 34.88797427005934500, -44.33616774054261400 ) ) ;
#1989 = VERTEX_POINT ( 'NONE', #4411 ) ;
#1990 = ORIENTED_EDGE ( 'NONE', *, *, #6120, .F. ) ;
#1991 = DIRECTION ( 'NONE',  ( -0.0000000000000000000, 0.0000000000000000000, 1.000000000000000000 ) ) ;
#1992 = DIRECTION ( 'NONE',  ( -1.000000000000000000, 1.264420666934208900E-012, 0.0000000000000000000 ) ) ;
#1993 = LINE ( 'NONE', #8930, #2007 ) ;
#1994 = AXIS2_PLACEMENT_3D ( 'NONE', #8836, #4360, #4324 ) ;
#1995 = EDGE_CURVE ( 'NONE', #8168, #5423, #7365, .T. ) ;
#1996 = VERTEX_POINT ( 'NONE', #4320 ) ;
#1997 = ORIENTED_EDGE ( 'NONE', *, *, #130, .T. ) ;
#1998 = CARTESIAN_POINT ( 'NONE',  ( -19.05599968172374000, 35.64378464412362000, -44.61196295335354000 ) ) ;
#1999 =( BOUNDED_CURVE ( )  B_SPLINE_CURVE ( 3, ( #1072, #1044, #1807, #7020 ),
 .UNSPECIFIED., .F., .F. ) 
 B_SPLINE_CURVE_WITH_KNOTS ( ( 4, 4 ),
 ( 3.141592653592213000, 3.259378351099191800 ),
 .UNSPECIFIED. ) 
 CURVE ( )  GEOMETRIC_REPRESENTATION_ITEM ( )  RATIONAL_B_SPLINE_CURVE ( ( 1.000000000000000000, 0.9988442115714374300, 0.9988442115714374300, 1.000000000000000000 ) ) 
 REPRESENTATION_ITEM ( '' )  );
#2000 = CARTESIAN_POINT ( 'NONE',  ( -18.44501749642996200, 34.58472952601173500, -41.39149051667873600 ) ) ;
#2001 = DIRECTION ( 'NONE',  ( 0.0000000000000000000, 1.000000000000000000, 0.0000000000000000000 ) ) ;
#2002 = ADVANCED_FACE ( 'NONE', ( #7189 ), #4272, .T. ) ;
#2003 = CYLINDRICAL_SURFACE ( 'NONE', #1356, 3.543307086614172300 ) ;
#2004 = DIRECTION ( 'NONE',  ( 0.0000000000000000000, -0.0000000000000000000, 1.000000000000000000 ) ) ;
#2005 = ORIENTED_EDGE ( 'NONE', *, *, #7900, .T. ) ;
#2006 = AXIS2_PLACEMENT_3D ( 'NONE', #7015, #6404, #6239 ) ;
#2007 = VECTOR ( 'NONE', #4454, 39.37007874015748100 ) ;
#2008 = ORIENTED_EDGE ( 'NONE', *, *, #4592, .T. ) ;
#2009 = LINE ( 'NONE', #5920, #2030 ) ;
#2010 = VERTEX_POINT ( 'NONE', #4216 ) ;
#2011 = CARTESIAN_POINT ( 'NONE',  ( -19.02375765390559400, 33.69890275435188400, -43.65920704784105800 ) ) ;
#2012 = CARTESIAN_POINT ( 'NONE',  ( -19.09375929415956800, 34.61631982535023900, -40.24188421747953000 ) ) ;
#2013 = ORIENTED_EDGE ( 'NONE', *, *, #6763, .F. ) ;
#2014 = VECTOR ( 'NONE', #8217, 39.37007874015748100 ) ;
#2015 = ORIENTED_EDGE ( 'NONE', *, *, #272, .T. ) ;
#2016 = CARTESIAN_POINT ( 'NONE',  ( -19.09375929415740500, 34.72252480158543600, -44.92298657540472800 ) ) ;
#2017 = CARTESIAN_POINT ( 'NONE',  ( -19.38112961814980300, 35.19890275435701500, -44.53322279587441600 ) ) ;
#2018 = CARTESIAN_POINT ( 'NONE',  ( -17.64844959570636000, 36.71858779372267600, -42.87669796840964400 ) ) ;
#2019 = DIRECTION ( 'NONE',  ( 0.0000000000000000000, 0.0000000000000000000, -1.000000000000000000 ) ) ;
#2020 = CARTESIAN_POINT ( 'NONE',  ( -18.96076552792236600, 36.66637588043483500, -41.54897083163779600 ) ) ;
#2021 = VERTEX_POINT ( 'NONE', #4227 ) ;
#2022 = EDGE_LOOP ( 'NONE', ( #9450, #345, #9398, #9302, #9428, #9441 ) ) ;
#2023 = FACE_OUTER_BOUND ( 'NONE', #5484, .T. ) ;
#2024 = CARTESIAN_POINT ( 'NONE',  ( -18.09856080337116100, 34.15953267596629000, -41.63769542106317100 ) ) ;
#2025 = CARTESIAN_POINT ( 'NONE',  ( -18.22016794196501600, 35.18315472284794500, -41.11885272142048100 ) ) ;
#2026 = CARTESIAN_POINT ( 'NONE',  ( -18.30014871118362100, 36.64752232457977500, -43.53069410184056000 ) ) ;
#2027 = EDGE_LOOP ( 'NONE', ( #2944, #2933, #3064, #2949 ) ) ;
#2028 = EDGE_CURVE ( 'NONE', #5423, #8095, #7260, .T. ) ;
#2029 = ORIENTED_EDGE ( 'NONE', *, *, #110, .F. ) ;
#2030 = VECTOR ( 'NONE', #1505, 39.37007874015748100 ) ;
#2031 = CARTESIAN_POINT ( 'NONE',  ( -18.09856080337116100, 34.00547482383036200, -41.63769542106314200 ) ) ;
#2032 = PLANE ( 'NONE',  #4070 ) ;
#2033 = DIRECTION ( 'NONE',  ( -0.0000000000000000000, -1.000000000000000000, -0.0000000000000000000 ) ) ;
#2034 = ORIENTED_EDGE ( 'NONE', *, *, #6020, .F. ) ;
#2035 = VERTEX_POINT ( 'NONE', #4159 ) ;
#2036 = VECTOR ( 'NONE', #1471, 39.37007874015748100 ) ;
#2037 = CARTESIAN_POINT ( 'NONE',  ( -20.14580489799972400, 36.66740669135898400, -41.50566374504488500 ) ) ;
#2038 = CARTESIAN_POINT ( 'NONE',  ( -18.30875953088678500, 34.61631982535628500, -40.24188421747879100 ) ) ;
#2039 = ADVANCED_FACE ( 'NONE', ( #7256 ), #7252, .T. ) ;
#2040 = DIRECTION ( 'NONE',  ( -1.000000000000000000, 1.083082623645810000E-012, -1.289195296225029900E-012 ) ) ;
#2041 = VECTOR ( 'NONE', #4883, 39.37007874015748100 ) ;
#2042 = EDGE_CURVE ( 'NONE', #3304, #3117, #7140, .T. ) ;
#2043 = EDGE_CURVE ( 'NONE', #6513, #7488, #7118, .T. ) ;
#2044 =( BOUNDED_CURVE ( )  B_SPLINE_CURVE ( 3, ( #8490, #9149, #1778, #6989 ),
 .UNSPECIFIED., .F., .F. ) 
 B_SPLINE_CURVE_WITH_KNOTS ( ( 4, 4 ),
 ( 3.141592653592213000, 3.259378351101329700 ),
 .UNSPECIFIED. ) 
 CURVE ( )  GEOMETRIC_REPRESENTATION_ITEM ( )  RATIONAL_B_SPLINE_CURVE ( ( 1.000000000000000000, 0.9988442115713955800, 0.9988442115713955800, 1.000000000000000000 ) ) 
 REPRESENTATION_ITEM ( '' )  );
#2045 = CARTESIAN_POINT ( 'NONE',  ( -18.24980009187772400, 34.15953267526161600, -44.61196295335336300 ) ) ;
#2046 = EDGE_LOOP ( 'NONE', ( #6306, #6484, #7961, #8108, #8204 ) ) ;
#2047 = DIRECTION ( 'NONE',  ( -1.000000000000000000, 1.264251560246800100E-012, -2.841279047499280000E-012 ) ) ;
#2048 = CARTESIAN_POINT ( 'NONE',  ( -20.00866194114609400, 36.68466698036762400, -40.13164799701706200 ) ) ;
#2049 = VERTEX_POINT ( 'NONE', #4192 ) ;
#2050 = CARTESIAN_POINT ( 'NONE',  ( -18.54344269327106400, 36.71858779371964200, -41.53715980801969500 ) ) ;
#2051 = LINE ( 'NONE', #2215, #2014 ) ;
#2052 = LINE ( 'NONE', #1226, #1928 ) ;
#2053 = CARTESIAN_POINT ( 'NONE',  ( -18.10831295856345900, 33.85172594652115000, -41.63752519656106400 ) ) ;
#2054 = CARTESIAN_POINT ( 'NONE',  ( -18.27810138056063100, 35.62946153309139400, -44.61196295335314900 ) ) ;
#2055 = PRODUCT_RELATED_PRODUCT_CATEGORY ( 'part', '', ( #1585 ) ) ;
#2056 = ORIENTED_EDGE ( 'NONE', *, *, #7911, .F. ) ;
#2057 = AXIS2_PLACEMENT_3D ( 'NONE', #688, #9423, #8789 ) ;
#2058 = ORIENTED_EDGE ( 'NONE', *, *, #424, .T. ) ;
#2059 = VERTEX_POINT ( 'NONE', #3663 ) ;
#2060 = AXIS2_PLACEMENT_3D ( 'NONE', #1422, #1412, #1380 ) ;
#2061 = VECTOR ( 'NONE', #5139, 39.37007874015748100 ) ;
#2062 = CARTESIAN_POINT ( 'NONE',  ( -21.75997812620055100, 36.20677677045429700, -42.57259287528425100 ) ) ;
#2063 = VECTOR ( 'NONE', #1927, 39.37007874015748100 ) ;
#2064 = ORIENTED_EDGE ( 'NONE', *, *, #7900, .F. ) ;
#2065 = CARTESIAN_POINT ( 'NONE',  ( -18.37155697523275300, 36.65251567683109400, -43.55250414185512400 ) ) ;
#2066 = ORIENTED_EDGE ( 'NONE', *, *, #6687, .F. ) ;
#2067 = CARTESIAN_POINT ( 'NONE',  ( -18.22016794196566300, 35.18983992396919500, -41.11885272142043800 ) ) ;
#2068 = DIRECTION ( 'NONE',  ( 0.0000000000000000000, -0.0000000000000000000, -1.000000000000000000 ) ) ;
#2069 = LINE ( 'NONE', #743, #2036 ) ;
#2070 = LINE ( 'NONE', #2923, #1973 ) ;
#2071 = AXIS2_PLACEMENT_3D ( 'NONE', #1545, #1375, #1344 ) ;
#2072 = AXIS2_PLACEMENT_3D ( 'NONE', #5561, #4810, #4169 ) ;
#2073 = CARTESIAN_POINT ( 'NONE',  ( -18.43969898051992100, 36.65728063002017500, -43.55250414185512400 ) ) ;
#2074 = CARTESIAN_POINT ( 'NONE',  ( -18.22020463732836100, 35.19662743842211200, -41.11818226287008600 ) ) ;
#2075 = EDGE_LOOP ( 'NONE', ( #3197, #5515, #1273, #5470 ) ) ;
#2076 = DIRECTION ( 'NONE',  ( 0.9975640502597361600, -0.06975647374538640500, 0.0000000000000000000 ) ) ;
#2077 = ORIENTED_EDGE ( 'NONE', *, *, #7913, .F. ) ;
#2078 = CARTESIAN_POINT ( 'NONE',  ( -20.06903324446118100, 35.69496574648024300, -45.16708106358976900 ) ) ;
#2079 = CARTESIAN_POINT ( 'NONE',  ( -18.30926420597521800, 34.72252480158034200, -44.92298657540521800 ) ) ;
#2080 = CARTESIAN_POINT ( 'NONE',  ( -18.12582475745145800, 33.71450751063817800, -43.52765126590922100 ) ) ;
#2081 = DIRECTION ( 'NONE',  ( 0.0000000000000000000, -1.000000000000000000, 0.0000000000000000000 ) ) ;
#2082 = VECTOR ( 'NONE', #5854, 39.37007874015748900 ) ;
#2083 = DIRECTION ( 'NONE',  ( -0.9999619230641427800, 0.0000000000000000000, -0.008726535501638660000 ) ) ;
#2085 = PLANE ( 'NONE',  #1750 ) ;
#2084 = LINE ( 'NONE', #2649, #2196 ) ;
#2086 = CARTESIAN_POINT ( 'NONE',  ( -18.54344269327106400, 36.65909148325928900, -41.54897083163779600 ) ) ;
#2087 = ORIENTED_EDGE ( 'NONE', *, *, #7913, .T. ) ;
#2088 = ORIENTED_EDGE ( 'NONE', *, *, #7351, .T. ) ;
#2089 = EDGE_CURVE ( 'NONE', #6513, #7758, #7138, .T. ) ;
#2090 = PLANE ( 'NONE',  #4156 ) ;
#2091 = CARTESIAN_POINT ( 'NONE',  ( -18.28991281778543200, 35.19595006394693100, -44.61196295335354000 ) ) ;
#2092 = CARTESIAN_POINT ( 'NONE',  ( -18.22034641368794900, 35.20974120201621100, -41.11556566206702700 ) ) ;
#2093 = EDGE_CURVE ( 'NONE', #3298, #2659, #7148, .T. ) ;
#2094 = B_SPLINE_CURVE_WITH_KNOTS ( 'NONE', 3,
 ( #2445, #3057, #3177, #8464 ),
 .UNSPECIFIED., .F., .F.,
 ( 4, 4 ),
 ( 0.01167402943777224600, 0.02302921066365454200 ),
 .UNSPECIFIED. ) ;
#2095 = LINE ( 'NONE', #4397, #2061 ) ;
#2096 = ADVANCED_FACE ( 'NONE', ( #7095 ), #3586, .F. ) ;
#2097 = ORIENTED_EDGE ( 'NONE', *, *, #340, .F. ) ;
#2098 = VECTOR ( 'NONE', #9493, 39.37007874015748100 ) ;
#2099 = CARTESIAN_POINT ( 'NONE',  ( -18.22045091081233900, 35.21612493496095200, -41.11363031221404200 ) ) ;
#2100 = EDGE_CURVE ( 'NONE', #6077, #6217, #7159, .T. ) ;
#2101 = EDGE_CURVE ( 'NONE', #6265, #6341, #7077, .T. ) ;
#2102 = VERTEX_POINT ( 'NONE', #3512 ) ;
#2103 = ORIENTED_EDGE ( 'NONE', *, *, #7852, .F. ) ;
#2104 = CARTESIAN_POINT ( 'NONE',  ( -18.26752305172328100, 34.61908783719989200, -44.54398787010249100 ) ) ;
#2105 = CARTESIAN_POINT ( 'NONE',  ( -18.22072400009135500, 35.22854092383893500, -41.10848653573843600 ) ) ;
#2106 = CARTESIAN_POINT ( 'NONE',  ( -18.28991281778759900, 35.17035938176496000, -44.53341563799252600 ) ) ;
#2107 = FACE_OUTER_BOUND ( 'NONE', #9308, .T. ) ;
#2108 = CARTESIAN_POINT ( 'NONE',  ( -18.12777815155912000, 33.69890275434673300, -41.63718543035351200 ) ) ;
#2109 = CARTESIAN_POINT ( 'NONE',  ( -18.12382062240315900, 34.58794816900162800, -43.77338027620471900 ) ) ;
#2110 = CARTESIAN_POINT ( 'NONE',  ( -18.64909682647802900, 35.54535944726740100, -44.61196295335354000 ) ) ;
#2111 = PLANE ( 'NONE',  #1105 ) ;
#2112 = CARTESIAN_POINT ( 'NONE',  ( -18.21667229636544100, 34.15953267562093700, -43.76821124715965500 ) ) ;
#2113 = CARTESIAN_POINT ( 'NONE',  ( -18.54344269327105700, 34.44890275435055600, -41.69629940721108600 ) ) ;
#2114 = CARTESIAN_POINT ( 'NONE',  ( -18.22739499834565200, 35.18315472286472100, -44.25074248091259200 ) ) ;
#2115 = AXIS2_PLACEMENT_3D ( 'NONE', #9274, #9244, #8649 ) ;
#2116 = LINE ( 'NONE', #675, #2098 ) ;
#2117 = EDGE_LOOP ( 'NONE', ( #8043, #2829 ) ) ;
#2118 = EDGE_CURVE ( 'NONE', #5358, #7758, #7086, .T. ) ;
#2119 = VECTOR ( 'NONE', #1411, 39.37007874015748100 ) ;
#2120 = CARTESIAN_POINT ( 'NONE',  ( -18.22089210756920600, 35.23451548058142900, -41.10528549661355400 ) ) ;
#2121 = B_SPLINE_CURVE_WITH_KNOTS ( 'NONE', 3,
 ( #885, #6039, #1622, #6823, #2354, #7612, #3089, #8370, #3820, #9030, #4565, #187, #5319, #917, #6074, #1654, #6858, #2384, #7643, #3120, #8400, #3853, #9054, #4598, #215, #5354, #951, #6107, #1685, #6889, #2416, #7677, #3146, #8437 ),
 .UNSPECIFIED., .F., .F.,
 ( 4, 2, 2, 2, 2, 2, 2, 2, 2, 2, 2, 2, 2, 2, 2, 2, 4 ),
 ( 0.005092810308297896500, 0.005600976050129592900, 0.006109141791961290200, 0.006617307533792986600, 0.007125473275624683000, 0.007633639017456379400, 0.008141804759288075900, 0.008649970501119774000, 0.009158136242951468700, 0.009666301984783166900, 0.01017446772661486200, 0.01068263346844656000, 0.01119079921027825600, 0.01169896495210995300, 0.01220713069394165100, 0.01271529643577334500, 0.01322346217760504400 ),
 .UNSPECIFIED. ) ;
#2122 = LINE ( 'NONE', #8848, #2082 ) ;
#2123 = EDGE_LOOP ( 'NONE', ( #1671, #1818, #1953, #2151, #5120 ) ) ;
#2124 = CARTESIAN_POINT ( 'NONE',  ( -20.18320647280763700, 36.12311223378705400, -45.39207681223975800 ) ) ;
#2125 = VECTOR ( 'NONE', #9468, 39.37007874015748100 ) ;
#2126 = PRODUCT_DEFINITION_FORMATION_WITH_SPECIFIED_SOURCE ( 'ANY', '', #1585, .NOT_KNOWN. ) ;
#2127 = ORIENTED_EDGE ( 'NONE', *, *, #7067, .F. ) ;
#2128 = DIRECTION ( 'NONE',  ( -0.9998476951564137000, 0.0000000000000000000, -0.01745240643599449400 ) ) ;
#2129 = AXIS2_PLACEMENT_3D ( 'NONE', #905, #874, #817 ) ;
#2130 = DIRECTION ( 'NONE',  ( 2.741527612597545200E-015, -1.000000000000000000, 1.570620117469848500E-013 ) ) ;
#2131 = CARTESIAN_POINT ( 'NONE',  ( -18.22127246456659900, 35.24560011757881700, -41.09787263125692600 ) ) ;
#2132 = B_SPLINE_CURVE_WITH_KNOTS ( 'NONE', 3,
 ( #855, #5254, #6785, #2326 ),
 .UNSPECIFIED., .F., .F.,
 ( 4, 4 ),
 ( 0.0000000000000000000, 0.009199999991019169900 ),
 .UNSPECIFIED. ) ;
#2133 = ORIENTED_EDGE ( 'NONE', *, *, #5064, .T. ) ;
#2134 = LINE ( 'NONE', #8121, #2125 ) ;
#2135 = DIRECTION ( 'NONE',  ( -1.000000000000000000, -0.0000000000000000000, 0.0000000000000000000 ) ) ;
#2136 = ORIENTED_EDGE ( 'NONE', *, *, #6637, .T. ) ;
#2137 = CARTESIAN_POINT ( 'NONE',  ( -18.28012414616763000, 34.15953267526151600, -44.93311160924943700 ) ) ;
#2138 = DIRECTION ( 'NONE',  ( 0.0000000000000000000, -0.06975647374392914000, 0.9975640502598378500 ) ) ;
#2139 = CARTESIAN_POINT ( 'NONE',  ( -18.22148684166801000, 35.25079025393689800, -41.09362035081833400 ) ) ;
#2140 = ADVANCED_FACE ( 'NONE', ( #7120 ), #3422, .T. ) ;
#2141 = ORIENTED_EDGE ( 'NONE', *, *, #8241, .F. ) ;
#2142 = DIRECTION ( 'NONE',  ( 2.832982890422908100E-012, 0.0000000000000000000, 1.000000000000000000 ) ) ;
#2143 = ORIENTED_EDGE ( 'NONE', *, *, #7618, .T. ) ;
#2144 = CARTESIAN_POINT ( 'NONE',  ( -18.30014871118362100, 33.71878712113271300, -43.61716421198267600 ) ) ;
#2145 = FACE_OUTER_BOUND ( 'NONE', #4680, .T. ) ;
#2146 = DIRECTION ( 'NONE',  ( 0.01745240643599449800, -1.570859366960029300E-013, -0.9998476951564138100 ) ) ;
#2147 = EDGE_CURVE ( 'NONE', #3333, #3298, #7051, .T. ) ;
#2148 = DIRECTION ( 'NONE',  ( -0.0000000000000000000, -0.8516583167043535500, 0.5240974256646437900 ) ) ;
#2149 = CARTESIAN_POINT ( 'NONE',  ( -18.28966323105045800, 33.85823535622453300, -44.93190232258123000 ) ) ;
#2150 = PLANE ( 'NONE',  #1390 ) ;
#2151 = ORIENTED_EDGE ( 'NONE', *, *, #404, .F. ) ;
#2152 = CARTESIAN_POINT ( 'NONE',  ( -19.02178914997413600, 36.66747541208421500, -41.53715980803386300 ) ) ;
#2153 = CARTESIAN_POINT ( 'NONE',  ( -18.28991281778543200, 34.74312493175243300, -43.61725353927132400 ) ) ;
#2154 = ORIENTED_EDGE ( 'NONE', *, *, #7389, .T. ) ;
#2155 = VERTEX_POINT ( 'NONE', #3321 ) ;
#2156 = CARTESIAN_POINT ( 'NONE',  ( -17.76332458303469200, 35.18315472285338800, -42.39936453244605700 ) ) ;
#2157 = B_SPLINE_CURVE_WITH_KNOTS ( 'NONE', 3,
 ( #8945, #1528, #5222, #829 ),
 .UNSPECIFIED., .F., .F.,
 ( 4, 4 ),
 ( 0.0000000000000000000, 1.000000000000000000 ),
 .UNSPECIFIED. ) ;
#2158 = FACE_OUTER_BOUND ( 'NONE', #1335, .T. ) ;
#2159 = AXIS2_PLACEMENT_3D ( 'NONE', #2623, #8569, #3747 ) ;
#2160 = CARTESIAN_POINT ( 'NONE',  ( -19.09375929415956800, 34.72252480159838900, -40.24188421747953000 ) ) ;
#2161 = EDGE_LOOP ( 'NONE', ( #3726, #3640, #3737, #3671 ) ) ;
#2162 = EDGE_LOOP ( 'NONE', ( #1729, #6787, #7650, #2595, #8696, #7124, #2276, #8196 ) ) ;
#2163 = LINE ( 'NONE', #2113, #2173 ) ;
#2164 = CARTESIAN_POINT ( 'NONE',  ( -18.44501749642598300, 34.58472952601145800, -43.53322279589252700 ) ) ;
#2165 = DIRECTION ( 'NONE',  ( 1.000000000000000000, -4.795779803996356000E-015, 2.841499533867840700E-012 ) ) ;
#2166 = LINE ( 'NONE', #7137, #2063 ) ;
#2167 =( BOUNDED_CURVE ( )  B_SPLINE_CURVE ( 3, ( #5909, #8240, #6725, #2261 ),
 .UNSPECIFIED., .F., .F. ) 
 B_SPLINE_CURVE_WITH_KNOTS ( ( 4, 4 ),
 ( 4.475452091311809600E-016, 0.007934980351370354200 ),
 .UNSPECIFIED. ) 
 CURVE ( )  GEOMETRIC_REPRESENTATION_ITEM ( )  RATIONAL_B_SPLINE_CURVE ( ( 0.9995300997040403900, 0.9996518049593627900, 0.9998459135985435800, 1.000112425621582500 ) ) 
 REPRESENTATION_ITEM ( '' )  );
#2168 = ORIENTED_EDGE ( 'NONE', *, *, #7916, .T. ) ;
#2169 = CARTESIAN_POINT ( 'NONE',  ( -18.21667122637647300, 35.18315472250243700, -41.38949776896928500 ) ) ;
#2170 = ORIENTED_EDGE ( 'NONE', *, *, #7209, .T. ) ;
#2171 = DIRECTION ( 'NONE',  ( 0.0000000000000000000, 0.0000000000000000000, 1.000000000000000000 ) ) ;
#2172 = ORIENTED_EDGE ( 'NONE', *, *, #4594, .T. ) ;
#2173 = VECTOR ( 'NONE', #644, 39.37007874015748100 ) ;
#2174 = CARTESIAN_POINT ( 'NONE',  ( -18.28991281778543200, 35.62318451395708500, -44.61196295335341200 ) ) ;
#2175 = PLANE ( 'NONE',  #4179 ) ;
#2176 = VECTOR ( 'NONE', #5178, 39.37007874015748100 ) ;
#2177 = CARTESIAN_POINT ( 'NONE',  ( -18.28991281778556300, 35.18315472286465000, -44.14838027618809200 ) ) ;
#2178 = DIRECTION ( 'NONE',  ( 1.000000000000000000, 0.0000000000000000000, 2.841499533867840700E-012 ) ) ;
#2179 = DIRECTION ( 'NONE',  ( -0.0000000000000000000, 0.0000000000000000000, -1.000000000000000000 ) ) ;
#2180 = CARTESIAN_POINT ( 'NONE',  ( -18.30014871118578800, 33.69890275434673300, -41.63417669104392600 ) ) ;
#2181 = VERTEX_POINT ( 'NONE', #3341 ) ;
#2182 = ORIENTED_EDGE ( 'NONE', *, *, #47, .T. ) ;
#2183 = ORIENTED_EDGE ( 'NONE', *, *, #7936, .F. ) ;
#2184 = DIRECTION ( 'NONE',  ( -0.0000000000000000000, -1.000000000000000000, -0.0000000000000000000 ) ) ;
#2185 = DIRECTION ( 'NONE',  ( 2.841279047498729900E-012, -1.993517598874520100E-013, -1.000000000000000000 ) ) ;
#2186 = VECTOR ( 'NONE', #5045, 39.37007874015748100 ) ;
#2187 = LINE ( 'NONE', #4143, #2041 ) ;
#2188 = EDGE_CURVE ( 'NONE', #7488, #5358, #7035, .T. ) ;
#2189 = DIRECTION ( 'NONE',  ( -0.3420201433267621700, 0.0000000000000000000, 0.9396926207855104100 ) ) ;
#2190 = AXIS2_PLACEMENT_3D ( 'NONE', #2222, #2001, #1974 ) ;
#2191 = ADVANCED_FACE ( 'NONE', ( #7075 ), #3277, .T. ) ;
#2192 = VERTEX_POINT ( 'NONE', #3318 ) ;
#2193 = CARTESIAN_POINT ( 'NONE',  ( -18.44501749642953200, 33.69890275434673300, -41.54897083163696400 ) ) ;
#2194 = CARTESIAN_POINT ( 'NONE',  ( -20.18320647280272000, 36.14820575110520200, -45.03322279586732400 ) ) ;
#2195 = LINE ( 'NONE', #5078, #2119 ) ;
#2196 = VECTOR ( 'NONE', #7938, 39.37007874015748100 ) ;
#2197 = CARTESIAN_POINT ( 'NONE',  ( -18.22195393237217000, 35.26033209737847300, -41.08407179544965300 ) ) ;
#2198 = VERTEX_POINT ( 'NONE', #3234 ) ;
#2199 = ORIENTED_EDGE ( 'NONE', *, *, #3459, .T. ) ;
#2200 = AXIS2_PLACEMENT_3D ( 'NONE', #3044, #4082, #3015 ) ;
#2201 = DIRECTION ( 'NONE',  ( -0.0000000000000000000, 0.0000000000000000000, -1.000000000000000000 ) ) ;
#2202 = LINE ( 'NONE', #4303, #2186 ) ;
#2203 = LINE ( 'NONE', #4432, #2176 ) ;
#2204 = CARTESIAN_POINT ( 'NONE',  ( -19.93744475792362500, 35.18435698181507800, -45.03322279586771500 ) ) ;
#2205 = CARTESIAN_POINT ( 'NONE',  ( -18.22220027323657000, 35.26456057014131300, -41.07890515999980600 ) ) ;
#2206 = CARTESIAN_POINT ( 'NONE',  ( -18.25593964767272200, 34.65744796838633600, -41.42501519039724700 ) ) ;
#2207 = ORIENTED_EDGE ( 'NONE', *, *, #7946, .F. ) ;
#2208 = CARTESIAN_POINT ( 'NONE',  ( -21.74423009470958900, 34.15953267596627500, -41.69267161907139800 ) ) ;
#2209 = ORIENTED_EDGE ( 'NONE', *, *, #4820, .F. ) ;
#2210 = CARTESIAN_POINT ( 'NONE',  ( -19.70899736156062700, 36.56898149452492700, -44.53322279587480600 ) ) ;
#2211 = DIRECTION ( 'NONE',  ( -0.9396926207855104100, 1.134575986371970500E-012, -0.3420201433267621700 ) ) ;
#2212 = CARTESIAN_POINT ( 'NONE',  ( -18.54344269327106400, 36.66453509711194400, -43.53494081409387200 ) ) ;
#2213 = CARTESIAN_POINT ( 'NONE',  ( -18.30875953088461500, 35.74998962035561300, -44.92298657540546000 ) ) ;
#2214 = CARTESIAN_POINT ( 'NONE',  ( -18.30764716386512000, 36.65497565698353800, -40.24188421748068800 ) ) ;
#2215 = CARTESIAN_POINT ( 'NONE',  ( -18.97257655154685100, 36.71858779372264100, -43.47219917382323500 ) ) ;
#2216 = VECTOR ( 'NONE', #2819, 39.37007874015748100 ) ;
#2217 = VERTEX_POINT ( 'NONE', #3257 ) ;
#2218 = CARTESIAN_POINT ( 'NONE',  ( -19.08674977989177200, 34.52173740003043200, -44.53322279587441600 ) ) ;
#2219 = EDGE_LOOP ( 'NONE', ( #948, #1009, #1019, #1055 ) ) ;
#2220 = EDGE_CURVE ( 'NONE', #3313, #838, #7008, .T. ) ;
#2221 = PLANE ( 'NONE',  #2602 ) ;
#2222 = CARTESIAN_POINT ( 'NONE',  ( -18.54245844129775700, 36.65165865986205100, -43.47219917382244600 ) ) ;
#2223 = VECTOR ( 'NONE', #8091, 39.37007874015748100 ) ;
#2224 = DIRECTION ( 'NONE',  ( 6.780283496827029700E-013, 1.000000000000000000, 7.468208859954912100E-025 ) ) ;
#2225 =( BOUNDED_CURVE ( )  B_SPLINE_CURVE ( 3, ( #6515, #1339, #7297, #2807 ),
 .UNSPECIFIED., .F., .F. ) 
 B_SPLINE_CURVE_WITH_KNOTS ( ( 4, 4 ),
 ( 0.0000000000000000000, 0.007934904005453231200 ),
 .UNSPECIFIED. ) 
 CURVE ( )  GEOMETRIC_REPRESENTATION_ITEM ( )  RATIONAL_B_SPLINE_CURVE ( ( 0.9978899072487447100, 0.9980108581602151800, 0.9982039353356199100, 0.9984691387749589100 ) ) 
 REPRESENTATION_ITEM ( '' )  );
#2226 = EDGE_LOOP ( 'NONE', ( #3352, #5611, #1352, #5630 ) ) ;
#2227 = ORIENTED_EDGE ( 'NONE', *, *, #6573, .T. ) ;
#2228 = CARTESIAN_POINT ( 'NONE',  ( -18.09856080336850300, 34.15953267596610500, -42.57259287527350000 ) ) ;
#2229 = CARTESIAN_POINT ( 'NONE',  ( -18.24369705721473200, 35.61995279316098400, -41.54721393478050800 ) ) ;
#2230 = CARTESIAN_POINT ( 'NONE',  ( -18.22271050189169400, 35.27197102629156000, -41.06781462326294700 ) ) ;
#2231 = VERTEX_POINT ( 'NONE', #3216 ) ;
#2232 = CARTESIAN_POINT ( 'NONE',  ( -18.22297744944529200, 35.27517812621570700, -41.06181821396113900 ) ) ;
#2233 = ADVANCED_FACE ( 'NONE', ( #7028 ), #3285, .T. ) ;
#2234 = LINE ( 'NONE', #2086, #2223 ) ;
#2235 = ORIENTED_EDGE ( 'NONE', *, *, #7608, .T. ) ;
#2236 = VECTOR ( 'NONE', #1349, 39.37007874015748100 ) ;
#2237 = CARTESIAN_POINT ( 'NONE',  ( -18.24369705729933200, 34.59633074591544500, -43.58440389826063200 ) ) ;
#2238 = DIRECTION ( 'NONE',  ( 1.000000000000000000, 0.0000000000000000000, 0.0000000000000000000 ) ) ;
#2239 = EDGE_LOOP ( 'NONE', ( #8030, #2822, #9038, #525, #3977 ) ) ;
#2240 = EDGE_CURVE ( 'NONE', #8161, #1195, #7003, .T. ) ;
#2241 = ORIENTED_EDGE ( 'NONE', *, *, #6259, .T. ) ;
#2242 = LINE ( 'NONE', #616, #2236 ) ;
#2243 = ORIENTED_EDGE ( 'NONE', *, *, #6280, .T. ) ;
#2244 = CARTESIAN_POINT ( 'NONE',  ( -18.22020387497630600, 36.22016540253530800, -44.04667449667666500 ) ) ;
#2245 = DIRECTION ( 'NONE',  ( 1.000000000000000000, -1.264251560246800100E-012, 2.841279047499280000E-012 ) ) ;
#2246 = ORIENTED_EDGE ( 'NONE', *, *, #4979, .T. ) ;
#2247 = ORIENTED_EDGE ( 'NONE', *, *, #7250, .T. ) ;
#2248 = FACE_OUTER_BOUND ( 'NONE', #9327, .T. ) ;
#2249 = ORIENTED_EDGE ( 'NONE', *, *, #8412, .T. ) ;
#2250 = ADVANCED_FACE ( 'NONE', ( #6981 ), #3061, .T. ) ;
#2251 = EDGE_CURVE ( 'NONE', #3436, #3313, #6961, .T. ) ;
#2252 = DIRECTION ( 'NONE',  ( -0.0000000000000000000, 0.0000000000000000000, -1.000000000000000000 ) ) ;
#2253 = CARTESIAN_POINT ( 'NONE',  ( -20.18320647280855700, 34.78551692757830000, -39.82459852400854300 ) ) ;
#2254 = CARTESIAN_POINT ( 'NONE',  ( -18.22350576539442500, 35.28030123306771100, -41.04943687398858300 ) ) ;
#2255 = DIRECTION ( 'NONE',  ( -0.9999619230641601000, 0.0000000000000000000, -0.008726535499663082300 ) ) ;
#2256 = AXIS2_PLACEMENT_3D ( 'NONE', #4380, #4218, #4188 ) ;
#2257 = ORIENTED_EDGE ( 'NONE', *, *, #7947, .F. ) ;
#2258 = ORIENTED_EDGE ( 'NONE', *, *, #4820, .T. ) ;
#2259 = LINE ( 'NONE', #2050, #2272 ) ;
#2260 = DIRECTION ( 'NONE',  ( 0.9975640502597359300, -0.06975647374538689000, 0.0000000000000000000 ) ) ;
#2261 = CARTESIAN_POINT ( 'NONE',  ( -18.30926420597738900, 35.64378464413153600, -40.24188421747903300 ) ) ;
#2262 = PLANE ( 'NONE',  #5701 ) ;
#2263 = DIRECTION ( 'NONE',  ( 1.000000000000000000, 0.0000000000000000000, -0.0000000000000000000 ) ) ;
#2264 = DIRECTION ( 'NONE',  ( -0.9975640502597361600, 0.06975647374538644600, 0.0000000000000000000 ) ) ;
#2265 = AXIS2_PLACEMENT_3D ( 'NONE', #7079, #4696, #4661 ) ;
#2266 = AXIS2_PLACEMENT_3D ( 'NONE', #4524, #4473, #4442 ) ;
#2267 = EDGE_LOOP ( 'NONE', ( #9051, #543, #3989, #136 ) ) ;
#2268 = CARTESIAN_POINT ( 'NONE',  ( -18.27720357975001500, 35.62229579745512400, -40.55290783953125800 ) ) ;
#2269 = ORIENTED_EDGE ( 'NONE', *, *, #4530, .T. ) ;
#2270 = DIRECTION ( 'NONE',  ( 0.0000000000000000000, 1.000000000000000000, 0.0000000000000000000 ) ) ;
#2271 = EDGE_CURVE ( 'NONE', #909, #1195, #6992, .T. ) ;
#2272 = VECTOR ( 'NONE', #9397, 39.37007874015748100 ) ;
#2273 = VECTOR ( 'NONE', #8907, 39.37007874015748100 ) ;
#2274 = CARTESIAN_POINT ( 'NONE',  ( -18.28991281778543900, 35.78157991970015700, -43.77473385422995000 ) ) ;
#2275 = VERTEX_POINT ( 'NONE', #3030 ) ;
#2276 = ORIENTED_EDGE ( 'NONE', *, *, #4116, .T. ) ;
#2277 = CARTESIAN_POINT ( 'NONE',  ( -18.27996288965018900, 34.72252480158544300, -44.61196295335316400 ) ) ;
#2278 = DIRECTION ( 'NONE',  ( 1.835859787452255600E-015, 1.000000000000000000, -2.103686948023382700E-013 ) ) ;
#2279 = ORIENTED_EDGE ( 'NONE', *, *, #1101, .F. ) ;
#2280 = VECTOR ( 'NONE', #4247, 39.37007874015748100 ) ;
#2281 = ADVANCED_FACE ( 'NONE', ( #6935 ), #2960, .T. ) ;
#2282 = AXIS2_PLACEMENT_3D ( 'NONE', #7838, #7607, #7597 ) ;
#2283 = B_SPLINE_CURVE_WITH_KNOTS ( 'NONE', 3,
 ( #2038, #1310, #8751, #4267 ),
 .UNSPECIFIED., .F., .F.,
 ( 4, 4 ),
 ( 0.0000000000000000000, 1.000000000000000000 ),
 .UNSPECIFIED. ) ;
#2284 = EDGE_CURVE ( 'NONE', #8114, #909, #6915, .T. ) ;
#2285 = LINE ( 'NONE', #3674, #2504 ) ;
#2286 =( BOUNDED_CURVE ( )  B_SPLINE_CURVE ( 3, ( #1281, #5683, #7227, #2740 ),
 .UNSPECIFIED., .F., .F. ) 
 B_SPLINE_CURVE_WITH_KNOTS ( ( 4, 4 ),
 ( 2.220446049250313100E-016, 0.007934977017589748400 ),
 .UNSPECIFIED. ) 
 CURVE ( )  GEOMETRIC_REPRESENTATION_ITEM ( )  RATIONAL_B_SPLINE_CURVE ( ( 0.9994585308877754800, 0.9995802031649951800, 0.9997742667180145000, 1.000040721546833200 ) ) 
 REPRESENTATION_ITEM ( '' )  );
#2287 = VERTEX_POINT ( 'NONE', #2842 ) ;
#2288 = CARTESIAN_POINT ( 'NONE',  ( -18.28991281778543200, 35.19595006394693100, -40.63145515489173900 ) ) ;
#2289 = ORIENTED_EDGE ( 'NONE', *, *, #3473, .T. ) ;
#2290 = CARTESIAN_POINT ( 'NONE',  ( -18.25544054120029400, 34.60129490036855100, -40.82967905969953600 ) ) ;
#2291 = CARTESIAN_POINT ( 'NONE',  ( -18.22376709661341800, 35.28223512219400200, -41.04305920543370000 ) ) ;
#2292 = ORIENTED_EDGE ( 'NONE', *, *, #8157, .F. ) ;
#2293 = CARTESIAN_POINT ( 'NONE',  ( -18.90171040981585500, 33.70096437619635300, -41.54513662796475900 ) ) ;
#2294 = LINE ( 'NONE', #4278, #2216 ) ;
#2295 = LINE ( 'NONE', #8218, #2273 ) ;
#2296 = DIRECTION ( 'NONE',  ( -2.841279047498729900E-012, 1.993517598874520100E-013, 1.000000000000000000 ) ) ;
#2297 = DIRECTION ( 'NONE',  ( 1.000000000000000000, 0.0000000000000000000, 0.0000000000000000000 ) ) ;
#2298 = CARTESIAN_POINT ( 'NONE',  ( -18.22428002520182800, 35.28485123061111000, -41.02993079439357200 ) ) ;
#2299 = VERTEX_POINT ( 'NONE', #2876 ) ;
#2300 = CARTESIAN_POINT ( 'NONE',  ( -18.22782331422735800, 35.18315472284801600, -40.82821409397298100 ) ) ;
#2301 = ORIENTED_EDGE ( 'NONE', *, *, #46, .F. ) ;
#2302 = AXIS2_PLACEMENT_3D ( 'NONE', #8881, #8913, #8888 ) ;
#2303 = PLANE ( 'NONE',  #4222 ) ;
#2304 = CARTESIAN_POINT ( 'NONE',  ( -18.28820257321129400, 34.72252480158545000, -44.71578775845514300 ) ) ;
#2305 = ADVANCED_FACE ( 'NONE', ( #6926 ), #2802, .F. ) ;
#2306 = LINE ( 'NONE', #3486, #2280 ) ;
#2307 = FACE_OUTER_BOUND ( 'NONE', #5951, .T. ) ;
#2308 =( BOUNDED_CURVE ( )  B_SPLINE_CURVE ( 3, ( #6602, #5835, #7392, #2893 ),
 .UNSPECIFIED., .F., .F. ) 
 B_SPLINE_CURVE_WITH_KNOTS ( ( 4, 4 ),
 ( 8.899114524108741300E-016, 0.007934980351310259900 ),
 .UNSPECIFIED. ) 
 CURVE ( )  GEOMETRIC_REPRESENTATION_ITEM ( )  RATIONAL_B_SPLINE_CURVE ( ( 0.9994198232635520500, 0.9995415150913454800, 0.9997356023148559200, 1.000002084934083800 ) ) 
 REPRESENTATION_ITEM ( '' )  );
#2309 = ORIENTED_EDGE ( 'NONE', *, *, #5952, .T. ) ;
#2310 = ORIENTED_EDGE ( 'NONE', *, *, #6161, .T. ) ;
#2311 = AXIS2_PLACEMENT_3D ( 'NONE', #8421, #8389, #8355 ) ;
#2312 = FACE_OUTER_BOUND ( 'NONE', #184, .T. ) ;
#2313 = LINE ( 'NONE', #8188, #2390 ) ;
#2314 = CARTESIAN_POINT ( 'NONE',  ( -20.00866194114865900, 33.77961291505390300, -40.13164799701614500 ) ) ;
#2315 = AXIS2_PLACEMENT_3D ( 'NONE', #8990, #8960, #8938 ) ;
#2316 = CARTESIAN_POINT ( 'NONE',  ( -18.28991281778759900, 35.62318451395378100, -44.53341563799252600 ) ) ;
#2317 = VERTEX_POINT ( 'NONE', #2767 ) ;
#2318 = ORIENTED_EDGE ( 'NONE', *, *, #8397, .T. ) ;
#2319 = CARTESIAN_POINT ( 'NONE',  ( -18.22782331422898500, 34.15953267525846800, -40.82821409396409300 ) ) ;
#2320 = VECTOR ( 'NONE', #5695, 39.37007874015748100 ) ;
#2321 = DIRECTION ( 'NONE',  ( -0.0000000000000000000, 0.0000000000000000000, -1.000000000000000000 ) ) ;
#2322 = ORIENTED_EDGE ( 'NONE', *, *, #8045, .T. ) ;
#2323 = ORIENTED_EDGE ( 'NONE', *, *, #7622, .T. ) ;
#2324 = EDGE_CURVE ( 'NONE', #5705, #758, #6908, .T. ) ;
#2325 = DIRECTION ( 'NONE',  ( 1.000000000000000000, 0.0000000000000000000, -1.552565295730630100E-012 ) ) ;
#2326 = CARTESIAN_POINT ( 'NONE',  ( -18.24980009187988400, 36.20677677045027600, -40.55290783953089600 ) ) ;
#2327 = CARTESIAN_POINT ( 'NONE',  ( -18.22617741951086900, 35.27518494846365400, -40.97118142859266500 ) ) ;
#2328 = ADVANCED_FACE ( 'NONE', ( #6898 ), #2733, .F. ) ;
#2329 = CARTESIAN_POINT ( 'NONE',  ( -18.27792962998251300, 34.74139249810755800, -40.54792359054013000 ) ) ;
#2330 = VECTOR ( 'NONE', #4947, 39.37007874015748100 ) ;
#2331 = DIRECTION ( 'NONE',  ( -2.841279047498729900E-012, 1.993517598874519800E-013, 1.000000000000000000 ) ) ;
#2332 = ORIENTED_EDGE ( 'NONE', *, *, #7951, .F. ) ;
#2333 = EDGE_LOOP ( 'NONE', ( #6860, #6887, #6904, #6955 ) ) ;
#2334 = CARTESIAN_POINT ( 'NONE',  ( -18.96076552792275300, 36.66637588043492000, -40.83243539858545300 ) ) ;
#2335 = CARTESIAN_POINT ( 'NONE',  ( -18.97454505547838700, 36.56898149452492700, -44.61196295335354000 ) ) ;
#2336 = FACE_OUTER_BOUND ( 'NONE', #2853, .T. ) ;
#2337 =( BOUNDED_CURVE ( )  B_SPLINE_CURVE ( 3, ( #1357, #7318, #9451, #5056 ),
 .UNSPECIFIED., .F., .F. ) 
 B_SPLINE_CURVE_WITH_KNOTS ( ( 4, 4 ),
 ( 0.0000000000000000000, 0.007934904005439781900 ),
 .UNSPECIFIED. ) 
 CURVE ( )  GEOMETRIC_REPRESENTATION_ITEM ( )  RATIONAL_B_SPLINE_CURVE ( ( 0.9978034763610205100, 0.9979244167964944600, 0.9981174772487843000, 0.9983826577178899200 ) ) 
 REPRESENTATION_ITEM ( '' )  );
#2338 = ORIENTED_EDGE ( 'NONE', *, *, #5658, .T. ) ;
#2339 = CARTESIAN_POINT ( 'NONE',  ( -18.28991281778543200, 34.74312493175243300, -43.67360150133306700 ) ) ;
#2340 = CARTESIAN_POINT ( 'NONE',  ( -18.29797068246492800, 34.72252480158542900, -44.81946977751114500 ) ) ;
#2341 = CARTESIAN_POINT ( 'NONE',  ( -19.08674977989177200, 34.17721265221366200, -44.22219917382165000 ) ) ;
#2342 = LINE ( 'NONE', #4211, #2330 ) ;
#2343 = ORIENTED_EDGE ( 'NONE', *, *, #7600, .T. ) ;
#2344 = VECTOR ( 'NONE', #517, 39.37007874015748900 ) ;
#2345 = ADVANCED_FACE ( 'NONE', ( #6876 ), #6856, .F. ) ;
#2346 = VERTEX_POINT ( 'NONE', #2666 ) ;
#2347 = CARTESIAN_POINT ( 'NONE',  ( -18.98075047517236400, 36.66747541208421500, -41.53715980803386300 ) ) ;
#2348 = DIRECTION ( 'NONE',  ( 0.0000000000000000000, 0.0000000000000000000, -1.000000000000000000 ) ) ;
#2349 = CARTESIAN_POINT ( 'NONE',  ( -18.22633321597883300, 35.27200284487366800, -40.96521384978045400 ) ) ;
#2350 = LINE ( 'NONE', #2020, #2320 ) ;
#2351 = ORIENTED_EDGE ( 'NONE', *, *, #867, .F. ) ;
#2352 = VECTOR ( 'NONE', #4178, 39.37007874015748100 ) ;
#2353 = DIRECTION ( 'NONE',  ( 3.091802488614756900E-015, -1.000000000000000000, 3.542854737521613000E-013 ) ) ;
#2354 = CARTESIAN_POINT ( 'NONE',  ( -18.22730944782302100, 36.23973430387752600, -40.91934343707973200 ) ) ;
#2355 = CARTESIAN_POINT ( 'NONE',  ( -18.22660840888801900, 35.26452705844419500, -40.95402589985504000 ) ) ;
#2356 = ORIENTED_EDGE ( 'NONE', *, *, #7965, .F. ) ;
#2357 = PLANE ( 'NONE',  #5156 ) ;
#2358 = DIRECTION ( 'NONE',  ( -3.030255784859252200E-012, 0.0000000000000000000, -1.000000000000000000 ) ) ;
#2359 = ORIENTED_EDGE ( 'NONE', *, *, #5969, .T. ) ;
#2360 = LINE ( 'NONE', #9343, #2344 ) ;
#2361 = ORIENTED_EDGE ( 'NONE', *, *, #8371, .T. ) ;
#2362 = CARTESIAN_POINT ( 'NONE',  ( -18.50800962240767700, 34.44890275435055600, -41.69660862693583400 ) ) ;
#2363 = DIRECTION ( 'NONE',  ( -0.0000000000000000000, 0.0000000000000000000, -1.000000000000000000 ) ) ;
#2364 = EDGE_CURVE ( 'NONE', #3276, #3460, #6865, .T. ) ;
#2365 = EDGE_LOOP ( 'NONE', ( #4774, #6478, #1856, #7224, #7889, #2751, #8952, #216 ) ) ;
#2366 = CARTESIAN_POINT ( 'NONE',  ( -19.07380126387878100, 33.73925783470087200, -41.38967602996771700 ) ) ;
#2367 = EDGE_CURVE ( 'NONE', #796, #758, #6830, .T. ) ;
#2368 = EDGE_LOOP ( 'NONE', ( #3118, #3083, #3132, #3125 ) ) ;
#2369 = CARTESIAN_POINT ( 'NONE',  ( -20.18320647281200700, 35.69496574647972400, -47.00960074862914000 ) ) ;
#2370 = DIRECTION ( 'NONE',  ( 0.9975640502599124600, -0.06975647374286433900, 0.0000000000000000000 ) ) ;
#2371 = CARTESIAN_POINT ( 'NONE',  ( -18.12382062244511300, 34.58794816900467600, -43.47219917382276600 ) ) ;
#2372 = ADVANCED_FACE ( 'NONE', ( #6885 ), #2699, .T. ) ;
#2373 = DIRECTION ( 'NONE',  ( 1.000000000000000000, -1.264251560246800100E-012, 2.841279047499280000E-012 ) ) ;
#2374 = ORIENTED_EDGE ( 'NONE', *, *, #8023, .F. ) ;
#2375 = ORIENTED_EDGE ( 'NONE', *, *, #73, .F. ) ;
#2376 = LINE ( 'NONE', #3428, #2352 ) ;
#2377 = AXIS2_PLACEMENT_3D ( 'NONE', #2341, #2380, #2321 ) ;
#2378 = CARTESIAN_POINT ( 'NONE',  ( -18.22782331422520100, 35.18315472286389000, -44.33665669891129100 ) ) ;
#2379 = CARTESIAN_POINT ( 'NONE',  ( -18.22672645663463700, 35.26029175759998000, -40.94886992648579100 ) ) ;
#2380 = DIRECTION ( 'NONE',  ( 1.000000000000000000, 0.0000000000000000000, -0.0000000000000000000 ) ) ;
#2381 = EDGE_CURVE ( 'NONE', #873, #796, #6844, .T. ) ;
#2382 = VECTOR ( 'NONE', #6633, 39.37007874015748100 ) ;
#2383 = ORIENTED_EDGE ( 'NONE', *, *, #7526, .F. ) ;
#2384 = CARTESIAN_POINT ( 'NONE',  ( -18.22453117154995500, 36.30913718234190700, -41.02318286140475600 ) ) ;
#2385 = ORIENTED_EDGE ( 'NONE', *, *, #7967, .F. ) ;
#2386 = VECTOR ( 'NONE', #9312, 39.37007874015748100 ) ;
#2387 = CARTESIAN_POINT ( 'NONE',  ( -18.22693144823751900, 35.25084675592997000, -40.93941616942049000 ) ) ;
#2388 = CARTESIAN_POINT ( 'NONE',  ( -18.28991281778543200, 35.19595006394693100, -40.63145515489173900 ) ) ;
#2389 = CARTESIAN_POINT ( 'NONE',  ( -17.77236384668094600, 32.12441392693890000, -41.27795434514252500 ) ) ;
#2390 = VECTOR ( 'NONE', #749, 39.37007874015748100 ) ;
#2391 = AXIS2_PLACEMENT_3D ( 'NONE', #1199, #1037, #845 ) ;
#2392 = EDGE_CURVE ( 'NONE', #3998, #4170, #6813, .T. ) ;
#2393 = ADVANCED_FACE ( 'NONE', ( #6781 ), #2450, .T. ) ;
#2394 = CARTESIAN_POINT ( 'NONE',  ( -18.50602638140866300, 33.70302950574083000, -41.54386577901298900 ) ) ;
#2395 = CARTESIAN_POINT ( 'NONE',  ( -17.71461946968602400, 36.71858779372264100, -43.46133835927216900 ) ) ;
#2396 = ORIENTED_EDGE ( 'NONE', *, *, #8140, .T. ) ;
#2397 = ORIENTED_EDGE ( 'NONE', *, *, #7982, .F. ) ;
#2398 = LINE ( 'NONE', #7136, #2386 ) ;
#2399 = DIRECTION ( 'NONE',  ( -0.9998476951563627400, -0.01745240643891090100, -0.0000000000000000000 ) ) ;
#2400 = LINE ( 'NONE', #714, #2382 ) ;
#2401 = CARTESIAN_POINT ( 'NONE',  ( -19.02178914997413600, 36.66747541208421500, -40.89936453244488500 ) ) ;
#2402 = PLANE ( 'NONE',  #5760 ) ;
#2403 = ORIENTED_EDGE ( 'NONE', *, *, #8009, .F. ) ;
#2404 = ORIENTED_EDGE ( 'NONE', *, *, #8365, .T. ) ;
#2405 = DIRECTION ( 'NONE',  ( 0.0000000000000000000, 0.0000000000000000000, 1.000000000000000000 ) ) ;
#2406 = CARTESIAN_POINT ( 'NONE',  ( -18.28991281778759900, 36.65466610282106100, -41.69267161906145700 ) ) ;
#2407 = EDGE_CURVE ( 'NONE', #3504, #3589, #6826, .T. ) ;
#2408 = LINE ( 'NONE', #1964, #2425 ) ;
#2409 = VECTOR ( 'NONE', #5110, 39.37007874015748100 ) ;
#2410 = DIRECTION ( 'NONE',  ( 1.000000000000000000, 1.236807744141249900E-012, -3.030489092610969900E-012 ) ) ;
#2411 = CARTESIAN_POINT ( 'NONE',  ( -18.21667154493792800, 35.33088917517515200, -43.77010248425461500 ) ) ;
#2412 = ORIENTED_EDGE ( 'NONE', *, *, #7528, .F. ) ;
#2413 = DIRECTION ( 'NONE',  ( 0.9999619230641855200, 0.0000000000000000000, -0.008726535496756036200 ) ) ;
#2414 = VECTOR ( 'NONE', #4852, 39.37007874015748100 ) ;
#2415 = LINE ( 'NONE', #7381, #2409 ) ;
#2416 = CARTESIAN_POINT ( 'NONE',  ( -18.22034595254578100, 36.23332729451097800, -41.11557419072546800 ) ) ;
#2417 = CARTESIAN_POINT ( 'NONE',  ( -18.22701886689094100, 35.24557677006741600, -40.93508869419811400 ) ) ;
#2418 = AXIS2_PLACEMENT_3D ( 'NONE', #6744, #3849, #3886 ) ;
#2419 = ORIENTED_EDGE ( 'NONE', *, *, #7009, .F. ) ;
#2420 = DIRECTION ( 'NONE',  ( -0.9998476951564070300, 0.01745240643638280200, 0.0000000000000000000 ) ) ;
#2421 = ORIENTED_EDGE ( 'NONE', *, *, #8179, .T. ) ;
#2422 = DIRECTION ( 'NONE',  ( 0.01745240643638280200, 0.9998476951564070300, -2.489085543857288900E-013 ) ) ;
#2423 = CARTESIAN_POINT ( 'NONE',  ( -18.96076552793618200, 26.42391719055468600, -40.75369524110315200 ) ) ;
#2424 = DIRECTION ( 'NONE',  ( 1.000000000000000000, -0.0000000000000000000, 0.0000000000000000000 ) ) ;
#2425 = VECTOR ( 'NONE', #7974, 39.37007874015748100 ) ;
#2426 = LINE ( 'NONE', #5860, #2512 ) ;
#2427 = ADVANCED_FACE ( 'NONE', ( #6773 ), #6752, .F. ) ;
#2428 = VERTEX_POINT ( 'NONE', #2339 ) ;
#2429 = ORIENTED_EDGE ( 'NONE', *, *, #8179, .F. ) ;
#2430 = DIRECTION ( 'NONE',  ( 1.000000000000000000, 0.0000000000000000000, -0.0000000000000000000 ) ) ;
#2431 = DIRECTION ( 'NONE',  ( 0.008726535499582069000, -5.552094155125418900E-013, -0.9999619230641607600 ) ) ;
#2432 = EDGE_CURVE ( 'NONE', #3460, #3601, #6769, .T. ) ;
#2433 = CARTESIAN_POINT ( 'NONE',  ( -18.43969898051992100, 36.65728063002016100, -43.61589996124724400 ) ) ;
#2434 = VECTOR ( 'NONE', #1926, 39.37007874015748100 ) ;
#2435 = ADVANCED_FACE ( 'NONE', ( #6776 ), #2303, .T. ) ;
#2436 = ORIENTED_EDGE ( 'NONE', *, *, #8351, .T. ) ;
#2437 = CARTESIAN_POINT ( 'NONE',  ( -17.62844716956878000, 32.12441392693900600, -43.02697750277322100 ) ) ;
#2438 = CARTESIAN_POINT ( 'NONE',  ( -20.18320647280272000, 35.12458370385677900, -40.13164799701680600 ) ) ;
#2439 = CARTESIAN_POINT ( 'NONE',  ( -18.22716214649648600, 35.23445189261725100, -40.92765713862941400 ) ) ;
#2440 = DIRECTION ( 'NONE',  ( 0.0000000000000000000, 0.0000000000000000000, -1.000000000000000000 ) ) ;
#2441 = FACE_OUTER_BOUND ( 'NONE', #6906, .T. ) ;
#2442 = PRODUCT_DEFINITION ( 'UNKNOWN', '', #2126, #8595 ) ;
#2443 = ORIENTED_EDGE ( 'NONE', *, *, #5301, .T. ) ;
#2444 = EDGE_LOOP ( 'NONE', ( #1618, #1680, #2103, #2199, #2249, #2318, #2361, #2404, #2436, #2481, #2534, #3013 ) ) ;
#2445 = CARTESIAN_POINT ( 'NONE',  ( -18.21667122637516900, 36.20677677045007000, -41.38949776896950500 ) ) ;
#2446 = EDGE_CURVE ( 'NONE', #838, #751, #6802, .T. ) ;
#2447 = CARTESIAN_POINT ( 'NONE',  ( -18.22721902277336500, 35.22857074709150300, -40.92450948761825900 ) ) ;
#2448 = CARTESIAN_POINT ( 'NONE',  ( -17.62844716957342300, 37.51590502918263300, -43.02697750277322100 ) ) ;
#2449 = LINE ( 'NONE', #5598, #2484 ) ;
#2450 = PLANE ( 'NONE',  #4233 ) ;
#2451 = CARTESIAN_POINT ( 'NONE',  ( -18.64909682648020000, 34.82094999844449000, -40.55290783953070400 ) ) ;
#2452 = DIRECTION ( 'NONE',  ( 2.841279047499320000E-012, 0.0000000000000000000, 1.000000000000000000 ) ) ;
#2453 = DIRECTION ( 'NONE',  ( 0.0000000000000000000, -0.0000000000000000000, 1.000000000000000000 ) ) ;
#2454 = EDGE_CURVE ( 'NONE', #838, #654, #6761, .T. ) ;
#2455 = LINE ( 'NONE', #6360, #2414 ) ;
#2456 = ORIENTED_EDGE ( 'NONE', *, *, #7529, .T. ) ;
#2457 = VECTOR ( 'NONE', #2618, 39.37007874015748100 ) ;
#2458 = AXIS2_PLACEMENT_3D ( 'NONE', #5936, #5250, #5348 ) ;
#2459 = DIRECTION ( 'NONE',  ( 1.000000000000000000, 0.0000000000000000000, -0.0000000000000000000 ) ) ;
#2460 = DIRECTION ( 'NONE',  ( 0.06975647374538644600, 0.9975640502597361600, 2.306776973838517500E-013 ) ) ;
#2461 = CARTESIAN_POINT ( 'NONE',  ( -18.50800962240192500, 34.45480826616126500, -43.46826217024330000 ) ) ;
#2462 = CARTESIAN_POINT ( 'NONE',  ( -17.77236384668551100, 37.51590502918252700, -41.27795434514252500 ) ) ;
#2463 = DIRECTION ( 'NONE',  ( 0.0000000000000000000, 0.0000000000000000000, -1.000000000000000000 ) ) ;
#2464 = ORIENTED_EDGE ( 'NONE', *, *, #8075, .T. ) ;
#2465 = LINE ( 'NONE', #3359, #2434 ) ;
#2466 = ORIENTED_EDGE ( 'NONE', *, *, #5091, .F. ) ;
#2467 = CARTESIAN_POINT ( 'NONE',  ( -17.62722499516996400, 32.12441392693897800, -42.14646149662283400 ) ) ;
#2468 = DIRECTION ( 'NONE',  ( 0.0000000000000000000, -0.0000000000000000000, -1.000000000000000000 ) ) ;
#2469 = CARTESIAN_POINT ( 'NONE',  ( -18.54344269327106400, 33.71465078584638100, -43.46857138996864500 ) ) ;
#2470 = ORIENTED_EDGE ( 'NONE', *, *, #2675, .F. ) ;
#2471 = ADVANCED_FACE ( 'NONE', ( #6699 ), #2175, .T. ) ;
#2472 = VECTOR ( 'NONE', #1155, 39.37007874015748100 ) ;
#2473 = ORIENTED_EDGE ( 'NONE', *, *, #7898, .F. ) ;
#2474 = CARTESIAN_POINT ( 'NONE',  ( -19.93744475792578900, 33.69890275434826800, -40.13164799701654300 ) ) ;
#2475 = DIRECTION ( 'NONE',  ( 0.9999619230641824100, 0.0000000000000000000, -0.008726535497084788800 ) ) ;
#2476 = CARTESIAN_POINT ( 'NONE',  ( -18.22738444961813500, 35.19658030369765100, -40.91479352185813000 ) ) ;
#2477 = CARTESIAN_POINT ( 'NONE',  ( -20.10840752073283600, 33.32488700633043500, -43.55732583325669100 ) ) ;
#2478 = VERTEX_POINT ( 'NONE', #2212 ) ;
#2479 = CARTESIAN_POINT ( 'NONE',  ( -18.30014871118362400, 33.71878712113146300, -43.55250414185276500 ) ) ;
#2480 = ADVANCED_FACE ( 'NONE', ( #6722 ), #2090, .T. ) ;
#2481 = ORIENTED_EDGE ( 'NONE', *, *, #6736, .T. ) ;
#2482 = CARTESIAN_POINT ( 'NONE',  ( -18.26841952441554200, 34.82094999843649000, -40.55290783953079600 ) ) ;
#2483 = DIRECTION ( 'NONE',  ( -0.0000000000000000000, 0.0000000000000000000, 1.000000000000000000 ) ) ;
#2484 = VECTOR ( 'NONE', #1191, 39.37007874015748100 ) ;
#2485 = EDGE_CURVE ( 'NONE', #683, #654, #6819, .T. ) ;
#2486 = CARTESIAN_POINT ( 'NONE',  ( -18.54344269326956900, 33.65528093473621900, -43.46857139569488700 ) ) ;
#2487 = DIRECTION ( 'NONE',  ( 0.0000000000000000000, -0.0000000000000000000, 1.000000000000000000 ) ) ;
#2488 = EDGE_LOOP ( 'NONE', ( #8281, #9179, #9290, #9427 ) ) ;
#2489 = CARTESIAN_POINT ( 'NONE',  ( -16.35033292560350700, 35.48755587559519900, -43.58440389826063200 ) ) ;
#2490 = DIRECTION ( 'NONE',  ( 2.841215912481556800E-012, 0.0000000000000000000, -1.000000000000000000 ) ) ;
#2491 = EDGE_LOOP ( 'NONE', ( #7036, #2227, #8103, #8565 ) ) ;
#2492 = LINE ( 'NONE', #9252, #2472 ) ;
#2493 = CARTESIAN_POINT ( 'NONE',  ( -18.12382062240532600, 35.77836127671026400, -41.39149051667952500 ) ) ;
#2494 = CARTESIAN_POINT ( 'NONE',  ( -18.90171040981672600, 33.70096437619630300, -40.75369524110669100 ) ) ;
#2495 = VECTOR ( 'NONE', #2886, 39.37007874015748100 ) ;
#2496 = ORIENTED_EDGE ( 'NONE', *, *, #8020, .F. ) ;
#2497 = AXIS2_PLACEMENT_3D ( 'NONE', #4759, #4504, #4497 ) ;
#2498 = CARTESIAN_POINT ( 'NONE',  ( -17.62722499517457200, 37.51590502918268300, -42.14646149662283400 ) ) ;
#2499 = ORIENTED_EDGE ( 'NONE', *, *, #3141, .T. ) ;
#2500 = CARTESIAN_POINT ( 'NONE',  ( -21.74423009470578800, 35.18315472321020100, -42.57259287528425100 ) ) ;
#2501 = ORIENTED_EDGE ( 'NONE', *, *, #3573, .T. ) ;
#2502 = CARTESIAN_POINT ( 'NONE',  ( -19.02375765390830900, 33.69883403362767600, -43.62771098485039500 ) ) ;
#2503 = FACE_OUTER_BOUND ( 'NONE', #1056, .T. ) ;
#2504 = VECTOR ( 'NONE', #45, 39.37007874015748100 ) ;
#2505 = ORIENTED_EDGE ( 'NONE', *, *, #8034, .F. ) ;
#2506 = ORIENTED_EDGE ( 'NONE', *, *, #7155, .F. ) ;
#2507 = VERTEX_POINT ( 'NONE', #2153 ) ;
#2508 = FACE_OUTER_BOUND ( 'NONE', #5278, .T. ) ;
#2509 = DIRECTION ( 'NONE',  ( -2.769776749013305300E-014, 3.960965289395958100E-013, 1.000000000000000000 ) ) ;
#2510 = DIRECTION ( 'NONE',  ( 0.0000000000000000000, 0.0000000000000000000, 1.000000000000000000 ) ) ;
#2511 = LINE ( 'NONE', #393, #2530 ) ;
#2512 = VECTOR ( 'NONE', #8853, 39.37007874015748100 ) ;
#2513 = CARTESIAN_POINT ( 'NONE',  ( -20.10840752073500000, 37.04142243938145600, -41.60754495962756000 ) ) ;
#2514 = AXIS2_PLACEMENT_3D ( 'NONE', #524, #310, #3317 ) ;
#2515 = VERTEX_POINT ( 'NONE', #2065 ) ;
#2516 = CARTESIAN_POINT ( 'NONE',  ( -18.25956921304420500, 35.47833517565264600, -40.54645810328126700 ) ) ;
#2517 = ORIENTED_EDGE ( 'NONE', *, *, #765, .F. ) ;
#2518 = ADVANCED_FACE ( 'NONE', ( #6733 ), #1981, .T. ) ;
#2519 = DIRECTION ( 'NONE',  ( -1.836919077825773600E-015, 1.000000000000000000, -2.104900774937340800E-013 ) ) ;
#2520 = VECTOR ( 'NONE', #3292, 39.37007874015748100 ) ;
#2521 = LINE ( 'NONE', #5830, #2531 ) ;
#2522 = PLANE ( 'NONE',  #5901 ) ;
#2523 = DIRECTION ( 'NONE',  ( 1.000000000000000000, -1.264251560246800100E-012, 2.841279047499280000E-012 ) ) ;
#2524 = CARTESIAN_POINT ( 'NONE',  ( -18.30926420589418400, 33.69890275435354700, -40.24188421747911800 ) ) ;
#2525 = ORIENTED_EDGE ( 'NONE', *, *, #6199, .T. ) ;
#2526 = ORIENTED_EDGE ( 'NONE', *, *, #2752, .F. ) ;
#2527 = AXIS2_PLACEMENT_3D ( 'NONE', #586, #513, #486 ) ;
#2528 = DIRECTION ( 'NONE',  ( 2.769776749013320200E-014, 3.960965289395968200E-013, 1.000000000000000000 ) ) ;
#2529 = DIRECTION ( 'NONE',  ( 0.9997900357467178800, -0.01745139998739593200, -0.01073932307254454900 ) ) ;
#2530 = VECTOR ( 'NONE', #7073, 39.37007874015748100 ) ;
#2531 = VECTOR ( 'NONE', #3578, 39.37007874015748100 ) ;
#2532 = CARTESIAN_POINT ( 'NONE',  ( -18.27810138056279500, 34.73684791262050500, -40.55290783953110200 ) ) ;
#2533 = VERTEX_POINT ( 'NONE', #1923 ) ;
#2534 = ORIENTED_EDGE ( 'NONE', *, *, #7767, .T. ) ;
#2535 = DIRECTION ( 'NONE',  ( -1.000000000000000000, 1.264006638975650100E-012, -0.0000000000000000000 ) ) ;
#2536 = AXIS2_PLACEMENT_3D ( 'NONE', #4089, #1204, #6377 ) ;
#2537 = EDGE_CURVE ( 'NONE', #3583, #3642, #6678, .T. ) ;
#2538 = CARTESIAN_POINT ( 'NONE',  ( -18.24980009188118800, 35.18315472250264300, -40.55290783953089600 ) ) ;
#2539 = VECTOR ( 'NONE', #5061, 39.37007874015748900 ) ;
#2540 = LINE ( 'NONE', #6594, #2495 ) ;
#2541 = AXIS2_PLACEMENT_3D ( 'NONE', #9285, #8599, #8459 ) ;
#2542 = DIRECTION ( 'NONE',  ( 0.0000000000000000000, -0.0000000000000000000, 1.000000000000000000 ) ) ;
#2543 = CARTESIAN_POINT ( 'NONE',  ( -17.77596270686842000, 32.12441392693890000, -43.89501498169488500 ) ) ;
#2544 = VERTEX_POINT ( 'NONE', #1945 ) ;
#2545 = EDGE_LOOP ( 'NONE', ( #4913, #4974, #537, #5189 ) ) ;
#2546 = LINE ( 'NONE', #5568, #2457 ) ;
#2547 = CARTESIAN_POINT ( 'NONE',  ( -18.90171040982366400, 43.94239225515747900, -44.33243539430079500 ) ) ;
#2548 = ORIENTED_EDGE ( 'NONE', *, *, #8063, .F. ) ;
#2549 = DIRECTION ( 'NONE',  ( -1.000000000000000000, 0.0000000000000000000, 0.0000000000000000000 ) ) ;
#2550 = ORIENTED_EDGE ( 'NONE', *, *, #7811, .T. ) ;
#2551 = DIRECTION ( 'NONE',  ( 1.000000000000000000, 1.083082623645810000E-012, -1.289195296225029900E-012 ) ) ;
#2552 = AXIS2_PLACEMENT_3D ( 'NONE', #997, #842, #815 ) ;
#2553 = DIRECTION ( 'NONE',  ( 0.9998476951564137000, 0.0000000000000000000, -0.01745240643599449400 ) ) ;
#2554 = CARTESIAN_POINT ( 'NONE',  ( -18.28991281778759900, 35.17035938176496000, -44.53341563799252600 ) ) ;
#2555 = B_SPLINE_CURVE_WITH_KNOTS ( 'NONE', 3,
 ( #3789, #4537, #884, #6038 ),
 .UNSPECIFIED., .F., .F.,
 ( 4, 4 ),
 ( 0.009200000009073285400, 0.01840000000027530700 ),
 .UNSPECIFIED. ) ;
#2556 = FACE_OUTER_BOUND ( 'NONE', #7849, .T. ) ;
#2557 = VERTEX_POINT ( 'NONE', #1920 ) ;
#2558 = CARTESIAN_POINT ( 'NONE',  ( -19.02375765390830900, 33.73070554498225000, -43.62771098485039500 ) ) ;
#2559 = DIRECTION ( 'NONE',  ( 0.0000000000000000000, 1.000000000000000000, 0.0000000000000000000 ) ) ;
#2560 = DIRECTION ( 'NONE',  ( 2.841215912481556800E-012, 0.0000000000000000000, -1.000000000000000000 ) ) ;
#2561 = VECTOR ( 'NONE', #3185, 39.37007874015748100 ) ;
#2562 = ADVANCED_FACE ( 'NONE', ( #6655 ), #2032, .T. ) ;
#2563 = EDGE_LOOP ( 'NONE', ( #9473, #4780, #9280, #9320 ) ) ;
#2564 = LINE ( 'NONE', #2451, #2561 ) ;
#2565 = EDGE_CURVE ( 'NONE', #4246, #4124, #6680, .T. ) ;
#2566 = CARTESIAN_POINT ( 'NONE',  ( -20.06903324446349000, 34.55717047088519700, -39.99778972929434000 ) ) ;
#2567 = CARTESIAN_POINT ( 'NONE',  ( -18.20367755046082800, 34.99717801623854300, -41.01644874439212900 ) ) ;
#2568 = VERTEX_POINT ( 'NONE', #1877 ) ;
#2569 = CARTESIAN_POINT ( 'NONE',  ( -18.25057211507122500, 34.65728921878201200, -41.01810124474764100 ) ) ;
#2570 = DIRECTION ( 'NONE',  ( 2.832982890422908100E-012, 0.0000000000000000000, 1.000000000000000000 ) ) ;
#2571 = LINE ( 'NONE', #1754, #2539 ) ;
#2572 = ORIENTED_EDGE ( 'NONE', *, *, #7100, .T. ) ;
#2573 = LINE ( 'NONE', #3220, #2520 ) ;
#2574 = EDGE_LOOP ( 'NONE', ( #3144, #100, #6661, #4325, #421 ) ) ;
#2575 = CARTESIAN_POINT ( 'NONE',  ( -17.71461946968469500, 33.65528093473621900, -43.46133835927145100 ) ) ;
#2576 = DIRECTION ( 'NONE',  ( -1.000000000000000000, 1.264009473221381800E-012, -2.841348555614752700E-012 ) ) ;
#2577 = EDGE_CURVE ( 'NONE', #683, #751, #6663, .T. ) ;
#2578 = CARTESIAN_POINT ( 'NONE',  ( -19.01982064603539500, 36.71858779372264100, -43.47219917382323500 ) ) ;
#2579 = ORIENTED_EDGE ( 'NONE', *, *, #702, .F. ) ;
#2580 = EDGE_CURVE ( 'NONE', #2059, #5004, #6612, .T. ) ;
#2581 = FACE_OUTER_BOUND ( 'NONE', #3662, .T. ) ;
#2582 = CARTESIAN_POINT ( 'NONE',  ( -18.22085767658465400, 35.23462773604094200, -44.05890192601634700 ) ) ;
#2583 = ORIENTED_EDGE ( 'NONE', *, *, #7916, .F. ) ;
#2584 = CARTESIAN_POINT ( 'NONE',  ( -17.75398663348398600, 35.18315472285337400, -42.58243539858776200 ) ) ;
#2585 = DIRECTION ( 'NONE',  ( 1.000000000000000000, 1.264006638976030000E-012, -2.841279047499280000E-012 ) ) ;
#2586 = PLANE ( 'NONE',  #1871 ) ;
#2587 = CARTESIAN_POINT ( 'NONE',  ( -18.43969898051618400, 33.70902881569476500, -43.61589996124646300 ) ) ;
#2588 = ORIENTED_EDGE ( 'NONE', *, *, #8076, .F. ) ;
#2589 = EDGE_LOOP ( 'NONE', ( #7943, #7945, #8014, #8038, #8073, #8085 ) ) ;
#2590 = FACE_OUTER_BOUND ( 'NONE', #2239, .T. ) ;
#2591 = CARTESIAN_POINT ( 'NONE',  ( -18.30014871118362400, 33.74674105383945700, -43.67369082862165200 ) ) ;
#2592 = DIRECTION ( 'NONE',  ( -1.000000000000000000, -0.0000000000000000000, 2.841279047498729900E-012 ) ) ;
#2593 =( GEOMETRIC_REPRESENTATION_CONTEXT ( 3 ) GLOBAL_UNCERTAINTY_ASSIGNED_CONTEXT ( ( #795 ) ) GLOBAL_UNIT_ASSIGNED_CONTEXT ( ( #9291, #4865, #473 ) ) REPRESENTATION_CONTEXT ( 'NONE', 'WORKASPACE' ) );
#2594 = CARTESIAN_POINT ( 'NONE',  ( -20.06903324446283300, 34.78551692757813600, -39.99778972929448900 ) ) ;
#2595 = ORIENTED_EDGE ( 'NONE', *, *, #6508, .T. ) ;
#2596 = ORIENTED_EDGE ( 'NONE', *, *, #8087, .T. ) ;
#2597 = VECTOR ( 'NONE', #7651, 39.37007874015748100 ) ;
#2598 = CARTESIAN_POINT ( 'NONE',  ( -18.09856080336856400, 36.20677677045448200, -41.63769542106354000 ) ) ;
#2599 = CARTESIAN_POINT ( 'NONE',  ( -20.18320647280745600, 35.69496574648009400, -45.16708106358944300 ) ) ;
#2600 = DIRECTION ( 'NONE',  ( 7.522919855711480500E-014, -1.000000000000000000, 0.0000000000000000000 ) ) ;
#2601 = ORIENTED_EDGE ( 'NONE', *, *, #6949, .T. ) ;
#2602 = AXIS2_PLACEMENT_3D ( 'NONE', #2314, #2211, #2189 ) ;
#2603 = LINE ( 'NONE', #6864, #2597 ) ;
#2604 = EDGE_CURVE ( 'NONE', #4253, #4124, #6651, .T. ) ;
#2605 = AXIS2_PLACEMENT_3D ( 'NONE', #1466, #1419, #1408 ) ;
#2606 = DIRECTION ( 'NONE',  ( 1.264129099611980100E-012, 1.000000000000000000, -1.993517598846150100E-013 ) ) ;
#2607 = ADVANCED_FACE ( 'NONE', ( #6569 ), #1690, .T. ) ;
#2608 = DIRECTION ( 'NONE',  ( 2.841279047498729900E-012, 1.993517598874519800E-013, 1.000000000000000000 ) ) ;
#2609 = VECTOR ( 'NONE', #2850, 39.37007874015748100 ) ;
#2610 = CARTESIAN_POINT ( 'NONE',  ( -18.22034518974923500, 35.20966566621480400, -44.04928244152709000 ) ) ;
#2611 = CARTESIAN_POINT ( 'NONE',  ( -18.09856080336856400, 36.06355806654787700, -41.63769542106351200 ) ) ;
#2612 = CARTESIAN_POINT ( 'NONE',  ( -18.30014871118362100, 36.64752232457962600, -43.77464452694147900 ) ) ;
#2613 = ORIENTED_EDGE ( 'NONE', *, *, #227, .T. ) ;
#2614 = EDGE_LOOP ( 'NONE', ( #2579, #8807, #9419, #3602 ) ) ;
#2615 = CARTESIAN_POINT ( 'NONE',  ( -18.24499292099241300, 33.71242742260595500, -43.77512586423005600 ) ) ;
#2616 = CARTESIAN_POINT ( 'NONE',  ( -20.12441914996208300, 35.09949018653878000, -39.77279398064478500 ) ) ;
#2617 = ORIENTED_EDGE ( 'NONE', *, *, #7449, .T. ) ;
#2618 = DIRECTION ( 'NONE',  ( -0.008705279710557647200, -0.06975383055496439700, 0.9975262508967222000 ) ) ;
#2619 = VECTOR ( 'NONE', #3862, 39.37007874015748100 ) ;
#2620 = LINE ( 'NONE', #1384, #2647 ) ;
#2621 = CARTESIAN_POINT ( 'NONE',  ( -18.98075047517019700, 33.67959316335220900, -43.62771098485039500 ) ) ;
#2622 = CARTESIAN_POINT ( 'NONE',  ( -28.84659229943354200, 35.18315472251587300, -41.39149051309960500 ) ) ;
#2623 = CARTESIAN_POINT ( 'NONE',  ( -19.38112961814850600, 33.79732795120382600, -44.53322279587401100 ) ) ;
#2624 = EDGE_CURVE ( 'NONE', #721, #610, #6595, .T. ) ;
#2625 = ORIENTED_EDGE ( 'NONE', *, *, #8100, .T. ) ;
#2626 = EDGE_LOOP ( 'NONE', ( #6841, #6909, #6899, #6957, #6914, #7026, #6987, #7061 ) ) ;
#2627 = DIRECTION ( 'NONE',  ( 1.000000000000000000, 0.0000000000000000000, -0.0000000000000000000 ) ) ;
#2628 = VECTOR ( 'NONE', #5801, 39.37007874015748100 ) ;
#2629 = CARTESIAN_POINT ( 'NONE',  ( -18.24369705721114300, 36.64357484038522700, -41.58046689463464700 ) ) ;
#2630 = APPLICATION_CONTEXT ( 'automotive_design' ) ;
#2631 = MANIFOLD_SOLID_BREP ( 'Imported7', #9365 ) ;
#2632 = ORIENTED_EDGE ( 'NONE', *, *, #7852, .T. ) ;
#2633 = ORIENTED_EDGE ( 'NONE', *, *, #6984, .T. ) ;
#2634 = AXIS2_PLACEMENT_3D ( 'NONE', #2941, #2919, #2874 ) ;
#2635 = CARTESIAN_POINT ( 'NONE',  ( -18.12382062244736100, 35.77836127670723000, -41.63725450928140500 ) ) ;
#2636 = EDGE_CURVE ( 'NONE', #3743, #3631, #6413, .T. ) ;
#2637 = LINE ( 'NONE', #8793, #2609 ) ;
#2638 = CARTESIAN_POINT ( 'NONE',  ( -18.22739499834846900, 35.18991448385096300, -40.91412831197167300 ) ) ;
#2639 = VERTEX_POINT ( 'NONE', #1638 ) ;
#2640 = CARTESIAN_POINT ( 'NONE',  ( -18.24369705729932200, 34.59633074591542400, -43.67319818250149400 ) ) ;
#2641 = ORIENTED_EDGE ( 'NONE', *, *, #5888, .F. ) ;
#2642 = CARTESIAN_POINT ( 'NONE',  ( -18.22045147631186500, 35.21614602232369200, -44.05125123091455200 ) ) ;
#2643 = DIRECTION ( 'NONE',  ( 1.000000000000000000, 0.0000000000000000000, 0.0000000000000000000 ) ) ;
#2644 = CARTESIAN_POINT ( 'NONE',  ( -19.02375765390755900, 36.68671628235969000, -41.53715980803386300 ) ) ;
#2645 = VECTOR ( 'NONE', #4545, 39.37007874015748100 ) ;
#2646 = DIRECTION ( 'NONE',  ( -2.613222830118091900E-015, 1.497114356561256300E-013, 1.000000000000000000 ) ) ;
#2648 = DIRECTION ( 'NONE',  ( -0.0000000000000000000, 0.0000000000000000000, 1.000000000000000000 ) ) ;
#2647 = VECTOR ( 'NONE', #7348, 39.37007874015748100 ) ;
#2649 = CARTESIAN_POINT ( 'NONE',  ( -19.08674977989437200, 36.56898149452492700, -44.53322279587480600 ) ) ;
#2650 = VERTEX_POINT ( 'NONE', #1486 ) ;
#2651 = ORIENTED_EDGE ( 'NONE', *, *, #4219, .F. ) ;
#2652 = EDGE_CURVE ( 'NONE', #610, #574, #6416, .T. ) ;
#2653 = DIRECTION ( 'NONE',  ( 0.0000000000000000000, -1.000000000000000000, -0.0000000000000000000 ) ) ;
#2654 = CARTESIAN_POINT ( 'NONE',  ( -18.24980009187901700, 35.18315472320924900, -44.61196295335334800 ) ) ;
#2655 = PLANE ( 'NONE',  #1820 ) ;
#2656 = CARTESIAN_POINT ( 'NONE',  ( -17.76332458303417300, 35.18315472285338800, -42.58243539858779100 ) ) ;
#2657 = LINE ( 'NONE', #5326, #2731 ) ;
#2658 = ADVANCED_FACE ( 'NONE', ( #6423 ), #1456, .F. ) ;
#2659 = VERTEX_POINT ( 'NONE', #1465 ) ;
#2660 = CARTESIAN_POINT ( 'NONE',  ( -19.93744475792578900, 35.12458370385677900, -40.13164799701654300 ) ) ;
#2661 = ORIENTED_EDGE ( 'NONE', *, *, #272, .F. ) ;
#2662 = APPLICATION_PROTOCOL_DEFINITION ( 'draft international standard', 'automotive_design', 1998, #7151 ) ;
#2663 = AXIS2_PLACEMENT_3D ( 'NONE', #5729, #1316, #6495 ) ;
#2664 = EDGE_CURVE ( 'NONE', #589, #574, #6525, .T. ) ;
#2665 = LINE ( 'NONE', #3126, #2619 ) ;
#2666 = CARTESIAN_POINT ( 'NONE',  ( -18.28991281778543200, 34.59956246670771000, -43.67360150133305300 ) ) ;
#2667 = EDGE_LOOP ( 'NONE', ( #9380, #1324, #4451, #529 ) ) ;
#2668 = ORIENTED_EDGE ( 'NONE', *, *, #853, .F. ) ;
#2669 = CARTESIAN_POINT ( 'NONE',  ( -18.54344269327106400, 36.66453509711193700, -43.53494081409370200 ) ) ;
#2670 = PLANE ( 'NONE',  #7585 ) ;
#2671 = B_SPLINE_CURVE_WITH_KNOTS ( 'NONE', 3,
 ( #2169, #5843, #2903, #8173 ),
 .UNSPECIFIED., .F., .F.,
 ( 4, 4 ),
 ( 0.01109467125560859000, 0.02218934249305260000 ),
 .UNSPECIFIED. ) ;
#2672 = VECTOR ( 'NONE', #163, 39.37007874015748100 ) ;
#2673 = CARTESIAN_POINT ( 'NONE',  ( -18.22020343518599400, 35.19647792379608800, -44.04666644591535600 ) ) ;
#2674 = DIRECTION ( 'NONE',  ( 1.281026566875212200E-012, 0.0000000000000000000, 1.000000000000000000 ) ) ;
#2675 = EDGE_CURVE ( 'NONE', #3771, #2010, #6397, .T. ) ;
#2676 = ORIENTED_EDGE ( 'NONE', *, *, #6177, .F. ) ;
#2677 = CARTESIAN_POINT ( 'NONE',  ( -18.27677572565106000, 36.73248352457527200, -44.55279590876732200 ) ) ;
#2678 = CARTESIAN_POINT ( 'NONE',  ( -20.18320647281242200, 36.75795787246125500, -44.33637240216883400 ) ) ;
#2679 = EDGE_CURVE ( 'NONE', #4255, #4191, #6365, .T. ) ;
#2680 = DIRECTION ( 'NONE',  ( 1.000000000000000000, 0.0000000000000000000, -0.0000000000000000000 ) ) ;
#2681 = FACE_OUTER_BOUND ( 'NONE', #2365, .T. ) ;
#2682 = EDGE_LOOP ( 'NONE', ( #7775, #7785, #7840, #7868, #7906 ) ) ;
#2683 = FACE_OUTER_BOUND ( 'NONE', #6176, .T. ) ;
#2684 = CARTESIAN_POINT ( 'NONE',  ( -20.06903324446334500, 34.67134369923165600, -39.99778972929448900 ) ) ;
#2685 = CARTESIAN_POINT ( 'NONE',  ( -19.08674977989307200, 35.19890275435701500, -44.53322279587441600 ) ) ;
#2686 = CARTESIAN_POINT ( 'NONE',  ( -18.12382062240480700, 35.77836127671398700, -43.52761628360234200 ) ) ;
#2687 = VERTEX_POINT ( 'NONE', #1253 ) ;
#2688 = PLANE ( 'NONE',  #1994 ) ;
#2689 = ORIENTED_EDGE ( 'NONE', *, *, #7043, .T. ) ;
#2690 = EDGE_CURVE ( 'NONE', #589, #721, #6302, .T. ) ;
#2691 = LINE ( 'NONE', #3769, #2672 ) ;
#2692 = ORIENTED_EDGE ( 'NONE', *, *, #1836, .F. ) ;
#2693 = AXIS2_PLACEMENT_3D ( 'NONE', #2584, #2523, #2490 ) ;
#2694 = CARTESIAN_POINT ( 'NONE',  ( -18.43969898051834400, 36.65728063001734700, -40.13164799701732500 ) ) ;
#2695 = CARTESIAN_POINT ( 'NONE',  ( -18.28991281778759900, 35.76674697900421800, -41.49126929155120500 ) ) ;
#2696 = EDGE_CURVE ( 'NONE', #3670, #3801, #6314, .T. ) ;
#2697 = ORIENTED_EDGE ( 'NONE', *, *, #8109, .F. ) ;
#2698 = DIRECTION ( 'NONE',  ( 1.134155878637920100E-012, 1.993517598852940400E-013, 1.000000000000000000 ) ) ;
#2699 = PLANE ( 'NONE',  #4250 ) ;
#2700 = ORIENTED_EDGE ( 'NONE', *, *, #8335, .T. ) ;
#2701 = LINE ( 'NONE', #8375, #2645 ) ;
#2702 = EDGE_LOOP ( 'NONE', ( #1560, #6228, #7373, #2429, #8483, #2374, #8330, #8917 ) ) ;
#2703 = DIRECTION ( 'NONE',  ( -2.114402206630790100E-012, 1.000000000000000000, -0.0000000000000000000 ) ) ;
#2704 = PLANE ( 'NONE',  #504 ) ;
#2705 = CARTESIAN_POINT ( 'NONE',  ( -18.26841952433732500, 36.56898149451824100, -44.61196295335345500 ) ) ;
#2706 = ADVANCED_FACE ( 'NONE', ( #6286 ), #1240, .F. ) ;
#2707 = ORIENTED_EDGE ( 'NONE', *, *, #8124, .F. ) ;
#2708 = CARTESIAN_POINT ( 'NONE',  ( -18.22589896612749500, 34.88797427005947300, -43.77010532958078000 ) ) ;
#2709 = DIRECTION ( 'NONE',  ( -1.000000000000000000, 1.264006638976030000E-012, -2.841279047499280000E-012 ) ) ;
#2710 = ORIENTED_EDGE ( 'NONE', *, *, #3690, .T. ) ;
#2711 = EDGE_CURVE ( 'NONE', #515, #567, #6334, .T. ) ;
#2712 = CARTESIAN_POINT ( 'NONE',  ( -18.29768877709683700, 34.82094999845106300, -44.92298657540594300 ) ) ;
#2713 = VECTOR ( 'NONE', #133, 39.37007874015748100 ) ;
#2714 = DIRECTION ( 'NONE',  ( 1.000000000000000000, -1.264006638975650100E-012, 0.0000000000000000000 ) ) ;
#2715 = DIRECTION ( 'NONE',  ( 0.01745240643891090400, 0.9998476951563628500, -1.497342409062740100E-013 ) ) ;
#2716 = CARTESIAN_POINT ( 'NONE',  ( -20.12396705856152900, 34.78551692757830700, -39.82459852400835100 ) ) ;
#2717 = VECTOR ( 'NONE', #4311, 39.37007874015748100 ) ;
#2718 = DIRECTION ( 'NONE',  ( -1.264006638975650100E-012, -1.000000000000000000, -1.337151475029309900E-013 ) ) ;
#2719 = ORIENTED_EDGE ( 'NONE', *, *, #3405, .T. ) ;
#2720 = CARTESIAN_POINT ( 'NONE',  ( -19.38112961814980300, 34.82094999845106300, -44.53322279587441600 ) ) ;
#2721 = ORIENTED_EDGE ( 'NONE', *, *, #8127, .T. ) ;
#2722 = CARTESIAN_POINT ( 'NONE',  ( -18.25544054119814100, 35.76501454534336200, -44.33519173318470800 ) ) ;
#2723 = LINE ( 'NONE', #6016, #2755 ) ;
#2724 = EDGE_CURVE ( 'NONE', #3670, #1602, #6276, .T. ) ;
#2725 = AXIS2_PLACEMENT_3D ( 'NONE', #4241, #4173, #4138 ) ;
#2726 = FACE_OUTER_BOUND ( 'NONE', #275, .T. ) ;
#2727 = DIRECTION ( 'NONE',  ( -0.0000000000000000000, -0.0000000000000000000, -1.000000000000000000 ) ) ;
#2728 = ORIENTED_EDGE ( 'NONE', *, *, #6869, .T. ) ;
#2729 = EDGE_LOOP ( 'NONE', ( #2617, #9154, #1028, #4806, #6498, #1870, #7263, #7899, #2772, #8964, #414, #3882, #82, #4929, #4966, #966, #5557, #1301, #5516, #6942, #2170, #8003, #8476, #3054, #9344, #282, #4271, #376, #3085, #5443, #1237, #5344, #6832, #2088, #7831, #8292, #2996, #9227, #891, #4196, #302, #2927, #5325, #1187, #5174 ) ) ;
#2730 = VERTEX_POINT ( 'NONE', #1077 ) ;
#2731 = VECTOR ( 'NONE', #6082, 39.37007874015748100 ) ;
#2732 = CARTESIAN_POINT ( 'NONE',  ( -18.27945961395959500, 35.74998962036165300, -44.61196295335313500 ) ) ;
#2733 = PLANE ( 'NONE',  #4287 ) ;
#2734 = VECTOR ( 'NONE', #8096, 39.37007874015748100 ) ;
#2735 = EDGE_CURVE ( 'NONE', #8016, #515, #6253, .T. ) ;
#2736 = ORIENTED_EDGE ( 'NONE', *, *, #5205, .T. ) ;
#2737 = AXIS2_PLACEMENT_3D ( 'NONE', #7444, #5134, #5112 ) ;
#2738 = CARTESIAN_POINT ( 'NONE',  ( -20.18320647280291500, 33.69890275435295000, -43.65920704783932400 ) ) ;
#2739 = EDGE_LOOP ( 'NONE', ( #3391, #3477, #3557, #4259, #4332, #4403, #4444, #4506, #4558, #4591, #418, #4693, #5524, #5619, #5707 ) ) ;
#2740 = CARTESIAN_POINT ( 'NONE',  ( -18.30875953088678500, 34.61631982535628500, -40.24188421747879100 ) ) ;
#2741 = ORIENTED_EDGE ( 'NONE', *, *, #6627, .F. ) ;
#2742 = AXIS2_PLACEMENT_3D ( 'NONE', #4554, #4523, #4495 ) ;
#2743 = CARTESIAN_POINT ( 'NONE',  ( -18.28991281778543200, 35.62318451395693600, -44.61196295335314900 ) ) ;
#2744 = CARTESIAN_POINT ( 'NONE',  ( -18.10699048600488200, 35.92058765842320200, -41.63754828040576700 ) ) ;
#2745 = LINE ( 'NONE', #6767, #2713 ) ;
#2746 = LINE ( 'NONE', #3546, #2717 ) ;
#2747 = DIRECTION ( 'NONE',  ( 2.841279047498729900E-012, 1.993517598874519800E-013, 1.000000000000000000 ) ) ;
#2748 = CARTESIAN_POINT ( 'NONE',  ( -18.09856080336590600, 36.20677677045429700, -42.57259287527389100 ) ) ;
#2749 = CARTESIAN_POINT ( 'NONE',  ( -19.12135943312732400, 33.69465101347515900, -44.37108284822362200 ) ) ;
#2750 = VERTEX_POINT ( 'NONE', #1140 ) ;
#2751 = ORIENTED_EDGE ( 'NONE', *, *, #6476, .T. ) ;
#2752 = EDGE_CURVE ( 'NONE', #1634, #3840, #6291, .T. ) ;
#2753 = DIRECTION ( 'NONE',  ( -2.841279047498729900E-012, 1.993517598874519800E-013, 1.000000000000000000 ) ) ;
#2754 = CARTESIAN_POINT ( 'NONE',  ( -18.27996288974150800, 35.64378464412313000, -44.61196295335315700 ) ) ;
#2755 = VECTOR ( 'NONE', #4515, 39.37007874015748900 ) ;
#2756 = LINE ( 'NONE', #2091, #2734 ) ;
#2757 = CARTESIAN_POINT ( 'NONE',  ( -18.24369720413594500, 35.61995280342922900, -41.38973362110432700 ) ) ;
#2758 = AXIS2_PLACEMENT_3D ( 'NONE', #8588, #8132, #8212 ) ;
#2759 = ADVANCED_FACE ( 'NONE', ( #6233 ), #1057, .T. ) ;
#2760 = VERTEX_POINT ( 'NONE', #1845 ) ;
#2761 = ORIENTED_EDGE ( 'NONE', *, *, #3940, .T. ) ;
#2762 = CARTESIAN_POINT ( 'NONE',  ( -19.70899736156149700, 34.82094999844449000, -40.55290783953070400 ) ) ;
#2763 = LINE ( 'NONE', #5127, #9502 ) ;
#2764 = LINE ( 'NONE', #7547, #2774 ) ;
#2765 = LINE ( 'NONE', #622, #2775 ) ;
#2766 =( BOUNDED_SURFACE ( )  B_SPLINE_SURFACE ( 3, 3, ( 
 ( #6544, #4294, #2104, #7328 ),
 ( #2836, #8110, #3558, #8804 ),
 ( #4326, #9457, #5068, #664 ),
 ( #5810, #1400, #6575, #2137 ) ),
 .UNSPECIFIED., .F., .F., .T. ) 
 B_SPLINE_SURFACE_WITH_KNOTS ( ( 4, 4 ),
 ( 4, 4 ),
 ( 0.0000000000000000000, 1.000000000000000000 ),
 ( 0.0000000000000000000, 1.000000000000000000 ),
 .UNSPECIFIED. ) 
 GEOMETRIC_REPRESENTATION_ITEM ( )  RATIONAL_B_SPLINE_SURFACE ( (
 ( 1.000000000000000000, 0.9989954739788292600, 0.9989954739788292600, 1.000000000000000000),
 ( 0.9985907965869201800, 0.9975876861472470200, 0.9975876861472470200, 0.9985907965869201800),
 ( 0.9985907965869201800, 0.9975876861472470200, 0.9975876861472470200, 0.9985907965869201800),
 ( 1.000000000000000000, 0.9989954739788292600, 0.9989954739788292600, 1.000000000000000000) ) ) 
 REPRESENTATION_ITEM ( '' )  SURFACE ( )  );
#2767 = CARTESIAN_POINT ( 'NONE',  ( -18.24369705729924000, 34.59633074591543800, -43.61765685810296100 ) ) ;
#2768 = AXIS2_PLACEMENT_3D ( 'NONE', #7629, #7595, #7558 ) ;
#2769 = DIRECTION ( 'NONE',  ( -2.832982890422908100E-012, 0.0000000000000000000, 1.000000000000000000 ) ) ;
#2770 = ORIENTED_EDGE ( 'NONE', *, *, #8139, .T. ) ;
#2771 = EDGE_CURVE ( 'NONE', #6888, #491, #6284, .T. ) ;
#2772 = ORIENTED_EDGE ( 'NONE', *, *, #7098, .T. ) ;
#2773 = DIRECTION ( 'NONE',  ( 0.0000000000000000000, -0.8516583167044392600, 0.5240974256645046800 ) ) ;
#2774 = VECTOR ( 'NONE', #5232, 39.37007874015748100 ) ;
#2775 = VECTOR ( 'NONE', #1322, 39.37007874015748100 ) ;
#2776 = CARTESIAN_POINT ( 'NONE',  ( -18.30873775439075900, 36.65765028513300200, -40.23506171689021500 ) ) ;
#2777 = DIRECTION ( 'NONE',  ( -1.281026566875212200E-012, 0.0000000000000000000, 1.000000000000000000 ) ) ;
#2778 = ORIENTED_EDGE ( 'NONE', *, *, #1738, .T. ) ;
#2779 = DIRECTION ( 'NONE',  ( -1.000000000000000000, -1.264006638976030000E-012, 2.841279047499280000E-012 ) ) ;
#2780 = ORIENTED_EDGE ( 'NONE', *, *, #436, .T. ) ;
#2781 = DIRECTION ( 'NONE',  ( -0.9999619230641465500, 0.0000000000000000000, -0.008726535501215115100 ) ) ;
#2782 = CARTESIAN_POINT ( 'NONE',  ( -20.06903324446314900, 34.55717047088516100, -40.12377398126299300 ) ) ;
#2783 = CARTESIAN_POINT ( 'NONE',  ( -17.71461946968469500, 33.65528093473621900, -43.46133835927145100 ) ) ;
#2784 = CARTESIAN_POINT ( 'NONE',  ( -18.27093485365180600, 34.54535944727035000, -40.55290783953109500 ) ) ;
#2785 = VECTOR ( 'NONE', #6735, 39.37007874015748100 ) ;
#2786 = AXIS2_PLACEMENT_3D ( 'NONE', #8559, #8350, #8320 ) ;
#2787 = VERTEX_POINT ( 'NONE', #982 ) ;
#2788 = DIRECTION ( 'NONE',  ( 1.000000000000000000, 0.0000000000000000000, -1.134155878637920100E-012 ) ) ;
#2789 = ORIENTED_EDGE ( 'NONE', *, *, #3815, .T. ) ;
#2790 = CARTESIAN_POINT ( 'NONE',  ( -18.67884231677200900, 35.74998962036165300, -44.61196295335314900 ) ) ;
#2791 = CARTESIAN_POINT ( 'NONE',  ( -18.26639530245565300, 36.65765028513287400, -40.62090354393142600 ) ) ;
#2792 = LINE ( 'NONE', #67, #2785 ) ;
#2793 = DIRECTION ( 'NONE',  ( -2.841279047498729900E-012, 1.993517598874520100E-013, 1.000000000000000000 ) ) ;
#2794 = MECHANICAL_DESIGN_GEOMETRIC_PRESENTATION_REPRESENTATION (  '', ( #2925 ), #2593 ) ;
#2795 = VERTEX_POINT ( 'NONE', #985 ) ;
#2796 = AXIS2_PLACEMENT_3D ( 'NONE', #8984, #9417, #8898 ) ;
#2797 = AXIS2_PLACEMENT_3D ( 'NONE', #8506, #8480, #8419 ) ;
#2798 = DIRECTION ( 'NONE',  ( 1.134155878637920100E-012, 1.993517598852940400E-013, 1.000000000000000000 ) ) ;
#2799 = EDGE_CURVE ( 'NONE', #1864, #3891, #6448, .T. ) ;
#2800 = CARTESIAN_POINT ( 'NONE',  ( -18.24528665504356400, 36.65765028513276700, -41.00848737194134200 ) ) ;
#2801 = LINE ( 'NONE', #7515, #2804 ) ;
#2802 = PLANE ( 'NONE',  #1642 ) ;
#2803 = EDGE_LOOP ( 'NONE', ( #8243, #8271, #8299, #8315 ) ) ;
#2804 = VECTOR ( 'NONE', #1538, 39.37007874015748900 ) ;
#2805 = ORIENTED_EDGE ( 'NONE', *, *, #8087, .F. ) ;
#2806 = CARTESIAN_POINT ( 'NONE',  ( -18.27720357974784100, 34.74401364826994200, -40.55290783953775200 ) ) ;
#2807 = CARTESIAN_POINT ( 'NONE',  ( -18.29768877718433000, 34.52173740001358500, -40.24188421747832900 ) ) ;
#2808 = CARTESIAN_POINT ( 'NONE',  ( -18.24547540549809500, 36.65765028513268900, -41.39664553957876300 ) ) ;
#2809 = ADVANCED_FACE ( 'NONE', ( #6200 ), #6166, .T. ) ;
#2810 = CARTESIAN_POINT ( 'NONE',  ( -18.21667103973641800, 35.18315472284717100, -41.01649051669606600 ) ) ;
#2811 = VECTOR ( 'NONE', #4452, 39.37007874015748100 ) ;
#2812 = PRESENTATION_LAYER_ASSIGNMENT (  '', '', ( #2925 ) ) ;
#2813 = ORIENTED_EDGE ( 'NONE', *, *, #6213, .T. ) ;
#2814 = VECTOR ( 'NONE', #2238, 39.37007874015748100 ) ;
#2815 = DIRECTION ( 'NONE',  ( 0.008726535501215115100, -2.103767053026511600E-013, -0.9999619230641465500 ) ) ;
#2816 = AXIS2_PLACEMENT_3D ( 'NONE', #9247, #9069, #9042 ) ;
#2817 = CARTESIAN_POINT ( 'NONE',  ( -18.90171040982366400, 43.94239225515747900, -44.33243539430079500 ) ) ;
#2818 = DIRECTION ( 'NONE',  ( 1.264374020883690100E-012, -1.000000000000000000, 5.324186672721609600E-013 ) ) ;
#2819 = DIRECTION ( 'NONE',  ( -1.000000000000000000, -0.0000000000000000000, 0.0000000000000000000 ) ) ;
#2820 = VERTEX_POINT ( 'NONE', #832 ) ;
#2821 = CARTESIAN_POINT ( 'NONE',  ( -18.54344269329323000, 33.69890275434702400, -41.38967602996771700 ) ) ;
#2822 = ORIENTED_EDGE ( 'NONE', *, *, #6937, .F. ) ;
#2823 = FACE_OUTER_BOUND ( 'NONE', #5394, .T. ) ;
#2824 = ORIENTED_EDGE ( 'NONE', *, *, #3993, .F. ) ;
#2825 = CARTESIAN_POINT ( 'NONE',  ( -18.28966323105260700, 36.50807408948735100, -40.23296847030302100 ) ) ;
#2826 = VERTEX_POINT ( 'NONE', #861 ) ;
#2827 = AXIS2_PLACEMENT_3D ( 'NONE', #6902, #2909, #4273 ) ;
#2828 = AXIS2_PLACEMENT_3D ( 'NONE', #9192, #9161, #9101 ) ;
#2829 = ORIENTED_EDGE ( 'NONE', *, *, #6463, .F. ) ;
#2830 = FACE_OUTER_BOUND ( 'NONE', #8205, .T. ) ;
#2831 = DIRECTION ( 'NONE',  ( -1.000000000000000000, -1.083082623645810000E-012, 1.289195296225029900E-012 ) ) ;
#2832 = CARTESIAN_POINT ( 'NONE',  ( -18.24724413523479800, 36.50807408948721600, -40.61950870790811100 ) ) ;
#2833 = ORIENTED_EDGE ( 'NONE', *, *, #2799, .F. ) ;
#2834 = ORIENTED_EDGE ( 'NONE', *, *, #6076, .F. ) ;
#2835 = VECTOR ( 'NONE', #7446, 39.37007874015748100 ) ;
#2836 = CARTESIAN_POINT ( 'NONE',  ( -18.22666230649312200, 34.46666007746250700, -43.76820128346126600 ) ) ;
#2837 = DIRECTION ( 'NONE',  ( 0.0000000000000000000, 0.0000000000000000000, -1.000000000000000000 ) ) ;
#2838 = VECTOR ( 'NONE', #3514, 39.37007874015748100 ) ;
#2839 = CARTESIAN_POINT ( 'NONE',  ( -18.21667103973542000, 36.20677677010882400, -44.04601807146417500 ) ) ;
#2840 = AXIS2_PLACEMENT_3D ( 'NONE', #530, #6441, #2004 ) ;
#2841 = DIRECTION ( 'NONE',  ( 1.000000000000000000, 0.0000000000000000000, -2.841279047498729900E-012 ) ) ;
#2842 = CARTESIAN_POINT ( 'NONE',  ( -18.54344269327106100, 36.65909148326208100, -43.53494081409400700 ) ) ;
#2843 = EDGE_LOOP ( 'NONE', ( #4937, #5026 ) ) ;
#2844 = DIRECTION ( 'NONE',  ( 0.0000000000000000000, -0.0000000000000000000, 1.000000000000000000 ) ) ;
#2845 = VERTEX_POINT ( 'NONE', #812 ) ;
#2846 = LINE ( 'NONE', #10, #2835 ) ;
#2847 = LINE ( 'NONE', #2790, #2838 ) ;
#2848 = DIRECTION ( 'NONE',  ( -0.9975640502597359300, -0.06975647374538658500, 0.0000000000000000000 ) ) ;
#2849 = CARTESIAN_POINT ( 'NONE',  ( -18.28991281778759900, 35.74722160851220600, -41.39013693865454300 ) ) ;
#2850 = DIRECTION ( 'NONE',  ( 0.9975262508966212800, 0.06975383055643524800, 0.008705279710324359900 ) ) ;
#2851 = VERTEX_POINT ( 'NONE', #823 ) ;
#2852 = ORIENTED_EDGE ( 'NONE', *, *, #598, .T. ) ;
#2853 = EDGE_LOOP ( 'NONE', ( #6187, #1707, #6745, #7631 ) ) ;
#2854 = AXIS2_PLACEMENT_3D ( 'NONE', #1669, #2747, #2841 ) ;
#2855 = LINE ( 'NONE', #5919, #2814 ) ;
#2856 = ADVANCED_FACE ( 'NONE', ( #6188 ), #6154, .T. ) ;
#2857 = EDGE_CURVE ( 'NONE', #6576, #6888, #6169, .T. ) ;
#2858 = LINE ( 'NONE', #5762, #2628 ) ;
#2859 = VERTEX_POINT ( 'NONE', #748 ) ;
#2860 = ORIENTED_EDGE ( 'NONE', *, *, #6078, .T. ) ;
#2861 = DIRECTION ( 'NONE',  ( 1.264251560247140000E-012, -1.000000000000000000, 0.0000000000000000000 ) ) ;
#2862 = CARTESIAN_POINT ( 'NONE',  ( -18.22609727915452600, 36.50807408948711700, -41.00779409967005100 ) ) ;
#2863 = CYLINDRICAL_SURFACE ( 'NONE', #1666, 0.1023622047244069200 ) ;
#2864 = B_SPLINE_CURVE_WITH_KNOTS ( 'NONE', 3,
 ( #2806, #7296, #5031, #635 ),
 .UNSPECIFIED., .F., .F.,
 ( 4, 4 ),
 ( 0.0000000000000000000, 1.000000000000000000 ),
 .UNSPECIFIED. ) ;
#2865 = VECTOR ( 'NONE', #4252, 39.37007874015748100 ) ;
#2866 = AXIS2_PLACEMENT_3D ( 'NONE', #2177, #2551, #2674 ) ;
#2867 = DIRECTION ( 'NONE',  ( 0.9998476951563627400, 0.01745240643891090100, 0.0000000000000000000 ) ) ;
#2868 = AXIS2_PLACEMENT_3D ( 'NONE', #124, #33, #27 ) ;
#2869 = CARTESIAN_POINT ( 'NONE',  ( -18.22628637126540200, 36.50807408948703900, -41.39665487066909600 ) ) ;
#2870 = ORIENTED_EDGE ( 'NONE', *, *, #8167, .F. ) ;
#2871 = DIRECTION ( 'NONE',  ( 2.653479358379120200E-013, 5.152908823220420200E-024, -1.000000000000000000 ) ) ;
#2872 = EDGE_LOOP ( 'NONE', ( #6400, #6507, #6610, #6707, #7450, #7546 ) ) ;
#2873 = PLANE ( 'NONE',  #5330 ) ;
#2874 = DIRECTION ( 'NONE',  ( -1.000000000000000000, -1.264006638975650100E-012, 0.0000000000000000000 ) ) ;
#2875 = FACE_OUTER_BOUND ( 'NONE', #7197, .T. ) ;
#2876 = CARTESIAN_POINT ( 'NONE',  ( -20.05722222084737500, 35.89181614017983400, -39.95448264269408900 ) ) ;
#2877 = LINE ( 'NONE', #775, #2811 ) ;
#2879 = CARTESIAN_POINT ( 'NONE',  ( -18.24528665504141900, 33.70865916057913100, -44.15638342094294400 ) ) ;
#2878 = VECTOR ( 'NONE', #7246, 39.37007874015748100 ) ;
#2880 = DIRECTION ( 'NONE',  ( 0.9975640502599124600, 0.06975647374286417200, 0.0000000000000000000 ) ) ;
#2881 = ORIENTED_EDGE ( 'NONE', *, *, #6777, .T. ) ;
#2882 = ORIENTED_EDGE ( 'NONE', *, *, #6462, .F. ) ;
#2883 = AXIS2_PLACEMENT_3D ( 'NONE', #465, #335, #317 ) ;
#2884 = CARTESIAN_POINT ( 'NONE',  ( -18.73186784631988300, 34.61908783719968600, -44.61196295335354000 ) ) ;
#2885 = DIRECTION ( 'NONE',  ( 1.000000000000000000, 0.0000000000000000000, -1.134155878637920100E-012 ) ) ;
#2886 = DIRECTION ( 'NONE',  ( -0.0000000000000000000, 0.0000000000000000000, 1.000000000000000000 ) ) ;
#2887 = EDGE_CURVE ( 'NONE', #466, #368, #6178, .T. ) ;
#2888 = VECTOR ( 'NONE', #1469, 39.37007874015748100 ) ;
#2889 = VECTOR ( 'NONE', #3491, 39.37007874015748100 ) ;
#2890 = CARTESIAN_POINT ( 'NONE',  ( -18.12382062240480400, 35.77836127671397300, -43.52761628360234200 ) ) ;
#2891 = VERTEX_POINT ( 'NONE', #713 ) ;
#2892 = CARTESIAN_POINT ( 'NONE',  ( -19.01982064603598800, 35.82292128662767500, -41.53715980803386300 ) ) ;
#2893 = CARTESIAN_POINT ( 'NONE',  ( -18.30926420606868600, 34.72252480159333000, -40.24188421748023400 ) ) ;
#2894 = ORIENTED_EDGE ( 'NONE', *, *, #604, .F. ) ;
#2895 = DIRECTION ( 'NONE',  ( 0.0000000000000000000, -0.0000000000000000000, 1.000000000000000000 ) ) ;
#2896 = DIRECTION ( 'NONE',  ( -0.9975262508966806800, 0.06975383055587443300, 0.008705279708008474600 ) ) ;
#2897 = LINE ( 'NONE', #5886, #2888 ) ;
#2898 = CARTESIAN_POINT ( 'NONE',  ( -18.28010652829807000, 36.35757881724472900, -40.23191971353612200 ) ) ;
#2899 = EDGE_CURVE ( 'NONE', #3960, #1263, #6125, .T. ) ;
#2900 = ORIENTED_EDGE ( 'NONE', *, *, #7027, .F. ) ;
#2901 =( BOUNDED_SURFACE ( )  B_SPLINE_SURFACE ( 3, 3, ( 
 ( #6221, #7755, #1788, #7001 ),
 ( #2516, #7791, #3251, #8530 ),
 ( #4000, #9184, #4743, #356 ),
 ( #5496, #1082, #6255, #1821 ) ),
 .UNSPECIFIED., .F., .F., .T. ) 
 B_SPLINE_SURFACE_WITH_KNOTS ( ( 4, 4 ),
 ( 4, 4 ),
 ( 0.0000000000000000000, 1.000000000000000000 ),
 ( 0.0000000000000000000, 1.000000000000000000 ),
 .UNSPECIFIED. ) 
 GEOMETRIC_REPRESENTATION_ITEM ( )  RATIONAL_B_SPLINE_SURFACE ( (
 ( 1.000000000000000000, 0.9994673074411775100, 0.9994673074411775100, 1.000000000000000000),
 ( 0.9986983324200056100, 0.9981663332498170700, 0.9981663332498170700, 0.9986983324200056100),
 ( 0.9986983324200056100, 0.9981663332498170700, 0.9981663332498170700, 0.9986983324200056100),
 ( 1.000000000000000000, 0.9994673074411775100, 0.9994673074411775100, 1.000000000000000000) ) ) 
 REPRESENTATION_ITEM ( '' )  SURFACE ( )  );
#2902 = ORIENTED_EDGE ( 'NONE', *, *, #468, .F. ) ;
#2903 = CARTESIAN_POINT ( 'NONE',  ( -18.22561064366146500, 34.89195600235865400, -41.38957578208203400 ) ) ;
#2904 = CARTESIAN_POINT ( 'NONE',  ( -18.23764903242214100, 36.35757881724459400, -40.61880986825531900 ) ) ;
#2905 = ADVANCED_FACE ( 'NONE', ( #6159 ), #630, .F. ) ;
#2906 = CARTESIAN_POINT ( 'NONE',  ( -18.25186024066441000, 35.68091126603185600, -41.42502810374723100 ) ) ;
#2907 = FACE_OUTER_BOUND ( 'NONE', #3963, .T. ) ;
#2908 = DIRECTION ( 'NONE',  ( 0.0000000000000000000, 1.000000000000000000, 0.0000000000000000000 ) ) ;
#2909 = DIRECTION ( 'NONE',  ( -1.000000000000000000, 1.083082623645810000E-012, -1.289195296225029900E-012 ) ) ;
#2910 = DIRECTION ( 'NONE',  ( 1.264251560247140000E-012, 1.000000000000000000, -0.0000000000000000000 ) ) ;
#2911 = ORIENTED_EDGE ( 'NONE', *, *, #3218, .F. ) ;
#2912 = ORIENTED_EDGE ( 'NONE', *, *, #7872, .T. ) ;
#2913 = CARTESIAN_POINT ( 'NONE',  ( -18.90171040980305900, 43.94239225515590900, -41.38967602996771700 ) ) ;
#2914 = EDGE_CURVE ( 'NONE', #368, #204, #6380, .T. ) ;
#2915 = VECTOR ( 'NONE', #8120, 39.37007874015748100 ) ;
#2916 = CARTESIAN_POINT ( 'NONE',  ( -19.70899736155803300, 34.17528070710976400, -44.53322279587441600 ) ) ;
#2917 = CARTESIAN_POINT ( 'NONE',  ( -18.37155697523275700, 36.62139386877563400, -43.55250414185512400 ) ) ;
#2918 = VERTEX_POINT ( 'NONE', #591 ) ;
#2919 = DIRECTION ( 'NONE',  ( -1.264006638975650100E-012, 1.000000000000000000, 1.337151475029309900E-013 ) ) ;
#2920 = DIRECTION ( 'NONE',  ( -0.9975262508965979700, 0.06975383055637132700, -0.008705279713515673400 ) ) ;
#2921 = FACE_OUTER_BOUND ( 'NONE', #2267, .T. ) ;
#2922 = ORIENTED_EDGE ( 'NONE', *, *, #6389, .F. ) ;
#2923 = CARTESIAN_POINT ( 'NONE',  ( -19.70899736156062700, 35.84457204569830700, -44.53322279587480600 ) ) ;
#2924 = LINE ( 'NONE', #2913, #2934 ) ;
#2925 = STYLED_ITEM ( 'NONE', ( #8887 ), #540 ) ;
#2926 = AXIS2_PLACEMENT_3D ( 'NONE', #666, #628, #623 ) ;
#2927 = ORIENTED_EDGE ( 'NONE', *, *, #7428, .T. ) ;
#2928 = EDGE_CURVE ( 'NONE', #204, #354, #6145, .T. ) ;
#2929 = CARTESIAN_POINT ( 'NONE',  ( -18.64909682648020000, 34.82094999844449000, -40.55290783953070400 ) ) ;
#2930 = DIRECTION ( 'NONE',  ( 1.000000000000000000, 0.0000000000000000000, 2.841499533867840700E-012 ) ) ;
#2931 = CARTESIAN_POINT ( 'NONE',  ( -18.21648303306483300, 36.35757881724449400, -41.00744675693923100 ) ) ;
#2932 = DIRECTION ( 'NONE',  ( -1.197838925103926500E-012, -7.811992989818481500E-013, 1.000000000000000000 ) ) ;
#2933 = ORIENTED_EDGE ( 'NONE', *, *, #2089, .T. ) ;
#2934 = VECTOR ( 'NONE', #8183, 39.37007874015748100 ) ;
#2935 = EDGE_LOOP ( 'NONE', ( #6274, #7656, #7676, #7667 ) ) ;
#2936 = CARTESIAN_POINT ( 'NONE',  ( -18.21667229635211500, 36.35757881724441600, -41.39665954572464600 ) ) ;
#2937 = ORIENTED_EDGE ( 'NONE', *, *, #8184, .F. ) ;
#2938 = CARTESIAN_POINT ( 'NONE',  ( -18.20230041499972600, 35.34073364223016300, -41.01640021602087000 ) ) ;
#2939 = DIRECTION ( 'NONE',  ( 1.281026566875212200E-012, 0.0000000000000000000, 1.000000000000000000 ) ) ;
#2940 = ORIENTED_EDGE ( 'NONE', *, *, #6031, .F. ) ;
#2941 = CARTESIAN_POINT ( 'NONE',  ( -20.06903324446098600, 35.80913897482673700, -45.04109681162125900 ) ) ;
#2942 = EDGE_CURVE ( 'NONE', #435, #354, #6353, .T. ) ;
#2943 = DIRECTION ( 'NONE',  ( 1.000000000000000000, 1.083082623645810000E-012, -1.289195296225029900E-012 ) ) ;
#2944 = ORIENTED_EDGE ( 'NONE', *, *, #2043, .F. ) ;
#2945 = DIRECTION ( 'NONE',  ( -2.841279047498729900E-012, 1.993517598874520100E-013, 1.000000000000000000 ) ) ;
#2946 = ORIENTED_EDGE ( 'NONE', *, *, #1022, .F. ) ;
#2947 = CARTESIAN_POINT ( 'NONE',  ( -19.08674977989177200, 34.17721265221366200, -44.53322279587441600 ) ) ;
#2948 = CARTESIAN_POINT ( 'NONE',  ( -18.28991281778556300, 36.20677677010874600, -44.14838027618849000 ) ) ;
#2949 = ORIENTED_EDGE ( 'NONE', *, *, #2188, .F. ) ;
#2950 = VECTOR ( 'NONE', #1377, 39.37007874015748100 ) ;
#2951 = PLANE ( 'NONE',  #2634 ) ;
#2952 = ADVANCED_FACE ( 'NONE', ( #6134 ), #288, .F. ) ;
#2953 = CARTESIAN_POINT ( 'NONE',  ( -19.12135943312731000, 33.69465101347514500, -44.37108284822362200 ) ) ;
#2954 = LINE ( 'NONE', #1998, #2865 ) ;
#2955 = EDGE_CURVE ( 'NONE', #3885, #2102, #6072, .T. ) ;
#2956 = DIRECTION ( 'NONE',  ( 1.000000000000000000, 0.0000000000000000000, -0.0000000000000000000 ) ) ;
#2957 = ORIENTED_EDGE ( 'NONE', *, *, #7709, .F. ) ;
#2958 = VERTEX_POINT ( 'NONE', #192 ) ;
#2959 = LINE ( 'NONE', #5106, #2915 ) ;
#2960 = PLANE ( 'NONE',  #4304 ) ;
#2961 = CARTESIAN_POINT ( 'NONE',  ( -18.22569118971480500, 35.47500322635563900, -41.54705679995531400 ) ) ;
#2962 = CARTESIAN_POINT ( 'NONE',  ( -18.28010652831346100, 36.20677677009126700, -40.23191971353775600 ) ) ;
#2963 = CARTESIAN_POINT ( 'NONE',  ( -18.50800962240030100, 36.65165865986205100, -43.47219917382236800 ) ) ;
#2964 = VECTOR ( 'NONE', #5699, 39.37007874015748100 ) ;
#2965 = ORIENTED_EDGE ( 'NONE', *, *, #8195, .F. ) ;
#2966 = PLANE ( 'NONE',  #819 ) ;
#2967 = ORIENTED_EDGE ( 'NONE', *, *, #6934, .F. ) ;
#2968 = CARTESIAN_POINT ( 'NONE',  ( -19.08725445498712900, 33.75402146429024000, -40.24188421747951600 ) ) ;
#2969 = VERTEX_POINT ( 'NONE', #221 ) ;
#2970 = VECTOR ( 'NONE', #5043, 39.37007874015748100 ) ;
#2971 = CARTESIAN_POINT ( 'NONE',  ( -18.23764903243759200, 36.20677677009113900, -40.61880986825640600 ) ) ;
#2972 = EDGE_CURVE ( 'NONE', #435, #161, #6316, .T. ) ;
#2973 = LINE ( 'NONE', #1296, #2878 ) ;
#2974 = PLANE ( 'NONE',  #5775 ) ;
#2975 = CARTESIAN_POINT ( 'NONE',  ( -19.08674977989393500, 35.84457204568146000, -40.63164799700984300 ) ) ;
#2976 = ADVANCED_FACE ( 'NONE', ( #6095 ), #351, .T. ) ;
#2977 = CARTESIAN_POINT ( 'NONE',  ( -18.30926420589202100, 36.66740669135834500, -44.92298657540514000 ) ) ;
#2978 = EDGE_LOOP ( 'NONE', ( #6916, #2136, #7952, #8444, #3037 ) ) ;
#2979 = ORIENTED_EDGE ( 'NONE', *, *, #7885, .T. ) ;
#2980 = ORIENTED_EDGE ( 'NONE', *, *, #5975, .F. ) ;
#2981 =( BOUNDED_CURVE ( )  B_SPLINE_CURVE ( 3, ( #741, #3629, #6659, #2213 ),
 .UNSPECIFIED., .F., .F. ) 
 B_SPLINE_CURVE_WITH_KNOTS ( ( 4, 4 ),
 ( 4.475452091311809600E-016, 0.007934977017590220300 ),
 .UNSPECIFIED. ) 
 CURVE ( )  GEOMETRIC_REPRESENTATION_ITEM ( )  RATIONAL_B_SPLINE_CURVE ( ( 0.9994585308877752500, 0.9995802031649950700, 0.9997742667180140600, 1.000040721546832800 ) ) 
 REPRESENTATION_ITEM ( '' )  );
#2982 = LINE ( 'NONE', #8788, #2970 ) ;
#2983 = VECTOR ( 'NONE', #8711, 39.37007874015749600 ) ;
#2984 = EDGE_CURVE ( 'NONE', #4121, #4255, #6066, .T. ) ;
#2985 = DIRECTION ( 'NONE',  ( -0.06975647374286433900, -0.9975640502599124600, 3.970637562935382300E-013 ) ) ;
#2986 = CARTESIAN_POINT ( 'NONE',  ( -18.12382062248814700, 36.63519226348147100, -43.52761628360393300 ) ) ;
#2987 = AXIS2_PLACEMENT_3D ( 'NONE', #1198, #1181, #1163 ) ;
#2988 = VERTEX_POINT ( 'NONE', #54 ) ;
#2989 = AXIS2_PLACEMENT_3D ( 'NONE', #2500, #1297, #1274 ) ;
#2990 = EDGE_LOOP ( 'NONE', ( #7034, #7116, #7091, #6370, #6422, #6431, #6442, #6457 ) ) ;
#2991 = CARTESIAN_POINT ( 'NONE',  ( -18.30014871118578800, 33.69890275434673300, -40.64345902063227800 ) ) ;
#2992 = LINE ( 'NONE', #3541, #2999 ) ;
#2993 = LINE ( 'NONE', #4952, #2964 ) ;
#2994 = CARTESIAN_POINT ( 'NONE',  ( -18.21667229636759100, 36.20677677009095400, -41.39665954572461000 ) ) ;
#2995 = ORIENTED_EDGE ( 'NONE', *, *, #8197, .T. ) ;
#2996 = ORIENTED_EDGE ( 'NONE', *, *, #7400, .T. ) ;
#2997 = EDGE_CURVE ( 'NONE', #3531, #4017, #6056, .T. ) ;
#2998 = DIRECTION ( 'NONE',  ( -0.0000000000000000000, -1.000000000000000000, -0.0000000000000000000 ) ) ;
#2999 = VECTOR ( 'NONE', #3510, 39.37007874015748900 ) ;
#3000 = VECTOR ( 'NONE', #3464, 39.37007874015748100 ) ;
#3001 = AXIS2_PLACEMENT_3D ( 'NONE', #1648, #1616, #1591 ) ;
#3002 = ADVANCED_FACE ( 'NONE', ( #6044 ), #6018, .F. ) ;
#3003 = CARTESIAN_POINT ( 'NONE',  ( -18.67884231677200900, 35.78546980940161900, -44.61196295335314900 ) ) ;
#3004 = VERTEX_POINT ( 'NONE', #8144 ) ;
#3005 = DIRECTION ( 'NONE',  ( 0.9975640502597366000, -0.06975647374537655200, 2.835253093448544000E-012 ) ) ;
#3006 = ORIENTED_EDGE ( 'NONE', *, *, #470, .F. ) ;
#3007 = CARTESIAN_POINT ( 'NONE',  ( -18.28991281778759900, 34.59956246670976300, -41.69267161906149300 ) ) ;
#3008 = FACE_OUTER_BOUND ( 'NONE', #7472, .T. ) ;
#3009 = EDGE_CURVE ( 'NONE', #206, #161, #6307, .T. ) ;
#3010 = VERTEX_POINT ( 'NONE', #7773 ) ;
#3011 = EDGE_CURVE ( 'NONE', #474, #206, #6234, .T. ) ;
#3012 = CARTESIAN_POINT ( 'NONE',  ( -19.08674977989437200, 35.84457204569830700, -44.61196295335355400 ) ) ;
#3013 = ORIENTED_EDGE ( 'NONE', *, *, #3386, .T. ) ;
#3014 = CARTESIAN_POINT ( 'NONE',  ( -18.29768877701150500, 33.79732795119715400, -44.92298657540595700 ) ) ;
#3015 = DIRECTION ( 'NONE',  ( 1.000000000000000000, -1.264251560247360100E-012, 0.0000000000000000000 ) ) ;
#3016 = VECTOR ( 'NONE', #8064, 39.37007874015748100 ) ;
#3017 = ORIENTED_EDGE ( 'NONE', *, *, #8209, .T. ) ;
#3018 = ADVANCED_FACE ( 'NONE', ( #6027, #6053 ), #7298, .T. ) ;
#3019 =( BOUNDED_CURVE ( )  B_SPLINE_CURVE ( 3, ( #6492, #5727, #7272, #2783 ),
 .UNSPECIFIED., .F., .F. ) 
 B_SPLINE_CURVE_WITH_KNOTS ( ( 4, 4 ),
 ( 2.895107444979072200E-015, 0.04475715167832729900 ),
 .UNSPECIFIED. ) 
 CURVE ( )  GEOMETRIC_REPRESENTATION_ITEM ( )  RATIONAL_B_SPLINE_CURVE ( ( 1.000151097935450400, 0.9960159057901713000, 0.9960475584002297400, 1.000246055765625000 ) ) 
 REPRESENTATION_ITEM ( '' )  );
#3020 = ORIENTED_EDGE ( 'NONE', *, *, #8411, .T. ) ;
#3021 = CARTESIAN_POINT ( 'NONE',  ( -18.24423061819250300, 34.60129490036848000, -41.11210823869715400 ) ) ;
#3022 = FACE_OUTER_BOUND ( 'NONE', #6332, .T. ) ;
#3023 = AXIS2_PLACEMENT_3D ( 'NONE', #914, #886, #856 ) ;
#3024 = ORIENTED_EDGE ( 'NONE', *, *, #8220, .T. ) ;
#3025 = DIRECTION ( 'NONE',  ( 1.000000000000000000, 0.0000000000000000000, -0.0000000000000000000 ) ) ;
#3026 = CARTESIAN_POINT ( 'NONE',  ( -18.22016794196155200, 34.15953267561945900, -44.04601807146377700 ) ) ;
#3027 =( BOUNDED_CURVE ( )  B_SPLINE_CURVE ( 3, ( #4209, #4945, #2018, #7239 ),
 .UNSPECIFIED., .F., .F. ) 
 B_SPLINE_CURVE_WITH_KNOTS ( ( 4, 4 ),
 ( 6.684427777288335200E-016, 0.04475715167831427500 ),
 .UNSPECIFIED. ) 
 CURVE ( )  GEOMETRIC_REPRESENTATION_ITEM ( )  RATIONAL_B_SPLINE_CURVE ( ( 1.000151097935443800, 0.9960159057901699600, 0.9960475584002317400, 1.000246055765628100 ) ) 
 REPRESENTATION_ITEM ( '' )  );
#3028 = VECTOR ( 'NONE', #7240, 39.37007874015748100 ) ;
#3029 = EDGE_LOOP ( 'NONE', ( #7461, #7678, #8545, #8641 ) ) ;
#3030 = CARTESIAN_POINT ( 'NONE',  ( -18.37155697523275300, 36.65609120689361300, -43.55250414185512400 ) ) ;
#3031 = FACE_OUTER_BOUND ( 'NONE', #2667, .T. ) ;
#3032 = CARTESIAN_POINT ( 'NONE',  ( -18.24980009187901700, 35.18315472320924900, -44.61196295335334800 ) ) ;
#3033 = PLANE ( 'NONE',  #1345 ) ;
#3034 = ORIENTED_EDGE ( 'NONE', *, *, #6687, .T. ) ;
#3035 = EDGE_CURVE ( 'NONE', #7964, #1878, #6041, .T. ) ;
#3036 = LINE ( 'NONE', #615, #2950 ) ;
#3037 = ORIENTED_EDGE ( 'NONE', *, *, #6668, .F. ) ;
#3038 = CARTESIAN_POINT ( 'NONE',  ( -18.28991281778543200, 34.61908783719968600, -44.61196295335354000 ) ) ;
#3039 = FACE_OUTER_BOUND ( 'NONE', #8817, .T. ) ;
#3040 = DIRECTION ( 'NONE',  ( 1.000000000000000000, 0.0000000000000000000, -0.0000000000000000000 ) ) ;
#3041 = CARTESIAN_POINT ( 'NONE',  ( -20.12396705856154000, 34.78551692757830000, -39.82459852400826600 ) ) ;
#3042 = ADVANCED_FACE ( 'NONE', ( #5996 ), #6847, .T. ) ;
#3043 = VERTEX_POINT ( 'NONE', #7143 ) ;
#3044 = CARTESIAN_POINT ( 'NONE',  ( -20.14580489799968500, 36.66740669135898400, -41.52141177653858500 ) ) ;
#3045 = ORIENTED_EDGE ( 'NONE', *, *, #7787, .T. ) ;
#3046 = LINE ( 'NONE', #4978, #3016 ) ;
#3047 = B_SPLINE_CURVE_WITH_KNOTS ( 'NONE', 3,
 ( #8643, #4815, #7104, #2615 ),
 .UNSPECIFIED., .F., .F.,
 ( 4, 4 ),
 ( 0.0000000000000000000, 0.02919907554229394400 ),
 .UNSPECIFIED. ) ;
#3048 = ORIENTED_EDGE ( 'NONE', *, *, #6406, .T. ) ;
#3049 = EDGE_CURVE ( 'NONE', #348, #144, #6096, .T. ) ;
#3050 = DIRECTION ( 'NONE',  ( 0.0000000000000000000, 0.0000000000000000000, -1.000000000000000000 ) ) ;
#3051 = CARTESIAN_POINT ( 'NONE',  ( -18.21667154495559900, 34.15953267525833300, -41.39476830863028300 ) ) ;
#3052 = CARTESIAN_POINT ( 'NONE',  ( -18.24980009188118800, 35.18315472250264300, -40.55290783953089600 ) ) ;
#3053 = VERTEX_POINT ( 'NONE', #6918 ) ;
#3054 = ORIENTED_EDGE ( 'NONE', *, *, #7235, .T. ) ;
#3055 = VECTOR ( 'NONE', #553, 39.37007874015748100 ) ;
#3056 = CARTESIAN_POINT ( 'NONE',  ( -18.54344269327519600, 33.65528093473621900, -41.68998048601496700 ) ) ;
#3057 = CARTESIAN_POINT ( 'NONE',  ( -18.21667122637498100, 36.35579513058469600, -41.38949776896953400 ) ) ;
#3058 = CARTESIAN_POINT ( 'NONE',  ( -18.24980009188103800, 35.30388963075616700, -40.55290783953089600 ) ) ;
#3059 = CARTESIAN_POINT ( 'NONE',  ( -18.24423061810251300, 34.74139249810740200, -41.11210823869875200 ) ) ;
#3060 = DIRECTION ( 'NONE',  ( 1.000000000000000000, -0.0000000000000000000, 0.0000000000000000000 ) ) ;
#3061 = PLANE ( 'NONE',  #4347 ) ;
#3062 = AXIS2_PLACEMENT_3D ( 'NONE', #3579, #3418, #3403 ) ;
#3063 = ADVANCED_FACE ( 'NONE', ( #6006 ), #5930, .F. ) ;
#3064 = ORIENTED_EDGE ( 'NONE', *, *, #2118, .F. ) ;
#3065 = DIRECTION ( 'NONE',  ( 0.9975640502599124600, -0.06975647374286414500, 0.0000000000000000000 ) ) ;
#3066 = ORIENTED_EDGE ( 'NONE', *, *, #7403, .F. ) ;
#3067 = DIRECTION ( 'NONE',  ( 2.653479358379120200E-013, 5.152908823220420200E-024, -1.000000000000000000 ) ) ;
#3068 = AXIS2_PLACEMENT_3D ( 'NONE', #4190, #7358, #2861 ) ;
#3069 = FACE_OUTER_BOUND ( 'NONE', #2075, .T. ) ;
#3070 = LINE ( 'NONE', #8739, #2889 ) ;
#3071 = CARTESIAN_POINT ( 'NONE',  ( -18.27106965252096100, 35.57105106025918000, -44.61198517485750900 ) ) ;
#3072 = CARTESIAN_POINT ( 'NONE',  ( -18.24980009187886800, 35.06241981495572400, -44.61196295335334800 ) ) ;
#3073 = ORIENTED_EDGE ( 'NONE', *, *, #3200, .T. ) ;
#3074 = CARTESIAN_POINT ( 'NONE',  ( -19.08725445498496100, 34.72252480158543600, -44.61196295335314900 ) ) ;
#3075 = CARTESIAN_POINT ( 'NONE',  ( -18.09010179027235000, 36.35024463359604900, -43.52702771919829400 ) ) ;
#3076 = VERTEX_POINT ( 'NONE', #7109 ) ;
#3077 = LINE ( 'NONE', #4245, #3028 ) ;
#3078 = CARTESIAN_POINT ( 'NONE',  ( -18.54344269327106400, 33.71465078584638100, -43.47219917382165000 ) ) ;
#3079 = AXIS2_PLACEMENT_3D ( 'NONE', #1426, #6608, #2165 ) ;
#3080 = LINE ( 'NONE', #6364, #2983 ) ;
#3081 = EDGE_LOOP ( 'NONE', ( #8704, #8858, #8932, #9015 ) ) ;
#3082 = CARTESIAN_POINT ( 'NONE',  ( -18.90171040980161600, 26.42391719055614600, -44.40330153602953100 ) ) ;
#3083 = ORIENTED_EDGE ( 'NONE', *, *, #2240, .T. ) ;
#3084 = DIRECTION ( 'NONE',  ( 0.9975262508967692700, 0.06975383055460696000, -0.008705279708035362800 ) ) ;
#3085 = ORIENTED_EDGE ( 'NONE', *, *, #7291, .T. ) ;
#3086 = VECTOR ( 'NONE', #7207, 39.37007874015748100 ) ;
#3087 = FACE_OUTER_BOUND ( 'NONE', #4114, .T. ) ;
#3088 = CARTESIAN_POINT ( 'NONE',  ( -18.54344269327519600, 33.69890275434673300, -40.64345902063227800 ) ) ;
#3089 = CARTESIAN_POINT ( 'NONE',  ( -18.22716158915777700, 36.25812287920948800, -40.92768681869366500 ) ) ;
#3090 = CARTESIAN_POINT ( 'NONE',  ( -18.25597381780994500, 35.42462453900969900, -40.55290783953089600 ) ) ;
#3091 = ADVANCED_FACE ( 'NONE', ( #5938 ), #7576, .T. ) ;
#3092 = ORIENTED_EDGE ( 'NONE', *, *, #8222, .T. ) ;
#3093 = CARTESIAN_POINT ( 'NONE',  ( -20.06903324446948700, 35.94102873860504100, -39.95448264269409600 ) ) ;
#3094 = ORIENTED_EDGE ( 'NONE', *, *, #8433, .T. ) ;
#3095 = EDGE_CURVE ( 'NONE', #348, #439, #5945, .T. ) ;
#3096 = CARTESIAN_POINT ( 'NONE',  ( -18.30095285437380400, 35.81299508083738900, -44.92298657540595000 ) ) ;
#3097 = VECTOR ( 'NONE', #4210, 39.37007874015748100 ) ;
#3099 = DIRECTION ( 'NONE',  ( 0.9999619230641959600, 0.0000000000000000000, -0.008726535495532769900 ) ) ;
#3098 = VECTOR ( 'NONE', #1262, 39.37007874015748100 ) ;
#3100 = CARTESIAN_POINT ( 'NONE',  ( -18.90171040981456600, 26.42391719055614600, -44.40330153602953100 ) ) ;
#3101 = ORIENTED_EDGE ( 'NONE', *, *, #6371, .F. ) ;
#3102 = DIRECTION ( 'NONE',  ( 0.5462677805474258600, -0.8376105968382857600, -0.0000000000000000000 ) ) ;
#3103 = EDGE_LOOP ( 'NONE', ( #6706, #6727, #6778, #6824 ) ) ;
#3104 = B_SPLINE_CURVE_WITH_KNOTS ( 'NONE', 3,
 ( #8611, #1142, #1912, #7122 ),
 .UNSPECIFIED., .F., .F.,
 ( 4, 4 ),
 ( 0.0000000000000000000, 1.000000000000000000 ),
 .UNSPECIFIED. ) ;
#3105 = CARTESIAN_POINT ( 'NONE',  ( -19.38112961815326700, 33.79732795118697200, -40.63164799700944500 ) ) ;
#3106 = LINE ( 'NONE', #2720, #3000 ) ;
#3107 = LINE ( 'NONE', #9369, #3055 ) ;
#3108 = VECTOR ( 'NONE', #7978, 39.37007874015748100 ) ;
#3109 = DIRECTION ( 'NONE',  ( -0.0000000000000000000, -0.0000000000000000000, 1.000000000000000000 ) ) ;
#3110 = CARTESIAN_POINT ( 'NONE',  ( -18.12382062240480700, 35.77836127671398700, -43.52761628360234200 ) ) ;
#3111 = VERTEX_POINT ( 'NONE', #7989 ) ;
#3112 = ORIENTED_EDGE ( 'NONE', *, *, #8280, .F. ) ;
#3113 = ADVANCED_FACE ( 'NONE', ( #5921 ), #8056, .T. ) ;
#3114 = CARTESIAN_POINT ( 'NONE',  ( -18.96076552793609300, 26.42391719055468600, -40.83243539858543900 ) ) ;
#3115 = DIRECTION ( 'NONE',  ( -1.644386092493844900E-015, 1.000000000000000000, -1.884279826581177600E-013 ) ) ;
#3116 = LINE ( 'NONE', #1257, #3086 ) ;
#3117 = VERTEX_POINT ( 'NONE', #7979 ) ;
#3118 = ORIENTED_EDGE ( 'NONE', *, *, #1176, .F. ) ;
#3119 = DIRECTION ( 'NONE',  ( 0.9999619230641838600, 0.0000000000000000000, -0.008726535496922253900 ) ) ;
#3120 = CARTESIAN_POINT ( 'NONE',  ( -18.22376558897858700, 36.30584961383328100, -41.04309786137643800 ) ) ;
#3121 = CARTESIAN_POINT ( 'NONE',  ( -18.21648303308031600, 36.20677677009103900, -41.00744675693975700 ) ) ;
#3122 = PLANE ( 'NONE',  #4902 ) ;
#3123 = CARTESIAN_POINT ( 'NONE',  ( -18.54344269327106400, 36.68883963849098300, -43.47219917382323500 ) ) ;
#3124 = ORIENTED_EDGE ( 'NONE', *, *, #8223, .T. ) ;
#3125 = ORIENTED_EDGE ( 'NONE', *, *, #2284, .F. ) ;
#3126 = CARTESIAN_POINT ( 'NONE',  ( -19.08674977989523900, 35.16547474625098600, -40.55290783953070400 ) ) ;
#3127 = CARTESIAN_POINT ( 'NONE',  ( -18.30108571285942900, 36.60184374546222600, -44.92298657540595000 ) ) ;
#3128 = VECTOR ( 'NONE', #2648, 39.37007874015748100 ) ;
#3129 = EDGE_CURVE ( 'NONE', #4083, #3885, #5912, .T. ) ;
#3130 = ORIENTED_EDGE ( 'NONE', *, *, #3830, .T. ) ;
#3131 = CARTESIAN_POINT ( 'NONE',  ( -18.21667103973568300, 36.20677677010882400, -44.25074248091299000 ) ) ;
#3132 = ORIENTED_EDGE ( 'NONE', *, *, #2271, .F. ) ;
#3133 = DIRECTION ( 'NONE',  ( 0.0000000000000000000, 0.0000000000000000000, -1.000000000000000000 ) ) ;
#3134 = DIRECTION ( 'NONE',  ( 0.0000000000000000000, 1.000000000000000000, 0.0000000000000000000 ) ) ;
#3135 = LINE ( 'NONE', #8005, #3097 ) ;
#3136 = VERTEX_POINT ( 'NONE', #7360 ) ;
#3137 = CARTESIAN_POINT ( 'NONE',  ( -18.26841952441191100, 34.82094999845045900, -44.61196295335327700 ) ) ;
#3138 = CARTESIAN_POINT ( 'NONE',  ( -18.23704105493947500, 35.47833517576697900, -44.33616774054064500 ) ) ;
#3139 = CARTESIAN_POINT ( 'NONE',  ( -19.70899736155935500, 34.82094999845106300, -44.92298657540377600 ) ) ;
#3140 =( BOUNDED_CURVE ( )  B_SPLINE_CURVE ( 3, ( #4742, #1755, #1814, #7029 ),
 .UNSPECIFIED., .F., .F. ) 
 B_SPLINE_CURVE_WITH_KNOTS ( ( 4, 4 ),
 ( 1.570796326794356500, 3.141592653589624800 ),
 .UNSPECIFIED. ) 
 CURVE ( )  GEOMETRIC_REPRESENTATION_ITEM ( )  RATIONAL_B_SPLINE_CURVE ( ( 1.000000000000000000, 0.8047378541242773400, 0.8047378541242773400, 1.000000000000000000 ) ) 
 REPRESENTATION_ITEM ( '' )  );
#3141 = EDGE_CURVE ( 'NONE', #111, #439, #6062, .T. ) ;
#3142 = FACE_OUTER_BOUND ( 'NONE', #2872, .T. ) ;
#3143 = ADVANCED_FACE ( 'NONE', ( #5962 ), #6648, .F. ) ;
#3144 = ORIENTED_EDGE ( 'NONE', *, *, #6606, .F. ) ;
#3145 = VECTOR ( 'NONE', #459, 39.37007874015748100 ) ;
#3146 = CARTESIAN_POINT ( 'NONE',  ( -18.22016794196302300, 36.21349500395349700, -41.11885272142040300 ) ) ;
#3147 = ORIENTED_EDGE ( 'NONE', *, *, #5028, .T. ) ;
#3148 = DIRECTION ( 'NONE',  ( -0.0000000000000000000, 0.0000000000000000000, -1.000000000000000000 ) ) ;
#3149 = DIRECTION ( 'NONE',  ( 1.000000000000000000, -0.0000000000000000000, 0.0000000000000000000 ) ) ;
#3150 = ORIENTED_EDGE ( 'NONE', *, *, #5476, .F. ) ;
#3151 = VECTOR ( 'NONE', #3358, 39.37007874015748100 ) ;
#3152 = PLANE ( 'NONE',  #5349 ) ;
#3153 = ORIENTED_EDGE ( 'NONE', *, *, #6446, .T. ) ;
#3154 = ADVANCED_FACE ( 'NONE', ( #5877 ), #6596, .T. ) ;
#3155 = CARTESIAN_POINT ( 'NONE',  ( -18.30926420589418400, 33.69890275435354700, -40.24188421747911800 ) ) ;
#3156 = DIRECTION ( 'NONE',  ( -1.264129099611980100E-012, 1.000000000000000000, -1.993517598846150100E-013 ) ) ;
#3157 = EDGE_CURVE ( 'NONE', #2317, #2231, #5866, .T. ) ;
#3158 = AXIS2_PLACEMENT_3D ( 'NONE', #4412, #4237, #4295 ) ;
#3159 = VERTEX_POINT ( 'NONE', #6510 ) ;
#3160 = DIRECTION ( 'NONE',  ( -0.9998476951563627400, -0.01745240643891090100, -0.0000000000000000000 ) ) ;
#3161 = EDGE_CURVE ( 'NONE', #2231, #2346, #5894, .T. ) ;
#3162 = ORIENTED_EDGE ( 'NONE', *, *, #2636, .F. ) ;
#3163 = LINE ( 'NONE', #6325, #3151 ) ;
#3164 = ORIENTED_EDGE ( 'NONE', *, *, #2324, .T. ) ;
#3165 = CARTESIAN_POINT ( 'NONE',  ( -18.22016794196351700, 36.21344359961984300, -44.04601807146420400 ) ) ;
#3166 = DIRECTION ( 'NONE',  ( 0.0000000000000000000, -0.0000000000000000000, 1.000000000000000000 ) ) ;
#3167 = DIRECTION ( 'NONE',  ( 1.000000000000000000, 9.591559607992711900E-015, 2.841499533867840700E-012 ) ) ;
#3168 = DIRECTION ( 'NONE',  ( 0.9975640502597361600, -0.06975647374538644600, -0.0000000000000000000 ) ) ;
#3169 = ORIENTED_EDGE ( 'NONE', *, *, #8222, .F. ) ;
#3170 = ORIENTED_EDGE ( 'NONE', *, *, #6702, .F. ) ;
#3171 = FACE_OUTER_BOUND ( 'NONE', #4215, .T. ) ;
#3172 = DIRECTION ( 'NONE',  ( 2.841279047498729900E-012, -1.993517598874520100E-013, -1.000000000000000000 ) ) ;
#3173 = DIRECTION ( 'NONE',  ( 0.9975262508965523400, -0.06975383055739396700, 0.008705279710553357300 ) ) ;
#3174 = LINE ( 'NONE', #1232, #3108 ) ;
#3175 = DIRECTION ( 'NONE',  ( -3.030255784859252200E-012, 0.0000000000000000000, -1.000000000000000000 ) ) ;
#3176 = ORIENTED_EDGE ( 'NONE', *, *, #4923, .F. ) ;
#3177 = CARTESIAN_POINT ( 'NONE',  ( -18.22603357781430200, 36.50483007624718800, -41.38957947297280500 ) ) ;
#3178 = VERTEX_POINT ( 'NONE', #6467 ) ;
#3179 = LINE ( 'NONE', #5597, #3145 ) ;
#3180 = DIRECTION ( 'NONE',  ( -2.841279047498729900E-012, -1.993517598874519800E-013, -1.000000000000000000 ) ) ;
#3181 = DIRECTION ( 'NONE',  ( 0.0000000000000000000, 0.0000000000000000000, -1.000000000000000000 ) ) ;
#3182 = CARTESIAN_POINT ( 'NONE',  ( -17.77596270687299600, 37.51590502918248400, -43.89501498169488500 ) ) ;
#3183 = VECTOR ( 'NONE', #3432, 39.37007874015748100 ) ;
#3184 = CARTESIAN_POINT ( 'NONE',  ( -21.74423009470958900, 34.15953267596627500, -41.69267161907139800 ) ) ;
#3185 = DIRECTION ( 'NONE',  ( -1.000000000000000000, -0.0000000000000000000, 0.0000000000000000000 ) ) ;
#3186 = EDGE_LOOP ( 'NONE', ( #3034, #5393, #1219, #5310, #6801, #2058 ) ) ;
#3187 = ORIENTED_EDGE ( 'NONE', *, *, #1849, .F. ) ;
#3188 = ORIENTED_EDGE ( 'NONE', *, *, #8224, .T. ) ;
#3189 = LINE ( 'NONE', #1925, #3128 ) ;
#3190 = ADVANCED_FACE ( 'NONE', ( #5855 ), #6516, .T. ) ;
#3191 = CARTESIAN_POINT ( 'NONE',  ( -18.24369705730185100, 35.61995279317063300, -43.61765685810315300 ) ) ;
#3192 = VECTOR ( 'NONE', #6401, 39.37007874015748100 ) ;
#3193 = DIRECTION ( 'NONE',  ( -1.000000000000000000, -1.083082623645810000E-012, 1.289195296225029900E-012 ) ) ;
#3194 = CARTESIAN_POINT ( 'NONE',  ( -18.30014871118362400, 36.64752232457956900, -43.55250414185276500 ) ) ;
#3195 = ORIENTED_EDGE ( 'NONE', *, *, #8237, .F. ) ;
#3196 = ORIENTED_EDGE ( 'NONE', *, *, #624, .T. ) ;
#3197 = ORIENTED_EDGE ( 'NONE', *, *, #4659, .T. ) ;
#3198 = AXIS2_PLACEMENT_3D ( 'NONE', #7022, #4026, #9203 ) ;
#3199 = ADVANCED_FACE ( 'NONE', ( #5815 ), #6351, .T. ) ;
#3200 = EDGE_CURVE ( 'NONE', #7985, #5368, #5963, .T. ) ;
#3201 = LINE ( 'NONE', #2685, #3183 ) ;
#3202 = CARTESIAN_POINT ( 'NONE',  ( -18.28991281778759900, 35.17035938176496000, -44.53341563799252600 ) ) ;
#3203 = DIRECTION ( 'NONE',  ( -0.9975262508965792000, 0.06975383055735240300, 0.008705279707804082500 ) ) ;
#3204 = CARTESIAN_POINT ( 'NONE',  ( -18.26841952441409600, 35.54535944726143300, -40.55290783953080300 ) ) ;
#3205 = CARTESIAN_POINT ( 'NONE',  ( -18.24674082633949400, 33.69890275434644900, -41.39666102242956900 ) ) ;
#3206 = VERTEX_POINT ( 'NONE', #6331 ) ;
#3207 = ORIENTED_EDGE ( 'NONE', *, *, #7526, .T. ) ;
#3208 = DIRECTION ( 'NONE',  ( 1.000000000000000000, 1.236807744141249900E-012, -3.030489092610969900E-012 ) ) ;
#3209 = FACE_OUTER_BOUND ( 'NONE', #4526, .T. ) ;
#3210 = VECTOR ( 'NONE', #9317, 39.37007874015748100 ) ;
#3211 = CARTESIAN_POINT ( 'NONE',  ( -20.18320647280272000, 33.69890275434819000, -40.13164799701680600 ) ) ;
#3212 = CARTESIAN_POINT ( 'NONE',  ( -18.24499292099618200, 36.65388202310940400, -43.77512586423063800 ) ) ;
#3213 = EDGE_CURVE ( 'NONE', #3382, #3436, #5819, .T. ) ;
#3214 = DIRECTION ( 'NONE',  ( -0.008726535499508062200, 0.0000000000000000000, -0.9999619230641613200 ) ) ;
#3215 = ORIENTED_EDGE ( 'NONE', *, *, #2407, .T. ) ;
#3216 = CARTESIAN_POINT ( 'NONE',  ( -18.28991281778543200, 34.59956246670771700, -43.61725353927128900 ) ) ;
#3217 = ORIENTED_EDGE ( 'NONE', *, *, #6371, .T. ) ;
#3218 = EDGE_CURVE ( 'NONE', #1996, #1398, #5806, .T. ) ;
#3219 = DIRECTION ( 'NONE',  ( -1.000000000000000000, 1.264374020883690100E-012, 0.0000000000000000000 ) ) ;
#3220 = CARTESIAN_POINT ( 'NONE',  ( -18.54344269327106400, 36.71858779372287500, -43.47219917382224000 ) ) ;
#3221 = VECTOR ( 'NONE', #8592, 39.37007874015748900 ) ;
#3222 = LINE ( 'NONE', #7941, #3210 ) ;
#3223 = DIRECTION ( 'NONE',  ( -1.000000000000000000, -1.264251560247360100E-012, 0.0000000000000000000 ) ) ;
#3224 = ORIENTED_EDGE ( 'NONE', *, *, #7725, .F. ) ;
#3225 = CARTESIAN_POINT ( 'NONE',  ( -19.70899736156279800, 33.79732795118697200, -40.63164799700944500 ) ) ;
#3226 = ORIENTED_EDGE ( 'NONE', *, *, #2381, .F. ) ;
#3227 =( GEOMETRIC_REPRESENTATION_CONTEXT ( 3 ) GLOBAL_UNCERTAINTY_ASSIGNED_CONTEXT ( ( #1120 ) ) GLOBAL_UNIT_ASSIGNED_CONTEXT ( ( #442, #5582, #1171 ) ) REPRESENTATION_CONTEXT ( 'NONE', 'WORKASPACE' ) );
#3228 = CARTESIAN_POINT ( 'NONE',  ( -18.50800962240263900, 34.45480826616126500, -43.46826217024330700 ) ) ;
#3229 = B_SPLINE_CURVE_WITH_KNOTS ( 'NONE', 3,
 ( #8409, #3127, #9061, #4607 ),
 .UNSPECIFIED., .F., .F.,
 ( 4, 4 ),
 ( 0.0000000000000000000, 1.000000000000000000 ),
 .UNSPECIFIED. ) ;
#3230 =( BOUNDED_CURVE ( )  B_SPLINE_CURVE ( 3, ( #8155, #4372, #1441, #6626 ),
 .UNSPECIFIED., .F., .F. ) 
 B_SPLINE_CURVE_WITH_KNOTS ( ( 4, 4 ),
 ( 1.570796326794356500, 4.712388980385144400 ),
 .UNSPECIFIED. ) 
 CURVE ( )  GEOMETRIC_REPRESENTATION_ITEM ( )  RATIONAL_B_SPLINE_CURVE ( ( 1.000000000000000000, 0.3333333333330017500, 0.3333333333330017500, 1.000000000000000000 ) ) 
 REPRESENTATION_ITEM ( '' )  );
#3231 = VECTOR ( 'NONE', #1091, 39.37007874015748100 ) ;
#3232 = ORIENTED_EDGE ( 'NONE', *, *, #6299, .T. ) ;
#3233 = ORIENTED_EDGE ( 'NONE', *, *, #1541, .F. ) ;
#3234 = CARTESIAN_POINT ( 'NONE',  ( -18.24369705720889100, 33.72273460532667100, -43.61765685810356500 ) ) ;
#3235 = CARTESIAN_POINT ( 'NONE',  ( -18.24369705721465700, 34.59633074590579600, -41.54721393478028100 ) ) ;
#3236 = CARTESIAN_POINT ( 'NONE',  ( -19.02375765391047200, 36.66747541208421500, -40.89936453244480700 ) ) ;
#3237 = CARTESIAN_POINT ( 'NONE',  ( -18.24655147762117100, 33.69890275434652700, -41.00848489459234300 ) ) ;
#3238 = VECTOR ( 'NONE', #5567, 39.37007874015748100 ) ;
#3239 = ADVANCED_FACE ( 'NONE', ( #5780 ), #5935, .T. ) ;
#3240 = EDGE_CURVE ( 'NONE', #111, #144, #5763, .T. ) ;
#3241 = VERTEX_POINT ( 'NONE', #5783 ) ;
#3242 = CARTESIAN_POINT ( 'NONE',  ( -20.18320647280980400, 34.24319721192479400, -39.77279398064468600 ) ) ;
#3243 = ORIENTED_EDGE ( 'NONE', *, *, #2392, .F. ) ;
#3244 = AXIS2_PLACEMENT_3D ( 'NONE', #4954, #4858, #4824 ) ;
#3245 = DIRECTION ( 'NONE',  ( 2.769776749013320200E-014, -3.960965289395968200E-013, -1.000000000000000000 ) ) ;
#3246 = DIRECTION ( 'NONE',  ( 1.000000000000000000, -0.0000000000000000000, 0.0000000000000000000 ) ) ;
#3247 = DIRECTION ( 'NONE',  ( 1.264374020883690100E-012, 1.000000000000000000, -5.324186672721609600E-013 ) ) ;
#3248 = FACE_OUTER_BOUND ( 'NONE', #5374, .T. ) ;
#3249 = DIRECTION ( 'NONE',  ( 0.9999619230641614300, -1.262586227184760900E-012, 0.008726535499508063900 ) ) ;
#3250 = VERTEX_POINT ( 'NONE', #5776 ) ;
#3251 = CARTESIAN_POINT ( 'NONE',  ( -18.22581165753064500, 35.47833517565248200, -41.11162288163686900 ) ) ;
#3252 = LINE ( 'NONE', #3322, #3221 ) ;
#3253 = ORIENTED_EDGE ( 'NONE', *, *, #7552, .T. ) ;
#3254 = AXIS2_PLACEMENT_3D ( 'NONE', #5471, #3261, #6231 ) ;
#3255 = FACE_OUTER_BOUND ( 'NONE', #8994, .T. ) ;
#3256 = EDGE_CURVE ( 'NONE', #226, #331, #5953, .T. ) ;
#3257 = CARTESIAN_POINT ( 'NONE',  ( -18.24369705730066500, 36.64357484039489100, -43.61765685810326700 ) ) ;
#3258 = CARTESIAN_POINT ( 'NONE',  ( -17.74030041505735200, 35.18315472285335200, -42.18479760331219800 ) ) ;
#3259 = DIRECTION ( 'NONE',  ( 1.000000000000000000, 0.0000000000000000000, -2.653479358379120200E-013 ) ) ;
#3260 = ORIENTED_EDGE ( 'NONE', *, *, #3911, .F. ) ;
#3261 = DIRECTION ( 'NONE',  ( -2.841279047498729900E-012, -1.993517598874520100E-013, -1.000000000000000000 ) ) ;
#3262 = CYLINDRICAL_SURFACE ( 'NONE', #3254, 3.645669291338583300 ) ;
#3263 = ORIENTED_EDGE ( 'NONE', *, *, #7325, .F. ) ;
#3264 = LINE ( 'NONE', #1154, #3238 ) ;
#3265 = DIRECTION ( 'NONE',  ( 2.653479358379120200E-013, -5.152908823220420200E-024, 1.000000000000000000 ) ) ;
#3266 = CARTESIAN_POINT ( 'NONE',  ( -18.22569118971580000, 34.45138117910408900, -41.49182974520836400 ) ) ;
#3267 = CARTESIAN_POINT ( 'NONE',  ( -18.24369705730150000, 35.76997869979644700, -41.58046689462362600 ) ) ;
#3268 = CARTESIAN_POINT ( 'NONE',  ( -19.02375765390889800, 33.71465078584638100, -43.47219917382027200 ) ) ;
#3269 = VERTEX_POINT ( 'NONE', #5543 ) ;
#3270 = CARTESIAN_POINT ( 'NONE',  ( -18.69666226734315000, 36.66740669136515900, -44.92298657540433700 ) ) ;
#3271 = EDGE_LOOP ( 'NONE', ( #3604, #3715, #3804, #3893, #603 ) ) ;
#3272 = LINE ( 'NONE', #7829, #3231 ) ;
#3273 = ORIENTED_EDGE ( 'NONE', *, *, #2367, .F. ) ;
#3274 = DIRECTION ( 'NONE',  ( 0.0000000000000000000, 0.06975647374436445800, 0.9975640502598075400 ) ) ;
#3275 = PLANE ( 'NONE',  #3198 ) ;
#3276 = VERTEX_POINT ( 'NONE', #5573 ) ;
#3277 = PLANE ( 'NONE',  #4385 ) ;
#3278 = ORIENTED_EDGE ( 'NONE', *, *, #6076, .T. ) ;
#3279 = FACE_OUTER_BOUND ( 'NONE', #7268, .T. ) ;
#3280 = EDGE_CURVE ( 'NONE', #4083, #3718, #5735, .T. ) ;
#3281 = CARTESIAN_POINT ( 'NONE',  ( -17.71465293941996300, 33.65528093473621900, -44.26550626043622600 ) ) ;
#3282 = AXIS2_PLACEMENT_3D ( 'NONE', #5249, #5153, #5287 ) ;
#3283 = ADVANCED_FACE ( 'NONE', ( #5837 ), #5455, .T. ) ;
#3284 = DIRECTION ( 'NONE',  ( -1.000000000000000000, 1.264251560247360100E-012, -0.0000000000000000000 ) ) ;
#3285 = PLANE ( 'NONE',  #4350 ) ;
#3286 = ORIENTED_EDGE ( 'NONE', *, *, #7993, .T. ) ;
#3287 = CARTESIAN_POINT ( 'NONE',  ( -19.70899736156062700, 35.84457204569830700, -44.61196295335354000 ) ) ;
#3288 = DIRECTION ( 'NONE',  ( -1.000000000000000000, 1.264251560246800100E-012, -2.841279047499280000E-012 ) ) ;
#3289 = ORIENTED_EDGE ( 'NONE', *, *, #11, .T. ) ;
#3290 = CARTESIAN_POINT ( 'NONE',  ( -18.56017497673326800, 36.71858779372264100, -40.89936453244488500 ) ) ;
#3291 = CARTESIAN_POINT ( 'NONE',  ( -18.05131670902036600, 33.65528093473830000, -42.58243539858877100 ) ) ;
#3292 = DIRECTION ( 'NONE',  ( 5.664139784502151000E-025, -1.000000000000000000, 1.993517598874519800E-013 ) ) ;
#3293 = LINE ( 'NONE', #6436, #3098 ) ;
#3294 = AXIS2_PLACEMENT_3D ( 'NONE', #5509, #5446, #5419 ) ;
#3295 = DIRECTION ( 'NONE',  ( -1.000000000000000000, -1.083082623645810000E-012, 1.289195296225029900E-012 ) ) ;
#3296 = ORIENTED_EDGE ( 'NONE', *, *, #5703, .T. ) ;
#3297 = CARTESIAN_POINT ( 'NONE',  ( -18.28991281778556300, 36.20677677010874600, -44.14838027618849000 ) ) ;
#3298 = VERTEX_POINT ( 'NONE', #5479 ) ;
#3299 = EDGE_CURVE ( 'NONE', #4269, #4191, #5712, .T. ) ;
#3300 = VECTOR ( 'NONE', #5503, 39.37007874015748900 ) ;
#3301 = VECTOR ( 'NONE', #7903, 39.37007874015748100 ) ;
#3302 = CARTESIAN_POINT ( 'NONE',  ( -19.22775575334244300, 35.49811535277722600, -39.95448264269448700 ) ) ;
#3303 = CARTESIAN_POINT ( 'NONE',  ( -18.27270434439574800, 35.68091126603206200, -40.61177466149015200 ) ) ;
#3304 = VERTEX_POINT ( 'NONE', #5347 ) ;
#3305 = CARTESIAN_POINT ( 'NONE',  ( -18.20367755054606800, 33.97355596898863400, -41.01644874439016100 ) ) ;
#3306 = EDGE_LOOP ( 'NONE', ( #1103, #1177, #1611, #1673, #1718, #1782 ) ) ;
#3307 = ORIENTED_EDGE ( 'NONE', *, *, #2118, .T. ) ;
#3308 = LINE ( 'NONE', #367, #3300 ) ;
#3309 = CARTESIAN_POINT ( 'NONE',  ( -18.29768877718216300, 35.84457204569831400, -44.92298657540593600 ) ) ;
#3310 = AXIS2_PLACEMENT_3D ( 'NONE', #4328, #4321, #4312 ) ;
#3311 = CARTESIAN_POINT ( 'NONE',  ( -18.97454505548055100, 33.79732795118697200, -40.55290783953070400 ) ) ;
#3312 = LINE ( 'NONE', #5637, #3192 ) ;
#3313 = VERTEX_POINT ( 'NONE', #5411 ) ;
#3314 = CARTESIAN_POINT ( 'NONE',  ( -18.28991281778543200, 34.74312493175244000, -43.61725353927132400 ) ) ;
#3315 = ORIENTED_EDGE ( 'NONE', *, *, #7590, .T. ) ;
#3316 = CARTESIAN_POINT ( 'NONE',  ( -18.20761632474372900, 36.06043327199177600, -43.67288331071901600 ) ) ;
#3317 = DIRECTION ( 'NONE',  ( -1.000000000000000000, 0.0000000000000000000, 2.841499533867840700E-012 ) ) ;
#3318 = CARTESIAN_POINT ( 'NONE',  ( -18.24369705730082100, 36.64357484039488400, -43.67319818250193500 ) ) ;
#3319 = VECTOR ( 'NONE', #9137, 39.37007874015748900 ) ;
#3320 = LINE ( 'NONE', #5607, #3327 ) ;
#3321 = CARTESIAN_POINT ( 'NONE',  ( -19.70899736155803300, 33.79732795120382600, -44.53322279587441600 ) ) ;
#3322 = CARTESIAN_POINT ( 'NONE',  ( -18.90171040981602600, 33.70096437619630300, -41.38967602996771700 ) ) ;
#3323 = DIRECTION ( 'NONE',  ( 0.01745240643891090400, -0.9998476951563628500, 1.497342409062740100E-013 ) ) ;
#3324 = ORIENTED_EDGE ( 'NONE', *, *, #8238, .T. ) ;
#3325 = ORIENTED_EDGE ( 'NONE', *, *, #7264, .T. ) ;
#3326 = EDGE_CURVE ( 'NONE', #5937, #491, #5698, .T. ) ;
#3327 = VECTOR ( 'NONE', #4857, 39.37007874015748100 ) ;
#3328 = DIRECTION ( 'NONE',  ( -0.0000000000000000000, -1.000000000000000000, -0.0000000000000000000 ) ) ;
#3329 = LINE ( 'NONE', #8509, #3376 ) ;
#3330 = VECTOR ( 'NONE', #3328, 39.37007874015748100 ) ;
#3331 = PLANE ( 'NONE',  #2377 ) ;
#3332 = ADVANCED_FACE ( 'NONE', ( #5709 ), #5672, .T. ) ;
#3333 = VERTEX_POINT ( 'NONE', #5123 ) ;
#3334 = ORIENTED_EDGE ( 'NONE', *, *, #3326, .T. ) ;
#3335 = DIRECTION ( 'NONE',  ( -1.000000000000000000, 1.264374020883690100E-012, 0.0000000000000000000 ) ) ;
#3336 = CARTESIAN_POINT ( 'NONE',  ( -20.18320647280513200, 34.24319721192480900, -39.77279398064470000 ) ) ;
#3337 = AXIS2_PLACEMENT_3D ( 'NONE', #5845, #5839, #5811 ) ;
#3338 = CARTESIAN_POINT ( 'NONE',  ( -18.24369705730149200, 35.76997869979646800, -41.49167261038275700 ) ) ;
#3339 = LINE ( 'NONE', #2494, #3348 ) ;
#3340 = LINE ( 'NONE', #4113, #3301 ) ;
#3341 = CARTESIAN_POINT ( 'NONE',  ( -18.24369705721264600, 35.76997869980609600, -43.67319818250096100 ) ) ;
#3342 = CARTESIAN_POINT ( 'NONE',  ( -18.21667103973282300, 34.15953267562063200, -44.04601807146378400 ) ) ;
#3343 = ORIENTED_EDGE ( 'NONE', *, *, #7842, .T. ) ;
#3344 = ORIENTED_EDGE ( 'NONE', *, *, #6150, .T. ) ;
#3345 = CARTESIAN_POINT ( 'NONE',  ( -20.00866194114661700, 35.18435698181507800, -45.03322279586771500 ) ) ;
#3346 = B_SPLINE_CURVE_WITH_KNOTS ( 'NONE', 3,
 ( #8065, #7241, #9421, #5011 ),
 .UNSPECIFIED., .F., .F.,
 ( 4, 4 ),
 ( 1.723076953851313800E-013, 0.01170252219536412200 ),
 .UNSPECIFIED. ) ;
#3347 = DIRECTION ( 'NONE',  ( -0.0000000000000000000, -1.000000000000000000, -0.0000000000000000000 ) ) ;
#3348 = VECTOR ( 'NONE', #7765, 39.37007874015748100 ) ;
#3349 = CARTESIAN_POINT ( 'NONE',  ( -18.12582475745362800, 36.65180193507372100, -41.63721952697504500 ) ) ;
#3350 = CARTESIAN_POINT ( 'NONE',  ( -19.08674977989653600, 34.14185269900373500, -40.94267161906181200 ) ) ;
#3351 = CARTESIAN_POINT ( 'NONE',  ( -18.22016794196220600, 35.18983864249926100, -44.04601807146374200 ) ) ;
#3352 = ORIENTED_EDGE ( 'NONE', *, *, #6542, .T. ) ;
#3353 = CARTESIAN_POINT ( 'NONE',  ( -20.06903324446283300, 34.78551692757807200, -40.12377398126299300 ) ) ;
#3354 = ORIENTED_EDGE ( 'NONE', *, *, #1144, .T. ) ;
#3355 = EDGE_CURVE ( 'NONE', #226, #14, #5678, .T. ) ;
#3356 = CARTESIAN_POINT ( 'NONE',  ( -18.12382062248960700, 35.61157021624783400, -41.63725450928063800 ) ) ;
#3357 = AXIS2_PLACEMENT_3D ( 'NONE', #6412, #6402, #6366 ) ;
#3358 = DIRECTION ( 'NONE',  ( -0.0000000000000000000, -1.000000000000000000, -0.0000000000000000000 ) ) ;
#3359 = CARTESIAN_POINT ( 'NONE',  ( -19.08674977989523900, 35.54535944726082900, -40.63164799701023400 ) ) ;
#3360 = EDGE_CURVE ( 'NONE', #5368, #5434, #5771, .T. ) ;
#3361 = LINE ( 'NONE', #6194, #3319 ) ;
#3362 = ORIENTED_EDGE ( 'NONE', *, *, #7673, .T. ) ;
#3363 = CARTESIAN_POINT ( 'NONE',  ( -18.30464310560795500, 35.78146760572114700, -44.92298657540595000 ) ) ;
#3364 = ORIENTED_EDGE ( 'NONE', *, *, #7537, .F. ) ;
#3365 = DIRECTION ( 'NONE',  ( 0.0000000000000000000, 0.0000000000000000000, -1.000000000000000000 ) ) ;
#3366 = CARTESIAN_POINT ( 'NONE',  ( -18.28991281778759900, 35.76674697899860400, -41.63435535922790400 ) ) ;
#3367 = CARTESIAN_POINT ( 'NONE',  ( -18.26766403427865300, 33.69890275434662600, -40.62088329239359300 ) ) ;
#3368 = FACE_OUTER_BOUND ( 'NONE', #1264, .T. ) ;
#3369 = AXIS2_PLACEMENT_3D ( 'NONE', #6579, #6683, #6528 ) ;
#3370 = CARTESIAN_POINT ( 'NONE',  ( -18.67884231677417600, 34.58083963631031600, -40.55290783953110200 ) ) ;
#3371 = CARTESIAN_POINT ( 'NONE',  ( -18.21667103958929700, 36.35284041473169500, -41.54697808229789800 ) ) ;
#3372 = EDGE_CURVE ( 'NONE', #4046, #4104, #5696, .T. ) ;
#3373 = ORIENTED_EDGE ( 'NONE', *, *, #7262, .T. ) ;
#3374 = SURFACE_SIDE_STYLE ('',( #8895 ) ) ;
#3375 = DIRECTION ( 'NONE',  ( -0.9974128555598494900, 0.06974590118207126000, 0.01740990615274909000 ) ) ;
#3376 = VECTOR ( 'NONE', #9163, 39.37007874015748100 ) ;
#3377 = DIRECTION ( 'NONE',  ( 0.0000000000000000000, 0.0000000000000000000, -1.000000000000000000 ) ) ;
#3378 = ORIENTED_EDGE ( 'NONE', *, *, #8112, .F. ) ;
#3379 = VECTOR ( 'NONE', #8456, 39.37007874015748100 ) ;
#3380 = CARTESIAN_POINT ( 'NONE',  ( -17.71312903940905400, 33.65528093473621900, -41.70354544469075400 ) ) ;
#3381 = CARTESIAN_POINT ( 'NONE',  ( -19.08674977989653600, 34.66861072953575000, -40.55290783953070400 ) ) ;
#3382 = VERTEX_POINT ( 'NONE', #4908 ) ;
#3383 = CARTESIAN_POINT ( 'NONE',  ( -18.28991281778773000, 36.20677677009133800, -41.01649051669615900 ) ) ;
#3384 = CARTESIAN_POINT ( 'NONE',  ( -18.12382062240269000, 34.75473922945451500, -42.59227791761020400 ) ) ;
#3385 = ADVANCED_FACE ( 'NONE', ( #5621 ), #4921, .T. ) ;
#3386 = EDGE_CURVE ( 'NONE', #2346, #1702, #5604, .T. ) ;
#3387 = CARTESIAN_POINT ( 'NONE',  ( -18.20761632474076900, 34.01318917751241600, -43.67288331071858900 ) ) ;
#3388 = ORIENTED_EDGE ( 'NONE', *, *, #6721, .T. ) ;
#3389 = VECTOR ( 'NONE', #998, 39.37007874015748100 ) ;
#3390 = PLANE ( 'NONE',  #2057 ) ;
#3391 = ORIENTED_EDGE ( 'NONE', *, *, #7809, .T. ) ;
#3392 = DIRECTION ( 'NONE',  ( 1.000000000000000000, -0.0000000000000000000, 0.0000000000000000000 ) ) ;
#3393 = CARTESIAN_POINT ( 'NONE',  ( -18.21667103973412000, 35.18315472286472800, -44.04601807146378400 ) ) ;
#3394 = DIRECTION ( 'NONE',  ( 1.281026566875212200E-012, 0.0000000000000000000, 1.000000000000000000 ) ) ;
#3395 = PLANE ( 'NONE',  #1483 ) ;
#3396 = ORIENTED_EDGE ( 'NONE', *, *, #4918, .T. ) ;
#3397 = DIRECTION ( 'NONE',  ( 1.000000000000000000, 0.0000000000000000000, -0.0000000000000000000 ) ) ;
#3398 = ORIENTED_EDGE ( 'NONE', *, *, #6047, .T. ) ;
#3399 = LINE ( 'NONE', #8482, #3379 ) ;
#3400 = ORIENTED_EDGE ( 'NONE', *, *, #7523, .T. ) ;
#3401 = DIRECTION ( 'NONE',  ( 1.000000000000000000, 1.083082623645810000E-012, -1.289195296225029900E-012 ) ) ;
#3402 = CARTESIAN_POINT ( 'NONE',  ( -18.24980009187916600, 35.30388963123070300, -44.61196295335334800 ) ) ;
#3403 = DIRECTION ( 'NONE',  ( 0.0000000000000000000, 0.06975647374392629500, -0.9975640502598380800 ) ) ;
#3404 = CARTESIAN_POINT ( 'NONE',  ( -18.31001487014255200, 33.69890275434675400, -40.23502431714838700 ) ) ;
#3405 = EDGE_CURVE ( 'NONE', #3533, #7832, #5950, .T. ) ;
#3406 = VERTEX_POINT ( 'NONE', #4808 ) ;
#3407 = EDGE_CURVE ( 'NONE', #58, #14, #5795, .T. ) ;
#3408 = DIRECTION ( 'NONE',  ( 0.9998476951563627400, -0.01745240643891090100, -0.0000000000000000000 ) ) ;
#3409 = ORIENTED_EDGE ( 'NONE', *, *, #7911, .T. ) ;
#3410 = CARTESIAN_POINT ( 'NONE',  ( -18.21667103958945000, 36.20677677045451000, -41.49190846286628400 ) ) ;
#3411 = FACE_OUTER_BOUND ( 'NONE', #785, .T. ) ;
#3412 = CARTESIAN_POINT ( 'NONE',  ( -18.28991281778556300, 34.15953267562055400, -44.14838027618809200 ) ) ;
#3413 = VECTOR ( 'NONE', #6297, 39.37007874015748100 ) ;
#3414 = AXIS2_PLACEMENT_3D ( 'NONE', #346, #1075, #6248 ) ;
#3415 = ORIENTED_EDGE ( 'NONE', *, *, #2857, .F. ) ;
#3416 = ORIENTED_EDGE ( 'NONE', *, *, #6247, .T. ) ;
#3417 = EDGE_CURVE ( 'NONE', #4253, #4121, #5612, .T. ) ;
#3418 = DIRECTION ( 'NONE',  ( -1.063177159668880100E-012, -0.9975640502598381900, -0.06975647374392630900 ) ) ;
#3419 = DIRECTION ( 'NONE',  ( 0.0000000000000000000, 0.0000000000000000000, 1.000000000000000000 ) ) ;
#3420 = LINE ( 'NONE', #2591, #3330 ) ;
#3421 = CARTESIAN_POINT ( 'NONE',  ( -18.22016794196284600, 35.18315472286396100, -44.04601807146377700 ) ) ;
#3422 = PLANE ( 'NONE',  #4425 ) ;
#3423 = VERTEX_POINT ( 'NONE', #4634 ) ;
#3424 = ORIENTED_EDGE ( 'NONE', *, *, #8323, .T. ) ;
#3425 = CARTESIAN_POINT ( 'NONE',  ( -19.96853923815954000, 36.66740669136515900, -44.92298657540401800 ) ) ;
#3426 = CARTESIAN_POINT ( 'NONE',  ( -18.27021988257366300, 36.04919785073142400, -44.96286993381378500 ) ) ;
#3427 = ORIENTED_EDGE ( 'NONE', *, *, #8251, .F. ) ;
#3428 = CARTESIAN_POINT ( 'NONE',  ( -19.08674977989523900, 34.82094999844449000, -40.55290783953070400 ) ) ;
#3429 = VECTOR ( 'NONE', #3168, 39.37007874015748100 ) ;
#3430 = EDGE_CURVE ( 'NONE', #58, #331, #5587, .T. ) ;
#3431 = AXIS2_PLACEMENT_3D ( 'NONE', #7996, #6643, #6613 ) ;
#3432 = DIRECTION ( 'NONE',  ( -0.0000000000000000000, 1.000000000000000000, 0.0000000000000000000 ) ) ;
#3433 = CARTESIAN_POINT ( 'NONE',  ( -18.28991281778543200, 35.62318451395729800, -43.53051543365646800 ) ) ;
#3434 = ORIENTED_EDGE ( 'NONE', *, *, #3766, .T. ) ;
#3435 = EDGE_LOOP ( 'NONE', ( #8981, #8995, #9005, #9024, #9034, #9071 ) ) ;
#3436 = VERTEX_POINT ( 'NONE', #4417 ) ;
#3437 = ADVANCED_FACE ( 'NONE', ( #5559 ), #5542, .T. ) ;
#3438 = CARTESIAN_POINT ( 'NONE',  ( -20.18320647280272000, 36.66740669135917600, -42.58243539644212900 ) ) ;
#3439 = LINE ( 'NONE', #9104, #3455 ) ;
#3440 = VECTOR ( 'NONE', #2559, 39.37007874015748100 ) ;
#3441 = DIRECTION ( 'NONE',  ( 0.9975262508968725200, 0.06975383055312071900, -0.008705279708098040100 ) ) ;
#3442 = ORIENTED_EDGE ( 'NONE', *, *, #3993, .T. ) ;
#3443 = CARTESIAN_POINT ( 'NONE',  ( -18.28991281778759900, 35.17035938176496000, -44.53341563799252600 ) ) ;
#3444 = VERTEX_POINT ( 'NONE', #4167 ) ;
#3445 = DIRECTION ( 'NONE',  ( -1.000000000000000000, -0.0000000000000000000, 0.0000000000000000000 ) ) ;
#3446 = EDGE_CURVE ( 'NONE', #69, #12, #5736, .T. ) ;
#3447 = LINE ( 'NONE', #271, #3389 ) ;
#3448 = LINE ( 'NONE', #4791, #3413 ) ;
#3449 = CARTESIAN_POINT ( 'NONE',  ( -20.18517497674260100, 36.69299724253402000, -40.89936453244803300 ) ) ;
#3450 = CARTESIAN_POINT ( 'NONE',  ( -20.18320647280745600, 35.69496574648009400, -45.16708106358944300 ) ) ;
#3451 =( BOUNDED_CURVE ( )  B_SPLINE_CURVE ( 3, ( #7172, #6429, #7208, #2716 ),
 .UNSPECIFIED., .F., .F. ) 
 B_SPLINE_CURVE_WITH_KNOTS ( ( 4, 4 ),
 ( 6.024426902388183800, 6.214896950594019900 ),
 .UNSPECIFIED. ) 
 CURVE ( )  GEOMETRIC_REPRESENTATION_ITEM ( )  RATIONAL_B_SPLINE_CURVE ( ( 1.000000000000000000, 0.9969790476939037700, 0.9969790476939037700, 1.000000000000000000 ) ) 
 REPRESENTATION_ITEM ( '' )  );
#3452 = VERTEX_POINT ( 'NONE', #4217 ) ;
#3453 = CARTESIAN_POINT ( 'NONE',  ( -18.22782331422517600, 35.03542027077396900, -44.33665669891568200 ) ) ;
#3454 = ORIENTED_EDGE ( 'NONE', *, *, #2914, .T. ) ;
#3455 = VECTOR ( 'NONE', #4653, 39.37007874015748100 ) ;
#3456 = CARTESIAN_POINT ( 'NONE',  ( -18.28991281778759900, 35.17035938176496000, -40.55290783953110200 ) ) ;
#3458 = CARTESIAN_POINT ( 'NONE',  ( -20.12245564180839000, 35.80913897482664500, -45.16708106358969100 ) ) ;
#3457 = VECTOR ( 'NONE', #2529, 39.37007874015748900 ) ;
#3459 = EDGE_CURVE ( 'NONE', #3951, #2192, #5529, .T. ) ;
#3460 = VERTEX_POINT ( 'NONE', #3918 ) ;
#3461 = VERTEX_POINT ( 'NONE', #3884 ) ;
#3462 = EDGE_CURVE ( 'NONE', #4384, #4284, #5625, .T. ) ;
#3463 = B_SPLINE_CURVE_WITH_KNOTS ( 'NONE', 3,
 ( #6183, #1015, #6963, #2482 ),
 .UNSPECIFIED., .F., .F.,
 ( 4, 4 ),
 ( 0.009200000008934061700, 0.01840000000016883700 ),
 .UNSPECIFIED. ) ;
#3464 = DIRECTION ( 'NONE',  ( -1.000000000000000000, -0.0000000000000000000, -0.0000000000000000000 ) ) ;
#3465 = PLANE ( 'NONE',  #3062 ) ;
#3466 = CARTESIAN_POINT ( 'NONE',  ( -18.22670935575725400, 33.85168341417460900, -41.39667079359533400 ) ) ;
#3467 = CYLINDRICAL_SURFACE ( 'NONE', #2514, 3.645669291338583300 ) ;
#3468 = ORIENTED_EDGE ( 'NONE', *, *, #8283, .F. ) ;
#3469 = CARTESIAN_POINT ( 'NONE',  ( -20.13399387438224200, 36.71858779372193000, -44.33637240216889800 ) ) ;
#3470 = ORIENTED_EDGE ( 'NONE', *, *, #2771, .F. ) ;
#3471 = AXIS2_PLACEMENT_3D ( 'NONE', #8049, #8071, #8083 ) ;
#3472 = EDGE_CURVE ( 'NONE', #69, #9482, #5553, .T. ) ;
#3473 = EDGE_CURVE ( 'NONE', #9511, #9482, #5339, .T. ) ;
#3474 = LINE ( 'NONE', #1703, #3429 ) ;
#3475 = DIRECTION ( 'NONE',  ( -1.000000000000000000, 1.264420666934208900E-012, 0.0000000000000000000 ) ) ;
#3476 = ORIENTED_EDGE ( 'NONE', *, *, #2432, .F. ) ;
#3477 = ORIENTED_EDGE ( 'NONE', *, *, #3049, .T. ) ;
#3478 = ADVANCED_FACE ( 'NONE', ( #5584 ), #3465, .F. ) ;
#3479 = PLANE ( 'NONE',  #7382 ) ;
#3480 = LINE ( 'NONE', #3381, #3501 ) ;
#3481 =( BOUNDED_CURVE ( )  B_SPLINE_CURVE ( 3, ( #8445, #3901, #4639, #258 ),
 .UNSPECIFIED., .F., .F. ) 
 B_SPLINE_CURVE_WITH_KNOTS ( ( 4, 4 ),
 ( 0.06828835659189859400, 0.2587584047977513600 ),
 .UNSPECIFIED. ) 
 CURVE ( )  GEOMETRIC_REPRESENTATION_ITEM ( )  RATIONAL_B_SPLINE_CURVE ( ( 1.000000000000000000, 0.9969790476939032200, 0.9969790476939032200, 1.000000000000000000 ) ) 
 REPRESENTATION_ITEM ( '' )  );
#3482 = EDGE_CURVE ( 'NONE', #9511, #12, #5472, .T. ) ;
#3483 = CARTESIAN_POINT ( 'NONE',  ( -20.12441914996099600, 36.12311223378712600, -45.39207681223993500 ) ) ;
#3484 = VERTEX_POINT ( 'NONE', #3366 ) ;
#3485 = PLANE ( 'NONE',  #1789 ) ;
#3486 = CARTESIAN_POINT ( 'NONE',  ( -18.54344269327157600, 36.65909148325931000, -41.50054669389015800 ) ) ;
#3487 = AXIS2_PLACEMENT_3D ( 'NONE', #7535, #7504, #7475 ) ;
#3488 = FACE_OUTER_BOUND ( 'NONE', #1064, .T. ) ;
#3489 = ORIENTED_EDGE ( 'NONE', *, *, #1034, .F. ) ;
#3490 = CARTESIAN_POINT ( 'NONE',  ( -20.12396705855964600, 35.80913897482670900, -45.34027226887607000 ) ) ;
#3491 = DIRECTION ( 'NONE',  ( 0.0000000000000000000, 1.000000000000000000, 0.0000000000000000000 ) ) ;
#3492 = VERTEX_POINT ( 'NONE', #3349 ) ;
#3493 = VECTOR ( 'NONE', #2643, 39.37007874015748100 ) ;
#3494 = EDGE_LOOP ( 'NONE', ( #1417, #5743, #7106, #2258 ) ) ;
#3495 = EDGE_CURVE ( 'NONE', #4151, #4284, #5474, .T. ) ;
#3496 = DIRECTION ( 'NONE',  ( 0.0000000000000000000, -0.0000000000000000000, 1.000000000000000000 ) ) ;
#3497 = VECTOR ( 'NONE', #4358, 39.37007874015748100 ) ;
#3498 = ORIENTED_EDGE ( 'NONE', *, *, #47, .F. ) ;
#3499 = ORIENTED_EDGE ( 'NONE', *, *, #6242, .T. ) ;
#3500 = B_SPLINE_CURVE_WITH_KNOTS ( 'NONE', 3,
 ( #1692, #6116, #7685, #3155 ),
 .UNSPECIFIED., .F., .F.,
 ( 4, 4 ),
 ( 0.0000000000000000000, 1.000000000000000000 ),
 .UNSPECIFIED. ) ;
#3501 = VECTOR ( 'NONE', #3134, 39.37007874015748100 ) ;
#3502 = ORIENTED_EDGE ( 'NONE', *, *, #5818, .F. ) ;
#3503 = CARTESIAN_POINT ( 'NONE',  ( -19.02375765390548800, 33.65528093473621900, -43.62771098485039500 ) ) ;
#3504 = VERTEX_POINT ( 'NONE', #3236 ) ;
#3505 = CARTESIAN_POINT ( 'NONE',  ( -18.27996288974367500, 34.72252480158875400, -40.55290783953110900 ) ) ;
#3506 = CARTESIAN_POINT ( 'NONE',  ( -20.12403041421657300, 35.91528519221555600, -45.34753210806481900 ) ) ;
#3507 = ORIENTED_EDGE ( 'NONE', *, *, #2752, .T. ) ;
#3508 = CARTESIAN_POINT ( 'NONE',  ( -18.28991281778759900, 34.74312493175456500, -44.53341563799252600 ) ) ;
#3509 = VECTOR ( 'NONE', #8644, 39.37007874015748100 ) ;
#3510 = DIRECTION ( 'NONE',  ( -0.9998096356152026400, 0.01745174210222446800, 0.008725206507196445500 ) ) ;
#3511 = CARTESIAN_POINT ( 'NONE',  ( -18.90171040981456600, 36.66740669136469000, -44.40330153602968700 ) ) ;
#3512 = CARTESIAN_POINT ( 'NONE',  ( -19.08674977989177200, 33.79732795120382600, -44.61196295335354700 ) ) ;
#3513 = ORIENTED_EDGE ( 'NONE', *, *, #2928, .T. ) ;
#3514 = DIRECTION ( 'NONE',  ( -1.000000000000000000, -0.0000000000000000000, -0.0000000000000000000 ) ) ;
#3515 = CARTESIAN_POINT ( 'NONE',  ( -18.21667103958945000, 36.20677677045451000, -41.49190846286628400 ) ) ;
#3516 = VERTEX_POINT ( 'NONE', #3139 ) ;
#3517 = LINE ( 'NONE', #4871, #3493 ) ;
#3518 = AXIS2_PLACEMENT_3D ( 'NONE', #8105, #7154, #6990 ) ;
#3519 = EDGE_CURVE ( 'NONE', #37, #9465, #5290, .T. ) ;
#3520 = ADVANCED_FACE ( 'NONE', ( #5464 ), #5236, .T. ) ;
#3521 = EDGE_CURVE ( 'NONE', #9465, #9435, #5439, .T. ) ;
#3522 = LINE ( 'NONE', #9226, #3440 ) ;
#3523 = CARTESIAN_POINT ( 'NONE',  ( -20.18320647280272000, 33.72547749199693400, -44.33637240217047500 ) ) ;
#3524 = ORIENTED_EDGE ( 'NONE', *, *, #8354, .T. ) ;
#3525 = ORIENTED_EDGE ( 'NONE', *, *, #6177, .T. ) ;
#3526 = DIRECTION ( 'NONE',  ( -1.264251560247360100E-012, -1.000000000000000000, 1.993517598846150100E-013 ) ) ;
#3527 = CARTESIAN_POINT ( 'NONE',  ( -18.24369705730149200, 35.76997869979646800, -41.49167261038275700 ) ) ;
#3528 = CARTESIAN_POINT ( 'NONE',  ( -20.17926946493980400, 35.18435698181507800, -45.03322279586771500 ) ) ;
#3529 = VECTOR ( 'NONE', #6267, 39.37007874015748100 ) ;
#3530 = AXIS2_PLACEMENT_3D ( 'NONE', #7782, #3246, #8522 ) ;
#3531 = VERTEX_POINT ( 'NONE', #2705 ) ;
#3532 = ORIENTED_EDGE ( 'NONE', *, *, #2972, .T. ) ;
#3533 = VERTEX_POINT ( 'NONE', #3212 ) ;
#3534 = VECTOR ( 'NONE', #2033, 39.37007874015748100 ) ;
#3535 = CARTESIAN_POINT ( 'NONE',  ( -18.27996288965235300, 35.64378464412646300, -40.55290783953109500 ) ) ;
#3536 = DIRECTION ( 'NONE',  ( 0.0000000000000000000, -0.0000000000000000000, 1.000000000000000000 ) ) ;
#3537 = LINE ( 'NONE', #7012, #3529 ) ;
#3538 = CARTESIAN_POINT ( 'NONE',  ( -18.32223743853708700, 35.70886147732523600, -44.95701969118583500 ) ) ;
#3539 = CARTESIAN_POINT ( 'NONE',  ( -18.19304899248106000, 36.71858779372261200, -42.58243539858907700 ) ) ;
#3540 = CARTESIAN_POINT ( 'NONE',  ( -17.75398663348459400, 35.18315472285336700, -42.58243539858782600 ) ) ;
#3541 = CARTESIAN_POINT ( 'NONE',  ( -18.24499292099618200, 36.65388202310941100, -43.77512586423063800 ) ) ;
#3542 = ORIENTED_EDGE ( 'NONE', *, *, #8167, .T. ) ;
#3543 = EDGE_LOOP ( 'NONE', ( #1816, #1882, #1951, #2015, #2077, #2473 ) ) ;
#3544 = EDGE_CURVE ( 'NONE', #9435, #9405, #5140, .T. ) ;
#3545 = CARTESIAN_POINT ( 'NONE',  ( -18.25597381780777800, 34.94168490670218600, -44.61196295335335500 ) ) ;
#3546 = CARTESIAN_POINT ( 'NONE',  ( -19.05599968172374000, 35.64378464412362000, -44.61196295335354000 ) ) ;
#3547 = LINE ( 'NONE', #423, #3497 ) ;
#3548 = CIRCLE ( 'NONE', #657, 0.1023622047244069200 ) ;
#3549 = ORIENTED_EDGE ( 'NONE', *, *, #6808, .F. ) ;
#3550 = ORIENTED_EDGE ( 'NONE', *, *, #2887, .T. ) ;
#3551 = LINE ( 'NONE', #9298, #3509 ) ;
#3552 = FACE_OUTER_BOUND ( 'NONE', #3647, .T. ) ;
#3553 = DIRECTION ( 'NONE',  ( 0.0000000000000000000, 1.000000000000000000, 0.0000000000000000000 ) ) ;
#3554 = CARTESIAN_POINT ( 'NONE',  ( -18.22569118974302800, 35.91492826683447200, -41.49182974520839900 ) ) ;
#3555 = B_SPLINE_CURVE_WITH_KNOTS ( 'NONE', 3,
 ( #2268, #5200, #4486, #99 ),
 .UNSPECIFIED., .F., .F.,
 ( 4, 4 ),
 ( 1.656614962371774500E-014, 0.0005502980914547164800 ),
 .UNSPECIFIED. ) ;
#3556 = VERTEX_POINT ( 'NONE', #1987 ) ;
#3557 = ORIENTED_EDGE ( 'NONE', *, *, #4773, .T. ) ;
#3558 = CARTESIAN_POINT ( 'NONE',  ( -18.24762463426313600, 34.46666007746232900, -44.54543732384654200 ) ) ;
#3559 = DIRECTION ( 'NONE',  ( 1.000000000000000000, -0.0000000000000000000, 0.0000000000000000000 ) ) ;
#3560 = CARTESIAN_POINT ( 'NONE',  ( -18.21667103958945000, 36.06071312593255100, -41.49190846286625600 ) ) ;
#3561 = ADVANCED_FACE ( 'NONE', ( #5415 ), #2655, .T. ) ;
#3562 = DIRECTION ( 'NONE',  ( 1.000000000000000000, -1.264251560246800100E-012, 2.841279047499280000E-012 ) ) ;
#3563 = EDGE_LOOP ( 'NONE', ( #1990, #7548, #8126, #2860 ) ) ;
#3564 = DIRECTION ( 'NONE',  ( -0.0000000000000000000, -1.000000000000000000, -0.0000000000000000000 ) ) ;
#3565 = EDGE_LOOP ( 'NONE', ( #2780, #2833, #2912, #2979, #3409, #3507 ) ) ;
#3566 = CARTESIAN_POINT ( 'NONE',  ( -18.27158823067575000, 35.36913142947307900, -44.96271604021379200 ) ) ;
#3567 = CARTESIAN_POINT ( 'NONE',  ( -19.38112961815110300, 36.56898149452492700, -44.53322279587480600 ) ) ;
#3568 = CARTESIAN_POINT ( 'NONE',  ( -18.54344269326881900, 33.65528093473621900, -41.68998048601496700 ) ) ;
#3569 = CARTESIAN_POINT ( 'NONE',  ( -18.23764903243544200, 34.15953267562076700, -44.54606092462788100 ) ) ;
#3570 = CARTESIAN_POINT ( 'NONE',  ( -20.17926946493981100, 34.86819409293364200, -45.03322279586761600 ) ) ;
#3571 = CARTESIAN_POINT ( 'NONE',  ( -18.22739499834501600, 35.18991318809018100, -44.25074248091261400 ) ) ;
#3572 = LINE ( 'NONE', #4263, #3595 ) ;
#3573 = EDGE_CURVE ( 'NONE', #4284, #4269, #5407, .T. ) ;
#3574 = ORIENTED_EDGE ( 'NONE', *, *, #5418, .T. ) ;
#3575 = CARTESIAN_POINT ( 'NONE',  ( -18.64537774984130200, 34.72252480158543600, -44.61196295335354000 ) ) ;
#3576 = CARTESIAN_POINT ( 'NONE',  ( -18.30875953088461500, 35.74998962035561300, -44.92298657540546000 ) ) ;
#3577 = ORIENTED_EDGE ( 'NONE', *, *, #2942, .F. ) ;
#3578 = DIRECTION ( 'NONE',  ( 0.0000000000000000000, 1.000000000000000000, 0.0000000000000000000 ) ) ;
#3579 = CARTESIAN_POINT ( 'NONE',  ( -19.86824584288818900, 35.11029687654578900, -39.92733684777913100 ) ) ;
#3580 =( BOUNDED_SURFACE ( )  B_SPLINE_SURFACE ( 3, 3, ( 
 ( #2112, #7342, #3569, #8815 ),
 ( #4338, #9467, #5077, #673 ),
 ( #5822, #1410, #6585, #2149 ),
 ( #7375, #2879, #8153, #3600 ) ),
 .UNSPECIFIED., .F., .F., .T. ) 
 B_SPLINE_SURFACE_WITH_KNOTS ( ( 4, 4 ),
 ( 4, 4 ),
 ( 0.0000000000000000000, 1.000000000000000000 ),
 ( 0.0000000000000000000, 1.000000000000000000 ),
 .UNSPECIFIED. ) 
 GEOMETRIC_REPRESENTATION_ITEM ( )  RATIONAL_B_SPLINE_SURFACE ( (
 ( 1.000000000000000000, 0.9989957773804588600, 0.9989957773804588600, 1.000000000000000000),
 ( 0.9986438074830836800, 0.9976409467827445100, 0.9976409467827445100, 0.9986438074830836800),
 ( 0.9986438074830836800, 0.9976409467827445100, 0.9976409467827445100, 0.9986438074830836800),
 ( 1.000000000000000000, 0.9989957773804588600, 0.9989957773804588600, 1.000000000000000000) ) ) 
 REPRESENTATION_ITEM ( '' )  SURFACE ( )  );
#3581 = FACE_OUTER_BOUND ( 'NONE', #8899, .T. ) ;
#3582 = CARTESIAN_POINT ( 'NONE',  ( -18.54344269330190200, 33.65528093473621900, -41.69629940721012000 ) ) ;
#3583 = VERTEX_POINT ( 'NONE', #1779 ) ;
#3584 = ORIENTED_EDGE ( 'NONE', *, *, #954, .T. ) ;
#3585 = EDGE_CURVE ( 'NONE', #9405, #9391, #5448, .T. ) ;
#3586 = PLANE ( 'NONE',  #4477 ) ;
#3587 = LINE ( 'NONE', #3588, #3534 ) ;
#3588 = CARTESIAN_POINT ( 'NONE',  ( -19.70899736156153600, 33.75402146429024000, -40.24188421748048200 ) ) ;
#3589 = VERTEX_POINT ( 'NONE', #1867 ) ;
#3590 = CARTESIAN_POINT ( 'NONE',  ( -18.69666226734531700, 33.69890275434673300, -40.76156925685550900 ) ) ;
#3591 = CARTESIAN_POINT ( 'NONE',  ( -20.18320647280272000, 33.72547749199693400, -45.03322279586732400 ) ) ;
#3592 = VECTOR ( 'NONE', #526, 39.37007874015748100 ) ;
#3593 = AXIS2_PLACEMENT_3D ( 'NONE', #6174, #5456, #1045 ) ;
#3594 = ORIENTED_EDGE ( 'NONE', *, *, #7113, .T. ) ;
#3595 = VECTOR ( 'NONE', #2135, 39.37007874015748100 ) ;
#3596 = CARTESIAN_POINT ( 'NONE',  ( -18.27021988248842600, 35.02557580348149500, -44.96286993381220000 ) ) ;
#3597 = AXIS2_PLACEMENT_3D ( 'NONE', #7192, #6859, #6882 ) ;
#3598 = CARTESIAN_POINT ( 'NONE',  ( -18.33478127594625900, 36.21661928978325300, -42.58243539858897700 ) ) ;
#3599 = CARTESIAN_POINT ( 'NONE',  ( -17.71465293941996300, 33.65528093473621900, -43.63236285116890700 ) ) ;
#3600 = CARTESIAN_POINT ( 'NONE',  ( -18.30873775438860900, 33.70865916057889700, -44.92980907599405800 ) ) ;
#3601 = VERTEX_POINT ( 'NONE', #1746 ) ;
#3602 = ORIENTED_EDGE ( 'NONE', *, *, #4642, .T. ) ;
#3603 = VECTOR ( 'NONE', #7805, 39.37007874015748100 ) ;
#3604 = ORIENTED_EDGE ( 'NONE', *, *, #2799, .T. ) ;
#3605 = DIRECTION ( 'NONE',  ( 1.000000000000000000, 0.0000000000000000000, -0.0000000000000000000 ) ) ;
#3606 = CARTESIAN_POINT ( 'NONE',  ( -19.08674977989393500, 35.84457204568146000, -40.55290783953069700 ) ) ;
#3607 = CARTESIAN_POINT ( 'NONE',  ( -20.18320647280263100, 33.65528093473621900, -44.33243539429608400 ) ) ;
#3608 = CARTESIAN_POINT ( 'NONE',  ( -18.31818356873421300, 34.68539817967972300, -44.95747561652559900 ) ) ;
#3609 = ADVANCED_FACE ( 'NONE', ( #5385 ), #1623, .F. ) ;
#3610 = ORIENTED_EDGE ( 'NONE', *, *, #2887, .F. ) ;
#3611 = EDGE_CURVE ( 'NONE', #4434, #4429, #5376, .T. ) ;
#3612 = AXIS2_PLACEMENT_3D ( 'NONE', #7746, #7228, #7223 ) ;
#3613 = ORIENTED_EDGE ( 'NONE', *, *, #3011, .F. ) ;
#3614 = AXIS2_PLACEMENT_3D ( 'NONE', #8, #15, #25 ) ;
#3615 = VECTOR ( 'NONE', #339, 39.37007874015748100 ) ;
#3616 = EDGE_LOOP ( 'NONE', ( #237, #3796, #13, #2309, #4903, #912, #4498, #6301 ) ) ;
#3617 = DIRECTION ( 'NONE',  ( 0.0000000000000000000, 0.0000000000000000000, -1.000000000000000000 ) ) ;
#3618 = DIRECTION ( 'NONE',  ( -1.000000000000000000, 0.0000000000000000000, 2.842170943040402000E-012 ) ) ;
#3619 = ORIENTED_EDGE ( 'NONE', *, *, #5329, .T. ) ;
#3620 = ORIENTED_EDGE ( 'NONE', *, *, #3009, .F. ) ;
#3621 = LINE ( 'NONE', #1067, #3615 ) ;
#3622 = CARTESIAN_POINT ( 'NONE',  ( -18.37155697523276000, 36.65251567683102300, -43.77338027620511700 ) ) ;
#3623 = DIRECTION ( 'NONE',  ( 0.0000000000000000000, 0.0000000000000000000, 1.000000000000000000 ) ) ;
#3624 = PLANE ( 'NONE',  #6195 ) ;
#3625 = LINE ( 'NONE', #8515, #3667 ) ;
#3626 = CARTESIAN_POINT ( 'NONE',  ( -18.27677572556582700, 35.70886147732531400, -44.55279590876574500 ) ) ;
#3627 = DIRECTION ( 'NONE',  ( -1.000000000000000000, -1.083082623645810000E-012, 1.289195296225029900E-012 ) ) ;
#3628 = EDGE_LOOP ( 'NONE', ( #5778, #5825, #5863, #5944 ) ) ;
#3629 = CARTESIAN_POINT ( 'NONE',  ( -18.28769890390210100, 35.74998962036167400, -44.71578774344559500 ) ) ;
#3630 = DIRECTION ( 'NONE',  ( -1.000000000000000000, -1.083082623645810000E-012, 1.289195296225029900E-012 ) ) ;
#3631 = VERTEX_POINT ( 'NONE', #1555 ) ;
#3632 = CARTESIAN_POINT ( 'NONE',  ( -19.12218285076161800, 36.75795787246192200, -44.40330153603134300 ) ) ;
#3633 = LINE ( 'NONE', #1802, #3592 ) ;
#3634 = B_SPLINE_CURVE_WITH_KNOTS ( 'NONE', 3,
 ( #5741, #5761, #5790, #5730 ),
 .UNSPECIFIED., .F., .F.,
 ( 4, 4 ),
 ( 0.0000000000000000000, 1.000000000000000000 ),
 .UNSPECIFIED. ) ;
#3635 = FACE_OUTER_BOUND ( 'NONE', #875, .T. ) ;
#3636 = CARTESIAN_POINT ( 'NONE',  ( -20.12418156797866700, 36.02026006929936800, -45.36485261360725500 ) ) ;
#3637 = DIRECTION ( 'NONE',  ( 1.000000000000000000, 0.0000000000000000000, -0.0000000000000000000 ) ) ;
#3638 = ORIENTED_EDGE ( 'NONE', *, *, #2101, .F. ) ;
#3639 = AXIS2_PLACEMENT_3D ( 'NONE', #139, #113, #75 ) ;
#3640 = ORIENTED_EDGE ( 'NONE', *, *, #2454, .T. ) ;
#3641 = CARTESIAN_POINT ( 'NONE',  ( -18.22730911310427300, 35.15015242143029200, -40.91936248732262300 ) ) ;
#3642 = VERTEX_POINT ( 'NONE', #1521 ) ;
#3643 = AXIS2_PLACEMENT_3D ( 'NONE', #8833, #8170, #8137 ) ;
#3644 = VECTOR ( 'NONE', #23, 39.37007874015748100 ) ;
#3645 = AXIS2_PLACEMENT_3D ( 'NONE', #325, #245, #236 ) ;
#3646 = CARTESIAN_POINT ( 'NONE',  ( -18.22651964921002900, 33.85168341417468700, -41.00776109522598700 ) ) ;
#3647 = EDGE_LOOP ( 'NONE', ( #831, #4163, #256, #2881 ) ) ;
#3648 = CARTESIAN_POINT ( 'NONE',  ( -18.28991281778759900, 35.62318451395393700, -44.53341563799252600 ) ) ;
#3649 = ORIENTED_EDGE ( 'NONE', *, *, #2664, .F. ) ;
#3650 = DIRECTION ( 'NONE',  ( 1.101459675461920000E-012, 0.0000000000000000000, -1.000000000000000000 ) ) ;
#3651 = ORIENTED_EDGE ( 'NONE', *, *, #7880, .T. ) ;
#3652 = CARTESIAN_POINT ( 'NONE',  ( -18.24767210412067100, 33.85168341417479400, -40.61942700822671500 ) ) ;
#3653 = LINE ( 'NONE', #5575, #3603 ) ;
#3654 = VECTOR ( 'NONE', #2468, 39.37007874015748100 ) ;
#3655 = EDGE_CURVE ( 'NONE', #9456, #9391, #5057, .T. ) ;
#3656 = EDGE_CURVE ( 'NONE', #4313, #4429, #5360, .T. ) ;
#3657 = CARTESIAN_POINT ( 'NONE',  ( -18.90171040981673300, 33.69890275434673300, -40.64345902063227800 ) ) ;
#3658 = CARTESIAN_POINT ( 'NONE',  ( -19.70899736156279800, 33.79732795118697200, -40.63164799700944500 ) ) ;
#3659 = ADVANCED_FACE ( 'NONE', ( #5341 ), #5322, .T. ) ;
#3660 = ORIENTED_EDGE ( 'NONE', *, *, #4962, .T. ) ;
#3661 = CARTESIAN_POINT ( 'NONE',  ( -18.25465201797559400, 34.65744796838645700, -41.01824501495394100 ) ) ;
#3662 = EDGE_LOOP ( 'NONE', ( #7647, #7610 ) ) ;
#3663 = CARTESIAN_POINT ( 'NONE',  ( -18.28991281778543200, 35.76674697900210000, -43.77473385422995000 ) ) ;
#3664 = CARTESIAN_POINT ( 'NONE',  ( -18.22590772997066800, 35.36913142947322800, -44.55654690203071100 ) ) ;
#3665 = DIRECTION ( 'NONE',  ( 1.264251560247360100E-012, 1.000000000000000000, -1.993517598846150100E-013 ) ) ;
#3666 = VECTOR ( 'NONE', #2224, 39.37007874015748100 ) ;
#3668 = CARTESIAN_POINT ( 'NONE',  ( -18.69666226734531700, 33.69890275434673300, -40.64345902063227800 ) ) ;
#3667 = VECTOR ( 'NONE', #3986, 39.37007874015748100 ) ;
#3669 = DIRECTION ( 'NONE',  ( 1.000000000000000000, 0.0000000000000000000, 2.842170943040402000E-012 ) ) ;
#3670 = VERTEX_POINT ( 'NONE', #1233 ) ;
#3671 = ORIENTED_EDGE ( 'NONE', *, *, #2577, .T. ) ;
#3672 = DIRECTION ( 'NONE',  ( -0.0000000000000000000, -1.000000000000000000, -0.0000000000000000000 ) ) ;
#3673 = CARTESIAN_POINT ( 'NONE',  ( -18.22016794196155200, 34.15953267561945900, -44.04601807146377700 ) ) ;
#3674 = CARTESIAN_POINT ( 'NONE',  ( -19.08674977989437200, 36.22252480160425100, -44.53322279587480600 ) ) ;
#3675 = AXIS2_PLACEMENT_3D ( 'NONE', #643, #620, #611 ) ;
#3676 = LINE ( 'NONE', #756, #3644 ) ;
#3677 = VECTOR ( 'NONE', #3203, 39.37007874015748900 ) ;
#3678 = CARTESIAN_POINT ( 'NONE',  ( -18.28991281778543200, 35.76674697900212900, -43.47219917382277300 ) ) ;
#3679 = CARTESIAN_POINT ( 'NONE',  ( -18.29010297407985100, 33.85168341417492100, -40.23283884137622100 ) ) ;
#3680 = ORIENTED_EDGE ( 'NONE', *, *, #8295, .F. ) ;
#3681 = CARTESIAN_POINT ( 'NONE',  ( -18.54344269332736800, 33.70721796244922800, -41.54128826719279000 ) ) ;
#3682 = ORIENTED_EDGE ( 'NONE', *, *, #2577, .F. ) ;
#3683 = ADVANCED_FACE ( 'NONE', ( #5350 ), #1242, .T. ) ;
#3684 = CARTESIAN_POINT ( 'NONE',  ( -18.22016794196087000, 34.15281444175842300, -44.04601807146385500 ) ) ;
#3685 = CARTESIAN_POINT ( 'NONE',  ( -18.29768877709683700, 34.82094999845106300, -44.92298657540594300 ) ) ;
#3686 = CIRCLE ( 'NONE', #2060, 0.1023622047244069200 ) ;
#3687 = CARTESIAN_POINT ( 'NONE',  ( -18.12382062240442300, 34.75473922946212500, -43.52761628360217800 ) ) ;
#3688 = CARTESIAN_POINT ( 'NONE',  ( -18.21667230421798000, 34.00544442190778200, -41.39667568957610700 ) ) ;
#3689 = EDGE_CURVE ( 'NONE', #9456, #9360, #4986, .T. ) ;
#3690 = EDGE_CURVE ( 'NONE', #4151, #4408, #5367, .T. ) ;
#3691 = ORIENTED_EDGE ( 'NONE', *, *, #172, .F. ) ;
#3692 = ORIENTED_EDGE ( 'NONE', *, *, #7074, .T. ) ;
#3693 = EDGE_CURVE ( 'NONE', #9447, #9360, #4897, .T. ) ;
#3694 =( BOUNDED_SURFACE ( )  B_SPLINE_SURFACE ( 3, 3, ( 
 ( #8655, #7896, #4140, #9311 ),
 ( #4881, #490, #5629, #1223 ),
 ( #6396, #1963, #7171, #2677 ),
 ( #7973, #3426, #8682, #4177 ) ),
 .UNSPECIFIED., .F., .F., .T. ) 
 B_SPLINE_SURFACE_WITH_KNOTS ( ( 4, 4 ),
 ( 4, 4 ),
 ( 0.0000000000000000000, 1.000000000000000000 ),
 ( 0.0000000000000000000, 1.000000000000000000 ),
 .UNSPECIFIED. ) 
 GEOMETRIC_REPRESENTATION_ITEM ( )  RATIONAL_B_SPLINE_SURFACE ( (
 ( 1.000928791985660000, 0.9940835360964660500, 0.9942357083301539600, 1.001385308686719900),
 ( 0.9998228890310659800, 0.9929851963059830300, 0.9931372004081080500, 1.000278901337440000),
 ( 0.9998228890310659800, 0.9929851963059830300, 0.9931372004081080500, 1.000278901337440000),
 ( 1.000928791985660000, 0.9940835360964660500, 0.9942357083301549500, 1.001385308686719900) ) ) 
 REPRESENTATION_ITEM ( '' )  SURFACE ( )  );
#3695 = DIRECTION ( 'NONE',  ( -0.0000000000000000000, -1.000000000000000000, -0.0000000000000000000 ) ) ;
#3696 = CARTESIAN_POINT ( 'NONE',  ( -16.35033292560567000, 34.87875357011669300, -41.58046689462362600 ) ) ;
#3697 = LINE ( 'NONE', #2892, #3666 ) ;
#3698 = CARTESIAN_POINT ( 'NONE',  ( -18.22020466570065600, 34.14606405419456800, -44.04668907183398800 ) ) ;
#3699 = CARTESIAN_POINT ( 'NONE',  ( -18.22034595254362400, 34.13298215120092000, -44.04929660215881200 ) ) ;
#3700 = VERTEX_POINT ( 'NONE', #791 ) ;
#3701 = ORIENTED_EDGE ( 'NONE', *, *, #671, .F. ) ;
#3702 = DIRECTION ( 'NONE',  ( 0.0000000000000000000, -0.8516583167043535500, 0.5240974256646437900 ) ) ;
#3703 = CARTESIAN_POINT ( 'NONE',  ( -18.24673972057572500, 36.66740669135825200, -43.77519476291653400 ) ) ;
#3704 = AXIS2_PLACEMENT_3D ( 'NONE', #319, #307, #298 ) ;
#3705 = EDGE_CURVE ( 'NONE', #4361, #4313, #5352, .T. ) ;
#3706 = EDGE_CURVE ( 'NONE', #4384, #4408, #5312, .T. ) ;
#3707 = VECTOR ( 'NONE', #2956, 39.37007874015748100 ) ;
#3708 = CARTESIAN_POINT ( 'NONE',  ( -18.21667103973295500, 34.15953267562063200, -44.14838027618819200 ) ) ;
#3709 = CARTESIAN_POINT ( 'NONE',  ( -18.22045077071247800, 34.12656350256816800, -44.05123772806393800 ) ) ;
#3710 = VERTEX_POINT ( 'NONE', #850 ) ;
#3711 = CARTESIAN_POINT ( 'NONE',  ( -18.22453347097425400, 35.02557580348165800, -44.55664823954487700 ) ) ;
#3712 = ADVANCED_FACE ( 'NONE', ( #5333 ), #682, .T. ) ;
#3713 = CARTESIAN_POINT ( 'NONE',  ( -18.28991281778543200, 35.62318451395732700, -43.47219917382274400 ) ) ;
#3714 = VECTOR ( 'NONE', #6676, 39.37007874015748100 ) ;
#3715 = ORIENTED_EDGE ( 'NONE', *, *, #470, .T. ) ;
#3716 = LINE ( 'NONE', #5796, #3707 ) ;
#3717 = AXIS2_PLACEMENT_3D ( 'NONE', #805, #848, #789 ) ;
#3718 = VERTEX_POINT ( 'NONE', #759 ) ;
#3719 = CARTESIAN_POINT ( 'NONE',  ( -18.28991281778543200, 36.20677677010874600, -44.04601807146408300 ) ) ;
#3720 = CARTESIAN_POINT ( 'NONE',  ( -18.24369705721488800, 35.61995279316100500, -41.49167261038348200 ) ) ;
#3721 = CARTESIAN_POINT ( 'NONE',  ( -18.09010179024257400, 35.03968685936144600, -43.52702771919759100 ) ) ;
#3722 = CARTESIAN_POINT ( 'NONE',  ( -18.21648241837551300, 34.00544442190786000, -41.00739842532045300 ) ) ;
#3723 = EDGE_CURVE ( 'NONE', #37, #9447, #4756, .T. ) ;
#3724 = EDGE_LOOP ( 'NONE', ( #1459, #1497, #1547, #1570, #1636, #2143, #2235, #2289, #2343, #2383, #2412, #2456, #2499, #2550, #3045 ) ) ;
#3725 = VECTOR ( 'NONE', #6588, 39.37007874015748900 ) ;
#3726 = ORIENTED_EDGE ( 'NONE', *, *, #2446, .F. ) ;
#3727 = FACE_OUTER_BOUND ( 'NONE', #7729, .T. ) ;
#3728 = CARTESIAN_POINT ( 'NONE',  ( -18.58450840415610400, 35.64378464412168800, -41.69267161906181900 ) ) ;
#3729 = VERTEX_POINT ( 'NONE', #580 ) ;
#3730 = DIRECTION ( 'NONE',  ( 1.000000000000000000, 0.0000000000000000000, -0.0000000000000000000 ) ) ;
#3731 = CARTESIAN_POINT ( 'NONE',  ( -18.22072546517361500, 34.11408522007575800, -44.05641196744908700 ) ) ;
#3732 = ORIENTED_EDGE ( 'NONE', *, *, #6473, .F. ) ;
#3733 = CARTESIAN_POINT ( 'NONE',  ( -20.12396705855936600, 35.58079251813359200, -45.34027226887610600 ) ) ;
#3734 = EDGE_CURVE ( 'NONE', #4434, #4361, #5264, .T. ) ;
#3735 = LINE ( 'NONE', #8092, #3874 ) ;
#3736 = CARTESIAN_POINT ( 'NONE',  ( -18.22089127085205700, 34.10819938668717600, -44.05956920922430000 ) ) ;
#3737 = ORIENTED_EDGE ( 'NONE', *, *, #2485, .F. ) ;
#3738 = AXIS2_PLACEMENT_3D ( 'NONE', #2622, #2606, #2576 ) ;
#3739 = ADVANCED_FACE ( 'NONE', ( #5253 ), #344, .T. ) ;
#3740 = PLANE ( 'NONE',  #1815 ) ;
#3741 = DIRECTION ( 'NONE',  ( 2.520307734721816100E-025, -1.993517598846150100E-013, -1.000000000000000000 ) ) ;
#3742 = EDGE_CURVE ( 'NONE', #2049, #3850, #5235, .T. ) ;
#3743 = VERTEX_POINT ( 'NONE', #285 ) ;
#3744 = VERTEX_POINT ( 'NONE', #278 ) ;
#3745 = LINE ( 'NONE', #6505, #3714 ) ;
#3746 = DIRECTION ( 'NONE',  ( 0.0000000000000000000, -0.0000000000000000000, 1.000000000000000000 ) ) ;
#3747 = DIRECTION ( 'NONE',  ( 0.0000000000000000000, -0.0000000000000000000, -1.000000000000000000 ) ) ;
#3748 = AXIS2_PLACEMENT_3D ( 'NONE', #996, #859, #955 ) ;
#3749 = EDGE_CURVE ( 'NONE', #368, #9333, #5219, .T. ) ;
#3750 = ORIENTED_EDGE ( 'NONE', *, *, #2690, .T. ) ;
#3751 = ORIENTED_EDGE ( 'NONE', *, *, #5006, .T. ) ;
#3752 = FACE_OUTER_BOUND ( 'NONE', #4521, .T. ) ;
#3753 = CARTESIAN_POINT ( 'NONE',  ( -18.22127164396065500, 34.09710812353802800, -44.06698195025163800 ) ) ;
#3754 = CARTESIAN_POINT ( 'NONE',  ( -18.25956921304612700, 34.45471312841056700, -40.54645810327462400 ) ) ;
#3755 = CARTESIAN_POINT ( 'NONE',  ( -18.12382062248853700, 35.61157021625165700, -43.52761628360377700 ) ) ;
#3756 = CARTESIAN_POINT ( 'NONE',  ( -18.54344269327106400, 36.65165865986205100, -43.47219917382323500 ) ) ;
#3757 = LINE ( 'NONE', #7835, #3457 ) ;
#3758 = CARTESIAN_POINT ( 'NONE',  ( -18.54344269327106400, 33.69890275434673300, -41.54640531833229000 ) ) ;
#3759 = EDGE_LOOP ( 'NONE', ( #8766, #8890, #8978, #9053 ) ) ;
#3760 = VERTEX_POINT ( 'NONE', #116 ) ;
#3761 = VECTOR ( 'NONE', #677, 39.37007874015748900 ) ;
#3762 = ADVANCED_FACE ( 'NONE', ( #5227 ), #86, .F. ) ;
#3763 = AXIS2_PLACEMENT_3D ( 'NONE', #2477, #7747, #3214 ) ;
#3764 = CARTESIAN_POINT ( 'NONE',  ( -18.21667154495430600, 35.18315472284788800, -41.39476830862968600 ) ) ;
#3765 = EDGE_CURVE ( 'NONE', #4121, #4246, #5225, .T. ) ;
#3766 = EDGE_CURVE ( 'NONE', #4512, #4453, #5283, .T. ) ;
#3767 = VECTOR ( 'NONE', #7739, 39.37007874015748100 ) ;
#3768 = CARTESIAN_POINT ( 'NONE',  ( -18.22148901178052700, 34.09185154624012200, -44.07129460034666800 ) ) ;
#3769 = CARTESIAN_POINT ( 'NONE',  ( -19.70899736156149700, 35.16740669135488400, -40.63164799700984300 ) ) ;
#3770 = DIRECTION ( 'NONE',  ( -1.000000000000000000, -1.264251560247360100E-012, 0.0000000000000000000 ) ) ;
#3771 = VERTEX_POINT ( 'NONE', #8031 ) ;
#3772 = ORIENTED_EDGE ( 'NONE', *, *, #2652, .T. ) ;
#3773 = ORIENTED_EDGE ( 'NONE', *, *, #5450, .F. ) ;
#3774 = LINE ( 'NONE', #2743, #3761 ) ;
#3775 = CARTESIAN_POINT ( 'NONE',  ( -17.76332458303417300, 35.18315472285338800, -42.58243539858779100 ) ) ;
#3776 = LINE ( 'NONE', #3953, #3654 ) ;
#3777 = CARTESIAN_POINT ( 'NONE',  ( -18.22195286345091600, 34.08237840625584200, -44.08077735159948000 ) ) ;
#3778 = CARTESIAN_POINT ( 'NONE',  ( -18.22721920473942300, 35.13776074051315800, -40.92449925430316400 ) ) ;
#3779 = VERTEX_POINT ( 'NONE', #8854 ) ;
#3780 = ORIENTED_EDGE ( 'NONE', *, *, #2624, .T. ) ;
#3781 = EDGE_CURVE ( 'NONE', #4429, #4384, #5192, .T. ) ;
#3782 = ADVANCED_FACE ( 'NONE', ( #5143 ), #4811, .F. ) ;
#3783 = LINE ( 'NONE', #8767, #3725 ) ;
#3784 = LINE ( 'NONE', #6943, #3767 ) ;
#3785 = CARTESIAN_POINT ( 'NONE',  ( -18.22219862945428300, 34.07815212763080800, -44.08593031184853600 ) ) ;
#3786 = VERTEX_POINT ( 'NONE', #4298 ) ;
#3787 = ORIENTED_EDGE ( 'NONE', *, *, #4013, .T. ) ;
#3788 = EDGE_CURVE ( 'NONE', #4361, #4512, #5179, .T. ) ;
#3789 = CARTESIAN_POINT ( 'NONE',  ( -18.24980009188244900, 34.15953267525854600, -40.55290783953089600 ) ) ;
#3790 = FACE_OUTER_BOUND ( 'NONE', #3563, .T. ) ;
#3791 = VECTOR ( 'NONE', #4588, 39.37007874015748100 ) ;
#3792 = DIRECTION ( 'NONE',  ( -0.9999619230641601000, 0.0000000000000000000, -0.008726535499663082300 ) ) ;
#3793 = EDGE_CURVE ( 'NONE', #4408, #4434, #5135, .T. ) ;
#3794 = ORIENTED_EDGE ( 'NONE', *, *, #6473, .T. ) ;
#3795 = CARTESIAN_POINT ( 'NONE',  ( -18.22271049540813700, 34.07071504499069200, -44.09705562201081400 ) ) ;
#3796 = ORIENTED_EDGE ( 'NONE', *, *, #5888, .T. ) ;
#3797 = CARTESIAN_POINT ( 'NONE',  ( -18.22297780880590400, 34.06750689243289500, -44.10306146266050600 ) ) ;
#3798 = VECTOR ( 'NONE', #4911, 39.37007874015748100 ) ;
#3799 = VECTOR ( 'NONE', #5410, 39.37007874015748100 ) ;
#3800 = CARTESIAN_POINT ( 'NONE',  ( -18.96076552792090600, 43.94239225515747900, -44.33243539430072400 ) ) ;
#3801 = VERTEX_POINT ( 'NONE', #1764 ) ;
#3802 = EDGE_CURVE ( 'NONE', #9326, #9333, #5125, .T. ) ;
#3803 = DIRECTION ( 'NONE',  ( -1.609126274120285600E-014, 2.301157781068248700E-013, -1.000000000000000000 ) ) ;
#3804 = ORIENTED_EDGE ( 'NONE', *, *, #480, .F. ) ;
#3805 = CARTESIAN_POINT ( 'NONE',  ( -18.12582475745362800, 36.65180193507372100, -41.63721952697504500 ) ) ;
#3806 = CARTESIAN_POINT ( 'NONE',  ( -18.27270434439358500, 34.68539817967989300, -44.55309613139409900 ) ) ;
#3807 = ADVANCED_FACE ( 'NONE', ( #5239 ), #1886, .T. ) ;
#3808 = PLANE ( 'NONE',  #2159 ) ;
#3809 = VECTOR ( 'NONE', #4100, 39.37007874015748100 ) ;
#3810 = ORIENTED_EDGE ( 'NONE', *, *, #8296, .F. ) ;
#3811 = ORIENTED_EDGE ( 'NONE', *, *, #1062, .T. ) ;
#3812 = CARTESIAN_POINT ( 'NONE',  ( -18.22350395915542300, 34.06240257827645500, -44.11539112917307600 ) ) ;
#3813 = CARTESIAN_POINT ( 'NONE',  ( -18.09010179027074000, 35.32662258635896500, -43.52702771919812400 ) ) ;
#3814 = VECTOR ( 'NONE', #5655, 39.37007874015748100 ) ;
#3815 = EDGE_CURVE ( 'NONE', #4400, #4453, #4688, .T. ) ;
#3816 = EDGE_CURVE ( 'NONE', #204, #9326, #5094, .T. ) ;
#3817 = ORIENTED_EDGE ( 'NONE', *, *, #6768, .F. ) ;
#3818 = DIRECTION ( 'NONE',  ( 0.0000000000000000000, -0.0000000000000000000, -1.000000000000000000 ) ) ;
#3819 = ORIENTED_EDGE ( 'NONE', *, *, #3788, .T. ) ;
#3820 = CARTESIAN_POINT ( 'NONE',  ( -18.22693160190716500, 36.27446452332792900, -40.93940975254918200 ) ) ;
#3821 = DIRECTION ( 'NONE',  ( 1.000000000000000000, 0.0000000000000000000, 2.841279047498729900E-012 ) ) ;
#3822 = LINE ( 'NONE', #7165, #3814 ) ;
#3823 = EDGE_LOOP ( 'NONE', ( #1027, #1134, #1307, #1423 ) ) ;
#3824 = DIRECTION ( 'NONE',  ( 0.0000000000000000000, 0.0000000000000000000, 1.000000000000000000 ) ) ;
#3825 = LINE ( 'NONE', #5624, #3798 ) ;
#3826 = CARTESIAN_POINT ( 'NONE',  ( -18.22376558897642700, 34.06045983187861700, -44.12177293150782000 ) ) ;
#3827 = ADVANCED_FACE ( 'NONE', ( #5074 ), #5046, .F. ) ;
#3828 = DIRECTION ( 'NONE',  ( -2.260959703907213000E-025, 1.000000000000000000, -1.993517598852940400E-013 ) ) ;
#3829 = VERTEX_POINT ( 'NONE', #5657 ) ;
#3830 = EDGE_CURVE ( 'NONE', #4400, #4575, #5085, .T. ) ;
#3831 = EDGE_CURVE ( 'NONE', #4453, #4313, #5055, .T. ) ;
#3832 = CARTESIAN_POINT ( 'NONE',  ( -18.54344269327106400, 33.70721796245258200, -43.47219917382246000 ) ) ;
#3833 = VECTOR ( 'NONE', #8616, 39.37007874015748100 ) ;
#3834 = ORIENTED_EDGE ( 'NONE', *, *, #6259, .F. ) ;
#3835 = CARTESIAN_POINT ( 'NONE',  ( -19.08725445498712900, 35.64378464412646300, -40.55290783953070400 ) ) ;
#3836 = LINE ( 'NONE', #4071, #3809 ) ;
#3837 = CARTESIAN_POINT ( 'NONE',  ( -18.22428170118522700, 34.05782775343340100, -44.13498296448167200 ) ) ;
#3838 = CARTESIAN_POINT ( 'NONE',  ( -18.09856080336856400, 36.20677677045448200, -41.63769542106354000 ) ) ;
#3839 = CARTESIAN_POINT ( 'NONE',  ( -18.25465201797342700, 35.70886147732543500, -44.14662577793030400 ) ) ;
#3840 = VERTEX_POINT ( 'NONE', #8454 ) ;
#3841 = CARTESIAN_POINT ( 'NONE',  ( -18.23765486486999200, 34.00544442190796700, -40.61869731645604300 ) ) ;
#3842 = ORIENTED_EDGE ( 'NONE', *, *, #1542, .F. ) ;
#3843 = LINE ( 'NONE', #8586, #3833 ) ;
#3844 = ORIENTED_EDGE ( 'NONE', *, *, #2735, .F. ) ;
#3845 = AXIS2_PLACEMENT_3D ( 'NONE', #669, #660, #650 ) ;
#3846 = EDGE_CURVE ( 'NONE', #9405, #9435, #4664, .T. ) ;
#3847 = CARTESIAN_POINT ( 'NONE',  ( -18.22453117154779900, 34.05717226336999200, -44.14168793147948100 ) ) ;
#3848 = DIRECTION ( 'NONE',  ( -2.841279047498729900E-012, 1.993517598874519800E-013, 1.000000000000000000 ) ) ;
#3849 = DIRECTION ( 'NONE',  ( 1.000000000000000000, 0.0000000000000000000, -0.0000000000000000000 ) ) ;
#3850 = VERTEX_POINT ( 'NONE', #8812 ) ;
#3851 = ORIENTED_EDGE ( 'NONE', *, *, #2711, .F. ) ;
#3852 = VECTOR ( 'NONE', #7927, 39.37007874015748900 ) ;
#3853 = CARTESIAN_POINT ( 'NONE',  ( -18.22297780880806400, 36.29880255327901800, -41.06180933022373100 ) ) ;
#3854 = DIRECTION ( 'NONE',  ( 0.9975262508968582000, -0.06975383055387771000, 0.008705279703677449400 ) ) ;
#3855 = PLANE ( 'NONE',  #4772 ) ;
#3856 = ORIENTED_EDGE ( 'NONE', *, *, #2928, .F. ) ;
#3857 = CARTESIAN_POINT ( 'NONE',  ( -18.22500184264862000, 34.05716868579593600, -44.15501767484966000 ) ) ;
#3858 = EDGE_CURVE ( 'NONE', #4559, #2478, #5098, .T. ) ;
#3859 = CARTESIAN_POINT ( 'NONE',  ( -18.22522646426534700, 34.05782335416928000, -44.16174083932809700 ) ) ;
#3860 = EDGE_CURVE ( 'NONE', #9405, #9295, #5014, .T. ) ;
#3861 = ORIENTED_EDGE ( 'NONE', *, *, #7000, .T. ) ;
#3862 = DIRECTION ( 'NONE',  ( -0.0000000000000000000, -1.000000000000000000, -0.0000000000000000000 ) ) ;
#3863 = EDGE_CURVE ( 'NONE', #3444, #9295, #5029, .T. ) ;
#3864 = VECTOR ( 'NONE', #8677, 39.37007874015748100 ) ;
#3865 = CARTESIAN_POINT ( 'NONE',  ( -17.71465293941996300, 33.65528093473621900, -44.33243539429882000 ) ) ;
#3866 = VECTOR ( 'NONE', #3173, 39.37007874015748100 ) ;
#3867 = ADVANCED_FACE ( 'NONE', ( #4994 ), #235, .T. ) ;
#3868 = DIRECTION ( 'NONE',  ( 0.0000000000000000000, -1.000000000000000000, 0.0000000000000000000 ) ) ;
#3869 = CARTESIAN_POINT ( 'NONE',  ( -18.22564282853331700, 34.06044726073311300, -44.17493910285800500 ) ) ;
#3870 = ORIENTED_EDGE ( 'NONE', *, *, #2446, .T. ) ;
#3871 = CARTESIAN_POINT ( 'NONE',  ( -20.12441914995992000, 35.26681925917314000, -45.39207681223975800 ) ) ;
#3872 = CARTESIAN_POINT ( 'NONE',  ( -18.20367755045866400, 35.36913142947334200, -44.14842204849213700 ) ) ;
#3873 = ORIENTED_EDGE ( 'NONE', *, *, #1766, .T. ) ;
#3874 = VECTOR ( 'NONE', #7377, 39.37007874015748100 ) ;
#3875 = CARTESIAN_POINT ( 'NONE',  ( -18.22583191429190600, 34.06238611295982800, -44.18132217627950800 ) ) ;
#3876 = CARTESIAN_POINT ( 'NONE',  ( -18.12382062248845900, 35.61157021625169300, -43.47219917382316400 ) ) ;
#3877 = CARTESIAN_POINT ( 'NONE',  ( -18.29768877709900800, 35.54535944726083600, -40.24188421747831500 ) ) ;
#3878 = LINE ( 'NONE', #9110, #3799 ) ;
#3879 = ADVANCED_FACE ( 'NONE', ( #5003 ), #8910, .F. ) ;
#3880 = ORIENTED_EDGE ( 'NONE', *, *, #4975, .T. ) ;
#3881 = CARTESIAN_POINT ( 'NONE',  ( -18.22617679662810300, 34.06748996187550200, -44.19366561890378600 ) ) ;
#3882 = ORIENTED_EDGE ( 'NONE', *, *, #7141, .T. ) ;
#3883 = CARTESIAN_POINT ( 'NONE',  ( -18.22589896608397100, 35.47833517576710700, -43.77010532958158300 ) ) ;
#3884 = CARTESIAN_POINT ( 'NONE',  ( -18.28991281778759900, 35.62318451395945800, -41.54761725361293400 ) ) ;
#3885 = VERTEX_POINT ( 'NONE', #8824 ) ;
#3886 = DIRECTION ( 'NONE',  ( -0.0000000000000000000, 0.0000000000000000000, -1.000000000000000000 ) ) ;
#3887 = VECTOR ( 'NONE', #211, 39.37007874015748100 ) ;
#3888 = LINE ( 'NONE', #277, #3866 ) ;
#3889 = CARTESIAN_POINT ( 'NONE',  ( -17.71465293941996300, 33.65528093473621900, -41.53250794172834800 ) ) ;
#3890 = DIRECTION ( 'NONE',  ( -0.9999619230641601000, 0.0000000000000000000, -0.008726535499663082300 ) ) ;
#3891 = VERTEX_POINT ( 'NONE', #8784 ) ;
#3892 = CARTESIAN_POINT ( 'NONE',  ( -18.35383677148350400, 34.77897185625477100, -40.55290783953110200 ) ) ;
#3893 = ORIENTED_EDGE ( 'NONE', *, *, #7947, .T. ) ;
#3894 = ORIENTED_EDGE ( 'NONE', *, *, #7174, .T. ) ;
#3895 = EDGE_CURVE ( 'NONE', #4663, #4548, #4980, .T. ) ;
#3896 = CARTESIAN_POINT ( 'NONE',  ( -18.22633374423626800, 34.07070009050728000, -44.19967883080925500 ) ) ;
#3897 = AXIS2_PLACEMENT_3D ( 'NONE', #1826, #1003, #2542 ) ;
#3898 = CARTESIAN_POINT ( 'NONE',  ( -18.22660740658031400, 34.07813192839991200, -44.21080373520833700 ) ) ;
#3899 = LINE ( 'NONE', #434, #3887 ) ;
#3901 = CARTESIAN_POINT ( 'NONE',  ( -20.12403041421873300, 34.45102425349632100, -39.81733868481962400 ) ) ;
#3900 = LINE ( 'NONE', #6911, #3791 ) ;
#3902 = ORIENTED_EDGE ( 'NONE', *, *, #1596, .F. ) ;
#3903 = DIRECTION ( 'NONE',  ( -1.000000000000000000, -0.0000000000000000000, 0.0000000000000000000 ) ) ;
#3904 = EDGE_LOOP ( 'NONE', ( #146, #205, #284, #764 ) ) ;
#3905 = CARTESIAN_POINT ( 'NONE',  ( -18.20761632477150700, 35.32949822098204600, -43.67288331071911500 ) ) ;
#3906 = AXIS2_PLACEMENT_3D ( 'NONE', #9119, #286, #5420 ) ;
#3907 = CARTESIAN_POINT ( 'NONE',  ( -18.22672559624538700, 34.08235881004180400, -44.21596186104172000 ) ) ;
#3908 = LINE ( 'NONE', #247, #3864 ) ;
#3909 = DIRECTION ( 'NONE',  ( 0.0000000000000000000, -0.0000000000000000000, -1.000000000000000000 ) ) ;
#3910 = CARTESIAN_POINT ( 'NONE',  ( -18.20230041499756300, 35.02557580348178600, -44.14847057686339600 ) ) ;
#3911 = EDGE_CURVE ( 'NONE', #4512, #4575, #4960, .T. ) ;
#3912 = CARTESIAN_POINT ( 'NONE',  ( -18.22693160190500400, 34.09184492238395600, -44.22546104033507000 ) ) ;
#3913 = CARTESIAN_POINT ( 'NONE',  ( -18.90171040981637100, 33.69890275434709500, -41.38967602996771700 ) ) ;
#3914 = VERTEX_POINT ( 'NONE', #8680 ) ;
#3915 = ORIENTED_EDGE ( 'NONE', *, *, #3095, .T. ) ;
#3916 = DIRECTION ( 'NONE',  ( 0.0000000000000000000, -0.0000000000000000000, 1.000000000000000000 ) ) ;
#3917 = VECTOR ( 'NONE', #398, 39.37007874015748900 ) ;
#3918 = CARTESIAN_POINT ( 'NONE',  ( -19.02375765390755900, 36.66747541208421500, -41.53715980803386300 ) ) ;
#3919 = LINE ( 'NONE', #6163, #3677 ) ;
#3920 = CARTESIAN_POINT ( 'NONE',  ( -18.28012583704412800, 34.00544442190808800, -40.23174377784246000 ) ) ;
#3921 = ADVANCED_FACE ( 'NONE', ( #4953 ), #8879, .T. ) ;
#3922 = VERTEX_POINT ( 'NONE', #8221 ) ;
#3923 = ORIENTED_EDGE ( 'NONE', *, *, #3781, .T. ) ;
#3924 = AXIS2_PLACEMENT_3D ( 'NONE', #972, #968, #965 ) ;
#3925 = CARTESIAN_POINT ( 'NONE',  ( -18.97257655154819000, 33.69890275434673300, -40.64345902063227800 ) ) ;
#3926 = CARTESIAN_POINT ( 'NONE',  ( -18.30014871118578800, 36.64752232457667700, -41.49117996426299700 ) ) ;
#3927 = AXIS2_PLACEMENT_3D ( 'NONE', #1196, #1173, #1160 ) ;
#3928 = PLANE ( 'NONE',  #3906 ) ;
#3929 = LINE ( 'NONE', #7966, #3852 ) ;
#3930 = DIRECTION ( 'NONE',  ( -1.000000000000000000, 0.0000000000000000000, 0.0000000000000000000 ) ) ;
#3931 = CARTESIAN_POINT ( 'NONE',  ( -18.22701859830272400, 34.09709547399914000, -44.22976894587973400 ) ) ;
#3932 = ORIENTED_EDGE ( 'NONE', *, *, #8020, .T. ) ;
#3933 = ADVANCED_FACE ( 'NONE', ( #4987 ), #4901, .T. ) ;
#3934 = ORIENTED_EDGE ( 'NONE', *, *, #3407, .F. ) ;
#3935 = CARTESIAN_POINT ( 'NONE',  ( -18.54344269327129900, 36.71858779372225000, -41.53715980801954500 ) ) ;
#3936 = CARTESIAN_POINT ( 'NONE',  ( -20.05722222084583000, 34.86819409293367800, -44.91708106357835100 ) ) ;
#3937 = DIRECTION ( 'NONE',  ( 1.000000000000000000, 0.0000000000000000000, -0.0000000000000000000 ) ) ;
#3938 = LINE ( 'NONE', #1128, #3917 ) ;
#3939 = EDGE_CURVE ( 'NONE', #9435, #3444, #4915, .T. ) ;
#3940 = EDGE_CURVE ( 'NONE', #5012, #5020, #4943, .T. ) ;
#3941 = DIRECTION ( 'NONE',  ( -0.9975262508967627200, 0.06975383055437231500, 0.008705279710647689800 ) ) ;
#3942 = AXIS2_PLACEMENT_3D ( 'NONE', #1109, #1108, #1080 ) ;
#3943 = ORIENTED_EDGE ( 'NONE', *, *, #3858, .F. ) ;
#3944 = CARTESIAN_POINT ( 'NONE',  ( -18.22716158915561700, 34.10818656650241100, -44.23718397419058600 ) ) ;
#3945 = ORIENTED_EDGE ( 'NONE', *, *, #1278, .F. ) ;
#3946 = CARTESIAN_POINT ( 'NONE',  ( -18.27093485364834900, 34.79732795119730300, -44.61196295326259800 ) ) ;
#3947 = CARTESIAN_POINT ( 'NONE',  ( -18.25057211498382200, 34.68539817967997200, -44.14676954813505500 ) ) ;
#3948 = CARTESIAN_POINT ( 'NONE',  ( -18.22721877763536500, 34.11408119470866000, -44.24034721043180000 ) ) ;
#3949 = CARTESIAN_POINT ( 'NONE',  ( -18.28991281778543200, 35.19595006394693100, -40.63145515489173900 ) ) ;
#3950 = FACE_OUTER_BOUND ( 'NONE', #9406, .T. ) ;
#3951 = VERTEX_POINT ( 'NONE', #7863 ) ;
#3952 = CARTESIAN_POINT ( 'NONE',  ( -20.18320647280272000, 33.72547749199693400, -42.58243539644212900 ) ) ;
#3953 = CARTESIAN_POINT ( 'NONE',  ( -19.08725445498712900, 35.74722160851220600, -40.55290783953070400 ) ) ;
#3954 = CARTESIAN_POINT ( 'NONE',  ( -18.21667230423275200, 34.15953267560251300, -41.39667568957612800 ) ) ;
#3955 = VECTOR ( 'NONE', #939, 39.37007874015748100 ) ;
#3956 = ORIENTED_EDGE ( 'NONE', *, *, #3240, .T. ) ;
#3957 = LINE ( 'NONE', #1234, #3955 ) ;
#3958 = DIRECTION ( 'NONE',  ( -1.000000000000000000, -0.0000000000000000000, -0.0000000000000000000 ) ) ;
#3959 = DIRECTION ( 'NONE',  ( 0.9975262508966512600, -0.06975383055596558200, 0.008705279710649337800 ) ) ;
#3960 = VERTEX_POINT ( 'NONE', #8001 ) ;
#3961 = CARTESIAN_POINT ( 'NONE',  ( -18.28991281778543200, 35.18315472286465000, -44.04601807146368500 ) ) ;
#3962 = CARTESIAN_POINT ( 'NONE',  ( -18.22730944782086100, 34.12657514183436500, -44.24552735580454100 ) ) ;
#3963 = EDGE_LOOP ( 'NONE', ( #8598, #8671, #9318, #9509 ) ) ;
#3964 = FACE_OUTER_BOUND ( 'NONE', #3759, .T. ) ;
#3965 = CARTESIAN_POINT ( 'NONE',  ( -18.22734153907911300, 34.13297311710177700, -44.24746167339653600 ) ) ;
#3966 = ORIENTED_EDGE ( 'NONE', *, *, #3049, .F. ) ;
#3967 = CARTESIAN_POINT ( 'NONE',  ( -20.17926946493562900, 34.86819409293386200, -43.55605536969015600 ) ) ;
#3968 = EDGE_CURVE ( 'NONE', #9263, #9228, #4884, .T. ) ;
#3969 = B_SPLINE_CURVE_WITH_KNOTS ( 'NONE', 3,
 ( #3981, #4722, #1796, #7007 ),
 .UNSPECIFIED., .F., .F.,
 ( 4, 4 ),
 ( 6.435725005461788200E-014, 0.0004518585455211121900 ),
 .UNSPECIFIED. ) ;
#3970 = EDGE_CURVE ( 'NONE', #9263, #9168, #4924, .T. ) ;
#3971 = VERTEX_POINT ( 'NONE', #7525 ) ;
#3972 = EDGE_CURVE ( 'NONE', #9195, #9168, #4629, .T. ) ;
#3973 = ADVANCED_FACE ( 'NONE', ( #4860 ), #5145, .T. ) ;
#3974 = DIRECTION ( 'NONE',  ( -1.644386092493844900E-015, -1.000000000000000000, 1.884279826581177600E-013 ) ) ;
#3975 = ORIENTED_EDGE ( 'NONE', *, *, #3141, .F. ) ;
#3976 = LINE ( 'NONE', #560, #3999 ) ;
#3977 = ORIENTED_EDGE ( 'NONE', *, *, #6880, .F. ) ;
#3978 = CARTESIAN_POINT ( 'NONE',  ( -18.22738434838239700, 34.14605904456760000, -44.25007095760847900 ) ) ;
#3979 = CARTESIAN_POINT ( 'NONE',  ( -18.22701909322119500, 35.12074695423437000, -40.93507740347083500 ) ) ;
#3980 = CARTESIAN_POINT ( 'NONE',  ( -18.21667103973308600, 34.15953267562063200, -44.25074248091259900 ) ) ;
#3981 = CARTESIAN_POINT ( 'NONE',  ( -18.27720357979365300, 34.59867375020962000, -40.55290783952796100 ) ) ;
#3982 = ORIENTED_EDGE ( 'NONE', *, *, #8309, .F. ) ;
#3983 = ORIENTED_EDGE ( 'NONE', *, *, #2093, .T. ) ;
#3984 = LINE ( 'NONE', #1451, #3991 ) ;
#3985 = EDGE_CURVE ( 'NONE', #9228, #9195, #4874, .T. ) ;
#3986 = DIRECTION ( 'NONE',  ( -2.841279047498729900E-012, 1.993517598874519800E-013, 1.000000000000000000 ) ) ;
#3987 = CARTESIAN_POINT ( 'NONE',  ( -18.21648241839029200, 34.15953267560259100, -41.00739842532104300 ) ) ;
#3988 = DIRECTION ( 'NONE',  ( 1.000000000000000000, 0.0000000000000000000, -0.0000000000000000000 ) ) ;
#3989 = ORIENTED_EDGE ( 'NONE', *, *, #7449, .F. ) ;
#3990 = VERTEX_POINT ( 'NONE', #4914 ) ;
#3991 = VECTOR ( 'NONE', #1522, 39.37007874015748900 ) ;
#3992 = VECTOR ( 'NONE', #3115, 39.37007874015748100 ) ;
#3993 = EDGE_CURVE ( 'NONE', #3178, #5158, #4807, .T. ) ;
#3994 = DIRECTION ( 'NONE',  ( -0.0000000000000000000, -1.000000000000000000, -0.0000000000000000000 ) ) ;
#3995 = DIRECTION ( 'NONE',  ( 0.008726535499556835700, 5.552094155125419900E-013, 0.9999619230641609800 ) ) ;
#3996 = EDGE_CURVE ( 'NONE', #9208, #9120, #4838, .T. ) ;
#3997 = ORIENTED_EDGE ( 'NONE', *, *, #3355, .T. ) ;
#3998 = VERTEX_POINT ( 'NONE', #4682 ) ;
#3999 = VECTOR ( 'NONE', #753, 39.37007874015748100 ) ;
#4000 = CARTESIAN_POINT ( 'NONE',  ( -18.25037104509532100, 35.33088917493801500, -40.54572392616984200 ) ) ;
#4001 = PLANE ( 'NONE',  #8097 ) ;
#4002 = LINE ( 'NONE', #181, #3992 ) ;
#4003 = CARTESIAN_POINT ( 'NONE',  ( -18.30014871118578800, 36.61956839187244100, -41.54770658090157600 ) ) ;
#4004 = CARTESIAN_POINT ( 'NONE',  ( -18.10766014017417900, 36.50410928005418000, -41.63753659154885900 ) ) ;
#4005 = CARTESIAN_POINT ( 'NONE',  ( -18.25593964767055500, 35.70886147732555600, -43.73985560248701900 ) ) ;
#4006 = ORIENTED_EDGE ( 'NONE', *, *, #8313, .F. ) ;
#4007 = EDGE_LOOP ( 'NONE', ( #4460, #333, #4855, #4762 ) ) ;
#4008 = CARTESIAN_POINT ( 'NONE',  ( -20.12396705856181400, 34.55717047088519000, -39.82459852400829400 ) ) ;
#4009 = ORIENTED_EDGE ( 'NONE', *, *, #2537, .F. ) ;
#4010 = VECTOR ( 'NONE', #1584, 39.37007874015748900 ) ;
#4011 = AXIS2_PLACEMENT_3D ( 'NONE', #218, #7716, #3181 ) ;
#4012 = EDGE_CURVE ( 'NONE', #4459, #4400, #4829, .T. ) ;
#4013 = EDGE_CURVE ( 'NONE', #3136, #5220, #4788, .T. ) ;
#4014 = FACE_OUTER_BOUND ( 'NONE', #773, .T. ) ;
#4015 = CARTESIAN_POINT ( 'NONE',  ( -18.24369705730140700, 35.76997869979645400, -41.54721393478129700 ) ) ;
#4016 = PLANE ( 'NONE',  #2418 ) ;
#4017 = VERTEX_POINT ( 'NONE', #4371 ) ;
#4018 = CARTESIAN_POINT ( 'NONE',  ( -18.27902115925345000, 34.72968489637805300, -40.55290783953110200 ) ) ;
#4019 = ORIENTED_EDGE ( 'NONE', *, *, #6153, .F. ) ;
#4020 = ADVANCED_FACE ( 'NONE', ( #4770 ), #4449, .T. ) ;
#4021 = PLANE ( 'NONE',  #746 ) ;
#4022 = LINE ( 'NONE', #1573, #4065 ) ;
#4023 = VECTOR ( 'NONE', #1647, 39.37007874015748100 ) ;
#4024 = CARTESIAN_POINT ( 'NONE',  ( -18.25186024066441000, 35.68091126603185600, -41.42502810374723100 ) ) ;
#4025 =( GEOMETRIC_REPRESENTATION_CONTEXT ( 3 ) GLOBAL_UNCERTAINTY_ASSIGNED_CONTEXT ( ( #6631 ) ) GLOBAL_UNIT_ASSIGNED_CONTEXT ( ( #1534, #1519, #1509 ) ) REPRESENTATION_CONTEXT ( 'NONE', 'WORKASPACE' ) );
#4026 = DIRECTION ( 'NONE',  ( 2.841279047498729900E-012, -1.993517598874519800E-013, -1.000000000000000000 ) ) ;
#4027 = MECHANICAL_DESIGN_GEOMETRIC_PRESENTATION_REPRESENTATION (  '', ( #4045 ), #4025 ) ;
#4028 = ORIENTED_EDGE ( 'NONE', *, *, #4988, .T. ) ;
#4029 = ORIENTED_EDGE ( 'NONE', *, *, #3256, .F. ) ;
#4030 = PRESENTATION_LAYER_ASSIGNMENT (  '', '', ( #4045 ) ) ;
#4031 = CARTESIAN_POINT ( 'NONE',  ( -18.24674081900867900, 36.66740669136544300, -43.76822481654367900 ) ) ;
#4032 = CARTESIAN_POINT ( 'NONE',  ( -20.12441914996099600, 36.12311223378712600, -45.39207681223993500 ) ) ;
#4033 = FACE_OUTER_BOUND ( 'NONE', #63, .T. ) ;
#4034 = LINE ( 'NONE', #8394, #4119 ) ;
#4035 = CARTESIAN_POINT ( 'NONE',  ( -18.22569118974306300, 35.91492826683295200, -41.54705679995565500 ) ) ;
#4036 = ORIENTED_EDGE ( 'NONE', *, *, #7946, .T. ) ;
#4037 = DIRECTION ( 'NONE',  ( 1.000000000000000000, 0.0000000000000000000, -1.134155878637920100E-012 ) ) ;
#4038 = ORIENTED_EDGE ( 'NONE', *, *, #3472, .T. ) ;
#4039 = CARTESIAN_POINT ( 'NONE',  ( -18.21667103959059000, 35.18315472321044300, -41.54697808229766300 ) ) ;
#4040 = CARTESIAN_POINT ( 'NONE',  ( -18.20497137696547100, 35.36913142947338400, -43.73969426258818800 ) ) ;
#4041 = EDGE_CURVE ( 'NONE', #9208, #9076, #4763, .T. ) ;
#4042 = CARTESIAN_POINT ( 'NONE',  ( -18.24655202374929500, 36.66740669136536500, -44.15639589176112200 ) ) ;
#4043 = EDGE_CURVE ( 'NONE', #4104, #3951, #4754, .T. ) ;
#4044 = VECTOR ( 'NONE', #2440, 39.37007874015748100 ) ;
#4045 = STYLED_ITEM ( 'NONE', ( #6535 ), #2631 ) ;
#4046 = VERTEX_POINT ( 'NONE', #4583 ) ;
#4047 = ORIENTED_EDGE ( 'NONE', *, *, #6852, .F. ) ;
#4048 = DIRECTION ( 'NONE',  ( 1.281026566875212200E-012, 0.0000000000000000000, 1.000000000000000000 ) ) ;
#4049 = CARTESIAN_POINT ( 'NONE',  ( -18.30014871118362100, 36.64752232457977500, -43.67369082862165200 ) ) ;
#4050 = CARTESIAN_POINT ( 'NONE',  ( -18.28012583705881200, 34.15953267560282600, -40.23174377784411600 ) ) ;
#4051 = CYLINDRICAL_SURFACE ( 'NONE', #687, 0.1830708661417339800 ) ;
#4052 = AXIS2_PLACEMENT_3D ( 'NONE', #1761, #1689, #1676 ) ;
#4053 =( BOUNDED_CURVE ( )  B_SPLINE_CURVE ( 3, ( #3877, #7664, #4620, #239 ),
 .UNSPECIFIED., .F., .F. ) 
 B_SPLINE_CURVE_WITH_KNOTS ( ( 4, 4 ),
 ( 2.220446049250313100E-016, 0.007934904005445735400 ),
 .UNSPECIFIED. ) 
 CURVE ( )  GEOMETRIC_REPRESENTATION_ITEM ( )  RATIONAL_B_SPLINE_CURVE ( ( 0.9984691387749240500, 0.9982039353355844900, 0.9980108581601789800, 0.9978899072487078500 ) ) 
 REPRESENTATION_ITEM ( '' )  );
#4054 = ORIENTED_EDGE ( 'NONE', *, *, #7174, .F. ) ;
#4055 = ORIENTED_EDGE ( 'NONE', *, *, #632, .T. ) ;
#4056 = CARTESIAN_POINT ( 'NONE',  ( -18.22590772997283900, 34.99717801623866400, -40.60832389085354800 ) ) ;
#4057 = CARTESIAN_POINT ( 'NONE',  ( -18.27270434448098900, 34.65728921878214000, -40.61177466148858900 ) ) ;
#4058 = B_SPLINE_CURVE_WITH_KNOTS ( 'NONE', 3,
 ( #4340, #4018, #2532, #1936 ),
 .UNSPECIFIED., .F., .F.,
 ( 4, 4 ),
 ( 1.264838360725999700E-014, 0.0005502980919761789100 ),
 .UNSPECIFIED. ) ;
#4059 = CARTESIAN_POINT ( 'NONE',  ( -18.26766457903329800, 36.66740669136525800, -44.54399243365551800 ) ) ;
#4060 = LINE ( 'NONE', #2193, #4079 ) ;
#4061 = CARTESIAN_POINT ( 'NONE',  ( -18.31001486034979200, 36.66740669136513700, -44.92984638653344800 ) ) ;
#4062 = DIRECTION ( 'NONE',  ( 0.3420140485693709500, 0.005969877424841015800, 0.9396758755787658600 ) ) ;
#4063 = ORIENTED_EDGE ( 'NONE', *, *, #7343, .F. ) ;
#4064 = DIRECTION ( 'NONE',  ( 0.0000000000000000000, -0.0000000000000000000, 1.000000000000000000 ) ) ;
#4065 = VECTOR ( 'NONE', #1742, 39.37007874015748900 ) ;
#4066 = ADVANCED_FACE ( 'NONE', ( #4728 ), #2951, .F. ) ;
#4067 = ORIENTED_EDGE ( 'NONE', *, *, #6650, .F. ) ;
#4068 = EDGE_CURVE ( 'NONE', #9099, #9035, #4761, .T. ) ;
#4069 = VECTOR ( 'NONE', #2405, 39.37007874015748100 ) ;
#4070 = AXIS2_PLACEMENT_3D ( 'NONE', #1887, #1874, #1866 ) ;
#4071 = CARTESIAN_POINT ( 'NONE',  ( -18.56017497673326800, 36.71858779372264100, -41.53715980803701100 ) ) ;
#4072 = CARTESIAN_POINT ( 'NONE',  ( -18.22670934841259400, 36.51462603153728300, -43.76821507381183800 ) ) ;
#4073 = CARTESIAN_POINT ( 'NONE',  ( -18.22652019637022700, 36.51462603153720500, -44.15711971001299900 ) ) ;
#4074 = ORIENTED_EDGE ( 'NONE', *, *, #8224, .F. ) ;
#4075 = CARTESIAN_POINT ( 'NONE',  ( -20.05722222084700900, 35.89181614017984100, -40.13164799701674200 ) ) ;
#4076 = FACE_OUTER_BOUND ( 'NONE', #597, .T. ) ;
#4077 = ORIENTED_EDGE ( 'NONE', *, *, #7936, .T. ) ;
#4078 = B_SPLINE_CURVE_WITH_KNOTS ( 'NONE', 3,
 ( #5148, #5758, #8164, #5079 ),
 .UNSPECIFIED., .F., .F.,
 ( 4, 4 ),
 ( 1.402229810110955700E-013, 0.02127248946901819100 ),
 .UNSPECIFIED. ) ;
#4079 = VECTOR ( 'NONE', #2255, 39.37007874015748100 ) ;
#4080 = CARTESIAN_POINT ( 'NONE',  ( -18.24767264990479600, 36.51462603153710500, -44.54544872714503600 ) ) ;
#4081 = CARTESIAN_POINT ( 'NONE',  ( -18.27810138047417300, 34.73684791260166800, -44.61196295335313500 ) ) ;
#4082 = DIRECTION ( 'NONE',  ( -1.264251560247360100E-012, -1.000000000000000000, 1.993517598846150100E-013 ) ) ;
#4083 = VERTEX_POINT ( 'NONE', #3014 ) ;
#4084 = EDGE_LOOP ( 'NONE', ( #3842, #3811, #3851, #3844 ) ) ;
#4085 = EDGE_CURVE ( 'NONE', #5335, #5363, #4697, .T. ) ;
#4086 = LINE ( 'NONE', #2502, #4069 ) ;
#4087 = ORIENTED_EDGE ( 'NONE', *, *, #3446, .F. ) ;
#4088 = DIRECTION ( 'NONE',  ( 0.9974128555600297900, 0.06974590117947536400, -0.01740990615281520100 ) ) ;
#4089 = CARTESIAN_POINT ( 'NONE',  ( 0.0000000000000000000, 0.0000000000000000000, 0.0000000000000000000 ) ) ;
#4090 = B_SPLINE_CURVE_WITH_KNOTS ( 'NONE', 3,
 ( #3421, #3351, #2673, #2610, #2642, #2582, #1957, #1919, #1250, #1184, #1218, #1148, #511, #485, #452, #387, #420, #7860, #1885, #9446, #8856, #8818, #8228, #7464, #6601, #5047, #4407, #4305, #3571, #2114 ),
 .UNSPECIFIED., .F., .F.,
 ( 4, 2, 2, 2, 2, 2, 2, 2, 2, 2, 2, 2, 2, 2, 4 ),
 ( 0.01335974384970085000, 0.01386785359745299300, 0.01437596334520513600, 0.01539218284070998500, 0.01640840233621483300, 0.01691651208396719600, 0.01742462183171955600, 0.01793273157947191500, 0.01844084132722427800, 0.01894895107497663800, 0.01945706082272900100, 0.01996517057048136100, 0.02047328031823372400, 0.02098139006598608700, 0.02148949981373844700 ),
 .UNSPECIFIED. ) ;
#4091 = ORIENTED_EDGE ( 'NONE', *, *, #7965, .T. ) ;
#4092 = CARTESIAN_POINT ( 'NONE',  ( -18.29010296426858800, 36.51462603153697000, -44.93203186213705200 ) ) ;
#4093 = CARTESIAN_POINT ( 'NONE',  ( -18.21667229686638500, 36.36086502380410900, -43.76821019207827800 ) ) ;
#4094 = ORIENTED_EDGE ( 'NONE', *, *, #6241, .F. ) ;
#4095 = FACE_OUTER_BOUND ( 'NONE', #4543, .T. ) ;
#4096 = AXIS2_PLACEMENT_3D ( 'NONE', #1962, #1958, #1946 ) ;
#4097 = CARTESIAN_POINT ( 'NONE',  ( -18.21667103958929300, 36.20677677045449600, -41.54697808229786200 ) ) ;
#4098 = ORIENTED_EDGE ( 'NONE', *, *, #5658, .F. ) ;
#4099 = CARTESIAN_POINT ( 'NONE',  ( -18.20761632477311700, 36.35312026821650000, -43.61797172988593000 ) ) ;
#4100 = DIRECTION ( 'NONE',  ( 1.000000000000000000, 0.0000000000000000000, -0.0000000000000000000 ) ) ;
#4101 = CARTESIAN_POINT ( 'NONE',  ( -18.21648296605285100, 36.36086502380403100, -44.15748238938139300 ) ) ;
#4102 = ORIENTED_EDGE ( 'NONE', *, *, #3482, .T. ) ;
#4103 = CARTESIAN_POINT ( 'NONE',  ( -18.22716239814962000, 35.13188039997036300, -40.92764363491748700 ) ) ;
#4104 = VERTEX_POINT ( 'NONE', #2612 ) ;
#4105 = FACE_OUTER_BOUND ( 'NONE', #5918, .T. ) ;
#4106 = CARTESIAN_POINT ( 'NONE',  ( -18.23765541116995000, 36.36086502380392500, -44.54617842358693000 ) ) ;
#4107 = CARTESIAN_POINT ( 'NONE',  ( -20.12396705855936600, 35.58079251813359200, -45.34027226887610600 ) ) ;
#4108 = PLANE ( 'NONE',  #1863 ) ;
#4109 = DIRECTION ( 'NONE',  ( 0.0000000000000000000, 0.0000000000000000000, -1.000000000000000000 ) ) ;
#4110 = VECTOR ( 'NONE', #3084, 39.37007874015748100 ) ;
#4111 = CARTESIAN_POINT ( 'NONE',  ( -18.28012582722359600, 36.36086502380379700, -44.93312692558634300 ) ) ;
#4112 = ORIENTED_EDGE ( 'NONE', *, *, #6047, .F. ) ;
#4113 = CARTESIAN_POINT ( 'NONE',  ( -19.08674977989307200, 35.20083469946090600, -44.61196295335354000 ) ) ;
#4114 = EDGE_LOOP ( 'NONE', ( #8625, #8940, #3325, #9282 ) ) ;
#4115 = DIRECTION ( 'NONE',  ( 0.0000000000000000000, 1.000000000000000000, 0.0000000000000000000 ) ) ;
#4116 = EDGE_CURVE ( 'NONE', #4480, #4621, #4717, .T. ) ;
#4117 = VECTOR ( 'NONE', #8543, 39.37007874015748100 ) ;
#4118 = ADVANCED_FACE ( 'NONE', ( #4744 ), #2221, .F. ) ;
#4119 = VECTOR ( 'NONE', #9049, 39.37007874015748100 ) ;
#4120 = CARTESIAN_POINT ( 'NONE',  ( -19.86824584288818900, 35.09949018653851700, -39.77279398064489900 ) ) ;
#4121 = VERTEX_POINT ( 'NONE', #2371 ) ;
#4122 =( LENGTH_UNIT ( ) NAMED_UNIT ( * ) SI_UNIT ( $, .METRE. ) );
#4123 = ORIENTED_EDGE ( 'NONE', *, *, #3473, .F. ) ;
#4124 = VERTEX_POINT ( 'NONE', #2080 ) ;
#4125 = LINE ( 'NONE', #2316, #4044 ) ;
#4126 = CARTESIAN_POINT ( 'NONE',  ( -18.21667229688115300, 36.20677677010937900, -43.76821019207825700 ) ) ;
#4127 = CARTESIAN_POINT ( 'NONE',  ( -18.30014871118578400, 36.65484477100496000, -41.39022626594314900 ) ) ;
#4128 = EDGE_CURVE ( 'NONE', #9099, #8967, #4710, .T. ) ;
#4129 = LINE ( 'NONE', #9022, #4137 ) ;
#4130 = ORIENTED_EDGE ( 'NONE', *, *, #8323, .F. ) ;
#4131 = DIRECTION ( 'NONE',  ( -1.281026566875212200E-012, 0.0000000000000000000, 1.000000000000000000 ) ) ;
#4132 = EDGE_LOOP ( 'NONE', ( #9444, #9483, #30, #84 ) ) ;
#4133 = DIRECTION ( 'NONE',  ( 0.0000000000000000000, 0.0000000000000000000, 1.000000000000000000 ) ) ;
#4134 = ORIENTED_EDGE ( 'NONE', *, *, #6342, .T. ) ;
#4135 = CARTESIAN_POINT ( 'NONE',  ( -18.21648296606762000, 36.20677677010929300, -44.15748238938083100 ) ) ;
#4136 = VECTOR ( 'NONE', #2920, 39.37007874015748900 ) ;
#4137 = VECTOR ( 'NONE', #4562, 39.37007874015748100 ) ;
#4138 = DIRECTION ( 'NONE',  ( -1.000000000000000000, 1.264296198619073300E-012, 1.237080429177175400E-014 ) ) ;
#4139 = CARTESIAN_POINT ( 'NONE',  ( -20.12245564180810900, 35.58079251813369800, -45.16708106358966300 ) ) ;
#4140 = CARTESIAN_POINT ( 'NONE',  ( -18.20497137705071100, 36.39275347672330700, -43.73969426259015600 ) ) ;
#4141 = VERTEX_POINT ( 'NONE', #1961 ) ;
#4142 = ORIENTED_EDGE ( 'NONE', *, *, #4160, .T. ) ;
#4143 = CARTESIAN_POINT ( 'NONE',  ( -20.14580489799968500, 36.66740669135898400, -41.50566374504488500 ) ) ;
#4144 = EDGE_CURVE ( 'NONE', #4548, #4480, #4677, .T. ) ;
#4145 = EDGE_CURVE ( 'NONE', #5392, #5234, #4637, .T. ) ;
#4146 = DIRECTION ( 'NONE',  ( 0.9998096356151258100, -0.01745174210666195600, 0.008725206507125878700 ) ) ;
#4147 = CARTESIAN_POINT ( 'NONE',  ( -18.26841952441337100, 35.54535944727540200, -44.61196295335344100 ) ) ;
#4148 = LINE ( 'NONE', #2953, #4180 ) ;
#4149 = LINE ( 'NONE', #8361, #4110 ) ;
#4150 = CARTESIAN_POINT ( 'NONE',  ( -18.23765486488473900, 34.15953267560269100, -40.61869731645715100 ) ) ;
#4151 = VERTEX_POINT ( 'NONE', #1795 ) ;
#4152 = ORIENTED_EDGE ( 'NONE', *, *, #4128, .T. ) ;
#4153 = DIRECTION ( 'NONE',  ( 1.000000000000000000, -1.236807744141249900E-012, 3.030489092610969900E-012 ) ) ;
#4154 = DIRECTION ( 'NONE',  ( -0.0000000000000000000, -0.0000000000000000000, 1.000000000000000000 ) ) ;
#4155 = AXIS2_PLACEMENT_3D ( 'NONE', #3892, #1687, #254 ) ;
#4156 = AXIS2_PLACEMENT_3D ( 'NONE', #2110, #2081, #2068 ) ;
#4157 = FACE_OUTER_BOUND ( 'NONE', #8607, .T. ) ;
#4158 = LINE ( 'NONE', #878, #4359 ) ;
#4159 = CARTESIAN_POINT ( 'NONE',  ( -18.28991281778543200, 34.61908783719968600, -44.61196295335341200 ) ) ;
#4160 = EDGE_CURVE ( 'NONE', #8967, #8925, #4626, .T. ) ;
#4161 = CARTESIAN_POINT ( 'NONE',  ( -18.28012582723828000, 36.20677677010907300, -44.93312692558468100 ) ) ;
#4162 = ORIENTED_EDGE ( 'NONE', *, *, #8338, .T. ) ;
#4163 = ORIENTED_EDGE ( 'NONE', *, *, #6739, .T. ) ;
#4164 = DIRECTION ( 'NONE',  ( 1.000000000000000000, 0.0000000000000000000, 2.841499533867840700E-012 ) ) ;
#4165 = LINE ( 'NONE', #2991, #4117 ) ;
#4166 = CARTESIAN_POINT ( 'NONE',  ( -20.06903324446067000, 35.58079251813375500, -45.16708106358976900 ) ) ;
#4167 = CARTESIAN_POINT ( 'NONE',  ( -18.28991281778786200, 35.18315472284724900, -40.91412831197175100 ) ) ;
#4168 = ADVANCED_FACE ( 'NONE', ( #4596 ), #1640, .F. ) ;
#4169 = DIRECTION ( 'NONE',  ( 1.264251560247140000E-012, -1.000000000000000000, 0.0000000000000000000 ) ) ;
#4170 = VERTEX_POINT ( 'NONE', #2144 ) ;
#4171 = CARTESIAN_POINT ( 'NONE',  ( -18.26841952445768400, 34.52173740001849500, -40.55290783953098100 ) ) ;
#4172 = ORIENTED_EDGE ( 'NONE', *, *, #7430, .F. ) ;
#4173 = DIRECTION ( 'NONE',  ( -1.264129099611980100E-012, -1.000000000000000000, 1.993517598846150100E-013 ) ) ;
#4174 = CARTESIAN_POINT ( 'NONE',  ( -18.26923165331364600, 34.52961418800548200, -40.55290573776464700 ) ) ;
#4175 = EDGE_CURVE ( 'NONE', #4621, #4663, #4608, .T. ) ;
#4176 = DIRECTION ( 'NONE',  ( -0.0000000000000000000, 0.8516583167044392600, -0.5240974256645046800 ) ) ;
#4177 = CARTESIAN_POINT ( 'NONE',  ( -18.32223743862232700, 36.73248352457515900, -44.95701969118780300 ) ) ;
#4178 = DIRECTION ( 'NONE',  ( -0.0000000000000000000, 0.0000000000000000000, -1.000000000000000000 ) ) ;
#4179 = AXIS2_PLACEMENT_3D ( 'NONE', #2164, #2146, #2128 ) ;
#4180 = VECTOR ( 'NONE', #2932, 39.37007874015748100 ) ;
#4181 = DIMENSIONAL_EXPONENTS ( 1.000000000000000000, 0.0000000000000000000, 0.0000000000000000000, 0.0000000000000000000, 0.0000000000000000000, 0.0000000000000000000, 0.0000000000000000000 ) ;
#4182 = B_SPLINE_CURVE_WITH_KNOTS ( 'NONE', 3,
 ( #337, #151, #143, #118 ),
 .UNSPECIFIED., .F., .F.,
 ( 4, 4 ),
 ( 1.406667139968194100E-013, 0.02127248946901886100 ),
 .UNSPECIFIED. ) ;
#4183 = EDGE_LOOP ( 'NONE', ( #9102, #619, #4019, #177 ) ) ;
#4184 = CARTESIAN_POINT ( 'NONE',  ( -18.27007010267474400, 34.53748826273798000, -40.55290573776900200 ) ) ;
#4185 = ORIENTED_EDGE ( 'NONE', *, *, #480, .T. ) ;
#4186 = PLANE ( 'NONE',  #59 ) ;
#4187 = CARTESIAN_POINT ( 'NONE',  ( -18.22730908838063600, 35.21616346460765400, -40.91936406336967700 ) ) ;
#4188 = DIRECTION ( 'NONE',  ( 1.281026566875212200E-012, 0.0000000000000000000, 1.000000000000000000 ) ) ;
#4189 = CARTESIAN_POINT ( 'NONE',  ( -20.18320647280272000, 33.72547749199693400, -40.13164799701693400 ) ) ;
#4190 = CARTESIAN_POINT ( 'NONE',  ( -18.90171040980161600, 26.42391719055614600, -44.41117555177756100 ) ) ;
#4191 = VERTEX_POINT ( 'NONE', #1026 ) ;
#4192 = CARTESIAN_POINT ( 'NONE',  ( -19.08674977989437200, 35.74998962036165300, -44.61196295335327700 ) ) ;
#4193 = CARTESIAN_POINT ( 'NONE',  ( -18.22734175181089400, 35.20966623749924900, -40.91739629602152900 ) ) ;
#4194 = VECTOR ( 'NONE', #4115, 39.37007874015748100 ) ;
#4195 = DIRECTION ( 'NONE',  ( 0.0000000000000000000, 1.000000000000000000, 0.0000000000000000000 ) ) ;
#4196 = ORIENTED_EDGE ( 'NONE', *, *, #468, .T. ) ;
#4197 = FACE_OUTER_BOUND ( 'NONE', #9442, .T. ) ;
#4198 = ORIENTED_EDGE ( 'NONE', *, *, #7141, .F. ) ;
#4199 = DIRECTION ( 'NONE',  ( -0.0000000000000000000, 0.0000000000000000000, -1.000000000000000000 ) ) ;
#4200 = DIRECTION ( 'NONE',  ( 2.832982890422908100E-012, 0.0000000000000000000, 1.000000000000000000 ) ) ;
#4201 = CARTESIAN_POINT ( 'NONE',  ( -18.22739499834781900, 35.18315472284718500, -40.91412831197166600 ) ) ;
#4202 = CARTESIAN_POINT ( 'NONE',  ( -18.21667154495195400, 35.03542027077409000, -43.77010248425387600 ) ) ;
#4203 = ORIENTED_EDGE ( 'NONE', *, *, #4301, .T. ) ;
#4204 = CIRCLE ( 'NONE', #2256, 0.1023622047244069200 ) ;
#4205 = ORIENTED_EDGE ( 'NONE', *, *, #7929, .F. ) ;
#4206 = CARTESIAN_POINT ( 'NONE',  ( -18.23765541118469000, 36.20677677010920100, -44.54617842358581500 ) ) ;
#4207 = CARTESIAN_POINT ( 'NONE',  ( -18.22693175378842100, 35.11548016948214700, -40.93940126365965400 ) ) ;
#4208 = PLANE ( 'NONE',  #5404 ) ;
#4209 = CARTESIAN_POINT ( 'NONE',  ( -17.71312903941042900, 36.71858779372264800, -41.70354544469172700 ) ) ;
#4210 = DIRECTION ( 'NONE',  ( -1.367313719802502600E-036, -1.000000000000000000, -5.152908823220420200E-024 ) ) ;
#4211 = CARTESIAN_POINT ( 'NONE',  ( -18.96076552792307300, 36.71858779372264100, -43.47219917382323500 ) ) ;
#4212 = ORIENTED_EDGE ( 'NONE', *, *, #1681, .F. ) ;
#4213 = ORIENTED_EDGE ( 'NONE', *, *, #4279, .F. ) ;
#4214 = CIRCLE ( 'NONE', #2266, 0.1023622047244069200 ) ;
#4215 = EDGE_LOOP ( 'NONE', ( #9183, #9201, #9261, #9277, #9286, #9352 ) ) ;
#4216 = CARTESIAN_POINT ( 'NONE',  ( -19.70899736155803300, 34.52173740003043200, -44.53322279587441600 ) ) ;
#4217 = CARTESIAN_POINT ( 'NONE',  ( -18.28991281778759500, 34.74312493175462200, -41.63435535922779000 ) ) ;
#4218 = DIRECTION ( 'NONE',  ( 1.000000000000000000, 1.083082623645810000E-012, -1.289195296225029900E-012 ) ) ;
#4219 = EDGE_CURVE ( 'NONE', #5281, #2299, #4586, .T. ) ;
#4220 = ADVANCED_FACE ( 'NONE', ( #4578 ), #872, .T. ) ;
#4221 = VERTEX_POINT ( 'NONE', #1058 ) ;
#4222 = AXIS2_PLACEMENT_3D ( 'NONE', #2288, #2263, #2252 ) ;
#4223 = CARTESIAN_POINT ( 'NONE',  ( -18.90171040981647400, 33.65528093473625400, -41.57324951501698300 ) ) ;
#4224 = ORIENTED_EDGE ( 'NONE', *, *, #956, .T. ) ;
#4225 = FACE_OUTER_BOUND ( 'NONE', #4749, .T. ) ;
#4226 =( BOUNDED_SURFACE ( )  B_SPLINE_SURFACE ( 3, 3, ( 
 ( #4050, #4150, #3987, #3954 ),
 ( #3920, #3841, #3722, #3688 ),
 ( #3679, #3652, #3646, #3466 ),
 ( #3404, #3367, #3237, #3205 ) ),
 .UNSPECIFIED., .F., .F., .T. ) 
 B_SPLINE_SURFACE_WITH_KNOTS ( ( 4, 4 ),
 ( 4, 4 ),
 ( 0.0000000000000000000, 1.000000000000000000 ),
 ( 0.0000000000000000000, 1.000000000000000000 ),
 .UNSPECIFIED. ) 
 GEOMETRIC_REPRESENTATION_ITEM ( )  RATIONAL_B_SPLINE_SURFACE ( (
 ( 1.000000000000000000, 0.9989954450579997500, 0.9989954450579997500, 1.000000000000000000),
 ( 0.9985841621941565800, 0.9975810295390212800, 0.9975810295390212800, 0.9985841621941565800),
 ( 0.9985841621941565800, 0.9975810295390212800, 0.9975810295390212800, 0.9985841621941565800),
 ( 1.000000000000000000, 0.9989954450579997500, 0.9989954450579997500, 1.000000000000000000) ) ) 
 REPRESENTATION_ITEM ( '' )  SURFACE ( )  );
#4227 = CARTESIAN_POINT ( 'NONE',  ( -19.08674977989177200, 34.52173740003043200, -44.53322279587441600 ) ) ;
#4228 = CARTESIAN_POINT ( 'NONE',  ( -18.21667103958638000, 36.20677677045429700, -42.57259287527418200 ) ) ;
#4229 = CARTESIAN_POINT ( 'NONE',  ( -18.27093485365180600, 34.54535944727035000, -40.55290783953109500 ) ) ;
#4230 = ORIENTED_EDGE ( 'NONE', *, *, #4128, .F. ) ;
#4231 = ORIENTED_EDGE ( 'NONE', *, *, #8220, .F. ) ;
#4232 = VECTOR ( 'NONE', #7247, 39.37007874015748100 ) ;
#4233 = AXIS2_PLACEMENT_3D ( 'NONE', #2433, #2422, #2420 ) ;
#4234 = CARTESIAN_POINT ( 'NONE',  ( -18.54839628747428600, 36.66488148616221600, -43.55250414185512400 ) ) ;
#4235 = CARTESIAN_POINT ( 'NONE',  ( -20.18320647280680500, 35.58079251813352100, -45.34027226887592100 ) ) ;
#4236 = AXIS2_PLACEMENT_3D ( 'NONE', #2208, #2185, #2178 ) ;
#4237 = DIRECTION ( 'NONE',  ( -2.841279047498729900E-012, 1.993517598874520100E-013, 1.000000000000000000 ) ) ;
#4238 = DIRECTION ( 'NONE',  ( 1.264251560247140000E-012, -1.000000000000000000, 0.0000000000000000000 ) ) ;
#4239 = LINE ( 'NONE', #913, #4023 ) ;
#4240 = DIRECTION ( 'NONE',  ( -0.008705279710657452800, 0.06975383055496078800, -0.9975262508967216400 ) ) ;
#4241 = CARTESIAN_POINT ( 'NONE',  ( -28.84659229943542200, 33.69890275436013400, -41.39149051309911400 ) ) ;
#4242 = PLANE ( 'NONE',  #5373 ) ;
#4243 = EDGE_LOOP ( 'NONE', ( #1381, #5674, #7071, #2243 ) ) ;
#4244 = ORIENTED_EDGE ( 'NONE', *, *, #4068, .T. ) ;
#4245 = CARTESIAN_POINT ( 'NONE',  ( -19.70899736156279800, 34.52173740001358500, -40.63164799700944500 ) ) ;
#4246 = VERTEX_POINT ( 'NONE', #737 ) ;
#4247 = DIRECTION ( 'NONE',  ( -0.9997900357466731300, 0.01745139999017517700, -0.01073932307219484200 ) ) ;
#4248 = LINE ( 'NONE', #7871, #4194 ) ;
#4249 = FACE_OUTER_BOUND ( 'NONE', #1230, .T. ) ;
#4250 = AXIS2_PLACEMENT_3D ( 'NONE', #2558, #2549, #2510 ) ;
#4251 = DIRECTION ( 'NONE',  ( 0.0000000000000000000, -0.0000000000000000000, 1.000000000000000000 ) ) ;
#4252 = DIRECTION ( 'NONE',  ( 1.000000000000000000, 0.0000000000000000000, -0.0000000000000000000 ) ) ;
#4253 = VERTEX_POINT ( 'NONE', #613 ) ;
#4254 = ORIENTED_EDGE ( 'NONE', *, *, #6674, .F. ) ;
#4255 = VERTEX_POINT ( 'NONE', #705 ) ;
#4256 = LINE ( 'NONE', #2757, #4136 ) ;
#4257 = EDGE_LOOP ( 'NONE', ( #9004, #9025, #9047, #9083, #9109 ) ) ;
#4258 = DIRECTION ( 'NONE',  ( 0.0000000000000000000, 1.000000000000000000, 0.0000000000000000000 ) ) ;
#4259 = ORIENTED_EDGE ( 'NONE', *, *, #2042, .F. ) ;
#4260 = CARTESIAN_POINT ( 'NONE',  ( -18.21667103958948200, 36.06071312592951700, -41.54697808229783400 ) ) ;
#4261 = DIRECTION ( 'NONE',  ( -0.0000000000000000000, -1.000000000000000000, -0.0000000000000000000 ) ) ;
#4262 = AXIS2_PLACEMENT_3D ( 'NONE', #2684, #2709, #2769 ) ;
#4263 = CARTESIAN_POINT ( 'NONE',  ( -18.67884231677417600, 34.61631982535023900, -40.55290783953110200 ) ) ;
#4264 = LINE ( 'NONE', #7530, #4308 ) ;
#4265 = FACE_OUTER_BOUND ( 'NONE', #6629, .T. ) ;
#4266 = DIRECTION ( 'NONE',  ( 1.264251560247140000E-012, 1.000000000000000000, -0.0000000000000000000 ) ) ;
#4267 = CARTESIAN_POINT ( 'NONE',  ( -18.29768877718433000, 34.52173740001358500, -40.24188421747832900 ) ) ;
#4268 = ADVANCED_FACE ( 'NONE', ( #4541 ), #902, .F. ) ;
#4269 = VERTEX_POINT ( 'NONE', #717 ) ;
#4270 = CARTESIAN_POINT ( 'NONE',  ( -19.70899736156149700, 35.54535944726083600, -40.63164799700984300 ) ) ;
#4271 = ORIENTED_EDGE ( 'NONE', *, *, #566, .T. ) ;
#4272 = PLANE ( 'NONE',  #4528 ) ;
#4273 = DIRECTION ( 'NONE',  ( -1.281026566875212200E-012, 0.0000000000000000000, 1.000000000000000000 ) ) ;
#4274 = LINE ( 'NONE', #7499, #4232 ) ;
#4275 = CARTESIAN_POINT ( 'NONE',  ( -19.96853923815725900, 33.68234280973009500, -44.92298657540427300 ) ) ;
#4277 = PLANE ( 'NONE',  #1767 ) ;
#4276 = LINE ( 'NONE', #5965, #4351 ) ;
#4278 = CARTESIAN_POINT ( 'NONE',  ( -19.38112961815067000, 36.56898149450806600, -40.63164799700984300 ) ) ;
#4279 = EDGE_CURVE ( 'NONE', #9035, #8925, #4551, .T. ) ;
#4280 = ORIENTED_EDGE ( 'NONE', *, *, #8351, .F. ) ;
#4281 = ORIENTED_EDGE ( 'NONE', *, *, #4279, .T. ) ;
#4282 = DIRECTION ( 'NONE',  ( 2.769776749013328000E-014, -3.960965289395968200E-013, -1.000000000000000000 ) ) ;
#4283 = FACE_OUTER_BOUND ( 'NONE', #6258, .T. ) ;
#4284 = VERTEX_POINT ( 'NONE', #202 ) ;
#4285 = ORIENTED_EDGE ( 'NONE', *, *, #6356, .T. ) ;
#4286 = EDGE_CURVE ( 'NONE', #4621, #4584, #4560, .T. ) ;
#4287 = AXIS2_PLACEMENT_3D ( 'NONE', #2782, #2718, #2714 ) ;
#4288 = CARTESIAN_POINT ( 'NONE',  ( -17.71465293941996300, 33.65528093473621900, -41.68998048601496700 ) ) ;
#4289 = CYLINDRICAL_SURFACE ( 'NONE', #728, 0.3976377952755904600 ) ;
#4290 = B_SPLINE_CURVE_WITH_KNOTS ( 'NONE', 3,
 ( #7179, #7214, #6912, #6883, #6875, #6842, #6816, #6810, #6753, #6718, #6712, #6684, #6675, #6635, #6468, #6438, #6333, #6298, #6268, #6237, #6164, #6098, #6026, #5995, #5967, #5959, #5926, #5905, #5897, #5868, #5700, #5671, #5638, #5574, #5545, #5511, #5480, #5447, #5412, #5380, #5340, #5309, #5282, #5276, #5241, #5217, #5211, #5154, #5146, #5113, #4955, #4859 ),
 .UNSPECIFIED., .F., .F.,
 ( 4, 2, 2, 2, 2, 2, 2, 2, 2, 2, 2, 2, 2, 2, 2, 2, 2, 2, 2, 2, 2, 2, 2, 2, 2, 4 ),
 ( 0.02397441603749159200, 0.02553856532770987200, 0.02710271461792815000, 0.03023101319836471100, 0.03179516248858298800, 0.03335931177880126900, 0.03648761035923783100, 0.03805175964945622900, 0.03961590893967462800, 0.04274420752011216800, 0.04430835681033087900, 0.04587250610054957600, 0.04743665539076828700, 0.04900080468098699800, 0.05212910326142375400, 0.05369325255164177100, 0.05525740184185978100, 0.05838570042229594700, 0.05994984971251393600, 0.06151399900273192600, 0.06307814829294991500, 0.06464229758316791800, 0.06777059616360398000, 0.06933474545382217700, 0.07089889474404036100, 0.07402719332447707500 ),
 .UNSPECIFIED. ) ;
#4291 = CARTESIAN_POINT ( 'NONE',  ( -18.30014871118578800, 36.61956839187244100, -41.39022626594291400 ) ) ;
#4292 = EDGE_LOOP ( 'NONE', ( #9325, #957, #4254, #347 ) ) ;
#4293 = ORIENTED_EDGE ( 'NONE', *, *, #2364, .T. ) ;
#4294 = CARTESIAN_POINT ( 'NONE',  ( -18.24641077773447200, 34.61908783719999100, -44.15638669374417400 ) ) ;
#4295 = DIRECTION ( 'NONE',  ( 1.000000000000000000, 0.0000000000000000000, 2.841499533867840700E-012 ) ) ;
#4296 = CARTESIAN_POINT ( 'NONE',  ( -19.08674977989653600, 34.52173740001358500, -40.63164799700944500 ) ) ;
#4297 = CIRCLE ( 'NONE', #731, 0.6299212598425202300 ) ;
#4298 = CARTESIAN_POINT ( 'NONE',  ( -18.30926420597521800, 34.72252480158034200, -44.92298657540521800 ) ) ;
#4299 = CARTESIAN_POINT ( 'NONE',  ( -18.27093485365180600, 34.54535944727035000, -40.55290783953109500 ) ) ;
#4300 = ORIENTED_EDGE ( 'NONE', *, *, #8353, .T. ) ;
#4301 = EDGE_CURVE ( 'NONE', #9035, #9099, #4525, .T. ) ;
#4302 = DIRECTION ( 'NONE',  ( -2.841511404609931300E-012, 0.0000000000000000000, 1.000000000000000000 ) ) ;
#4303 = CARTESIAN_POINT ( 'NONE',  ( -19.70899736156020100, 36.19102873860212800, -40.63164799700984300 ) ) ;
#4304 = AXIS2_PLACEMENT_3D ( 'NONE', #2929, #2908, #2895 ) ;
#4305 = CARTESIAN_POINT ( 'NONE',  ( -18.22738448852819500, 35.19656220455480900, -44.25007969467474600 ) ) ;
#4306 = LINE ( 'NONE', #8203, #4366 ) ;
#4307 = EDGE_LOOP ( 'NONE', ( #5311, #5994, #6090, #6189, #6303 ) ) ;
#4308 = VECTOR ( 'NONE', #7491, 39.37007874015748100 ) ;
#4309 = CARTESIAN_POINT ( 'NONE',  ( -16.35033292560271800, 34.87875357012496400, -43.58440389826063200 ) ) ;
#4310 = CARTESIAN_POINT ( 'NONE',  ( -18.27289019900544900, 34.56314632028228600, -40.55289709828218000 ) ) ;
#4311 = DIRECTION ( 'NONE',  ( 1.000000000000000000, 0.0000000000000000000, -0.0000000000000000000 ) ) ;
#4312 = DIRECTION ( 'NONE',  ( -1.000000000000000000, -4.795779803996356000E-015, 2.841499533867840700E-012 ) ) ;
#4313 = VERTEX_POINT ( 'NONE', #106 ) ;
#4314 = ADVANCED_FACE ( 'NONE', ( #4502 ), #4353, .T. ) ;
#4315 = VECTOR ( 'NONE', #8487, 39.37007874015748900 ) ;
#4316 = ORIENTED_EDGE ( 'NONE', *, *, #4301, .F. ) ;
#4317 = CARTESIAN_POINT ( 'NONE',  ( -19.93744475792362500, 36.14820575110528000, -45.03322279586771500 ) ) ;
#4318 = CYLINDRICAL_SURFACE ( 'NONE', #2302, 0.1417322834645666200 ) ;
#4319 = ORIENTED_EDGE ( 'NONE', *, *, #8354, .F. ) ;
#4320 = CARTESIAN_POINT ( 'NONE',  ( -19.08674977989177200, 34.52173740003043200, -44.61196295335354700 ) ) ;
#4321 = DIRECTION ( 'NONE',  ( 2.841279047498729900E-012, 1.993517598874520100E-013, 1.000000000000000000 ) ) ;
#4322 = ORIENTED_EDGE ( 'NONE', *, *, #3996, .F. ) ;
#4323 = CIRCLE ( 'NONE', #2311, 0.3976377952755904600 ) ;
#4324 = DIRECTION ( 'NONE',  ( 0.0000000000000000000, -0.8516583167045623800, -0.5240974256643045100 ) ) ;
#4325 = ORIENTED_EDGE ( 'NONE', *, *, #6573, .F. ) ;
#4326 = CARTESIAN_POINT ( 'NONE',  ( -18.21667230359009100, 34.31325884994970500, -43.76819641165997900 ) ) ;
#4327 = CARTESIAN_POINT ( 'NONE',  ( -18.43969898051617700, 33.70902881569455200, -45.03322279586692600 ) ) ;
#4328 = CARTESIAN_POINT ( 'NONE',  ( -21.74423009470482200, 34.15953267525742400, -43.47219917381247700 ) ) ;
#4329 = ORIENTED_EDGE ( 'NONE', *, *, #4145, .F. ) ;
#4330 = CARTESIAN_POINT ( 'NONE',  ( -17.83478127594755900, 35.18315472285346600, -42.58243539858779100 ) ) ;
#4331 = CARTESIAN_POINT ( 'NONE',  ( -18.22739499834435900, 34.15953267562083100, -44.25074248091257800 ) ) ;
#4332 = ORIENTED_EDGE ( 'NONE', *, *, #7537, .T. ) ;
#4333 = EDGE_CURVE ( 'NONE', #4896, #5111, #4534, .T. ) ;
#4334 = CARTESIAN_POINT ( 'NONE',  ( -18.22271484072461700, 35.09367193579352300, -41.06797504645058400 ) ) ;
#4335 = FACE_OUTER_BOUND ( 'NONE', #6822, .T. ) ;
#4336 = CARTESIAN_POINT ( 'NONE',  ( -18.27720357979365300, 34.59867375020962000, -40.55290783952796100 ) ) ;
#4337 = CARTESIAN_POINT ( 'NONE',  ( -18.54344269327106400, 36.68883963849098300, -43.46857138996890100 ) ) ;
#4338 = CARTESIAN_POINT ( 'NONE',  ( -18.21667229634996600, 34.00873062846747500, -43.76821124715961300 ) ) ;
#4339 = CARTESIAN_POINT ( 'NONE',  ( -19.12218285076154300, 36.75795787246194400, -44.33637240217033300 ) ) ;
#4340 = CARTESIAN_POINT ( 'NONE',  ( -18.27996288974367500, 34.72252480158875400, -40.55290783953110900 ) ) ;
#4341 = CARTESIAN_POINT ( 'NONE',  ( -18.22739499834695600, 36.20677677010950600, -44.25074248091298300 ) ) ;
#4342 = CARTESIAN_POINT ( 'NONE',  ( -18.27497985430329300, 34.58091843438992900, -40.55289709830885400 ) ) ;
#4343 = ORIENTED_EDGE ( 'NONE', *, *, #6590, .T. ) ;
#4344 = PLANE ( 'NONE',  #7 ) ;
#4345 = ORIENTED_EDGE ( 'NONE', *, *, #8252, .F. ) ;
#4346 = FACE_OUTER_BOUND ( 'NONE', #2123, .T. ) ;
#4347 = AXIS2_PLACEMENT_3D ( 'NONE', #3123, #3060, #3050 ) ;
#4348 = CARTESIAN_POINT ( 'NONE',  ( -18.20359440891854400, 35.02557580348182100, -43.73968990380039700 ) ) ;
#4349 = AXIS2_PLACEMENT_3D ( 'NONE', #2948, #2943, #2939 ) ;
#4350 = AXIS2_PLACEMENT_3D ( 'NONE', #3202, #3149, #3133 ) ;
#4351 = VECTOR ( 'NONE', #6751, 39.37007874015748100 ) ;
#4352 =( BOUNDED_SURFACE ( )  B_SPLINE_SURFACE ( 3, 3, ( 
 ( #1649, #2722, #851, #792 ),
 ( #760, #784, #720, #495 ),
 ( #203, #87, #109, #49 ),
 ( #81, #9377, #9349, #9319 ) ),
 .UNSPECIFIED., .F., .F., .T. ) 
 B_SPLINE_SURFACE_WITH_KNOTS ( ( 4, 4 ),
 ( 4, 4 ),
 ( 0.0000000000000000000, 1.000000000000000000 ),
 ( 0.0000000000000000000, 1.000000000000000000 ),
 .UNSPECIFIED. ) 
 GEOMETRIC_REPRESENTATION_ITEM ( )  RATIONAL_B_SPLINE_SURFACE ( (
 ( 1.000000000000000000, 0.9994673074411691800, 0.9994673074411691800, 1.000000000000000000),
 ( 0.9986983324199878400, 0.9981663332497909800, 0.9981663332497909800, 0.9986983324199878400),
 ( 0.9986983324199878400, 0.9981663332497909800, 0.9981663332497909800, 0.9986983324199878400),
 ( 1.000000000000000000, 0.9994673074411691800, 0.9994673074411691800, 1.000000000000000000) ) ) 
 REPRESENTATION_ITEM ( '' )  SURFACE ( )  );
#4353 =( BOUNDED_SURFACE ( )  B_SPLINE_SURFACE ( 3, 3, ( 
 ( #18, #8321, #8432, #8362 ),
 ( #8265, #8327, #8233, #8013 ),
 ( #7942, #7774, #7741, #7706 ),
 ( #7570, #7463, #7144, #7110 ) ),
 .UNSPECIFIED., .F., .F., .T. ) 
 B_SPLINE_SURFACE_WITH_KNOTS ( ( 4, 4 ),
 ( 4, 4 ),
 ( 0.0000000000000000000, 1.000000000000000000 ),
 ( 0.0000000000000000000, 1.000000000000000000 ),
 .UNSPECIFIED. ) 
 GEOMETRIC_REPRESENTATION_ITEM ( )  RATIONAL_B_SPLINE_SURFACE ( (
 ( 1.000928791985660000, 0.9940835360964660500, 0.9942357083301539600, 1.001385308686719900),
 ( 0.9998228890310659800, 0.9929851963059830300, 0.9931372004081080500, 1.000278901337440000),
 ( 0.9998228890310659800, 0.9929851963059830300, 0.9931372004081080500, 1.000278901337440000),
 ( 1.000928791985660000, 0.9940835360964660500, 0.9942357083301549500, 1.001385308686719900) ) ) 
 REPRESENTATION_ITEM ( '' )  SURFACE ( )  );
#4354 = VERTEX_POINT ( 'NONE', #6204 ) ;
#4355 = ORIENTED_EDGE ( 'NONE', *, *, #3035, .F. ) ;
#4356 = LINE ( 'NONE', #8516, #4315 ) ;
#4357 = CARTESIAN_POINT ( 'NONE',  ( -18.27720357979365300, 34.59867375020962000, -40.55290783952796100 ) ) ;
#4358 = DIRECTION ( 'NONE',  ( 1.000000000000000000, -0.0000000000000000000, 1.552565295730630100E-012 ) ) ;
#4359 = VECTOR ( 'NONE', #6034, 39.37007874015748900 ) ;
#4360 = DIRECTION ( 'NONE',  ( 2.892025909909928900E-012, -0.5240974256643046200, 0.8516583167045624900 ) ) ;
#4361 = VERTEX_POINT ( 'NONE', #9500 ) ;
#4362 = ORIENTED_EDGE ( 'NONE', *, *, #6271, .T. ) ;
#4363 = CARTESIAN_POINT ( 'NONE',  ( -20.18320647280272000, 33.72547749199693400, -45.03322279586732400 ) ) ;
#4364 = ORIENTED_EDGE ( 'NONE', *, *, #6489, .T. ) ;
#4365 = EDGE_CURVE ( 'NONE', #4695, #4663, #4484, .T. ) ;
#4366 = VECTOR ( 'NONE', #8225, 39.37007874015748100 ) ;
#4367 = ADVANCED_FACE ( 'NONE', ( #4455 ), #6063, .F. ) ;
#4368 = CARTESIAN_POINT ( 'NONE',  ( -18.27720357974567400, 35.62229579744198600, -44.61196295334649200 ) ) ;
#4369 = CARTESIAN_POINT ( 'NONE',  ( -18.25491234143511900, 34.59711499498176600, -40.83140224806157900 ) ) ;
#4370 = VECTOR ( 'NONE', #6682, 39.37007874015748100 ) ;
#4371 = CARTESIAN_POINT ( 'NONE',  ( -18.29768877701640800, 36.56898149451820500, -44.92298657540595700 ) ) ;
#4372 = CARTESIAN_POINT ( 'NONE',  ( -20.12046289247196300, 34.78551692757826400, -40.22613618598772700 ) ) ;
#4373 = EDGE_LOOP ( 'NONE', ( #6230, #7776, #6330, #6363 ) ) ;
#4374 = ORIENTED_EDGE ( 'NONE', *, *, #8381, .T. ) ;
#4375 = CARTESIAN_POINT ( 'NONE',  ( -19.05599968172374000, 35.64378464412362000, -44.61196295335354000 ) ) ;
#4376 = FACE_OUTER_BOUND ( 'NONE', #238, .T. ) ;
#4377 = EDGE_CURVE ( 'NONE', #8925, #8967, #4492, .T. ) ;
#4378 = VERTEX_POINT ( 'NONE', #5608 ) ;
#4379 = ORIENTED_EDGE ( 'NONE', *, *, #3858, .T. ) ;
#4380 = CARTESIAN_POINT ( 'NONE',  ( -18.28991281778556300, 35.18315472286465000, -44.14838027618809200 ) ) ;
#4381 = DIRECTION ( 'NONE',  ( -1.000000000000000000, 0.0000000000000000000, -1.552565295730630100E-012 ) ) ;
#4382 = LINE ( 'NONE', #9023, #4438 ) ;
#4383 = CYLINDRICAL_SURFACE ( 'NONE', #260, 3.645669291338583300 ) ;
#4384 = VERTEX_POINT ( 'NONE', #4466 ) ;
#4385 = AXIS2_PLACEMENT_3D ( 'NONE', #3311, #3265, #3259 ) ;
#4386 = ORIENTED_EDGE ( 'NONE', *, *, #4377, .T. ) ;
#4387 = DIRECTION ( 'NONE',  ( -2.769776749013320200E-014, -3.960965289395968200E-013, -1.000000000000000000 ) ) ;
#4388 = FACE_OUTER_BOUND ( 'NONE', #2990, .T. ) ;
#4389 = LINE ( 'NONE', #8886, #4456 ) ;
#4390 = DIRECTION ( 'NONE',  ( -1.000000000000000000, -0.0000000000000000000, 0.0000000000000000000 ) ) ;
#4391 = CARTESIAN_POINT ( 'NONE',  ( -18.24369705730417100, 34.74635665254123000, -41.58046689462362600 ) ) ;
#4392 = DIRECTION ( 'NONE',  ( -0.9975640502597361600, 0.06975647374538644600, 0.0000000000000000000 ) ) ;
#4393 = ORIENTED_EDGE ( 'NONE', *, *, #8353, .F. ) ;
#4394 = CARTESIAN_POINT ( 'NONE',  ( -18.24369705729924000, 34.59633074591543800, -43.61765685810296100 ) ) ;
#4395 = ORIENTED_EDGE ( 'NONE', *, *, #6531, .F. ) ;
#4396 = CARTESIAN_POINT ( 'NONE',  ( -18.24369720413724500, 34.59633075618513200, -41.38973362110413500 ) ) ;
#4397 = CARTESIAN_POINT ( 'NONE',  ( -19.38112961815067000, 35.84457204568146000, -40.63164799700984300 ) ) ;
#4398 = FACE_OUTER_BOUND ( 'NONE', #1911, .T. ) ;
#4399 = AXIS2_PLACEMENT_3D ( 'NONE', #3184, #3172, #3167 ) ;
#4400 = VERTEX_POINT ( 'NONE', #4792 ) ;
#4401 = DIRECTION ( 'NONE',  ( 0.0000000000000000000, 1.000000000000000000, -0.0000000000000000000 ) ) ;
#4402 = CARTESIAN_POINT ( 'NONE',  ( -18.24374390442088500, 34.59633402178702300, -41.11034418953372700 ) ) ;
#4403 = ORIENTED_EDGE ( 'NONE', *, *, #7587, .T. ) ;
#4404 = CARTESIAN_POINT ( 'NONE',  ( -18.27794077833781800, 35.76175179559585600, -44.61196295335314900 ) ) ;
#4405 = DIRECTION ( 'NONE',  ( 0.9974128555600274600, -0.06974590117951826000, 0.01740990615278302900 ) ) ;
#4406 = ADVANCED_FACE ( 'NONE', ( #4475 ), #4016, .F. ) ;
#4407 = CARTESIAN_POINT ( 'NONE',  ( -18.22734182597583100, 35.20964966168080700, -44.24747896691066300 ) ) ;
#4408 = VERTEX_POINT ( 'NONE', #3876 ) ;
#4409 = ORIENTED_EDGE ( 'NONE', *, *, #7386, .T. ) ;
#4410 = EDGE_CURVE ( 'NONE', #4584, #4695, #4445, .T. ) ;
#4411 = CARTESIAN_POINT ( 'NONE',  ( -18.28991281778543200, 35.62318451396275500, -43.67360150133317400 ) ) ;
#4412 = CARTESIAN_POINT ( 'NONE',  ( -21.74423009470708800, 34.15953267596610500, -42.57259287528386000 ) ) ;
#4413 = VECTOR ( 'NONE', #2592, 39.37007874015748100 ) ;
#4414 = EDGE_LOOP ( 'NONE', ( #7391, #7399, #7407, #7416 ) ) ;
#4415 = DIRECTION ( 'NONE',  ( 0.0000000000000000000, -0.0000000000000000000, -1.000000000000000000 ) ) ;
#4416 = DIRECTION ( 'NONE',  ( -1.000000000000000000, 0.0000000000000000000, -0.0000000000000000000 ) ) ;
#4417 = CARTESIAN_POINT ( 'NONE',  ( -18.28991281778759900, 34.59956246670977700, -41.69267161906146400 ) ) ;
#4418 = CARTESIAN_POINT ( 'NONE',  ( -18.22453347097642200, 35.34073364223027600, -40.60822255333937400 ) ) ;
#4419 = CIRCLE ( 'NONE', #2391, 0.3976377952755904600 ) ;
#4420 = ORIENTED_EDGE ( 'NONE', *, *, #4377, .F. ) ;
#4421 = CARTESIAN_POINT ( 'NONE',  ( -18.24369705720896900, 33.72273460532666400, -43.67319818250047100 ) ) ;
#4422 = VECTOR ( 'NONE', #5184, 39.37007874015748100 ) ;
#4423 = DIRECTION ( 'NONE',  ( 0.0000000000000000000, 0.0000000000000000000, 1.000000000000000000 ) ) ;
#4424 = DIRECTION ( 'NONE',  ( 2.769776749013320200E-014, 3.960965289395968200E-013, 1.000000000000000000 ) ) ;
#4425 = AXIS2_PLACEMENT_3D ( 'NONE', #3443, #3392, #3377 ) ;
#4426 = CARTESIAN_POINT ( 'NONE',  ( -18.20761632474061300, 34.01318917751242300, -43.61797172988573100 ) ) ;
#4427 = DIRECTION ( 'NONE',  ( 0.0000000000000000000, -1.000000000000000000, 0.0000000000000000000 ) ) ;
#4428 = CARTESIAN_POINT ( 'NONE',  ( -17.83478127594755900, 35.18315472285346600, -42.58243539858779100 ) ) ;
#4429 = VERTEX_POINT ( 'NONE', #3433 ) ;
#4430 = ORIENTED_EDGE ( 'NONE', *, *, #7191, .F. ) ;
#4431 = ORIENTED_EDGE ( 'NONE', *, *, #8382, .T. ) ;
#4432 = CARTESIAN_POINT ( 'NONE',  ( -19.02375765391047200, 36.69299724253402000, -40.89936453244473600 ) ) ;
#4433 = CARTESIAN_POINT ( 'NONE',  ( -18.30014871118362400, 36.64752232457980300, -43.53069410184056000 ) ) ;
#4434 = VERTEX_POINT ( 'NONE', #3713 ) ;
#4435 = PLANE ( 'NONE',  #2200 ) ;
#4436 = EDGE_CURVE ( 'NONE', #4548, #4671, #4464, .T. ) ;
#4437 = ORIENTED_EDGE ( 'NONE', *, *, #1849, .T. ) ;
#4438 = VECTOR ( 'NONE', #9016, 39.37007874015748100 ) ;
#4439 = ORIENTED_EDGE ( 'NONE', *, *, #4465, .F. ) ;
#4440 = CARTESIAN_POINT ( 'NONE',  ( -18.21667103973771500, 34.15953267560307400, -41.01649051669566900 ) ) ;
#4441 = CARTESIAN_POINT ( 'NONE',  ( -18.21667103959075000, 35.32921836749432000, -41.49190846286610000 ) ) ;
#4442 = DIRECTION ( 'NONE',  ( -1.281026566875212200E-012, 0.0000000000000000000, 1.000000000000000000 ) ) ;
#4443 = ORIENTED_EDGE ( 'NONE', *, *, #8365, .F. ) ;
#4444 = ORIENTED_EDGE ( 'NONE', *, *, #3446, .T. ) ;
#4445 = LINE ( 'NONE', #3756, #4422 ) ;
#4446 = DIRECTION ( 'NONE',  ( 1.000000000000000000, 0.0000000000000000000, -2.653479358379120200E-013 ) ) ;
#4447 = DIRECTION ( 'NONE',  ( -1.264129099611980100E-012, -1.000000000000000000, 1.993517598846150100E-013 ) ) ;
#4448 = ADVANCED_FACE ( 'NONE', ( #4398 ), #3331, .F. ) ;
#4449 =( BOUNDED_SURFACE ( )  B_SPLINE_SURFACE ( 3, 3, ( 
 ( #4782, #4348, #4040, #4005 ),
 ( #3947, #3910, #3872, #3839 ),
 ( #3806, #3711, #3664, #3626 ),
 ( #3608, #3596, #3566, #3538 ) ),
 .UNSPECIFIED., .F., .F., .T. ) 
 B_SPLINE_SURFACE_WITH_KNOTS ( ( 4, 4 ),
 ( 4, 4 ),
 ( 0.0000000000000000000, 1.000000000000000000 ),
 ( 0.0000000000000000000, 1.000000000000000000 ),
 .UNSPECIFIED. ) 
 GEOMETRIC_REPRESENTATION_ITEM ( )  RATIONAL_B_SPLINE_SURFACE ( (
 ( 1.000928791985660000, 0.9940835360964660500, 0.9942357083301539600, 1.001385308686719900),
 ( 0.9998228890310659800, 0.9929851963059830300, 0.9931372004081080500, 1.000278901337440000),
 ( 0.9998228890310659800, 0.9929851963059830300, 0.9931372004081080500, 1.000278901337440000),
 ( 1.000928791985660000, 0.9940835360964660500, 0.9942357083301549500, 1.001385308686719900) ) ) 
 REPRESENTATION_ITEM ( '' )  SURFACE ( )  );
#4450 = DIRECTION ( 'NONE',  ( -1.000000000000000000, 0.0000000000000000000, 0.0000000000000000000 ) ) ;
#4451 = ORIENTED_EDGE ( 'NONE', *, *, #7351, .F. ) ;
#4452 = DIRECTION ( 'NONE',  ( -1.000000000000000000, -0.0000000000000000000, 0.0000000000000000000 ) ) ;
#4453 = VERTEX_POINT ( 'NONE', #2686 ) ;
#4454 = DIRECTION ( 'NONE',  ( -0.0000000000000000000, 0.0000000000000000000, -1.000000000000000000 ) ) ;
#4455 = FACE_OUTER_BOUND ( 'NONE', #9484, .T. ) ;
#4456 = VECTOR ( 'NONE', #3650, 39.37007874015748100 ) ;
#4457 = DIRECTION ( 'NONE',  ( 1.000000000000000000, 1.083082623645810000E-012, -1.289195296225029900E-012 ) ) ;
#4458 = DIRECTION ( 'NONE',  ( -1.281026566875212200E-012, 0.0000000000000000000, 1.000000000000000000 ) ) ;
#4459 = VERTEX_POINT ( 'NONE', #2026 ) ;
#4460 = ORIENTED_EDGE ( 'NONE', *, *, #6491, .F. ) ;
#4461 = PLANE ( 'NONE',  #5814 ) ;
#4462 = CARTESIAN_POINT ( 'NONE',  ( -18.22217832508398100, 35.10137802236261700, -41.07948710374365900 ) ) ;
#4463 = ORIENTED_EDGE ( 'NONE', *, *, #8367, .F. ) ;
#4464 = LINE ( 'NONE', #3268, #4413 ) ;
#4465 = EDGE_CURVE ( 'NONE', #9120, #9208, #4419, .T. ) ;
#4466 = CARTESIAN_POINT ( 'NONE',  ( -18.12382062248853700, 35.61157021625165700, -43.52761628360377700 ) ) ;
#4467 = LINE ( 'NONE', #5903, #4370 ) ;
#4468 = ADVANCED_FACE ( 'NONE', ( #4388 ), #4352, .T. ) ;
#4469 = ORIENTED_EDGE ( 'NONE', *, *, #8367, .T. ) ;
#4470 = CARTESIAN_POINT ( 'NONE',  ( -19.09375929415956800, 35.74722160851220600, -40.24188421747953000 ) ) ;
#4471 = ORIENTED_EDGE ( 'NONE', *, *, #7231, .F. ) ;
#4472 = ORIENTED_EDGE ( 'NONE', *, *, #6852, .T. ) ;
#4473 = DIRECTION ( 'NONE',  ( 1.000000000000000000, -1.083082623645810000E-012, 1.289195296225029900E-012 ) ) ;
#4474 = VECTOR ( 'NONE', #6001, 39.37007874015748100 ) ;
#4475 = FACE_OUTER_BOUND ( 'NONE', #576, .T. ) ;
#4476 = CYLINDRICAL_SURFACE ( 'NONE', #273, 3.543307086614172300 ) ;
#4477 = AXIS2_PLACEMENT_3D ( 'NONE', #3567, #3553, #3536 ) ;
#4478 = CARTESIAN_POINT ( 'NONE',  ( -19.38112961815067000, 35.84457204568146000, -40.55290783953070400 ) ) ;
#4479 = CARTESIAN_POINT ( 'NONE',  ( -18.21667103959075000, 35.18315472321045000, -41.49190846286607100 ) ) ;
#4480 = VERTEX_POINT ( 'NONE', #1672 ) ;
#4481 = CARTESIAN_POINT ( 'NONE',  ( -18.28991281778759900, 35.62318451395378100, -40.55290783953092400 ) ) ;
#4482 = ORIENTED_EDGE ( 'NONE', *, *, #8427, .T. ) ;
#4483 = DIRECTION ( 'NONE',  ( -1.000000000000000000, 1.083082623645810000E-012, -1.289195296225029900E-012 ) ) ;
#4484 = LINE ( 'NONE', #6137, #4474 ) ;
#4486 = CARTESIAN_POINT ( 'NONE',  ( -18.27902115916499400, 35.63662454934812700, -40.55290783953110900 ) ) ;
#4485 = LINE ( 'NONE', #5873, #4597 ) ;
#4487 = CARTESIAN_POINT ( 'NONE',  ( -20.05722222084484200, 34.47449330553205000, -45.03322279586752300 ) ) ;
#4488 = ORIENTED_EDGE ( 'NONE', *, *, #4773, .F. ) ;
#4489 = EDGE_LOOP ( 'NONE', ( #9347, #9382, #9411, #357, #430, #492, #527, #621, #655, #701, #727, #780, #1285, #1358, #1424 ) ) ;
#4490 = DIRECTION ( 'NONE',  ( 2.520307734721816100E-025, 1.993517598846150100E-013, 1.000000000000000000 ) ) ;
#4491 = EDGE_CURVE ( 'NONE', #4731, #4480, #4382, .T. ) ;
#4492 = CIRCLE ( 'NONE', #2497, 0.1830708661417339800 ) ;
#4493 = FACE_OUTER_BOUND ( 'NONE', #5163, .T. ) ;
#4494 = DIRECTION ( 'NONE',  ( -2.841279047498729900E-012, 1.993517598874519800E-013, 1.000000000000000000 ) ) ;
#4495 = DIRECTION ( 'NONE',  ( -2.841511404609931300E-012, 0.0000000000000000000, 1.000000000000000000 ) ) ;
#4496 = ADVANCED_FACE ( 'NONE', ( #4346 ), #9072, .T. ) ;
#4497 = DIRECTION ( 'NONE',  ( 2.841215912481556800E-012, 0.0000000000000000000, -1.000000000000000000 ) ) ;
#4498 = ORIENTED_EDGE ( 'NONE', *, *, #6097, .T. ) ;
#4499 = ORIENTED_EDGE ( 'NONE', *, *, #7541, .T. ) ;
#4500 = CARTESIAN_POINT ( 'NONE',  ( -19.70899736155933000, 34.82094999845106300, -44.53322279587441600 ) ) ;
#4501 = CARTESIAN_POINT ( 'NONE',  ( -18.22581165753206300, 34.45471312841041100, -41.11162288163458800 ) ) ;
#4502 = FACE_OUTER_BOUND ( 'NONE', #3306, .T. ) ;
#4503 = CARTESIAN_POINT ( 'NONE',  ( -18.21667103959075000, 35.03709107868473900, -41.49190846286605000 ) ) ;
#4504 = DIRECTION ( 'NONE',  ( 1.000000000000000000, -1.264251560246800100E-012, 2.841279047499280000E-012 ) ) ;
#4505 = ORIENTED_EDGE ( 'NONE', *, *, #1114, .F. ) ;
#4506 = ORIENTED_EDGE ( 'NONE', *, *, #7601, .T. ) ;
#4507 = DIRECTION ( 'NONE',  ( 1.757207942762898200E-012, 0.5240974256645046800, 0.8516583167044392600 ) ) ;
#4508 = CARTESIAN_POINT ( 'NONE',  ( -18.22569118974479400, 34.89130621958293700, -41.49182974520817900 ) ) ;
#4509 = CARTESIAN_POINT ( 'NONE',  ( -18.22782331421316100, 35.03542027053689600, -40.82821409397220000 ) ) ;
#4510 = CARTESIAN_POINT ( 'NONE',  ( -18.12582475745096700, 36.65180193507352900, -42.57259287527406100 ) ) ;
#4511 = CARTESIAN_POINT ( 'NONE',  ( -18.24369720413724500, 34.59633075618513200, -41.38973362110413500 ) ) ;
#4512 = VERTEX_POINT ( 'NONE', #8919 ) ;
#4513 = ADVANCED_FACE ( 'NONE', ( #4376 ), #4318, .F. ) ;
#4514 = ORIENTED_EDGE ( 'NONE', *, *, #7309, .F. ) ;
#4515 = DIRECTION ( 'NONE',  ( -0.0000000000000000000, -0.8516583167045623800, -0.5240974256643045100 ) ) ;
#4516 = DIRECTION ( 'NONE',  ( -1.000000000000000000, -0.0000000000000000000, 1.134155878637920100E-012 ) ) ;
#4517 = AXIS2_PLACEMENT_3D ( 'NONE', #3412, #3401, #3394 ) ;
#4518 = EDGE_CURVE ( 'NONE', #9074, #9076, #4323, .T. ) ;
#4519 = VECTOR ( 'NONE', #6403, 39.37007874015748100 ) ;
#4520 = FACE_OUTER_BOUND ( 'NONE', #5015, .T. ) ;
#4521 = EDGE_LOOP ( 'NONE', ( #5280, #1145, #5103, #6679 ) ) ;
#4522 = CARTESIAN_POINT ( 'NONE',  ( -18.20761632477088200, 34.30587617373715400, -43.61797172988553200 ) ) ;
#4523 = DIRECTION ( 'NONE',  ( -1.000000000000000000, 1.264251560246800100E-012, -2.841279047499280000E-012 ) ) ;
#4524 = CARTESIAN_POINT ( 'NONE',  ( -18.28991281778773000, 35.18315472284724900, -41.01649051669615900 ) ) ;
#4525 = CIRCLE ( 'NONE', #2541, 0.1830708661417339800 ) ;
#4526 = EDGE_LOOP ( 'NONE', ( #8500, #8507, #8517, #8523 ) ) ;
#4527 = VECTOR ( 'NONE', #548, 39.37007874015748100 ) ;
#4528 = AXIS2_PLACEMENT_3D ( 'NONE', #4375, #4258, #4251 ) ;
#4529 = ORIENTED_EDGE ( 'NONE', *, *, #8371, .F. ) ;
#4530 = EDGE_CURVE ( 'NONE', #5488, #5406, #4356, .T. ) ;
#4531 = CARTESIAN_POINT ( 'NONE',  ( -18.21667122637776600, 34.15953267525834000, -41.38949776896909300 ) ) ;
#4532 = CARTESIAN_POINT ( 'NONE',  ( -19.38112961815067000, 36.19102873860212800, -40.63164799700984300 ) ) ;
#4533 = AXIS2_PLACEMENT_3D ( 'NONE', #4440, #4483, #4458 ) ;
#4534 = LINE ( 'NONE', #6848, #4519 ) ;
#4535 = ORIENTED_EDGE ( 'NONE', *, *, #6108, .T. ) ;
#4536 = VECTOR ( 'NONE', #268, 39.37007874015748100 ) ;
#4537 = CARTESIAN_POINT ( 'NONE',  ( -18.24980009188259800, 34.03879776723751900, -40.55290783953089600 ) ) ;
#4538 = ADVANCED_FACE ( 'NONE', ( #4335 ), #4289, .T. ) ;
#4539 = ORIENTED_EDGE ( 'NONE', *, *, #3895, .T. ) ;
#4540 = ORIENTED_EDGE ( 'NONE', *, *, #549, .T. ) ;
#4541 = FACE_OUTER_BOUND ( 'NONE', #940, .T. ) ;
#4542 = CARTESIAN_POINT ( 'NONE',  ( -18.22730908837847300, 35.15014598110424500, -44.24550672951458800 ) ) ;
#4543 = EDGE_LOOP ( 'NONE', ( #6383, #6561, #6765, #6941, #7105, #7274 ) ) ;
#4544 = AXIS2_PLACEMENT_3D ( 'NONE', #4623, #4602, #4616 ) ;
#4545 = DIRECTION ( 'NONE',  ( 1.000000000000000000, 0.0000000000000000000, 0.0000000000000000000 ) ) ;
#4546 = CARTESIAN_POINT ( 'NONE',  ( -18.90171040981386200, 36.62705161101102600, -43.77519476291653400 ) ) ;
#4547 = EDGE_CURVE ( 'NONE', #4691, #4713, #4306, .T. ) ;
#4548 = VERTEX_POINT ( 'NONE', #7980 ) ;
#4549 = DIRECTION ( 'NONE',  ( -2.260959703907213000E-025, 1.000000000000000000, -1.993517598852940400E-013 ) ) ;
#4550 = ORIENTED_EDGE ( 'NONE', *, *, #3985, .T. ) ;
#4551 = LINE ( 'NONE', #454, #4527 ) ;
#4552 = CARTESIAN_POINT ( 'NONE',  ( -18.21667122637758100, 34.30510149166347800, -41.38949776896912200 ) ) ;
#4553 = CARTESIAN_POINT ( 'NONE',  ( -20.17926946493974000, 34.46170765772752300, -45.21038815018976500 ) ) ;
#4554 = CARTESIAN_POINT ( 'NONE',  ( -17.74423009484521100, 35.18315472285335200, -42.58243539858779800 ) ) ;
#4555 = CARTESIAN_POINT ( 'NONE',  ( -19.01982064603389900, 33.69883403362767600, -44.26550626043954400 ) ) ;
#4556 = EDGE_CURVE ( 'NONE', #9228, #9263, #4297, .T. ) ;
#4557 = ADVANCED_FACE ( 'NONE', ( #4283 ), #8039, .T. ) ;
#4558 = ORIENTED_EDGE ( 'NONE', *, *, #7645, .T. ) ;
#4559 = VERTEX_POINT ( 'NONE', #7671 ) ;
#4560 = LINE ( 'NONE', #142, #4536 ) ;
#4561 = CARTESIAN_POINT ( 'NONE',  ( -18.22734175180871900, 35.15664320821264300, -44.24747449686272900 ) ) ;
#4562 = DIRECTION ( 'NONE',  ( -8.043665959309977500E-029, 9.423643207506899800E-017, 1.000000000000000000 ) ) ;
#4563 = VECTOR ( 'NONE', #8860, 39.37007874015748900 ) ;
#4564 = ORIENTED_EDGE ( 'NONE', *, *, #3970, .F. ) ;
#4565 = CARTESIAN_POINT ( 'NONE',  ( -18.22660740658247000, 36.28817751731197200, -40.95406705767592100 ) ) ;
#4566 = ORIENTED_EDGE ( 'NONE', *, *, #8380, .T. ) ;
#4567 = VECTOR ( 'NONE', #1479, 39.37007874015748100 ) ;
#4568 = CARTESIAN_POINT ( 'NONE',  ( -17.75398663348346400, 35.18315472285335900, -42.98007319386341900 ) ) ;
#4569 = EDGE_CURVE ( 'NONE', #5406, #5413, #4264, .T. ) ;
#4570 = CARTESIAN_POINT ( 'NONE',  ( -18.22738444961596800, 35.16972914201425500, -44.25007727102612200 ) ) ;
#4571 = AXIS2_PLACEMENT_3D ( 'NONE', #4708, #4673, #4672 ) ;
#4572 = FACE_OUTER_BOUND ( 'NONE', #986, .T. ) ;
#4573 = CARTESIAN_POINT ( 'NONE',  ( -18.22560681870988500, 34.45070060423864100, -41.38957574870207200 ) ) ;
#4574 = CARTESIAN_POINT ( 'NONE',  ( -18.69666226734315000, 36.66740669136515900, -44.52141177225197300 ) ) ;
#4575 = VERTEX_POINT ( 'NONE', #7562 ) ;
#4576 = ORIENTED_EDGE ( 'NONE', *, *, #8268, .F. ) ;
#4577 = EDGE_LOOP ( 'NONE', ( #1997, #7635, #8151, #2882, #9121 ) ) ;
#4578 = FACE_OUTER_BOUND ( 'NONE', #8805, .T. ) ;
#4579 = DIRECTION ( 'NONE',  ( -1.834791170717559100E-015, 1.000000000000000000, -2.102462434906392900E-013 ) ) ;
#4580 = VECTOR ( 'NONE', #694, 39.37007874015748100 ) ;
#4581 = DIRECTION ( 'NONE',  ( -1.000000000000000000, 0.0000000000000000000, -1.552565295730630100E-012 ) ) ;
#4582 = CARTESIAN_POINT ( 'NONE',  ( -18.22016794196284600, 35.18315472286396100, -44.04601807146377700 ) ) ;
#4583 = CARTESIAN_POINT ( 'NONE',  ( -18.30014871118362100, 33.71146467470691700, -43.77464452694125200 ) ) ;
#4584 = VERTEX_POINT ( 'NONE', #7470 ) ;
#4585 = ORIENTED_EDGE ( 'NONE', *, *, #1726, .F. ) ;
#4586 = LINE ( 'NONE', #1188, #4648 ) ;
#4587 = LINE ( 'NONE', #8169, #4563 ) ;
#4588 = DIRECTION ( 'NONE',  ( -1.644386092493844900E-015, -1.000000000000000000, 1.884279826581177600E-013 ) ) ;
#4589 = CARTESIAN_POINT ( 'NONE',  ( -18.24369705730416800, 34.74635665254126600, -41.49167261038253700 ) ) ;
#4590 = ORIENTED_EDGE ( 'NONE', *, *, #8381, .F. ) ;
#4591 = ORIENTED_EDGE ( 'NONE', *, *, #7648, .T. ) ;
#4592 = EDGE_CURVE ( 'NONE', #4861, #4869, #4274, .T. ) ;
#4593 = VECTOR ( 'NONE', #5093, 39.37007874015748100 ) ;
#4594 = EDGE_CURVE ( 'NONE', #9168, #9195, #4290, .T. ) ;
#4595 = CARTESIAN_POINT ( 'NONE',  ( -20.05722222084744300, 35.94102873860504100, -39.95448264269409600 ) ) ;
#4596 = FACE_OUTER_BOUND ( 'NONE', #3435, .T. ) ;
#4597 = VECTOR ( 'NONE', #2896, 39.37007874015748900 ) ;
#4598 = CARTESIAN_POINT ( 'NONE',  ( -18.22219862945644300, 36.28815731808107600, -41.07894048103568700 ) ) ;
#4599 = CARTESIAN_POINT ( 'NONE',  ( -18.21667122637560600, 36.20677677045355100, -43.77537302391515100 ) ) ;
#4600 = CARTESIAN_POINT ( 'NONE',  ( -18.44501749642736100, 34.58472952600945400, -43.61589996124685300 ) ) ;
#4601 = ORIENTED_EDGE ( 'NONE', *, *, #8382, .F. ) ;
#4602 = DIRECTION ( 'NONE',  ( -2.841279047498729900E-012, -1.993517598874520100E-013, -1.000000000000000000 ) ) ;
#4603 = ORIENTED_EDGE ( 'NONE', *, *, #5986, .T. ) ;
#4604 = DIRECTION ( 'NONE',  ( -1.000000000000000000, -0.0000000000000000000, 2.653479358379120200E-013 ) ) ;
#4605 = ADVANCED_FACE ( 'NONE', ( #4225 ), #4825, .T. ) ;
#4606 = PLANE ( 'NONE',  #1578 ) ;
#4607 = CARTESIAN_POINT ( 'NONE',  ( -18.30926420589202100, 36.66740669135834500, -44.92298657540514000 ) ) ;
#4608 = LINE ( 'NONE', #1313, #4567 ) ;
#4609 = LINE ( 'NONE', #7395, #4580 ) ;
#4610 = DIRECTION ( 'NONE',  ( -1.000000000000000000, -0.0000000000000000000, 0.0000000000000000000 ) ) ;
#4611 = ORIENTED_EDGE ( 'NONE', *, *, #7002, .T. ) ;
#4612 = EDGE_CURVE ( 'NONE', #9295, #3444, #4214, .T. ) ;
#4613 = DIRECTION ( 'NONE',  ( 4.663511435512087400E-017, -6.669132062240613100E-016, -1.000000000000000000 ) ) ;
#4614 = ORIENTED_EDGE ( 'NONE', *, *, #1777, .T. ) ;
#4615 = AXIS2_PLACEMENT_3D ( 'NONE', #4706, #4692, #4679 ) ;
#4616 = DIRECTION ( 'NONE',  ( -1.000000000000000000, 0.0000000000000000000, 2.841499533867840700E-012 ) ) ;
#4617 = CARTESIAN_POINT ( 'NONE',  ( -19.70899736156279800, 34.14378464410764000, -40.63164799700944500 ) ) ;
#4618 = CARTESIAN_POINT ( 'NONE',  ( -18.97454505548055100, 36.56898149450806600, -40.55290783953070400 ) ) ;
#4619 = VECTOR ( 'NONE', #1733, 39.37007874015748100 ) ;
#4620 = CARTESIAN_POINT ( 'NONE',  ( -18.27665018922932900, 35.54535944726081500, -40.44908337814887000 ) ) ;
#4621 = VERTEX_POINT ( 'NONE', #6983 ) ;
#4622 = ORIENTED_EDGE ( 'NONE', *, *, #6702, .T. ) ;
#4623 = CARTESIAN_POINT ( 'NONE',  ( -21.74423009470232400, 34.15953267525759400, -42.59227791760000100 ) ) ;
#4624 = CARTESIAN_POINT ( 'NONE',  ( -18.25544054110789100, 35.62491694760445400, -44.33519173318077800 ) ) ;
#4625 = CARTESIAN_POINT ( 'NONE',  ( -18.21667122637579400, 36.35582569468183300, -43.77537302391517900 ) ) ;
#4626 = CIRCLE ( 'NONE', #2605, 0.1830708661417339800 ) ;
#4627 = AXIS2_PLACEMENT_3D ( 'NONE', #4748, #4739, #4738 ) ;
#4628 = EDGE_CURVE ( 'NONE', #9333, #9326, #4204, .T. ) ;
#4629 = B_SPLINE_CURVE_WITH_KNOTS ( 'NONE', 3,
 ( #7335, #7420, #7762, #7303, #7237, #7203, #7167, #7132, #7102, #7037, #6974, #6932, #6806, #6771, #6709, #6669, #6657, #6634, #6620, #6598, #6583, #6550, #6522, #6488, #6426, #6393, #6355, #6320, #6288, #6192, #6158, #6128, #6092, #6059, #6025, #5955, #5896, #5883, #5864, #5831, #5820, #5788, #5753, #5724, #5690, #5595, #5564, #5532, #5469, #5437, #5400, #5370, #5338, #5308 ),
 .UNSPECIFIED., .F., .F.,
 ( 4, 2, 2, 2, 2, 2, 2, 2, 2, 2, 2, 2, 2, 2, 2, 2, 2, 2, 2, 2, 2, 2, 2, 2, 2, 2, 4 ),
 ( 0.07402719332447707500, 0.07559037540149256300, 0.07715355747850803600, 0.08027992163253901100, 0.08184310370955448500, 0.08340628578656997200, 0.08496946786358546000, 0.08653264994060093400, 0.08965901409463189500, 0.09122219617164747900, 0.09278537824866305000, 0.09591174240269480200, 0.09747492447971097000, 0.09903810655672715100, 0.1006012886337433200, 0.1021644707107594900, 0.1052908348647919000, 0.1068540169418081000, 0.1084171990188243000, 0.1099803810958404900, 0.1115435631728566900, 0.1146699273268893300, 0.1162331094039054700, 0.1177962914809215800, 0.1209226556349535800, 0.1224858377119696500, 0.1240490197889857200 ),
 .UNSPECIFIED. ) ;
#4630 = VERTEX_POINT ( 'NONE', #4555 ) ;
#4631 = DIRECTION ( 'NONE',  ( 1.000000000000000000, 0.0000000000000000000, -0.0000000000000000000 ) ) ;
#4632 = ORIENTED_EDGE ( 'NONE', *, *, #4160, .F. ) ;
#4633 = PLANE ( 'NONE',  #355 ) ;
#4634 = CARTESIAN_POINT ( 'NONE',  ( -18.12582475745346900, 36.65180193507370600, -41.69267161906664400 ) ) ;
#4635 = PLANE ( 'NONE',  #4155 ) ;
#4636 = DIRECTION ( 'NONE',  ( -0.0000000000000000000, -0.0000000000000000000, 1.000000000000000000 ) ) ;
#4637 = LINE ( 'NONE', #1825, #4619 ) ;
#4638 = CARTESIAN_POINT ( 'NONE',  ( -18.28991281778759900, 35.76674697899858300, -44.53341563799252600 ) ) ;
#4639 = CARTESIAN_POINT ( 'NONE',  ( -20.12418156798083000, 34.34604937641249500, -39.80001817927720300 ) ) ;
#4640 = CARTESIAN_POINT ( 'NONE',  ( -20.18320647281417400, 34.67134369923216800, -38.15527004425531700 ) ) ;
#4641 = ORIENTED_EDGE ( 'NONE', *, *, #6950, .T. ) ;
#4642 = EDGE_CURVE ( 'NONE', #5488, #5481, #4248, .T. ) ;
#4643 = AXIS2_PLACEMENT_3D ( 'NONE', #5292, #5261, #5258 ) ;
#4644 = VECTOR ( 'NONE', #2245, 39.37007874015748100 ) ;
#4645 = ADVANCED_FACE ( 'NONE', ( #4197 ), #4226, .T. ) ;
#4646 = ORIENTED_EDGE ( 'NONE', *, *, #7054, .T. ) ;
#4647 = CARTESIAN_POINT ( 'NONE',  ( -18.28991281778543200, 34.58472952600945400, -43.67360150133304600 ) ) ;
#4648 = VECTOR ( 'NONE', #1252, 39.37007874015748100 ) ;
#4649 = CARTESIAN_POINT ( 'NONE',  ( -18.26841952441337100, 35.54535944727540200, -44.61196295335344100 ) ) ;
#4650 = DIRECTION ( 'NONE',  ( -0.9975640502597361600, 0.06975647374538629400, 0.0000000000000000000 ) ) ;
#4651 = CARTESIAN_POINT ( 'NONE',  ( -18.28991281778543200, 35.76674697900763500, -43.61725353927153000 ) ) ;
#4652 = ORIENTED_EDGE ( 'NONE', *, *, #496, .T. ) ;
#4653 = DIRECTION ( 'NONE',  ( -1.000000000000000000, -0.0000000000000000000, -0.0000000000000000000 ) ) ;
#4654 = ORIENTED_EDGE ( 'NONE', *, *, #7384, .F. ) ;
#4655 = VECTOR ( 'NONE', #1991, 39.37007874015748100 ) ;
#4656 = ORIENTED_EDGE ( 'NONE', *, *, #493, .T. ) ;
#4657 = ADVANCED_FACE ( 'NONE', ( #4157 ), #4435, .F. ) ;
#4658 = AXIS2_PLACEMENT_3D ( 'NONE', #5170, #5168, #5152 ) ;
#4659 = EDGE_CURVE ( 'NONE', #4713, #4869, #4148, .T. ) ;
#4660 = CARTESIAN_POINT ( 'NONE',  ( -18.28991281778543900, 34.61908783719968600, -43.77473385422970900 ) ) ;
#4661 = DIRECTION ( 'NONE',  ( 0.9975640502597361600, 0.06975647374538640500, 0.0000000000000000000 ) ) ;
#4662 = AXIS2_PLACEMENT_3D ( 'NONE', #5387, #5357, #5345 ) ;
#4663 = VERTEX_POINT ( 'NONE', #2963 ) ;
#4664 = B_SPLINE_CURVE_WITH_KNOTS ( 'NONE', 3,
 ( #6454, #7460, #7066, #7006, #7828, #8149, #9368, #4462, #4334, #5039, #5992, #7370, #7489, #7385, #7271, #4877, #6743, #6261, #5849, #8193, #8178, #4207, #3979, #4103, #3778, #3641, #5008, #8845, #642, #783 ),
 .UNSPECIFIED., .F., .F.,
 ( 4, 2, 2, 2, 2, 2, 2, 2, 2, 2, 2, 2, 2, 2, 4 ),
 ( 0.01335974384970073700, 0.01386785359745358600, 0.01437596334520643500, 0.01539218284071157100, 0.01640840233621670600, 0.01691651208396890600, 0.01742462183172110300, 0.01793273157947330300, 0.01844084132722550300, 0.01894895107497770300, 0.01945706082272990000, 0.01996517057048210000, 0.02047328031823429700, 0.02098139006598649700, 0.02148949981373869700 ),
 .UNSPECIFIED. ) ;
#4665 = ORIENTED_EDGE ( 'NONE', *, *, #880, .T. ) ;
#4666 = VECTOR ( 'NONE', #2278, 39.37007874015748100 ) ;
#4667 = EDGE_LOOP ( 'NONE', ( #7413, #7424, #7486, #7517, #7569 ) ) ;
#4668 = CARTESIAN_POINT ( 'NONE',  ( -20.18320647281200700, 35.69496574647972400, -47.00960074862914000 ) ) ;
#4669 = DIRECTION ( 'NONE',  ( 0.9975262508966252800, -0.06975383055637339500, -0.008705279710364836200 ) ) ;
#4670 = CARTESIAN_POINT ( 'NONE',  ( -17.75398663348704500, 35.18315472285330300, -41.95251413874504500 ) ) ;
#4671 = VERTEX_POINT ( 'NONE', #3078 ) ;
#4672 = DIRECTION ( 'NONE',  ( 1.000000000000000000, 0.0000000000000000000, -0.0000000000000000000 ) ) ;
#4673 = DIRECTION ( 'NONE',  ( 0.0000000000000000000, 0.0000000000000000000, 1.000000000000000000 ) ) ;
#4674 = EDGE_CURVE ( 'NONE', #5513, #3117, #4165, .T. ) ;
#4675 = VERTEX_POINT ( 'NONE', #8631 ) ;
#4676 = DIRECTION ( 'NONE',  ( -1.264251560247140000E-012, -1.000000000000000000, 0.0000000000000000000 ) ) ;
#4677 = LINE ( 'NONE', #1858, #4655 ) ;
#4678 = LINE ( 'NONE', #9480, #4593 ) ;
#4679 = DIRECTION ( 'NONE',  ( 1.000000000000000000, 0.0000000000000000000, 2.841499533867840700E-012 ) ) ;
#4680 = EDGE_LOOP ( 'NONE', ( #7160, #7333, #7275, #7245 ) ) ;
#4681 = CARTESIAN_POINT ( 'NONE',  ( -20.12403041421601900, 35.47464630074473700, -45.34753210806473300 ) ) ;
#4682 = CARTESIAN_POINT ( 'NONE',  ( -18.30014871118371300, 33.71878712113270600, -43.67369082862152400 ) ) ;
#4683 = ORIENTED_EDGE ( 'NONE', *, *, #6446, .F. ) ;
#4684 = VECTOR ( 'NONE', #2431, 39.37007874015748100 ) ;
#4685 = CARTESIAN_POINT ( 'NONE',  ( -18.12382062244728300, 35.77836127670722300, -41.69267161906150000 ) ) ;
#4686 = AXIS2_PLACEMENT_3D ( 'NONE', #6890, #5356, #3148 ) ;
#4687 = AXIS2_PLACEMENT_3D ( 'NONE', #5528, #5489, #5477 ) ;
#4688 =( BOUNDED_CURVE ( )  B_SPLINE_CURVE ( 3, ( #2986, #3075, #8289, #3110 ),
 .UNSPECIFIED., .F., .F. ) 
 B_SPLINE_CURVE_WITH_KNOTS ( ( 4, 4 ),
 ( 3.023806955890712400, 3.259378351099188300 ),
 .UNSPECIFIED. ) 
 CURVE ( )  GEOMETRIC_REPRESENTATION_ITEM ( )  RATIONAL_B_SPLINE_CURVE ( ( 1.000000000000000000, 0.9953808538188051400, 0.9953808538188051400, 1.000000000000000000 ) ) 
 REPRESENTATION_ITEM ( '' )  );
#4689 = VECTOR ( 'NONE', #2130, 39.37007874015748100 ) ;
#4690 = EDGE_CURVE ( 'NONE', #9456, #9376, #4256, .T. ) ;
#4691 = VERTEX_POINT ( 'NONE', #9144 ) ;
#4692 = DIRECTION ( 'NONE',  ( 2.841279047498729900E-012, -1.993517598874520100E-013, -1.000000000000000000 ) ) ;
#4693 = ORIENTED_EDGE ( 'NONE', *, *, #3256, .T. ) ;
#4694 = CARTESIAN_POINT ( 'NONE',  ( -19.02375765391106200, 33.64772165198902300, -41.69267161906339000 ) ) ;
#4695 = VERTEX_POINT ( 'NONE', #1066 ) ;
#4696 = DIRECTION ( 'NONE',  ( 0.06975647374538640500, -0.9975640502597361600, 6.685417403032627800E-016 ) ) ;
#4697 = LINE ( 'NONE', #3041, #4684 ) ;
#4698 = ADVANCED_FACE ( 'NONE', ( #4105 ), #9197, .T. ) ;
#4699 = VECTOR ( 'NONE', #1395, 39.37007874015748100 ) ;
#4700 = CARTESIAN_POINT ( 'NONE',  ( -17.71465293941996300, 33.65528093473621900, -40.82849839071220500 ) ) ;
#4701 = DIRECTION ( 'NONE',  ( 0.9975262508968134600, -0.06975383055396568200, 0.008705279708097524900 ) ) ;
#4702 = ORIENTED_EDGE ( 'NONE', *, *, #8380, .F. ) ;
#4703 = CARTESIAN_POINT ( 'NONE',  ( -18.28991281778569400, 35.18315472286468500, -44.25074248091250000 ) ) ;
#4704 = ORIENTED_EDGE ( 'NONE', *, *, #4556, .T. ) ;
#4705 = EDGE_LOOP ( 'NONE', ( #7080, #7789, #2689, #8900 ) ) ;
#4706 = CARTESIAN_POINT ( 'NONE',  ( -21.74423009470699200, 36.20677677045446800, -41.69267161907178800 ) ) ;
#4707 = AXIS2_PLACEMENT_3D ( 'NONE', #5829, #5821, #5817 ) ;
#4708 = CARTESIAN_POINT ( 'NONE',  ( -19.07380126387661800, 36.62705161101102600, -43.77519476291653400 ) ) ;
#4709 = ADVANCED_FACE ( 'NONE', ( #4095 ), #3808, .F. ) ;
#4710 = LINE ( 'NONE', #2156, #4644 ) ;
#4711 = LINE ( 'NONE', #7986, #4699 ) ;
#4712 = DIRECTION ( 'NONE',  ( -2.841279047499320000E-012, -0.0000000000000000000, -1.000000000000000000 ) ) ;
#4713 = VERTEX_POINT ( 'NONE', #1005 ) ;
#4714 = CARTESIAN_POINT ( 'NONE',  ( -19.08725445498712900, 35.69607554831004100, -40.55290783953070400 ) ) ;
#4715 = EDGE_LOOP ( 'NONE', ( #5851, #5907, #6003, #6119 ) ) ;
#4716 = CARTESIAN_POINT ( 'NONE',  ( -19.70899736156149700, 34.82094999844105800, -40.63164799700984300 ) ) ;
#4717 = LINE ( 'NONE', #2461, #4666 ) ;
#4718 = LINE ( 'NONE', #8136, #4689 ) ;
#4719 = DIRECTION ( 'NONE',  ( 0.06975647374538629400, 0.9975640502597361600, -6.685417403035404600E-016 ) ) ;
#4720 = AXIS2_PLACEMENT_3D ( 'NONE', #5659, #5656, #5647 ) ;
#4721 = AXIS2_PLACEMENT_3D ( 'NONE', #5943, #5914, #5902 ) ;
#4722 = CARTESIAN_POINT ( 'NONE',  ( -18.27794077834000000, 34.60455765011602100, -40.55290783953110900 ) ) ;
#4723 = ORIENTED_EDGE ( 'NONE', *, *, #2997, .T. ) ;
#4724 = ORIENTED_EDGE ( 'NONE', *, *, #6004, .F. ) ;
#4725 = VECTOR ( 'NONE', #4154, 39.37007874015748100 ) ;
#4726 = PLANE ( 'NONE',  #4571 ) ;
#4727 = CARTESIAN_POINT ( 'NONE',  ( -18.21667103959205000, 34.30559632024645100, -41.49190846286590100 ) ) ;
#4728 = FACE_OUTER_BOUND ( 'NONE', #1506, .T. ) ;
#4729 = CARTESIAN_POINT ( 'NONE',  ( -18.28991281778543200, 34.59956246670771700, -43.67360150133304600 ) ) ;
#4730 = FACE_OUTER_BOUND ( 'NONE', #7556, .T. ) ;
#4731 = VERTEX_POINT ( 'NONE', #2469 ) ;
#4732 = ORIENTED_EDGE ( 'NONE', *, *, #7467, .F. ) ;
#4733 = AXIS2_PLACEMENT_3D ( 'NONE', #6043, #5998, #5978 ) ;
#4734 = EDGE_CURVE ( 'NONE', #4785, #4817, #4086, .T. ) ;
#4735 = DIRECTION ( 'NONE',  ( 1.000000000000000000, 0.0000000000000000000, -0.0000000000000000000 ) ) ;
#4736 = PLANE ( 'NONE',  #3414 ) ;
#4737 = VECTOR ( 'NONE', #3166, 39.37007874015748100 ) ;
#4738 = DIRECTION ( 'NONE',  ( -1.000000000000000000, 1.264009473221381200E-012, -2.841348555614751100E-012 ) ) ;
#4739 = DIRECTION ( 'NONE',  ( 1.264129099611980100E-012, 1.000000000000000000, -1.993517598846150100E-013 ) ) ;
#4740 = ORIENTED_EDGE ( 'NONE', *, *, #8397, .F. ) ;
#4741 = ORIENTED_EDGE ( 'NONE', *, *, #521, .F. ) ;
#4742 = CARTESIAN_POINT ( 'NONE',  ( -20.12245564180810900, 35.58079251813369800, -45.16708106358966300 ) ) ;
#4743 = CARTESIAN_POINT ( 'NONE',  ( -18.21658416050005200, 35.33088917493787300, -41.11137972834843200 ) ) ;
#4744 = FACE_OUTER_BOUND ( 'NONE', #2614, .T. ) ;
#4745 = ADVANCED_FACE ( 'NONE', ( #4076 ), #4051, .F. ) ;
#4746 = PLANE ( 'NONE',  #8266 ) ;
#4747 = VERTEX_POINT ( 'NONE', #2293 ) ;
#4748 = CARTESIAN_POINT ( 'NONE',  ( -28.84659229943484200, 34.15953267527177700, -41.39149051309921400 ) ) ;
#4749 = EDGE_LOOP ( 'NONE', ( #3094, #3170, #3243, #3286 ) ) ;
#4750 = PLANE ( 'NONE',  #5834 ) ;
#4751 = DIRECTION ( 'NONE',  ( 5.664139784502151000E-025, 1.000000000000000000, -1.993517598874519800E-013 ) ) ;
#4752 = CARTESIAN_POINT ( 'NONE',  ( -18.24369705720889100, 33.72273460532667100, -43.61765685810356500 ) ) ;
#4753 = CARTESIAN_POINT ( 'NONE',  ( -18.44501749642815000, 35.78157991970044100, -41.63164799699173800 ) ) ;
#4754 = LINE ( 'NONE', #3194, #4737 ) ;
#4755 = DIMENSIONAL_EXPONENTS ( 1.000000000000000000, 0.0000000000000000000, 0.0000000000000000000, 0.0000000000000000000, 0.0000000000000000000, 0.0000000000000000000, 0.0000000000000000000 ) ;
#4756 = B_SPLINE_CURVE_WITH_KNOTS ( 'NONE', 3,
 ( #572, #652, #535, #507 ),
 .UNSPECIFIED., .F., .F.,
 ( 4, 4 ),
 ( 0.0000000000000000000, 1.000000000000000000 ),
 .UNSPECIFIED. ) ;
#4757 = ORIENTED_EDGE ( 'NONE', *, *, #8410, .F. ) ;
#4758 = CARTESIAN_POINT ( 'NONE',  ( -18.24499292099618200, 36.65388202310940400, -43.77512586423063800 ) ) ;
#4759 = CARTESIAN_POINT ( 'NONE',  ( -17.74423009484518900, 35.18315472285335900, -42.58243539858774100 ) ) ;
#4760 = EDGE_CURVE ( 'NONE', #8982, #9376, #4125, .T. ) ;
#4761 = CIRCLE ( 'NONE', #2693, 0.1830708661417339800 ) ;
#4762 = ORIENTED_EDGE ( 'NONE', *, *, #4518, .F. ) ;
#4763 = LINE ( 'NONE', #3258, #4892 ) ;
#4764 = CARTESIAN_POINT ( 'NONE',  ( -18.20359440892071100, 35.34073364223007000, -41.42518088908385500 ) ) ;
#4765 = ORIENTED_EDGE ( 'NONE', *, *, #8410, .T. ) ;
#4766 = CARTESIAN_POINT ( 'NONE',  ( -18.25186024074964700, 34.65728921878193300, -41.42502810374528400 ) ) ;
#4767 = CARTESIAN_POINT ( 'NONE',  ( -19.08674977989307600, 35.54535944726740800, -44.53322279587441600 ) ) ;
#4768 = CARTESIAN_POINT ( 'NONE',  ( -19.08674977989437200, 36.56898149452492700, -44.61196295335354700 ) ) ;
#4769 = EDGE_LOOP ( 'NONE', ( #5586, #5675, #5731, #5807 ) ) ;
#4770 = FACE_OUTER_BOUND ( 'NONE', #3271, .T. ) ;
#4771 = CARTESIAN_POINT ( 'NONE',  ( -18.90171040981456200, 36.66534506951558800, -44.41117555177756100 ) ) ;
#4772 = AXIS2_PLACEMENT_3D ( 'NONE', #4600, #952, #6111 ) ;
#4773 = EDGE_CURVE ( 'NONE', #144, #3117, #4060, .T. ) ;
#4774 = ORIENTED_EDGE ( 'NONE', *, *, #6968, .F. ) ;
#4775 = AXIS2_PLACEMENT_3D ( 'NONE', #6133, #6129, #6113 ) ;
#4776 = CARTESIAN_POINT ( 'NONE',  ( -18.22603749703338800, 36.50486088781688200, -43.77529128570949300 ) ) ;
#4777 = CARTESIAN_POINT ( 'NONE',  ( -18.20761632477327700, 36.35312026821650000, -43.67288331071932800 ) ) ;
#4778 = VERTEX_POINT ( 'NONE', #1801 ) ;
#4779 = VECTOR ( 'NONE', #4405, 39.37007874015748100 ) ;
#4780 = ORIENTED_EDGE ( 'NONE', *, *, #7506, .F. ) ;
#4781 = CARTESIAN_POINT ( 'NONE',  ( -18.66641511625783400, 34.62589007213146200, -40.43873461118543100 ) ) ;
#4782 = CARTESIAN_POINT ( 'NONE',  ( -18.25186024066224300, 34.68539817968003500, -43.73984268913700600 ) ) ;
#4783 = DIRECTION ( 'NONE',  ( -1.000000000000000000, -1.264006638976030000E-012, 2.841279047499280000E-012 ) ) ;
#4784 = DIRECTION ( 'NONE',  ( 0.0000000000000000000, 0.0000000000000000000, -1.000000000000000000 ) ) ;
#4785 = VERTEX_POINT ( 'NONE', #1710 ) ;
#4786 = VERTEX_POINT ( 'NONE', #1678 ) ;
#4787 = AXIS2_PLACEMENT_3D ( 'NONE', #6033, #6015, #6013 ) ;
#4788 = CIRCLE ( 'NONE', #2725, 10.59985273415915500 ) ;
#4789 = EDGE_CURVE ( 'NONE', #9360, #8982, #242, .T. ) ;
#4790 = CARTESIAN_POINT ( 'NONE',  ( -18.22016794196630900, 34.15953267560257000, -41.11885272142009000 ) ) ;
#4791 = CARTESIAN_POINT ( 'NONE',  ( -18.64537774984130200, 34.72252480158543600, -44.61196295335314900 ) ) ;
#4792 = CARTESIAN_POINT ( 'NONE',  ( -18.12382062248814700, 36.63519226348147100, -43.52761628360393300 ) ) ;
#4793 = EDGE_CURVE ( 'NONE', #596, #8873, #4022, .T. ) ;
#4794 = ADVANCED_FACE ( 'NONE', ( #4033 ), #1516, .T. ) ;
#4795 = EDGE_LOOP ( 'NONE', ( #3584, #3550, #3454, #3513, #3577, #3532, #3620, #3613 ) ) ;
#4796 = CARTESIAN_POINT ( 'NONE',  ( -18.31818356873638000, 35.68091126603216900, -40.20739517635866600 ) ) ;
#4797 = ORIENTED_EDGE ( 'NONE', *, *, #5275, .T. ) ;
#4798 = VECTOR ( 'NONE', #4751, 39.37007874015748100 ) ;
#4799 = CARTESIAN_POINT ( 'NONE',  ( -18.22590773005807200, 33.97355596898874800, -40.60832389085197000 ) ) ;
#4800 = CARTESIAN_POINT ( 'NONE',  ( -18.22016794196694900, 34.16620346745578700, -41.11885272142011200 ) ) ;
#4801 = VECTOR ( 'NONE', #3441, 39.37007874015748900 ) ;
#4802 = CARTESIAN_POINT ( 'NONE',  ( -18.22020382650471500, 34.17291898562133000, -41.11819719666851100 ) ) ;
#4803 = CARTESIAN_POINT ( 'NONE',  ( -18.54344269327303300, 36.71858779372264100, -43.58696941156259900 ) ) ;
#4804 = EDGE_CURVE ( 'NONE', #683, #5513, #3984, .T. ) ;
#4805 = ORIENTED_EDGE ( 'NONE', *, *, #4556, .F. ) ;
#4806 = ORIENTED_EDGE ( 'NONE', *, *, #6853, .T. ) ;
#4807 = LINE ( 'NONE', #5100, #4798 ) ;
#4808 = CARTESIAN_POINT ( 'NONE',  ( -18.12382062240696700, 34.58794816899791200, -41.63725450928192400 ) ) ;
#4809 = CIRCLE ( 'NONE', #3079, 3.645669291338583300 ) ;
#4810 = DIRECTION ( 'NONE',  ( -1.000000000000000000, -1.264251560247140000E-012, 1.134155878638480100E-012 ) ) ;
#4811 = PLANE ( 'NONE',  #718 ) ;
#4812 = CARTESIAN_POINT ( 'NONE',  ( -18.22034649839863400, 34.18613833959354100, -41.11556412917968100 ) ) ;
#4813 = ORIENTED_EDGE ( 'NONE', *, *, #2724, .T. ) ;
#4814 = VERTEX_POINT ( 'NONE', #1165 ) ;
#4815 = CARTESIAN_POINT ( 'NONE',  ( -18.26594091896445000, 33.71206177394109500, -44.54150319458936000 ) ) ;
#4816 = DIRECTION ( 'NONE',  ( -1.000000000000000000, 0.0000000000000000000, 0.0000000000000000000 ) ) ;
#4817 = VERTEX_POINT ( 'NONE', #1097 ) ;
#4818 = PLANE ( 'NONE',  #1498 ) ;
#4819 = AXIS2_PLACEMENT_3D ( 'NONE', #6357, #6329, #6310 ) ;
#4820 = EDGE_CURVE ( 'NONE', #3556, #5609, #3957, .T. ) ;
#4821 = VECTOR ( 'NONE', #7182, 39.37007874015748900 ) ;
#4822 = CARTESIAN_POINT ( 'NONE',  ( -20.06903324446085800, 35.69496574648024300, -45.05290783524331700 ) ) ;
#4823 = CARTESIAN_POINT ( 'NONE',  ( -18.30065600183566600, 36.59768668389000400, -40.24188421747830100 ) ) ;
#4824 = DIRECTION ( 'NONE',  ( -1.000000000000000000, 0.0000000000000000000, -0.0000000000000000000 ) ) ;
#4825 = PLANE ( 'NONE',  #2265 ) ;
#4826 = EDGE_LOOP ( 'NONE', ( #8612, #8658, #8764, #8748, #8779 ) ) ;
#4827 = ORIENTED_EDGE ( 'NONE', *, *, #5832, .F. ) ;
#4828 = DIRECTION ( 'NONE',  ( -1.000000000000000000, 1.236807744141249900E-012, -3.030489092610969900E-012 ) ) ;
#4829 = LINE ( 'NONE', #4433, #4779 ) ;
#4830 = CYLINDRICAL_SURFACE ( 'NONE', #300, 0.1023622047244069200 ) ;
#4831 =( LENGTH_UNIT ( ) NAMED_UNIT ( * ) SI_UNIT ( $, .METRE. ) );
#4832 = AXIS2_PLACEMENT_3D ( 'NONE', #6225, #6212, #6201 ) ;
#4833 = ORIENTED_EDGE ( 'NONE', *, *, #8412, .F. ) ;
#4834 = CARTESIAN_POINT ( 'NONE',  ( -18.22045146342938100, 34.19252534814818000, -41.11361984656385700 ) ) ;
#4835 = ORIENTED_EDGE ( 'NONE', *, *, #6372, .F. ) ;
#4836 = AXIS2_PLACEMENT_3D ( 'NONE', #6435, #6399, #6394 ) ;
#4837 = CARTESIAN_POINT ( 'NONE',  ( -18.22072278052923600, 34.20486608688524700, -41.10850956354919100 ) ) ;
#4838 = CIRCLE ( 'NONE', #2742, 0.3976377952755904600 ) ;
#4839 = LINE ( 'NONE', #6409, #4821 ) ;
#4840 = ADVANCED_FACE ( 'NONE', ( #3950 ), #973, .T. ) ;
#4841 = ORIENTED_EDGE ( 'NONE', *, *, #1076, .T. ) ;
#4842 = ORIENTED_EDGE ( 'NONE', *, *, #7967, .T. ) ;
#4843 = CARTESIAN_POINT ( 'NONE',  ( -19.02375765390555200, 33.69883403362766900, -43.62771098485039500 ) ) ;
#4844 = CARTESIAN_POINT ( 'NONE',  ( -18.22089151897568700, 34.21087694481541100, -41.10529701524480800 ) ) ;
#4845 = EDGE_CURVE ( 'NONE', #8986, #596, #3976, .T. ) ;
#4846 = CARTESIAN_POINT ( 'NONE',  ( -18.22127341005354100, 34.22200495900482100, -41.09785415705228900 ) ) ;
#4847 = EDGE_CURVE ( 'NONE', #3710, #5692, #3938, .T. ) ;
#4848 = VECTOR ( 'NONE', #7731, 39.37007874015748100 ) ;
#4849 = DIRECTION ( 'NONE',  ( 1.000000000000000000, 1.253981997269020000E-012, -2.841279047499280000E-012 ) ) ;
#4851 = DIRECTION ( 'NONE',  ( 0.0000000000000000000, -0.0000000000000000000, -1.000000000000000000 ) ) ;
#4850 = VECTOR ( 'NONE', #6374, 39.37007874015748100 ) ;
#4852 = DIRECTION ( 'NONE',  ( 1.000000000000000000, 0.0000000000000000000, -0.0000000000000000000 ) ) ;
#4853 = PLANE ( 'NONE',  #9415 ) ;
#4854 = ORIENTED_EDGE ( 'NONE', *, *, #8425, .T. ) ;
#4855 = ORIENTED_EDGE ( 'NONE', *, *, #4041, .T. ) ;
#4856 = CARTESIAN_POINT ( 'NONE',  ( -18.22148660594707800, 34.22715911714214300, -41.09362447904373300 ) ) ;
#4857 = DIRECTION ( 'NONE',  ( -1.000000000000000000, -0.0000000000000000000, -0.0000000000000000000 ) ) ;
#4858 = DIRECTION ( 'NONE',  ( 0.0000000000000000000, 0.0000000000000000000, -1.000000000000000000 ) ) ;
#4859 = CARTESIAN_POINT ( 'NONE',  ( -17.69043858776897000, 35.18315472285327400, -43.21235665842989700 ) ) ;
#4860 = FACE_OUTER_BOUND ( 'NONE', #4183, .T. ) ;
#4861 = VERTEX_POINT ( 'NONE', #279 ) ;
#4862 = EDGE_CURVE ( 'NONE', #8986, #8798, #3899, .T. ) ;
#4863 = DIRECTION ( 'NONE',  ( -1.000000000000000000, 1.060587313543038700E-012, 7.416348962358439100E-014 ) ) ;
#4864 = ORIENTED_EDGE ( 'NONE', *, *, #6474, .F. ) ;
#4865 =( NAMED_UNIT ( * ) PLANE_ANGLE_UNIT ( ) SI_UNIT ( $, .RADIAN. ) );
#4866 = DIRECTION ( 'NONE',  ( -1.000000000000000000, 0.0000000000000000000, 2.841279047498729900E-012 ) ) ;
#4867 = VECTOR ( 'NONE', #7894, 39.37007874015748100 ) ;
#4868 = CARTESIAN_POINT ( 'NONE',  ( -18.22195047384673900, 34.23664363876507400, -41.08414318185366200 ) ) ;
#4869 = VERTEX_POINT ( 'NONE', #175 ) ;
#4870 = EDGE_LOOP ( 'NONE', ( #2526, #2583, #2661, #2700 ) ) ;
#4871 = CARTESIAN_POINT ( 'NONE',  ( -19.05599968172594700, 34.72252480158827100, -40.55290783953070400 ) ) ;
#4872 = DIRECTION ( 'NONE',  ( -1.834791170717559100E-015, -1.000000000000000000, 2.102462434906392900E-013 ) ) ;
#4873 = AXIS2_PLACEMENT_3D ( 'NONE', #7059, #6828, #6804 ) ;
#4874 = LINE ( 'NONE', #5073, #4848 ) ;
#4875 = EDGE_CURVE ( 'NONE', #8873, #8798, #4182, .T. ) ;
#4876 = CARTESIAN_POINT ( 'NONE',  ( -18.22220117366441600, 34.24095319738494000, -41.07888604572603000 ) ) ;
#4877 = CARTESIAN_POINT ( 'NONE',  ( -18.22564307855293100, 35.08407140992075300, -40.98992349261479300 ) ) ;
#4878 = CARTESIAN_POINT ( 'NONE',  ( -18.22271146256855400, 34.24836132898970200, -41.06779328219354100 ) ) ;
#4879 = ORIENTED_EDGE ( 'NONE', *, *, #6197, .T. ) ;
#4880 = DIRECTION ( 'NONE',  ( 0.0000000000000000000, 1.000000000000000000, 0.0000000000000000000 ) ) ;
#4881 = CARTESIAN_POINT ( 'NONE',  ( -18.25057211506906200, 35.70902022692988700, -44.14676954813662500 ) ) ;
#4882 = CARTESIAN_POINT ( 'NONE',  ( -18.97257655154681900, 36.71858779372060900, -44.33637240217208100 ) ) ;
#4883 = DIRECTION ( 'NONE',  ( 1.000000000000000000, -1.264251560247360100E-012, 0.0000000000000000000 ) ) ;
#4884 = CIRCLE ( 'NONE', #2768, 0.6299212598425202300 ) ;
#4885 = EDGE_LOOP ( 'NONE', ( #3966, #3915, #3975, #3956 ) ) ;
#4886 = VECTOR ( 'NONE', #7968, 39.37007874015748100 ) ;
#4887 = CARTESIAN_POINT ( 'NONE',  ( -18.22297363735500400, 34.25151657324769200, -41.06190649192677700 ) ) ;
#4888 = VERTEX_POINT ( 'NONE', #28 ) ;
#4889 = EDGE_CURVE ( 'NONE', #5640, #5692, #3908, .T. ) ;
#4890 = ADVANCED_FACE ( 'NONE', ( #3964 ), #9303, .F. ) ;
#4891 = ORIENTED_EDGE ( 'NONE', *, *, #4594, .F. ) ;
#4892 = VECTOR ( 'NONE', #3288, 39.37007874015748100 ) ;
#4893 = ORIENTED_EDGE ( 'NONE', *, *, #6502, .T. ) ;
#4894 = CARTESIAN_POINT ( 'NONE',  ( -20.18320647280272000, 35.09949018653885800, -39.77279398064488400 ) ) ;
#4895 = CARTESIAN_POINT ( 'NONE',  ( -18.24369705721113600, 36.64357484038522700, -41.49167261038378000 ) ) ;
#4896 = VERTEX_POINT ( 'NONE', #8029 ) ;
#4897 = B_SPLINE_CURVE_WITH_KNOTS ( 'NONE', 3,
 ( #1073, #979, #825, #802 ),
 .UNSPECIFIED., .F., .F.,
 ( 4, 4 ),
 ( 0.0000000000000000000, 1.000000000000000000 ),
 .UNSPECIFIED. ) ;
#4898 = CARTESIAN_POINT ( 'NONE',  ( -18.22350629884315500, 34.25668688278305000, -41.04942542612796800 ) ) ;
#4899 = CARTESIAN_POINT ( 'NONE',  ( -18.22376888585366900, 34.25862343723827100, -41.04301404378365000 ) ) ;
#4900 = ORIENTED_EDGE ( 'NONE', *, *, #7054, .F. ) ;
#4901 = CYLINDRICAL_SURFACE ( 'NONE', #2758, 3.543307086614172300 ) ;
#4902 = AXIS2_PLACEMENT_3D ( 'NONE', #2388, #9032, #8402 ) ;
#4903 = ORIENTED_EDGE ( 'NONE', *, *, #6004, .T. ) ;
#4904 = EDGE_CURVE ( 'NONE', #435, #8852, #3929, .T. ) ;
#4905 = AXIS2_PLACEMENT_3D ( 'NONE', #6979, #6936, #6923 ) ;
#4906 = CARTESIAN_POINT ( 'NONE',  ( -18.28991281778759900, 35.74722160851220600, -40.55290783953070400 ) ) ;
#4907 = DIRECTION ( 'NONE',  ( -1.000000000000000000, -1.264374020883690100E-012, -0.0000000000000000000 ) ) ;
#4908 = CARTESIAN_POINT ( 'NONE',  ( -18.28991281778759500, 34.59956246670980600, -41.63435535922769800 ) ) ;
#4909 = ORIENTED_EDGE ( 'NONE', *, *, #8427, .F. ) ;
#4910 = CARTESIAN_POINT ( 'NONE',  ( -19.08674977989653600, 34.66861072953575000, -40.55078800430668900 ) ) ;
#4911 = DIRECTION ( 'NONE',  ( -0.9975640502550099400, -0.06975647381297304900, 0.0000000000000000000 ) ) ;
#4912 = CARTESIAN_POINT ( 'NONE',  ( -18.22427981088411300, 34.26122684988287400, -41.02993564399818600 ) ) ;
#4913 = ORIENTED_EDGE ( 'NONE', *, *, #3742, .F. ) ;
#4914 = CARTESIAN_POINT ( 'NONE',  ( -19.70899736155978800, 36.56898149452471400, -44.92298657540377600 ) ) ;
#4915 = LINE ( 'NONE', #9013, #4930 ) ;
#4916 = CARTESIAN_POINT ( 'NONE',  ( -18.22453115862254000, 34.26189617636507700, -41.02318491399118700 ) ) ;
#4917 = LINE ( 'NONE', #2629, #4850 ) ;
#4918 = EDGE_CURVE ( 'NONE', #8819, #8852, #3843, .T. ) ;
#4919 = DIRECTION ( 'NONE',  ( -2.841279047498729900E-012, -1.993517598874519800E-013, -1.000000000000000000 ) ) ;
#4920 = EDGE_LOOP ( 'NONE', ( #3354, #3388, #3424, #3524, #4374, #4431, #4482, #4540, #4585, #4622, #4665, #5483 ) ) ;
#4921 = PLANE ( 'NONE',  #3244 ) ;
#4922 = VERTEX_POINT ( 'NONE', #7130 ) ;
#4923 = EDGE_CURVE ( 'NONE', #4584, #5640, #3822, .T. ) ;
#4924 = LINE ( 'NONE', #7660, #4867 ) ;
#4925 = LINE ( 'NONE', #2695, #4801 ) ;
#4926 = DIRECTION ( 'NONE',  ( 0.0000000000000000000, 1.000000000000000000, -0.0000000000000000000 ) ) ;
#4927 = VERTEX_POINT ( 'NONE', #6390 ) ;
#4928 = EDGE_LOOP ( 'NONE', ( #4029, #3997, #3934, #645 ) ) ;
#4929 = ORIENTED_EDGE ( 'NONE', *, *, #7175, .T. ) ;
#4930 = VECTOR ( 'NONE', #8257, 39.37007874015748100 ) ;
#4931 = CARTESIAN_POINT ( 'NONE',  ( -18.22500519276978900, 34.26189358046455900, -41.00975654317758100 ) ) ;
#4932 = CARTESIAN_POINT ( 'NONE',  ( -18.22522673430945500, 34.26123801791405300, -41.00312021636272400 ) ) ;
#4933 = VECTOR ( 'NONE', #1905, 39.37007874015748100 ) ;
#4934 = EDGE_CURVE ( 'NONE', #161, #8819, #3825, .T. ) ;
#4935 = EDGE_LOOP ( 'NONE', ( #5161, #1084, #4965, #6567, #1921, #7431 ) ) ;
#4936 = PLANE ( 'NONE',  #922 ) ;
#4937 = ORIENTED_EDGE ( 'NONE', *, *, #3863, .T. ) ;
#4938 = DIRECTION ( 'NONE',  ( -0.9975640502597361600, -0.06975647374538640500, 0.0000000000000000000 ) ) ;
#4939 = ORIENTED_EDGE ( 'NONE', *, *, #8433, .F. ) ;
#4940 = ADVANCED_FACE ( 'NONE', ( #3790 ), #5592, .T. ) ;
#4941 = CARTESIAN_POINT ( 'NONE',  ( -18.22782331422536100, 35.18315472320933400, -44.33665669891571800 ) ) ;
#4942 = CARTESIAN_POINT ( 'NONE',  ( -18.22564066430761200, 34.25863399657939800, -40.99000146676306100 ) ) ;
#4943 = LINE ( 'NONE', #8117, #4886 ) ;
#4944 = LINE ( 'NONE', #7150, #4725 ) ;
#4945 = CARTESIAN_POINT ( 'NONE',  ( -17.64794862016497800, 36.71858779372268300, -42.28831578849239000 ) ) ;
#4946 = PLANE ( 'NONE',  #1803 ) ;
#4947 = DIRECTION ( 'NONE',  ( -0.0000000000000000000, 0.0000000000000000000, -1.000000000000000000 ) ) ;
#4948 = VERTEX_POINT ( 'NONE', #4843 ) ;
#4949 = ORIENTED_EDGE ( 'NONE', *, *, #7014, .F. ) ;
#4950 = AXIS2_PLACEMENT_3D ( 'NONE', #7092, #7056, #7045 ) ;
#4951 = CARTESIAN_POINT ( 'NONE',  ( -18.22583401300055100, 34.25665501816143900, -40.98347654132835100 ) ) ;
#4952 = CARTESIAN_POINT ( 'NONE',  ( -19.70899736155933000, 35.19890275435701500, -44.53322279587441600 ) ) ;
#4953 = FACE_OUTER_BOUND ( 'NONE', #6131, .T. ) ;
#4954 = CARTESIAN_POINT ( 'NONE',  ( -18.64537774984346500, 35.60638306932047200, -40.55290783953110200 ) ) ;
#4955 = CARTESIAN_POINT ( 'NONE',  ( -17.69043858776900500, 35.22440093403540100, -43.21235665842989700 ) ) ;
#4956 = ORIENTED_EDGE ( 'NONE', *, *, #8441, .F. ) ;
#4957 = ORIENTED_EDGE ( 'NONE', *, *, #2251, .T. ) ;
#4958 = CARTESIAN_POINT ( 'NONE',  ( -18.90171040980161600, 36.71858779371889600, -44.40330153603158400 ) ) ;
#4959 = AXIS2_PLACEMENT_3D ( 'NONE', #7004, #6994, #6993 ) ;
#4960 = CIRCLE ( 'NONE', #2797, 3.645669291338583300 ) ;
#4961 = VECTOR ( 'NONE', #438, 39.37007874015748100 ) ;
#4962 = EDGE_CURVE ( 'NONE', #5740, #3276, #3836, .T. ) ;
#4963 = CARTESIAN_POINT ( 'NONE',  ( -18.22617880143218000, 34.25153880119678000, -40.97113034863147600 ) ) ;
#4964 = AXIS2_PLACEMENT_3D ( 'NONE', #7205, #7190, #7176 ) ;
#4965 = ORIENTED_EDGE ( 'NONE', *, *, #5202, .F. ) ;
#4966 = ORIENTED_EDGE ( 'NONE', *, *, #7185, .T. ) ;
#4967 = DIRECTION ( 'NONE',  ( 0.9975640502599124600, -0.06975647374286414500, 0.0000000000000000000 ) ) ;
#4968 = VECTOR ( 'NONE', #9307, 39.37007874015748100 ) ;
#4969 = DIRECTION ( 'NONE',  ( -1.000000000000000000, -1.236807744141249900E-012, 3.030489092610969900E-012 ) ) ;
#4970 = CARTESIAN_POINT ( 'NONE',  ( -18.30014871118362400, 33.74674105383945700, -43.77464452694133700 ) ) ;
#4971 = PLANE ( 'NONE',  #7261 ) ;
#4972 = ORIENTED_EDGE ( 'NONE', *, *, #3213, .T. ) ;
#4973 = CARTESIAN_POINT ( 'NONE',  ( -18.22633246863122400, 34.24839766764850400, -40.96524304473793200 ) ) ;
#4974 = ORIENTED_EDGE ( 'NONE', *, *, #7982, .T. ) ;
#4975 = EDGE_CURVE ( 'NONE', #204, #368, #4090, .T. ) ;
#4976 = CARTESIAN_POINT ( 'NONE',  ( -18.22672748204625400, 34.23662850615292500, -40.94882408226961700 ) ) ;
#4977 = DIRECTION ( 'NONE',  ( -0.0000000000000000000, -1.000000000000000000, -0.0000000000000000000 ) ) ;
#4978 = CARTESIAN_POINT ( 'NONE',  ( -18.28991281778759500, 35.78157991970044100, -41.63435535922788200 ) ) ;
#4979 = EDGE_CURVE ( 'NONE', #8844, #8792, #3774, .T. ) ;
#4980 = LINE ( 'NONE', #8756, #4968 ) ;
#4981 = ORIENTED_EDGE ( 'NONE', *, *, #8184, .T. ) ;
#4982 = CARTESIAN_POINT ( 'NONE',  ( -18.22703419789336400, 34.22247835993230300, -40.93467467653840700 ) ) ;
#4983 = ORIENTED_EDGE ( 'NONE', *, *, #4518, .T. ) ;
#4984 = CARTESIAN_POINT ( 'NONE',  ( -18.27902115925128300, 35.63662454933383800, -44.61196295335315700 ) ) ;
#4985 = ADVANCED_FACE ( 'NONE', ( #3752 ), #3390, .F. ) ;
#4986 = B_SPLINE_CURVE_WITH_KNOTS ( 'NONE', 3,
 ( #1126, #1146, #1065, #1036 ),
 .UNSPECIFIED., .F., .F.,
 ( 4, 4 ),
 ( 2.220446049250313100E-016, 0.02127248946897754600 ),
 .UNSPECIFIED. ) ;
#4987 = FACE_OUTER_BOUND ( 'NONE', #1683, .T. ) ;
#4988 = EDGE_CURVE ( 'NONE', #8774, #8844, #3735, .T. ) ;
#4989 = EDGE_CURVE ( 'NONE', #3700, #5441, #3783, .T. ) ;
#4990 = AXIS2_PLACEMENT_3D ( 'NONE', #7801, #7394, #7379 ) ;
#4991 = ORIENTED_EDGE ( 'NONE', *, *, #993, .T. ) ;
#4992 = CARTESIAN_POINT ( 'NONE',  ( -18.22717483093492100, 34.21105064892035600, -40.92703491699647600 ) ) ;
#4993 = CARTESIAN_POINT ( 'NONE',  ( -18.22453220600060000, 35.28551749265682200, -41.02315484814329200 ) ) ;
#4994 = FACE_OUTER_BOUND ( 'NONE', #6714, .T. ) ;
#4995 = CARTESIAN_POINT ( 'NONE',  ( -18.22730903206948800, 34.19254206724777800, -40.91936689828418100 ) ) ;
#4996 = ORIENTED_EDGE ( 'NONE', *, *, #4436, .T. ) ;
#4997 = VECTOR ( 'NONE', #9463, 39.37007874015748100 ) ;
#4998 = ORIENTED_EDGE ( 'NONE', *, *, #3129, .T. ) ;
#4999 = CARTESIAN_POINT ( 'NONE',  ( -18.22523893802225500, 35.28551579629862500, -41.00313583209825200 ) ) ;
#5000 = AXIS2_PLACEMENT_3D ( 'NONE', #919, #6075, #1658 ) ;
#5001 = CARTESIAN_POINT ( 'NONE',  ( -18.24369720404673200, 35.61995280342647900, -43.77513717178074200 ) ) ;
#5002 = EDGE_CURVE ( 'NONE', #8774, #8580, #3745, .T. ) ;
#5003 = FACE_OUTER_BOUND ( 'NONE', #8291, .T. ) ;
#5004 = VERTEX_POINT ( 'NONE', #5824 ) ;
#5005 = PLANE ( 'NONE',  #5432 ) ;
#5006 = EDGE_CURVE ( 'NONE', #8792, #8580, #4078, .T. ) ;
#5007 = VECTOR ( 'NONE', #9489, 39.37007874015748100 ) ;
#5008 = CARTESIAN_POINT ( 'NONE',  ( -18.22734182597799800, 35.15665978403110600, -40.91739182597362400 ) ) ;
#5009 = CARTESIAN_POINT ( 'NONE',  ( -18.22734188631724100, 34.18602137769063600, -40.91738825001616000 ) ) ;
#5010 = DIRECTION ( 'NONE',  ( 0.0000000000000000000, -0.0000000000000000000, 1.000000000000000000 ) ) ;
#5011 = CARTESIAN_POINT ( 'NONE',  ( -18.21667122637776600, 34.15953267525834000, -41.38949776896909300 ) ) ;
#5012 = VERTEX_POINT ( 'NONE', #6554 ) ;
#5013 = ORIENTED_EDGE ( 'NONE', *, *, #3802, .T. ) ;
#5014 = LINE ( 'NONE', #171, #4997 ) ;
#5015 = EDGE_LOOP ( 'NONE', ( #5593, #5578, #5563, #5507 ) ) ;
#5016 = CARTESIAN_POINT ( 'NONE',  ( -18.22738465248612300, 34.17287752641705400, -40.91478100113270200 ) ) ;
#5017 = DIRECTION ( 'NONE',  ( 1.000000000000000000, 0.0000000000000000000, -2.841279047498729900E-012 ) ) ;
#5018 = CARTESIAN_POINT ( 'NONE',  ( -18.22566115254503300, 35.28283487020994600, -40.98966312545604000 ) ) ;
#5019 = EDGE_CURVE ( 'NONE', #3276, #5431, #3716, .T. ) ;
#5020 = VERTEX_POINT ( 'NONE', #3681 ) ;
#5021 = EDGE_CURVE ( 'NONE', #491, #6888, #3686, .T. ) ;
#5022 = CARTESIAN_POINT ( 'NONE',  ( -20.18320647280272000, 36.66740669136390100, -42.58243539644212900 ) ) ;
#5023 = ORIENTED_EDGE ( 'NONE', *, *, #1159, .F. ) ;
#5024 = VECTOR ( 'NONE', #9474, 39.37007874015748100 ) ;
#5025 = DIRECTION ( 'NONE',  ( -1.000000000000000000, 1.264009473221381200E-012, -2.841348555614751100E-012 ) ) ;
#5026 = ORIENTED_EDGE ( 'NONE', *, *, #4612, .T. ) ;
#5027 = ORIENTED_EDGE ( 'NONE', *, *, #880, .F. ) ;
#5028 = EDGE_CURVE ( 'NONE', #3601, #5431, #3697, .T. ) ;
#5029 = CIRCLE ( 'NONE', #2828, 0.1023622047244069200 ) ;
#5030 = AXIS2_PLACEMENT_3D ( 'NONE', #7969, #7918, #7915 ) ;
#5031 = CARTESIAN_POINT ( 'NONE',  ( -18.27106965252313100, 34.79525838545271900, -40.55288561802673500 ) ) ;
#5032 = CARTESIAN_POINT ( 'NONE',  ( -19.93744475792362500, 35.24172574185512000, -45.03322279586771500 ) ) ;
#5033 = EDGE_CURVE ( 'NONE', #8606, #8597, #3676, .T. ) ;
#5034 = DIRECTION ( 'NONE',  ( -1.000000000000000000, -1.264006638976030000E-012, 2.841279047499280000E-012 ) ) ;
#5035 = ADVANCED_FACE ( 'NONE', ( #3727 ), #9350, .T. ) ;
#5036 = CARTESIAN_POINT ( 'NONE',  ( -19.70899736156237800, 34.52173740001358500, -40.63164799700944500 ) ) ;
#5037 = LINE ( 'NONE', #9264, #4961 ) ;
#5038 = DIRECTION ( 'NONE',  ( 1.264129099611980100E-012, 1.000000000000000000, -1.993517598846150100E-013 ) ) ;
#5039 = CARTESIAN_POINT ( 'NONE',  ( -18.22350788955932500, 35.08599058742686300, -41.04938585072368100 ) ) ;
#5040 = CARTESIAN_POINT ( 'NONE',  ( -28.84659229943484200, 34.15953267527177700, -41.39149051309921400 ) ) ;
#5041 = ORIENTED_EDGE ( 'NONE', *, *, #4690, .T. ) ;
#5042 = DIRECTION ( 'NONE',  ( -0.9999619229737094500, 0.0000000000000000000, -0.008726545864262932500 ) ) ;
#5043 = DIRECTION ( 'NONE',  ( -0.0000000000000000000, -1.000000000000000000, 0.0000000000000000000 ) ) ;
#5044 = VERTEX_POINT ( 'NONE', #2821 ) ;
#5045 = DIRECTION ( 'NONE',  ( -0.0000000000000000000, -1.000000000000000000, 0.0000000000000000000 ) ) ;
#5046 = CYLINDRICAL_SURFACE ( 'NONE', #2827, 0.1023622047244069200 ) ;
#5047 = CARTESIAN_POINT ( 'NONE',  ( -18.22730911310210900, 35.21615702428162800, -44.24550830556163600 ) ) ;
#5048 = FACE_OUTER_BOUND ( 'NONE', #5759, .T. ) ;
#5049 = EDGE_CURVE ( 'NONE', #596, #8606, #3653, .T. ) ;
#5050 = EDGE_CURVE ( 'NONE', #8597, #8873, #4058, .T. ) ;
#5051 = DIRECTION ( 'NONE',  ( 0.0000000000000000000, 1.000000000000000000, 0.0000000000000000000 ) ) ;
#5052 = EDGE_LOOP ( 'NONE', ( #114, #2601, #5062, #1008 ) ) ;
#5053 = ORIENTED_EDGE ( 'NONE', *, *, #4628, .T. ) ;
#5054 = ORIENTED_EDGE ( 'NONE', *, *, #6105, .F. ) ;
#5055 = LINE ( 'NONE', #2890, #5024 ) ;
#5056 = CARTESIAN_POINT ( 'NONE',  ( -18.29768877717178900, 34.82094999844412800, -40.24188421747854200 ) ) ;
#5057 = B_SPLINE_CURVE_WITH_KNOTS ( 'NONE', 3,
 ( #1396, #1494, #1461, #1362 ),
 .UNSPECIFIED., .F., .F.,
 ( 4, 4 ),
 ( 3.330669073875470100E-016, 0.01109467125560859000 ),
 .UNSPECIFIED. ) ;
#5058 = LINE ( 'NONE', #7877, #5169 ) ;
#5059 = VERTEX_POINT ( 'NONE', #1099 ) ;
#5060 = CARTESIAN_POINT ( 'NONE',  ( -18.22739499834975500, 34.16623866064895800, -40.91412831197123300 ) ) ;
#5061 = DIRECTION ( 'NONE',  ( 0.008705279709563758200, -0.06975383055538463000, -0.9975262508967014400 ) ) ;
#5062 = ORIENTED_EDGE ( 'NONE', *, *, #6953, .F. ) ;
#5063 = DIRECTION ( 'NONE',  ( -2.841279047498729900E-012, 1.993517598874519800E-013, 1.000000000000000000 ) ) ;
#5064 = EDGE_CURVE ( 'NONE', #5757, #3589, #3633, .T. ) ;
#5065 = EDGE_CURVE ( 'NONE', #8423, #2639, #3621, .T. ) ;
#5066 = VECTOR ( 'NONE', #4424, 39.37007874015748100 ) ;
#5067 = LINE ( 'NONE', #5580, #4933 ) ;
#5068 = CARTESIAN_POINT ( 'NONE',  ( -18.23765435029567100, 34.31325884994953400, -44.54616358589498000 ) ) ;
#5069 = DIRECTION ( 'NONE',  ( 1.000000000000000000, 0.0000000000000000000, -2.841279047498729900E-012 ) ) ;
#5070 = ORIENTED_EDGE ( 'NONE', *, *, #3157, .F. ) ;
#5071 = CARTESIAN_POINT ( 'NONE',  ( -18.66641511625653400, 35.64951211937555800, -40.43873461118543100 ) ) ;
#5072 = VERTEX_POINT ( 'NONE', #6611 ) ;
#5073 = CARTESIAN_POINT ( 'NONE',  ( -17.83478127594576900, 35.18315472285346600, -43.21235665843030900 ) ) ;
#5074 = FACE_OUTER_BOUND ( 'NONE', #2563, .T. ) ;
#5075 = CARTESIAN_POINT ( 'NONE',  ( -18.30764716386296000, 33.71133378872835400, -44.92298657540357700 ) ) ;
#5077 = CARTESIAN_POINT ( 'NONE',  ( -18.23764903241999500, 34.00873062846729100, -44.54606092462895400 ) ) ;
#5076 = VECTOR ( 'NONE', #9200, 39.37007874015748100 ) ;
#5078 = CARTESIAN_POINT ( 'NONE',  ( -18.97257655154599800, 36.66740669135381800, -43.65920704785985200 ) ) ;
#5079 = CARTESIAN_POINT ( 'NONE',  ( -18.24369720404673200, 35.61995280342647900, -43.77513717178074200 ) ) ;
#5080 = VERTEX_POINT ( 'NONE', #6540 ) ;
#5081 = VERTEX_POINT ( 'NONE', #5713 ) ;
#5082 = AXIS2_PLACEMENT_3D ( 'NONE', #8213, #8059, #8050 ) ;
#5083 = CARTESIAN_POINT ( 'NONE',  ( -18.28991281778543200, 35.19595006394693100, -44.61196295335314900 ) ) ;
#5084 = DIRECTION ( 'NONE',  ( -1.063177159668880100E-012, 0.9975640502598381900, 0.06975647374392630900 ) ) ;
#5085 = LINE ( 'NONE', #8619, #5066 ) ;
#5086 = ADVANCED_FACE ( 'NONE', ( #3581 ), #2688, .F. ) ;
#5087 = ORIENTED_EDGE ( 'NONE', *, *, #993, .F. ) ;
#5088 = DIRECTION ( 'NONE',  ( -0.0000000000000000000, -0.0000000000000000000, -1.000000000000000000 ) ) ;
#5089 = EDGE_LOOP ( 'NONE', ( #4087, #4038, #4123, #4102 ) ) ;
#5090 = EDGE_CURVE ( 'NONE', #8642, #8909, #3572, .T. ) ;
#5091 = EDGE_CURVE ( 'NONE', #2650, #2845, #3587, .T. ) ;
#5092 = CARTESIAN_POINT ( 'NONE',  ( -18.22739499834911600, 34.15953267560232800, -40.91412831197127500 ) ) ;
#5093 = DIRECTION ( 'NONE',  ( -4.663511435512087400E-017, -6.669132062240613100E-016, -1.000000000000000000 ) ) ;
#5094 = LINE ( 'NONE', #3393, #5114 ) ;
#5095 = ORIENTED_EDGE ( 'NONE', *, *, #3386, .F. ) ;
#5096 = ORIENTED_EDGE ( 'NONE', *, *, #4789, .F. ) ;
#5097 = DIRECTION ( 'NONE',  ( -0.0000000000000000000, -1.000000000000000000, 0.0000000000000000000 ) ) ;
#5098 = LINE ( 'NONE', #364, #5007 ) ;
#5099 = DIRECTION ( 'NONE',  ( 1.000000000000000000, 0.0000000000000000000, -0.0000000000000000000 ) ) ;
#5100 = CARTESIAN_POINT ( 'NONE',  ( -18.28991281778759900, 33.64772165198902300, -41.69267161906130100 ) ) ;
#5101 = AXIS2_PLACEMENT_3D ( 'NONE', #7953, #7940, #7928 ) ;
#5102 = DIRECTION ( 'NONE',  ( 0.0000000000000000000, 0.0000000000000000000, -1.000000000000000000 ) ) ;
#5103 = ORIENTED_EDGE ( 'NONE', *, *, #632, .F. ) ;
#5104 = ORIENTED_EDGE ( 'NONE', *, *, #2392, .T. ) ;
#5105 = CARTESIAN_POINT ( 'NONE',  ( -18.96076552792019900, 33.65528093473621900, -41.68998048601496700 ) ) ;
#5106 = CARTESIAN_POINT ( 'NONE',  ( -19.38112961815326700, 33.79732795118697200, -40.63164799700944500 ) ) ;
#5107 = EDGE_CURVE ( 'NONE', #8606, #8642, #3551, .T. ) ;
#5108 = DIRECTION ( 'NONE',  ( 0.0000000000000000000, -0.0000000000000000000, 1.000000000000000000 ) ) ;
#5109 = DIRECTION ( 'NONE',  ( 1.000000000000000000, -0.0000000000000000000, 0.0000000000000000000 ) ) ;
#5110 = DIRECTION ( 'NONE',  ( -1.000000000000000000, -0.0000000000000000000, -0.0000000000000000000 ) ) ;
#5111 = VERTEX_POINT ( 'NONE', #9408 ) ;
#5112 = DIRECTION ( 'NONE',  ( -0.5462677805477701400, 0.8376105968380612700, 0.0000000000000000000 ) ) ;
#5113 = CARTESIAN_POINT ( 'NONE',  ( -17.69011005720972900, 35.26525504438544100, -43.20834427651092800 ) ) ;
#5114 = VECTOR ( 'NONE', #9276, 39.37007874015748100 ) ;
#5115 = ORIENTED_EDGE ( 'NONE', *, *, #4760, .F. ) ;
#5116 = EDGE_CURVE ( 'NONE', #8660, #8606, #3517, .T. ) ;
#5117 = PLANE ( 'NONE',  #533 ) ;
#5118 = VECTOR ( 'NONE', #1438, 39.37007874015748900 ) ;
#5119 = EDGE_CURVE ( 'NONE', #2969, #3004, #3547, .T. ) ;
#5120 = ORIENTED_EDGE ( 'NONE', *, *, #2955, .T. ) ;
#5121 = CARTESIAN_POINT ( 'NONE',  ( -18.05131670901712600, 36.21661928978289100, -42.58243539858897700 ) ) ;
#5122 = DIRECTION ( 'NONE',  ( -2.841279047498729900E-012, -1.993517598874520100E-013, -1.000000000000000000 ) ) ;
#5123 = CARTESIAN_POINT ( 'NONE',  ( -18.12382062244756000, 35.61157021624490000, -41.63725450928137000 ) ) ;
#5124 = ORIENTED_EDGE ( 'NONE', *, *, #6153, .T. ) ;
#5125 = CIRCLE ( 'NONE', #2866, 0.1023622047244069200 ) ;
#5126 = ORIENTED_EDGE ( 'NONE', *, *, #3860, .F. ) ;
#5127 = CARTESIAN_POINT ( 'NONE',  ( -18.90171040981586600, 33.70302950574143400, -41.54386577901396300 ) ) ;
#5128 = CARTESIAN_POINT ( 'NONE',  ( -20.18320647280272000, 33.69890275435271600, -42.58243539644212900 ) ) ;
#5129 = CARTESIAN_POINT ( 'NONE',  ( -20.06903324446132700, 35.80913897482669500, -45.16708106358991900 ) ) ;
#5130 = ADVANCED_FACE ( 'NONE', ( #3488 ), #3467, .T. ) ;
#5131 = ORIENTED_EDGE ( 'NONE', *, *, #4547, .F. ) ;
#5132 = VERTEX_POINT ( 'NONE', #77 ) ;
#5133 = AXIS2_PLACEMENT_3D ( 'NONE', #8420, #8392, #8383 ) ;
#5134 = DIRECTION ( 'NONE',  ( 0.8376105968380612700, 0.5462677805477701400, -1.773540659439070400E-012 ) ) ;
#5135 = LINE ( 'NONE', #1151, #5118 ) ;
#5136 = DIRECTION ( 'NONE',  ( -0.0000000000000000000, 0.0000000000000000000, -1.000000000000000000 ) ) ;
#5137 = EDGE_LOOP ( 'NONE', ( #8007, #8022, #7882, #7874 ) ) ;
#5138 = CARTESIAN_POINT ( 'NONE',  ( -18.30014871118362400, 33.71146467470695300, -43.53069410184013300 ) ) ;
#5139 = DIRECTION ( 'NONE',  ( 1.000000000000000000, 0.0000000000000000000, 0.0000000000000000000 ) ) ;
#5140 = B_SPLINE_CURVE_WITH_KNOTS ( 'NONE', 3,
 ( #4201, #2638, #2476, #4193, #4187, #2447, #2439, #2417, #2387, #2379, #2355, #2349, #2327, #5018, #4999, #4993, #2298, #2291, #2254, #2232, #2230, #2205, #2197, #2139, #2131, #2120, #2105, #2099, #2092, #2074, #2067, #2025 ),
 .UNSPECIFIED., .F., .F.,
 ( 4, 2, 2, 2, 2, 2, 2, 2, 2, 2, 2, 2, 2, 2, 2, 4 ),
 ( 0.005228429194271105900, 0.005736636360235264200, 0.006244843526199422500, 0.006753050692163581700, 0.007261257858127739100, 0.007769465024091898300, 0.008277672190056057500, 0.009294086521984993400, 0.009802293687949461400, 0.01031050085391392900, 0.01081870801987839700, 0.01132691518584286500, 0.01183512235180733300, 0.01234332951777180100, 0.01285153668373626900, 0.01335974384970073700 ),
 .UNSPECIFIED. ) ;
#5141 = ORIENTED_EDGE ( 'NONE', *, *, #130, .F. ) ;
#5142 = ORIENTED_EDGE ( 'NONE', *, *, #3689, .F. ) ;
#5143 = FACE_OUTER_BOUND ( 'NONE', #1136, .T. ) ;
#5144 = EDGE_CURVE ( 'NONE', #8909, #8660, #3480, .T. ) ;
#5145 = PLANE ( 'NONE',  #2737 ) ;
#5146 = CARTESIAN_POINT ( 'NONE',  ( -17.68915219285698400, 35.32594809429986100, -43.19630529102139600 ) ) ;
#5147 = FACE_OUTER_BOUND ( 'NONE', #1405, .T. ) ;
#5148 = CARTESIAN_POINT ( 'NONE',  ( -18.27720357974567400, 35.62229579744198600, -44.61196295334649200 ) ) ;
#5149 = ORIENTED_EDGE ( 'NONE', *, *, #3939, .T. ) ;
#5150 = ORIENTED_EDGE ( 'NONE', *, *, #8283, .T. ) ;
#5151 = VECTOR ( 'NONE', #5210, 39.37007874015748100 ) ;
#5152 = DIRECTION ( 'NONE',  ( 1.000000000000000000, -1.264160903132708500E-012, -6.096311947332709500E-014 ) ) ;
#5153 = DIRECTION ( 'NONE',  ( -2.841279047498729900E-012, -1.993517598874520100E-013, -1.000000000000000000 ) ) ;
#5154 = CARTESIAN_POINT ( 'NONE',  ( -17.68875255754545300, 35.34619084844179300, -43.19124527639967700 ) ) ;
#5155 = LINE ( 'NONE', #8548, #5076 ) ;
#5156 = AXIS2_PLACEMENT_3D ( 'NONE', #3093, #8372, #3821 ) ;
#5157 = EDGE_CURVE ( 'NONE', #3010, #37, #4053, .T. ) ;
#5158 = VERTEX_POINT ( 'NONE', #2406 ) ;
#5159 = EDGE_CURVE ( 'NONE', #8782, #8168, #3474, .T. ) ;
#5160 = DIRECTION ( 'NONE',  ( -1.609126274120285600E-014, -2.301157781068248700E-013, 1.000000000000000000 ) ) ;
#5161 = ORIENTED_EDGE ( 'NONE', *, *, #6879, .T. ) ;
#5162 = DIRECTION ( 'NONE',  ( 0.0000000000000000000, -0.0000000000000000000, -1.000000000000000000 ) ) ;
#5163 = EDGE_LOOP ( 'NONE', ( #7196, #7278, #7345, #7410 ) ) ;
#5164 = AXIS2_PLACEMENT_3D ( 'NONE', #8210, #8201, #8187 ) ;
#5165 = VECTOR ( 'NONE', #8729, 39.37007874015748900 ) ;
#5166 = CARTESIAN_POINT ( 'NONE',  ( -18.21667103958767700, 35.18315472321023700, -42.57259287527418200 ) ) ;
#5167 = CARTESIAN_POINT ( 'NONE',  ( -18.27677572556799400, 34.65744796838657000, -40.61207488411849900 ) ) ;
#5168 = DIRECTION ( 'NONE',  ( 1.264251560247360100E-012, 1.000000000000000000, -1.993517598846150100E-013 ) ) ;
#5169 = VECTOR ( 'NONE', #4088, 39.37007874015748900 ) ;
#5170 = CARTESIAN_POINT ( 'NONE',  ( -28.84659229943178700, 36.56898149452117500, -41.39149051309967600 ) ) ;
#5171 = CARTESIAN_POINT ( 'NONE',  ( -18.54980096696212800, 36.71858779371374500, -41.53715980801575100 ) ) ;
#5172 = VERTEX_POINT ( 'NONE', #3913 ) ;
#5173 = ORIENTED_EDGE ( 'NONE', *, *, #3940, .F. ) ;
#5174 = ORIENTED_EDGE ( 'NONE', *, *, #7014, .T. ) ;
#5175 = EDGE_CURVE ( 'NONE', #4927, #4948, #3439, .T. ) ;
#5176 = DIRECTION ( 'NONE',  ( -0.0000000000000000000, 0.0000000000000000000, -1.000000000000000000 ) ) ;
#5177 = CARTESIAN_POINT ( 'NONE',  ( -18.50800962240193200, 34.44890275435027900, -43.47219917382323500 ) ) ;
#5178 = DIRECTION ( 'NONE',  ( -5.664139784502151000E-025, -1.000000000000000000, 1.993517598874519800E-013 ) ) ;
#5179 = LINE ( 'NONE', #3678, #5151 ) ;
#5180 = EDGE_CURVE ( 'NONE', #3010, #2650, #3447, .T. ) ;
#5181 = ADVANCED_FACE ( 'NONE', ( #3411 ), #1735, .T. ) ;
#5182 = ORIENTED_EDGE ( 'NONE', *, *, #3161, .F. ) ;
#5183 = ORIENTED_EDGE ( 'NONE', *, *, #6562, .F. ) ;
#5184 = DIRECTION ( 'NONE',  ( 0.0000000000000000000, 0.0000000000000000000, -1.000000000000000000 ) ) ;
#5185 = VECTOR ( 'NONE', #182, 39.37007874015748100 ) ;
#5186 = CARTESIAN_POINT ( 'NONE',  ( -19.08674977989437200, 36.56898149452492700, -44.53322279587480600 ) ) ;
#5187 = CARTESIAN_POINT ( 'NONE',  ( -18.21667103959059000, 35.32921836749430600, -41.54697808229769900 ) ) ;
#5188 = ORIENTED_EDGE ( 'NONE', *, *, #1078, .F. ) ;
#5189 = ORIENTED_EDGE ( 'NONE', *, *, #7962, .T. ) ;
#5190 = EDGE_CURVE ( 'NONE', #8642, #8782, #3399, .T. ) ;
#5191 = CARTESIAN_POINT ( 'NONE',  ( -18.37155697523275700, 35.78157991970015700, -43.77402135646191500 ) ) ;
#5192 = LINE ( 'NONE', #6226, #5165 ) ;
#5193 = VECTOR ( 'NONE', #3959, 39.37007874015748900 ) ;
#5194 = DIRECTION ( 'NONE',  ( -0.9975640502599124600, -0.06975647374286433900, 0.0000000000000000000 ) ) ;
#5195 = VERTEX_POINT ( 'NONE', #7734 ) ;
#5196 = PLANE ( 'NONE',  #5449 ) ;
#5197 = ORIENTED_EDGE ( 'NONE', *, *, #3544, .F. ) ;
#5198 = CARTESIAN_POINT ( 'NONE',  ( -18.09856080336856700, 36.35558225982779800, -41.63769542106357600 ) ) ;
#5199 = ADVANCED_FACE ( 'NONE', ( #3368 ), #301, .T. ) ;
#5200 = CARTESIAN_POINT ( 'NONE',  ( -18.27810138047633600, 35.62946153311021600, -40.55290783953110200 ) ) ;
#5201 = CARTESIAN_POINT ( 'NONE',  ( -18.90171040981427800, 36.71858779372014700, -44.40330153603158400 ) ) ;
#5202 = EDGE_CURVE ( 'NONE', #4922, #4747, #3339, .T. ) ;
#5203 = VECTOR ( 'NONE', #9215, 39.37007874015748100 ) ;
#5204 = AXIS2_PLACEMENT_3D ( 'NONE', #9329, #9214, #9207 ) ;
#5205 = EDGE_CURVE ( 'NONE', #4747, #5020, #3361, .T. ) ;
#5206 = VERTEX_POINT ( 'NONE', #6976 ) ;
#5207 = DIRECTION ( 'NONE',  ( -1.000000000000000000, -1.083082623645810000E-012, 1.289195296225029900E-012 ) ) ;
#5208 = ORIENTED_EDGE ( 'NONE', *, *, #6406, .F. ) ;
#5209 = CARTESIAN_POINT ( 'NONE',  ( -20.12128747840240500, 35.24172574185519100, -45.03322279586771500 ) ) ;
#5210 = DIRECTION ( 'NONE',  ( 0.9975640502597350500, 0.06975647374540176700, -2.835253093448502400E-012 ) ) ;
#5211 = CARTESIAN_POINT ( 'NONE',  ( -17.68781852350078800, 35.38585241621158400, -43.17921332267302100 ) ) ;
#5212 = VECTOR ( 'NONE', #385, 39.37007874015748100 ) ;
#5213 = ORIENTED_EDGE ( 'NONE', *, *, #3161, .T. ) ;
#5214 = ORIENTED_EDGE ( 'NONE', *, *, #4068, .F. ) ;
#5215 = EDGE_CURVE ( 'NONE', #8675, #8642, #3329, .T. ) ;
#5216 = CARTESIAN_POINT ( 'NONE',  ( -20.18320647280776800, 36.66740669136449100, -44.33637240217082400 ) ) ;
#5217 = CARTESIAN_POINT ( 'NONE',  ( -17.68728582446773200, 35.40524784085908300, -43.17226345537962800 ) ) ;
#5218 = EDGE_CURVE ( 'NONE', #8168, #8675, #3969, .T. ) ;
#5219 = LINE ( 'NONE', #309, #5212 ) ;
#5220 = VERTEX_POINT ( 'NONE', #2524 ) ;
#5221 = CARTESIAN_POINT ( 'NONE',  ( -18.21667103973511800, 36.20677677009126000, -41.01649051669606600 ) ) ;
#5222 = CARTESIAN_POINT ( 'NONE',  ( -18.30108571294234900, 35.57822169820051500, -40.24188421747830100 ) ) ;
#5223 = ADVANCED_FACE ( 'NONE', ( #3279 ), #3262, .T. ) ;
#5224 = CARTESIAN_POINT ( 'NONE',  ( -18.25037104509495100, 35.18315472284809400, -40.54572392617677700 ) ) ;
#5225 = LINE ( 'NONE', #2109, #5203 ) ;
#5226 = EDGE_LOOP ( 'NONE', ( #8086, #2852, #9080, #7625, #612, #162, #2632, #5104 ) ) ;
#5227 = FACE_OUTER_BOUND ( 'NONE', #8547, .T. ) ;
#5228 = DIRECTION ( 'NONE',  ( -2.769776749013320200E-014, -3.960965289395968200E-013, -1.000000000000000000 ) ) ;
#5229 = EDGE_CURVE ( 'NONE', #873, #3178, #3308, .T. ) ;
#5230 = PLANE ( 'NONE',  #608 ) ;
#5231 = AXIS2_PLACEMENT_3D ( 'NONE', #9090, #9089, #9058 ) ;
#5232 = DIRECTION ( 'NONE',  ( -1.000000000000000000, -0.0000000000000000000, 0.0000000000000000000 ) ) ;
#5233 = CARTESIAN_POINT ( 'NONE',  ( -19.09650671245271900, 36.71858779372181700, -44.33637240217184700 ) ) ;
#5234 = VERTEX_POINT ( 'NONE', #4008 ) ;
#5235 = LINE ( 'NONE', #210, #5272 ) ;
#5236 =( BOUNDED_SURFACE ( )  B_SPLINE_SURFACE ( 3, 3, ( 
 ( #2994, #3121, #2971, #2962 ),
 ( #2936, #2931, #2904, #2898 ),
 ( #2869, #2862, #2832, #2825 ),
 ( #2808, #2800, #2791, #2776 ) ),
 .UNSPECIFIED., .F., .F., .T. ) 
 B_SPLINE_SURFACE_WITH_KNOTS ( ( 4, 4 ),
 ( 4, 4 ),
 ( 0.0000000000000000000, 1.000000000000000000 ),
 ( 0.0000000000000000000, 1.000000000000000000 ),
 .UNSPECIFIED. ) 
 GEOMETRIC_REPRESENTATION_ITEM ( )  RATIONAL_B_SPLINE_SURFACE ( (
 ( 1.000000000000000000, 0.9989957773804588600, 0.9989957773804588600, 1.000000000000000000),
 ( 0.9986438074830836800, 0.9976409467827445100, 0.9976409467827445100, 0.9986438074830836800),
 ( 0.9986438074830836800, 0.9976409467827445100, 0.9976409467827445100, 0.9986438074830836800),
 ( 1.000000000000000000, 0.9989957773804588600, 0.9989957773804588600, 1.000000000000000000) ) ) 
 REPRESENTATION_ITEM ( '' )  SURFACE ( )  );
#5237 = ORIENTED_EDGE ( 'NONE', *, *, #6078, .F. ) ;
#5238 = DIRECTION ( 'NONE',  ( -1.000000000000000000, 0.0000000000000000000, 0.0000000000000000000 ) ) ;
#5239 = FACE_OUTER_BOUND ( 'NONE', #3186, .T. ) ;
#5240 = ORIENTED_EDGE ( 'NONE', *, *, #6005, .F. ) ;
#5241 = CARTESIAN_POINT ( 'NONE',  ( -17.68551853322942300, 35.46216391118234400, -43.14868750728342700 ) ) ;
#5242 = VERTEX_POINT ( 'NONE', #6264 ) ;
#5243 = AXIS2_PLACEMENT_3D ( 'NONE', #9236, #9225, #9216 ) ;
#5244 = VECTOR ( 'NONE', #397, 39.37007874015748100 ) ;
#5245 = ORIENTED_EDGE ( 'NONE', *, *, #4041, .F. ) ;
#5246 = ADVANCED_FACE ( 'NONE', ( #3255 ), #8538, .T. ) ;
#5247 = CARTESIAN_POINT ( 'NONE',  ( -19.08725445498712900, 35.64378464412646300, -40.55290783953110200 ) ) ;
#5248 = CARTESIAN_POINT ( 'NONE',  ( -18.25037104509711800, 34.30726712769493500, -40.54572392616316300 ) ) ;
#5249 = CARTESIAN_POINT ( 'NONE',  ( -21.75997812620098400, 36.20677676974578700, -42.59227791760039800 ) ) ;
#5250 = DIRECTION ( 'NONE',  ( 1.264129099612020100E-012, 1.000000000000000000, -2.132295476924310100E-013 ) ) ;
#5251 = VERTEX_POINT ( 'NONE', #1829 ) ;
#5252 = VERTEX_POINT ( 'NONE', #3291 ) ;
#5253 = FACE_OUTER_BOUND ( 'NONE', #4705, .T. ) ;
#5254 = CARTESIAN_POINT ( 'NONE',  ( -18.25597381778464300, 36.44824658648815300, -40.55290783953088900 ) ) ;
#5255 = DIRECTION ( 'NONE',  ( -1.000000000000000000, 1.083082623645810000E-012, -1.289195296225029900E-012 ) ) ;
#5256 = CARTESIAN_POINT ( 'NONE',  ( -18.21667154494009100, 35.03542027053676800, -41.39476830862966500 ) ) ;
#5257 = AXIS2_PLACEMENT_3D ( 'NONE', #9479, #9402, #9381 ) ;
#5258 = DIRECTION ( 'NONE',  ( 0.0000000000000000000, 0.0000000000000000000, -1.000000000000000000 ) ) ;
#5259 = EDGE_CURVE ( 'NONE', #8678, #8714, #3272, .T. ) ;
#5260 = CARTESIAN_POINT ( 'NONE',  ( -18.58450840415744300, 34.62016259687764100, -41.39149051667913400 ) ) ;
#5261 = DIRECTION ( 'NONE',  ( 1.000000000000000000, -0.0000000000000000000, 0.0000000000000000000 ) ) ;
#5262 = ORIENTED_EDGE ( 'NONE', *, *, #6502, .F. ) ;
#5263 = ORIENTED_EDGE ( 'NONE', *, *, #7767, .F. ) ;
#5264 = LINE ( 'NONE', #593, #5244 ) ;
#5265 = LINE ( 'NONE', #5417, #5193 ) ;
#5266 = DIRECTION ( 'NONE',  ( 2.841215912481556800E-012, 0.0000000000000000000, -1.000000000000000000 ) ) ;
#5267 = AXIS2_PLACEMENT_3D ( 'NONE', #156, #6760, #1624 ) ;
#5268 = AXIS2_PLACEMENT_3D ( 'NONE', #9267, #9265, #9256 ) ;
#5269 = ORIENTED_EDGE ( 'NONE', *, *, #6491, .T. ) ;
#5270 = CARTESIAN_POINT ( 'NONE',  ( -18.43969898052036200, 36.65728063002013200, -43.77338027620511700 ) ) ;
#5271 = VERTEX_POINT ( 'NONE', #392 ) ;
#5272 = VECTOR ( 'NONE', #188, 39.37007874015748100 ) ;
#5273 = ADVANCED_FACE ( 'NONE', ( #3248 ), #8562, .T. ) ;
#5274 = AXIS2_PLACEMENT_3D ( 'NONE', #2017, #680, #670 ) ;
#5275 = EDGE_CURVE ( 'NONE', #4922, #5012, #3252, .T. ) ;
#5276 = CARTESIAN_POINT ( 'NONE',  ( -17.68411444614556100, 35.49842659524293300, -43.12936149649193900 ) ) ;
#5277 = FACE_OUTER_BOUND ( 'NONE', #1894, .T. ) ;
#5278 = EDGE_LOOP ( 'NONE', ( #8552, #8578, #8589, #8604 ) ) ;
#5279 = CARTESIAN_POINT ( 'NONE',  ( -20.06903324446732400, 34.42528070710685000, -45.21038815019016300 ) ) ;
#5280 = ORIENTED_EDGE ( 'NONE', *, *, #6803, .T. ) ;
#5281 = VERTEX_POINT ( 'NONE', #4075 ) ;
#5282 = CARTESIAN_POINT ( 'NONE',  ( -17.68177919351648300, 35.55021854967435500, -43.09477890617087300 ) ) ;
#5283 = LINE ( 'NONE', #2, #5185 ) ;
#5284 = VECTOR ( 'NONE', #316, 39.37007874015748100 ) ;
#5285 = AXIS2_PLACEMENT_3D ( 'NONE', #2078, #2779, #2142 ) ;
#5286 = CARTESIAN_POINT ( 'NONE',  ( -20.18320647280470200, 34.55717047088526800, -39.82459852400838000 ) ) ;
#5287 = DIRECTION ( 'NONE',  ( -1.000000000000000000, 0.0000000000000000000, 2.842170943040402000E-012 ) ) ;
#5288 = ORIENTED_EDGE ( 'NONE', *, *, #1088, .T. ) ;
#5289 = ORIENTED_EDGE ( 'NONE', *, *, #4491, .F. ) ;
#5290 = B_SPLINE_CURVE_WITH_KNOTS ( 'NONE', 3,
 ( #3204, #3090, #3058, #3052 ),
 .UNSPECIFIED., .F., .F.,
 ( 4, 4 ),
 ( 1.521005543736464500E-014, 0.009200000008934061700 ),
 .UNSPECIFIED. ) ;
#5291 = DIRECTION ( 'NONE',  ( 0.0000000000000000000, -0.0000000000000000000, 1.000000000000000000 ) ) ;
#5292 = CARTESIAN_POINT ( 'NONE',  ( -18.30014871118578800, 36.61956839187244100, -41.61236665103150000 ) ) ;
#5293 = ADVANCED_FACE ( 'NONE', ( #3209 ), #2586, .F. ) ;
#5294 = VECTOR ( 'NONE', #732, 39.37007874015748100 ) ;
#5296 = PLANE ( 'NONE',  #1598 ) ;
#5295 = VECTOR ( 'NONE', #6171, 39.37007874015748100 ) ;
#5297 = DIRECTION ( 'NONE',  ( -2.520307734721816100E-025, 1.993517598846150100E-013, 1.000000000000000000 ) ) ;
#5298 = ORIENTED_EDGE ( 'NONE', *, *, #1144, .F. ) ;
#5299 = CARTESIAN_POINT ( 'NONE',  ( -18.96076552792019900, 33.69993356527705700, -43.61589996124646300 ) ) ;
#5300 = ORIENTED_EDGE ( 'NONE', *, *, #7000, .F. ) ;
#5301 = EDGE_CURVE ( 'NONE', #4888, #3436, #3264, .T. ) ;
#5302 = CARTESIAN_POINT ( 'NONE',  ( -18.24369720404673200, 35.61995280342647900, -43.77513717178074200 ) ) ;
#5303 = LINE ( 'NONE', #7715, #5295 ) ;
#5304 = PLANE ( 'NONE',  #4643 ) ;
#5305 = VECTOR ( 'NONE', #725, 39.37007874015748100 ) ;
#5306 = LINE ( 'NONE', #6952, #5284 ) ;
#5307 = DIRECTION ( 'NONE',  ( 0.0000000000000000000, -0.0000000000000000000, 1.000000000000000000 ) ) ;
#5308 = CARTESIAN_POINT ( 'NONE',  ( -17.68937467485637800, 35.18315472285326000, -41.95251413874485300 ) ) ;
#5309 = CARTESIAN_POINT ( 'NONE',  ( -17.68096883311053300, 35.56690110849957900, -43.08239862721023900 ) ) ;
#5310 = ORIENTED_EDGE ( 'NONE', *, *, #6705, .T. ) ;
#5311 = ORIENTED_EDGE ( 'NONE', *, *, #6571, .F. ) ;
#5312 = LINE ( 'NONE', #767, #5305 ) ;
#5313 = DIRECTION ( 'NONE',  ( -2.741527612597545200E-015, -1.000000000000000000, 1.570620117469848500E-013 ) ) ;
#5314 = VECTOR ( 'NONE', #2475, 39.37007874015748900 ) ;
#5315 = VERTEX_POINT ( 'NONE', #2616 ) ;
#5316 = EDGE_LOOP ( 'NONE', ( #8025, #8081, #8107, #8134 ) ) ;
#5317 = EDGE_CURVE ( 'NONE', #8678, #8534, #3163, .T. ) ;
#5318 = CARTESIAN_POINT ( 'NONE',  ( -19.70899736156279800, 34.52173740001358500, -40.55290783953070400 ) ) ;
#5319 = CARTESIAN_POINT ( 'NONE',  ( -18.22617679663026300, 36.29881948383639000, -40.97120517398048600 ) ) ;
#5320 = ADVANCED_FACE ( 'NONE', ( #3171 ), #4108, .F. ) ;
#5321 = PLANE ( 'NONE',  #5000 ) ;
#5322 = CYLINDRICAL_SURFACE ( 'NONE', #2989, 3.645669291338583300 ) ;
#5323 = CARTESIAN_POINT ( 'NONE',  ( -18.27996288974150800, 35.64378464412313000, -44.61196295335315700 ) ) ;
#5324 = ORIENTED_EDGE ( 'NONE', *, *, #6821, .F. ) ;
#5325 = ORIENTED_EDGE ( 'NONE', *, *, #6820, .T. ) ;
#5326 = CARTESIAN_POINT ( 'NONE',  ( -18.64909682648020000, 34.82094999844449000, -40.63164799700984300 ) ) ;
#5327 = DIRECTION ( 'NONE',  ( 0.0000000000000000000, 1.000000000000000000, 0.0000000000000000000 ) ) ;
#5328 = AXIS2_PLACEMENT_3D ( 'NONE', #422, #503, #329 ) ;
#5329 = EDGE_CURVE ( 'NONE', #3460, #3556, #3179, .T. ) ;
#5330 = AXIS2_PLACEMENT_3D ( 'NONE', #3082, #2698, #2885 ) ;
#5331 = DIRECTION ( 'NONE',  ( -1.000000000000000000, 0.0000000000000000000, -0.0000000000000000000 ) ) ;
#5332 = EDGE_CURVE ( 'NONE', #8534, #8423, #3189, .T. ) ;
#5333 = FACE_OUTER_BOUND ( 'NONE', #8401, .T. ) ;
#5334 = PLANE ( 'NONE',  #8809 ) ;
#5335 = VERTEX_POINT ( 'NONE', #1190 ) ;
#5336 = CARTESIAN_POINT ( 'NONE',  ( -18.24499292099618200, 36.65388202310943200, -43.61589996124724400 ) ) ;
#5337 = ORIENTED_EDGE ( 'NONE', *, *, #3996, .T. ) ;
#5338 = CARTESIAN_POINT ( 'NONE',  ( -17.68937467485635700, 35.16263940688626400, -41.95251413874485300 ) ) ;
#5339 =( BOUNDED_CURVE ( )  B_SPLINE_CURVE ( 3, ( #3527, #3554, #3560, #3515 ),
 .UNSPECIFIED., .F., .F. ) 
 B_SPLINE_CURVE_WITH_KNOTS ( ( 4, 4 ),
 ( 3.018004154077508900, 3.141592653591042300 ),
 .UNSPECIFIED. ) 
 CURVE ( )  GEOMETRIC_REPRESENTATION_ITEM ( )  RATIONAL_B_SPLINE_CURVE ( ( 1.000000000000000000, 0.9987275618798385800, 0.9987275618798385800, 1.000000000000000000 ) ) 
 REPRESENTATION_ITEM ( '' )  );
#5340 = CARTESIAN_POINT ( 'NONE',  ( -17.67932844421523700, 35.59872317291129900, -43.05627860238792000 ) ) ;
#5341 = FACE_OUTER_BOUND ( 'NONE', #3628, .T. ) ;
#5342 = ADVANCED_FACE ( 'NONE', ( #3142 ), #3694, .T. ) ;
#5343 = AXIS2_PLACEMENT_3D ( 'NONE', #2599, #2585, #2570 ) ;
#5344 = ORIENTED_EDGE ( 'NONE', *, *, #969, .T. ) ;
#5345 = DIRECTION ( 'NONE',  ( 1.000000000000000000, 0.0000000000000000000, -2.653479358379120200E-013 ) ) ;
#5346 = CARTESIAN_POINT ( 'NONE',  ( -18.21658416049809400, 35.18315472286396100, -44.05349106453397900 ) ) ;
#5347 = CARTESIAN_POINT ( 'NONE',  ( -18.30014871118578400, 36.64752232457666300, -41.54770658090156800 ) ) ;
#5348 = DIRECTION ( 'NONE',  ( -1.000000000000000000, 1.264129099612020100E-012, 0.0000000000000000000 ) ) ;
#5349 = AXIS2_PLACEMENT_3D ( 'NONE', #3353, #3247, #3219 ) ;
#5350 = FACE_OUTER_BOUND ( 'NONE', #1674, .T. ) ;
#5351 = ORIENTED_EDGE ( 'NONE', *, *, #2696, .F. ) ;
#5352 = LINE ( 'NONE', #1004, #5294 ) ;
#5353 = CARTESIAN_POINT ( 'NONE',  ( -20.18238305517322900, 33.67861015201928900, -44.39667339940570700 ) ) ;
#5354 = CARTESIAN_POINT ( 'NONE',  ( -18.22148901178269000, 36.27445789947178400, -41.09357619253756900 ) ) ;
#5355 = ORIENTED_EDGE ( 'NONE', *, *, #6591, .F. ) ;
#5356 = DIRECTION ( 'NONE',  ( 1.000000000000000000, 0.0000000000000000000, -0.0000000000000000000 ) ) ;
#5357 = DIRECTION ( 'NONE',  ( 2.653479358379120200E-013, -5.152908823220420200E-024, 1.000000000000000000 ) ) ;
#5358 = VERTEX_POINT ( 'NONE', #7933 ) ;
#5359 = EDGE_CURVE ( 'NONE', #8742, #5158, #3116, .T. ) ;
#5360 = LINE ( 'NONE', #1323, #5395 ) ;
#5361 = ORIENTED_EDGE ( 'NONE', *, *, #3985, .F. ) ;
#5362 = DIRECTION ( 'NONE',  ( 2.892025909909928900E-012, 0.5240974256643046200, -0.8516583167045624900 ) ) ;
#5363 = VERTEX_POINT ( 'NONE', #5664 ) ;
#5364 = CARTESIAN_POINT ( 'NONE',  ( -19.02375765390558000, 33.69890275435599800, -43.65920704784198800 ) ) ;
#5365 = CARTESIAN_POINT ( 'NONE',  ( -19.70899736156024000, 33.75402146429024000, -40.24188421748048200 ) ) ;
#5366 = ORIENTED_EDGE ( 'NONE', *, *, #5986, .F. ) ;
#5367 = CIRCLE ( 'NONE', #3023, 3.645669291338583300 ) ;
#5368 = VERTEX_POINT ( 'NONE', #3458 ) ;
#5369 = PLANE ( 'NONE',  #5462 ) ;
#5370 = CARTESIAN_POINT ( 'NONE',  ( -17.68929508879293200, 35.14211197052130600, -41.95351390945300800 ) ) ;
#5371 = ORIENTED_EDGE ( 'NONE', *, *, #6721, .F. ) ;
#5372 = EDGE_CURVE ( 'NONE', #8714, #8423, #3135, .T. ) ;
#5373 = AXIS2_PLACEMENT_3D ( 'NONE', #3952, #3930, #3824 ) ;
#5374 = EDGE_LOOP ( 'NONE', ( #5131, #6686, #2008, #7644 ) ) ;
#5375 = EDGE_CURVE ( 'NONE', #3960, #3990, #3107, .T. ) ;
#5376 = LINE ( 'NONE', #1583, #5428 ) ;
#5377 = CARTESIAN_POINT ( 'NONE',  ( -18.19304899248493300, 33.65528093473847800, -42.58243539858847300 ) ) ;
#5378 = CARTESIAN_POINT ( 'NONE',  ( -18.24431777528547400, 35.62491694760457500, -43.77011100912445600 ) ) ;
#5379 = CARTESIAN_POINT ( 'NONE',  ( -18.21667103973758400, 34.15953267560307400, -41.11885272142007600 ) ) ;
#5380 = CARTESIAN_POINT ( 'NONE',  ( -17.67849539997545300, 35.61392939665925900, -43.04249489808262300 ) ) ;
#5381 = FACE_OUTER_BOUND ( 'NONE', #5226, .T. ) ;
#5382 = ADVANCED_FACE ( 'NONE', ( #3039 ), #4946, .T. ) ;
#5383 = ORIENTED_EDGE ( 'NONE', *, *, #3972, .F. ) ;
#5384 = ORIENTED_EDGE ( 'NONE', *, *, #3830, .F. ) ;
#5385 = FACE_OUTER_BOUND ( 'NONE', #6503, .T. ) ;
#5386 = PLANE ( 'NONE',  #4011 ) ;
#5387 = CARTESIAN_POINT ( 'NONE',  ( -18.97454505548055100, 33.79732795118697200, -40.55290783953070400 ) ) ;
#5388 = AXIS2_PLACEMENT_3D ( 'NONE', #3539, #3526, #3475 ) ;
#5389 = VECTOR ( 'NONE', #4669, 39.37007874015748100 ) ;
#5390 = DIRECTION ( 'NONE',  ( -1.264251560247360100E-012, -1.000000000000000000, 1.993517598846150100E-013 ) ) ;
#5391 = ADVANCED_FACE ( 'NONE', ( #3069 ), #3485, .T. ) ;
#5392 = VERTEX_POINT ( 'NONE', #8706 ) ;
#5393 = ORIENTED_EDGE ( 'NONE', *, *, #6688, .T. ) ;
#5394 = EDGE_LOOP ( 'NONE', ( #674, #4047, #190, #2728 ) ) ;
#5395 = VECTOR ( 'NONE', #1282, 39.37007874015748100 ) ;
#5396 = CARTESIAN_POINT ( 'NONE',  ( -18.24369705721264300, 34.74635665255087200, -43.67319818250076900 ) ) ;
#5397 = VECTOR ( 'NONE', #3890, 39.37007874015748100 ) ;
#5398 = CARTESIAN_POINT ( 'NONE',  ( -18.28991281778543200, 35.19595006394693100, -40.63145515489173900 ) ) ;
#5399 = DIRECTION ( 'NONE',  ( 0.0000000000000000000, 0.0000000000000000000, 1.000000000000000000 ) ) ;
#5400 = CARTESIAN_POINT ( 'NONE',  ( -17.68897621232933700, 35.10103241942098200, -41.95754926952629700 ) ) ;
#5401 = EDGE_CURVE ( 'NONE', #8685, #8678, #3077, .T. ) ;
#5402 = CARTESIAN_POINT ( 'NONE',  ( -18.24499292099241300, 33.71242742260595500, -43.77512586423005600 ) ) ;
#5403 = ORIENTED_EDGE ( 'NONE', *, *, #5064, .F. ) ;
#5404 = AXIS2_PLACEMENT_3D ( 'NONE', #4288, #4195, #3916 ) ;
#5405 = VERTEX_POINT ( 'NONE', #5728 ) ;
#5406 = VERTEX_POINT ( 'NONE', #6494 ) ;
#5407 = LINE ( 'NONE', #1853, #5495 ) ;
#5408 = LINE ( 'NONE', #155, #5397 ) ;
#5409 = CARTESIAN_POINT ( 'NONE',  ( -18.22603357781214200, 33.86147936946470300, -43.77529131991143900 ) ) ;
#5410 = DIRECTION ( 'NONE',  ( -1.836919077825773600E-015, -1.000000000000000000, 2.104900774937340800E-013 ) ) ;
#5411 = CARTESIAN_POINT ( 'NONE',  ( -18.12382062240688900, 34.58794816899789000, -41.69267161906113700 ) ) ;
#5412 = CARTESIAN_POINT ( 'NONE',  ( -17.67682722303431900, 35.64294764493722300, -43.01349459576329800 ) ) ;
#5413 = VERTEX_POINT ( 'NONE', #2048 ) ;
#5414 = ORIENTED_EDGE ( 'NONE', *, *, #6673, .F. ) ;
#5415 = FACE_OUTER_BOUND ( 'NONE', #4489, .T. ) ;
#5416 = VECTOR ( 'NONE', #3792, 39.37007874015748100 ) ;
#5417 = CARTESIAN_POINT ( 'NONE',  ( -18.30014871118578800, 36.64752232457665600, -41.54770658090156800 ) ) ;
#5418 = EDGE_CURVE ( 'NONE', #3298, #3484, #3046, .T. ) ;
#5419 = DIRECTION ( 'NONE',  ( -0.9975640502597361600, 0.06975647374538640500, 0.0000000000000000000 ) ) ;
#5420 = DIRECTION ( 'NONE',  ( 0.0000000000000000000, 0.0000000000000000000, 1.000000000000000000 ) ) ;
#5421 = ORIENTED_EDGE ( 'NONE', *, *, #1088, .F. ) ;
#5422 = DIRECTION ( 'NONE',  ( -1.000000000000000000, 1.264420666934208900E-012, 0.0000000000000000000 ) ) ;
#5423 = VERTEX_POINT ( 'NONE', #2784 ) ;
#5424 = CARTESIAN_POINT ( 'NONE',  ( -18.21667122637282100, 34.01051431512719600, -43.77537302391471700 ) ) ;
#5425 = CARTESIAN_POINT ( 'NONE',  ( -18.96076552792230500, 36.66637588043487000, -41.50502939984488600 ) ) ;
#5426 = CARTESIAN_POINT ( 'NONE',  ( -17.71312903941042900, 36.71858779372264800, -41.70354544469172700 ) ) ;
#5427 = LINE ( 'NONE', #3926, #5389 ) ;
#5428 = VECTOR ( 'NONE', #1915, 39.37007874015748100 ) ;
#5429 = LINE ( 'NONE', #7575, #5530 ) ;
#5430 = ADVANCED_FACE ( 'NONE', ( #3022 ), #4277, .T. ) ;
#5431 = VERTEX_POINT ( 'NONE', #1315 ) ;
#5432 = AXIS2_PLACEMENT_3D ( 'NONE', #5279, #4919, #4866 ) ;
#5433 = DIRECTION ( 'NONE',  ( 0.06975647374538644600, -0.9975640502597361600, -2.306776973838517500E-013 ) ) ;
#5434 = VERTEX_POINT ( 'NONE', #5755 ) ;
#5435 = CARTESIAN_POINT ( 'NONE',  ( -18.21667122637300900, 34.15953267526182200, -43.77537302391473900 ) ) ;
#5436 = DIRECTION ( 'NONE',  ( -1.000000000000000000, 0.0000000000000000000, 0.0000000000000000000 ) ) ;
#5437 = CARTESIAN_POINT ( 'NONE',  ( -17.68873478637733900, 35.08037121579769000, -41.96061219467906500 ) ) ;
#5438 = CARTESIAN_POINT ( 'NONE',  ( -18.24369705730200400, 35.61995279317062600, -43.67319818250170700 ) ) ;
#5439 = CIRCLE ( 'NONE', #3738, 10.62992125984252000 ) ;
#5440 = DIRECTION ( 'NONE',  ( 1.000000000000000000, 0.0000000000000000000, -0.0000000000000000000 ) ) ;
#5441 = VERTEX_POINT ( 'NONE', #1348 ) ;
#5442 = ADVANCED_FACE ( 'NONE', ( #3031 ), #2085, .F. ) ;
#5443 = ORIENTED_EDGE ( 'NONE', *, *, #7309, .T. ) ;
#5444 = DIRECTION ( 'NONE',  ( 0.0000000000000000000, 1.000000000000000000, 0.0000000000000000000 ) ) ;
#5445 = CARTESIAN_POINT ( 'NONE',  ( -18.21667103959205000, 34.15953267596631800, -41.49190846286587200 ) ) ;
#5446 = DIRECTION ( 'NONE',  ( 0.06975647374538640500, 0.9975640502597361600, -6.685417403032627800E-016 ) ) ;
#5447 = CARTESIAN_POINT ( 'NONE',  ( -17.67599205223574500, 35.65675969512056300, -42.99827802630610300 ) ) ;
#5448 = CIRCLE ( 'NONE', #1875, 10.62992125984252000 ) ;
#5449 = AXIS2_PLACEMENT_3D ( 'NONE', #5398, #5099, #5136 ) ;
#5450 = EDGE_CURVE ( 'NONE', #3533, #2557, #2992, .T. ) ;
#5451 = ORIENTED_EDGE ( 'NONE', *, *, #6736, .F. ) ;
#5452 = DIRECTION ( 'NONE',  ( -1.000000000000000000, -0.0000000000000000000, 0.0000000000000000000 ) ) ;
#5453 = ORIENTED_EDGE ( 'NONE', *, *, #3970, .T. ) ;
#5454 = PLANE ( 'NONE',  #324 ) ;
#5455 = PLANE ( 'NONE',  #3294 ) ;
#5456 = DIRECTION ( 'NONE',  ( 1.000000000000000000, 0.0000000000000000000, -0.0000000000000000000 ) ) ;
#5457 = CARTESIAN_POINT ( 'NONE',  ( -18.30014871118362400, 33.74674105383945700, -43.61716421198267600 ) ) ;
#5458 = VECTOR ( 'NONE', #3180, 39.37007874015748100 ) ;
#5459 = CARTESIAN_POINT ( 'NONE',  ( -19.70899736156062700, 36.56898149452492700, -44.53322279587480600 ) ) ;
#5460 = CARTESIAN_POINT ( 'NONE',  ( -20.12441914996098500, 36.12311223378714000, -45.39207681223976500 ) ) ;
#5461 = ORIENTED_EDGE ( 'NONE', *, *, #8338, .F. ) ;
#5462 = AXIS2_PLACEMENT_3D ( 'NONE', #5565, #5533, #5491 ) ;
#5463 = DIRECTION ( 'NONE',  ( 0.0000000000000000000, 1.000000000000000000, 0.0000000000000000000 ) ) ;
#5464 = FACE_OUTER_BOUND ( 'NONE', #498, .T. ) ;
#5465 = ORIENTED_EDGE ( 'NONE', *, *, #358, .F. ) ;
#5466 = CARTESIAN_POINT ( 'NONE',  ( -19.86824584288929100, 34.23239052191701100, -39.92733684777913100 ) ) ;
#5467 = DIRECTION ( 'NONE',  ( -4.344053256632233900E-015, -2.488706444072842000E-013, -1.000000000000000000 ) ) ;
#5468 = PLANE ( 'NONE',  #5842 ) ;
#5469 = CARTESIAN_POINT ( 'NONE',  ( -17.68779107273556100, 35.01952032063837800, -41.97273417128604200 ) ) ;
#5470 = ORIENTED_EDGE ( 'NONE', *, *, #6637, .F. ) ;
#5471 = CARTESIAN_POINT ( 'NONE',  ( -21.74423009470492500, 36.20677676974578700, -42.59227791760039800 ) ) ;
#5472 = LINE ( 'NONE', #3267, #5502 ) ;
#5473 = ORIENTED_EDGE ( 'NONE', *, *, #3968, .F. ) ;
#5474 = LINE ( 'NONE', #3384, #5458 ) ;
#5475 = EDGE_CURVE ( 'NONE', #8685, #8374, #2982, .T. ) ;
#5476 = EDGE_CURVE ( 'NONE', #3250, #3304, #3036, .T. ) ;
#5477 = DIRECTION ( 'NONE',  ( 0.9975640502599124600, -0.06975647374286414500, 0.0000000000000000000 ) ) ;
#5478 = CARTESIAN_POINT ( 'NONE',  ( -18.21667103959189400, 34.15953267596631100, -41.54697808229745700 ) ) ;
#5479 = CARTESIAN_POINT ( 'NONE',  ( -18.28991281778759900, 35.62318451395393700, -41.63435535922785400 ) ) ;
#5480 = CARTESIAN_POINT ( 'NONE',  ( -17.67434324729273200, 35.68296437314000300, -42.96638471069064000 ) ) ;
#5481 = VERTEX_POINT ( 'NONE', #5792 ) ;
#5482 = ADVANCED_FACE ( 'NONE', ( #3008 ), #3580, .T. ) ;
#5483 = ORIENTED_EDGE ( 'NONE', *, *, #3157, .T. ) ;
#5484 = EDGE_LOOP ( 'NONE', ( #4564, #4805, #4550, #4891 ) ) ;
#5485 = CARTESIAN_POINT ( 'NONE',  ( -19.93744475792578900, 34.21810369460661100, -40.13164799701654300 ) ) ;
#5486 = DIRECTION ( 'NONE',  ( -1.000000000000000000, -0.0000000000000000000, 1.552565295730630100E-012 ) ) ;
#5487 = CARTESIAN_POINT ( 'NONE',  ( -18.22739499834781900, 35.18315472284718500, -40.91412831197166600 ) ) ;
#5488 = VERTEX_POINT ( 'NONE', #709 ) ;
#5489 = DIRECTION ( 'NONE',  ( -0.06975647374286414500, -0.9975640502599124600, 3.970637562935382300E-013 ) ) ;
#5490 = AXIS2_PLACEMENT_3D ( 'NONE', #5751, #5688, #5594 ) ;
#5491 = DIRECTION ( 'NONE',  ( 0.0000000000000000000, -0.0000000000000000000, 1.000000000000000000 ) ) ;
#5492 = AXIS2_PLACEMENT_3D ( 'NONE', #5377, #5390, #5422 ) ;
#5493 = CARTESIAN_POINT ( 'NONE',  ( -20.12245564180838600, 35.80913897482668800, -45.16708106358976900 ) ) ;
#5494 = EDGE_CURVE ( 'NONE', #8374, #8534, #2959, .T. ) ;
#5495 = VECTOR ( 'NONE', #1800, 39.37007874015748900 ) ;
#5496 = CARTESIAN_POINT ( 'NONE',  ( -18.25037104509550500, 35.18315472250264300, -40.54572392616980600 ) ) ;
#5497 = DIRECTION ( 'NONE',  ( 0.0000000000000000000, 0.06975647374432413000, 0.9975640502598103200 ) ) ;
#5498 = PLANE ( 'NONE',  #4687 ) ;
#5499 = ORIENTED_EDGE ( 'NONE', *, *, #5028, .F. ) ;
#5500 = CARTESIAN_POINT ( 'NONE',  ( -19.70899736155933000, 35.19890275435701500, -44.53322279587441600 ) ) ;
#5501 = ORIENTED_EDGE ( 'NONE', *, *, #7839, .T. ) ;
#5502 = VECTOR ( 'NONE', #3245, 39.37007874015748100 ) ;
#5503 = DIRECTION ( 'NONE',  ( -0.9975640502599101300, -0.06975647374289602200, -2.730243719592983300E-012 ) ) ;
#5504 = LINE ( 'NONE', #1715, #5314 ) ;
#5505 = AXIS2_PLACEMENT_3D ( 'NONE', #6068, #5916, #5786 ) ;
#5506 = AXIS2_PLACEMENT_3D ( 'NONE', #6262, #6147, #6318 ) ;
#5507 = ORIENTED_EDGE ( 'NONE', *, *, #3939, .F. ) ;
#5508 = CARTESIAN_POINT ( 'NONE',  ( -20.18320647280253500, 35.80913897482662400, -45.34027226887597800 ) ) ;
#5509 = CARTESIAN_POINT ( 'NONE',  ( -18.66641511625200800, 36.67313416660543600, -41.58046689463464700 ) ) ;
#5510 = ORIENTED_EDGE ( 'NONE', *, *, #7403, .T. ) ;
#5511 = CARTESIAN_POINT ( 'NONE',  ( -17.67352563616418900, 35.69541285200667600, -42.94961389934000100 ) ) ;
#5512 = LINE ( 'NONE', #6008, #5416 ) ;
#5513 = VERTEX_POINT ( 'NONE', #2180 ) ;
#5514 = CARTESIAN_POINT ( 'NONE',  ( -18.20359440900594100, 34.31711159498016200, -41.42518088908228400 ) ) ;
#5515 = ORIENTED_EDGE ( 'NONE', *, *, #6606, .T. ) ;
#5516 = ORIENTED_EDGE ( 'NONE', *, *, #7188, .T. ) ;
#5517 = EDGE_CURVE ( 'NONE', #5172, #4922, #2924, .T. ) ;
#5518 = VECTOR ( 'NONE', #3854, 39.37007874015748100 ) ;
#5519 = PLANE ( 'NONE',  #4662 ) ;
#5520 = AXIS2_PLACEMENT_3D ( 'NONE', #6455, #6443, #6537 ) ;
#5521 = CARTESIAN_POINT ( 'NONE',  ( -18.24980009188244900, 34.15953267525854600, -40.55290783953089600 ) ) ;
#5522 = VECTOR ( 'NONE', #2297, 39.37007874015748100 ) ;
#5523 = ORIENTED_EDGE ( 'NONE', *, *, #6749, .T. ) ;
#5524 = ORIENTED_EDGE ( 'NONE', *, *, #7711, .T. ) ;
#5525 = CARTESIAN_POINT ( 'NONE',  ( -19.09375929415740500, 33.79732795120382600, -44.92298657540472800 ) ) ;
#5526 = ADVANCED_FACE ( 'NONE', ( #2907 ), #2863, .F. ) ;
#5527 = CARTESIAN_POINT ( 'NONE',  ( -18.24369705720957700, 35.76997869980630900, -42.59227791761030300 ) ) ;
#5528 = CARTESIAN_POINT ( 'NONE',  ( -16.35033292560224500, 34.46393382834007500, -43.58440389826063200 ) ) ;
#5529 = LINE ( 'NONE', #4049, #5518 ) ;
#5530 = VECTOR ( 'NONE', #8332, 39.37007874015748100 ) ;
#5531 = DIRECTION ( 'NONE',  ( 0.0000000000000000000, 1.000000000000000000, 0.0000000000000000000 ) ) ;
#5532 = CARTESIAN_POINT ( 'NONE',  ( -17.68687173900372400, 34.98026008582626600, -41.98466956138801000 ) ) ;
#5533 = DIRECTION ( 'NONE',  ( 0.0000000000000000000, 1.000000000000000000, 0.0000000000000000000 ) ) ;
#5534 = AXIS2_PLACEMENT_3D ( 'NONE', #7456, #7131, #7426 ) ;
#5535 = CARTESIAN_POINT ( 'NONE',  ( -20.18435155911039700, 33.69465101347425000, -44.37108284822559100 ) ) ;
#5536 = CARTESIAN_POINT ( 'NONE',  ( -18.54344269327106400, 36.65909148325933100, -41.69629940721187500 ) ) ;
#5537 = EDGE_CURVE ( 'NONE', #8518, #8982, #2897, .T. ) ;
#5538 = ORIENTED_EDGE ( 'NONE', *, *, #6313, .F. ) ;
#5539 = ORIENTED_EDGE ( 'NONE', *, *, #6668, .T. ) ;
#5540 = CARTESIAN_POINT ( 'NONE',  ( -18.25597381781154700, 34.40100249177069000, -40.55290783953088900 ) ) ;
#5541 = CARTESIAN_POINT ( 'NONE',  ( -18.30397546411946800, 36.62635140471516600, -40.24188421747829400 ) ) ;
#5542 = CYLINDRICAL_SURFACE ( 'NONE', #3158, 3.645669291338583300 ) ;
#5543 = CARTESIAN_POINT ( 'NONE',  ( -18.24499292099456900, 36.65388202310593600, -41.38974492865418900 ) ) ;
#5544 = VECTOR ( 'NONE', #6758, 39.37007874015748100 ) ;
#5545 = CARTESIAN_POINT ( 'NONE',  ( -17.67118708467599200, 35.72988173827965100, -42.89803159468775100 ) ) ;
#5546 = VERTEX_POINT ( 'NONE', #6660 ) ;
#5547 = EDGE_LOOP ( 'NONE', ( #8044, #8162, #8250, #8324 ) ) ;
#5548 = EDGE_CURVE ( 'NONE', #5044, #5012, #2846, .T. ) ;
#5549 = DIRECTION ( 'NONE',  ( 1.000000000000000000, -1.236807744141249900E-012, 3.030489092610969900E-012 ) ) ;
#5550 = CARTESIAN_POINT ( 'NONE',  ( -18.27158823067791400, 34.99717801623882000, -40.20215475267047400 ) ) ;
#5551 = AXIS2_PLACEMENT_3D ( 'NONE', #7788, #7763, #7738 ) ;
#5552 = CARTESIAN_POINT ( 'NONE',  ( -18.31818356882161700, 34.65728921878223900, -40.20739517635708900 ) ) ;
#5553 = LINE ( 'NONE', #4228, #5642 ) ;
#5554 = LINE ( 'NONE', #4478, #5522 ) ;
#5555 = CARTESIAN_POINT ( 'NONE',  ( -18.24980009188229600, 34.28026758351246900, -40.55290783953089600 ) ) ;
#5556 = VERTEX_POINT ( 'NONE', #2214 ) ;
#5557 = ORIENTED_EDGE ( 'NONE', *, *, #7217, .T. ) ;
#5558 = DIRECTION ( 'NONE',  ( 1.000000000000000000, 0.0000000000000000000, 2.842170943040402000E-012 ) ) ;
#5559 = FACE_OUTER_BOUND ( 'NONE', #2161, .T. ) ;
#5560 = AXIS2_PLACEMENT_3D ( 'NONE', #8263, #8062, #8088 ) ;
#5561 = CARTESIAN_POINT ( 'NONE',  ( -18.97257655153389800, 26.42391719055598300, -44.41117555177756100 ) ) ;
#5562 = ORIENTED_EDGE ( 'NONE', *, *, #4012, .F. ) ;
#5563 = ORIENTED_EDGE ( 'NONE', *, *, #3863, .F. ) ;
#5564 = CARTESIAN_POINT ( 'NONE',  ( -17.68514424285265800, 34.92329153037528800, -42.00824529604240400 ) ) ;
#5565 = CARTESIAN_POINT ( 'NONE',  ( -19.38112961815197000, 35.54535944726082900, -40.63164799701023400 ) ) ;
#5566 = DIRECTION ( 'NONE',  ( -1.000000000000000000, -0.0000000000000000000, 0.0000000000000000000 ) ) ;
#5567 = DIRECTION ( 'NONE',  ( 5.664139784502151000E-025, 1.000000000000000000, -1.993517598874519800E-013 ) ) ;
#5568 = CARTESIAN_POINT ( 'NONE',  ( -20.12128747840460700, 35.12458370385670700, -40.13164799701654300 ) ) ;
#5569 = VERTEX_POINT ( 'NONE', #742 ) ;
#5570 = CARTESIAN_POINT ( 'NONE',  ( -18.24499292099456900, 36.65388202310593600, -41.38974492865418900 ) ) ;
#5571 = ORIENTED_EDGE ( 'NONE', *, *, #2101, .T. ) ;
#5572 = PLANE ( 'NONE',  #91 ) ;
#5573 = CARTESIAN_POINT ( 'NONE',  ( -19.02375765390755900, 36.71858779371714800, -41.53715980803222900 ) ) ;
#5574 = CARTESIAN_POINT ( 'NONE',  ( -17.66977109251370900, 35.74922412532884400, -42.86182509180798000 ) ) ;
#5575 = CARTESIAN_POINT ( 'NONE',  ( -18.28991281778759900, 35.17035938176496000, -40.55290783953070400 ) ) ;
#5576 = AXIS2_PLACEMENT_3D ( 'NONE', #8470, #8651, #8340 ) ;
#5577 = ADVANCED_FACE ( 'NONE', ( #2921 ), #8216, .T. ) ;
#5578 = ORIENTED_EDGE ( 'NONE', *, *, #3860, .T. ) ;
#5579 = VECTOR ( 'NONE', #4282, 39.37007874015748100 ) ;
#5580 = CARTESIAN_POINT ( 'NONE',  ( -19.70899736156279800, 34.52173740001358500, -40.63164799700944500 ) ) ;
#5581 = ORIENTED_EDGE ( 'NONE', *, *, #8140, .F. ) ;
#5582 =( NAMED_UNIT ( * ) PLANE_ANGLE_UNIT ( ) SI_UNIT ( $, .RADIAN. ) );
#5583 = DIRECTION ( 'NONE',  ( -1.000000000000000000, 0.0000000000000000000, -0.0000000000000000000 ) ) ;
#5584 = FACE_OUTER_BOUND ( 'NONE', #7728, .T. ) ;
#5585 = DIRECTION ( 'NONE',  ( 0.0000000000000000000, 0.0000000000000000000, -1.000000000000000000 ) ) ;
#5586 = ORIENTED_EDGE ( 'NONE', *, *, #2565, .F. ) ;
#5587 = LINE ( 'NONE', #4391, #5579 ) ;
#5588 = CARTESIAN_POINT ( 'NONE',  ( -18.43969898051617700, 33.70902881569456600, -44.92298657540472800 ) ) ;
#5589 = VERTEX_POINT ( 'NONE', #5852 ) ;
#5590 = DIRECTION ( 'NONE',  ( -1.000000000000000000, 1.264251560246800100E-012, -2.841279047499280000E-012 ) ) ;
#5591 = ORIENTED_EDGE ( 'NONE', *, *, #7839, .F. ) ;
#5592 = PLANE ( 'NONE',  #2072 ) ;
#5593 = ORIENTED_EDGE ( 'NONE', *, *, #3846, .F. ) ;
#5594 = DIRECTION ( 'NONE',  ( -1.000000000000000000, 0.0000000000000000000, -1.134155878637920100E-012 ) ) ;
#5595 = CARTESIAN_POINT ( 'NONE',  ( -17.68451028723659500, 34.90462457756716900, -42.01705603253681400 ) ) ;
#5596 = CARTESIAN_POINT ( 'NONE',  ( -18.26841952445768400, 34.52173740001849500, -40.55290783953098100 ) ) ;
#5597 = CARTESIAN_POINT ( 'NONE',  ( -19.02375765390755900, 36.66747541208421500, -41.53715980803386300 ) ) ;
#5598 = CARTESIAN_POINT ( 'NONE',  ( -20.18320647280574700, 36.69299724253402000, -40.89936453244802500 ) ) ;
#5599 = ORIENTED_EDGE ( 'NONE', *, *, #6768, .T. ) ;
#5600 = DIRECTION ( 'NONE',  ( 0.0000000000000000000, 0.0000000000000000000, 1.000000000000000000 ) ) ;
#5601 = AXIS2_PLACEMENT_3D ( 'NONE', #7505, #5976, #1558 ) ;
#5602 = ORIENTED_EDGE ( 'NONE', *, *, #3816, .F. ) ;
#5603 = AXIS2_PLACEMENT_3D ( 'NONE', #9041, #8786, #8813 ) ;
#5604 = LINE ( 'NONE', #4729, #5661 ) ;
#5605 = ORIENTED_EDGE ( 'NONE', *, *, #3802, .F. ) ;
#5606 = CARTESIAN_POINT ( 'NONE',  ( -18.24369705721256500, 34.74635665255089400, -43.61765685810375700 ) ) ;
#5607 = CARTESIAN_POINT ( 'NONE',  ( -18.64909682647802900, 35.54535944726740100, -44.61196295335354000 ) ) ;
#5608 = CARTESIAN_POINT ( 'NONE',  ( -18.28991281778543200, 34.74312493175795400, -43.47219917382257400 ) ) ;
#5609 = VERTEX_POINT ( 'NONE', #1504 ) ;
#5610 = PLANE ( 'NONE',  #690 ) ;
#5611 = ORIENTED_EDGE ( 'NONE', *, *, #6543, .F. ) ;
#5612 = CIRCLE ( 'NONE', #3310, 3.645669291338583300 ) ;
#5613 = CARTESIAN_POINT ( 'NONE',  ( -18.12382062244736100, 35.77836127670723000, -41.63725450928140500 ) ) ;
#5614 = FACE_OUTER_BOUND ( 'NONE', #4577, .T. ) ;
#5615 = AXIS2_PLACEMENT_3D ( 'NONE', #9248, #9176, #9077 ) ;
#5616 = DIRECTION ( 'NONE',  ( 0.9998096356151258100, 0.01745174210666195600, -0.008725206507125878700 ) ) ;
#5617 = EDGE_CURVE ( 'NONE', #5172, #5044, #2855, .T. ) ;
#5618 = AXIS2_PLACEMENT_3D ( 'NONE', #9375, #9383, #9416 ) ;
#5619 = ORIENTED_EDGE ( 'NONE', *, *, #7770, .T. ) ;
#5620 = ORIENTED_EDGE ( 'NONE', *, *, #6789, .F. ) ;
#5621 = FACE_OUTER_BOUND ( 'NONE', #5137, .T. ) ;
#5622 = ADVANCED_FACE ( 'NONE', ( #2830 ), #7482, .T. ) ;
#5623 = VECTOR ( 'NONE', #3695, 39.37007874015748100 ) ;
#5624 = CARTESIAN_POINT ( 'NONE',  ( -18.27720357974598600, 34.74401364825732200, -44.61196295335314900 ) ) ;
#5625 =( BOUNDED_CURVE ( )  B_SPLINE_CURVE ( 3, ( #3755, #3813, #3721, #3687 ),
 .UNSPECIFIED., .F., .F. ) 
 B_SPLINE_CURVE_WITH_KNOTS ( ( 4, 4 ),
 ( 3.023806955886768000, 3.259378351101335000 ),
 .UNSPECIFIED. ) 
 CURVE ( )  GEOMETRIC_REPRESENTATION_ITEM ( )  RATIONAL_B_SPLINE_CURVE ( ( 1.000000000000000000, 0.9953808538185665600, 0.9953808538185665600, 1.000000000000000000 ) ) 
 REPRESENTATION_ITEM ( '' )  );
#5626 = PLANE ( 'NONE',  #864 ) ;
#5627 = ORIENTED_EDGE ( 'NONE', *, *, #6808, .T. ) ;
#5628 = ORIENTED_EDGE ( 'NONE', *, *, #7401, .F. ) ;
#5629 = CARTESIAN_POINT ( 'NONE',  ( -18.20367755054389700, 36.39275347672326400, -44.14842204849409800 ) ) ;
#5630 = ORIENTED_EDGE ( 'NONE', *, *, #6555, .T. ) ;
#5631 = DIRECTION ( 'NONE',  ( -0.06975647374538690400, 0.9975640502597360500, -6.685417403018238000E-016 ) ) ;
#5632 = VECTOR ( 'NONE', #5051, 39.37007874015748100 ) ;
#5633 = CARTESIAN_POINT ( 'NONE',  ( -19.70899736156062700, 36.22252480160425100, -44.53322279587480600 ) ) ;
#5634 = EDGE_CURVE ( 'NONE', #8634, #8518, #2877, .T. ) ;
#5635 = LINE ( 'NONE', #5973, #5544 ) ;
#5636 = DIRECTION ( 'NONE',  ( 1.264251560247360100E-012, 1.000000000000000000, -1.993517598846150100E-013 ) ) ;
#5637 = CARTESIAN_POINT ( 'NONE',  ( -19.08674977989307200, 35.54535944726740100, -44.61196295335354000 ) ) ;
#5638 = CARTESIAN_POINT ( 'NONE',  ( -17.66797487841286700, 35.77287110076970600, -42.80482802682066500 ) ) ;
#5639 = ORIENTED_EDGE ( 'NONE', *, *, #3749, .T. ) ;
#5640 = VERTEX_POINT ( 'NONE', #6697 ) ;
#5641 = DIRECTION ( 'NONE',  ( 0.0000000000000000000, 1.000000000000000000, -0.0000000000000000000 ) ) ;
#5642 = VECTOR ( 'NONE', #3848, 39.37007874015748100 ) ;
#5643 = EDGE_CURVE ( 'NONE', #4255, #4378, #2792, .T. ) ;
#5644 = ORIENTED_EDGE ( 'NONE', *, *, #11, .F. ) ;
#5645 = CARTESIAN_POINT ( 'NONE',  ( -18.30014871118362100, 33.71146467470693200, -43.77464452694109600 ) ) ;
#5646 = ORIENTED_EDGE ( 'NONE', *, *, #6280, .F. ) ;
#5647 = DIRECTION ( 'NONE',  ( 1.000000000000000000, -1.264279411229588700E-012, -2.474128006320134500E-015 ) ) ;
#5648 = VECTOR ( 'NONE', #5034, 39.37007874015748100 ) ;
#5649 = VECTOR ( 'NONE', #5162, 39.37007874015748100 ) ;
#5650 = DIRECTION ( 'NONE',  ( 0.9996954598819400900, -0.01744974915976610700, 0.01744974915858676200 ) ) ;
#5651 = CARTESIAN_POINT ( 'NONE',  ( -16.35033292560401500, 35.90237561738008100, -43.58440389826102300 ) ) ;
#5652 = ORIENTED_EDGE ( 'NONE', *, *, #6295, .T. ) ;
#5653 = CARTESIAN_POINT ( 'NONE',  ( -18.24423061818866600, 34.74139249810235000, -44.05276255418485200 ) ) ;
#5654 = ORIENTED_EDGE ( 'NONE', *, *, #6405, .T. ) ;
#5655 = DIRECTION ( 'NONE',  ( 1.835859787452255600E-015, 1.000000000000000000, -2.103686948023382700E-013 ) ) ;
#5656 = DIRECTION ( 'NONE',  ( 1.264251560247360100E-012, 1.000000000000000000, -1.993517598846150100E-013 ) ) ;
#5657 = CARTESIAN_POINT ( 'NONE',  ( -18.30875953088461500, 35.74998962035561300, -44.92298657540546000 ) ) ;
#5658 = EDGE_CURVE ( 'NONE', #4575, #4559, #2801, .T. ) ;
#5659 = CARTESIAN_POINT ( 'NONE',  ( -28.84659229943282500, 35.74722160852530100, -41.39149051309951900 ) ) ;
#5660 = AXIS2_PLACEMENT_3D ( 'NONE', #871, #390, #129 ) ;
#5661 = VECTOR ( 'NONE', #4701, 39.37007874015748900 ) ;
#5662 = CARTESIAN_POINT ( 'NONE',  ( -18.43969898051834700, 36.65728063001713400, -41.54897083163779600 ) ) ;
#5664 = CARTESIAN_POINT ( 'NONE',  ( -20.12245564181026900, 34.78551692757819300, -39.99778972929458800 ) ) ;
#5663 = LINE ( 'NONE', #2968, #5623 ) ;
#5665 = CARTESIAN_POINT ( 'NONE',  ( -20.18320647280401700, 36.71858779371603300, -43.62771098485705300 ) ) ;
#5666 = EDGE_CURVE ( 'NONE', #9360, #8634, #3555, .T. ) ;
#5667 = ORIENTED_EDGE ( 'NONE', *, *, #112, .F. ) ;
#5668 = ORIENTED_EDGE ( 'NONE', *, *, #2914, .F. ) ;
#5669 = CARTESIAN_POINT ( 'NONE',  ( -18.28991281778543200, 35.62318451396275500, -43.61725353927150900 ) ) ;
#5670 = DIRECTION ( 'NONE',  ( 0.0000000000000000000, -0.06975647374432413000, -0.9975640502598103200 ) ) ;
#5671 = CARTESIAN_POINT ( 'NONE',  ( -17.66743071099633900, 35.77985264318347400, -42.78537795712085100 ) ) ;
#5672 = CYLINDRICAL_SURFACE ( 'NONE', #3282, 3.543307086614172300 ) ;
#5673 = ADVANCED_FACE ( 'NONE', ( #2823 ), #3740, .F. ) ;
#5674 = ORIENTED_EDGE ( 'NONE', *, *, #6281, .T. ) ;
#5675 = ORIENTED_EDGE ( 'NONE', *, *, #3765, .F. ) ;
#5676 = PLANE ( 'NONE',  #3068 ) ;
#5677 = AXIS2_PLACEMENT_3D ( 'NONE', #363, #814, #234 ) ;
#5678 = LINE ( 'NONE', #5166, #5686 ) ;
#5679 = CARTESIAN_POINT ( 'NONE',  ( -18.24369705730408600, 34.74635665254125200, -41.54721393478109800 ) ) ;
#5680 = ORIENTED_EDGE ( 'NONE', *, *, #564, .F. ) ;
#5681 = ORIENTED_EDGE ( 'NONE', *, *, #8075, .F. ) ;
#5682 = DIRECTION ( 'NONE',  ( -1.000000000000000000, 0.0000000000000000000, -2.841279047498729900E-012 ) ) ;
#5683 = CARTESIAN_POINT ( 'NONE',  ( -18.28769890390428200, 34.61631982535023200, -40.44908304943869100 ) ) ;
#5684 = CARTESIAN_POINT ( 'NONE',  ( -18.22569118974482200, 34.89130621958142300, -41.54705679995547000 ) ) ;
#5685 = CARTESIAN_POINT ( 'NONE',  ( -18.21667154495213800, 35.18315472320946200, -43.77010248425390400 ) ) ;
#5686 = VECTOR ( 'NONE', #5063, 39.37007874015748100 ) ;
#5687 = EDGE_CURVE ( 'NONE', #8403, #8574, #2764, .T. ) ;
#5688 = DIRECTION ( 'NONE',  ( 1.134155878637920100E-012, -1.993517598852940400E-013, -1.000000000000000000 ) ) ;
#5689 = DIRECTION ( 'NONE',  ( 0.0000000000000000000, -0.0000000000000000000, -1.000000000000000000 ) ) ;
#5690 = CARTESIAN_POINT ( 'NONE',  ( -17.68314104846610500, 34.86795778701760200, -42.03664811307349000 ) ) ;
#5691 = CARTESIAN_POINT ( 'NONE',  ( -18.24369705729932200, 34.59633074591542400, -43.67319818250149400 ) ) ;
#5692 = VERTEX_POINT ( 'NONE', #8954 ) ;
#5693 = DIRECTION ( 'NONE',  ( -1.264251560247360100E-012, -1.000000000000000000, 1.993517598846150100E-013 ) ) ;
#5694 = CARTESIAN_POINT ( 'NONE',  ( -18.28991281778759900, 35.17035938176496000, -44.53341563799252600 ) ) ;
#5695 = DIRECTION ( 'NONE',  ( 2.613222830118091900E-015, 1.497114356561256300E-013, 1.000000000000000000 ) ) ;
#5696 = LINE ( 'NONE', #4970, #5632 ) ;
#5697 = ORIENTED_EDGE ( 'NONE', *, *, #3749, .F. ) ;
#5698 = LINE ( 'NONE', #5379, #5748 ) ;
#5699 = DIRECTION ( 'NONE',  ( 0.0000000000000000000, 1.000000000000000000, -0.0000000000000000000 ) ) ;
#5700 = CARTESIAN_POINT ( 'NONE',  ( -17.66647095689141300, 35.79194876858484500, -42.74554241889090600 ) ) ;
#5701 = AXIS2_PLACEMENT_3D ( 'NONE', #3003, #1530, #3730 ) ;
#5702 = VERTEX_POINT ( 'NONE', #8311 ) ;
#5703 = EDGE_CURVE ( 'NONE', #3382, #3452, #2745, .T. ) ;
#5704 = AXIS2_PLACEMENT_3D ( 'NONE', #938, #585, #547 ) ;
#5705 = VERTEX_POINT ( 'NONE', #8979 ) ;
#5706 = VECTOR ( 'NONE', #5313, 39.37007874015748100 ) ;
#5707 = ORIENTED_EDGE ( 'NONE', *, *, #7784, .T. ) ;
#5708 = DIRECTION ( 'NONE',  ( -1.000000000000000000, -0.0000000000000000000, 1.134155878637920100E-012 ) ) ;
#5709 = FACE_OUTER_BOUND ( 'NONE', #326, .T. ) ;
#5710 = ORIENTED_EDGE ( 'NONE', *, *, #6836, .F. ) ;
#5711 = ORIENTED_EDGE ( 'NONE', *, *, #7356, .T. ) ;
#5712 = LINE ( 'NONE', #5717, #5706 ) ;
#5713 = CARTESIAN_POINT ( 'NONE',  ( -18.22016794196371200, 36.20677677009243200, -41.11885272142048100 ) ) ;
#5714 = AXIS2_PLACEMENT_3D ( 'NONE', #804, #8924, #6728 ) ;
#5715 = ORIENTED_EDGE ( 'NONE', *, *, #3723, .F. ) ;
#5716 = EDGE_CURVE ( 'NONE', #5020, #5059, #2723, .T. ) ;
#5717 = CARTESIAN_POINT ( 'NONE',  ( -18.28991281778543200, 34.58472952601145800, -43.53051543365638300 ) ) ;
#5718 = ADVANCED_FACE ( 'NONE', ( #2683 ), #1599, .F. ) ;
#5719 = ORIENTED_EDGE ( 'NONE', *, *, #598, .F. ) ;
#5720 = CARTESIAN_POINT ( 'NONE',  ( -19.08674977989653600, 33.79732795118697200, -40.63164799700944500 ) ) ;
#5721 = CARTESIAN_POINT ( 'NONE',  ( -19.38112961815197000, 35.16740669135488400, -40.63164799700984300 ) ) ;
#5722 = ORIENTED_EDGE ( 'NONE', *, *, #7235, .F. ) ;
#5723 = CARTESIAN_POINT ( 'NONE',  ( -18.27720357974784800, 34.74401364825676800, -44.61196295335300000 ) ) ;
#5724 = CARTESIAN_POINT ( 'NONE',  ( -17.68241579770750600, 34.85022673191068800, -42.04728839809470700 ) ) ;
#5725 = VECTOR ( 'NONE', #5486, 39.37007874015748100 ) ;
#5726 = DIRECTION ( 'NONE',  ( 1.000000000000000000, -0.0000000000000000000, 1.552565295730630100E-012 ) ) ;
#5727 = CARTESIAN_POINT ( 'NONE',  ( -17.64794862016238100, 33.65528093473624700, -42.28831578849160900 ) ) ;
#5728 = CARTESIAN_POINT ( 'NONE',  ( -18.24980009187988400, 36.20677677045027600, -40.55290783953089600 ) ) ;
#5729 = CARTESIAN_POINT ( 'NONE',  ( -16.35033292560440900, 35.90237561737181700, -41.58046689462362600 ) ) ;
#5730 = CARTESIAN_POINT ( 'NONE',  ( -18.30912262350593900, 35.74722160851886300, -40.24188421747831500 ) ) ;
#5731 = ORIENTED_EDGE ( 'NONE', *, *, #3417, .F. ) ;
#5732 = CARTESIAN_POINT ( 'NONE',  ( -18.21667103959077800, 35.03709107868171200, -41.54697808229763500 ) ) ;
#5733 = VERTEX_POINT ( 'NONE', #2334 ) ;
#5734 = EDGE_CURVE ( 'NONE', #8574, #8384, #2691, .T. ) ;
#5735 = LINE ( 'NONE', #5525, #5725 ) ;
#5736 =( BOUNDED_CURVE ( )  B_SPLINE_CURVE ( 3, ( #4097, #4260, #4035, #4015 ),
 .UNSPECIFIED., .F., .F. ) 
 B_SPLINE_CURVE_WITH_KNOTS ( ( 4, 4 ),
 ( 0.0000000000000000000, 0.1235884995122585600 ),
 .UNSPECIFIED. ) 
 CURVE ( )  GEOMETRIC_REPRESENTATION_ITEM ( )  RATIONAL_B_SPLINE_CURVE ( ( 1.000000000000000000, 0.9987275618798647800, 0.9987275618798647800, 1.000000000000000000 ) ) 
 REPRESENTATION_ITEM ( '' )  );
#5737 = CIRCLE ( 'NONE', #429, 10.61135995809148200 ) ;
#5738 = DIRECTION ( 'NONE',  ( 1.000000000000000000, 0.0000000000000000000, 2.842170943040402000E-012 ) ) ;
#5739 = ORIENTED_EDGE ( 'NONE', *, *, #9, .T. ) ;
#5740 = VERTEX_POINT ( 'NONE', #8341 ) ;
#5741 = CARTESIAN_POINT ( 'NONE',  ( -18.29768877708809800, 35.84457204568817400, -40.24188421747829400 ) ) ;
#5742 = LINE ( 'NONE', #32, #5752 ) ;
#5743 = ORIENTED_EDGE ( 'NONE', *, *, #8098, .F. ) ;
#5744 = PLANE ( 'NONE',  #896 ) ;
#5745 = VERTEX_POINT ( 'NONE', #6048 ) ;
#5746 = CARTESIAN_POINT ( 'NONE',  ( -18.97257655154874800, 33.69890275435041400, -40.82849839071217000 ) ) ;
#5747 = VERTEX_POINT ( 'NONE', #9002 ) ;
#5748 = VECTOR ( 'NONE', #5255, 39.37007874015748100 ) ;
#5749 = DIRECTION ( 'NONE',  ( 2.841279047498729900E-012, -1.993517598874519800E-013, -1.000000000000000000 ) ) ;
#5750 = PLANE ( 'NONE',  #6947 ) ;
#5751 = CARTESIAN_POINT ( 'NONE',  ( -18.90171040982582800, 26.42391719055460800, -40.83243539858347000 ) ) ;
#5752 = VECTOR ( 'NONE', #730, 39.37007874015748100 ) ;
#5753 = CARTESIAN_POINT ( 'NONE',  ( -17.68016058528042900, 34.79895414990056700, -42.08155519724619600 ) ) ;
#5754 = CARTESIAN_POINT ( 'NONE',  ( -17.71461946968602400, 36.71858779372264100, -43.46133835927205500 ) ) ;
#5755 = CARTESIAN_POINT ( 'NONE',  ( -20.18320647280515700, 35.80913897482659500, -45.16708106358951400 ) ) ;
#5756 = CARTESIAN_POINT ( 'NONE',  ( -20.17926946493720300, 35.90460178798436900, -41.60881542319410200 ) ) ;
#5757 = VERTEX_POINT ( 'NONE', #1630 ) ;
#5758 = CARTESIAN_POINT ( 'NONE',  ( -18.25491234134437200, 35.62073704222284900, -44.33346854482144300 ) ) ;
#5759 = EDGE_LOOP ( 'NONE', ( #5668, #5639, #5605, #5602 ) ) ;
#5760 = AXIS2_PLACEMENT_3D ( 'NONE', #2489, #2985, #2370 ) ;
#5761 = CARTESIAN_POINT ( 'NONE',  ( -18.30104855244875100, 35.81206928852308400, -40.24188421747830100 ) ) ;
#5762 = CARTESIAN_POINT ( 'NONE',  ( -19.08674977989437200, 35.69769871617614100, -44.61196295335354000 ) ) ;
#5763 = LINE ( 'NONE', #5764, #5797 ) ;
#5764 = CARTESIAN_POINT ( 'NONE',  ( -18.24673956536516800, 33.69890275434652000, -42.57259287527378400 ) ) ;
#5765 = FACE_OUTER_BOUND ( 'NONE', #225, .T. ) ;
#5766 = ADVANCED_FACE ( 'NONE', ( #2681 ), #5296, .T. ) ;
#5767 = VERTEX_POINT ( 'NONE', #890 ) ;
#5768 = ORIENTED_EDGE ( 'NONE', *, *, #3693, .F. ) ;
#5769 = CARTESIAN_POINT ( 'NONE',  ( -19.09375929415956800, 34.82094999843420900, -40.24188421747953000 ) ) ;
#5770 = EDGE_CURVE ( 'NONE', #4888, #751, #2701, .T. ) ;
#5771 = LINE ( 'NONE', #5129, #5648 ) ;
#5772 = VECTOR ( 'NONE', #7434, 39.37007874015748100 ) ;
#5773 = EDGE_CURVE ( 'NONE', #8489, #8384, #2657, .T. ) ;
#5774 = CARTESIAN_POINT ( 'NONE',  ( -18.09856080337100400, 34.15953267596629000, -41.69267161906103800 ) ) ;
#5775 = AXIS2_PLACEMENT_3D ( 'NONE', #3228, #2815, #2781 ) ;
#5776 = CARTESIAN_POINT ( 'NONE',  ( -18.30014871118578800, 36.64752232457668400, -41.49117996426294000 ) ) ;
#5777 = ORIENTED_EDGE ( 'NONE', *, *, #6868, .T. ) ;
#5778 = ORIENTED_EDGE ( 'NONE', *, *, #2652, .F. ) ;
#5779 = DIRECTION ( 'NONE',  ( 1.000000000000000000, 0.0000000000000000000, 0.0000000000000000000 ) ) ;
#5780 = FACE_OUTER_BOUND ( 'NONE', #2444, .T. ) ;
#5781 = LINE ( 'NONE', #3658, #5649 ) ;
#5782 = CARTESIAN_POINT ( 'NONE',  ( -20.18320647281236500, 35.69496574647972400, -47.00960074862914000 ) ) ;
#5783 = CARTESIAN_POINT ( 'NONE',  ( -18.30014871118578800, 33.69890275434673300, -41.39022626594269400 ) ) ;
#5784 = CARTESIAN_POINT ( 'NONE',  ( -19.08674977989653600, 34.52173740001358500, -40.55290783953069000 ) ) ;
#5785 = VERTEX_POINT ( 'NONE', #1661 ) ;
#5786 = DIRECTION ( 'NONE',  ( 2.841279047499320000E-012, 0.0000000000000000000, 1.000000000000000000 ) ) ;
#5787 = ORIENTED_EDGE ( 'NONE', *, *, #7292, .F. ) ;
#5788 = CARTESIAN_POINT ( 'NONE',  ( -17.67854791306787700, 34.76723530642090100, -42.10754823531261300 ) ) ;
#5789 = EDGE_CURVE ( 'NONE', #8489, #8403, #2603, .T. ) ;
#5790 = CARTESIAN_POINT ( 'NONE',  ( -18.30485983458812200, 35.77961914280000100, -40.24188421747830100 ) ) ;
#5791 = CARTESIAN_POINT ( 'NONE',  ( -18.22739499834435900, 34.15953267562083100, -44.25074248091257800 ) ) ;
#5792 = CARTESIAN_POINT ( 'NONE',  ( -19.96853923815944800, 36.68396663598179700, -40.24188421747997100 ) ) ;
#5793 = PLANE ( 'NONE',  #1414 ) ;
#5794 = EDGE_CURVE ( 'NONE', #8468, #8484, #2665, .T. ) ;
#5795 =( BOUNDED_CURVE ( )  B_SPLINE_CURVE ( 3, ( #4589, #4508, #4503, #4479 ),
 .UNSPECIFIED., .F., .F. ) 
 B_SPLINE_CURVE_WITH_KNOTS ( ( 4, 4 ),
 ( 3.018004154074339400, 3.141592653591042300 ),
 .UNSPECIFIED. ) 
 CURVE ( )  GEOMETRIC_REPRESENTATION_ITEM ( )  RATIONAL_B_SPLINE_CURVE ( ( 1.000000000000000000, 0.9987275618797733000, 0.9987275618797733000, 1.000000000000000000 ) ) 
 REPRESENTATION_ITEM ( '' )  );
#5796 = CARTESIAN_POINT ( 'NONE',  ( -18.56017497673326800, 36.71858779372264100, -41.53715980803386300 ) ) ;
#5797 = VECTOR ( 'NONE', #5749, 39.37007874015748100 ) ;
#5798 = ORIENTED_EDGE ( 'NONE', *, *, #6789, .T. ) ;
#5799 = CARTESIAN_POINT ( 'NONE',  ( -19.09375929415956800, 35.64378464412646300, -40.24188421747953000 ) ) ;
#5800 = ORIENTED_EDGE ( 'NONE', *, *, #5019, .T. ) ;
#5801 = DIRECTION ( 'NONE',  ( -0.0000000000000000000, -1.000000000000000000, -0.0000000000000000000 ) ) ;
#5802 = VECTOR ( 'NONE', #6009, 39.37007874015748100 ) ;
#5803 = ORIENTED_EDGE ( 'NONE', *, *, #7338, .F. ) ;
#5804 = ORIENTED_EDGE ( 'NONE', *, *, #3689, .T. ) ;
#5805 = PLANE ( 'NONE',  #5490 ) ;
#5806 = LINE ( 'NONE', #6000, #5802 ) ;
#5807 = ORIENTED_EDGE ( 'NONE', *, *, #2604, .T. ) ;
#5808 = VECTOR ( 'NONE', #5966, 39.37007874015748100 ) ;
#5809 = VERTEX_POINT ( 'NONE', #8408 ) ;
#5810 = CARTESIAN_POINT ( 'NONE',  ( -18.21667230358989500, 34.15953267526182200, -43.76819641165995000 ) ) ;
#5811 = DIRECTION ( 'NONE',  ( -0.9999619230641824100, 0.0000000000000000000, -0.008726535497084788800 ) ) ;
#5812 = ADVANCED_FACE ( 'NONE', ( #2590 ), #4606, .F. ) ;
#5813 = CARTESIAN_POINT ( 'NONE',  ( -18.97454505547838700, 36.56898149452492700, -44.61196295335354000 ) ) ;
#5814 = AXIS2_PLACEMENT_3D ( 'NONE', #4617, #4450, #4423 ) ;
#5815 = FACE_OUTER_BOUND ( 'NONE', #4667, .T. ) ;
#5816 = EDGE_LOOP ( 'NONE', ( #1018, #4797, #6486, #1865 ) ) ;
#5817 = DIRECTION ( 'NONE',  ( 2.560578020052859800E-012, 0.0000000000000000000, -1.000000000000000000 ) ) ;
#5818 = EDGE_CURVE ( 'NONE', #3004, #5220, #3500, .T. ) ;
#5819 = LINE ( 'NONE', #6135, #5808 ) ;
#5820 = CARTESIAN_POINT ( 'NONE',  ( -17.67610275041798200, 34.72339893237435900, -42.15132995554066000 ) ) ;
#5821 = DIRECTION ( 'NONE',  ( 1.000000000000000000, 8.534397744998808800E-013, 2.560578020052859800E-012 ) ) ;
#5822 = CARTESIAN_POINT ( 'NONE',  ( -18.22628637126325700, 33.85823535622484600, -43.76821592221516300 ) ) ;
#5823 = ORIENTED_EDGE ( 'NONE', *, *, #6905, .F. ) ;
#5824 = CARTESIAN_POINT ( 'NONE',  ( -18.24369720413508500, 35.76997868952677400, -43.77513717178011600 ) ) ;
#5825 = ORIENTED_EDGE ( 'NONE', *, *, #6922, .T. ) ;
#5826 = VECTOR ( 'NONE', #6444, 39.37007874015748100 ) ;
#5827 = ORIENTED_EDGE ( 'NONE', *, *, #3655, .F. ) ;
#5828 = DIRECTION ( 'NONE',  ( -1.000000000000000000, -0.0000000000000000000, -0.0000000000000000000 ) ) ;
#5829 = CARTESIAN_POINT ( 'NONE',  ( -20.18238305517460800, 33.91118644655047400, -43.93210647026732800 ) ) ;
#5830 = CARTESIAN_POINT ( 'NONE',  ( -18.28991281778543200, 35.19595006394693100, -44.61196295335314900 ) ) ;
#5831 = CARTESIAN_POINT ( 'NONE',  ( -17.67528047295552800, 34.70937256953988000, -42.16679461757372100 ) ) ;
#5832 = EDGE_CURVE ( 'NONE', #5234, #5195, #3481, .T. ) ;
#5833 = VERTEX_POINT ( 'NONE', #9060 ) ;
#5834 = AXIS2_PLACEMENT_3D ( 'NONE', #5260, #4719, #4650 ) ;
#5835 = CARTESIAN_POINT ( 'NONE',  ( -18.28820257330488300, 34.72252480158825000, -40.44908303442989700 ) ) ;
#5836 = ORIENTED_EDGE ( 'NONE', *, *, #6999, .T. ) ;
#5837 = FACE_OUTER_BOUND ( 'NONE', #1691, .T. ) ;
#5838 = CARTESIAN_POINT ( 'NONE',  ( -18.30764716386512000, 36.65497565698353800, -40.24188421748068800 ) ) ;
#5839 = DIRECTION ( 'NONE',  ( 0.008726535497084790500, -1.884351576915229500E-013, -0.9999619230641826300 ) ) ;
#5840 = ORIENTED_EDGE ( 'NONE', *, *, #6123, .F. ) ;
#5841 = ORIENTED_EDGE ( 'NONE', *, *, #3585, .T. ) ;
#5842 = AXIS2_PLACEMENT_3D ( 'NONE', #5500, #5436, #5399 ) ;
#5843 = CARTESIAN_POINT ( 'NONE',  ( -18.21667122637665400, 35.03755536243099300, -41.38949776896927800 ) ) ;
#5844 = CARTESIAN_POINT ( 'NONE',  ( -20.18320647280272000, 33.67859577921098700, -42.58243539644212900 ) ) ;
#5845 = CARTESIAN_POINT ( 'NONE',  ( -18.44501749642744300, 34.58472952600945400, -43.67495507935708300 ) ) ;
#5846 = PLANE ( 'NONE',  #6337 ) ;
#5847 = VECTOR ( 'NONE', #3623, 39.37007874015748100 ) ;
#5848 = CARTESIAN_POINT ( 'NONE',  ( -18.26594091896660300, 36.65424767177079700, -40.62336759829489100 ) ) ;
#5849 = CARTESIAN_POINT ( 'NONE',  ( -18.22633359581861600, 35.09431443009510300, -40.96519926848716200 ) ) ;
#5850 = CARTESIAN_POINT ( 'NONE',  ( -18.43969898052032300, 36.65728063002020300, -43.55250414185512400 ) ) ;
#5851 = ORIENTED_EDGE ( 'NONE', *, *, #1076, .F. ) ;
#5852 = CARTESIAN_POINT ( 'NONE',  ( -20.18320647280400900, 36.66740669135906200, -41.50566374504492000 ) ) ;
#5853 = VERTEX_POINT ( 'NONE', #9092 ) ;
#5854 = DIRECTION ( 'NONE',  ( 0.0000000000000000000, -0.8516583167046486400, -0.5240974256641642800 ) ) ;
#5855 = FACE_OUTER_BOUND ( 'NONE', #7518, .T. ) ;
#5856 = FACE_BOUND ( 'NONE', #975, .T. ) ;
#5857 = EDGE_CURVE ( 'NONE', #8749, #8484, #2564, .T. ) ;
#5858 = AXIS2_PLACEMENT_3D ( 'NONE', #6731, #6191, #6157 ) ;
#5859 = DIRECTION ( 'NONE',  ( 0.0000000000000000000, -0.0000000000000000000, -1.000000000000000000 ) ) ;
#5860 = CARTESIAN_POINT ( 'NONE',  ( -19.09375929415740500, 34.52173740003043200, -44.92298657540472800 ) ) ;
#5861 = AXIS2_PLACEMENT_3D ( 'NONE', #7659, #7202, #7236 ) ;
#5862 = ORIENTED_EDGE ( 'NONE', *, *, #6907, .F. ) ;
#5863 = ORIENTED_EDGE ( 'NONE', *, *, #7539, .T. ) ;
#5864 = CARTESIAN_POINT ( 'NONE',  ( -17.67368580618998700, 34.68318069229130200, -42.19870012994042700 ) ) ;
#5865 = ORIENTED_EDGE ( 'NONE', *, *, #549, .F. ) ;
#5866 = LINE ( 'NONE', #6483, #5927 ) ;
#5867 = ADVANCED_FACE ( 'NONE', ( #2556 ), #8472, .F. ) ;
#5868 = CARTESIAN_POINT ( 'NONE',  ( -17.66606342423551000, 35.79696292206519800, -42.72548658882919200 ) ) ;
#5869 = DIRECTION ( 'NONE',  ( 0.0000000000000000000, -0.06975647374430044000, -0.9975640502598118700 ) ) ;
#5870 = VECTOR ( 'NONE', #4390, 39.37007874015748100 ) ;
#5871 = VERTEX_POINT ( 'NONE', #3935 ) ;
#5872 = ORIENTED_EDGE ( 'NONE', *, *, #3544, .T. ) ;
#5873 = CARTESIAN_POINT ( 'NONE',  ( -18.24369705721488400, 35.61995279316102600, -41.49167261038348200 ) ) ;
#5874 = ORIENTED_EDGE ( 'NONE', *, *, #224, .T. ) ;
#5875 = EDGE_CURVE ( 'NONE', #9465, #8749, #3463, .T. ) ;
#5876 = AXIS2_PLACEMENT_3D ( 'NONE', #8256, #7557, #7524 ) ;
#5877 = FACE_OUTER_BOUND ( 'NONE', #1603, .T. ) ;
#5878 = LINE ( 'NONE', #6647, #5772 ) ;
#5879 = PLANE ( 'NONE',  #406 ) ;
#5880 = VERTEX_POINT ( 'NONE', #5425 ) ;
#5881 = CARTESIAN_POINT ( 'NONE',  ( -17.74423009484466700, 35.18315472285335900, -42.76550626472947400 ) ) ;
#5882 = ORIENTED_EDGE ( 'NONE', *, *, #702, .T. ) ;
#5883 = CARTESIAN_POINT ( 'NONE',  ( -17.67290955010651000, 34.67094144499468200, -42.21520410383635600 ) ) ;
#5884 = CARTESIAN_POINT ( 'NONE',  ( -18.37155697523275700, 36.65251567683102300, -43.77402135646181600 ) ) ;
#5886 = CARTESIAN_POINT ( 'NONE',  ( -18.28991281778759900, 35.17035938176496000, -40.55290783953070400 ) ) ;
#5885 = VECTOR ( 'NONE', #8863, 39.37007874015748100 ) ;
#5887 = CARTESIAN_POINT ( 'NONE',  ( -18.90171040981433100, 36.66740669136515900, -43.77519476291653400 ) ) ;
#5888 = EDGE_CURVE ( 'NONE', #5195, #5271, #2571, .T. ) ;
#5889 = EDGE_LOOP ( 'NONE', ( #847, #4329, #6180, #1701 ) ) ;
#5890 = ORIENTED_EDGE ( 'NONE', *, *, #7506, .T. ) ;
#5891 = CARTESIAN_POINT ( 'NONE',  ( -19.38112961814850600, 34.52173740003043200, -44.53322279587441600 ) ) ;
#5892 = CARTESIAN_POINT ( 'NONE',  ( -18.24505624832978200, 36.65388312848872900, -41.00598783955550900 ) ) ;
#5893 = CARTESIAN_POINT ( 'NONE',  ( -18.27869279452109600, 35.75586973326116400, -44.61196295335313500 ) ) ;
#5894 = LINE ( 'NONE', #7396, #5826 ) ;
#5895 = LINE ( 'NONE', #5128, #5847 ) ;
#5896 = CARTESIAN_POINT ( 'NONE',  ( -17.67142073577752400, 34.64814265676443500, -42.24929375454014700 ) ) ;
#5897 = CARTESIAN_POINT ( 'NONE',  ( -17.66506760821061000, 35.80900318630017400, -42.66494548157205500 ) ) ;
#5898 = VERTEX_POINT ( 'NONE', #8496 ) ;
#5899 = ORIENTED_EDGE ( 'NONE', *, *, #3521, .T. ) ;
#5900 = EDGE_CURVE ( 'NONE', #4559, #4695, #2573, .T. ) ;
#5901 = AXIS2_PLACEMENT_3D ( 'NONE', #4781, #2460, #2264 ) ;
#5902 = DIRECTION ( 'NONE',  ( 0.0000000000000000000, -0.0000000000000000000, -1.000000000000000000 ) ) ;
#5903 = CARTESIAN_POINT ( 'NONE',  ( -18.24369705721181800, 35.61995279316077800, -42.57259287527434600 ) ) ;
#5904 = CARTESIAN_POINT ( 'NONE',  ( -18.21667103959059000, 35.18315472321044300, -41.54697808229766300 ) ) ;
#5905 = CARTESIAN_POINT ( 'NONE',  ( -17.66470573453243300, 35.81305884166519600, -42.62407817306735300 ) ) ;
#5906 = ORIENTED_EDGE ( 'NONE', *, *, #172, .T. ) ;
#5907 = ORIENTED_EDGE ( 'NONE', *, *, #2679, .F. ) ;
#5908 = DIRECTION ( 'NONE',  ( 0.3420201433267621700, 0.0000000000000000000, 0.9396926207855104100 ) ) ;
#5909 = CARTESIAN_POINT ( 'NONE',  ( -18.27996288965235300, 35.64378464412646300, -40.55290783953109500 ) ) ;
#5910 = ADVANCED_FACE ( 'NONE', ( #2581 ), #8563, .T. ) ;
#5911 = CARTESIAN_POINT ( 'NONE',  ( -18.27021988249059300, 35.34073364223039700, -40.20200085907205100 ) ) ;
#5912 = CIRCLE ( 'NONE', #3471, 10.61135995809291200 ) ;
#5913 = AXIS2_PLACEMENT_3D ( 'NONE', #3696, #61, #5194 ) ;
#5914 = DIRECTION ( 'NONE',  ( 0.0000000000000000000, -1.000000000000000000, 0.0000000000000000000 ) ) ;
#5915 = CARTESIAN_POINT ( 'NONE',  ( -18.56017497673326800, 36.71858779372264100, -43.47219917382323500 ) ) ;
#5916 = DIRECTION ( 'NONE',  ( -1.000000000000000000, -1.454865855989699900E-012, 2.841279047499320000E-012 ) ) ;
#5917 = VERTEX_POINT ( 'NONE', #7830 ) ;
#5918 = EDGE_LOOP ( 'NONE', ( #8395, #8498, #8561, #8665 ) ) ;
#5919 = CARTESIAN_POINT ( 'NONE',  ( -18.69666226734531700, 33.69890275434673300, -41.38967602996771700 ) ) ;
#5920 = CARTESIAN_POINT ( 'NONE',  ( -18.97257655153381300, 26.42391719055598300, -44.33637240217204600 ) ) ;
#5921 = FACE_OUTER_BOUND ( 'NONE', #6447, .T. ) ;
#5922 = DIRECTION ( 'NONE',  ( -1.367313719802502600E-036, 1.000000000000000000, 5.152908823220420200E-024 ) ) ;
#5923 = PLANE ( 'NONE',  #4707 ) ;
#5924 = VERTEX_POINT ( 'NONE', #5536 ) ;
#5925 = CARTESIAN_POINT ( 'NONE',  ( -18.24673956536808100, 33.69890275434673300, -41.54724048634651000 ) ) ;
#5926 = CARTESIAN_POINT ( 'NONE',  ( -17.66465143175057800, 35.81308447266230400, -42.56200416276153900 ) ) ;
#5927 = VECTOR ( 'NONE', #6480, 39.37007874015747400 ) ;
#5928 = ORIENTED_EDGE ( 'NONE', *, *, #3519, .T. ) ;
#5929 = EDGE_CURVE ( 'NONE', #37, #8468, #2511, .T. ) ;
#5930 = CYLINDRICAL_SURFACE ( 'NONE', #3518, 0.1141732283464528700 ) ;
#5931 = AXIS2_PLACEMENT_3D ( 'NONE', #5915, #5531, #5307 ) ;
#5932 = ADVANCED_FACE ( 'NONE', ( #2503 ), #1862, .T. ) ;
#5933 = ORIENTED_EDGE ( 'NONE', *, *, #3360, .T. ) ;
#5934 = PLANE ( 'NONE',  #5505 ) ;
#5935 = PLANE ( 'NONE',  #3337 ) ;
#5936 = CARTESIAN_POINT ( 'NONE',  ( -19.22775575334244300, 35.49811535277717000, -40.24778972930590700 ) ) ;
#5937 = VERTEX_POINT ( 'NONE', #1121 ) ;
#5938 = FACE_OUTER_BOUND ( 'NONE', #6877, .T. ) ;
#5939 = ORIENTED_EDGE ( 'NONE', *, *, #1625, .T. ) ;
#5940 = CARTESIAN_POINT ( 'NONE',  ( -20.14580489799756100, 33.69890275435291500, -43.65920704783938100 ) ) ;
#5941 = VERTEX_POINT ( 'NONE', #428 ) ;
#5942 = EDGE_CURVE ( 'NONE', #5251, #5271, #2492, .T. ) ;
#5943 = CARTESIAN_POINT ( 'NONE',  ( -19.70899736156279800, 34.52173740001358500, -40.24188421748031200 ) ) ;
#5944 = ORIENTED_EDGE ( 'NONE', *, *, #7541, .F. ) ;
#5945 = LINE ( 'NONE', #7904, #5985 ) ;
#5946 = CARTESIAN_POINT ( 'NONE',  ( -18.24369705721249000, 35.76997869980610300, -43.61765685810397000 ) ) ;
#5947 = ORIENTED_EDGE ( 'NONE', *, *, #1600, .T. ) ;
#5948 = DIRECTION ( 'NONE',  ( 0.0000000000000000000, -0.0000000000000000000, 1.000000000000000000 ) ) ;
#5949 = VERTEX_POINT ( 'NONE', #1891 ) ;
#5950 = B_SPLINE_CURVE_WITH_KNOTS ( 'NONE', 3,
 ( #4758, #4776, #4625, #4599 ),
 .UNSPECIFIED., .F., .F.,
 ( 4, 4 ),
 ( 1.110223024625156500E-016, 0.01135751582234449500 ),
 .UNSPECIFIED. ) ;
#5951 = EDGE_LOOP ( 'NONE', ( #5777, #5823, #5862, #5961 ) ) ;
#5952 = EDGE_CURVE ( 'NONE', #5251, #5315, #2546, .T. ) ;
#5953 =( BOUNDED_CURVE ( )  B_SPLINE_CURVE ( 3, ( #5904, #5732, #5684, #5679 ),
 .UNSPECIFIED., .F., .F. ) 
 B_SPLINE_CURVE_WITH_KNOTS ( ( 4, 4 ),
 ( 0.0000000000000000000, 0.1235884995154282000 ),
 .UNSPECIFIED. ) 
 CURVE ( )  GEOMETRIC_REPRESENTATION_ITEM ( )  RATIONAL_B_SPLINE_CURVE ( ( 1.000000000000000000, 0.9987275618797995000, 0.9987275618797995000, 1.000000000000000000 ) ) 
 REPRESENTATION_ITEM ( '' )  );
#5954 = CARTESIAN_POINT ( 'NONE',  ( -18.26841952441409600, 35.54535944726143300, -40.55290783953080300 ) ) ;
#5955 = CARTESIAN_POINT ( 'NONE',  ( -17.67070814278687900, 34.63758315911270800, -42.26687945769894800 ) ) ;
#5956 = ADVANCED_FACE ( 'NONE', ( #2508 ), #4818, .T. ) ;
#5957 = EDGE_CURVE ( 'NONE', #5785, #5809, #2449, .T. ) ;
#5958 = EDGE_CURVE ( 'NONE', #8468, #8403, #2465, .T. ) ;
#5959 = CARTESIAN_POINT ( 'NONE',  ( -17.66471606911741800, 35.81205923607730300, -42.54112429601094900 ) ) ;
#5960 = ORIENTED_EDGE ( 'NONE', *, *, #1696, .T. ) ;
#5961 = ORIENTED_EDGE ( 'NONE', *, *, #112, .T. ) ;
#5962 = FACE_OUTER_BOUND ( 'NONE', #6469, .T. ) ;
#5963 =( BOUNDED_CURVE ( )  B_SPLINE_CURVE ( 3, ( #6143, #6172, #6203, #6109 ),
 .UNSPECIFIED., .F., .F. ) 
 B_SPLINE_CURVE_WITH_KNOTS ( ( 4, 4 ),
 ( 3.141592653589624800, 4.712388980385144400 ),
 .UNSPECIFIED. ) 
 CURVE ( )  GEOMETRIC_REPRESENTATION_ITEM ( )  RATIONAL_B_SPLINE_CURVE ( ( 1.000000000000000000, 0.8047378541242180500, 0.8047378541242180500, 1.000000000000000000 ) ) 
 REPRESENTATION_ITEM ( '' )  );
#5964 = DIRECTION ( 'NONE',  ( 0.9975262508967573900, -0.06975383055392406200, -0.008705279714868395200 ) ) ;
#5965 = CARTESIAN_POINT ( 'NONE',  ( -19.01982064603112100, 33.69883403362767600, -41.69355013038976700 ) ) ;
#5966 = DIRECTION ( 'NONE',  ( 0.0000000000000000000, 0.0000000000000000000, -1.000000000000000000 ) ) ;
#5967 = CARTESIAN_POINT ( 'NONE',  ( -17.66500450766727700, 35.80800161949387200, -42.50001058613226200 ) ) ;
#5968 = LINE ( 'NONE', #8174, #5885 ) ;
#5969 = EDGE_CURVE ( 'NONE', #5767, #5702, #2455, .T. ) ;
#5970 = ORIENTED_EDGE ( 'NONE', *, *, #941, .T. ) ;
#5971 = DIRECTION ( 'NONE',  ( -1.281026566875212200E-012, 0.0000000000000000000, 1.000000000000000000 ) ) ;
#5972 = ORIENTED_EDGE ( 'NONE', *, *, #7175, .F. ) ;
#5973 = CARTESIAN_POINT ( 'NONE',  ( -19.09375929415956800, 36.56898149450806600, -40.24188421747953000 ) ) ;
#5974 = VERTEX_POINT ( 'NONE', #8656 ) ;
#5975 = EDGE_CURVE ( 'NONE', #5853, #5767, #2398, .T. ) ;
#5976 = DIRECTION ( 'NONE',  ( 1.000000000000000000, -0.0000000000000000000, 0.0000000000000000000 ) ) ;
#5977 = LINE ( 'NONE', #7402, #5870 ) ;
#5978 = DIRECTION ( 'NONE',  ( 0.0000000000000000000, 0.0000000000000000000, 1.000000000000000000 ) ) ;
#5979 = ADVANCED_FACE ( 'NONE', ( #2441 ), #3395, .F. ) ;
#5980 = DIRECTION ( 'NONE',  ( 1.134155878637920100E-012, -1.993517598852940400E-013, -1.000000000000000000 ) ) ;
#5981 = DIRECTION ( 'NONE',  ( -0.5462677805475831800, 0.8376105968381830600, 1.487895312449118000E-012 ) ) ;
#5982 = VERTEX_POINT ( 'NONE', #4882 ) ;
#5983 = ORIENTED_EDGE ( 'NONE', *, *, #7323, .F. ) ;
#5984 = ORIENTED_EDGE ( 'NONE', *, *, #2624, .F. ) ;
#5985 = VECTOR ( 'NONE', #7955, 39.37007874015748100 ) ;
#5986 = EDGE_CURVE ( 'NONE', #5733, #5853, #2408, .T. ) ;
#5987 = EDGE_CURVE ( 'NONE', #8484, #8489, #2376, .T. ) ;
#5988 = CARTESIAN_POINT ( 'NONE',  ( -19.02375765390767600, 36.66740669135756300, -41.52141177653858500 ) ) ;
#5989 = VECTOR ( 'NONE', #1432, 39.37007874015748900 ) ;
#5990 = EDGE_CURVE ( 'NONE', #5833, #5880, #2360, .T. ) ;
#5991 = DIRECTION ( 'NONE',  ( 1.000000000000000000, 0.0000000000000000000, -0.0000000000000000000 ) ) ;
#5992 = CARTESIAN_POINT ( 'NONE',  ( -18.22376916302158300, 35.08406097927816300, -41.04300775320742600 ) ) ;
#5993 = ORIENTED_EDGE ( 'NONE', *, *, #8425, .F. ) ;
#5994 = ORIENTED_EDGE ( 'NONE', *, *, #8034, .T. ) ;
#5995 = CARTESIAN_POINT ( 'NONE',  ( -17.66522770774642800, 35.80497549807371600, -42.47966855709971400 ) ) ;
#5996 = FACE_OUTER_BOUND ( 'NONE', #8018, .T. ) ;
#5997 = LINE ( 'NONE', #5844, #6099 ) ;
#5998 = DIRECTION ( 'NONE',  ( -1.000000000000000000, 0.0000000000000000000, 0.0000000000000000000 ) ) ;
#5999 = CARTESIAN_POINT ( 'NONE',  ( -18.21658416050134100, 34.30726712769478600, -41.11137972834616500 ) ) ;
#6000 = CARTESIAN_POINT ( 'NONE',  ( -19.38112961814850600, 34.52173740003043200, -44.61196295335354000 ) ) ;
#6001 = DIRECTION ( 'NONE',  ( 1.000000000000000000, 0.0000000000000000000, -2.841279047498729900E-012 ) ) ;
#6002 = VERTEX_POINT ( 'NONE', #5665 ) ;
#6003 = ORIENTED_EDGE ( 'NONE', *, *, #2984, .F. ) ;
#6004 = EDGE_CURVE ( 'NONE', #5315, #5335, #3451, .T. ) ;
#6005 = EDGE_CURVE ( 'NONE', #5702, #5833, #2342, .T. ) ;
#6006 = FACE_OUTER_BOUND ( 'NONE', #389, .T. ) ;
#6007 = VECTOR ( 'NONE', #5097, 39.37007874015748100 ) ;
#6008 = CARTESIAN_POINT ( 'NONE',  ( -18.44501749642995800, 35.74722160851220600, -41.39149051667898500 ) ) ;
#6009 = DIRECTION ( 'NONE',  ( 1.000000000000000000, 0.0000000000000000000, -0.0000000000000000000 ) ) ;
#6010 = ADVANCED_FACE ( 'NONE', ( #2312 ), #9370, .T. ) ;
#6011 = CARTESIAN_POINT ( 'NONE',  ( -18.23704105494163500, 34.88797426994493400, -40.82870305234361300 ) ) ;
#6012 = EDGE_LOOP ( 'NONE', ( #3692, #9475, #2127, #4827 ) ) ;
#6013 = DIRECTION ( 'NONE',  ( 1.000000000000000000, -1.264160903141414700E-012, 0.0000000000000000000 ) ) ;
#6014 = ORIENTED_EDGE ( 'NONE', *, *, #1681, .T. ) ;
#6015 = DIRECTION ( 'NONE',  ( -1.264251560247360100E-012, -1.000000000000000000, 1.993517598846150100E-013 ) ) ;
#6016 = CARTESIAN_POINT ( 'NONE',  ( -18.54344269335464500, 33.70302950574088600, -41.54386577901308900 ) ) ;
#6017 = CARTESIAN_POINT ( 'NONE',  ( -18.90171040980161600, 36.75795787246193000, -44.40330153603159100 ) ) ;
#6018 = CYLINDRICAL_SURFACE ( 'NONE', #3614, 0.1023622047244069200 ) ;
#6019 = LINE ( 'NONE', #697, #5989 ) ;
#6020 = EDGE_CURVE ( 'NONE', #5880, #5733, #2350, .T. ) ;
#6021 = EDGE_CURVE ( 'NONE', #5898, #5880, #2306, .T. ) ;
#6022 = VERTEX_POINT ( 'NONE', #2678 ) ;
#6023 = EDGE_LOOP ( 'NONE', ( #5126, #5197, #5149, #7149 ) ) ;
#6024 = CARTESIAN_POINT ( 'NONE',  ( -19.70899736155803300, 33.79732795120382600, -44.53322279587401100 ) ) ;
#6025 = CARTESIAN_POINT ( 'NONE',  ( -17.66936796363585300, 34.61815928787167700, -42.30314336246338100 ) ) ;
#6026 = CARTESIAN_POINT ( 'NONE',  ( -17.66582230232898000, 35.79696631480121000, -42.43940592681510500 ) ) ;
#6027 = FACE_OUTER_BOUND ( 'NONE', #6149, .T. ) ;
#6028 = VERTEX_POINT ( 'NONE', #8734 ) ;
#6029 = ADVANCED_FACE ( 'NONE', ( #2248 ), #588, .F. ) ;
#6030 = ORIENTED_EDGE ( 'NONE', *, *, #1805, .T. ) ;
#6031 = EDGE_CURVE ( 'NONE', #5871, #5898, #2259, .T. ) ;
#6032 = EDGE_CURVE ( 'NONE', #3136, #4786, #3346, .T. ) ;
#6033 = CARTESIAN_POINT ( 'NONE',  ( -28.84659229943270400, 35.84457204569466200, -41.39149051309953400 ) ) ;
#6034 = DIRECTION ( 'NONE',  ( -0.9975262508967627200, -0.06975383055437231500, -0.008705279710647689800 ) ) ;
#6035 = EDGE_CURVE ( 'NONE', #5833, #5871, #2242, .T. ) ;
#6036 = VECTOR ( 'NONE', #7198, 39.37007874015748100 ) ;
#6037 = VERTEX_POINT ( 'NONE', #3511 ) ;
#6038 = CARTESIAN_POINT ( 'NONE',  ( -18.26841952433949200, 33.79732795119365800, -40.55290783953089600 ) ) ;
#6039 = CARTESIAN_POINT ( 'NONE',  ( -18.22739499834583300, 36.21348703975681400, -40.91412831197165900 ) ) ;
#6040 = CARTESIAN_POINT ( 'NONE',  ( -17.75398663348572400, 35.18315472285336700, -42.18479760331223400 ) ) ;
#6041 = LINE ( 'NONE', #7314, #6036 ) ;
#6042 = ORIENTED_EDGE ( 'NONE', *, *, #7539, .F. ) ;
#6043 = CARTESIAN_POINT ( 'NONE',  ( -19.70899736156149700, 35.16740669135488400, -40.63164799700984300 ) ) ;
#6044 = FACE_OUTER_BOUND ( 'NONE', #8248, .T. ) ;
#6045 = EDGE_CURVE ( 'NONE', #8345, #8358, #2294, .T. ) ;
#6046 = CARTESIAN_POINT ( 'NONE',  ( -19.70899736155933000, 35.54535944726740800, -44.53322279587441600 ) ) ;
#6047 = EDGE_CURVE ( 'NONE', #5924, #5898, #2234, .T. ) ;
#6048 = CARTESIAN_POINT ( 'NONE',  ( -18.29768877708809800, 35.84457204568817400, -40.24188421747829400 ) ) ;
#6049 = PLANE ( 'NONE',  #1298 ) ;
#6050 = EDGE_CURVE ( 'NONE', #8358, #1397, #2202, .T. ) ;
#6051 = ORIENTED_EDGE ( 'NONE', *, *, #1238, .T. ) ;
#6052 = CARTESIAN_POINT ( 'NONE',  ( -19.12135943312737000, 33.69465101347513100, -44.33243539429842900 ) ) ;
#6053 = FACE_BOUND ( 'NONE', #6198, .T. ) ;
#6054 = EDGE_LOOP ( 'NONE', ( #5928, #5899, #5872, #5841, #5827, #5804, #5768, #5715 ) ) ;
#6055 = CARTESIAN_POINT ( 'NONE',  ( -18.28991281778544900, 35.76674697900234200, -44.72613618169882000 ) ) ;
#6056 = CIRCLE ( 'NONE', #3643, 10.61135995809148200 ) ;
#6057 = PLANE ( 'NONE',  #4733 ) ;
#6058 = CARTESIAN_POINT ( 'NONE',  ( -17.71465293941996300, 33.65528093473621900, -43.63236285115472400 ) ) ;
#6059 = CARTESIAN_POINT ( 'NONE',  ( -17.66873877807416400, 34.60927302827921200, -42.32187453566874100 ) ) ;
#6060 = ADVANCED_FACE ( 'NONE', ( #2336 ), #5793, .T. ) ;
#6061 = ORIENTED_EDGE ( 'NONE', *, *, #6836, .T. ) ;
#6062 =( BOUNDED_CURVE ( )  B_SPLINE_CURVE ( 3, ( #6786, #6815, #6780, #6759 ),
 .UNSPECIFIED., .F., .F. ) 
 B_SPLINE_CURVE_WITH_KNOTS ( ( 4, 4 ),
 ( 3.011223673785501400, 3.141592653591042300 ),
 .UNSPECIFIED. ) 
 CURVE ( )  GEOMETRIC_REPRESENTATION_ITEM ( )  RATIONAL_B_SPLINE_CURVE ( ( 1.000000000000000000, 0.9985841621918921700, 0.9985841621918921700, 1.000000000000000000 ) ) 
 REPRESENTATION_ITEM ( '' )  );
#6063 = PLANE ( 'NONE',  #2458 ) ;
#6064 = EDGE_CURVE ( 'NONE', #5949, #5924, #2163, .T. ) ;
#6065 = ORIENTED_EDGE ( 'NONE', *, *, #1721, .T. ) ;
#6066 = LINE ( 'NONE', #64, #6085 ) ;
#6067 = ORIENTED_EDGE ( 'NONE', *, *, #1836, .T. ) ;
#6068 = CARTESIAN_POINT ( 'NONE',  ( -20.17926946493503900, 34.46170765772752300, -43.55605536969015600 ) ) ;
#6069 = CARTESIAN_POINT ( 'NONE',  ( -20.18320647280407300, 36.68771366650089800, -40.13164799701712600 ) ) ;
#6070 = VERTEX_POINT ( 'NONE', #8816 ) ;
#6071 = ORIENTED_EDGE ( 'NONE', *, *, #7113, .F. ) ;
#6072 = LINE ( 'NONE', #208, #6103 ) ;
#6073 = DIRECTION ( 'NONE',  ( 1.000000000000000000, 0.0000000000000000000, 0.0000000000000000000 ) ) ;
#6074 = CARTESIAN_POINT ( 'NONE',  ( -18.22564282853547700, 36.30586218497878500, -40.98993169002625300 ) ) ;
#6075 = DIRECTION ( 'NONE',  ( 1.000000000000000000, 6.780283496827029700E-013, -1.101459675461920000E-012 ) ) ;
#6076 = EDGE_CURVE ( 'NONE', #5871, #5949, #2134, .T. ) ;
#6077 = VERTEX_POINT ( 'NONE', #3570 ) ;
#6078 = EDGE_CURVE ( 'NONE', #5747, #5974, #2195, .T. ) ;
#6079 = CARTESIAN_POINT ( 'NONE',  ( -18.43969898051834400, 36.65728063001732600, -40.24188421747953000 ) ) ;
#6080 = ADVANCED_FACE ( 'NONE', ( #2145 ), #2150, .T. ) ;
#6081 = ORIENTED_EDGE ( 'NONE', *, *, #7494, .F. ) ;
#6082 = DIRECTION ( 'NONE',  ( -1.000000000000000000, -0.0000000000000000000, 0.0000000000000000000 ) ) ;
#6083 = ORIENTED_EDGE ( 'NONE', *, *, #6504, .T. ) ;
#6084 = CARTESIAN_POINT ( 'NONE',  ( -18.90171040981370300, 36.71858779372264100, -43.47219917382323500 ) ) ;
#6085 = VECTOR ( 'NONE', #66, 39.37007874015748100 ) ;
#6086 = CARTESIAN_POINT ( 'NONE',  ( -19.09568329481933100, 33.65528093473621900, -41.68998048601496700 ) ) ;
#6087 = VECTOR ( 'NONE', #7363, 39.37007874015748100 ) ;
#6088 = CARTESIAN_POINT ( 'NONE',  ( -18.20761632477135400, 35.32949822098206700, -43.61797172988573100 ) ) ;
#6089 = CARTESIAN_POINT ( 'NONE',  ( -18.09856080336856400, 36.20677677045448200, -41.63769542106354000 ) ) ;
#6090 = ORIENTED_EDGE ( 'NONE', *, *, #7951, .T. ) ;
#6091 = DIRECTION ( 'NONE',  ( -1.000000000000000000, -0.0000000000000000000, 0.0000000000000000000 ) ) ;
#6092 = CARTESIAN_POINT ( 'NONE',  ( -17.66702220201577200, 34.58539739525621600, -42.37942690835269100 ) ) ;
#6093 = VERTEX_POINT ( 'NONE', #4339 ) ;
#6094 = EDGE_CURVE ( 'NONE', #5941, #5747, #2116, .T. ) ;
#6095 = FACE_OUTER_BOUND ( 'NONE', #4307, .T. ) ;
#6096 =( BOUNDED_CURVE ( )  B_SPLINE_CURVE ( 3, ( #6954, #6944, #7013, #7046 ),
 .UNSPECIFIED., .F., .F. ) 
 B_SPLINE_CURVE_WITH_KNOTS ( ( 4, 4 ),
 ( 0.0000000000000000000, 0.1303689798042609300 ),
 .UNSPECIFIED. ) 
 CURVE ( )  GEOMETRIC_REPRESENTATION_ITEM ( )  RATIONAL_B_SPLINE_CURVE ( ( 1.000000000000000000, 0.9985841621919198100, 0.9985841621919198100, 1.000000000000000000 ) ) 
 REPRESENTATION_ITEM ( '' )  );
#6097 = EDGE_CURVE ( 'NONE', #5363, #5392, #3230, .T. ) ;
#6098 = CARTESIAN_POINT ( 'NONE',  ( -17.66619371257367300, 35.79198320998219200, -42.41948533501172100 ) ) ;
#6099 = VECTOR ( 'NONE', #2171, 39.37007874015748100 ) ;
#6100 = ORIENTED_EDGE ( 'NONE', *, *, #6910, .F. ) ;
#6101 = CARTESIAN_POINT ( 'NONE',  ( -18.25037104507861900, 35.33088917517493900, -44.61914686670866800 ) ) ;
#6102 = ORIENTED_EDGE ( 'NONE', *, *, #3459, .F. ) ;
#6103 = VECTOR ( 'NONE', #200, 39.37007874015748100 ) ;
#6104 = VECTOR ( 'NONE', #2867, 39.37007874015748100 ) ;
#6105 = EDGE_CURVE ( 'NONE', #6002, #5941, #2122, .T. ) ;
#6106 = EDGE_CURVE ( 'NONE', #1397, #964, #2095, .T. ) ;
#6107 = CARTESIAN_POINT ( 'NONE',  ( -18.22089127085422100, 36.25811005902473000, -41.10530158365993700 ) ) ;
#6108 = EDGE_CURVE ( 'NONE', #5974, #6002, #2069, .T. ) ;
#6109 = CARTESIAN_POINT ( 'NONE',  ( -20.12245564180839000, 35.80913897482664500, -45.16708106358969100 ) ) ;
#6110 = VERTEX_POINT ( 'NONE', #3632 ) ;
#6111 = DIRECTION ( 'NONE',  ( 0.9999619230641601000, 0.0000000000000000000, -0.008726535499663082300 ) ) ;
#6112 = ORIENTED_EDGE ( 'NONE', *, *, #1833, .T. ) ;
#6113 = DIRECTION ( 'NONE',  ( 0.0000000000000000000, 0.0000000000000000000, -1.000000000000000000 ) ) ;
#6114 = VECTOR ( 'NONE', #639, 39.37007874015748100 ) ;
#6116 = CARTESIAN_POINT ( 'NONE',  ( -18.30108571286158500, 33.76446570024969400, -40.24188421747830100 ) ) ;
#6115 = LINE ( 'NONE', #4363, #6007 ) ;
#6117 = VERTEX_POINT ( 'NONE', #5887 ) ;
#6118 = CARTESIAN_POINT ( 'NONE',  ( -19.12135943312728500, 33.69465101347515900, -44.39667339940499600 ) ) ;
#6119 = ORIENTED_EDGE ( 'NONE', *, *, #3765, .T. ) ;
#6120 = EDGE_CURVE ( 'NONE', #5982, #5974, #2051, .T. ) ;
#6121 = ADVANCED_FACE ( 'NONE', ( #2107 ), #2003, .T. ) ;
#6122 = DIRECTION ( 'NONE',  ( -0.0000000000000000000, 1.000000000000000000, 0.0000000000000000000 ) ) ;
#6123 = EDGE_CURVE ( 'NONE', #5982, #6070, #2009, .T. ) ;
#6124 = DIRECTION ( 'NONE',  ( 0.9998476951563627400, -0.01745240643891090100, -0.0000000000000000000 ) ) ;
#6125 = LINE ( 'NONE', #703, #6114 ) ;
#6126 = LINE ( 'NONE', #6577, #6224 ) ;
#6127 = CARTESIAN_POINT ( 'NONE',  ( -20.12418156797785000, 35.36967142366091100, -45.36485261360712000 ) ) ;
#6128 = CARTESIAN_POINT ( 'NONE',  ( -17.66612996716837000, 34.57348677400937500, -42.41875559283145900 ) ) ;
#6129 = DIRECTION ( 'NONE',  ( 1.000000000000000000, -0.0000000000000000000, 0.0000000000000000000 ) ) ;
#6130 = VERTEX_POINT ( 'NONE', #40 ) ;
#6131 = EDGE_LOOP ( 'NONE', ( #9188, #9306, #1090, #1258 ) ) ;
#6132 = ADVANCED_FACE ( 'NONE', ( #2023 ), #1972, .F. ) ;
#6133 = CARTESIAN_POINT ( 'NONE',  ( -18.54344269327106400, 36.68883963849098300, -43.47219917382323500 ) ) ;
#6134 = FACE_OUTER_BOUND ( 'NONE', #6662, .T. ) ;
#6135 = CARTESIAN_POINT ( 'NONE',  ( -18.28991281778759900, 34.59956246670980600, -44.53341563799252600 ) ) ;
#6136 = FACE_OUTER_BOUND ( 'NONE', #318, .T. ) ;
#6137 = CARTESIAN_POINT ( 'NONE',  ( -19.02375765390889800, 36.65165865986205100, -43.47219917382085400 ) ) ;
#6138 = EDGE_CURVE ( 'NONE', #5747, #6070, #1993, .T. ) ;
#6139 = VERTEX_POINT ( 'NONE', #2977 ) ;
#6140 = ORIENTED_EDGE ( 'NONE', *, *, #1984, .T. ) ;
#6141 = DIRECTION ( 'NONE',  ( 1.000000000000000000, 0.0000000000000000000, 0.0000000000000000000 ) ) ;
#6142 = DIRECTION ( 'NONE',  ( -0.0000000000000000000, 0.0000000000000000000, -1.000000000000000000 ) ) ;
#6143 = CARTESIAN_POINT ( 'NONE',  ( -20.12145926713909800, 35.69496574648017200, -45.05290783524316800 ) ) ;
#6144 = CARTESIAN_POINT ( 'NONE',  ( -17.69043858776897000, 35.18315472285327400, -43.21235665842989700 ) ) ;
#6145 = CIRCLE ( 'NONE', #3704, 10.62992125984252600 ) ;
#6146 = PLANE ( 'NONE',  #4775 ) ;
#6147 = DIRECTION ( 'NONE',  ( -2.841279047498729900E-012, 1.993517598874520100E-013, 1.000000000000000000 ) ) ;
#6148 = VERTEX_POINT ( 'NONE', #3703 ) ;
#6149 = EDGE_LOOP ( 'NONE', ( #4704, #320 ) ) ;
#6150 = EDGE_CURVE ( 'NONE', #6028, #5917, #1986, .T. ) ;
#6151 = EDGE_CURVE ( 'NONE', #964, #8345, #1979, .T. ) ;
#6152 = EDGE_CURVE ( 'NONE', #6028, #6110, #1922, .T. ) ;
#6153 = EDGE_CURVE ( 'NONE', #6093, #6110, #1959, .T. ) ;
#6154 = CYLINDRICAL_SURFACE ( 'NONE', #3717, 3.645669291338583300 ) ;
#6155 = VERTEX_POINT ( 'NONE', #4487 ) ;
#6156 = ORIENTED_EDGE ( 'NONE', *, *, #1901, .T. ) ;
#6157 = DIRECTION ( 'NONE',  ( 0.0000000000000000000, -0.0000000000000000000, -1.000000000000000000 ) ) ;
#6158 = CARTESIAN_POINT ( 'NONE',  ( -17.66523418094594400, 34.56142143538784200, -42.47914049976073200 ) ) ;
#6159 = FACE_OUTER_BOUND ( 'NONE', #9242, .T. ) ;
#6160 = ORIENTED_EDGE ( 'NONE', *, *, #6919, .T. ) ;
#6161 = EDGE_CURVE ( 'NONE', #5917, #6093, #1895, .T. ) ;
#6162 = CARTESIAN_POINT ( 'NONE',  ( -19.08725445498496100, 34.61908783719968600, -44.61196295335354000 ) ) ;
#6163 = CARTESIAN_POINT ( 'NONE',  ( -18.24369705721480300, 34.59633074590579600, -41.49167261038328300 ) ) ;
#6164 = CARTESIAN_POINT ( 'NONE',  ( -17.66707510334148500, 35.78004074176850200, -42.38006956554596600 ) ) ;
#6165 = EDGE_CURVE ( 'NONE', #1069, #8345, #1884, .T. ) ;
#6166 = CYLINDRICAL_SURFACE ( 'NONE', #3748, 3.645669291338583300 ) ;
#6167 = ADVANCED_FACE ( 'NONE', ( #1913 ), #3033, .F. ) ;
#6168 = ORIENTED_EDGE ( 'NONE', *, *, #2028, .T. ) ;
#6169 = LINE ( 'NONE', #738, #6208 ) ;
#6170 = CARTESIAN_POINT ( 'NONE',  ( -18.97257655154894000, 33.67331220317323200, -40.82849839071205600 ) ) ;
#6171 = DIRECTION ( 'NONE',  ( 0.0000000000000000000, 1.000000000000000000, 0.0000000000000000000 ) ) ;
#6172 = CARTESIAN_POINT ( 'NONE',  ( -20.12145926713918300, 35.76184687518564000, -45.05290783524316100 ) ) ;
#6173 = VERTEX_POINT ( 'NONE', #5201 ) ;
#6174 = CARTESIAN_POINT ( 'NONE',  ( -18.28991281778543200, 35.19595006394693100, -40.63145515489173900 ) ) ;
#6175 = PLANE ( 'NONE',  #4721 ) ;
#6176 = EDGE_LOOP ( 'NONE', ( #3549, #3691, #3817, #3943, #4098, #5384, #5562, #5719, #5865, #5993, #6102, #6249, #6418, #6578 ) ) ;
#6177 = EDGE_CURVE ( 'NONE', #6093, #6022, #1876, .T. ) ;
#6178 = CIRCLE ( 'NONE', #3845, 10.62992125984252600 ) ;
#6179 = CARTESIAN_POINT ( 'NONE',  ( -18.12382062249062600, 34.75473922946021300, -41.69267161906608300 ) ) ;
#6180 = ORIENTED_EDGE ( 'NONE', *, *, #7088, .T. ) ;
#6181 = EDGE_CURVE ( 'NONE', #6110, #6130, #1850, .T. ) ;
#6182 = ADVANCED_FACE ( 'NONE', ( #1799 ), #6798, .T. ) ;
#6183 = CARTESIAN_POINT ( 'NONE',  ( -18.24980009188118800, 35.18315472250264300, -40.55290783953089600 ) ) ;
#6184 = ORIENTED_EDGE ( 'NONE', *, *, #6907, .T. ) ;
#6185 = CARTESIAN_POINT ( 'NONE',  ( -20.14580489799751800, 33.69890275435279400, -44.26550626043937300 ) ) ;
#6186 = DIRECTION ( 'NONE',  ( 0.9975262508967693800, -0.06975383055460368500, 0.008705279708034955100 ) ) ;
#6187 = ORIENTED_EDGE ( 'NONE', *, *, #1304, .T. ) ;
#6188 = FACE_OUTER_BOUND ( 'NONE', #8849, .T. ) ;
#6189 = ORIENTED_EDGE ( 'NONE', *, *, #3742, .T. ) ;
#6190 = CARTESIAN_POINT ( 'NONE',  ( -18.26841952440880900, 35.84457204568814600, -40.55290783953089600 ) ) ;
#6191 = DIRECTION ( 'NONE',  ( 0.0000000000000000000, -1.000000000000000000, 0.0000000000000000000 ) ) ;
#6192 = CARTESIAN_POINT ( 'NONE',  ( -17.66500929791283900, 34.55837351699081900, -42.49950247442321700 ) ) ;
#6193 = CARTESIAN_POINT ( 'NONE',  ( -18.24980009187988400, 36.20677677045027600, -40.55290783953089600 ) ) ;
#6194 = CARTESIAN_POINT ( 'NONE',  ( -18.90171040981582700, 33.70096437619638200, -41.54513662796475900 ) ) ;
#6195 = AXIS2_PLACEMENT_3D ( 'NONE', #5071, #8865, #4392 ) ;
#6196 = VERTEX_POINT ( 'NONE', #7584 ) ;
#6197 = EDGE_CURVE ( 'NONE', #6130, #6022, #1809, .T. ) ;
#6198 = EDGE_LOOP ( 'NONE', ( #4893, #4983 ) ) ;
#6199 = EDGE_CURVE ( 'NONE', #6117, #3583, #1819, .T. ) ;
#6200 = FACE_OUTER_BOUND ( 'NONE', #9498, .T. ) ;
#6201 = DIRECTION ( 'NONE',  ( -1.000000000000000000, 1.264420666934205400E-012, -2.841348555614751100E-012 ) ) ;
#6202 = PLANE ( 'NONE',  #159 ) ;
#6203 = CARTESIAN_POINT ( 'NONE',  ( -20.12187197904041400, 35.80913897482667400, -45.10019993488422300 ) ) ;
#6204 = CARTESIAN_POINT ( 'NONE',  ( -18.05131670901649300, 36.71858779372243500, -42.58243539858877100 ) ) ;
#6205 = CARTESIAN_POINT ( 'NONE',  ( -19.01982064603340200, 33.65528093473621900, -43.62771098485039500 ) ) ;
#6206 = ORIENTED_EDGE ( 'NONE', *, *, #1995, .T. ) ;
#6207 = ORIENTED_EDGE ( 'NONE', *, *, #6922, .F. ) ;
#6208 = VECTOR ( 'NONE', #735, 39.37007874015748100 ) ;
#6209 = DIRECTION ( 'NONE',  ( 0.0000000000000000000, -0.0000000000000000000, -1.000000000000000000 ) ) ;
#6210 = EDGE_CURVE ( 'NONE', #6037, #6117, #1840, .T. ) ;
#6211 = CARTESIAN_POINT ( 'NONE',  ( -18.22016794196501600, 35.18315472284794500, -41.11885272142048100 ) ) ;
#6212 = DIRECTION ( 'NONE',  ( -1.264251560247360100E-012, -1.000000000000000000, 1.993517598846150100E-013 ) ) ;
#6213 = EDGE_CURVE ( 'NONE', #6037, #6173, #1783, .T. ) ;
#6214 = LINE ( 'NONE', #3591, #6087 ) ;
#6215 = CARTESIAN_POINT ( 'NONE',  ( -18.12777815155896400, 33.69890275434673300, -41.69267161906616800 ) ) ;
#6216 = DIRECTION ( 'NONE',  ( 0.0000000000000000000, 1.000000000000000000, 0.0000000000000000000 ) ) ;
#6217 = VERTEX_POINT ( 'NONE', #8377 ) ;
#6218 = ORIENTED_EDGE ( 'NONE', *, *, #6496, .F. ) ;
#6219 = ORIENTED_EDGE ( 'NONE', *, *, #793, .T. ) ;
#6220 = VECTOR ( 'NONE', #1834, 39.37007874015748100 ) ;
#6221 = CARTESIAN_POINT ( 'NONE',  ( -18.27792963007112100, 35.62491694760970500, -40.54792359054047800 ) ) ;
#6222 = ADVANCED_FACE ( 'NONE', ( #1740 ), #6049, .T. ) ;
#6223 = DIRECTION ( 'NONE',  ( -4.663511435515948500E-017, 6.669132062246153800E-016, 1.000000000000000000 ) ) ;
#6224 = VECTOR ( 'NONE', #2138, 39.37007874015748900 ) ;
#6225 = CARTESIAN_POINT ( 'NONE',  ( -28.84659229943224500, 36.20677677046350600, -41.39149051309960500 ) ) ;
#6226 = CARTESIAN_POINT ( 'NONE',  ( -18.28991281778542800, 35.62318451395728400, -43.53051543365655400 ) ) ;
#6227 = DIRECTION ( 'NONE',  ( -1.000000000000000000, -0.0000000000000000000, -0.0000000000000000000 ) ) ;
#6228 = ORIENTED_EDGE ( 'NONE', *, *, #4674, .F. ) ;
#6229 = EDGE_CURVE ( 'NONE', #5441, #6173, #1730, .T. ) ;
#6230 = ORIENTED_EDGE ( 'NONE', *, *, #4979, .F. ) ;
#6231 = DIRECTION ( 'NONE',  ( -1.000000000000000000, 0.0000000000000000000, 2.841499533867840700E-012 ) ) ;
#6232 = VERTEX_POINT ( 'NONE', #2395 ) ;
#6233 = FACE_OUTER_BOUND ( 'NONE', #4826, .T. ) ;
#6234 = B_SPLINE_CURVE_WITH_KNOTS ( 'NONE', 3,
 ( #7740, #7289, #7281, #7266 ),
 .UNSPECIFIED., .F., .F.,
 ( 4, 4 ),
 ( 0.0000000000000000000, 1.000000000000000000 ),
 .UNSPECIFIED. ) ;
#6235 = VECTOR ( 'NONE', #7329, 39.37007874015748100 ) ;
#6236 = CARTESIAN_POINT ( 'NONE',  ( -18.25597381780978200, 35.96530695393485600, -40.55290783953089600 ) ) ;
#6237 = CARTESIAN_POINT ( 'NONE',  ( -17.66758718944527500, 35.77305248973154800, -42.36050562630644100 ) ) ;
#6238 = ORIENTED_EDGE ( 'NONE', *, *, #5372, .T. ) ;
#6239 = DIRECTION ( 'NONE',  ( 1.000000000000000000, 0.0000000000000000000, -0.0000000000000000000 ) ) ;
#6240 = EDGE_LOOP ( 'NONE', ( #971, #4285, #382, #3101 ) ) ;
#6241 = EDGE_CURVE ( 'NONE', #4017, #6139, #3229, .T. ) ;
#6242 = EDGE_CURVE ( 'NONE', #5111, #5281, #1768, .T. ) ;
#6243 = DIRECTION ( 'NONE',  ( -1.000000000000000000, -0.0000000000000000000, 0.0000000000000000000 ) ) ;
#6244 = VECTOR ( 'NONE', #1035, 39.37007874015748100 ) ;
#6245 = LINE ( 'NONE', #9440, #6235 ) ;
#6246 = CARTESIAN_POINT ( 'NONE',  ( -20.18320647280609800, 34.78551692757827100, -39.99778972929464500 ) ) ;
#6247 = EDGE_CURVE ( 'NONE', #6148, #6139, #1723, .T. ) ;
#6248 = DIRECTION ( 'NONE',  ( 0.9999619230641824100, 0.0000000000000000000, -0.008726535497084788800 ) ) ;
#6249 = ORIENTED_EDGE ( 'NONE', *, *, #4043, .F. ) ;
#6250 = ORIENTED_EDGE ( 'NONE', *, *, #4628, .F. ) ;
#6251 = CARTESIAN_POINT ( 'NONE',  ( -18.28991281778543200, 35.76674697900763500, -43.67360150133319500 ) ) ;
#6252 = DIRECTION ( 'NONE',  ( -0.008726535499556835700, 1.009471664568258200E-013, -0.9999619230641609800 ) ) ;
#6253 = LINE ( 'NONE', #1186, #6244 ) ;
#6254 = LINE ( 'NONE', #4327, #6104 ) ;
#6255 = CARTESIAN_POINT ( 'NONE',  ( -18.21658416050024000, 35.18315472250247900, -41.11137972834840300 ) ) ;
#6256 = EDGE_LOOP ( 'NONE', ( #180, #3787, #9505, #2269, #4900, #889, #4472, #6285, #1753, #6913, #7688, #2633, #8718, #9503, #3682, #9470, #900, #4488, #6292, #1762, #6920 ) ) ;
#6257 = DIRECTION ( 'NONE',  ( -0.9975262508966382700, -0.06975383055650745400, -0.008705279707804597700 ) ) ;
#6258 = EDGE_LOOP ( 'NONE', ( #1367, #1485, #1557, #1688 ) ) ;
#6259 = EDGE_CURVE ( 'NONE', #6217, #6155, #1712, .T. ) ;
#6260 = CARTESIAN_POINT ( 'NONE',  ( -18.28991281778759900, 35.74722160851220600, -40.55290783953083900 ) ) ;
#6261 = CARTESIAN_POINT ( 'NONE',  ( -18.22617828503215200, 35.09114059225596800, -40.97114899132197500 ) ) ;
#6262 = CARTESIAN_POINT ( 'NONE',  ( -21.75997812620185100, 35.18315472321023700, -42.57259287528425100 ) ) ;
#6264 = CARTESIAN_POINT ( 'NONE',  ( -18.27720357979148600, 35.76763569550227100, -44.61196295335628300 ) ) ;
#6263 = VECTOR ( 'NONE', #3559, 39.37007874015748100 ) ;
#6265 = VERTEX_POINT ( 'NONE', #7652 ) ;
#6266 = ORIENTED_EDGE ( 'NONE', *, *, #2972, .F. ) ;
#6267 = DIRECTION ( 'NONE',  ( -4.663511435517878200E-017, -6.669132062248923700E-016, -1.000000000000000000 ) ) ;
#6268 = CARTESIAN_POINT ( 'NONE',  ( -17.66930226206436000, 35.74920141554954300, -42.30294021499121000 ) ) ;
#6269 = VECTOR ( 'NONE', #1123, 39.37007874015748100 ) ;
#6270 = ADVANCED_FACE ( 'NONE', ( #1668 ), #1632, .F. ) ;
#6271 = EDGE_CURVE ( 'NONE', #3760, #6217, #1659, .T. ) ;
#6272 = ORIENTED_EDGE ( 'NONE', *, *, #5065, .T. ) ;
#6273 = DIRECTION ( 'NONE',  ( -1.566908114977799300E-012, -0.5240974256646439000, -0.8516583167043536600 ) ) ;
#6274 = ORIENTED_EDGE ( 'NONE', *, *, #5033, .F. ) ;
#6275 = CARTESIAN_POINT ( 'NONE',  ( -18.25593964767272200, 34.65744796838633600, -41.42501519039724700 ) ) ;
#6276 = LINE ( 'NONE', #1152, #6269 ) ;
#6277 = CARTESIAN_POINT ( 'NONE',  ( -18.28991281778544200, 35.76674697900232000, -44.61196295335314900 ) ) ;
#6278 = CARTESIAN_POINT ( 'NONE',  ( -19.96853923815925600, 36.66740669136515900, -44.92298657540315100 ) ) ;
#6279 = VERTEX_POINT ( 'NONE', #7722 ) ;
#6280 = EDGE_CURVE ( 'NONE', #6155, #3729, #1604, .T. ) ;
#6281 = EDGE_CURVE ( 'NONE', #3631, #6196, #1620, .T. ) ;
#6282 = CARTESIAN_POINT ( 'NONE',  ( -19.01982064603452500, 34.54338815908421600, -44.26550626043937300 ) ) ;
#6283 = EDGE_CURVE ( 'NONE', #6155, #6196, #1579, .T. ) ;
#6284 = CIRCLE ( 'NONE', #3924, 0.1023622047244069200 ) ;
#6285 = ORIENTED_EDGE ( 'NONE', *, *, #6884, .T. ) ;
#6286 = FACE_OUTER_BOUND ( 'NONE', #98, .T. ) ;
#6287 = CARTESIAN_POINT ( 'NONE',  ( -19.38112961815110300, 36.56898149452492700, -44.61196295335354000 ) ) ;
#6288 = CARTESIAN_POINT ( 'NONE',  ( -17.66471780475034200, 34.55427628412186900, -42.54070609943053700 ) ) ;
#6289 = VERTEX_POINT ( 'NONE', #5426 ) ;
#6290 = DIRECTION ( 'NONE',  ( -8.535622351345360100E-013, 1.000000000000000000, -9.423643207506899800E-017 ) ) ;
#6291 = LINE ( 'NONE', #1025, #6220 ) ;
#6292 = ORIENTED_EDGE ( 'NONE', *, *, #3240, .F. ) ;
#6293 = VECTOR ( 'NONE', #1231, 39.37007874015748100 ) ;
#6294 = EDGE_CURVE ( 'NONE', #964, #918, #1552, .T. ) ;
#6295 = EDGE_CURVE ( 'NONE', #6196, #6077, #1571, .T. ) ;
#6296 = CARTESIAN_POINT ( 'NONE',  ( -18.24980009188003300, 36.08604186219559300, -40.55290783953089600 ) ) ;
#6297 = DIRECTION ( 'NONE',  ( -1.000000000000000000, -0.0000000000000000000, -0.0000000000000000000 ) ) ;
#6298 = CARTESIAN_POINT ( 'NONE',  ( -17.67066118239215900, 35.72978907395494000, -42.26671788692073800 ) ) ;
#6299 = EDGE_CURVE ( 'NONE', #6077, #3743, #1546, .T. ) ;
#6300 = ORIENTED_EDGE ( 'NONE', *, *, #6950, .F. ) ;
#6301 = ORIENTED_EDGE ( 'NONE', *, *, #4145, .T. ) ;
#6302 = LINE ( 'NONE', #1286, #6293 ) ;
#6303 = ORIENTED_EDGE ( 'NONE', *, *, #340, .T. ) ;
#6304 = CARTESIAN_POINT ( 'NONE',  ( -19.01982064603390700, 33.65528093473621900, -44.26550626043867000 ) ) ;
#6305 = CARTESIAN_POINT ( 'NONE',  ( -18.27158823076315400, 33.97355596898889700, -40.20215475266890300 ) ) ;
#6306 = ORIENTED_EDGE ( 'NONE', *, *, #8109, .T. ) ;
#6307 = B_SPLINE_CURVE_WITH_KNOTS ( 'NONE', 3,
 ( #7605, #7680, #6560, #7857 ),
 .UNSPECIFIED., .F., .F.,
 ( 4, 4 ),
 ( 0.0000000000000000000, 1.000000000000000000 ),
 .UNSPECIFIED. ) ;
#6308 = CARTESIAN_POINT ( 'NONE',  ( -19.70899736156153600, 33.75402146429024000, -40.24188421748048200 ) ) ;
#6309 = EDGE_CURVE ( 'NONE', #6341, #6391, #1554, .T. ) ;
#6310 = DIRECTION ( 'NONE',  ( 0.9999619230641601000, 0.0000000000000000000, -0.008726535499663082300 ) ) ;
#6311 = ORIENTED_EDGE ( 'NONE', *, *, #1596, .T. ) ;
#6312 = PLANE ( 'NONE',  #1222 ) ;
#6313 = EDGE_CURVE ( 'NONE', #6348, #6391, #1520, .T. ) ;
#6314 = LINE ( 'NONE', #1243, #6386 ) ;
#6315 = DIRECTION ( 'NONE',  ( -0.9975262508966806800, -0.06975383055587443300, -0.008705279708008474600 ) ) ;
#6316 = B_SPLINE_CURVE_WITH_KNOTS ( 'NONE', 3,
 ( #233, #169, #158, #148 ),
 .UNSPECIFIED., .F., .F.,
 ( 4, 4 ),
 ( 2.220446049250313100E-016, 0.02127248946897798700 ),
 .UNSPECIFIED. ) ;
#6317 = ADVANCED_FACE ( 'NONE', ( #1473 ), #6997, .T. ) ;
#6318 = DIRECTION ( 'NONE',  ( 1.000000000000000000, 0.0000000000000000000, 2.842170943040402000E-012 ) ) ;
#6319 = ORIENTED_EDGE ( 'NONE', *, *, #408, .T. ) ;
#6320 = CARTESIAN_POINT ( 'NONE',  ( -17.66465219822096700, 34.55323931358991300, -42.56155181657550900 ) ) ;
#6321 = ORIENTED_EDGE ( 'NONE', *, *, #1721, .F. ) ;
#6322 = VECTOR ( 'NONE', #1275, 39.37007874015748100 ) ;
#6323 = CARTESIAN_POINT ( 'NONE',  ( -20.00866194114504300, 36.68466698036760900, -40.13164799701654300 ) ) ;
#6324 = CARTESIAN_POINT ( 'NONE',  ( -18.30014871118362100, 34.58472952601145800, -43.53069410184024000 ) ) ;
#6325 = CARTESIAN_POINT ( 'NONE',  ( -19.08674977989653600, 34.14378464410764000, -40.63164799700944500 ) ) ;
#6326 = LINE ( 'NONE', #5032, #6263 ) ;
#6327 = EDGE_CURVE ( 'NONE', #6440, #6449, #1502, .T. ) ;
#6328 = EDGE_CURVE ( 'NONE', #6449, #7985, #3140, .T. ) ;
#6329 = DIRECTION ( 'NONE',  ( 0.008726535499663082300, 2.102542493282010500E-013, 0.9999619230641601000 ) ) ;
#6330 = ORIENTED_EDGE ( 'NONE', *, *, #5002, .T. ) ;
#6331 = CARTESIAN_POINT ( 'NONE',  ( -18.30014871118578800, 33.69890275434673300, -41.49117996426250700 ) ) ;
#6332 = EDGE_LOOP ( 'NONE', ( #506, #3416, #5654, #1389, #5680, #7081, #2247, #8154 ) ) ;
#6333 = CARTESIAN_POINT ( 'NONE',  ( -17.67289585158294700, 35.69558223171064500, -42.21550174162501900 ) ) ;
#6334 = CIRCLE ( 'NONE', #3942, 0.1023622047244069200 ) ;
#6335 = VECTOR ( 'NONE', #9412, 39.37007874015748100 ) ;
#6336 = DIRECTION ( 'NONE',  ( 1.000000000000000000, -1.264006638976030000E-012, 2.841279047499280000E-012 ) ) ;
#6337 = AXIS2_PLACEMENT_3D ( 'NONE', #700, #1433, #6615 ) ;
#6338 = ORIENTED_EDGE ( 'NONE', *, *, #6970, .F. ) ;
#6339 = EDGE_CURVE ( 'NONE', #5368, #6265, #1454, .T. ) ;
#6340 = EDGE_LOOP ( 'NONE', ( #7254, #7892, #2761, #8958 ) ) ;
#6341 = VERTEX_POINT ( 'NONE', #4032 ) ;
#6342 = EDGE_CURVE ( 'NONE', #3583, #3700, #1540, .T. ) ;
#6343 = VECTOR ( 'NONE', #1305, 39.37007874015748100 ) ;
#6344 = EDGE_CURVE ( 'NONE', #6460, #6279, #1434, .T. ) ;
#6345 = CARTESIAN_POINT ( 'NONE',  ( -18.28991281778759900, 34.74312493174914400, -41.49126929155107000 ) ) ;
#6346 = CIRCLE ( 'NONE', #518, 1.673228346456692200 ) ;
#6347 = DIRECTION ( 'NONE',  ( 0.9998476951563627400, 0.01745240643891090100, 0.0000000000000000000 ) ) ;
#6348 = VERTEX_POINT ( 'NONE', #383 ) ;
#6349 = DIRECTION ( 'NONE',  ( 2.741527612597545200E-015, 1.000000000000000000, -1.570620117469848500E-013 ) ) ;
#6350 = ORIENTED_EDGE ( 'NONE', *, *, #5090, .F. ) ;
#6351 = PLANE ( 'NONE',  #1747 ) ;
#6352 = CARTESIAN_POINT ( 'NONE',  ( -18.20761632477103800, 34.30587617373714000, -43.67288331071891600 ) ) ;
#6353 = B_SPLINE_CURVE_WITH_KNOTS ( 'NONE', 3,
 ( #332, #350, #276, #269 ),
 .UNSPECIFIED., .F., .F.,
 ( 4, 4 ),
 ( 2.220446049250312800E-016, 0.01109467125560859000 ),
 .UNSPECIFIED. ) ;
#6354 = PLANE ( 'NONE',  #4819 ) ;
#6355 = CARTESIAN_POINT ( 'NONE',  ( -17.66468612626901100, 34.55322766229326000, -42.60296452909268100 ) ) ;
#6356 = EDGE_CURVE ( 'NONE', #6460, #6497, #1446, .T. ) ;
#6357 = CARTESIAN_POINT ( 'NONE',  ( -18.44501749642779800, 35.78157991970015700, -43.77338027620550800 ) ) ;
#6358 = EDGE_CURVE ( 'NONE', #6471, #6497, #1401, .T. ) ;
#6359 = CARTESIAN_POINT ( 'NONE',  ( -20.12441914995992000, 35.26681925917314000, -45.39207681223975800 ) ) ;
#6360 = CARTESIAN_POINT ( 'NONE',  ( -18.56017497673326800, 36.71858779372264100, -40.83243539859133600 ) ) ;
#6361 = EDGE_CURVE ( 'NONE', #1069, #918, #1421, .T. ) ;
#6362 = ORIENTED_EDGE ( 'NONE', *, *, #5942, .T. ) ;
#6363 = ORIENTED_EDGE ( 'NONE', *, *, #5006, .F. ) ;
#6364 = CARTESIAN_POINT ( 'NONE',  ( -18.30014871118578800, 36.65484477100493900, -41.63417669104409700 ) ) ;
#6365 = LINE ( 'NONE', #1376, #6322 ) ;
#6366 = DIRECTION ( 'NONE',  ( -1.000000000000000000, -1.264251560247360100E-012, 0.0000000000000000000 ) ) ;
#6367 = VECTOR ( 'NONE', #542, 39.37007874015748100 ) ;
#6368 = ADVANCED_FACE ( 'NONE', ( #1360 ), #6312, .T. ) ;
#6369 = ORIENTED_EDGE ( 'NONE', *, *, #1529, .F. ) ;
#6370 = ORIENTED_EDGE ( 'NONE', *, *, #1267, .T. ) ;
#6371 = EDGE_CURVE ( 'NONE', #6279, #6471, #1368, .T. ) ;
#6372 = EDGE_CURVE ( 'NONE', #2750, #5206, #1329, .T. ) ;
#6373 = DIRECTION ( 'NONE',  ( -1.000000000000000000, 0.0000000000000000000, -0.0000000000000000000 ) ) ;
#6374 = DIRECTION ( 'NONE',  ( -4.663511435515948500E-017, -6.669132062246153800E-016, -1.000000000000000000 ) ) ;
#6375 = EDGE_CURVE ( 'NONE', #6529, #4083, #3104, .T. ) ;
#6376 = LINE ( 'NONE', #8053, #6335 ) ;
#6377 = DIRECTION ( 'NONE',  ( 1.000000000000000000, 0.0000000000000000000, 0.0000000000000000000 ) ) ;
#6378 = VECTOR ( 'NONE', #1449, 39.37007874015748100 ) ;
#6379 = VECTOR ( 'NONE', #577, 39.37007874015748100 ) ;
#6380 = B_SPLINE_CURVE_WITH_KNOTS ( 'NONE', 3,
 ( #587, #772, #4570, #4561, #4542, #571, #551, #545, #536, #534, #522, #514, #512, #501, #494, #487, #475, #455, #453, #445, #443, #432, #410, #407, #396, #391, #388, #380, #379, #371, #365, #360 ),
 .UNSPECIFIED., .F., .F.,
 ( 4, 2, 2, 2, 2, 2, 2, 2, 2, 2, 2, 2, 2, 2, 2, 4 ),
 ( 0.005228429194270995700, 0.005736636360235718700, 0.006244843526200442500, 0.006753050692165165500, 0.007261257858129888500, 0.007769465024094611400, 0.008277672190059334400, 0.009294086521988171500, 0.009802293687952254300, 0.01031050085391634100, 0.01081870801988042500, 0.01132691518584451000, 0.01183512235180859400, 0.01234332951777267900, 0.01285153668373676500, 0.01335974384970084800 ),
 .UNSPECIFIED. ) ;
#6381 = DIRECTION ( 'NONE',  ( -0.0000000000000000000, -1.000000000000000000, -0.0000000000000000000 ) ) ;
#6382 = DIRECTION ( 'NONE',  ( -0.0000000000000000000, -0.0000000000000000000, 1.000000000000000000 ) ) ;
#6383 = ORIENTED_EDGE ( 'NONE', *, *, #2955, .F. ) ;
#6384 = ORIENTED_EDGE ( 'NONE', *, *, #7027, .T. ) ;
#6385 = CARTESIAN_POINT ( 'NONE',  ( -21.74423009470449100, 36.20677677045429700, -42.57259287528425100 ) ) ;
#6386 = VECTOR ( 'NONE', #1221, 39.37007874015748100 ) ;
#6387 = CARTESIAN_POINT ( 'NONE',  ( -20.18320647280492300, 35.69496574647972400, -47.00960074862914000 ) ) ;
#6388 = DIRECTION ( 'NONE',  ( 0.0000000000000000000, 0.0000000000000000000, -1.000000000000000000 ) ) ;
#6389 = EDGE_CURVE ( 'NONE', #6497, #6529, #1312, .T. ) ;
#6390 = CARTESIAN_POINT ( 'NONE',  ( -19.01982064603385000, 33.69883403362767600, -43.62771098485039500 ) ) ;
#6391 = VERTEX_POINT ( 'NONE', #7919 ) ;
#6392 = ORIENTED_EDGE ( 'NONE', *, *, #7453, .T. ) ;
#6393 = CARTESIAN_POINT ( 'NONE',  ( -17.66478473051019500, 34.55424033943446500, -42.62362703471547600 ) ) ;
#6394 = DIRECTION ( 'NONE',  ( 0.9975640502597361600, 0.06975647374538644600, 0.0000000000000000000 ) ) ;
#6395 = CARTESIAN_POINT ( 'NONE',  ( -18.43969898051618400, 33.70902881569478600, -43.47219917382284400 ) ) ;
#6396 = CARTESIAN_POINT ( 'NONE',  ( -18.27270434447882500, 35.70902022692980900, -44.55309613139606700 ) ) ;
#6397 = LINE ( 'NONE', #1342, #6343 ) ;
#6398 = VERTEX_POINT ( 'NONE', #3380 ) ;
#6399 = DIRECTION ( 'NONE',  ( 0.06975647374538644600, -0.9975640502597361600, -2.306776973838517500E-013 ) ) ;
#6400 = ORIENTED_EDGE ( 'NONE', *, *, #8063, .T. ) ;
#6401 = DIRECTION ( 'NONE',  ( -0.0000000000000000000, 0.0000000000000000000, 1.000000000000000000 ) ) ;
#6402 = DIRECTION ( 'NONE',  ( -1.264251560247360100E-012, 1.000000000000000000, -1.993517598846150100E-013 ) ) ;
#6403 = DIRECTION ( 'NONE',  ( -0.0000000000000000000, 1.000000000000000000, 0.0000000000000000000 ) ) ;
#6404 = DIRECTION ( 'NONE',  ( 0.0000000000000000000, 0.0000000000000000000, 1.000000000000000000 ) ) ;
#6405 = EDGE_CURVE ( 'NONE', #6139, #6460, #1321, .T. ) ;
#6406 = EDGE_CURVE ( 'NONE', #6529, #4141, #3047, .T. ) ;
#6407 = VECTOR ( 'NONE', #1499, 39.37007874015748100 ) ;
#6408 = DIRECTION ( 'NONE',  ( 0.0000000000000000000, 0.06975647374383242600, -0.9975640502598447400 ) ) ;
#6409 = CARTESIAN_POINT ( 'NONE',  ( -18.24369705730134000, 35.76997869979645400, -41.54721393478129700 ) ) ;
#6410 = ORIENTED_EDGE ( 'NONE', *, *, #5159, .T. ) ;
#6411 = CARTESIAN_POINT ( 'NONE',  ( -19.08674977989177200, 33.79732795120382600, -44.53322279587441600 ) ) ;
#6412 = CARTESIAN_POINT ( 'NONE',  ( -20.13399387438244000, 36.75795787246063600, -44.37771098484528000 ) ) ;
#6413 = LINE ( 'NONE', #1646, #6407 ) ;
#6414 = DIRECTION ( 'NONE',  ( 0.3420140485691077800, -0.005969877424841624700, -0.9396758755788616700 ) ) ;
#6415 = EDGE_LOOP ( 'NONE', ( #9437, #1948, #4732, #808, #4212, #6081, #1665, #6546, #7533, #2517, #8632, #9288, #3502, #9392, #1808, #4654, #761, #4063, #5983, #1588, #6369, #7433, #2466, #8539 ) ) ;
#6416 = LINE ( 'NONE', #1467, #6378 ) ;
#6417 = EDGE_CURVE ( 'NONE', #6568, #4459, #1299, .T. ) ;
#6418 = ORIENTED_EDGE ( 'NONE', *, *, #1663, .F. ) ;
#6419 = DIRECTION ( 'NONE',  ( -0.0000000000000000000, -1.000000000000000000, -0.0000000000000000000 ) ) ;
#6420 = ADVANCED_FACE ( 'NONE', ( #1269 ), #9278, .T. ) ;
#6421 = CARTESIAN_POINT ( 'NONE',  ( -18.25956921304203800, 34.88797427005926000, -44.61841268960298400 ) ) ;
#6422 = ORIENTED_EDGE ( 'NONE', *, *, #1373, .T. ) ;
#6423 = FACE_OUTER_BOUND ( 'NONE', #4935, .T. ) ;
#6424 = ORIENTED_EDGE ( 'NONE', *, *, #3417, .T. ) ;
#6425 = CARTESIAN_POINT ( 'NONE',  ( -19.08674977989653600, 34.72252480158827100, -40.55078800430668900 ) ) ;
#6426 = CARTESIAN_POINT ( 'NONE',  ( -17.66514316394408400, 34.55830630494907000, -42.66486419938281200 ) ) ;
#6427 = CARTESIAN_POINT ( 'NONE',  ( -18.28991281778543200, 34.72252480158543600, -44.61196295335344100 ) ) ;
#6428 = DIRECTION ( 'NONE',  ( -1.264251560247360100E-012, -1.000000000000000000, 1.993517598846150100E-013 ) ) ;
#6429 = CARTESIAN_POINT ( 'NONE',  ( -20.12418156798000300, 34.99663802205099500, -39.80001817927734500 ) ) ;
#6430 = VERTEX_POINT ( 'NONE', #6359 ) ;
#6431 = ORIENTED_EDGE ( 'NONE', *, *, #1332, .T. ) ;
#6432 = EDGE_CURVE ( 'NONE', #8518, #8317, #1288, .T. ) ;
#6433 = ORIENTED_EDGE ( 'NONE', *, *, #6241, .T. ) ;
#6434 = EDGE_CURVE ( 'NONE', #4046, #6568, #1239, .T. ) ;
#6435 = CARTESIAN_POINT ( 'NONE',  ( -18.66641511625567100, 35.74041937358043700, -44.72613618169882000 ) ) ;
#6436 = CARTESIAN_POINT ( 'NONE',  ( -18.64909682647802900, 35.54535944726740100, -44.53322279587441600 ) ) ;
#6437 = DIRECTION ( 'NONE',  ( 0.0000000000000000000, -1.000000000000000000, 0.0000000000000000000 ) ) ;
#6438 = CARTESIAN_POINT ( 'NONE',  ( -17.67367356241073000, 35.68332565931669400, -42.19895306645496900 ) ) ;
#6439 = EDGE_CURVE ( 'NONE', #6568, #4124, #1229, .T. ) ;
#6440 = VERTEX_POINT ( 'NONE', #4107 ) ;
#6441 = DIRECTION ( 'NONE',  ( 0.0000000000000000000, 1.000000000000000000, 0.0000000000000000000 ) ) ;
#6442 = ORIENTED_EDGE ( 'NONE', *, *, #1371, .T. ) ;
#6443 = DIRECTION ( 'NONE',  ( 0.0000000000000000000, -1.000000000000000000, 0.0000000000000000000 ) ) ;
#6444 = DIRECTION ( 'NONE',  ( -0.0000000000000000000, 0.0000000000000000000, -1.000000000000000000 ) ) ;
#6445 = EDGE_CURVE ( 'NONE', #6617, #4671, #1246, .T. ) ;
#6446 = EDGE_CURVE ( 'NONE', #4253, #6617, #1200, .T. ) ;
#6447 = EDGE_LOOP ( 'NONE', ( #9464, #9478, #5289, #1157 ) ) ;
#6448 =( BOUNDED_CURVE ( )  B_SPLINE_CURVE ( 3, ( #1014, #935, #923, #921 ),
 .UNSPECIFIED., .F., .F. ) 
 B_SPLINE_CURVE_WITH_KNOTS ( ( 4, 4 ),
 ( 0.0000000000000000000, 0.007934904005440217300 ),
 .UNSPECIFIED. ) 
 CURVE ( )  GEOMETRIC_REPRESENTATION_ITEM ( )  RATIONAL_B_SPLINE_CURVE ( ( 0.9978034763610201800, 0.9979244167964942400, 0.9981174772487840800, 0.9983826577178897000 ) ) 
 REPRESENTATION_ITEM ( '' )  );
#6449 = VERTEX_POINT ( 'NONE', #4139 ) ;
#6450 = CARTESIAN_POINT ( 'NONE',  ( -18.28991281778543200, 34.74312493175795400, -43.77338027620471900 ) ) ;
#6451 = CARTESIAN_POINT ( 'NONE',  ( -19.05599968172594700, 34.72252480158827100, -40.55290783953070400 ) ) ;
#6452 = CARTESIAN_POINT ( 'NONE',  ( -18.22739499834651900, 36.20677677009106100, -40.91412831197168000 ) ) ;
#6453 = PLANE ( 'NONE',  #5858 ) ;
#6454 = CARTESIAN_POINT ( 'NONE',  ( -18.22016794196501600, 35.18315472284794500, -41.11885272142048100 ) ) ;
#6455 = CARTESIAN_POINT ( 'NONE',  ( -18.69666226734531700, 33.69890275434673300, -40.64345902063227800 ) ) ;
#6456 = ORIENTED_EDGE ( 'NONE', *, *, #1984, .F. ) ;
#6457 = ORIENTED_EDGE ( 'NONE', *, *, #1443, .T. ) ;
#6458 = CARTESIAN_POINT ( 'NONE',  ( -17.71312903940905400, 34.44890275435055600, -41.70354544469084600 ) ) ;
#6459 = DIRECTION ( 'NONE',  ( 1.000000000000000000, -0.0000000000000000000, 0.0000000000000000000 ) ) ;
#6460 = VERTEX_POINT ( 'NONE', #3425 ) ;
#6461 = DIRECTION ( 'NONE',  ( 1.000000000000000000, 0.0000000000000000000, -0.0000000000000000000 ) ) ;
#6462 = EDGE_CURVE ( 'NONE', #4817, #6639, #1149, .T. ) ;
#6463 = EDGE_CURVE ( 'NONE', #5252, #6791, #1211, .T. ) ;
#6464 = VECTOR ( 'NONE', #4969, 39.37007874015748100 ) ;
#6465 = CARTESIAN_POINT ( 'NONE',  ( -18.22739499834720400, 36.20006668300987900, -40.91412831197170200 ) ) ;
#6466 = CARTESIAN_POINT ( 'NONE',  ( -18.26841952440880900, 35.84457204568814600, -40.55290783953089600 ) ) ;
#6467 = CARTESIAN_POINT ( 'NONE',  ( -18.28991281778759900, 35.76674697899858300, -41.69267161906149300 ) ) ;
#6468 = CARTESIAN_POINT ( 'NONE',  ( -17.67527333650150500, 35.65705823373891500, -42.16692952966292300 ) ) ;
#6469 = EDGE_LOOP ( 'NONE', ( #3861, #70, #2419, #4949 ) ) ;
#6470 = ORIENTED_EDGE ( 'NONE', *, *, #1445, .T. ) ;
#6471 = VERTEX_POINT ( 'NONE', #516 ) ;
#6472 = ADVANCED_FACE ( 'NONE', ( #1129 ), #9342, .T. ) ;
#6473 = EDGE_CURVE ( 'NONE', #4354, #7766, #1118, .T. ) ;
#6474 = EDGE_CURVE ( 'NONE', #6289, #6232, #3027, .T. ) ;
#6475 = ORIENTED_EDGE ( 'NONE', *, *, #7781, .F. ) ;
#6476 = EDGE_CURVE ( 'NONE', #6398, #6289, #1180, .T. ) ;
#6477 = CARTESIAN_POINT ( 'NONE',  ( -18.22738463918598800, 36.19342949820649800, -40.91478179802398800 ) ) ;
#6478 = ORIENTED_EDGE ( 'NONE', *, *, #646, .T. ) ;
#6479 = EDGE_CURVE ( 'NONE', #1589, #8518, #1162, .T. ) ;
#6480 = DIRECTION ( 'NONE',  ( -0.9975262508968071300, 0.06975383055373105000, 0.008705279710709853600 ) ) ;
#6481 = CARTESIAN_POINT ( 'NONE',  ( -18.22734192991962100, 36.18029980492933400, -40.91738560543280600 ) ) ;
#6482 = LINE ( 'NONE', #2012, #6379 ) ;
#6483 = CARTESIAN_POINT ( 'NONE',  ( -18.24369705729917600, 34.59633074591543800, -43.61765685810296100 ) ) ;
#6484 = ORIENTED_EDGE ( 'NONE', *, *, #22, .T. ) ;
#6485 = DIRECTION ( 'NONE',  ( 0.0000000000000000000, 0.0000000000000000000, -1.000000000000000000 ) ) ;
#6486 = ORIENTED_EDGE ( 'NONE', *, *, #5548, .F. ) ;
#6487 = CARTESIAN_POINT ( 'NONE',  ( -18.22730908539404700, 36.17377643317102100, -40.91936375998534500 ) ) ;
#6488 = CARTESIAN_POINT ( 'NONE',  ( -17.66540477261708000, 34.56138145830858800, -42.68551751650930000 ) ) ;
#6489 = EDGE_CURVE ( 'NONE', #6398, #6717, #3019, .T. ) ;
#6490 = CARTESIAN_POINT ( 'NONE',  ( -18.22721962751536400, 36.16143529715156300, -40.92447540957962100 ) ) ;
#6491 = EDGE_CURVE ( 'NONE', #9120, #9074, #1093, .T. ) ;
#6492 = CARTESIAN_POINT ( 'NONE',  ( -17.71312903940905400, 33.65528093473621900, -41.70354544469075400 ) ) ;
#6494 = CARTESIAN_POINT ( 'NONE',  ( -20.00866194114874500, 33.69890275434775600, -40.13164799701652200 ) ) ;
#6493 = LINE ( 'NONE', #9389, #6367 ) ;
#6495 = DIRECTION ( 'NONE',  ( -0.9975640502599124600, -0.06975647374286414500, 0.0000000000000000000 ) ) ;
#6496 = EDGE_CURVE ( 'NONE', #6232, #6717, #1079, .T. ) ;
#6497 = VERTEX_POINT ( 'NONE', #4275 ) ;
#6498 = ORIENTED_EDGE ( 'NONE', *, *, #7055, .T. ) ;
#6499 = CARTESIAN_POINT ( 'NONE',  ( -18.22716293665853000, 36.15554590576790200, -40.92761547996801100 ) ) ;
#6500 = CARTESIAN_POINT ( 'NONE',  ( -20.13399387438224200, 36.69299724253866700, -44.33637240216889100 ) ) ;
#6501 = LENGTH_MEASURE_WITH_UNIT ( LENGTH_MEASURE( 0.02539999999999999900 ), #1559 );
#6502 = EDGE_CURVE ( 'NONE', #9076, #9074, #1060, .T. ) ;
#6503 = EDGE_LOOP ( 'NONE', ( #7977, #7841, #7814, #7944 ) ) ;
#6504 = EDGE_CURVE ( 'NONE', #6232, #5640, #1031, .T. ) ;
#6505 = CARTESIAN_POINT ( 'NONE',  ( -18.28991281778543200, 35.62318451395717700, -43.77473385422992200 ) ) ;
#6506 = CARTESIAN_POINT ( 'NONE',  ( -20.13399387438224200, 36.66740669136373800, -44.33637240216888400 ) ) ;
#6507 = ORIENTED_EDGE ( 'NONE', *, *, #6571, .T. ) ;
#6508 = EDGE_CURVE ( 'NONE', #6717, #6685, #1042, .T. ) ;
#6509 = CARTESIAN_POINT ( 'NONE',  ( -18.22701878786001500, 36.14434365738010500, -40.93509346484572800 ) ) ;
#6510 = CARTESIAN_POINT ( 'NONE',  ( -18.30014871118578800, 36.65484477100497400, -41.39022626594299200 ) ) ;
#6511 = CARTESIAN_POINT ( 'NONE',  ( -18.22693219862624400, 36.13912785494255800, -40.93937951954883700 ) ) ;
#6512 = ORIENTED_EDGE ( 'NONE', *, *, #6893, .T. ) ;
#6513 = VERTEX_POINT ( 'NONE', #5791 ) ;
#6514 = DIRECTION ( 'NONE',  ( 0.0000000000000000000, 0.8516583167044392600, -0.5240974256645046800 ) ) ;
#6515 = CARTESIAN_POINT ( 'NONE',  ( -18.26841952445768400, 34.52173740001849500, -40.55290783953098100 ) ) ;
#6516 = PLANE ( 'NONE',  #3357 ) ;
#6517 = ADVANCED_FACE ( 'NONE', ( #1102 ), #2111, .T. ) ;
#6518 = DIRECTION ( 'NONE',  ( -0.06975647374538640500, -0.9975640502597361600, 6.685417403032627800E-016 ) ) ;
#6519 = CARTESIAN_POINT ( 'NONE',  ( -18.22672786006121000, 36.12969594420218300, -40.94880722568491600 ) ) ;
#6520 = EDGE_CURVE ( 'NONE', #4731, #6685, #976, .T. ) ;
#6521 = CARTESIAN_POINT ( 'NONE',  ( -18.21667103959075000, 35.18315472321045000, -41.49190846286607100 ) ) ;
#6522 = CARTESIAN_POINT ( 'NONE',  ( -17.66640854847430500, 34.57352223221052900, -42.74631800199368600 ) ) ;
#6523 = CARTESIAN_POINT ( 'NONE',  ( -18.22660858156690700, 36.12540932445723000, -40.95401881068085700 ) ) ;
#6524 = ORIENTED_EDGE ( 'NONE', *, *, #3326, .F. ) ;
#6525 =( BOUNDED_CURVE ( )  B_SPLINE_CURVE ( 3, ( #1351, #1361, #1334, #1333 ),
 .UNSPECIFIED., .F., .F. ) 
 B_SPLINE_CURVE_WITH_KNOTS ( ( 4, 4 ),
 ( 3.023806955886768000, 3.141592653592213000 ),
 .UNSPECIFIED. ) 
 CURVE ( )  GEOMETRIC_REPRESENTATION_ITEM ( )  RATIONAL_B_SPLINE_CURVE ( ( 1.000000000000000000, 0.9988442115675436600, 0.9988442115675436600, 1.000000000000000000 ) ) 
 REPRESENTATION_ITEM ( '' )  );
#6526 = ORIENTED_EDGE ( 'NONE', *, *, #1472, .T. ) ;
#6527 = CARTESIAN_POINT ( 'NONE',  ( -18.22633312236489200, 36.11792590604789400, -40.96521772449389000 ) ) ;
#6528 = DIRECTION ( 'NONE',  ( -0.9998476951564137000, 0.0000000000000000000, -0.01745240643599449400 ) ) ;
#6529 = VERTEX_POINT ( 'NONE', #5075 ) ;
#6530 = EDGE_CURVE ( 'NONE', #6685, #6698, #994, .T. ) ;
#6531 = EDGE_CURVE ( 'NONE', #6799, #6698, #984, .T. ) ;
#6532 = EDGE_CURVE ( 'NONE', #6617, #6799, #974, .T. ) ;
#6533 = ORIENTED_EDGE ( 'NONE', *, *, #2565, .T. ) ;
#6534 = DIRECTION ( 'NONE',  ( 0.0000000000000000000, 1.000000000000000000, -0.0000000000000000000 ) ) ;
#6535 = PRESENTATION_STYLE_ASSIGNMENT (( #1562 ) ) ;
#6536 = ORIENTED_EDGE ( 'NONE', *, *, #5952, .F. ) ;
#6537 = DIRECTION ( 'NONE',  ( 0.0000000000000000000, -0.0000000000000000000, -1.000000000000000000 ) ) ;
#6538 = ORIENTED_EDGE ( 'NONE', *, *, #1542, .T. ) ;
#6539 = COLOUR_RGB ( '',1.000000000000000000, 1.000000000000000000, 1.000000000000000000 ) ;
#6540 = CARTESIAN_POINT ( 'NONE',  ( -18.28991281778759500, 33.69890275434673300, -41.69851192891474800 ) ) ;
#6541 = EDGE_LOOP ( 'NONE', ( #5473, #5453, #5383, #5361 ) ) ;
#6542 = EDGE_CURVE ( 'NONE', #6645, #6812, #962, .T. ) ;
#6543 = EDGE_CURVE ( 'NONE', #6799, #6812, #945, .T. ) ;
#6544 = CARTESIAN_POINT ( 'NONE',  ( -18.24660007846043200, 34.61908783720007000, -43.76821100646773700 ) ) ;
#6545 = DIRECTION ( 'NONE',  ( -3.030255784859252200E-012, 0.0000000000000000000, -1.000000000000000000 ) ) ;
#6546 = ORIENTED_EDGE ( 'NONE', *, *, #7481, .F. ) ;
#6547 = PLANE ( 'NONE',  #6616 ) ;
#6548 = CARTESIAN_POINT ( 'NONE',  ( -18.12777815155912000, 33.69890275434673300, -41.63718543035351200 ) ) ;
#6549 = ORIENTED_EDGE ( 'NONE', *, *, #4989, .F. ) ;
#6550 = CARTESIAN_POINT ( 'NONE',  ( -17.66736922037302900, 34.58546845729490100, -42.78556735606149200 ) ) ;
#6551 = SURFACE_STYLE_FILL_AREA ( #1593 ) ;
#6552 = CARTESIAN_POINT ( 'NONE',  ( -18.22617948404322900, 36.11478378975437700, -40.97110456664631800 ) ) ;
#6553 = DIRECTION ( 'NONE',  ( -2.841279047499320000E-012, 0.0000000000000000000, 1.000000000000000000 ) ) ;
#6554 = CARTESIAN_POINT ( 'NONE',  ( -18.54344269327280200, 33.70721796244976800, -41.38967602996771700 ) ) ;
#6555 = EDGE_CURVE ( 'NONE', #6698, #6645, #925, .T. ) ;
#6556 = PLANE ( 'NONE',  #9373 ) ;
#6557 = CARTESIAN_POINT ( 'NONE',  ( -18.22583512425115500, 36.10966791660362700, -40.98343808157399300 ) ) ;
#6558 = VERTEX_POINT ( 'NONE', #1440 ) ;
#6559 = CARTESIAN_POINT ( 'NONE',  ( -20.18320647280272000, 35.24172574185511300, -45.03322279586745900 ) ) ;
#6560 = CARTESIAN_POINT ( 'NONE',  ( -18.27498086035161500, 34.76176088380559300, -44.61197361476785500 ) ) ;
#6561 = ORIENTED_EDGE ( 'NONE', *, *, #3129, .F. ) ;
#6562 = EDGE_CURVE ( 'NONE', #6645, #6870, #876, .T. ) ;
#6563 = VECTOR ( 'NONE', #1706, 39.37007874015748100 ) ;
#6564 = ADVANCED_FACE ( 'NONE', ( #893 ), #837, .F. ) ;
#6565 = VECTOR ( 'NONE', #6419, 39.37007874015748100 ) ;
#6566 = CARTESIAN_POINT ( 'NONE',  ( -18.69666226734315000, 36.66740669136515900, -44.40330153602874200 ) ) ;
#6567 = ORIENTED_EDGE ( 'NONE', *, *, #5517, .F. ) ;
#6568 = VERTEX_POINT ( 'NONE', #5138 ) ;
#6569 = FACE_OUTER_BOUND ( 'NONE', #9461, .T. ) ;
#6570 = CARTESIAN_POINT ( 'NONE',  ( -18.22564201095518400, 36.10768710558736700, -40.98995714011633900 ) ) ;
#6571 = EDGE_CURVE ( 'NONE', #988, #3829, #2981, .T. ) ;
#6572 = LINE ( 'NONE', #1214, #6565 ) ;
#6573 = EDGE_CURVE ( 'NONE', #6870, #6896, #865, .T. ) ;
#6574 = ORIENTED_EDGE ( 'NONE', *, *, #1833, .F. ) ;
#6575 = CARTESIAN_POINT ( 'NONE',  ( -18.23765435029547500, 34.15953267526163700, -44.54616358589493800 ) ) ;
#6576 = VERTEX_POINT ( 'NONE', #9007 ) ;
#6577 = CARTESIAN_POINT ( 'NONE',  ( -20.18320647280272000, 35.26681925917306900, -45.39207681223937400 ) ) ;
#6578 = ORIENTED_EDGE ( 'NONE', *, *, #6868, .F. ) ;
#6579 = CARTESIAN_POINT ( 'NONE',  ( -18.44501749642598300, 34.58472952601145800, -43.53322279589252700 ) ) ;
#6580 = CARTESIAN_POINT ( 'NONE',  ( -18.26841952441554200, 34.82094999843649000, -40.55290783953079600 ) ) ;
#6581 = CARTESIAN_POINT ( 'NONE',  ( -18.22522803339805000, 36.10507643586562700, -41.00308068065642400 ) ) ;
#6582 = FACE_OUTER_BOUND ( 'NONE', #881, .T. ) ;
#6583 = CARTESIAN_POINT ( 'NONE',  ( -17.66916289790586300, 34.60907675011818400, -42.84254680254277800 ) ) ;
#6584 = DIRECTION ( 'NONE',  ( -1.667342621009805700E-012, 0.8516583167045782600, -0.5240974256642788600 ) ) ;
#6585 = CARTESIAN_POINT ( 'NONE',  ( -18.24724413523265200, 33.85823535622466800, -44.54536208497615500 ) ) ;
#6586 = CARTESIAN_POINT ( 'NONE',  ( -18.66641511625771700, 34.71679732633437300, -40.43873461118543100 ) ) ;
#6587 = VERTEX_POINT ( 'NONE', #895 ) ;
#6588 = DIRECTION ( 'NONE',  ( -4.894177054963251100E-013, 0.8516583167046351000, 0.5240974256641863800 ) ) ;
#6589 = ORIENTED_EDGE ( 'NONE', *, *, #5301, .F. ) ;
#6590 = EDGE_CURVE ( 'NONE', #6812, #6896, #813, .T. ) ;
#6591 = EDGE_CURVE ( 'NONE', #3971, #3960, #846, .T. ) ;
#6592 = CARTESIAN_POINT ( 'NONE',  ( -18.30014871118578800, 36.65484477100495300, -41.54897083163779600 ) ) ;
#6593 = CARTESIAN_POINT ( 'NONE',  ( -18.22500664411519000, 36.10441934781803800, -41.00971353309375900 ) ) ;
#6594 = CARTESIAN_POINT ( 'NONE',  ( -18.30014871118578800, 33.69890275434673300, -40.64345902063227800 ) ) ;
#6595 = CIRCLE ( 'NONE', #1917, 3.645669291338583300 ) ;
#6596 = PLANE ( 'NONE',  #3369 ) ;
#6597 = VECTOR ( 'NONE', #4907, 39.37007874015748100 ) ;
#6598 = CARTESIAN_POINT ( 'NONE',  ( -17.66982015076172600, 34.61790852569498600, -42.86123592147171000 ) ) ;
#6599 = EDGE_LOOP ( 'NONE', ( #6737, #7627, #2572, #8803 ) ) ;
#6600 = ORIENTED_EDGE ( 'NONE', *, *, #6508, .F. ) ;
#6601 = CARTESIAN_POINT ( 'NONE',  ( -18.22721920473725600, 35.22854870519875400, -44.24037153858110800 ) ) ;
#6602 = CARTESIAN_POINT ( 'NONE',  ( -18.27996288974367500, 34.72252480158875400, -40.55290783953110900 ) ) ;
#6603 = CIRCLE ( 'NONE', #531, 0.1141732283464528700 ) ;
#6604 = VECTOR ( 'NONE', #1739, 39.37007874015748900 ) ;
#6605 = VECTOR ( 'NONE', #8673, 39.37007874015748100 ) ;
#6606 = EDGE_CURVE ( 'NONE', #4869, #6755, #821, .T. ) ;
#6607 = CARTESIAN_POINT ( 'NONE',  ( -18.22453343714099800, 36.10440983444260600, -41.02312225003420600 ) ) ;
#6608 = DIRECTION ( 'NONE',  ( 2.841279047498729900E-012, -1.993517598874520100E-013, -1.000000000000000000 ) ) ;
#6609 = ORIENTED_EDGE ( 'NONE', *, *, #2857, .T. ) ;
#6610 = ORIENTED_EDGE ( 'NONE', *, *, #928, .T. ) ;
#6611 = CARTESIAN_POINT ( 'NONE',  ( -18.24369720413724500, 34.59633075618513200, -41.38973362110413500 ) ) ;
#6612 = LINE ( 'NONE', #1771, #6604 ) ;
#6613 = DIRECTION ( 'NONE',  ( 0.0000000000000000000, 0.8516583167046486400, 0.5240974256641642800 ) ) ;
#6614 = ADVANCED_FACE ( 'NONE', ( #788 ), #9037, .T. ) ;
#6615 = DIRECTION ( 'NONE',  ( 1.000000000000000000, 0.0000000000000000000, -0.0000000000000000000 ) ) ;
#6616 = AXIS2_PLACEMENT_3D ( 'NONE', #5813, #2871, #8146 ) ;
#6617 = VERTEX_POINT ( 'NONE', #3832 ) ;
#6618 = CARTESIAN_POINT ( 'NONE',  ( -18.22428178608914700, 36.10507573339001700, -41.02988344162351100 ) ) ;
#6619 = EDGE_LOOP ( 'NONE', ( #193, #2736, #5173, #1094 ) ) ;
#6620 = CARTESIAN_POINT ( 'NONE',  ( -17.67123555843454200, 34.63752116306491000, -42.89789857139073300 ) ) ;
#6621 = EDGE_CURVE ( 'NONE', #6896, #4861, #763, .T. ) ;
#6622 = CARTESIAN_POINT ( 'NONE',  ( -18.22377096636216700, 36.10767223033804600, -41.04296241697777200 ) ) ;
#6623 = EDGE_CURVE ( 'NONE', #8726, #1589, #757, .T. ) ;
#6624 = CARTESIAN_POINT ( 'NONE',  ( -20.18320647281417400, 34.67134369923216800, -38.15527004425531700 ) ) ;
#6625 = DIRECTION ( 'NONE',  ( 1.281026566875212200E-012, 0.0000000000000000000, 1.000000000000000000 ) ) ;
#6626 = CARTESIAN_POINT ( 'NONE',  ( -20.12245564181055400, 34.55717047088525400, -39.99778972929456700 ) ) ;
#6627 = EDGE_CURVE ( 'NONE', #6870, #6755, #744, .T. ) ;
#6628 = VECTOR ( 'NONE', #1749, 39.37007874015748100 ) ;
#6629 = EDGE_LOOP ( 'NONE', ( #8435, #8499, #8540, #8555 ) ) ;
#6630 = CARTESIAN_POINT ( 'NONE',  ( -19.08725445498496100, 34.67023389740185000, -44.61196295335354000 ) ) ;
#6631 = UNCERTAINTY_MEASURE_WITH_UNIT (LENGTH_MEASURE( 1.000000000000000100E-005 ), #1534, 'distance_accuracy_value', 'NONE');
#6632 = ORIENTED_EDGE ( 'NONE', *, *, #404, .T. ) ;
#6633 = DIRECTION ( 'NONE',  ( -1.253981997269020000E-012, 1.000000000000000000, 3.562912774781765600E-024 ) ) ;
#6634 = CARTESIAN_POINT ( 'NONE',  ( -17.67198268183866400, 34.64815057597877500, -42.91559234175201700 ) ) ;
#6635 = CARTESIAN_POINT ( 'NONE',  ( -17.67609476827117400, 35.64304814908189900, -42.15147853443100000 ) ) ;
#6636 = EDGE_CURVE ( 'NONE', #6755, #6964, #801, .T. ) ;
#6637 = EDGE_CURVE ( 'NONE', #4713, #6964, #734, .T. ) ;
#6638 = DIRECTION ( 'NONE',  ( -1.000000000000000000, 0.0000000000000000000, -2.653479358379120200E-013 ) ) ;
#6639 = VERTEX_POINT ( 'NONE', #5364 ) ;
#6640 = ORIENTED_EDGE ( 'NONE', *, *, #867, .T. ) ;
#6641 = CARTESIAN_POINT ( 'NONE',  ( -18.22350918029237800, 36.10959909388947900, -41.04935603033001700 ) ) ;
#6642 = CARTESIAN_POINT ( 'NONE',  ( -20.18320647280624100, 34.55717047088529600, -39.99778972929473000 ) ) ;
#6643 = DIRECTION ( 'NONE',  ( 3.082389918998423500E-012, 0.5240974256641644000, -0.8516583167046487500 ) ) ;
#6644 = VECTOR ( 'NONE', #1909, 39.37007874015748900 ) ;
#6645 = VERTEX_POINT ( 'NONE', #1697 ) ;
#6646 = CARTESIAN_POINT ( 'NONE',  ( -18.28991281778786200, 34.15953267560315300, -40.91412831197136100 ) ) ;
#6647 = CARTESIAN_POINT ( 'NONE',  ( -20.18320647280272000, 33.65528093473621900, -42.58243539644212900 ) ) ;
#6648 = PLANE ( 'NONE',  #3431 ) ;
#6649 = CARTESIAN_POINT ( 'NONE',  ( -18.20497137696767700, 34.99717801623850700, -41.42517653029607100 ) ) ;
#6650 = EDGE_CURVE ( 'NONE', #6964, #6710, #663, .T. ) ;
#6651 = LINE ( 'NONE', #1720, #6563 ) ;
#6652 = ORIENTED_EDGE ( 'NONE', *, *, #6108, .F. ) ;
#6653 = CARTESIAN_POINT ( 'NONE',  ( -18.22271023798962700, 36.11734064675499700, -41.06808206569452600 ) ) ;
#6654 = EDGE_CURVE ( 'NONE', #6710, #6995, #676, .T. ) ;
#6655 = FACE_OUTER_BOUND ( 'NONE', #4373, .T. ) ;
#6656 = PLANE ( 'NONE',  #5931 ) ;
#6657 = CARTESIAN_POINT ( 'NONE',  ( -17.67430716094900900, 34.68242343747436300, -42.96682809212480000 ) ) ;
#6658 = CARTESIAN_POINT ( 'NONE',  ( -18.22217910286801900, 36.12498891946975700, -41.07947044001931400 ) ) ;
#6659 = CARTESIAN_POINT ( 'NONE',  ( -18.29746654652591100, 35.74998962036164600, -44.81946976179181500 ) ) ;
#6660 = CARTESIAN_POINT ( 'NONE',  ( -18.30014871118579100, 36.65484477100493900, -41.63417669104411800 ) ) ;
#6661 = ORIENTED_EDGE ( 'NONE', *, *, #6621, .F. ) ;
#6662 = EDGE_LOOP ( 'NONE', ( #1774, #6933, #7708, #2651 ) ) ;
#6663 = LINE ( 'NONE', #1823, #6628 ) ;
#6664 = ORIENTED_EDGE ( 'NONE', *, *, #969, .F. ) ;
#6665 = CARTESIAN_POINT ( 'NONE',  ( -19.93744475792578900, 35.49811535277819300, -40.13164799701654300 ) ) ;
#6666 = CARTESIAN_POINT ( 'NONE',  ( -18.22148753799042700, 36.13913237369074900, -41.09360525047252100 ) ) ;
#6667 = CARTESIAN_POINT ( 'NONE',  ( -18.27093485364964200, 35.82094999844154200, -44.61196295335315700 ) ) ;
#6668 = EDGE_CURVE ( 'NONE', #4691, #6995, #695, .T. ) ;
#6669 = CARTESIAN_POINT ( 'NONE',  ( -17.67596793105066400, 34.70842905846657800, -42.99854183327435200 ) ) ;
#6670 = EDGE_CURVE ( 'NONE', #6710, #6977, #647, .T. ) ;
#6671 = ADVANCED_FACE ( 'NONE', ( #640, #633 ), #7727, .T. ) ;
#6672 = ORIENTED_EDGE ( 'NONE', *, *, #5021, .F. ) ;
#6673 = EDGE_CURVE ( 'NONE', #6977, #7031, #606, .T. ) ;
#6674 = EDGE_CURVE ( 'NONE', #6995, #7031, #600, .T. ) ;
#6675 = CARTESIAN_POINT ( 'NONE',  ( -17.67853559002146500, 35.59930590295125800, -42.10775767264536300 ) ) ;
#6676 = DIRECTION ( 'NONE',  ( 0.9975262508968336700, -0.06975383055398652600, -0.008705279705613806800 ) ) ;
#6677 = ORIENTED_EDGE ( 'NONE', *, *, #3200, .F. ) ;
#6678 = LINE ( 'NONE', #1970, #6644 ) ;
#6679 = ORIENTED_EDGE ( 'NONE', *, *, #6777, .F. ) ;
#6680 =( BOUNDED_CURVE ( )  B_SPLINE_CURVE ( 3, ( #1847, #1857, #1859, #1813 ),
 .UNSPECIFIED., .F., .F. ) 
 B_SPLINE_CURVE_WITH_KNOTS ( ( 4, 4 ),
 ( 3.023806955888911600, 3.263967401344420400 ),
 .UNSPECIFIED. ) 
 CURVE ( )  GEOMETRIC_REPRESENTATION_ITEM ( )  RATIONAL_B_SPLINE_CURVE ( ( 1.000000000000000000, 0.9951993526795732700, 0.9951993526795732700, 1.000000000000000000 ) ) 
 REPRESENTATION_ITEM ( '' )  );
#6681 = CARTESIAN_POINT ( 'NONE',  ( -18.22127113921436200, 36.14435996611903300, -41.09789917461867500 ) ) ;
#6682 = DIRECTION ( 'NONE',  ( -2.841279047498729900E-012, 1.993517598874519800E-013, 1.000000000000000000 ) ) ;
#6683 = DIRECTION ( 'NONE',  ( 0.01745240643599449800, -1.570859366960029300E-013, -0.9998476951564138100 ) ) ;
#6684 = CARTESIAN_POINT ( 'NONE',  ( -17.68014938308731800, 35.56759447491504700, -42.08173015793055800 ) ) ;
#6685 = VERTEX_POINT ( 'NONE', #2486 ) ;
#6686 = ORIENTED_EDGE ( 'NONE', *, *, #7725, .T. ) ;
#6687 = EDGE_CURVE ( 'NONE', #6587, #6840, #570, .T. ) ;
#6688 = EDGE_CURVE ( 'NONE', #6840, #7062, #617, .T. ) ;
#6689 = CARTESIAN_POINT ( 'NONE',  ( -18.97454505548055100, 33.79732795118697200, -40.55290783953070400 ) ) ;
#6690 = EDGE_CURVE ( 'NONE', #8317, #8726, #550, .T. ) ;
#6691 = CARTESIAN_POINT ( 'NONE',  ( -18.32223743853925400, 34.65744796838669100, -40.20785110169843100 ) ) ;
#6692 = LINE ( 'NONE', #4235, #6464 ) ;
#6693 = PLANE ( 'NONE',  #5520 ) ;
#6694 = CARTESIAN_POINT ( 'NONE',  ( -18.22088803897450400, 36.15554475799755400, -41.10536406697789900 ) ) ;
#6695 = ADVANCED_FACE ( 'NONE', ( #579 ), #2901, .T. ) ;
#6696 = ORIENTED_EDGE ( 'NONE', *, *, #6803, .F. ) ;
#6697 = CARTESIAN_POINT ( 'NONE',  ( -18.54344269327106100, 36.71858779372263400, -43.46857138996885800 ) ) ;
#6698 = VERTEX_POINT ( 'NONE', #8553 ) ;
#6699 = FACE_OUTER_BOUND ( 'NONE', #9378, .T. ) ;
#6700 = VECTOR ( 'NONE', #4133, 39.37007874015748100 ) ;
#6701 = EDGE_CURVE ( 'NONE', #7062, #7089, #519, .T. ) ;
#6702 = EDGE_CURVE ( 'NONE', #4170, #2198, #502, .T. ) ;
#6703 = CARTESIAN_POINT ( 'NONE',  ( -19.08674977989177200, 36.56898149452492700, -44.61196295335356900 ) ) ;
#6704 = CARTESIAN_POINT ( 'NONE',  ( -18.22072310994363400, 36.16143020286402500, -41.10850331996901000 ) ) ;
#6705 = EDGE_CURVE ( 'NONE', #7089, #4630, #488, .T. ) ;
#6706 = ORIENTED_EDGE ( 'NONE', *, *, #6988, .F. ) ;
#6707 = ORIENTED_EDGE ( 'NONE', *, *, #353, .F. ) ;
#6708 = DIRECTION ( 'NONE',  ( -0.0000000000000000000, -1.000000000000000000, -0.0000000000000000000 ) ) ;
#6709 = CARTESIAN_POINT ( 'NONE',  ( -17.67848883843689500, 34.75225859315445100, -43.04238797871448000 ) ) ;
#6710 = VERTEX_POINT ( 'NONE', #7854 ) ;
#6711 = VECTOR ( 'NONE', #2331, 39.37007874015748100 ) ;
#6712 = CARTESIAN_POINT ( 'NONE',  ( -17.68241088948211000, 35.51620200129837500, -42.04736061804905500 ) ) ;
#6713 = LINE ( 'NONE', #4166, #6597 ) ;
#6714 = EDGE_LOOP ( 'NONE', ( #8141, #8215, #8234, #8245, #8254 ) ) ;
#6715 = CARTESIAN_POINT ( 'NONE',  ( -18.22045159123483800, 36.17377645991027900, -41.11361747821241900 ) ) ;
#6716 = ORIENTED_EDGE ( 'NONE', *, *, #818, .T. ) ;
#6717 = VERTEX_POINT ( 'NONE', #2575 ) ;
#6718 = CARTESIAN_POINT ( 'NONE',  ( -17.68314180404128400, 35.49832951885560600, -42.03663759902383400 ) ) ;
#6719 = AXIS2_PLACEMENT_3D ( 'NONE', #4330, #3562, #9460 ) ;
#6720 = EDGE_CURVE ( 'NONE', #7089, #7050, #449, .T. ) ;
#6721 = EDGE_CURVE ( 'NONE', #2507, #1716, #461, .T. ) ;
#6722 = FACE_OUTER_BOUND ( 'NONE', #3565, .T. ) ;
#6723 = LINE ( 'NONE', #481, #6605 ) ;
#6724 = CARTESIAN_POINT ( 'NONE',  ( -18.37155697523275000, 36.65609120689359200, -43.61589996124724400 ) ) ;
#6725 = CARTESIAN_POINT ( 'NONE',  ( -18.29797068246709200, 35.64378464412647000, -40.34540101537313500 ) ) ;
#6726 = ADVANCED_FACE ( 'NONE', ( #412 ), #401, .T. ) ;
#6727 = ORIENTED_EDGE ( 'NONE', *, *, #1251, .T. ) ;
#6728 = DIRECTION ( 'NONE',  ( 1.281026566875212200E-012, 0.0000000000000000000, 1.000000000000000000 ) ) ;
#6729 = ORIENTED_EDGE ( 'NONE', *, *, #8045, .F. ) ;
#6730 = CARTESIAN_POINT ( 'NONE',  ( -18.22034479669578000, 36.18030187823279000, -41.11559560640180400 ) ) ;
#6731 = CARTESIAN_POINT ( 'NONE',  ( -19.38112961814980300, 34.82094999845106300, -44.53322279587401100 ) ) ;
#6732 = PLANE ( 'NONE',  #4836 ) ;
#6733 = FACE_OUTER_BOUND ( 'NONE', #6619, .T. ) ;
#6735 = DIRECTION ( 'NONE',  ( -5.664139784502151000E-025, 1.000000000000000000, -1.993517598874519800E-013 ) ) ;
#6734 = LINE ( 'NONE', #7422, #6700 ) ;
#6736 = EDGE_CURVE ( 'NONE', #1543, #2428, #510, .T. ) ;
#6737 = ORIENTED_EDGE ( 'NONE', *, *, #7088, .F. ) ;
#6738 = VERTEX_POINT ( 'NONE', #7887 ) ;
#6739 = EDGE_CURVE ( 'NONE', #4927, #7050, #419, .T. ) ;
#6740 = DIRECTION ( 'NONE',  ( -1.834791170717559100E-015, 1.000000000000000000, -2.102462434906392900E-013 ) ) ;
#6741 = VECTOR ( 'NONE', #2430, 39.37007874015748100 ) ;
#6742 = VECTOR ( 'NONE', #5869, 39.37007874015748900 ) ;
#6743 = CARTESIAN_POINT ( 'NONE',  ( -18.22583432467735100, 35.08603734823859800, -40.98346522788825300 ) ) ;
#6744 = CARTESIAN_POINT ( 'NONE',  ( -19.08674977989437200, 36.22445674670815700, -44.22219917382244600 ) ) ;
#6745 = ORIENTED_EDGE ( 'NONE', *, *, #4333, .F. ) ;
#6746 = ORIENTED_EDGE ( 'NONE', *, *, #3360, .F. ) ;
#6747 = ADVANCED_FACE ( 'NONE', ( #384, #399 ), #8613, .F. ) ;
#6748 = EDGE_CURVE ( 'NONE', #567, #515, #372, .T. ) ;
#6749 = EDGE_CURVE ( 'NONE', #2287, #2478, #361, .T. ) ;
#6750 = CARTESIAN_POINT ( 'NONE',  ( -18.22016794196371200, 36.20677677009243200, -41.11885272142048100 ) ) ;
#6751 = DIRECTION ( 'NONE',  ( 1.101459675461920000E-012, -0.0000000000000000000, 1.000000000000000000 ) ) ;
#6752 = CYLINDRICAL_SURFACE ( 'NONE', #21, 1.673228346456692200 ) ;
#6753 = CARTESIAN_POINT ( 'NONE',  ( -17.68450721010169600, 35.46176917371604300, -42.01709976569841100 ) ) ;
#6754 = EDGE_CURVE ( 'NONE', #980, #9376, #409, .T. ) ;
#6755 = VERTEX_POINT ( 'NONE', #9299 ) ;
#6756 = EDGE_LOOP ( 'NONE', ( #8177, #2894, #9126, #691, #4055 ) ) ;
#6757 = CARTESIAN_POINT ( 'NONE',  ( -21.74423009470828900, 35.18315472321037200, -41.69267161907139800 ) ) ;
#6758 = DIRECTION ( 'NONE',  ( -1.000000000000000000, 0.0000000000000000000, -1.552565295730630100E-012 ) ) ;
#6759 = CARTESIAN_POINT ( 'NONE',  ( -18.21667103959205000, 34.15953267596631800, -41.49190846286587200 ) ) ;
#6760 = DIRECTION ( 'NONE',  ( 1.000000000000000000, 0.0000000000000000000, -0.0000000000000000000 ) ) ;
#6761 = LINE ( 'NONE', #2228, #6711 ) ;
#6762 = DIRECTION ( 'NONE',  ( -0.0000000000000000000, -1.000000000000000000, 0.0000000000000000000 ) ) ;
#6763 = EDGE_CURVE ( 'NONE', #7050, #6831, #338, .T. ) ;
#6764 = CARTESIAN_POINT ( 'NONE',  ( -20.18320647280272000, 33.72547749199693400, -44.40330153602558700 ) ) ;
#6765 = ORIENTED_EDGE ( 'NONE', *, *, #3280, .T. ) ;
#6766 = VERTEX_POINT ( 'NONE', #1950 ) ;
#6767 = CARTESIAN_POINT ( 'NONE',  ( -18.28991281778759500, 35.78157991970044100, -41.63435535922788200 ) ) ;
#6768 = EDGE_CURVE ( 'NONE', #2478, #2544, #378, .T. ) ;
#6769 = LINE ( 'NONE', #2347, #6741 ) ;
#6770 = EDGE_LOOP ( 'NONE', ( #4724, #798, #4198, #6071 ) ) ;
#6771 = CARTESIAN_POINT ( 'NONE',  ( -17.67933595697272900, 34.76772501669042700, -43.05640203235542900 ) ) ;
#6772 = ADVANCED_FACE ( 'NONE', ( #287 ), #270, .T. ) ;
#6773 = FACE_OUTER_BOUND ( 'NONE', #9194, .T. ) ;
#6774 = ORIENTED_EDGE ( 'NONE', *, *, #956, .F. ) ;
#6775 = EDGE_CURVE ( 'NONE', #1589, #980, #280, .T. ) ;
#6776 = FACE_OUTER_BOUND ( 'NONE', #569, .T. ) ;
#6777 = EDGE_CURVE ( 'NONE', #6831, #4948, #292, .T. ) ;
#6778 = ORIENTED_EDGE ( 'NONE', *, *, #1304, .F. ) ;
#6779 = CARTESIAN_POINT ( 'NONE',  ( -18.25037104509730300, 34.15953267525854600, -40.54572392616314900 ) ) ;
#6780 = CARTESIAN_POINT ( 'NONE',  ( -18.21667103959205000, 34.00544442214814500, -41.49190846286584400 ) ) ;
#6781 = FACE_OUTER_BOUND ( 'NONE', #8943, .T. ) ;
#6782 = ORIENTED_EDGE ( 'NONE', *, *, #910, .F. ) ;
#6783 = VECTOR ( 'NONE', #2459, 39.37007874015748100 ) ;
#6784 = DIRECTION ( 'NONE',  ( 1.552565295730630100E-012, 0.0000000000000000000, 1.000000000000000000 ) ) ;
#6785 = CARTESIAN_POINT ( 'NONE',  ( -18.24980009187973100, 36.32751167846889500, -40.55290783953089600 ) ) ;
#6786 = CARTESIAN_POINT ( 'NONE',  ( -18.24673956536824100, 33.69890275434673300, -41.49164605881670600 ) ) ;
#6787 = ORIENTED_EDGE ( 'NONE', *, *, #6504, .F. ) ;
#6788 = CARTESIAN_POINT ( 'NONE',  ( -18.22589896608613100, 34.88797426994480600, -41.39476546330269700 ) ) ;
#6789 = EDGE_CURVE ( 'NONE', #2287, #2544, #322, .T. ) ;
#6790 = CARTESIAN_POINT ( 'NONE',  ( -18.22016794196439800, 36.20005871903263300, -41.11885272142055200 ) ) ;
#6791 = VERTEX_POINT ( 'NONE', #7994 ) ;
#6792 = CARTESIAN_POINT ( 'NONE',  ( -18.54344269327106400, 36.65909148326209500, -43.47219917382323500 ) ) ;
#6793 = VECTOR ( 'NONE', #2487, 39.37007874015748100 ) ;
#6794 = CARTESIAN_POINT ( 'NONE',  ( -18.22020379542414400, 36.19342057156605800, -41.11819769768863600 ) ) ;
#6795 = ORIENTED_EDGE ( 'NONE', *, *, #853, .T. ) ;
#6796 = ADVANCED_FACE ( 'NONE', ( #228 ), #4936, .T. ) ;
#6797 = CARTESIAN_POINT ( 'NONE',  ( -18.54839628747429000, 36.66488148616213000, -43.77338027620511700 ) ) ;
#6798 = PLANE ( 'NONE',  #1330 ) ;
#6799 = VERTEX_POINT ( 'NONE', #9361 ) ;
#6800 = CARTESIAN_POINT ( 'NONE',  ( -18.27720357974567400, 35.62229579744198600, -44.61196295334649200 ) ) ;
#6801 = ORIENTED_EDGE ( 'NONE', *, *, #604, .T. ) ;
#6802 = CIRCLE ( 'NONE', #4236, 3.645669291338583300 ) ;
#6803 = EDGE_CURVE ( 'NONE', #6831, #7152, #199, .T. ) ;
#6804 = DIRECTION ( 'NONE',  ( 0.9975640502597359300, -0.06975647374538689000, 0.0000000000000000000 ) ) ;
#6805 = DIRECTION ( 'NONE',  ( 0.0000000000000000000, 0.0000000000000000000, -1.000000000000000000 ) ) ;
#6806 = CARTESIAN_POINT ( 'NONE',  ( -17.68097937809854200, 34.79961997459530900, -43.08256268995095400 ) ) ;
#6807 = EDGE_CURVE ( 'NONE', #4269, #4378, #261, .T. ) ;
#6808 = EDGE_CURVE ( 'NONE', #1679, #2515, #183, .T. ) ;
#6809 = EDGE_CURVE ( 'NONE', #7152, #4817, #191, .T. ) ;
#6810 = CARTESIAN_POINT ( 'NONE',  ( -17.68514035888918200, 35.44313575620841300, -42.00829904293481600 ) ) ;
#6811 = ORIENTED_EDGE ( 'NONE', *, *, #7428, .F. ) ;
#6812 = VERTEX_POINT ( 'NONE', #1309 ) ;
#6813 = LINE ( 'NONE', #2479, #6793 ) ;
#6814 = PLANE ( 'NONE',  #196 ) ;
#6815 = CARTESIAN_POINT ( 'NONE',  ( -18.22670809235623300, 33.85168341429328400, -41.49182087083333700 ) ) ;
#6816 = CARTESIAN_POINT ( 'NONE',  ( -17.68686768293915200, 35.38620349935714400, -41.98472344128594400 ) ) ;
#6817 = VECTOR ( 'NONE', #8647, 39.37007874015748100 ) ;
#6818 = AXIS2_PLACEMENT_3D ( 'NONE', #2106, #7332, #2837 ) ;
#6819 =( BOUNDED_CURVE ( )  B_SPLINE_CURVE ( 3, ( #2108, #2053, #2031, #2024 ),
 .UNSPECIFIED., .F., .F. ) 
 B_SPLINE_CURVE_WITH_KNOTS ( ( 4, 4 ),
 ( 3.014904142016610900, 3.141592653592213000 ),
 .UNSPECIFIED. ) 
 CURVE ( )  GEOMETRIC_REPRESENTATION_ITEM ( )  RATIONAL_B_SPLINE_CURVE ( ( 1.000000000000000000, 0.9986629489184748500, 0.9986629489184748500, 1.000000000000000000 ) ) 
 REPRESENTATION_ITEM ( '' )  );
#6820 = EDGE_CURVE ( 'NONE', #7178, #6945, #140, .T. ) ;
#6821 = EDGE_CURVE ( 'NONE', #7178, #6639, #166, .T. ) ;
#6822 = EDGE_LOOP ( 'NONE', ( #5337, #5269, #5262, #5245 ) ) ;
#6823 = CARTESIAN_POINT ( 'NONE',  ( -18.22734153908127300, 36.23333632861009300, -40.91740911948770800 ) ) ;
#6824 = ORIENTED_EDGE ( 'NONE', *, *, #7083, .T. ) ;
#6825 = EDGE_CURVE ( 'NONE', #7114, #7010, #149, .T. ) ;
#6826 = LINE ( 'NONE', #2401, #6783 ) ;
#6827 = ADVANCED_FACE ( 'NONE', ( #119 ), #5744, .F. ) ;
#6828 = DIRECTION ( 'NONE',  ( -0.06975647374538690400, -0.9975640502597360500, 6.685417403018238000E-016 ) ) ;
#6829 = VECTOR ( 'NONE', #4381, 39.37007874015748100 ) ;
#6830 =( BOUNDED_CURVE ( )  B_SPLINE_CURVE ( 3, ( #2635, #2744, #2611, #2598 ),
 .UNSPECIFIED., .F., .F. ) 
 B_SPLINE_CURVE_WITH_KNOTS ( ( 4, 4 ),
 ( 3.023806955888914200, 3.141592653592213000 ),
 .UNSPECIFIED. ) 
 CURVE ( )  GEOMETRIC_REPRESENTATION_ITEM ( )  RATIONAL_B_SPLINE_CURVE ( ( 1.000000000000000000, 0.9988442115675857400, 0.9988442115675857400, 1.000000000000000000 ) ) 
 REPRESENTATION_ITEM ( '' )  );
#6831 = VERTEX_POINT ( 'NONE', #3503 ) ;
#6832 = ORIENTED_EDGE ( 'NONE', *, *, #7325, .T. ) ;
#6833 = EDGE_LOOP ( 'NONE', ( #949, #4611, #6384, #1798 ) ) ;
#6834 = VECTOR ( 'NONE', #2509, 39.37007874015748100 ) ;
#6835 = CARTESIAN_POINT ( 'NONE',  ( -19.09375929415740500, 35.84457204569830700, -44.92298657540472800 ) ) ;
#6836 = EDGE_CURVE ( 'NONE', #1679, #2275, #108, .T. ) ;
#6837 = DIRECTION ( 'NONE',  ( 1.000000000000000000, 0.0000000000000000000, 2.842170943040402000E-012 ) ) ;
#6838 = LINE ( 'NONE', #2194, #6742 ) ;
#6839 = EDGE_CURVE ( 'NONE', #8873, #8749, #2864, .T. ) ;
#6840 = VERTEX_POINT ( 'NONE', #8777 ) ;
#6841 = ORIENTED_EDGE ( 'NONE', *, *, #1205, .T. ) ;
#6842 = CARTESIAN_POINT ( 'NONE',  ( -17.68778999819324900, 35.34688260383288800, -41.97274777931554700 ) ) ;
#6843 = ADVANCED_FACE ( 'NONE', ( #92 ), #2766, .T. ) ;
#6844 = LINE ( 'NONE', #2493, #6834 ) ;
#6845 = LINE ( 'NONE', #2160, #6829 ) ;
#6846 = PLANE ( 'NONE',  #4873 ) ;
#6847 = PLANE ( 'NONE',  #3597 ) ;
#6848 = CARTESIAN_POINT ( 'NONE',  ( -20.17926946494196700, 35.18195246389684900, -40.13164799701654300 ) ) ;
#6849 = AXIS2_PLACEMENT_3D ( 'NONE', #2810, #8780, #8752 ) ;
#6850 = VERTEX_POINT ( 'NONE', #9439 ) ;
#6851 = ORIENTED_EDGE ( 'NONE', *, *, #928, .F. ) ;
#6852 = EDGE_CURVE ( 'NONE', #7210, #7010, #65, .T. ) ;
#6853 = EDGE_CURVE ( 'NONE', #7243, #7210, #56, .T. ) ;
#6854 = VECTOR ( 'NONE', #5088, 39.37007874015748100 ) ;
#6855 = CARTESIAN_POINT ( 'NONE',  ( -18.24659895944970600, 35.74722160851870000, -41.38975894433926300 ) ) ;
#6856 = CYLINDRICAL_SURFACE ( 'NONE', #4262, 0.1141732283464528700 ) ;
#6857 = CIRCLE ( 'NONE', #555, 1.673228346456692200 ) ;
#6858 = CARTESIAN_POINT ( 'NONE',  ( -18.22500184265077600, 36.30914075991596200, -41.00985311803459200 ) ) ;
#6859 = DIRECTION ( 'NONE',  ( 1.000000000000000000, -0.0000000000000000000, 0.0000000000000000000 ) ) ;
#6860 = ORIENTED_EDGE ( 'NONE', *, *, #1500, .T. ) ;
#6861 = CARTESIAN_POINT ( 'NONE',  ( -18.30926420606868600, 34.72252480159333000, -40.24188421748023400 ) ) ;
#6862 = ORIENTED_EDGE ( 'NONE', *, *, #908, .F. ) ;
#6863 = DIRECTION ( 'NONE',  ( 0.0000000000000000000, -1.000000000000000000, -0.0000000000000000000 ) ) ;
#6864 = CARTESIAN_POINT ( 'NONE',  ( -19.08674977989523900, 35.16547474625098600, -40.63164799700984300 ) ) ;
#6865 = LINE ( 'NONE', #2644, #6892 ) ;
#6866 = VECTOR ( 'NONE', #8828, 39.37007874015748100 ) ;
#6867 = EDGE_CURVE ( 'NONE', #9391, #8798, #2671, .T. ) ;
#6868 = EDGE_CURVE ( 'NONE', #2515, #2533, #41, .T. ) ;
#6869 = EDGE_CURVE ( 'NONE', #7243, #7114, #62, .T. ) ;
#6870 = VERTEX_POINT ( 'NONE', #8837 ) ;
#6871 = ORIENTED_EDGE ( 'NONE', *, *, #3299, .F. ) ;
#6872 = CARTESIAN_POINT ( 'NONE',  ( -18.30494418932289900, 34.75527934853541700, -40.24188421747830100 ) ) ;
#6873 = CARTESIAN_POINT ( 'NONE',  ( -18.37155697523275700, 36.62139386877563400, -43.55250414185512400 ) ) ;
#6874 = CARTESIAN_POINT ( 'NONE',  ( -18.30108571302399100, 34.78808774748388500, -40.24188421747830100 ) ) ;
#6875 = CARTESIAN_POINT ( 'NONE',  ( -17.68873702610243400, 35.28578168324797600, -41.96058352295525400 ) ) ;
#6876 = FACE_OUTER_BOUND ( 'NONE', #6599, .T. ) ;
#6877 = EDGE_LOOP ( 'NONE', ( #8827, #8835, #8874, #8884 ) ) ;
#6878 = ORIENTED_EDGE ( 'NONE', *, *, #8415, .F. ) ;
#6879 = EDGE_CURVE ( 'NONE', #7114, #7194, #9445, .T. ) ;
#6880 = EDGE_CURVE ( 'NONE', #7194, #4747, #2763, .T. ) ;
#6881 = CARTESIAN_POINT ( 'NONE',  ( -18.21658416048387600, 35.33088917517508800, -44.05349106453437700 ) ) ;
#6882 = DIRECTION ( 'NONE',  ( 0.0000000000000000000, 0.0000000000000000000, -1.000000000000000000 ) ) ;
#6883 = CARTESIAN_POINT ( 'NONE',  ( -17.68897685551306900, 35.26520582107086500, -41.95754111885501200 ) ) ;
#6884 = EDGE_CURVE ( 'NONE', #7010, #5172, #9508, .T. ) ;
#6885 = FACE_OUTER_BOUND ( 'NONE', #1982, .T. ) ;
#6886 = ADVANCED_FACE ( 'NONE', ( #9357 ), #8892, .F. ) ;
#6887 = ORIENTED_EDGE ( 'NONE', *, *, #5091, .T. ) ;
#6888 = VERTEX_POINT ( 'NONE', #6646 ) ;
#6889 = CARTESIAN_POINT ( 'NONE',  ( -18.22045077071463800, 36.23974594314372400, -41.11363306482032700 ) ) ;
#6890 = CARTESIAN_POINT ( 'NONE',  ( -18.28991281778543200, 35.19595006394693100, -40.63145515489173900 ) ) ;
#6891 = CARTESIAN_POINT ( 'NONE',  ( -19.08674977989437200, 35.84457204569830700, -44.53322279587480600 ) ) ;
#6892 = VECTOR ( 'NONE', #2653, 39.37007874015748100 ) ;
#6893 = EDGE_CURVE ( 'NONE', #1245, #8782, #9432, .T. ) ;
#6894 = ADVANCED_FACE ( 'NONE', ( #9414 ), #2966, .T. ) ;
#6895 = DIRECTION ( 'NONE',  ( 3.030255784859252200E-012, 0.0000000000000000000, -1.000000000000000000 ) ) ;
#6896 = VERTEX_POINT ( 'NONE', #8239 ) ;
#6897 = DIRECTION ( 'NONE',  ( 0.5462677805473604700, -0.8376105968383283900, 3.719738281234941900E-013 ) ) ;
#6898 = FACE_OUTER_BOUND ( 'NONE', #5889, .T. ) ;
#6899 = ORIENTED_EDGE ( 'NONE', *, *, #1350, .T. ) ;
#6900 = CARTESIAN_POINT ( 'NONE',  ( -19.08674977989393500, 36.56898149450806600, -40.63164799700984300 ) ) ;
#6901 = CARTESIAN_POINT ( 'NONE',  ( -19.70899736155807200, 36.61228798142165200, -44.92298657540377600 ) ) ;
#6902 = CARTESIAN_POINT ( 'NONE',  ( -18.21667103973511800, 36.20677677009126000, -41.01649051669606600 ) ) ;
#6903 = CARTESIAN_POINT ( 'NONE',  ( -18.24369705721264300, 34.74635665255087200, -43.67319818250076900 ) ) ;
#6904 = ORIENTED_EDGE ( 'NONE', *, *, #7206, .F. ) ;
#6905 = EDGE_CURVE ( 'NONE', #2557, #2533, #9449, .T. ) ;
#6906 = EDGE_LOOP ( 'NONE', ( #7258, #7315, #7397, #7462 ) ) ;
#6907 = EDGE_CURVE ( 'NONE', #2275, #2557, #9330, .T. ) ;
#6908 = LINE ( 'NONE', #2748, #6946 ) ;
#6909 = ORIENTED_EDGE ( 'NONE', *, *, #1320, .T. ) ;
#6910 = EDGE_CURVE ( 'NONE', #2659, #2568, #9322, .T. ) ;
#6911 = CARTESIAN_POINT ( 'NONE',  ( -18.28991281778543200, 34.58472952600945400, -43.67360150133304600 ) ) ;
#6912 = CARTESIAN_POINT ( 'NONE',  ( -17.68929498939683500, 35.22419860655895000, -41.95351517855046100 ) ) ;
#6913 = ORIENTED_EDGE ( 'NONE', *, *, #8199, .T. ) ;
#6914 = ORIENTED_EDGE ( 'NONE', *, *, #1051, .T. ) ;
#6915 = LINE ( 'NONE', #2839, #6972 ) ;
#6916 = ORIENTED_EDGE ( 'NONE', *, *, #4547, .T. ) ;
#6917 = CARTESIAN_POINT ( 'NONE',  ( -18.90171040981672900, 33.69890275434711700, -40.76156925685379700 ) ) ;
#6918 = CARTESIAN_POINT ( 'NONE',  ( -18.30926420597738900, 35.64378464413153600, -40.24188421747903300 ) ) ;
#6919 = EDGE_CURVE ( 'NONE', #2659, #2730, #9314, .T. ) ;
#6920 = ORIENTED_EDGE ( 'NONE', *, *, #8023, .T. ) ;
#6921 = CARTESIAN_POINT ( 'NONE',  ( -20.05722222084700900, 35.18195246389684900, -40.13164799701654300 ) ) ;
#6922 = EDGE_CURVE ( 'NONE', #610, #2730, #9224, .T. ) ;
#6923 = DIRECTION ( 'NONE',  ( -1.000000000000000000, -1.264251560247360100E-012, 0.0000000000000000000 ) ) ;
#6924 = ORIENTED_EDGE ( 'NONE', *, *, #6919, .F. ) ;
#6925 = CARTESIAN_POINT ( 'NONE',  ( -20.17926946493505700, 34.47449330553189400, -43.55605536969015600 ) ) ;
#6926 = FACE_OUTER_BOUND ( 'NONE', #2574, .T. ) ;
#6927 = ADVANCED_FACE ( 'NONE', ( #9206 ), #9116, .F. ) ;
#6928 = DIRECTION ( 'NONE',  ( 2.769776749013328000E-014, 3.960965289395968200E-013, 1.000000000000000000 ) ) ;
#6929 = CARTESIAN_POINT ( 'NONE',  ( -18.22739499834367300, 34.15282240595507800, -44.25074248091259900 ) ) ;
#6930 = ORIENTED_EDGE ( 'NONE', *, *, #7414, .F. ) ;
#6931 = DIRECTION ( 'NONE',  ( -0.0000000000000000000, 1.000000000000000000, 0.0000000000000000000 ) ) ;
#6932 = CARTESIAN_POINT ( 'NONE',  ( -17.68178019139793000, 34.81612214280060900, -43.09479099821026400 ) ) ;
#6933 = ORIENTED_EDGE ( 'NONE', *, *, #8211, .F. ) ;
#6934 = EDGE_CURVE ( 'NONE', #7194, #7294, #9132, .T. ) ;
#6935 = FACE_OUTER_BOUND ( 'NONE', #9088, .T. ) ;
#6936 = DIRECTION ( 'NONE',  ( -1.264251560247360100E-012, 1.000000000000000000, -1.993517598846150100E-013 ) ) ;
#6937 = EDGE_CURVE ( 'NONE', #5059, #7294, #9143, .T. ) ;
#6938 = DIRECTION ( 'NONE',  ( 1.000000000000000000, -0.0000000000000000000, 0.0000000000000000000 ) ) ;
#6939 = VECTOR ( 'NONE', #8797, 39.37007874015748100 ) ;
#6940 = ADVANCED_FACE ( 'NONE', ( #9124 ), #1587, .F. ) ;
#6941 = ORIENTED_EDGE ( 'NONE', *, *, #145, .F. ) ;
#6942 = ORIENTED_EDGE ( 'NONE', *, *, #8280, .T. ) ;
#6943 = CARTESIAN_POINT ( 'NONE',  ( -18.28991281778759900, 34.59956246670429200, -41.54761725361272100 ) ) ;
#6944 = CARTESIAN_POINT ( 'NONE',  ( -18.21667103959209700, 34.00544442214511800, -41.54697808229742200 ) ) ;
#6945 = VERTEX_POINT ( 'NONE', #8331 ) ;
#6946 = VECTOR ( 'NONE', #2753, 39.37007874015748100 ) ;
#6947 = AXIS2_PLACEMENT_3D ( 'NONE', #1341, #6518, #2076 ) ;
#6948 = LINE ( 'NONE', #2124, #6866 ) ;
#6949 = EDGE_CURVE ( 'NONE', #7294, #7284, #9029, .T. ) ;
#6950 = EDGE_CURVE ( 'NONE', #5132, #2639, #2555, .T. ) ;
#6951 = DIRECTION ( 'NONE',  ( -5.664139784502151000E-025, -1.000000000000000000, 1.993517598874519800E-013 ) ) ;
#6952 = CARTESIAN_POINT ( 'NONE',  ( -18.12382062248945000, 35.61157021624782700, -41.39149051667952500 ) ) ;
#6953 = EDGE_CURVE ( 'NONE', #7232, #7284, #8999, .T. ) ;
#6954 = CARTESIAN_POINT ( 'NONE',  ( -18.21667103959189400, 34.15953267596631100, -41.54697808229745700 ) ) ;
#6955 = ORIENTED_EDGE ( 'NONE', *, *, #5734, .F. ) ;
#6956 = PLANE ( 'NONE',  #3530 ) ;
#6957 = ORIENTED_EDGE ( 'NONE', *, *, #1050, .T. ) ;
#6958 = ORIENTED_EDGE ( 'NONE', *, *, #4734, .T. ) ;
#6959 = CARTESIAN_POINT ( 'NONE',  ( -18.69666226734531700, 33.69890275434673300, -40.24188421747992100 ) ) ;
#6960 = PLANE ( 'NONE',  #4905 ) ;
#6961 = LINE ( 'NONE', #3007, #7016 ) ;
#6963 = CARTESIAN_POINT ( 'NONE',  ( -18.25597381778738900, 34.94168490645114400, -40.55290783953088900 ) ) ;
#6962 = VECTOR ( 'NONE', #7354, 39.37007874015748100 ) ;
#6964 = VERTEX_POINT ( 'NONE', #7611 ) ;
#6965 = CARTESIAN_POINT ( 'NONE',  ( -18.30014871118362400, 33.71878712113524300, -43.61716421198268300 ) ) ;
#6966 = ORIENTED_EDGE ( 'NONE', *, *, #46, .T. ) ;
#6967 = EDGE_CURVE ( 'NONE', #5059, #7232, #8936, .T. ) ;
#6968 = EDGE_CURVE ( 'NONE', #8742, #5924, #9020, .T. ) ;
#6969 = CARTESIAN_POINT ( 'NONE',  ( -18.28991281778543200, 35.76674697900763500, -43.58440389826102300 ) ) ;
#6970 = EDGE_CURVE ( 'NONE', #8714, #8095, #8920, .T. ) ;
#6971 = DIRECTION ( 'NONE',  ( 0.0000000000000000000, -0.0000000000000000000, 1.000000000000000000 ) ) ;
#6972 = VECTOR ( 'NONE', #2831, 39.37007874015748100 ) ;
#6973 = LINE ( 'NONE', #6566, #6962 ) ;
#6974 = CARTESIAN_POINT ( 'NONE',  ( -17.68331830999804700, 34.85021688013182500, -43.11757422933040800 ) ) ;
#6975 = CARTESIAN_POINT ( 'NONE',  ( -19.70899736156149700, 35.54535944726082900, -40.63164799701023400 ) ) ;
#6976 = CARTESIAN_POINT ( 'NONE',  ( -20.05722222084750000, 35.49811535277824200, -40.13164799701654300 ) ) ;
#6977 = VERTEX_POINT ( 'NONE', #154 ) ;
#6978 = VERTEX_POINT ( 'NONE', #6855 ) ;
#6979 = CARTESIAN_POINT ( 'NONE',  ( -19.99423009485827100, 34.47449330553232700, -44.24582122105630300 ) ) ;
#6980 = DIRECTION ( 'NONE',  ( -1.000000000000000000, 0.0000000000000000000, -2.841279047498729900E-012 ) ) ;
#6981 = FACE_OUTER_BOUND ( 'NONE', #135, .T. ) ;
#6982 = VECTOR ( 'NONE', #8102, 39.37007874015748100 ) ;
#6983 = CARTESIAN_POINT ( 'NONE',  ( -18.50800962240124300, 36.65165865986202200, -43.46826217024376100 ) ) ;
#6984 = EDGE_CURVE ( 'NONE', #7232, #5080, #8914, .T. ) ;
#6985 = ADVANCED_FACE ( 'NONE', ( #8839 ), #8811, .T. ) ;
#6986 = ORIENTED_EDGE ( 'NONE', *, *, #7248, .T. ) ;
#6987 = ORIENTED_EDGE ( 'NONE', *, *, #1078, .T. ) ;
#6988 = EDGE_CURVE ( 'NONE', #2299, #2750, #9026, .T. ) ;
#6989 = CARTESIAN_POINT ( 'NONE',  ( -18.12382062244756000, 35.61157021624490000, -41.63725450928137000 ) ) ;
#6990 = DIRECTION ( 'NONE',  ( 2.832982890422908100E-012, 0.0000000000000000000, 1.000000000000000000 ) ) ;
#6991 = CARTESIAN_POINT ( 'NONE',  ( -18.27720357975001500, 35.62229579745512400, -40.55290783953125800 ) ) ;
#6992 = CIRCLE ( 'NONE', #4349, 0.1023622047244069200 ) ;
#6993 = DIRECTION ( 'NONE',  ( -1.000000000000000000, 1.264420666934205400E-012, -2.841348555614751100E-012 ) ) ;
#6994 = DIRECTION ( 'NONE',  ( -1.264251560247360100E-012, -1.000000000000000000, 1.993517598846150100E-013 ) ) ;
#6995 = VERTEX_POINT ( 'NONE', #5353 ) ;
#6996 = ORIENTED_EDGE ( 'NONE', *, *, #6807, .T. ) ;
#6997 = PLANE ( 'NONE',  #1249 ) ;
#6998 = EDGE_CURVE ( 'NONE', #7284, #6398, #8829, .T. ) ;
#6999 = EDGE_CURVE ( 'NONE', #5949, #6289, #8823, .T. ) ;
#7000 = EDGE_CURVE ( 'NONE', #7331, #7361, #8723, .T. ) ;
#7001 = CARTESIAN_POINT ( 'NONE',  ( -18.24431777537597200, 35.62491694760949200, -41.39475978376062700 ) ) ;
#7002 = EDGE_CURVE ( 'NONE', #7322, #7361, #8802, .T. ) ;
#7003 = LINE ( 'NONE', #3131, #7018 ) ;
#7004 = CARTESIAN_POINT ( 'NONE',  ( -28.84659229943224500, 36.20677677046350600, -41.39149051309960500 ) ) ;
#7005 = EDGE_LOOP ( 'NONE', ( #9107, #9112, #9118, #9153, #9166 ) ) ;
#7006 = CARTESIAN_POINT ( 'NONE',  ( -18.22034518975139200, 35.15664377949710200, -41.11558835135716800 ) ) ;
#7007 = CARTESIAN_POINT ( 'NONE',  ( -18.27945961396177000, 34.61631982535023900, -40.55290783953110900 ) ) ;
#7008 = CIRCLE ( 'NONE', #4399, 3.645669291338583300 ) ;
#7009 = EDGE_CURVE ( 'NONE', #7435, #7322, #8717, .T. ) ;
#7010 = VERTEX_POINT ( 'NONE', #6917 ) ;
#7011 = CARTESIAN_POINT ( 'NONE',  ( -18.28991281778759900, 35.76674697900420300, -41.49126929155119100 ) ) ;
#7012 = CARTESIAN_POINT ( 'NONE',  ( -18.12382062240696700, 34.58794816899791200, -41.39149051667913400 ) ) ;
#7013 = CARTESIAN_POINT ( 'NONE',  ( -18.22670809235627200, 33.85168341429177700, -41.54706567432988600 ) ) ;
#7014 = EDGE_CURVE ( 'NONE', #7331, #7435, #8610, .T. ) ;
#7015 = CARTESIAN_POINT ( 'NONE',  ( -18.98075047517236400, 36.68671628235969000, -41.53715980803386300 ) ) ;
#7016 = VECTOR ( 'NONE', #3005, 39.37007874015748900 ) ;
#7017 = ORIENTED_EDGE ( 'NONE', *, *, #4847, .F. ) ;
#7018 = VECTOR ( 'NONE', #3193, 39.37007874015748100 ) ;
#7019 = CARTESIAN_POINT ( 'NONE',  ( -20.18320647280272000, 34.21810369460669700, -40.13164799701693400 ) ) ;
#7020 = CARTESIAN_POINT ( 'NONE',  ( -18.12382062240696700, 34.58794816899791200, -41.63725450928192400 ) ) ;
#7021 = EDGE_LOOP ( 'NONE', ( #9345, #9367, #9393, #9401, #9452, #9476 ) ) ;
#7022 = CARTESIAN_POINT ( 'NONE',  ( -19.02375765391106200, 33.64772165198902300, -41.69267161906339000 ) ) ;
#7023 = CARTESIAN_POINT ( 'NONE',  ( -18.29768877717178900, 34.82094999844412800, -40.24188421747854200 ) ) ;
#7024 = EDGE_CURVE ( 'NONE', #7322, #7383, #8618, .T. ) ;
#7025 = VECTOR ( 'NONE', #3295, 39.37007874015748100 ) ;
#7026 = ORIENTED_EDGE ( 'NONE', *, *, #1101, .T. ) ;
#7027 = EDGE_CURVE ( 'NONE', #7361, #7527, #8630, .T. ) ;
#7028 = FACE_OUTER_BOUND ( 'NONE', #9065, .T. ) ;
#7029 = CARTESIAN_POINT ( 'NONE',  ( -20.12145926713909800, 35.69496574648017200, -45.05290783524316800 ) ) ;
#7030 = EDGE_CURVE ( 'NONE', #7383, #7527, #8529, .T. ) ;
#7031 = VERTEX_POINT ( 'NONE', #1745 ) ;
#7032 = ADVANCED_FACE ( 'NONE', ( #8431 ), #8417, .F. ) ;
#7033 = CARTESIAN_POINT ( 'NONE',  ( -19.08674977989523900, 35.54535944726083600, -40.63164799700984300 ) ) ;
#7034 = ORIENTED_EDGE ( 'NONE', *, *, #1166, .T. ) ;
#7035 = LINE ( 'NONE', #3342, #7025 ) ;
#7036 = ORIENTED_EDGE ( 'NONE', *, *, #6562, .T. ) ;
#7037 = CARTESIAN_POINT ( 'NONE',  ( -17.68405564984341200, 34.86780946681486200, -43.12812912285974000 ) ) ;
#7038 = CARTESIAN_POINT ( 'NONE',  ( -19.08674977989434400, 35.64378464412362000, -44.61196295335354000 ) ) ;
#7039 = DIRECTION ( 'NONE',  ( 0.01745240643599449800, 1.570859366960029300E-013, 0.9998476951564138100 ) ) ;
#7040 = ORIENTED_EDGE ( 'NONE', *, *, #7249, .F. ) ;
#7041 = EDGE_CURVE ( 'NONE', #7383, #7471, #8513, .T. ) ;
#7042 = ORIENTED_EDGE ( 'NONE', *, *, #2093, .F. ) ;
#7043 = EDGE_CURVE ( 'NONE', #7527, #7559, #8494, .T. ) ;
#7044 = VECTOR ( 'NONE', #3375, 39.37007874015748900 ) ;
#7045 = DIRECTION ( 'NONE',  ( -0.0000000000000000000, 0.0000000000000000000, -1.000000000000000000 ) ) ;
#7046 = CARTESIAN_POINT ( 'NONE',  ( -18.24673956536808100, 33.69890275434673300, -41.54724048634651000 ) ) ;
#7047 = DIRECTION ( 'NONE',  ( -1.000000000000000000, 1.264006638976030000E-012, -2.841279047499280000E-012 ) ) ;
#7048 = ORIENTED_EDGE ( 'NONE', *, *, #2100, .T. ) ;
#7049 = CARTESIAN_POINT ( 'NONE',  ( -18.20230041499972600, 35.34073364223016300, -41.01640021602087000 ) ) ;
#7050 = VERTEX_POINT ( 'NONE', #6205 ) ;
#7051 = LINE ( 'NONE', #3356, #7044 ) ;
#7052 = EDGE_CURVE ( 'NONE', #7559, #7471, #8379, .T. ) ;
#7053 = CARTESIAN_POINT ( 'NONE',  ( -18.25593964775795200, 33.63382592113642000, -41.42501519039528500 ) ) ;
#7054 = EDGE_CURVE ( 'NONE', #7536, #5406, #8407, .T. ) ;
#7055 = EDGE_CURVE ( 'NONE', #7210, #7536, #8301, .T. ) ;
#7056 = DIRECTION ( 'NONE',  ( 1.000000000000000000, 0.0000000000000000000, -0.0000000000000000000 ) ) ;
#7057 = EDGE_CURVE ( 'NONE', #5271, #7577, #8294, .T. ) ;
#7058 = LINE ( 'NONE', #4317, #6939 ) ;
#7059 = CARTESIAN_POINT ( 'NONE',  ( -18.58450840415610400, 35.64378464412168800, -41.39149051667952500 ) ) ;
#7060 = DIRECTION ( 'NONE',  ( -0.3420201433264966100, 0.0000000000000000000, -0.9396926207856071100 ) ) ;
#7061 = ORIENTED_EDGE ( 'NONE', *, *, #1114, .T. ) ;
#7062 = VERTEX_POINT ( 'NONE', #1070 ) ;
#7063 = DIRECTION ( 'NONE',  ( -6.780283496827029700E-013, 1.000000000000000000, 7.468208859954912100E-025 ) ) ;
#7064 = VECTOR ( 'NONE', #6534, 39.37007874015748100 ) ;
#7065 = CARTESIAN_POINT ( 'NONE',  ( -18.24369705730140700, 35.76997869979645400, -41.54721393478129700 ) ) ;
#7066 = CARTESIAN_POINT ( 'NONE',  ( -18.22020343518816400, 35.16983152191581800, -41.11820434696889500 ) ) ;
#7067 = EDGE_CURVE ( 'NONE', #5195, #7588, #8189, .T. ) ;
#7068 = PLANE ( 'NONE',  #4950 ) ;
#7069 = ORIENTED_EDGE ( 'NONE', *, *, #5857, .T. ) ;
#7070 = EDGE_CURVE ( 'NONE', #7577, #7588, #8192, .T. ) ;
#7071 = ORIENTED_EDGE ( 'NONE', *, *, #6283, .F. ) ;
#7072 = ORIENTED_EDGE ( 'NONE', *, *, #5987, .T. ) ;
#7073 = DIRECTION ( 'NONE',  ( -1.000000000000000000, -0.0000000000000000000, 0.0000000000000000000 ) ) ;
#7074 = EDGE_CURVE ( 'NONE', #5234, #7502, #8172, .T. ) ;
#7075 = FACE_OUTER_BOUND ( 'NONE', #400, .T. ) ;
#7076 = LINE ( 'NONE', #8133, #6854 ) ;
#7077 =( BOUNDED_CURVE ( )  B_SPLINE_CURVE ( 3, ( #3490, #3506, #3636, #3483 ),
 .UNSPECIFIED., .F., .F. ) 
 B_SPLINE_CURVE_WITH_KNOTS ( ( 4, 4 ),
 ( 0.06828835659189842800, 0.2587584047977305500 ),
 .UNSPECIFIED. ) 
 CURVE ( )  GEOMETRIC_REPRESENTATION_ITEM ( )  RATIONAL_B_SPLINE_CURVE ( ( 1.000000000000000000, 0.9969790476939037700, 0.9969790476939037700, 1.000000000000000000 ) ) 
 REPRESENTATION_ITEM ( '' )  );
#7078 = CARTESIAN_POINT ( 'NONE',  ( -18.21667122637516900, 36.20677677045007000, -41.38949776896950500 ) ) ;
#7079 = CARTESIAN_POINT ( 'NONE',  ( -18.66641511624984400, 33.69317527910645500, -43.58440389824961200 ) ) ;
#7080 = ORIENTED_EDGE ( 'NONE', *, *, #7041, .F. ) ;
#7081 = ORIENTED_EDGE ( 'NONE', *, *, #566, .F. ) ;
#7082 = ADVANCED_FACE ( 'NONE', ( #8147 ), #4021, .T. ) ;
#7083 = EDGE_CURVE ( 'NONE', #2787, #2750, #8072, .T. ) ;
#7084 = EDGE_CURVE ( 'NONE', #7588, #7502, #8077, .T. ) ;
#7085 = CARTESIAN_POINT ( 'NONE',  ( -20.18320647280272000, 34.55717047088527500, -42.58243539644212900 ) ) ;
#7086 = CIRCLE ( 'NONE', #4517, 0.1023622047244069200 ) ;
#7087 = LINE ( 'NONE', #5769, #6982 ) ;
#7088 = EDGE_CURVE ( 'NONE', #5392, #7665, #8060, .T. ) ;
#7089 = VERTEX_POINT ( 'NONE', #6304 ) ;
#7090 = CARTESIAN_POINT ( 'NONE',  ( -18.21667122637536500, 36.05357404401625100, -41.38949776896947700 ) ) ;
#7091 = ORIENTED_EDGE ( 'NONE', *, *, #1176, .T. ) ;
#7092 = CARTESIAN_POINT ( 'NONE',  ( -19.08674977989437200, 35.69769871617614100, -44.61408278857756200 ) ) ;
#7093 = DIRECTION ( 'NONE',  ( -1.000000000000000000, -7.522919855711480500E-014, 0.0000000000000000000 ) ) ;
#7094 = CYLINDRICAL_SURFACE ( 'NONE', #595, 3.543307086614172300 ) ;
#7095 = FACE_OUTER_BOUND ( 'NONE', #1001, .T. ) ;
#7096 = CARTESIAN_POINT ( 'NONE',  ( -19.01982064603327100, 33.67959316335220900, -43.62771098485039500 ) ) ;
#7097 = ORIENTED_EDGE ( 'NONE', *, *, #4013, .F. ) ;
#7098 = EDGE_CURVE ( 'NONE', #7502, #7665, #8051, .T. ) ;
#7099 = ORIENTED_EDGE ( 'NONE', *, *, #5643, .F. ) ;
#7100 = EDGE_CURVE ( 'NONE', #5363, #7565, #7972, .T. ) ;
#7101 = CARTESIAN_POINT ( 'NONE',  ( -18.09856080337116100, 34.15953267596629000, -41.63769542106317100 ) ) ;
#7102 = CARTESIAN_POINT ( 'NONE',  ( -17.68544522639502500, 34.90409780240711500, -43.14754734003551600 ) ) ;
#7103 = VECTOR ( 'NONE', #3564, 39.37007874015748100 ) ;
#7104 = CARTESIAN_POINT ( 'NONE',  ( -18.24505624832762200, 33.71242631722315500, -44.15888295332875700 ) ) ;
#7105 = ORIENTED_EDGE ( 'NONE', *, *, #8197, .F. ) ;
#7106 = ORIENTED_EDGE ( 'NONE', *, *, #7265, .T. ) ;
#7107 = CARTESIAN_POINT ( 'NONE',  ( -18.28991281778543200, 35.64378464412362000, -44.61196295335354000 ) ) ;
#7108 = CARTESIAN_POINT ( 'NONE',  ( -18.27996288965018900, 34.72252480158544300, -44.61196295335316400 ) ) ;
#7109 = CARTESIAN_POINT ( 'NONE',  ( -19.08725445498712900, 35.64378464412646300, -40.24188421747951600 ) ) ;
#7110 = CARTESIAN_POINT ( 'NONE',  ( -18.32223743853708700, 35.70886147732523600, -44.95701969118583500 ) ) ;
#7111 = VECTOR ( 'NONE', #3617, 39.37007874015748100 ) ;
#7112 = EDGE_CURVE ( 'NONE', #7665, #7565, #8274, .T. ) ;
#7113 = EDGE_CURVE ( 'NONE', #5335, #7699, #7949, .T. ) ;
#7114 = VERTEX_POINT ( 'NONE', #7115 ) ;
#7115 = CARTESIAN_POINT ( 'NONE',  ( -18.90171040981677600, 33.65528093473621900, -40.76156925685499000 ) ) ;
#7116 = ORIENTED_EDGE ( 'NONE', *, *, #1159, .T. ) ;
#7117 = CARTESIAN_POINT ( 'NONE',  ( -18.22569118971268400, 36.49862527358639900, -41.54705679995551300 ) ) ;
#7118 = B_SPLINE_CURVE_WITH_KNOTS ( 'NONE', 3,
 ( #4331, #6929, #3978, #3965, #3962, #3948, #3944, #3931, #3912, #3907, #3898, #3896, #3881, #3875, #3869, #3859, #3857, #3847, #3837, #3826, #3812, #3797, #3795, #3785, #3777, #3768, #3753, #3736, #3731, #3709, #3699, #3698, #3684, #3673 ),
 .UNSPECIFIED., .F., .F.,
 ( 4, 2, 2, 2, 2, 2, 2, 2, 2, 2, 2, 2, 2, 2, 2, 2, 4 ),
 ( 0.005092810308298313700, 0.005600976050130017000, 0.006109141791961720400, 0.006617307533793423700, 0.007125473275625127100, 0.007633639017456830500, 0.008141804759288533800, 0.008649970501120237200, 0.009158136242951940600, 0.009666301984783643900, 0.01017446772661534700, 0.01068263346844705100, 0.01119079921027875400, 0.01169896495211045700, 0.01220713069394216100, 0.01271529643577386400, 0.01322346217760556700 ),
 .UNSPECIFIED. ) ;
#7119 = CARTESIAN_POINT ( 'NONE',  ( -18.26841952445553100, 35.84457204569339700, -44.61196295335343400 ) ) ;
#7120 = FACE_OUTER_BOUND ( 'NONE', #2219, .T. ) ;
#7121 = CARTESIAN_POINT ( 'NONE',  ( -18.28991281778759900, 33.69890275434673300, -44.53341563799252600 ) ) ;
#7122 = CARTESIAN_POINT ( 'NONE',  ( -18.29768877701150500, 33.79732795119715400, -44.92298657540595700 ) ) ;
#7123 = EDGE_LOOP ( 'NONE', ( #7700, #2641, #8724, #51 ) ) ;
#7124 = ORIENTED_EDGE ( 'NONE', *, *, #4491, .T. ) ;
#7125 = EDGE_CURVE ( 'NONE', #7565, #7699, #7917, .T. ) ;
#7126 = EDGE_CURVE ( 'NONE', #5315, #7404, #7926, .T. ) ;
#7127 = DIRECTION ( 'NONE',  ( 0.9974128555601099500, -0.06974590117951177900, 0.01740990614808206700 ) ) ;
#7128 = ADVANCED_FACE ( 'NONE', ( #7837 ), #5610, .T. ) ;
#7129 = VECTOR ( 'NONE', #3627, 39.37007874015748100 ) ;
#7130 = CARTESIAN_POINT ( 'NONE',  ( -18.90171040981601200, 33.70096437619630300, -41.38967602996771700 ) ) ;
#7131 = DIRECTION ( 'NONE',  ( 1.264251560247360100E-012, 1.000000000000000000, -1.993517598846150100E-013 ) ) ;
#7132 = CARTESIAN_POINT ( 'NONE',  ( -17.68609984960569300, 34.92287091732121200, -43.15644208265001000 ) ) ;
#7133 = CARTESIAN_POINT ( 'NONE',  ( -18.26923165331150000, 35.83669525770641700, -44.61196505511986000 ) ) ;
#7134 = ORIENTED_EDGE ( 'NONE', *, *, #5773, .T. ) ;
#7135 = CARTESIAN_POINT ( 'NONE',  ( -18.54344269327106400, 36.68883963849098300, -43.47219917382166400 ) ) ;
#7136 = CARTESIAN_POINT ( 'NONE',  ( -20.18320647280578600, 26.42391719055460800, -40.83243539858492000 ) ) ;
#7137 = CARTESIAN_POINT ( 'NONE',  ( -19.08674977989437200, 36.56898149452492700, -44.61196295335356900 ) ) ;
#7138 = LINE ( 'NONE', #3980, #7129 ) ;
#7139 = ORIENTED_EDGE ( 'NONE', *, *, #2147, .F. ) ;
#7140 = LINE ( 'NONE', #4003, #7242 ) ;
#7141 = EDGE_CURVE ( 'NONE', #7699, #7404, #7819, .T. ) ;
#7142 = CARTESIAN_POINT ( 'NONE',  ( -18.27007010267259100, 35.82882118297391100, -44.61196505511537700 ) ) ;
#7143 = CARTESIAN_POINT ( 'NONE',  ( -19.70899736156022500, 36.56898149450806600, -40.24188421748056000 ) ) ;
#7144 = CARTESIAN_POINT ( 'NONE',  ( -18.27158823067575000, 35.36913142947307900, -44.96271604021379200 ) ) ;
#7145 = EDGE_CURVE ( 'NONE', #7764, #5251, #7724, .T. ) ;
#7146 = ORIENTED_EDGE ( 'NONE', *, *, #5643, .T. ) ;
#7147 = ORIENTED_EDGE ( 'NONE', *, *, #7356, .F. ) ;
#7148 = LINE ( 'NONE', #3648, #7111 ) ;
#7149 = ORIENTED_EDGE ( 'NONE', *, *, #4612, .F. ) ;
#7150 = CARTESIAN_POINT ( 'NONE',  ( -18.28991281778759900, 35.76674697900417500, -44.53341563799252600 ) ) ;
#7151 = APPLICATION_CONTEXT ( 'automotive_design' ) ;
#7152 = VERTEX_POINT ( 'NONE', #499 ) ;
#7153 = CARTESIAN_POINT ( 'NONE',  ( -18.24659895944970600, 35.74722160851870000, -41.38975894433926300 ) ) ;
#7154 = DIRECTION ( 'NONE',  ( -1.000000000000000000, -1.264006638976030000E-012, 2.841279047499280000E-012 ) ) ;
#7155 = EDGE_CURVE ( 'NONE', #7404, #7764, #7683, .T. ) ;
#7156 = CARTESIAN_POINT ( 'NONE',  ( -18.22656448894308000, 35.90038884361972300, -41.38958410616389500 ) ) ;
#7157 = ORIENTED_EDGE ( 'NONE', *, *, #7204, .T. ) ;
#7158 = EDGE_CURVE ( 'NONE', #7536, #7577, #7800, .T. ) ;
#7159 = LINE ( 'NONE', #3528, #7103 ) ;
#7160 = ORIENTED_EDGE ( 'NONE', *, *, #4793, .F. ) ;
#7161 = DIRECTION ( 'NONE',  ( -1.000000000000000000, -0.0000000000000000000, 0.0000000000000000000 ) ) ;
#7162 = DIRECTION ( 'NONE',  ( -3.030255784859252200E-012, 0.0000000000000000000, -1.000000000000000000 ) ) ;
#7163 = ORIENTED_EDGE ( 'NONE', *, *, #7206, .T. ) ;
#7164 = CARTESIAN_POINT ( 'NONE',  ( -19.08674977989523900, 34.82094999844449000, -40.55290783953070400 ) ) ;
#7165 = CARTESIAN_POINT ( 'NONE',  ( -18.54344269327106400, 34.45480826616126500, -43.46857138996829700 ) ) ;
#7166 = ORIENTED_EDGE ( 'NONE', *, *, #2679, .T. ) ;
#7167 = CARTESIAN_POINT ( 'NONE',  ( -17.68788587870821200, 34.98037864392150500, -43.18026883031528500 ) ) ;
#7168 = CYLINDRICAL_SURFACE ( 'NONE', #4533, 0.1023622047244069200 ) ;
#7169 = CARTESIAN_POINT ( 'NONE',  ( -18.24369705721465700, 34.59633074590579600, -41.54721393478028100 ) ) ;
#7170 = DIRECTION ( 'NONE',  ( -0.9998476951563627400, -0.01745240643891090100, -0.0000000000000000000 ) ) ;
#7171 = CARTESIAN_POINT ( 'NONE',  ( -18.22590773005590500, 36.39275347672315100, -44.55654690203229500 ) ) ;
#7172 = CARTESIAN_POINT ( 'NONE',  ( -20.12441914996208300, 35.09949018653878000, -39.77279398064478500 ) ) ;
#7173 = VECTOR ( 'NONE', #626, 39.37007874015748100 ) ;
#7174 = EDGE_CURVE ( 'NONE', #7744, #5413, #7714, .T. ) ;
#7175 = EDGE_CURVE ( 'NONE', #7764, #7744, #7606, .T. ) ;
#7176 = DIRECTION ( 'NONE',  ( -0.0000000000000000000, 0.0000000000000000000, -1.000000000000000000 ) ) ;
#7177 = EDGE_LOOP ( 'NONE', ( #6042, #6924, #7042, #7139 ) ) ;
#7178 = VERTEX_POINT ( 'NONE', #7984 ) ;
#7179 = CARTESIAN_POINT ( 'NONE',  ( -17.68937467485637800, 35.18315472285326000, -41.95251413874485300 ) ) ;
#7180 = ADVANCED_FACE ( 'NONE', ( #7594 ), #9354, .T. ) ;
#7181 = LINE ( 'NONE', #5022, #7173 ) ;
#7182 = DIRECTION ( 'NONE',  ( -0.9975262508968073500, -0.06975383055372774700, -0.008705279710709442500 ) ) ;
#7183 = AXIS2_PLACEMENT_3D ( 'NONE', #8058, #2040, #2777 ) ;
#7184 = ORIENTED_EDGE ( 'NONE', *, *, #1278, .T. ) ;
#7185 = EDGE_CURVE ( 'NONE', #7744, #5853, #7574, .T. ) ;
#7186 = ORIENTED_EDGE ( 'NONE', *, *, #7914, .F. ) ;
#7187 = ORIENTED_EDGE ( 'NONE', *, *, #7249, .T. ) ;
#7188 = EDGE_CURVE ( 'NONE', #5785, #5589, #7474, .T. ) ;
#7189 = FACE_OUTER_BOUND ( 'NONE', #648, .T. ) ;
#7190 = DIRECTION ( 'NONE',  ( 1.000000000000000000, 0.0000000000000000000, -0.0000000000000000000 ) ) ;
#7191 = EDGE_CURVE ( 'NONE', #6173, #6028, #7466, .T. ) ;
#7192 = CARTESIAN_POINT ( 'NONE',  ( -18.54344269327106400, 36.68883963849098300, -43.47219917382323500 ) ) ;
#7193 = VECTOR ( 'NONE', #7285, 39.37007874015748100 ) ;
#7194 = VERTEX_POINT ( 'NONE', #4223 ) ;
#7195 = CARTESIAN_POINT ( 'NONE',  ( -18.54344269327106400, 36.65909148326205300, -43.53494081409409900 ) ) ;
#7196 = ORIENTED_EDGE ( 'NONE', *, *, #2454, .F. ) ;
#7197 = EDGE_LOOP ( 'NONE', ( #3525, #5722, #1444, #5840, #7157, #2310 ) ) ;
#7198 = DIRECTION ( 'NONE',  ( -0.9999619230641601000, -0.0000000000000000000, 0.008726535499663082300 ) ) ;
#7199 = CARTESIAN_POINT ( 'NONE',  ( -18.22581165752848200, 34.88797427005941600, -44.05324791124738900 ) ) ;
#7200 = FACE_OUTER_BOUND ( 'NONE', #7324, .T. ) ;
#7201 = FACE_OUTER_BOUND ( 'NONE', #5089, .T. ) ;
#7202 = DIRECTION ( 'NONE',  ( -1.000000000000000000, -1.083082623645810000E-012, 1.289195296225029900E-012 ) ) ;
#7203 = CARTESIAN_POINT ( 'NONE',  ( -17.68882282692033300, 35.01969817321058500, -43.19216401580280300 ) ) ;
#7204 = EDGE_CURVE ( 'NONE', #5982, #5917, #7459, .T. ) ;
#7205 = CARTESIAN_POINT ( 'NONE',  ( -19.08725445498496100, 34.67023389740185000, -44.61408278857676600 ) ) ;
#7206 = EDGE_CURVE ( 'NONE', #8384, #2845, #7429, .T. ) ;
#7207 = DIRECTION ( 'NONE',  ( -0.0000000000000000000, -0.0000000000000000000, 1.000000000000000000 ) ) ;
#7208 = CARTESIAN_POINT ( 'NONE',  ( -20.12403041421817900, 34.89166314496716100, -39.81733868481971700 ) ) ;
#7209 = EDGE_CURVE ( 'NONE', #5740, #6002, #7319, .T. ) ;
#7210 = VERTEX_POINT ( 'NONE', #565 ) ;
#7211 = ORIENTED_EDGE ( 'NONE', *, *, #7310, .F. ) ;
#7212 = CYLINDRICAL_SURFACE ( 'NONE', #4544, 3.645669291338583300 ) ;
#7213 = LINE ( 'NONE', #6506, #7193 ) ;
#7214 = CARTESIAN_POINT ( 'NONE',  ( -17.68937467485640300, 35.20368273259708000, -41.95251413874486700 ) ) ;
#7215 = ORIENTED_EDGE ( 'NONE', *, *, #1529, .T. ) ;
#7216 = EDGE_LOOP ( 'NONE', ( #7286, #7355, #7305, #6266 ) ) ;
#7217 = EDGE_CURVE ( 'NONE', #5767, #5809, #7311, .T. ) ;
#7218 = EDGE_CURVE ( 'NONE', #7717, #6070, #7213, .T. ) ;
#7219 = CARTESIAN_POINT ( 'NONE',  ( -20.18320647280272000, 36.68771366650090500, -42.58243539644212900 ) ) ;
#7220 = VECTOR ( 'NONE', #4581, 39.37007874015748100 ) ;
#7221 = LINE ( 'NONE', #3523, #7064 ) ;
#7222 = CARTESIAN_POINT ( 'NONE',  ( -19.70899736156020100, 36.56898149450806600, -40.63164799701023400 ) ) ;
#7223 = DIRECTION ( 'NONE',  ( 0.0000000000000000000, 0.0000000000000000000, -1.000000000000000000 ) ) ;
#7224 = ORIENTED_EDGE ( 'NONE', *, *, #6953, .T. ) ;
#7225 = ORIENTED_EDGE ( 'NONE', *, *, #5144, .F. ) ;
#7226 = LINE ( 'NONE', #4470, #7220 ) ;
#7227 = CARTESIAN_POINT ( 'NONE',  ( -18.29746654652807800, 34.61631982535025300, -40.34540103109247200 ) ) ;
#7228 = DIRECTION ( 'NONE',  ( 1.000000000000000000, -0.0000000000000000000, 0.0000000000000000000 ) ) ;
#7229 = ADVANCED_FACE ( 'NONE', ( #7201 ), #7094, .T. ) ;
#7230 = CARTESIAN_POINT ( 'NONE',  ( -18.96076552793401900, 43.94239225515708800, -44.41117555178111300 ) ) ;
#7231 = EDGE_CURVE ( 'NONE', #5941, #7717, #7181, .T. ) ;
#7232 = VERTEX_POINT ( 'NONE', #8768 ) ;
#7233 = DIRECTION ( 'NONE',  ( 0.0000000000000000000, 0.0000000000000000000, -1.000000000000000000 ) ) ;
#7234 = ORIENTED_EDGE ( 'NONE', *, *, #7217, .F. ) ;
#7235 = EDGE_CURVE ( 'NONE', #7717, #6022, #7221, .T. ) ;
#7236 = DIRECTION ( 'NONE',  ( 1.281026566875212200E-012, 0.0000000000000000000, 1.000000000000000000 ) ) ;
#7237 = CARTESIAN_POINT ( 'NONE',  ( -17.68978101666083800, 35.08010462068919100, -43.20420949680418900 ) ) ;
#7238 = DIRECTION ( 'NONE',  ( 0.0000000000000000000, -0.0000000000000000000, -1.000000000000000000 ) ) ;
#7239 = CARTESIAN_POINT ( 'NONE',  ( -17.71461946968602400, 36.71858779372264100, -43.46133835927216900 ) ) ;
#7240 = DIRECTION ( 'NONE',  ( 1.000000000000000000, 0.0000000000000000000, 0.0000000000000000000 ) ) ;
#7241 = CARTESIAN_POINT ( 'NONE',  ( -18.22661276094568800, 33.85241180324990000, -41.38958452742686200 ) ) ;
#7242 = VECTOR ( 'NONE', #3994, 39.37007874015748100 ) ;
#7243 = VERTEX_POINT ( 'NONE', #9431 ) ;
#7244 = CARTESIAN_POINT ( 'NONE',  ( -18.27093485364964200, 35.82094999844154200, -44.61196295335315700 ) ) ;
#7245 = ORIENTED_EDGE ( 'NONE', *, *, #4875, .F. ) ;
#7246 = DIRECTION ( 'NONE',  ( -1.000000000000000000, -0.0000000000000000000, 1.552565295730630100E-012 ) ) ;
#7247 = DIRECTION ( 'NONE',  ( 1.000000000000000000, 0.0000000000000000000, -1.134155878637920100E-012 ) ) ;
#7248 = EDGE_CURVE ( 'NONE', #2845, #2820, #7087, .T. ) ;
#7249 = EDGE_CURVE ( 'NONE', #8749, #2820, #2337, .T. ) ;
#7250 = EDGE_CURVE ( 'NONE', #7617, #6037, #6973, .T. ) ;
#7251 = FACE_OUTER_BOUND ( 'NONE', #4769, .T. ) ;
#7252 =( BOUNDED_SURFACE ( )  B_SPLINE_SURFACE ( 3, 3, ( 
 ( #4161, #4206, #4135, #4126 ),
 ( #4111, #4106, #4101, #4093 ),
 ( #4092, #4080, #4073, #4072 ),
 ( #4061, #4059, #4042, #4031 ) ),
 .UNSPECIFIED., .F., .F., .T. ) 
 B_SPLINE_SURFACE_WITH_KNOTS ( ( 4, 4 ),
 ( 4, 4 ),
 ( 0.0000000000000000000, 1.000000000000000000 ),
 ( 0.0000000000000000000, 1.000000000000000000 ),
 .UNSPECIFIED. ) 
 GEOMETRIC_REPRESENTATION_ITEM ( )  RATIONAL_B_SPLINE_SURFACE ( (
 ( 1.000000000000000000, 0.9989954711775753700, 0.9989954711775753700, 1.000000000000000000),
 ( 0.9985841621941565800, 0.9975810556216158100, 0.9975810556216158100, 0.9985841621941565800),
 ( 0.9985841621941565800, 0.9975810556216158100, 0.9975810556216158100, 0.9985841621941565800),
 ( 1.000000000000000000, 0.9989954711775753700, 0.9989954711775753700, 1.000000000000000000) ) ) 
 REPRESENTATION_ITEM ( '' )  SURFACE ( )  );
#7253 = DIRECTION ( 'NONE',  ( -1.000000000000000000, -0.0000000000000000000, 2.841279047498729900E-012 ) ) ;
#7254 = ORIENTED_EDGE ( 'NONE', *, *, #8199, .F. ) ;
#7255 = PLANE ( 'NONE',  #4964 ) ;
#7256 = FACE_OUTER_BOUND ( 'NONE', #7769, .T. ) ;
#7257 = DIRECTION ( 'NONE',  ( 0.0000000000000000000, -0.0000000000000000000, 1.000000000000000000 ) ) ;
#7258 = ORIENTED_EDGE ( 'NONE', *, *, #3495, .F. ) ;
#7259 = VECTOR ( 'NONE', #4604, 39.37007874015748100 ) ;
#7260 = B_SPLINE_CURVE_WITH_KNOTS ( 'NONE', 3,
 ( #4229, #4184, #4174, #4171 ),
 .UNSPECIFIED., .F., .F.,
 ( 4, 4 ),
 ( 0.0000000000000000000, 1.000000000000000000 ),
 .UNSPECIFIED. ) ;
#7261 = AXIS2_PLACEMENT_3D ( 'NONE', #4910, #1311, #6485 ) ;
#7262 = EDGE_CURVE ( 'NONE', #6391, #7861, #7058, .T. ) ;
#7263 = ORIENTED_EDGE ( 'NONE', *, *, #7070, .T. ) ;
#7264 = EDGE_CURVE ( 'NONE', #6341, #7701, #6948, .T. ) ;
#7265 = EDGE_CURVE ( 'NONE', #3504, #3556, #7076, .T. ) ;
#7266 = CARTESIAN_POINT ( 'NONE',  ( -18.27093485364834900, 34.79732795119730300, -44.61196295326259800 ) ) ;
#7267 = LINE ( 'NONE', #4638, #7317 ) ;
#7268 = EDGE_LOOP ( 'NONE', ( #1830, #3130, #3260, #3434 ) ) ;
#7269 = CARTESIAN_POINT ( 'NONE',  ( -19.70899736156020100, 35.84457204568146000, -40.63164799700984300 ) ) ;
#7270 = LINE ( 'NONE', #4618, #7259 ) ;
#7271 = CARTESIAN_POINT ( 'NONE',  ( -18.22522665000413200, 35.08144604606073400, -41.00312433790917800 ) ) ;
#7272 = CARTESIAN_POINT ( 'NONE',  ( -17.64844959570369900, 33.65528093473625400, -42.87669796840900500 ) ) ;
#7273 = CARTESIAN_POINT ( 'NONE',  ( -18.69666226734315000, 36.66740669136515900, -44.52141177225197300 ) ) ;
#7274 = ORIENTED_EDGE ( 'NONE', *, *, #8223, .F. ) ;
#7275 = ORIENTED_EDGE ( 'NONE', *, *, #4862, .T. ) ;
#7276 = EDGE_CURVE ( 'NONE', #8597, #2859, #2308, .T. ) ;
#7277 = FACE_OUTER_BOUND ( 'NONE', #8758, .T. ) ;
#7278 = ORIENTED_EDGE ( 'NONE', *, *, #2220, .F. ) ;
#7279 = CARTESIAN_POINT ( 'NONE',  ( -18.24369720413508500, 35.76997868952677400, -43.77513717178011600 ) ) ;
#7280 = CARTESIAN_POINT ( 'NONE',  ( -18.27720357974567400, 35.62229579744198600, -44.61196295334649200 ) ) ;
#7281 = CARTESIAN_POINT ( 'NONE',  ( -18.27007025797936300, 34.80519771350174100, -44.61196504274538200 ) ) ;
#7282 = EDGE_CURVE ( 'NONE', #2859, #2760, #6845, .T. ) ;
#7283 = ADVANCED_FACE ( 'NONE', ( #794 ), #5117, .T. ) ;
#7284 = VERTEX_POINT ( 'NONE', #3582 ) ;
#7285 = DIRECTION ( 'NONE',  ( 1.000000000000000000, 0.0000000000000000000, -2.841279047498729900E-012 ) ) ;
#7286 = ORIENTED_EDGE ( 'NONE', *, *, #4904, .T. ) ;
#7287 = CIRCLE ( 'NONE', #4627, 10.62992125984252600 ) ;
#7288 = CARTESIAN_POINT ( 'NONE',  ( -18.22560899020689000, 35.91559136059899500, -43.77529502523177700 ) ) ;
#7289 = CARTESIAN_POINT ( 'NONE',  ( -18.26923179611725000, 34.81307181647421300, -44.61196504377164000 ) ) ;
#7290 = CARTESIAN_POINT ( 'NONE',  ( -19.70899736156020100, 35.84457204568146000, -40.63164799700984300 ) ) ;
#7291 = EDGE_CURVE ( 'NONE', #7861, #7701, #6838, .T. ) ;
#7292 = EDGE_CURVE ( 'NONE', #6265, #7820, #678, .T. ) ;
#7293 = ORIENTED_EDGE ( 'NONE', *, *, #4889, .T. ) ;
#7294 = VERTEX_POINT ( 'NONE', #9300 ) ;
#7295 = CIRCLE ( 'NONE', #618, 10.62992125984252600 ) ;
#7296 = CARTESIAN_POINT ( 'NONE',  ( -18.27399836242481300, 34.76960992239141700, -40.55288565458261700 ) ) ;
#7297 = CARTESIAN_POINT ( 'NONE',  ( -18.28640760695251900, 34.52173740001359900, -40.34540137535142200 ) ) ;
#7298 = PLANE ( 'NONE',  #3612 ) ;
#7299 = CARTESIAN_POINT ( 'NONE',  ( -18.28991281778759900, 34.61631982535023900, -40.55290783953100200 ) ) ;
#7300 = VECTOR ( 'NONE', #9404, 39.37007874015748100 ) ;
#7301 = CARTESIAN_POINT ( 'NONE',  ( -18.26841952440663500, 34.52173740002376000, -44.61196295335345500 ) ) ;
#7302 = CARTESIAN_POINT ( 'NONE',  ( -18.24673956536824100, 33.69890275434673300, -41.49164605881670600 ) ) ;
#7303 = CARTESIAN_POINT ( 'NONE',  ( -17.69002591886132000, 35.10047968300489200, -43.20725140505868500 ) ) ;
#7304 = CARTESIAN_POINT ( 'NONE',  ( -18.28991281778759500, 34.44890275435055600, -41.69851192891471200 ) ) ;
#7305 = ORIENTED_EDGE ( 'NONE', *, *, #4934, .F. ) ;
#7306 = CARTESIAN_POINT ( 'NONE',  ( -18.73186784631988300, 34.61908783719968600, -44.61196295335354000 ) ) ;
#7307 = CARTESIAN_POINT ( 'NONE',  ( -20.06903324446067000, 35.58079251813381900, -45.04109681162125900 ) ) ;
#7308 = ORIENTED_EDGE ( 'NONE', *, *, #7276, .F. ) ;
#7309 = EDGE_CURVE ( 'NONE', #7701, #7820, #6857, .T. ) ;
#7310 = EDGE_CURVE ( 'NONE', #7820, #5434, #6734, .T. ) ;
#7311 = LINE ( 'NONE', #599, #7350 ) ;
#7312 = DIRECTION ( 'NONE',  ( 3.091802488614756900E-015, -1.000000000000000000, 3.542854737521613000E-013 ) ) ;
#7313 = CARTESIAN_POINT ( 'NONE',  ( -20.18320647280339800, 33.67859577921107200, -44.33243539429597700 ) ) ;
#7314 = CARTESIAN_POINT ( 'NONE',  ( -18.44501749642779500, 34.61908783719968600, -43.77338027620526600 ) ) ;
#7315 = ORIENTED_EDGE ( 'NONE', *, *, #582, .F. ) ;
#7316 = ORIENTED_EDGE ( 'NONE', *, *, #6417, .T. ) ;
#7317 = VECTOR ( 'NONE', #4636, 39.37007874015748100 ) ;
#7318 = CARTESIAN_POINT ( 'NONE',  ( -18.27665018930198600, 34.82094999844446900, -40.44908337814899100 ) ) ;
#7319 = LINE ( 'NONE', #8743, #7300 ) ;
#7320 = EDGE_CURVE ( 'NONE', #8909, #2826, #6723, .T. ) ;
#7321 = EDGE_CURVE ( 'NONE', #6449, #7897, #6713, .T. ) ;
#7322 = VERTEX_POINT ( 'NONE', #9334 ) ;
#7323 = EDGE_CURVE ( 'NONE', #2760, #2826, #6572, .T. ) ;
#7324 = EDGE_LOOP ( 'NONE', ( #6524, #6574, #6609, #6672 ) ) ;
#7325 = EDGE_CURVE ( 'NONE', #3744, #7897, #6603, .T. ) ;
#7326 = CIRCLE ( 'NONE', #4615, 3.645669291338583300 ) ;
#7327 = VECTOR ( 'NONE', #7253, 39.37007874015748100 ) ;
#7328 = CARTESIAN_POINT ( 'NONE',  ( -18.30987327694108300, 34.61908783719975700, -44.92984646914016600 ) ) ;
#7329 = DIRECTION ( 'NONE',  ( -1.000000000000000000, 0.0000000000000000000, -1.552565295730630100E-012 ) ) ;
#7330 = ADVANCED_FACE ( 'NONE', ( #6582 ), #2704, .F. ) ;
#7331 = VERTEX_POINT ( 'NONE', #7995 ) ;
#7332 = DIRECTION ( 'NONE',  ( 1.000000000000000000, -0.0000000000000000000, 0.0000000000000000000 ) ) ;
#7333 = ORIENTED_EDGE ( 'NONE', *, *, #4845, .F. ) ;
#7334 = CARTESIAN_POINT ( 'NONE',  ( -18.27093485364964200, 35.82094999844154200, -44.61196295335315700 ) ) ;
#7335 = CARTESIAN_POINT ( 'NONE',  ( -17.69043858776897000, 35.18315472285327400, -43.21235665842989700 ) ) ;
#7336 = EDGE_CURVE ( 'NONE', #8675, #2687, #2286, .T. ) ;
#7337 = CARTESIAN_POINT ( 'NONE',  ( -18.27289019900328500, 35.80316312542961300, -44.61197369460207100 ) ) ;
#7338 = EDGE_CURVE ( 'NONE', #6440, #7878, #6692, .T. ) ;
#7339 = CIRCLE ( 'NONE', #4658, 10.61135995809291400 ) ;
#7340 = DIRECTION ( 'NONE',  ( 0.0000000000000000000, 1.000000000000000000, 0.0000000000000000000 ) ) ;
#7342 = CARTESIAN_POINT ( 'NONE',  ( -18.21648303307816600, 34.15953267562086600, -44.15742403594449400 ) ) ;
#7341 = VECTOR ( 'NONE', #3496, 39.37007874015748100 ) ;
#7343 = EDGE_CURVE ( 'NONE', #2826, #2687, #6482, .T. ) ;
#7344 = ORIENTED_EDGE ( 'NONE', *, *, #5050, .T. ) ;
#7345 = ORIENTED_EDGE ( 'NONE', *, *, #7822, .F. ) ;
#7346 = DIRECTION ( 'NONE',  ( -0.06975647374538659900, 0.9975640502597360500, -6.685417403027073200E-016 ) ) ;
#7347 = CARTESIAN_POINT ( 'NONE',  ( -18.21667122637542100, 36.06119061697417300, -43.77537302391513000 ) ) ;
#7348 = DIRECTION ( 'NONE',  ( 0.9975640502597361600, 0.06975647374538644600, 0.0000000000000000000 ) ) ;
#7349 = FACE_OUTER_BOUND ( 'NONE', #2702, .T. ) ;
#7350 = VECTOR ( 'NONE', #1328, 39.37007874015748100 ) ;
#7351 = EDGE_CURVE ( 'NONE', #7897, #7878, #6493, .T. ) ;
#7352 = EDGE_LOOP ( 'NONE', ( #5697, #7589, #7778, #6250 ) ) ;
#7353 = EDGE_CURVE ( 'NONE', #2687, #2958, #2283, .T. ) ;
#7354 = DIRECTION ( 'NONE',  ( 1.000000000000000000, 0.0000000000000000000, -0.0000000000000000000 ) ) ;
#7355 = ORIENTED_EDGE ( 'NONE', *, *, #4918, .F. ) ;
#7356 = EDGE_CURVE ( 'NONE', #6430, #7921, #6376, .T. ) ;
#7357 = CARTESIAN_POINT ( 'NONE',  ( -18.28991281778759900, 35.62318451395945800, -41.49126929155117700 ) ) ;
#7358 = DIRECTION ( 'NONE',  ( -1.000000000000000000, -1.264251560247140000E-012, 1.134155878638480100E-012 ) ) ;
#7359 = VECTOR ( 'NONE', #5291, 39.37007874015748100 ) ;
#7360 = CARTESIAN_POINT ( 'NONE',  ( -18.24673970650834700, 33.69890275435333400, -41.38976017261980900 ) ) ;
#7361 = VERTEX_POINT ( 'NONE', #607 ) ;
#7362 = ORIENTED_EDGE ( 'NONE', *, *, #894, .F. ) ;
#7363 = DIRECTION ( 'NONE',  ( -0.0000000000000000000, -1.000000000000000000, 0.0000000000000000000 ) ) ;
#7364 = CARTESIAN_POINT ( 'NONE',  ( -18.28991281778760900, 34.59956246670957100, -40.55290783953110200 ) ) ;
#7365 = B_SPLINE_CURVE_WITH_KNOTS ( 'NONE', 3,
 ( #4336, #4342, #4310, #4299 ),
 .UNSPECIFIED., .F., .F.,
 ( 4, 4 ),
 ( 0.0000000000000000000, 1.000000000000000000 ),
 .UNSPECIFIED. ) ;
#7366 = FACE_OUTER_BOUND ( 'NONE', #5547, .T. ) ;
#7367 = EDGE_CURVE ( 'NONE', #8095, #2958, #2225, .T. ) ;
#7368 = CARTESIAN_POINT ( 'NONE',  ( -18.27720357979148600, 35.76763569550227100, -44.61196295335628300 ) ) ;
#7369 = EDGE_CURVE ( 'NONE', #7878, #7921, #6346, .T. ) ;
#7370 = CARTESIAN_POINT ( 'NONE',  ( -18.22428152748816600, 35.08145337716850100, -41.02989089482007000 ) ) ;
#7371 = CARTESIAN_POINT ( 'NONE',  ( -18.27497985430113300, 35.78539101132197000, -44.61197369457539000 ) ) ;
#7372 = ORIENTED_EDGE ( 'NONE', *, *, #6199, .F. ) ;
#7373 = ORIENTED_EDGE ( 'NONE', *, *, #7622, .F. ) ;
#7374 = DIRECTION ( 'NONE',  ( 2.613222830118091900E-015, -1.497114356561256300E-013, -1.000000000000000000 ) ) ;
#7375 = CARTESIAN_POINT ( 'NONE',  ( -18.24547540549594200, 33.70865916057920200, -43.76822525330549500 ) ) ;
#7376 = DIRECTION ( 'NONE',  ( 0.06975647374286417200, -0.9975640502599124600, 6.284099954176927900E-013 ) ) ;
#7377 = DIRECTION ( 'NONE',  ( -0.0000000000000000000, 0.0000000000000000000, -1.000000000000000000 ) ) ;
#7378 = VECTOR ( 'NONE', #5467, 39.37007874015748100 ) ;
#7379 = DIRECTION ( 'NONE',  ( -0.9975640502599124600, -0.06975647374286454700, 0.0000000000000000000 ) ) ;
#7380 = B_SPLINE_CURVE_WITH_KNOTS ( 'NONE', 3,
 ( #4396, #4402, #4369, #4357 ),
 .UNSPECIFIED., .F., .F.,
 ( 4, 4 ),
 ( 1.999172283869599900E-015, 0.02127248946910179100 ),
 .UNSPECIFIED. ) ;
#7381 = CARTESIAN_POINT ( 'NONE',  ( -18.67884231677200900, 35.74998962036165300, -44.61196295335314900 ) ) ;
#7382 = AXIS2_PLACEMENT_3D ( 'NONE', #7230, #8725, #4238 ) ;
#7383 = VERTEX_POINT ( 'NONE', #5746 ) ;
#7384 = EDGE_CURVE ( 'NONE', #2958, #2918, #6245, .T. ) ;
#7385 = CARTESIAN_POINT ( 'NONE',  ( -18.22500494554629600, 35.08079602249929300, -41.00976234188964000 ) ) ;
#7386 = EDGE_CURVE ( 'NONE', #7991, #6348, #6326, .T. ) ;
#7387 = ADVANCED_FACE ( 'NONE', ( #6136 ), #8111, .T. ) ;
#7388 = EDGE_CURVE ( 'NONE', #7921, #7991, #6126, .T. ) ;
#7389 = EDGE_CURVE ( 'NONE', #7934, #6471, #6254, .T. ) ;
#7390 = FACE_OUTER_BOUND ( 'NONE', #7005, .T. ) ;
#7391 = ORIENTED_EDGE ( 'NONE', *, *, #5159, .F. ) ;
#7392 = CARTESIAN_POINT ( 'NONE',  ( -18.29797068255851000, 34.72252480158828500, -40.34540101537469800 ) ) ;
#7393 = ORIENTED_EDGE ( 'NONE', *, *, #6839, .T. ) ;
#7394 = DIRECTION ( 'NONE',  ( -0.06975647374286454700, 0.9975640502599124600, -3.970637562935392400E-013 ) ) ;
#7395 = CARTESIAN_POINT ( 'NONE',  ( -18.28991281778759900, 35.78157991970243800, -41.54761725361297000 ) ) ;
#7396 = CARTESIAN_POINT ( 'NONE',  ( -18.28991281778543200, 34.59956246670771700, -40.63145515489173900 ) ) ;
#7397 = ORIENTED_EDGE ( 'NONE', *, *, #6807, .F. ) ;
#7398 = LINE ( 'NONE', #5457, #7408 ) ;
#7399 = ORIENTED_EDGE ( 'NONE', *, *, #5190, .F. ) ;
#7400 = EDGE_CURVE ( 'NONE', #7991, #7934, #6214, .T. ) ;
#7401 = EDGE_CURVE ( 'NONE', #7803, #7861, #6115, .T. ) ;
#7402 = CARTESIAN_POINT ( 'NONE',  ( -17.71465293941996300, 33.65528093473621900, -44.33243539429685100 ) ) ;
#7403 = EDGE_CURVE ( 'NONE', #7031, #7976, #6019, .T. ) ;
#7404 = VERTEX_POINT ( 'NONE', #665 ) ;
#7405 = CARTESIAN_POINT ( 'NONE',  ( -18.28991281778543900, 34.74312493175802500, -43.77473385422960900 ) ) ;
#7406 = CARTESIAN_POINT ( 'NONE',  ( -18.21667122637560600, 36.20677677045355100, -43.77537302391515100 ) ) ;
#7407 = ORIENTED_EDGE ( 'NONE', *, *, #5215, .F. ) ;
#7408 = VECTOR ( 'NONE', #5444, 39.37007874015748100 ) ;
#7409 = PLANE ( 'NONE',  #4990 ) ;
#7410 = ORIENTED_EDGE ( 'NONE', *, *, #7552, .F. ) ;
#7411 = DIRECTION ( 'NONE',  ( 3.030255784859252200E-012, 0.0000000000000000000, -1.000000000000000000 ) ) ;
#7412 = CARTESIAN_POINT ( 'NONE',  ( -18.21667103973555200, 36.20677677010882400, -44.14838027618858300 ) ) ;
#7413 = ORIENTED_EDGE ( 'NONE', *, *, #5033, .T. ) ;
#7414 = EDGE_CURVE ( 'NONE', #7934, #7976, #5997, .T. ) ;
#7415 = EDGE_CURVE ( 'NONE', #7976, #8028, #5968, .T. ) ;
#7416 = ORIENTED_EDGE ( 'NONE', *, *, #5218, .F. ) ;
#7417 = PLANE ( 'NONE',  #9481 ) ;
#7418 = EDGE_CURVE ( 'NONE', #6977, #8028, #5977, .T. ) ;
#7419 = FACE_OUTER_BOUND ( 'NONE', #1628, .T. ) ;
#7420 = CARTESIAN_POINT ( 'NONE',  ( -17.69043858776895200, 35.16254436984287700, -43.21235665842991100 ) ) ;
#7421 = VECTOR ( 'NONE', #5708, 39.37007874015748100 ) ;
#7422 = CARTESIAN_POINT ( 'NONE',  ( -20.18320647280272000, 35.80913897482661700, -42.58243539644212900 ) ) ;
#7423 = ORIENTED_EDGE ( 'NONE', *, *, #7057, .T. ) ;
#7424 = ORIENTED_EDGE ( 'NONE', *, *, #7276, .T. ) ;
#7425 = VECTOR ( 'NONE', #5616, 39.37007874015748100 ) ;
#7426 = DIRECTION ( 'NONE',  ( -1.000000000000000000, 1.264420666934208900E-012, 0.0000000000000000000 ) ) ;
#7427 = DIRECTION ( 'NONE',  ( -2.841279047498729900E-012, 1.993517598874520100E-013, 1.000000000000000000 ) ) ;
#7428 = EDGE_CURVE ( 'NONE', #6840, #7178, #5895, .T. ) ;
#7429 = LINE ( 'NONE', #2762, #7341 ) ;
#7430 = EDGE_CURVE ( 'NONE', #7559, #7243, #5878, .T. ) ;
#7431 = ORIENTED_EDGE ( 'NONE', *, *, #6825, .F. ) ;
#7432 = DIRECTION ( 'NONE',  ( 0.0000000000000000000, 0.8516583167045623800, 0.5240974256643045100 ) ) ;
#7433 = ORIENTED_EDGE ( 'NONE', *, *, #7248, .F. ) ;
#7434 = DIRECTION ( 'NONE',  ( 0.0000000000000000000, 0.0000000000000000000, 1.000000000000000000 ) ) ;
#7435 = VERTEX_POINT ( 'NONE', #8206 ) ;
#7436 = LINE ( 'NONE', #5645, #7425 ) ;
#7437 = B_SPLINE_CURVE_WITH_KNOTS ( 'NONE', 3,
 ( #5092, #5060, #5016, #5009, #4995, #4992, #4982, #4976, #8666, #4973, #4963, #4951, #4942, #4932, #4931, #4916, #4912, #4899, #4898, #4887, #4878, #4876, #4868, #4856, #4846, #4844, #4837, #4834, #4812, #4802, #4800, #4790 ),
 .UNSPECIFIED., .F., .F.,
 ( 4, 2, 2, 2, 2, 2, 2, 2, 2, 2, 2, 2, 2, 2, 2, 4 ),
 ( 0.006286364475107034500, 0.006794672512142657100, 0.007302980549178279800, 0.008319596623249523500, 0.008827904660285145300, 0.009336212697320767100, 0.009844520734356388900, 0.01035282877139201100, 0.01086113680842763400, 0.01136944484546325400, 0.01187775288249887600, 0.01238606091953449800, 0.01289436895657012000, 0.01340267699360574200, 0.01391098503064136200, 0.01441929306767698400 ),
 .UNSPECIFIED. ) ;
#7438 = ADVANCED_FACE ( 'NONE', ( #5765, #5856 ), #5879, .T. ) ;
#7439 = CARTESIAN_POINT ( 'NONE',  ( -18.25057211498599200, 35.68091126603193400, -41.01810124474921800 ) ) ;
#7440 = B_SPLINE_CURVE_WITH_KNOTS ( 'NONE', 3,
 ( #4531, #4552, #4573, #4511 ),
 .UNSPECIFIED., .F., .F.,
 ( 4, 4 ),
 ( 0.01170252219536412200, 0.02279480225468914800 ),
 .UNSPECIFIED. ) ;
#7441 = CARTESIAN_POINT ( 'NONE',  ( -19.08674977989307600, 34.82094999845106300, -44.53322279587441600 ) ) ;
#7442 = VECTOR ( 'NONE', #2727, 39.37007874015748100 ) ;
#7443 = DIRECTION ( 'NONE',  ( 1.454865855989699900E-012, -1.000000000000000000, -4.133679873545697400E-024 ) ) ;
#7444 = CARTESIAN_POINT ( 'NONE',  ( -19.12218285076161800, 36.75795787246193000, -44.37771098484724800 ) ) ;
#7445 = CARTESIAN_POINT ( 'NONE',  ( -18.22739499834435900, 34.15953267562083100, -44.25074248091257800 ) ) ;
#7446 = DIRECTION ( 'NONE',  ( -7.522919855711480500E-014, 1.000000000000000000, -0.0000000000000000000 ) ) ;
#7447 = CARTESIAN_POINT ( 'NONE',  ( -21.75997812620315500, 34.15953267596610500, -42.57259287528386000 ) ) ;
#7448 = ORIENTED_EDGE ( 'NONE', *, *, #646, .F. ) ;
#7449 = EDGE_CURVE ( 'NONE', #7435, #7471, #5742, .T. ) ;
#7450 = ORIENTED_EDGE ( 'NONE', *, *, #1443, .F. ) ;
#7451 = ORIENTED_EDGE ( 'NONE', *, *, #6998, .F. ) ;
#7452 = EDGE_CURVE ( 'NONE', #2969, #8374, #5781, .T. ) ;
#7453 = EDGE_CURVE ( 'NONE', #2639, #3004, #5737, .T. ) ;
#7454 = FACE_OUTER_BOUND ( 'NONE', #3103, .T. ) ;
#7455 = B_SPLINE_CURVE_WITH_KNOTS ( 'NONE', 3,
 ( #5435, #5424, #5409, #5402 ),
 .UNSPECIFIED., .F., .F.,
 ( 4, 4 ),
 ( 0.01167402943777246500, 0.02302921066365476400 ),
 .UNSPECIFIED. ) ;
#7456 = CARTESIAN_POINT ( 'NONE',  ( -18.19304899248169200, 36.21661928978307500, -42.58243539858897700 ) ) ;
#7457 = CARTESIAN_POINT ( 'NONE',  ( -19.08674977989307600, 34.82094999845106300, -44.61196295335337700 ) ) ;
#7458 = FACE_OUTER_BOUND ( 'NONE', #5316, .T. ) ;
#7459 = LINE ( 'NONE', #3469, #7327 ) ;
#7460 = CARTESIAN_POINT ( 'NONE',  ( -18.22016794196437300, 35.17647080321265200, -41.11885272142053800 ) ) ;
#7461 = ORIENTED_EDGE ( 'NONE', *, *, #2089, .F. ) ;
#7462 = ORIENTED_EDGE ( 'NONE', *, *, #3573, .F. ) ;
#7463 = CARTESIAN_POINT ( 'NONE',  ( -18.27021988248842600, 35.02557580348149500, -44.96286993381220000 ) ) ;
#7464 = CARTESIAN_POINT ( 'NONE',  ( -18.22716239814745600, 35.23442904574154300, -44.23722715796678500 ) ) ;
#7465 = LINE ( 'NONE', #5336, #7378 ) ;
#7466 = LINE ( 'NONE', #4958, #7421 ) ;
#7467 = EDGE_CURVE ( 'NONE', #2988, #3076, #5663, .T. ) ;
#7468 = EDGE_CURVE ( 'NONE', #8634, #3053, #2167, .T. ) ;
#7469 = CARTESIAN_POINT ( 'NONE',  ( -18.22739499834504800, 34.16624276270202600, -44.25074248091257800 ) ) ;
#7470 = CARTESIAN_POINT ( 'NONE',  ( -18.54344269327106100, 36.65165865986202200, -43.46857138996875800 ) ) ;
#7471 = VERTEX_POINT ( 'NONE', #799 ) ;
#7472 = EDGE_LOOP ( 'NONE', ( #214, #2778, #5208, #1115, #4998, #6632, #1966, #7496 ) ) ;
#7473 = LINE ( 'NONE', #5799, #7500 ) ;
#7474 = LINE ( 'NONE', #3438, #7442 ) ;
#7475 = DIRECTION ( 'NONE',  ( 1.000000000000000000, 0.0000000000000000000, -2.653479358379120200E-013 ) ) ;
#7476 = EDGE_LOOP ( 'NONE', ( #807, #809, #915, #264 ) ) ;
#7477 = CARTESIAN_POINT ( 'NONE',  ( -18.22738463918383200, 34.17287994750538600, -44.25008899486028500 ) ) ;
#7478 = ORIENTED_EDGE ( 'NONE', *, *, #5259, .F. ) ;
#7479 = EDGE_CURVE ( 'NONE', #3053, #3010, #2157, .T. ) ;
#7480 = CARTESIAN_POINT ( 'NONE',  ( -18.22734192991746100, 34.18600964078254400, -44.24748518745146700 ) ) ;
#7481 = EDGE_CURVE ( 'NONE', #3111, #3043, #5635, .T. ) ;
#7482 = PLANE ( 'NONE',  #1641 ) ;
#7483 = CARTESIAN_POINT ( 'NONE',  ( -19.09650671245283600, 36.71858779372264100, -43.47219917382323500 ) ) ;
#7484 = EDGE_CURVE ( 'NONE', #918, #7932, #5554, .T. ) ;
#7485 = CIRCLE ( 'NONE', #4720, 10.59999348141387400 ) ;
#7486 = ORIENTED_EDGE ( 'NONE', *, *, #7282, .T. ) ;
#7487 = CARTESIAN_POINT ( 'NONE',  ( -18.22730908539188400, 34.19253301254086400, -44.24550703289892100 ) ) ;
#7488 = VERTEX_POINT ( 'NONE', #3026 ) ;
#7489 = CARTESIAN_POINT ( 'NONE',  ( -18.22453378771639600, 35.08078904173791600, -41.02311163474144700 ) ) ;
#7490 = ADVANCED_FACE ( 'NONE', ( #5614 ), #8970, .F. ) ;
#7491 = DIRECTION ( 'NONE',  ( -0.0000000000000000000, 1.000000000000000000, 0.0000000000000000000 ) ) ;
#7492 = FACE_OUTER_BOUND ( 'NONE', #4292, .T. ) ;
#7493 = EDGE_CURVE ( 'NONE', #2851, #5405, #2132, .T. ) ;
#7494 = EDGE_CURVE ( 'NONE', #2891, #5745, #5429, .T. ) ;
#7495 = EDGE_CURVE ( 'NONE', #6978, #980, #5512, .T. ) ;
#7496 = ORIENTED_EDGE ( 'NONE', *, *, #2043, .T. ) ;
#7497 = ORIENTED_EDGE ( 'NONE', *, *, #7554, .F. ) ;
#7498 = CARTESIAN_POINT ( 'NONE',  ( -18.22721962751320400, 34.20487414856032200, -44.24039538330464400 ) ) ;
#7499 = CARTESIAN_POINT ( 'NONE',  ( -18.90171040982366400, 33.69465101347503800, -44.33243539429874900 ) ) ;
#7500 = VECTOR ( 'NONE', #5726, 39.37007874015748100 ) ;
#7501 =( BOUNDED_CURVE ( )  B_SPLINE_CURVE ( 3, ( #3871, #6127, #4681, #3733 ),
 .UNSPECIFIED., .F., .F. ) 
 B_SPLINE_CURVE_WITH_KNOTS ( ( 4, 4 ),
 ( 6.024426902388185600, 6.214896950594024400 ),
 .UNSPECIFIED. ) 
 CURVE ( )  GEOMETRIC_REPRESENTATION_ITEM ( )  RATIONAL_B_SPLINE_CURVE ( ( 1.000000000000000000, 0.9969790476939036600, 0.9969790476939036600, 1.000000000000000000 ) ) 
 REPRESENTATION_ITEM ( '' )  );
#7502 = VERTEX_POINT ( 'NONE', #5286 ) ;
#7503 = DIRECTION ( 'NONE',  ( -4.344053256632233900E-015, -2.488706444072842000E-013, -1.000000000000000000 ) ) ;
#7504 = DIRECTION ( 'NONE',  ( 2.653479358379120200E-013, -5.152908823220420200E-024, 1.000000000000000000 ) ) ;
#7505 = CARTESIAN_POINT ( 'NONE',  ( -18.28991281778759900, 35.17035938176496000, -44.53341563799252600 ) ) ;
#7506 = EDGE_CURVE ( 'NONE', #8016, #5081, #2121, .T. ) ;
#7507 = FACE_OUTER_BOUND ( 'NONE', #8356, .T. ) ;
#7508 = ORIENTED_EDGE ( 'NONE', *, *, #5317, .T. ) ;
#7509 = CARTESIAN_POINT ( 'NONE',  ( -18.22716293665635900, 34.21076353994398300, -44.23725531291624700 ) ) ;
#7510 = EDGE_CURVE ( 'NONE', #3136, #3241, #5408, .T. ) ;
#7511 = LINE ( 'NONE', #5247, #7359 ) ;
#7512 = CARTESIAN_POINT ( 'NONE',  ( -18.22701878785785800, 34.22196578833178600, -44.22977732803854400 ) ) ;
#7513 = ADVANCED_FACE ( 'NONE', ( #5381 ), #4633, .T. ) ;
#7514 = B_SPLINE_CURVE_WITH_KNOTS ( 'NONE', 3,
 ( #1824, #3165, #2244, #1763, #1501, #835, #1544, #782, #1287, #1533, #9246, #9191, #9160, #9133, #9100, #9012, #8975, #8959, #8950, #8937, #8783, #8755, #8728, #8505, #8453, #8418, #8385, #8349, #8288, #8275 ),
 .UNSPECIFIED., .F., .F.,
 ( 4, 2, 2, 2, 2, 2, 2, 2, 2, 2, 2, 2, 2, 2, 4 ),
 ( 0.01441929306767666600, 0.01492729917794141100, 0.01543530528820615700, 0.01645131750873570300, 0.01695932361900059200, 0.01746732972926548200, 0.01848334194979465000, 0.01899134806005890000, 0.01949935417032315100, 0.02000736028058740200, 0.02051536639085165300, 0.02102337250111590400, 0.02153137861138015500, 0.02203938472164440600, 0.02254739083190865700 ),
 .UNSPECIFIED. ) ;
#7515 = CARTESIAN_POINT ( 'NONE',  ( -18.12382062248799400, 36.63519226348150000, -43.47219917382341200 ) ) ;
#7516 = CARTESIAN_POINT ( 'NONE',  ( -19.09650671245283600, 36.71858779372181700, -44.40330153603136400 ) ) ;
#7517 = ORIENTED_EDGE ( 'NONE', *, *, #1566, .F. ) ;
#7518 = EDGE_LOOP ( 'NONE', ( #2676, #5124, #1071, #4879 ) ) ;
#7519 = CIRCLE ( 'NONE', #4787, 10.61135995801983400 ) ;
#7520 = ORIENTED_EDGE ( 'NONE', *, *, #5332, .T. ) ;
#7521 = CARTESIAN_POINT ( 'NONE',  ( -19.70899736155803300, 34.17528070710976400, -44.53322279587441600 ) ) ;
#7522 = VECTOR ( 'NONE', #5964, 39.37007874015748100 ) ;
#7523 = EDGE_CURVE ( 'NONE', #1319, #3269, #2094, .T. ) ;
#7524 = DIRECTION ( 'NONE',  ( 0.0000000000000000000, -0.0000000000000000000, -1.000000000000000000 ) ) ;
#7525 = CARTESIAN_POINT ( 'NONE',  ( -18.29768877718216300, 35.84457204569831400, -44.92298657540593600 ) ) ;
#7526 = EDGE_CURVE ( 'NONE', #3250, #1272, #5427, .T. ) ;
#7527 = VERTEX_POINT ( 'NONE', #9117 ) ;
#7528 = EDGE_CURVE ( 'NONE', #3206, #3250, #5303, .T. ) ;
#7529 = EDGE_CURVE ( 'NONE', #3206, #111, #5504, .T. ) ;
#7530 = CARTESIAN_POINT ( 'NONE',  ( -20.00866194114878400, 35.18195246389684900, -40.13164799701654300 ) ) ;
#7531 = ORIENTED_EDGE ( 'NONE', *, *, #7145, .F. ) ;
#7532 = FACE_OUTER_BOUND ( 'NONE', #2333, .T. ) ;
#7533 = ORIENTED_EDGE ( 'NONE', *, *, #7853, .F. ) ;
#7534 = CARTESIAN_POINT ( 'NONE',  ( -18.22693219862408000, 34.22718159076932700, -44.22549127333545700 ) ) ;
#7535 = CARTESIAN_POINT ( 'NONE',  ( -18.97454505548055100, 33.79732795118697200, -40.55290783953070400 ) ) ;
#7536 = VERTEX_POINT ( 'NONE', #3211 ) ;
#7537 = EDGE_CURVE ( 'NONE', #3304, #1314, #5265, .T. ) ;
#7538 = VECTOR ( 'NONE', #6381, 39.37007874015748100 ) ;
#7539 = EDGE_CURVE ( 'NONE', #2730, #3333, #5306, .T. ) ;
#7540 = DIRECTION ( 'NONE',  ( 1.000000000000000000, 0.0000000000000000000, 2.841499533867840700E-012 ) ) ;
#7541 = EDGE_CURVE ( 'NONE', #574, #3333, #2044, .T. ) ;
#7542 = ADVANCED_FACE ( 'NONE', ( #5277 ), #5454, .F. ) ;
#7543 = CARTESIAN_POINT ( 'NONE',  ( -17.75398663348346400, 35.18315472285337400, -42.76550626472949500 ) ) ;
#7544 = CARTESIAN_POINT ( 'NONE',  ( -18.22672786005905400, 34.23661350150970200, -44.21606356719934900 ) ) ;
#7545 = CARTESIAN_POINT ( 'NONE',  ( -18.22660858156473700, 34.24090012125466800, -44.21085198220340100 ) ) ;
#7546 = ORIENTED_EDGE ( 'NONE', *, *, #1371, .F. ) ;
#7547 = CARTESIAN_POINT ( 'NONE',  ( -19.38112961815197000, 35.54535944726082900, -40.63164799700984300 ) ) ;
#7548 = ORIENTED_EDGE ( 'NONE', *, *, #6123, .T. ) ;
#7549 = DIRECTION ( 'NONE',  ( -1.000000000000000000, -0.0000000000000000000, 2.841279047498729900E-012 ) ) ;
#7550 = CIRCLE ( 'NONE', #4832, 10.62992125984252600 ) ;
#7551 = VECTOR ( 'NONE', #1268, 39.37007874015748100 ) ;
#7552 = EDGE_CURVE ( 'NONE', #654, #3406, #1999, .T. ) ;
#7553 = DIRECTION ( 'NONE',  ( 0.0000000000000000000, 0.8516583167044392600, -0.5240974256645046800 ) ) ;
#7554 = EDGE_CURVE ( 'NONE', #3406, #3382, #5155, .T. ) ;
#7555 = CARTESIAN_POINT ( 'NONE',  ( -18.22633312236273500, 34.24838353966399800, -44.19965306839038300 ) ) ;
#7556 = EDGE_LOOP ( 'NONE', ( #6549, #1903, #7372, #7992, #2813, #9003 ) ) ;
#7557 = DIRECTION ( 'NONE',  ( 0.0000000000000000000, -1.000000000000000000, 0.0000000000000000000 ) ) ;
#7558 = DIRECTION ( 'NONE',  ( 2.841477053650007600E-012, 0.0000000000000000000, -1.000000000000000000 ) ) ;
#7559 = VERTEX_POINT ( 'NONE', #343 ) ;
#7560 = LINE ( 'NONE', #5884, #7522 ) ;
#7561 =( BOUNDED_CURVE ( )  B_SPLINE_CURVE ( 3, ( #3838, #5198, #4004, #3805 ),
 .UNSPECIFIED., .F., .F. ) 
 B_SPLINE_CURVE_WITH_KNOTS ( ( 4, 4 ),
 ( 3.141592653592213000, 3.263967401344421800 ),
 .UNSPECIFIED. ) 
 CURVE ( )  GEOMETRIC_REPRESENTATION_ITEM ( )  RATIONAL_B_SPLINE_CURVE ( ( 1.000000000000000000, 0.9987524243982308600, 0.9987524243982308600, 1.000000000000000000 ) ) 
 REPRESENTATION_ITEM ( '' )  );
#7562 = CARTESIAN_POINT ( 'NONE',  ( -18.12382062248806800, 36.63519226348150700, -43.47219917382329900 ) ) ;
#7563 = VECTOR ( 'NONE', #4926, 39.37007874015748100 ) ;
#7564 = ADVANCED_FACE ( 'NONE', ( #5147 ), #1978, .T. ) ;
#7565 = VERTEX_POINT ( 'NONE', #6246 ) ;
#7566 = CARTESIAN_POINT ( 'NONE',  ( -18.22617948404107200, 34.25152565595751500, -44.19376622623796200 ) ) ;
#7567 = ORIENTED_EDGE ( 'NONE', *, *, #3690, .F. ) ;
#7568 = CARTESIAN_POINT ( 'NONE',  ( -18.21658416050152200, 34.15953267525839700, -41.11137972834613700 ) ) ;
#7569 = ORIENTED_EDGE ( 'NONE', *, *, #5116, .T. ) ;
#7570 = CARTESIAN_POINT ( 'NONE',  ( -18.31818356873421300, 34.68539817967972300, -44.95747561652559900 ) ) ;
#7571 = FACE_OUTER_BOUND ( 'NONE', #1793, .T. ) ;
#7572 = EDGE_CURVE ( 'NONE', #3452, #589, #5058, .T. ) ;
#7573 = EDGE_CURVE ( 'NONE', #8986, #1245, #5037, .T. ) ;
#7574 = LINE ( 'NONE', #7219, #7551 ) ;
#7575 = CARTESIAN_POINT ( 'NONE',  ( -19.09375929415956800, 35.84457204568146000, -40.24188421747953000 ) ) ;
#7576 = PLANE ( 'NONE',  #3487 ) ;
#7577 = VERTEX_POINT ( 'NONE', #8603 ) ;
#7578 = CARTESIAN_POINT ( 'NONE',  ( -18.25544054111004800, 34.74139249810747300, -40.82967905970350100 ) ) ;
#7579 = EDGE_LOOP ( 'NONE', ( #3834, #53, #2375, #5646 ) ) ;
#7580 = CARTESIAN_POINT ( 'NONE',  ( -18.22583512424899200, 34.25664152910825800, -44.18143271131027200 ) ) ;
#7581 = VECTOR ( 'NONE', #6382, 39.37007874015748100 ) ;
#7583 = DIRECTION ( 'NONE',  ( -0.06975647374286414500, -0.9975640502599124600, 3.970637562935382300E-013 ) ) ;
#7582 = VECTOR ( 'NONE', #3408, 39.37007874015748100 ) ;
#7584 = CARTESIAN_POINT ( 'NONE',  ( -20.05722222084533600, 34.86819409293364900, -45.03322279586771500 ) ) ;
#7585 = AXIS2_PLACEMENT_3D ( 'NONE', #1956, #7925, #3419 ) ;
#7586 = EDGE_CURVE ( 'NONE', #2918, #8685, #5067, .T. ) ;
#7587 = EDGE_CURVE ( 'NONE', #1314, #69, #1929, .T. ) ;
#7588 = VERTEX_POINT ( 'NONE', #3336 ) ;
#7589 = ORIENTED_EDGE ( 'NONE', *, *, #4975, .F. ) ;
#7590 = EDGE_CURVE ( 'NONE', #1272, #1314, #4917, .T. ) ;
#7591 = CARTESIAN_POINT ( 'NONE',  ( -18.21667122637448700, 35.32875408328089900, -43.77537302391496600 ) ) ;
#7592 = CARTESIAN_POINT ( 'NONE',  ( -18.22564201095302000, 34.25862234012451800, -44.17491365276791300 ) ) ;
#7593 = FACE_OUTER_BOUND ( 'NONE', #9422, .T. ) ;
#7594 = FACE_OUTER_BOUND ( 'NONE', #2682, .T. ) ;
#7595 = DIRECTION ( 'NONE',  ( 1.000000000000000000, -1.264251560246800100E-012, 2.841279047499280000E-012 ) ) ;
#7596 = ADVANCED_FACE ( 'NONE', ( #5048 ), #4830, .F. ) ;
#7597 = DIRECTION ( 'NONE',  ( 0.9975640502597361600, 0.06975647374538629400, 0.0000000000000000000 ) ) ;
#7598 = EDGE_LOOP ( 'NONE', ( #9409, #3594, #9429, #1943 ) ) ;
#7599 = ORIENTED_EDGE ( 'NONE', *, *, #7822, .T. ) ;
#7600 = EDGE_CURVE ( 'NONE', #9482, #1272, #1817, .T. ) ;
#7601 = EDGE_CURVE ( 'NONE', #12, #274, #4839, .T. ) ;
#7602 = CARTESIAN_POINT ( 'NONE',  ( -18.22522803339589400, 34.26123300984626500, -44.16179011222786200 ) ) ;
#7603 = DIRECTION ( 'NONE',  ( -1.000000000000000000, 0.0000000000000000000, -0.0000000000000000000 ) ) ;
#7604 = LINE ( 'NONE', #6308, #7538 ) ;
#7605 = CARTESIAN_POINT ( 'NONE',  ( -18.27093485364834900, 34.79732795119730300, -44.61196295326259800 ) ) ;
#7606 = LINE ( 'NONE', #4189, #7563 ) ;
#7607 = DIRECTION ( 'NONE',  ( 0.06975647374538629400, -0.9975640502597361600, 6.685417403035404600E-016 ) ) ;
#7608 = EDGE_CURVE ( 'NONE', #1489, #9511, #4925, .T. ) ;
#7609 = ORIENTED_EDGE ( 'NONE', *, *, #7320, .F. ) ;
#7610 = ORIENTED_EDGE ( 'NONE', *, *, #5021, .T. ) ;
#7611 = CARTESIAN_POINT ( 'NONE',  ( -19.09568329481928100, 33.65528093473624700, -44.39667339940508800 ) ) ;
#7612 = CARTESIAN_POINT ( 'NONE',  ( -18.22721877763752500, 36.25222825100321700, -40.92452358245247300 ) ) ;
#7613 = CARTESIAN_POINT ( 'NONE',  ( -17.75398663348450500, 35.18315472285337400, -42.39936453244602900 ) ) ;
#7614 = LINE ( 'NONE', #6764, #7633 ) ;
#7615 = CARTESIAN_POINT ( 'NONE',  ( -18.22500664411303400, 34.26189009789386100, -44.15515725979049900 ) ) ;
#7616 = EDGE_CURVE ( 'NONE', #274, #1489, #4944, .T. ) ;
#7617 = VERTEX_POINT ( 'NONE', #9355 ) ;
#7618 = EDGE_CURVE ( 'NONE', #1379, #1489, #4711, .T. ) ;
#7619 = ADVANCED_FACE ( 'NONE', ( #4730 ), #5676, .F. ) ;
#7620 = ORIENTED_EDGE ( 'NONE', *, *, #5107, .F. ) ;
#7621 = DIRECTION ( 'NONE',  ( 0.008726535495532771600, 3.542989643710831200E-013, 0.9999619230641961800 ) ) ;
#7622 = EDGE_CURVE ( 'NONE', #5546, #5513, #4718, .T. ) ;
#7623 = DIRECTION ( 'NONE',  ( -1.000000000000000000, -0.0000000000000000000, 1.552565295730630100E-012 ) ) ;
#7624 = FACE_OUTER_BOUND ( 'NONE', #7177, .T. ) ;
#7625 = ORIENTED_EDGE ( 'NONE', *, *, #6434, .F. ) ;
#7626 = CARTESIAN_POINT ( 'NONE',  ( -18.22453343713884200, 34.26189961126928600, -44.14174854285006000 ) ) ;
#7627 = ORIENTED_EDGE ( 'NONE', *, *, #6097, .F. ) ;
#7628 = PLANE ( 'NONE',  #5876 ) ;
#7629 = CARTESIAN_POINT ( 'NONE',  ( -17.75398663348525500, 35.18315472285335900, -42.58243539858756300 ) ) ;
#7630 = DIRECTION ( 'NONE',  ( 2.841477053650007600E-012, 0.0000000000000000000, -1.000000000000000000 ) ) ;
#7631 = ORIENTED_EDGE ( 'NONE', *, *, #8252, .T. ) ;
#7632 = EDGE_CURVE ( 'NONE', #3423, #5705, #4809, .T. ) ;
#7633 = VECTOR ( 'NONE', #6762, 39.37007874015748100 ) ;
#7634 = EDGE_CURVE ( 'NONE', #1379, #3461, #4678, .T. ) ;
#7635 = ORIENTED_EDGE ( 'NONE', *, *, #6820, .F. ) ;
#7636 = CARTESIAN_POINT ( 'NONE',  ( -18.22428178608698300, 34.26123371232187500, -44.13498735126075400 ) ) ;
#7637 = CARTESIAN_POINT ( 'NONE',  ( -18.28991281778569400, 34.15953267562058900, -44.25074248091250000 ) ) ;
#7638 = DIRECTION ( 'NONE',  ( 1.000000000000000000, -1.264251560246800100E-012, 2.841279047499280000E-012 ) ) ;
#7639 = FACE_OUTER_BOUND ( 'NONE', #5052, .T. ) ;
#7640 = ORIENTED_EDGE ( 'NONE', *, *, #353, .T. ) ;
#7641 = VECTOR ( 'NONE', #6971, 39.37007874015748100 ) ;
#7642 = DIRECTION ( 'NONE',  ( -2.841279047498729900E-012, 1.993517598874520100E-013, 1.000000000000000000 ) ) ;
#7643 = CARTESIAN_POINT ( 'NONE',  ( -18.22428170118739000, 36.30848169227849100, -41.02988782840258600 ) ) ;
#7644 = ORIENTED_EDGE ( 'NONE', *, *, #4659, .F. ) ;
#7645 = EDGE_CURVE ( 'NONE', #274, #3461, #4609, .T. ) ;
#7646 = DIRECTION ( 'NONE',  ( -0.0000000000000000000, -0.0000000000000000000, 1.000000000000000000 ) ) ;
#7647 = ORIENTED_EDGE ( 'NONE', *, *, #2771, .T. ) ;
#7648 = EDGE_CURVE ( 'NONE', #3461, #255, #4587, .T. ) ;
#7649 = CARTESIAN_POINT ( 'NONE',  ( -18.54344269327106400, 33.71465078584638100, -43.47219917382323500 ) ) ;
#7650 = ORIENTED_EDGE ( 'NONE', *, *, #6496, .T. ) ;
#7651 = DIRECTION ( 'NONE',  ( 0.0000000000000000000, 1.000000000000000000, 0.0000000000000000000 ) ) ;
#7652 = CARTESIAN_POINT ( 'NONE',  ( -20.12396705855964600, 35.80913897482670900, -45.34027226887607000 ) ) ;
#7653 = ORIENTED_EDGE ( 'NONE', *, *, #6720, .F. ) ;
#7654 = DIRECTION ( 'NONE',  ( -0.0000000000000000000, 0.0000000000000000000, -1.000000000000000000 ) ) ;
#7655 = ADVANCED_FACE ( 'NONE', ( #4572 ), #4476, .T. ) ;
#7656 = ORIENTED_EDGE ( 'NONE', *, *, #5049, .F. ) ;
#7657 = LINE ( 'NONE', #6425, #7581 ) ;
#7658 = CARTESIAN_POINT ( 'NONE',  ( -18.22377096636001800, 34.25863721537384500, -44.12190837590650700 ) ) ;
#7659 = CARTESIAN_POINT ( 'NONE',  ( -18.21667103973555200, 36.20677677010882400, -44.14838027618858300 ) ) ;
#7660 = CARTESIAN_POINT ( 'NONE',  ( -17.83478127594935000, 35.18315472285346600, -41.95251413874527200 ) ) ;
#7661 = EDGE_CURVE ( 'NONE', #1017, #1379, #4485, .T. ) ;
#7662 = CARTESIAN_POINT ( 'NONE',  ( -18.22350918029021800, 34.25671035182239900, -44.11551476255422700 ) ) ;
#7663 = CARTESIAN_POINT ( 'NONE',  ( -17.75398663348525500, 35.18315472285335900, -42.58243539858756300 ) ) ;
#7664 = CARTESIAN_POINT ( 'NONE',  ( -18.28640760686718600, 35.54535944726085000, -40.34540137535130800 ) ) ;
#7665 = VERTEX_POINT ( 'NONE', #6642 ) ;
#7666 = ADVANCED_FACE ( 'NONE', ( #4493 ), #4383, .T. ) ;
#7667 = ORIENTED_EDGE ( 'NONE', *, *, #5050, .F. ) ;
#7668 = CIRCLE ( 'NONE', #4959, 10.62992125984252600 ) ;
#7669 = CARTESIAN_POINT ( 'NONE',  ( -19.02375765390539500, 33.69883403362767600, -43.62771098485039500 ) ) ;
#7670 = CARTESIAN_POINT ( 'NONE',  ( -18.25956921299809800, 35.47833517576690100, -44.61841268959967300 ) ) ;
#7671 = CARTESIAN_POINT ( 'NONE',  ( -18.54344269327106400, 36.66453509711196500, -43.47219917382223300 ) ) ;
#7672 = VECTOR ( 'NONE', #6408, 39.37007874015748100 ) ;
#7673 = EDGE_CURVE ( 'NONE', #3589, #3601, #4389, .T. ) ;
#7674 = EDGE_CURVE ( 'NONE', #255, #1017, #4467, .T. ) ;
#7675 = CARTESIAN_POINT ( 'NONE',  ( -18.54344269327106400, 36.71858779372264100, -41.69629940721180400 ) ) ;
#7676 = ORIENTED_EDGE ( 'NONE', *, *, #4793, .T. ) ;
#7677 = CARTESIAN_POINT ( 'NONE',  ( -18.22020466570281300, 36.22024539151732400, -41.11818172105027000 ) ) ;
#7678 = ORIENTED_EDGE ( 'NONE', *, *, #1350, .F. ) ;
#7679 = FACE_OUTER_BOUND ( 'NONE', #2545, .T. ) ;
#7680 = CARTESIAN_POINT ( 'NONE',  ( -18.27289104615583800, 34.77953332020887700, -44.61197362741346200 ) ) ;
#7681 = PLANE ( 'NONE',  #4686 ) ;
#7682 = CARTESIAN_POINT ( 'NONE',  ( -18.22271023798746400, 34.24896879895690900, -44.09678872718972500 ) ) ;
#7683 = LINE ( 'NONE', #4894, #7672 ) ;
#7684 = CARTESIAN_POINT ( 'NONE',  ( -18.22217910286585500, 34.24132052624213400, -44.08540035286495100 ) ) ;
#7685 = CARTESIAN_POINT ( 'NONE',  ( -18.30494418915346300, 33.73165730130295300, -40.24188421747830100 ) ) ;
#7686 = CARTESIAN_POINT ( 'NONE',  ( -28.84659229943325800, 36.66740669135175800, -43.77338027978513700 ) ) ;
#7687 = ORIENTED_EDGE ( 'NONE', *, *, #5144, .T. ) ;
#7688 = ORIENTED_EDGE ( 'NONE', *, *, #6967, .T. ) ;
#7689 = ORIENTED_EDGE ( 'NONE', *, *, #3280, .F. ) ;
#7690 = FACE_OUTER_BOUND ( 'NONE', #3904, .T. ) ;
#7691 = DIRECTION ( 'NONE',  ( -8.534397744998808800E-013, 1.000000000000000000, -2.185299128023264500E-024 ) ) ;
#7692 = EDGE_CURVE ( 'NONE', #3786, #3779, #1699, .T. ) ;
#7693 = EDGE_CURVE ( 'NONE', #255, #226, #1637, .T. ) ;
#7694 = CARTESIAN_POINT ( 'NONE',  ( -18.24369705730200400, 35.61995279317062600, -43.67319818250170700 ) ) ;
#7695 = VECTOR ( 'NONE', #5641, 39.37007874015748100 ) ;
#7696 = EDGE_CURVE ( 'NONE', #14, #1017, #1574, .T. ) ;
#7697 = CARTESIAN_POINT ( 'NONE',  ( -18.22148753798826700, 34.22717707202114900, -44.07126554241172300 ) ) ;
#7698 = CARTESIAN_POINT ( 'NONE',  ( -18.22127113921219900, 34.22194947959285800, -44.06697161826556200 ) ) ;
#7699 = VERTEX_POINT ( 'NONE', #2253 ) ;
#7700 = ORIENTED_EDGE ( 'NONE', *, *, #7057, .F. ) ;
#7701 = VERTEX_POINT ( 'NONE', #824 ) ;
#7702 = LINE ( 'NONE', #6975, #7641 ) ;
#7703 = VECTOR ( 'NONE', #2627, 39.37007874015748100 ) ;
#7704 = CARTESIAN_POINT ( 'NONE',  ( -18.22088803897234800, 34.21076468771431700, -44.05950672590633800 ) ) ;
#7705 = CARTESIAN_POINT ( 'NONE',  ( -18.33478127594562700, 36.71858779372279000, -42.58243539858907700 ) ) ;
#7706 = CARTESIAN_POINT ( 'NONE',  ( -18.27677572556582700, 35.70886147732531400, -44.55279590876574500 ) ) ;
#7707 = ORIENTED_EDGE ( 'NONE', *, *, #1566, .T. ) ;
#7708 = ORIENTED_EDGE ( 'NONE', *, *, #1251, .F. ) ;
#7709 = EDGE_CURVE ( 'NONE', #4630, #4927, #4276, .T. ) ;
#7710 = ADVANCED_FACE ( 'NONE', ( #4249 ), #1527, .T. ) ;
#7711 = EDGE_CURVE ( 'NONE', #331, #6850, #4158, .T. ) ;
#7712 = CARTESIAN_POINT ( 'NONE',  ( -18.97257655154795600, 33.65528093473621900, -41.68998048601496700 ) ) ;
#7713 = VECTOR ( 'NONE', #7238, 39.37007874015748100 ) ;
#7714 = LINE ( 'NONE', #2694, #7582 ) ;
#7715 = CARTESIAN_POINT ( 'NONE',  ( -18.30014871118578800, 36.61956839187244100, -41.49117996426259900 ) ) ;
#7716 = DIRECTION ( 'NONE',  ( 1.000000000000000000, -0.0000000000000000000, 0.0000000000000000000 ) ) ;
#7717 = VERTEX_POINT ( 'NONE', #5216 ) ;
#7718 = CARTESIAN_POINT ( 'NONE',  ( -18.22072310994147800, 34.20487924284785900, -44.05636747291526200 ) ) ;
#7719 = ORIENTED_EDGE ( 'NONE', *, *, #6591, .T. ) ;
#7720 = CARTESIAN_POINT ( 'NONE',  ( -18.22045159123268100, 34.19253298580161300, -44.05125331467184000 ) ) ;
#7721 = ADVANCED_FACE ( 'NONE', ( #4265 ), #6814, .F. ) ;
#7722 = CARTESIAN_POINT ( 'NONE',  ( -20.00866194114661700, 36.66740669136413500, -45.03322279586784300 ) ) ;
#7723 = LINE ( 'NONE', #7222, #7733 ) ;
#7724 = LINE ( 'NONE', #2660, #7703 ) ;
#7725 = EDGE_CURVE ( 'NONE', #4691, #4861, #4129, .T. ) ;
#7726 =( BOUNDED_CURVE ( )  B_SPLINE_CURVE ( 3, ( #2277, #2304, #2340, #2079 ),
 .UNSPECIFIED., .F., .F. ) 
 B_SPLINE_CURVE_WITH_KNOTS ( ( 4, 4 ),
 ( 4.475452091311809600E-016, 0.007934980351371231900 ),
 .UNSPECIFIED. ) 
 CURVE ( )  GEOMETRIC_REPRESENTATION_ITEM ( )  RATIONAL_B_SPLINE_CURVE ( ( 0.9995300997040408300, 0.9996518049593633400, 0.9998459135985441300, 1.000112425621583400 ) ) 
 REPRESENTATION_ITEM ( '' )  );
#7727 = PLANE ( 'NONE',  #1033 ) ;
#7728 = EDGE_LOOP ( 'NONE', ( #1653, #6536, #7531, #2506 ) ) ;
#7729 = EDGE_LOOP ( 'NONE', ( #999, #4293, #411, #3147 ) ) ;
#7730 = DIRECTION ( 'NONE',  ( -1.000000000000000000, -1.264251560247360100E-012, 0.0000000000000000000 ) ) ;
#7731 = DIRECTION ( 'NONE',  ( 1.000000000000000000, -1.264251560246800100E-012, 2.841279047499280000E-012 ) ) ;
#7732 = CARTESIAN_POINT ( 'NONE',  ( -20.18517497674043400, 33.69883403362767600, -44.26550626043623300 ) ) ;
#7733 = VECTOR ( 'NONE', #7257, 39.37007874015748100 ) ;
#7734 = CARTESIAN_POINT ( 'NONE',  ( -20.12441914996317700, 34.24319721192473100, -39.77279398064451500 ) ) ;
#7735 = ORIENTED_EDGE ( 'NONE', *, *, #5990, .T. ) ;
#7736 = ORIENTED_EDGE ( 'NONE', *, *, #6462, .T. ) ;
#7737 = EDGE_CURVE ( 'NONE', #1577, #58, #4149, .T. ) ;
#7738 = DIRECTION ( 'NONE',  ( 0.0000000000000000000, 0.0000000000000000000, -1.000000000000000000 ) ) ;
#7739 = DIRECTION ( 'NONE',  ( 0.9975262508965684300, -0.06975383055711086000, 0.008705279710981606700 ) ) ;
#7740 = CARTESIAN_POINT ( 'NONE',  ( -18.26841952441191100, 34.82094999845045900, -44.61196295335327700 ) ) ;
#7741 = CARTESIAN_POINT ( 'NONE',  ( -18.22590772997066800, 35.36913142947322800, -44.55654690203071100 ) ) ;
#7742 = EDGE_CURVE ( 'NONE', #6850, #1577, #4239, .T. ) ;
#7743 = FACE_OUTER_BOUND ( 'NONE', #3081, .T. ) ;
#7744 = VERTEX_POINT ( 'NONE', #6069 ) ;
#7745 = ORIENTED_EDGE ( 'NONE', *, *, #5116, .F. ) ;
#7746 = CARTESIAN_POINT ( 'NONE',  ( -17.75398663348346400, 34.44890275435016500, -43.21235665843030900 ) ) ;
#7747 = DIRECTION ( 'NONE',  ( 0.9999619230641614300, 1.262586227184760900E-012, -0.008726535499508063900 ) ) ;
#7748 = DIRECTION ( 'NONE',  ( 0.0000000000000000000, -0.0000000000000000000, -1.000000000000000000 ) ) ;
#7749 = FACE_OUTER_BOUND ( 'NONE', #7579, .T. ) ;
#7750 = CARTESIAN_POINT ( 'NONE',  ( -18.22034479669361700, 34.18600756747908800, -44.04927518648243300 ) ) ;
#7751 = EDGE_CURVE ( 'NONE', #1284, #1577, #4002, .T. ) ;
#7752 = CARTESIAN_POINT ( 'NONE',  ( -19.93744475792362500, 34.86819409293370600, -45.03322279586771500 ) ) ;
#7753 = EDGE_CURVE ( 'NONE', #1284, #1203, #4034, .T. ) ;
#7754 = ORIENTED_EDGE ( 'NONE', *, *, #7323, .T. ) ;
#7755 = CARTESIAN_POINT ( 'NONE',  ( -18.25544054119845700, 35.62491694760961300, -40.82967905970397700 ) ) ;
#7756 = LINE ( 'NONE', #7269, #7713 ) ;
#7757 = ADVANCED_FACE ( 'NONE', ( #4014 ), #1427, .T. ) ;
#7758 = VERTEX_POINT ( 'NONE', #7637 ) ;
#7759 = CARTESIAN_POINT ( 'NONE',  ( -18.28991281778543200, 35.62318451396275500, -40.63145515489173900 ) ) ;
#7760 = CIRCLE ( 'NONE', #5101, 10.62992125984252000 ) ;
#7761 = CARTESIAN_POINT ( 'NONE',  ( -18.22016794196155200, 34.15953267561945900, -44.04601807146377700 ) ) ;
#7762 = CARTESIAN_POINT ( 'NONE',  ( -17.69035545086881500, 35.14172254672063600, -43.21133410182790200 ) ) ;
#7763 = DIRECTION ( 'NONE',  ( 1.000000000000000000, -0.0000000000000000000, 0.0000000000000000000 ) ) ;
#7764 = VERTEX_POINT ( 'NONE', #2438 ) ;
#7765 = DIRECTION ( 'NONE',  ( 1.134155878638480100E-012, -1.433858339132164300E-024, -1.000000000000000000 ) ) ;
#7766 = VERTEX_POINT ( 'NONE', #7705 ) ;
#7767 = EDGE_CURVE ( 'NONE', #2428, #2346, #3900, .T. ) ;
#7768 = LINE ( 'NONE', #8078, #7777 ) ;
#7769 = EDGE_LOOP ( 'NONE', ( #5023, #995, #4723, #6433, #1846, #7184, #7862, #2719, #8923, #152 ) ) ;
#7770 = EDGE_CURVE ( 'NONE', #6850, #1203, #3878, .T. ) ;
#7771 = FACE_OUTER_BOUND ( 'NONE', #3823, .T. ) ;
#7772 = CARTESIAN_POINT ( 'NONE',  ( -18.22569118971564700, 34.45138117910408200, -41.54705679995510800 ) ) ;
#7773 = CARTESIAN_POINT ( 'NONE',  ( -18.29768877709900800, 35.54535944726083600, -40.24188421747831500 ) ) ;
#7774 = CARTESIAN_POINT ( 'NONE',  ( -18.22453347097425400, 35.02557580348165800, -44.55664823954487700 ) ) ;
#7775 = ORIENTED_EDGE ( 'NONE', *, *, #7336, .F. ) ;
#7776 = ORIENTED_EDGE ( 'NONE', *, *, #4988, .F. ) ;
#7777 = VECTOR ( 'NONE', #8021, 39.37007874015748100 ) ;
#7778 = ORIENTED_EDGE ( 'NONE', *, *, #3816, .T. ) ;
#7779 = DIRECTION ( 'NONE',  ( 5.664139784502151000E-025, 1.000000000000000000, -1.993517598874519800E-013 ) ) ;
#7780 = AXIS2_PLACEMENT_3D ( 'NONE', #3350, #1215, #6388 ) ;
#7781 = EDGE_CURVE ( 'NONE', #1245, #5072, #3888, .T. ) ;
#7782 = CARTESIAN_POINT ( 'NONE',  ( -19.08674977989523900, 35.16547474625098600, -40.94267161906221000 ) ) ;
#7783 =( BOUNDED_CURVE ( )  B_SPLINE_CURVE ( 3, ( #2712, #1608, #1572, #1087 ),
 .UNSPECIFIED., .F., .F. ) 
 B_SPLINE_CURVE_WITH_KNOTS ( ( 4, 4 ),
 ( 4.475452091311809600E-016, 0.007934904005465134900 ),
 .UNSPECIFIED. ) 
 CURVE ( )  GEOMETRIC_REPRESENTATION_ITEM ( )  RATIONAL_B_SPLINE_CURVE ( ( 0.9984691387749239400, 0.9982039353355840500, 0.9980108581601785400, 0.9978899072487075200 ) ) 
 REPRESENTATION_ITEM ( '' )  );
#7784 = EDGE_CURVE ( 'NONE', #1203, #1442, #3784, .T. ) ;
#7785 = ORIENTED_EDGE ( 'NONE', *, *, #5215, .T. ) ;
#7786 = PLANE ( 'NONE',  #5551 ) ;
#7787 = EDGE_CURVE ( 'NONE', #1236, #1284, #3919, .T. ) ;
#7788 = CARTESIAN_POINT ( 'NONE',  ( -18.28991281778759900, 35.17035938176496000, -44.53341563799252600 ) ) ;
#7789 = ORIENTED_EDGE ( 'NONE', *, *, #7030, .T. ) ;
#7790 = VECTOR ( 'NONE', #8079, 39.37007874015748100 ) ;
#7791 = CARTESIAN_POINT ( 'NONE',  ( -18.23704105498529100, 35.47833517565255300, -40.82870305234165200 ) ) ;
#7792 = CARTESIAN_POINT ( 'NONE',  ( -18.28991281778543200, 35.76674697900764200, -43.61725353927153000 ) ) ;
#7793 =( BOUNDED_CURVE ( )  B_SPLINE_CURVE ( 3, ( #1732, #9472, #9462, #9453 ),
 .UNSPECIFIED., .F., .F. ) 
 B_SPLINE_CURVE_WITH_KNOTS ( ( 4, 4 ),
 ( 0.0000000000000000000, 0.007934904005445426700 ),
 .UNSPECIFIED. ) 
 CURVE ( )  GEOMETRIC_REPRESENTATION_ITEM ( )  RATIONAL_B_SPLINE_CURVE ( ( 0.9978899072487448200, 0.9980108581602151800, 0.9982039353356198000, 0.9984691387749589100 ) ) 
 REPRESENTATION_ITEM ( '' )  );
#7794 = CARTESIAN_POINT ( 'NONE',  ( -18.22016794196224200, 34.16625072667925200, -44.04601807146370600 ) ) ;
#7795 = ORIENTED_EDGE ( 'NONE', *, *, #6032, .T. ) ;
#7796 = ORIENTED_EDGE ( 'NONE', *, *, #6720, .T. ) ;
#7797 = VECTOR ( 'NONE', #8307, 39.37007874015748100 ) ;
#7798 = CARTESIAN_POINT ( 'NONE',  ( -18.24980009187772400, 34.15953267526161600, -44.61196295335336300 ) ) ;
#7799 = EDGE_CURVE ( 'NONE', #2988, #8726, #3776, .T. ) ;
#7800 = LINE ( 'NONE', #1977, #7695 ) ;
#7801 = CARTESIAN_POINT ( 'NONE',  ( -18.58450840415728300, 34.72252480158763900, -41.39149051667913400 ) ) ;
#7802 = ORIENTED_EDGE ( 'NONE', *, *, #2899, .T. ) ;
#7803 = VERTEX_POINT ( 'NONE', #308 ) ;
#7804 = CIRCLE ( 'NONE', #5164, 10.62992125984252000 ) ;
#7805 = DIRECTION ( 'NONE',  ( -0.0000000000000000000, -1.000000000000000000, -0.0000000000000000000 ) ) ;
#7806 = ADVANCED_FACE ( 'NONE', ( #3635 ), #6202, .T. ) ;
#7807 = VECTOR ( 'NONE', #4863, 39.37007874015748100 ) ;
#7808 = EDGE_CURVE ( 'NONE', #1442, #1236, #3625, .T. ) ;
#7809 = EDGE_CURVE ( 'NONE', #1442, #348, #1387, .T. ) ;
#7810 = DIRECTION ( 'NONE',  ( -1.000000000000000000, 1.236807744141249900E-012, -3.030489092610969900E-012 ) ) ;
#7811 = EDGE_CURVE ( 'NONE', #439, #1236, #1271, .T. ) ;
#7812 = ORIENTED_EDGE ( 'NONE', *, *, #408, .F. ) ;
#7813 = CARTESIAN_POINT ( 'NONE',  ( -18.24369720413594800, 35.61995280342922900, -41.38973362110432000 ) ) ;
#7814 = ORIENTED_EDGE ( 'NONE', *, *, #5494, .T. ) ;
#7815 = EDGE_LOOP ( 'NONE', ( #8624, #9281, #3499, #9385 ) ) ;
#7816 = B_SPLINE_CURVE_WITH_KNOTS ( 'NONE', 3,
 ( #9418, #9151, #9309, #9305 ),
 .UNSPECIFIED., .F., .F.,
 ( 4, 4 ),
 ( 0.0000000000000000000, 0.009199999991019058900 ),
 .UNSPECIFIED. ) ;
#7817 = CARTESIAN_POINT ( 'NONE',  ( -18.28991281778759900, 34.74312493175480700, -40.55290783953083900 ) ) ;
#7818 = CARTESIAN_POINT ( 'NONE',  ( -18.09856080336970800, 35.18315472321038600, -41.69267161906103800 ) ) ;
#7819 = CIRCLE ( 'NONE', #719, 1.673228346456692200 ) ;
#7820 = VERTEX_POINT ( 'NONE', #5508 ) ;
#7821 = ORIENTED_EDGE ( 'NONE', *, *, #582, .T. ) ;
#7822 = EDGE_CURVE ( 'NONE', #3406, #3313, #3537, .T. ) ;
#7823 = EDGE_CURVE ( 'NONE', #1195, #909, #3548, .T. ) ;
#7824 = CARTESIAN_POINT ( 'NONE',  ( -18.27720357979148600, 35.76763569550227100, -44.61196295335628300 ) ) ;
#7825 = VECTOR ( 'NONE', #8404, 39.37007874015748100 ) ;
#7826 = VECTOR ( 'NONE', #8635, 39.37007874015748100 ) ;
#7827 = DIRECTION ( 'NONE',  ( 0.9974128555600375600, 0.06974590117938120300, -0.01740990615275280300 ) ) ;
#7828 = CARTESIAN_POINT ( 'NONE',  ( -18.22045147631402500, 35.15016342338820700, -41.11361956196972000 ) ) ;
#7829 = CARTESIAN_POINT ( 'NONE',  ( -19.08674977989653600, 34.52173740001358500, -40.24188421748031200 ) ) ;
#7830 = CARTESIAN_POINT ( 'NONE',  ( -19.09650671245283600, 36.71858779372264100, -44.33637240217204600 ) ) ;
#7831 = ORIENTED_EDGE ( 'NONE', *, *, #7369, .T. ) ;
#7832 = VERTEX_POINT ( 'NONE', #1835 ) ;
#7833 = B_SPLINE_CURVE_WITH_KNOTS ( 'NONE', 3,
 ( #8810, #8843, #8846, #8781 ),
 .UNSPECIFIED., .F., .F.,
 ( 4, 4 ),
 ( 0.0000000000000000000, 1.000000000000000000 ),
 .UNSPECIFIED. ) ;
#7834 = DIRECTION ( 'NONE',  ( 0.0000000000000000000, -0.0000000000000000000, 1.000000000000000000 ) ) ;
#7835 = CARTESIAN_POINT ( 'NONE',  ( -18.90171040981366300, 36.66534506951551000, -43.61973416491948500 ) ) ;
#7836 = LINE ( 'NONE', #8104, #7790 ) ;
#7837 = FACE_OUTER_BOUND ( 'NONE', #4414, .T. ) ;
#7838 = CARTESIAN_POINT ( 'NONE',  ( -18.58450840415527900, 35.74614684883425800, -43.77338027620511700 ) ) ;
#7839 = EDGE_CURVE ( 'NONE', #3700, #3710, #3757, .T. ) ;
#7840 = ORIENTED_EDGE ( 'NONE', *, *, #5090, .T. ) ;
#7841 = ORIENTED_EDGE ( 'NONE', *, *, #5475, .T. ) ;
#7842 = EDGE_CURVE ( 'NONE', #1549, #8819, #3522, .T. ) ;
#7843 = CARTESIAN_POINT ( 'NONE',  ( -18.25465201797559400, 34.65744796838645700, -41.01824501495394100 ) ) ;
#7844 = CARTESIAN_POINT ( 'NONE',  ( -18.20230041508496700, 34.31711159498024000, -41.01640021601890100 ) ) ;
#7845 = FACE_OUTER_BOUND ( 'NONE', #9266, .T. ) ;
#7846 = VECTOR ( 'NONE', #4828, 39.37007874015748100 ) ;
#7847 = CARTESIAN_POINT ( 'NONE',  ( -18.24369720413508500, 35.76997868952677400, -43.77513717178011600 ) ) ;
#7848 = ORIENTED_EDGE ( 'NONE', *, *, #7962, .F. ) ;
#7849 = EDGE_LOOP ( 'NONE', ( #1216, #5240, #6774, #2034 ) ) ;
#7850 = CARTESIAN_POINT ( 'NONE',  ( -20.00866194114287200, 33.68164246534428900, -45.03322279586771500 ) ) ;
#7851 = EDGE_CURVE ( 'NONE', #1039, #1549, #3448, .T. ) ;
#7852 = EDGE_CURVE ( 'NONE', #3951, #3998, #3420, .T. ) ;
#7853 = EDGE_CURVE ( 'NONE', #5556, #3111, #1228, .T. ) ;
#7854 = CARTESIAN_POINT ( 'NONE',  ( -20.18238305517322200, 33.65528093473621900, -44.39667339940570700 ) ) ;
#7855 = EDGE_CURVE ( 'NONE', #161, #1039, #1169, .T. ) ;
#7856 = LINE ( 'NONE', #8360, #7797 ) ;
#7857 = CARTESIAN_POINT ( 'NONE',  ( -18.27720357974784800, 34.74401364825676800, -44.61196295335300000 ) ) ;
#7858 = ADVANCED_FACE ( 'NONE', ( #3552 ), #5572, .T. ) ;
#7859 = CARTESIAN_POINT ( 'NONE',  ( -18.24369705729775100, 36.64357484039509700, -42.59227791761047400 ) ) ;
#7860 = CARTESIAN_POINT ( 'NONE',  ( -18.22617828502998800, 35.27516885345593800, -44.19372180156227600 ) ) ;
#7861 = VERTEX_POINT ( 'NONE', #1161 ) ;
#7862 = ORIENTED_EDGE ( 'NONE', *, *, #1766, .F. ) ;
#7863 = CARTESIAN_POINT ( 'NONE',  ( -18.30014871118362100, 36.64752232457963300, -43.67369082862168000 ) ) ;
#7864 = CARTESIAN_POINT ( 'NONE',  ( -18.24374390441872500, 35.76997542392487600, -44.05452660335051000 ) ) ;
#7865 = CARTESIAN_POINT ( 'NONE',  ( -19.08725445498712900, 35.69607554831004100, -40.55078800430747800 ) ) ;
#7866 = LINE ( 'NONE', #8373, #7825 ) ;
#7867 = EDGE_CURVE ( 'NONE', #8080, #1137, #3340, .T. ) ;
#7868 = ORIENTED_EDGE ( 'NONE', *, *, #7320, .T. ) ;
#7869 = CARTESIAN_POINT ( 'NONE',  ( -18.22020379542198400, 34.17288887414584100, -44.04667309519560800 ) ) ;
#7870 = ORIENTED_EDGE ( 'NONE', *, *, #5372, .F. ) ;
#7871 = CARTESIAN_POINT ( 'NONE',  ( -19.96853923816141900, 33.75402146429024000, -40.24188421748088000 ) ) ;
#7872 = EDGE_CURVE ( 'NONE', #1864, #1137, #3320, .T. ) ;
#7873 = FACE_OUTER_BOUND ( 'NONE', #9218, .T. ) ;
#7874 = ORIENTED_EDGE ( 'NONE', *, *, #5666, .F. ) ;
#7875 = VECTOR ( 'NONE', #9294, 39.37007874015748100 ) ;
#7876 = DIRECTION ( 'NONE',  ( -0.0000000000000000000, -0.0000000000000000000, -1.000000000000000000 ) ) ;
#7877 = CARTESIAN_POINT ( 'NONE',  ( -18.28991281778759500, 34.74312493175464300, -41.63435535922771200 ) ) ;
#7878 = VERTEX_POINT ( 'NONE', #1931 ) ;
#7879 = DIRECTION ( 'NONE',  ( -1.000000000000000000, -0.0000000000000000000, 2.841279047498729900E-012 ) ) ;
#7880 = EDGE_CURVE ( 'NONE', #466, #1864, #1143, .T. ) ;
#7881 = CIRCLE ( 'NONE', #5231, 10.62992125984252000 ) ;
#7882 = ORIENTED_EDGE ( 'NONE', *, *, #5634, .F. ) ;
#7883 = EDGE_CURVE ( 'NONE', #474, #8080, #3222, .T. ) ;
#7884 = DIRECTION ( 'NONE',  ( -0.0000000000000000000, -1.000000000000000000, -0.0000000000000000000 ) ) ;
#7885 = EDGE_CURVE ( 'NONE', #1137, #1837, #3312, .T. ) ;
#7886 = ORIENTED_EDGE ( 'NONE', *, *, #2407, .F. ) ;
#7887 = CARTESIAN_POINT ( 'NONE',  ( -18.24980009188028900, 36.20677677045334500, -44.61196295335334800 ) ) ;
#7888 = CARTESIAN_POINT ( 'NONE',  ( -18.20761632474357200, 36.06043327199177600, -43.61797172988612200 ) ) ;
#7889 = ORIENTED_EDGE ( 'NONE', *, *, #6998, .T. ) ;
#7890 = FACE_OUTER_BOUND ( 'NONE', #4715, .T. ) ;
#7891 =( BOUNDED_CURVE ( )  B_SPLINE_CURVE ( 3, ( #8692, #8694, #8620, #8560 ),
 .UNSPECIFIED., .F., .F. ) 
 B_SPLINE_CURVE_WITH_KNOTS ( ( 4, 4 ),
 ( 2.288783399261118700E-016, 0.007934980351311607700 ),
 .UNSPECIFIED. ) 
 CURVE ( )  GEOMETRIC_REPRESENTATION_ITEM ( )  RATIONAL_B_SPLINE_CURVE ( ( 0.9994198232635513900, 0.9995415150913447000, 0.9997356023148553600, 1.000002084934083200 ) ) 
 REPRESENTATION_ITEM ( '' )  );
#7892 = ORIENTED_EDGE ( 'NONE', *, *, #5548, .T. ) ;
#7893 = DIRECTION ( 'NONE',  ( 0.9975640502597402600, 0.06975647374532524500, -2.782748407917366000E-012 ) ) ;
#7894 = DIRECTION ( 'NONE',  ( 1.000000000000000000, -1.264251560246800100E-012, 2.841279047499280000E-012 ) ) ;
#7895 = DIRECTION ( 'NONE',  ( 2.741527612597545200E-015, 1.000000000000000000, -1.570620117469848500E-013 ) ) ;
#7896 = CARTESIAN_POINT ( 'NONE',  ( -18.20359440900378100, 36.04919785073173700, -43.73968990380196700 ) ) ;
#7897 = VERTEX_POINT ( 'NONE', #1971 ) ;
#7898 = EDGE_CURVE ( 'NONE', #8080, #1359, #3174, .T. ) ;
#7899 = ORIENTED_EDGE ( 'NONE', *, *, #7084, .T. ) ;
#7900 = EDGE_CURVE ( 'NONE', #1359, #1837, #3201, .T. ) ;
#7901 = LINE ( 'NONE', #9204, #7875 ) ;
#7902 = CARTESIAN_POINT ( 'NONE',  ( -18.28991281778543200, 34.74312493175795400, -43.47219917382257400 ) ) ;
#7903 = DIRECTION ( 'NONE',  ( 0.0000000000000000000, 1.000000000000000000, 0.0000000000000000000 ) ) ;
#7904 = CARTESIAN_POINT ( 'NONE',  ( -18.21667103958898100, 34.15953267596610500, -42.57259287527378400 ) ) ;
#7905 = ADVANCED_FACE ( 'NONE', ( #3087 ), #4186, .F. ) ;
#7906 = ORIENTED_EDGE ( 'NONE', *, *, #7343, .T. ) ;
#7907 = CARTESIAN_POINT ( 'NONE',  ( -20.18320647280272000, 34.78551692757826400, -42.58243539644212900 ) ) ;
#7908 = ORIENTED_EDGE ( 'NONE', *, *, #8124, .T. ) ;
#7909 = CARTESIAN_POINT ( 'NONE',  ( -18.21667103973425100, 35.18315472286472800, -44.14838027618819200 ) ) ;
#7910 = CIRCLE ( 'NONE', #5243, 10.59999348141386700 ) ;
#7911 = EDGE_CURVE ( 'NONE', #1837, #1634, #3293, .T. ) ;
#7912 = FILL_AREA_STYLE ('',( #8605 ) ) ;
#7913 = EDGE_CURVE ( 'NONE', #1359, #1908, #3106, .T. ) ;
#7914 = EDGE_CURVE ( 'NONE', #5546, #3492, #3080, .T. ) ;
#7915 = DIRECTION ( 'NONE',  ( 0.9975640502599124600, 0.06975647374286393600, 0.0000000000000000000 ) ) ;
#7916 = EDGE_CURVE ( 'NONE', #1908, #1634, #2993, .T. ) ;
#7917 = LINE ( 'NONE', #7907, #7826 ) ;
#7918 = DIRECTION ( 'NONE',  ( 0.06975647374286393600, -0.9975640502599124600, 3.970637562935372200E-013 ) ) ;
#7919 = CARTESIAN_POINT ( 'NONE',  ( -20.12128747840290200, 36.14820575110526600, -45.03322279586770800 ) ) ;
#7920 = EDGE_LOOP ( 'NONE', ( #9490, #2172 ) ) ;
#7921 = VERTEX_POINT ( 'NONE', #8011 ) ;
#7922 = FACE_OUTER_BOUND ( 'NONE', #38, .T. ) ;
#7923 = CARTESIAN_POINT ( 'NONE',  ( -18.28991281778760200, 34.58472952601173500, -41.39013693865429400 ) ) ;
#7924 = CARTESIAN_POINT ( 'NONE',  ( -20.06903324446098600, 35.80913897482677300, -45.34027226887599200 ) ) ;
#7925 = DIRECTION ( 'NONE',  ( -1.000000000000000000, 0.0000000000000000000, 0.0000000000000000000 ) ) ;
#7926 = LINE ( 'NONE', #4120, #7807 ) ;
#7927 = DIRECTION ( 'NONE',  ( -0.9975262508965976300, -0.06975383055637461600, 0.008705279713516082800 ) ) ;
#7928 = DIRECTION ( 'NONE',  ( -1.000000000000000000, -1.264420666934206000E-012, 2.841348555614752700E-012 ) ) ;
#7929 = EDGE_CURVE ( 'NONE', #3779, #3516, #2973, .T. ) ;
#7930 = CARTESIAN_POINT ( 'NONE',  ( -18.12382062249070500, 34.75473922946023500, -41.63725450928048800 ) ) ;
#7931 = EDGE_LOOP ( 'NONE', ( #2464, #8532, #9139, #3398, #9356, #1651, #4603, #711, #3894, #5882, #1553, #6219, #7362, #2421, #8466, #9040 ) ) ;
#7932 = VERTEX_POINT ( 'NONE', #6466 ) ;
#7933 = CARTESIAN_POINT ( 'NONE',  ( -18.28991281778543200, 34.15953267562055400, -44.04601807146368500 ) ) ;
#7934 = VERTEX_POINT ( 'NONE', #8037 ) ;
#7935 = CARTESIAN_POINT ( 'NONE',  ( -18.58450840415393700, 34.72252480159019700, -43.77338027620471900 ) ) ;
#7936 = EDGE_CURVE ( 'NONE', #1458, #1760, #2954, .T. ) ;
#7937 = VECTOR ( 'NONE', #9434, 39.37007874015748100 ) ;
#7938 = DIRECTION ( 'NONE',  ( -0.0000000000000000000, 0.0000000000000000000, -1.000000000000000000 ) ) ;
#7939 = VECTOR ( 'NONE', #3335, 39.37007874015748100 ) ;
#7940 = DIRECTION ( 'NONE',  ( -1.264251560247360100E-012, 1.000000000000000000, -1.993517598846150100E-013 ) ) ;
#7941 = CARTESIAN_POINT ( 'NONE',  ( -19.38112961814980300, 34.82094999845106300, -44.61196295335314900 ) ) ;
#7942 = CARTESIAN_POINT ( 'NONE',  ( -18.27270434439358500, 34.68539817967989300, -44.55309613139409900 ) ) ;
#7943 = ORIENTED_EDGE ( 'NONE', *, *, #5218, .T. ) ;
#7944 = ORIENTED_EDGE ( 'NONE', *, *, #5317, .F. ) ;
#7945 = ORIENTED_EDGE ( 'NONE', *, *, #7336, .T. ) ;
#7946 = EDGE_CURVE ( 'NONE', #8844, #1458, #3070, .T. ) ;
#7947 = EDGE_CURVE ( 'NONE', #1760, #8792, #1061, .T. ) ;
#7948 = FACE_OUTER_BOUND ( 'NONE', #467, .T. ) ;
#7949 = LINE ( 'NONE', #9262, #7846 ) ;
#7950 = CARTESIAN_POINT ( 'NONE',  ( -18.21667103958945000, 36.35284041473169500, -41.49190846286630600 ) ) ;
#7951 = EDGE_CURVE ( 'NONE', #327, #2049, #2847, .T. ) ;
#7952 = ORIENTED_EDGE ( 'NONE', *, *, #6650, .T. ) ;
#7953 = CARTESIAN_POINT ( 'NONE',  ( -28.84659229943008200, 34.15953267524838600, -43.77338027978464700 ) ) ;
#7954 = ORIENTED_EDGE ( 'NONE', *, *, #4012, .T. ) ;
#7955 = DIRECTION ( 'NONE',  ( -2.841279047498729900E-012, 1.993517598874519800E-013, 1.000000000000000000 ) ) ;
#7956 = CARTESIAN_POINT ( 'NONE',  ( -18.30014871118362400, 36.64752232457972500, -43.55250414185276500 ) ) ;
#7957 = CIRCLE ( 'NONE', #5268, 10.61135995801982900 ) ;
#7958 = VECTOR ( 'NONE', #7876, 39.37007874015748100 ) ;
#7959 = DIRECTION ( 'NONE',  ( 0.0000000000000000000, -1.000000000000000000, 0.0000000000000000000 ) ) ;
#7960 = ADVANCED_FACE ( 'NONE', ( #2875 ), #8763, .T. ) ;
#7961 = ORIENTED_EDGE ( 'NONE', *, *, #1074, .F. ) ;
#7962 = EDGE_CURVE ( 'NONE', #3914, #3850, #2765, .T. ) ;
#7963 = CARTESIAN_POINT ( 'NONE',  ( -18.25544054119629300, 34.74139249810227900, -44.33519173318028100 ) ) ;
#7964 = VERTEX_POINT ( 'NONE', #8069 ) ;
#7965 = EDGE_CURVE ( 'NONE', #1458, #327, #2756, .T. ) ;
#7966 = CARTESIAN_POINT ( 'NONE',  ( -18.24369720413378100, 34.74635664228267000, -43.77513717177991700 ) ) ;
#7967 = EDGE_CURVE ( 'NONE', #1477, #1458, #2746, .T. ) ;
#7968 = DIRECTION ( 'NONE',  ( -0.0000000000000000000, -0.0000000000000000000, -1.000000000000000000 ) ) ;
#7969 = CARTESIAN_POINT ( 'NONE',  ( -18.58450840415602600, 35.74614684883169200, -41.39149051667952500 ) ) ;
#7970 = LINE ( 'NONE', #9506, #8040 ) ;
#7971 = CARTESIAN_POINT ( 'NONE',  ( -19.02375765390571200, 33.69890275435188400, -43.65920704784105800 ) ) ;
#7973 = CARTESIAN_POINT ( 'NONE',  ( -18.31818356881945000, 35.70902022692965300, -44.95747561652716200 ) ) ;
#7972 = LINE ( 'NONE', #2594, #7939 ) ;
#7974 = DIRECTION ( 'NONE',  ( -0.9998476951563627400, 0.01745240643891090100, 0.0000000000000000000 ) ) ;
#7975 = DIRECTION ( 'NONE',  ( -0.0000000000000000000, -0.8516583167044392600, 0.5240974256645046800 ) ) ;
#7976 = VERTEX_POINT ( 'NONE', #7313 ) ;
#7977 = ORIENTED_EDGE ( 'NONE', *, *, #5401, .F. ) ;
#7978 = DIRECTION ( 'NONE',  ( -0.0000000000000000000, 0.0000000000000000000, 1.000000000000000000 ) ) ;
#7979 = CARTESIAN_POINT ( 'NONE',  ( -18.30014871118579100, 33.69890275434673300, -41.54770658090117100 ) ) ;
#7980 = CARTESIAN_POINT ( 'NONE',  ( -18.50800962240066700, 33.71465078584638100, -43.47219917382170700 ) ) ;
#7981 = VECTOR ( 'NONE', #477, 39.37007874015748100 ) ;
#7982 = EDGE_CURVE ( 'NONE', #2049, #1477, #2858, .T. ) ;
#7983 = ORIENTED_EDGE ( 'NONE', *, *, #6358, .T. ) ;
#7984 = CARTESIAN_POINT ( 'NONE',  ( -20.18320647280292900, 33.69890275435282900, -43.65920704783935200 ) ) ;
#7985 = VERTEX_POINT ( 'NONE', #651 ) ;
#7986 = CARTESIAN_POINT ( 'NONE',  ( -18.28991281778759900, 35.78157991970243800, -41.49126929155120500 ) ) ;
#7987 = CARTESIAN_POINT ( 'NONE',  ( -18.24369705730192200, 35.61995279317064000, -43.61765685810315300 ) ) ;
#7988 = LINE ( 'NONE', #9366, #7937 ) ;
#7989 = CARTESIAN_POINT ( 'NONE',  ( -18.29768877701366800, 36.56898149451473800, -40.24188421747829400 ) ) ;
#7990 = CARTESIAN_POINT ( 'NONE',  ( -18.25491234143296300, 35.76919445073012600, -44.33346854482266500 ) ) ;
#7991 = VERTEX_POINT ( 'NONE', #6559 ) ;
#7992 = ORIENTED_EDGE ( 'NONE', *, *, #6210, .F. ) ;
#7993 = EDGE_CURVE ( 'NONE', #3998, #1965, #2637, .T. ) ;
#7994 = CARTESIAN_POINT ( 'NONE',  ( -18.33478127594949900, 33.65528093473865600, -42.58243539858847300 ) ) ;
#7995 = CARTESIAN_POINT ( 'NONE',  ( -20.18320647280430100, 33.65528093473785300, -41.53250794172743100 ) ) ;
#7996 = CARTESIAN_POINT ( 'NONE',  ( -20.09462379564125800, 33.64772165198567000, -41.53715980803622200 ) ) ;
#7997 = CARTESIAN_POINT ( 'NONE',  ( -18.25037104509315700, 35.03542027077387600, -44.61914686671443100 ) ) ;
#7998 = LINE ( 'NONE', #692, #7981 ) ;
#7999 = PLANE ( 'NONE',  #5030 ) ;
#8000 = CARTESIAN_POINT ( 'NONE',  ( -19.99423009485827100, 34.47449330553213500, -45.21038815019016300 ) ) ;
#8001 = CARTESIAN_POINT ( 'NONE',  ( -19.70899736155978800, 35.84457204569830700, -44.92298657540377600 ) ) ;
#8002 = CARTESIAN_POINT ( 'NONE',  ( -18.24369705721105500, 36.64357484038522000, -41.54721393478067900 ) ) ;
#8003 = ORIENTED_EDGE ( 'NONE', *, *, #6105, .T. ) ;
#8004 = DIRECTION ( 'NONE',  ( -0.9998476951563627400, 0.01745240643891090100, 0.0000000000000000000 ) ) ;
#8005 = CARTESIAN_POINT ( 'NONE',  ( -19.08674977989653600, 33.79732795118697200, -40.55290783953068300 ) ) ;
#8006 = FACE_OUTER_BOUND ( 'NONE', #153, .T. ) ;
#8007 = ORIENTED_EDGE ( 'NONE', *, *, #4789, .T. ) ;
#8008 = CYLINDRICAL_SURFACE ( 'NONE', #5285, 0.1141732283464528700 ) ;
#8009 = EDGE_CURVE ( 'NONE', #1610, #5242, #2620, .T. ) ;
#8010 = CARTESIAN_POINT ( 'NONE',  ( -18.09856080336986400, 35.18315472321038600, -41.63769542106335600 ) ) ;
#8011 = CARTESIAN_POINT ( 'NONE',  ( -20.18320647280737700, 35.26681925917308300, -45.39207681223967200 ) ) ;
#8012 = DIRECTION ( 'NONE',  ( 0.0000000000000000000, -0.0000000000000000000, -1.000000000000000000 ) ) ;
#8013 = CARTESIAN_POINT ( 'NONE',  ( -18.25465201797342700, 35.70886147732543500, -44.14662577793030400 ) ) ;
#8014 = ORIENTED_EDGE ( 'NONE', *, *, #7353, .T. ) ;
#8015 = ADVANCED_FACE ( 'NONE', ( #2726 ), #4344, .F. ) ;
#8016 = VERTEX_POINT ( 'NONE', #1418 ) ;
#8017 = LINE ( 'NONE', #2016, #8055 ) ;
#8018 = EDGE_LOOP ( 'NONE', ( #786, #4112, #249, #2834 ) ) ;
#8019 = ORIENTED_EDGE ( 'NONE', *, *, #6327, .T. ) ;
#8020 = EDGE_CURVE ( 'NONE', #327, #1610, #2521, .T. ) ;
#8021 = DIRECTION ( 'NONE',  ( 1.454865855989699900E-012, 1.000000000000000000, 4.133679873545697400E-024 ) ) ;
#8022 = ORIENTED_EDGE ( 'NONE', *, *, #5537, .F. ) ;
#8023 = EDGE_CURVE ( 'NONE', #3206, #3241, #2540, .T. ) ;
#8024 = CIRCLE ( 'NONE', #5328, 10.62992125984252000 ) ;
#8025 = ORIENTED_EDGE ( 'NONE', *, *, #5687, .T. ) ;
#8026 = DIRECTION ( 'NONE',  ( -4.663511435505943600E-017, 6.669132062231799500E-016, 1.000000000000000000 ) ) ;
#8027 = B_SPLINE_CURVE_WITH_KNOTS ( 'NONE', 3,
 ( #5838, #5848, #5892, #5570 ),
 .UNSPECIFIED., .F., .F.,
 ( 4, 4 ),
 ( 0.0000000000000000000, 0.02919907554229349300 ),
 .UNSPECIFIED. ) ;
#8028 = VERTEX_POINT ( 'NONE', #3607 ) ;
#8029 = CARTESIAN_POINT ( 'NONE',  ( -20.17926946494197400, 35.49811535277825000, -40.13164799701663600 ) ) ;
#8030 = ORIENTED_EDGE ( 'NONE', *, *, #6934, .T. ) ;
#8031 = CARTESIAN_POINT ( 'NONE',  ( -19.70899736155805800, 34.52173740003043200, -44.92298657540377600 ) ) ;
#8032 = FACE_OUTER_BOUND ( 'NONE', #1453, .T. ) ;
#8033 =( BOUNDED_CURVE ( )  B_SPLINE_CURVE ( 3, ( #4752, #4426, #4522, #4394 ),
 .UNSPECIFIED., .F., .F. ) 
 B_SPLINE_CURVE_WITH_KNOTS ( ( 4, 4 ),
 ( 6.159596807871614600, 6.406773806691845200 ),
 .UNSPECIFIED. ) 
 CURVE ( )  GEOMETRIC_REPRESENTATION_ITEM ( )  RATIONAL_B_SPLINE_CURVE ( ( 1.000000000000000000, 0.9949151048241626800, 0.9949151048241626800, 1.000000000000000000 ) ) 
 REPRESENTATION_ITEM ( '' )  );
#8034 = EDGE_CURVE ( 'NONE', #988, #327, #2415, .T. ) ;
#8035 = CARTESIAN_POINT ( 'NONE',  ( -18.21667122637516900, 36.20677677045007000, -41.38949776896950500 ) ) ;
#8036 = ORIENTED_EDGE ( 'NONE', *, *, #5359, .T. ) ;
#8037 = CARTESIAN_POINT ( 'NONE',  ( -20.18320647280326300, 33.67859577921099400, -45.03322279586711800 ) ) ;
#8038 = ORIENTED_EDGE ( 'NONE', *, *, #7367, .F. ) ;
#8039 = PLANE ( 'NONE',  #2282 ) ;
#8040 = VECTOR ( 'NONE', #9487, 39.37007874015748900 ) ;
#8041 = VECTOR ( 'NONE', #7047, 39.37007874015748100 ) ;
#8042 = B_SPLINE_CURVE_WITH_KNOTS ( 'NONE', 3,
 ( #3576, #3363, #3096, #3309 ),
 .UNSPECIFIED., .F., .F.,
 ( 4, 4 ),
 ( 0.0000000000000000000, 1.000000000000000000 ),
 .UNSPECIFIED. ) ;
#8043 = ORIENTED_EDGE ( 'NONE', *, *, #818, .F. ) ;
#8044 = ORIENTED_EDGE ( 'NONE', *, *, #4116, .F. ) ;
#8045 = EDGE_CURVE ( 'NONE', #3771, #4778, #2426, .T. ) ;
#8046 = LINE ( 'NONE', #2237, #8106 ) ;
#8047 = DIRECTION ( 'NONE',  ( 1.000000000000000000, -0.0000000000000000000, 0.0000000000000000000 ) ) ;
#8048 = EDGE_CURVE ( 'NONE', #3729, #3631, #2400, .T. ) ;
#8049 = CARTESIAN_POINT ( 'NONE',  ( -28.84659229942962400, 33.79732795119071700, -43.77338027978458300 ) ) ;
#8050 = DIRECTION ( 'NONE',  ( 0.9975640502597359300, -0.06975647374538658500, 0.0000000000000000000 ) ) ;
#8051 = LINE ( 'NONE', #7085, #7958 ) ;
#8052 = CARTESIAN_POINT ( 'NONE',  ( -18.90171040980376900, 43.94239225515590900, -40.76156925685236100 ) ) ;
#8053 = CARTESIAN_POINT ( 'NONE',  ( -19.86824584288602600, 35.26681925917341000, -45.39207681223975000 ) ) ;
#8054 = EDGE_LOOP ( 'NONE', ( #672, #3794 ) ) ;
#8055 = VECTOR ( 'NONE', #1811, 39.37007874015748100 ) ;
#8056 = PLANE ( 'NONE',  #1306 ) ;
#8057 = ADVANCED_FACE ( 'NONE', ( #2307 ), #7417, .T. ) ;
#8058 = CARTESIAN_POINT ( 'NONE',  ( -18.21667103973641800, 35.18315472284717100, -41.01649051669606600 ) ) ;
#8059 = DIRECTION ( 'NONE',  ( -0.06975647374538659900, -0.9975640502597360500, 6.685417403027073200E-016 ) ) ;
#8060 = LINE ( 'NONE', #2566, #8041 ) ;
#8061 = CARTESIAN_POINT ( 'NONE',  ( -18.21667103958929300, 36.20677677045449600, -41.54697808229786200 ) ) ;
#8062 = DIRECTION ( 'NONE',  ( 0.008726535499663082300, -2.104980926161010800E-013, -0.9999619230641601000 ) ) ;
#8063 = EDGE_CURVE ( 'NONE', #5242, #988, #933, .T. ) ;
#8064 = DIRECTION ( 'NONE',  ( -2.741527612597545200E-015, 1.000000000000000000, -1.570620117469848500E-013 ) ) ;
#8065 = CARTESIAN_POINT ( 'NONE',  ( -18.24673970650834700, 33.69890275435333400, -41.38976017261980900 ) ) ;
#8066 = ORIENTED_EDGE ( 'NONE', *, *, #8131, .F. ) ;
#8067 = ORIENTED_EDGE ( 'NONE', *, *, #8076, .T. ) ;
#8068 = PLANE ( 'NONE',  #5082 ) ;
#8069 = CARTESIAN_POINT ( 'NONE',  ( -18.24659895944754600, 34.61908783719319900, -43.77511184854498800 ) ) ;
#8070 = FACE_OUTER_BOUND ( 'NONE', #1916, .T. ) ;
#8071 = DIRECTION ( 'NONE',  ( 1.264251560247360100E-012, -1.000000000000000000, 1.993517598846150100E-013 ) ) ;
#8072 = LINE ( 'NONE', #3302, #8165 ) ;
#8073 = ORIENTED_EDGE ( 'NONE', *, *, #2028, .F. ) ;
#8074 = VERTEX_POINT ( 'NONE', #6667 ) ;
#8075 = EDGE_CURVE ( 'NONE', #3423, #5158, #2313, .T. ) ;
#8076 = EDGE_CURVE ( 'NONE', #1523, #8261, #2295, .T. ) ;
#8077 = CIRCLE ( 'NONE', #777, 1.673228346456692200 ) ;
#8078 = CARTESIAN_POINT ( 'NONE',  ( -20.17926946494190300, 35.90460178798436900, -39.95448264269448700 ) ) ;
#8079 = DIRECTION ( 'NONE',  ( 1.000000000000000000, 0.0000000000000000000, -0.0000000000000000000 ) ) ;
#8080 = VERTEX_POINT ( 'NONE', #7457 ) ;
#8081 = ORIENTED_EDGE ( 'NONE', *, *, #5734, .T. ) ;
#8082 = CIRCLE ( 'NONE', #5343, 0.1141732283464528700 ) ;
#8083 = DIRECTION ( 'NONE',  ( -1.000000000000000000, -1.264160903132708700E-012, 4.613425257440969900E-014 ) ) ;
#8084 = CARTESIAN_POINT ( 'NONE',  ( -19.08674977989651100, 34.72252480158827100, -40.55290783953070400 ) ) ;
#8085 = ORIENTED_EDGE ( 'NONE', *, *, #1995, .F. ) ;
#8086 = ORIENTED_EDGE ( 'NONE', *, *, #1726, .T. ) ;
#8087 = EDGE_CURVE ( 'NONE', #1523, #1780, #2285, .T. ) ;
#8088 = DIRECTION ( 'NONE',  ( -0.9999619230641601000, 0.0000000000000000000, -0.008726535499663082300 ) ) ;
#8089 = CARTESIAN_POINT ( 'NONE',  ( -17.71461946968326700, 33.65528093473621900, -43.46133835927126700 ) ) ;
#8090 = DIRECTION ( 'NONE',  ( 1.000000000000000000, 1.264374020883690100E-012, 0.0000000000000000000 ) ) ;
#8091 = DIRECTION ( 'NONE',  ( 2.613222830118091900E-015, 1.497114356561256300E-013, 1.000000000000000000 ) ) ;
#8092 = CARTESIAN_POINT ( 'NONE',  ( -18.28991281778543200, 35.62318451395716300, -40.63145515489173900 ) ) ;
#8093 = FACE_BOUND ( 'NONE', #7920, .T. ) ;
#8094 = ORIENTED_EDGE ( 'NONE', *, *, #7367, .T. ) ;
#8095 = VERTEX_POINT ( 'NONE', #1510 ) ;
#8096 = DIRECTION ( 'NONE',  ( 0.0000000000000000000, 1.000000000000000000, 0.0000000000000000000 ) ) ;
#8097 = AXIS2_PLACEMENT_3D ( 'NONE', #2547, #8556, #4037 ) ;
#8098 = EDGE_CURVE ( 'NONE', #3504, #5569, #2203, .T. ) ;
#8099 = ADVANCED_FACE ( 'NONE', ( #2158 ), #4853, .T. ) ;
#8100 = EDGE_CURVE ( 'NONE', #1780, #1844, #2084, .T. ) ;
#8101 = LINE ( 'NONE', #3114, #8113 ) ;
#8102 = DIRECTION ( 'NONE',  ( 1.000000000000000000, -0.0000000000000000000, 1.552565295730630100E-012 ) ) ;
#8103 = ORIENTED_EDGE ( 'NONE', *, *, #6590, .F. ) ;
#8104 = CARTESIAN_POINT ( 'NONE',  ( -18.69666226734315000, 36.66740669136515900, -43.77519476291653400 ) ) ;
#8105 = CARTESIAN_POINT ( 'NONE',  ( -20.06903324446118100, 35.69496574648024300, -45.16708106358976900 ) ) ;
#8106 = VECTOR ( 'NONE', #2528, 39.37007874015748100 ) ;
#8107 = ORIENTED_EDGE ( 'NONE', *, *, #5773, .F. ) ;
#8108 = ORIENTED_EDGE ( 'NONE', *, *, #1166, .F. ) ;
#8109 = EDGE_CURVE ( 'NONE', #8261, #1844, #2166, .T. ) ;
#8110 = CARTESIAN_POINT ( 'NONE',  ( -18.22647264970702700, 34.46666007746242900, -44.15710709941845400 ) ) ;
#8111 = PLANE ( 'NONE',  #440 ) ;
#8112 = EDGE_CURVE ( 'NONE', #5589, #5609, #2187, .T. ) ;
#8113 = VECTOR ( 'NONE', #2910, 39.37007874015748100 ) ;
#8114 = VERTEX_POINT ( 'NONE', #9313 ) ;
#8115 = CARTESIAN_POINT ( 'NONE',  ( -19.93744475792362500, 36.66740669136362400, -45.03322279586771500 ) ) ;
#8116 = VECTOR ( 'NONE', #3445, 39.37007874015748100 ) ;
#8117 = CARTESIAN_POINT ( 'NONE',  ( -18.54344269327280500, 33.70721796244992400, -43.58696941156259900 ) ) ;
#8118 = CARTESIAN_POINT ( 'NONE',  ( -18.24499292679317000, 36.65388202321058500, -43.77519476291653400 ) ) ;
#8119 = DIRECTION ( 'NONE',  ( -0.0000000000000000000, 0.0000000000000000000, -1.000000000000000000 ) ) ;
#8120 = DIRECTION ( 'NONE',  ( 1.000000000000000000, 0.0000000000000000000, 0.0000000000000000000 ) ) ;
#8121 = CARTESIAN_POINT ( 'NONE',  ( -18.54344269327142000, 36.71858779372264100, -43.47219917382323500 ) ) ;
#8122 = ORIENTED_EDGE ( 'NONE', *, *, #6283, .T. ) ;
#8123 = EDGE_LOOP ( 'NONE', ( #7609, #7687, #7707, #7754 ) ) ;
#8124 = EDGE_CURVE ( 'NONE', #1263, #1523, #2070, .T. ) ;
#8125 = LINE ( 'NONE', #3290, #8116 ) ;
#8126 = ORIENTED_EDGE ( 'NONE', *, *, #6138, .F. ) ;
#8127 = EDGE_CURVE ( 'NONE', #1263, #1743, #1980, .T. ) ;
#8128 = DIRECTION ( 'NONE',  ( -1.000000000000000000, -0.0000000000000000000, -0.0000000000000000000 ) ) ;
#8129 = CARTESIAN_POINT ( 'NONE',  ( -18.28991281778759900, 36.20677677009130200, -41.11885272142056600 ) ) ;
#8130 = CARTESIAN_POINT ( 'NONE',  ( -19.86824584288602600, 35.25601256916610300, -45.23753394510512000 ) ) ;
#8131 = EDGE_CURVE ( 'NONE', #3276, #3556, #2052, .T. ) ;
#8132 = DIRECTION ( 'NONE',  ( -2.841279047498729900E-012, -1.993517598874520100E-013, -1.000000000000000000 ) ) ;
#8133 = CARTESIAN_POINT ( 'NONE',  ( -19.02375765391047200, 36.66747541208421500, -41.53715980803386300 ) ) ;
#8134 = ORIENTED_EDGE ( 'NONE', *, *, #5789, .T. ) ;
#8135 = FACE_OUTER_BOUND ( 'NONE', #8343, .T. ) ;
#8136 = CARTESIAN_POINT ( 'NONE',  ( -18.30014871118578800, 35.78157991970044100, -41.63417669104402600 ) ) ;
#8137 = DIRECTION ( 'NONE',  ( 1.000000000000000000, 1.264160903132879200E-012, 8.238259388288557800E-016 ) ) ;
#8138 = ORIENTED_EDGE ( 'NONE', *, *, #7384, .T. ) ;
#8139 = EDGE_CURVE ( 'NONE', #1743, #1780, #1960, .T. ) ;
#8140 = EDGE_CURVE ( 'NONE', #5692, #5441, #1938, .T. ) ;
#8141 = ORIENTED_EDGE ( 'NONE', *, *, #5794, .T. ) ;
#8142 = ORIENTED_EDGE ( 'NONE', *, *, #6295, .F. ) ;
#8143 = LINE ( 'NONE', #3598, #8171 ) ;
#8144 = CARTESIAN_POINT ( 'NONE',  ( -18.29768877701857500, 33.79732795119368700, -40.24188421747829400 ) ) ;
#8145 = ADVANCED_FACE ( 'NONE', ( #1832 ), #6556, .F. ) ;
#8146 = DIRECTION ( 'NONE',  ( -1.000000000000000000, 0.0000000000000000000, -2.653479358379120200E-013 ) ) ;
#8147 = FACE_OUTER_BOUND ( 'NONE', #2226, .T. ) ;
#8148 = CARTESIAN_POINT ( 'NONE',  ( -20.18320647280272000, 36.66740669136373800, -42.58243539644212900 ) ) ;
#8149 = CARTESIAN_POINT ( 'NONE',  ( -18.22085767658680300, 35.13168170967095700, -41.10596886686791200 ) ) ;
#8150 = CARTESIAN_POINT ( 'NONE',  ( -18.28991281778759900, 34.59956246670427800, -41.49126929155105600 ) ) ;
#8151 = ORIENTED_EDGE ( 'NONE', *, *, #6821, .T. ) ;
#8152 = CARTESIAN_POINT ( 'NONE',  ( -18.96076552792012700, 33.65528093473621900, -43.63236285116811800 ) ) ;
#8153 = CARTESIAN_POINT ( 'NONE',  ( -18.26639530245350300, 33.70865916057903200, -44.54396724895286000 ) ) ;
#8154 = ORIENTED_EDGE ( 'NONE', *, *, #6210, .T. ) ;
#8155 = CARTESIAN_POINT ( 'NONE',  ( -20.12245564181026900, 34.78551692757819300, -39.99778972929458800 ) ) ;
#8156 = FACE_OUTER_BOUND ( 'NONE', #7598, .T. ) ;
#8157 = EDGE_CURVE ( 'NONE', #1549, #1156, #1851, .T. ) ;
#8158 = VECTOR ( 'NONE', #2535, 39.37007874015748100 ) ;
#8159 = DIRECTION ( 'NONE',  ( -0.0000000000000000000, -0.0000000000000000000, -1.000000000000000000 ) ) ;
#8160 = ORIENTED_EDGE ( 'NONE', *, *, #7586, .T. ) ;
#8161 = VERTEX_POINT ( 'NONE', #4341 ) ;
#8162 = ORIENTED_EDGE ( 'NONE', *, *, #4144, .F. ) ;
#8163 = FACE_OUTER_BOUND ( 'NONE', #2729, .T. ) ;
#8164 = CARTESIAN_POINT ( 'NONE',  ( -18.24374390433039400, 35.61995606902825500, -44.05452660334831400 ) ) ;
#8165 = VECTOR ( 'NONE', #8575, 39.37007874015748100 ) ;
#8166 = ORIENTED_EDGE ( 'NONE', *, *, #4847, .T. ) ;
#8167 = EDGE_CURVE ( 'NONE', #2035, #1549, #1731, .T. ) ;
#8168 = VERTEX_POINT ( 'NONE', #9471 ) ;
#8169 = CARTESIAN_POINT ( 'NONE',  ( -18.28991281778759900, 35.62318451395945100, -41.54761725361293400 ) ) ;
#8170 = DIRECTION ( 'NONE',  ( -1.264129099611980100E-012, 1.000000000000000000, -1.993517598846150100E-013 ) ) ;
#8171 = VECTOR ( 'NONE', #3665, 39.37007874015748100 ) ;
#8172 = LINE ( 'NONE', #8546, #8158 ) ;
#8173 = CARTESIAN_POINT ( 'NONE',  ( -18.24369720404890000, 34.74635664228541300, -41.38973362110352400 ) ) ;
#8174 = CARTESIAN_POINT ( 'NONE',  ( -20.18320647280272000, 33.72547749199693400, -44.33243539429290800 ) ) ;
#8175 = CARTESIAN_POINT ( 'NONE',  ( -18.54245844130035400, 33.71465078584638100, -43.47219917382323500 ) ) ;
#8176 = ORIENTED_EDGE ( 'NONE', *, *, #5401, .T. ) ;
#8177 = ORIENTED_EDGE ( 'NONE', *, *, #4734, .F. ) ;
#8178 = CARTESIAN_POINT ( 'NONE',  ( -18.22672701013846100, 35.10603980489909000, -40.94884520986157400 ) ) ;
#8179 = EDGE_CURVE ( 'NONE', #3159, #5546, #1724, .T. ) ;
#8180 = CARTESIAN_POINT ( 'NONE',  ( -18.24614878367025000, 36.66289959749478600, -43.77519476291653400 ) ) ;
#8181 = CIRCLE ( 'NONE', #5388, 0.1417322834645666200 ) ;
#8183 = DIRECTION ( 'NONE',  ( 1.264251560247140000E-012, 1.000000000000000000, -0.0000000000000000000 ) ) ;
#8182 = VECTOR ( 'NONE', #7810, 39.37007874015748100 ) ;
#8184 = EDGE_CURVE ( 'NONE', #1602, #2035, #1741, .T. ) ;
#8185 = ORIENTED_EDGE ( 'NONE', *, *, #5259, .T. ) ;
#8186 = ORIENTED_EDGE ( 'NONE', *, *, #6701, .F. ) ;
#8187 = DIRECTION ( 'NONE',  ( -1.000000000000000000, -1.264009473221381800E-012, 2.841348555614752700E-012 ) ) ;
#8188 = CARTESIAN_POINT ( 'NONE',  ( -18.43969898051834700, 36.65728063001711200, -41.69267161906142100 ) ) ;
#8189 = LINE ( 'NONE', #3242, #8182 ) ;
#8190 = LINE ( 'NONE', #4127, #8202 ) ;
#8191 = B_SPLINE_CURVE_WITH_KNOTS ( 'NONE', 3,
 ( #3137, #3545, #3072, #3032 ),
 .UNSPECIFIED., .F., .F.,
 ( 4, 4 ),
 ( 1.532107773982716000E-014, 0.009200000008934171000 ),
 .UNSPECIFIED. ) ;
#8192 = LINE ( 'NONE', #7019, #8390 ) ;
#8193 = CARTESIAN_POINT ( 'NONE',  ( -18.22660901985891300, 35.10180148382429600, -40.95400019536873500 ) ) ;
#8194 = ADVANCED_FACE ( 'NONE', ( #1621 ), #8850, .T. ) ;
#8195 = EDGE_CURVE ( 'NONE', #1156, #1602, #1586, .T. ) ;
#8196 = ORIENTED_EDGE ( 'NONE', *, *, #4286, .T. ) ;
#8197 = EDGE_CURVE ( 'NONE', #1568, #2155, #1606, .T. ) ;
#8198 = ORIENTED_EDGE ( 'NONE', *, *, #48, .T. ) ;
#8199 = EDGE_CURVE ( 'NONE', #5044, #5059, #1594, .T. ) ;
#8200 =( BOUNDED_SURFACE ( )  B_SPLINE_SURFACE ( 3, 1, ( 
 ( #3182, #2543 ),
 ( #2448, #2437 ),
 ( #2498, #2467 ),
 ( #2462, #2389 ) ),
 .UNSPECIFIED., .F., .F., .T. ) 
 B_SPLINE_SURFACE_WITH_KNOTS ( ( 4, 4 ),
 ( 2, 2 ),
 ( 0.0000000000000000000, 1.000000000000000000 ),
 ( 0.0000000000000000000, 1.000000000000000000 ),
 .UNSPECIFIED. ) 
 GEOMETRIC_REPRESENTATION_ITEM ( )  RATIONAL_B_SPLINE_SURFACE ( (
 ( 1.004170041804380000, 1.004170041804380000),
 ( 0.9947853275914060300, 0.9947853275914060300),
 ( 0.9947083073362049700, 0.9947083073362049700),
 ( 1.003938981038780000, 1.003938981038780000) ) ) 
 REPRESENTATION_ITEM ( '' )  SURFACE ( )  );
#8201 = DIRECTION ( 'NONE',  ( 1.264129099611980100E-012, -1.000000000000000000, 1.993517598846150100E-013 ) ) ;
#8202 = VECTOR ( 'NONE', #4146, 39.37007874015748100 ) ;
#8203 = CARTESIAN_POINT ( 'NONE',  ( -20.18435155911031800, 33.69465101347503800, -44.39667339940590600 ) ) ;
#8204 = ORIENTED_EDGE ( 'NONE', *, *, #48, .F. ) ;
#8205 = EDGE_LOOP ( 'NONE', ( #7735, #8236, #2940, #9174 ) ) ;
#8206 = CARTESIAN_POINT ( 'NONE',  ( -20.18320647280597400, 33.69890275434995900, -41.50566374503790000 ) ) ;
#8207 = CARTESIAN_POINT ( 'NONE',  ( -18.20367755046082800, 34.99717801623854300, -41.01644874439212900 ) ) ;
#8208 = FACE_BOUND ( 'NONE', #2117, .T. ) ;
#8209 = EDGE_CURVE ( 'NONE', #2155, #2010, #1492, .T. ) ;
#8210 = CARTESIAN_POINT ( 'NONE',  ( -28.84659229943267900, 36.20677677044011500, -43.77338027978504400 ) ) ;
#8211 = EDGE_CURVE ( 'NONE', #2795, #5111, #1474, .T. ) ;
#8212 = DIRECTION ( 'NONE',  ( -1.000000000000000000, 0.0000000000000000000, 2.842170943040402000E-012 ) ) ;
#8213 = CARTESIAN_POINT ( 'NONE',  ( -16.35033292560488100, 35.48755587558692800, -41.58046689462362600 ) ) ;
#8214 = ORIENTED_EDGE ( 'NONE', *, *, #7386, .F. ) ;
#8215 = ORIENTED_EDGE ( 'NONE', *, *, #5857, .F. ) ;
#8216 = PLANE ( 'NONE',  #1655 ) ;
#8217 = DIRECTION ( 'NONE',  ( 0.0000000000000000000, -0.0000000000000000000, 1.000000000000000000 ) ) ;
#8218 = CARTESIAN_POINT ( 'NONE',  ( -19.08674977989437200, 35.84457204569830700, -44.92298657540393900 ) ) ;
#8219 = ORIENTED_EDGE ( 'NONE', *, *, #6970, .T. ) ;
#8220 = EDGE_CURVE ( 'NONE', #2010, #2021, #1512, .T. ) ;
#8221 = CARTESIAN_POINT ( 'NONE',  ( -18.30926420606651900, 35.64378464411856100, -44.92298657540402500 ) ) ;
#8222 = EDGE_CURVE ( 'NONE', #2021, #1568, #1402, .T. ) ;
#8223 = EDGE_CURVE ( 'NONE', #2102, #1568, #1374, .T. ) ;
#8224 = EDGE_CURVE ( 'NONE', #2021, #1996, #1391, .T. ) ;
#8225 = DIRECTION ( 'NONE',  ( 1.000000000000000000, -0.0000000000000000000, 8.534679987039168800E-013 ) ) ;
#8226 = LINE ( 'NONE', #4291, #8235 ) ;
#8227 = ORIENTED_EDGE ( 'NONE', *, *, #6375, .F. ) ;
#8228 = CARTESIAN_POINT ( 'NONE',  ( -18.22701909321903100, 35.24556249147754300, -44.22979338941344500 ) ) ;
#8229 = FACE_OUTER_BOUND ( 'NONE', #1976, .T. ) ;
#8230 = ORIENTED_EDGE ( 'NONE', *, *, #6213, .F. ) ;
#8231 = CARTESIAN_POINT ( 'NONE',  ( -18.24673972057572500, 36.66740669135825200, -43.77519476291653400 ) ) ;
#8232 = CARTESIAN_POINT ( 'NONE',  ( -18.30108571294016400, 34.78808774751158900, -44.92298657540595000 ) ) ;
#8233 = CARTESIAN_POINT ( 'NONE',  ( -18.20367755045866400, 35.36913142947334200, -44.14842204849213700 ) ) ;
#8234 = ORIENTED_EDGE ( 'NONE', *, *, #5875, .F. ) ;
#8235 = VECTOR ( 'NONE', #4261, 39.37007874015748100 ) ;
#8236 = ORIENTED_EDGE ( 'NONE', *, *, #6021, .F. ) ;
#8237 = EDGE_CURVE ( 'NONE', #2102, #1996, #1355, .T. ) ;
#8238 = EDGE_CURVE ( 'NONE', #7758, #5358, #1277, .T. ) ;
#8239 = CARTESIAN_POINT ( 'NONE',  ( -18.96076552792076700, 33.69993356527697200, -44.33243539429878400 ) ) ;
#8240 = CARTESIAN_POINT ( 'NONE',  ( -18.28820257321346400, 35.64378464412644100, -40.44908303442914400 ) ) ;
#8241 = EDGE_CURVE ( 'NONE', #5206, #4896, #1241, .T. ) ;
#8242 = ADVANCED_FACE ( 'NONE', ( #1141 ), #1122, .F. ) ;
#8243 = ORIENTED_EDGE ( 'NONE', *, *, #5475, .F. ) ;
#8244 = PLANE ( 'NONE',  #5913 ) ;
#8245 = ORIENTED_EDGE ( 'NONE', *, *, #3519, .F. ) ;
#8246 = CARTESIAN_POINT ( 'NONE',  ( -18.24369705730416800, 34.74635665254126600, -41.49167261038253700 ) ) ;
#8247 = VECTOR ( 'NONE', #4783, 39.37007874015748100 ) ;
#8248 = EDGE_LOOP ( 'NONE', ( #3489, #3334, #3470, #3415 ) ) ;
#8249 = DIRECTION ( 'NONE',  ( -1.566908114977799300E-012, 0.5240974256646439000, 0.8516583167043536600 ) ) ;
#8250 = ORIENTED_EDGE ( 'NONE', *, *, #3895, .F. ) ;
#8251 = EDGE_CURVE ( 'NONE', #1878, #8852, #1260, .T. ) ;
#8252 = EDGE_CURVE ( 'NONE', #4896, #2787, #1131, .T. ) ;
#8253 = CARTESIAN_POINT ( 'NONE',  ( -19.70899736156020800, 35.84457204569830700, -44.53322279587480600 ) ) ;
#8254 = ORIENTED_EDGE ( 'NONE', *, *, #5929, .T. ) ;
#8255 = FACE_OUTER_BOUND ( 'NONE', #1737, .T. ) ;
#8256 = CARTESIAN_POINT ( 'NONE',  ( -19.02178914997196900, 33.69883403362767600, -43.62771098485039500 ) ) ;
#8257 = DIRECTION ( 'NONE',  ( -1.000000000000000000, 1.083082623645810000E-012, -1.289195296225029900E-012 ) ) ;
#8258 = DIRECTION ( 'NONE',  ( -1.000000000000000000, 1.264251560246800100E-012, -2.841279047499280000E-012 ) ) ;
#8259 = ADVANCED_FACE ( 'NONE', ( #1150 ), #104, .F. ) ;
#8260 = ORIENTED_EDGE ( 'NONE', *, *, #6739, .F. ) ;
#8261 = VERTEX_POINT ( 'NONE', #3012 ) ;
#8262 = VECTOR ( 'NONE', #5636, 39.37007874015748100 ) ;
#8263 = CARTESIAN_POINT ( 'NONE',  ( -18.44501749642952900, 35.78157991970243800, -41.54897083163740500 ) ) ;
#8264 = CARTESIAN_POINT ( 'NONE',  ( -18.22569118971496100, 35.47500322635566100, -41.49182974520855500 ) ) ;
#8265 = CARTESIAN_POINT ( 'NONE',  ( -18.25057211498382200, 34.68539817967997200, -44.14676954813505500 ) ) ;
#8266 = AXIS2_PLACEMENT_3D ( 'NONE', #5466, #359, #5497 ) ;
#8267 = VECTOR ( 'NONE', #6243, 39.37007874015748100 ) ;
#8268 = EDGE_CURVE ( 'NONE', #5609, #5569, #1053, .T. ) ;
#8269 = ORIENTED_EDGE ( 'NONE', *, *, #4804, .F. ) ;
#8270 = ORIENTED_EDGE ( 'NONE', *, *, #6949, .F. ) ;
#8271 = ORIENTED_EDGE ( 'NONE', *, *, #7586, .F. ) ;
#8272 = CARTESIAN_POINT ( 'NONE',  ( -17.74423009484570800, 35.18315472285337400, -42.39936453244600800 ) ) ;
#8273 = PLANE ( 'NONE',  #5560 ) ;
#8274 = CIRCLE ( 'NONE', #745, 0.1141732283464528700 ) ;
#8275 = CARTESIAN_POINT ( 'NONE',  ( -18.22739499834695600, 36.20677677010950600, -44.25074248091298300 ) ) ;
#8276 = CARTESIAN_POINT ( 'NONE',  ( -18.24369705730066800, 36.64357484039489100, -43.61765685810315300 ) ) ;
#8277 = CARTESIAN_POINT ( 'NONE',  ( -18.90171040980378000, 43.94239225515590900, -40.76156925685472700 ) ) ;
#8278 = DIRECTION ( 'NONE',  ( -0.5462677805476158200, 0.8376105968381619700, 5.579607421684050200E-013 ) ) ;
#8279 = ORIENTED_EDGE ( 'NONE', *, *, #8009, .T. ) ;
#8280 = EDGE_CURVE ( 'NONE', #5589, #5740, #1024, .T. ) ;
#8281 = ORIENTED_EDGE ( 'NONE', *, *, #8127, .F. ) ;
#8282 = ORIENTED_EDGE ( 'NONE', *, *, #6328, .F. ) ;
#8283 = EDGE_CURVE ( 'NONE', #2035, #1878, #946, .T. ) ;
#8284 = LINE ( 'NONE', #5121, #8262 ) ;
#8285 = CARTESIAN_POINT ( 'NONE',  ( -20.17926946493779300, 35.49811535277802900, -41.60881542319410200 ) ) ;
#8286 = LINE ( 'NONE', #4822, #8247 ) ;
#8287 = VECTOR ( 'NONE', #342, 39.37007874015748100 ) ;
#8288 = CARTESIAN_POINT ( 'NONE',  ( -18.22739499834631600, 36.21347877190923700, -44.25074248091294700 ) ) ;
#8289 = CARTESIAN_POINT ( 'NONE',  ( -18.09010179024444300, 36.06330890660597500, -43.52702771919777500 ) ) ;
#8290 = ADVANCED_FACE ( 'NONE', ( #916 ), #897, .F. ) ;
#8291 = EDGE_LOOP ( 'NONE', ( #8687, #8690, #8737, #8760 ) ) ;
#8292 = ORIENTED_EDGE ( 'NONE', *, *, #7388, .T. ) ;
#8293 = CIRCLE ( 'NONE', #5492, 0.1417322834645666200 ) ;
#8294 = LINE ( 'NONE', #5485, #8267 ) ;
#8295 = EDGE_CURVE ( 'NONE', #8792, #1864, #659, .T. ) ;
#8296 = EDGE_CURVE ( 'NONE', #354, #8580, #641, .T. ) ;
#8297 = DIRECTION ( 'NONE',  ( -0.9975262508967941400, 0.06975383055390779700, 0.008705279710758072000 ) ) ;
#8298 = CARTESIAN_POINT ( 'NONE',  ( -18.24431777537764500, 34.60129490036841600, -41.39475978376057000 ) ) ;
#8299 = ORIENTED_EDGE ( 'NONE', *, *, #1580, .T. ) ;
#8300 = ORIENTED_EDGE ( 'NONE', *, *, #5958, .T. ) ;
#8301 = LINE ( 'NONE', #9170, #8287 ) ;
#8302 = CARTESIAN_POINT ( 'NONE',  ( -17.71465293941996300, 33.65528093473621900, -41.57324951501693300 ) ) ;
#8303 = FACE_OUTER_BOUND ( 'NONE', #88, .T. ) ;
#8304 = VECTOR ( 'NONE', #7779, 39.37007874015748100 ) ;
#8305 = CARTESIAN_POINT ( 'NONE',  ( -18.21658416050025400, 35.18315472284794500, -41.11137972835030000 ) ) ;
#8306 = ORIENTED_EDGE ( 'NONE', *, *, #6005, .T. ) ;
#8307 = DIRECTION ( 'NONE',  ( -1.000000000000000000, 1.264251560247360100E-012, -0.0000000000000000000 ) ) ;
#8308 = ORIENTED_EDGE ( 'NONE', *, *, #493, .F. ) ;
#8309 = EDGE_CURVE ( 'NONE', #2059, #1610, #937, .T. ) ;
#8310 = ADVANCED_FACE ( 'NONE', ( #822 ), #806, .T. ) ;
#8311 = CARTESIAN_POINT ( 'NONE',  ( -18.96076552792307300, 36.71858779372263400, -40.83243539858937500 ) ) ;
#8312 = DIRECTION ( 'NONE',  ( -1.264251560247360100E-012, 1.000000000000000000, -1.993517598846150100E-013 ) ) ;
#8313 = EDGE_CURVE ( 'NONE', #8774, #2059, #828, .T. ) ;
#8314 = FACE_OUTER_BOUND ( 'NONE', #375, .T. ) ;
#8315 = ORIENTED_EDGE ( 'NONE', *, *, #7452, .T. ) ;
#8316 = CARTESIAN_POINT ( 'NONE',  ( -20.18320647280507900, 36.66740669135894800, -41.50566374504494100 ) ) ;
#8317 = VERTEX_POINT ( 'NONE', #3835 ) ;
#8318 = CARTESIAN_POINT ( 'NONE',  ( -18.28991281778760600, 34.59956246670979900, -41.39013693865429400 ) ) ;
#8319 = CARTESIAN_POINT ( 'NONE',  ( -18.28991281778759500, 35.76674697899862600, -41.63435535922788200 ) ) ;
#8320 = DIRECTION ( 'NONE',  ( -0.0000000000000000000, 0.0000000000000000000, -1.000000000000000000 ) ) ;
#8321 = CARTESIAN_POINT ( 'NONE',  ( -18.20359440891854400, 35.02557580348182100, -43.73968990380039700 ) ) ;
#8322 = CYLINDRICAL_SURFACE ( 'NONE', #5506, 3.543307086614172300 ) ;
#8323 = EDGE_CURVE ( 'NONE', #1716, #1331, #556, .T. ) ;
#8324 = ORIENTED_EDGE ( 'NONE', *, *, #4175, .F. ) ;
#8325 = ORIENTED_EDGE ( 'NONE', *, *, #5789, .F. ) ;
#8326 = CARTESIAN_POINT ( 'NONE',  ( -18.24556651885225700, 36.65839135811623400, -43.77519476291653400 ) ) ;
#8327 = CARTESIAN_POINT ( 'NONE',  ( -18.20230041499756300, 35.02557580348178600, -44.14847057686339600 ) ) ;
#8328 = FACE_OUTER_BOUND ( 'NONE', #9448, .T. ) ;
#8329 = B_SPLINE_CURVE_WITH_KNOTS ( 'NONE', 3,
 ( #1734, #1784, #1660, #1765, #1532, #1615, #1670, #1550, #1406, #1436, #1425, #1416, #1372, #1206, #1302, #1295, #1261, #1209, #911, #1175, #1119, #1096, #1059, #1139, #1047, #1089, #1086, #1012, #943, #899 ),
 .UNSPECIFIED., .F., .F.,
 ( 4, 2, 2, 2, 2, 2, 2, 2, 2, 2, 2, 2, 2, 2, 4 ),
 ( 0.01441929306767698400, 0.01492729917794158000, 0.01543530528820617600, 0.01645131750873511700, 0.01695932361899970100, 0.01746732972926428500, 0.01848334194979346300, 0.01899134806005772100, 0.01949935417032197500, 0.02000736028058623000, 0.02051536639085048400, 0.02102337250111474200, 0.02153137861137899600, 0.02203938472164325400, 0.02254739083190750900 ),
 .UNSPECIFIED. ) ;
#8330 = ORIENTED_EDGE ( 'NONE', *, *, #7528, .T. ) ;
#8331 = CARTESIAN_POINT ( 'NONE',  ( -20.18320647280291500, 33.65528093473647400, -43.63236285115225100 ) ) ;
#8332 = DIRECTION ( 'NONE',  ( 1.000000000000000000, -0.0000000000000000000, 1.552565295730630100E-012 ) ) ;
#8333 = ADVANCED_FACE ( 'NONE', ( #708 ), #5334, .F. ) ;
#8334 = CARTESIAN_POINT ( 'NONE',  ( -18.24431777528763000, 34.74139249810735200, -41.39475978375981700 ) ) ;
#8335 = EDGE_CURVE ( 'NONE', #3516, #3840, #689, .T. ) ;
#8336 = ORIENTED_EDGE ( 'NONE', *, *, #3495, .T. ) ;
#8337 = CARTESIAN_POINT ( 'NONE',  ( -18.24369705721113600, 36.64357484038522700, -41.49167261038378000 ) ) ;
#8338 = EDGE_CURVE ( 'NONE', #1716, #1543, #906, .T. ) ;
#8339 = LINE ( 'NONE', #6079, #8357 ) ;
#8340 = DIRECTION ( 'NONE',  ( -2.841511404609931300E-012, 0.0000000000000000000, 1.000000000000000000 ) ) ;
#8341 = CARTESIAN_POINT ( 'NONE',  ( -20.18320647280470200, 36.71858779372053000, -41.53715980803621500 ) ) ;
#8342 = DIRECTION ( 'NONE',  ( -1.000000000000000000, 0.0000000000000000000, -2.653479358379120200E-013 ) ) ;
#8343 = EDGE_LOOP ( 'NONE', ( #8230, #8744, #3233, #9426, #1225, #4430 ) ) ;
#8344 = FACE_OUTER_BOUND ( 'NONE', #4928, .T. ) ;
#8345 = VERTEX_POINT ( 'NONE', #6900 ) ;
#8346 = CARTESIAN_POINT ( 'NONE',  ( -18.26841952441337100, 35.54535944727540200, -44.61196295335344100 ) ) ;
#8347 = VECTOR ( 'NONE', #6227, 39.37007874015748100 ) ;
#8348 = EDGE_CURVE ( 'NONE', #3043, #2891, #584, .T. ) ;
#8349 = CARTESIAN_POINT ( 'NONE',  ( -18.22738435150870700, 36.22024887165334700, -44.25007115282895100 ) ) ;
#8350 = DIRECTION ( 'NONE',  ( 1.000000000000000000, 0.0000000000000000000, -0.0000000000000000000 ) ) ;
#8351 = EDGE_CURVE ( 'NONE', #1736, #1543, #366, .T. ) ;
#8352 = ORIENTED_EDGE ( 'NONE', *, *, #7452, .F. ) ;
#8353 = EDGE_CURVE ( 'NONE', #1736, #1331, #594, .T. ) ;
#8354 = EDGE_CURVE ( 'NONE', #1331, #1709, #668, .T. ) ;
#8355 = DIRECTION ( 'NONE',  ( -2.841511404609931300E-012, 0.0000000000000000000, 1.000000000000000000 ) ) ;
#8356 = EDGE_LOOP ( 'NONE', ( #8094, #8138, #8160, #8176, #8185, #8219 ) ) ;
#8357 = VECTOR ( 'NONE', #6124, 39.37007874015748100 ) ;
#8358 = VERTEX_POINT ( 'NONE', #1700 ) ;
#8359 = ADVANCED_FACE ( 'NONE', ( #563 ), #8475, .T. ) ;
#8360 = CARTESIAN_POINT ( 'NONE',  ( -19.99423009486043400, 35.89181614017976300, -39.95448264269409600 ) ) ;
#8361 = CARTESIAN_POINT ( 'NONE',  ( -18.28991281778759500, 34.74312493174913600, -41.49126929155101400 ) ) ;
#8362 = CARTESIAN_POINT ( 'NONE',  ( -18.25593964767055500, 35.70886147732555600, -43.73985560248701900 ) ) ;
#8363 = ORIENTED_EDGE ( 'NONE', *, *, #1332, .F. ) ;
#8364 = ORIENTED_EDGE ( 'NONE', *, *, #8098, .T. ) ;
#8365 = EDGE_CURVE ( 'NONE', #1989, #1736, #451, .T. ) ;
#8366 = LINE ( 'NONE', #6959, #8347 ) ;
#8367 = EDGE_CURVE ( 'NONE', #1709, #1989, #479, .T. ) ;
#8368 = DIRECTION ( 'NONE',  ( 1.000000000000000000, 0.0000000000000000000, 2.842170943040402000E-012 ) ) ;
#8369 = B_SPLINE_CURVE_WITH_KNOTS ( 'NONE', 3,
 ( #2045, #557, #425, #296 ),
 .UNSPECIFIED., .F., .F.,
 ( 4, 4 ),
 ( 0.009199999991019058900, 0.01840000000002584000 ),
 .UNSPECIFIED. ) ;
#8370 = CARTESIAN_POINT ( 'NONE',  ( -18.22701859830488000, 36.26921397171275900, -40.93510184700451800 ) ) ;
#8371 = EDGE_CURVE ( 'NONE', #1601, #1989, #444, .T. ) ;
#8372 = DIRECTION ( 'NONE',  ( -2.841279047498729900E-012, 1.993517598874519800E-013, 1.000000000000000000 ) ) ;
#8373 = CARTESIAN_POINT ( 'NONE',  ( -18.58450840415727600, 34.72252480158751800, -41.69267161906103100 ) ) ;
#8374 = VERTEX_POINT ( 'NONE', #3225 ) ;
#8375 = CARTESIAN_POINT ( 'NONE',  ( -18.69666226734531700, 33.69890275434673300, -41.69267161906142100 ) ) ;
#8376 = ORIENTED_EDGE ( 'NONE', *, *, #5119, .T. ) ;
#8377 = CARTESIAN_POINT ( 'NONE',  ( -20.17926946493964700, 34.47449330553192900, -45.03322279586741700 ) ) ;
#8378 = FACE_OUTER_BOUND ( 'NONE', #8650, .T. ) ;
#8379 = LINE ( 'NONE', #315, #8304 ) ;
#8380 = EDGE_CURVE ( 'NONE', #1601, #1933, #373, .T. ) ;
#8381 = EDGE_CURVE ( 'NONE', #1709, #1933, #352, .T. ) ;
#8382 = EDGE_CURVE ( 'NONE', #1933, #1644, #243, .T. ) ;
#8383 = DIRECTION ( 'NONE',  ( 2.841279047499280000E-012, 0.0000000000000000000, -1.000000000000000000 ) ) ;
#8384 = VERTEX_POINT ( 'NONE', #4716 ) ;
#8385 = CARTESIAN_POINT ( 'NONE',  ( -18.22734154655329800, 36.23333461931433400, -44.24746212395847100 ) ) ;
#8386 = ORIENTED_EDGE ( 'NONE', *, *, #6229, .T. ) ;
#8387 = VECTOR ( 'NONE', #6414, 39.37007874015748100 ) ;
#8388 = ADVANCED_FACE ( 'NONE', ( #330 ), #4746, .F. ) ;
#8389 = DIRECTION ( 'NONE',  ( -1.000000000000000000, 1.264251560246800100E-012, -2.841279047499280000E-012 ) ) ;
#8390 = VECTOR ( 'NONE', #3274, 39.37007874015748100 ) ;
#8391 = ORIENTED_EDGE ( 'NONE', *, *, #7453, .F. ) ;
#8392 = DIRECTION ( 'NONE',  ( 1.000000000000000000, -1.253981997269020000E-012, 2.841279047499280000E-012 ) ) ;
#8393 = ORIENTED_EDGE ( 'NONE', *, *, #5987, .F. ) ;
#8394 = CARTESIAN_POINT ( 'NONE',  ( -18.28991281778760200, 34.59956246670425600, -41.58046689462322800 ) ) ;
#8395 = ORIENTED_EDGE ( 'NONE', *, *, #4286, .F. ) ;
#8396 = FACE_OUTER_BOUND ( 'NONE', #6256, .T. ) ;
#8397 = EDGE_CURVE ( 'NONE', #2181, #1601, #150, .T. ) ;
#8398 = VECTOR ( 'NONE', #5452, 39.37007874015748100 ) ;
#8399 = CARTESIAN_POINT ( 'NONE',  ( -21.75997812620185100, 35.18315472321023700, -42.57259287528425100 ) ) ;
#8400 = CARTESIAN_POINT ( 'NONE',  ( -18.22350395915757900, 36.30390686743543000, -41.04947966371119600 ) ) ;
#8401 = EDGE_LOOP ( 'NONE', ( #168, #189, #381, #223 ) ) ;
#8402 = DIRECTION ( 'NONE',  ( -0.0000000000000000000, 0.0000000000000000000, -1.000000000000000000 ) ) ;
#8403 = VERTEX_POINT ( 'NONE', #7033 ) ;
#8404 = DIRECTION ( 'NONE',  ( -0.9975640502599124600, -0.06975647374286454700, 0.0000000000000000000 ) ) ;
#8405 = PLANE ( 'NONE',  #5133 ) ;
#8406 = ADVANCED_FACE ( 'NONE', ( #141 ), #4001, .F. ) ;
#8408 = CARTESIAN_POINT ( 'NONE',  ( -20.18320647280423000, 36.71858779371670100, -40.89936453244724400 ) ) ;
#8407 = LINE ( 'NONE', #2474, #8426 ) ;
#8409 = CARTESIAN_POINT ( 'NONE',  ( -18.29768877701640800, 36.56898149451820500, -44.92298657540595700 ) ) ;
#8410 = EDGE_CURVE ( 'NONE', #1644, #2181, #120, .T. ) ;
#8411 = EDGE_CURVE ( 'NONE', #5569, #5785, #138, .T. ) ;
#8412 = EDGE_CURVE ( 'NONE', #2192, #2181, #306, .T. ) ;
#8413 = DIRECTION ( 'NONE',  ( 1.000000000000000000, 0.0000000000000000000, 0.0000000000000000000 ) ) ;
#8414 = ORIENTED_EDGE ( 'NONE', *, *, #5794, .F. ) ;
#8415 = EDGE_CURVE ( 'NONE', #5431, #5757, #232, .T. ) ;
#8416 = VECTOR ( 'NONE', #7233, 39.37007874015748100 ) ;
#8417 = CYLINDRICAL_SURFACE ( 'NONE', #750, 1.673228346456692200 ) ;
#8418 = CARTESIAN_POINT ( 'NONE',  ( -18.22730947302388000, 36.23972702851061500, -44.24552900003104100 ) ) ;
#8419 = DIRECTION ( 'NONE',  ( -1.000000000000000000, 0.0000000000000000000, 2.841499533867840700E-012 ) ) ;
#8420 = CARTESIAN_POINT ( 'NONE',  ( -20.05722222084756000, 35.94102873860504100, -39.91314406001693300 ) ) ;
#8421 = CARTESIAN_POINT ( 'NONE',  ( -17.75398663348459400, 35.18315472285336700, -42.58243539858782600 ) ) ;
#8422 = ORIENTED_EDGE ( 'NONE', *, *, #5065, .F. ) ;
#8423 = VERTEX_POINT ( 'NONE', #1147 ) ;
#8424 = B_SPLINE_CURVE_WITH_KNOTS ( 'NONE', 3,
 ( #464, #160, #95, #4 ),
 .UNSPECIFIED., .F., .F.,
 ( 4, 4 ),
 ( 0.009200000009073394700, 0.01840000000027564000 ),
 .UNSPECIFIED. ) ;
#8425 = EDGE_CURVE ( 'NONE', #2192, #2217, #9501, .T. ) ;
#8426 = VECTOR ( 'NONE', #3988, 39.37007874015748100 ) ;
#8427 = EDGE_CURVE ( 'NONE', #1644, #2217, #305, .T. ) ;
#8428 = CARTESIAN_POINT ( 'NONE',  ( -18.21667122637300900, 34.15953267526182200, -43.77537302391473900 ) ) ;
#8429 = CARTESIAN_POINT ( 'NONE',  ( -18.22581165748496400, 35.47833517576704300, -44.05324791124680000 ) ) ;
#8430 = CYLINDRICAL_SURFACE ( 'NONE', #5534, 0.1417322834645666200 ) ;
#8431 = FACE_OUTER_BOUND ( 'NONE', #20, .T. ) ;
#8432 = CARTESIAN_POINT ( 'NONE',  ( -18.20497137696547100, 35.36913142947338400, -43.73969426258818800 ) ) ;
#8433 = EDGE_CURVE ( 'NONE', #1965, #2198, #9379, .T. ) ;
#8434 = ORIENTED_EDGE ( 'NONE', *, *, #2580, .F. ) ;
#8435 = ORIENTED_EDGE ( 'NONE', *, *, #6045, .T. ) ;
#8436 = DIRECTION ( 'NONE',  ( 0.9999619230641939600, 0.0000000000000000000, -0.008726535495770303800 ) ) ;
#8437 = CARTESIAN_POINT ( 'NONE',  ( -18.22016794196371200, 36.20677677009243200, -41.11885272142048100 ) ) ;
#8438 = CARTESIAN_POINT ( 'NONE',  ( -17.75398663348346400, 35.18315472285335900, -43.21235665843008200 ) ) ;
#8439 = LINE ( 'NONE', #6921, #8501 ) ;
#8440 = CARTESIAN_POINT ( 'NONE',  ( -18.28991281778786200, 36.20677677009133800, -40.91412831197175100 ) ) ;
#8441 = EDGE_CURVE ( 'NONE', #1702, #1965, #293, .T. ) ;
#8442 = CARTESIAN_POINT ( 'NONE',  ( -18.21667122637320400, 34.31273540169564700, -43.77537302391476700 ) ) ;
#8443 = ORIENTED_EDGE ( 'NONE', *, *, #5332, .F. ) ;
#8444 = ORIENTED_EDGE ( 'NONE', *, *, #6654, .T. ) ;
#8445 = CARTESIAN_POINT ( 'NONE',  ( -20.12396705856181400, 34.55717047088519000, -39.82459852400829400 ) ) ;
#8446 = DIRECTION ( 'NONE',  ( 1.000000000000000000, 1.264296198619073900E-012, 0.0000000000000000000 ) ) ;
#8447 = CARTESIAN_POINT ( 'NONE',  ( -18.43969898051618000, 33.70902881569464400, -44.39667339940512400 ) ) ;
#8448 = LINE ( 'NONE', #7121, #8416 ) ;
#8449 = ADVANCED_FACE ( 'NONE', ( #9374 ), #483, .F. ) ;
#8450 = DIRECTION ( 'NONE',  ( -0.0000000000000000000, -1.000000000000000000, -0.0000000000000000000 ) ) ;
#8451 = CARTESIAN_POINT ( 'NONE',  ( -18.24659895944754600, 34.61908783719319900, -43.77511184854498800 ) ) ;
#8452 = ORIENTED_EDGE ( 'NONE', *, *, #2251, .F. ) ;
#8453 = CARTESIAN_POINT ( 'NONE',  ( -18.22721900970593700, 36.25220006524294500, -44.24036026494764700 ) ) ;
#8454 = CARTESIAN_POINT ( 'NONE',  ( -19.70899736155935500, 35.54535944727425100, -44.92298657540377600 ) ) ;
#8455 = CARTESIAN_POINT ( 'NONE',  ( -19.08674977989437200, 35.64378464412362000, -44.61408278857756200 ) ) ;
#8456 = DIRECTION ( 'NONE',  ( -0.0000000000000000000, -1.000000000000000000, -0.0000000000000000000 ) ) ;
#8457 = LINE ( 'NONE', #6323, #8387 ) ;
#8458 = ADVANCED_FACE ( 'NONE', ( #9321 ), #2670, .T. ) ;
#8459 = DIRECTION ( 'NONE',  ( 2.841215912481556800E-012, 0.0000000000000000000, -1.000000000000000000 ) ) ;
#8460 = VECTOR ( 'NONE', #7312, 39.37007874015748100 ) ;
#8461 = ORIENTED_EDGE ( 'NONE', *, *, #6389, .T. ) ;
#8462 = FACE_OUTER_BOUND ( 'NONE', #1046, .T. ) ;
#8463 = DIRECTION ( 'NONE',  ( 0.0000000000000000000, 0.8516583167046486400, 0.5240974256641642800 ) ) ;
#8464 = CARTESIAN_POINT ( 'NONE',  ( -18.24499292099456900, 36.65388202310593600, -41.38974492865418900 ) ) ;
#8465 = AXIS2_PLACEMENT_3D ( 'NONE', #9130, #5433, #1023 ) ;
#8466 = ORIENTED_EDGE ( 'NONE', *, *, #7914, .T. ) ;
#8467 = CARTESIAN_POINT ( 'NONE',  ( -18.28991281778569400, 36.20677677010878200, -44.25074248091289800 ) ) ;
#8468 = VERTEX_POINT ( 'NONE', #9337 ) ;
#8469 = VECTOR ( 'NONE', #7748, 39.37007874015748100 ) ;
#8470 = CARTESIAN_POINT ( 'NONE',  ( -17.74030041505622200, 35.18315472285335200, -42.58243539858779100 ) ) ;
#8471 = EDGE_LOOP ( 'NONE', ( #2209, #8066, #8525, #3112, #9403 ) ) ;
#8472 = PLANE ( 'NONE',  #1567 ) ;
#8473 = DIRECTION ( 'NONE',  ( -2.841279047499280000E-012, 0.0000000000000000000, -1.000000000000000000 ) ) ;
#8474 = DIRECTION ( 'NONE',  ( 0.0000000000000000000, 0.0000000000000000000, 1.000000000000000000 ) ) ;
#8475 = PLANE ( 'NONE',  #8465 ) ;
#8476 = ORIENTED_EDGE ( 'NONE', *, *, #7231, .T. ) ;
#8477 = LINE ( 'NONE', #7304, #8460 ) ;
#8478 = ORIENTED_EDGE ( 'NONE', *, *, #6328, .T. ) ;
#8479 = CARTESIAN_POINT ( 'NONE',  ( -18.24369705721481700, 34.59633074590579600, -41.49167261038329000 ) ) ;
#8480 = DIRECTION ( 'NONE',  ( 2.841279047498729900E-012, 1.993517598874520100E-013, 1.000000000000000000 ) ) ;
#8481 = CARTESIAN_POINT ( 'NONE',  ( -18.28991281778759900, 34.59956246670427800, -41.54761725361272100 ) ) ;
#8482 = CARTESIAN_POINT ( 'NONE',  ( -18.28991281778759900, 35.17035938176496000, -40.55290783953110200 ) ) ;
#8483 = ORIENTED_EDGE ( 'NONE', *, *, #882, .T. ) ;
#8484 = VERTEX_POINT ( 'NONE', #7164 ) ;
#8485 = LINE ( 'NONE', #7669, #8469 ) ;
#8486 = DIRECTION ( 'NONE',  ( -1.000000000000000000, -0.0000000000000000000, 1.552565295730630100E-012 ) ) ;
#8487 = DIRECTION ( 'NONE',  ( -0.3420201433265294100, 0.0000000000000000000, 0.9396926207855950100 ) ) ;
#8488 = ADVANCED_FACE ( 'NONE', ( #9338 ), #219, .T. ) ;
#8489 = VERTEX_POINT ( 'NONE', #8674 ) ;
#8490 = CARTESIAN_POINT ( 'NONE',  ( -18.09856080336986400, 35.18315472321038600, -41.63769542106335600 ) ) ;
#8491 = ORIENTED_EDGE ( 'NONE', *, *, #5494, .F. ) ;
#8492 = FACE_OUTER_BOUND ( 'NONE', #7021, .T. ) ;
#8493 = PLANE ( 'NONE',  #3593 ) ;
#8494 = LINE ( 'NONE', #4700, #8398 ) ;
#8495 = ADVANCED_FACE ( 'NONE', ( #9292 ), #3479, .F. ) ;
#8496 = CARTESIAN_POINT ( 'NONE',  ( -18.54344269327106400, 36.65909148325929600, -41.50054669389013600 ) ) ;
#8497 = DIRECTION ( 'NONE',  ( -1.000000000000000000, 0.0000000000000000000, -0.0000000000000000000 ) ) ;
#8498 = ORIENTED_EDGE ( 'NONE', *, *, #4175, .T. ) ;
#8499 = ORIENTED_EDGE ( 'NONE', *, *, #6050, .T. ) ;
#8500 = ORIENTED_EDGE ( 'NONE', *, *, #8348, .T. ) ;
#8501 = VECTOR ( 'NONE', #6863, 39.37007874015748100 ) ;
#8502 = CARTESIAN_POINT ( 'NONE',  ( -20.18320647280358300, 33.67331220317787900, -44.26550626043623300 ) ) ;
#8503 = DIRECTION ( 'NONE',  ( -0.0000000000000000000, 0.0000000000000000000, -1.000000000000000000 ) ) ;
#8504 = VECTOR ( 'NONE', #6951, 39.37007874015748100 ) ;
#8505 = CARTESIAN_POINT ( 'NONE',  ( -18.22716168099804400, 36.25811372976070100, -44.23718901315871200 ) ) ;
#8506 = CARTESIAN_POINT ( 'NONE',  ( -21.74423009470742200, 36.20677676974561600, -43.47219917381286800 ) ) ;
#8507 = ORIENTED_EDGE ( 'NONE', *, *, #1399, .T. ) ;
#8508 = ORIENTED_EDGE ( 'NONE', *, *, #3462, .F. ) ;
#8509 = CARTESIAN_POINT ( 'NONE',  ( -18.67884231677417600, 34.61631982535023900, -40.55290783953110200 ) ) ;
#8510 = ORIENTED_EDGE ( 'NONE', *, *, #8309, .T. ) ;
#8511 = LINE ( 'NONE', #7649, #8566 ) ;
#8512 = VECTOR ( 'NONE', #7834, 39.37007874015748100 ) ;
#8513 = LINE ( 'NONE', #9148, #8594 ) ;
#8514 = CARTESIAN_POINT ( 'NONE',  ( -18.28012414616978300, 36.20677677045037500, -40.23175918363477900 ) ) ;
#8515 = CARTESIAN_POINT ( 'NONE',  ( -18.24369705721174400, 34.59633074590559000, -42.57259287527395500 ) ) ;
#8516 = CARTESIAN_POINT ( 'NONE',  ( -19.96853923816141900, 33.69890275434673300, -40.24188421748110000 ) ) ;
#8517 = ORIENTED_EDGE ( 'NONE', *, *, #6050, .F. ) ;
#8518 = VERTEX_POINT ( 'NONE', #581 ) ;
#8519 = VECTOR ( 'NONE', #7879, 39.37007874015748100 ) ;
#8520 = VECTOR ( 'NONE', #283, 39.37007874015748100 ) ;
#8521 = CARTESIAN_POINT ( 'NONE',  ( -19.38112961814850600, 34.17528070710976400, -44.53322279587441600 ) ) ;
#8522 = DIRECTION ( 'NONE',  ( 0.0000000000000000000, 0.0000000000000000000, -1.000000000000000000 ) ) ;
#8523 = ORIENTED_EDGE ( 'NONE', *, *, #1403, .T. ) ;
#8524 = CARTESIAN_POINT ( 'NONE',  ( -18.23765435029762800, 36.20677677045024700, -40.61870720698928500 ) ) ;
#8525 = ORIENTED_EDGE ( 'NONE', *, *, #4962, .F. ) ;
#8526 = DIRECTION ( 'NONE',  ( -0.0000000000000000000, 0.0000000000000000000, -1.000000000000000000 ) ) ;
#8527 = DIRECTION ( 'NONE',  ( 0.008726535499508062200, 0.0000000000000000000, -0.9999619230641613200 ) ) ;
#8528 = VECTOR ( 'NONE', #7893, 39.37007874015748900 ) ;
#8529 = LINE ( 'NONE', #6170, #8504 ) ;
#8530 = CARTESIAN_POINT ( 'NONE',  ( -18.22589896612966600, 35.47833517565243300, -41.39476546330346500 ) ) ;
#8531 = ADVANCED_FACE ( 'NONE', ( #9284 ), #4971, .T. ) ;
#8532 = ORIENTED_EDGE ( 'NONE', *, *, #5359, .F. ) ;
#8533 = DIRECTION ( 'NONE',  ( 0.9975262508966271600, 0.06975383055626918600, -0.008705279710982533100 ) ) ;
#8534 = VERTEX_POINT ( 'NONE', #5720 ) ;
#8535 = CARTESIAN_POINT ( 'NONE',  ( -19.09375929415740500, 34.61908783719968600, -44.92298657540472800 ) ) ;
#8536 = CARTESIAN_POINT ( 'NONE',  ( -18.21648246839876600, 36.20677677045014800, -41.00740272761722600 ) ) ;
#8537 = LINE ( 'NONE', #7732, #8519 ) ;
#8538 = PLANE ( 'NONE',  #1906 ) ;
#8539 = ORIENTED_EDGE ( 'NONE', *, *, #5180, .F. ) ;
#8540 = ORIENTED_EDGE ( 'NONE', *, *, #6106, .T. ) ;
#8541 = CARTESIAN_POINT ( 'NONE',  ( -18.21667230359204500, 36.20677677045007000, -41.39667438122428000 ) ) ;
#8542 = CARTESIAN_POINT ( 'NONE',  ( -18.24369705721481700, 34.59633074590579600, -41.49167261038329000 ) ) ;
#8543 = DIRECTION ( 'NONE',  ( -0.0000000000000000000, 0.0000000000000000000, 1.000000000000000000 ) ) ;
#8544 = LINE ( 'NONE', #7956, #8512 ) ;
#8545 = ORIENTED_EDGE ( 'NONE', *, *, #2188, .T. ) ;
#8546 = CARTESIAN_POINT ( 'NONE',  ( -20.06903324446314900, 34.55717047088511900, -39.82459852400826600 ) ) ;
#8547 = EDGE_LOOP ( 'NONE', ( #5499, #1255, #5403, #6878 ) ) ;
#8548 = CARTESIAN_POINT ( 'NONE',  ( -18.12382062240696700, 34.58794816899791200, -41.63725450928192400 ) ) ;
#8549 = CARTESIAN_POINT ( 'NONE',  ( -19.09375929415740500, 35.64378464411350200, -44.92298657540472800 ) ) ;
#8550 = CARTESIAN_POINT ( 'NONE',  ( -18.28012414616997800, 36.05305059576249200, -40.23175918363475000 ) ) ;
#8551 = CARTESIAN_POINT ( 'NONE',  ( -19.96853923815925600, 36.61228798142165200, -44.92298657540337100 ) ) ;
#8552 = ORIENTED_EDGE ( 'NONE', *, *, #1776, .F. ) ;
#8553 = CARTESIAN_POINT ( 'NONE',  ( -18.54344269331450700, 33.65528093473623300, -43.63236285116888500 ) ) ;
#8554 = VECTOR ( 'NONE', #8159, 39.37007874015748100 ) ;
#8555 = ORIENTED_EDGE ( 'NONE', *, *, #6151, .T. ) ;
#8556 = DIRECTION ( 'NONE',  ( 1.134155878637920100E-012, 1.993517598852940400E-013, 1.000000000000000000 ) ) ;
#8557 = LINE ( 'NONE', #7902, #8528 ) ;
#8558 = DIRECTION ( 'NONE',  ( -1.000000000000000000, -0.0000000000000000000, 1.552565295730630100E-012 ) ) ;
#8559 = CARTESIAN_POINT ( 'NONE',  ( -18.28991281778543200, 35.19595006394693100, -40.63145515489173900 ) ) ;
#8560 = CARTESIAN_POINT ( 'NONE',  ( -18.30926420606651900, 35.64378464411856100, -44.92298657540402500 ) ) ;
#8561 = ORIENTED_EDGE ( 'NONE', *, *, #4365, .F. ) ;
#8562 = PLANE ( 'NONE',  #1889 ) ;
#8563 = PLANE ( 'NONE',  #1525 ) ;
#8564 = LINE ( 'NONE', #8115, #8583 ) ;
#8565 = ORIENTED_EDGE ( 'NONE', *, *, #6542, .F. ) ;
#8566 = VECTOR ( 'NONE', #7646, 39.37007874015748100 ) ;
#8567 = CARTESIAN_POINT ( 'NONE',  ( -18.23765435029782000, 36.05305059576235700, -40.61870720698922100 ) ) ;
#8568 = DIRECTION ( 'NONE',  ( 1.000000000000000000, 1.083082623645810000E-012, -1.289195296225029900E-012 ) ) ;
#8569 = DIRECTION ( 'NONE',  ( 0.0000000000000000000, -1.000000000000000000, 0.0000000000000000000 ) ) ;
#8570 = EDGE_LOOP ( 'NONE', ( #1797, #4646, #755, #4054, #5972, #1576, #6362, #7423 ) ) ;
#8571 = ADVANCED_FACE ( 'NONE', ( #4520 ), #9241, .F. ) ;
#8572 = ORIENTED_EDGE ( 'NONE', *, *, #3213, .F. ) ;
#8573 = FACE_OUTER_BOUND ( 'NONE', #2739, .T. ) ;
#8574 = VERTEX_POINT ( 'NONE', #4270 ) ;
#8575 = DIRECTION ( 'NONE',  ( 1.000000000000000000, -1.264129099612020100E-012, -0.0000000000000000000 ) ) ;
#8576 = CARTESIAN_POINT ( 'NONE',  ( -18.22453347097642200, 35.34073364223027600, -40.60822255333937400 ) ) ;
#8577 = CARTESIAN_POINT ( 'NONE',  ( -18.25465201806082800, 33.63382592113653400, -41.01824501495197200 ) ) ;
#8578 = ORIENTED_EDGE ( 'NONE', *, *, #6690, .T. ) ;
#8579 = CARTESIAN_POINT ( 'NONE',  ( -18.21648246839895800, 36.05305059576225800, -41.00740272761717600 ) ) ;
#8580 = VERTEX_POINT ( 'NONE', #5001 ) ;
#8581 = B_SPLINE_CURVE_WITH_KNOTS ( 'NONE', 3,
 ( #9443, #9491, #85, #9436 ),
 .UNSPECIFIED., .F., .F.,
 ( 4, 4 ),
 ( 0.0000000000000000000, 1.000000000000000000 ),
 .UNSPECIFIED. ) ;
#8582 = DIRECTION ( 'NONE',  ( 0.0000000000000000000, -1.000000000000000000, -0.0000000000000000000 ) ) ;
#8583 = VECTOR ( 'NONE', #8047, 39.37007874015748100 ) ;
#8584 = CARTESIAN_POINT ( 'NONE',  ( -21.75997812620055100, 36.20677677045429700, -42.57259287528425100 ) ) ;
#8585 = CARTESIAN_POINT ( 'NONE',  ( -18.24369705721264600, 35.76997869980609600, -43.67319818250096100 ) ) ;
#8586 = CARTESIAN_POINT ( 'NONE',  ( -18.28991281778543200, 34.74312493175811100, -40.63145515489173900 ) ) ;
#8587 = ORIENTED_EDGE ( 'NONE', *, *, #2604, .F. ) ;
#8588 = CARTESIAN_POINT ( 'NONE',  ( -21.75997812619968700, 35.18315472250165500, -42.59227791760000100 ) ) ;
#8589 = ORIENTED_EDGE ( 'NONE', *, *, #7799, .F. ) ;
#8590 = VECTOR ( 'NONE', #8526, 39.37007874015748100 ) ;
#8591 = CARTESIAN_POINT ( 'NONE',  ( -18.21667230359224000, 36.05305059576218000, -41.39667438122424400 ) ) ;
#8592 = DIRECTION ( 'NONE',  ( 0.9998476951564070300, 0.01745240643637507900, 0.0000000000000000000 ) ) ;
#8593 = DIRECTION ( 'NONE',  ( 0.9998476951563627400, 0.01745240643891090100, 0.0000000000000000000 ) ) ;
#8594 = VECTOR ( 'NONE', #3958, 39.37007874015748100 ) ;
#8595 = PRODUCT_DEFINITION_CONTEXT ( 'detailed design', #7151, 'design' ) ;
#8596 = CARTESIAN_POINT ( 'NONE',  ( -18.29005451700694000, 35.89964936824969800, -40.23284909958445600 ) ) ;
#8597 = VERTEX_POINT ( 'NONE', #3505 ) ;
#8598 = ORIENTED_EDGE ( 'NONE', *, *, #2240, .F. ) ;
#8599 = DIRECTION ( 'NONE',  ( 1.000000000000000000, -1.264251560246800100E-012, 2.841279047499280000E-012 ) ) ;
#8600 = CYLINDRICAL_SURFACE ( 'NONE', #5576, 0.3976377952755904600 ) ;
#8601 = B_SPLINE_CURVE_WITH_KNOTS ( 'NONE', 3,
 ( #9178, #9193, #9011, #8997 ),
 .UNSPECIFIED., .F., .F.,
 ( 4, 4 ),
 ( 1.246780456654050800E-013, 0.009200000009073394700 ),
 .UNSPECIFIED. ) ;
#8602 = VECTOR ( 'NONE', #8463, 39.37007874015748900 ) ;
#8603 = CARTESIAN_POINT ( 'NONE',  ( -20.18320647280272000, 34.21810369460666800, -40.13164799701680600 ) ) ;
#8604 = ORIENTED_EDGE ( 'NONE', *, *, #7467, .T. ) ;
#8605 = FILL_AREA_STYLE_COLOUR ( '', #8903 ) ;
#8606 = VERTEX_POINT ( 'NONE', #9413 ) ;
#8607 = EDGE_LOOP ( 'NONE', ( #3378, #9328, #1535, #4576 ) ) ;
#8608 = LINE ( 'NONE', #8276, #8730 ) ;
#8609 = CARTESIAN_POINT ( 'NONE',  ( -18.24762463426528600, 35.89964936824957700, -40.61943346903769500 ) ) ;
#8610 = LINE ( 'NONE', #9086, #8602 ) ;
#8611 = CARTESIAN_POINT ( 'NONE',  ( -18.30764716386296000, 33.71133378872835400, -44.92298657540357700 ) ) ;
#8612 = ORIENTED_EDGE ( 'NONE', *, *, #7468, .F. ) ;
#8613 = PLANE ( 'NONE',  #991 ) ;
#8614 = ORIENTED_EDGE ( 'NONE', *, *, #6281, .F. ) ;
#8615 = ADVANCED_FACE ( 'NONE', ( #9260 ), #5750, .F. ) ;
#8616 = DIRECTION ( 'NONE',  ( 0.0000000000000000000, -0.0000000000000000000, 1.000000000000000000 ) ) ;
#8617 = LINE ( 'NONE', #8455, #8590 ) ;
#8618 = LINE ( 'NONE', #3925, #8700 ) ;
#8619 = CARTESIAN_POINT ( 'NONE',  ( -18.12382062248815400, 36.63519226348139300, -43.77338027620511700 ) ) ;
#8620 = CARTESIAN_POINT ( 'NONE',  ( -18.29797068255634700, 35.64378464412360600, -44.81946977750957500 ) ) ;
#8621 = B_SPLINE_CURVE_WITH_KNOTS ( 'NONE', 3,
 ( #9098, #9135, #8949, #8934, #8926, #8916, #8906, #8897, #8885, #8876, #8870, #8868, #8859, #8832, #8821, #8801, #8790, #8773, #8772, #8762, #8757, #8754, #8747, #8745, #8738, #8727, #8719, #8710, #8702, #8701, #8681, #8679 ),
 .UNSPECIFIED., .F., .F.,
 ( 4, 2, 2, 2, 2, 2, 2, 2, 2, 2, 2, 2, 2, 2, 2, 4 ),
 ( 0.006286364475108561900, 0.006794672512143933900, 0.007302980549179305900, 0.008319596623250357900, 0.008827904660285882500, 0.009336212697321408900, 0.009844520734356935300, 0.01035282877139246000, 0.01086113680842798500, 0.01136944484546351100, 0.01187775288249903700, 0.01238606091953456000, 0.01289436895657008700, 0.01340267699360561300, 0.01391098503064114000, 0.01441929306767666600 ),
 .UNSPECIFIED. ) ;
#8622 = CARTESIAN_POINT ( 'NONE',  ( -19.38112961815067000, 35.84457204568146000, -40.63164799700984300 ) ) ;
#8623 = DIRECTION ( 'NONE',  ( 1.000000000000000000, -0.0000000000000000000, 0.0000000000000000000 ) ) ;
#8624 = ORIENTED_EDGE ( 'NONE', *, *, #8241, .T. ) ;
#8625 = ORIENTED_EDGE ( 'NONE', *, *, #7262, .F. ) ;
#8626 = VECTOR ( 'NONE', #6141, 39.37007874015748100 ) ;
#8627 = CARTESIAN_POINT ( 'NONE',  ( -18.22647264970917600, 35.89964936824947000, -41.00776369346577600 ) ) ;
#8628 = DIRECTION ( 'NONE',  ( -1.000000000000000000, 0.0000000000000000000, -0.0000000000000000000 ) ) ;
#8629 = FACE_OUTER_BOUND ( 'NONE', #4007, .T. ) ;
#8630 = LINE ( 'NONE', #7712, #8520 ) ;
#8631 = CARTESIAN_POINT ( 'NONE',  ( -18.30912262350377500, 34.61908783719302800, -44.92298657540594300 ) ) ;
#8632 = ORIENTED_EDGE ( 'NONE', *, *, #4642, .F. ) ;
#8633 =( BOUNDED_SURFACE ( )  B_SPLINE_SURFACE ( 3, 3, ( 
 ( #8659, #8951, #8653, #8640 ),
 ( #8639, #8627, #8609, #8596 ),
 ( #8591, #8579, #8567, #8550 ),
 ( #8541, #8536, #8524, #8514 ) ),
 .UNSPECIFIED., .F., .F., .T. ) 
 B_SPLINE_SURFACE_WITH_KNOTS ( ( 4, 4 ),
 ( 4, 4 ),
 ( 0.0000000000000000000, 1.000000000000000000 ),
 ( 0.0000000000000000000, 1.000000000000000000 ),
 .UNSPECIFIED. ) 
 GEOMETRIC_REPRESENTATION_ITEM ( )  RATIONAL_B_SPLINE_SURFACE ( (
 ( 1.000000000000000000, 0.9989954739788293700, 0.9989954739788293700, 1.000000000000000000),
 ( 0.9985907965869201800, 0.9975876861472471300, 0.9975876861472471300, 0.9985907965869201800),
 ( 0.9985907965869201800, 0.9975876861472471300, 0.9975876861472471300, 0.9985907965869201800),
 ( 1.000000000000000000, 0.9989954739788293700, 0.9989954739788293700, 1.000000000000000000) ) ) 
 REPRESENTATION_ITEM ( '' )  SURFACE ( )  );
#8634 = VERTEX_POINT ( 'NONE', #3535 ) ;
#8635 = DIRECTION ( 'NONE',  ( 0.0000000000000000000, 0.0000000000000000000, 1.000000000000000000 ) ) ;
#8636 = CARTESIAN_POINT ( 'NONE',  ( -18.21667103958929300, 36.20677677045449600, -41.54697808229786200 ) ) ;
#8637 = SURFACE_STYLE_USAGE ( .BOTH. , #3374 ) ;
#8638 = LINE ( 'NONE', #8148, #8554 ) ;
#8639 = CARTESIAN_POINT ( 'NONE',  ( -18.22666230649527500, 35.89964936824938500, -41.39666950942295600 ) ) ;
#8640 = CARTESIAN_POINT ( 'NONE',  ( -18.30987327694323200, 35.74722160851213500, -40.23502432374407800 ) ) ;
#8641 = ORIENTED_EDGE ( 'NONE', *, *, #8238, .F. ) ;
#8642 = VERTEX_POINT ( 'NONE', #7299 ) ;
#8643 = CARTESIAN_POINT ( 'NONE',  ( -18.30764716386296000, 33.71133378872835400, -44.92298657540357700 ) ) ;
#8644 = DIRECTION ( 'NONE',  ( -0.0000000000000000000, -1.000000000000000000, -0.0000000000000000000 ) ) ;
#8645 = DIRECTION ( 'NONE',  ( 1.000000000000000000, -1.083082623645810000E-012, 1.289195296225029900E-012 ) ) ;
#8646 = VECTOR ( 'NONE', #8558, 39.37007874015748100 ) ;
#8647 = DIRECTION ( 'NONE',  ( -1.000000000000000000, -1.264006638975650100E-012, 0.0000000000000000000 ) ) ;
#8648 = CARTESIAN_POINT ( 'NONE',  ( -18.24369705720896900, 33.72273460532666400, -43.67319818250047100 ) ) ;
#8649 = DIRECTION ( 'NONE',  ( 0.9975640502599124600, -0.06975647374286454700, 0.0000000000000000000 ) ) ;
#8650 = EDGE_LOOP ( 'NONE', ( #1063, #4362, #457, #3232 ) ) ;
#8651 = DIRECTION ( 'NONE',  ( -1.000000000000000000, 1.264251560246800100E-012, -2.841279047499280000E-012 ) ) ;
#8652 = ORIENTED_EDGE ( 'NONE', *, *, #3706, .T. ) ;
#8653 = CARTESIAN_POINT ( 'NONE',  ( -18.26752305172543000, 35.74722160851200700, -40.62088292278174600 ) ) ;
#8654 = CARTESIAN_POINT ( 'NONE',  ( -18.30014871118362400, 33.71146467470695300, -43.53069410184015500 ) ) ;
#8655 = CARTESIAN_POINT ( 'NONE',  ( -18.25186024074748700, 35.70902022692996500, -43.73984268913897500 ) ) ;
#8656 = CARTESIAN_POINT ( 'NONE',  ( -18.97257655154622900, 36.71858779371884700, -43.62771098486408100 ) ) ;
#8657 = LINE ( 'NONE', #8549, #8646 ) ;
#8658 = ORIENTED_EDGE ( 'NONE', *, *, #5634, .T. ) ;
#8659 = CARTESIAN_POINT ( 'NONE',  ( -18.24660007846258100, 35.74722160851182200, -41.39665978641649200 ) ) ;
#8660 = VERTEX_POINT ( 'NONE', #8084 ) ;
#8661 = CARTESIAN_POINT ( 'NONE',  ( -18.25597381778521800, 35.42462453926074800, -44.61196295335334800 ) ) ;
#8662 = ADVANCED_FACE ( 'NONE', ( #9253 ), #9223, .F. ) ;
#8663 = VECTOR ( 'NONE', #8486, 39.37007874015748100 ) ;
#8664 = CARTESIAN_POINT ( 'NONE',  ( -20.18320647281453300, 34.67134369923216800, -38.15527004425531700 ) ) ;
#8665 = ORIENTED_EDGE ( 'NONE', *, *, #4410, .F. ) ;
#8666 = CARTESIAN_POINT ( 'NONE',  ( -18.22660779434895800, 34.24092512081097100, -40.95405206655178900 ) ) ;
#8667 = LINE ( 'NONE', #8535, #8663 ) ;
#8668 = CARTESIAN_POINT ( 'NONE',  ( -18.22656448894092000, 34.46592060209217600, -43.77528668672034900 ) ) ;
#8669 = ORIENTED_EDGE ( 'NONE', *, *, #4889, .F. ) ;
#8670 = VECTOR ( 'NONE', #8851, 39.37007874015748100 ) ;
#8671 = ORIENTED_EDGE ( 'NONE', *, *, #57, .F. ) ;
#8672 = DIRECTION ( 'NONE',  ( -2.841279047498729900E-012, 1.993517598874520100E-013, 1.000000000000000000 ) ) ;
#8673 = DIRECTION ( 'NONE',  ( 0.0000000000000000000, -0.0000000000000000000, 1.000000000000000000 ) ) ;
#8674 = CARTESIAN_POINT ( 'NONE',  ( -19.08674977989523900, 34.82094999844449000, -40.63164799700984300 ) ) ;
#8675 = VERTEX_POINT ( 'NONE', #1370 ) ;
#8676 = FACE_OUTER_BOUND ( 'NONE', #2022, .T. ) ;
#8677 = DIRECTION ( 'NONE',  ( -0.0000000000000000000, 0.0000000000000000000, -1.000000000000000000 ) ) ;
#8678 = VERTEX_POINT ( 'NONE', #4296 ) ;
#8679 = CARTESIAN_POINT ( 'NONE',  ( -18.22016794196414900, 36.20677677010932200, -44.04601807146416800 ) ) ;
#8680 = CARTESIAN_POINT ( 'NONE',  ( -19.08674977989431900, 35.64378464411687700, -44.92298657540473500 ) ) ;
#8681 = CARTESIAN_POINT ( 'NONE',  ( -18.22016794196479600, 36.20010597825611100, -44.04601807146416100 ) ) ;
#8682 = CARTESIAN_POINT ( 'NONE',  ( -18.27158823076098300, 36.39275347672300100, -44.96271604021537600 ) ) ;
#8683 = ORIENTED_EDGE ( 'NONE', *, *, #6905, .T. ) ;
#8684 = CARTESIAN_POINT ( 'NONE',  ( -19.38112961815110300, 36.56898149452492700, -44.53322279587480600 ) ) ;
#8685 = VERTEX_POINT ( 'NONE', #5036 ) ;
#8686 = VECTOR ( 'NONE', #8973, 39.37007874015748100 ) ;
#8687 = ORIENTED_EDGE ( 'NONE', *, *, #6165, .T. ) ;
#8688 = CARTESIAN_POINT ( 'NONE',  ( -18.28991281778759900, 34.15953267560311000, -41.11885272142017600 ) ) ;
#8689 = ORIENTED_EDGE ( 'NONE', *, *, #7468, .T. ) ;
#8690 = ORIENTED_EDGE ( 'NONE', *, *, #6151, .F. ) ;
#8691 = LINE ( 'NONE', #9056, #8686 ) ;
#8692 = CARTESIAN_POINT ( 'NONE',  ( -18.27996288974150800, 35.64378464412313000, -44.61196295335315700 ) ) ;
#8693 = VECTOR ( 'NONE', #250, 39.37007874015748900 ) ;
#8694 = CARTESIAN_POINT ( 'NONE',  ( -18.28820257330271200, 35.64378464412364200, -44.71578775845434000 ) ) ;
#8695 = ORIENTED_EDGE ( 'NONE', *, *, #6445, .T. ) ;
#8696 = ORIENTED_EDGE ( 'NONE', *, *, #6520, .F. ) ;
#8697 = DIRECTION ( 'NONE',  ( 1.000000000000000000, 1.264006638976030000E-012, -2.841279047499280000E-012 ) ) ;
#8698 = ADVANCED_FACE ( 'NONE', ( #9229 ), #636, .T. ) ;
#8699 = CARTESIAN_POINT ( 'NONE',  ( -18.21658416049788800, 35.03542027077403300, -44.05349106453582000 ) ) ;
#8700 = VECTOR ( 'NONE', #977, 39.37007874015748100 ) ;
#8701 = CARTESIAN_POINT ( 'NONE',  ( -18.22020382650255500, 36.19339046009056200, -44.04667359621572600 ) ) ;
#8702 = CARTESIAN_POINT ( 'NONE',  ( -18.22034649839646300, 36.18017110611835800, -44.04930666370456300 ) ) ;
#8703 = ORIENTED_EDGE ( 'NONE', *, *, #5157, .T. ) ;
#8704 = ORIENTED_EDGE ( 'NONE', *, *, #2690, .F. ) ;
#8705 = CARTESIAN_POINT ( 'NONE',  ( -17.74030041505509200, 35.18315472285335200, -42.98007319386338300 ) ) ;
#8706 = CARTESIAN_POINT ( 'NONE',  ( -20.12245564181055400, 34.55717047088525400, -39.99778972929456700 ) ) ;
#8707 = ORIENTED_EDGE ( 'NONE', *, *, #3723, .T. ) ;
#8708 = VECTOR ( 'NONE', #9070, 39.37007874015748100 ) ;
#8709 = VECTOR ( 'NONE', #4631, 39.37007874015748100 ) ;
#8710 = CARTESIAN_POINT ( 'NONE',  ( -18.22045146342722400, 36.17378409756371800, -44.05125094632042200 ) ) ;
#8711 = DIRECTION ( 'NONE',  ( 0.9996954598818422700, -0.01744974916231123100, -0.01744974916163444900 ) ) ;
#8712 = CARTESIAN_POINT ( 'NONE',  ( -17.74030041505622200, 35.18315472285335200, -42.58243539858779100 ) ) ;
#8713 = EDGE_LOOP ( 'NONE', ( #7796, #8260, #2957, #9209 ) ) ;
#8714 = VERTEX_POINT ( 'NONE', #5784 ) ;
#8715 = ORIENTED_EDGE ( 'NONE', *, *, #3693, .T. ) ;
#8716 = LINE ( 'NONE', #9021, #8670 ) ;
#8717 = LINE ( 'NONE', #950, #8626 ) ;
#8718 = ORIENTED_EDGE ( 'NONE', *, *, #658, .F. ) ;
#8719 = CARTESIAN_POINT ( 'NONE',  ( -18.22072278052708300, 36.16144335882666600, -44.05636122933505300 ) ) ;
#8720 = ORIENTED_EDGE ( 'NONE', *, *, #7388, .F. ) ;
#8721 = CARTESIAN_POINT ( 'NONE',  ( -18.26841952441191100, 34.82094999845045900, -44.61196295335327700 ) ) ;
#8722 = LINE ( 'NONE', #9190, #8708 ) ;
#8723 = LINE ( 'NONE', #3889, #8709 ) ;
#8724 = ORIENTED_EDGE ( 'NONE', *, *, #7067, .T. ) ;
#8725 = DIRECTION ( 'NONE',  ( -1.000000000000000000, -1.264251560247140000E-012, 1.134155878638480100E-012 ) ) ;
#8726 = VERTEX_POINT ( 'NONE', #8808 ) ;
#8727 = CARTESIAN_POINT ( 'NONE',  ( -18.22089151897353400, 36.15543250089648100, -44.05957377763942900 ) ) ;
#8728 = CARTESIAN_POINT ( 'NONE',  ( -18.22701880103618400, 36.26920026869103700, -44.22977918289678500 ) ) ;
#8729 = DIRECTION ( 'NONE',  ( 0.9974128555600151300, -0.06974590117968432200, 0.01740990615281494400 ) ) ;
#8730 = VECTOR ( 'NONE', #8297, 39.37007874015748900 ) ;
#8731 = DIRECTION ( 'NONE',  ( -3.091802488614756900E-015, 1.000000000000000000, -3.542854737521613000E-013 ) ) ;
#8733 = DIRECTION ( 'NONE',  ( -0.5462677805474258600, 0.8376105968382857600, 0.0000000000000000000 ) ) ;
#8732 = VECTOR ( 'NONE', #2413, 39.37007874015747400 ) ;
#8734 = CARTESIAN_POINT ( 'NONE',  ( -19.09650671245226400, 36.71858779372072200, -44.40330153603136400 ) ) ;
#8735 = ORIENTED_EDGE ( 'NONE', *, *, #6530, .F. ) ;
#8736 = B_SPLINE_CURVE_WITH_KNOTS ( 'NONE', 3,
 ( #8451, #8668, #8442, #8428 ),
 .UNSPECIFIED., .F., .F.,
 ( 4, 4 ),
 ( 1.671998178833534800E-013, 0.01167402943777246500 ),
 .UNSPECIFIED. ) ;
#8737 = ORIENTED_EDGE ( 'NONE', *, *, #6294, .T. ) ;
#8738 = CARTESIAN_POINT ( 'NONE',  ( -18.22127341005139200, 36.14430448670708500, -44.06701663583196900 ) ) ;
#8739 = CARTESIAN_POINT ( 'NONE',  ( -18.28991281778543200, 35.19595006394693100, -44.61196295335354000 ) ) ;
#8740 = FACE_OUTER_BOUND ( 'NONE', #6415, .T. ) ;
#8741 = ADVANCED_FACE ( 'NONE', ( #9222 ), #9205, .F. ) ;
#8742 = VERTEX_POINT ( 'NONE', #667 ) ;
#8743 = CARTESIAN_POINT ( 'NONE',  ( -20.18320647280272000, 36.71858779371571300, -42.58243539644212900 ) ) ;
#8744 = ORIENTED_EDGE ( 'NONE', *, *, #7250, .F. ) ;
#8745 = CARTESIAN_POINT ( 'NONE',  ( -18.22148660594491800, 36.13915032856975500, -44.07124631384053300 ) ) ;
#8746 = CYLINDRICAL_SURFACE ( 'NONE', #5618, 0.1023622047244069200 ) ;
#8747 = CARTESIAN_POINT ( 'NONE',  ( -18.22195047384458300, 36.12966580694683900, -44.08072761103058900 ) ) ;
#8748 = ORIENTED_EDGE ( 'NONE', *, *, #1776, .T. ) ;
#8749 = VERTEX_POINT ( 'NONE', #6580 ) ;
#8750 = DIRECTION ( 'NONE',  ( 1.000000000000000000, 1.264251560247360100E-012, -0.0000000000000000000 ) ) ;
#8751 = CARTESIAN_POINT ( 'NONE',  ( -18.30095285437595000, 34.55331436487431100, -40.24188421747830100 ) ) ;
#8752 = DIRECTION ( 'NONE',  ( -1.281026566875212200E-012, 0.0000000000000000000, 1.000000000000000000 ) ) ;
#8753 = VECTOR ( 'NONE', #9283, 39.37007874015748100 ) ;
#8754 = CARTESIAN_POINT ( 'NONE',  ( -18.22220117366226000, 36.12535624832696600, -44.08598474715821400 ) ) ;
#8755 = CARTESIAN_POINT ( 'NONE',  ( -18.22693203960657000, 36.27444116318409300, -44.22548199056258500 ) ) ;
#8756 = CARTESIAN_POINT ( 'NONE',  ( -18.50800962240004200, 36.71858779372287500, -43.47219917382234700 ) ) ;
#8757 = CARTESIAN_POINT ( 'NONE',  ( -18.22271146256639800, 36.11794811672221100, -44.09707751069072400 ) ) ;
#8758 = EDGE_LOOP ( 'NONE', ( #505, #3945, #105, #2525 ) ) ;
#8759 = FACE_OUTER_BOUND ( 'NONE', #3029, .T. ) ;
#8760 = ORIENTED_EDGE ( 'NONE', *, *, #6361, .F. ) ;
#8761 = LINE ( 'NONE', #9339, #8753 ) ;
#8762 = CARTESIAN_POINT ( 'NONE',  ( -18.22297363735284700, 36.11479287246424300, -44.10296430095745300 ) ) ;
#8763 = PLANE ( 'NONE',  #36 ) ;
#8764 = ORIENTED_EDGE ( 'NONE', *, *, #6432, .T. ) ;
#8765 = VECTOR ( 'NONE', #9131, 39.37007874015748100 ) ;
#8766 = ORIENTED_EDGE ( 'NONE', *, *, #3706, .F. ) ;
#8767 = CARTESIAN_POINT ( 'NONE',  ( -18.90171040981366300, 36.66534506951563100, -43.61973416491969100 ) ) ;
#8768 = CARTESIAN_POINT ( 'NONE',  ( -18.54344269335531700, 33.69890275434673300, -41.69629940721009100 ) ) ;
#8769 = B_SPLINE_CURVE_WITH_KNOTS ( 'NONE', 3,
 ( #8231, #8180, #8326, #8118 ),
 .UNSPECIFIED., .F., .F.,
 ( 4, 4 ),
 ( 1.635480706843556200E-013, 0.0003463799352325213200 ),
 .UNSPECIFIED. ) ;
#8770 = SHAPE_DEFINITION_REPRESENTATION ( #1897, #540 ) ;
#8771 = ORIENTED_EDGE ( 'NONE', *, *, #5666, .T. ) ;
#8772 = CARTESIAN_POINT ( 'NONE',  ( -18.22350629884100200, 36.10962256292884100, -44.11544536675626900 ) ) ;
#8773 = CARTESIAN_POINT ( 'NONE',  ( -18.22376888585150600, 36.10768600847363500, -44.12185674910058000 ) ) ;
#8774 = VERTEX_POINT ( 'NONE', #1404 ) ;
#8775 = LINE ( 'NONE', #9108, #8765 ) ;
#8776 = ORIENTED_EDGE ( 'NONE', *, *, #2485, .T. ) ;
#8777 = CARTESIAN_POINT ( 'NONE',  ( -20.18320647280315000, 33.69890275435273000, -44.26550626043780300 ) ) ;
#8778 = ADVANCED_FACE ( 'NONE', ( #9268 ), #6547, .T. ) ;
#8779 = ORIENTED_EDGE ( 'NONE', *, *, #1695, .T. ) ;
#8780 = DIRECTION ( 'NONE',  ( -1.000000000000000000, 1.083082623645810000E-012, -1.289195296225029900E-012 ) ) ;
#8781 = CARTESIAN_POINT ( 'NONE',  ( -18.30926420606651900, 35.64378464411856100, -44.92298657540402500 ) ) ;
#8782 = VERTEX_POINT ( 'NONE', #7364 ) ;
#8783 = CARTESIAN_POINT ( 'NONE',  ( -18.22672596385133300, 36.28393690097556900, -44.21597804726337700 ) ) ;
#8784 = CARTESIAN_POINT ( 'NONE',  ( -18.29768877716961800, 35.54535944726775700, -44.92298657540570900 ) ) ;
#8785 = LINE ( 'NONE', #201, #8855 ) ;
#8786 = DIRECTION ( 'NONE',  ( 0.0000000000000000000, -1.000000000000000000, 0.0000000000000000000 ) ) ;
#8787 = DIRECTION ( 'NONE',  ( -1.000000000000000000, 1.264251560246800100E-012, -2.841279047499280000E-012 ) ) ;
#8788 = CARTESIAN_POINT ( 'NONE',  ( -19.70899736156279800, 34.14378464410764000, -40.63164799700944500 ) ) ;
#8789 = DIRECTION ( 'NONE',  ( 2.114402206630790100E-012, -1.000000000000000000, 0.0000000000000000000 ) ) ;
#8790 = CARTESIAN_POINT ( 'NONE',  ( -18.22427981088196000, 36.10508259582903200, -44.13493514888605800 ) ) ;
#8791 = B_SPLINE_CURVE_WITH_KNOTS ( 'NONE', 3,
 ( #7847, #7864, #7990, #7824 ),
 .UNSPECIFIED., .F., .F.,
 ( 4, 4 ),
 ( 2.223219874253422300E-015, 0.02127248946910201300 ),
 .UNSPECIFIED. ) ;
#8792 = VERTEX_POINT ( 'NONE', #4368 ) ;
#8793 = CARTESIAN_POINT ( 'NONE',  ( -18.30014871118388300, 33.71878712113519300, -43.67369082862126100 ) ) ;
#8794 = EDGE_LOOP ( 'NONE', ( #5836, #1507, #6083, #7293, #2396, #8386, #8962, #3344, #9296, #1470, #4535, #638, #3660, #5800, #1478, #5970, #7234, #2359, #8306, #8882, #3278 ) ) ;
#8795 = FACE_OUTER_BOUND ( 'NONE', #2978, .T. ) ;
#8796 = VECTOR ( 'NONE', #8436, 39.37007874015748100 ) ;
#8797 = DIRECTION ( 'NONE',  ( -1.000000000000000000, 0.0000000000000000000, -0.0000000000000000000 ) ) ;
#8798 = VERTEX_POINT ( 'NONE', #9486 ) ;
#8799 = ORIENTED_EDGE ( 'NONE', *, *, #6988, .T. ) ;
#8800 = VECTOR ( 'NONE', #76, 39.37007874015748100 ) ;
#8801 = CARTESIAN_POINT ( 'NONE',  ( -18.22453115862038000, 36.10441326934682800, -44.14168587889305000 ) ) ;
#8802 = LINE ( 'NONE', #1684, #8693 ) ;
#8803 = ORIENTED_EDGE ( 'NONE', *, *, #7112, .F. ) ;
#8804 = CARTESIAN_POINT ( 'NONE',  ( -18.29005451700478700, 34.46666007746219400, -44.93202169329976700 ) ) ;
#8805 = EDGE_LOOP ( 'NONE', ( #1265, #4437, #520, #3442, #5681 ) ) ;
#8806 = CARTESIAN_POINT ( 'NONE',  ( -19.02375765390889800, 36.71858779372287500, -43.47219917382087600 ) ) ;
#8807 = ORIENTED_EDGE ( 'NONE', *, *, #4569, .F. ) ;
#8808 = CARTESIAN_POINT ( 'NONE',  ( -19.08725445498712900, 35.74722160851220600, -40.55290783953070400 ) ) ;
#8809 = AXIS2_PLACEMENT_3D ( 'NONE', #3105, #3868, #9066 ) ;
#8810 = CARTESIAN_POINT ( 'NONE',  ( -18.29768877716961800, 35.54535944726775700, -44.92298657540570900 ) ) ;
#8811 = CYLINDRICAL_SURFACE ( 'NONE', #762, 3.543307086614172300 ) ;
#8812 = CARTESIAN_POINT ( 'NONE',  ( -19.08674977989431900, 35.74998962036165300, -44.92298657540473500 ) ) ;
#8813 = DIRECTION ( 'NONE',  ( 0.0000000000000000000, -0.0000000000000000000, -1.000000000000000000 ) ) ;
#8814 = CARTESIAN_POINT ( 'NONE',  ( -18.54344269327106400, 33.70721796245256700, -43.61589996124646300 ) ) ;
#8815 = CARTESIAN_POINT ( 'NONE',  ( -18.28010652831130800, 34.15953267562062500, -44.93295107934651600 ) ) ;
#8816 = CARTESIAN_POINT ( 'NONE',  ( -18.97257655154658100, 36.66740669136147800, -44.33637240217208100 ) ) ;
#8817 = EDGE_LOOP ( 'NONE', ( #8953, #8974 ) ) ;
#8818 = CARTESIAN_POINT ( 'NONE',  ( -18.22693175378625300, 35.25082927622976600, -44.22546952922461800 ) ) ;
#8819 = VERTEX_POINT ( 'NONE', #8840 ) ;
#8820 = DIRECTION ( 'NONE',  ( 0.0000000000000000000, 1.000000000000000000, 0.0000000000000000000 ) ) ;
#8821 = CARTESIAN_POINT ( 'NONE',  ( -18.22500519276762500, 36.10441586524733300, -44.15511424970664200 ) ) ;
#8822 = FACE_OUTER_BOUND ( 'NONE', #1785, .T. ) ;
#8823 = LINE ( 'NONE', #7675, #8796 ) ;
#8824 = CARTESIAN_POINT ( 'NONE',  ( -18.26841952433242300, 33.79732795119720400, -44.61196295335344100 ) ) ;
#8825 = ADVANCED_FACE ( 'NONE', ( #9231 ), #5846, .F. ) ;
#8826 = EDGE_LOOP ( 'NONE', ( #8352, #8376, #8391, #8422, #8443, #8491 ) ) ;
#8827 = ORIENTED_EDGE ( 'NONE', *, *, #6432, .F. ) ;
#8828 = DIRECTION ( 'NONE',  ( -1.000000000000000000, -1.236807744141249900E-012, 3.030489092610969900E-012 ) ) ;
#8829 = LINE ( 'NONE', #213, #8732 ) ;
#8830 = LINE ( 'NONE', #6, #8800 ) ;
#8831 = VECTOR ( 'NONE', #3119, 39.37007874015748900 ) ;
#8832 = CARTESIAN_POINT ( 'NONE',  ( -18.22522673430730200, 36.10507142779784600, -44.16175057652149100 ) ) ;
#8833 = CARTESIAN_POINT ( 'NONE',  ( -28.84659229943313700, 36.56898149451171800, -43.77338027978511500 ) ) ;
#8834 = ORIENTED_EDGE ( 'NONE', *, *, #7479, .T. ) ;
#8835 = ORIENTED_EDGE ( 'NONE', *, *, #6479, .F. ) ;
#8836 = CARTESIAN_POINT ( 'NONE',  ( -18.50602638140649600, 36.66327993997106200, -43.62100501387125500 ) ) ;
#8837 = CARTESIAN_POINT ( 'NONE',  ( -18.96076552792073500, 33.65528093473621900, -44.33243539429877700 ) ) ;
#8838 = FACE_OUTER_BOUND ( 'NONE', #6833, .T. ) ;
#8839 = FACE_OUTER_BOUND ( 'NONE', #9289, .T. ) ;
#8840 = CARTESIAN_POINT ( 'NONE',  ( -18.28991281778543200, 34.74312493175811800, -44.61196295335332000 ) ) ;
#8841 = LENGTH_MEASURE_WITH_UNIT ( LENGTH_MEASURE( 0.02539999999999999900 ), #4122 );
#8842 = ORIENTED_EDGE ( 'NONE', *, *, #1663, .T. ) ;
#8843 = CARTESIAN_POINT ( 'NONE',  ( -18.30108571302182000, 35.57822169822797100, -44.92298657540595000 ) ) ;
#8844 = VERTEX_POINT ( 'NONE', #2174 ) ;
#8845 = CARTESIAN_POINT ( 'NONE',  ( -18.22738448853035500, 35.16974724115710400, -40.91479109820952000 ) ) ;
#8846 = CARTESIAN_POINT ( 'NONE',  ( -18.30494418932073200, 35.61103009717643200, -44.92298657540595000 ) ) ;
#8847 = DIRECTION ( 'NONE',  ( -1.000000000000000000, -0.0000000000000000000, 0.0000000000000000000 ) ) ;
#8848 = CARTESIAN_POINT ( 'NONE',  ( -20.18320647280445000, 36.71858779372608000, -43.62771098484779500 ) ) ;
#8849 = EDGE_LOOP ( 'NONE', ( #3187, #3164, #3273, #3226 ) ) ;
#8850 = PLANE ( 'NONE',  #9304 ) ;
#8851 = DIRECTION ( 'NONE',  ( 0.0000000000000000000, 0.0000000000000000000, 1.000000000000000000 ) ) ;
#8852 = VERTEX_POINT ( 'NONE', #7405 ) ;
#8853 = DIRECTION ( 'NONE',  ( 1.000000000000000000, 0.0000000000000000000, -1.552565295730630100E-012 ) ) ;
#8854 = CARTESIAN_POINT ( 'NONE',  ( -18.29768877709683700, 34.82094999845106300, -44.92298657540594300 ) ) ;
#8855 = VECTOR ( 'NONE', #9141, 39.37007874015748100 ) ;
#8856 = CARTESIAN_POINT ( 'NONE',  ( -18.22672701013630100, 35.26026964081283000, -44.21602558302268400 ) ) ;
#8857 = ORIENTED_EDGE ( 'NONE', *, *, #5929, .F. ) ;
#8858 = ORIENTED_EDGE ( 'NONE', *, *, #7572, .F. ) ;
#8859 = CARTESIAN_POINT ( 'NONE',  ( -18.22564066430544800, 36.10767544913247900, -44.17486932612116100 ) ) ;
#8860 = DIRECTION ( 'NONE',  ( 0.9975262508966135100, -0.06975383055648462500, 0.008705279710808958400 ) ) ;
#8861 = VECTOR ( 'NONE', #1639, 39.37007874015748100 ) ;
#8862 = ORIENTED_EDGE ( 'NONE', *, *, #6463, .T. ) ;
#8863 = DIRECTION ( 'NONE',  ( -0.0000000000000000000, -1.000000000000000000, 0.0000000000000000000 ) ) ;
#8864 = ADVANCED_FACE ( 'NONE', ( #9198 ), #3624, .T. ) ;
#8865 = DIRECTION ( 'NONE',  ( 0.06975647374538644600, 0.9975640502597361600, 2.306776973838517500E-013 ) ) ;
#8866 = VECTOR ( 'NONE', #1794, 39.37007874015748100 ) ;
#8867 = ORIENTED_EDGE ( 'NONE', *, *, #7321, .T. ) ;
#8868 = CARTESIAN_POINT ( 'NONE',  ( -18.22583401299838400, 36.10965442755045300, -44.18139425155587200 ) ) ;
#8869 = LINE ( 'NONE', #1513, #8861 ) ;
#8870 = CARTESIAN_POINT ( 'NONE',  ( -18.22617880143002000, 36.11477064451510400, -44.19374044425276100 ) ) ;
#8871 = DIRECTION ( 'NONE',  ( 1.000000000000000000, -1.236807744141249900E-012, 3.030489092610969900E-012 ) ) ;
#8872 = ORIENTED_EDGE ( 'NONE', *, *, #5157, .F. ) ;
#8873 = VERTEX_POINT ( 'NONE', #733 ) ;
#8874 = ORIENTED_EDGE ( 'NONE', *, *, #6623, .F. ) ;
#8875 = DIRECTION ( 'NONE',  ( 1.000000000000000000, 0.0000000000000000000, -0.0000000000000000000 ) ) ;
#8876 = CARTESIAN_POINT ( 'NONE',  ( -18.22633246862906000, 36.11791177806338000, -44.19962774814628400 ) ) ;
#8877 = DIRECTION ( 'NONE',  ( -0.0000000000000000000, 0.0000000000000000000, -1.000000000000000000 ) ) ;
#8878 = B_SPLINE_CURVE_WITH_KNOTS ( 'NONE', 3,
 ( #7761, #7794, #7869, #7750, #7720, #7718, #7704, #7698, #7697, #7684, #7682, #7662, #7658, #7636, #7626, #7615, #7602, #7592, #7580, #7566, #7555, #7545, #7544, #7534, #7512, #7509, #7498, #7487, #7480, #7477, #7469, #7445 ),
 .UNSPECIFIED., .F., .F.,
 ( 4, 2, 2, 2, 2, 2, 2, 2, 2, 2, 2, 2, 2, 2, 2, 4 ),
 ( 0.01322346217760556700, 0.01373161409238948600, 0.01423976600717340500, 0.01474791792195732600, 0.01525606983674124300, 0.01627237366630932300, 0.01678052558109329600, 0.01728867749587727200, 0.01779682941066124500, 0.01830498132544521700, 0.01881313324022919000, 0.01932128515501316300, 0.01982943706979713900, 0.02033758898458110800, 0.02084574089936508400, 0.02135389281414905700 ),
 .UNSPECIFIED. ) ;
#8879 = PLANE ( 'NONE',  #2786 ) ;
#8880 = EDGE_LOOP ( 'NONE', ( #9128, #9186, #9199, #9237, #9255, #9270, #9297 ) ) ;
#8881 = CARTESIAN_POINT ( 'NONE',  ( -18.19304899248169200, 36.21661928978307500, -42.58243539858897700 ) ) ;
#8882 = ORIENTED_EDGE ( 'NONE', *, *, #6035, .T. ) ;
#8883 = LINE ( 'NONE', #2210, #8866 ) ;
#8884 = ORIENTED_EDGE ( 'NONE', *, *, #6690, .F. ) ;
#8885 = CARTESIAN_POINT ( 'NONE',  ( -18.22660779434679400, 36.12538432490089200, -44.21081872633244100 ) ) ;
#8886 = CARTESIAN_POINT ( 'NONE',  ( -19.01982064603328500, 36.66747541208421500, -43.47132066249449200 ) ) ;
#8887 = PRESENTATION_STYLE_ASSIGNMENT (( #8637 ) ) ;
#8888 = DIRECTION ( 'NONE',  ( -1.000000000000000000, 1.264420666934208900E-012, 0.0000000000000000000 ) ) ;
#8889 = ORIENTED_EDGE ( 'NONE', *, *, #5180, .T. ) ;
#8890 = ORIENTED_EDGE ( 'NONE', *, *, #3781, .F. ) ;
#8891 = FACE_OUTER_BOUND ( 'NONE', #942, .T. ) ;
#8892 = PLANE ( 'NONE',  #834 ) ;
#8893 = DIRECTION ( 'NONE',  ( 0.0000000000000000000, 0.0000000000000000000, -1.000000000000000000 ) ) ;
#8894 = CARTESIAN_POINT ( 'NONE',  ( -18.27270434439574800, 35.68091126603206200, -40.61177466149015200 ) ) ;
#8895 = SURFACE_STYLE_FILL_AREA ( #7912 ) ;
#8896 = VECTOR ( 'NONE', #9052, 39.37007874015748100 ) ;
#8897 = CARTESIAN_POINT ( 'NONE',  ( -18.22672748204408700, 36.12968093955894500, -44.21604671061462700 ) ) ;
#8898 = DIRECTION ( 'NONE',  ( 0.0000000000000000000, 0.0000000000000000000, -1.000000000000000000 ) ) ;
#8899 = EDGE_LOOP ( 'NONE', ( #5591, #1337, #5581, #7017 ) ) ;
#8900 = ORIENTED_EDGE ( 'NONE', *, *, #7052, .T. ) ;
#8901 = DIRECTION ( 'NONE',  ( 2.841477053650007600E-012, 0.0000000000000000000, -1.000000000000000000 ) ) ;
#8902 = VECTOR ( 'NONE', #3909, 39.37007874015748100 ) ;
#8903 = COLOUR_RGB ( '',1.000000000000000000, 1.000000000000000000, 1.000000000000000000 ) ;
#8904 = VECTOR ( 'NONE', #6073, 39.37007874015748100 ) ;
#8905 = CARTESIAN_POINT ( 'NONE',  ( -19.08674977989177200, 33.79732795120382600, -44.53322279587401100 ) ) ;
#8906 = CARTESIAN_POINT ( 'NONE',  ( -18.22703419789120400, 36.14383108577954600, -44.23019611634580900 ) ) ;
#8907 = DIRECTION ( 'NONE',  ( -0.0000000000000000000, 0.0000000000000000000, -1.000000000000000000 ) ) ;
#8908 = ORIENTED_EDGE ( 'NONE', *, *, #1034, .T. ) ;
#8909 = VERTEX_POINT ( 'NONE', #3 ) ;
#8910 = PLANE ( 'NONE',  #2796 ) ;
#8911 = ORIENTED_EDGE ( 'NONE', *, *, #3372, .F. ) ;
#8912 = ADVANCED_FACE ( 'NONE', ( #9212 ), #179, .T. ) ;
#8913 = DIRECTION ( 'NONE',  ( 1.264251560247360100E-012, 1.000000000000000000, -1.993517598846150100E-013 ) ) ;
#8914 = LINE ( 'NONE', #1652, #8831 ) ;
#8915 = ORIENTED_EDGE ( 'NONE', *, *, #3793, .T. ) ;
#8916 = CARTESIAN_POINT ( 'NONE',  ( -18.22717483093275300, 36.15525879679150700, -44.23783587588776100 ) ) ;
#8917 = ORIENTED_EDGE ( 'NONE', *, *, #5476, .T. ) ;
#8918 = EDGE_LOOP ( 'NONE', ( #9488, #9497, #19, #79 ) ) ;
#8919 = CARTESIAN_POINT ( 'NONE',  ( -18.12382062240465100, 35.77836127671401600, -43.47219917382312800 ) ) ;
#8920 = LINE ( 'NONE', #5318, #8904 ) ;
#8921 = DIRECTION ( 'NONE',  ( 2.653479358379120200E-013, -5.152908823220420200E-024, 1.000000000000000000 ) ) ;
#8922 = CARTESIAN_POINT ( 'NONE',  ( -28.84659229943530100, 33.79732795120017400, -41.39149051309914300 ) ) ;
#8923 = ORIENTED_EDGE ( 'NONE', *, *, #1267, .F. ) ;
#8924 = DIRECTION ( 'NONE',  ( -1.000000000000000000, -1.083082623645810000E-012, 1.289195296225029900E-012 ) ) ;
#8925 = VERTEX_POINT ( 'NONE', #5881 ) ;
#8926 = CARTESIAN_POINT ( 'NONE',  ( -18.22730903206732800, 36.17376737846407800, -44.24550389460007000 ) ) ;
#8927 = ADVANCED_FACE ( 'NONE', ( #9171 ), #8244, .F. ) ;
#8928 = FACE_OUTER_BOUND ( 'NONE', #2162, .T. ) ;
#8929 = VECTOR ( 'NONE', #3818, 39.37007874015748100 ) ;
#8930 = CARTESIAN_POINT ( 'NONE',  ( -18.97257655154602700, 36.66740669136515900, -44.52141177225197300 ) ) ;
#8931 = ORIENTED_EDGE ( 'NONE', *, *, #1500, .F. ) ;
#8932 = ORIENTED_EDGE ( 'NONE', *, *, #227, .F. ) ;
#8933 = CARTESIAN_POINT ( 'NONE',  ( -18.28991281778556300, 34.15953267562055400, -44.14838027618809200 ) ) ;
#8934 = CARTESIAN_POINT ( 'NONE',  ( -18.22734188631507400, 36.18028806802120600, -44.24748254286808400 ) ) ;
#8935 = LINE ( 'NONE', #3074, #8902 ) ;
#8936 = LINE ( 'NONE', #3088, #8929 ) ;
#8937 = CARTESIAN_POINT ( 'NONE',  ( -18.22660780703494900, 36.28816368644621100, -44.21082103755853200 ) ) ;
#8938 = DIRECTION ( 'NONE',  ( -1.000000000000000000, 0.0000000000000000000, -2.653479358379120200E-013 ) ) ;
#8939 = ORIENTED_EDGE ( 'NONE', *, *, #5687, .F. ) ;
#8940 = ORIENTED_EDGE ( 'NONE', *, *, #6309, .F. ) ;
#8941 = VECTOR ( 'NONE', #3109, 39.37007874015748100 ) ;
#8942 = ORIENTED_EDGE ( 'NONE', *, *, #5958, .F. ) ;
#8943 = EDGE_LOOP ( 'NONE', ( #3773, #3873, #4009, #4134, #5501, #5644, #5798, #5906, #6061, #6184 ) ) ;
#8944 = B_SPLINE_CURVE_WITH_KNOTS ( 'NONE', 3,
 ( #7368, #7371, #7337, #7334 ),
 .UNSPECIFIED., .F., .F.,
 ( 4, 4 ),
 ( 0.0000000000000000000, 1.000000000000000000 ),
 .UNSPECIFIED. ) ;
#8945 = CARTESIAN_POINT ( 'NONE',  ( -18.30926420597738900, 35.64378464413153600, -40.24188421747903300 ) ) ;
#8946 = ADVANCED_FACE ( 'NONE', ( #9157 ), #9145, .F. ) ;
#8947 = CARTESIAN_POINT ( 'NONE',  ( -18.28991281778759200, 34.74312493175472800, -41.39013693865447200 ) ) ;
#8948 = FACE_OUTER_BOUND ( 'NONE', #2803, .T. ) ;
#8949 = CARTESIAN_POINT ( 'NONE',  ( -18.22738465248396600, 36.19343191929480200, -44.25008979175154900 ) ) ;
#8950 = CARTESIAN_POINT ( 'NONE',  ( -18.22633452501825600, 36.29559109473181900, -44.19970955217344500 ) ) ;
#8951 = CARTESIAN_POINT ( 'NONE',  ( -18.24641077773662400, 35.74722160851190700, -41.00848409914004100 ) ) ;
#8952 = ORIENTED_EDGE ( 'NONE', *, *, #6999, .F. ) ;
#8953 = ORIENTED_EDGE ( 'NONE', *, *, #2711, .T. ) ;
#8954 = CARTESIAN_POINT ( 'NONE',  ( -18.54344269327171800, 36.71858779372232800, -43.58696941156405600 ) ) ;
#8955 = LINE ( 'NONE', #4510, #8968 ) ;
#8956 = DIRECTION ( 'NONE',  ( -2.841279047499320000E-012, 0.0000000000000000000, 1.000000000000000000 ) ) ;
#8957 = LENGTH_MEASURE_WITH_UNIT ( LENGTH_MEASURE( 0.02539999999999999900 ), #4831 );
#8958 = ORIENTED_EDGE ( 'NONE', *, *, #5716, .T. ) ;
#8959 = CARTESIAN_POINT ( 'NONE',  ( -18.22617766875274000, 36.29880359474332600, -44.19369815756847700 ) ) ;
#8960 = DIRECTION ( 'NONE',  ( 2.653479358379120200E-013, 5.152908823220420200E-024, -1.000000000000000000 ) ) ;
#8961 = LINE ( 'NONE', #3508, #8941 ) ;
#8962 = ORIENTED_EDGE ( 'NONE', *, *, #7191, .T. ) ;
#8963 = ADVANCED_FACE ( 'NONE', ( #9182 ), #2262, .T. ) ;
#8964 = ORIENTED_EDGE ( 'NONE', *, *, #7112, .T. ) ;
#8965 = CARTESIAN_POINT ( 'NONE',  ( -18.23704105498687200, 34.45471312841048200, -40.82870305233718300 ) ) ;
#8966 = FACE_OUTER_BOUND ( 'NONE', #1744, .T. ) ;
#8967 = VERTEX_POINT ( 'NONE', #8272 ) ;
#8968 = VECTOR ( 'NONE', #4494, 39.37007874015748100 ) ;
#8969 = CARTESIAN_POINT ( 'NONE',  ( -19.09375929415740500, 36.61228798142165200, -44.92298657540472800 ) ) ;
#8970 = PLANE ( 'NONE',  #370 ) ;
#8971 = ORIENTED_EDGE ( 'NONE', *, *, #1711, .T. ) ;
#8972 = CARTESIAN_POINT ( 'NONE',  ( -18.25037104508077900, 35.03542027053697400, -40.54572392617560400 ) ) ;
#8973 = DIRECTION ( 'NONE',  ( 1.000000000000000000, 0.0000000000000000000, -1.552565295730630100E-012 ) ) ;
#8974 = ORIENTED_EDGE ( 'NONE', *, *, #6748, .T. ) ;
#8975 = CARTESIAN_POINT ( 'NONE',  ( -18.22583281773697200, 36.30391293033752500, -44.18135319236377300 ) ) ;
#8976 = VECTOR ( 'NONE', #5689, 39.37007874015748100 ) ;
#8977 = CARTESIAN_POINT ( 'NONE',  ( -18.21667103959205000, 34.15953267596631800, -41.49190846286587200 ) ) ;
#8978 = ORIENTED_EDGE ( 'NONE', *, *, #3611, .F. ) ;
#8979 = CARTESIAN_POINT ( 'NONE',  ( -18.09856080336840700, 36.20677677045447500, -41.69267161906142900 ) ) ;
#8980 = CARTESIAN_POINT ( 'NONE',  ( -20.13399387438224200, 36.75795787246193000, -44.33637240216889800 ) ) ;
#8981 = ORIENTED_EDGE ( 'NONE', *, *, #1892, .F. ) ;
#8982 = VERTEX_POINT ( 'NONE', #4481 ) ;
#8983 = LINE ( 'NONE', #6024, #8976 ) ;
#8984 = CARTESIAN_POINT ( 'NONE',  ( -19.08674977989393900, 36.18909679349823000, -40.94267161906260100 ) ) ;
#8985 = ADVANCED_FACE ( 'NONE', ( #9152 ), #94, .T. ) ;
#8986 = VERTEX_POINT ( 'NONE', #8947 ) ;
#8987 = ORIENTED_EDGE ( 'NONE', *, *, #3831, .T. ) ;
#8988 = FACE_OUTER_BOUND ( 'NONE', #4870, .T. ) ;
#8989 = CARTESIAN_POINT ( 'NONE',  ( -18.24369720413378100, 34.74635664228267000, -43.77513717177991700 ) ) ;
#8990 = CARTESIAN_POINT ( 'NONE',  ( -18.97454505547838700, 36.56898149452492700, -44.61196295335354000 ) ) ;
#8991 = FACE_OUTER_BOUND ( 'NONE', #2589, .T. ) ;
#8992 = VECTOR ( 'NONE', #186, 39.37007874015748900 ) ;
#8993 = DIRECTION ( 'NONE',  ( -0.0000000000000000000, 0.0000000000000000000, -1.000000000000000000 ) ) ;
#8994 = EDGE_LOOP ( 'NONE', ( #3296, #9273, #1388, #4499, #568, #3574, #5739, #1455, #5874, #7186, #2323, #8269, #8776, #3253, #9485 ) ) ;
#8995 = ORIENTED_EDGE ( 'NONE', *, *, #1777, .F. ) ;
#8996 = VECTOR ( 'NONE', #5228, 39.37007874015748100 ) ;
#8997 = CARTESIAN_POINT ( 'NONE',  ( -18.24980009188028900, 36.20677677045334500, -44.61196295335334800 ) ) ;
#8998 = FACE_OUTER_BOUND ( 'NONE', #9316, .T. ) ;
#8999 = LINE ( 'NONE', #1619, #9106 ) ;
#9000 = PLANE ( 'NONE',  #5603 ) ;
#9001 = ADVANCED_FACE ( 'NONE', ( #9275 ), #122, .T. ) ;
#9002 = CARTESIAN_POINT ( 'NONE',  ( -18.97257655154602000, 36.66740669136159200, -43.65920704784966900 ) ) ;
#9003 = ORIENTED_EDGE ( 'NONE', *, *, #6229, .F. ) ;
#9004 = ORIENTED_EDGE ( 'NONE', *, *, #5537, .T. ) ;
#9005 = ORIENTED_EDGE ( 'NONE', *, *, #7481, .T. ) ;
#9006 = FACE_OUTER_BOUND ( 'NONE', #3543, .T. ) ;
#9007 = CARTESIAN_POINT ( 'NONE',  ( -18.22739499834911600, 34.15953267560232800, -40.91412831197127500 ) ) ;
#9008 = FACE_OUTER_BOUND ( 'NONE', #3724, .T. ) ;
#9009 = FACE_OUTER_BOUND ( 'NONE', #1770, .T. ) ;
#9010 = VECTOR ( 'NONE', #8993, 39.37007874015748100 ) ;
#9011 = CARTESIAN_POINT ( 'NONE',  ( -18.24980009188014000, 36.08604186219942300, -44.61196295335334800 ) ) ;
#9012 = CARTESIAN_POINT ( 'NONE',  ( -18.22564389250055000, 36.30585191369047500, -44.17497467334276000 ) ) ;
#9013 = CARTESIAN_POINT ( 'NONE',  ( -18.21667103973655000, 35.18315472284717100, -40.91412831197165900 ) ) ;
#9014 = EDGE_LOOP ( 'NONE', ( #9258, #1353, #4471, #546 ) ) ;
#9015 = ORIENTED_EDGE ( 'NONE', *, *, #1238, .F. ) ;
#9016 = DIRECTION ( 'NONE',  ( 0.9999619230641465500, -0.0000000000000000000, 0.008726535501215115100 ) ) ;
#9017 = B_SPLINE_CURVE_WITH_KNOTS ( 'NONE', 3,
 ( #7406, #7347, #7288, #7279 ),
 .UNSPECIFIED., .F., .F.,
 ( 4, 4 ),
 ( 0.01135751582234449500, 0.02245116879714835500 ),
 .UNSPECIFIED. ) ;
#9018 = VECTOR ( 'NONE', #6708, 39.37007874015748100 ) ;
#9019 = FACE_OUTER_BOUND ( 'NONE', #634, .T. ) ;
#9020 = LINE ( 'NONE', #9027, #8992 ) ;
#9021 = CARTESIAN_POINT ( 'NONE',  ( -20.18320647280272000, 33.65528093473621900, -42.58243539644212900 ) ) ;
#9022 = CARTESIAN_POINT ( 'NONE',  ( -19.26340271793543500, 33.69465101347503800, -44.37108284822559100 ) ) ;
#9023 = CARTESIAN_POINT ( 'NONE',  ( -18.50800962240264300, 33.71465078584638100, -43.46826217024315000 ) ) ;
#9024 = ORIENTED_EDGE ( 'NONE', *, *, #1403, .F. ) ;
#9025 = ORIENTED_EDGE ( 'NONE', *, *, #4760, .T. ) ;
#9026 = LINE ( 'NONE', #4595, #8896 ) ;
#9027 = CARTESIAN_POINT ( 'NONE',  ( -18.28991281778759900, 36.65466610282104700, -41.69851192891535200 ) ) ;
#9028 = LINE ( 'NONE', #6873, #9018 ) ;
#9029 = LINE ( 'NONE', #3056, #9010 ) ;
#9030 = CARTESIAN_POINT ( 'NONE',  ( -18.22672559624755100, 36.28395063567008100, -40.94890893184251000 ) ) ;
#9031 = ADVANCED_FACE ( 'NONE', ( #9115 ), #888, .T. ) ;
#9032 = DIRECTION ( 'NONE',  ( 1.000000000000000000, 0.0000000000000000000, -0.0000000000000000000 ) ) ;
#9033 = FACE_OUTER_BOUND ( 'NONE', #2488, .T. ) ;
#9034 = ORIENTED_EDGE ( 'NONE', *, *, #6045, .F. ) ;
#9035 = VERTEX_POINT ( 'NONE', #7543 ) ;
#9036 = LINE ( 'NONE', #6058, #9050 ) ;
#9037 = PLANE ( 'NONE',  #1049 ) ;
#9038 = ORIENTED_EDGE ( 'NONE', *, *, #5716, .F. ) ;
#9039 = CARTESIAN_POINT ( 'NONE',  ( -18.28991281778543200, 35.78157991970015700, -43.77473385422995000 ) ) ;
#9040 = ORIENTED_EDGE ( 'NONE', *, *, #174, .F. ) ;
#9041 = CARTESIAN_POINT ( 'NONE',  ( -18.73186784632204600, 35.74722160851220600, -40.55290783953070400 ) ) ;
#9042 = DIRECTION ( 'NONE',  ( 1.000000000000000000, 0.0000000000000000000, -2.653479358379120200E-013 ) ) ;
#9043 = CYLINDRICAL_SURFACE ( 'NONE', #5861, 0.1023622047244069200 ) ;
#9044 = FACE_OUTER_BOUND ( 'NONE', #740, .T. ) ;
#9045 = ORIENTED_EDGE ( 'NONE', *, *, #1873, .T. ) ;
#9046 = ADVANCED_FACE ( 'NONE', ( #7454 ), #2357, .T. ) ;
#9047 = ORIENTED_EDGE ( 'NONE', *, *, #6754, .F. ) ;
#9048 = CARTESIAN_POINT ( 'NONE',  ( -18.24980009187901700, 35.18315472320924900, -44.61196295335334800 ) ) ;
#9049 = DIRECTION ( 'NONE',  ( -4.663511435515948500E-017, -6.669132062246153800E-016, -1.000000000000000000 ) ) ;
#9050 = VECTOR ( 'NONE', #6091, 39.37007874015748100 ) ;
#9051 = ORIENTED_EDGE ( 'NONE', *, *, #7024, .T. ) ;
#9052 = DIRECTION ( 'NONE',  ( -1.253981997269020000E-012, -1.000000000000000000, -3.562912774781765600E-024 ) ) ;
#9053 = ORIENTED_EDGE ( 'NONE', *, *, #3793, .F. ) ;
#9054 = CARTESIAN_POINT ( 'NONE',  ( -18.22271049541029300, 36.29559440072120000, -41.06781517087345200 ) ) ;
#9055 = CARTESIAN_POINT ( 'NONE',  ( -17.74423009484408100, 35.18315472285335900, -42.98007319386339000 ) ) ;
#9056 = CARTESIAN_POINT ( 'NONE',  ( -19.09375929415740500, 35.54535944727767600, -44.92298657540472800 ) ) ;
#9057 = LINE ( 'NONE', #6901, #9067 ) ;
#9058 = DIRECTION ( 'NONE',  ( -1.000000000000000000, -1.264009473221381800E-012, 2.841348555614752700E-012 ) ) ;
#9059 = FACE_OUTER_BOUND ( 'NONE', #2935, .T. ) ;
#9060 = CARTESIAN_POINT ( 'NONE',  ( -18.96076552792281000, 36.71858779372217900, -41.53715980801964500 ) ) ;
#9061 = CARTESIAN_POINT ( 'NONE',  ( -18.30494418915130700, 36.63465214440897500, -44.92298657540595000 ) ) ;
#9062 = ORIENTED_EDGE ( 'NONE', *, *, #1738, .F. ) ;
#9063 = CARTESIAN_POINT ( 'NONE',  ( -17.71465293941996300, 33.65528093473621900, -44.39667339940512400 ) ) ;
#9064 = LINE ( 'NONE', #5270, #8996 ) ;
#9065 = EDGE_LOOP ( 'NONE', ( #4972, #6589, #1930, #7448, #8036, #2824, #9045, #532, #3983, #128, #2613, #9159 ) ) ;
#9066 = DIRECTION ( 'NONE',  ( 0.0000000000000000000, -0.0000000000000000000, -1.000000000000000000 ) ) ;
#9067 = VECTOR ( 'NONE', #6931, 39.37007874015748100 ) ;
#9068 = FACE_OUTER_BOUND ( 'NONE', #1340, .T. ) ;
#9069 = DIRECTION ( 'NONE',  ( 2.653479358379120200E-013, -5.152908823220420200E-024, 1.000000000000000000 ) ) ;
#9070 = DIRECTION ( 'NONE',  ( 0.0000000000000000000, 0.0000000000000000000, 1.000000000000000000 ) ) ;
#9071 = ORIENTED_EDGE ( 'NONE', *, *, #6165, .F. ) ;
#9072 = PLANE ( 'NONE',  #2315 ) ;
#9073 = CARTESIAN_POINT ( 'NONE',  ( -17.75398663348346400, 34.44890275435016500, -43.21235665843030900 ) ) ;
#9074 = VERTEX_POINT ( 'NONE', #4568 ) ;
#9075 = FACE_OUTER_BOUND ( 'NONE', #2368, .T. ) ;
#9076 = VERTEX_POINT ( 'NONE', #6040 ) ;
#9077 = DIRECTION ( 'NONE',  ( -1.000000000000000000, 0.0000000000000000000, -1.552565295730630100E-012 ) ) ;
#9078 = CARTESIAN_POINT ( 'NONE',  ( -18.27792962998035600, 35.62491694760436900, -44.61694720234413600 ) ) ;
#9079 = DIRECTION ( 'NONE',  ( -2.841511404609931300E-012, 0.0000000000000000000, 1.000000000000000000 ) ) ;
#9080 = ORIENTED_EDGE ( 'NONE', *, *, #6417, .F. ) ;
#9081 = ADVANCED_FACE ( 'NONE', ( #9123 ), #5321, .F. ) ;
#9082 = AXIS2_PLACEMENT_3D ( 'NONE', #898, #1635, #6837 ) ;
#9083 = ORIENTED_EDGE ( 'NONE', *, *, #6775, .F. ) ;
#9084 = VECTOR ( 'NONE', #7443, 39.37007874015748100 ) ;
#9085 = ORIENTED_EDGE ( 'NONE', *, *, #2324, .F. ) ;
#9086 = CARTESIAN_POINT ( 'NONE',  ( -20.18320647280578600, 33.64772165198581900, -41.53715980803645600 ) ) ;
#9087 = FACE_OUTER_BOUND ( 'NONE', #4920, .T. ) ;
#9088 = EDGE_LOOP ( 'NONE', ( #6986, #7040, #7069, #7072, #7134, #7163 ) ) ;
#9089 = DIRECTION ( 'NONE',  ( 1.264129099611980100E-012, -1.000000000000000000, 1.993517598846150100E-013 ) ) ;
#9090 = CARTESIAN_POINT ( 'NONE',  ( -28.84659229943267900, 36.20677677044011500, -43.77338027978504400 ) ) ;
#9091 = ADVANCED_FACE ( 'NONE', ( #9136 ), #3122, .T. ) ;
#9092 = CARTESIAN_POINT ( 'NONE',  ( -20.18320647280450700, 36.68771366650082700, -40.83243539858693100 ) ) ;
#9093 = CARTESIAN_POINT ( 'NONE',  ( -19.08674977989393900, 35.84457204568146000, -40.63164799700984300 ) ) ;
#9094 = LINE ( 'NONE', #8000, #9142 ) ;
#9095 = CARTESIAN_POINT ( 'NONE',  ( -20.18238305517341800, 33.91118644655047400, -44.39667339940590600 ) ) ;
#9096 = VECTOR ( 'NONE', #121, 39.37007874015748900 ) ;
#9097 = CARTESIAN_POINT ( 'NONE',  ( -18.24369705730200400, 35.61995279317066100, -43.58440389826063200 ) ) ;
#9098 = CARTESIAN_POINT ( 'NONE',  ( -18.22739499834695600, 36.20677677010950600, -44.25074248091298300 ) ) ;
#9099 = VERTEX_POINT ( 'NONE', #7613 ) ;
#9100 = CARTESIAN_POINT ( 'NONE',  ( -18.22522834856840700, 36.30847775784820200, -44.16179873841638700 ) ) ;
#9101 = DIRECTION ( 'NONE',  ( -1.281026566875212200E-012, 0.0000000000000000000, 1.000000000000000000 ) ) ;
#9102 = ORIENTED_EDGE ( 'NONE', *, *, #6150, .F. ) ;
#9103 = LINE ( 'NONE', #4553, #9084 ) ;
#9104 = CARTESIAN_POINT ( 'NONE',  ( -19.02178914997196900, 33.69883403362767600, -43.62771098485039500 ) ) ;
#9105 = FACE_OUTER_BOUND ( 'NONE', #1110, .T. ) ;
#9106 = VECTOR ( 'NONE', #2353, 39.37007874015748100 ) ;
#9107 = ORIENTED_EDGE ( 'NONE', *, *, #6361, .T. ) ;
#9108 = CARTESIAN_POINT ( 'NONE',  ( -19.02375765390830900, 33.67331220317787900, -44.26550626043952300 ) ) ;
#9109 = ORIENTED_EDGE ( 'NONE', *, *, #6479, .T. ) ;
#9110 = CARTESIAN_POINT ( 'NONE',  ( -18.28991281778759500, 35.78157991970243800, -41.54761725361297000 ) ) ;
#9111 = B_SPLINE_CURVE_WITH_KNOTS ( 'NONE', 3,
 ( #7244, #7142, #7133, #7119 ),
 .UNSPECIFIED., .F., .F.,
 ( 4, 4 ),
 ( 0.0000000000000000000, 1.000000000000000000 ),
 .UNSPECIFIED. ) ;
#9112 = ORIENTED_EDGE ( 'NONE', *, *, #7484, .T. ) ;
#9113 = FACE_OUTER_BOUND ( 'NONE', #6756, .T. ) ;
#9114 = AXIS2_PLACEMENT_3D ( 'NONE', #3775, #137, #5266 ) ;
#9115 = FACE_OUTER_BOUND ( 'NONE', #447, .T. ) ;
#9116 = CYLINDRICAL_SURFACE ( 'NONE', #787, 0.1023622047244069200 ) ;
#9117 = CARTESIAN_POINT ( 'NONE',  ( -18.97257655154871600, 33.65528093473478300, -40.82849839071216300 ) ) ;
#9118 = ORIENTED_EDGE ( 'NONE', *, *, #1600, .F. ) ;
#9119 = CARTESIAN_POINT ( 'NONE',  ( -19.70899736156062700, 36.22252480160425100, -44.53322279587480600 ) ) ;
#9120 = VERTEX_POINT ( 'NONE', #9055 ) ;
#9121 = ORIENTED_EDGE ( 'NONE', *, *, #6809, .F. ) ;
#9122 = FACE_OUTER_BOUND ( 'NONE', #1645, .T. ) ;
#9123 = FACE_OUTER_BOUND ( 'NONE', #8713, .T. ) ;
#9125 = DIRECTION ( 'NONE',  ( -1.000000000000000000, 1.264251560247140000E-012, -1.134155878638480100E-012 ) ) ;
#9124 = FACE_OUTER_BOUND ( 'NONE', #768, .T. ) ;
#9126 = ORIENTED_EDGE ( 'NONE', *, *, #7709, .T. ) ;
#9127 = CARTESIAN_POINT ( 'NONE',  ( -20.18238305517335000, 43.94239225515747900, -44.33243539429934500 ) ) ;
#9128 = ORIENTED_EDGE ( 'NONE', *, *, #3521, .F. ) ;
#9129 = ADVANCED_FACE ( 'NONE', ( #9087 ), #3855, .T. ) ;
#9130 = CARTESIAN_POINT ( 'NONE',  ( -18.66641511625437000, 34.71679732633634100, -44.72613618169882000 ) ) ;
#9131 = DIRECTION ( 'NONE',  ( -5.664139784502151000E-025, 1.000000000000000000, -1.993517598874519800E-013 ) ) ;
#9132 = LINE ( 'NONE', #8302, #9239 ) ;
#9133 = CARTESIAN_POINT ( 'NONE',  ( -18.22500333408952900, 36.30913779823923400, -44.15506153617262400 ) ) ;
#9134 = DIRECTION ( 'NONE',  ( 0.0000000000000000000, 1.000000000000000000, 0.0000000000000000000 ) ) ;
#9135 = CARTESIAN_POINT ( 'NONE',  ( -18.22739499834759900, 36.20007078506288400, -44.25074248091301900 ) ) ;
#9136 = FACE_OUTER_BOUND ( 'NONE', #294, .T. ) ;
#9137 = DIRECTION ( 'NONE',  ( 0.9997900357466919000, 0.01745139998848439100, 0.01073932307319372700 ) ) ;
#9138 = ORIENTED_EDGE ( 'NONE', *, *, #7418, .F. ) ;
#9139 = ORIENTED_EDGE ( 'NONE', *, *, #6968, .T. ) ;
#9140 = ADVANCED_FACE ( 'NONE', ( #9105 ), #7681, .T. ) ;
#9141 = DIRECTION ( 'NONE',  ( 1.000000000000000000, 0.0000000000000000000, -1.552565295730630100E-012 ) ) ;
#9142 = VECTOR ( 'NONE', #7730, 39.37007874015748100 ) ;
#9143 = LINE ( 'NONE', #3758, #9096 ) ;
#9144 = CARTESIAN_POINT ( 'NONE',  ( -19.26340271793554100, 33.69465101347503800, -44.39667339940512400 ) ) ;
#9145 = CYLINDRICAL_SURFACE ( 'NONE', #5714, 0.1023622047244069200 ) ;
#9146 = ORIENTED_EDGE ( 'NONE', *, *, #1205, .F. ) ;
#9147 = ORIENTED_EDGE ( 'NONE', *, *, #1472, .F. ) ;
#9148 = CARTESIAN_POINT ( 'NONE',  ( -18.69666226734531700, 33.69890275434673300, -40.82849839071220500 ) ) ;
#9149 = CARTESIAN_POINT ( 'NONE',  ( -18.09856080336986400, 35.32637342688060000, -41.63769542106338400 ) ) ;
#9150 = VECTOR ( 'NONE', #3040, 39.37007874015748100 ) ;
#9151 = CARTESIAN_POINT ( 'NONE',  ( -18.25597381778248600, 33.91806285922373800, -44.61196295335334800 ) ) ;
#9152 = FACE_OUTER_BOUND ( 'NONE', #4257, .T. ) ;
#9153 = ORIENTED_EDGE ( 'NONE', *, *, #7493, .F. ) ;
#9154 = ORIENTED_EDGE ( 'NONE', *, *, #7052, .F. ) ;
#9155 = DIRECTION ( 'NONE',  ( 0.008705279709454415100, 0.06975383055538469900, 0.9975262508967023300 ) ) ;
#9156 = DIRECTION ( 'NONE',  ( 5.664139784502151000E-025, -1.000000000000000000, 1.993517598874519800E-013 ) ) ;
#9157 = FACE_OUTER_BOUND ( 'NONE', #7352, .T. ) ;
#9158 = ORIENTED_EDGE ( 'NONE', *, *, #6356, .F. ) ;
#9159 = ORIENTED_EDGE ( 'NONE', *, *, #5703, .F. ) ;
#9160 = CARTESIAN_POINT ( 'NONE',  ( -18.22429767485020900, 36.30914132324655000, -44.13507190843173300 ) ) ;
#9161 = DIRECTION ( 'NONE',  ( 1.000000000000000000, -1.083082623645810000E-012, 1.289195296225029900E-012 ) ) ;
#9162 = CARTESIAN_POINT ( 'NONE',  ( -19.08725445498496100, 34.72252480158543600, -44.61196295335354000 ) ) ;
#9163 = DIRECTION ( 'NONE',  ( -1.000000000000000000, -0.0000000000000000000, 0.0000000000000000000 ) ) ;
#9164 = AXIS2_PLACEMENT_3D ( 'NONE', #7521, #5238, #839 ) ;
#9165 = LINE ( 'NONE', #5209, #9187 ) ;
#9166 = ORIENTED_EDGE ( 'NONE', *, *, #1892, .T. ) ;
#9167 = ADVANCED_FACE ( 'NONE', ( #9059 ), #4635, .T. ) ;
#9168 = VERTEX_POINT ( 'NONE', #981 ) ;
#9169 = FACE_BOUND ( 'NONE', #8054, .T. ) ;
#9170 = CARTESIAN_POINT ( 'NONE',  ( -20.18320647280272000, 33.69890275434815400, -42.58243539644212900 ) ) ;
#9171 = FACE_OUTER_BOUND ( 'NONE', #7476, .T. ) ;
#9172 = DIRECTION ( 'NONE',  ( 0.0000000000000000000, 0.0000000000000000000, 1.000000000000000000 ) ) ;
#9173 = AXIS2_PLACEMENT_3D ( 'NONE', #3708, #5207, #811 ) ;
#9174 = ORIENTED_EDGE ( 'NONE', *, *, #6035, .F. ) ;
#9175 = CARTESIAN_POINT ( 'NONE',  ( -18.21667122637647300, 35.18315472250243700, -41.38949776896928500 ) ) ;
#9176 = DIRECTION ( 'NONE',  ( 1.552565295730630100E-012, 0.0000000000000000000, -1.000000000000000000 ) ) ;
#9177 = VECTOR ( 'NONE', #5991, 39.37007874015748100 ) ;
#9178 = CARTESIAN_POINT ( 'NONE',  ( -18.26841952445553100, 35.84457204569339700, -44.61196295335343400 ) ) ;
#9179 = ORIENTED_EDGE ( 'NONE', *, *, #2899, .F. ) ;
#9180 = LINE ( 'NONE', #6287, #9177 ) ;
#9181 = CARTESIAN_POINT ( 'NONE',  ( -20.12396705855936900, 35.58079251813359200, -45.34027226887599200 ) ) ;
#9182 = FACE_OUTER_BOUND ( 'NONE', #539, .T. ) ;
#9183 = ORIENTED_EDGE ( 'NONE', *, *, #1399, .F. ) ;
#9184 = CARTESIAN_POINT ( 'NONE',  ( -18.22782331422734700, 35.33088917493794400, -40.82821409396858300 ) ) ;
#9185 = CARTESIAN_POINT ( 'NONE',  ( -18.24369705721263600, 35.76997869980610300, -43.67319818250096800 ) ) ;
#9186 = ORIENTED_EDGE ( 'NONE', *, *, #5875, .T. ) ;
#9187 = VECTOR ( 'NONE', #4240, 39.37007874015748100 ) ;
#9188 = ORIENTED_EDGE ( 'NONE', *, *, #3656, .F. ) ;
#9189 = B_SPLINE_CURVE_WITH_KNOTS ( 'NONE', 3,
 ( #7153, #7156, #7090, #7078 ),
 .UNSPECIFIED., .F., .F.,
 ( 4, 4 ),
 ( 1.671998178833534800E-013, 0.01167402943777224600 ),
 .UNSPECIFIED. ) ;
#9190 = CARTESIAN_POINT ( 'NONE',  ( -20.18320647280272000, 33.65528093473621900, -42.58243539644212900 ) ) ;
#9191 = CARTESIAN_POINT ( 'NONE',  ( -18.22376896086366200, 36.30647057192185700, -44.12160409132178500 ) ) ;
#9192 = CARTESIAN_POINT ( 'NONE',  ( -18.28991281778773000, 35.18315472284724900, -41.01649051669615900 ) ) ;
#9193 = CARTESIAN_POINT ( 'NONE',  ( -18.25597381780938700, 35.96530695394119400, -44.61196295335335500 ) ) ;
#9194 = EDGE_LOOP ( 'NONE', ( #1430, #4514, #631, #3638 ) ) ;
#9195 = VERTEX_POINT ( 'NONE', #6144 ) ;
#9196 = VECTOR ( 'NONE', #6805, 39.37007874015748100 ) ;
#9197 = PLANE ( 'NONE',  #2190 ) ;
#9198 = FACE_OUTER_BOUND ( 'NONE', #826, .T. ) ;
#9199 = ORIENTED_EDGE ( 'NONE', *, *, #6839, .F. ) ;
#9200 = DIRECTION ( 'NONE',  ( -0.9974128555598459300, 0.06974590118212348200, 0.01740990615274911500 ) ) ;
#9201 = ORIENTED_EDGE ( 'NONE', *, *, #7494, .T. ) ;
#9202 = LINE ( 'NONE', #6792, #9196 ) ;
#9203 = DIRECTION ( 'NONE',  ( -1.000000000000000000, 0.0000000000000000000, -2.841279047498729900E-012 ) ) ;
#9204 = CARTESIAN_POINT ( 'NONE',  ( -18.28991281778543200, 34.58472952600945400, -43.61725353927128900 ) ) ;
#9205 = CYLINDRICAL_SURFACE ( 'NONE', #6719, 0.6299212598425202300 ) ;
#9206 = FACE_OUTER_BOUND ( 'NONE', #4084, .T. ) ;
#9207 = DIRECTION ( 'NONE',  ( -0.9975640502599124600, 0.06975647374286393600, 0.0000000000000000000 ) ) ;
#9208 = VERTEX_POINT ( 'NONE', #1717 ) ;
#9209 = ORIENTED_EDGE ( 'NONE', *, *, #6705, .F. ) ;
#9210 = ADVANCED_FACE ( 'NONE', ( #9068 ), #5386, .T. ) ;
#9211 = CARTESIAN_POINT ( 'NONE',  ( -20.14580489799968500, 36.66740669135910500, -40.89936453244488500 ) ) ;
#9212 = FACE_OUTER_BOUND ( 'NONE', #879, .T. ) ;
#9213 = VECTOR ( 'NONE', #2260, 39.37007874015748900 ) ;
#9214 = DIRECTION ( 'NONE',  ( 0.06975647374286393600, 0.9975640502599124600, -3.970637562935372200E-013 ) ) ;
#9215 = DIRECTION ( 'NONE',  ( -2.769776749013305300E-014, -3.960965289395958100E-013, -1.000000000000000000 ) ) ;
#9216 = DIRECTION ( 'NONE',  ( -1.000000000000000000, -1.264279411229589500E-012, 1.237064003160067900E-014 ) ) ;
#9217 = ORIENTED_EDGE ( 'NONE', *, *, #6879, .F. ) ;
#9218 = EDGE_LOOP ( 'NONE', ( #8799, #29, #3701, #9477 ) ) ;
#9219 = ORIENTED_EDGE ( 'NONE', *, *, #3035, .T. ) ;
#9220 = DIRECTION ( 'NONE',  ( 1.000000000000000000, -0.0000000000000000000, 0.0000000000000000000 ) ) ;
#9221 = LINE ( 'NONE', #3287, #9150 ) ;
#9222 = FACE_OUTER_BOUND ( 'NONE', #6541, .T. ) ;
#9223 = CYLINDRICAL_SURFACE ( 'NONE', #6849, 0.1023622047244069200 ) ;
#9224 = CIRCLE ( 'NONE', #830, 3.645669291338583300 ) ;
#9225 = DIRECTION ( 'NONE',  ( 1.264251560247360100E-012, -1.000000000000000000, 1.993517598846150100E-013 ) ) ;
#9226 = CARTESIAN_POINT ( 'NONE',  ( -18.28991281778543200, 35.19595006394693100, -44.61196295335354000 ) ) ;
#9227 = ORIENTED_EDGE ( 'NONE', *, *, #7414, .T. ) ;
#9228 = VERTEX_POINT ( 'NONE', #8438 ) ;
#9229 = FACE_OUTER_BOUND ( 'NONE', #2843, .T. ) ;
#9230 = VECTOR ( 'NONE', #7827, 39.37007874015748900 ) ;
#9231 = FACE_OUTER_BOUND ( 'NONE', #693, .T. ) ;
#9232 = VECTOR ( 'NONE', #2998, 39.37007874015748100 ) ;
#9233 = CARTESIAN_POINT ( 'NONE',  ( -18.27677572556799400, 34.65744796838657000, -40.61207488411849900 ) ) ;
#9234 = CARTESIAN_POINT ( 'NONE',  ( -18.22453347106165800, 34.31711159498036800, -40.60822255333741300 ) ) ;
#9235 = ORIENTED_EDGE ( 'NONE', *, *, #436, .F. ) ;
#9236 = CARTESIAN_POINT ( 'NONE',  ( -28.84659229943066100, 34.61908783718659800, -43.77338027978473900 ) ) ;
#9237 = ORIENTED_EDGE ( 'NONE', *, *, #4875, .T. ) ;
#9238 = LINE ( 'NONE', #8319, #9230 ) ;
#9239 = VECTOR ( 'NONE', #3025, 39.37007874015748100 ) ;
#9240 = DIRECTION ( 'NONE',  ( 0.9975262508966135100, 0.06975383055648462500, -0.008705279710808958400 ) ) ;
#9241 = CYLINDRICAL_SURFACE ( 'NONE', #7183, 0.1023622047244069200 ) ;
#9242 = EDGE_LOOP ( 'NONE', ( #8142, #8614, #3162, #9433 ) ) ;
#9243 = ORIENTED_EDGE ( 'NONE', *, *, #7632, .F. ) ;
#9244 = DIRECTION ( 'NONE',  ( -0.06975647374286454700, -0.9975640502599124600, 3.970637562935392400E-013 ) ) ;
#9245 = PLANE ( 'NONE',  #5204 ) ;
#9246 = CARTESIAN_POINT ( 'NONE',  ( -18.22298035199202500, 36.29883077275160000, -44.10311957730461800 ) ) ;
#9247 = CARTESIAN_POINT ( 'NONE',  ( -18.97454505548055100, 33.79732795118697200, -40.55290783953070400 ) ) ;
#9248 = CARTESIAN_POINT ( 'NONE',  ( -19.09375929415956800, 33.75402146429024000, -40.24188421747953000 ) ) ;
#9249 = FACE_OUTER_BOUND ( 'NONE', #8794, .T. ) ;
#9251 = CARTESIAN_POINT ( 'NONE',  ( -19.70899736156020100, 36.19102873860212800, -40.63164799700984300 ) ) ;
#9250 = VECTOR ( 'NONE', #7503, 39.37007874015748100 ) ;
#9252 = CARTESIAN_POINT ( 'NONE',  ( -20.12128747840460700, 35.18195246389684900, -40.13164799701654300 ) ) ;
#9253 = FACE_OUTER_BOUND ( 'NONE', #6023, .T. ) ;
#9254 = ORIENTED_EDGE ( 'NONE', *, *, #5957, .T. ) ;
#9255 = ORIENTED_EDGE ( 'NONE', *, *, #6867, .F. ) ;
#9256 = DIRECTION ( 'NONE',  ( -1.000000000000000000, -1.264160903141415300E-012, 0.0000000000000000000 ) ) ;
#9257 = CARTESIAN_POINT ( 'NONE',  ( -18.27720357974784800, 34.74401364825676800, -44.61196295335300000 ) ) ;
#9258 = ORIENTED_EDGE ( 'NONE', *, *, #6138, .T. ) ;
#9259 = ADVANCED_FACE ( 'NONE', ( #9033 ), #3928, .F. ) ;
#9260 = FACE_OUTER_BOUND ( 'NONE', #9400, .T. ) ;
#9261 = ORIENTED_EDGE ( 'NONE', *, *, #1625, .F. ) ;
#9262 = CARTESIAN_POINT ( 'NONE',  ( -20.18320647280897300, 34.78551692757838500, -39.82459852400853600 ) ) ;
#9263 = VERTEX_POINT ( 'NONE', #4670 ) ;
#9264 = CARTESIAN_POINT ( 'NONE',  ( -18.28991281778760200, 34.58472952601173500, -41.39013693865429400 ) ) ;
#9265 = DIRECTION ( 'NONE',  ( -1.264251560247360100E-012, 1.000000000000000000, -1.993517598846150100E-013 ) ) ;
#9266 = EDGE_LOOP ( 'NONE', ( #456, #482, #578, #602 ) ) ;
#9267 = CARTESIAN_POINT ( 'NONE',  ( -28.84659229943054000, 34.52173740001723700, -43.77338027978471800 ) ) ;
#9268 = FACE_OUTER_BOUND ( 'NONE', #2046, .T. ) ;
#9269 = CARTESIAN_POINT ( 'NONE',  ( -20.05722222084799400, 35.49811535277821400, -40.24778972930590700 ) ) ;
#9270 = ORIENTED_EDGE ( 'NONE', *, *, #3585, .F. ) ;
#9271 = B_SPLINE_CURVE_WITH_KNOTS ( 'NONE', 3,
 ( #7023, #6874, #6872, #6861 ),
 .UNSPECIFIED., .F., .F.,
 ( 4, 4 ),
 ( 0.0000000000000000000, 1.000000000000000000 ),
 .UNSPECIFIED. ) ;
#9272 = CARTESIAN_POINT ( 'NONE',  ( -18.24369705730066500, 36.64357484039489100, -43.61765685810326700 ) ) ;
#9273 = ORIENTED_EDGE ( 'NONE', *, *, #7572, .T. ) ;
#9274 = CARTESIAN_POINT ( 'NONE',  ( -18.58450840415512000, 35.64378464412425300, -43.77338027620511700 ) ) ;
#9275 = FACE_OUTER_BOUND ( 'NONE', #8880, .T. ) ;
#9276 = DIRECTION ( 'NONE',  ( -1.000000000000000000, -1.083082623645810000E-012, 1.289195296225029900E-012 ) ) ;
#9277 = ORIENTED_EDGE ( 'NONE', *, *, #7484, .F. ) ;
#9278 = PLANE ( 'NONE',  #1207 ) ;
#9279 = DIRECTION ( 'NONE',  ( 0.0000000000000000000, -1.000000000000000000, 0.0000000000000000000 ) ) ;
#9280 = ORIENTED_EDGE ( 'NONE', *, *, #2735, .T. ) ;
#9281 = ORIENTED_EDGE ( 'NONE', *, *, #4333, .T. ) ;
#9282 = ORIENTED_EDGE ( 'NONE', *, *, #7291, .F. ) ;
#9283 = DIRECTION ( 'NONE',  ( 2.520307734721816100E-025, -1.993517598846150100E-013, -1.000000000000000000 ) ) ;
#9284 = FACE_OUTER_BOUND ( 'NONE', #8123, .T. ) ;
#9285 = CARTESIAN_POINT ( 'NONE',  ( -17.75398663348398600, 35.18315472285337400, -42.58243539858776200 ) ) ;
#9286 = ORIENTED_EDGE ( 'NONE', *, *, #6294, .F. ) ;
#9287 = B_SPLINE_CURVE_WITH_KNOTS ( 'NONE', 3,
 ( #5596, #5540, #5555, #5521 ),
 .UNSPECIFIED., .F., .F.,
 ( 4, 4 ),
 ( 1.245670233629425600E-013, 0.009200000009073285400 ),
 .UNSPECIFIED. ) ;
#9288 = ORIENTED_EDGE ( 'NONE', *, *, #704, .F. ) ;
#9289 = EDGE_LOOP ( 'NONE', ( #627, #662, #726, #800 ) ) ;
#9290 = ORIENTED_EDGE ( 'NONE', *, *, #5375, .T. ) ;
#9291 =( CONVERSION_BASED_UNIT ( 'INCH', #8841 ) LENGTH_UNIT ( ) NAMED_UNIT ( #4181 ) );
#9292 = FACE_OUTER_BOUND ( 'NONE', #2491, .T. ) ;
#9293 = ORIENTED_EDGE ( 'NONE', *, *, #6520, .T. ) ;
#9294 = DIRECTION ( 'NONE',  ( -1.836919077825773600E-015, 1.000000000000000000, -2.104900774937340800E-013 ) ) ;
#9295 = VERTEX_POINT ( 'NONE', #1748 ) ;
#9296 = ORIENTED_EDGE ( 'NONE', *, *, #7204, .F. ) ;
#9297 = ORIENTED_EDGE ( 'NONE', *, *, #3846, .T. ) ;
#9298 = CARTESIAN_POINT ( 'NONE',  ( -18.28991281778759900, 35.17035938176496000, -40.55290783953070400 ) ) ;
#9299 = CARTESIAN_POINT ( 'NONE',  ( -19.09568329481933800, 33.65528093473621900, -44.33243539429856400 ) ) ;
#9300 = CARTESIAN_POINT ( 'NONE',  ( -18.54344269327382100, 33.65528093473604800, -41.57324951501664100 ) ) ;
#9301 = ADVANCED_FACE ( 'NONE', ( #9019 ), #1011, .T. ) ;
#9302 = ORIENTED_EDGE ( 'NONE', *, *, #7799, .T. ) ;
#9303 = PLANE ( 'NONE',  #2115 ) ;
#9304 = AXIS2_PLACEMENT_3D ( 'NONE', #2152, #9496, #5108 ) ;
#9305 = CARTESIAN_POINT ( 'NONE',  ( -18.24980009187772400, 34.15953267526161600, -44.61196295335336300 ) ) ;
#9306 = ORIENTED_EDGE ( 'NONE', *, *, #3705, .F. ) ;
#9307 = DIRECTION ( 'NONE',  ( 5.664139784502151000E-025, -1.000000000000000000, 1.993517598874519800E-013 ) ) ;
#9308 = EDGE_LOOP ( 'NONE', ( #1254, #1293, #1300, #1364 ) ) ;
#9309 = CARTESIAN_POINT ( 'NONE',  ( -18.24980009187757100, 34.03879776724299700, -44.61196295335336300 ) ) ;
#9310 = DIRECTION ( 'NONE',  ( 0.9996954598818422700, 0.01744974916231123100, 0.01744974916163444900 ) ) ;
#9311 = CARTESIAN_POINT ( 'NONE',  ( -18.25593964775578800, 36.73248352457547100, -43.73985560248898000 ) ) ;
#9312 = DIRECTION ( 'NONE',  ( 2.260959703907213000E-025, 1.000000000000000000, -1.993517598852940400E-013 ) ) ;
#9313 = CARTESIAN_POINT ( 'NONE',  ( -18.22016794196414900, 36.20677677010932200, -44.04601807146416800 ) ) ;
#9314 = LINE ( 'NONE', #3728, #9213 ) ;
#9315 = PLANE ( 'NONE',  #5615 ) ;
#9316 = EDGE_LOOP ( 'NONE', ( #395, #3870, #72, #2443, #4957 ) ) ;
#9317 = DIRECTION ( 'NONE',  ( -1.000000000000000000, -0.0000000000000000000, -0.0000000000000000000 ) ) ;
#9318 = ORIENTED_EDGE ( 'NONE', *, *, #2284, .T. ) ;
#9319 = CARTESIAN_POINT ( 'NONE',  ( -18.21667154495344600, 36.20677677045355800, -43.77010248425394700 ) ) ;
#9320 = ORIENTED_EDGE ( 'NONE', *, *, #6748, .F. ) ;
#9321 = FACE_OUTER_BOUND ( 'NONE', #3494, .T. ) ;
#9322 = LINE ( 'NONE', #797, #9232 ) ;
#9323 = DIRECTION ( 'NONE',  ( 3.030255784859252200E-012, 0.0000000000000000000, -1.000000000000000000 ) ) ;
#9324 = CARTESIAN_POINT ( 'NONE',  ( -18.22569118971284000, 36.49862527358639100, -41.49182974520876100 ) ) ;
#9325 = ORIENTED_EDGE ( 'NONE', *, *, #6670, .T. ) ;
#9326 = VERTEX_POINT ( 'NONE', #3961 ) ;
#9327 = EDGE_LOOP ( 'NONE', ( #336, #117, #107, #126 ) ) ;
#9328 = ORIENTED_EDGE ( 'NONE', *, *, #7188, .F. ) ;
#9329 = CARTESIAN_POINT ( 'NONE',  ( -18.58450840415385800, 34.62016259688019900, -43.77338027620471900 ) ) ;
#9330 = LINE ( 'NONE', #6724, #9250 ) ;
#9331 = ORIENTED_EDGE ( 'NONE', *, *, #1711, .F. ) ;
#9332 = DIRECTION ( 'NONE',  ( 0.0000000000000000000, -0.0000000000000000000, -1.000000000000000000 ) ) ;
#9333 = VERTEX_POINT ( 'NONE', #4703 ) ;
#9334 = CARTESIAN_POINT ( 'NONE',  ( -18.97257655154818300, 33.69890275435032100, -41.50566374503458200 ) ) ;
#9335 = ORIENTED_EDGE ( 'NONE', *, *, #7389, .F. ) ;
#9336 = AXIS2_PLACEMENT_3D ( 'NONE', #8933, #4457, #74 ) ;
#9337 = CARTESIAN_POINT ( 'NONE',  ( -19.08674977989523900, 35.54535944726083600, -40.55290783953070400 ) ) ;
#9338 = FACE_OUTER_BOUND ( 'NONE', #4795, .T. ) ;
#9339 = CARTESIAN_POINT ( 'NONE',  ( -19.02375765390551300, 33.69890275435433600, -43.64345901634567300 ) ) ;
#9340 = ORIENTED_EDGE ( 'NONE', *, *, #1373, .F. ) ;
#9341 = VECTOR ( 'NONE', #5160, 39.37007874015748100 ) ;
#9342 = PLANE ( 'NONE',  #1178 ) ;
#9343 = CARTESIAN_POINT ( 'NONE',  ( -18.96076552792228400, 36.71858779371341100, -41.53715980801629800 ) ) ;
#9344 = ORIENTED_EDGE ( 'NONE', *, *, #6197, .F. ) ;
#9345 = ORIENTED_EDGE ( 'NONE', *, *, #5190, .T. ) ;
#9346 = CARTESIAN_POINT ( 'NONE',  ( -19.86824584288712700, 36.13391892379488000, -45.23753394510512000 ) ) ;
#9347 = ORIENTED_EDGE ( 'NONE', *, *, #7781, .T. ) ;
#9348 = VECTOR ( 'NONE', #1526, 39.37007874015748100 ) ;
#9349 = CARTESIAN_POINT ( 'NONE',  ( -18.21658416049937300, 36.20677677045350900, -44.05349106453809300 ) ) ;
#9350 = PLANE ( 'NONE',  #2006 ) ;
#9351 = ADVANCED_FACE ( 'NONE', ( #9044 ), #8493, .T. ) ;
#9352 = ORIENTED_EDGE ( 'NONE', *, *, #6106, .F. ) ;
#9353 = EDGE_LOOP ( 'NONE', ( #2133, #7886, #8364, #3020, #9254, #929 ) ) ;
#9354 = PLANE ( 'NONE',  #2840 ) ;
#9355 = CARTESIAN_POINT ( 'NONE',  ( -20.18320647280272000, 36.66740669136421400, -44.40330153602663900 ) ) ;
#9356 = ORIENTED_EDGE ( 'NONE', *, *, #6021, .T. ) ;
#9357 = FACE_OUTER_BOUND ( 'NONE', #6240, .T. ) ;
#9358 = VECTOR ( 'NONE', #1918, 39.37007874015748100 ) ;
#9359 = CARTESIAN_POINT ( 'NONE',  ( -19.08674977989307600, 35.54535944726740800, -44.61196295335354000 ) ) ;
#9360 = VERTEX_POINT ( 'NONE', #6991 ) ;
#9361 = CARTESIAN_POINT ( 'NONE',  ( -18.54344269330077600, 33.70721796245266000, -43.66432409899487500 ) ) ;
#9362 = ORIENTED_EDGE ( 'NONE', *, *, #793, .F. ) ;
#9363 = DIRECTION ( 'NONE',  ( -0.06975647374538640500, 0.9975640502597361600, -6.685417403032627800E-016 ) ) ;
#9364 = CARTESIAN_POINT ( 'NONE',  ( -18.25037104509334200, 35.18315472320924900, -44.61914686671445200 ) ) ;
#9365 = CLOSED_SHELL ( 'NONE', ( #1000, #4513, #6843, #4468, #1182, #7710, #8242, #97, #2856, #3437, #2809, #6927, #3002, #8488, #8310, #752, #7229, #6695, #7596, #8571, #8741, #4538, #8290, #907, #5577, #887, #6167, #8406, #5932, #7438, #8015, #7032, #5442, #3063, #4066, #2427, #7905, #5430, #958, #7960, #6222, #34, #4657, #6472, #6671, #3478, #6270, #947, #2345, #2328, #6564, #8388, #698, #3739, #289, #3143, #5766, #1609, #5812, #2658, #5673, #7490, #4985, #7858, #9081, #3807, #1675, #323, #5391, #2305, #8495, #7082, #9210, #230, #990, #653, #2372, #7387, #3154, #7513, #5482, #6940, #6886, #9301, #774, #2905, #6420, #1514, #2039, #1854, #7619, #3190, #3973, #4940, #4268, #3042, #5622, #5867, #803, #6796, #3762, #5035, #6827, #5086, #2250, #8458, #4220, #5246, #1769, #3520, #416, #4118, #6060, #4367, #1235, #2952, #6317, #4645, #9459, #6368, #6614, #2233, #2518, #78, #5273, #3113, #4698, #1804, #5718, #5223, #4557, #3921, #4890, #5130, #5979, #9140, #1130, #1899, #9129, #4605, #3239, #1575, #374, #4709, #6517, #3782, #4496, #2096, #9259, #281, #5342, #2976, #1462, #2002, #4020, #2480, #147, #125, #4314, #4840, #1420, #8259, #862, #5526, #1556, #8778, #2393, #8194, #1083, #1325, #6772, #1369, #173, #7666, #1536, #3659, #562, #3283, #9430, #3561, #3827, #469, #5320, #1758, #4168, #820, #8912, #2759, #5956, #5293, #8333, #194, #1657, #9499, #7180, #8531, #3199, #7564, #2281, #1629, #9046, #1955, #52, #2191, #7806, #8057, #8099, #2471, #8145, #5199, #1722, #7655, #3332, #7330, #9031, #241, #3933, #3683, #7757, #9091, #9351, #4448, #7542, #2607, #8825, #4406, #8963, #7283, #6010, #1041, #2706, #6182, #4794, #843, #6121, #8615, #2140, #8927, #6985, #1283, #3712, #6029, #6726, #609, #9001, #8985, #5382, #3091, #3879, #7721, #9390, #3867, #1713, #3385, #3609, #8449, #7128, #6894, #9167, #5910, #2562, #8946, #8359, #6080, #8662, #8864, #2435, #8698, #3018, #6132, #508, #6747, #4745, #5181 ) ) ;
#9366 = CARTESIAN_POINT ( 'NONE',  ( -18.28991281778543200, 34.74312493175242600, -43.58440389826063200 ) ) ;
#9367 = ORIENTED_EDGE ( 'NONE', *, *, #6893, .F. ) ;
#9368 = CARTESIAN_POINT ( 'NONE',  ( -18.22125571962549600, 35.12025609807520300, -41.09834258889696900 ) ) ;
#9369 = CARTESIAN_POINT ( 'NONE',  ( -19.70899736155936900, 36.61228798142165200, -44.92298657540377600 ) ) ;
#9370 = PLANE ( 'NONE',  #1429 ) ;
#9371 = B_SPLINE_CURVE_WITH_KNOTS ( 'NONE', 3,
 ( #6750, #6790, #6794, #6730, #6715, #6704, #6694, #6681, #6666, #6658, #6653, #6641, #6622, #6618, #6607, #6593, #6581, #6570, #6557, #6552, #6527, #6523, #6519, #6511, #6509, #6499, #6490, #6487, #6481, #6477, #6465, #6452 ),
 .UNSPECIFIED., .F., .F.,
 ( 4, 2, 2, 2, 2, 2, 2, 2, 2, 2, 2, 2, 2, 2, 2, 4 ),
 ( 0.01322346217760504400, 0.01373161409238881800, 0.01423976600717259300, 0.01474791792195636800, 0.01525606983674014300, 0.01627237366630816800, 0.01678052558109224100, 0.01728867749587631500, 0.01779682941066038800, 0.01830498132544446100, 0.01881313324022853400, 0.01932128515501260700, 0.01982943706979668100, 0.02033758898458075000, 0.02084574089936482400, 0.02135389281414889700 ),
 .UNSPECIFIED. ) ;
#9372 = ORIENTED_EDGE ( 'NONE', *, *, #89, .F. ) ;
#9373 = AXIS2_PLACEMENT_3D ( 'NONE', #4309, #7346, #2848 ) ;
#9374 = FACE_OUTER_BOUND ( 'NONE', #1869, .T. ) ;
#9375 = CARTESIAN_POINT ( 'NONE',  ( -18.21667103973295500, 34.15953267562063200, -44.14838027618819200 ) ) ;
#9376 = VERTEX_POINT ( 'NONE', #1781 ) ;
#9377 = CARTESIAN_POINT ( 'NONE',  ( -18.22782331422682500, 36.20677677045343800, -44.33665669892015900 ) ) ;
#9378 = EDGE_LOOP ( 'NONE', ( #5523, #5599, #5620 ) ) ;
#9379 = LINE ( 'NONE', #1183, #9358 ) ;
#9380 = ORIENTED_EDGE ( 'NONE', *, *, #6327, .F. ) ;
#9381 = DIRECTION ( 'NONE',  ( -2.114402206630790100E-012, -1.000000000000000000, 0.0000000000000000000 ) ) ;
#9382 = ORIENTED_EDGE ( 'NONE', *, *, #1901, .F. ) ;
#9383 = DIRECTION ( 'NONE',  ( -1.000000000000000000, -1.083082623645810000E-012, 1.289195296225029900E-012 ) ) ;
#9384 = ORIENTED_EDGE ( 'NONE', *, *, #174, .T. ) ;
#9385 = ORIENTED_EDGE ( 'NONE', *, *, #671, .T. ) ;
#9386 = B_SPLINE_CURVE_WITH_KNOTS ( 'NONE', 3,
 ( #6193, #6296, #6236, #6190 ),
 .UNSPECIFIED., .F., .F.,
 ( 4, 4 ),
 ( 0.009199999991019169900, 0.01840000000002561800 ),
 .UNSPECIFIED. ) ;
#9387 = ORIENTED_EDGE ( 'NONE', *, *, #73, .T. ) ;
#9388 = CARTESIAN_POINT ( 'NONE',  ( -20.14580489799751800, 33.69890275435290800, -43.65920704783938100 ) ) ;
#9389 = CARTESIAN_POINT ( 'NONE',  ( -20.18320647280272000, 35.58079251813362000, -42.58243539644212900 ) ) ;
#9390 = ADVANCED_FACE ( 'NONE', ( #9009 ), #6956, .F. ) ;
#9391 = VERTEX_POINT ( 'NONE', #9175 ) ;
#9392 = ORIENTED_EDGE ( 'NONE', *, *, #5119, .F. ) ;
#9393 = ORIENTED_EDGE ( 'NONE', *, *, #7573, .F. ) ;
#9394 = CARTESIAN_POINT ( 'NONE',  ( -18.22739499834565200, 35.18315472286472100, -44.25074248091259200 ) ) ;
#9395 = ORIENTED_EDGE ( 'NONE', *, *, #2636, .T. ) ;
#9396 = CARTESIAN_POINT ( 'NONE',  ( -18.21667122637430200, 35.18315472320945500, -43.77537302391495900 ) ) ;
#9397 = DIRECTION ( 'NONE',  ( 0.0000000000000000000, -0.8516583167040024900, 0.5240974256652144400 ) ) ;
#9398 = ORIENTED_EDGE ( 'NONE', *, *, #1949, .T. ) ;
#9399 = EDGE_LOOP ( 'NONE', ( #1898, #3215, #3362, #3476, #3619 ) ) ;
#9400 = EDGE_LOOP ( 'NONE', ( #1081, #1107, #1117, #1212 ) ) ;
#9401 = ORIENTED_EDGE ( 'NONE', *, *, #4845, .T. ) ;
#9402 = DIRECTION ( 'NONE',  ( -1.000000000000000000, 2.114402206630790100E-012, -1.987368858872520200E-012 ) ) ;
#9403 = ORIENTED_EDGE ( 'NONE', *, *, #8112, .T. ) ;
#9404 = DIRECTION ( 'NONE',  ( -0.0000000000000000000, -0.0000000000000000000, -1.000000000000000000 ) ) ;
#9405 = VERTEX_POINT ( 'NONE', #6211 ) ;
#9406 = EDGE_LOOP ( 'NONE', ( #816, #866, #920, #983, #1040 ) ) ;
#9407 = PLANE ( 'NONE',  #5257 ) ;
#9408 = CARTESIAN_POINT ( 'NONE',  ( -20.17926946494181100, 35.89181614017997600, -40.13164799701683400 ) ) ;
#9409 = ORIENTED_EDGE ( 'NONE', *, *, #4085, .F. ) ;
#9410 = ORIENTED_EDGE ( 'NONE', *, *, #6339, .T. ) ;
#9411 = ORIENTED_EDGE ( 'NONE', *, *, #6032, .F. ) ;
#9412 = DIRECTION ( 'NONE',  ( -1.000000000000000000, -1.060587313543038700E-012, -7.416348962358439100E-014 ) ) ;
#9413 = CARTESIAN_POINT ( 'NONE',  ( -18.28991281778759900, 34.72252480158827100, -40.55290783953070400 ) ) ;
#9414 = FACE_OUTER_BOUND ( 'NONE', #661, .T. ) ;
#9415 = AXIS2_PLACEMENT_3D ( 'NONE', #462, #5600, #1192 ) ;
#9416 = DIRECTION ( 'NONE',  ( 1.281026566875212200E-012, 0.0000000000000000000, 1.000000000000000000 ) ) ;
#9417 = DIRECTION ( 'NONE',  ( 1.000000000000000000, -0.0000000000000000000, 0.0000000000000000000 ) ) ;
#9418 = CARTESIAN_POINT ( 'NONE',  ( -18.26841952433242300, 33.79732795119720400, -44.61196295335344100 ) ) ;
#9419 = ORIENTED_EDGE ( 'NONE', *, *, #4530, .F. ) ;
#9420 = DIRECTION ( 'NONE',  ( 0.0000000000000000000, 1.000000000000000000, 0.0000000000000000000 ) ) ;
#9421 = CARTESIAN_POINT ( 'NONE',  ( -18.21667122637796200, 34.00595538584642700, -41.38949776896905800 ) ) ;
#9422 = EDGE_LOOP ( 'NONE', ( #8279, #8363, #8434, #8510 ) ) ;
#9423 = DIRECTION ( 'NONE',  ( -1.000000000000000000, -2.114402206630790100E-012, 1.987368858872520200E-012 ) ) ;
#9424 = VECTOR ( 'NONE', #4415, 39.37007874015748100 ) ;
#9425 = DIRECTION ( 'NONE',  ( 2.841279047498729900E-012, 1.993517598874519800E-013, 1.000000000000000000 ) ) ;
#9426 = ORIENTED_EDGE ( 'NONE', *, *, #6181, .F. ) ;
#9427 = ORIENTED_EDGE ( 'NONE', *, *, #248, .T. ) ;
#9428 = ORIENTED_EDGE ( 'NONE', *, *, #6623, .T. ) ;
#9429 = ORIENTED_EDGE ( 'NONE', *, *, #7125, .F. ) ;
#9430 = ADVANCED_FACE ( 'NONE', ( #9008 ), #4736, .T. ) ;
#9431 = CARTESIAN_POINT ( 'NONE',  ( -20.18320647280563300, 33.65528093473621900, -40.76156925685556600 ) ) ;
#9432 = LINE ( 'NONE', #1493, #9341 ) ;
#9433 = ORIENTED_EDGE ( 'NONE', *, *, #6299, .F. ) ;
#9434 = DIRECTION ( 'NONE',  ( -4.663511435512087400E-017, 6.669132062240613100E-016, 1.000000000000000000 ) ) ;
#9435 = VERTEX_POINT ( 'NONE', #5487 ) ;
#9436 = CARTESIAN_POINT ( 'NONE',  ( -18.30912262350377500, 34.61908783719302800, -44.92298657540594300 ) ) ;
#9437 = ORIENTED_EDGE ( 'NONE', *, *, #7479, .F. ) ;
#9438 = VECTOR ( 'NONE', #2201, 39.37007874015748100 ) ;
#9439 = CARTESIAN_POINT ( 'NONE',  ( -18.28991281778759900, 34.74312493174914400, -41.54761725361274900 ) ) ;
#9440 = CARTESIAN_POINT ( 'NONE',  ( -19.09375929415956800, 34.52173740001358500, -40.24188421747953000 ) ) ;
#9441 = ORIENTED_EDGE ( 'NONE', *, *, #6775, .T. ) ;
#9442 = EDGE_LOOP ( 'NONE', ( #959, #4641, #6392, #1806, #7097, #7795, #2692, #8908 ) ) ;
#9443 = CARTESIAN_POINT ( 'NONE',  ( -18.29768877708593400, 34.52173740002371700, -44.92298657540595700 ) ) ;
#9444 = ORIENTED_EDGE ( 'NONE', *, *, #110, .T. ) ;
#9445 = LINE ( 'NONE', #1460, #9438 ) ;
#9446 = CARTESIAN_POINT ( 'NONE',  ( -18.22660901985674900, 35.26450796188759500, -44.21087059751550900 ) ) ;
#9447 = VERTEX_POINT ( 'NONE', #1810 ) ;
#9448 = EDGE_LOOP ( 'NONE', ( #1415, #1450 ) ) ;
#9449 = LINE ( 'NONE', #5191, #9348 ) ;
#9450 = ORIENTED_EDGE ( 'NONE', *, *, #7495, .F. ) ;
#9451 = CARTESIAN_POINT ( 'NONE',  ( -18.28640760693988900, 34.82094999844451200, -40.34540137535160700 ) ) ;
#9452 = ORIENTED_EDGE ( 'NONE', *, *, #5049, .T. ) ;
#9453 = CARTESIAN_POINT ( 'NONE',  ( -18.29768877718216300, 35.84457204569831400, -44.92298657540593600 ) ) ;
#9454 = EDGE_LOOP ( 'NONE', ( #2332, #2356, #2385, #2397 ) ) ;
#9455 = ORIENTED_EDGE ( 'NONE', *, *, #4410, .T. ) ;
#9456 = VERTEX_POINT ( 'NONE', #7813 ) ;
#9457 = CARTESIAN_POINT ( 'NONE',  ( -18.21648246839681200, 34.31325884994962600, -44.15746806526703900 ) ) ;
#9458 = DIRECTION ( 'NONE',  ( 2.841279047498729900E-012, 1.993517598874519800E-013, 1.000000000000000000 ) ) ;
#9459 = ADVANCED_FACE ( 'NONE', ( #8998 ), #3275, .T. ) ;
#9460 = DIRECTION ( 'NONE',  ( 2.841477053650007600E-012, 0.0000000000000000000, -1.000000000000000000 ) ) ;
#9461 = EDGE_LOOP ( 'NONE', ( #2292, #2870, #2937, #2965 ) ) ;
#9462 = CARTESIAN_POINT ( 'NONE',  ( -18.28640760695036600, 35.84457204569830700, -44.81946941753295700 ) ) ;
#9463 = DIRECTION ( 'NONE',  ( -1.000000000000000000, 1.083082623645810000E-012, -1.289195296225029900E-012 ) ) ;
#9464 = ORIENTED_EDGE ( 'NONE', *, *, #4436, .F. ) ;
#9465 = VERTEX_POINT ( 'NONE', #2538 ) ;
#9466 = DIRECTION ( 'NONE',  ( -0.0000000000000000000, -1.000000000000000000, -0.0000000000000000000 ) ) ;
#9467 = CARTESIAN_POINT ( 'NONE',  ( -18.21648303306268700, 34.00873062846739000, -44.15742403594502700 ) ) ;
#9468 = DIRECTION ( 'NONE',  ( -0.0000000000000000000, 0.0000000000000000000, -1.000000000000000000 ) ) ;
#9469 = EDGE_LOOP ( 'NONE', ( #9085, #9243, #9384, #299 ) ) ;
#9470 = ORIENTED_EDGE ( 'NONE', *, *, #4804, .T. ) ;
#9471 = CARTESIAN_POINT ( 'NONE',  ( -18.27720357979365300, 34.59867375020962000, -40.55290783952796100 ) ) ;
#9472 = CARTESIAN_POINT ( 'NONE',  ( -18.27665018931252000, 35.84457204569832800, -44.71578741473539500 ) ) ;
#9473 = ORIENTED_EDGE ( 'NONE', *, *, #1062, .F. ) ;
#9474 = DIRECTION ( 'NONE',  ( -0.9974128555598477100, -0.06974590118209736400, -0.01740990615274914600 ) ) ;
#9475 = ORIENTED_EDGE ( 'NONE', *, *, #7084, .F. ) ;
#9476 = ORIENTED_EDGE ( 'NONE', *, *, #5107, .T. ) ;
#9477 = ORIENTED_EDGE ( 'NONE', *, *, #4219, .T. ) ;
#9478 = ORIENTED_EDGE ( 'NONE', *, *, #4144, .T. ) ;
#9479 = CARTESIAN_POINT ( 'NONE',  ( -19.02375765390696900, 36.71858779371969200, -42.01550626473071000 ) ) ;
#9480 = CARTESIAN_POINT ( 'NONE',  ( -18.28991281778759500, 35.62318451395947200, -41.58046689462362600 ) ) ;
#9481 = AXIS2_PLACEMENT_3D ( 'NONE', #2917, #3637, #8877 ) ;
#9482 = VERTEX_POINT ( 'NONE', #1106 ) ;
#9483 = ORIENTED_EDGE ( 'NONE', *, *, #2675, .T. ) ;
#9484 = EDGE_LOOP ( 'NONE', ( #2141, #4835, #858, #4345 ) ) ;
#9485 = ORIENTED_EDGE ( 'NONE', *, *, #7554, .T. ) ;
#9486 = CARTESIAN_POINT ( 'NONE',  ( -18.24369720404890000, 34.74635664228541300, -41.38973362110352400 ) ) ;
#9487 = DIRECTION ( 'NONE',  ( 0.9974128555600393400, -0.06974590117935507100, 0.01740990615275283100 ) ) ;
#9488 = ORIENTED_EDGE ( 'NONE', *, *, #3472, .F. ) ;
#9489 = DIRECTION ( 'NONE',  ( 0.0000000000000000000, 0.0000000000000000000, -1.000000000000000000 ) ) ;
#9490 = ORIENTED_EDGE ( 'NONE', *, *, #3972, .T. ) ;
#9491 = CARTESIAN_POINT ( 'NONE',  ( -18.30104855244659500, 34.55424015718891400, -44.92298657540595000 ) ) ;
#9492 = CARTESIAN_POINT ( 'NONE',  ( -18.54344269336017000, 33.70721796245100400, -43.66432409899409400 ) ) ;
#9493 = DIRECTION ( 'NONE',  ( 1.000000000000000000, 0.0000000000000000000, -0.0000000000000000000 ) ) ;
#9494 = VECTOR ( 'NONE', #2608, 39.37007874015748100 ) ;
#9495 = ORIENTED_EDGE ( 'NONE', *, *, #8048, .F. ) ;
#9496 = DIRECTION ( 'NONE',  ( 0.0000000000000000000, 1.000000000000000000, 0.0000000000000000000 ) ) ;
#9497 = ORIENTED_EDGE ( 'NONE', *, *, #7587, .F. ) ;
#9498 = EDGE_LOOP ( 'NONE', ( #3780, #3772, #3649, #3750 ) ) ;
#9499 = ADVANCED_FACE ( 'NONE', ( #8991 ), #80, .T. ) ;
#9500 = CARTESIAN_POINT ( 'NONE',  ( -18.28991281778543200, 35.76674697900212200, -43.47219917382277300 ) ) ;
#9501 = LINE ( 'NONE', #7859, #9494 ) ;
#9502 = VECTOR ( 'NONE', #7432, 39.37007874015748900 ) ;
#9503 = ORIENTED_EDGE ( 'NONE', *, *, #5770, .T. ) ;
#9504 = ORIENTED_EDGE ( 'NONE', *, *, #6532, .T. ) ;
#9505 = ORIENTED_EDGE ( 'NONE', *, *, #704, .T. ) ;
#9506 = CARTESIAN_POINT ( 'NONE',  ( -18.28991281778543200, 34.59956246671326600, -43.53051543365638300 ) ) ;
#9507 = CARTESIAN_POINT ( 'NONE',  ( -21.75997812619838400, 34.15953267525759400, -42.59227791760000100 ) ) ;
#9508 = LINE ( 'NONE', #3657, #9424 ) ;
#9509 = ORIENTED_EDGE ( 'NONE', *, *, #7823, .F. ) ;
#9510 = CARTESIAN_POINT ( 'NONE',  ( -17.71465293941996300, 33.65528093473621900, -40.76156925685629800 ) ) ;
#9511 = VERTEX_POINT ( 'NONE', #3338 ) ;
ENDSEC;
END-ISO-10303-21;
