ISO-10303-21;
HEADER;
FILE_DESCRIPTION (( 'STEP AP203' ),
    '1' );
FILE_NAME ('HMX1-SSVRC-DC.step',
    '2022-11-01T18:15:46',
    ( '' ),
    ( '' ),
    'SwSTEP 2.0',
    'SolidWorks 2021',
    '' );
FILE_SCHEMA (( 'CONFIG_CONTROL_DESIGN' ));
ENDSEC;

DATA;
#1 = ORIENTED_EDGE ( 'NONE', *, *, #3081, .F. ) ;
#2 = DIRECTION ( 'NONE',  ( 0.000000000000000000, 0.7071067811863600561, 0.7071067811867349784 ) ) ;
#3 = DIRECTION ( 'NONE',  ( -0.000000000000000000, 0.2588190451024934280, 0.9659258262890756397 ) ) ;
#4 = CARTESIAN_POINT ( 'NONE',  ( -0.4724409448818898127, 1.355477947416535489, -0.8258426335086613834 ) ) ;
#5 = CARTESIAN_POINT ( 'NONE',  ( -0.4094488188976377896, 0.9127442351811023702, -0.1011948034493700965 ) ) ;
#6 = AXIS2_PLACEMENT_3D ( 'NONE', #1712, #535, #3421 ) ;
#7 = CARTESIAN_POINT ( 'NONE',  ( -0.7362204724409449064, 0.8858267716535432879, 0.1377952755905511861 ) ) ;
#8 = AXIS2_PLACEMENT_3D ( 'NONE', #1779, #4528, #1752 ) ;
#9 = ORIENTED_EDGE ( 'NONE', *, *, #5134, .F. ) ;
#10 = VECTOR ( 'NONE', #2555, 39.37007874015748143 ) ;
#11 = LINE ( 'NONE', #3237, #3731 ) ;
#12 = CARTESIAN_POINT ( 'NONE',  ( 0.5036041579086939501, 0.9724158235765301139, 0.5631494712933641233 ) ) ;
#13 = PLANE ( 'NONE',  #633 ) ;
#14 = CC_DESIGN_APPROVAL ( #1718, ( #4816 ) ) ;
#15 = VECTOR ( 'NONE', #2764, 39.37007874015748143 ) ;
#16 = EDGE_CURVE ( 'NONE', #1577, #353, #3747, .T. ) ;
#17 = CARTESIAN_POINT ( 'NONE',  ( -0.4677276789582675010, 1.268597056832678094, 0.4879720011649605338 ) ) ;
#18 = ORIENTED_EDGE ( 'NONE', *, *, #2754, .F. ) ;
#19 = ORIENTED_EDGE ( 'NONE', *, *, #1273, .T. ) ;
#20 = DIRECTION ( 'NONE',  ( 0.000000000000000000, 1.000000000000000000, 0.000000000000000000 ) ) ;
#21 = FACE_OUTER_BOUND ( 'NONE', #3499, .T. ) ;
#22 = DIRECTION ( 'NONE',  ( -1.000000000000000000, 0.000000000000000000, 0.000000000000000000 ) ) ;
#23 = LINE ( 'NONE', #1611, #2041 ) ;
#24 = EDGE_LOOP ( 'NONE', ( #1305, #918, #3696, #4587 ) ) ;
#25 = CARTESIAN_POINT ( 'NONE',  ( 0.5118111572413389654, 0.9651180666570869926, 0.5628335248669286139 ) ) ;
#26 = CARTESIAN_POINT ( 'NONE',  ( -0.5314960629921260393, 1.400441375119293230, -0.9619155229622696757 ) ) ;
#27 = EDGE_LOOP ( 'NONE', ( #1, #3830, #5156, #4022, #244, #680, #41, #4005, #3965, #307, #3027, #5098, #2671 ) ) ;
#28 = PLANE ( 'NONE',  #4375 ) ;
#29 = PLANE ( 'NONE',  #1436 ) ;
#30 = CARTESIAN_POINT ( 'NONE',  ( -0.7362204724409449064, 0.7796434537460865677, 0.09842519685038386701 ) ) ;
#31 = PLANE ( 'NONE',  #1448 ) ;
#32 = AXIS2_PLACEMENT_3D ( 'NONE', #2575, #2153, #3749 ) ;
#33 = CARTESIAN_POINT ( 'NONE',  ( -0.4724409453096055089, 1.298877838524724382, 0.07711800099917381912 ) ) ;
#34 = CARTESIAN_POINT ( 'NONE',  ( -0.4291338582677165503, 0.8587330688318898231, -0.07361607859248031627 ) ) ;
#35 = CARTESIAN_POINT ( 'NONE',  ( 0.3307086614173228023, 0.6417322834645668994, 0.05905511811023622659 ) ) ;
#36 = CARTESIAN_POINT ( 'NONE',  ( 0.3752776229855229184, 0.7842232497776929767, -0.3813129704580396351 ) ) ;
#37 = EDGE_CURVE ( 'NONE', #3078, #4339, #4069, .T. ) ;
#38 = AXIS2_PLACEMENT_3D ( 'NONE', #2829, #383, #2881 ) ;
#39 = DIRECTION ( 'NONE',  ( 0.000000000000000000, 0.000000000000000000, 1.000000000000000000 ) ) ;
#40 = ADVANCED_FACE ( 'NONE', ( #131 ), #428, .T. ) ;
#41 = ORIENTED_EDGE ( 'NONE', *, *, #2918, .F. ) ;
#42 = EDGE_LOOP ( 'NONE', ( #4887, #5189, #1083, #4437 ) ) ;
#43 = EDGE_CURVE ( 'NONE', #3546, #3234, #2939, .T. ) ;
#44 = DIRECTION ( 'NONE',  ( 0.000000000000000000, 1.000000000000000000, 0.000000000000000000 ) ) ;
#45 = DIRECTION ( 'NONE',  ( 0.000000000000000000, 0.7071067811863600561, 0.7071067811867349784 ) ) ;
#46 = LINE ( 'NONE', #4840, #2176 ) ;
#47 = CARTESIAN_POINT ( 'NONE',  ( -0.3681102362204724532, 0.6515748031496062520, -0.06636367386476378638 ) ) ;
#48 = VERTEX_POINT ( 'NONE', #2968 ) ;
#49 = VECTOR ( 'NONE', #3485, 39.37007874015748854 ) ;
#50 = EDGE_CURVE ( 'NONE', #2665, #3194, #4992, .T. ) ;
#51 = CARTESIAN_POINT ( 'NONE',  ( 0.4677276792287402007, 1.358049399335040874, 0.2680415294779525670 ) ) ;
#52 = DIRECTION ( 'NONE',  ( 0.000000000000000000, 0.9659258262890758617, -0.2588190451024924288 ) ) ;
#53 = VECTOR ( 'NONE', #3365, 39.37007874015748854 ) ;
#54 = ORIENTED_EDGE ( 'NONE', *, *, #1765, .T. ) ;
#55 = CARTESIAN_POINT ( 'NONE',  ( 0.4724409448818898127, 1.377552335247805182, 0.08033296062269763838 ) ) ;
#56 = DIRECTION ( 'NONE',  ( 0.000000000000000000, -1.000000000000000000, 0.000000000000000000 ) ) ;
#57 = LINE ( 'NONE', #2788, #3076 ) ;
#58 = CARTESIAN_POINT ( 'NONE',  ( 0.4771542116614171380, 1.237734731663780563, 0.3893590349565750341 ) ) ;
#59 = AXIS2_PLACEMENT_3D ( 'NONE', #602, #3074, #1031 ) ;
#60 = DIRECTION ( 'NONE',  ( 1.000000000000000000, 0.000000000000000000, 0.000000000000000000 ) ) ;
#61 = CARTESIAN_POINT ( 'NONE',  ( -0.3360995313135102247, 0.6417324030489803821, -0.3006806130091212448 ) ) ;
#62 = CARTESIAN_POINT ( 'NONE',  ( -0.4999321190842830331, 0.8858240663405597681, 0.5567094105265290027 ) ) ;
#63 = FACE_OUTER_BOUND ( 'NONE', #3094, .T. ) ;
#64 = CLOSED_SHELL ( 'NONE', ( #1239, #4822, #1667, #3710, #3145, #1749, #1689, #1671, #2209, #1131, #3079, #3186 ) ) ;
#65 = LINE ( 'NONE', #457, #1359 ) ;
#66 = ORIENTED_EDGE ( 'NONE', *, *, #3053, .T. ) ;
#67 = ORIENTED_EDGE ( 'NONE', *, *, #3254, .F. ) ;
#68 = DIRECTION ( 'NONE',  ( 0.000000000000000000, 0.04082998721720280250, -0.9991661083843081936 ) ) ;
#69 = DIRECTION ( 'NONE',  ( 0.000000000000000000, -4.956352788505170170E-16, 1.000000000000000000 ) ) ;
#70 = CARTESIAN_POINT ( 'NONE',  ( 0.4624991392279373392, 0.9700642936477740230, 0.5773251591367772884 ) ) ;
#71 = CARTESIAN_POINT ( 'NONE',  ( -0.4771542029645670091, 1.298014736361023491, 0.1068015459603150752 ) ) ;
#72 = EDGE_LOOP ( 'NONE', ( #2745, #1360, #3457, #3641 ) ) ;
#73 = CARTESIAN_POINT ( 'NONE',  ( 0.4928652411933070465, 0.9996213901267715363, 0.5877089301220472795 ) ) ;
#74 = DIRECTION ( 'NONE',  ( 0.000000000000000000, 1.000000000000000000, 0.000000000000000000 ) ) ;
#75 = EDGE_CURVE ( 'NONE', #4125, #3439, #849, .T. ) ;
#76 = VERTEX_POINT ( 'NONE', #33 ) ;
#77 = CARTESIAN_POINT ( 'NONE',  ( -0.3779527559055118058, 0.7007874015748031260, 0.000000000000000000 ) ) ;
#78 = CARTESIAN_POINT ( 'NONE',  ( -0.3543307086614173040, 1.394815195778346339, -0.8242351536968504089 ) ) ;
#79 = CARTESIAN_POINT ( 'NONE',  ( 0.4771542108055114584, 1.268597056832678094, 0.4879720011649605338 ) ) ;
#80 = CARTESIAN_POINT ( 'NONE',  ( 0.3090744190237795230, 0.6614157571639862621, -0.3425191631490480670 ) ) ;
#81 = CARTESIAN_POINT ( 'NONE',  ( 0.3543307086614173040, 1.394815195778346339, -0.8242351536968504089 ) ) ;
#82 = VECTOR ( 'NONE', #3062, 39.37007874015748854 ) ;
#83 = CARTESIAN_POINT ( 'NONE',  ( 0.3779527559056011787, 0.6614173228345552324, -0.1917824658397425386 ) ) ;
#84 = CARTESIAN_POINT ( 'NONE',  ( 0.4762066704847415233, 0.8858267716535517255, 0.5679224455952012196 ) ) ;
#85 = CARTESIAN_POINT ( 'NONE',  ( 0.7362204724409449064, 0.8858267716535432879, 0.1377952755905511861 ) ) ;
#86 = CARTESIAN_POINT ( 'NONE',  ( 0.4724409448819842927, 1.215963399233885855, 0.5403997259182928836 ) ) ;
#87 = AXIS2_PLACEMENT_3D ( 'NONE', #4123, #3720, #4555 ) ;
#88 = VERTEX_POINT ( 'NONE', #1677 ) ;
#89 = CARTESIAN_POINT ( 'NONE',  ( -0.4724409448818898127, 1.394815195778348338, -0.8242351536968997028 ) ) ;
#90 = CARTESIAN_POINT ( 'NONE',  ( -0.7362204724409449064, 0.4251968503937008093, 0.1181102362204724532 ) ) ;
#91 = CARTESIAN_POINT ( 'NONE',  ( -0.3653368013911021950, 0.02997701945580710098, -0.3915985308058264058 ) ) ;
#92 = AXIS2_PLACEMENT_3D ( 'NONE', #4393, #3642, #2822 ) ;
#93 = CARTESIAN_POINT ( 'NONE',  ( -0.4771541223503936724, 1.011447964888190221, 0.5071497196338590197 ) ) ;
#94 = VERTEX_POINT ( 'NONE', #1253 ) ;
#95 = VERTEX_POINT ( 'NONE', #1652 ) ;
#96 =( BOUNDED_CURVE ( )  B_SPLINE_CURVE ( 3, ( #4685, #2702, #2308, #2279 ),
 .UNSPECIFIED., .F., .T. ) 
 B_SPLINE_CURVE_WITH_KNOTS ( ( 4, 4 ),
 ( 4.712388980384489834, 6.283185307179590673 ),
 .UNSPECIFIED. ) 
 CURVE ( )  GEOMETRIC_REPRESENTATION_ITEM ( )  RATIONAL_B_SPLINE_CURVE ( ( 1.000000000000000000, 0.8047378541243179750, 0.8047378541243179750, 1.000000000000000000 ) ) 
 REPRESENTATION_ITEM ( '' )  );
#97 = CARTESIAN_POINT ( 'NONE',  ( 0.5118110468877952179, 1.176792311290550064, 0.4877017333287397838 ) ) ;
#98 = EDGE_CURVE ( 'NONE', #780, #4722, #1334, .T. ) ;
#99 = CARTESIAN_POINT ( 'NONE',  ( -0.3680092022982280331, 0.7800628386850401164, -0.3832180822807484399 ) ) ;
#100 = ADVANCED_FACE ( 'NONE', ( #3336 ), #2873, .T. ) ;
#101 = EDGE_LOOP ( 'NONE', ( #1828, #3555, #3910, #595 ) ) ;
#102 = EDGE_CURVE ( 'NONE', #106, #573, #2472, .T. ) ;
#103 = LINE ( 'NONE', #4113, #4633 ) ;
#104 = CARTESIAN_POINT ( 'NONE',  ( 0.4011736701283462603, 0.7962692197681096040, -0.3530753381981890926 ) ) ;
#105 = ORIENTED_EDGE ( 'NONE', *, *, #4097, .T. ) ;
#106 = VERTEX_POINT ( 'NONE', #4953 ) ;
#107 = CARTESIAN_POINT ( 'NONE',  ( 0.4724409448818898127, 1.361104126757661348, -0.9635230027740235847 ) ) ;
#108 = EDGE_CURVE ( 'NONE', #2398, #3887, #4092, .T. ) ;
#109 = LINE ( 'NONE', #3338, #5122 ) ;
#110 = DIRECTION ( 'NONE',  ( 0.000000000000000000, 0.000000000000000000, -1.000000000000000000 ) ) ;
#111 = VECTOR ( 'NONE', #1780, 39.37007874015748854 ) ;
#112 = CARTESIAN_POINT ( 'NONE',  ( 0.4994341903465018273, 0.9811314991947674979, 0.5110753468618230988 ) ) ;
#113 = ORIENTED_EDGE ( 'NONE', *, *, #554, .F. ) ;
#114 = CARTESIAN_POINT ( 'NONE',  ( -0.3930222780965417217, 0.03437770502024811020, -0.3774082945566528124 ) ) ;
#115 = CIRCLE ( 'NONE', #1222, 0.03937007874015752834 ) ;
#116 = CARTESIAN_POINT ( 'NONE',  ( 0.4291338582677165503, 0.01968503937007873988, -0.3619201092524409469 ) ) ;
#117 = LINE ( 'NONE', #1735, #4214 ) ;
#118 = LINE ( 'NONE', #1737, #4679 ) ;
#119 = CARTESIAN_POINT ( 'NONE',  ( -0.4928656282188970672, 1.234997248441731310, 0.3880213378790550727 ) ) ;
#120 = VERTEX_POINT ( 'NONE', #897 ) ;
#121 = DIRECTION ( 'NONE',  ( 1.000000000000000000, 0.000000000000000000, 0.000000000000000000 ) ) ;
#122 = PERSON_AND_ORGANIZATION ( #1294, #2341 ) ;
#123 = FACE_OUTER_BOUND ( 'NONE', #1095, .T. ) ;
#124 = ORIENTED_EDGE ( 'NONE', *, *, #161, .T. ) ;
#125 = ADVANCED_FACE ( 'NONE', ( #2070 ), #4974, .T. ) ;
#126 = CARTESIAN_POINT ( 'NONE',  ( 0.3582677165354992144, 0.6417322834645217133, -0.1898332628162732461 ) ) ;
#127 = ADVANCED_FACE ( 'NONE', ( #4573 ), #3286, .T. ) ;
#128 = CARTESIAN_POINT ( 'NONE',  ( 0.3661743911728739809, 0.7486836501295279778, -0.3923921260230704977 ) ) ;
#129 = EDGE_CURVE ( 'NONE', #3244, #1853, #2838, .T. ) ;
#130 = EDGE_LOOP ( 'NONE', ( #1885, #1089, #891, #1221 ) ) ;
#131 = FACE_OUTER_BOUND ( 'NONE', #2396, .T. ) ;
#132 = CARTESIAN_POINT ( 'NONE',  ( -0.4724409448818898127, 1.355477947416535489, -0.8258426335086613834 ) ) ;
#133 = CARTESIAN_POINT ( 'NONE',  ( -0.4044097624488188769, 0.7480314960629921295, -0.3204708727953543557 ) ) ;
#134 = CARTESIAN_POINT ( 'NONE',  ( -0.4994455824220429552, 0.9716647691943695042, 0.5676588677137063277 ) ) ;
#135 = CARTESIAN_POINT ( 'NONE',  ( 0.4291084833052590808, 0.8267129698996436016, -0.1969772685130326551 ) ) ;
#136 = EDGE_CURVE ( 'NONE', #705, #4399, #3918, .T. ) ;
#137 = EDGE_LOOP ( 'NONE', ( #325, #389, #729, #2375 ) ) ;
#138 = CARTESIAN_POINT ( 'NONE',  ( -0.3948680452592401857, 0.02236577537349452791, -0.3681794587431602150 ) ) ;
#139 = AXIS2_PLACEMENT_3D ( 'NONE', #4205, #1413, #4538 ) ;
#140 = DIRECTION ( 'NONE',  ( 1.000000000000000000, 0.000000000000000000, 0.000000000000000000 ) ) ;
#141 = CARTESIAN_POINT ( 'NONE',  ( -0.3897027432044095629, -0.003066397697412990859, -0.3515908307751968165 ) ) ;
#142 = LINE ( 'NONE', #1366, #2628 ) ;
#143 = CARTESIAN_POINT ( 'NONE',  ( 0.5033731920003533533, 0.8858267716535428438, 0.4885915128872433955 ) ) ;
#144 = EDGE_LOOP ( 'NONE', ( #4178, #1110, #4800, #913 ) ) ;
#145 = VECTOR ( 'NONE', #2913, 39.37007874015748143 ) ;
#146 = CARTESIAN_POINT ( 'NONE',  ( 0.6889763779527560139, 0.4251968503937008093, 0.1181102362204724532 ) ) ;
#147 = CARTESIAN_POINT ( 'NONE',  ( 0.5118110551724401880, 1.307185987394882787, 0.1715400166413779959 ) ) ;
#148 = APPROVAL_DATE_TIME ( #2244, #777 ) ;
#149 = CARTESIAN_POINT ( 'NONE',  ( -0.3907522670516927477, 0.8084825932259834813, -0.3492463889456693948 ) ) ;
#150 = VERTEX_POINT ( 'NONE', #4193 ) ;
#151 = DIRECTION ( 'NONE',  ( 0.000000000000000000, 0.000000000000000000, -1.000000000000000000 ) ) ;
#152 = CARTESIAN_POINT ( 'NONE',  ( -0.3508781351050640485, 0.6417325133730192865, -0.2267823422759352447 ) ) ;
#153 = ORIENTED_EDGE ( 'NONE', *, *, #3089, .F. ) ;
#154 = ORIENTED_EDGE ( 'NONE', *, *, #2248, .F. ) ;
#155 = DIRECTION ( 'NONE',  ( 0.000000000000000000, 0.04082998721851817392, -0.9991661083842544588 ) ) ;
#156 = FACE_OUTER_BOUND ( 'NONE', #1945, .T. ) ;
#157 = DIRECTION ( 'NONE',  ( -0.1961161351380640572, 0.000000000000000000, 0.9805806756909442035 ) ) ;
#158 = CARTESIAN_POINT ( 'NONE',  ( 0.3478053120655905106, 0.7007874015748031260, -0.3425196850393700809 ) ) ;
#159 = DIRECTION ( 'NONE',  ( -0.000000000000000000, 1.000000000000000000, 0.000000000000000000 ) ) ;
#160 = ORIENTED_EDGE ( 'NONE', *, *, #2017, .F. ) ;
#161 = EDGE_CURVE ( 'NONE', #1958, #3111, #1405, .T. ) ;
#162 = CARTESIAN_POINT ( 'NONE',  ( 0.6889763779528130794, 8.316991057201849416E-17, 0.5905511811023621549 ) ) ;
#163 = DIRECTION ( 'NONE',  ( 0.000000000000000000, -1.000000000000000000, 0.000000000000000000 ) ) ;
#164 = CARTESIAN_POINT ( 'NONE',  ( -0.3945801777216538797, 0.02664367207117323763, -0.3667407421488189101 ) ) ;
#165 = EDGE_CURVE ( 'NONE', #4668, #3914, #553, .T. ) ;
#166 = PLANE ( 'NONE',  #768 ) ;
#167 = CARTESIAN_POINT ( 'NONE',  ( -0.4677276739834641539, 1.299423566916142248, 0.07035328739870080894 ) ) ;
#168 = ORIENTED_EDGE ( 'NONE', *, *, #286, .T. ) ;
#169 = VECTOR ( 'NONE', #4082, 39.37007874015748143 ) ;
#170 = DIRECTION ( 'NONE',  ( 0.000000000000000000, -1.000000000000000000, 0.000000000000000000 ) ) ;
#171 = CARTESIAN_POINT ( 'NONE',  ( -0.4094488188976377896, 0.8032345976537225152, -0.3567963444486318969 ) ) ;
#172 = PERSON_AND_ORGANIZATION_ROLE ( 'creator' ) ;
#173 = CARTESIAN_POINT ( 'NONE',  ( -0.3897940384788975421, 0.8073817538496063095, -0.3540375318096852797 ) ) ;
#174 = ORIENTED_EDGE ( 'NONE', *, *, #4260, .F. ) ;
#175 = DIRECTION ( 'NONE',  ( -1.000000000000000000, 0.000000000000000000, 0.000000000000000000 ) ) ;
#176 = LINE ( 'NONE', #2644, #5158 ) ;
#177 = ORIENTED_EDGE ( 'NONE', *, *, #4326, .T. ) ;
#178 = ORIENTED_EDGE ( 'NONE', *, *, #3118, .T. ) ;
#179 = CARTESIAN_POINT ( 'NONE',  ( -0.4330708661416708960, 0.9763779527559172111, 0.5393700787401055630 ) ) ;
#180 = CARTESIAN_POINT ( 'NONE',  ( -0.3818897637795276023, 0.7007874015748031260, -0.1921723064444488260 ) ) ;
#181 = LINE ( 'NONE', #4169, #2408 ) ;
#182 = DIRECTION ( 'NONE',  ( 0.000000000000000000, 1.000000000000000000, 0.000000000000000000 ) ) ;
#183 = DIRECTION ( 'NONE',  ( 0.1961161351382030571, 0.000000000000000000, 0.9805806756909162258 ) ) ;
#184 = ORIENTED_EDGE ( 'NONE', *, *, #1463, .F. ) ;
#185 = ADVANCED_FACE ( 'NONE', ( #4400 ), #2374, .F. ) ;
#186 = LINE ( 'NONE', #3319, #3460 ) ;
#187 = CARTESIAN_POINT ( 'NONE',  ( 0.4450718705153929311, 0.9717222534844376369, 0.5673123691943611213 ) ) ;
#188 = EDGE_CURVE ( 'NONE', #3776, #3782, #3519, .T. ) ;
#189 = DIRECTION ( 'NONE',  ( 0.9284766908852662981, -0.3713906763540866240, 0.000000000000000000 ) ) ;
#190 = EDGE_CURVE ( 'NONE', #3194, #4708, #4091, .T. ) ;
#191 = CARTESIAN_POINT ( 'NONE',  ( 0.3747266992555856602, 0.01206934620604136962, -0.3826979713339276890 ) ) ;
#192 = ADVANCED_FACE ( 'NONE', ( #4931 ), #3936, .T. ) ;
#193 = ORIENTED_EDGE ( 'NONE', *, *, #4292, .T. ) ;
#194 = VECTOR ( 'NONE', #2520, 39.37007874015748143 ) ;
#195 = CARTESIAN_POINT ( 'NONE',  ( -0.4529336640595896246, 0.9706951586699609225, 0.5735161630759710860 ) ) ;
#196 = CARTESIAN_POINT ( 'NONE',  ( 0.3910259789069177594, 0.7480314964934380306, -0.3873872126003420902 ) ) ;
#197 = CARTESIAN_POINT ( 'NONE',  ( -0.3779527559055118058, 0.6614173228346456046, 0.05905511811023622659 ) ) ;
#198 = ORIENTED_EDGE ( 'NONE', *, *, #4469, .T. ) ;
#199 = ADVANCED_FACE ( 'NONE', ( #4500 ), #2492, .T. ) ;
#200 = CARTESIAN_POINT ( 'NONE',  ( 0.6889763779527560139, 0.2480314960629921295, 0.5610236220472440971 ) ) ;
#201 = CARTESIAN_POINT ( 'NONE',  ( -0.3554010651194094428, 0.7007874015748031260, -0.3045409197703149995 ) ) ;
#202 = ORIENTED_EDGE ( 'NONE', *, *, #4364, .F. ) ;
#203 = VERTEX_POINT ( 'NONE', #1703 ) ;
#204 = CYLINDRICAL_SURFACE ( 'NONE', #1191, 0.05905511811023615720 ) ;
#205 = CIRCLE ( 'NONE', #1144, 0.03937007874002892982 ) ;
#206 = LINE ( 'NONE', #3873, #3409 ) ;
#207 = LINE ( 'NONE', #2625, #4209 ) ;
#208 = LINE ( 'NONE', #1782, #1617 ) ;
#209 = ORIENTED_EDGE ( 'NONE', *, *, #1596, .F. ) ;
#210 = CARTESIAN_POINT ( 'NONE',  ( -0.7362204724409449064, 0.7487262954153584005, 0.06750803851964075342 ) ) ;
#211 = DIRECTION ( 'NONE',  ( 0.9805806756909165589, 0.000000000000000000, -0.1961161351382020579 ) ) ;
#212 = CYLINDRICAL_SURFACE ( 'NONE', #4910, 0.03937007874015752834 ) ;
#213 = VECTOR ( 'NONE', #803, 39.37007874015748854 ) ;
#214 = CARTESIAN_POINT ( 'NONE',  ( 0.000000000000000000, 0.04724409448818897572, -0.07874015748031495954 ) ) ;
#215 = FACE_OUTER_BOUND ( 'NONE', #1228, .T. ) ;
#216 = VERTEX_POINT ( 'NONE', #3309 ) ;
#217 = ORIENTED_EDGE ( 'NONE', *, *, #3305, .T. ) ;
#218 = AXIS2_PLACEMENT_3D ( 'NONE', #1831, #5163, #1512 ) ;
#219 = CC_DESIGN_DATE_AND_TIME_ASSIGNMENT ( #3351, #5021, ( #2494 ) ) ;
#220 = CARTESIAN_POINT ( 'NONE',  ( 0.5088670120633315141, 0.8858267716535432879, 0.5433070866141536115 ) ) ;
#221 = CARTESIAN_POINT ( 'NONE',  ( 0.3779527559055118058, 0.7007874015748031260, 0.05905511811023622659 ) ) ;
#222 = PLANE ( 'NONE',  #2541 ) ;
#223 = VECTOR ( 'NONE', #761, 39.37007874015748143 ) ;
#224 = ORIENTED_EDGE ( 'NONE', *, *, #2986, .T. ) ;
#225 = CARTESIAN_POINT ( 'NONE',  ( -0.4291338582677165503, 0.8257125336188976261, -0.1968503937007874127 ) ) ;
#226 = EDGE_CURVE ( 'NONE', #2137, #3391, #1076, .T. ) ;
#227 = FACE_OUTER_BOUND ( 'NONE', #829, .T. ) ;
#228 = ORIENTED_EDGE ( 'NONE', *, *, #4462, .F. ) ;
#229 = ORIENTED_EDGE ( 'NONE', *, *, #2478, .T. ) ;
#230 = CYLINDRICAL_SURFACE ( 'NONE', #4331, 0.03937007874015750059 ) ;
#231 = CARTESIAN_POINT ( 'NONE',  ( 0.3090744190237795230, 0.6615343865044763794, -0.2952755905511810774 ) ) ;
#232 = CARTESIAN_POINT ( 'NONE',  ( -0.3543307086614173040, 1.355477947416535489, -0.8258426335086613834 ) ) ;
#233 = CARTESIAN_POINT ( 'NONE',  ( -0.4724409448821086932, 1.064616098981084669, 0.5114032392625638135 ) ) ;
#234 = ORIENTED_EDGE ( 'NONE', *, *, #136, .T. ) ;
#235 = CARTESIAN_POINT ( 'NONE',  ( 0.4649075772429043796, 0.8858267716535519476, 0.5679224455952015527 ) ) ;
#236 = LINE ( 'NONE', #1092, #1072 ) ;
#237 = CARTESIAN_POINT ( 'NONE',  ( 0.4330705414897636496, 1.066174066587401104, 0.5768978903822830073 ) ) ;
#238 = CARTESIAN_POINT ( 'NONE',  ( -0.4928655825421255909, 1.149161531410630266, 0.5789518517015744825 ) ) ;
#239 = ORIENTED_EDGE ( 'NONE', *, *, #3799, .T. ) ;
#240 = CARTESIAN_POINT ( 'NONE',  ( 0.3582677165354331006, 0.6417322834645668994, -0.06636367386476378638 ) ) ;
#241 = AXIS2_PLACEMENT_3D ( 'NONE', #2923, #140, #3001 ) ;
#242 = LINE ( 'NONE', #2436, #386 ) ;
#243 = CARTESIAN_POINT ( 'NONE',  ( -0.4019566691992126350, 0.7971686936074794394, -0.3491603348124803219 ) ) ;
#244 = ORIENTED_EDGE ( 'NONE', *, *, #4683, .F. ) ;
#245 = VECTOR ( 'NONE', #4020, 39.37007874015748143 ) ;
#246 = LINE ( 'NONE', #364, #1484 ) ;
#247 = EDGE_CURVE ( 'NONE', #763, #700, #2771, .T. ) ;
#248 = VECTOR ( 'NONE', #3397, 39.37007874015748143 ) ;
#249 = CARTESIAN_POINT ( 'NONE',  ( -0.3779527559055118058, 0.7007874015748031260, -0.1917824658397240534 ) ) ;
#250 = ADVANCED_FACE ( 'NONE', ( #5196 ), #2740, .T. ) ;
#251 = ORIENTED_EDGE ( 'NONE', *, *, #3240, .T. ) ;
#252 = ORIENTED_EDGE ( 'NONE', *, *, #4299, .F. ) ;
#253 = ADVANCED_FACE ( 'NONE', ( #297 ), #4272, .T. ) ;
#254 = VERTEX_POINT ( 'NONE', #4164 ) ;
#255 = CARTESIAN_POINT ( 'NONE',  ( 0.4360148727685023151, 0.8858267717026752086, 0.5433070866141590516 ) ) ;
#256 = PLANE ( 'NONE',  #3046 ) ;
#257 = DIRECTION ( 'NONE',  ( 0.000000000000000000, -0.7392668519252687531, -0.6734125939158718266 ) ) ;
#258 =( BOUNDED_CURVE ( )  B_SPLINE_CURVE ( 3, ( #3785, #196, #5070, #1817 ),
 .UNSPECIFIED., .F., .T. ) 
 B_SPLINE_CURVE_WITH_KNOTS ( ( 4, 4 ),
 ( 0.000000000000000000, 1.000000000000000000 ),
 .UNSPECIFIED. ) 
 CURVE ( )  GEOMETRIC_REPRESENTATION_ITEM ( )  RATIONAL_B_SPLINE_CURVE ( ( 1.159508908869777644, 0.9688464369333251724, 0.9491094251915042079, 1.100297873644314750 ) ) 
 REPRESENTATION_ITEM ( '' )  );
#259 = CARTESIAN_POINT ( 'NONE',  ( 0.000000000000000000, 0.04724409448818897572, -0.1574803149606299191 ) ) ;
#260 = CARTESIAN_POINT ( 'NONE',  ( -0.4724409448820283686, 1.122722087337277630, 0.5004189447867621876 ) ) ;
#261 = VERTEX_POINT ( 'NONE', #526 ) ;
#262 = ADVANCED_FACE ( 'NONE', ( #2146 ), #2937, .T. ) ;
#263 = CARTESIAN_POINT ( 'NONE',  ( 0.4291338582677165503, 0.7480314960629921295, -0.3937007874015748254 ) ) ;
#264 = CARTESIAN_POINT ( 'NONE',  ( 0.3090744190237795230, 0.6417325327856220341, -0.3228355242500574596 ) ) ;
#265 = CARTESIAN_POINT ( 'NONE',  ( -0.3818897637795276023, 0.7007874015748031260, -0.3937007874015748254 ) ) ;
#266 = CARTESIAN_POINT ( 'NONE',  ( 0.4330708643224411292, 1.300087133847638521, 0.3384909505971261945 ) ) ;
#267 = CARTESIAN_POINT ( 'NONE',  ( -0.5118110468877957731, 1.192124077002757021, 0.5083279992385822954 ) ) ;
#268 = EDGE_LOOP ( 'NONE', ( #4083, #4959, #598, #2904 ) ) ;
#269 = CARTESIAN_POINT ( 'NONE',  ( 0.3712045405679135213, 0.0007712033258582672718, -0.3622598320899209634 ) ) ;
#270 = CARTESIAN_POINT ( 'NONE',  ( -0.7362204724409449064, 0.7007874015748031260, 0.000000000000000000 ) ) ;
#271 = CARTESIAN_POINT ( 'NONE',  ( -0.4771542143192913921, 1.215791948287401336, 0.5401690680228352637 ) ) ;
#272 = AXIS2_PLACEMENT_3D ( 'NONE', #3288, #2875, #3211 ) ;
#273 = ORIENTED_EDGE ( 'NONE', *, *, #4255, .F. ) ;
#274 = CARTESIAN_POINT ( 'NONE',  ( 0.4463490064430846171, 0.9812708937013193689, 0.5102526721893051453 ) ) ;
#275 = CIRCLE ( 'NONE', #38, 0.04330708661417324162 ) ;
#276 = LINE ( 'NONE', #1163, #2515 ) ;
#277 = ORIENTED_EDGE ( 'NONE', *, *, #5071, .T. ) ;
#278 = ORIENTED_EDGE ( 'NONE', *, *, #4351, .T. ) ;
#279 = ORIENTED_EDGE ( 'NONE', *, *, #4432, .T. ) ;
#280 = B_SPLINE_CURVE_WITH_KNOTS ( 'NONE', 3,
 ( #1313, #960, #908, #4559, #4232, #989, #2606, #3778, #2950, #2210, #4149, #2526, #5037, #3831, #513, #2132, #4581 ),
 .UNSPECIFIED., .F., .F.,
 ( 4, 2, 2, 2, 1, 2, 2, 2, 4 ),
 ( 0.000000000000000000, 0.2499999999999999445, 0.3749999999999995004, 0.4374999999999992228, 0.4687500000000018874, 0.4843750000000003886, 0.4999999999999988898, 0.7499999999999994449, 1.000000000000000000 ),
 .UNSPECIFIED. ) ;
#281 = PLANE ( 'NONE',  #1907 ) ;
#282 = DIRECTION ( 'NONE',  ( 0.000000000000000000, 0.2588190451024934280, 0.9659258262890756397 ) ) ;
#283 = ADVANCED_FACE ( 'NONE', ( #4048 ), #1695, .T. ) ;
#284 = CARTESIAN_POINT ( 'NONE',  ( -0.3818897637795276023, 0.04724409448818897572, 0.000000000000000000 ) ) ;
#285 = DIRECTION ( 'NONE',  ( 0.000000000000000000, 0.9925530280878338552, 0.1218133261744041851 ) ) ;
#286 = EDGE_CURVE ( 'NONE', #3111, #705, #1004, .T. ) ;
#287 = DIRECTION ( 'NONE',  ( 0.000000000000000000, -1.000000000000000000, 3.300461595701484956E-14 ) ) ;
#288 = VERTEX_POINT ( 'NONE', #1850 ) ;
#289 = AXIS2_PLACEMENT_3D ( 'NONE', #2410, #1288, #3626 ) ;
#290 = DIRECTION ( 'NONE',  ( -0.3713906763540866240, 0.9284766908852662981, 0.000000000000000000 ) ) ;
#291 = CARTESIAN_POINT ( 'NONE',  ( 0.3760450351825984083, 0.01968503937007873988, -0.3619201092524409469 ) ) ;
#292 = DIRECTION ( 'NONE',  ( -0.000000000000000000, 1.000000000000000000, 0.000000000000000000 ) ) ;
#293 = VECTOR ( 'NONE', #68, 39.37007874015748854 ) ;
#294 = CARTESIAN_POINT ( 'NONE',  ( 0.4771542504000000906, 1.066505621903150347, 0.5908359849011820542 ) ) ;
#295 = EDGE_CURVE ( 'NONE', #2304, #3218, #4042, .T. ) ;
#296 = CARTESIAN_POINT ( 'NONE',  ( -0.5118111572413389654, 0.9762628627125994329, 0.5134339482393696086 ) ) ;
#297 = FACE_OUTER_BOUND ( 'NONE', #3963, .T. ) ;
#298 = ORIENTED_EDGE ( 'NONE', *, *, #108, .T. ) ;
#299 = CARTESIAN_POINT ( 'NONE',  ( 0.3940365465870081518, 0.03187928451101179617, -0.3894861315977951044 ) ) ;
#300 = CARTESIAN_POINT ( 'NONE',  ( 0.000000000000000000, 0.1889767539222968196, -0.2007874015691598624 ) ) ;
#301 = CARTESIAN_POINT ( 'NONE',  ( -0.4330708650759841905, 1.273033761033071531, 0.4066082396425196310 ) ) ;
#302 = VECTOR ( 'NONE', #2759, 39.37007874015748143 ) ;
#303 = VERTEX_POINT ( 'NONE', #597 ) ;
#304 = DIRECTION ( 'NONE',  ( 1.000000000000000000, 0.000000000000000000, 0.000000000000000000 ) ) ;
#305 = DIRECTION ( 'NONE',  ( -1.000000000000000000, 0.000000000000000000, 0.000000000000000000 ) ) ;
#306 = ORIENTED_EDGE ( 'NONE', *, *, #2698, .T. ) ;
#307 = ORIENTED_EDGE ( 'NONE', *, *, #3635, .F. ) ;
#308 = ORIENTED_EDGE ( 'NONE', *, *, #641, .F. ) ;
#309 = CARTESIAN_POINT ( 'NONE',  ( 0.4724409448818668866, 1.297577161415226499, 0.1089473640294891799 ) ) ;
#310 = CARTESIAN_POINT ( 'NONE',  ( -0.7362204724409449064, 0.4842519685039370358, 0.09842519685039370636 ) ) ;
#311 = CARTESIAN_POINT ( 'NONE',  ( 0.000000000000000000, 0.1102362204724409434, -0.1574803149606299191 ) ) ;
#312 = LINE ( 'NONE', #1542, #302 ) ;
#313 = CARTESIAN_POINT ( 'NONE',  ( 0.5002182225254676595, 0.9810045487821298371, 0.5118280832401667091 ) ) ;
#314 = ORIENTED_CLOSED_SHELL ( 'NONE', *, #4408, .F. );
#315 = ORIENTED_EDGE ( 'NONE', *, *, #2760, .T. ) ;
#316 = DIRECTION ( 'NONE',  ( 0.000000000000000000, -0.9659258262890756397, 0.2588190451024934280 ) ) ;
#317 = CARTESIAN_POINT ( 'NONE',  ( -0.6889763779527560139, 0.4251968503937008093, 0.5314960629921260393 ) ) ;
#318 = LINE ( 'NONE', #4746, #4047 ) ;
#319 = ADVANCED_FACE ( 'NONE', ( #227 ), #2990, .F. ) ;
#320 = CARTESIAN_POINT ( 'NONE',  ( 0.4330708643224404075, 1.324326813297245220, 0.3460489595727164747 ) ) ;
#321 = CARTESIAN_POINT ( 'NONE',  ( -0.4677276264035430398, 0.9589720244413396655, 0.5755405607980311755 ) ) ;
#322 = ADVANCED_FACE ( 'NONE', ( #5126 ), #1480, .T. ) ;
#323 = ORIENTED_EDGE ( 'NONE', *, *, #5082, .T. ) ;
#324 = CARTESIAN_POINT ( 'NONE',  ( 0.4520161927779526856, 0.9799597677598419487, 0.4970473276814961205 ) ) ;
#325 = ORIENTED_EDGE ( 'NONE', *, *, #4106, .F. ) ;
#326 = EDGE_CURVE ( 'NONE', #3955, #4370, #2230, .T. ) ;
#327 = CARTESIAN_POINT ( 'NONE',  ( 0.4008863431385825127, 0.008533152081795270655, -0.3552371488402758515 ) ) ;
#328 = CARTESIAN_POINT ( 'NONE',  ( -0.3794619779395531634, 0.8050743592203838395, -0.3499302583989747917 ) ) ;
#329 = CARTESIAN_POINT ( 'NONE',  ( -0.4520160936728346290, 1.066578624900393013, 0.5939049228003934200 ) ) ;
#330 = VERTEX_POINT ( 'NONE', #1081 ) ;
#331 = ORIENTED_EDGE ( 'NONE', *, *, #493, .F. ) ;
#332 = EDGE_CURVE ( 'NONE', #3463, #2048, #4275, .T. ) ;
#333 = CARTESIAN_POINT ( 'NONE',  ( 0.4532678610373086503, 0.9821085119093115878, 0.5053218986366319054 ) ) ;
#334 = VECTOR ( 'NONE', #3366, 39.37007874015748143 ) ;
#335 = CARTESIAN_POINT ( 'NONE',  ( -0.5080229241398822593, 0.9791685198100711363, 0.5227316182083845408 ) ) ;
#336 = VECTOR ( 'NONE', #2826, 39.37007874015748143 ) ;
#337 = ORIENTED_EDGE ( 'NONE', *, *, #3829, .F. ) ;
#338 = ORIENTED_EDGE ( 'NONE', *, *, #1820, .T. ) ;
#339 = EDGE_LOOP ( 'NONE', ( #3060, #1129, #572, #2312 ) ) ;
#340 = CARTESIAN_POINT ( 'NONE',  ( -0.7362204724409449064, 0.3661417322834645272, 0.5314960629921260393 ) ) ;
#341 = CARTESIAN_POINT ( 'NONE',  ( -0.3750622639896661892, 0.008979674329697347537, -0.3793792477597791035 ) ) ;
#342 = DIRECTION ( 'NONE',  ( -0.1961161360338194992, -9.133729354286639828E-10, -0.9805806755117930651 ) ) ;
#343 = ADVANCED_BREP_SHAPE_REPRESENTATION ( 'HMX1-SSVRC-DC', ( #4661, #1266, #1321, #1832 ), #4476 ) ;
#344 = CARTESIAN_POINT ( 'NONE',  ( -0.3489656669366997810, 0.6548544786523533556, -0.3032538401337671052 ) ) ;
#345 = ORIENTED_EDGE ( 'NONE', *, *, #1884, .T. ) ;
#346 = DIRECTION ( 'NONE',  ( -1.000000000000000000, 0.000000000000000000, 0.000000000000000000 ) ) ;
#347 = CARTESIAN_POINT ( 'NONE',  ( 0.6889763779527560139, 0.7480314960629921295, 0.000000000000000000 ) ) ;
#348 = CARTESIAN_POINT ( 'NONE',  ( 0.3794619779377795266, 0.8050743592077205246, -0.3499302584049058806 ) ) ;
#349 = CARTESIAN_POINT ( 'NONE',  ( 0.4330708559212601005, 1.363700769969290905, 0.07506980728744098996 ) ) ;
#350 = CARTESIAN_POINT ( 'NONE',  ( -0.5118110246877947134, 1.250167469356299410, 0.3954344098633859050 ) ) ;
#351 = ORIENTED_EDGE ( 'NONE', *, *, #2233, .T. ) ;
#352 = DIRECTION ( 'NONE',  ( 0.000000000000000000, -0.7071067811865475727, -0.7071067811865475727 ) ) ;
#353 = VERTEX_POINT ( 'NONE', #2668 ) ;
#354 = EDGE_CURVE ( 'NONE', #3281, #381, #2697, .T. ) ;
#355 = PLANE ( 'NONE',  #2993 ) ;
#356 = CARTESIAN_POINT ( 'NONE',  ( 0.7362204724410000845, 0.4251968503937008093, 0.5314960629921260393 ) ) ;
#357 = CARTESIAN_POINT ( 'NONE',  ( -0.7362204724409449064, 0.7007874015748031260, 0.000000000000000000 ) ) ;
#358 = EDGE_CURVE ( 'NONE', #3473, #3413, #1377, .T. ) ;
#359 = EDGE_CURVE ( 'NONE', #5172, #1116, #1402, .T. ) ;
#360 = CARTESIAN_POINT ( 'NONE',  ( -0.4520162567956688138, 1.380486737113778117, 0.07570917925389766823 ) ) ;
#361 = ADVANCED_FACE ( 'NONE', ( #2593 ), #3891, .T. ) ;
#362 = ORIENTED_EDGE ( 'NONE', *, *, #3012, .F. ) ;
#363 = ORIENTED_EDGE ( 'NONE', *, *, #1241, .T. ) ;
#364 = CARTESIAN_POINT ( 'NONE',  ( 0.4724409448818898127, 0.1054404202293541259, 0.4721477570113314925 ) ) ;
#365 = VECTOR ( 'NONE', #2045, 39.37007874015748143 ) ;
#366 = PLANE ( 'NONE',  #3197 ) ;
#367 = EDGE_CURVE ( 'NONE', #1748, #2784, #3331, .T. ) ;
#368 = ORIENTED_EDGE ( 'NONE', *, *, #3089, .T. ) ;
#369 = ORIENTED_EDGE ( 'NONE', *, *, #5169, .T. ) ;
#370 = CARTESIAN_POINT ( 'NONE',  ( 0.4242783803588704994, 0.8858267716535445091, 0.5144731623552541988 ) ) ;
#371 = DIRECTION ( 'NONE',  ( 0.000000000000000000, -1.000000000000000000, 0.000000000000000000 ) ) ;
#372 = DIRECTION ( 'NONE',  ( 0.000000000000000000, 0.04656599240850081006, 0.9989152157971223911 ) ) ;
#373 = CARTESIAN_POINT ( 'NONE',  ( 0.5314960629921260393, 1.355477947416535489, -0.8258426335086613834 ) ) ;
#374 = CARTESIAN_POINT ( 'NONE',  ( 0.3543307086614173040, 1.355477947416533713, -0.8258426335086122005 ) ) ;
#375 = ORIENTED_EDGE ( 'NONE', *, *, #4252, .F. ) ;
#376 = DIRECTION ( 'NONE',  ( -1.000000000000000000, 0.000000000000000000, 0.000000000000000000 ) ) ;
#377 = DIRECTION ( 'NONE',  ( 0.000000000000000000, -0.9991661083841868463, -0.04082998722016719512 ) ) ;
#378 = DIRECTION ( 'NONE',  ( -0.1961161351381359441, 0.000000000000000000, -0.9805806756909297706 ) ) ;
#379 = CARTESIAN_POINT ( 'NONE',  ( 0.3976133605220470435, 0.7802310958649605332, -0.3515754578125195318 ) ) ;
#380 = CARTESIAN_POINT ( 'NONE',  ( -0.4094488188976377896, 0.7842203097346457374, -0.3517014813560629949 ) ) ;
#381 = VERTEX_POINT ( 'NONE', #249 ) ;
#382 = ORIENTED_EDGE ( 'NONE', *, *, #2525, .T. ) ;
#383 = DIRECTION ( 'NONE',  ( 0.000000000000000000, -1.000000000000000000, 0.000000000000000000 ) ) ;
#384 = DIRECTION ( 'NONE',  ( -1.000000000000000000, 0.000000000000000000, 0.000000000000000000 ) ) ;
#385 = DIRECTION ( 'NONE',  ( 1.000000000000000000, 0.000000000000000000, 0.000000000000000000 ) ) ;
#386 = VECTOR ( 'NONE', #3677, 39.37007874015748143 ) ;
#387 = CARTESIAN_POINT ( 'NONE',  ( -0.4520162664259838592, 1.361031000890156939, 0.2686134466539371601 ) ) ;
#388 = ORIENTED_EDGE ( 'NONE', *, *, #3808, .T. ) ;
#389 = ORIENTED_EDGE ( 'NONE', *, *, #4255, .T. ) ;
#390 = CARTESIAN_POINT ( 'NONE',  ( 0.5118109366425196427, 1.143711261025983861, 0.5627629494086615614 ) ) ;
#391 = VECTOR ( 'NONE', #2281, 39.37007874015748143 ) ;
#392 = CARTESIAN_POINT ( 'NONE',  ( -0.4997964007223855143, 0.9810736198863287960, 0.5114193979628723907 ) ) ;
#393 = ORIENTED_EDGE ( 'NONE', *, *, #2688, .T. ) ;
#394 = VECTOR ( 'NONE', #4314, 39.37007874015748143 ) ;
#395 = CARTESIAN_POINT ( 'NONE',  ( -0.7362204724409449064, 0.8858267716535432879, 0.1377952755905511861 ) ) ;
#396 = CARTESIAN_POINT ( 'NONE',  ( -0.3736266125488963419, 0.03449778455423600093, -0.3937007874015748254 ) ) ;
#397 = EDGE_CURVE ( 'NONE', #3488, #2023, #3792, .T. ) ;
#398 = CARTESIAN_POINT ( 'NONE',  ( 0.7362204724409449064, 0.8858267716535432879, 0.1377952755905511861 ) ) ;
#399 = DIRECTION ( 'NONE',  ( 0.000000000000000000, -0.9991661083842543478, -0.04082998721851817392 ) ) ;
#400 = AXIS2_PLACEMENT_3D ( 'NONE', #1330, #502, #3689 ) ;
#401 = ORIENTED_EDGE ( 'NONE', *, *, #1528, .T. ) ;
#402 = CARTESIAN_POINT ( 'NONE',  ( -0.4094488188976377896, 0.9078769110314960367, -0.1193599044736220471 ) ) ;
#403 = CARTESIAN_POINT ( 'NONE',  ( 0.5006198759165665368, 0.9718544520904205397, 0.5665160240116798862 ) ) ;
#404 = DIRECTION ( 'NONE',  ( 0.000000000000000000, 0.9991661083842544588, 0.04082998721851906904 ) ) ;
#405 = CARTESIAN_POINT ( 'NONE',  ( 0.3951262832681100567, 0.7717427019362202989, -0.3640108440811419821 ) ) ;
#406 = CARTESIAN_POINT ( 'NONE',  ( -0.4677276781023625984, 1.308332790401968371, 0.4238574443283462667 ) ) ;
#407 = VERTEX_POINT ( 'NONE', #4624 ) ;
#408 = ORIENTED_EDGE ( 'NONE', *, *, #4060, .F. ) ;
#409 = DIRECTION ( 'NONE',  ( -1.000000000000000000, 0.000000000000000000, 0.000000000000000000 ) ) ;
#410 = PLANE ( 'NONE',  #2536 ) ;
#411 = FACE_OUTER_BOUND ( 'NONE', #137, .T. ) ;
#412 = CARTESIAN_POINT ( 'NONE',  ( -0.4330708306708662136, 1.313181183197242863, 0.07085846177515758848 ) ) ;
#413 = ORIENTED_EDGE ( 'NONE', *, *, #226, .F. ) ;
#414 = CARTESIAN_POINT ( 'NONE',  ( 0.4677276739834641539, 1.377544816341732314, 0.07322186961972443342 ) ) ;
#415 = DIRECTION ( 'NONE',  ( 1.000000000000000000, 0.000000000000000000, 0.000000000000000000 ) ) ;
#416 = ORIENTED_EDGE ( 'NONE', *, *, #4124, .F. ) ;
#417 = EDGE_CURVE ( 'NONE', #2991, #1054, #176, .T. ) ;
#418 = CARTESIAN_POINT ( 'NONE',  ( -0.4724409448818898127, 1.361104126757661348, -0.9635230027740235847 ) ) ;
#419 = CARTESIAN_POINT ( 'NONE',  ( 0.7362204724410000845, 0.4842519685039370358, 0.09842519685039370636 ) ) ;
#420 = DIRECTION ( 'NONE',  ( 0.1896781441320999906, -0.2541205277100999638, -0.9483907206605000084 ) ) ;
#421 = DIRECTION ( 'NONE',  ( 1.000000000000000000, 0.000000000000000000, 0.000000000000000000 ) ) ;
#422 = VECTOR ( 'NONE', #56, 39.37007874015748143 ) ;
#423 = EDGE_CURVE ( 'NONE', #1000, #2357, #3042, .T. ) ;
#424 = ADVANCED_FACE ( 'NONE', ( #2722 ), #732, .T. ) ;
#425 = ORIENTED_EDGE ( 'NONE', *, *, #5076, .F. ) ;
#426 = DIRECTION ( 'NONE',  ( 0.000000000000000000, -1.000000000000000000, 0.000000000000000000 ) ) ;
#427 = VECTOR ( 'NONE', #4855, 39.37007874015748854 ) ;
#428 = PLANE ( 'NONE',  #2348 ) ;
#429 = VECTOR ( 'NONE', #4620, 39.37007874015748143 ) ;
#430 = LINE ( 'NONE', #4071, #677 ) ;
#431 = CARTESIAN_POINT ( 'NONE',  ( 0.5068238800189247550, 0.9731963153259307608, 0.5584754917769286786 ) ) ;
#432 = DIRECTION ( 'NONE',  ( 0.000000000000000000, -0.04082998721851680002, 0.9991661083842544588 ) ) ;
#433 = LOCAL_TIME ( 14, 15, 46.00000000000000000, #543 ) ;
#434 = EDGE_CURVE ( 'NONE', #3930, #4708, #4352, .T. ) ;
#435 = CARTESIAN_POINT ( 'NONE',  ( 0.4724409448817645241, 1.268822656596239939, 0.4881474938676165221 ) ) ;
#436 = ORIENTED_EDGE ( 'NONE', *, *, #2418, .F. ) ;
#437 = EDGE_CURVE ( 'NONE', #5197, #4382, #702, .T. ) ;
#438 = ORIENTED_EDGE ( 'NONE', *, *, #2531, .T. ) ;
#439 = CARTESIAN_POINT ( 'NONE',  ( -0.3090744191095975979, 0.6548541197595985075, -0.3359593674737829661 ) ) ;
#440 = LINE ( 'NONE', #90, #4508 ) ;
#441 = DIRECTION ( 'NONE',  ( 1.000000000000000000, 0.000000000000000000, 0.000000000000000000 ) ) ;
#442 = CARTESIAN_POINT ( 'NONE',  ( -0.4330705414897636496, 1.064954473485432818, 0.5256280023555112146 ) ) ;
#443 = EDGE_LOOP ( 'NONE', ( #3765, #1134, #4495, #105 ) ) ;
#444 = CARTESIAN_POINT ( 'NONE',  ( 0.4209800479847862209, 5.321315380189864128E-15, -0.1960430073725971944 ) ) ;
#445 = DIRECTION ( 'NONE',  ( 0.000000000000000000, -1.000000000000000000, 0.000000000000000000 ) ) ;
#446 = ORIENTED_EDGE ( 'NONE', *, *, #1340, .F. ) ;
#447 = CARTESIAN_POINT ( 'NONE',  ( -0.4028349592991963823, 0.7596116893338213938, -0.3283448885433860598 ) ) ;
#448 = CARTESIAN_POINT ( 'NONE',  ( 0.3779527559055118058, 0.7007874015748031260, -0.1917824658397244142 ) ) ;
#449 = LINE ( 'NONE', #2843, #3497 ) ;
#450 = DIRECTION ( 'NONE',  ( 0.000000000000000000, 0.000000000000000000, -1.000000000000000000 ) ) ;
#451 = VECTOR ( 'NONE', #3073, 39.37007874015748143 ) ;
#452 = CARTESIAN_POINT ( 'NONE',  ( -0.7362204724409449064, 0.7007874015748031260, 0.000000000000000000 ) ) ;
#453 = EDGE_CURVE ( 'NONE', #2629, #2523, #3516, .T. ) ;
#454 = CARTESIAN_POINT ( 'NONE',  ( 0.3910324849596540364, 0.03937007867533263983, -0.3873515325684031563 ) ) ;
#455 = LINE ( 'NONE', #853, #4703 ) ;
#456 = LINE ( 'NONE', #3189, #3101 ) ;
#457 = CARTESIAN_POINT ( 'NONE',  ( -0.7362204724409449064, 0.000000000000000000, 0.000000000000000000 ) ) ;
#458 = EDGE_LOOP ( 'NONE', ( #2261, #636, #496, #1987 ) ) ;
#459 = ORIENTED_EDGE ( 'NONE', *, *, #295, .F. ) ;
#460 = DESIGN_CONTEXT ( 'detailed design', #2103, 'design' ) ;
#461 = DIRECTION ( 'NONE',  ( 1.000000000000000000, 0.000000000000000000, 0.000000000000000000 ) ) ;
#462 = DIRECTION ( 'NONE',  ( 0.000000000000000000, 1.000000000000000000, 0.000000000000000000 ) ) ;
#463 = CARTESIAN_POINT ( 'NONE',  ( 0.4724409448818898127, 1.338215086886220595, 0.07872548081094488115 ) ) ;
#464 = EDGE_CURVE ( 'NONE', #904, #3660, #2327, .T. ) ;
#465 = CYLINDRICAL_SURFACE ( 'NONE', #4157, 0.04330708661417324162 ) ;
#466 = ORIENTED_EDGE ( 'NONE', *, *, #3678, .F. ) ;
#467 = VERTEX_POINT ( 'NONE', #5237 ) ;
#468 = B_SPLINE_CURVE_WITH_KNOTS ( 'NONE', 3,
 ( #2249, #2988, #3866, #225 ),
 .UNSPECIFIED., .F., .F.,
 ( 4, 4 ),
 ( 0.000000000000000000, 1.000000000000000000 ),
 .UNSPECIFIED. ) ;
#469 = AXIS2_PLACEMENT_3D ( 'NONE', #1450, #4347, #1500 ) ;
#470 = CARTESIAN_POINT ( 'NONE',  ( 0.4677276264035430398, 0.9589720244413396655, 0.5755405607980311755 ) ) ;
#471 = CARTESIAN_POINT ( 'NONE',  ( 0.4291338582677165503, 0.7480314968905512618, -0.3937007874015748254 ) ) ;
#472 = AXIS2_PLACEMENT_3D ( 'NONE', #1960, #5212, #706 ) ;
#473 = ORIENTED_EDGE ( 'NONE', *, *, #744, .F. ) ;
#474 = CARTESIAN_POINT ( 'NONE',  ( -0.4724409448818898127, 1.370324132162275665, -0.7070271485177795912 ) ) ;
#475 = CARTESIAN_POINT ( 'NONE',  ( 0.4771542157803148609, 1.299423566916142248, 0.07035328739870080894 ) ) ;
#476 = APPROVAL_PERSON_ORGANIZATION ( #2021, #3427, #4792 ) ;
#477 = DIRECTION ( 'NONE',  ( 0.000000000000000000, -1.000000000000000000, 0.000000000000000000 ) ) ;
#478 = CARTESIAN_POINT ( 'NONE',  ( -0.5314960629921260393, 1.355477947416535489, -0.8258426335086613834 ) ) ;
#479 = CARTESIAN_POINT ( 'NONE',  ( 0.4940447766537355845, 0.8858267792095605442, 0.5614198744634452121 ) ) ;
#480 = CARTESIAN_POINT ( 'NONE',  ( -0.6889763779527560139, 0.2480314960629921295, 0.000000000000000000 ) ) ;
#481 = VECTOR ( 'NONE', #2389, 39.37007874015748854 ) ;
#482 = CARTESIAN_POINT ( 'NONE',  ( 0.4724409448819071322, 1.371582753050021530, 0.1782862586359720558 ) ) ;
#483 = EDGE_LOOP ( 'NONE', ( #1166, #2086, #2719, #1034 ) ) ;
#484 = CARTESIAN_POINT ( 'NONE',  ( 0.3935197306864019473, 0.7652895056400373930, -0.3749210315501985136 ) ) ;
#485 = EDGE_CURVE ( 'NONE', #4919, #4465, #1192, .T. ) ;
#486 = CARTESIAN_POINT ( 'NONE',  ( -0.4094488188976377896, 0.01968503937007873988, 0.000000000000000000 ) ) ;
#487 = CARTESIAN_POINT ( 'NONE',  ( -0.3712058579549216142, 0.0007678337856212596622, -0.3622532479866532040 ) ) ;
#488 = ADVANCED_FACE ( 'NONE', ( #3544 ), #4004, .T. ) ;
#489 = CARTESIAN_POINT ( 'NONE',  ( -0.4520160936728346290, 1.064549915172047889, 0.5086209699374015791 ) ) ;
#490 = EDGE_CURVE ( 'NONE', #3244, #5208, #3714, .T. ) ;
#491 = ORIENTED_EDGE ( 'NONE', *, *, #226, .T. ) ;
#492 = ORIENTED_EDGE ( 'NONE', *, *, #4623, .F. ) ;
#493 = EDGE_CURVE ( 'NONE', #4516, #4599, #276, .T. ) ;
#494 = CARTESIAN_POINT ( 'NONE',  ( 0.5118110468877957731, 1.192124077002757021, 0.5083279992385822954 ) ) ;
#495 = FACE_OUTER_BOUND ( 'NONE', #5029, .T. ) ;
#496 = ORIENTED_EDGE ( 'NONE', *, *, #5047, .T. ) ;
#497 = ADVANCED_FACE ( 'NONE', ( #1107 ), #366, .T. ) ;
#498 = CARTESIAN_POINT ( 'NONE',  ( -0.3510328864857452658, 0.04724409448818897572, -0.3464566929133858775 ) ) ;
#499 = CARTESIAN_POINT ( 'NONE',  ( 0.4019570288118113899, 0.7971690620070871480, -0.3491585447811418330 ) ) ;
#500 = VERTEX_POINT ( 'NONE', #1929 ) ;
#501 = VERTEX_POINT ( 'NONE', #5180 ) ;
#502 = DIRECTION ( 'NONE',  ( 0.000000000000000000, 0.000000000000000000, -1.000000000000000000 ) ) ;
#503 = VECTOR ( 'NONE', #4204, 39.37007874015748143 ) ;
#504 = DIRECTION ( 'NONE',  ( 0.000000000000000000, 4.956352788505170170E-16, -1.000000000000000000 ) ) ;
#505 = DIRECTION ( 'NONE',  ( 0.000000000000000000, 0.9991661083842543478, 0.04082998721851817392 ) ) ;
#506 = DIRECTION ( 'NONE',  ( 1.000000000000000000, 0.000000000000000000, 0.000000000000000000 ) ) ;
#507 = CARTESIAN_POINT ( 'NONE',  ( 0.4977879645169235867, 0.9813760484215219293, 0.5096245826326420980 ) ) ;
#508 = VECTOR ( 'NONE', #4333, 39.37007874015748854 ) ;
#509 = VECTOR ( 'NONE', #2022, 39.37007874015748854 ) ;
#510 = ORIENTED_EDGE ( 'NONE', *, *, #3214, .T. ) ;
#511 = CARTESIAN_POINT ( 'NONE',  ( 0.7362204724410000845, 0.4251968503937008093, 0.1181102362204724532 ) ) ;
#512 = CC_DESIGN_SECURITY_CLASSIFICATION ( #2384, ( #4816 ) ) ;
#513 = CARTESIAN_POINT ( 'NONE',  ( -0.3776567278437001907, 0.7999341678772539099, -0.3635482501169400860 ) ) ;
#514 = CARTESIAN_POINT ( 'NONE',  ( -0.3738780439473231021, 0.0008343361384370073840, -0.3488923180246848998 ) ) ;
#515 = VECTOR ( 'NONE', #399, 39.37007874015748143 ) ;
#516 = LINE ( 'NONE', #2188, #2386 ) ;
#517 = CARTESIAN_POINT ( 'NONE',  ( 0.4291338582677165503, 0.000000000000000000, -0.1968503937007874127 ) ) ;
#518 = EDGE_CURVE ( 'NONE', #5254, #467, #4059, .T. ) ;
#519 = EDGE_LOOP ( 'NONE', ( #5217, #4271, #1397, #1353 ) ) ;
#520 = CARTESIAN_POINT ( 'NONE',  ( -0.4291338582677552971, 0.8701937832815924700, -0.07539735791201700177 ) ) ;
#521 = ADVANCED_FACE ( 'NONE', ( #495 ), #1276, .T. ) ;
#522 = DIRECTION ( 'NONE',  ( 1.000000000000000000, 0.000000000000000000, 0.000000000000000000 ) ) ;
#523 = EDGE_LOOP ( 'NONE', ( #4001, #1931, #3335, #2785 ) ) ;
#524 = CARTESIAN_POINT ( 'NONE',  ( 0.3681102362204724532, 0.6515748031496062520, -0.06636367386476378638 ) ) ;
#525 = EDGE_CURVE ( 'NONE', #1455, #4516, #4518, .T. ) ;
#526 = CARTESIAN_POINT ( 'NONE',  ( 0.3543307086614173040, 1.361104126757661348, -0.9635230027740235847 ) ) ;
#527 = ORIENTED_EDGE ( 'NONE', *, *, #3678, .T. ) ;
#528 = CARTESIAN_POINT ( 'NONE',  ( -0.7362204724409449064, 0.4251968503937008093, 0.1181102362204724532 ) ) ;
#529 = PLANE ( 'NONE',  #2962 ) ;
#530 = CARTESIAN_POINT ( 'NONE',  ( 0.4291338582677165503, 0.000000000000000000, 0.000000000000000000 ) ) ;
#531 = CARTESIAN_POINT ( 'NONE',  ( 0.4291338582677165503, 0.7971813003003936915, -0.1968503937007874127 ) ) ;
#532 = CARTESIAN_POINT ( 'NONE',  ( -0.4094488188976614373, 0.000000000000000000, -0.1949011906772059044 ) ) ;
#533 = ORIENTED_EDGE ( 'NONE', *, *, #2248, .T. ) ;
#534 = FACE_OUTER_BOUND ( 'NONE', #1860, .T. ) ;
#535 = DIRECTION ( 'NONE',  ( 0.000000000000000000, -0.9659258262890756397, 0.2588190451024934280 ) ) ;
#536 = DIRECTION ( 'NONE',  ( 0.000000000000000000, 0.9991661083842545699, 0.04082998721851786167 ) ) ;
#537 = DIRECTION ( 'NONE',  ( 0.000000000000000000, -0.9486832980505111035, 0.3162277660168460458 ) ) ;
#538 = CARTESIAN_POINT ( 'NONE',  ( 0.7362204724409449064, 0.7480314960629921295, 0.000000000000000000 ) ) ;
#539 = EDGE_LOOP ( 'NONE', ( #3970, #9 ) ) ;
#540 = ORIENTED_EDGE ( 'NONE', *, *, #1430, .T. ) ;
#541 = CARTESIAN_POINT ( 'NONE',  ( 0.3346456692913385988, 0.8744707376381889441, -0.09093945069118110347 ) ) ;
#542 = CARTESIAN_POINT ( 'NONE',  ( 0.5118110246877947134, 1.250167469356299410, 0.3954344098633859050 ) ) ;
#543 = COORDINATED_UNIVERSAL_TIME_OFFSET ( 5, 0, .BEHIND. ) ;
#544 = CARTESIAN_POINT ( 'NONE',  ( -0.3810058083130314910, 0.7578431949137797163, -0.3979786826389765109 ) ) ;
#545 = ORIENTED_EDGE ( 'NONE', *, *, #367, .F. ) ;
#546 = CIRCLE ( 'NONE', #1057, 0.01968503937007875723 ) ;
#547 = DIRECTION ( 'NONE',  ( 0.000000000000000000, 1.000000000000000000, 0.000000000000000000 ) ) ;
#548 = AXIS2_PLACEMENT_3D ( 'NONE', #524, #619, #2196 ) ;
#549 = CARTESIAN_POINT ( 'NONE',  ( 0.3871622224752754304, 0.8019265653476373990, -0.3671966103940944581 ) ) ;
#550 = EDGE_CURVE ( 'NONE', #964, #3548, #4568, .T. ) ;
#551 = ORIENTED_EDGE ( 'NONE', *, *, #5006, .T. ) ;
#552 = ORIENTED_EDGE ( 'NONE', *, *, #190, .F. ) ;
#553 = LINE ( 'NONE', #1777, #1588 ) ;
#554 = EDGE_CURVE ( 'NONE', #3955, #2614, #4111, .T. ) ;
#555 = CARTESIAN_POINT ( 'NONE',  ( -0.3553999992576822864, 0.6614142269024311238, -0.3045407065979677252 ) ) ;
#556 = CARTESIAN_POINT ( 'NONE',  ( 0.4291338582677165503, 0.8257125336188976261, -0.1968503937007874127 ) ) ;
#557 = CARTESIAN_POINT ( 'NONE',  ( -0.4985814483413040787, 0.9715336872538319346, 0.5684493540875704687 ) ) ;
#558 = CARTESIAN_POINT ( 'NONE',  ( 0.3779527559055118058, 0.6614173228346456046, 0.000000000000000000 ) ) ;
#559 = EDGE_LOOP ( 'NONE', ( #1605, #2325, #2240, #2694 ) ) ;
#560 = CARTESIAN_POINT ( 'NONE',  ( -0.4094488188976377896, 0.8782977321865197418, -0.07665691259667696544 ) ) ;
#561 = DIRECTION ( 'NONE',  ( 0.000000000000000000, 9.239288078572181334E-16, -1.000000000000000000 ) ) ;
#562 = CARTESIAN_POINT ( 'NONE',  ( -0.3686172008552754953, 0.006290972288692907831, -0.3751965334848424427 ) ) ;
#563 = FACE_OUTER_BOUND ( 'NONE', #2853, .T. ) ;
#564 = CARTESIAN_POINT ( 'NONE',  ( 0.3775629181447279770, 1.697741953944974412E-06, -0.3543306944418354032 ) ) ;
#565 = EDGE_LOOP ( 'NONE', ( #4028, #438, #1878, #4034 ) ) ;
#566 = CARTESIAN_POINT ( 'NONE',  ( -0.4412777318407747340, 0.9724158235797784045, 0.5631494712752417309 ) ) ;
#567 = CARTESIAN_POINT ( 'NONE',  ( 0.5118114565303150121, 0.9735311056114165362, 0.5128003185291339916 ) ) ;
#568 = DIRECTION ( 'NONE',  ( -1.000000000000000000, 0.000000000000000000, 0.000000000000000000 ) ) ;
#569 = ORIENTED_EDGE ( 'NONE', *, *, #3169, .F. ) ;
#570 = DIRECTION ( 'NONE',  ( 0.000000000000000000, 0.04082998721851817392, -0.9991661083842543478 ) ) ;
#571 = CARTESIAN_POINT ( 'NONE',  ( 0.3876387052061663341, 0.002121517645479177767, -0.3563458567501582852 ) ) ;
#572 = ORIENTED_EDGE ( 'NONE', *, *, #3393, .F. ) ;
#573 = VERTEX_POINT ( 'NONE', #2064 ) ;
#574 = EDGE_CURVE ( 'NONE', #664, #3722, #2091, .T. ) ;
#575 = CARTESIAN_POINT ( 'NONE',  ( -0.4454476994129598078, 0.9811314991942675645, 0.5110753468658937315 ) ) ;
#576 = CARTESIAN_POINT ( 'NONE',  ( -0.3346456692913385988, 0.8744707376382283570, -0.09093945069119153957 ) ) ;
#577 = ADVANCED_FACE ( 'NONE', ( #2488 ), #3764, .T. ) ;
#578 = DIRECTION ( 'NONE',  ( 1.000000000000000000, 0.000000000000000000, 0.000000000000000000 ) ) ;
#579 = PLANE ( 'NONE',  #1581 ) ;
#580 = EDGE_CURVE ( 'NONE', #964, #4363, #3708, .T. ) ;
#581 = FACE_OUTER_BOUND ( 'NONE', #5053, .T. ) ;
#582 = ORIENTED_EDGE ( 'NONE', *, *, #4197, .F. ) ;
#583 = CARTESIAN_POINT ( 'NONE',  ( -0.4291338582677165503, 0.8426180921244095234, -0.02727797808123228612 ) ) ;
#584 = CARTESIAN_POINT ( 'NONE',  ( 0.4330708661417252414, 0.9752894711394231031, 0.5458766618400817672 ) ) ;
#585 = VECTOR ( 'NONE', #4258, 39.37007874015748854 ) ;
#586 = FACE_OUTER_BOUND ( 'NONE', #3372, .T. ) ;
#587 = ADVANCED_FACE ( 'NONE', ( #1669 ), #3353, .F. ) ;
#588 = CARTESIAN_POINT ( 'NONE',  ( 0.3746120762291016426, 0.01330067967795931991, -0.3838464789189667825 ) ) ;
#589 = ORIENTED_EDGE ( 'NONE', *, *, #755, .T. ) ;
#590 = VECTOR ( 'NONE', #3425, 39.37007874015748143 ) ;
#591 = CARTESIAN_POINT ( 'NONE',  ( -0.4291338582677165503, 0.7480314960629921295, 0.000000000000000000 ) ) ;
#592 = CARTESIAN_POINT ( 'NONE',  ( 0.4677276780122045508, 1.262667985658268766, 0.3268235414442126618 ) ) ;
#593 = COORDINATED_UNIVERSAL_TIME_OFFSET ( 5, 0, .BEHIND. ) ;
#594 = CARTESIAN_POINT ( 'NONE',  ( -0.3721137577337402247, 0.7993022589763780772, -0.3626953051032282271 ) ) ;
#595 = ORIENTED_EDGE ( 'NONE', *, *, #1597, .F. ) ;
#596 = DIRECTION ( 'NONE',  ( 9.085371980856704924E-13, -0.04082998721895841898, 0.9991661083842364732 ) ) ;
#597 = CARTESIAN_POINT ( 'NONE',  ( 0.4724409448818898127, 1.409661380523860474, -0.7054196687060255710 ) ) ;
#598 = ORIENTED_EDGE ( 'NONE', *, *, #3635, .T. ) ;
#599 = ORIENTED_EDGE ( 'NONE', *, *, #4782, .T. ) ;
#600 = CARTESIAN_POINT ( 'NONE',  ( -0.3818897637795276023, 0.04198015748031495853, 2.892866454678787377E-18 ) ) ;
#601 = DIRECTION ( 'NONE',  ( 0.000000000000000000, 0.000000000000000000, 1.000000000000000000 ) ) ;
#602 = CARTESIAN_POINT ( 'NONE',  ( 0.4724409448818898127, 0.1102362204724409434, 0.4330708661417322913 ) ) ;
#603 = CARTESIAN_POINT ( 'NONE',  ( 0.4894629039091012990, 0.9822846996362654126, 0.5042343762525534068 ) ) ;
#604 = ORIENTED_EDGE ( 'NONE', *, *, #102, .T. ) ;
#605 = FACE_OUTER_BOUND ( 'NONE', #130, .T. ) ;
#606 = LINE ( 'NONE', #1338, #3377 ) ;
#607 = CARTESIAN_POINT ( 'NONE',  ( 0.4724409448818898127, 1.338215086886220595, 0.07872548081094488115 ) ) ;
#608 = AXIS2_PLACEMENT_3D ( 'NONE', #1569, #2020, #2818 ) ;
#609 = DIRECTION ( 'NONE',  ( 0.000000000000000000, 0.9991661083842544588, 0.04082998721851906904 ) ) ;
#610 = CARTESIAN_POINT ( 'NONE',  ( 0.3750294114858628847, 0.009023981733426115343, -0.3796724201841883972 ) ) ;
#611 = ORIENTED_EDGE ( 'NONE', *, *, #5110, .T. ) ;
#612 = VECTOR ( 'NONE', #3979, 39.37007874015748143 ) ;
#613 = EDGE_CURVE ( 'NONE', #781, #2464, #842, .T. ) ;
#614 = CARTESIAN_POINT ( 'NONE',  ( -0.4675356902413716487, 0.9699109393618124964, 0.5782418661775780011 ) ) ;
#615 = CARTESIAN_POINT ( 'NONE',  ( 0.5118102786681097971, 1.009442979339763902, 0.5208071019338575969 ) ) ;
#616 = APPROVAL_DATE_TIME ( #1345, #1718 ) ;
#617 = CARTESIAN_POINT ( 'NONE',  ( 0.4028349592991960493, 0.7559055118110236116, -0.3283448885433858377 ) ) ;
#618 = EDGE_LOOP ( 'NONE', ( #713, #2803, #1482, #4736 ) ) ;
#619 = DIRECTION ( 'NONE',  ( 0.7071067811865475727, -0.7071067811865475727, 0.000000000000000000 ) ) ;
#620 = DIRECTION ( 'NONE',  ( 0.000000000000000000, 0.2588190451024934280, 0.9659258262890756397 ) ) ;
#621 = ORIENTED_EDGE ( 'NONE', *, *, #2144, .F. ) ;
#622 = ORIENTED_EDGE ( 'NONE', *, *, #4070, .F. ) ;
#623 = ORIENTED_EDGE ( 'NONE', *, *, #1765, .F. ) ;
#624 = CARTESIAN_POINT ( 'NONE',  ( 0.4291338582677165503, 0.000000000000000000, -0.3937007874015748254 ) ) ;
#625 = CIRCLE ( 'NONE', #3604, 0.1181102362204724532 ) ;
#626 = CARTESIAN_POINT ( 'NONE',  ( 0.3818897637795276023, 0.000000000000000000, -0.1921723064444488260 ) ) ;
#627 = CARTESIAN_POINT ( 'NONE',  ( 0.4360148727685023151, 0.8858267717026752086, 0.5433070866141590516 ) ) ;
#628 = CARTESIAN_POINT ( 'NONE',  ( 0.5000476942837221994, 0.9810326994450832006, 0.5116611911136635937 ) ) ;
#629 = ORIENTED_EDGE ( 'NONE', *, *, #903, .F. ) ;
#630 = CARTESIAN_POINT ( 'NONE',  ( -0.3888691063586159902, 3.396267388239277343E-06, -0.3565919456941725185 ) ) ;
#631 = DIRECTION ( 'NONE',  ( 0.000000000000000000, 0.04082998721851817392, -0.9991661083842543478 ) ) ;
#632 = DIRECTION ( 'NONE',  ( 0.000000000000000000, 0.9848077530122266721, 0.1736481776668244437 ) ) ;
#633 = AXIS2_PLACEMENT_3D ( 'NONE', #4424, #2798, #776 ) ;
#634 = CARTESIAN_POINT ( 'NONE',  ( 0.4330705414897636496, 1.064954473485432818, 0.5256280023555112146 ) ) ;
#635 = CARTESIAN_POINT ( 'NONE',  ( -0.4928656397358265884, 1.166620733137007315, 0.4740176163358261197 ) ) ;
#636 = ORIENTED_EDGE ( 'NONE', *, *, #2538, .F. ) ;
#637 = ADVANCED_FACE ( 'NONE', ( #123 ), #2040, .T. ) ;
#638 = VECTOR ( 'NONE', #2340, 39.37007874015748143 ) ;
#639 = CARTESIAN_POINT ( 'NONE',  ( 0.3956057377440940770, 0.02444799032039763828, -0.3616129411228343193 ) ) ;
#640 = DIRECTION ( 'NONE',  ( -1.000000000000000000, 0.000000000000000000, 0.000000000000000000 ) ) ;
#641 = EDGE_CURVE ( 'NONE', #3385, #4949, #4923, .T. ) ;
#642 = EDGE_CURVE ( 'NONE', #3946, #1374, #3721, .T. ) ;
#643 = CARTESIAN_POINT ( 'NONE',  ( -0.3734825848717713281, 0.8025884126236219052, -0.3558511694131497038 ) ) ;
#644 = VECTOR ( 'NONE', #2573, 39.37007874015748143 ) ;
#645 = ORIENTED_EDGE ( 'NONE', *, *, #1964, .T. ) ;
#646 = CARTESIAN_POINT ( 'NONE',  ( 0.4094488188976377896, 0.01968503937007873988, 0.000000000000000000 ) ) ;
#647 = CARTESIAN_POINT ( 'NONE',  ( 0.3346456692913385988, 0.9127442351811023702, -0.1011948034493700965 ) ) ;
#648 = EDGE_CURVE ( 'NONE', #4247, #3930, #2907, .T. ) ;
#649 = ORIENTED_EDGE ( 'NONE', *, *, #1910, .T. ) ;
#650 = VERTEX_POINT ( 'NONE', #1645 ) ;
#651 = DIRECTION ( 'NONE',  ( 1.000000000000000000, 0.000000000000000000, 0.000000000000000000 ) ) ;
#652 = CARTESIAN_POINT ( 'NONE',  ( -0.7362204724409449064, 0.8536100323623445618, -0.1687926626625177451 ) ) ;
#653 = DIRECTION ( 'NONE',  ( 0.000000000000000000, 1.000000000000000000, 0.000000000000000000 ) ) ;
#654 = CARTESIAN_POINT ( 'NONE',  ( 0.4094488188976377896, 0.000000000000000000, -0.1949011906773228664 ) ) ;
#655 = CARTESIAN_POINT ( 'NONE',  ( 0.5053330126378438036, 0.9800551018115494228, 0.5174138051512913172 ) ) ;
#656 = VERTEX_POINT ( 'NONE', #4542 ) ;
#657 =( BOUNDED_CURVE ( )  B_SPLINE_CURVE ( 3, ( #255, #370, #4817, #1138 ),
 .UNSPECIFIED., .F., .T. ) 
 B_SPLINE_CURVE_WITH_KNOTS ( ( 4, 4 ),
 ( 1.181620551675514053, 3.141592653589795336 ),
 .UNSPECIFIED. ) 
 CURVE ( )  GEOMETRIC_REPRESENTATION_ITEM ( )  RATIONAL_B_SPLINE_CURVE ( ( 1.000000000000000000, 0.7046894209036279610, 0.7046894209036279610, 1.000000000000000000 ) ) 
 REPRESENTATION_ITEM ( '' )  );
#658 = LINE ( 'NONE', #4256, #2149 ) ;
#659 = CARTESIAN_POINT ( 'NONE',  ( -0.3090744190237795230, 0.7007874015748031260, -0.2952755905511810774 ) ) ;
#660 = CARTESIAN_POINT ( 'NONE',  ( -0.3543307086614173040, 1.355477947416535489, -0.8258426335086613834 ) ) ;
#661 = CARTESIAN_POINT ( 'NONE',  ( 0.4520162567956688138, 1.380486737113778117, 0.07570917925389766823 ) ) ;
#662 = CARTESIAN_POINT ( 'NONE',  ( -0.5118109520417326586, 1.337041711320471782, 0.1091045498860629820 ) ) ;
#663 = EDGE_LOOP ( 'NONE', ( #5182, #4187, #3147, #2036 ) ) ;
#664 = VERTEX_POINT ( 'NONE', #2511 ) ;
#665 = DIRECTION ( 'NONE',  ( -1.000000000000000000, 0.000000000000000000, 0.000000000000000000 ) ) ;
#666 = VECTOR ( 'NONE', #1978, 39.37007874015748143 ) ;
#667 = CARTESIAN_POINT ( 'NONE',  ( -0.3543307086614173040, 1.394815195778348338, -0.8242351536968740566 ) ) ;
#668 = ADVANCED_FACE ( 'NONE', ( #2958 ), #2780, .T. ) ;
#669 = CARTESIAN_POINT ( 'NONE',  ( -0.4330708428759842965, 1.207455842714960870, 0.5289542651480312330 ) ) ;
#670 = AXIS2_PLACEMENT_3D ( 'NONE', #478, #2100, #4955 ) ;
#671 = EDGE_CURVE ( 'NONE', #1646, #3065, #4702, .T. ) ;
#672 = VERTEX_POINT ( 'NONE', #2664 ) ;
#673 = AXIS2_PLACEMENT_3D ( 'NONE', #4337, #3077, #1115 ) ;
#674 = CARTESIAN_POINT ( 'NONE',  ( -0.4486645306987945836, 0.9815882724010394078, 0.5083651944845591908 ) ) ;
#675 = EDGE_CURVE ( 'NONE', #1328, #3572, #4674, .T. ) ;
#676 = CARTESIAN_POINT ( 'NONE',  ( 0.4450854890417557663, 0.9810736198864029589, 0.5114193979625302200 ) ) ;
#677 = VECTOR ( 'NONE', #2049, 39.37007874015748143 ) ;
#678 = DIRECTION ( 'NONE',  ( 0.000000000000000000, 0.04082998721851817392, -0.9991661083842544588 ) ) ;
#679 = ORIENTED_EDGE ( 'NONE', *, *, #3542, .F. ) ;
#680 = ORIENTED_EDGE ( 'NONE', *, *, #5047, .F. ) ;
#681 = FACE_OUTER_BOUND ( 'NONE', #4455, .T. ) ;
#682 = DIRECTION ( 'NONE',  ( 0.000000000000000000, 0.9925530280878339662, 0.1218133261744039908 ) ) ;
#683 = EDGE_CURVE ( 'NONE', #3391, #4430, #3011, .T. ) ;
#684 = CARTESIAN_POINT ( 'NONE',  ( -0.4291338582677165503, 0.8587330688317381666, -0.07361607859304725165 ) ) ;
#685 = LINE ( 'NONE', #4281, #5068 ) ;
#686 = CARTESIAN_POINT ( 'NONE',  ( -0.4724409448818898127, 1.355477947416535489, -0.8258426335086613834 ) ) ;
#687 = EDGE_LOOP ( 'NONE', ( #337, #3563, #3760, #4057 ) ) ;
#688 = CARTESIAN_POINT ( 'NONE',  ( -0.7125984251968504601, 0.3070866141732283561, 0.5610236220472440971 ) ) ;
#689 = CYLINDRICAL_SURFACE ( 'NONE', #1219, 0.01968503937007877111 ) ;
#690 = CARTESIAN_POINT ( 'NONE',  ( -0.7362204724409449064, 0.8782977321866142217, -0.07665691259610236952 ) ) ;
#691 = CARTESIAN_POINT ( 'NONE',  ( 0.4771542275303150560, 0.9620882722338592874, 0.5762631615350398695 ) ) ;
#692 = CARTESIAN_POINT ( 'NONE',  ( -0.5118110152795285472, 1.319602536901969714, 0.2606668281366144035 ) ) ;
#693 = ORIENTED_EDGE ( 'NONE', *, *, #2387, .T. ) ;
#694 = CARTESIAN_POINT ( 'NONE',  ( 0.4520162457299212733, 1.290464043504725211, 0.1697882162372047199 ) ) ;
#695 = ORIENTED_EDGE ( 'NONE', *, *, #518, .T. ) ;
#696 = CARTESIAN_POINT ( 'NONE',  ( 0.3738727129894485746, 0.0008311745820062997701, -0.3489189699822439206 ) ) ;
#697 = CARTESIAN_POINT ( 'NONE',  ( -0.4360148777004480558, 0.8858267716535432879, 0.5433070866141536115 ) ) ;
#698 = DIRECTION ( 'NONE',  ( 8.887068302663955604E-13, -0.04082998721785303237, 0.9991661083842816593 ) ) ;
#699 = VECTOR ( 'NONE', #4360, 39.37007874015748854 ) ;
#700 = VERTEX_POINT ( 'NONE', #1477 ) ;
#701 = LINE ( 'NONE', #4409, #3261 ) ;
#702 = LINE ( 'NONE', #4785, #223 ) ;
#703 = VERTEX_POINT ( 'NONE', #2589 ) ;
#704 = ORIENTED_EDGE ( 'NONE', *, *, #3053, .F. ) ;
#705 = VERTEX_POINT ( 'NONE', #617 ) ;
#706 = DIRECTION ( 'NONE',  ( 0.000000000000000000, -0.04082998721851680002, 0.9991661083842544588 ) ) ;
#707 = PLANE ( 'NONE',  #4852 ) ;
#708 = CARTESIAN_POINT ( 'NONE',  ( 0.4291338582677165503, 0.000000000000000000, -0.3464566929133858775 ) ) ;
#709 = LINE ( 'NONE', #232, #4297 ) ;
#710 = ADVANCED_FACE ( 'NONE', ( #1022 ), #222, .F. ) ;
#711 = PLANE ( 'NONE',  #2809 ) ;
#712 = EDGE_CURVE ( 'NONE', #2220, #1902, #3404, .T. ) ;
#713 = ORIENTED_EDGE ( 'NONE', *, *, #464, .T. ) ;
#714 = AXIS2_PLACEMENT_3D ( 'NONE', #5120, #3455, #1074 ) ;
#715 = DIRECTION ( 'NONE',  ( 0.000000000000000000, -1.000000000000000000, 0.000000000000000000 ) ) ;
#716 = CARTESIAN_POINT ( 'NONE',  ( -0.5905511811023621549, 1.361104126757661348, -0.9635230027740235847 ) ) ;
#717 = LINE ( 'NONE', #265, #638 ) ;
#718 = VECTOR ( 'NONE', #2093, 39.37007874015748854 ) ;
#719 = CARTESIAN_POINT ( 'NONE',  ( 0.4330708345913383828, 1.307185987394882787, 0.1715400166413779959 ) ) ;
#720 = CARTESIAN_POINT ( 'NONE',  ( -0.4928655905311018492, 1.379095276276376847, 0.1115861546039369351 ) ) ;
#721 = VERTEX_POINT ( 'NONE', #2245 ) ;
#722 = DIRECTION ( 'NONE',  ( 0.000000000000000000, -1.000000000000000000, 0.000000000000000000 ) ) ;
#723 = EDGE_CURVE ( 'NONE', #1328, #288, #3048, .T. ) ;
#724 = VERTEX_POINT ( 'NONE', #2383 ) ;
#725 = CARTESIAN_POINT ( 'NONE',  ( 0.3652355875305119404, 0.03961100515562995111, -0.3921045972767713272 ) ) ;
#726 = DIRECTION ( 'NONE',  ( 0.000000000000000000, 0.000000000000000000, 1.000000000000000000 ) ) ;
#727 = CARTESIAN_POINT ( 'NONE',  ( -0.4771542633602366967, 0.9589720244413396655, 0.5755405607980311755 ) ) ;
#728 = AXIS2_PLACEMENT_3D ( 'NONE', #3901, #1059, #182 ) ;
#729 = ORIENTED_EDGE ( 'NONE', *, *, #4194, .F. ) ;
#730 = CARTESIAN_POINT ( 'NONE',  ( 0.4446743590674456792, 0.9810064084485190516, 0.5118175208308420876 ) ) ;
#731 = AXIS2_PLACEMENT_3D ( 'NONE', #4526, #1578, #1974 ) ;
#732 = CYLINDRICAL_SURFACE ( 'NONE', #2775, 0.03937007874015752834 ) ;
#733 = EDGE_LOOP ( 'NONE', ( #807, #704, #4710, #2812 ) ) ;
#734 = EDGE_LOOP ( 'NONE', ( #3541, #2456, #2352, #224 ) ) ;
#735 = ORIENTED_EDGE ( 'NONE', *, *, #434, .T. ) ;
#736 = CARTESIAN_POINT ( 'NONE',  ( 0.3554015390786630091, 0.6614167352028326174, -0.3045410147452224381 ) ) ;
#737 = CARTESIAN_POINT ( 'NONE',  ( 0.000000000000000000, 0.1889767539222968196, -0.1574803149606299191 ) ) ;
#738 = CARTESIAN_POINT ( 'NONE',  ( 0.4040021734014000443, 0.7635112269786772377, -0.3225088180323621989 ) ) ;
#739 = FACE_OUTER_BOUND ( 'NONE', #2723, .T. ) ;
#740 = ADVANCED_FACE ( 'NONE', ( #5201 ), #2096, .T. ) ;
#741 = CARTESIAN_POINT ( 'NONE',  ( -0.3425323195904969031, 0.6482937259211507541, -0.3019671706645226661 ) ) ;
#742 = ORIENTED_EDGE ( 'NONE', *, *, #3253, .F. ) ;
#743 = CARTESIAN_POINT ( 'NONE',  ( -0.4133858267716535861, 1.394815195778346339, -0.8242351536968504089 ) ) ;
#744 = EDGE_CURVE ( 'NONE', #4165, #1071, #2833, .T. ) ;
#745 = DIRECTION ( 'NONE',  ( -1.000000000000000000, 0.000000000000000000, 0.000000000000000000 ) ) ;
#746 = CARTESIAN_POINT ( 'NONE',  ( 0.3762842883157834772, 0.7923208491057873726, -0.3738215269114299466 ) ) ;
#747 = CARTESIAN_POINT ( 'NONE',  ( 0.4330709531212597052, 1.143711261025983861, 0.5627629494086615614 ) ) ;
#748 = CARTESIAN_POINT ( 'NONE',  ( -0.4928656282188970672, 1.311070273624410421, 0.4251951414059049195 ) ) ;
#749 = ORIENTED_EDGE ( 'NONE', *, *, #397, .F. ) ;
#750 = CARTESIAN_POINT ( 'NONE',  ( -0.5314960629921260393, 1.355477947416535489, -0.8258426335086613834 ) ) ;
#751 = VERTEX_POINT ( 'NONE', #4056 ) ;
#752 = FACE_OUTER_BOUND ( 'NONE', #2578, .T. ) ;
#753 = CARTESIAN_POINT ( 'NONE',  ( 0.3963358486330709751, 0.02427428989378739577, -0.3579623866777560948 ) ) ;
#754 = DIRECTION ( 'NONE',  ( 0.000000000000000000, 0.000000000000000000, 1.000000000000000000 ) ) ;
#755 = EDGE_CURVE ( 'NONE', #4278, #1550, #1641, .T. ) ;
#756 = CARTESIAN_POINT ( 'NONE',  ( -0.4330716110956688292, 1.002067840333858539, 0.5710444181110233552 ) ) ;
#757 = EDGE_LOOP ( 'NONE', ( #2678, #124, #2405, #4547, #863, #3534 ) ) ;
#758 = CIRCLE ( 'NONE', #1613, 0.03937007874015752834 ) ;
#759 = CARTESIAN_POINT ( 'NONE',  ( 0.4417668359095320296, 0.9804922678209545550, 0.5148729559975923076 ) ) ;
#760 = VECTOR ( 'NONE', #2025, 39.37007874015748854 ) ;
#761 = DIRECTION ( 'NONE',  ( 0.000000000000000000, -0.9991661083842543478, -0.04082998721851817392 ) ) ;
#762 = VECTOR ( 'NONE', #1833, 39.37007874015748143 ) ;
#763 = VERTEX_POINT ( 'NONE', #3757 ) ;
#764 = EDGE_LOOP ( 'NONE', ( #551, #2790, #4051, #1982 ) ) ;
#765 = ORIENTED_EDGE ( 'NONE', *, *, #326, .F. ) ;
#766 = CARTESIAN_POINT ( 'NONE',  ( -0.4724409448818898127, 1.350655507981277648, -0.7078308884239076226 ) ) ;
#767 = LINE ( 'NONE', #1139, #4075 ) ;
#768 = AXIS2_PLACEMENT_3D ( 'NONE', #4562, #5012, #936 ) ;
#769 = DIRECTION ( 'NONE',  ( -1.000000000000000000, 0.000000000000000000, 0.000000000000000000 ) ) ;
#770 = LINE ( 'NONE', #373, #3949 ) ;
#771 = ORIENTED_EDGE ( 'NONE', *, *, #2568, .T. ) ;
#772 = FACE_OUTER_BOUND ( 'NONE', #339, .T. ) ;
#773 = ORIENTED_EDGE ( 'NONE', *, *, #2559, .F. ) ;
#774 = PLANE ( 'NONE',  #1952 ) ;
#775 = CARTESIAN_POINT ( 'NONE',  ( 0.5101656982616996627, 0.9743419586430734913, 0.5515976800462534246 ) ) ;
#776 = DIRECTION ( 'NONE',  ( 0.000000000000000000, 1.000000000000000000, 0.000000000000000000 ) ) ;
#777 = APPROVAL ( #3786, 'UNSPECIFIED' ) ;
#778 = DIRECTION ( 'NONE',  ( 0.000000000000000000, 0.000000000000000000, -1.000000000000000000 ) ) ;
#779 = CARTESIAN_POINT ( 'NONE',  ( -0.4928657960909447744, 1.066578624900393013, 0.5939049228003934200 ) ) ;
#780 = VERTEX_POINT ( 'NONE', #839 ) ;
#781 = VERTEX_POINT ( 'NONE', #3250 ) ;
#782 = DIRECTION ( 'NONE',  ( 0.000000000000000000, 0.9991661083842545699, 0.04082998721851829188 ) ) ;
#783 = CARTESIAN_POINT ( 'NONE',  ( -0.3510328864857480413, 0.04724409448818897572, -0.3464566929133858775 ) ) ;
#784 = CARTESIAN_POINT ( 'NONE',  ( 0.4724409448818898127, 0.9699109393618169372, 0.5782418661775322599 ) ) ;
#785 = CARTESIAN_POINT ( 'NONE',  ( -0.4520162992326767770, 1.379095276276376847, 0.1115861546039369351 ) ) ;
#786 = EDGE_LOOP ( 'NONE', ( #1481, #413 ) ) ;
#787 = EDGE_CURVE ( 'NONE', #798, #4750, #23, .T. ) ;
#788 = B_SPLINE_CURVE_WITH_KNOTS ( 'NONE', 3,
 ( #4984, #4579, #114, #3000, #3318, #3805, #1312, #2922, #2900, #138, #3697, #2551, #4557, #2524 ),
 .UNSPECIFIED., .F., .F.,
 ( 4, 2, 2, 2, 2, 2, 4 ),
 ( 0.000000000000000000, 0.2500000000000000000, 0.3750000000000000000, 0.5000000000000000000, 0.6250000000000000000, 0.7500000000000000000, 1.000000000000000000 ),
 .UNSPECIFIED. ) ;
#789 = CARTESIAN_POINT ( 'NONE',  ( 0.5118110551724416313, 1.332391213378740336, 0.1741805305288190997 ) ) ;
#790 = VECTOR ( 'NONE', #2996, 39.37007874015748143 ) ;
#791 = CARTESIAN_POINT ( 'NONE',  ( -0.5000444926532435774, 0.9810333178830361600, 0.5116580706981113114 ) ) ;
#792 = VERTEX_POINT ( 'NONE', #4464 ) ;
#793 = AXIS2_PLACEMENT_3D ( 'NONE', #4037, #420, #2491 ) ;
#794 = DIRECTION ( 'NONE',  ( 1.000000000000000000, 0.000000000000000000, 0.000000000000000000 ) ) ;
#795 = CARTESIAN_POINT ( 'NONE',  ( 0.7362204724410000845, 0.3661417322836046928, 0.5314960629921260393 ) ) ;
#796 = DIRECTION ( 'NONE',  ( 0.000000000000000000, 0.9991661083842544588, 0.04082998721851906904 ) ) ;
#797 = PERSON_AND_ORGANIZATION ( #1294, #2341 ) ;
#798 = VERTEX_POINT ( 'NONE', #4892 ) ;
#799 = FACE_OUTER_BOUND ( 'NONE', #1465, .T. ) ;
#800 = ORIENTED_EDGE ( 'NONE', *, *, #1133, .F. ) ;
#801 = CARTESIAN_POINT ( 'NONE',  ( -0.4209800479847517485, 0.8801310389741959783, -0.03732954189535250822 ) ) ;
#802 = CARTESIAN_POINT ( 'NONE',  ( -0.4343977952755905814, 0.7559055118110236116, -0.3283448885433858377 ) ) ;
#803 = DIRECTION ( 'NONE',  ( 0.1961161351382030571, 0.000000000000000000, 0.9805806756909162258 ) ) ;
#804 = CARTESIAN_POINT ( 'NONE',  ( 0.3842213937233465160, 0.7904272680519687233, -0.3819007541538977923 ) ) ;
#805 = CARTESIAN_POINT ( 'NONE',  ( 0.4291338582677165503, 0.8257125336188976261, -0.1968503937007874127 ) ) ;
#806 = ORIENTED_EDGE ( 'NONE', *, *, #2619, .F. ) ;
#807 = ORIENTED_EDGE ( 'NONE', *, *, #3242, .F. ) ;
#808 = CARTESIAN_POINT ( 'NONE',  ( -0.4133858267716535861, 1.394815195778348338, -0.8242351536968740566 ) ) ;
#809 = LINE ( 'NONE', #783, #4152 ) ;
#810 = CARTESIAN_POINT ( 'NONE',  ( 0.4463004414257427666, 0.9715336872534732215, 0.5684493540904956843 ) ) ;
#811 = VECTOR ( 'NONE', #2326, 39.37007874015748143 ) ;
#812 =( BOUNDED_CURVE ( )  B_SPLINE_CURVE ( 3, ( #2295, #2717, #5200, #697 ),
 .UNSPECIFIED., .F., .T. ) 
 B_SPLINE_CURVE_WITH_KNOTS ( ( 4, 4 ),
 ( 3.141592653589795336, 5.101564755502630000 ),
 .UNSPECIFIED. ) 
 CURVE ( )  GEOMETRIC_REPRESENTATION_ITEM ( )  RATIONAL_B_SPLINE_CURVE ( ( 1.000000000000000000, 0.7046894209040269752, 0.7046894209040269752, 1.000000000000000000 ) ) 
 REPRESENTATION_ITEM ( '' )  );
#813 = CARTESIAN_POINT ( 'NONE',  ( -0.4330708650759839684, 1.250167469356299410, 0.3954344098633859050 ) ) ;
#814 = ADVANCED_FACE ( 'NONE', ( #1242 ), #1263, .T. ) ;
#815 = ORIENTED_EDGE ( 'NONE', *, *, #4976, .T. ) ;
#816 = ADVANCED_FACE ( 'NONE', ( #4107 ), #465, .T. ) ;
#817 = CARTESIAN_POINT ( 'NONE',  ( 0.5118110338425199135, 1.338399040815355434, 0.07410607274744095141 ) ) ;
#818 = EDGE_CURVE ( 'NONE', #353, #5080, #3398, .T. ) ;
#819 = CARTESIAN_POINT ( 'NONE',  ( -0.3661743467989769241, 0.7486790571299216657, -0.3923923597770472282 ) ) ;
#820 = ORIENTED_EDGE ( 'NONE', *, *, #3240, .F. ) ;
#821 = AXIS2_PLACEMENT_3D ( 'NONE', #4963, #990, #536 ) ;
#822 = CARTESIAN_POINT ( 'NONE',  ( -0.3090744190841441252, 0.6417318067187284258, -0.3228351587059475891 ) ) ;
#823 = DIRECTION ( 'NONE',  ( 0.000000000000000000, -0.04082998721851786861, 0.9991661083842544588 ) ) ;
#824 = DIRECTION ( 'NONE',  ( 0.000000000000000000, 0.000000000000000000, -1.000000000000000000 ) ) ;
#825 = APPLICATION_PROTOCOL_DEFINITION ( 'international standard', 'config_control_design', 1994, #4456 ) ;
#826 = EDGE_CURVE ( 'NONE', #4949, #2304, #1565, .T. ) ;
#827 = DIRECTION ( 'NONE',  ( 0.000000000000000000, 0.000000000000000000, 1.000000000000000000 ) ) ;
#828 = VECTOR ( 'NONE', #1704, 39.37007874015748854 ) ;
#829 = EDGE_LOOP ( 'NONE', ( #1928, #3270, #3297, #446 ) ) ;
#830 = DIRECTION ( 'NONE',  ( 0.000000000000000000, 0.9925530280878338552, 0.1218133261744041851 ) ) ;
#831 = FACE_OUTER_BOUND ( 'NONE', #663, .T. ) ;
#832 = CARTESIAN_POINT ( 'NONE',  ( 0.3818897637795276023, 0.04724409448818897572, -0.1921723064444488260 ) ) ;
#833 = CARTESIAN_POINT ( 'NONE',  ( -0.4677276886429130864, 1.148178024062993074, 0.5760305462925195963 ) ) ;
#834 = ORIENTED_EDGE ( 'NONE', *, *, #968, .T. ) ;
#835 = VERTEX_POINT ( 'NONE', #538 ) ;
#836 = FACE_BOUND ( 'NONE', #4991, .T. ) ;
#837 = LINE ( 'NONE', #3625, #2959 ) ;
#838 = LINE ( 'NONE', #2007, #1497 ) ;
#839 = CARTESIAN_POINT ( 'NONE',  ( -0.4724409448818898127, 1.350655507981277648, -0.7078308884239076226 ) ) ;
#840 = ORIENTED_EDGE ( 'NONE', *, *, #4503, .F. ) ;
#841 = CARTESIAN_POINT ( 'NONE',  ( 0.5118110590929131343, 1.363787200060630811, 0.07271669524322832423 ) ) ;
#842 = LINE ( 'NONE', #865, #4514 ) ;
#843 = VERTEX_POINT ( 'NONE', #5013 ) ;
#844 = CARTESIAN_POINT ( 'NONE',  ( 0.000000000000000000, 0.04724409448818897572, -0.1574803149606299191 ) ) ;
#845 = CARTESIAN_POINT ( 'NONE',  ( -0.4434362178257412745, 0.9719965531888284938, 0.5656618489958766816 ) ) ;
#846 = LINE ( 'NONE', #398, #4536 ) ;
#847 = VECTOR ( 'NONE', #665, 39.37007874015748143 ) ;
#848 = CARTESIAN_POINT ( 'NONE',  ( 0.000000000000000000, 0.2047244094489011901, -0.1574803149606299191 ) ) ;
#849 = LINE ( 'NONE', #872, #2682 ) ;
#850 = AXIS2_PLACEMENT_3D ( 'NONE', #380, #1207, #2001 ) ;
#851 = EDGE_CURVE ( 'NONE', #150, #2646, #1738, .T. ) ;
#852 = CARTESIAN_POINT ( 'NONE',  ( -0.4724409448818898127, 0.1054404202293541259, 0.4721477570113314925 ) ) ;
#853 = CARTESIAN_POINT ( 'NONE',  ( -0.3090744190237795230, 0.6355716535433071357, -0.3425196850393700809 ) ) ;
#854 = CARTESIAN_POINT ( 'NONE',  ( 0.5314960629921260393, 1.400441375119293230, -0.9619155229622263770 ) ) ;
#855 = CC_DESIGN_APPROVAL ( #777, ( #2384 ) ) ;
#856 = CARTESIAN_POINT ( 'NONE',  ( -0.4677276393637795349, 1.066505621903150347, 0.5908359849011820542 ) ) ;
#857 = VERTEX_POINT ( 'NONE', #3781 ) ;
#858 = ORIENTED_EDGE ( 'NONE', *, *, #2088, .T. ) ;
#859 = DIRECTION ( 'NONE',  ( 0.000000000000000000, 0.1924500897298779545, -0.9813067629253158231 ) ) ;
#860 = CARTESIAN_POINT ( 'NONE',  ( -0.3307086614173228023, 0.6417322834645668994, 0.000000000000000000 ) ) ;
#861 = CARTESIAN_POINT ( 'NONE',  ( 0.3543307086614173040, 1.361104126757873845, -0.9635230027740157022 ) ) ;
#862 = DIRECTION ( 'NONE',  ( 0.000000000000000000, -0.9991661083841868463, -0.04082998722016719512 ) ) ;
#863 = ORIENTED_EDGE ( 'NONE', *, *, #2799, .T. ) ;
#864 = CARTESIAN_POINT ( 'NONE',  ( 0.5118110246877947134, 1.295900052709449746, 0.4177820694216533570 ) ) ;
#865 = CARTESIAN_POINT ( 'NONE',  ( 0.3090744190237795230, 0.7007874015748031260, -0.2952755905511810774 ) ) ;
#866 = ORIENTED_EDGE ( 'NONE', *, *, #3280, .F. ) ;
#867 = CARTESIAN_POINT ( 'NONE',  ( 0.6889763779528130794, 0.2480314960629697030, 0.000000000000000000 ) ) ;
#868 = CARTESIAN_POINT ( 'NONE',  ( 0.3307086614173228023, 0.7007874015748031260, 0.000000000000000000 ) ) ;
#869 = DIRECTION ( 'NONE',  ( -1.000000000000000000, 0.000000000000000000, 0.000000000000000000 ) ) ;
#870 = EDGE_CURVE ( 'NONE', #656, #1995, #937, .T. ) ;
#871 = VECTOR ( 'NONE', #4882, 39.37007874015748143 ) ;
#872 = CARTESIAN_POINT ( 'NONE',  ( -0.4133858267716535861, 1.355477947416535489, -0.8258426335086613834 ) ) ;
#873 = CYLINDRICAL_SURFACE ( 'NONE', #4588, 0.1181102362204724532 ) ;
#874 = ADVANCED_FACE ( 'NONE', ( #2161 ), #1790, .T. ) ;
#875 = CARTESIAN_POINT ( 'NONE',  ( -0.4724409448818898127, 1.353066727698905458, -0.7668367609662835038 ) ) ;
#876 = FACE_OUTER_BOUND ( 'NONE', #3857, .T. ) ;
#877 = EDGE_CURVE ( 'NONE', #1607, #2079, #1755, .T. ) ;
#878 = PLANE ( 'NONE',  #87 ) ;
#879 = ORIENTED_EDGE ( 'NONE', *, *, #1032, .F. ) ;
#880 = LINE ( 'NONE', #1761, #53 ) ;
#881 = DIRECTION ( 'NONE',  ( 1.000000000000000000, 0.000000000000000000, 0.000000000000000000 ) ) ;
#882 = CARTESIAN_POINT ( 'NONE',  ( 0.4454363073433847409, 0.9716647691941786569, 0.5676588677152609730 ) ) ;
#883 = ADVANCED_FACE ( 'NONE', ( #215 ), #2296, .T. ) ;
#884 = CARTESIAN_POINT ( 'NONE',  ( -0.4520162567956688138, 1.296311344516929642, 0.07250296624094480780 ) ) ;
#885 = ORIENTED_EDGE ( 'NONE', *, *, #2274, .F. ) ;
#886 = EDGE_LOOP ( 'NONE', ( #979, #1586, #987, #4349 ) ) ;
#887 = VECTOR ( 'NONE', #2667, 39.37007874015748143 ) ;
#888 = CARTESIAN_POINT ( 'NONE',  ( 0.5118111572413392985, 0.9706904646850408325, 0.5381337365531487782 ) ) ;
#889 = CARTESIAN_POINT ( 'NONE',  ( -0.3543307086614173040, 1.361104126757873845, -0.9635230027740157022 ) ) ;
#890 = VECTOR ( 'NONE', #5198, 39.37007874015748854 ) ;
#891 = ORIENTED_EDGE ( 'NONE', *, *, #2622, .F. ) ;
#892 = DIRECTION ( 'NONE',  ( 0.000000000000000000, 0.000000000000000000, 1.000000000000000000 ) ) ;
#893 = AXIS2_PLACEMENT_3D ( 'NONE', #927, #1756, #3314 ) ;
#894 = CARTESIAN_POINT ( 'NONE',  ( 0.3662246965324801873, 0.7444825384866141649, -0.3921405992250785455 ) ) ;
#895 = VERTEX_POINT ( 'NONE', #2498 ) ;
#896 = AXIS2_PLACEMENT_3D ( 'NONE', #4695, #5142, #3530 ) ;
#897 = CARTESIAN_POINT ( 'NONE',  ( 0.4330708661416708960, 0.9763779527559172111, 0.5393700787401055630 ) ) ;
#898 = DIRECTION ( 'NONE',  ( -1.000000000000000000, 0.000000000000000000, 0.000000000000000000 ) ) ;
#899 = CARTESIAN_POINT ( 'NONE',  ( 0.5088670120633315141, 0.8858267716535432879, 0.5433070866141536115 ) ) ;
#900 = CARTESIAN_POINT ( 'NONE',  ( -0.5101649706199052892, 0.9743415884294392981, 0.5515998674988040751 ) ) ;
#901 = EDGE_CURVE ( 'NONE', #703, #288, #3452, .T. ) ;
#902 = CARTESIAN_POINT ( 'NONE',  ( 0.4962173590461734229, 0.9815882724028014428, 0.5083651944702004544 ) ) ;
#903 = EDGE_CURVE ( 'NONE', #664, #3463, #65, .T. ) ;
#904 = VERTEX_POINT ( 'NONE', #2054 ) ;
#905 = EDGE_CURVE ( 'NONE', #381, #3887, #4936, .T. ) ;
#906 = DIRECTION ( 'NONE',  ( 0.000000000000000000, -4.956352788505170170E-16, 1.000000000000000000 ) ) ;
#907 = EDGE_CURVE ( 'NONE', #5195, #724, #4213, .T. ) ;
#908 = CARTESIAN_POINT ( 'NONE',  ( -0.3737611811521453498, 0.7605314034916107468, -0.3927190449163852071 ) ) ;
#909 = CARTESIAN_POINT ( 'NONE',  ( -0.3736259075671732321, 0.03937006814725838716, -0.3936986343757247764 ) ) ;
#910 = CARTESIAN_POINT ( 'NONE',  ( 0.3543307086614173040, 1.355477947416535489, -0.8258426335086613834 ) ) ;
#911 = CARTESIAN_POINT ( 'NONE',  ( -0.4520162436960625807, 1.296394367339763987, 0.07024205635574809481 ) ) ;
#912 = ORIENTED_EDGE ( 'NONE', *, *, #2810, .F. ) ;
#913 = ORIENTED_EDGE ( 'NONE', *, *, #2692, .T. ) ;
#914 = ADVANCED_FACE ( 'NONE', ( #4049 ), #1284, .T. ) ;
#915 = B_SPLINE_CURVE_WITH_KNOTS ( 'NONE', 3,
 ( #4287, #3933, #1517, #3057, #2235, #1491 ),
 .UNSPECIFIED., .F., .F.,
 ( 4, 2, 4 ),
 ( 0.000000000000000000, 0.5000000000000000000, 1.000000000000000000 ),
 .UNSPECIFIED. ) ;
#916 = LINE ( 'NONE', #3761, #3853 ) ;
#917 = CARTESIAN_POINT ( 'NONE',  ( 0.4094488188976377896, 0.8809211613251969331, 0.009191009916023621523 ) ) ;
#918 = ORIENTED_EDGE ( 'NONE', *, *, #1826, .T. ) ;
#919 = LINE ( 'NONE', #3433, #5057 ) ;
#920 = CARTESIAN_POINT ( 'NONE',  ( 0.3897941778354725439, 0.8073819913346449439, -0.3540368335931496357 ) ) ;
#921 = ORIENTED_EDGE ( 'NONE', *, *, #1757, .T. ) ;
#922 = ORIENTED_EDGE ( 'NONE', *, *, #1241, .F. ) ;
#923 = ORIENTED_EDGE ( 'NONE', *, *, #4197, .T. ) ;
#924 = AXIS2_PLACEMENT_3D ( 'NONE', #486, #2006, #4537 ) ;
#925 = DIRECTION ( 'NONE',  ( 0.000000000000000000, 1.000000000000000000, 0.000000000000000000 ) ) ;
#926 = CARTESIAN_POINT ( 'NONE',  ( -0.3307086614173401773, 0.7007874015748031260, -0.1871043785833893525 ) ) ;
#927 = CARTESIAN_POINT ( 'NONE',  ( -0.7362204724409449064, 0.7796434537460865677, 0.09842519685038386701 ) ) ;
#928 = CARTESIAN_POINT ( 'NONE',  ( -0.4040021734014079269, 0.7635112269787401873, -0.3225088180323287257 ) ) ;
#929 = AXIS2_PLACEMENT_3D ( 'NONE', #4766, #1567, #2756 ) ;
#930 = AXIS2_PLACEMENT_3D ( 'NONE', #1335, #4200, #2945 ) ;
#931 = ORIENTED_EDGE ( 'NONE', *, *, #3112, .T. ) ;
#932 = LINE ( 'NONE', #1387, #2084 ) ;
#933 = CARTESIAN_POINT ( 'NONE',  ( -0.3510328864857393816, 0.4192913385826771422, -0.3464566929133858775 ) ) ;
#934 = CARTESIAN_POINT ( 'NONE',  ( -0.3987415671783461346, 0.008482280901748026972, -0.3659610254443307897 ) ) ;
#935 = AXIS2_PLACEMENT_3D ( 'NONE', #4824, #2397, #827 ) ;
#936 = DIRECTION ( 'NONE',  ( 1.000000000000000000, 0.000000000000000000, 0.000000000000000000 ) ) ;
#937 = LINE ( 'NONE', #4667, #10 ) ;
#938 = VERTEX_POINT ( 'NONE', #4507 ) ;
#939 = ORIENTED_EDGE ( 'NONE', *, *, #2604, .T. ) ;
#940 = DIRECTION ( 'NONE',  ( 0.000000000000000000, 0.000000000000000000, -1.000000000000000000 ) ) ;
#941 = CARTESIAN_POINT ( 'NONE',  ( 0.4677277674133853980, 1.011447964888190221, 0.5071497196338590197 ) ) ;
#942 = PERSON_AND_ORGANIZATION_ROLE ( 'classification_officer' ) ;
#943 = CARTESIAN_POINT ( 'NONE',  ( -0.3842213942778741620, 0.7904272685377957686, -0.3819007528148428143 ) ) ;
#944 = EDGE_CURVE ( 'NONE', #1550, #1008, #3215, .T. ) ;
#945 = ORIENTED_EDGE ( 'NONE', *, *, #4039, .T. ) ;
#946 = CARTESIAN_POINT ( 'NONE',  ( -0.4724409448818898127, 1.298877838524636008, 0.07711800099919212392 ) ) ;
#947 = CARTESIAN_POINT ( 'NONE',  ( 0.3988447773350395353, 0.7820074211070864312, -0.3454183737477956040 ) ) ;
#948 = ORIENTED_EDGE ( 'NONE', *, *, #453, .T. ) ;
#949 = ORIENTED_EDGE ( 'NONE', *, *, #3334, .F. ) ;
#950 = ORIENTED_EDGE ( 'NONE', *, *, #787, .T. ) ;
#951 = CARTESIAN_POINT ( 'NONE',  ( 0.4044097624488109943, 0.7480314960629921295, -0.3204708727953543557 ) ) ;
#952 = LINE ( 'NONE', #4551, #1442 ) ;
#953 = CARTESIAN_POINT ( 'NONE',  ( 0.6889763779528130794, 8.316991057201849416E-17, 0.5905511811023621549 ) ) ;
#954 = LINE ( 'NONE', #480, #1325 ) ;
#955 = VECTOR ( 'NONE', #3523, 39.37007874015748143 ) ;
#956 = PLANE ( 'NONE',  #4938 ) ;
#957 = ORIENTED_EDGE ( 'NONE', *, *, #50, .F. ) ;
#958 = LINE ( 'NONE', #988, #293 ) ;
#959 = VECTOR ( 'NONE', #3028, 39.37007874015748143 ) ;
#960 = CARTESIAN_POINT ( 'NONE',  ( -0.3736261986950217828, 0.7542204586826359858, -0.3937007873426057181 ) ) ;
#961 = CARTESIAN_POINT ( 'NONE',  ( -0.3966727597169289465, 0.02447297354814959372, -0.3562778321727165798 ) ) ;
#962 = CARTESIAN_POINT ( 'NONE',  ( -0.4028349592991960493, 0.7559055118110236116, -0.3283448885433858377 ) ) ;
#963 = CARTESIAN_POINT ( 'NONE',  ( -0.4677276744527561481, 1.293481536862205239, 0.1701043305668898664 ) ) ;
#964 = VERTEX_POINT ( 'NONE', #2476 ) ;
#965 = ORIENTED_EDGE ( 'NONE', *, *, #3668, .F. ) ;
#966 = DIRECTION ( 'NONE',  ( 0.000000000000000000, 0.000000000000000000, -1.000000000000000000 ) ) ;
#967 = LINE ( 'NONE', #171, #2078 ) ;
#968 = EDGE_CURVE ( 'NONE', #3122, #781, #1656, .T. ) ;
#969 = CARTESIAN_POINT ( 'NONE',  ( 5.303588499553354763E-18, 0.1889767539222968196, -0.1141732283520997954 ) ) ;
#970 = ADVANCED_FACE ( 'NONE', ( #2075 ), #878, .T. ) ;
#971 = ORIENTED_EDGE ( 'NONE', *, *, #490, .T. ) ;
#972 = CIRCLE ( 'NONE', #1996, 0.05905511811023615720 ) ;
#973 = ADVANCED_FACE ( 'NONE', ( #3241 ), #2403, .T. ) ;
#974 = CARTESIAN_POINT ( 'NONE',  ( -0.4574398307788664630, 0.8858254541411969551, 0.5649837291034137676 ) ) ;
#975 = VECTOR ( 'NONE', #2444, 39.37007874015748143 ) ;
#976 =( BOUNDED_CURVE ( )  B_SPLINE_CURVE ( 3, ( #3742, #447, #4950, #3258 ),
 .UNSPECIFIED., .F., .T. ) 
 B_SPLINE_CURVE_WITH_KNOTS ( ( 4, 4 ),
 ( 0.000000000000000000, 1.308996938998923998 ),
 .UNSPECIFIED. ) 
 CURVE ( )  GEOMETRIC_REPRESENTATION_ITEM ( )  RATIONAL_B_SPLINE_CURVE ( ( 1.000000000000000000, 0.8622355601935119962, 0.8622355601935119962, 1.000000000000000000 ) ) 
 REPRESENTATION_ITEM ( '' )  );
#977 = CARTESIAN_POINT ( 'NONE',  ( 0.4028349592991959383, 0.7596116893338219489, -0.3283448885433856712 ) ) ;
#978 = ORIENTED_EDGE ( 'NONE', *, *, #3706, .F. ) ;
#979 = ORIENTED_EDGE ( 'NONE', *, *, #2622, .T. ) ;
#980 = CARTESIAN_POINT ( 'NONE',  ( -0.4676049935545152358, 0.9829178552618152986, 0.5005072367846205017 ) ) ;
#981 = PLANE ( 'NONE',  #5097 ) ;
#982 = EDGE_CURVE ( 'NONE', #3328, #2523, #3620, .T. ) ;
#983 = CARTESIAN_POINT ( 'NONE',  ( -0.3582677165354402060, 0.6417322834645668994, -0.1898332628162622271 ) ) ;
#984 = DIRECTION ( 'NONE',  ( -1.000000000000000000, 0.000000000000000000, 0.000000000000000000 ) ) ;
#985 = AXIS2_PLACEMENT_3D ( 'NONE', #2113, #1226, #2819 ) ;
#986 = FACE_BOUND ( 'NONE', #3039, .T. ) ;
#987 = ORIENTED_EDGE ( 'NONE', *, *, #2387, .F. ) ;
#988 = CARTESIAN_POINT ( 'NONE',  ( -0.5905511811023621549, 1.394815195778346339, -0.8242351536968504089 ) ) ;
#989 = CARTESIAN_POINT ( 'NONE',  ( -0.3746374749139131932, 0.7770093024549125094, -0.3861283577761147612 ) ) ;
#990 = DIRECTION ( 'NONE',  ( 0.000000000000000000, -0.04082998721851786861, 0.9991661083842544588 ) ) ;
#991 = CARTESIAN_POINT ( 'NONE',  ( 0.5905511811023621549, 1.361104126757873845, -0.9635230027740157022 ) ) ;
#992 = CARTESIAN_POINT ( 'NONE',  ( 0.3753895375823101399, 0.006226245092949451131, -0.3761981179933740482 ) ) ;
#993 = ORIENTED_EDGE ( 'NONE', *, *, #4432, .F. ) ;
#994 = DIRECTION ( 'NONE',  ( 0.1961161351380469597, 0.000000000000000000, 0.9805806756909476452 ) ) ;
#995 = CARTESIAN_POINT ( 'NONE',  ( 0.5118111572413389654, 0.9762628627125994329, 0.5134339482393696086 ) ) ;
#996 = CARTESIAN_POINT ( 'NONE',  ( -0.3955124629342520737, 0.7753548637744100969, -0.3813813661377556952 ) ) ;
#997 = EDGE_LOOP ( 'NONE', ( #2500, #4625, #4283, #3487 ) ) ;
#998 = DIRECTION ( 'NONE',  ( 0.000000000000000000, -0.1218133261744039492, 0.9925530280878338552 ) ) ;
#999 = CARTESIAN_POINT ( 'NONE',  ( 0.3775629181447279770, 1.697741953944974412E-06, -0.3543306944418354032 ) ) ;
#1000 = VERTEX_POINT ( 'NONE', #4454 ) ;
#1001 = ORIENTED_EDGE ( 'NONE', *, *, #4751, .T. ) ;
#1002 = CARTESIAN_POINT ( 'NONE',  ( -0.5314960629921260393, 1.394815195778346339, -0.8242351536968504089 ) ) ;
#1003 = LINE ( 'NONE', #2650, #699 ) ;
#1004 =( BOUNDED_CURVE ( )  B_SPLINE_CURVE ( 3, ( #3411, #3821, #977, #3867 ),
 .UNSPECIFIED., .F., .T. ) 
 B_SPLINE_CURVE_WITH_KNOTS ( ( 4, 4 ),
 ( 1.832595714590874891, 3.141592653589795336 ),
 .UNSPECIFIED. ) 
 CURVE ( )  GEOMETRIC_REPRESENTATION_ITEM ( )  RATIONAL_B_SPLINE_CURVE ( ( 1.000000000000000000, 0.8622355601935139946, 0.8622355601935139946, 1.000000000000000000 ) ) 
 REPRESENTATION_ITEM ( '' )  );
#1005 = CARTESIAN_POINT ( 'NONE',  ( 0.7362204724410000845, 0.7796434537460865677, 0.09842519685038386701 ) ) ;
#1006 = DIRECTION ( 'NONE',  ( 0.000000000000000000, -0.2588190451024934280, -0.9659258262890756397 ) ) ;
#1007 = ADVANCED_FACE ( 'NONE', ( #4885 ), #4146, .T. ) ;
#1008 = VERTEX_POINT ( 'NONE', #3444 ) ;
#1009 = DIRECTION ( 'NONE',  ( 0.9805806756909164479, 0.000000000000000000, -0.1961161351382030849 ) ) ;
#1010 = LINE ( 'NONE', #583, #585 ) ;
#1011 = DIRECTION ( 'NONE',  ( 0.000000000000000000, 0.7392668519252687531, 0.6734125939158718266 ) ) ;
#1012 = VECTOR ( 'NONE', #994, 39.37007874015747433 ) ;
#1013 = AXIS2_PLACEMENT_3D ( 'NONE', #3682, #1268, #1743 ) ;
#1014 = CARTESIAN_POINT ( 'NONE',  ( 0.7125984251968504601, 0.3070866141732283561, 0.5610236220472440971 ) ) ;
#1015 = CARTESIAN_POINT ( 'NONE',  ( 0.3768887022582971258, -2.425764922970983886E-09, -0.3610466821845320640 ) ) ;
#1016 = VERTEX_POINT ( 'NONE', #5034 ) ;
#1017 = EDGE_LOOP ( 'NONE', ( #4556, #2110, #2215, #4192 ) ) ;
#1018 = CARTESIAN_POINT ( 'NONE',  ( -0.4330708661416708960, 0.9763779527559172111, 0.5393700787401055630 ) ) ;
#1019 = CARTESIAN_POINT ( 'NONE',  ( 0.5118109366425196427, 1.127280719502362860, 0.5139594199377947037 ) ) ;
#1020 = ADVANCED_FACE ( 'NONE', ( #2155 ), #4632, .T. ) ;
#1021 = PERSON_AND_ORGANIZATION ( #1294, #2341 ) ;
#1022 = FACE_OUTER_BOUND ( 'NONE', #1772, .T. ) ;
#1023 = VERTEX_POINT ( 'NONE', #3340 ) ;
#1024 = CARTESIAN_POINT ( 'NONE',  ( -0.4724409448821441093, 1.338215086886173300, 0.07872548081092677064 ) ) ;
#1025 = CARTESIAN_POINT ( 'NONE',  ( -0.3434885536746790646, 0.6417327432814836641, -0.2637314217356066526 ) ) ;
#1026 = ORIENTED_EDGE ( 'NONE', *, *, #1701, .F. ) ;
#1027 = ORIENTED_EDGE ( 'NONE', *, *, #4129, .T. ) ;
#1028 = VERTEX_POINT ( 'NONE', #532 ) ;
#1029 = CARTESIAN_POINT ( 'NONE',  ( -0.4330708661416708960, 0.9763779527559172111, 0.5393700787401055630 ) ) ;
#1030 = FACE_OUTER_BOUND ( 'NONE', #2124, .T. ) ;
#1031 = DIRECTION ( 'NONE',  ( 0.000000000000000000, -0.1218133261744039492, 0.9925530280878338552 ) ) ;
#1032 = EDGE_CURVE ( 'NONE', #4794, #1579, #2182, .T. ) ;
#1033 = LINE ( 'NONE', #1543, #5099 ) ;
#1034 = ORIENTED_EDGE ( 'NONE', *, *, #3862, .F. ) ;
#1035 = ADVANCED_FACE ( 'NONE', ( #3419 ), #3751, .T. ) ;
#1036 = B_SPLINE_CURVE_WITH_KNOTS ( 'NONE', 3,
 ( #1553, #439, #4078, #3164 ),
 .UNSPECIFIED., .F., .F.,
 ( 4, 4 ),
 ( 0.000000000000000000, 1.000000000000000000 ),
 .UNSPECIFIED. ) ;
#1037 = LINE ( 'NONE', #263, #1303 ) ;
#1038 = ADVANCED_FACE ( 'NONE', ( #581 ), #2973, .T. ) ;
#1039 = DIRECTION ( 'NONE',  ( -1.000000000000000000, 0.000000000000000000, 0.000000000000000000 ) ) ;
#1040 = CARTESIAN_POINT ( 'NONE',  ( -0.4133858267716535861, 1.361104126757661348, -0.9635230027740235847 ) ) ;
#1041 = VECTOR ( 'NONE', #342, 39.37007874015748143 ) ;
#1042 = CARTESIAN_POINT ( 'NONE',  ( 0.4330708643224404075, 1.275847454398031378, 0.3309329416215749942 ) ) ;
#1043 = CARTESIAN_POINT ( 'NONE',  ( 0.3763191829685273437, 0.001706256924610389299, -0.3669058359359964605 ) ) ;
#1044 = EDGE_LOOP ( 'NONE', ( #1635, #2763, #2550, #2741, #2253, #912, #4715 ) ) ;
#1045 = VECTOR ( 'NONE', #409, 39.37007874015748143 ) ;
#1046 = CARTESIAN_POINT ( 'NONE',  ( 0.3933114685440157743, 0.03580216765688579855, -0.3730842871225983348 ) ) ;
#1047 = CARTESIAN_POINT ( 'NONE',  ( 0.4724409448818898127, 1.394815195778348338, -0.8242351536968997028 ) ) ;
#1048 = EDGE_CURVE ( 'NONE', #1958, #216, #2577, .T. ) ;
#1049 = CARTESIAN_POINT ( 'NONE',  ( 0.4724409448820716673, 1.338215086886171301, 0.07872548081098069972 ) ) ;
#1050 = VERTEX_POINT ( 'NONE', #558 ) ;
#1051 = DIRECTION ( 'NONE',  ( -1.000000000000000000, 0.000000000000000000, 0.000000000000000000 ) ) ;
#1052 = DIRECTION ( 'NONE',  ( 0.000000000000000000, -0.2588190451024934280, -0.9659258262890756397 ) ) ;
#1053 = EDGE_LOOP ( 'NONE', ( #4770, #3113, #351, #3976 ) ) ;
#1054 = VERTEX_POINT ( 'NONE', #4605 ) ;
#1055 = ORIENTED_EDGE ( 'NONE', *, *, #5074, .T. ) ;
#1056 = CARTESIAN_POINT ( 'NONE',  ( 0.4291338582677165503, 0.8426180921244095234, -0.02727797808123228612 ) ) ;
#1057 = AXIS2_PLACEMENT_3D ( 'NONE', #646, #4784, #4759 ) ;
#1058 = DIRECTION ( 'NONE',  ( 0.1896781441320800343, -0.2541205277108529725, -0.9483907206603021667 ) ) ;
#1059 = DIRECTION ( 'NONE',  ( 1.000000000000000000, 0.000000000000000000, 0.000000000000000000 ) ) ;
#1060 = CARTESIAN_POINT ( 'NONE',  ( -0.4724409448818007728, 1.013268854457996193, 0.5070207190249621521 ) ) ;
#1061 = ORIENTED_EDGE ( 'NONE', *, *, #4285, .F. ) ;
#1062 = CYLINDRICAL_SURFACE ( 'NONE', #3326, 0.01968503937007880580 ) ;
#1063 = EDGE_CURVE ( 'NONE', #724, #1008, #3370, .T. ) ;
#1064 = LINE ( 'NONE', #3529, #1806 ) ;
#1065 = CARTESIAN_POINT ( 'NONE',  ( -0.7362204724409449064, 0.7007874015748031260, 0.05905511811023622659 ) ) ;
#1066 = CIRCLE ( 'NONE', #2592, 0.07874015748031495954 ) ;
#1067 = EDGE_CURVE ( 'NONE', #1821, #4411, #5060, .T. ) ;
#1068 = CARTESIAN_POINT ( 'NONE',  ( 0.4330704332334648909, 0.9678075543511815981, 0.5374651300314965408 ) ) ;
#1069 = CARTESIAN_POINT ( 'NONE',  ( -0.5118109520417321034, 1.311760500799212581, 0.1076126913154725334 ) ) ;
#1070 = EDGE_CURVE ( 'NONE', #3741, #4682, #3390, .T. ) ;
#1071 = VERTEX_POINT ( 'NONE', #5005 ) ;
#1072 = VECTOR ( 'NONE', #2632, 39.37007874015748143 ) ;
#1073 = CARTESIAN_POINT ( 'NONE',  ( -0.1030248063815030479, 0.6417324835451426734, -0.3228348457498669832 ) ) ;
#1074 = DIRECTION ( 'NONE',  ( 0.000000000000000000, -0.04082998721851670981, 0.9991661083842545699 ) ) ;
#1075 = CARTESIAN_POINT ( 'NONE',  ( -0.4771541223503936724, 1.000062854785432886, 0.5847018004110233758 ) ) ;
#1076 = CIRCLE ( 'NONE', #4825, 0.02755929436902737617 ) ;
#1077 = ORIENTED_EDGE ( 'NONE', *, *, #2562, .F. ) ;
#1078 = ADVANCED_FACE ( 'NONE', ( #1358, #986, #3051 ), #956, .T. ) ;
#1079 = CARTESIAN_POINT ( 'NONE',  ( -0.4470939252347813642, 0.9813760484202774803, 0.5096245826427820980 ) ) ;
#1080 = CARTESIAN_POINT ( 'NONE',  ( -0.4094488188976456167, 0.8452491089139272384, -0.1999960537698378116 ) ) ;
#1081 = CARTESIAN_POINT ( 'NONE',  ( 0.4291338582677165503, 0.01968503937007873988, 0.000000000000000000 ) ) ;
#1082 = ORIENTED_EDGE ( 'NONE', *, *, #3023, .T. ) ;
#1083 = ORIENTED_EDGE ( 'NONE', *, *, #5110, .F. ) ;
#1084 = PLANE ( 'NONE',  #4550 ) ;
#1085 = CARTESIAN_POINT ( 'NONE',  ( 0.5905511811023621549, 1.400441375119291232, -0.9619155229622048386 ) ) ;
#1086 = CARTESIAN_POINT ( 'NONE',  ( -0.4724409448819110180, 1.148269893191068869, 0.5763034245596936334 ) ) ;
#1087 = DIRECTION ( 'NONE',  ( 0.000000000000000000, -1.000000000000000000, 3.300461595701484956E-14 ) ) ;
#1088 = CARTESIAN_POINT ( 'NONE',  ( 0.000000000000000000, 0.1889767539191732348, -0.1574803149606299191 ) ) ;
#1089 = ORIENTED_EDGE ( 'NONE', *, *, #2983, .F. ) ;
#1090 = FACE_OUTER_BOUND ( 'NONE', #1523, .T. ) ;
#1091 = DIRECTION ( 'NONE',  ( 0.000000000000000000, -1.000000000000000000, 0.000000000000000000 ) ) ;
#1092 = CARTESIAN_POINT ( 'NONE',  ( 0.7362204724410000845, 0.4251968503937008093, 0.5314960629921260393 ) ) ;
#1093 = CARTESIAN_POINT ( 'NONE',  ( 0.4520162436960625807, 1.380574015918109687, 0.07333310066263780402 ) ) ;
#1094 = CARTESIAN_POINT ( 'NONE',  ( -0.4928656397358265884, 1.217627420868503618, 0.5426383821409449526 ) ) ;
#1095 = EDGE_LOOP ( 'NONE', ( #3593, #885, #2046, #2660, #1791, #1199, #4827 ) ) ;
#1096 = EDGE_LOOP ( 'NONE', ( #948, #4813, #3921, #323 ) ) ;
#1097 = CARTESIAN_POINT ( 'NONE',  ( 0.3966706347192913706, 0.02447171692307086033, -0.3562884562458269455 ) ) ;
#1098 = VECTOR ( 'NONE', #462, 39.37007874015748143 ) ;
#1099 = CARTESIAN_POINT ( 'NONE',  ( -0.5905511811023621549, 1.355477947416533713, -0.8258426335086122005 ) ) ;
#1100 = CARTESIAN_POINT ( 'NONE',  ( -0.4330709377220469114, 1.337041711320471782, 0.1091045498860629820 ) ) ;
#1101 = VECTOR ( 'NONE', #2621, 39.37007874015748854 ) ;
#1102 = ORIENTED_EDGE ( 'NONE', *, *, #1701, .T. ) ;
#1103 = VECTOR ( 'NONE', #4240, 39.37007874015748854 ) ;
#1104 = EDGE_CURVE ( 'NONE', #781, #2056, #208, .T. ) ;
#1105 = CARTESIAN_POINT ( 'NONE',  ( 0.4448373971107161262, 0.9810333178830743517, 0.5116580706979378945 ) ) ;
#1106 = EDGE_CURVE ( 'NONE', #4354, #5239, #2747, .T. ) ;
#1107 = FACE_OUTER_BOUND ( 'NONE', #1488, .T. ) ;
#1108 = VERTEX_POINT ( 'NONE', #4742 ) ;
#1109 = ORIENTED_EDGE ( 'NONE', *, *, #4724, .F. ) ;
#1110 = ORIENTED_EDGE ( 'NONE', *, *, #1340, .T. ) ;
#1111 = CARTESIAN_POINT ( 'NONE',  ( 0.4724409448818110424, 0.9834669806983364904, 0.5006261990022370378 ) ) ;
#1112 = FACE_OUTER_BOUND ( 'NONE', #3729, .T. ) ;
#1113 = CARTESIAN_POINT ( 'NONE',  ( -0.4724409448818898127, 1.358327909847234505, 0.2680949520908247896 ) ) ;
#1114 = PLANE ( 'NONE',  #728 ) ;
#1115 = DIRECTION ( 'NONE',  ( 0.000000000000000000, -0.9659258262890756397, 0.2588190451024934280 ) ) ;
#1116 = VERTEX_POINT ( 'NONE', #2705 ) ;
#1117 = CARTESIAN_POINT ( 'NONE',  ( 0.3631221728020079254, 0.4192913385826771422, -0.2860102613320472664 ) ) ;
#1118 = CARTESIAN_POINT ( 'NONE',  ( 0.3090744190237795230, 0.6614157571639862621, -0.3425191631490480670 ) ) ;
#1119 = CARTESIAN_POINT ( 'NONE',  ( -0.5314960629921260393, 1.361104126757661348, -0.9635230027740235847 ) ) ;
#1120 = CARTESIAN_POINT ( 'NONE',  ( 0.4330708744842523550, 1.344507957423622724, 0.2654440720130707421 ) ) ;
#1121 = CARTESIAN_POINT ( 'NONE',  ( -0.4928656440338582967, 1.374318383252755016, 0.1785728448203936780 ) ) ;
#1122 = ORIENTED_EDGE ( 'NONE', *, *, #2115, .T. ) ;
#1123 = DIRECTION ( 'NONE',  ( 0.000000000000000000, 0.000000000000000000, -1.000000000000000000 ) ) ;
#1124 = ORIENTED_EDGE ( 'NONE', *, *, #4122, .F. ) ;
#1125 = CARTESIAN_POINT ( 'NONE',  ( 0.3987405103165355680, 0.008484989163271642806, -0.3659663129518110902 ) ) ;
#1126 = DIRECTION ( 'NONE',  ( 0.000000000000000000, -0.9991661083842544588, -0.04082998721851906904 ) ) ;
#1127 = CARTESIAN_POINT ( 'NONE',  ( -0.4330708722248036158, 1.237454235664960267, 0.4637461874141736162 ) ) ;
#1128 = VECTOR ( 'NONE', #3847, 39.37007874015748854 ) ;
#1129 = ORIENTED_EDGE ( 'NONE', *, *, #165, .T. ) ;
#1130 = CARTESIAN_POINT ( 'NONE',  ( 0.4498506468808797232, 0.9817359123965340162, 0.5075130664865862284 ) ) ;
#1131 = ADVANCED_FACE ( 'NONE', ( #3902 ), #2311, .F. ) ;
#1132 = CARTESIAN_POINT ( 'NONE',  ( -0.4724409448818898127, 0.9829178552618170750, 0.5005072367846181702 ) ) ;
#1133 = EDGE_CURVE ( 'NONE', #76, #3244, #3193, .T. ) ;
#1134 = ORIENTED_EDGE ( 'NONE', *, *, #4252, .T. ) ;
#1135 = EDGE_LOOP ( 'NONE', ( #3406, #4729, #4612, #408 ) ) ;
#1136 = EDGE_CURVE ( 'NONE', #94, #4430, #3556, .T. ) ;
#1137 = ORIENTED_EDGE ( 'NONE', *, *, #1142, .F. ) ;
#1138 = CARTESIAN_POINT ( 'NONE',  ( 0.4724409448818898127, 0.8858267716535432879, 0.4885915128872433399 ) ) ;
#1139 = CARTESIAN_POINT ( 'NONE',  ( 0.6889763779528130794, 0.2480314960629697030, 0.000000000000000000 ) ) ;
#1140 = LINE ( 'NONE', #4875, #4619 ) ;
#1141 = LINE ( 'NONE', #2423, #509 ) ;
#1142 = EDGE_CURVE ( 'NONE', #3776, #1732, #1736, .T. ) ;
#1143 = EDGE_LOOP ( 'NONE', ( #3217, #3054, #4699, #2700 ) ) ;
#1144 = AXIS2_PLACEMENT_3D ( 'NONE', #1798, #5077, #5100 ) ;
#1145 = EDGE_CURVE ( 'NONE', #1612, #1748, #4982, .T. ) ;
#1146 = CARTESIAN_POINT ( 'NONE',  ( -0.4291338582676784141, 0.8720690749060272529, -0.03516934513387794808 ) ) ;
#1147 = CARTESIAN_POINT ( 'NONE',  ( -0.3818897637795276023, 0.000000000000000000, -0.1921723064444488260 ) ) ;
#1148 = CARTESIAN_POINT ( 'NONE',  ( 0.3752990861812991463, 0.7844286153712644039, -0.3811523707256807003 ) ) ;
#1149 = VECTOR ( 'NONE', #4231, 39.37007874015748143 ) ;
#1150 = CARTESIAN_POINT ( 'NONE',  ( 0.4330708722248032272, 1.217280286262205413, 0.4480529932035433038 ) ) ;
#1151 = CARTESIAN_POINT ( 'NONE',  ( -0.5118102786681097971, 1.005755409837008507, 0.5459257600224411977 ) ) ;
#1152 = ORIENTED_EDGE ( 'NONE', *, *, #2604, .F. ) ;
#1153 = CARTESIAN_POINT ( 'NONE',  ( 0.3532802300071938850, 0.6614165721963579658, -0.3151450951218902619 ) ) ;
#1154 = ORIENTED_EDGE ( 'NONE', *, *, #3254, .T. ) ;
#1155 = CARTESIAN_POINT ( 'NONE',  ( -0.3543307086614173040, 1.400441375119293230, -0.9619155229622696757 ) ) ;
#1156 = CARTESIAN_POINT ( 'NONE',  ( 0.3932735296991734519, 0.03946094886846454597, -0.3732739813468504142 ) ) ;
#1157 = DIRECTION ( 'NONE',  ( 0.000000000000000000, -0.04082998721851906904, 0.9991661083842543478 ) ) ;
#1158 = CARTESIAN_POINT ( 'NONE',  ( -0.4520163072216538125, 1.149161531410630266, 0.5789518517015744825 ) ) ;
#1159 = CC_DESIGN_APPROVAL ( #3427, ( #2494 ) ) ;
#1160 = ORIENTED_EDGE ( 'NONE', *, *, #3639, .T. ) ;
#1161 = CARTESIAN_POINT ( 'NONE',  ( 0.4339177570865265232, 0.9777833656026461151, 0.5309667159990418828 ) ) ;
#1162 = AXIS2_PLACEMENT_3D ( 'NONE', #4190, #778, #1747 ) ;
#1163 = CARTESIAN_POINT ( 'NONE',  ( 0.3818897637795276023, 0.04724409448818897572, 0.000000000000000000 ) ) ;
#1164 = VERTEX_POINT ( 'NONE', #1883 ) ;
#1165 = ORIENTED_EDGE ( 'NONE', *, *, #3108, .F. ) ;
#1166 = ORIENTED_EDGE ( 'NONE', *, *, #723, .F. ) ;
#1167 = DIRECTION ( 'NONE',  ( 0.000000000000000000, 0.000000000000000000, 1.000000000000000000 ) ) ;
#1168 = CARTESIAN_POINT ( 'NONE',  ( -0.3751457761287410042, 0.008320290418007636468, -0.3785612627075611858 ) ) ;
#1169 = CARTESIAN_POINT ( 'NONE',  ( 0.7362204724410000845, 0.7007874015748031260, 0.05905511811023622659 ) ) ;
#1170 = DIRECTION ( 'NONE',  ( 0.000000000000000000, -0.2588190450890326400, -0.9659258262926824212 ) ) ;
#1171 = ORIENTED_EDGE ( 'NONE', *, *, #188, .T. ) ;
#1172 = CARTESIAN_POINT ( 'NONE',  ( 0.3942415999170607033, 0.02465177778810212494, -0.3713116854540579048 ) ) ;
#1173 = ORIENTED_EDGE ( 'NONE', *, *, #2727, .F. ) ;
#1174 = CARTESIAN_POINT ( 'NONE',  ( -0.4291338582677165503, 0.8606677359814349781, -0.03211436557641236117 ) ) ;
#1175 = CARTESIAN_POINT ( 'NONE',  ( -0.4799743125167578173, 0.8858267716535520586, 0.5679224455952016637 ) ) ;
#1176 = DIRECTION ( 'NONE',  ( 0.000000000000000000, -1.000000000000000000, 0.000000000000000000 ) ) ;
#1177 = CARTESIAN_POINT ( 'NONE',  ( 0.4771542153110233664, 1.371300889895276764, 0.1782567304907086425 ) ) ;
#1178 = EDGE_CURVE ( 'NONE', #4794, #2991, #5109, .T. ) ;
#1179 = CARTESIAN_POINT ( 'NONE',  ( -0.5118110175389761762, 1.237454235664960267, 0.4637461874141736162 ) ) ;
#1180 = ORIENTED_EDGE ( 'NONE', *, *, #2513, .T. ) ;
#1181 = ORIENTED_EDGE ( 'NONE', *, *, #683, .T. ) ;
#1182 = CARTESIAN_POINT ( 'NONE',  ( -0.7362204724409449064, 0.7480314960629921295, 0.000000000000000000 ) ) ;
#1183 = DIRECTION ( 'NONE',  ( 0.000000000000000000, 1.000000000000000000, 0.000000000000000000 ) ) ;
#1184 = DIRECTION ( 'NONE',  ( 0.000000000000000000, 0.9991661083842545699, 0.04082998721851829188 ) ) ;
#1185 =( BOUNDED_CURVE ( )  B_SPLINE_CURVE ( 3, ( #4478, #3587, #454, #2071 ),
 .UNSPECIFIED., .F., .T. ) 
 B_SPLINE_CURVE_WITH_KNOTS ( ( 4, 4 ),
 ( 0.000000000000000000, 1.000000000000000000 ),
 .UNSPECIFIED. ) 
 CURVE ( )  GEOMETRIC_REPRESENTATION_ITEM ( )  RATIONAL_B_SPLINE_CURVE ( ( 1.091689407656984745, 0.9469609143524805317, 0.9735690343174414618, 1.171513767551867424 ) ) 
 REPRESENTATION_ITEM ( '' )  );
#1186 = CARTESIAN_POINT ( 'NONE',  ( -0.4330708345913383828, 1.357596439362599883, 0.1768210444162204020 ) ) ;
#1187 = VERTEX_POINT ( 'NONE', #3498 ) ;
#1188 = ORIENTED_EDGE ( 'NONE', *, *, #905, .T. ) ;
#1189 = VECTOR ( 'NONE', #4874, 39.37007874015748143 ) ;
#1190 = CARTESIAN_POINT ( 'NONE',  ( 0.5118110152795285472, 1.319602536901969714, 0.2606668281366144035 ) ) ;
#1191 = AXIS2_PLACEMENT_3D ( 'NONE', #2649, #3022, #4656 ) ;
#1192 = LINE ( 'NONE', #3203, #3440 ) ;
#1193 = VERTEX_POINT ( 'NONE', #3983 ) ;
#1194 = FACE_OUTER_BOUND ( 'NONE', #2699, .T. ) ;
#1195 = CARTESIAN_POINT ( 'NONE',  ( -0.3775629154238795415, 1.698133704820551272E-06, -0.3543307080461133296 ) ) ;
#1196 = CIRCLE ( 'NONE', #1622, 0.03937007873997367541 ) ;
#1197 = CARTESIAN_POINT ( 'NONE',  ( -0.4724409448818898127, 1.355477947416535489, -0.8258426335086613834 ) ) ;
#1198 = DIRECTION ( 'NONE',  ( 0.000000000000000000, 0.000000000000000000, 1.000000000000000000 ) ) ;
#1199 = ORIENTED_EDGE ( 'NONE', *, *, #1063, .T. ) ;
#1200 = CARTESIAN_POINT ( 'NONE',  ( 0.3951114466727716490, 0.02170007177992539990, -0.3669624516755067289 ) ) ;
#1201 = ORIENTED_EDGE ( 'NONE', *, *, #3108, .T. ) ;
#1202 = CARTESIAN_POINT ( 'NONE',  ( -0.3478053120655905106, 0.6614173228346456046, -0.3425196850393700809 ) ) ;
#1203 = DIRECTION ( 'NONE',  ( 0.000000000000000000, 0.000000000000000000, 1.000000000000000000 ) ) ;
#1204 = CARTESIAN_POINT ( 'NONE',  ( 0.3741658401755644792, 0.7733160778972598681, -0.3896494005685009476 ) ) ;
#1205 = ADVANCED_FACE ( 'NONE', ( #1464 ), #3153, .F. ) ;
#1206 = CARTESIAN_POINT ( 'NONE',  ( 0.3937124228602363329, 0.7606301675023614539, -0.3710801461205115448 ) ) ;
#1207 = DIRECTION ( 'NONE',  ( 0.000000000000000000, 0.2588190451024946492, 0.9659258262890754176 ) ) ;
#1208 = EDGE_CURVE ( 'NONE', #721, #254, #5135, .T. ) ;
#1209 = ORIENTED_EDGE ( 'NONE', *, *, #1178, .F. ) ;
#1210 = ORIENTED_EDGE ( 'NONE', *, *, #1524, .F. ) ;
#1211 = EDGE_CURVE ( 'NONE', #3328, #2373, #2677, .T. ) ;
#1212 = CARTESIAN_POINT ( 'NONE',  ( 0.7362204724410000845, 0.3661417322834425447, 0.000000000000000000 ) ) ;
#1213 = CARTESIAN_POINT ( 'NONE',  ( 0.6889763779527560139, 0.4251968503937008093, 0.1181102362204724532 ) ) ;
#1214 = LINE ( 'NONE', #2459, #3352 ) ;
#1215 = CARTESIAN_POINT ( 'NONE',  ( -0.4330708643224404075, 1.275847454398031378, 0.3309329416215749942 ) ) ;
#1216 = ORIENTED_EDGE ( 'NONE', *, *, #2183, .F. ) ;
#1217 = EDGE_CURVE ( 'NONE', #5197, #904, #1033, .T. ) ;
#1218 = CARTESIAN_POINT ( 'NONE',  ( 0.5118109520417326586, 1.337041711320471782, 0.1091045498860629820 ) ) ;
#1219 = AXIS2_PLACEMENT_3D ( 'NONE', #291, #4394, #211 ) ;
#1220 = CARTESIAN_POINT ( 'NONE',  ( -0.5118110250195156974, 0.9766245280115193328, 0.5378961334138755435 ) ) ;
#1221 = ORIENTED_EDGE ( 'NONE', *, *, #4751, .F. ) ;
#1222 = AXIS2_PLACEMENT_3D ( 'NONE', #474, #4927, #1274 ) ;
#1223 = CARTESIAN_POINT ( 'NONE',  ( 0.3307086614173228023, 0.7007874015748031260, 0.05905511811023622659 ) ) ;
#1224 = DIRECTION ( 'NONE',  ( 0.000000000000000000, -0.9486832980505111035, 0.3162277660168461013 ) ) ;
#1225 = CARTESIAN_POINT ( 'NONE',  ( 0.4094488188976377896, 0.9127442351811122512, -0.1011948034493378029 ) ) ;
#1226 = DIRECTION ( 'NONE',  ( 0.000000000000000000, -1.000000000000000000, 0.000000000000000000 ) ) ;
#1227 = CARTESIAN_POINT ( 'NONE',  ( 0.3944539105821456837, 0.02376325996884531486, -0.3702501321286378322 ) ) ;
#1228 = EDGE_LOOP ( 'NONE', ( #1514, #971, #5035, #2844, #4621 ) ) ;
#1229 = LINE ( 'NONE', #2848, #5016 ) ;
#1230 = CARTESIAN_POINT ( 'NONE',  ( -0.4978912787562588260, 0.8858253132905166138, 0.5585340757238851372 ) ) ;
#1231 = CARTESIAN_POINT ( 'NONE',  ( 0.3631221728020079254, 0.7007874015748031260, -0.2860102613320472664 ) ) ;
#1232 = CARTESIAN_POINT ( 'NONE',  ( -0.4677276744527561481, 1.371300889895276764, 0.1782567304907086425 ) ) ;
#1233 = ORIENTED_EDGE ( 'NONE', *, *, #787, .F. ) ;
#1234 = AXIS2_PLACEMENT_3D ( 'NONE', #1324, #2890, #3661 ) ;
#1235 = ORIENTED_EDGE ( 'NONE', *, *, #3368, .F. ) ;
#1236 = DIRECTION ( 'NONE',  ( 0.000000000000000000, 0.000000000000000000, 1.000000000000000000 ) ) ;
#1237 = DIRECTION ( 'NONE',  ( 0.1961161351382030571, 0.000000000000000000, 0.9805806756909162258 ) ) ;
#1238 = CARTESIAN_POINT ( 'NONE',  ( 0.3818897637795276023, 0.04724409448818897572, -2.169649841009090725E-18 ) ) ;
#1239 = ADVANCED_FACE ( 'NONE', ( #3102 ), #711, .T. ) ;
#1240 = AXIS2_PLACEMENT_3D ( 'NONE', #3651, #20, #1236 ) ;
#1241 = EDGE_CURVE ( 'NONE', #1369, #3244, #1141, .T. ) ;
#1242 = FACE_OUTER_BOUND ( 'NONE', #2364, .T. ) ;
#1243 = VERTEX_POINT ( 'NONE', #3183 ) ;
#1244 = CARTESIAN_POINT ( 'NONE',  ( 0.4677276867992126164, 1.376068686280315090, 0.1114075538118110137 ) ) ;
#1245 = AXIS2_PLACEMENT_3D ( 'NONE', #4046, #404, #2027 ) ;
#1246 = ADVANCED_FACE ( 'NONE', ( #799 ), #31, .T. ) ;
#1247 = ORIENTED_EDGE ( 'NONE', *, *, #3802, .F. ) ;
#1248 = VECTOR ( 'NONE', #1176, 39.37007874015748143 ) ;
#1249 = CARTESIAN_POINT ( 'NONE',  ( -0.3216686396577363438, 0.6417315480929635108, -0.3205886793794230916 ) ) ;
#1250 = FACE_OUTER_BOUND ( 'NONE', #2168, .T. ) ;
#1251 = DIRECTION ( 'NONE',  ( 0.000000000000000000, -1.000000000000000000, 0.000000000000000000 ) ) ;
#1252 = DIRECTION ( 'NONE',  ( 0.000000000000000000, 0.04082998721851817392, -0.9991661083842543478 ) ) ;
#1253 = CARTESIAN_POINT ( 'NONE',  ( 0.000000000000000000, 0.1889767539191732348, -0.2007874015722834748 ) ) ;
#1254 = CARTESIAN_POINT ( 'NONE',  ( -0.7362204724409449064, 0.8858267716535432879, 0.1377952755905511861 ) ) ;
#1255 = CARTESIAN_POINT ( 'NONE',  ( 0.4773461995069495090, 0.9699109393618127184, 0.5782418661775780011 ) ) ;
#1256 = FACE_OUTER_BOUND ( 'NONE', #72, .T. ) ;
#1257 = CARTESIAN_POINT ( 'NONE',  ( 0.3090744190237795230, 0.6417322834645668994, -0.2952755905511810774 ) ) ;
#1258 = ORIENTED_EDGE ( 'NONE', *, *, #3868, .F. ) ;
#1259 = ORIENTED_EDGE ( 'NONE', *, *, #3474, .F. ) ;
#1260 = FACE_OUTER_BOUND ( 'NONE', #2455, .T. ) ;
#1261 = DIRECTION ( 'NONE',  ( 1.000000000000000000, 0.000000000000000000, 0.000000000000000000 ) ) ;
#1262 = CARTESIAN_POINT ( 'NONE',  ( 0.4724409448818898127, 1.394815195778346339, -0.8242351536968504089 ) ) ;
#1263 = PLANE ( 'NONE',  #4243 ) ;
#1264 = ORIENTED_EDGE ( 'NONE', *, *, #3738, .T. ) ;
#1265 = CARTESIAN_POINT ( 'NONE',  ( 0.4677276754444883444, 1.215791948287401336, 0.5401690680228352637 ) ) ;
#1266 = MANIFOLD_SOLID_BREP ( 'NONE', #64 ) ;
#1267 = ADVANCED_FACE ( 'NONE', ( #1598 ), #1651, .T. ) ;
#1268 = DIRECTION ( 'NONE',  ( 0.000000000000000000, 1.000000000000000000, 0.000000000000000000 ) ) ;
#1269 = EDGE_CURVE ( 'NONE', #106, #2861, #4878, .T. ) ;
#1270 = ORIENTED_EDGE ( 'NONE', *, *, #3770, .F. ) ;
#1271 = DIRECTION ( 'NONE',  ( -1.000000000000000000, 0.000000000000000000, 0.000000000000000000 ) ) ;
#1272 = CARTESIAN_POINT ( 'NONE',  ( 0.6889763779527560139, 0.2480314960629921295, 0.05905511811023622659 ) ) ;
#1273 = EDGE_CURVE ( 'NONE', #3218, #4236, #1423, .T. ) ;
#1274 = DIRECTION ( 'NONE',  ( 0.000000000000000000, 0.9991661083842545699, 0.04082998721851786167 ) ) ;
#1275 = VECTOR ( 'NONE', #3784, 39.37007874015748854 ) ;
#1276 = CONICAL_SURFACE ( 'NONE', #1013, 0.04736388413512820222, 0.7854336272876137892 ) ;
#1277 = CARTESIAN_POINT ( 'NONE',  ( 0.4520162652535429371, 1.203896250341731422, 0.4376416319559052748 ) ) ;
#1278 = ORIENTED_EDGE ( 'NONE', *, *, #50, .T. ) ;
#1279 = VECTOR ( 'NONE', #1006, 39.37007874015748854 ) ;
#1280 = CARTESIAN_POINT ( 'NONE',  ( 0.3360986126121200956, 0.6417319892956417915, -0.3006804294065621996 ) ) ;
#1281 = EDGE_CURVE ( 'NONE', #1352, #1760, #3640, .T. ) ;
#1282 = LINE ( 'NONE', #802, #1889 ) ;
#1283 = DIRECTION ( 'NONE',  ( 0.000000000000000000, -0.04082998721851906904, 0.9991661083842543478 ) ) ;
#1284 = CYLINDRICAL_SURFACE ( 'NONE', #3560, 0.01968503937007875723 ) ;
#1285 = ORIENTED_EDGE ( 'NONE', *, *, #2017, .T. ) ;
#1286 = CARTESIAN_POINT ( 'NONE',  ( -0.3543307086614173040, 1.361104126757661348, -0.9635230027740235847 ) ) ;
#1287 = DIRECTION ( 'NONE',  ( 0.000000000000000000, 1.000000000000000000, 0.000000000000000000 ) ) ;
#1288 = DIRECTION ( 'NONE',  ( 0.000000000000000000, -0.9991661083842544588, -0.04082998721851682083 ) ) ;
#1289 = CARTESIAN_POINT ( 'NONE',  ( -0.4771542153110233664, 1.293481536862205239, 0.1701043305668898664 ) ) ;
#1290 = ORIENTED_EDGE ( 'NONE', *, *, #4186, .F. ) ;
#1291 = ORIENTED_EDGE ( 'NONE', *, *, #1985, .F. ) ;
#1292 = CARTESIAN_POINT ( 'NONE',  ( 0.4928656286094487693, 1.340408183086221117, 0.3510631817062204174 ) ) ;
#1293 = CARTESIAN_POINT ( 'NONE',  ( 0.3818897637795276023, 0.000000000000000000, 0.000000000000000000 ) ) ;
#1294 = PERSON ( 'UNSPECIFIED', 'UNSPECIFIED', 'UNSPECIFIED', ('UNSPECIFIED'), ('UNSPECIFIED'), ('UNSPECIFIED') ) ;
#1295 = ORIENTED_EDGE ( 'NONE', *, *, #359, .T. ) ;
#1296 = ADVANCED_FACE ( 'NONE', ( #2449 ), #2792, .T. ) ;
#1297 = LINE ( 'NONE', #418, #3003 ) ;
#1298 = VECTOR ( 'NONE', #1091, 39.37007874015748143 ) ;
#1299 = ADVANCED_FACE ( 'NONE', ( #772 ), #3262, .T. ) ;
#1300 = CARTESIAN_POINT ( 'NONE',  ( 0.3721137553260628894, 0.7993022583413388338, -0.3626953052572043368 ) ) ;
#1301 = EDGE_CURVE ( 'NONE', #857, #3383, #2969, .T. ) ;
#1302 = CARTESIAN_POINT ( 'NONE',  ( 0.4771541223503936724, 1.011447964888190221, 0.5071497196338590197 ) ) ;
#1303 = VECTOR ( 'NONE', #4365, 39.37007874015748143 ) ;
#1304 = ADVANCED_FACE ( 'NONE', ( #2926 ), #3369, .F. ) ;
#1305 = ORIENTED_EDGE ( 'NONE', *, *, #358, .T. ) ;
#1306 = CARTESIAN_POINT ( 'NONE',  ( 0.4724409448818898127, 0.8858267716535432879, 0.4885915128872433399 ) ) ;
#1307 = FACE_OUTER_BOUND ( 'NONE', #559, .T. ) ;
#1308 = DIRECTION ( 'NONE',  ( 0.9805806756909164479, 0.000000000000000000, -0.1961161351382030849 ) ) ;
#1309 = CARTESIAN_POINT ( 'NONE',  ( 0.4291338582677165503, 0.8260575695006496799, -0.1968503937007874127 ) ) ;
#1310 = ADVANCED_FACE ( 'NONE', ( #586 ), #166, .F. ) ;
#1311 = ORIENTED_EDGE ( 'NONE', *, *, #3566, .F. ) ;
#1312 = CARTESIAN_POINT ( 'NONE',  ( -0.3938848682746165508, 0.02645841190091519426, -0.3730953436662780009 ) ) ;
#1313 = CARTESIAN_POINT ( 'NONE',  ( -0.3736259074391464763, 0.7480314966256693676, -0.3937000512407141661 ) ) ;
#1314 = FACE_OUTER_BOUND ( 'NONE', #4442, .T. ) ;
#1315 = CARTESIAN_POINT ( 'NONE',  ( -0.4330708428759842965, 1.176792311290550064, 0.4877017333287397838 ) ) ;
#1316 = ORIENTED_EDGE ( 'NONE', *, *, #851, .T. ) ;
#1317 = EDGE_LOOP ( 'NONE', ( #1264, #315, #1800, #3070 ) ) ;
#1318 = CIRCLE ( 'NONE', #4289, 0.1181102362204724532 ) ;
#1319 = CARTESIAN_POINT ( 'NONE',  ( 0.4928657960909447744, 1.064549915172047889, 0.5086209699374015791 ) ) ;
#1320 = CARTESIAN_POINT ( 'NONE',  ( -0.7362204724409449064, 0.3661417322834645272, 0.5905511811023621549 ) ) ;
#1321 = MANIFOLD_SOLID_BREP ( 'NONE', #3871 ) ;
#1322 = DIRECTION ( 'NONE',  ( 0.000000000000000000, 0.000000000000000000, -1.000000000000000000 ) ) ;
#1323 = ORIENTED_EDGE ( 'NONE', *, *, #683, .F. ) ;
#1324 = CARTESIAN_POINT ( 'NONE',  ( 0.4724409448818898127, 1.355477947416535489, -0.8258426335086613834 ) ) ;
#1325 = VECTOR ( 'NONE', #2897, 39.37007874015748143 ) ;
#1326 = CARTESIAN_POINT ( 'NONE',  ( 0.4771542127574803782, 1.377457690688582037, 0.07559380387204725493 ) ) ;
#1327 = ORIENTED_EDGE ( 'NONE', *, *, #1884, .F. ) ;
#1328 = VERTEX_POINT ( 'NONE', #4666 ) ;
#1329 = VECTOR ( 'NONE', #1610, 39.37007874015748143 ) ;
#1330 = CARTESIAN_POINT ( 'NONE',  ( 0.6889763779527560139, 0.000000000000000000, 0.000000000000000000 ) ) ;
#1331 = CARTESIAN_POINT ( 'NONE',  ( -0.3775629154238795415, 1.698133704820551272E-06, -0.3543307080461133296 ) ) ;
#1332 = LINE ( 'NONE', #4144, #3323 ) ;
#1333 = CARTESIAN_POINT ( 'NONE',  ( -0.5000516379805085565, 0.9717608651160031252, 0.5670796673189665293 ) ) ;
#1334 = CIRCLE ( 'NONE', #4647, 0.1181102362204724532 ) ;
#1335 = CARTESIAN_POINT ( 'NONE',  ( -0.3090744190237795230, 0.7007874015748031260, -0.2952755905511810774 ) ) ;
#1336 = ORIENTED_EDGE ( 'NONE', *, *, #1301, .T. ) ;
#1337 = PLANE ( 'NONE',  #1400 ) ;
#1338 = CARTESIAN_POINT ( 'NONE',  ( -0.4724409448818898127, 1.377552335247805182, 0.08033296062269763838 ) ) ;
#1339 = CARTESIAN_POINT ( 'NONE',  ( -0.3801952953903147692, 0.03961727242385823522, -0.3991280698456689535 ) ) ;
#1340 = EDGE_CURVE ( 'NONE', #1417, #501, #142, .T. ) ;
#1341 = DIRECTION ( 'NONE',  ( 1.000000000000000000, 0.000000000000000000, 0.000000000000000000 ) ) ;
#1342 = CARTESIAN_POINT ( 'NONE',  ( -0.4677276393637795349, 1.064622918169290999, 0.5116899078366149434 ) ) ;
#1343 = ORIENTED_EDGE ( 'NONE', *, *, #3575, .T. ) ;
#1344 = CARTESIAN_POINT ( 'NONE',  ( 0.5118110175389761762, 1.217280286262205413, 0.4480529932035433038 ) ) ;
#1345 = DATE_AND_TIME ( #1372, #4945 ) ;
#1346 = DIRECTION ( 'NONE',  ( 0.000000000000000000, -0.04082998721720280250, 0.9991661083843081936 ) ) ;
#1347 = ORIENTED_EDGE ( 'NONE', *, *, #1460, .T. ) ;
#1348 = LINE ( 'NONE', #2591, #2425 ) ;
#1349 =( BOUNDED_CURVE ( )  B_SPLINE_CURVE ( 3, ( #3558, #1490, #3105, #4796 ),
 .UNSPECIFIED., .F., .T. ) 
 B_SPLINE_CURVE_WITH_KNOTS ( ( 4, 4 ),
 ( 1.181620551675514053, 3.141592653589795336 ),
 .UNSPECIFIED. ) 
 CURVE ( )  GEOMETRIC_REPRESENTATION_ITEM ( )  RATIONAL_B_SPLINE_CURVE ( ( 1.000000000000000000, 0.7046894209036279610, 0.7046894209036279610, 1.000000000000000000 ) ) 
 REPRESENTATION_ITEM ( '' )  );
#1350 = CARTESIAN_POINT ( 'NONE',  ( 0.3809736937658660949, 0.7442990761877950057, -0.3981392539409449594 ) ) ;
#1351 = VERTEX_POINT ( 'NONE', #962 ) ;
#1352 = VERTEX_POINT ( 'NONE', #1390 ) ;
#1353 = ORIENTED_EDGE ( 'NONE', *, *, #4586, .T. ) ;
#1354 = AXIS2_PLACEMENT_3D ( 'NONE', #737, #371, #2359 ) ;
#1355 = DIRECTION ( 'NONE',  ( 0.000000000000000000, -0.04082998721851670981, 0.9991661083842545699 ) ) ;
#1356 = DIRECTION ( 'NONE',  ( 0.000000000000000000, 1.000000000000000000, 0.000000000000000000 ) ) ;
#1357 = CARTESIAN_POINT ( 'NONE',  ( -0.4773451751478613447, 0.9699109393618124964, 0.5782418661775778901 ) ) ;
#1358 = FACE_OUTER_BOUND ( 'NONE', #4787, .T. ) ;
#1359 = VECTOR ( 'NONE', #2454, 39.37007874015748143 ) ;
#1360 = ORIENTED_EDGE ( 'NONE', *, *, #1494, .F. ) ;
#1361 = CYLINDRICAL_SURFACE ( 'NONE', #2250, 0.01968503937007877111 ) ;
#1362 = ADVANCED_FACE ( 'NONE', ( #2554 ), #4206, .T. ) ;
#1363 = CARTESIAN_POINT ( 'NONE',  ( -0.4724409448818898127, 1.409661380523860474, -0.7054196687060255710 ) ) ;
#1364 = CARTESIAN_POINT ( 'NONE',  ( -0.3940429257098424509, 0.04313187246759841997, -0.3894542327868504294 ) ) ;
#1365 = ADVANCED_FACE ( 'NONE', ( #3833 ), #3854, .T. ) ;
#1366 = CARTESIAN_POINT ( 'NONE',  ( -0.8834645669291339987, 0.9127442351811162480, -0.1011948034493216492 ) ) ;
#1367 = CARTESIAN_POINT ( 'NONE',  ( -0.4677276264035430398, 0.9766430842610235308, 0.4993896992653547584 ) ) ;
#1368 = EDGE_CURVE ( 'NONE', #254, #5210, #1812, .T. ) ;
#1369 = VERTEX_POINT ( 'NONE', #3424 ) ;
#1370 = CARTESIAN_POINT ( 'NONE',  ( -0.4484125523562078608, 0.9711729954869444681, 0.5706212171016473711 ) ) ;
#1371 = CARTESIAN_POINT ( 'NONE',  ( 0.4928656233377946561, 1.278174072913780046, 0.2527202096193307268 ) ) ;
#1372 = CALENDAR_DATE ( 2022, 1, 11 ) ;
#1373 = CARTESIAN_POINT ( 'NONE',  ( -0.3976133604960632173, 0.7802310971405511664, -0.3515754601351575026 ) ) ;
#1374 = VERTEX_POINT ( 'NONE', #3031 ) ;
#1375 = ADVANCED_FACE ( 'NONE', ( #563 ), #2608, .T. ) ;
#1376 = CARTESIAN_POINT ( 'NONE',  ( 0.3794619779377512159, 0.7860600719010079063, -0.3448353954764016294 ) ) ;
#1377 = LINE ( 'NONE', #4302, #2441 ) ;
#1378 = EDGE_LOOP ( 'NONE', ( #3225, #229, #4692, #3348, #4842, #4853, #1311, #2147, #2404, #5203, #1544, #1077 ) ) ;
#1379 = EDGE_LOOP ( 'NONE', ( #4802, #629, #1599, #1973, #3601, #2330, #4814, #611, #2783, #2143, #1503, #401, #1697 ) ) ;
#1380 = CARTESIAN_POINT ( 'NONE',  ( -0.4554189858165469396, 0.9822846996340443004, 0.5042343762706533727 ) ) ;
#1381 = LINE ( 'NONE', #1085, #1101 ) ;
#1382 = DIRECTION ( 'NONE',  ( 1.000000000000000000, 5.564267943477308895E-17, 0.000000000000000000 ) ) ;
#1383 = CARTESIAN_POINT ( 'NONE',  ( -0.5118110236221078413, 0.9763779527559172111, 0.5393700787401055630 ) ) ;
#1384 = VECTOR ( 'NONE', #3959, 39.37007874015748854 ) ;
#1385 = CARTESIAN_POINT ( 'NONE',  ( 0.4772768961811456045, 0.9829178552618151876, 0.5005072367846205017 ) ) ;
#1386 = ORIENTED_EDGE ( 'NONE', *, *, #188, .F. ) ;
#1387 = CARTESIAN_POINT ( 'NONE',  ( -0.3346456692913385988, 0.7933460819673228137, -0.3937007874015748254 ) ) ;
#1388 = DIRECTION ( 'NONE',  ( 0.000000000000000000, 0.000000000000000000, 1.000000000000000000 ) ) ;
#1389 = CARTESIAN_POINT ( 'NONE',  ( -0.3929286808542047371, 0.03937007941157739943, -0.3778762805101767985 ) ) ;
#1390 = CARTESIAN_POINT ( 'NONE',  ( -0.7362204724409449064, 0.8858267716535432879, 0.1377952755905511861 ) ) ;
#1391 = DIRECTION ( 'NONE',  ( 0.000000000000000000, -1.000000000000000000, 0.000000000000000000 ) ) ;
#1392 = ORIENTED_EDGE ( 'NONE', *, *, #367, .T. ) ;
#1393 = EDGE_CURVE ( 'NONE', #3622, #1374, #516, .T. ) ;
#1394 = DIRECTION ( 'NONE',  ( 0.000000000000000000, -0.04082998721851670981, 0.9991661083842545699 ) ) ;
#1395 = CARTESIAN_POINT ( 'NONE',  ( 0.3929286765811629834, 0.03937008885517874479, -0.3778763018623665371 ) ) ;
#1396 = CARTESIAN_POINT ( 'NONE',  ( -0.3817037245681496604, 0.7706390313464560604, -0.3944891013633858856 ) ) ;
#1397 = ORIENTED_EDGE ( 'NONE', *, *, #3862, .T. ) ;
#1398 = AXIS2_PLACEMENT_3D ( 'NONE', #1223, #1698, #4925 ) ;
#1399 = DIRECTION ( 'NONE',  ( -0.1896781441320999906, -0.2541205277100999638, -0.9483907206605000084 ) ) ;
#1400 = AXIS2_PLACEMENT_3D ( 'NONE', #511, #2949, #4173 ) ;
#1401 = EDGE_CURVE ( 'NONE', #88, #3384, #4153, .T. ) ;
#1402 = LINE ( 'NONE', #647, #2181 ) ;
#1403 = ORIENTED_EDGE ( 'NONE', *, *, #5240, .F. ) ;
#1404 = ORIENTED_EDGE ( 'NONE', *, *, #4836, .F. ) ;
#1405 = LINE ( 'NONE', #3797, #644 ) ;
#1406 = DIRECTION ( 'NONE',  ( 0.000000000000000000, 1.000000000000000000, 0.000000000000000000 ) ) ;
#1407 = CARTESIAN_POINT ( 'NONE',  ( 0.4901152193913290156, 0.8858260770704430298, 0.5637146026217842998 ) ) ;
#1408 = DIRECTION ( 'NONE',  ( 0.000000000000000000, 0.000000000000000000, -1.000000000000000000 ) ) ;
#1409 = VECTOR ( 'NONE', #3233, 39.37007874015748143 ) ;
#1410 = CARTESIAN_POINT ( 'NONE',  ( 0.3346456692913385988, 0.7933460819673228137, -0.3937007874015748254 ) ) ;
#1411 = EDGE_LOOP ( 'NONE', ( #198, #2753, #4519, #4162 ) ) ;
#1412 = FACE_OUTER_BOUND ( 'NONE', #2272, .T. ) ;
#1413 = DIRECTION ( 'NONE',  ( 1.000000000000000000, 0.000000000000000000, 0.000000000000000000 ) ) ;
#1414 = VECTOR ( 'NONE', #2275, 39.37007874015748143 ) ;
#1415 = DIRECTION ( 'NONE',  ( 0.000000000000000000, -0.04082998721851906904, 0.9991661083842543478 ) ) ;
#1416 = CARTESIAN_POINT ( 'NONE',  ( 0.3740096583346869674, 0.02232854053568308905, -0.3899143433823785698 ) ) ;
#1417 = VERTEX_POINT ( 'NONE', #2134 ) ;
#1418 = PLANE ( 'NONE',  #4760 ) ;
#1419 = CARTESIAN_POINT ( 'NONE',  ( 0.5118110590929131343, 1.313181183197242863, 0.07085846177515758848 ) ) ;
#1420 = CALENDAR_DATE ( 2022, 1, 11 ) ;
#1421 = CARTESIAN_POINT ( 'NONE',  ( -0.3978216398224410644, 0.7878409688314963466, -0.3698354816968503211 ) ) ;
#1422 = ORIENTED_EDGE ( 'NONE', *, *, #2142, .F. ) ;
#1423 = B_SPLINE_CURVE_WITH_KNOTS ( 'NONE', 3,
 ( #3208, #2047, #4851, #1200, #4012, #1227, #1172, #3235, #2820, #4447, #5245, #1994, #4475, #4041, #3612 ),
 .UNSPECIFIED., .F., .F.,
 ( 4, 2, 2, 2, 1, 2, 2, 4 ),
 ( 0.000000000000000000, 0.2500000000000000000, 0.3750000000000000000, 0.5000000000000000000, 0.6250000000000000000, 0.6875000000000000000, 0.7500000000000000000, 1.000000000000000000 ),
 .UNSPECIFIED. ) ;
#1424 = LINE ( 'NONE', #3841, #3092 ) ;
#1425 = EDGE_CURVE ( 'NONE', #261, #2861, #5090, .T. ) ;
#1426 = CARTESIAN_POINT ( 'NONE',  ( -0.6889763779527560139, 6.496927098902835476E-18, -1.718363001680079050 ) ) ;
#1427 = EDGE_CURVE ( 'NONE', #1892, #3776, #2529, .T. ) ;
#1428 = VERTEX_POINT ( 'NONE', #5039 ) ;
#1429 = EDGE_LOOP ( 'NONE', ( #2443, #742, #3758, #3045 ) ) ;
#1430 = EDGE_CURVE ( 'NONE', #288, #1328, #1196, .T. ) ;
#1431 = EDGE_CURVE ( 'NONE', #1902, #2199, #118, .T. ) ;
#1432 = CARTESIAN_POINT ( 'NONE',  ( 0.7125984251968504601, 0.3070866141732283561, 0.05905511811023622659 ) ) ;
#1433 = CARTESIAN_POINT ( 'NONE',  ( -0.5905511811023621549, 1.355477947416533713, -0.8258426335086377357 ) ) ;
#1434 = CARTESIAN_POINT ( 'NONE',  ( -0.6889763779527560139, 0.4251968503937008093, 0.5314960629921260393 ) ) ;
#1435 = CARTESIAN_POINT ( 'NONE',  ( -0.4094488188976377896, 0.4192913385826771422, -0.2952755905511810774 ) ) ;
#1436 = AXIS2_PLACEMENT_3D ( 'NONE', #1649, #4670, #2164 ) ;
#1437 = VERTEX_POINT ( 'NONE', #4988 ) ;
#1438 = EDGE_CURVE ( 'NONE', #4949, #4236, #1185, .T. ) ;
#1439 = DIRECTION ( 'NONE',  ( 0.000000000000000000, -1.000000000000000000, 0.000000000000000000 ) ) ;
#1440 = CARTESIAN_POINT ( 'NONE',  ( 9.642888182262618425E-18, 0.1102362204724409434, -0.2362204724409449064 ) ) ;
#1441 = FACE_OUTER_BOUND ( 'NONE', #2908, .T. ) ;
#1442 = VECTOR ( 'NONE', #898, 39.37007874015748143 ) ;
#1443 = AXIS2_PLACEMENT_3D ( 'NONE', #686, #2653, #4310 ) ;
#1444 = CARTESIAN_POINT ( 'NONE',  ( 0.4520163072216538125, 1.149161531410630266, 0.5789518517015744825 ) ) ;
#1445 = CARTESIAN_POINT ( 'NONE',  ( 0.3746917259076823492, 0.01243466284798552292, -0.3830480443902712362 ) ) ;
#1446 = ORIENTED_EDGE ( 'NONE', *, *, #5204, .T. ) ;
#1447 = ORIENTED_EDGE ( 'NONE', *, *, #3332, .T. ) ;
#1448 = AXIS2_PLACEMENT_3D ( 'NONE', #4418, #2845, #4903 ) ;
#1449 = CARTESIAN_POINT ( 'NONE',  ( 0.3478053120655905106, 0.6614173228346456046, -0.3425196850393700809 ) ) ;
#1450 = CARTESIAN_POINT ( 'NONE',  ( 0.000000000000000000, 0.2047244094489011901, -0.1574803149606299191 ) ) ;
#1451 = CARTESIAN_POINT ( 'NONE',  ( -0.3885995673766534098, 0.8053771532311029269, -0.3600098873209057748 ) ) ;
#1452 = ORIENTED_EDGE ( 'NONE', *, *, #2619, .T. ) ;
#1453 = DIRECTION ( 'NONE',  ( 0.000000000000000000, 0.000000000000000000, 1.000000000000000000 ) ) ;
#1454 = CARTESIAN_POINT ( 'NONE',  ( -0.3835272071766753776, 0.7480314965073340261, -0.3936995095048712590 ) ) ;
#1455 = VERTEX_POINT ( 'NONE', #2473 ) ;
#1456 = ORIENTED_EDGE ( 'NONE', *, *, #818, .F. ) ;
#1457 = EDGE_CURVE ( 'NONE', #3782, #4043, #2874, .T. ) ;
#1458 = ORIENTED_EDGE ( 'NONE', *, *, #437, .T. ) ;
#1459 = LINE ( 'NONE', #3846, #3653 ) ;
#1460 = EDGE_CURVE ( 'NONE', #3384, #2610, #4426, .T. ) ;
#1461 = DIRECTION ( 'NONE',  ( 0.000000000000000000, 0.000000000000000000, 1.000000000000000000 ) ) ;
#1462 = CYLINDRICAL_SURFACE ( 'NONE', #59, 0.03937007874015750059 ) ;
#1463 = EDGE_CURVE ( 'NONE', #1846, #3576, #3615, .T. ) ;
#1464 = FACE_OUTER_BOUND ( 'NONE', #2518, .T. ) ;
#1465 = EDGE_LOOP ( 'NONE', ( #1625, #4704, #1922, #866 ) ) ;
#1466 = CARTESIAN_POINT ( 'NONE',  ( 0.4571199246235410074, 0.8858270438834632277, 0.5656730260711578806 ) ) ;
#1467 = DIRECTION ( 'NONE',  ( -1.000000000000000000, 0.000000000000000000, 0.000000000000000000 ) ) ;
#1468 = CARTESIAN_POINT ( 'NONE',  ( 0.4094488188976377896, 0.9078769110314960367, -0.1193599044736220471 ) ) ;
#1469 = VECTOR ( 'NONE', #3188, 39.37007874015748143 ) ;
#1470 = CARTESIAN_POINT ( 'NONE',  ( 0.4520162457299212733, 1.374318383252755016, 0.1785728448203936780 ) ) ;
#1471 = EDGE_CURVE ( 'NONE', #895, #672, #3226, .T. ) ;
#1472 = CARTESIAN_POINT ( 'NONE',  ( -0.4928656969858267733, 0.9614211616098424784, 0.5792201454248034898 ) ) ;
#1473 = ORIENTED_EDGE ( 'NONE', *, *, #3143, .T. ) ;
#1474 = AXIS2_PLACEMENT_3D ( 'NONE', #688, #2314, #290 ) ;
#1475 = CARTESIAN_POINT ( 'NONE',  ( 0.3653361424476379016, 0.02998363342669296133, -0.3916018226913385858 ) ) ;
#1476 = DIRECTION ( 'NONE',  ( 0.000000000000000000, -0.9991661083842544588, -0.04082998721851682083 ) ) ;
#1477 = CARTESIAN_POINT ( 'NONE',  ( 0.6889763779527560139, 0.2480314960629921295, 0.5314960629921260393 ) ) ;
#1478 = ORIENTED_EDGE ( 'NONE', *, *, #712, .F. ) ;
#1479 = LINE ( 'NONE', #3916, #1658 ) ;
#1480 = CYLINDRICAL_SURFACE ( 'NONE', #4737, 0.03937007874015750059 ) ;
#1481 = ORIENTED_EDGE ( 'NONE', *, *, #4351, .F. ) ;
#1482 = ORIENTED_EDGE ( 'NONE', *, *, #437, .F. ) ;
#1483 = DIRECTION ( 'NONE',  ( 0.000000000000000000, 0.000000000000000000, 1.000000000000000000 ) ) ;
#1484 = VECTOR ( 'NONE', #2300, 39.37007874015748854 ) ;
#1485 = PLANE ( 'NONE',  #3585 ) ;
#1486 = CARTESIAN_POINT ( 'NONE',  ( 0.4724409448818898127, 1.370324132162275665, -0.7070271485177795912 ) ) ;
#1487 = DIRECTION ( 'NONE',  ( 0.000000000000000000, -0.04082998721720280250, 0.9991661083843081936 ) ) ;
#1488 = EDGE_LOOP ( 'NONE', ( #622, #3201, #1724, #4598 ) ) ;
#1489 = CARTESIAN_POINT ( 'NONE',  ( 0.4500692644775459716, 0.8858267546391708214, 0.5609000799984165120 ) ) ;
#1490 = CARTESIAN_POINT ( 'NONE',  ( -0.5206035094049094036, 0.8858267716535445091, 0.5144731623552541988 ) ) ;
#1491 = CARTESIAN_POINT ( 'NONE',  ( -0.3987647471443023783, 0.7860600719011772153, -0.3486959493177755887 ) ) ;
#1492 = CARTESIAN_POINT ( 'NONE',  ( 0.4520162664259838592, 1.361031000890156939, 0.2686134466539371601 ) ) ;
#1493 = CARTESIAN_POINT ( 'NONE',  ( -0.5118110590929131343, 1.363787200060630811, 0.07271669524322832423 ) ) ;
#1494 = EDGE_CURVE ( 'NONE', #5260, #3065, #4829, .T. ) ;
#1495 = ORIENTED_EDGE ( 'NONE', *, *, #901, .F. ) ;
#1496 = ORIENTED_EDGE ( 'NONE', *, *, #4027, .F. ) ;
#1497 = VECTOR ( 'NONE', #441, 39.37007874015748143 ) ;
#1498 = EDGE_CURVE ( 'NONE', #1028, #4983, #2451, .T. ) ;
#1499 = CARTESIAN_POINT ( 'NONE',  ( 0.3867641467087009066, -0.003135826326296851495, -0.3662838138260633980 ) ) ;
#1500 = DIRECTION ( 'NONE',  ( 0.000000000000000000, 0.000000000000000000, -1.000000000000000000 ) ) ;
#1501 = CARTESIAN_POINT ( 'NONE',  ( -0.4330708643224411292, 1.300087133847638521, 0.3384909505971261945 ) ) ;
#1502 = AXIS2_PLACEMENT_3D ( 'NONE', #4246, #678, #1825 ) ;
#1503 = ORIENTED_EDGE ( 'NONE', *, *, #1597, .T. ) ;
#1504 = CARTESIAN_POINT ( 'NONE',  ( -0.4285464744200713216, 0.8374080217812222005, -0.1997873129384925006 ) ) ;
#1505 = DIRECTION ( 'NONE',  ( 1.000000000000000000, 0.000000000000000000, 0.000000000000000000 ) ) ;
#1506 = ORIENTED_EDGE ( 'NONE', *, *, #1457, .T. ) ;
#1507 = VERTEX_POINT ( 'NONE', #1968 ) ;
#1508 = ORIENTED_EDGE ( 'NONE', *, *, #3829, .T. ) ;
#1509 = CARTESIAN_POINT ( 'NONE',  ( 0.4724409448817102342, 1.206085814733287354, 0.4393448809603361926 ) ) ;
#1510 = DIRECTION ( 'NONE',  ( -1.000000000000000000, 0.000000000000000000, 0.000000000000000000 ) ) ;
#1511 = CARTESIAN_POINT ( 'NONE',  ( 0.7362204724410000845, 0.4842519685039370358, 0.09842519685039370636 ) ) ;
#1512 = DIRECTION ( 'NONE',  ( -0.1961161351382030849, 0.000000000000000000, 0.9805806756909164479 ) ) ;
#1513 = CARTESIAN_POINT ( 'NONE',  ( 0.5905511811023621549, 1.400441375119293230, -0.9619155229622696757 ) ) ;
#1514 = ORIENTED_EDGE ( 'NONE', *, *, #1133, .T. ) ;
#1515 = CARTESIAN_POINT ( 'NONE',  ( 0.4360148727685023151, 0.8858267717026752086, 0.5433070866141590516 ) ) ;
#1516 = CARTESIAN_POINT ( 'NONE',  ( 0.4291338582677686753, 0.8720690749062451896, -0.03516934513393620010 ) ) ;
#1517 = CARTESIAN_POINT ( 'NONE',  ( -0.3935197222630799074, 0.7652894336667953601, -0.3749210736657145326 ) ) ;
#1518 = CARTESIAN_POINT ( 'NONE',  ( 0.4330707325224407156, 0.9706904646850408325, 0.5381337365531487782 ) ) ;
#1519 =( BOUNDED_CURVE ( )  B_SPLINE_CURVE ( 3, ( #1389, #3755, #2607, #909 ),
 .UNSPECIFIED., .F., .T. ) 
 B_SPLINE_CURVE_WITH_KNOTS ( ( 4, 4 ),
 ( 0.000000000000000000, 1.000000000000000000 ),
 .UNSPECIFIED. ) 
 CURVE ( )  GEOMETRIC_REPRESENTATION_ITEM ( )  RATIONAL_B_SPLINE_CURVE ( ( 1.171514353251303486, 0.9735690941605847915, 0.9469607735844924878, 1.091689391523026353 ) ) 
 REPRESENTATION_ITEM ( '' )  );
#1520 = CARTESIAN_POINT ( 'NONE',  ( -0.5118110175389761762, 1.257628185067323434, 0.4794393816244097439 ) ) ;
#1521 = ORIENTED_EDGE ( 'NONE', *, *, #2411, .F. ) ;
#1522 = CARTESIAN_POINT ( 'NONE',  ( 0.000000000000000000, 0.6515748031496062520, -0.3326771653543306728 ) ) ;
#1523 = EDGE_LOOP ( 'NONE', ( #2010, #5028, #4248, #3204 ) ) ;
#1524 = EDGE_CURVE ( 'NONE', #3439, #798, #4422, .T. ) ;
#1525 = LINE ( 'NONE', #356, #847 ) ;
#1526 = VECTOR ( 'NONE', #2856, 39.37007874015748143 ) ;
#1527 = CARTESIAN_POINT ( 'NONE',  ( 0.4133858267716535861, 1.361104126757661348, -0.9635230027740235847 ) ) ;
#1528 = EDGE_CURVE ( 'NONE', #5254, #1760, #4093, .T. ) ;
#1529 = EDGE_CURVE ( 'NONE', #1437, #2048, #430, .T. ) ;
#1530 = CARTESIAN_POINT ( 'NONE',  ( -0.4330708559212594899, 1.338399040815355434, 0.07410607274744095141 ) ) ;
#1531 = VERTEX_POINT ( 'NONE', #1630 ) ;
#1532 = AXIS2_PLACEMENT_3D ( 'NONE', #3026, #1807, #4171 ) ;
#1533 = CARTESIAN_POINT ( 'NONE',  ( 0.4432673029056601322, 0.9807719276776553086, 0.5132074245115734179 ) ) ;
#1534 = EDGE_CURVE ( 'NONE', #2929, #5232, #2795, .T. ) ;
#1535 = CARTESIAN_POINT ( 'NONE',  ( -0.4961409308162480492, 0.9816008267144152866, 0.5083075749695605827 ) ) ;
#1536 = ADVANCED_FACE ( 'NONE', ( #4907 ), #774, .F. ) ;
#1537 = ORIENTED_EDGE ( 'NONE', *, *, #4031, .T. ) ;
#1538 = EDGE_LOOP ( 'NONE', ( #3695, #1967, #3148, #217 ) ) ;
#1539 = CARTESIAN_POINT ( 'NONE',  ( -0.4291338582677165503, 0.000000000000000000, -0.3937007874015748254 ) ) ;
#1540 = CARTESIAN_POINT ( 'NONE',  ( 0.7362204724410000845, 0.4842519685039370358, 0.09842519685039370636 ) ) ;
#1541 = CARTESIAN_POINT ( 'NONE',  ( -0.4724409448817330492, 1.215963399233885855, 0.5403997259182928836 ) ) ;
#1542 = CARTESIAN_POINT ( 'NONE',  ( 0.3779527559055118058, 0.6614173228346456046, -0.1917824658397244142 ) ) ;
#1543 = CARTESIAN_POINT ( 'NONE',  ( 0.4133858267716535861, 1.400441375119291232, -0.9619155229622048386 ) ) ;
#1544 = ORIENTED_EDGE ( 'NONE', *, *, #453, .F. ) ;
#1545 = CARTESIAN_POINT ( 'NONE',  ( -0.7362204724409449064, 0.8744707376382283570, -0.09093945069119153957 ) ) ;
#1546 = LINE ( 'NONE', #1887, #3298 ) ;
#1547 = DIRECTION ( 'NONE',  ( 0.000000000000000000, -1.000000000000000000, 0.000000000000000000 ) ) ;
#1548 = CARTESIAN_POINT ( 'NONE',  ( 0.4330708306708662136, 1.363787200060630811, 0.07271669524322832423 ) ) ;
#1549 = CARTESIAN_POINT ( 'NONE',  ( -0.5118110254413382743, 1.275847454398031378, 0.3309329416215749942 ) ) ;
#1550 = VERTEX_POINT ( 'NONE', #2426 ) ;
#1551 = CARTESIAN_POINT ( 'NONE',  ( 0.4520162500279530371, 1.166620733137007315, 0.4740176163358261197 ) ) ;
#1552 = VERTEX_POINT ( 'NONE', #3187 ) ;
#1553 = CARTESIAN_POINT ( 'NONE',  ( -0.3090744191210224590, 0.6614163089772323589, -0.3425204392337456993 ) ) ;
#1554 = DIRECTION ( 'NONE',  ( 0.000000000000000000, 0.000000000000000000, -1.000000000000000000 ) ) ;
#1555 = LINE ( 'NONE', #3482, #4970 ) ;
#1556 = CARTESIAN_POINT ( 'NONE',  ( -0.4771542011208665390, 1.148178024062993074, 0.5760305462925195963 ) ) ;
#1557 = VECTOR ( 'NONE', #1058, 39.37007874015748854 ) ;
#1558 = CC_DESIGN_PERSON_AND_ORGANIZATION_ASSIGNMENT ( #1021, #2139, ( #4816 ) ) ;
#1559 = ORIENTED_EDGE ( 'NONE', *, *, #3796, .T. ) ;
#1560 = CARTESIAN_POINT ( 'NONE',  ( 0.4387785500133418171, 0.9797695547340208311, 0.5191638044714018685 ) ) ;
#1561 = CARTESIAN_POINT ( 'NONE',  ( -0.5053583190080308540, 0.9799637453563161404, 0.5180115560575485611 ) ) ;
#1562 = ORIENTED_EDGE ( 'NONE', *, *, #4954, .F. ) ;
#1563 = VERTEX_POINT ( 'NONE', #4502 ) ;
#1564 = ORIENTED_EDGE ( 'NONE', *, *, #1528, .F. ) ;
#1565 = B_SPLINE_CURVE_WITH_KNOTS ( 'NONE', 3,
 ( #4585, #4990, #2636, #1416, #3032, #2189, #4177, #3059, #588, #1445, #191, #4263, #5066, #610, #992, #1043, #1015, #564 ),
 .UNSPECIFIED., .F., .F.,
 ( 4, 2, 2, 2, 1, 1, 2, 2, 2, 4 ),
 ( 0.000000000000000000, 0.2500000000000158207, 0.3750000000000229816, 0.4375000000000268119, 0.4687500000000287548, 0.4843750000000309197, 0.4921875000000319744, 0.5000000000000329736, 0.7500000000000164313, 1.000000000000000000 ),
 .UNSPECIFIED. ) ;
#1566 = CARTESIAN_POINT ( 'NONE',  ( 0.000000000000000000, 0.1102362204724409434, -0.1574803149606299191 ) ) ;
#1567 = DIRECTION ( 'NONE',  ( 0.000000000000000000, 1.000000000000000000, 0.000000000000000000 ) ) ;
#1568 = EDGE_CURVE ( 'NONE', #1683, #2773, #3691, .T. ) ;
#1569 = CARTESIAN_POINT ( 'NONE',  ( -0.5905511811023621549, 1.361104126757873845, -0.9635230027740157022 ) ) ;
#1570 = CARTESIAN_POINT ( 'NONE',  ( -0.4724409448819685275, 0.9834669806983364904, 0.5006261990022370378 ) ) ;
#1571 = VERTEX_POINT ( 'NONE', #3155 ) ;
#1572 = VECTOR ( 'NONE', #640, 39.37007874015748143 ) ;
#1573 = DIRECTION ( 'NONE',  ( 0.000000000000000000, 0.000000000000000000, 1.000000000000000000 ) ) ;
#1574 = CARTESIAN_POINT ( 'NONE',  ( -0.4724409448818898127, 0.8858267716535432879, 0.5679224455952306405 ) ) ;
#1575 = FACE_OUTER_BOUND ( 'NONE', #3264, .T. ) ;
#1576 = CARTESIAN_POINT ( 'NONE',  ( -0.5118110152795272150, 1.344507957423622724, 0.2654440720130707421 ) ) ;
#1577 = VERTEX_POINT ( 'NONE', #2365 ) ;
#1578 = DIRECTION ( 'NONE',  ( 0.000000000000000000, 1.000000000000000000, 0.000000000000000000 ) ) ;
#1579 = VERTEX_POINT ( 'NONE', #5249 ) ;
#1580 = PLANE ( 'NONE',  #2322 ) ;
#1581 = AXIS2_PLACEMENT_3D ( 'NONE', #2917, #506, #2601 ) ;
#1582 = CARTESIAN_POINT ( 'NONE',  ( 0.3665139044168502780, 0.01666799867491732673, -0.3857130128451571327 ) ) ;
#1583 = CYLINDRICAL_SURFACE ( 'NONE', #2676, 0.03937007874015752834 ) ;
#1584 = CARTESIAN_POINT ( 'NONE',  ( -0.4520162615448814480, 1.311070273624410421, 0.4251951414059049195 ) ) ;
#1585 = VECTOR ( 'NONE', #5038, 39.37007874015748143 ) ;
#1586 = ORIENTED_EDGE ( 'NONE', *, *, #2372, .F. ) ;
#1587 = CARTESIAN_POINT ( 'NONE',  ( 0.4677277674133853980, 1.000062854785432886, 0.5847018004110233758 ) ) ;
#1588 = VECTOR ( 'NONE', #3386, 39.37007874015748143 ) ;
#1589 = CARTESIAN_POINT ( 'NONE',  ( -0.5102584679897609332, 0.9782924715033251006, 0.5279432473396545866 ) ) ;
#1590 = ORIENTED_EDGE ( 'NONE', *, *, #4029, .F. ) ;
#1591 = EDGE_CURVE ( 'NONE', #1193, #3137, #3987, .T. ) ;
#1592 = CARTESIAN_POINT ( 'NONE',  ( -0.4291338582677165503, 0.01968503937007873988, -0.1968503937006756133 ) ) ;
#1593 = CARTESIAN_POINT ( 'NONE',  ( -0.3749468037572674106, 0.009964260262771050536, -0.3805137501669035860 ) ) ;
#1594 = LINE ( 'NONE', #4009, #4961 ) ;
#1595 =( LENGTH_UNIT ( ) NAMED_UNIT ( * ) SI_UNIT ( $, .METRE. ) );
#1596 = EDGE_CURVE ( 'NONE', #407, #1852, #4044, .T. ) ;
#1597 = EDGE_CURVE ( 'NONE', #3793, #5254, #11, .T. ) ;
#1598 = FACE_OUTER_BOUND ( 'NONE', #4749, .T. ) ;
#1599 = ORIENTED_EDGE ( 'NONE', *, *, #3835, .T. ) ;
#1600 = CARTESIAN_POINT ( 'NONE',  ( -0.4724409448818898127, 1.394815195778348338, -0.8242351536968997028 ) ) ;
#1601 = CARTESIAN_POINT ( 'NONE',  ( 0.5019440530198768791, 0.9720881010177897519, 0.5651127493976340066 ) ) ;
#1602 = LINE ( 'NONE', #1231, #213 ) ;
#1603 = CARTESIAN_POINT ( 'NONE',  ( 0.3967938344149604668, 0.7782632213188979131, -0.3556730883480315186 ) ) ;
#1604 = DIRECTION ( 'NONE',  ( -1.000000000000000000, 0.000000000000000000, 0.000000000000000000 ) ) ;
#1605 = ORIENTED_EDGE ( 'NONE', *, *, #2691, .F. ) ;
#1606 = EDGE_CURVE ( 'NONE', #3065, #2929, #1229, .T. ) ;
#1607 = VERTEX_POINT ( 'NONE', #1306 ) ;
#1608 = DIRECTION ( 'NONE',  ( 0.1961161351382030571, 0.000000000000000000, -0.9805806756909162258 ) ) ;
#1609 = CARTESIAN_POINT ( 'NONE',  ( -0.3779527559055118058, 0.6614173228346299505, -0.1917824658397244142 ) ) ;
#1610 = DIRECTION ( 'NONE',  ( 0.000000000000000000, 0.7071067811863600561, 0.7071067811867349784 ) ) ;
#1611 = CARTESIAN_POINT ( 'NONE',  ( -0.4133858267716535861, 1.400441375119291232, -0.9619155229622048386 ) ) ;
#1612 = VERTEX_POINT ( 'NONE', #555 ) ;
#1613 = AXIS2_PLACEMENT_3D ( 'NONE', #4472, #823, #2445 ) ;
#1614 = CARTESIAN_POINT ( 'NONE',  ( 0.5118102786681097971, 1.005755409837008507, 0.5459257600224411977 ) ) ;
#1615 = AXIS2_PLACEMENT_3D ( 'NONE', #2574, #4224, #1355 ) ;
#1616 = CARTESIAN_POINT ( 'NONE',  ( -0.5075195475237486153, 0.9793407701253638020, 0.5217085658607405474 ) ) ;
#1617 = VECTOR ( 'NONE', #183, 39.37007874015748854 ) ;
#1618 = ORIENTED_EDGE ( 'NONE', *, *, #2531, .F. ) ;
#1619 = LOCAL_TIME ( 14, 15, 46.00000000000000000, #3762 ) ;
#1620 = DIRECTION ( 'NONE',  ( 0.000000000000000000, -0.7071067811865474617, -0.7071067811865474617 ) ) ;
#1621 = CARTESIAN_POINT ( 'NONE',  ( 0.3348618151082111694, 0.6417317805738739223, -0.3068664150095612442 ) ) ;
#1622 = AXIS2_PLACEMENT_3D ( 'NONE', #4176, #2951, #4234 ) ;
#1623 = CARTESIAN_POINT ( 'NONE',  ( -0.3090744190237795230, 0.6417322834645668994, -0.2952755905511810774 ) ) ;
#1624 = LINE ( 'NONE', #4446, #1409 ) ;
#1625 = ORIENTED_EDGE ( 'NONE', *, *, #4429, .F. ) ;
#1626 = ADVANCED_FACE ( 'NONE', ( #2914 ), #529, .F. ) ;
#1627 = DIRECTION ( 'NONE',  ( 0.000000000000000000, 0.000000000000000000, 1.000000000000000000 ) ) ;
#1628 = ORIENTED_EDGE ( 'NONE', *, *, #2986, .F. ) ;
#1629 = EDGE_CURVE ( 'NONE', #3548, #4750, #952, .T. ) ;
#1630 = CARTESIAN_POINT ( 'NONE',  ( 0.4094488188976440624, 0.000000000000000000, -0.1949011906772921132 ) ) ;
#1631 = EDGE_CURVE ( 'NONE', #3439, #3993, #4419, .T. ) ;
#1632 = CARTESIAN_POINT ( 'NONE',  ( 0.5004553713426890260, 0.9718269582878341639, 0.5666815020282476301 ) ) ;
#1633 = DIRECTION ( 'NONE',  ( -0.000000000000000000, 0.9991661083842544588, 0.04082998721851817392 ) ) ;
#1634 = CARTESIAN_POINT ( 'NONE',  ( 0.4352940110673228502, 0.8798751007643523803, -0.07077009292111161032 ) ) ;
#1635 = ORIENTED_EDGE ( 'NONE', *, *, #4094, .T. ) ;
#1636 = ORIENTED_EDGE ( 'NONE', *, *, #102, .F. ) ;
#1637 = FACE_OUTER_BOUND ( 'NONE', #1877, .T. ) ;
#1638 = LINE ( 'NONE', #4054, #1098 ) ;
#1639 = FACE_OUTER_BOUND ( 'NONE', #2585, .T. ) ;
#1640 = EDGE_CURVE ( 'NONE', #4401, #3974, #3360, .T. ) ;
#1641 = LINE ( 'NONE', #2135, #169 ) ;
#1642 = VERTEX_POINT ( 'NONE', #1331 ) ;
#1643 = CARTESIAN_POINT ( 'NONE',  ( 0.4677276781023625984, 1.308332790401968371, 0.4238574443283462667 ) ) ;
#1644 = VECTOR ( 'NONE', #2427, 39.37007874015748143 ) ;
#1645 = CARTESIAN_POINT ( 'NONE',  ( 0.3987647471428850121, 0.7860600718993169256, -0.3486959493248078523 ) ) ;
#1646 = VERTEX_POINT ( 'NONE', #1706 ) ;
#1647 = AXIS2_PLACEMENT_3D ( 'NONE', #1169, #3232, #769 ) ;
#1648 = DIRECTION ( 'NONE',  ( 0.000000000000000000, 1.000000000000000000, 0.000000000000000000 ) ) ;
#1649 = CARTESIAN_POINT ( 'NONE',  ( -0.7362204724409449064, 0.7487262954153584005, 0.06750803851964075342 ) ) ;
#1650 = LINE ( 'NONE', #4791, #2648 ) ;
#1651 = CYLINDRICAL_SURFACE ( 'NONE', #935, 0.05905511811023620578 ) ;
#1652 = CARTESIAN_POINT ( 'NONE',  ( -0.4724409448818898127, 1.330986883800689080, -0.7086346283295316129 ) ) ;
#1653 = DIRECTION ( 'NONE',  ( 0.000000000000000000, -0.9991661083842544588, -0.04082998721851906904 ) ) ;
#1654 = CARTESIAN_POINT ( 'NONE',  ( 0.4919482256838207390, 0.9706951586685613753, 0.5735161630873750749 ) ) ;
#1655 = DIRECTION ( 'NONE',  ( 0.000000000000000000, -0.04082998721851817392, 0.9991661083842543478 ) ) ;
#1656 = LINE ( 'NONE', #1257, #3820 ) ;
#1657 = ORIENTED_EDGE ( 'NONE', *, *, #4186, .T. ) ;
#1658 = VECTOR ( 'NONE', #304, 39.37007874015748143 ) ;
#1659 = ORIENTED_EDGE ( 'NONE', *, *, #3245, .T. ) ;
#1660 = DIRECTION ( 'NONE',  ( 0.6933752452815420408, -0.7071067811865419106, -0.1386750490563082028 ) ) ;
#1661 = CARTESIAN_POINT ( 'NONE',  ( 0.3090744190237795230, 0.7007874015748031260, -0.2952755905511810774 ) ) ;
#1662 = CARTESIAN_POINT ( 'NONE',  ( 0.7362204724410000845, 0.7487262954153584005, 0.06750803851964075342 ) ) ;
#1663 = VECTOR ( 'NONE', #1620, 39.37007874015748854 ) ;
#1664 = EDGE_CURVE ( 'NONE', #4382, #261, #2599, .T. ) ;
#1665 = CARTESIAN_POINT ( 'NONE',  ( -0.4771542011208665390, 1.122813956465354757, 0.5006918230539377790 ) ) ;
#1666 = ORIENTED_EDGE ( 'NONE', *, *, #3169, .T. ) ;
#1667 = ADVANCED_FACE ( 'NONE', ( #1678 ), #2519, .T. ) ;
#1668 = CARTESIAN_POINT ( 'NONE',  ( 0.5118110246877961567, 1.273033761033071531, 0.4066082396425196310 ) ) ;
#1669 = FACE_OUTER_BOUND ( 'NONE', #687, .T. ) ;
#1670 = ORIENTED_EDGE ( 'NONE', *, *, #3143, .F. ) ;
#1671 = ADVANCED_FACE ( 'NONE', ( #4975 ), #981, .T. ) ;
#1672 = DIRECTION ( 'NONE',  ( 0.000000000000000000, 0.04082998721851817392, -0.9991661083842543478 ) ) ;
#1673 = CARTESIAN_POINT ( 'NONE',  ( -0.4393199908834961032, 0.9728587267844808206, 0.5604976850479372885 ) ) ;
#1674 = VECTOR ( 'NONE', #2839, 39.37007874015748143 ) ;
#1675 = CARTESIAN_POINT ( 'NONE',  ( -0.5314960629921260393, 1.355477947416535489, -0.8258426335086613834 ) ) ;
#1676 = CARTESIAN_POINT ( 'NONE',  ( 0.3554015390786630091, 0.6614167352028326174, -0.3045410147452224381 ) ) ;
#1677 = CARTESIAN_POINT ( 'NONE',  ( 0.000000000000000000, 0.04724409448818897572, -0.07874015748031495954 ) ) ;
#1678 = FACE_OUTER_BOUND ( 'NONE', #4572, .T. ) ;
#1679 = CARTESIAN_POINT ( 'NONE',  ( -0.4968558891234371999, 0.8858259818683650311, 0.5593961165946526037 ) ) ;
#1680 = CARTESIAN_POINT ( 'NONE',  ( -0.4823827505515479452, 0.9700642936482685164, 0.5773251591327456245 ) ) ;
#1681 = CARTESIAN_POINT ( 'NONE',  ( 0.4724409448819212876, 1.376188463261086570, 0.1137087894719704811 ) ) ;
#1682 = ORIENTED_EDGE ( 'NONE', *, *, #2915, .T. ) ;
#1683 = VERTEX_POINT ( 'NONE', #576 ) ;
#1684 = B_SPLINE_CURVE_WITH_KNOTS ( 'NONE', 3,
 ( #3988, #5250, #775, #431, #2400, #12, #4045, #1601, #4857, #2823, #403, #1632, #3238, #3669, #1654, #4908, #1255, #2179 ),
 .UNSPECIFIED., .F., .F.,
 ( 4, 2, 2, 2, 1, 1, 2, 2, 2, 4 ),
 ( 0.000000000000000000, 0.2500000000000172640, 0.3750000000000266454, 0.4375000000000313083, 0.4687500000000328071, 0.4843750000000334732, 0.4921875000000343059, 0.5000000000000351941, 0.7500000000000175415, 1.000000000000000000 ),
 .UNSPECIFIED. ) ;
#1685 = CARTESIAN_POINT ( 'NONE',  ( -0.4724409448818898127, 0.9699109393618169372, 0.5782418661775315938 ) ) ;
#1686 = CARTESIAN_POINT ( 'NONE',  ( -0.6889763779527560139, 0.2480314960629921295, 0.5905511811023621549 ) ) ;
#1687 = DIRECTION ( 'NONE',  ( 0.000000000000000000, 0.000000000000000000, 1.000000000000000000 ) ) ;
#1688 = CARTESIAN_POINT ( 'NONE',  ( -0.4520166485704725234, 1.011889429546850794, 0.5041425899228346719 ) ) ;
#1689 = ADVANCED_FACE ( 'NONE', ( #2202 ), #3311, .T. ) ;
#1690 = ORIENTED_EDGE ( 'NONE', *, *, #2470, .T. ) ;
#1691 = ORIENTED_EDGE ( 'NONE', *, *, #3489, .F. ) ;
#1692 = CARTESIAN_POINT ( 'NONE',  ( 0.4928656397358265884, 1.217627420868503618, 0.5426383821409449526 ) ) ;
#1693 = ADVANCED_FACE ( 'NONE', ( #3287 ), #2151, .T. ) ;
#1694 = DIRECTION ( 'NONE',  ( 0.000000000000000000, -0.2588190451024929839, -0.9659258262890757507 ) ) ;
#1695 =( BOUNDED_SURFACE ( )  B_SPLINE_SURFACE ( 3, 3, ( 
 ( #2800, #1702, #4571, #4546, #1300, #3191, #4860, #2121, #2402, #3767, #128, #894 ),
 ( #4971, #4998, #920, #2000, #549, #2172, #804, #3744, #2516, #3333, #4140, #1350 ),
 ( #499, #3308, #104, #2569, #2429, #5252, #4427, #2964, #1722, #2542, #2028, #4597 ),
 ( #947, #5222, #4019, #379, #1603, #3619, #405, #3213, #1206, #4951, #2197, #3436 ) ),
 .UNSPECIFIED., .F., .F., .F. ) 
 B_SPLINE_SURFACE_WITH_KNOTS ( ( 4, 4 ),
 ( 4, 1, 1, 1, 1, 1, 1, 1, 1, 4 ),
 ( 0.000000000000000000, 1.000000000000000000 ),
 ( 0.03226897499810999631, 0.07347977167120998965, 0.1522242444337999767, 0.2381407980704999816, 0.3330632958254999831, 0.4386850244412999755, 0.5564903295271999006, 0.6878027080133999327, 0.8345370521477999404, 0.9747478226657999567 ),
 .UNSPECIFIED. ) 
 GEOMETRIC_REPRESENTATION_ITEM ( )  RATIONAL_B_SPLINE_SURFACE ( (
 ( 1.298464875255000095, 1.298464875255000095, 1.298464875255000095, 1.298464875255000095, 1.298464875255000095, 1.298464875255000095, 1.298464875255000095, 1.298464875255000095, 1.298464875255000095, 1.298464875255000095, 1.298464875255000095, 1.298464875255000095),
 ( 0.9005117082485000202, 0.9005117082485000202, 0.9005117082485000202, 0.9005117082485000202, 0.9005117082485000202, 0.9005117082485000202, 0.9005117082485000202, 0.9005117082485000202, 0.9005117082485000202, 0.9005117082485000202, 0.9005117082485000202, 0.9005117082485000202),
 ( 0.9005117082485000202, 0.9005117082485000202, 0.9005117082485000202, 0.9005117082485000202, 0.9005117082485000202, 0.9005117082485000202, 0.9005117082485000202, 0.9005117082485000202, 0.9005117082485000202, 0.9005117082485000202, 0.9005117082485000202, 0.9005117082485000202),
 ( 1.298464875255000095, 1.298464875255000095, 1.298464875255000095, 1.298464875255000095, 1.298464875255000095, 1.298464875255000095, 1.298464875255000095, 1.298464875255000095, 1.298464875255000095, 1.298464875255000095, 1.298464875255000095, 1.298464875255000095) ) ) 
 REPRESENTATION_ITEM ( '' )  SURFACE ( )  );
#1696 = VECTOR ( 'NONE', #745, 39.37007874015748143 ) ;
#1697 = ORIENTED_EDGE ( 'NONE', *, *, #1281, .F. ) ;
#1698 = DIRECTION ( 'NONE',  ( -1.000000000000000000, 0.000000000000000000, 0.000000000000000000 ) ) ;
#1699 = AXIS2_PLACEMENT_3D ( 'NONE', #3502, #3056, #2315 ) ;
#1700 = VECTOR ( 'NONE', #522, 39.37007874015748143 ) ;
#1701 = EDGE_CURVE ( 'NONE', #1767, #5195, #5002, .T. ) ;
#1702 = CARTESIAN_POINT ( 'NONE',  ( 0.3752990112735825057, 0.8053057517236220653, -0.3467690255196067550 ) ) ;
#1703 = CARTESIAN_POINT ( 'NONE',  ( -0.6889763779527560139, 0.2480314960629921295, 0.5314960629921260393 ) ) ;
#1704 = DIRECTION ( 'NONE',  ( 0.000000000000000000, 0.04082998721720280250, -0.9991661083843081936 ) ) ;
#1705 = AXIS2_PLACEMENT_3D ( 'NONE', #2213, #609, #1415 ) ;
#1706 = CARTESIAN_POINT ( 'NONE',  ( -0.4291338582677165503, 0.8426180921244095234, -0.02727797808123228612 ) ) ;
#1707 = LINE ( 'NONE', #2600, #3759 ) ;
#1708 = CARTESIAN_POINT ( 'NONE',  ( -0.8834645669291339987, 0.9078769110314960367, -0.1193599044736220471 ) ) ;
#1709 = CARTESIAN_POINT ( 'NONE',  ( 0.4724409448818480128, 1.337777347748714707, 0.3502428788991973074 ) ) ;
#1710 = ORIENTED_EDGE ( 'NONE', *, *, #3810, .F. ) ;
#1711 = CARTESIAN_POINT ( 'NONE',  ( -0.6889763779527560139, 0.4251968503937008093, 0.1181102362204724532 ) ) ;
#1712 = CARTESIAN_POINT ( 'NONE',  ( -0.8834645669291339987, 0.9127442351811023702, -0.1011948034493700965 ) ) ;
#1713 = CARTESIAN_POINT ( 'NONE',  ( 0.4448302517837449677, 0.9717608651159456157, 0.5670796673194312687 ) ) ;
#1714 = CARTESIAN_POINT ( 'NONE',  ( -0.4771542143192913921, 1.168456205718503949, 0.4764869304539366968 ) ) ;
#1715 = ORIENTED_EDGE ( 'NONE', *, *, #3171, .F. ) ;
#1716 = CARTESIAN_POINT ( 'NONE',  ( 0.4928656460677167117, 1.296394367339763987, 0.07024205635574809481 ) ) ;
#1717 = DIRECTION ( 'NONE',  ( 0.000000000000000000, -0.9991661083842543478, -0.04082998721851817392 ) ) ;
#1718 = APPROVAL ( #4644, 'UNSPECIFIED' ) ;
#1719 = ORIENTED_EDGE ( 'NONE', *, *, #129, .T. ) ;
#1720 = CARTESIAN_POINT ( 'NONE',  ( -0.4094488188976377896, 0.8744707376381889441, -0.09093945069118110347 ) ) ;
#1721 = VECTOR ( 'NONE', #5220, 39.37007874015748143 ) ;
#1722 = CARTESIAN_POINT ( 'NONE',  ( 0.3945817629133860360, 0.7663618655937015633, -0.3860348742738979877 ) ) ;
#1723 = ORIENTED_EDGE ( 'NONE', *, *, #4503, .T. ) ;
#1724 = ORIENTED_EDGE ( 'NONE', *, *, #3152, .T. ) ;
#1725 = VECTOR ( 'NONE', #316, 39.37007874015748854 ) ;
#1726 = CARTESIAN_POINT ( 'NONE',  ( 0.3307086614173228023, 0.7007874015748031260, 0.05905511811023622659 ) ) ;
#1727 = ADVANCED_FACE ( 'NONE', ( #156 ), #2970, .F. ) ;
#1728 = DIRECTION ( 'NONE',  ( 0.000000000000000000, -0.04656599240850081006, -0.9989152157971223911 ) ) ;
#1729 = CARTESIAN_POINT ( 'NONE',  ( -0.4094488188976377896, 0.7933460819673228137, -0.3937007874015748254 ) ) ;
#1730 = CARTESIAN_POINT ( 'NONE',  ( -0.4978180979743068169, 0.9714266097053562143, 0.5690956062781453717 ) ) ;
#1731 = DIRECTION ( 'NONE',  ( 0.000000000000000000, 0.000000000000000000, 1.000000000000000000 ) ) ;
#1732 = VERTEX_POINT ( 'NONE', #1280 ) ;
#1733 = CARTESIAN_POINT ( 'NONE',  ( 0.4724409448818898127, 1.330986883800689080, -0.7086346283295316129 ) ) ;
#1734 = LINE ( 'NONE', #4962, #503 ) ;
#1735 = CARTESIAN_POINT ( 'NONE',  ( -0.4094488188976377896, 0.8722390901042735845, -0.2066245016014259805 ) ) ;
#1736 = B_SPLINE_CURVE_WITH_KNOTS ( 'NONE', 3,
 ( #3928, #3875, #4282, #3553 ),
 .UNSPECIFIED., .F., .F.,
 ( 4, 4 ),
 ( 0.000000000000000000, 1.000000000000000000 ),
 .UNSPECIFIED. ) ;
#1737 = CARTESIAN_POINT ( 'NONE',  ( -0.3681102362204724532, 0.6515748031496062520, 0.000000000000000000 ) ) ;
#1738 = LINE ( 'NONE', #3450, #1949 ) ;
#1739 = ORIENTED_EDGE ( 'NONE', *, *, #3303, .F. ) ;
#1740 = VECTOR ( 'NONE', #3088, 39.37007874015748854 ) ;
#1741 = CARTESIAN_POINT ( 'NONE',  ( -0.5905511811023621549, 1.400441375119293230, -0.9619155229622263770 ) ) ;
#1742 = SHAPE_DEFINITION_REPRESENTATION ( #1768, #343 ) ;
#1743 = DIRECTION ( 'NONE',  ( 0.000000000000000000, 0.000000000000000000, 1.000000000000000000 ) ) ;
#1744 = ORIENTED_EDGE ( 'NONE', *, *, #3012, .T. ) ;
#1745 = DIRECTION ( 'NONE',  ( 0.000000000000000000, 0.000000000000000000, -1.000000000000000000 ) ) ;
#1746 = VECTOR ( 'NONE', #1882, 39.37007874015748854 ) ;
#1747 = DIRECTION ( 'NONE',  ( 0.000000000000000000, -1.000000000000000000, 0.000000000000000000 ) ) ;
#1748 = VERTEX_POINT ( 'NONE', #61 ) ;
#1749 = ADVANCED_FACE ( 'NONE', ( #2895 ), #873, .T. ) ;
#1750 = AXIS2_PLACEMENT_3D ( 'NONE', #5192, #1888, #3030 ) ;
#1751 = CARTESIAN_POINT ( 'NONE',  ( -0.3570255250540944614, 0.6515748029444883294, -0.2462314191141338482 ) ) ;
#1752 = DIRECTION ( 'NONE',  ( 1.000000000000000000, 0.000000000000000000, 0.000000000000000000 ) ) ;
#1753 = ADVANCED_FACE ( 'NONE', ( #3748 ), #3717, .T. ) ;
#1754 = CARTESIAN_POINT ( 'NONE',  ( 0.4724409448818898127, 0.8858267716535432879, 0.5679224455952306405 ) ) ;
#1755 =( BOUNDED_CURVE ( )  B_SPLINE_CURVE ( 3, ( #4611, #143, #3855, #3347 ),
 .UNSPECIFIED., .F., .T. ) 
 B_SPLINE_CURVE_WITH_KNOTS ( ( 4, 4 ),
 ( 3.141592653589795336, 5.101564755502630000 ),
 .UNSPECIFIED. ) 
 CURVE ( )  GEOMETRIC_REPRESENTATION_ITEM ( )  RATIONAL_B_SPLINE_CURVE ( ( 1.000000000000000000, 0.7046894209040269752, 0.7046894209040269752, 1.000000000000000000 ) ) 
 REPRESENTATION_ITEM ( '' )  );
#1756 = DIRECTION ( 'NONE',  ( 0.000000000000000000, 3.300461595701484956E-14, 1.000000000000000000 ) ) ;
#1757 = EDGE_CURVE ( 'NONE', #2991, #48, #1381, .T. ) ;
#1758 = AXIS2_PLACEMENT_3D ( 'NONE', #3382, #1052, #5103 ) ;
#1759 = CARTESIAN_POINT ( 'NONE',  ( 0.4205210113269447492, 0.8449748396303181641, -0.2010196406707924488 ) ) ;
#1760 = VERTEX_POINT ( 'NONE', #4249 ) ;
#1761 = CARTESIAN_POINT ( 'NONE',  ( 0.7362204724410000845, 0.7007874015748031260, 0.05905511811023622659 ) ) ;
#1762 = CARTESIAN_POINT ( 'NONE',  ( -0.3582677165354331006, 0.6417322834645668994, -0.06636367386476378638 ) ) ;
#1763 = CARTESIAN_POINT ( 'NONE',  ( -0.3816035378618112262, 0.01435513465356692137, -0.3920868574881104518 ) ) ;
#1764 = DIRECTION ( 'NONE',  ( 0.000000000000000000, -0.6734125939158718266, 0.7392668519252686421 ) ) ;
#1765 = EDGE_CURVE ( 'NONE', #2048, #3865, #3441, .T. ) ;
#1766 = CARTESIAN_POINT ( 'NONE',  ( -0.4677276622334646250, 0.9792926571358274712, 0.5000043115712592412 ) ) ;
#1767 = VERTEX_POINT ( 'NONE', #5081 ) ;
#1768 = PRODUCT_DEFINITION_SHAPE ( 'NONE', 'NONE',  #2494 ) ;
#1769 = LINE ( 'NONE', #541, #2802 ) ;
#1770 = CARTESIAN_POINT ( 'NONE',  ( 0.4928652411933070465, 1.011889429546850794, 0.5041425899228346719 ) ) ;
#1771 = CARTESIAN_POINT ( 'NONE',  ( -0.3940158605885826781, 0.7559842164484253946, -0.3888643778656694083 ) ) ;
#1772 = EDGE_LOOP ( 'NONE', ( #4946, #1109, #840, #209 ) ) ;
#1773 = CARTESIAN_POINT ( 'NONE',  ( -0.4393079457134790866, 0.8858267716535425107, 0.5513974112570612096 ) ) ;
#1774 = DIRECTION ( 'NONE',  ( 0.000000000000000000, 0.000000000000000000, 1.000000000000000000 ) ) ;
#1775 = ORIENTED_EDGE ( 'NONE', *, *, #3010, .F. ) ;
#1776 = ORIENTED_EDGE ( 'NONE', *, *, #4973, .T. ) ;
#1777 = CARTESIAN_POINT ( 'NONE',  ( 0.7362204724410000845, 0.7007874015748031260, 0.05905511811023622659 ) ) ;
#1778 = VECTOR ( 'NONE', #5119, 39.37007874015748854 ) ;
#1779 = CARTESIAN_POINT ( 'NONE',  ( 0.000000000000000000, 0.2047244094488188948, 0.000000000000000000 ) ) ;
#1780 = DIRECTION ( 'NONE',  ( 0.000000000000000000, 0.2588190451019268812, 0.9659258262892274072 ) ) ;
#1781 = LINE ( 'NONE', #1708, #2255 ) ;
#1782 = CARTESIAN_POINT ( 'NONE',  ( 0.3307086614173228023, 0.6417322834645668994, -0.1871043785833858275 ) ) ;
#1783 = EDGE_CURVE ( 'NONE', #1767, #1187, #2225, .T. ) ;
#1784 = VECTOR ( 'NONE', #445, 39.37007874015748143 ) ;
#1785 = ORIENTED_EDGE ( 'NONE', *, *, #3081, .T. ) ;
#1786 = CARTESIAN_POINT ( 'NONE',  ( 0.4133858267716535861, 1.355477947416535489, -0.8258426335086613834 ) ) ;
#1787 = CARTESIAN_POINT ( 'NONE',  ( -0.6889763779527560139, 0.2480314960629921295, 0.000000000000000000 ) ) ;
#1788 = CARTESIAN_POINT ( 'NONE',  ( 0.4419676972566160544, 0.9722301373553337012, 0.5642524074345678375 ) ) ;
#1789 = CARTESIAN_POINT ( 'NONE',  ( 0.7362204724410000845, 0.4251968503937008093, 0.5314960629921260393 ) ) ;
#1790 = PLANE ( 'NONE',  #4677 ) ;
#1791 = ORIENTED_EDGE ( 'NONE', *, *, #907, .T. ) ;
#1792 = EDGE_CURVE ( 'NONE', #751, #3194, #3492, .T. ) ;
#1793 = LINE ( 'NONE', #2467, #422 ) ;
#1794 = CARTESIAN_POINT ( 'NONE',  ( 0.4677276622334646250, 0.9792926571358274712, 0.5000043115712592412 ) ) ;
#1795 = SECURITY_CLASSIFICATION_LEVEL ( 'unclassified' ) ;
#1796 = CARTESIAN_POINT ( 'NONE',  ( -0.3959557022992126196, 0.7754939282893706931, -0.3598637511192127603 ) ) ;
#1797 = ORIENTED_EDGE ( 'NONE', *, *, #3368, .T. ) ;
#1798 = CARTESIAN_POINT ( 'NONE',  ( -0.4724409448817070700, 1.338215086886171301, 0.07872548081098069972 ) ) ;
#1799 = DIRECTION ( 'NONE',  ( 0.000000000000000000, -0.2588190450890326400, -0.9659258262926824212 ) ) ;
#1800 = ORIENTED_EDGE ( 'NONE', *, *, #1631, .F. ) ;
#1801 = ORIENTED_EDGE ( 'NONE', *, *, #4429, .T. ) ;
#1802 = ORIENTED_EDGE ( 'NONE', *, *, #2218, .F. ) ;
#1803 = FACE_OUTER_BOUND ( 'NONE', #4648, .T. ) ;
#1804 = DIRECTION ( 'NONE',  ( 0.000000000000000000, -1.000000000000000000, 0.000000000000000000 ) ) ;
#1805 = LINE ( 'NONE', #5059, #2005 ) ;
#1806 = VECTOR ( 'NONE', #631, 39.37007874015748143 ) ;
#1807 = DIRECTION ( 'NONE',  ( 0.9284766908852662981, -0.3713906763540866240, 0.000000000000000000 ) ) ;
#1808 = EDGE_LOOP ( 'NONE', ( #1827, #1670, #4477, #3229, #4276, #3971, #2461, #2415, #4329, #2654 ) ) ;
#1809 = LINE ( 'NONE', #933, #1859 ) ;
#1810 = B_SPLINE_CURVE_WITH_KNOTS ( 'NONE', 3,
 ( #1118, #3476, #4717, #264 ),
 .UNSPECIFIED., .F., .F.,
 ( 4, 4 ),
 ( 0.000000000000000000, 1.000000000000000000 ),
 .UNSPECIFIED. ) ;
#1811 = CARTESIAN_POINT ( 'NONE',  ( -0.3933147555288187824, 0.04116400254937011005, -0.3730678531133464482 ) ) ;
#1812 = LINE ( 'NONE', #2978, #3302 ) ;
#1813 = CARTESIAN_POINT ( 'NONE',  ( -0.4928652411933070465, 1.011889429546850794, 0.5041425899228346719 ) ) ;
#1814 = VERTEX_POINT ( 'NONE', #180 ) ;
#1815 = ADVANCED_FACE ( 'NONE', ( #1803 ), #256, .T. ) ;
#1816 = LINE ( 'NONE', #3859, #1275 ) ;
#1817 = CARTESIAN_POINT ( 'NONE',  ( 0.3736259074414212678, 0.7480314967865374642, -0.3937000493517708311 ) ) ;
#1818 = ADVANCED_FACE ( 'NONE', ( #1112 ), #707, .T. ) ;
#1819 = DIRECTION ( 'NONE',  ( 0.000000000000000000, 0.000000000000000000, 1.000000000000000000 ) ) ;
#1820 = EDGE_CURVE ( 'NONE', #3823, #2398, #3098, .T. ) ;
#1821 = VERTEX_POINT ( 'NONE', #5160 ) ;
#1822 = CIRCLE ( 'NONE', #714, 0.05905511811023628904 ) ;
#1823 = CYLINDRICAL_SURFACE ( 'NONE', #4196, 0.03937007874015750059 ) ;
#1824 = AXIS2_PLACEMENT_3D ( 'NONE', #3392, #3777, #5036 ) ;
#1825 = DIRECTION ( 'NONE',  ( -1.000000000000000000, 0.000000000000000000, 0.000000000000000000 ) ) ;
#1826 = EDGE_CURVE ( 'NONE', #3413, #2136, #3124, .T. ) ;
#1827 = ORIENTED_EDGE ( 'NONE', *, *, #3953, .F. ) ;
#1828 = ORIENTED_EDGE ( 'NONE', *, *, #4183, .F. ) ;
#1829 = VERTEX_POINT ( 'NONE', #4739 ) ;
#1830 = DIRECTION ( 'NONE',  ( 0.000000000000000000, 0.000000000000000000, 1.000000000000000000 ) ) ;
#1831 = CARTESIAN_POINT ( 'NONE',  ( -0.3631221728020079254, 0.4192913385826771422, -0.2860102613320472664 ) ) ;
#1832 = AXIS2_PLACEMENT_3D ( 'NONE', #4389, #1198, #421 ) ;
#1833 = DIRECTION ( 'NONE',  ( 0.000000000000000000, 0.9991661083842543478, 0.04082998721851817392 ) ) ;
#1834 = ORIENTED_EDGE ( 'NONE', *, *, #1427, .T. ) ;
#1835 = DIRECTION ( 'NONE',  ( 1.587681008176665809E-30, -0.9991661083842544588, -0.04082998721851906904 ) ) ;
#1836 = CARTESIAN_POINT ( 'NONE',  ( -0.7362204724409449064, 0.7480314960629921295, -0.3937007874015748254 ) ) ;
#1837 = AXIS2_PLACEMENT_3D ( 'NONE', #4441, #4844, #305 ) ;
#1838 = DIRECTION ( 'NONE',  ( 1.000000000000000000, 0.000000000000000000, 0.000000000000000000 ) ) ;
#1839 = CARTESIAN_POINT ( 'NONE',  ( -0.4677276867992126164, 1.298014736361023491, 0.1068015459603150752 ) ) ;
#1840 = ORIENTED_EDGE ( 'NONE', *, *, #4891, .T. ) ;
#1841 = CARTESIAN_POINT ( 'NONE',  ( 0.3090744190237795230, 0.7007874015748031260, -0.2952755905511810774 ) ) ;
#1842 = CARTESIAN_POINT ( 'NONE',  ( 5.303588499935882198E-18, 0.1889767539191732348, -0.1141732283489761690 ) ) ;
#1843 = EDGE_CURVE ( 'NONE', #1050, #5129, #1459, .T. ) ;
#1844 = CARTESIAN_POINT ( 'NONE',  ( -0.3987036847208661472, 0.7818623250555118975, -0.3461238390105512153 ) ) ;
#1845 = ADVANCED_FACE ( 'NONE', ( #3047 ), #204, .F. ) ;
#1846 = VERTEX_POINT ( 'NONE', #4711 ) ;
#1847 = ADVANCED_FACE ( 'NONE', ( #3467 ), #5106, .T. ) ;
#1848 = CARTESIAN_POINT ( 'NONE',  ( 0.4291338582677165503, 0.8587330688320670147, -0.07361607859181910907 ) ) ;
#1849 = EDGE_CURVE ( 'NONE', #4298, #1351, #96, .T. ) ;
#1850 = CARTESIAN_POINT ( 'NONE',  ( 0.4724409450186164983, 1.377552335247686832, 0.08033296062270629811 ) ) ;
#1851 = ORIENTED_EDGE ( 'NONE', *, *, #4268, .T. ) ;
#1852 = VERTEX_POINT ( 'NONE', #3897 ) ;
#1853 = VERTEX_POINT ( 'NONE', #1029 ) ;
#1854 = DIRECTION ( 'NONE',  ( 0.000000000000000000, 1.000000000000000000, 0.000000000000000000 ) ) ;
#1855 = ADVANCED_FACE ( 'NONE', ( #2256 ), #230, .T. ) ;
#1856 = CARTESIAN_POINT ( 'NONE',  ( -0.4360148777004480558, 0.8858267716535432879, 0.5433070866141536115 ) ) ;
#1857 = CARTESIAN_POINT ( 'NONE',  ( 0.3779527559055118058, 0.7007874015748031260, 0.000000000000000000 ) ) ;
#1858 = DIRECTION ( 'NONE',  ( 0.000000000000000000, 0.000000000000000000, 1.000000000000000000 ) ) ;
#1859 = VECTOR ( 'NONE', #2631, 39.37007874015748143 ) ;
#1860 = EDGE_LOOP ( 'NONE', ( #1347, #3086, #1247, #1893 ) ) ;
#1861 = B_SPLINE_CURVE_WITH_KNOTS ( 'NONE', 3,
 ( #822, #3282, #1249, #3712, #2514, #4139 ),
 .UNSPECIFIED., .F., .F.,
 ( 4, 2, 4 ),
 ( 0.000000000000000000, 0.5000000000000000000, 1.000000000000000000 ),
 .UNSPECIFIED. ) ;
#1862 = CARTESIAN_POINT ( 'NONE',  ( -0.3554010651194055570, 0.7007874015748031260, -0.3045409197703141668 ) ) ;
#1863 = DIRECTION ( 'NONE',  ( -1.734723475976806897E-15, -0.04082998721851906904, 0.9991661083842543478 ) ) ;
#1864 = LINE ( 'NONE', #1468, #3525 ) ;
#1865 = AXIS2_PLACEMENT_3D ( 'NONE', #4933, #3771, #504 ) ;
#1866 = AXIS2_PLACEMENT_3D ( 'NONE', #3659, #3739, #4995 ) ;
#1867 = CARTESIAN_POINT ( 'NONE',  ( 0.4330708306708662136, 1.313181183197242863, 0.07085846177515758848 ) ) ;
#1868 = CARTESIAN_POINT ( 'NONE',  ( -0.5118110551724401880, 1.307185987394882787, 0.1715400166413779959 ) ) ;
#1869 = ORIENTED_EDGE ( 'NONE', *, *, #1640, .F. ) ;
#1870 = AXIS2_PLACEMENT_3D ( 'NONE', #991, #3004, #2237 ) ;
#1871 = CARTESIAN_POINT ( 'NONE',  ( 0.3933149895529918783, 0.04117369867889763418, -0.3730666820775989656 ) ) ;
#1872 = DIRECTION ( 'NONE',  ( 0.000000000000000000, -0.04082998721851680002, 0.9991661083842544588 ) ) ;
#1873 = CARTESIAN_POINT ( 'NONE',  ( -0.3828499867066927909, 0.7817128580838591523, -0.3887577906707086473 ) ) ;
#1874 = ORIENTED_EDGE ( 'NONE', *, *, #43, .T. ) ;
#1875 = LINE ( 'NONE', #4300, #49 ) ;
#1876 = ORIENTED_EDGE ( 'NONE', *, *, #354, .T. ) ;
#1877 = EDGE_LOOP ( 'NONE', ( #368, #1137, #3870, #2595 ) ) ;
#1878 = ORIENTED_EDGE ( 'NONE', *, *, #2183, .T. ) ;
#1879 = DIRECTION ( 'NONE',  ( 0.000000000000000000, 0.04082998721851817392, -0.9991661083842544588 ) ) ;
#1880 = DIRECTION ( 'NONE',  ( 1.000000000000000000, 0.000000000000000000, 0.000000000000000000 ) ) ;
#1881 = DIRECTION ( 'NONE',  ( 0.7071067811865474617, 0.7071067811865474617, 0.000000000000000000 ) ) ;
#1882 = DIRECTION ( 'NONE',  ( 0.000000000000000000, -0.9486832980505111035, 0.3162277660168460458 ) ) ;
#1883 = CARTESIAN_POINT ( 'NONE',  ( 0.4094488188976377896, 6.761624821032696708E-17, 0.000000000000000000 ) ) ;
#1884 = EDGE_CURVE ( 'NONE', #4411, #1000, #3923, .T. ) ;
#1885 = ORIENTED_EDGE ( 'NONE', *, *, #1820, .F. ) ;
#1886 = CARTESIAN_POINT ( 'NONE',  ( 0.5905511811023621549, 1.355477947416535489, -0.8258426335086613834 ) ) ;
#1887 = CARTESIAN_POINT ( 'NONE',  ( 0.3090744190237795230, 0.7007874015748031260, -0.3425196850393700809 ) ) ;
#1888 = DIRECTION ( 'NONE',  ( -0.000000000000000000, 1.000000000000000000, 0.000000000000000000 ) ) ;
#1889 = VECTOR ( 'NONE', #1969, 39.37007874015748143 ) ;
#1890 = CARTESIAN_POINT ( 'NONE',  ( 0.4330708722248036158, 1.237454235664960267, 0.4637461874141736162 ) ) ;
#1891 = CARTESIAN_POINT ( 'NONE',  ( -0.5118110551724416313, 1.332391213378740336, 0.1741805305288190997 ) ) ;
#1892 = VERTEX_POINT ( 'NONE', #1906 ) ;
#1893 = ORIENTED_EDGE ( 'NONE', *, *, #1401, .T. ) ;
#1894 = VECTOR ( 'NONE', #3104, 39.37007874015748143 ) ;
#1895 = CARTESIAN_POINT ( 'NONE',  ( 0.6889763779527560139, 0.7487262954153584005, 0.06750803851964075342 ) ) ;
#1896 = CARTESIAN_POINT ( 'NONE',  ( 0.4724409448818898127, 0.9829178552618170750, 0.5005072367846181702 ) ) ;
#1897 = CARTESIAN_POINT ( 'NONE',  ( -0.4330708559212601005, 1.363700769969290905, 0.07506980728744098996 ) ) ;
#1898 = ORIENTED_EDGE ( 'NONE', *, *, #3639, .F. ) ;
#1899 = CARTESIAN_POINT ( 'NONE',  ( 0.4377101990576487966, 0.9794513163658542521, 0.5210524299777665735 ) ) ;
#1900 = CARTESIAN_POINT ( 'NONE',  ( -0.5314960629921260393, 1.361104126757873845, -0.9635230027740157022 ) ) ;
#1901 = AXIS2_PLACEMENT_3D ( 'NONE', #4055, #1687, #385 ) ;
#1902 = VERTEX_POINT ( 'NONE', #3522 ) ;
#1903 = ORIENTED_EDGE ( 'NONE', *, *, #3407, .F. ) ;
#1904 = ORIENTED_EDGE ( 'NONE', *, *, #2301, .T. ) ;
#1905 = CARTESIAN_POINT ( 'NONE',  ( 0.4724409448817716295, 1.280877163956702702, 0.2532387041824429308 ) ) ;
#1906 = CARTESIAN_POINT ( 'NONE',  ( 0.3554010651194122183, 0.7007874015748031260, -0.3045409197703082826 ) ) ;
#1907 = AXIS2_PLACEMENT_3D ( 'NONE', #5183, #3149, #3950 ) ;
#1908 = CARTESIAN_POINT ( 'NONE',  ( -0.4724409448817952772, 1.376188463261086570, 0.1137087894719704811 ) ) ;
#1909 = CARTESIAN_POINT ( 'NONE',  ( -0.7362204724409449064, 0.4842519685039370358, 0.09842519685039370636 ) ) ;
#1910 = EDGE_CURVE ( 'NONE', #4134, #3281, #3221, .T. ) ;
#1911 = CARTESIAN_POINT ( 'NONE',  ( -0.7362204724409449064, 0.7487262954153584005, 0.06750803851964075342 ) ) ;
#1912 = ORIENTED_EDGE ( 'NONE', *, *, #1568, .T. ) ;
#1913 = ADVANCED_FACE ( 'NONE', ( #4386 ), #4789, .T. ) ;
#1914 = DIRECTION ( 'NONE',  ( 0.000000000000000000, 0.000000000000000000, 1.000000000000000000 ) ) ;
#1915 = ADVANCED_FACE ( 'NONE', ( #4901 ), #4671, .T. ) ;
#1916 = CARTESIAN_POINT ( 'NONE',  ( 0.4291338582677165503, 0.8606677359815847472, -0.03211436557644039430 ) ) ;
#1917 = FACE_OUTER_BOUND ( 'NONE', #4996, .T. ) ;
#1918 = VECTOR ( 'NONE', #5004, 39.37007874015748143 ) ;
#1919 = CARTESIAN_POINT ( 'NONE',  ( 0.4330708428759842965, 1.207455842714960870, 0.5289542651480312330 ) ) ;
#1920 = CARTESIAN_POINT ( 'NONE',  ( -0.5118111572413392985, 0.9706904646850408325, 0.5381337365531487782 ) ) ;
#1921 = CARTESIAN_POINT ( 'NONE',  ( 0.4771542633602366967, 0.9766430842610235308, 0.4993896992653547584 ) ) ;
#1922 = ORIENTED_EDGE ( 'NONE', *, *, #5216, .T. ) ;
#1923 = EDGE_CURVE ( 'NONE', #3818, #3473, #767, .T. ) ;
#1924 = CARTESIAN_POINT ( 'NONE',  ( -0.3582677165354331006, 0.6417322834645668994, 4.268512490100409738E-18 ) ) ;
#1925 = LINE ( 'NONE', #3568, #1572 ) ;
#1926 = EDGE_CURVE ( 'NONE', #1642, #3385, #4930, .T. ) ;
#1927 = CARTESIAN_POINT ( 'NONE',  ( -0.4330708306708658806, 1.338484191629133901, 0.07178757850921269057 ) ) ;
#1928 = ORIENTED_EDGE ( 'NONE', *, *, #3899, .F. ) ;
#1929 = CARTESIAN_POINT ( 'NONE',  ( -0.3929286808542047371, 0.03937007941157739943, -0.3778762805101767985 ) ) ;
#1930 = EDGE_LOOP ( 'NONE', ( #834, #3252, #425, #2846 ) ) ;
#1931 = ORIENTED_EDGE ( 'NONE', *, *, #4194, .T. ) ;
#1932 = ORIENTED_EDGE ( 'NONE', *, *, #1427, .F. ) ;
#1933 = DIRECTION ( 'NONE',  ( -1.000000000000000000, 0.000000000000000000, 0.000000000000000000 ) ) ;
#1934 = DIRECTION ( 'NONE',  ( -0.000000000000000000, 0.3162277660168461013, 0.9486832980505111035 ) ) ;
#1935 = DIRECTION ( 'NONE',  ( 0.000000000000000000, 1.000000000000000000, 0.000000000000000000 ) ) ;
#1936 = DIRECTION ( 'NONE',  ( 0.000000000000000000, -1.000000000000000000, 0.000000000000000000 ) ) ;
#1937 = ORIENTED_EDGE ( 'NONE', *, *, #2556, .F. ) ;
#1938 = CARTESIAN_POINT ( 'NONE',  ( 0.000000000000000000, 0.1102362204724409434, -0.07874015748031495954 ) ) ;
#1939 = DIRECTION ( 'NONE',  ( 0.000000000000000000, -0.9991661083842034996, -0.04082998721976242168 ) ) ;
#1940 = FACE_BOUND ( 'NONE', #3296, .T. ) ;
#1941 = CARTESIAN_POINT ( 'NONE',  ( 0.4330708345913383828, 1.357596439362599883, 0.1768210444162204020 ) ) ;
#1942 = CARTESIAN_POINT ( 'NONE',  ( -0.5118110338425203576, 1.363700769969290905, 0.07506980728744098996 ) ) ;
#1943 = VERTEX_POINT ( 'NONE', #795 ) ;
#1944 = CARTESIAN_POINT ( 'NONE',  ( 0.4520163072216538125, 1.121830449117716233, 0.4977705176448817825 ) ) ;
#1945 = EDGE_LOOP ( 'NONE', ( #4510, #1456, #3316, #2980 ) ) ;
#1946 = CARTESIAN_POINT ( 'NONE',  ( 0.000000000000000000, 0.04724409448818897572, -0.3464566929133858775 ) ) ;
#1947 = VECTOR ( 'NONE', #69, 39.37007874015748143 ) ;
#1948 = CARTESIAN_POINT ( 'NONE',  ( 0.5314960629921260393, 1.394815195778348338, -0.8242351536968740566 ) ) ;
#1949 = VECTOR ( 'NONE', #2584, 39.37007874015748143 ) ;
#1950 = CARTESIAN_POINT ( 'NONE',  ( -0.4520162500279530371, 1.217627420868503618, 0.5426383821409449526 ) ) ;
#1951 = VERTEX_POINT ( 'NONE', #3634 ) ;
#1952 = AXIS2_PLACEMENT_3D ( 'NONE', #1254, #2399, #4015 ) ;
#1953 = ORIENTED_EDGE ( 'NONE', *, *, #2598, .F. ) ;
#1954 = ADVANCED_FACE ( 'NONE', ( #1250 ), #4008, .T. ) ;
#1955 = LINE ( 'NONE', #5205, #811 ) ;
#1956 = CARTESIAN_POINT ( 'NONE',  ( -0.4950312428862714831, 0.9817359123960317513, 0.5075130664889142551 ) ) ;
#1957 = EDGE_LOOP ( 'NONE', ( #2231, #277, #4863, #2077, #5209, #2715 ) ) ;
#1958 = VERTEX_POINT ( 'NONE', #4415 ) ;
#1959 = ORIENTED_EDGE ( 'NONE', *, *, #4268, .F. ) ;
#1960 = CARTESIAN_POINT ( 'NONE',  ( -0.4724409448818898127, 1.355477947416535489, -0.8258426335086613834 ) ) ;
#1961 = CARTESIAN_POINT ( 'NONE',  ( -0.3747900622021101968, 0.01142641757280822221, -0.3820645874688261556 ) ) ;
#1962 = LINE ( 'NONE', #2394, #365 ) ;
#1963 = DIRECTION ( 'NONE',  ( 0.000000000000000000, 0.000000000000000000, 1.000000000000000000 ) ) ;
#1964 = EDGE_CURVE ( 'NONE', #1732, #1023, #4217, .T. ) ;
#1965 = ORIENTED_EDGE ( 'NONE', *, *, #3649, .T. ) ;
#1966 = CARTESIAN_POINT ( 'NONE',  ( -0.4724409453096055089, 1.298877838524724382, 0.07711800099917381912 ) ) ;
#1967 = ORIENTED_EDGE ( 'NONE', *, *, #4618, .T. ) ;
#1968 = CARTESIAN_POINT ( 'NONE',  ( 0.7362204724410000845, 0.4251968503937008093, 0.5314960629921260393 ) ) ;
#1969 = DIRECTION ( 'NONE',  ( 1.000000000000000000, 0.000000000000000000, 0.000000000000000000 ) ) ;
#1970 = CARTESIAN_POINT ( 'NONE',  ( 0.3755337243859708241, 0.7865659403503628688, -0.3794017263212637325 ) ) ;
#1971 = CARTESIAN_POINT ( 'NONE',  ( 0.4520160375106292983, 0.9582868182098430720, 0.5784933573696845466 ) ) ;
#1972 = CARTESIAN_POINT ( 'NONE',  ( -0.5118113482740158648, 1.066174066587401104, 0.5768978903822830073 ) ) ;
#1973 = ORIENTED_EDGE ( 'NONE', *, *, #4595, .T. ) ;
#1974 = DIRECTION ( 'NONE',  ( 0.000000000000000000, 0.000000000000000000, 1.000000000000000000 ) ) ;
#1975 = ORIENTED_EDGE ( 'NONE', *, *, #190, .T. ) ;
#1976 = PLANE ( 'NONE',  #4184 ) ;
#1977 = AXIS2_PLACEMENT_3D ( 'NONE', #231, #3551, #1830 ) ;
#1978 = DIRECTION ( 'NONE',  ( -1.000000000000000000, 0.000000000000000000, 0.000000000000000000 ) ) ;
#1979 = CARTESIAN_POINT ( 'NONE',  ( 0.4530003145420435917, 0.9707352928229077138, 0.5732723556520544772 ) ) ;
#1980 = CARTESIAN_POINT ( 'NONE',  ( -0.4771542116614171380, 1.308332790401968371, 0.4238574443283462667 ) ) ;
#1981 = ADVANCED_FACE ( 'NONE', ( #2044 ), #3206, .F. ) ;
#1982 = ORIENTED_EDGE ( 'NONE', *, *, #4356, .T. ) ;
#1983 = EDGE_CURVE ( 'NONE', #2821, #5260, #5184, .T. ) ;
#1984 = CARTESIAN_POINT ( 'NONE',  ( 0.4678943998666857951, 0.9829178552618160758, 0.5005072367846025161 ) ) ;
#1985 = EDGE_CURVE ( 'NONE', #2373, #3845, #2842, .T. ) ;
#1986 = CARTESIAN_POINT ( 'NONE',  ( -0.4985328833219543898, 0.9812708937010812260, 0.5102526721904134810 ) ) ;
#1987 = ORIENTED_EDGE ( 'NONE', *, *, #2205, .T. ) ;
#1988 = ORIENTED_EDGE ( 'NONE', *, *, #4462, .T. ) ;
#1989 = DIRECTION ( 'NONE',  ( -1.000000000000000000, 0.000000000000000000, 0.000000000000000000 ) ) ;
#1990 = CARTESIAN_POINT ( 'NONE',  ( -0.3748313254822109308, 0.01102343694798277145, -0.3816540505696106589 ) ) ;
#1991 = CARTESIAN_POINT ( 'NONE',  ( -0.3090744190237795230, 0.6417322834645668994, -0.2952755905511810774 ) ) ;
#1992 = CYLINDRICAL_SURFACE ( 'NONE', #3699, 0.01968503937007875376 ) ;
#1993 = EDGE_CURVE ( 'NONE', #95, #2517, #758, .T. ) ;
#1994 = CARTESIAN_POINT ( 'NONE',  ( 0.3932645863397811747, 0.03140352785943563430, -0.3761967533404567132 ) ) ;
#1995 = VERTEX_POINT ( 'NONE', #419 ) ;
#1996 = AXIS2_PLACEMENT_3D ( 'NONE', #3539, #1476, #1872 ) ;
#1997 = CARTESIAN_POINT ( 'NONE',  ( -0.7362204724409449064, 0.8385826771653542844, 0.5905511811023621549 ) ) ;
#1998 = CARTESIAN_POINT ( 'NONE',  ( -0.5012530177988406832, 0.8858234019040353013, 0.5553584761720861129 ) ) ;
#1999 = CARTESIAN_POINT ( 'NONE',  ( -0.4291338582677165503, 0.000000000000000000, -0.3937007874015748254 ) ) ;
#2000 = CARTESIAN_POINT ( 'NONE',  ( 0.3885995675240552782, 0.8053771555429121154, -0.3600098851502755437 ) ) ;
#2001 = DIRECTION ( 'NONE',  ( 0.000000000000000000, -0.9659258262890754176, 0.2588190451024943162 ) ) ;
#2002 = ORIENTED_EDGE ( 'NONE', *, *, #944, .F. ) ;
#2003 = ORIENTED_EDGE ( 'NONE', *, *, #1136, .T. ) ;
#2004 = CARTESIAN_POINT ( 'NONE',  ( 0.4291338582677165503, 0.8801310389744094742, -0.03732954189540944878 ) ) ;
#2005 = VECTOR ( 'NONE', #3470, 39.37007874015748143 ) ;
#2006 = DIRECTION ( 'NONE',  ( 0.000000000000000000, 0.000000000000000000, 1.000000000000000000 ) ) ;
#2007 = CARTESIAN_POINT ( 'NONE',  ( -0.7362204724409449064, 0.8536100323623445618, -0.1687926626625177451 ) ) ;
#2008 = CARTESIAN_POINT ( 'NONE',  ( -0.4330708650759839684, 1.295900052709449746, 0.4177820694216533570 ) ) ;
#2009 = AXIS2_PLACEMENT_3D ( 'NONE', #1836, #292, #2316 ) ;
#2010 = ORIENTED_EDGE ( 'NONE', *, *, #3505, .F. ) ;
#2011 = CARTESIAN_POINT ( 'NONE',  ( 0.5118110175389761762, 1.257628185067323434, 0.4794393816244097439 ) ) ;
#2012 = ADVANCED_FACE ( 'NONE', ( #3662 ), #29, .F. ) ;
#2013 = AXIS2_PLACEMENT_3D ( 'NONE', #2099, #4501, #477 ) ;
#2014 = CARTESIAN_POINT ( 'NONE',  ( -0.5071716907273084995, 0.9794513163590211624, 0.5210524300170746859 ) ) ;
#2015 = EDGE_CURVE ( 'NONE', #1071, #4399, #1816, .T. ) ;
#2016 = VERTEX_POINT ( 'NONE', #146 ) ;
#2017 = EDGE_CURVE ( 'NONE', #1821, #5172, #1769, .T. ) ;
#2018 = LINE ( 'NONE', #3633, #975 ) ;
#2019 = DIRECTION ( 'NONE',  ( 1.000000000000000000, 0.000000000000000000, 0.000000000000000000 ) ) ;
#2020 = DIRECTION ( 'NONE',  ( -1.000000000000000000, 0.000000000000000000, 0.000000000000000000 ) ) ;
#2021 = PERSON_AND_ORGANIZATION ( #1294, #2341 ) ;
#2022 = DIRECTION ( 'NONE',  ( 0.000000000000000000, 0.9925530280878338552, 0.1218133261744041851 ) ) ;
#2023 = VERTEX_POINT ( 'NONE', #3429 ) ;
#2024 = EDGE_CURVE ( 'NONE', #843, #1892, #3374, .T. ) ;
#2025 = DIRECTION ( 'NONE',  ( 0.000000000000000000, -0.7392668519252687531, -0.6734125939158718266 ) ) ;
#2026 = LINE ( 'NONE', #4423, #4357 ) ;
#2027 = DIRECTION ( 'NONE',  ( 0.000000000000000000, -0.04082998721851906904, 0.9991661083842543478 ) ) ;
#2028 = CARTESIAN_POINT ( 'NONE',  ( 0.3939469758248032027, 0.7485875168000002411, -0.3892088097159847049 ) ) ;
#2029 = CARTESIAN_POINT ( 'NONE',  ( -0.4677277674137796937, 1.000062854785432886, 0.5847018004110233758 ) ) ;
#2030 = ORIENTED_EDGE ( 'NONE', *, *, #4782, .F. ) ;
#2031 = ORIENTED_EDGE ( 'NONE', *, *, #2478, .F. ) ;
#2032 = CYLINDRICAL_SURFACE ( 'NONE', #4378, 0.03937007874015752834 ) ;
#2033 = CARTESIAN_POINT ( 'NONE',  ( -0.3307086614173271322, 0.6417322834645668994, -0.1871043785833866047 ) ) ;
#2034 = CARTESIAN_POINT ( 'NONE',  ( -0.6889763779527560139, 0.7487262954153584005, 0.06750803851964075342 ) ) ;
#2035 = CARTESIAN_POINT ( 'NONE',  ( -0.4771542116614171380, 1.237734731663780563, 0.3893590349565750341 ) ) ;
#2036 = ORIENTED_EDGE ( 'NONE', *, *, #2087, .F. ) ;
#2037 = VECTOR ( 'NONE', #3394, 39.37007874015748143 ) ;
#2038 = CARTESIAN_POINT ( 'NONE',  ( 0.4928655825421255909, 1.149161531410630266, 0.5789518517015744825 ) ) ;
#2039 = VECTOR ( 'NONE', #3825, 39.37007874015748854 ) ;
#2040 = CYLINDRICAL_SURFACE ( 'NONE', #2207, 0.01968503937007878846 ) ;
#2041 = VECTOR ( 'NONE', #862, 39.37007874015748854 ) ;
#2042 = ORIENTED_EDGE ( 'NONE', *, *, #1048, .T. ) ;
#2043 = CARTESIAN_POINT ( 'NONE',  ( 0.6889763779528130794, 0.2480314960629697030, 0.5905511811023621549 ) ) ;
#2044 = FACE_OUTER_BOUND ( 'NONE', #42, .T. ) ;
#2045 = DIRECTION ( 'NONE',  ( 0.000000000000000000, 1.000000000000000000, 0.000000000000000000 ) ) ;
#2046 = ORIENTED_EDGE ( 'NONE', *, *, #642, .F. ) ;
#2047 = CARTESIAN_POINT ( 'NONE',  ( 0.3963396869275874757, 0.01968591791215078615, -0.3608212504014243760 ) ) ;
#2048 = VERTEX_POINT ( 'NONE', #591 ) ;
#2049 = DIRECTION ( 'NONE',  ( 0.000000000000000000, 0.000000000000000000, 1.000000000000000000 ) ) ;
#2050 = EDGE_CURVE ( 'NONE', #1853, #3576, #2944, .T. ) ;
#2051 = PLANE ( 'NONE',  #4179 ) ;
#2052 = DIRECTION ( 'NONE',  ( 1.000000000000000000, 0.000000000000000000, 0.000000000000000000 ) ) ;
#2053 = EDGE_CURVE ( 'NONE', #2023, #3650, #3813, .T. ) ;
#2054 = CARTESIAN_POINT ( 'NONE',  ( 0.4133858267716535861, 1.394815195778348338, -0.8242351536968740566 ) ) ;
#2055 = ORIENTED_EDGE ( 'NONE', *, *, #1067, .F. ) ;
#2056 = VERTEX_POINT ( 'NONE', #3035 ) ;
#2057 = CYLINDRICAL_SURFACE ( 'NONE', #2414, 0.01968503937007868437 ) ;
#2058 = CARTESIAN_POINT ( 'NONE',  ( 0.4094488188976377896, 0.7933460819673228137, -0.3937007874015748254 ) ) ;
#2059 = LINE ( 'NONE', #5258, #2860 ) ;
#2060 = CARTESIAN_POINT ( 'NONE',  ( -0.4520162664259838592, 1.278174072913780046, 0.2527202096193307268 ) ) ;
#2061 = ORIENTED_EDGE ( 'NONE', *, *, #4183, .T. ) ;
#2062 = CARTESIAN_POINT ( 'NONE',  ( 0.5118110175389761762, 1.237454235664960267, 0.4637461874141736162 ) ) ;
#2063 = VECTOR ( 'NONE', #157, 39.37007874015748143 ) ;
#2064 = CARTESIAN_POINT ( 'NONE',  ( 0.3543307086614173040, 1.400441375119293230, -0.9619155229622263770 ) ) ;
#2065 = ORIENTED_EDGE ( 'NONE', *, *, #1783, .F. ) ;
#2066 = CARTESIAN_POINT ( 'NONE',  ( -0.7362204724409449064, 0.4842519685039370358, 0.09842519685039370636 ) ) ;
#2067 = CARTESIAN_POINT ( 'NONE',  ( -0.4347161914910928071, 0.9743419586486634643, 0.5515976800132204039 ) ) ;
#2068 = CYLINDRICAL_SURFACE ( 'NONE', #4018, 0.1181102362204724532 ) ;
#2069 = CARTESIAN_POINT ( 'NONE',  ( 0.3198885982611452405, 0.6614159201704610247, -0.3425196850393701364 ) ) ;
#2070 = FACE_OUTER_BOUND ( 'NONE', #3536, .T. ) ;
#2071 = CARTESIAN_POINT ( 'NONE',  ( 0.3929286765811629834, 0.03937008885517874479, -0.3778763018623665371 ) ) ;
#2072 = FACE_OUTER_BOUND ( 'NONE', #1378, .T. ) ;
#2073 = LINE ( 'NONE', #4480, #1248 ) ;
#2074 = ADVANCED_FACE ( 'NONE', ( #4265 ), #1418, .T. ) ;
#2075 = FACE_OUTER_BOUND ( 'NONE', #3174, .T. ) ;
#2076 = ADVANCED_FACE ( 'NONE', ( #4237 ), #5043, .T. ) ;
#2077 = ORIENTED_EDGE ( 'NONE', *, *, #2772, .T. ) ;
#2078 = VECTOR ( 'NONE', #3350, 39.37007874015748854 ) ;
#2079 = VERTEX_POINT ( 'NONE', #220 ) ;
#2080 = EDGE_CURVE ( 'NONE', #3484, #2092, #1793, .T. ) ;
#2081 = FACE_OUTER_BOUND ( 'NONE', #458, .T. ) ;
#2082 = LINE ( 'NONE', #4104, #2886 ) ;
#2083 = DIRECTION ( 'NONE',  ( 1.000000000000000000, 0.000000000000000000, 0.000000000000000000 ) ) ;
#2084 = VECTOR ( 'NONE', #3753, 39.37007874015748854 ) ;
#2085 = CARTESIAN_POINT ( 'NONE',  ( -0.4520160375106292983, 0.9773282904925194581, 0.4964369026937011098 ) ) ;
#2086 = ORIENTED_EDGE ( 'NONE', *, *, #675, .T. ) ;
#2087 = EDGE_CURVE ( 'NONE', #4682, #904, #3984, .T. ) ;
#2088 = EDGE_CURVE ( 'NONE', #2464, #3078, #3008, .T. ) ;
#2089 = CARTESIAN_POINT ( 'NONE',  ( 0.4677276770062993583, 1.377457690688582037, 0.07559380387204725493 ) ) ;
#2090 = VECTOR ( 'NONE', #2154, 39.37007874015748854 ) ;
#2091 = LINE ( 'NONE', #4493, #2288 ) ;
#2092 = VERTEX_POINT ( 'NONE', #3454 ) ;
#2093 = DIRECTION ( 'NONE',  ( 0.1896781441320800343, 0.2541205277108529725, 0.9483907206603021667 ) ) ;
#2094 = VECTOR ( 'NONE', #2749, 39.37007874015748854 ) ;
#2095 = LINE ( 'NONE', #4340, #1894 ) ;
#2096 =( BOUNDED_SURFACE ( )  B_SPLINE_SURFACE ( 3, 3, ( 
 ( #727, #4376, #1075, #2718, #1556, #271, #3599, #1980, #2351, #3969, #2778, #5231, #4405, #5150 ),
 ( #3627, #3941, #3166, #329, #1158, #1950, #2811, #1584, #3570, #387, #3116, #785, #360, #4026 ),
 ( #4807, #4781, #756, #5176, #2413, #669, #3999, #2008, #3200, #4841, #1186, #5259, #1897, #2297 ),
 ( #3913, #3090, #4436, #4727, #2693, #3512, #1127, #301, #1501, #4756, #4348, #1100, #1530, #1927 ),
 ( #3540, #3141, #2744, #442, #3295, #1315, #2884, #813, #1215, #4132, #2903, #4539, #3679, #412 ),
 ( #2085, #2928, #1688, #489, #4944, #2109, #2483, #2530, #2505, #2060, #4563, #3276, #884, #911 ),
 ( #4964, #3727, #93, #4515, #1665, #1714, #4868, #2035, #4917, #3656, #1289, #71, #3321, #4154 ) ),
 .UNSPECIFIED., .F., .F., .T. ) 
 B_SPLINE_SURFACE_WITH_KNOTS ( ( 4, 3, 4 ),
 ( 4, 1, 1, 1, 1, 1, 1, 1, 1, 1, 1, 4 ),
 ( 0.000000000000000000, 1.000000000000000000, 2.000000000000000000 ),
 ( -0.009854795995226999297, 0.000000000000000000, 0.1111111111111000027, 0.2222222222222000054, 0.3333333333333000081, 0.4444444444444000109, 0.5555555555555999891, 0.6666666666667000474, 0.7777777777777999946, 0.8888888888888999418, 1.000000000000000000, 1.007861540024999947 ),
 .UNSPECIFIED. ) 
 GEOMETRIC_REPRESENTATION_ITEM ( )  RATIONAL_B_SPLINE_SURFACE ( (
 ( 1.202333763987999848, 1.202333763987999848, 1.202333763987999848, 1.202333763987999848, 1.202333763987999848, 1.202333763987999848, 1.202333763987999848, 1.202333763987999848, 1.202333763987999848, 1.202333763987999848, 1.202333763987999848, 1.202333763987999848, 1.202333763987999848, 1.202333763987999848),
 ( 0.9325554120039000194, 0.9325554120039000194, 0.9325554120039000194, 0.9325554120039000194, 0.9325554120039000194, 0.9325554120039000194, 0.9325554120039000194, 0.9325554120039000194, 0.9325554120039000194, 0.9325554120039000194, 0.9325554120039000194, 0.9325554120039000194, 0.9325554120039000194, 0.9325554120039000194),
 ( 0.9325554120039000194, 0.9325554120039000194, 0.9325554120039000194, 0.9325554120039000194, 0.9325554120039000194, 0.9325554120039000194, 0.9325554120039000194, 0.9325554120039000194, 0.9325554120039000194, 0.9325554120039000194, 0.9325554120039000194, 0.9325554120039000194, 0.9325554120039000194, 0.9325554120039000194),
 ( 1.202333763987999848, 1.202333763987999848, 1.202333763987999848, 1.202333763987999848, 1.202333763987999848, 1.202333763987999848, 1.202333763987999848, 1.202333763987999848, 1.202333763987999848, 1.202333763987999848, 1.202333763987999848, 1.202333763987999848, 1.202333763987999848, 1.202333763987999848),
 ( 0.9325554120039000194, 0.9325554120039000194, 0.9325554120039000194, 0.9325554120039000194, 0.9325554120039000194, 0.9325554120039000194, 0.9325554120039000194, 0.9325554120039000194, 0.9325554120039000194, 0.9325554120039000194, 0.9325554120039000194, 0.9325554120039000194, 0.9325554120039000194, 0.9325554120039000194),
 ( 0.9325554120039000194, 0.9325554120039000194, 0.9325554120039000194, 0.9325554120039000194, 0.9325554120039000194, 0.9325554120039000194, 0.9325554120039000194, 0.9325554120039000194, 0.9325554120039000194, 0.9325554120039000194, 0.9325554120039000194, 0.9325554120039000194, 0.9325554120039000194, 0.9325554120039000194),
 ( 1.202333763987999848, 1.202333763987999848, 1.202333763987999848, 1.202333763987999848, 1.202333763987999848, 1.202333763987999848, 1.202333763987999848, 1.202333763987999848, 1.202333763987999848, 1.202333763987999848, 1.202333763987999848, 1.202333763987999848, 1.202333763987999848, 1.202333763987999848) ) ) 
 REPRESENTATION_ITEM ( '' )  SURFACE ( )  );
#2097 = ORIENTED_EDGE ( 'NONE', *, *, #1849, .T. ) ;
#2098 = CARTESIAN_POINT ( 'NONE',  ( 0.4520162615448814480, 1.234997248441731310, 0.3880213378790550727 ) ) ;
#2099 = CARTESIAN_POINT ( 'NONE',  ( 0.4094488188976377896, 0.4192913385826771422, -0.2952755905511810774 ) ) ;
#2100 = DIRECTION ( 'NONE',  ( 1.000000000000000000, 0.000000000000000000, 0.000000000000000000 ) ) ;
#2101 = CARTESIAN_POINT ( 'NONE',  ( 0.4094488188976377896, 0.8801310389744745333, -0.03732954189542200818 ) ) ;
#2102 = DIRECTION ( 'NONE',  ( 0.000000000000000000, -1.000000000000000000, 0.000000000000000000 ) ) ;
#2103 = APPLICATION_CONTEXT ( 'configuration controlled 3d designs of mechanical parts and assemblies' ) ;
#2104 = CARTESIAN_POINT ( 'NONE',  ( -0.4677276770062993583, 1.377457690688582037, 0.07559380387204725493 ) ) ;
#2105 = EDGE_LOOP ( 'NONE', ( #5007, #510, #527, #3412 ) ) ;
#2106 = CARTESIAN_POINT ( 'NONE',  ( 0.3929290334566346576, 0.7566813204832086859, -0.3778745176654157989 ) ) ;
#2107 = FACE_OUTER_BOUND ( 'NONE', #1930, .T. ) ;
#2108 = CARTESIAN_POINT ( 'NONE',  ( -0.3665136476382678810, 0.01666999258784251925, -0.3857142995698422117 ) ) ;
#2109 = CARTESIAN_POINT ( 'NONE',  ( -0.4520162500279530371, 1.166620733137007315, 0.4740176163358261197 ) ) ;
#2110 = ORIENTED_EDGE ( 'NONE', *, *, #4027, .T. ) ;
#2111 = ORIENTED_EDGE ( 'NONE', *, *, #968, .F. ) ;
#2112 = CARTESIAN_POINT ( 'NONE',  ( 0.5118110254413388294, 1.300087133847638521, 0.3384909505971261945 ) ) ;
#2113 = CARTESIAN_POINT ( 'NONE',  ( 0.000000000000000000, 0.1102362204724409434, -0.1574803149606299191 ) ) ;
#2114 = CARTESIAN_POINT ( 'NONE',  ( -0.3662247849762202412, 0.7444754224637801787, -0.3921401688909845751 ) ) ;
#2115 = EDGE_CURVE ( 'NONE', #4401, #3776, #5093, .T. ) ;
#2116 = AXIS2_PLACEMENT_3D ( 'NONE', #3114, #4488, #2409 ) ;
#2117 = ORIENTED_EDGE ( 'NONE', *, *, #5178, .F. ) ;
#2118 = FACE_OUTER_BOUND ( 'NONE', #1429, .T. ) ;
#2119 = VECTOR ( 'NONE', #4628, 39.37007874015748854 ) ;
#2120 = VECTOR ( 'NONE', #2730, 39.37007874015748143 ) ;
#2121 = CARTESIAN_POINT ( 'NONE',  ( 0.3680092000602757096, 0.7800628459188977404, -0.3832180815860631307 ) ) ;
#2122 = ORIENTED_EDGE ( 'NONE', *, *, #5206, .T. ) ;
#2123 = EDGE_LOOP ( 'NONE', ( #1188, #3006, #1001, #2544, #4227, #1840, #3373, #3565, #1801, #4147, #923, #1988, #649, #1876 ) ) ;
#2124 = EDGE_LOOP ( 'NONE', ( #693, #1422, #4886, #4660 ) ) ;
#2125 = VECTOR ( 'NONE', #1627, 39.37007874015748143 ) ;
#2126 = DIRECTION ( 'NONE',  ( 0.000000000000000000, -0.04082998721851906904, 0.9991661083842543478 ) ) ;
#2127 = CYLINDRICAL_SURFACE ( 'NONE', #32, 0.007874015748031516770 ) ;
#2128 = CARTESIAN_POINT ( 'NONE',  ( -0.4918815752344974368, 0.9707352928238126566, 0.5732723556446784885 ) ) ;
#2129 = CARTESIAN_POINT ( 'NONE',  ( 0.4985597847271886485, 0.9812661747083857300, 0.5102765377096684096 ) ) ;
#2130 = ORIENTED_EDGE ( 'NONE', *, *, #3542, .T. ) ;
#2131 = DIRECTION ( 'NONE',  ( 0.000000000000000000, -0.04082998721851670981, 0.9991661083842545699 ) ) ;
#2132 = CARTESIAN_POINT ( 'NONE',  ( -0.3784928127951056043, 0.8031264610292114803, -0.3571999158295381949 ) ) ;
#2133 = CARTESIAN_POINT ( 'NONE',  ( 0.4330708661416708960, 0.9763779527559172111, 0.5393700787401055630 ) ) ;
#2134 = CARTESIAN_POINT ( 'NONE',  ( -0.4094488188976377896, 0.9127442351811162480, -0.1011948034493216492 ) ) ;
#2135 = CARTESIAN_POINT ( 'NONE',  ( 0.4365939438980314669, 0.8050743598202048101, -0.3499302585691038692 ) ) ;
#2136 = VERTEX_POINT ( 'NONE', #1272 ) ;
#2137 = VERTEX_POINT ( 'NONE', #2955 ) ;
#2138 = CARTESIAN_POINT ( 'NONE',  ( -0.4291338582677165503, 0.8587330688317381666, -0.07361607859304725165 ) ) ;
#2139 = PERSON_AND_ORGANIZATION_ROLE ( 'design_supplier' ) ;
#2140 = EDGE_CURVE ( 'NONE', #4516, #3823, #4590, .T. ) ;
#2141 = CARTESIAN_POINT ( 'NONE',  ( -0.4343977952755905814, 0.7559055118110236116, -0.3204708727953543557 ) ) ;
#2142 = EDGE_CURVE ( 'NONE', #2646, #3876, #5147, .T. ) ;
#2143 = ORIENTED_EDGE ( 'NONE', *, *, #3334, .T. ) ;
#2144 = EDGE_CURVE ( 'NONE', #3930, #751, #2662, .T. ) ;
#2145 = CARTESIAN_POINT ( 'NONE',  ( -0.4648493535498047780, 0.8858251497964381160, 0.5673738603886392395 ) ) ;
#2146 = FACE_OUTER_BOUND ( 'NONE', #3849, .T. ) ;
#2147 = ORIENTED_EDGE ( 'NONE', *, *, #1368, .F. ) ;
#2148 = ORIENTED_EDGE ( 'NONE', *, *, #3802, .T. ) ;
#2149 = VECTOR ( 'NONE', #715, 39.37007874015748143 ) ;
#2150 = DIRECTION ( 'NONE',  ( 0.000000000000000000, -4.956352788505170170E-16, 1.000000000000000000 ) ) ;
#2151 = PLANE ( 'NONE',  #2287 ) ;
#2152 = ADVANCED_FACE ( 'NONE', ( #4779 ), #2379, .T. ) ;
#2153 = DIRECTION ( 'NONE',  ( 1.000000000000000000, 0.000000000000000000, 0.000000000000000000 ) ) ;
#2154 = DIRECTION ( 'NONE',  ( -0.1896781441321705453, -0.2541205277090865522, -0.9483907206607573581 ) ) ;
#2155 = FACE_OUTER_BOUND ( 'NONE', #4109, .T. ) ;
#2156 = ORIENTED_EDGE ( 'NONE', *, *, #1281, .T. ) ;
#2157 = CYLINDRICAL_SURFACE ( 'NONE', #1824, 0.07874015748031495954 ) ;
#2158 = CARTESIAN_POINT ( 'NONE',  ( 0.3090744190237708633, 0.7007874015748031260, -0.2952755905511810774 ) ) ;
#2159 = CARTESIAN_POINT ( 'NONE',  ( -0.3730363441381887024, 0.0003336346900233071264, -0.3531008170703547333 ) ) ;
#2160 = DIRECTION ( 'NONE',  ( 0.000000000000000000, -9.239288078572181334E-16, 1.000000000000000000 ) ) ;
#2161 = FACE_OUTER_BOUND ( 'NONE', #4654, .T. ) ;
#2162 = EDGE_LOOP ( 'NONE', ( #1691, #1323, #278, #1851 ) ) ;
#2163 = VECTOR ( 'NONE', #151, 39.37007874015748143 ) ;
#2164 = DIRECTION ( 'NONE',  ( -1.000000000000000000, 0.000000000000000000, 0.000000000000000000 ) ) ;
#2165 = CARTESIAN_POINT ( 'NONE',  ( 0.4677276792287402007, 1.281155674468898997, 0.2532921267953152089 ) ) ;
#2166 = APPROVAL_ROLE ( '' ) ;
#2167 = CARTESIAN_POINT ( 'NONE',  ( -0.3966277337787404433, 0.7824426843877954063, -0.3758050119148031998 ) ) ;
#2168 = EDGE_LOOP ( 'NONE', ( #4485, #1452, #4457, #2645, #3243, #4431 ) ) ;
#2169 = CARTESIAN_POINT ( 'NONE',  ( -0.4508371131092974160, 0.8858267792095201321, 0.5614198744629348425 ) ) ;
#2170 = VECTOR ( 'NONE', #2453, 39.37007874015748143 ) ;
#2171 = EDGE_CURVE ( 'NONE', #4465, #3974, #2689, .T. ) ;
#2172 = CARTESIAN_POINT ( 'NONE',  ( 0.3856872890451575886, 0.7970546312165359693, -0.3745712775447639364 ) ) ;
#2173 = ADVANCED_FACE ( 'NONE', ( #3597 ), #2635, .T. ) ;
#2174 = VERTEX_POINT ( 'NONE', #2269 ) ;
#2175 = VERTEX_POINT ( 'NONE', #4725 ) ;
#2176 = VECTOR ( 'NONE', #754, 39.37007874015748143 ) ;
#2177 = CARTESIAN_POINT ( 'NONE',  ( -0.4724409448818898127, 0.9829178552618170750, 0.5005072367846181702 ) ) ;
#2178 = DIRECTION ( 'NONE',  ( 0.000000000000000000, 0.04082998721851817392, -0.9991661083842544588 ) ) ;
#2179 = CARTESIAN_POINT ( 'NONE',  ( 0.4724409448818898127, 0.9699109393618169372, 0.5782418661775322599 ) ) ;
#2180 = CARTESIAN_POINT ( 'NONE',  ( -0.5002092672484328428, 0.9717864644994038681, 0.5669254177648390680 ) ) ;
#2181 = VECTOR ( 'NONE', #1799, 39.37007874015748143 ) ;
#2182 = LINE ( 'NONE', #4577, #2963 ) ;
#2183 = EDGE_CURVE ( 'NONE', #1023, #4242, #4673, .T. ) ;
#2184 = VERTEX_POINT ( 'NONE', #3883 ) ;
#2185 = DIRECTION ( 'NONE',  ( 0.000000000000000000, 0.04656599240843117826, 0.9989152157971256107 ) ) ;
#2186 = CARTESIAN_POINT ( 'NONE',  ( -0.3775629153526378068, 0.000000000000000000, -0.3543307084023228359 ) ) ;
#2187 = CARTESIAN_POINT ( 'NONE',  ( -0.3963372442996064837, 0.02427391207680314189, -0.3579554092589373737 ) ) ;
#2188 = CARTESIAN_POINT ( 'NONE',  ( -0.7362204724409449064, 0.8782977321866692888, -0.07665691259611712161 ) ) ;
#2189 = CARTESIAN_POINT ( 'NONE',  ( 0.3743441602780842592, 0.01669575131920506689, -0.3865427725993826336 ) ) ;
#2190 = ORIENTED_EDGE ( 'NONE', *, *, #2760, .F. ) ;
#2191 = DIRECTION ( 'NONE',  ( -0.1961161351380519280, 0.000000000000000000, -0.9805806756909465349 ) ) ;
#2192 = CARTESIAN_POINT ( 'NONE',  ( 0.4928655825421255909, 1.121830449117716233, 0.4977705176448817825 ) ) ;
#2193 = APPROVAL_DATE_TIME ( #4038, #3427 ) ;
#2194 = CARTESIAN_POINT ( 'NONE',  ( -0.3809207388205907430, 0.7487125116594488539, -0.3984040301011811391 ) ) ;
#2195 = ORIENTED_EDGE ( 'NONE', *, *, #1438, .T. ) ;
#2196 = DIRECTION ( 'NONE',  ( 0.000000000000000000, 0.000000000000000000, -1.000000000000000000 ) ) ;
#2197 = CARTESIAN_POINT ( 'NONE',  ( 0.3932761679195274085, 0.7484135402374023638, -0.3732614208248424270 ) ) ;
#2198 = ORIENTED_EDGE ( 'NONE', *, *, #3537, .F. ) ;
#2199 = VERTEX_POINT ( 'NONE', #1924 ) ;
#2200 = CARTESIAN_POINT ( 'NONE',  ( -0.4446636672393141088, 0.9810045487823129129, 0.5118280832391786106 ) ) ;
#2201 = VECTOR ( 'NONE', #4460, 39.37007874015748854 ) ;
#2202 = FACE_OUTER_BOUND ( 'NONE', #2283, .T. ) ;
#2203 = CARTESIAN_POINT ( 'NONE',  ( 0.3543307086614173040, 1.355477947416533713, -0.8258426335086377357 ) ) ;
#2204 = CARTESIAN_POINT ( 'NONE',  ( -0.7362204724409449064, 0.7480314960629921295, -0.3204708727953543557 ) ) ;
#2205 = EDGE_CURVE ( 'NONE', #1507, #763, #1525, .T. ) ;
#2206 = CARTESIAN_POINT ( 'NONE',  ( 0.4917997518367838716, 0.9820833363317600373, 0.5054276435486790842 ) ) ;
#2207 = AXIS2_PLACEMENT_3D ( 'NONE', #917, #1694, #52 ) ;
#2208 = VERTEX_POINT ( 'NONE', #1895 ) ;
#2209 = ADVANCED_FACE ( 'NONE', ( #5174 ), #2742, .T. ) ;
#2210 = CARTESIAN_POINT ( 'NONE',  ( -0.3751118160616800368, 0.7825591864885397264, -0.3825572330353299022 ) ) ;
#2211 = CARTESIAN_POINT ( 'NONE',  ( -0.3933117203288973296, 0.03579962738585824866, -0.3730830291129528797 ) ) ;
#2212 = EDGE_CURVE ( 'NONE', #2987, #1016, #2082, .T. ) ;
#2213 = CARTESIAN_POINT ( 'NONE',  ( 0.4724409448818898127, 1.355477947416535489, -0.8258426335086613834 ) ) ;
#2214 = DIRECTION ( 'NONE',  ( 0.000000000000000000, 0.000000000000000000, -1.000000000000000000 ) ) ;
#2215 = ORIENTED_EDGE ( 'NONE', *, *, #1993, .T. ) ;
#2216 = CARTESIAN_POINT ( 'NONE',  ( -0.4444712207931250103, 0.9718195001828565660, 0.5667263924623887617 ) ) ;
#2217 = CARTESIAN_POINT ( 'NONE',  ( 0.4677276744527561481, 1.293481536862205239, 0.1701043305668898664 ) ) ;
#2218 = EDGE_CURVE ( 'NONE', #3218, #4165, #837, .T. ) ;
#2219 = CARTESIAN_POINT ( 'NONE',  ( -0.3990244454775591643, 0.7918143700944872965, -0.3638214534220471919 ) ) ;
#2220 = VERTEX_POINT ( 'NONE', #1609 ) ;
#2221 = CARTESIAN_POINT ( 'NONE',  ( -0.4592717737242680287, 0.8858251438941595612, 0.5656885074654840473 ) ) ;
#2222 = CARTESIAN_POINT ( 'NONE',  ( 0.3968656844769590797, 0.01968501698372271749, -0.3581912623963866560 ) ) ;
#2223 = ORIENTED_EDGE ( 'NONE', *, *, #1471, .F. ) ;
#2224 = VERTEX_POINT ( 'NONE', #5257 ) ;
#2225 = LINE ( 'NONE', #1056, #4675 ) ;
#2226 = CARTESIAN_POINT ( 'NONE',  ( 0.4291338582677165503, 0.7480314960629921295, 0.000000000000000000 ) ) ;
#2227 = DIRECTION ( 'NONE',  ( 0.000000000000000000, 1.000000000000000000, 0.000000000000000000 ) ) ;
#2228 = AXIS2_PLACEMENT_3D ( 'NONE', #5167, #1835, #1863 ) ;
#2229 = CARTESIAN_POINT ( 'NONE',  ( 0.4951343430026042269, 0.9817197169395907030, 0.5075850208925594131 ) ) ;
#2230 =( BOUNDED_CURVE ( )  B_SPLINE_CURVE ( 3, ( #4680, #1454, #3843, #4733 ),
 .UNSPECIFIED., .F., .T. ) 
 B_SPLINE_CURVE_WITH_KNOTS ( ( 4, 4 ),
 ( 0.000000000000000000, 1.000000000000000000 ),
 .UNSPECIFIED. ) 
 CURVE ( )  GEOMETRIC_REPRESENTATION_ITEM ( )  RATIONAL_B_SPLINE_CURVE ( ( 1.100297865305475131, 0.9491094639616378670, 0.9688464305053968717, 1.159508764936751923 ) ) 
 REPRESENTATION_ITEM ( '' )  );
#2231 = ORIENTED_EDGE ( 'NONE', *, *, #877, .F. ) ;
#2232 = CARTESIAN_POINT ( 'NONE',  ( -0.4133858267716535861, 1.355477947416535489, -0.8258426335086613834 ) ) ;
#2233 = EDGE_CURVE ( 'NONE', #1571, #2610, #1638, .T. ) ;
#2234 = LINE ( 'NONE', #4636, #3216 ) ;
#2235 = CARTESIAN_POINT ( 'NONE',  ( -0.3971190357577645824, 0.7838555344588387097, -0.3569245062521657630 ) ) ;
#2236 = ADVANCED_FACE ( 'NONE', ( #3198 ), #410, .T. ) ;
#2237 = DIRECTION ( 'NONE',  ( -1.000000000000000000, 0.000000000000000000, 0.000000000000000000 ) ) ;
#2238 = ORIENTED_EDGE ( 'NONE', *, *, #4918, .F. ) ;
#2239 = ADVANCED_FACE ( 'NONE', ( #2107 ), #2435, .T. ) ;
#2240 = ORIENTED_EDGE ( 'NONE', *, *, #4973, .F. ) ;
#2241 = EDGE_CURVE ( 'NONE', #2016, #763, #4079, .T. ) ;
#2242 = CARTESIAN_POINT ( 'NONE',  ( -0.7362204724409449064, 0.6417322834645668994, 0.000000000000000000 ) ) ;
#2243 = DIRECTION ( 'NONE',  ( 0.000000000000000000, -0.04082998721851906904, 0.9991661083842543478 ) ) ;
#2244 = DATE_AND_TIME ( #4267, #433 ) ;
#2245 = CARTESIAN_POINT ( 'NONE',  ( -0.6889763779527560139, 0.7796434537460865677, 0.09842519685038386701 ) ) ;
#2246 = ORIENTED_EDGE ( 'NONE', *, *, #98, .F. ) ;
#2247 = VECTOR ( 'NONE', #4320, 39.37007874015748143 ) ;
#2248 = EDGE_CURVE ( 'NONE', #2208, #2987, #2882, .T. ) ;
#2249 = CARTESIAN_POINT ( 'NONE',  ( -0.4291084833052385972, 0.8267129698996082965, -0.1969772685131649659 ) ) ;
#2250 = AXIS2_PLACEMENT_3D ( 'NONE', #2975, #4607, #4635 ) ;
#2251 = CARTESIAN_POINT ( 'NONE',  ( 0.3968656849973712375, 0.01453150811419137885, -0.3581912600524514989 ) ) ;
#2252 = ORIENTED_EDGE ( 'NONE', *, *, #1964, .F. ) ;
#2253 = ORIENTED_EDGE ( 'NONE', *, *, #4229, .T. ) ;
#2254 = ORIENTED_EDGE ( 'NONE', *, *, #2303, .T. ) ;
#2255 = VECTOR ( 'NONE', #984, 39.37007874015748143 ) ;
#2256 = FACE_OUTER_BOUND ( 'NONE', #3142, .T. ) ;
#2257 = CARTESIAN_POINT ( 'NONE',  ( -0.4724409448818102097, 1.371582753050021530, 0.1782862586359716672 ) ) ;
#2258 = CARTESIAN_POINT ( 'NONE',  ( 0.4291338582677165503, 0.000000000000000000, 0.000000000000000000 ) ) ;
#2259 = VECTOR ( 'NONE', #632, 39.37007874015748854 ) ;
#2260 = CARTESIAN_POINT ( 'NONE',  ( 0.5118110236221078413, 0.9763779527559172111, 0.5393700787401055630 ) ) ;
#2261 = ORIENTED_EDGE ( 'NONE', *, *, #2241, .F. ) ;
#2262 = CARTESIAN_POINT ( 'NONE',  ( 0.4094488188976377896, 0.8744707376381889441, -0.09093945069118110347 ) ) ;
#2263 = LINE ( 'NONE', #5088, #1696 ) ;
#2264 = DIRECTION ( 'NONE',  ( 0.000000000000000000, 1.000000000000000000, 0.000000000000000000 ) ) ;
#2265 = AXIS2_PLACEMENT_3D ( 'NONE', #1522, #352, #3136 ) ;
#2266 = CARTESIAN_POINT ( 'NONE',  ( 0.4330708559212594899, 1.338399040815355434, 0.07410607274744095141 ) ) ;
#2267 = CARTESIAN_POINT ( 'NONE',  ( -0.4928656245102357447, 1.203896250341731422, 0.4376416319559052748 ) ) ;
#2268 = ORIENTED_EDGE ( 'NONE', *, *, #2372, .T. ) ;
#2269 = CARTESIAN_POINT ( 'NONE',  ( -0.3307086614173271322, 0.7007874015748031260, -0.1871043785833866047 ) ) ;
#2270 = DIRECTION ( 'NONE',  ( 0.000000000000000000, 0.000000000000000000, -1.000000000000000000 ) ) ;
#2271 = CARTESIAN_POINT ( 'NONE',  ( -0.3939899327389764228, 0.7449999418275587981, -0.3889940171132286184 ) ) ;
#2272 = EDGE_LOOP ( 'NONE', ( #3173, #4208, #4202, #3605 ) ) ;
#2273 = PLANE ( 'NONE',  #2499 ) ;
#2274 = EDGE_CURVE ( 'NONE', #1374, #2357, #3248, .T. ) ;
#2275 = DIRECTION ( 'NONE',  ( 1.000000000000000000, 0.000000000000000000, 0.000000000000000000 ) ) ;
#2276 = ORIENTED_EDGE ( 'NONE', *, *, #2948, .F. ) ;
#2277 = ORIENTED_EDGE ( 'NONE', *, *, #2794, .T. ) ;
#2278 = CARTESIAN_POINT ( 'NONE',  ( 0.4724409448818519541, 1.293199673707464470, 0.1700748024215947007 ) ) ;
#2279 = CARTESIAN_POINT ( 'NONE',  ( -0.4028349592991960493, 0.7559055118110236116, -0.3283448885433858377 ) ) ;
#2280 = CARTESIAN_POINT ( 'NONE',  ( -0.4724409448819519852, 1.268822656596239939, 0.4881474938676165221 ) ) ;
#2281 = DIRECTION ( 'NONE',  ( 1.000000000000000000, 0.000000000000000000, 0.000000000000000000 ) ) ;
#2282 = CARTESIAN_POINT ( 'NONE',  ( 0.5118110236220398956, 0.9775405357463261558, 0.5324205421338823463 ) ) ;
#2283 = EDGE_LOOP ( 'NONE', ( #1659, #2804, #2424, #2974 ) ) ;
#2284 = CARTESIAN_POINT ( 'NONE',  ( -0.3818897637795276023, 0.000000000000000000, -0.3937007874015748254 ) ) ;
#2285 = CARTESIAN_POINT ( 'NONE',  ( 0.4209800479848227472, 0.8801310389744956275, -0.03732954189543252060 ) ) ;
#2286 = LINE ( 'NONE', #2734, #5154 ) ;
#2287 = AXIS2_PLACEMENT_3D ( 'NONE', #2495, #3798, #4195 ) ;
#2288 = VECTOR ( 'NONE', #2933, 39.37007874015748854 ) ;
#2289 = CARTESIAN_POINT ( 'NONE',  ( 0.4771542633602366967, 0.9589720244413396655, 0.5755405607980311755 ) ) ;
#2290 = CARTESIAN_POINT ( 'NONE',  ( -0.5118102786681097971, 1.009442979339763902, 0.5208071019338575969 ) ) ;
#2291 = ORIENTED_EDGE ( 'NONE', *, *, #1273, .F. ) ;
#2292 = VERTEX_POINT ( 'NONE', #860 ) ;
#2293 = VECTOR ( 'NONE', #3667, 39.37007874015748854 ) ;
#2294 = CARTESIAN_POINT ( 'NONE',  ( 0.3937614408952755385, 0.03069737515843700554, -0.3708344253653936828 ) ) ;
#2295 = CARTESIAN_POINT ( 'NONE',  ( -0.4724409448818898127, 0.8858267716535432879, 0.4885915128872433399 ) ) ;
#2296 =( BOUNDED_SURFACE ( )  B_SPLINE_SURFACE ( 3, 3, ( 
 ( #1367, #1766, #2979, #1342, #4207, #3371, #3005, #2609, #4639, #2659, #963, #1839, #3811, #167 ),
 ( #5091, #4235, #1813, #4698, #4291, #635, #2267, #119, #5145, #4721, #3909, #2801, #3562, #4428 ),
 ( #2370, #296, #2290, #2737, #3992, #3962, #3479, #350, #1549, #5116, #1868, #1069, #3532, #2684 ),
 ( #3881, #1920, #1151, #4316, #2769, #267, #1179, #4369, #3160, #692, #1891, #662, #3935, #5171 ),
 ( #3110, #5194, #4834, #1972, #3592, #4775, #1520, #5223, #3134, #1576, #4799, #3506, #1942, #1493 ),
 ( #4748, #1472, #2319, #779, #238, #1094, #4344, #748, #2713, #3085, #1121, #720, #3192, #2344 ),
 ( #321, #4398, #2029, #856, #833, #3646, #17, #406, #2851, #4074, #1232, #4098, #2104, #3671 ) ),
 .UNSPECIFIED., .F., .F., .T. ) 
 B_SPLINE_SURFACE_WITH_KNOTS ( ( 4, 3, 4 ),
 ( 4, 1, 1, 1, 1, 1, 1, 1, 1, 1, 1, 4 ),
 ( 0.000000000000000000, 1.000000000000000000, 2.000000000000000000 ),
 ( -0.009854795995226999297, 0.000000000000000000, 0.1111111111111000027, 0.2222222222222000054, 0.3333333333333000081, 0.4444444444444000109, 0.5555555555555999891, 0.6666666666667000474, 0.7777777777777999946, 0.8888888888888999418, 1.000000000000000000, 1.007861540024999947 ),
 .UNSPECIFIED. ) 
 GEOMETRIC_REPRESENTATION_ITEM ( )  RATIONAL_B_SPLINE_SURFACE ( (
 ( 1.202333763987999848, 1.202333763987999848, 1.202333763987999848, 1.202333763987999848, 1.202333763987999848, 1.202333763987999848, 1.202333763987999848, 1.202333763987999848, 1.202333763987999848, 1.202333763987999848, 1.202333763987999848, 1.202333763987999848, 1.202333763987999848, 1.202333763987999848),
 ( 0.9325554120039000194, 0.9325554120039000194, 0.9325554120039000194, 0.9325554120039000194, 0.9325554120039000194, 0.9325554120039000194, 0.9325554120039000194, 0.9325554120039000194, 0.9325554120039000194, 0.9325554120039000194, 0.9325554120039000194, 0.9325554120039000194, 0.9325554120039000194, 0.9325554120039000194),
 ( 0.9325554120039000194, 0.9325554120039000194, 0.9325554120039000194, 0.9325554120039000194, 0.9325554120039000194, 0.9325554120039000194, 0.9325554120039000194, 0.9325554120039000194, 0.9325554120039000194, 0.9325554120039000194, 0.9325554120039000194, 0.9325554120039000194, 0.9325554120039000194, 0.9325554120039000194),
 ( 1.202333763987999848, 1.202333763987999848, 1.202333763987999848, 1.202333763987999848, 1.202333763987999848, 1.202333763987999848, 1.202333763987999848, 1.202333763987999848, 1.202333763987999848, 1.202333763987999848, 1.202333763987999848, 1.202333763987999848, 1.202333763987999848, 1.202333763987999848),
 ( 0.9325554120039000194, 0.9325554120039000194, 0.9325554120039000194, 0.9325554120039000194, 0.9325554120039000194, 0.9325554120039000194, 0.9325554120039000194, 0.9325554120039000194, 0.9325554120039000194, 0.9325554120039000194, 0.9325554120039000194, 0.9325554120039000194, 0.9325554120039000194, 0.9325554120039000194),
 ( 0.9325554120039000194, 0.9325554120039000194, 0.9325554120039000194, 0.9325554120039000194, 0.9325554120039000194, 0.9325554120039000194, 0.9325554120039000194, 0.9325554120039000194, 0.9325554120039000194, 0.9325554120039000194, 0.9325554120039000194, 0.9325554120039000194, 0.9325554120039000194, 0.9325554120039000194),
 ( 1.202333763987999848, 1.202333763987999848, 1.202333763987999848, 1.202333763987999848, 1.202333763987999848, 1.202333763987999848, 1.202333763987999848, 1.202333763987999848, 1.202333763987999848, 1.202333763987999848, 1.202333763987999848, 1.202333763987999848, 1.202333763987999848, 1.202333763987999848) ) ) 
 REPRESENTATION_ITEM ( '' )  SURFACE ( )  );
#2297 = CARTESIAN_POINT ( 'NONE',  ( -0.4330708306708662136, 1.363787200060630811, 0.07271669524322832423 ) ) ;
#2298 = ORIENTED_EDGE ( 'NONE', *, *, #4285, .T. ) ;
#2299 = CARTESIAN_POINT ( 'NONE',  ( -0.4422853828609107363, 0.9806082489476954933, 0.5141773827618141279 ) ) ;
#2300 = DIRECTION ( 'NONE',  ( 0.000000000000000000, 0.9925530280878338552, 0.1218133261744041851 ) ) ;
#2301 = EDGE_CURVE ( 'NONE', #3865, #4983, #4937, .T. ) ;
#2302 = CARTESIAN_POINT ( 'NONE',  ( -0.3307086614173228023, 0.7007874015748031260, -0.1871043785833858275 ) ) ;
#2303 = EDGE_CURVE ( 'NONE', #467, #2023, #4941, .T. ) ;
#2304 = VERTEX_POINT ( 'NONE', #2806 ) ;
#2305 = ORIENTED_EDGE ( 'NONE', *, *, #1596, .T. ) ;
#2306 = ADVANCED_FACE ( 'NONE', ( #2481 ), #3652, .T. ) ;
#2307 = DIRECTION ( 'NONE',  ( 0.000000000000000000, 0.9991661083842543478, 0.04082998721851817392 ) ) ;
#2308 = CARTESIAN_POINT ( 'NONE',  ( -0.4028349592991962158, 0.7512930201761659488, -0.3283448885433856712 ) ) ;
#2309 = FACE_OUTER_BOUND ( 'NONE', #2431, .T. ) ;
#2310 = CARTESIAN_POINT ( 'NONE',  ( -0.7362204724409449064, 0.7007874015748031260, -0.2952755905511810774 ) ) ;
#2311 = PLANE ( 'NONE',  #1443 ) ;
#2312 = ORIENTED_EDGE ( 'NONE', *, *, #1826, .F. ) ;
#2313 = EDGE_CURVE ( 'NONE', #1577, #5210, #440, .T. ) ;
#2314 = DIRECTION ( 'NONE',  ( -0.9284766908852662981, -0.3713906763540866240, 0.000000000000000000 ) ) ;
#2315 = DIRECTION ( 'NONE',  ( -1.000000000000000000, 0.000000000000000000, 0.000000000000000000 ) ) ;
#2316 = DIRECTION ( 'NONE',  ( 1.000000000000000000, 0.000000000000000000, 0.000000000000000000 ) ) ;
#2317 = AXIS2_PLACEMENT_3D ( 'NONE', #1197, #3582, #4499 ) ;
#2318 = CARTESIAN_POINT ( 'NONE',  ( 0.4330709377220472445, 1.362322921841731205, 0.1105964084566534306 ) ) ;
#2319 = CARTESIAN_POINT ( 'NONE',  ( -0.4928652411933070465, 0.9996213901267715363, 0.5877089301220472795 ) ) ;
#2320 = CARTESIAN_POINT ( 'NONE',  ( 0.4771542504000000906, 1.064622918169290999, 0.5116899078366149434 ) ) ;
#2321 = ORIENTED_EDGE ( 'NONE', *, *, #4070, .T. ) ;
#2322 = AXIS2_PLACEMENT_3D ( 'NONE', #2805, #3623, #3272 ) ;
#2323 = CARTESIAN_POINT ( 'NONE',  ( 0.3816038213190947603, 0.01435293836141339832, -0.3920854407740945180 ) ) ;
#2324 = CARTESIAN_POINT ( 'NONE',  ( 0.3346456692913385988, 0.8365974589307086928, -0.1679995949899606433 ) ) ;
#2325 = ORIENTED_EDGE ( 'NONE', *, *, #1849, .F. ) ;
#2326 = DIRECTION ( 'NONE',  ( 0.000000000000000000, 1.000000000000000000, 0.000000000000000000 ) ) ;
#2327 = LINE ( 'NONE', #5155, #481 ) ;
#2328 = AXIS2_PLACEMENT_3D ( 'NONE', #4596, #3458, #547 ) ;
#2329 = VERTEX_POINT ( 'NONE', #2033 ) ;
#2330 = ORIENTED_EDGE ( 'NONE', *, *, #1211, .T. ) ;
#2331 = CARTESIAN_POINT ( 'NONE',  ( 0.4724409448818898127, 0.9829178552618170750, 0.5005072367846181702 ) ) ;
#2332 = CARTESIAN_POINT ( 'NONE',  ( 0.3153829587043390226, 0.6417321469234140707, -0.3228357269204442659 ) ) ;
#2333 = AXIS2_PLACEMENT_3D ( 'NONE', #89, #4960, #2131 ) ;
#2334 = CARTESIAN_POINT ( 'NONE',  ( 0.3681102362204724532, 0.6515748031496062520, 0.000000000000000000 ) ) ;
#2335 = APPLICATION_PROTOCOL_DEFINITION ( 'international standard', 'config_control_design', 1994, #2103 ) ;
#2336 = CARTESIAN_POINT ( 'NONE',  ( -0.4724409448818898127, 1.394815195778346339, -0.8242351536968504089 ) ) ;
#2337 = ORIENTED_EDGE ( 'NONE', *, *, #1136, .F. ) ;
#2338 = LINE ( 'NONE', #3850, #2834 ) ;
#2339 = CARTESIAN_POINT ( 'NONE',  ( -0.6889763779527560139, 0.8858267716535432879, 0.5905511811023621549 ) ) ;
#2340 = DIRECTION ( 'NONE',  ( 0.000000000000000000, 0.000000000000000000, -1.000000000000000000 ) ) ;
#2341 = ORGANIZATION ( 'UNSPECIFIED', 'UNSPECIFIED', '' ) ;
#2342 = CARTESIAN_POINT ( 'NONE',  ( 0.4330707325224404380, 0.9651180666570869926, 0.5628335248669286139 ) ) ;
#2343 = ADVANCED_FACE ( 'NONE', ( #21 ), #4130, .T. ) ;
#2344 = CARTESIAN_POINT ( 'NONE',  ( -0.4928656460677167117, 1.380574015918109687, 0.07333310066263780402 ) ) ;
#2345 = ORIENTED_EDGE ( 'NONE', *, *, #903, .T. ) ;
#2346 = CARTESIAN_POINT ( 'NONE',  ( 0.4771542153110233664, 1.293481536862205239, 0.1701043305668898664 ) ) ;
#2347 = ORIENTED_EDGE ( 'NONE', *, *, #1629, .T. ) ;
#2348 = AXIS2_PLACEMENT_3D ( 'NONE', #1751, #2893, #3359 ) ;
#2349 = CARTESIAN_POINT ( 'NONE',  ( 0.3896968839426379061, -0.003069874151542914716, -0.3516201276565356082 ) ) ;
#2350 = CARTESIAN_POINT ( 'NONE',  ( -0.3781758039440311081, 0.8033512134052953613, -0.3563611285379255644 ) ) ;
#2351 = CARTESIAN_POINT ( 'NONE',  ( -0.4771542117515745196, 1.337506282037008720, 0.3501583597500788070 ) ) ;
#2352 = ORIENTED_EDGE ( 'NONE', *, *, #905, .F. ) ;
#2353 = CARTESIAN_POINT ( 'NONE',  ( 0.4366942431452567330, 0.9791100331954525338, 0.5230791012960583908 ) ) ;
#2354 = CARTESIAN_POINT ( 'NONE',  ( -0.4916140287313683355, 0.9821085119087198390, 0.5053218986393698264 ) ) ;
#2355 = ORIENTED_EDGE ( 'NONE', *, *, #2762, .F. ) ;
#2356 = ORIENTED_EDGE ( 'NONE', *, *, #2504, .F. ) ;
#2357 = VERTEX_POINT ( 'NONE', #4024 ) ;
#2358 = CARTESIAN_POINT ( 'NONE',  ( 0.3090744190237795230, 0.6614157571639862621, -0.3425191631490480670 ) ) ;
#2359 = DIRECTION ( 'NONE',  ( 0.000000000000000000, 0.000000000000000000, -1.000000000000000000 ) ) ;
#2360 = LINE ( 'NONE', #4848, #3590 ) ;
#2361 = DIRECTION ( 'NONE',  ( 0.000000000000000000, 0.9989152157971256107, -0.04656599240843115745 ) ) ;
#2362 = ORIENTED_EDGE ( 'NONE', *, *, #3177, .F. ) ;
#2363 = CARTESIAN_POINT ( 'NONE',  ( -0.4724409448820023893, 1.237479024172303266, 0.3892340810714437493 ) ) ;
#2364 = EDGE_LOOP ( 'NONE', ( #1180, #4050, #1478, #3310 ) ) ;
#2365 = CARTESIAN_POINT ( 'NONE',  ( -0.7362204724409449064, 0.4251968503937008093, 0.1181102362204724532 ) ) ;
#2366 = DIRECTION ( 'NONE',  ( 0.000000000000000000, -1.000000000000000000, 0.000000000000000000 ) ) ;
#2367 = CARTESIAN_POINT ( 'NONE',  ( 0.4724409448818898127, 1.355477947416535489, -0.8258426335086613834 ) ) ;
#2368 = EDGE_CURVE ( 'NONE', #3078, #2056, #4434, .T. ) ;
#2369 = CARTESIAN_POINT ( 'NONE',  ( 0.4330707325224404380, 0.9762628627125994329, 0.5134339482393696086 ) ) ;
#2370 = CARTESIAN_POINT ( 'NONE',  ( -0.5118114565303150121, 0.9735311056114165362, 0.5128003185291339916 ) ) ;
#2371 = VECTOR ( 'NONE', #2191, 39.37007874015748143 ) ;
#2372 = EDGE_CURVE ( 'NONE', #3876, #2816, #809, .T. ) ;
#2373 = VERTEX_POINT ( 'NONE', #3274 ) ;
#2374 = PLANE ( 'NONE',  #4565 ) ;
#2375 = ORIENTED_EDGE ( 'NONE', *, *, #2411, .T. ) ;
#2376 = ADVANCED_FACE ( 'NONE', ( #4915 ), #4512, .F. ) ;
#2377 = CARTESIAN_POINT ( 'NONE',  ( 0.7362204724409449064, 0.8858267716535432879, 0.5905511811023621549 ) ) ;
#2378 = EDGE_CURVE ( 'NONE', #2357, #1821, #1734, .T. ) ;
#2379 = CYLINDRICAL_SURFACE ( 'NONE', #2706, 0.03937007874015744507 ) ;
#2380 = AXIS2_PLACEMENT_3D ( 'NONE', #4574, #2546, #925 ) ;
#2381 = CARTESIAN_POINT ( 'NONE',  ( 0.3582677165354331006, 0.6417322834645668994, 3.414809992080327174E-17 ) ) ;
#2382 = VECTOR ( 'NONE', #1819, 39.37007874015748143 ) ;
#2383 = CARTESIAN_POINT ( 'NONE',  ( 0.4291084833052590808, 0.8267129698996436016, -0.1969772685130326551 ) ) ;
#2384 = SECURITY_CLASSIFICATION ( '', '', #1795 ) ;
#2385 = EDGE_LOOP ( 'NONE', ( #2885, #5054, #2122, #2305 ) ) ;
#2386 = VECTOR ( 'NONE', #1838, 39.37007874015748143 ) ;
#2387 = EDGE_CURVE ( 'NONE', #1552, #3876, #1809, .T. ) ;
#2388 = CARTESIAN_POINT ( 'NONE',  ( -0.3090744190237795230, 0.7007874015748031260, -0.3425196850393700809 ) ) ;
#2389 = DIRECTION ( 'NONE',  ( 0.000000000000000000, -0.9991661083842034996, -0.04082998721976242168 ) ) ;
#2390 = ORIENTED_EDGE ( 'NONE', *, *, #3569, .T. ) ;
#2391 = ORIENTED_EDGE ( 'NONE', *, *, #493, .T. ) ;
#2392 = CARTESIAN_POINT ( 'NONE',  ( 0.4724409448817928903, 1.262396919946497942, 0.3267390222950878331 ) ) ;
#2393 = CARTESIAN_POINT ( 'NONE',  ( 0.3314256764178458714, 0.6417318721612591537, -0.3125892886940064286 ) ) ;
#2394 = CARTESIAN_POINT ( 'NONE',  ( 0.3929286766333129899, 0.4192913385826771422, -0.3778763018727964718 ) ) ;
#2395 = COORDINATED_UNIVERSAL_TIME_OFFSET ( 5, 0, .BEHIND. ) ;
#2396 = EDGE_LOOP ( 'NONE', ( #1715, #2967, #1392, #1403 ) ) ;
#2397 = DIRECTION ( 'NONE',  ( -1.000000000000000000, 0.000000000000000000, 0.000000000000000000 ) ) ;
#2398 = VERTEX_POINT ( 'NONE', #2976 ) ;
#2399 = DIRECTION ( 'NONE',  ( 0.000000000000000000, -0.7071067811865480168, 0.7071067811865470176 ) ) ;
#2400 = CARTESIAN_POINT ( 'NONE',  ( 0.5055618988626164878, 0.9728587267798359806, 0.5604976850743101924 ) ) ;
#2401 = CARTESIAN_POINT ( 'NONE',  ( 0.3753557979729055250, 0.7849639777593495626, -0.3807283706877612750 ) ) ;
#2402 = CARTESIAN_POINT ( 'NONE',  ( 0.3669188801433858615, 0.7695290003669286172, -0.3886696811705900312 ) ) ;
#2403 = CYLINDRICAL_SURFACE ( 'NONE', #850, 0.01968503937007879886 ) ;
#2404 = ORIENTED_EDGE ( 'NONE', *, *, #1208, .F. ) ;
#2405 = ORIENTED_EDGE ( 'NONE', *, *, #5018, .F. ) ;
#2406 = ADVANCED_FACE ( 'NONE', ( #1412 ), #4986, .F. ) ;
#2407 = CARTESIAN_POINT ( 'NONE',  ( 0.4352940110673228502, 0.8608608128452757136, -0.06567522982854330504 ) ) ;
#2408 = VECTOR ( 'NONE', #1804, 39.37007874015748143 ) ;
#2409 = DIRECTION ( 'NONE',  ( 0.000000000000000000, 0.000000000000000000, 1.000000000000000000 ) ) ;
#2410 = CARTESIAN_POINT ( 'NONE',  ( 0.4724409448818898127, 1.355477947416535489, -0.8258426335086613834 ) ) ;
#2411 = EDGE_CURVE ( 'NONE', #4165, #330, #4608, .T. ) ;
#2412 = EDGE_CURVE ( 'NONE', #3385, #3955, #186, .T. ) ;
#2413 = CARTESIAN_POINT ( 'NONE',  ( -0.4330709531212597052, 1.143711261025983861, 0.5627629494086615614 ) ) ;
#2414 = AXIS2_PLACEMENT_3D ( 'NONE', #2407, #3674, #4838 ) ;
#2415 = ORIENTED_EDGE ( 'NONE', *, *, #4463, .F. ) ;
#2416 = CARTESIAN_POINT ( 'NONE',  ( 0.4928656282188970672, 1.311070273624410421, 0.4251951414059049195 ) ) ;
#2417 = CARTESIAN_POINT ( 'NONE',  ( -0.5086413172077861589, 0.9789409363466986536, 0.5240843347720428591 ) ) ;
#2418 = EDGE_CURVE ( 'NONE', #1642, #1028, #3344, .T. ) ;
#2419 = ORIENTED_EDGE ( 'NONE', *, *, #2378, .F. ) ;
#2420 = CARTESIAN_POINT ( 'NONE',  ( -0.4291338582677165503, 0.01968503937007873988, 0.000000000000000000 ) ) ;
#2421 = DIRECTION ( 'NONE',  ( 0.000000000000000000, -0.3162277660168461013, -0.9486832980505111035 ) ) ;
#2422 = CARTESIAN_POINT ( 'NONE',  ( 0.3968656844769590797, 0.01968501698372271749, -0.3581912623963866560 ) ) ;
#2423 = CARTESIAN_POINT ( 'NONE',  ( -0.4724409448818898127, 0.1150320207155277746, 0.3939939752721323130 ) ) ;
#2424 = ORIENTED_EDGE ( 'NONE', *, *, #550, .F. ) ;
#2425 = VECTOR ( 'NONE', #175, 39.37007874015748143 ) ;
#2426 = CARTESIAN_POINT ( 'NONE',  ( 0.3794619779377795266, 0.8050743592077205246, -0.3499302584049058806 ) ) ;
#2427 = DIRECTION ( 'NONE',  ( -1.000000000000000000, 0.000000000000000000, 0.000000000000000000 ) ) ;
#2428 = CYLINDRICAL_SURFACE ( 'NONE', #1245, 0.1181102362204724532 ) ;
#2429 = CARTESIAN_POINT ( 'NONE',  ( 0.3990244468535434907, 0.7918143701248038235, -0.3638214545726772831 ) ) ;
#2430 = CARTESIAN_POINT ( 'NONE',  ( -0.3779527559055118058, 0.7007874015748031260, 0.05905511811023622659 ) ) ;
#2431 = EDGE_LOOP ( 'NONE', ( #1386, #2965, #645, #1618 ) ) ;
#2432 = ORIENTED_EDGE ( 'NONE', *, *, #2053, .F. ) ;
#2433 = CARTESIAN_POINT ( 'NONE',  ( 0.3929286766228248240, 0.7480314959791337648, -0.3778763018706979837 ) ) ;
#2434 = CIRCLE ( 'NONE', #985, 0.04330708661417324162 ) ;
#2435 = PLANE ( 'NONE',  #3726 ) ;
#2436 = CARTESIAN_POINT ( 'NONE',  ( -0.4291338582677165503, 0.000000000000000000, -0.1968503937007874127 ) ) ;
#2437 = DIRECTION ( 'NONE',  ( 0.000000000000000000, 1.000000000000000000, 0.000000000000000000 ) ) ;
#2438 = VECTOR ( 'NONE', #4858, 39.37007874015748143 ) ;
#2439 = ORIENTED_EDGE ( 'NONE', *, *, #1438, .F. ) ;
#2440 = CARTESIAN_POINT ( 'NONE',  ( 0.5118110590929142445, 1.338484191629133901, 0.07178757850921269057 ) ) ;
#2441 = VECTOR ( 'NONE', #4328, 39.37007874015748143 ) ;
#2442 = CARTESIAN_POINT ( 'NONE',  ( -0.3662552264423622472, 0.7573607549523616589, -0.3919879615601574718 ) ) ;
#2443 = ORIENTED_EDGE ( 'NONE', *, *, #2754, .T. ) ;
#2444 = DIRECTION ( 'NONE',  ( 1.000000000000000000, 0.000000000000000000, 0.000000000000000000 ) ) ;
#2445 = DIRECTION ( 'NONE',  ( 0.000000000000000000, 0.9991661083842545699, 0.04082998721851786167 ) ) ;
#2446 = ADVANCED_FACE ( 'NONE', ( #5010 ), #4174, .T. ) ;
#2447 = LINE ( 'NONE', #30, #612 ) ;
#2448 = CARTESIAN_POINT ( 'NONE',  ( -0.5118110236221078413, 0.9763779527559172111, 0.5393700787401055630 ) ) ;
#2449 = FACE_OUTER_BOUND ( 'NONE', #2617, .T. ) ;
#2450 = DIRECTION ( 'NONE',  ( 0.000000000000000000, -0.9991661083842544588, -0.04082998721851682083 ) ) ;
#2451 = LINE ( 'NONE', #3210, #3903 ) ;
#2452 = CARTESIAN_POINT ( 'NONE',  ( -0.8834645669291339987, 0.9078769110314960367, -0.1193599044736220471 ) ) ;
#2453 = DIRECTION ( 'NONE',  ( 0.000000000000000000, 0.000000000000000000, 1.000000000000000000 ) ) ;
#2454 = DIRECTION ( 'NONE',  ( 0.000000000000000000, 1.000000000000000000, 0.000000000000000000 ) ) ;
#2455 = EDGE_LOOP ( 'NONE', ( #582, #1834, #1171, #3746 ) ) ;
#2456 = ORIENTED_EDGE ( 'NONE', *, *, #5074, .F. ) ;
#2457 = CARTESIAN_POINT ( 'NONE',  ( -0.3631221728020079254, 0.7007874015748031260, -0.2860102613320472664 ) ) ;
#2458 = DIRECTION ( 'NONE',  ( 0.000000000000000000, 0.000000000000000000, 1.000000000000000000 ) ) ;
#2459 = CARTESIAN_POINT ( 'NONE',  ( -0.7362204724409449064, 0.8858267716535432879, 0.1377952755905511861 ) ) ;
#2460 = DIRECTION ( 'NONE',  ( 0.000000000000000000, 0.000000000000000000, 1.000000000000000000 ) ) ;
#2461 = ORIENTED_EDGE ( 'NONE', *, *, #2634, .F. ) ;
#2462 = VECTOR ( 'NONE', #4752, 39.37007874015748143 ) ;
#2463 = CARTESIAN_POINT ( 'NONE',  ( 0.4928656233377946561, 1.361031000890156939, 0.2686134466539371601 ) ) ;
#2464 = VERTEX_POINT ( 'NONE', #2158 ) ;
#2465 = EDGE_CURVE ( 'NONE', #5232, #216, #2234, .T. ) ;
#2466 = LINE ( 'NONE', #4035, #718 ) ;
#2467 = CARTESIAN_POINT ( 'NONE',  ( 0.7362204724409449064, 0.8385826771653542844, 0.5905511811023621549 ) ) ;
#2468 = DIRECTION ( 'NONE',  ( 0.000000000000000000, -0.7071067811865474617, -0.7071067811865474617 ) ) ;
#2469 = EDGE_CURVE ( 'NONE', #1646, #216, #1010, .T. ) ;
#2470 = EDGE_CURVE ( 'NONE', #2184, #2517, #606, .T. ) ;
#2471 = CARTESIAN_POINT ( 'NONE',  ( 0.4771542127574803782, 1.299340390942127055, 0.07261834162279535987 ) ) ;
#2472 = LINE ( 'NONE', #81, #828 ) ;
#2473 = CARTESIAN_POINT ( 'NONE',  ( 0.3818897637795276023, 0.7007874015748031260, -2.169649841009090725E-18 ) ) ;
#2474 = CARTESIAN_POINT ( 'NONE',  ( -0.5072209474582553002, 0.8858267716440038075, 0.5473510962701197968 ) ) ;
#2475 = CARTESIAN_POINT ( 'NONE',  ( 0.000000000000000000, 0.1102362204724409434, -0.1574803149606299191 ) ) ;
#2476 = CARTESIAN_POINT ( 'NONE',  ( -0.3543307086614173040, 1.400441375119293230, -0.9619155229622696757 ) ) ;
#2477 = ORIENTED_EDGE ( 'NONE', *, *, #4060, .T. ) ;
#2478 = EDGE_CURVE ( 'NONE', #3722, #3488, #3806, .T. ) ;
#2479 = ORIENTED_EDGE ( 'NONE', *, *, #1792, .F. ) ;
#2480 = CARTESIAN_POINT ( 'NONE',  ( 0.000000000000000000, 0.1102362204724409434, 0.000000000000000000 ) ) ;
#2481 = FACE_OUTER_BOUND ( 'NONE', #1053, .T. ) ;
#2482 = DIRECTION ( 'NONE',  ( -1.000000000000000000, 0.000000000000000000, 0.000000000000000000 ) ) ;
#2483 = CARTESIAN_POINT ( 'NONE',  ( -0.4520162652535429371, 1.203896250341731422, 0.4376416319559052748 ) ) ;
#2484 = ORIENTED_EDGE ( 'NONE', *, *, #2864, .F. ) ;
#2485 = EDGE_LOOP ( 'NONE', ( #2356, #3091, #4483, #3420 ) ) ;
#2486 = CARTESIAN_POINT ( 'NONE',  ( 0.5118110551724401880, 1.357596439362599883, 0.1768210444162204020 ) ) ;
#2487 = VECTOR ( 'NONE', #1939, 39.37007874015748854 ) ;
#2488 = FACE_OUTER_BOUND ( 'NONE', #101, .T. ) ;
#2489 = EDGE_LOOP ( 'NONE', ( #3578, #2921, #4392, #4413 ) ) ;
#2490 = DIRECTION ( 'NONE',  ( 0.000000000000000000, -1.000000000000000000, 0.000000000000000000 ) ) ;
#2491 = DIRECTION ( 'NONE',  ( 0.000000000000000000, -0.9659258262890819680, 0.2588190451024699468 ) ) ;
#2492 = CYLINDRICAL_SURFACE ( 'NONE', #731, 0.04724409448818896184 ) ;
#2493 = DIRECTION ( 'NONE',  ( 0.000000000000000000, -0.04082998721851906904, 0.9991661083842543478 ) ) ;
#2494 = PRODUCT_DEFINITION ( 'UNKNOWN', '', #4816, #460 ) ;
#2495 = CARTESIAN_POINT ( 'NONE',  ( 0.7362204724410000845, 0.7487262954153584005, 0.06750803851964075342 ) ) ;
#2496 = CARTESIAN_POINT ( 'NONE',  ( 0.4927164542305162986, 0.8858266475668378215, 0.5622615626346928464 ) ) ;
#2497 = FACE_OUTER_BOUND ( 'NONE', #4823, .T. ) ;
#2498 = CARTESIAN_POINT ( 'NONE',  ( -0.4724409448818898127, 1.389992756343090496, -0.7062234086121456089 ) ) ;
#2499 = AXIS2_PLACEMENT_3D ( 'NONE', #3543, #1051, #1453 ) ;
#2500 = ORIENTED_EDGE ( 'NONE', *, *, #4498, .F. ) ;
#2501 = CARTESIAN_POINT ( 'NONE',  ( 0.3971190354191772576, 0.7838555341795689912, -0.3569245079451516256 ) ) ;
#2502 = CARTESIAN_POINT ( 'NONE',  ( -0.3736259074268110103, 0.03343291338582677491, -0.3740157480314960647 ) ) ;
#2503 = CIRCLE ( 'NONE', #2333, 0.05905511811023628904 ) ;
#2504 = EDGE_CURVE ( 'NONE', #3955, #4278, #280, .T. ) ;
#2505 = CARTESIAN_POINT ( 'NONE',  ( -0.4520162611543306896, 1.259766084608660686, 0.3259187194880316940 ) ) ;
#2506 = ORIENTED_EDGE ( 'NONE', *, *, #3702, .F. ) ;
#2507 = CONICAL_SURFACE ( 'NONE', #3783, 0.04330708660853006126, 0.7854025041167550514 ) ;
#2508 = ORIENTED_EDGE ( 'NONE', *, *, #1993, .F. ) ;
#2509 = CARTESIAN_POINT ( 'NONE',  ( 0.4928656245102357447, 1.271012220987795427, 0.4898507428720469958 ) ) ;
#2510 = AXIS2_PLACEMENT_3D ( 'NONE', #1486, #3524, #5133 ) ;
#2511 = CARTESIAN_POINT ( 'NONE',  ( -0.7362204724409449064, 0.3661417322834645272, 0.000000000000000000 ) ) ;
#2512 = ORIENTED_EDGE ( 'NONE', *, *, #2727, .T. ) ;
#2513 = EDGE_CURVE ( 'NONE', #2784, #2199, #3754, .T. ) ;
#2514 = CARTESIAN_POINT ( 'NONE',  ( -0.3348625922559601564, 0.6417318838723786723, -0.3068668139702131481 ) ) ;
#2515 = VECTOR ( 'NONE', #2782, 39.37007874015748143 ) ;
#2516 = CARTESIAN_POINT ( 'NONE',  ( 0.3817037241333861020, 0.7706389974362212181, -0.3944891021035433210 ) ) ;
#2517 = VERTEX_POINT ( 'NONE', #1363 ) ;
#2518 = EDGE_LOOP ( 'NONE', ( #160, #2419, #1739, #2532 ) ) ;
#2519 = PLANE ( 'NONE',  #670 ) ;
#2520 = DIRECTION ( 'NONE',  ( -1.000000000000000000, 0.000000000000000000, 0.000000000000000000 ) ) ;
#2521 = DIRECTION ( 'NONE',  ( 0.000000000000000000, -1.000000000000000000, 0.000000000000000000 ) ) ;
#2522 = DIRECTION ( 'NONE',  ( -0.9805806756909164479, 0.000000000000000000, -0.1961161351382030849 ) ) ;
#2523 = VERTEX_POINT ( 'NONE', #2580 ) ;
#2524 = CARTESIAN_POINT ( 'NONE',  ( -0.3968656833551023611, 0.01968503937007626270, -0.3581912680181547626 ) ) ;
#2525 = EDGE_CURVE ( 'NONE', #1829, #3782, #1546, .T. ) ;
#2526 = CARTESIAN_POINT ( 'NONE',  ( -0.3752166466161046543, 0.7836249865005184834, -0.3817702288568293190 ) ) ;
#2527 = CARTESIAN_POINT ( 'NONE',  ( -0.3987647471443023783, 0.7860600719011772153, -0.3486959493177755887 ) ) ;
#2528 = ADVANCED_FACE ( 'NONE', ( #2656 ), #4772, .T. ) ;
#2529 = LINE ( 'NONE', #3756, #248 ) ;
#2530 = CARTESIAN_POINT ( 'NONE',  ( -0.4520162615448814480, 1.234997248441731310, 0.3880213378790550727 ) ) ;
#2531 = EDGE_CURVE ( 'NONE', #3782, #1023, #1810, .T. ) ;
#2532 = ORIENTED_EDGE ( 'NONE', *, *, #3808, .F. ) ;
#2533 = VERTEX_POINT ( 'NONE', #716 ) ;
#2534 = CARTESIAN_POINT ( 'NONE',  ( -0.4094488188976377896, 0.8782977321865197418, -0.07665691259667696544 ) ) ;
#2535 = CARTESIAN_POINT ( 'NONE',  ( 0.4291338582677165503, 0.03937006368211024010, -0.3937007874015748254 ) ) ;
#2536 = AXIS2_PLACEMENT_3D ( 'NONE', #2831, #3220, #384 ) ;
#2537 = ORIENTED_EDGE ( 'NONE', *, *, #2661, .T. ) ;
#2538 = EDGE_CURVE ( 'NONE', #1428, #2016, #2263, .T. ) ;
#2539 = CARTESIAN_POINT ( 'NONE',  ( -0.4724409448818898127, 0.8858267716535432879, 0.5679224455952306405 ) ) ;
#2540 = VECTOR ( 'NONE', #1406, 39.37007874015748143 ) ;
#2541 = AXIS2_PLACEMENT_3D ( 'NONE', #4645, #4215, #568 ) ;
#2542 = CARTESIAN_POINT ( 'NONE',  ( 0.3940159710669293158, 0.7559863298401573450, -0.3888638335055511486 ) ) ;
#2543 = ORIENTED_EDGE ( 'NONE', *, *, #2212, .T. ) ;
#2544 = ORIENTED_EDGE ( 'NONE', *, *, #3496, .T. ) ;
#2545 = VECTOR ( 'NONE', #3449, 39.37007874015748143 ) ;
#2546 = DIRECTION ( 'NONE',  ( 1.000000000000000000, 0.000000000000000000, 0.000000000000000000 ) ) ;
#2547 = CARTESIAN_POINT ( 'NONE',  ( -0.7362204724409449064, 0.8426180921244095234, -0.02727797808123228612 ) ) ;
#2548 = DIRECTION ( 'NONE',  ( 0.000000000000000000, 0.000000000000000000, -1.000000000000000000 ) ) ;
#2549 = CARTESIAN_POINT ( 'NONE',  ( 0.4285464744199950493, 0.8374080217812366334, -0.1997873129381998181 ) ) ;
#2550 = ORIENTED_EDGE ( 'NONE', *, *, #4257, .F. ) ;
#2551 = CARTESIAN_POINT ( 'NONE',  ( -0.3958234652337693227, 0.02019009981213642016, -0.3634023588705149743 ) ) ;
#2552 = DIRECTION ( 'NONE',  ( 0.000000000000000000, 1.000000000000000000, 0.000000000000000000 ) ) ;
#2553 = CARTESIAN_POINT ( 'NONE',  ( -0.3949769917830708854, 0.02124029867870474639, -0.3847839024208660197 ) ) ;
#2554 = FACE_OUTER_BOUND ( 'NONE', #3453, .T. ) ;
#2555 = DIRECTION ( 'NONE',  ( 0.000000000000000000, -1.000000000000000000, 3.300461595701484956E-14 ) ) ;
#2556 = EDGE_CURVE ( 'NONE', #48, #3383, #5141, .T. ) ;
#2557 = ORIENTED_EDGE ( 'NONE', *, *, #1529, .F. ) ;
#2558 = ORIENTED_EDGE ( 'NONE', *, *, #247, .F. ) ;
#2559 = EDGE_CURVE ( 'NONE', #1108, #1369, #1349, .T. ) ;
#2560 = CARTESIAN_POINT ( 'NONE',  ( 0.000000000000000000, 0.04724409448818897572, 0.000000000000000000 ) ) ;
#2561 = CARTESIAN_POINT ( 'NONE',  ( 0.4677276264035430398, 0.9766430842610235308, 0.4993896992653547584 ) ) ;
#2562 = EDGE_CURVE ( 'NONE', #2879, #2629, #4694, .T. ) ;
#2563 = DATE_TIME_ROLE ( 'classification_date' ) ;
#2564 = CARTESIAN_POINT ( 'NONE',  ( -0.3933056742224806945, 0.7459491865551184375, -0.3731138915032282677 ) ) ;
#2565 = EDGE_LOOP ( 'NONE', ( #978, #5137, #2840, #2537 ) ) ;
#2566 = CARTESIAN_POINT ( 'NONE',  ( -0.3090744191210224590, 0.6614163089772323589, -0.3425204392337456993 ) ) ;
#2567 = VECTOR ( 'NONE', #1935, 39.37007874015748143 ) ;
#2568 = EDGE_CURVE ( 'NONE', #3484, #1760, #2733, .T. ) ;
#2569 = CARTESIAN_POINT ( 'NONE',  ( 0.4001977757200787522, 0.7946313427685050002, -0.3579548102402755894 ) ) ;
#2570 = ORIENTED_EDGE ( 'NONE', *, *, #2378, .T. ) ;
#2571 = ORIENTED_EDGE ( 'NONE', *, *, #2762, .T. ) ;
#2572 = VECTOR ( 'NONE', #4312, 39.37007874015748143 ) ;
#2573 = DIRECTION ( 'NONE',  ( 1.000000000000000000, 0.000000000000000000, 0.000000000000000000 ) ) ;
#2574 = CARTESIAN_POINT ( 'NONE',  ( -0.4724409448818898127, 1.394815195778348338, -0.8242351536968997028 ) ) ;
#2575 = CARTESIAN_POINT ( 'NONE',  ( -0.4343977952755905814, 0.7559055118110236116, -0.3204708727953543557 ) ) ;
#2576 = DIRECTION ( 'NONE',  ( 0.000000000000000000, -1.000000000000000000, 0.000000000000000000 ) ) ;
#2577 = LINE ( 'NONE', #928, #3733 ) ;
#2578 = EDGE_LOOP ( 'NONE', ( #4924, #4138, #3236, #945 ) ) ;
#2579 = LINE ( 'NONE', #4203, #3265 ) ;
#2580 = CARTESIAN_POINT ( 'NONE',  ( -0.6889763779527560139, 0.7487262954153584005, 0.06750803851964075342 ) ) ;
#2581 = CARTESIAN_POINT ( 'NONE',  ( -0.3653440172567716249, 0.04408280441452754744, -0.3915624514773229925 ) ) ;
#2582 = CIRCLE ( 'NONE', #289, 0.05905511811023615720 ) ;
#2583 = CARTESIAN_POINT ( 'NONE',  ( 0.7362204724410000845, 0.2480314960629921295, 0.05905511811023622659 ) ) ;
#2584 = DIRECTION ( 'NONE',  ( 0.000000000000000000, -1.000000000000000000, 0.000000000000000000 ) ) ;
#2585 = EDGE_LOOP ( 'NONE', ( #4783, #2298, #3614, #2835, #174, #1636, #3304, #5118, #4420, #1209 ) ) ;
#2586 = AXIS2_PLACEMENT_3D ( 'NONE', #844, #2490, #4521 ) ;
#2587 = CARTESIAN_POINT ( 'NONE',  ( -0.4442620138452185730, 0.9718544520907927975, 0.5665160240096690503 ) ) ;
#2588 = CARTESIAN_POINT ( 'NONE',  ( 0.5118109520417321034, 1.311760500799212581, 0.1076126913154725334 ) ) ;
#2589 = CARTESIAN_POINT ( 'NONE',  ( 0.4724409448818898127, 0.9699109393618169372, 0.5782418661775322599 ) ) ;
#2590 = ORIENTED_EDGE ( 'NONE', *, *, #3888, .T. ) ;
#2591 = CARTESIAN_POINT ( 'NONE',  ( 0.4724409448818898127, 1.361104126757661348, -0.9635230027740235847 ) ) ;
#2592 = AXIS2_PLACEMENT_3D ( 'NONE', #259, #4309, #1963 ) ;
#2593 = FACE_OUTER_BOUND ( 'NONE', #539, .T. ) ;
#2594 = EDGE_CURVE ( 'NONE', #5080, #203, #4313, .T. ) ;
#2595 = ORIENTED_EDGE ( 'NONE', *, *, #1640, .T. ) ;
#2596 = ORIENTED_EDGE ( 'NONE', *, *, #1425, .T. ) ;
#2597 = CARTESIAN_POINT ( 'NONE',  ( -0.4625992950032726814, 0.9827645972676930519, 0.5013980290331463419 ) ) ;
#2598 = EDGE_CURVE ( 'NONE', #656, #2987, #3906, .T. ) ;
#2599 = LINE ( 'NONE', #107, #2710 ) ;
#2600 = CARTESIAN_POINT ( 'NONE',  ( -0.6889763779527560139, 6.496927098902835476E-18, 0.000000000000000000 ) ) ;
#2601 = DIRECTION ( 'NONE',  ( 0.000000000000000000, 1.000000000000000000, 0.000000000000000000 ) ) ;
#2602 = CARTESIAN_POINT ( 'NONE',  ( -0.7362204724409449064, 0.8858267716535432879, 0.1377952755905511861 ) ) ;
#2603 = ORIENTED_EDGE ( 'NONE', *, *, #1145, .F. ) ;
#2604 = EDGE_CURVE ( 'NONE', #4247, #2533, #3082, .T. ) ;
#2605 = CARTESIAN_POINT ( 'NONE',  ( -0.5905511811023621549, 1.355477947416535489, -0.8258426335086613834 ) ) ;
#2606 = CARTESIAN_POINT ( 'NONE',  ( -0.3747469843288958047, 0.7784306526459829900, -0.3853025528102429487 ) ) ;
#2607 = CARTESIAN_POINT ( 'NONE',  ( -0.3835615819904177881, 0.03937006007595592744, -0.3936971242717769437 ) ) ;
#2608 = PLANE ( 'NONE',  #5102 ) ;
#2609 = CARTESIAN_POINT ( 'NONE',  ( -0.4677276781023625984, 1.237734731663780563, 0.3893590349565750341 ) ) ;
#2610 = VERTEX_POINT ( 'NONE', #1440 ) ;
#2611 = CARTESIAN_POINT ( 'NONE',  ( -0.4444265184200745233, 0.9718269582880213475, 0.5666815020272369940 ) ) ;
#2612 = CARTESIAN_POINT ( 'NONE',  ( 0.4928655905311018492, 1.294988146364566717, 0.1066229451681495605 ) ) ;
#2613 = CARTESIAN_POINT ( 'NONE',  ( -0.3967938347677166799, 0.7782632230188983868, -0.3556730887763780435 ) ) ;
#2614 = VERTEX_POINT ( 'NONE', #3447 ) ;
#2615 = CARTESIAN_POINT ( 'NONE',  ( 0.4724409448818898127, 0.1102362204724409434, 0.4330708661417322913 ) ) ;
#2616 = CARTESIAN_POINT ( 'NONE',  ( -0.3582677165354402060, 0.6417322834645668994, -0.1898332628162622271 ) ) ;
#2617 = EDGE_LOOP ( 'NONE', ( #375, #569, #2439, #3061 ) ) ;
#2618 = ORIENTED_EDGE ( 'NONE', *, *, #1792, .T. ) ;
#2619 = EDGE_CURVE ( 'NONE', #4379, #2821, #4484, .T. ) ;
#2620 = VECTOR ( 'NONE', #4865, 39.37007874015748143 ) ;
#2621 = DIRECTION ( 'NONE',  ( 0.000000000000000000, -0.04082998721720280250, 0.9991661083843081936 ) ) ;
#2622 = EDGE_CURVE ( 'NONE', #1814, #2816, #3932, .T. ) ;
#2623 = VECTOR ( 'NONE', #3127, 39.37007874015748143 ) ;
#2624 = LINE ( 'NONE', #2674, #955 ) ;
#2625 = CARTESIAN_POINT ( 'NONE',  ( 0.7362204724410000845, 0.4251968503937008093, 0.1181102362204724532 ) ) ;
#2626 = ADVANCED_FACE ( 'NONE', ( #2765 ), #689, .T. ) ;
#2627 = CARTESIAN_POINT ( 'NONE',  ( 0.4724409448818898127, 0.9829178552618170750, 0.5005072367846181702 ) ) ;
#2628 = VECTOR ( 'NONE', #1341, 39.37007874015748143 ) ;
#2629 = VERTEX_POINT ( 'NONE', #4286 ) ;
#2630 = CARTESIAN_POINT ( 'NONE',  ( 0.4398791163513657843, 0.8858232786547044491, 0.5508910417927618264 ) ) ;
#2631 = DIRECTION ( 'NONE',  ( 0.000000000000000000, -1.000000000000000000, 0.000000000000000000 ) ) ;
#2632 = DIRECTION ( 'NONE',  ( 0.000000000000000000, -1.000000000000000000, 0.000000000000000000 ) ) ;
#2633 = DIRECTION ( 'NONE',  ( 0.000000000000000000, 0.000000000000000000, -1.000000000000000000 ) ) ;
#2634 = EDGE_CURVE ( 'NONE', #3660, #4382, #1064, .T. ) ;
#2635 =( BOUNDED_SURFACE ( )  B_SPLINE_SURFACE ( 3, 3, ( 
 ( #5228, #725, #1475, #1582, #4700, #269, #3139, #696 ),
 ( #3538, #4403, #5199, #2323, #3938, #1499, #3481, #2349 ),
 ( #3165, #3087, #299, #2716, #4804, #1125, #4373, #327 ),
 ( #1871, #1156, #1046, #2294, #4294, #639, #753, #1097 ) ),
 .UNSPECIFIED., .F., .F., .T. ) 
 B_SPLINE_SURFACE_WITH_KNOTS ( ( 4, 4 ),
 ( 4, 1, 1, 1, 1, 4 ),
 ( 0.000000000000000000, 1.000000000000000000 ),
 ( 0.01414452916113000114, 0.1984428551660000206, 0.3973668921005999999, 0.5974339209728999345, 0.7984650751017999815, 0.9770012798413999500 ),
 .UNSPECIFIED. ) 
 GEOMETRIC_REPRESENTATION_ITEM ( )  RATIONAL_B_SPLINE_SURFACE ( (
 ( 1.316895729085000077, 1.316895729085000077, 1.316895729085000077, 1.316895729085000077, 1.316895729085000077, 1.316895729085000077, 1.316895729085000077, 1.316895729085000077),
 ( 0.8943680903048999431, 0.8943680903048999431, 0.8943680903048999431, 0.8943680903048999431, 0.8943680903048999431, 0.8943680903048999431, 0.8943680903048999431, 0.8943680903048999431),
 ( 0.8943680903048999431, 0.8943680903048999431, 0.8943680903048999431, 0.8943680903048999431, 0.8943680903048999431, 0.8943680903048999431, 0.8943680903048999431, 0.8943680903048999431),
 ( 1.316895729085000077, 1.316895729085000077, 1.316895729085000077, 1.316895729085000077, 1.316895729085000077, 1.316895729085000077, 1.316895729085000077, 1.316895729085000077) ) ) 
 REPRESENTATION_ITEM ( '' )  SURFACE ( )  );
#2636 = CARTESIAN_POINT ( 'NONE',  ( 0.3737226397201248718, 0.02948498671827926021, -0.3927847330674248405 ) ) ;
#2637 = EDGE_LOOP ( 'NONE', ( #2866, #3672, #2669, #4311 ) ) ;
#2638 = CARTESIAN_POINT ( 'NONE',  ( -0.4624976388984827769, 0.9700643409172881038, 0.5773247739777711551 ) ) ;
#2639 = LINE ( 'NONE', #3734, #3423 ) ;
#2640 = DATE_AND_TIME ( #2984, #1619 ) ;
#2641 = CARTESIAN_POINT ( 'NONE',  ( -0.3755330849285430928, 0.8055464229590550973, -0.3455986691292911028 ) ) ;
#2642 = EDGE_LOOP ( 'NONE', ( #1201, #2484, #1235, #2277 ) ) ;
#2643 = DIRECTION ( 'NONE',  ( 0.000000000000000000, 0.04082998721720280250, -0.9991661083843081936 ) ) ;
#2644 = CARTESIAN_POINT ( 'NONE',  ( 0.5905511811023621549, 1.361104126757873845, -0.9635230027740157022 ) ) ;
#2645 = ORIENTED_EDGE ( 'NONE', *, *, #1494, .T. ) ;
#2646 = VERTEX_POINT ( 'NONE', #3878 ) ;
#2647 = ORIENTED_EDGE ( 'NONE', *, *, #2024, .F. ) ;
#2648 = VECTOR ( 'NONE', #5244, 39.37007874015748143 ) ;
#2649 = CARTESIAN_POINT ( 'NONE',  ( 0.4724409448818898127, 1.355477947416535489, -0.8258426335086613834 ) ) ;
#2650 = CARTESIAN_POINT ( 'NONE',  ( 0.7125984251968504601, 0.3070866141732283561, 0.5314960629921260393 ) ) ;
#2651 = PLANE ( 'NONE',  #218 ) ;
#2652 = VECTOR ( 'NONE', #3284, 39.37007874015748854 ) ;
#2653 = DIRECTION ( 'NONE',  ( -0.000000000000000000, 0.9991661083842544588, 0.04082998721851817392 ) ) ;
#2654 = ORIENTED_EDGE ( 'NONE', *, *, #4821, .F. ) ;
#2655 = DIRECTION ( 'NONE',  ( -0.1896781441320999906, 0.2541205277100999638, 0.9483907206605000084 ) ) ;
#2656 = FACE_OUTER_BOUND ( 'NONE', #3631, .T. ) ;
#2657 = CARTESIAN_POINT ( 'NONE',  ( 0.7362204724410000845, 0.7007874015748031260, 0.05905511811023622659 ) ) ;
#2658 = CARTESIAN_POINT ( 'NONE',  ( 0.4330708744842523550, 1.294697116380315816, 0.2558895842601966453 ) ) ;
#2659 = CARTESIAN_POINT ( 'NONE',  ( -0.4677276792287402007, 1.281155674468898997, 0.2532921267953152089 ) ) ;
#2660 = ORIENTED_EDGE ( 'NONE', *, *, #2859, .F. ) ;
#2661 = EDGE_CURVE ( 'NONE', #4363, #895, #4013, .T. ) ;
#2662 = LINE ( 'NONE', #3509, #1778 ) ;
#2663 = PLANE ( 'NONE',  #4468 ) ;
#2664 = CARTESIAN_POINT ( 'NONE',  ( -0.5905511811023621549, 1.394815195778348338, -0.8242351536968740566 ) ) ;
#2665 = VERTEX_POINT ( 'NONE', #2680 ) ;
#2666 = CIRCLE ( 'NONE', #5230, 0.03937007873997365459 ) ;
#2667 = DIRECTION ( 'NONE',  ( 0.000000000000000000, 0.2588190450890326400, 0.9659258262926824212 ) ) ;
#2668 = CARTESIAN_POINT ( 'NONE',  ( -0.7362204724409449064, 0.4251968503937008093, 0.5314960629921260393 ) ) ;
#2669 = ORIENTED_EDGE ( 'NONE', *, *, #1063, .F. ) ;
#2670 = ORIENTED_EDGE ( 'NONE', *, *, #1463, .T. ) ;
#2671 = ORIENTED_EDGE ( 'NONE', *, *, #5202, .T. ) ;
#2672 = AXIS2_PLACEMENT_3D ( 'NONE', #2475, #1547, #3644 ) ;
#2673 = CARTESIAN_POINT ( 'NONE',  ( -0.4724409448818898127, 0.1102362204724409434, 0.4330708661417322913 ) ) ;
#2674 = CARTESIAN_POINT ( 'NONE',  ( -0.6889763779527560139, 6.496927098902835476E-18, 0.000000000000000000 ) ) ;
#2675 = DIRECTION ( 'NONE',  ( 0.000000000000000000, 0.04082998721851817392, -0.9991661083842543478 ) ) ;
#2676 = AXIS2_PLACEMENT_3D ( 'NONE', #463, #4942, #1184 ) ;
#2677 = LINE ( 'NONE', #1911, #2120 ) ;
#2678 = ORIENTED_EDGE ( 'NONE', *, *, #1048, .F. ) ;
#2679 = LINE ( 'NONE', #2232, #2572 ) ;
#2680 = CARTESIAN_POINT ( 'NONE',  ( -0.4724409448818898127, 1.353066727698905458, -0.7668367609662835038 ) ) ;
#2681 = DIRECTION ( 'NONE',  ( 0.000000000000000000, 0.9991661083842545699, 0.04082998721851829188 ) ) ;
#2682 = VECTOR ( 'NONE', #3716, 39.37007874015748854 ) ;
#2683 = CARTESIAN_POINT ( 'NONE',  ( 0.4330705414897635386, 1.065564270036221561, 0.5512629463688986098 ) ) ;
#2684 = CARTESIAN_POINT ( 'NONE',  ( -0.5118110590929131343, 1.313181183197242863, 0.07085846177515758848 ) ) ;
#2685 = ORIENTED_EDGE ( 'NONE', *, *, #2859, .T. ) ;
#2686 = VERTEX_POINT ( 'NONE', #659 ) ;
#2687 = EDGE_CURVE ( 'NONE', #1108, #1846, #3711, .T. ) ;
#2688 = EDGE_CURVE ( 'NONE', #835, #2960, #4934, .T. ) ;
#2689 = LINE ( 'NONE', #240, #2462 ) ;
#2690 = LINE ( 'NONE', #1099, #2247 ) ;
#2691 = EDGE_CURVE ( 'NONE', #1351, #705, #1282, .T. ) ;
#2692 = EDGE_CURVE ( 'NONE', #792, #407, #4504, .T. ) ;
#2693 = CARTESIAN_POINT ( 'NONE',  ( -0.4330709531212599273, 1.135495990264173027, 0.5383611846732277995 ) ) ;
#2694 = ORIENTED_EDGE ( 'NONE', *, *, #136, .F. ) ;
#2695 = CARTESIAN_POINT ( 'NONE',  ( 0.4028349592991960493, 0.7559055118110236116, -0.3283448885433858377 ) ) ;
#2696 = CARTESIAN_POINT ( 'NONE',  ( 0.4368589656346284489, 0.9791685198139762347, 0.5227316181859538169 ) ) ;
#2697 = LINE ( 'NONE', #201, #2936 ) ;
#2698 = EDGE_CURVE ( 'NONE', #5173, #3650, #2026, .T. ) ;
#2699 = EDGE_LOOP ( 'NONE', ( #2061, #949, #4141, #4470 ) ) ;
#2700 = ORIENTED_EDGE ( 'NONE', *, *, #4790, .T. ) ;
#2701 = DIRECTION ( 'NONE',  ( 0.000000000000000000, -1.000000000000000000, 0.000000000000000000 ) ) ;
#2702 = CARTESIAN_POINT ( 'NONE',  ( -0.4034872641218314460, 0.7480314960629900201, -0.3250833644302107972 ) ) ;
#2703 = LINE ( 'NONE', #5083, #451 ) ;
#2704 = FACE_OUTER_BOUND ( 'NONE', #1957, .T. ) ;
#2705 = CARTESIAN_POINT ( 'NONE',  ( 0.3346456692913385988, 0.9078769110313701374, -0.1193599044735881853 ) ) ;
#2706 = AXIS2_PLACEMENT_3D ( 'NONE', #2776, #3966, #1554 ) ;
#2707 = EDGE_LOOP ( 'NONE', ( #3812, #1953, #4167, #177 ) ) ;
#2708 = PLANE ( 'NONE',  #1474 ) ;
#2709 = CARTESIAN_POINT ( 'NONE',  ( 0.6889763779527560139, 0.000000000000000000, 0.5905511811023621549 ) ) ;
#2710 = VECTOR ( 'NONE', #3337, 39.37007874015748143 ) ;
#2711 = AXIS2_PLACEMENT_3D ( 'NONE', #1435, #2522, #3774 ) ;
#2712 = CARTESIAN_POINT ( 'NONE',  ( 0.4330709377220469114, 1.337041711320471782, 0.1091045498860629820 ) ) ;
#2713 = CARTESIAN_POINT ( 'NONE',  ( -0.4928656286094487693, 1.340408183086221117, 0.3510631817062204174 ) ) ;
#2714 = ORIENTED_EDGE ( 'NONE', *, *, #4002, .T. ) ;
#2715 = ORIENTED_EDGE ( 'NONE', *, *, #2894, .T. ) ;
#2716 = CARTESIAN_POINT ( 'NONE',  ( 0.3949771981220474570, 0.02123870354510628763, -0.3847828739229527950 ) ) ;
#2717 = CARTESIAN_POINT ( 'NONE',  ( -0.4415086977634264942, 0.8858267716535428438, 0.4885915128872433955 ) ) ;
#2718 = CARTESIAN_POINT ( 'NONE',  ( -0.4771542504000000906, 1.066505621903150347, 0.5908359849011820542 ) ) ;
#2719 = ORIENTED_EDGE ( 'NONE', *, *, #5134, .T. ) ;
#2720 = ADVANCED_FACE ( 'NONE', ( #831 ), #2849, .F. ) ;
#2721 = CARTESIAN_POINT ( 'NONE',  ( 0.4395235707934990743, 0.9799637453661068642, 0.5180115560008917708 ) ) ;
#2722 = FACE_OUTER_BOUND ( 'NONE', #4758, .T. ) ;
#2723 = EDGE_LOOP ( 'NONE', ( #1965, #806, #820, #3869 ) ) ;
#2724 = EDGE_LOOP ( 'NONE', ( #1874, #5157, #5067, #599 ) ) ;
#2725 = LINE ( 'NONE', #5242, #5061 ) ;
#2726 = DIRECTION ( 'NONE',  ( 1.000000000000000000, 0.000000000000000000, 0.000000000000000000 ) ) ;
#2727 = EDGE_CURVE ( 'NONE', #4134, #4043, #455, .T. ) ;
#2728 = CARTESIAN_POINT ( 'NONE',  ( -0.4724409447456472955, 1.377552335247686832, 0.08033296062270629811 ) ) ;
#2729 = CARTESIAN_POINT ( 'NONE',  ( 0.3346456692913385988, 0.9127442351811063670, -0.1011948034493580645 ) ) ;
#2730 = DIRECTION ( 'NONE',  ( 0.000000000000000000, 0.7071067811863600561, 0.7071067811867349784 ) ) ;
#2731 = ORIENTED_EDGE ( 'NONE', *, *, #3014, .T. ) ;
#2732 = CARTESIAN_POINT ( 'NONE',  ( 0.4436288719622006882, 0.8858234019039414875, 0.5553584761691199301 ) ) ;
#2733 = LINE ( 'NONE', #2339, #2830 ) ;
#2734 = CARTESIAN_POINT ( 'NONE',  ( -0.3346456692913385988, 0.8536100323622047847, -0.1687926626624803028 ) ) ;
#2735 = VECTOR ( 'NONE', #3826, 39.37007874015748854 ) ;
#2736 = CARTESIAN_POINT ( 'NONE',  ( 0.4330704332334645024, 0.9735311056114165362, 0.5128003185291339916 ) ) ;
#2737 = CARTESIAN_POINT ( 'NONE',  ( -0.5118113482740158648, 1.064954473485432818, 0.5256280023555112146 ) ) ;
#2738 = EDGE_LOOP ( 'NONE', ( #4999, #2828, #2770, #3044 ) ) ;
#2739 = ADVANCED_FACE ( 'NONE', ( #2072 ), #2051, .T. ) ;
#2740 = PLANE ( 'NONE',  #5246 ) ;
#2741 = ORIENTED_EDGE ( 'NONE', *, *, #4262, .F. ) ;
#2742 = PLANE ( 'NONE',  #2116 ) ;
#2743 = DIRECTION ( 'NONE',  ( 0.000000000000000000, 0.000000000000000000, -1.000000000000000000 ) ) ;
#2744 = CARTESIAN_POINT ( 'NONE',  ( -0.4330716110956688292, 1.009442979339763902, 0.5208071019338575969 ) ) ;
#2745 = ORIENTED_EDGE ( 'NONE', *, *, #1606, .F. ) ;
#2746 = B_SPLINE_CURVE_WITH_KNOTS ( 'NONE', 3,
 ( #348, #3157, #4096, #3989, #746, #4073, #4797, #1970, #2876, #2401, #1148, #36, #1204, #4017, #3589 ),
 .UNSPECIFIED., .F., .F.,
 ( 4, 2, 2, 2, 1, 2, 2, 4 ),
 ( 0.000000000000000000, 0.2500000000000157097, 0.3750000000000221489, 0.4375000000000264233, 0.4687500000000286993, 0.4843750000000299205, 0.5000000000000311973, 1.000000000000000000 ),
 .UNSPECIFIED. ) ;
#2747 = B_SPLINE_CURVE_WITH_KNOTS ( 'NONE', 3,
 ( #2627, #1385, #4253, #603, #2206, #2229, #902, #507, #2129, #112, #4981, #628, #313, #3526, #655, #4714, #2282, #2260 ),
 .UNSPECIFIED., .F., .F.,
 ( 4, 2, 2, 2, 1, 1, 2, 2, 2, 4 ),
 ( 0.000000000000000000, 0.2499999999999984457, 0.3749999999999958922, 0.4374999999999932832, 0.4687499999999910072, 0.4843749999999886757, 0.4921874999999878986, 0.4999999999999871214, 0.7499999999999935607, 1.000000000000000000 ),
 .UNSPECIFIED. ) ;
#2748 = CARTESIAN_POINT ( 'NONE',  ( 0.4471363460677427182, 0.9813833398667217711, 0.5095893416039993795 ) ) ;
#2749 = DIRECTION ( 'NONE',  ( 0.000000000000000000, 0.9848077530122266721, 0.1736481776668244437 ) ) ;
#2750 = VECTOR ( 'NONE', #3967, 39.37007874015748143 ) ;
#2751 = ORIENTED_EDGE ( 'NONE', *, *, #3735, .F. ) ;
#2752 = ORIENTED_EDGE ( 'NONE', *, *, #354, .F. ) ;
#2753 = ORIENTED_EDGE ( 'NONE', *, *, #3112, .F. ) ;
#2754 = EDGE_CURVE ( 'NONE', #2056, #4919, #2896, .T. ) ;
#2755 = CARTESIAN_POINT ( 'NONE',  ( -0.7362204724409449064, 0.4251968503937008093, 0.5314960629921260393 ) ) ;
#2756 = DIRECTION ( 'NONE',  ( 0.000000000000000000, 0.000000000000000000, 1.000000000000000000 ) ) ;
#2757 = VECTOR ( 'NONE', #2701, 39.37007874015748143 ) ;
#2758 = PLANE ( 'NONE',  #1647 ) ;
#2759 = DIRECTION ( 'NONE',  ( 0.000000000000000000, 0.000000000000000000, -1.000000000000000000 ) ) ;
#2760 = EDGE_CURVE ( 'NONE', #2665, #3993, #4529, .T. ) ;
#2761 = CARTESIAN_POINT ( 'NONE',  ( -0.4724409448819267832, 1.293199673707464470, 0.1700748024215948950 ) ) ;
#2762 = EDGE_CURVE ( 'NONE', #573, #261, #2797, .T. ) ;
#2763 = ORIENTED_EDGE ( 'NONE', *, *, #1534, .F. ) ;
#2764 = DIRECTION ( 'NONE',  ( 0.000000000000000000, 1.000000000000000000, 0.000000000000000000 ) ) ;
#2765 = FACE_OUTER_BOUND ( 'NONE', #523, .T. ) ;
#2766 = FACE_OUTER_BOUND ( 'NONE', #4117, .T. ) ;
#2767 = CIRCLE ( 'NONE', #2510, 0.03937007874015752834 ) ;
#2768 = CARTESIAN_POINT ( 'NONE',  ( 0.4330708345913384383, 1.332391213378740336, 0.1741805305288190997 ) ) ;
#2769 = CARTESIAN_POINT ( 'NONE',  ( -0.5118109366425193096, 1.135495990264173027, 0.5383611846732277995 ) ) ;
#2770 = ORIENTED_EDGE ( 'NONE', *, *, #2088, .F. ) ;
#2771 = LINE ( 'NONE', #4777, #3624 ) ;
#2772 = EDGE_CURVE ( 'NONE', #5239, #703, #1684, .T. ) ;
#2773 = VERTEX_POINT ( 'NONE', #4630 ) ;
#2774 = CARTESIAN_POINT ( 'NONE',  ( 0.3090744190237795230, 0.6355716535433071357, -0.2952755905511810774 ) ) ;
#2775 = AXIS2_PLACEMENT_3D ( 'NONE', #3603, #5207, #3574 ) ;
#2776 = CARTESIAN_POINT ( 'NONE',  ( -0.6967915610649607627, 0.03937007874015747977, -0.3543307086614173040 ) ) ;
#2777 = CARTESIAN_POINT ( 'NONE',  ( 0.000000000000000000, 0.1102362204724409434, -0.1141732283464566844 ) ) ;
#2778 = CARTESIAN_POINT ( 'NONE',  ( -0.4771542153110233664, 1.371300889895276764, 0.1782567304907086425 ) ) ;
#2779 = EDGE_LOOP ( 'NONE', ( #3704, #3937, #1061, #4040 ) ) ;
#2780 =( BOUNDED_SURFACE ( )  B_SPLINE_SURFACE ( 3, 3, ( 
 ( #2114, #819, #2442, #2865, #99, #4085, #3279, #594, #643, #4269, #3376, #2641 ),
 ( #3431, #2194, #544, #1396, #1873, #943, #3816, #5046, #1451, #173, #3483, #149 ),
 ( #2271, #4592, #1771, #3863, #996, #2167, #1421, #2219, #5072, #5096, #5121, #243 ),
 ( #2564, #3064, #5022, #3038, #3886, #3456, #1796, #2613, #1373, #3788, #1844, #2985 ) ),
 .UNSPECIFIED., .F., .F., .F. ) 
 B_SPLINE_SURFACE_WITH_KNOTS ( ( 4, 4 ),
 ( 4, 1, 1, 1, 1, 1, 1, 1, 1, 4 ),
 ( 0.000000000000000000, 1.000000000000000000 ),
 ( 0.02517165865867999897, 0.1654629478522000041, 0.3121972919866000118, 0.4435096704728000439, 0.5613149755587000245, 0.6669367041745000169, 0.7618592019295999940, 0.8477757555661999955, 0.9265202283287999885, 0.9677066806598000337 ),
 .UNSPECIFIED. ) 
 GEOMETRIC_REPRESENTATION_ITEM ( )  RATIONAL_B_SPLINE_SURFACE ( (
 ( 1.298464799892999899, 1.298464799892999899, 1.298464799892999899, 1.298464799892999899, 1.298464799892999899, 1.298464799892999899, 1.298464799892999899, 1.298464799892999899, 1.298464799892999899, 1.298464799892999899, 1.298464799892999899, 1.298464799892999899),
 ( 0.9005117333690000336, 0.9005117333690000336, 0.9005117333690000336, 0.9005117333690000336, 0.9005117333690000336, 0.9005117333690000336, 0.9005117333690000336, 0.9005117333690000336, 0.9005117333690000336, 0.9005117333690000336, 0.9005117333690000336, 0.9005117333690000336),
 ( 0.9005117333690000336, 0.9005117333690000336, 0.9005117333690000336, 0.9005117333690000336, 0.9005117333690000336, 0.9005117333690000336, 0.9005117333690000336, 0.9005117333690000336, 0.9005117333690000336, 0.9005117333690000336, 0.9005117333690000336, 0.9005117333690000336),
 ( 1.298464799892999899, 1.298464799892999899, 1.298464799892999899, 1.298464799892999899, 1.298464799892999899, 1.298464799892999899, 1.298464799892999899, 1.298464799892999899, 1.298464799892999899, 1.298464799892999899, 1.298464799892999899, 1.298464799892999899) ) ) 
 REPRESENTATION_ITEM ( '' )  SURFACE ( )  );
#2781 = CARTESIAN_POINT ( 'NONE',  ( 0.4330708661416708960, 0.9763779527559172111, 0.5393700787401055630 ) ) ;
#2782 = DIRECTION ( 'NONE',  ( 0.000000000000000000, 0.000000000000000000, -1.000000000000000000 ) ) ;
#2783 = ORIENTED_EDGE ( 'NONE', *, *, #16, .T. ) ;
#2784 = VERTEX_POINT ( 'NONE', #983 ) ;
#2785 = ORIENTED_EDGE ( 'NONE', *, *, #295, .T. ) ;
#2786 = DIRECTION ( 'NONE',  ( 0.000000000000000000, -1.000000000000000000, 0.000000000000000000 ) ) ;
#2787 = DIRECTION ( 'NONE',  ( 1.000000000000000000, 0.000000000000000000, 0.000000000000000000 ) ) ;
#2788 = CARTESIAN_POINT ( 'NONE',  ( -0.3779527559055118058, 0.6614173228346141853, -0.1917824658397236370 ) ) ;
#2789 = CARTESIAN_POINT ( 'NONE',  ( 0.4094488188976377896, 0.8625777013448818753, 0.008857454506771653135 ) ) ;
#2790 = ORIENTED_EDGE ( 'NONE', *, *, #3706, .T. ) ;
#2791 = EDGE_CURVE ( 'NONE', #3650, #3904, #4603, .T. ) ;
#2792 = CYLINDRICAL_SURFACE ( 'NONE', #4859, 0.01968503937007875723 ) ;
#2793 = ORIENTED_EDGE ( 'NONE', *, *, #2946, .T. ) ;
#2794 = EDGE_CURVE ( 'NONE', #2174, #2329, #3772, .T. ) ;
#2795 = LINE ( 'NONE', #34, #4245 ) ;
#2796 = EDGE_CURVE ( 'NONE', #3488, #4983, #1707, .T. ) ;
#2797 = LINE ( 'NONE', #4831, #2906 ) ;
#2798 = DIRECTION ( 'NONE',  ( 1.000000000000000000, 0.000000000000000000, 0.000000000000000000 ) ) ;
#2799 = EDGE_CURVE ( 'NONE', #1187, #1646, #3718, .T. ) ;
#2800 = CARTESIAN_POINT ( 'NONE',  ( 0.3755335000083857566, 0.8055468515118116013, -0.3455965818455509209 ) ) ;
#2801 = CARTESIAN_POINT ( 'NONE',  ( -0.4928655905311018492, 1.294988146364566717, 0.1066229451681495605 ) ) ;
#2802 = VECTOR ( 'NONE', #4616, 39.37007874015748143 ) ;
#2803 = ORIENTED_EDGE ( 'NONE', *, *, #2634, .T. ) ;
#2804 = ORIENTED_EDGE ( 'NONE', *, *, #5178, .T. ) ;
#2805 = CARTESIAN_POINT ( 'NONE',  ( 0.5314960629921260393, 1.361104126757873845, -0.9635230027740157022 ) ) ;
#2806 = CARTESIAN_POINT ( 'NONE',  ( 0.3775629181447279770, 1.697741953944974412E-06, -0.3543306944418354032 ) ) ;
#2807 = VECTOR ( 'NONE', #5031, 39.37007874015748143 ) ;
#2808 = CARTESIAN_POINT ( 'NONE',  ( 0.4553260452002209080, 0.9705373728597793681, 0.5744689788326443614 ) ) ;
#2809 = AXIS2_PLACEMENT_3D ( 'NONE', #2336, #3954, #4793 ) ;
#2810 = EDGE_CURVE ( 'NONE', #4735, #1852, #4225, .T. ) ;
#2811 = CARTESIAN_POINT ( 'NONE',  ( -0.4520162652535429371, 1.271012220987795427, 0.4898507428720469958 ) ) ;
#2812 = ORIENTED_EDGE ( 'NONE', *, *, #4299, .T. ) ;
#2813 = VECTOR ( 'NONE', #346, 39.37007874015748143 ) ;
#2814 = CARTESIAN_POINT ( 'NONE',  ( 0.4928656329681097570, 1.380486737113778117, 0.07570917925389766823 ) ) ;
#2815 = DIRECTION ( 'NONE',  ( 1.000000000000000000, 0.000000000000000000, 0.000000000000000000 ) ) ;
#2816 = VERTEX_POINT ( 'NONE', #3024 ) ;
#2817 = CARTESIAN_POINT ( 'NONE',  ( -0.7362204724409449064, 0.8801310389744094742, -0.03732954189540944878 ) ) ;
#2818 = DIRECTION ( 'NONE',  ( 0.000000000000000000, 0.000000000000000000, 1.000000000000000000 ) ) ;
#2819 = DIRECTION ( 'NONE',  ( 0.000000000000000000, 0.000000000000000000, 1.000000000000000000 ) ) ;
#2820 = CARTESIAN_POINT ( 'NONE',  ( 0.3936454263495968164, 0.02791560034774799234, -0.3742925532913783937 ) ) ;
#2821 = VERTEX_POINT ( 'NONE', #2101 ) ;
#2822 = DIRECTION ( 'NONE',  ( 0.000000000000000000, 0.000000000000000000, 1.000000000000000000 ) ) ;
#2823 = CARTESIAN_POINT ( 'NONE',  ( 0.5008669839402025703, 0.9718961386391744561, 0.5662652346266422443 ) ) ;
#2824 = LINE ( 'NONE', #832, #2932 ) ;
#2825 = CARTESIAN_POINT ( 'NONE',  ( 0.4771542143192913921, 1.215791948287401336, 0.5401690680228352637 ) ) ;
#2826 = DIRECTION ( 'NONE',  ( 1.000000000000000000, 0.000000000000000000, 0.000000000000000000 ) ) ;
#2827 = ORIENTED_EDGE ( 'NONE', *, *, #525, .T. ) ;
#2828 = ORIENTED_EDGE ( 'NONE', *, *, #2368, .F. ) ;
#2829 = CARTESIAN_POINT ( 'NONE',  ( 0.000000000000000000, 0.1889767539191732348, -0.1574803149606299191 ) ) ;
#2830 = VECTOR ( 'NONE', #1039, 39.37007874015748143 ) ;
#2831 = CARTESIAN_POINT ( 'NONE',  ( -0.7362204724409449064, 0.8426180921244095234, -0.02727797808123228612 ) ) ;
#2832 = CARTESIAN_POINT ( 'NONE',  ( 0.4486181330027225744, 0.9712196168303737220, 0.5703453539886329526 ) ) ;
#2833 = LINE ( 'NONE', #517, #3223 ) ;
#2834 = VECTOR ( 'NONE', #3905, 39.37007874015747433 ) ;
#2835 = ORIENTED_EDGE ( 'NONE', *, *, #1217, .F. ) ;
#2836 = ADVANCED_FACE ( 'NONE', ( #4956 ), #3361, .T. ) ;
#2837 = CARTESIAN_POINT ( 'NONE',  ( 0.5118110338425203576, 1.363700769969290905, 0.07506980728744098996 ) ) ;
#2838 = B_SPLINE_CURVE_WITH_KNOTS ( 'NONE', 3,
 ( #2177, #980, #2597, #1380, #2994, #3415, #674, #1079, #4730, #575, #4223, #4323, #2200, #2299, #5055, #4627, #3824, #179 ),
 .UNSPECIFIED., .F., .F.,
 ( 4, 2, 2, 2, 1, 1, 2, 2, 2, 4 ),
 ( 0.000000000000000000, 0.2499999999999523159, 0.3749999999999293898, 0.4374999999999184541, 0.4687499999999144573, 0.4843749999999126810, 0.4921874999999139577, 0.4999999999999151790, 0.7499999999999574785, 1.000000000000000000 ),
 .UNSPECIFIED. ) ;
#2839 = DIRECTION ( 'NONE',  ( 0.000000000000000000, -0.9991661083842543478, -0.04082998721851817392 ) ) ;
#2840 = ORIENTED_EDGE ( 'NONE', *, *, #3245, .F. ) ;
#2841 = CYLINDRICAL_SURFACE ( 'NONE', #1234, 0.1181102362204724532 ) ;
#2842 = LINE ( 'NONE', #3231, #1189 ) ;
#2843 = CARTESIAN_POINT ( 'NONE',  ( -0.3554010651193921788, 0.7007874015748031260, -0.3045409197703114468 ) ) ;
#2844 = ORIENTED_EDGE ( 'NONE', *, *, #2948, .T. ) ;
#2845 = DIRECTION ( 'NONE',  ( 1.000000000000000000, 0.000000000000000000, 0.000000000000000000 ) ) ;
#2846 = ORIENTED_EDGE ( 'NONE', *, *, #2864, .T. ) ;
#2847 = CIRCLE ( 'NONE', #2920, 0.04724409448818896184 ) ;
#2848 = CARTESIAN_POINT ( 'NONE',  ( -0.4291338582677165503, 0.8606677359814960404, -0.03211436557644094247 ) ) ;
#2849 = CYLINDRICAL_SURFACE ( 'NONE', #272, 0.05905511811023615720 ) ;
#2850 = CARTESIAN_POINT ( 'NONE',  ( 0.3818897637795276023, 0.7007874015748031260, 0.000000000000000000 ) ) ;
#2851 = CARTESIAN_POINT ( 'NONE',  ( -0.4677276780122045508, 1.337506282037008720, 0.3501583597500788070 ) ) ;
#2852 = ORIENTED_EDGE ( 'NONE', *, *, #1460, .F. ) ;
#2853 = EDGE_LOOP ( 'NONE', ( #2558, #3894, #5123, #1775 ) ) ;
#2854 = FACE_OUTER_BOUND ( 'NONE', #4377, .T. ) ;
#2855 = AXIS2_PLACEMENT_3D ( 'NONE', #4631, #4604, #3719 ) ;
#2856 = DIRECTION ( 'NONE',  ( -2.698458740408339945E-14, -1.000000000000000000, 0.000000000000000000 ) ) ;
#2857 = DIRECTION ( 'NONE',  ( -1.000000000000000000, 0.000000000000000000, 0.000000000000000000 ) ) ;
#2858 = DIRECTION ( 'NONE',  ( -0.7071067811865475727, 0.7071067811865475727, 0.000000000000000000 ) ) ;
#2859 = EDGE_CURVE ( 'NONE', #5195, #3946, #3313, .T. ) ;
#2860 = VECTOR ( 'NONE', #2883, 39.37007874015748854 ) ;
#2861 = VERTEX_POINT ( 'NONE', #2203 ) ;
#2862 = EDGE_CURVE ( 'NONE', #1000, #1008, #3800, .T. ) ;
#2863 = FACE_OUTER_BOUND ( 'NONE', #5117, .T. ) ;
#2864 = EDGE_CURVE ( 'NONE', #2686, #3122, #181, .T. ) ;
#2865 = CARTESIAN_POINT ( 'NONE',  ( -0.3669188822105512449, 0.7695290334562991941, -0.3886696827193307224 ) ) ;
#2866 = ORIENTED_EDGE ( 'NONE', *, *, #4097, .F. ) ;
#2867 = CARTESIAN_POINT ( 'NONE',  ( -0.5314960629921260393, 1.400441375119293230, -0.9619155229622696757 ) ) ;
#2868 = CARTESIAN_POINT ( 'NONE',  ( 0.3360986126121200956, 0.6417319892956417915, -0.3006804294065621996 ) ) ;
#2869 = FACE_OUTER_BOUND ( 'NONE', #764, .T. ) ;
#2870 = ADVANCED_FACE ( 'NONE', ( #1307 ), #2127, .F. ) ;
#2871 = EDGE_CURVE ( 'NONE', #4298, #1437, #5032, .T. ) ;
#2872 = CARTESIAN_POINT ( 'NONE',  ( 0.4771542105350395357, 1.281155674468898997, 0.2532921267953152089 ) ) ;
#2873 = PLANE ( 'NONE',  #2013 ) ;
#2874 = LINE ( 'NONE', #1202, #2813 ) ;
#2875 = DIRECTION ( 'NONE',  ( 0.000000000000000000, 0.9991661083842544588, 0.04082998721851682083 ) ) ;
#2876 = CARTESIAN_POINT ( 'NONE',  ( 0.3754424238679642256, 0.7857663903746826550, -0.3800815367180215842 ) ) ;
#2877 = B_SPLINE_CURVE_WITH_KNOTS ( 'NONE', 3,
 ( #4788, #309, #2278, #1905, #2392, #3521, #1509, #4765, #3977, #3896, #4385, #1111, #2331 ),
 .UNSPECIFIED., .F., .F.,
 ( 4, 1, 1, 1, 1, 1, 1, 1, 1, 1, 4 ),
 ( -0.001993255970296749831, 0.1091178551408109876, 0.2202289662519185121, 0.3313400773630265084, 0.4424511884741340051, 0.5535622995853419770, 0.6646734106964500288, 0.7757845218075569704, 0.8868956329186650223, 0.9980067440297718528, 1.000087390469120097 ),
 .UNSPECIFIED. ) ;
#2878 = CARTESIAN_POINT ( 'NONE',  ( 0.4291253925419692417, 0.8263911864385018458, -0.1968927223294889839 ) ) ;
#2879 = VERTEX_POINT ( 'NONE', #5058 ) ;
#2880 = ORIENTED_EDGE ( 'NONE', *, *, #4724, .T. ) ;
#2881 = DIRECTION ( 'NONE',  ( 0.000000000000000000, 0.000000000000000000, 1.000000000000000000 ) ) ;
#2882 = LINE ( 'NONE', #3724, #3817 ) ;
#2883 = DIRECTION ( 'NONE',  ( 0.000000000000000000, 0.9848077530122266721, 0.1736481776668244437 ) ) ;
#2884 = CARTESIAN_POINT ( 'NONE',  ( -0.4330708722248032272, 1.217280286262205413, 0.4480529932035433038 ) ) ;
#2885 = ORIENTED_EDGE ( 'NONE', *, *, #4229, .F. ) ;
#2886 = VECTOR ( 'NONE', #3700, 39.37007874015748143 ) ;
#2887 = CARTESIAN_POINT ( 'NONE',  ( 0.4677276780122045508, 1.337506282037008720, 0.3501583597500788070 ) ) ;
#2888 = DIRECTION ( 'NONE',  ( 0.3713906763540960609, -0.9284766908852623013, 0.000000000000000000 ) ) ;
#2889 = EDGE_LOOP ( 'NONE', ( #735, #2590, #1152, #3518 ) ) ;
#2890 = DIRECTION ( 'NONE',  ( 0.000000000000000000, 0.9991661083842544588, 0.04082998721851906904 ) ) ;
#2891 = CARTESIAN_POINT ( 'NONE',  ( -0.4724409448818898127, 0.9829178552618170750, 0.5005072367846181702 ) ) ;
#2892 = CARTESIAN_POINT ( 'NONE',  ( 0.4520162611543306896, 1.259766084608660686, 0.3259187194880316940 ) ) ;
#2893 = DIRECTION ( 'NONE',  ( -0.6933752452815418188, -0.7071067811865422437, -0.1386750490563082028 ) ) ;
#2894 = EDGE_CURVE ( 'NONE', #1951, #2079, #4090, .T. ) ;
#2895 = FACE_OUTER_BOUND ( 'NONE', #2565, .T. ) ;
#2896 = LINE ( 'NONE', #35, #1721 ) ;
#2897 = DIRECTION ( 'NONE',  ( 0.000000000000000000, 0.000000000000000000, -1.000000000000000000 ) ) ;
#2898 = CARTESIAN_POINT ( 'NONE',  ( 0.4291084833052590808, 0.8267129698996436016, -0.1969772685130326551 ) ) ;
#2899 = ORIENTED_EDGE ( 'NONE', *, *, #5006, .F. ) ;
#2900 = CARTESIAN_POINT ( 'NONE',  ( -0.3944383668847834534, 0.02381530834489724302, -0.3703278506154464300 ) ) ;
#2901 = DIRECTION ( 'NONE',  ( 0.000000000000000000, 0.000000000000000000, 1.000000000000000000 ) ) ;
#2902 = LINE ( 'NONE', #4025, #4481 ) ;
#2903 = CARTESIAN_POINT ( 'NONE',  ( -0.4330708345913383828, 1.307185987394882787, 0.1715400166413779959 ) ) ;
#2904 = ORIENTED_EDGE ( 'NONE', *, *, #4524, .T. ) ;
#2905 = CARTESIAN_POINT ( 'NONE',  ( 0.5118110152795272150, 1.344507957423622724, 0.2654440720130707421 ) ) ;
#2906 = VECTOR ( 'NONE', #377, 39.37007874015748854 ) ;
#2907 = LINE ( 'NONE', #26, #5017 ) ;
#2908 = EDGE_LOOP ( 'NONE', ( #5062, #4067, #5048, #4305, #3794, #3291, #3673, #4600, #533, #2543, #2938, #4681 ) ) ;
#2909 = CARTESIAN_POINT ( 'NONE',  ( 0.7362204724410000845, 0.7487262954153584005, 0.06750803851964075342 ) ) ;
#2910 = CARTESIAN_POINT ( 'NONE',  ( 0.4771542157803148609, 1.377544816341732314, 0.07322186961972443342 ) ) ;
#2911 = CARTESIAN_POINT ( 'NONE',  ( 0.4771542108055114584, 1.206311414496850976, 0.4395203736629924030 ) ) ;
#2912 = EDGE_CURVE ( 'NONE', #857, #3103, #1332, .T. ) ;
#2913 = DIRECTION ( 'NONE',  ( 0.000000000000000000, 0.2588190450890326400, 0.9659258262926824212 ) ) ;
#2914 = FACE_OUTER_BOUND ( 'NONE', #4086, .T. ) ;
#2915 = EDGE_CURVE ( 'NONE', #2292, #1243, #109, .T. ) ;
#2916 = CARTESIAN_POINT ( 'NONE',  ( 0.5000475432602139447, 0.8858266507572316595, 0.5573563146306931282 ) ) ;
#2917 = CARTESIAN_POINT ( 'NONE',  ( 0.4133858267716535861, 1.355477947416535489, -0.8258426335086613834 ) ) ;
#2918 = EDGE_CURVE ( 'NONE', #1995, #1428, #4575, .T. ) ;
#2919 = CARTESIAN_POINT ( 'NONE',  ( -0.4094488188976377896, 0.01968503937007873988, 0.5975438950492125700 ) ) ;
#2920 = AXIS2_PLACEMENT_3D ( 'NONE', #3144, #4136, #5234 ) ;
#2921 = ORIENTED_EDGE ( 'NONE', *, *, #2912, .T. ) ;
#2922 = CARTESIAN_POINT ( 'NONE',  ( -0.3942417314878582379, 0.02463383565038138046, -0.3713110276000700649 ) ) ;
#2923 = CARTESIAN_POINT ( 'NONE',  ( 0.4094488188976377896, 0.8402640725062991978, -0.08934485358858267057 ) ) ;
#2924 = CARTESIAN_POINT ( 'NONE',  ( -0.7362204724409449064, 0.2480314960629921295, 0.05905511811023622659 ) ) ;
#2925 = CIRCLE ( 'NONE', #472, 0.05905511811023615720 ) ;
#2926 = FACE_OUTER_BOUND ( 'NONE', #5181, .T. ) ;
#2927 = ADVANCED_FACE ( 'NONE', ( #3952 ), #3494, .T. ) ;
#2928 = CARTESIAN_POINT ( 'NONE',  ( -0.4520161927779526856, 0.9799597677598419487, 0.4970473276814961205 ) ) ;
#2929 = VERTEX_POINT ( 'NONE', #684 ) ;
#2930 = ORIENTED_EDGE ( 'NONE', *, *, #1178, .T. ) ;
#2931 = LENGTH_MEASURE_WITH_UNIT ( LENGTH_MEASURE( 0.02539999999999999897 ), #1595 );
#2932 = VECTOR ( 'NONE', #378, 39.37007874015748143 ) ;
#2933 = DIRECTION ( 'NONE',  ( 0.3713906763540960609, -0.9284766908852623013, 0.000000000000000000 ) ) ;
#2934 = ORIENTED_EDGE ( 'NONE', *, *, #525, .F. ) ;
#2935 = FACE_OUTER_BOUND ( 'NONE', #4014, .T. ) ;
#2936 = VECTOR ( 'NONE', #4707, 39.37007874015748854 ) ;
#2937 = PLANE ( 'NONE',  #1162 ) ;
#2938 = ORIENTED_EDGE ( 'NONE', *, *, #4498, .T. ) ;
#2939 = LINE ( 'NONE', #4142, #145 ) ;
#2940 = CARTESIAN_POINT ( 'NONE',  ( -0.3543307086614173040, 1.361104126757873845, -0.9635230027740157022 ) ) ;
#2941 = CARTESIAN_POINT ( 'NONE',  ( 0.4094488188976377896, 0.7933460819673228137, -0.3937007874015748254 ) ) ;
#2942 = PLANE ( 'NONE',  #893 ) ;
#2943 = ADVANCED_FACE ( 'NONE', ( #2309 ), #3158, .T. ) ;
#2944 = B_SPLINE_CURVE_WITH_KNOTS ( 'NONE', 3,
 ( #1018, #3836, #2067, #4088, #1673, #566, #3283, #5019, #845, #3685, #2587, #2611, #2216, #1370, #195, #2638, #614, #4181 ),
 .UNSPECIFIED., .F., .F.,
 ( 4, 2, 2, 2, 1, 1, 2, 2, 2, 4 ),
 ( 0.000000000000000000, 0.2499999999999821809, 0.3749999999999732436, 0.4374999999999683031, 0.4687499999999687472, 0.4843749999999695799, 0.4921874999999705236, 0.4999999999999714673, 0.7499999999999856781, 1.000000000000000000 ),
 .UNSPECIFIED. ) ;
#2945 = DIRECTION ( 'NONE',  ( 0.000000000000000000, -1.000000000000000000, 0.000000000000000000 ) ) ;
#2946 = EDGE_CURVE ( 'NONE', #4599, #4870, #3125, .T. ) ;
#2947 = ORIENTED_EDGE ( 'NONE', *, *, #2983, .T. ) ;
#2948 = EDGE_CURVE ( 'NONE', #3576, #2184, #3579, .T. ) ;
#2949 = DIRECTION ( 'NONE',  ( 0.000000000000000000, -1.000000000000000000, -4.956352788505170170E-16 ) ) ;
#2950 = CARTESIAN_POINT ( 'NONE',  ( -0.3750154782878113435, 0.7815472085702074301, -0.3832811116953212527 ) ) ;
#2951 = DIRECTION ( 'NONE',  ( 9.085388375009974427E-13, -0.04082998721895847449, 0.9991661083842364732 ) ) ;
#2952 = CARTESIAN_POINT ( 'NONE',  ( -0.3478053120655905106, 0.7007874015748031260, -0.3425196850393700809 ) ) ;
#2953 = ORIENTED_EDGE ( 'NONE', *, *, #4891, .F. ) ;
#2954 = EDGE_CURVE ( 'NONE', #2304, #1642, #4250, .T. ) ;
#2955 = CARTESIAN_POINT ( 'NONE',  ( 0.000000000000000000, 0.2047244094489011901, -0.1850396093296575173 ) ) ;
#2956 = CARTESIAN_POINT ( 'NONE',  ( 0.5118110254413382743, 1.275847454398031378, 0.3309329416215749942 ) ) ;
#2957 = PERSON_AND_ORGANIZATION ( #1294, #2341 ) ;
#2958 = FACE_OUTER_BOUND ( 'NONE', #2485, .T. ) ;
#2959 = VECTOR ( 'NONE', #1237, 39.37007874015748854 ) ;
#2960 = VERTEX_POINT ( 'NONE', #2226 ) ;
#2961 = CARTESIAN_POINT ( 'NONE',  ( -0.4513182510614177079, 0.8858267522154195106, 0.5617340221251081456 ) ) ;
#2962 = AXIS2_PLACEMENT_3D ( 'NONE', #2995, #3387, #4602 ) ;
#2963 = VECTOR ( 'NONE', #4659, 39.37007874015748854 ) ;
#2964 = CARTESIAN_POINT ( 'NONE',  ( 0.3955124644409450108, 0.7753548703122049579, -0.3813813666361416943 ) ) ;
#2965 = ORIENTED_EDGE ( 'NONE', *, *, #1142, .T. ) ;
#2966 = ORIENTED_EDGE ( 'NONE', *, *, #3329, .F. ) ;
#2967 = ORIENTED_EDGE ( 'NONE', *, *, #1145, .T. ) ;
#2968 = CARTESIAN_POINT ( 'NONE',  ( 0.5905511811023621549, 1.394815195778348338, -0.8242351536968740566 ) ) ;
#2969 = CIRCLE ( 'NONE', #1705, 0.1181102362204724532 ) ;
#2970 = PLANE ( 'NONE',  #1865 ) ;
#2971 = CARTESIAN_POINT ( 'NONE',  ( 0.4874420589919576385, 0.8858254541415593319, 0.5649837291004616846 ) ) ;
#2972 = CARTESIAN_POINT ( 'NONE',  ( -0.4951906759330225172, 0.9710911774257945384, 0.5711214595849116726 ) ) ;
#2973 = PLANE ( 'NONE',  #2711 ) ;
#2974 = ORIENTED_EDGE ( 'NONE', *, *, #580, .T. ) ;
#2975 = CARTESIAN_POINT ( 'NONE',  ( -0.5679378360429134798, 0.01968503937007873988, 0.5975438950492125700 ) ) ;
#2976 = CARTESIAN_POINT ( 'NONE',  ( -0.3818897637795276023, 0.7007874015748031260, 1.446433227339393688E-18 ) ) ;
#2977 = CARTESIAN_POINT ( 'NONE',  ( -0.3839190889601178380, 0.002932468018062204650, -0.3805091019964960131 ) ) ;
#2978 = CARTESIAN_POINT ( 'NONE',  ( -0.6889763779527560139, 0.4842519685039370358, 0.09842519685039370636 ) ) ;
#2979 = CARTESIAN_POINT ( 'NONE',  ( -0.4677277674133853980, 1.011447964888190221, 0.5071497196338590197 ) ) ;
#2980 = ORIENTED_EDGE ( 'NONE', *, *, #2313, .T. ) ;
#2981 = DIRECTION ( 'NONE',  ( 0.000000000000000000, -1.000000000000000000, 0.000000000000000000 ) ) ;
#2982 = CARTESIAN_POINT ( 'NONE',  ( 0.4677276393637795349, 1.064622918169290999, 0.5116899078366149434 ) ) ;
#2983 = EDGE_CURVE ( 'NONE', #2816, #3823, #3469, .T. ) ;
#2984 = CALENDAR_DATE ( 2022, 1, 11 ) ;
#2985 = CARTESIAN_POINT ( 'NONE',  ( -0.3988445268716534486, 0.7820071648503934547, -0.3454196282574016896 ) ) ;
#2986 = EDGE_CURVE ( 'NONE', #381, #2220, #2703, .T. ) ;
#2987 = VERTEX_POINT ( 'NONE', #3442 ) ;
#2988 = CARTESIAN_POINT ( 'NONE',  ( -0.4291253925419771798, 0.8263911864385039552, -0.1968927223294889839 ) ) ;
#2989 = VECTOR ( 'NONE', #4745, 39.37007874015748143 ) ;
#2990 = PLANE ( 'NONE',  #1758 ) ;
#2991 = VERTEX_POINT ( 'NONE', #3151 ) ;
#2992 = ORIENTED_EDGE ( 'NONE', *, *, #417, .F. ) ;
#2993 = AXIS2_PLACEMENT_3D ( 'NONE', #2480, #4102, #461 ) ;
#2994 = CARTESIAN_POINT ( 'NONE',  ( -0.4530821378934900556, 0.9820833363293962615, 0.5054276435679421198 ) ) ;
#2995 = CARTESIAN_POINT ( 'NONE',  ( -0.8834645669291339987, 0.9127442351811023702, -0.1011948034493700965 ) ) ;
#2996 = DIRECTION ( 'NONE',  ( 0.000000000000000000, -1.000000000000000000, 0.000000000000000000 ) ) ;
#2997 = CARTESIAN_POINT ( 'NONE',  ( -0.7362204724409449064, 0.7007874015748031260, 0.05905511811023622659 ) ) ;
#2998 = DIRECTION ( 'NONE',  ( -0.1896781441321705453, 0.2541205277090865522, 0.9483907206607573581 ) ) ;
#2999 = EDGE_LOOP ( 'NONE', ( #3096, #345, #3480, #2002, #3342, #252, #4972, #1723, #1343, #1912, #3465, #5000, #3844, #2570 ) ) ;
#3000 = CARTESIAN_POINT ( 'NONE',  ( -0.3933138488674755573, 0.03078154055677507703, -0.3759504407019842454 ) ) ;
#3001 = DIRECTION ( 'NONE',  ( 0.000000000000000000, 1.000000000000000000, 0.000000000000000000 ) ) ;
#3002 = DIRECTION ( 'NONE',  ( 0.000000000000000000, -0.04656599240843117826, -0.9989152157971256107 ) ) ;
#3003 = VECTOR ( 'NONE', #1271, 39.37007874015748143 ) ;
#3004 = DIRECTION ( 'NONE',  ( 0.000000000000000000, 0.04082998721851817392, -0.9991661083842544588 ) ) ;
#3005 = CARTESIAN_POINT ( 'NONE',  ( -0.4677276789582675010, 1.206311414496850976, 0.4395203736629924030 ) ) ;
#3006 = ORIENTED_EDGE ( 'NONE', *, *, #108, .F. ) ;
#3007 = CIRCLE ( 'NONE', #1240, 0.04724409448818896184 ) ;
#3008 = LINE ( 'NONE', #1841, #1012 ) ;
#3009 = CARTESIAN_POINT ( 'NONE',  ( 0.4928656969858267733, 0.9799597677598419487, 0.4970473276814961205 ) ) ;
#3010 = EDGE_CURVE ( 'NONE', #700, #1943, #1003, .T. ) ;
#3011 = LINE ( 'NONE', #969, #3655 ) ;
#3012 = EDGE_CURVE ( 'NONE', #1116, #4411, #206, .T. ) ;
#3013 = VERTEX_POINT ( 'NONE', #1856 ) ;
#3014 = EDGE_CURVE ( 'NONE', #4465, #1050, #4687, .T. ) ;
#3015 = CARTESIAN_POINT ( 'NONE',  ( -0.4534487961698186465, 0.8858264176534863532, 0.5630271333380216792 ) ) ;
#3016 = VECTOR ( 'NONE', #4741, 39.37007874015748143 ) ;
#3017 = DIRECTION ( 'NONE',  ( 0.000000000000000000, -0.9991661083842543478, -0.04082998721851817392 ) ) ;
#3018 = ORIENTED_EDGE ( 'NONE', *, *, #2140, .T. ) ;
#3019 = ORIENTED_EDGE ( 'NONE', *, *, #3280, .T. ) ;
#3020 = CARTESIAN_POINT ( 'NONE',  ( 0.4028349592991962158, 0.7512930201761659488, -0.3283448885433856712 ) ) ;
#3021 = VECTOR ( 'NONE', #3769, 39.37007874015748143 ) ;
#3022 = DIRECTION ( 'NONE',  ( 0.000000000000000000, 0.9991661083842544588, 0.04082998721851682083 ) ) ;
#3023 = EDGE_CURVE ( 'NONE', #1164, #5173, #2624, .T. ) ;
#3024 = CARTESIAN_POINT ( 'NONE',  ( -0.3818897637795276023, 0.04724409448818897572, -0.1921723064444484375 ) ) ;
#3025 = DIRECTION ( 'NONE',  ( 0.000000000000000000, -3.300461595701484956E-14, -1.000000000000000000 ) ) ;
#3026 = CARTESIAN_POINT ( 'NONE',  ( 0.7125984251968504601, 0.3070866141732283561, 0.5610236220472440971 ) ) ;
#3027 = ORIENTED_EDGE ( 'NONE', *, *, #3861, .F. ) ;
#3028 = DIRECTION ( 'NONE',  ( 0.000000000000000000, 1.000000000000000000, 9.239288078572181334E-16 ) ) ;
#3029 = CARTESIAN_POINT ( 'NONE',  ( -0.7362204724409449064, 0.2480314960629921295, 0.05905511811023622659 ) ) ;
#3030 = DIRECTION ( 'NONE',  ( 1.000000000000000000, 0.000000000000000000, 0.000000000000000000 ) ) ;
#3031 = CARTESIAN_POINT ( 'NONE',  ( 0.4094488188976377896, 0.8782977321868484788, -0.07665691259544901714 ) ) ;
#3032 = CARTESIAN_POINT ( 'NONE',  ( 0.3741291611473566148, 0.02000529572243579454, -0.3887104210977138097 ) ) ;
#3033 = ORIENTED_EDGE ( 'NONE', *, *, #3312, .T. ) ;
#3034 = VERTEX_POINT ( 'NONE', #1433 ) ;
#3035 = CARTESIAN_POINT ( 'NONE',  ( 0.3307086614173228023, 0.6417322834645668994, -0.1871043785833858275 ) ) ;
#3036 = CARTESIAN_POINT ( 'NONE',  ( 0.4677276789582675010, 1.206311414496850976, 0.4395203736629924030 ) ) ;
#3037 = PERSON_AND_ORGANIZATION ( #1294, #2341 ) ;
#3038 = CARTESIAN_POINT ( 'NONE',  ( -0.3937124232555115899, 0.7606301875251973987, -0.3710801463378344822 ) ) ;
#3039 = EDGE_LOOP ( 'NONE', ( #4509, #4383, #4540, #3947 ) ) ;
#3040 = LINE ( 'NONE', #200, #3514 ) ;
#3041 = VECTOR ( 'NONE', #3911, 39.37007874015748143 ) ;
#3042 = LINE ( 'NONE', #4651, #4306 ) ;
#3043 = ORIENTED_EDGE ( 'NONE', *, *, #2469, .F. ) ;
#3044 = ORIENTED_EDGE ( 'NONE', *, *, #613, .F. ) ;
#3045 = ORIENTED_EDGE ( 'NONE', *, *, #2368, .T. ) ;
#3046 = AXIS2_PLACEMENT_3D ( 'NONE', #5131, #1483, #2726 ) ;
#3047 = FACE_OUTER_BOUND ( 'NONE', #2779, .T. ) ;
#3048 = CIRCLE ( 'NONE', #3381, 0.03937007874002918656 ) ;
#3049 = CARTESIAN_POINT ( 'NONE',  ( -0.4291084833052409842, 0.8267129698996064091, -0.1969772685131744028 ) ) ;
#3050 = CARTESIAN_POINT ( 'NONE',  ( -0.7362204724409449064, 0.7007874015748031260, 0.05905511811023622659 ) ) ;
#3051 = FACE_BOUND ( 'NONE', #1135, .T. ) ;
#3052 = AXIS2_PLACEMENT_3D ( 'NONE', #1600, #1653, #4795 ) ;
#3053 = EDGE_CURVE ( 'NONE', #2224, #4606, #4712, .T. ) ;
#3054 = ORIENTED_EDGE ( 'NONE', *, *, #3118, .F. ) ;
#3055 = CARTESIAN_POINT ( 'NONE',  ( 0.4480260006387254967, 0.8858259818682868714, 0.5593961165933819535 ) ) ;
#3056 = DIRECTION ( 'NONE',  ( 0.000000000000000000, 0.04082998721851817392, -0.9991661083842544588 ) ) ;
#3057 = CARTESIAN_POINT ( 'NONE',  ( -0.3956198478098976734, 0.7788904887193602855, -0.3644204459780023830 ) ) ;
#3058 = CARTESIAN_POINT ( 'NONE',  ( 0.4330708428759842965, 1.176792311290550064, 0.4877017333287397838 ) ) ;
#3059 = CARTESIAN_POINT ( 'NONE',  ( 0.3745471561615058564, 0.01406533522124365013, -0.3844988870665541070 ) ) ;
#3060 = ORIENTED_EDGE ( 'NONE', *, *, #3861, .T. ) ;
#3061 = ORIENTED_EDGE ( 'NONE', *, *, #4815, .F. ) ;
#3062 = DIRECTION ( 'NONE',  ( -0.1961161351382030571, 0.000000000000000000, -0.9805806756909162258 ) ) ;
#3063 = CARTESIAN_POINT ( 'NONE',  ( -0.3929286766227039207, 0.7480314951195158324, -0.3778763018706621790 ) ) ;
#3064 = CARTESIAN_POINT ( 'NONE',  ( -0.3932761439399604653, 0.7484108523814966274, -0.3732615429158265830 ) ) ;
#3065 = VERTEX_POINT ( 'NONE', #5132 ) ;
#3066 = CARTESIAN_POINT ( 'NONE',  ( 0.4487409589502998619, 0.9816008267148620403, 0.5083075749674893506 ) ) ;
#3067 = DIRECTION ( 'NONE',  ( 0.000000000000000000, -0.1218133261744039492, 0.9925530280878338552 ) ) ;
#3068 = ORIENTED_EDGE ( 'NONE', *, *, #3575, .F. ) ;
#3069 = ORIENTED_EDGE ( 'NONE', *, *, #3329, .T. ) ;
#3070 = ORIENTED_EDGE ( 'NONE', *, *, #75, .F. ) ;
#3071 = AXIS2_PLACEMENT_3D ( 'NONE', #530, #578, #4198 ) ;
#3072 = DIRECTION ( 'NONE',  ( 0.000000000000000000, 0.000000000000000000, 1.000000000000000000 ) ) ;
#3073 = DIRECTION ( 'NONE',  ( 0.000000000000000000, -1.000000000000000000, 0.000000000000000000 ) ) ;
#3074 = DIRECTION ( 'NONE',  ( 0.000000000000000000, 0.9925530280878339662, 0.1218133261744039908 ) ) ;
#3075 = ADVANCED_FACE ( 'NONE', ( #1030 ), #1485, .F. ) ;
#3076 = VECTOR ( 'NONE', #4089, 39.37007874015748854 ) ;
#3077 = DIRECTION ( 'NONE',  ( 0.000000000000000000, -0.2588190451024934280, -0.9659258262890756397 ) ) ;
#3078 = VERTEX_POINT ( 'NONE', #4740 ) ;
#3079 = ADVANCED_FACE ( 'NONE', ( #5161 ), #3610, .F. ) ;
#3080 = PLANE ( 'NONE',  #3763 ) ;
#3081 = EDGE_CURVE ( 'NONE', #4939, #835, #846, .T. ) ;
#3082 = LINE ( 'NONE', #4366, #1384 ) ;
#3083 = DIRECTION ( 'NONE',  ( 0.000000000000000000, 0.9989152157971256107, -0.04656599240843117132 ) ) ;
#3084 = CARTESIAN_POINT ( 'NONE',  ( 0.4520162992326767770, 1.379095276276376847, 0.1115861546039369351 ) ) ;
#3085 = CARTESIAN_POINT ( 'NONE',  ( -0.4928656233377946561, 1.361031000890156939, 0.2686134466539371601 ) ) ;
#3086 = ORIENTED_EDGE ( 'NONE', *, *, #2233, .F. ) ;
#3087 = CARTESIAN_POINT ( 'NONE',  ( 0.3939563916917321884, 0.03956211752307088603, -0.3898869060741735337 ) ) ;
#3088 = DIRECTION ( 'NONE',  ( 0.000000000000000000, 0.2588190451024934280, 0.9659258262890756397 ) ) ;
#3089 = EDGE_CURVE ( 'NONE', #3974, #1732, #4445, .T. ) ;
#3090 = CARTESIAN_POINT ( 'NONE',  ( -0.4330707325224407156, 0.9706904646850408325, 0.5381337365531487782 ) ) ;
#3091 = ORIENTED_EDGE ( 'NONE', *, *, #326, .T. ) ;
#3092 = VECTOR ( 'NONE', #2643, 39.37007874015748854 ) ;
#3093 = CARTESIAN_POINT ( 'NONE',  ( -0.4724409448818898127, 0.1102362204724409434, 0.4330708661417322913 ) ) ;
#3094 = EDGE_LOOP ( 'NONE', ( #5226, #4077, #1291, #931 ) ) ;
#3095 = ORIENTED_EDGE ( 'NONE', *, *, #4494, .T. ) ;
#3096 = ORIENTED_EDGE ( 'NONE', *, *, #1067, .T. ) ;
#3097 = CARTESIAN_POINT ( 'NONE',  ( -0.4291338582677167723, 0.008153810282951248420, -0.1968503937005643134 ) ) ;
#3098 = LINE ( 'NONE', #600, #2540 ) ;
#3099 = DIRECTION ( 'NONE',  ( 0.000000000000000000, -1.000000000000000000, 0.000000000000000000 ) ) ;
#3100 = LINE ( 'NONE', #654, #3016 ) ;
#3101 = VECTOR ( 'NONE', #1655, 39.37007874015748143 ) ;
#3102 = FACE_OUTER_BOUND ( 'NONE', #3892, .T. ) ;
#3103 = VERTEX_POINT ( 'NONE', #4388 ) ;
#3104 = DIRECTION ( 'NONE',  ( 0.000000000000000000, -1.000000000000000000, 0.000000000000000000 ) ) ;
#3105 = CARTESIAN_POINT ( 'NONE',  ( -0.5033731920003856608, 0.8858267716535445091, 0.4885915128872432289 ) ) ;
#3106 = LINE ( 'NONE', #5114, #394 ) ;
#3107 = AXIS2_PLACEMENT_3D ( 'NONE', #4932, #155, #5030 ) ;
#3108 = EDGE_CURVE ( 'NONE', #2329, #3122, #4416, .T. ) ;
#3109 = CARTESIAN_POINT ( 'NONE',  ( 0.4330708650759841905, 1.273033761033071531, 0.4066082396425196310 ) ) ;
#3110 = CARTESIAN_POINT ( 'NONE',  ( -0.5118114565303150121, 0.9620840030909438845, 0.5621299415342516648 ) ) ;
#3111 = VERTEX_POINT ( 'NONE', #738 ) ;
#3112 = EDGE_CURVE ( 'NONE', #2373, #721, #2447, .T. ) ;
#3113 = ORIENTED_EDGE ( 'NONE', *, *, #5204, .F. ) ;
#3114 = CARTESIAN_POINT ( 'NONE',  ( -0.4133858267716535861, 1.361104126757873845, -0.9635230027740157022 ) ) ;
#3115 = CARTESIAN_POINT ( 'NONE',  ( -0.4044097624488109943, 0.7480314960629921295, -0.3204708727953543557 ) ) ;
#3116 = CARTESIAN_POINT ( 'NONE',  ( -0.4520162457299212733, 1.374318383252755016, 0.1785728448203936780 ) ) ;
#3117 = ORIENTED_EDGE ( 'NONE', *, *, #1910, .F. ) ;
#3118 = EDGE_CURVE ( 'NONE', #4491, #94, #2360, .T. ) ;
#3119 = CARTESIAN_POINT ( 'NONE',  ( 0.4556631208935793542, 0.9823128804619161158, 0.5041197821807832380 ) ) ;
#3120 = DIRECTION ( 'NONE',  ( 0.000000000000000000, 1.000000000000000000, 0.000000000000000000 ) ) ;
#3121 = ORIENTED_EDGE ( 'NONE', *, *, #4135, .T. ) ;
#3122 = VERTEX_POINT ( 'NONE', #1991 ) ;
#3123 = PLANE ( 'NONE',  #4118 ) ;
#3124 = LINE ( 'NONE', #1432, #508 ) ;
#3125 = LINE ( 'NONE', #626, #2567 ) ;
#3126 = FACE_OUTER_BOUND ( 'NONE', #4786, .T. ) ;
#3127 = DIRECTION ( 'NONE',  ( 1.000000000000000000, 0.000000000000000000, 0.000000000000000000 ) ) ;
#3128 = AXIS2_PLACEMENT_3D ( 'NONE', #3401, #4642, #1394 ) ;
#3129 = ORIENTED_EDGE ( 'NONE', *, *, #43, .F. ) ;
#3130 = LINE ( 'NONE', #2262, #1725 ) ;
#3131 = CARTESIAN_POINT ( 'NONE',  ( 0.5905511811023621549, 1.394815195778346339, -0.8242351536968504089 ) ) ;
#3132 = DIRECTION ( 'NONE',  ( 1.000000000000000000, 0.000000000000000000, 0.000000000000000000 ) ) ;
#3133 = CARTESIAN_POINT ( 'NONE',  ( 0.4330708744842519664, 1.319602536901969714, 0.2606668281366144035 ) ) ;
#3134 = CARTESIAN_POINT ( 'NONE',  ( -0.5118110254413382743, 1.324326813297245220, 0.3460489595727164747 ) ) ;
#3135 = ORIENTED_EDGE ( 'NONE', *, *, #3888, .F. ) ;
#3136 = DIRECTION ( 'NONE',  ( 0.000000000000000000, -0.7071067811865475727, 0.7071067811865475727 ) ) ;
#3137 = VERTEX_POINT ( 'NONE', #4902 ) ;
#3138 = APPROVAL_PERSON_ORGANIZATION ( #3037, #1718, #3403 ) ;
#3139 = CARTESIAN_POINT ( 'NONE',  ( 0.3730328494048028576, 0.0003345857332639761588, -0.3531182879054720614 ) ) ;
#3140 = FACE_OUTER_BOUND ( 'NONE', #4776, .T. ) ;
#3141 = CARTESIAN_POINT ( 'NONE',  ( -0.4330707325224404380, 0.9762628627125994329, 0.5134339482393696086 ) ) ;
#3142 = EDGE_LOOP ( 'NONE', ( #922, #773, #3856, #2670, #815, #3709 ) ) ;
#3143 = EDGE_CURVE ( 'NONE', #3383, #1054, #1650, .T. ) ;
#3144 = CARTESIAN_POINT ( 'NONE',  ( 0.3090744190237795230, 0.7007874015748031260, -0.2952755905511810774 ) ) ;
#3145 = ADVANCED_FACE ( 'NONE', ( #5214 ), #3260, .T. ) ;
#3146 = CARTESIAN_POINT ( 'NONE',  ( -0.4977455436978137082, 0.9813833398664055796, 0.5095893416054648739 ) ) ;
#3147 = ORIENTED_EDGE ( 'NONE', *, *, #464, .F. ) ;
#3148 = ORIENTED_EDGE ( 'NONE', *, *, #1926, .F. ) ;
#3149 = DIRECTION ( 'NONE',  ( 1.000000000000000000, 0.000000000000000000, 0.000000000000000000 ) ) ;
#3150 = CARTESIAN_POINT ( 'NONE',  ( -0.3737226382415788084, 0.02948353850945078722, -0.3927843621303211408 ) ) ;
#3151 = CARTESIAN_POINT ( 'NONE',  ( 0.5905511811023621549, 1.400441375119293230, -0.9619155229622696757 ) ) ;
#3152 = EDGE_CURVE ( 'NONE', #2292, #2329, #3663, .T. ) ;
#3153 = PLANE ( 'NONE',  #673 ) ;
#3154 = ORIENTED_EDGE ( 'NONE', *, *, #826, .T. ) ;
#3155 = CARTESIAN_POINT ( 'NONE',  ( 9.642888182262618425E-18, 0.04724409448818897572, -0.2362204724409449064 ) ) ;
#3156 = DIRECTION ( 'NONE',  ( 0.000000000000000000, -1.000000000000000000, 0.000000000000000000 ) ) ;
#3157 = CARTESIAN_POINT ( 'NONE',  ( 0.3784930362755578592, 0.8031269105627756311, -0.3571982381430038878 ) ) ;
#3158 = CONICAL_SURFACE ( 'NONE', #1977, 0.04736325098448346260, 0.7854202572323731868 ) ;
#3159 = CARTESIAN_POINT ( 'NONE',  ( 0.4520166485704725234, 0.9996213901267715363, 0.5877089301220472795 ) ) ;
#3160 = CARTESIAN_POINT ( 'NONE',  ( -0.5118110254413388294, 1.300087133847638521, 0.3384909505971261945 ) ) ;
#3161 = ORIENTED_EDGE ( 'NONE', *, *, #3958, .T. ) ;
#3162 = DIRECTION ( 'NONE',  ( 0.000000000000000000, -1.000000000000000000, 0.000000000000000000 ) ) ;
#3163 = ORIENTED_EDGE ( 'NONE', *, *, #2142, .T. ) ;
#3164 = CARTESIAN_POINT ( 'NONE',  ( -0.3090744190841441252, 0.6417318067187284258, -0.3228351587059475891 ) ) ;
#3165 = CARTESIAN_POINT ( 'NONE',  ( 0.3940434176657480192, 0.04315219661850396016, -0.3894517762048818055 ) ) ;
#3166 = CARTESIAN_POINT ( 'NONE',  ( -0.4520166485704725234, 0.9996213901267715363, 0.5877089301220472795 ) ) ;
#3167 = ORIENTED_EDGE ( 'NONE', *, *, #580, .F. ) ;
#3168 = CARTESIAN_POINT ( 'NONE',  ( 0.4373623422571181751, 0.9793407701311732660, 0.5217085658273481474 ) ) ;
#3169 = EDGE_CURVE ( 'NONE', #4236, #3445, #1962, .T. ) ;
#3170 = CARTESIAN_POINT ( 'NONE',  ( -0.5002075306942744826, 0.9810064084488601122, 0.5118175208288071598 ) ) ;
#3171 = EDGE_CURVE ( 'NONE', #1612, #2220, #57, .T. ) ;
#3172 =( BOUNDED_SURFACE ( )  B_SPLINE_SURFACE ( 3, 3, ( 
 ( #470, #4921, #1587, #3278, #4058, #1265, #4466, #1643, #2887, #51, #4541, #1244, #2089, #414 ),
 ( #3707, #4517, #73, #3629, #2038, #1692, #2509, #2416, #1292, #2463, #4843, #4084, #2814, #5261 ),
 ( #4492, #25, #3299, #3202, #390, #3255, #2011, #864, #3681, #2905, #2486, #3227, #2837, #841 ),
 ( #3658, #888, #1614, #4030, #4440, #494, #2062, #1668, #2112, #1190, #789, #1218, #817, #2440 ),
 ( #567, #995, #615, #4182, #1019, #97, #1344, #542, #2956, #3430, #147, #2588, #4591, #1419 ),
 ( #4566, #3009, #1770, #1319, #2192, #5020, #4212, #4238, #4266, #1371, #3375, #2612, #3402, #1716 ),
 ( #2561, #1794, #941, #2982, #5044, #3814, #3036, #4617, #592, #2165, #2217, #4994, #4643, #3837 ) ),
 .UNSPECIFIED., .F., .F., .T. ) 
 B_SPLINE_SURFACE_WITH_KNOTS ( ( 4, 3, 4 ),
 ( 4, 1, 1, 1, 1, 1, 1, 1, 1, 1, 1, 4 ),
 ( 0.000000000000000000, 1.000000000000000000, 2.000000000000000000 ),
 ( -0.009854795995226999297, 0.000000000000000000, 0.1111111111111000027, 0.2222222222222000054, 0.3333333333333000081, 0.4444444444444000109, 0.5555555555555999891, 0.6666666666667000474, 0.7777777777777999946, 0.8888888888888999418, 1.000000000000000000, 1.007861540024999947 ),
 .UNSPECIFIED. ) 
 GEOMETRIC_REPRESENTATION_ITEM ( )  RATIONAL_B_SPLINE_SURFACE ( (
 ( 1.202333763987999848, 1.202333763987999848, 1.202333763987999848, 1.202333763987999848, 1.202333763987999848, 1.202333763987999848, 1.202333763987999848, 1.202333763987999848, 1.202333763987999848, 1.202333763987999848, 1.202333763987999848, 1.202333763987999848, 1.202333763987999848, 1.202333763987999848),
 ( 0.9325554120039000194, 0.9325554120039000194, 0.9325554120039000194, 0.9325554120039000194, 0.9325554120039000194, 0.9325554120039000194, 0.9325554120039000194, 0.9325554120039000194, 0.9325554120039000194, 0.9325554120039000194, 0.9325554120039000194, 0.9325554120039000194, 0.9325554120039000194, 0.9325554120039000194),
 ( 0.9325554120039000194, 0.9325554120039000194, 0.9325554120039000194, 0.9325554120039000194, 0.9325554120039000194, 0.9325554120039000194, 0.9325554120039000194, 0.9325554120039000194, 0.9325554120039000194, 0.9325554120039000194, 0.9325554120039000194, 0.9325554120039000194, 0.9325554120039000194, 0.9325554120039000194),
 ( 1.202333763987999848, 1.202333763987999848, 1.202333763987999848, 1.202333763987999848, 1.202333763987999848, 1.202333763987999848, 1.202333763987999848, 1.202333763987999848, 1.202333763987999848, 1.202333763987999848, 1.202333763987999848, 1.202333763987999848, 1.202333763987999848, 1.202333763987999848),
 ( 0.9325554120039000194, 0.9325554120039000194, 0.9325554120039000194, 0.9325554120039000194, 0.9325554120039000194, 0.9325554120039000194, 0.9325554120039000194, 0.9325554120039000194, 0.9325554120039000194, 0.9325554120039000194, 0.9325554120039000194, 0.9325554120039000194, 0.9325554120039000194, 0.9325554120039000194),
 ( 0.9325554120039000194, 0.9325554120039000194, 0.9325554120039000194, 0.9325554120039000194, 0.9325554120039000194, 0.9325554120039000194, 0.9325554120039000194, 0.9325554120039000194, 0.9325554120039000194, 0.9325554120039000194, 0.9325554120039000194, 0.9325554120039000194, 0.9325554120039000194, 0.9325554120039000194),
 ( 1.202333763987999848, 1.202333763987999848, 1.202333763987999848, 1.202333763987999848, 1.202333763987999848, 1.202333763987999848, 1.202333763987999848, 1.202333763987999848, 1.202333763987999848, 1.202333763987999848, 1.202333763987999848, 1.202333763987999848, 1.202333763987999848, 1.202333763987999848) ) ) 
 REPRESENTATION_ITEM ( '' )  SURFACE ( )  );
#3173 = ORIENTED_EDGE ( 'NONE', *, *, #3505, .T. ) ;
#3174 = EDGE_LOOP ( 'NONE', ( #2752, #4676, #4318, #1628 ) ) ;
#3175 = ADVANCED_FACE ( 'NONE', ( #3181 ), #2758, .T. ) ;
#3176 = EDGE_LOOP ( 'NONE', ( #1785, #393, #3277, #3942, #1710, #3628 ) ) ;
#3177 = EDGE_CURVE ( 'NONE', #3281, #1612, #449, .T. ) ;
#3178 = CARTESIAN_POINT ( 'NONE',  ( -0.4094488188976614373, 0.000000000000000000, -0.1949011906772059044 ) ) ;
#3179 = CARTESIAN_POINT ( 'NONE',  ( -0.3743919981634665217, 0.01541892298932595953, -0.3860418718250346881 ) ) ;
#3180 = VECTOR ( 'NONE', #906, 39.37007874015748143 ) ;
#3181 = FACE_OUTER_BOUND ( 'NONE', #268, .T. ) ;
#3182 = PERSON_AND_ORGANIZATION_ROLE ( 'design_owner' ) ;
#3183 = CARTESIAN_POINT ( 'NONE',  ( -0.3307086614173228023, 0.7007874015748031260, 0.000000000000000000 ) ) ;
#3184 = AXIS2_PLACEMENT_3D ( 'NONE', #1005, #3025, #1087 ) ;
#3185 = ORIENTED_EDGE ( 'NONE', *, *, #2954, .F. ) ;
#3186 = ADVANCED_FACE ( 'NONE', ( #2869 ), #2068, .T. ) ;
#3187 = CARTESIAN_POINT ( 'NONE',  ( -0.3510328864857393816, 0.7007874015748031260, -0.3464566929133858775 ) ) ;
#3188 = DIRECTION ( 'NONE',  ( -1.000000000000000000, 0.000000000000000000, 0.000000000000000000 ) ) ;
#3189 = CARTESIAN_POINT ( 'NONE',  ( 0.5314960629921260393, 1.355477947416535489, -0.8258426335086613834 ) ) ;
#3190 = AXIS2_PLACEMENT_3D ( 'NONE', #861, #2482, #4105 ) ;
#3191 = CARTESIAN_POINT ( 'NONE',  ( 0.3707094442763776421, 0.7946635107271655674, -0.3697168605055513035 ) ) ;
#3192 = CARTESIAN_POINT ( 'NONE',  ( -0.4928656329681097570, 1.380486737113778117, 0.07570917925389766823 ) ) ;
#3193 = B_SPLINE_CURVE_WITH_KNOTS ( 'NONE', 3,
 ( #1966, #5218, #2761, #3584, #5164, #2363, #4390, #4769, #260, #233, #1060, #1570, #4362 ),
 .UNSPECIFIED., .F., .F.,
 ( 4, 1, 1, 1, 1, 1, 1, 1, 1, 1, 4 ),
 ( -0.001993255970296765010, 0.1091178551408109876, 0.2202289662519185121, 0.3313400773630265084, 0.4424511884741340051, 0.5535622995853419770, 0.6646734106964500288, 0.7757845218075569704, 0.8868956329186650223, 0.9980067440297729631, 1.000087390469120097 ),
 .UNSPECIFIED. ) ;
#3194 = VERTEX_POINT ( 'NONE', #1675 ) ;
#3195 = ORIENTED_EDGE ( 'NONE', *, *, #744, .T. ) ;
#3196 = CARTESIAN_POINT ( 'NONE',  ( -0.4724409448818898127, 1.338215086886220595, 0.07872548081094488115 ) ) ;
#3197 = AXIS2_PLACEMENT_3D ( 'NONE', #2302, #1505, #3120 ) ;
#3198 = FACE_OUTER_BOUND ( 'NONE', #757, .T. ) ;
#3199 = PLANE ( 'NONE',  #3511 ) ;
#3200 = CARTESIAN_POINT ( 'NONE',  ( -0.4330708643224404075, 1.324326813297245220, 0.3460489595727164747 ) ) ;
#3201 = ORIENTED_EDGE ( 'NONE', *, *, #2915, .F. ) ;
#3202 = CARTESIAN_POINT ( 'NONE',  ( 0.5118113482740158648, 1.066174066587401104, 0.5768978903822830073 ) ) ;
#3203 = CARTESIAN_POINT ( 'NONE',  ( -0.7362204724409449064, 0.6417322834645668994, 0.000000000000000000 ) ) ;
#3204 = ORIENTED_EDGE ( 'NONE', *, *, #4928, .F. ) ;
#3205 = LINE ( 'NONE', #4414, #2757 ) ;
#3206 = PLANE ( 'NONE',  #3554 ) ;
#3207 = DIRECTION ( 'NONE',  ( 0.1961161351382030571, 0.000000000000000000, -0.9805806756909162258 ) ) ;
#3208 = CARTESIAN_POINT ( 'NONE',  ( 0.3968656844769590797, 0.01968501698372271749, -0.3581912623963866560 ) ) ;
#3209 = ORIENTED_EDGE ( 'NONE', *, *, #1591, .T. ) ;
#3210 = CARTESIAN_POINT ( 'NONE',  ( -0.4094488188976377896, 0.000000000000000000, 0.000000000000000000 ) ) ;
#3211 = DIRECTION ( 'NONE',  ( 0.000000000000000000, -0.04082998721851680002, 0.9991661083842544588 ) ) ;
#3212 = DIRECTION ( 'NONE',  ( 0.000000000000000000, 0.9991661083842544588, 0.04082998721851682083 ) ) ;
#3213 = CARTESIAN_POINT ( 'NONE',  ( 0.3943542562204728208, 0.7668346472299215622, -0.3678709793194482880 ) ) ;
#3214 = EDGE_CURVE ( 'NONE', #3865, #1193, #1140, .T. ) ;
#3215 = LINE ( 'NONE', #1634, #245 ) ;
#3216 = VECTOR ( 'NONE', #163, 39.37007874015748143 ) ;
#3217 = ORIENTED_EDGE ( 'NONE', *, *, #3489, .T. ) ;
#3218 = VERTEX_POINT ( 'NONE', #2422 ) ;
#3219 = CARTESIAN_POINT ( 'NONE',  ( -0.7362204724409449064, 0.7480314960629921295, 0.000000000000000000 ) ) ;
#3220 = DIRECTION ( 'NONE',  ( 0.000000000000000000, -0.9659258262890756397, 0.2588190451024934280 ) ) ;
#3221 = CIRCLE ( 'NONE', #929, 0.04724409448818896184 ) ;
#3222 = DIRECTION ( 'NONE',  ( 1.000000000000000000, 0.000000000000000000, 0.000000000000000000 ) ) ;
#3223 = VECTOR ( 'NONE', #2437, 39.37007874015748143 ) ;
#3224 = DIRECTION ( 'NONE',  ( -0.7071067811865475727, -0.7071067811865475727, 0.000000000000000000 ) ) ;
#3225 = ORIENTED_EDGE ( 'NONE', *, *, #4928, .T. ) ;
#3226 = CIRCLE ( 'NONE', #3052, 0.1181102362204724532 ) ;
#3227 = CARTESIAN_POINT ( 'NONE',  ( 0.5118109520417321034, 1.362322921841731205, 0.1105964084566534306 ) ) ;
#3228 = CARTESIAN_POINT ( 'NONE',  ( -0.4994219948036169310, 0.9811336692935551662, 0.5110639391182690838 ) ) ;
#3229 = ORIENTED_EDGE ( 'NONE', *, *, #4425, .F. ) ;
#3230 = CARTESIAN_POINT ( 'NONE',  ( 0.7362204724410000845, 0.2480314960629921295, 0.05905511811023622659 ) ) ;
#3231 = CARTESIAN_POINT ( 'NONE',  ( -0.7362204724409449064, 0.7796434537460865677, 0.09842519685038386701 ) ) ;
#3232 = DIRECTION ( 'NONE',  ( 0.000000000000000000, -0.1736481776668244714, 0.9848077530122267831 ) ) ;
#3233 = DIRECTION ( 'NONE',  ( 0.7053798567277103082, -0.7053798567277103082, 0.06984637031077442493 ) ) ;
#3234 = VERTEX_POINT ( 'NONE', #1225 ) ;
#3235 = CARTESIAN_POINT ( 'NONE',  ( 0.3938849861732559021, 0.02644054608852783664, -0.3730947541730842976 ) ) ;
#3236 = ORIENTED_EDGE ( 'NONE', *, *, #5248, .T. ) ;
#3237 = CARTESIAN_POINT ( 'NONE',  ( -0.7362204724409449064, 0.3661417322834645272, 0.000000000000000000 ) ) ;
#3238 = CARTESIAN_POINT ( 'NONE',  ( 0.5004106689709959532, 0.9718195001828984214, 0.5667263924620495885 ) ) ;
#3239 = FACE_OUTER_BOUND ( 'NONE', #5111, .T. ) ;
#3240 = EDGE_CURVE ( 'NONE', #3946, #4379, #1594, .T. ) ;
#3241 = FACE_OUTER_BOUND ( 'NONE', #1044, .T. ) ;
#3242 = EDGE_CURVE ( 'NONE', #4606, #4278, #4274, .T. ) ;
#3243 = ORIENTED_EDGE ( 'NONE', *, *, #671, .F. ) ;
#3244 = VERTEX_POINT ( 'NONE', #2891 ) ;
#3245 = EDGE_CURVE ( 'NONE', #4363, #4722, #4522, .T. ) ;
#3246 = LINE ( 'NONE', #2004, #3927 ) ;
#3247 = VECTOR ( 'NONE', #601, 39.37007874015748143 ) ;
#3248 = LINE ( 'NONE', #2058, #2201 ) ;
#3249 = CYLINDRICAL_SURFACE ( 'NONE', #1901, 0.01968503937007875723 ) ;
#3250 = CARTESIAN_POINT ( 'NONE',  ( 0.3090744190237752487, 0.6417322834645668994, -0.2952755905511810774 ) ) ;
#3251 = AXIS2_PLACEMENT_3D ( 'NONE', #2284, #3528, #1914 ) ;
#3252 = ORIENTED_EDGE ( 'NONE', *, *, #613, .T. ) ;
#3253 = EDGE_CURVE ( 'NONE', #4339, #4919, #3713, .T. ) ;
#3254 = EDGE_CURVE ( 'NONE', #2517, #95, #115, .T. ) ;
#3255 = CARTESIAN_POINT ( 'NONE',  ( 0.5118110468877952179, 1.207455842714960870, 0.5289542651480312330 ) ) ;
#3256 = CARTESIAN_POINT ( 'NONE',  ( 0.4291338582677165503, 0.8587330688320670147, -0.07361607859181910907 ) ) ;
#3257 = ORIENTED_EDGE ( 'NONE', *, *, #5169, .F. ) ;
#3258 = CARTESIAN_POINT ( 'NONE',  ( -0.4040021734014000443, 0.7635112269786772377, -0.3225088180323621989 ) ) ;
#3259 = CARTESIAN_POINT ( 'NONE',  ( -0.3748064449144479227, 0.01126543486409066659, -0.3819014399853979391 ) ) ;
#3260 = PLANE ( 'NONE',  #608 ) ;
#3261 = VECTOR ( 'NONE', #5153, 39.37007874015748143 ) ;
#3262 = PLANE ( 'NONE',  #4943 ) ;
#3263 = CARTESIAN_POINT ( 'NONE',  ( 0.4771542143192913921, 1.168456205718503949, 0.4764869304539366968 ) ) ;
#3264 = EDGE_LOOP ( 'NONE', ( #4303, #4634, #3426, #4293, #3043 ) ) ;
#3265 = VECTOR ( 'NONE', #2185, 39.37007874015748143 ) ;
#3266 = DIRECTION ( 'NONE',  ( 0.000000000000000000, -0.2588190451019271587, -0.9659258262892274072 ) ) ;
#3267 = CARTESIAN_POINT ( 'NONE',  ( -0.5088670169952763667, 0.8858267717026752086, 0.5433070866141590516 ) ) ;
#3268 = FACE_OUTER_BOUND ( 'NONE', #2489, .T. ) ;
#3269 = CARTESIAN_POINT ( 'NONE',  ( 0.4724409448818898127, 0.9699109393618169372, 0.5782418661775322599 ) ) ;
#3270 = ORIENTED_EDGE ( 'NONE', *, *, #1568, .F. ) ;
#3271 = ORIENTED_EDGE ( 'NONE', *, *, #5216, .F. ) ;
#3272 = DIRECTION ( 'NONE',  ( 0.000000000000000000, 0.000000000000000000, 1.000000000000000000 ) ) ;
#3273 = VECTOR ( 'NONE', #3925, 39.37007874015748143 ) ;
#3274 = CARTESIAN_POINT ( 'NONE',  ( -0.7362204724409449064, 0.7796434537460865677, 0.09842519685038386701 ) ) ;
#3275 = CARTESIAN_POINT ( 'NONE',  ( -0.7362204724409449064, 0.7007874015748031260, -0.3425196850393700809 ) ) ;
#3276 = CARTESIAN_POINT ( 'NONE',  ( -0.4520162992326767770, 1.294988146364566717, 0.1066229451681495605 ) ) ;
#3277 = ORIENTED_EDGE ( 'NONE', *, *, #3435, .T. ) ;
#3278 = CARTESIAN_POINT ( 'NONE',  ( 0.4677276393637795349, 1.066505621903150347, 0.5908359849011820542 ) ) ;
#3279 = CARTESIAN_POINT ( 'NONE',  ( -0.3707094464584643756, 0.7946635106488192379, -0.3697168614797639585 ) ) ;
#3280 = EDGE_CURVE ( 'NONE', #843, #4401, #2095, .T. ) ;
#3281 = VERTEX_POINT ( 'NONE', #1862 ) ;
#3282 = CARTESIAN_POINT ( 'NONE',  ( -0.3153829181790954728, 0.6417314361664916422, -0.3228357530710292411 ) ) ;
#3283 = CARTESIAN_POINT ( 'NONE',  ( -0.4419414965383109961, 0.9722787151183576171, 0.5639702560289020505 ) ) ;
#3284 = DIRECTION ( 'NONE',  ( 0.000000000000000000, -0.9991661083842034996, -0.04082998721976242168 ) ) ;
#3285 = CARTESIAN_POINT ( 'NONE',  ( 0.4520160936728346290, 1.064549915172047889, 0.5086209699374015791 ) ) ;
#3286 = PLANE ( 'NONE',  #3107 ) ;
#3287 = FACE_OUTER_BOUND ( 'NONE', #4222, .T. ) ;
#3288 = CARTESIAN_POINT ( 'NONE',  ( 0.4724409448818898127, 1.355477947416535489, -0.8258426335086613834 ) ) ;
#3289 = CARTESIAN_POINT ( 'NONE',  ( -0.4724409448818898127, 1.355477947416535489, -0.8258426335086613834 ) ) ;
#3290 = CARTESIAN_POINT ( 'NONE',  ( 0.4724409448817259438, 1.066963004812506055, 0.5910409849942166449 ) ) ;
#3291 = ORIENTED_EDGE ( 'NONE', *, *, #4353, .F. ) ;
#3292 = CARTESIAN_POINT ( 'NONE',  ( 0.3987647471428850121, 0.7860600718993169256, -0.3486959493248078523 ) ) ;
#3293 = CARTESIAN_POINT ( 'NONE',  ( 0.000000000000000000, 0.04724409448818897572, -0.1574803149606299191 ) ) ;
#3294 = LINE ( 'NONE', #357, #4301 ) ;
#3295 = CARTESIAN_POINT ( 'NONE',  ( -0.4330709531212597052, 1.127280719502362860, 0.5139594199377947037 ) ) ;
#3296 = EDGE_LOOP ( 'NONE', ( #1446, #2148 ) ) ;
#3297 = ORIENTED_EDGE ( 'NONE', *, *, #4002, .F. ) ;
#3298 = VECTOR ( 'NONE', #3156, 39.37007874015748143 ) ;
#3299 = CARTESIAN_POINT ( 'NONE',  ( 0.5118102786681097971, 1.002067840333858539, 0.5710444181110233552 ) ) ;
#3300 = ADVANCED_FACE ( 'NONE', ( #3446 ), #1062, .T. ) ;
#3301 = CARTESIAN_POINT ( 'NONE',  ( 0.4094488188976377896, 0.8782977321868484788, -0.07665691259544901714 ) ) ;
#3302 = VECTOR ( 'NONE', #537, 39.37007874015748854 ) ;
#3303 = EDGE_CURVE ( 'NONE', #3234, #2357, #3130, .T. ) ;
#3304 = ORIENTED_EDGE ( 'NONE', *, *, #4407, .F. ) ;
#3305 = EDGE_CURVE ( 'NONE', #1642, #3137, #4615, .T. ) ;
#3306 = LINE ( 'NONE', #1720, #4719 ) ;
#3307 = ADVANCED_FACE ( 'NONE', ( #5087 ), #3080, .F. ) ;
#3308 = CARTESIAN_POINT ( 'NONE',  ( 0.4017558392893699204, 0.7969622002515756032, -0.3501644923931102049 ) ) ;
#3309 = CARTESIAN_POINT ( 'NONE',  ( -0.4291338582677165503, 0.7971813003004447618, -0.1968503937008015958 ) ) ;
#3310 = ORIENTED_EDGE ( 'NONE', *, *, #5240, .T. ) ;
#3311 = PLANE ( 'NONE',  #2380 ) ;
#3312 = EDGE_CURVE ( 'NONE', #5165, #1951, #3317, .T. ) ;
#3313 = LINE ( 'NONE', #556, #111 ) ;
#3314 = DIRECTION ( 'NONE',  ( 0.000000000000000000, -1.000000000000000000, 3.300461595701484956E-14 ) ) ;
#3315 = CARTESIAN_POINT ( 'NONE',  ( 0.4724409448820252044, 1.003897032081976448, 0.5853395436019109832 ) ) ;
#3316 = ORIENTED_EDGE ( 'NONE', *, *, #16, .F. ) ;
#3317 = B_SPLINE_CURVE_WITH_KNOTS ( 'NONE', 3,
 ( #1515, #3931, #2630, #2732, #4716, #3877, #3055, #4693, #4284, #1489, #1466, #235, #5112 ),
 .UNSPECIFIED., .F., .F.,
 ( 4, 2, 2, 1, 2, 2, 4 ),
 ( 0.000000000000000000, 0.2500000000000042744, 0.3750000000000032752, 0.4375000000000012768, 0.4687499999999987232, 0.4999999999999962252, 1.000000000000000000 ),
 .UNSPECIFIED. ) ;
#3318 = CARTESIAN_POINT ( 'NONE',  ( -0.3934329974351929438, 0.02964600162378362019, -0.3753546978633976461 ) ) ;
#3319 = CARTESIAN_POINT ( 'NONE',  ( -0.3736259074268110103, 0.000000000000000000, -0.3937007874015748254 ) ) ;
#3320 = CARTESIAN_POINT ( 'NONE',  ( 0.4347169191515116715, 0.9743415884255549608, 0.5515998675217620439 ) ) ;
#3321 = CARTESIAN_POINT ( 'NONE',  ( -0.4771542127574803782, 1.299340390942127055, 0.07261834162279535987 ) ) ;
#3322 = ORIENTED_EDGE ( 'NONE', *, *, #3738, .F. ) ;
#3323 = VECTOR ( 'NONE', #505, 39.37007874015748143 ) ;
#3324 = CARTESIAN_POINT ( 'NONE',  ( -0.3090744190841441252, 0.6417318067187284258, -0.3228351587059475891 ) ) ;
#3325 = CARTESIAN_POINT ( 'NONE',  ( -0.4291338582677165503, 0.8257125336188976261, -0.1968503937007874127 ) ) ;
#3326 = AXIS2_PLACEMENT_3D ( 'NONE', #3957, #2655, #4771 ) ;
#3327 = DIRECTION ( 'NONE',  ( 1.000000000000000000, 0.000000000000000000, 0.000000000000000000 ) ) ;
#3328 = VERTEX_POINT ( 'NONE', #210 ) ;
#3329 = EDGE_CURVE ( 'NONE', #2960, #1071, #1037, .T. ) ;
#3330 = DIRECTION ( 'NONE',  ( 0.000000000000000000, 0.9659258262890756397, -0.2588190451024934280 ) ) ;
#3331 = B_SPLINE_CURVE_WITH_KNOTS ( 'NONE', 3,
 ( #5078, #1025, #152, #2616 ),
 .UNSPECIFIED., .F., .F.,
 ( 4, 4 ),
 ( 0.000000000000000000, 1.000000000000000000 ),
 .UNSPECIFIED. ) ;
#3332 = EDGE_CURVE ( 'NONE', #4750, #4125, #2679, .T. ) ;
#3333 = CARTESIAN_POINT ( 'NONE',  ( 0.3810059412046454819, 0.7578458008692912085, -0.3979780167472442565 ) ) ;
#3334 = EDGE_CURVE ( 'NONE', #353, #3793, #658, .T. ) ;
#3335 = ORIENTED_EDGE ( 'NONE', *, *, #5138, .T. ) ;
#3336 = FACE_OUTER_BOUND ( 'NONE', #4872, .T. ) ;
#3337 = DIRECTION ( 'NONE',  ( -1.000000000000000000, 0.000000000000000000, 0.000000000000000000 ) ) ;
#3338 = CARTESIAN_POINT ( 'NONE',  ( -0.3307086614173228023, 0.7007874015748031260, 0.000000000000000000 ) ) ;
#3339 = CARTESIAN_POINT ( 'NONE',  ( -0.4094488188976496135, 2.205058946059074643E-17, 0.000000000000000000 ) ) ;
#3340 = CARTESIAN_POINT ( 'NONE',  ( 0.3090744190237795230, 0.6417325327856220341, -0.3228355242500574596 ) ) ;
#3341 = ADVANCED_FACE ( 'NONE', ( #605 ), #5139, .F. ) ;
#3342 = ORIENTED_EDGE ( 'NONE', *, *, #755, .F. ) ;
#3343 = LINE ( 'NONE', #1711, #3180 ) ;
#3344 = LINE ( 'NONE', #2186, #3981 ) ;
#3345 = CARTESIAN_POINT ( 'NONE',  ( -0.3867655948397245025, -0.003139530132743699031, -0.3662765725985434040 ) ) ;
#3346 = DIRECTION ( 'NONE',  ( 0.7071067811865474617, -0.7071067811865474617, 0.000000000000000000 ) ) ;
#3347 = CARTESIAN_POINT ( 'NONE',  ( 0.5088670120633315141, 0.8858267716535432879, 0.5433070866141536115 ) ) ;
#3348 = ORIENTED_EDGE ( 'NONE', *, *, #2303, .F. ) ;
#3349 = VECTOR ( 'NONE', #2227, 39.37007874015748143 ) ;
#3350 = DIRECTION ( 'NONE',  ( 0.000000000000000000, -0.2588190451024934280, -0.9659258262890756397 ) ) ;
#3351 = DATE_AND_TIME ( #1420, #4128 ) ;
#3352 = VECTOR ( 'NONE', #2083, 39.37007874015748143 ) ;
#3353 = CYLINDRICAL_SURFACE ( 'NONE', #3468, 0.007874015748031516770 ) ;
#3354 = ORIENTED_EDGE ( 'NONE', *, *, #4584, .T. ) ;
#3355 = CARTESIAN_POINT ( 'NONE',  ( -0.4724409448818898127, 1.392403976060718529, -0.7652292811545217122 ) ) ;
#3356 = CARTESIAN_POINT ( 'NONE',  ( 0.4771542116614171380, 1.308332790401968371, 0.4238574443283462667 ) ) ;
#3357 = EDGE_LOOP ( 'NONE', ( #4626, #466, #3209, #3378 ) ) ;
#3358 = ORIENTED_EDGE ( 'NONE', *, *, #485, .T. ) ;
#3359 = DIRECTION ( 'NONE',  ( -0.7140055472954113247, 0.7001400420140103664, 0.000000000000000000 ) ) ;
#3360 = LINE ( 'NONE', #83, #2119 ) ;
#3361 = PLANE ( 'NONE',  #3071 ) ;
#3362 = CARTESIAN_POINT ( 'NONE',  ( -0.4895558445780827661, 0.9705373728606306871, 0.5744689788257034690 ) ) ;
#3363 = CARTESIAN_POINT ( 'NONE',  ( 0.4094488188976377896, 0.8452491089139901881, -0.1999960537695645857 ) ) ;
#3364 = ORIENTED_EDGE ( 'NONE', *, *, #4356, .F. ) ;
#3365 = DIRECTION ( 'NONE',  ( 0.000000000000000000, 0.9848077530122266721, 0.1736481776668244437 ) ) ;
#3366 = DIRECTION ( 'NONE',  ( 0.000000000000000000, 0.000000000000000000, 1.000000000000000000 ) ) ;
#3367 = CARTESIAN_POINT ( 'NONE',  ( -0.3940370718854331322, 0.03187399778829921870, -0.3894835019089372130 ) ) ;
#3368 = EDGE_CURVE ( 'NONE', #2174, #2686, #2338, .T. ) ;
#3369 = PLANE ( 'NONE',  #4593 ) ;
#3370 =( BOUNDED_CURVE ( )  B_SPLINE_CURVE ( 3, ( #135, #2549, #1759, #3363 ),
 .UNSPECIFIED., .F., .T. ) 
 B_SPLINE_CURVE_WITH_KNOTS ( ( 4, 4 ),
 ( 0.05078041218112890054, 1.570796326795000253 ),
 .UNSPECIFIED. ) 
 CURVE ( )  GEOMETRIC_REPRESENTATION_ITEM ( )  RATIONAL_B_SPLINE_CURVE ( ( 1.000000000000000000, 0.8165536858390419761, 0.8165536858390419761, 1.000000000000000000 ) ) 
 REPRESENTATION_ITEM ( '' )  );
#3371 = CARTESIAN_POINT ( 'NONE',  ( -0.4677276754444883444, 1.168456205718503949, 0.4764869304539366968 ) ) ;
#3372 = EDGE_LOOP ( 'NONE', ( #273, #1082, #306, #2432, #749, #3975, #3657, #436, #3185, #3982 ) ) ;
#3373 = ORIENTED_EDGE ( 'NONE', *, *, #4918, .T. ) ;
#3374 = LINE ( 'NONE', #448, #2371 ) ;
#3375 = CARTESIAN_POINT ( 'NONE',  ( 0.4928656440338582967, 1.290464043504725211, 0.1697882162372047199 ) ) ;
#3376 = CARTESIAN_POINT ( 'NONE',  ( -0.3752987365094487826, 0.8053054227937010978, -0.3467704112246851045 ) ) ;
#3377 = VECTOR ( 'NONE', #3851, 39.37007874015748143 ) ;
#3378 = ORIENTED_EDGE ( 'NONE', *, *, #3305, .F. ) ;
#3379 = FACE_OUTER_BOUND ( 'NONE', #2738, .T. ) ;
#3380 = VECTOR ( 'NONE', #4279, 39.37007874015748143 ) ;
#3381 = AXIS2_PLACEMENT_3D ( 'NONE', #1049, #698, #4321 ) ;
#3382 = CARTESIAN_POINT ( 'NONE',  ( -0.8834645669291339987, 0.8744707376381889441, -0.09093945069118110347 ) ) ;
#3383 = VERTEX_POINT ( 'NONE', #1886 ) ;
#3384 = VERTEX_POINT ( 'NONE', #1938 ) ;
#3385 = VERTEX_POINT ( 'NONE', #3557 ) ;
#3386 = DIRECTION ( 'NONE',  ( -1.000000000000000000, 0.000000000000000000, 0.000000000000000000 ) ) ;
#3387 = DIRECTION ( 'NONE',  ( 0.000000000000000000, -0.9659258262890756397, 0.2588190451024934280 ) ) ;
#3388 = CARTESIAN_POINT ( 'NONE',  ( 0.4800325362221947723, 0.8858251497966341814, 0.5673738603870438491 ) ) ;
#3389 = CARTESIAN_POINT ( 'NONE',  ( -0.5057086673008956978, 0.9728140958956167372, 0.5607700233031307491 ) ) ;
#3390 = LINE ( 'NONE', #3803, #762 ) ;
#3391 = VERTEX_POINT ( 'NONE', #3501 ) ;
#3392 = CARTESIAN_POINT ( 'NONE',  ( 0.000000000000000000, 0.04724409448818897572, -0.1574803149606299191 ) ) ;
#3393 = EDGE_CURVE ( 'NONE', #2136, #3914, #4744, .T. ) ;
#3394 = DIRECTION ( 'NONE',  ( -2.698458740408339945E-14, -1.000000000000000000, 0.000000000000000000 ) ) ;
#3395 = CARTESIAN_POINT ( 'NONE',  ( -0.3937613420114171592, 0.03069814463975590116, -0.3708349206999209668 ) ) ;
#3396 = ADVANCED_FACE ( 'NONE', ( #1090 ), #2708, .T. ) ;
#3397 = DIRECTION ( 'NONE',  ( 0.000000000000000000, -1.000000000000000000, 0.000000000000000000 ) ) ;
#3398 = LINE ( 'NONE', #5040, #590 ) ;
#3399 = EDGE_CURVE ( 'NONE', #4043, #4242, #1036, .T. ) ;
#3400 = ORIENTED_EDGE ( 'NONE', *, *, #554, .T. ) ;
#3401 = CARTESIAN_POINT ( 'NONE',  ( 0.4724409448818898127, 1.394815195778348338, -0.8242351536968997028 ) ) ;
#3402 = CARTESIAN_POINT ( 'NONE',  ( 0.4928656329681097570, 1.296311344516929642, 0.07250296624094480780 ) ) ;
#3403 = APPROVAL_ROLE ( '' ) ;
#3404 = LINE ( 'NONE', #197, #2382 ) ;
#3405 = ADVANCED_FACE ( 'NONE', ( #4803 ), #2057, .T. ) ;
#3406 = ORIENTED_EDGE ( 'NONE', *, *, #2687, .F. ) ;
#3407 = EDGE_CURVE ( 'NONE', #798, #964, #4864, .T. ) ;
#3408 = CARTESIAN_POINT ( 'NONE',  ( -0.4547666703774096986, 0.8858260770701367193, 0.5637146026242755292 ) ) ;
#3409 = VECTOR ( 'NONE', #257, 39.37007874015748854 ) ;
#3410 = PRODUCT ( 'HMX1-SSVRC-DC', 'HMX1-SSVRC-DC', '', ( #5215 ) ) ;
#3411 = CARTESIAN_POINT ( 'NONE',  ( 0.4040021734014000443, 0.7635112269786772377, -0.3225088180323621989 ) ) ;
#3412 = ORIENTED_EDGE ( 'NONE', *, *, #1498, .T. ) ;
#3413 = VERTEX_POINT ( 'NONE', #4402 ) ;
#3414 = ORIENTED_EDGE ( 'NONE', *, *, #2791, .T. ) ;
#3415 = CARTESIAN_POINT ( 'NONE',  ( -0.4497475467382452408, 0.9817197169376045141, 0.5075850209087436893 ) ) ;
#3416 = DIRECTION ( 'NONE',  ( 0.000000000000000000, 0.000000000000000000, -1.000000000000000000 ) ) ;
#3417 = DIRECTION ( 'NONE',  ( 0.000000000000000000, 0.2588190451024934280, 0.9659258262890756397 ) ) ;
#3418 = CARTESIAN_POINT ( 'NONE',  ( -0.6889763779527560139, 0.2480314960629921295, 0.000000000000000000 ) ) ;
#3419 = FACE_OUTER_BOUND ( 'NONE', #1379, .T. ) ;
#3420 = ORIENTED_EDGE ( 'NONE', *, *, #3242, .T. ) ;
#3421 = DIRECTION ( 'NONE',  ( -1.000000000000000000, 0.000000000000000000, 0.000000000000000000 ) ) ;
#3422 = CARTESIAN_POINT ( 'NONE',  ( 0.4391732224762484038, 0.9728140958920661330, 0.5607700233233613440 ) ) ;
#3423 = VECTOR ( 'NONE', #4966, 39.37007874015748143 ) ;
#3424 = CARTESIAN_POINT ( 'NONE',  ( -0.4724409448818898127, 0.8858267716535432879, 0.4885915128872433399 ) ) ;
#3425 = DIRECTION ( 'NONE',  ( 1.000000000000000000, 0.000000000000000000, 0.000000000000000000 ) ) ;
#3426 = ORIENTED_EDGE ( 'NONE', *, *, #1534, .T. ) ;
#3427 = APPROVAL ( #4820, 'UNSPECIFIED' ) ;
#3428 = VECTOR ( 'NONE', #2, 39.37007874015748143 ) ;
#3429 = CARTESIAN_POINT ( 'NONE',  ( -0.6889763779527560139, 6.496927098902835476E-18, 0.5905511811023621549 ) ) ;
#3430 = CARTESIAN_POINT ( 'NONE',  ( 0.5118110152795272150, 1.294697116380315816, 0.2558895842601966453 ) ) ;
#3431 = CARTESIAN_POINT ( 'NONE',  ( -0.3809737849448424640, 0.7442915924433077812, -0.3981387994799211461 ) ) ;
#3432 = ORIENTED_EDGE ( 'NONE', *, *, #4618, .F. ) ;
#3433 = CARTESIAN_POINT ( 'NONE',  ( -0.3346456692913385988, 0.8744707376381889441, -0.09093945069118110347 ) ) ;
#3434 = LOCAL_TIME ( 14, 15, 46.00000000000000000, #2395 ) ;
#3435 = EDGE_CURVE ( 'NONE', #2960, #2048, #4511, .T. ) ;
#3436 = CARTESIAN_POINT ( 'NONE',  ( 0.3933056222567715698, 0.7459533534814958289, -0.3731141491385434605 ) ) ;
#3437 = ORIENTED_EDGE ( 'NONE', *, *, #1983, .F. ) ;
#3438 = ORIENTED_EDGE ( 'NONE', *, *, #1431, .T. ) ;
#3439 = VERTEX_POINT ( 'NONE', #808 ) ;
#3440 = VECTOR ( 'NONE', #2815, 39.37007874015748143 ) ;
#3441 = LINE ( 'NONE', #4359, #3380 ) ;
#3442 = CARTESIAN_POINT ( 'NONE',  ( 0.6889763779527560139, 0.7796434537460865677, 0.09842519685038386701 ) ) ;
#3443 = LINE ( 'NONE', #4361, #3520 ) ;
#3444 = CARTESIAN_POINT ( 'NONE',  ( 0.4094488188976377896, 0.8452491089139901881, -0.1999960537695645857 ) ) ;
#3445 = VERTEX_POINT ( 'NONE', #2433 ) ;
#3446 = FACE_OUTER_BOUND ( 'NONE', #733, .T. ) ;
#3447 = CARTESIAN_POINT ( 'NONE',  ( 0.3736259074414212678, 0.7480314967865374642, -0.3937000493517708311 ) ) ;
#3448 = LINE ( 'NONE', #1065, #2259 ) ;
#3449 = DIRECTION ( 'NONE',  ( 0.000000000000000000, 1.000000000000000000, 0.000000000000000000 ) ) ;
#3450 = CARTESIAN_POINT ( 'NONE',  ( 0.3510328864857480413, 0.000000000000000000, -0.3464566929133858775 ) ) ;
#3451 = EDGE_LOOP ( 'NONE', ( #2557, #279, #3948, #623 ) ) ;
#3452 = B_SPLINE_CURVE_WITH_KNOTS ( 'NONE', 3,
 ( #3269, #3315, #3290, #4482, #86, #435, #3694, #1709, #4958, #482, #1681, #4532 ),
 .UNSPECIFIED., .F., .F.,
 ( 4, 1, 1, 1, 1, 1, 1, 1, 1, 4 ),
 ( 0.001836993487333810115, 0.1111111111111060118, 0.2222222222222119958, 0.3333333333333179938, 0.4444444444444239917, 0.5555555555556299652, 0.6666666666667360186, 0.7777777777778419610, 0.8888888888889480144, 1.000000000000053957 ),
 .UNSPECIFIED. ) ;
#3453 = EDGE_LOOP ( 'NONE', ( #5075, #4006, #879, #2930 ) ) ;
#3454 = CARTESIAN_POINT ( 'NONE',  ( 0.7362204724410000845, 0.3661417322834425447, 0.5905511811023621549 ) ) ;
#3455 = DIRECTION ( 'NONE',  ( 0.000000000000000000, -0.9991661083842544588, -0.04082998721851672369 ) ) ;
#3456 = CARTESIAN_POINT ( 'NONE',  ( -0.3951262834637790933, 0.7717427041614168814, -0.3640108452965351571 ) ) ;
#3457 = ORIENTED_EDGE ( 'NONE', *, *, #4623, .T. ) ;
#3458 = DIRECTION ( 'NONE',  ( -0.9805806756909164479, 0.000000000000000000, 0.1961161351382030849 ) ) ;
#3459 = ADVANCED_FACE ( 'NONE', ( #1260 ), #4914, .T. ) ;
#3460 = VECTOR ( 'NONE', #2552, 39.37007874015748143 ) ;
#3461 = ADVANCED_FACE ( 'NONE', ( #1637 ), #1976, .T. ) ;
#3462 = ORIENTED_EDGE ( 'NONE', *, *, #3152, .F. ) ;
#3463 = VERTEX_POINT ( 'NONE', #1182 ) ;
#3464 = ADVANCED_FACE ( 'NONE', ( #752 ), #1580, .T. ) ;
#3465 = ORIENTED_EDGE ( 'NONE', *, *, #4262, .T. ) ;
#3466 = AXIS2_PLACEMENT_3D ( 'NONE', #3872, #1510, #3072 ) ;
#3467 = FACE_OUTER_BOUND ( 'NONE', #2385, .T. ) ;
#3468 = AXIS2_PLACEMENT_3D ( 'NONE', #2141, #415, #1322 ) ;
#3469 = LINE ( 'NONE', #284, #3247 ) ;
#3470 = DIRECTION ( 'NONE',  ( 0.000000000000000000, 1.000000000000000000, 0.000000000000000000 ) ) ;
#3471 = CARTESIAN_POINT ( 'NONE',  ( -0.3360995313135102247, 0.6417324030489803821, -0.3006806130091212448 ) ) ;
#3472 = AXIS2_PLACEMENT_3D ( 'NONE', #1014, #189, #5065 ) ;
#3473 = VERTEX_POINT ( 'NONE', #1212 ) ;
#3474 = EDGE_CURVE ( 'NONE', #1187, #4379, #3246, .T. ) ;
#3475 = CARTESIAN_POINT ( 'NONE',  ( -0.3968644318445229136, 0.008155415288295707679, -0.3581910231578819270 ) ) ;
#3476 = CARTESIAN_POINT ( 'NONE',  ( 0.3090744190237802447, 0.6548551351745958149, -0.3359574973793201247 ) ) ;
#3477 = FACE_OUTER_BOUND ( 'NONE', #483, .T. ) ;
#3478 = CARTESIAN_POINT ( 'NONE',  ( 0.4520162652535429371, 1.271012220987795427, 0.4898507428720469958 ) ) ;
#3479 = CARTESIAN_POINT ( 'NONE',  ( -0.5118110175389761762, 1.217280286262205413, 0.4480529932035433038 ) ) ;
#3480 = ORIENTED_EDGE ( 'NONE', *, *, #2862, .T. ) ;
#3481 = CARTESIAN_POINT ( 'NONE',  ( 0.3887736748954726540, -0.003615829246629921438, -0.3562361728922050497 ) ) ;
#3482 = CARTESIAN_POINT ( 'NONE',  ( 0.6889763779527560139, 0.2480314960629921295, 0.5610236220472440971 ) ) ;
#3483 = CARTESIAN_POINT ( 'NONE',  ( -0.3905062551246460956, 0.8082295984929134258, -0.3504764485810235031 ) ) ;
#3484 = VERTEX_POINT ( 'NONE', #2377 ) ;
#3485 = DIRECTION ( 'NONE',  ( -0.3713906763540864575, 0.9284766908852660761, 0.000000000000000000 ) ) ;
#3486 = DIRECTION ( 'NONE',  ( 0.000000000000000000, 0.9925530280878339662, 0.1218133261744039908 ) ) ;
#3487 = ORIENTED_EDGE ( 'NONE', *, *, #2538, .T. ) ;
#3488 = VERTEX_POINT ( 'NONE', #4888 ) ;
#3489 = EDGE_CURVE ( 'NONE', #4430, #94, #275, .T. ) ;
#3490 = ORIENTED_EDGE ( 'NONE', *, *, #75, .T. ) ;
#3491 = LINE ( 'NONE', #2909, #3428 ) ;
#3492 = LINE ( 'NONE', #1002, #2039 ) ;
#3493 = ADVANCED_FACE ( 'NONE', ( #2854, #836 ), #355, .T. ) ;
#3494 = CYLINDRICAL_SURFACE ( 'NONE', #3675, 0.04330708661417324162 ) ;
#3495 = LINE ( 'NONE', #3050, #391 ) ;
#3496 = EDGE_CURVE ( 'NONE', #1814, #1552, #3567, .T. ) ;
#3497 = VECTOR ( 'NONE', #1251, 39.37007874015748143 ) ;
#3498 = CARTESIAN_POINT ( 'NONE',  ( 0.4291338582677165503, 0.8426180921244095234, -0.02727797808123515882 ) ) ;
#3499 = EDGE_LOOP ( 'NONE', ( #765, #5001, #3432, #2751 ) ) ;
#3500 = B_SPLINE_CURVE_WITH_KNOTS ( 'NONE', 3,
 ( #784, #3701, #70, #2808, #1979, #3598, #2832, #4461, #810, #882, #187, #1713, #3725, #1788, #3422, #3320, #584, #2133 ),
 .UNSPECIFIED., .F., .F.,
 ( 4, 2, 2, 2, 1, 1, 2, 2, 2, 4 ),
 ( 0.000000000000000000, 0.2499999999999484857, 0.3749999999999240607, 0.4374999999999140687, 0.4687499999999100719, 0.4843749999999081846, 0.4921874999999076294, 0.4999999999999070743, 0.7499999999999535927, 1.000000000000000000 ),
 .UNSPECIFIED. ) ;
#3501 = CARTESIAN_POINT ( 'NONE',  ( 4.339314331911677999E-18, 0.2047244094489011901, -0.1299210205916025707 ) ) ;
#3502 = CARTESIAN_POINT ( 'NONE',  ( -0.4724409448818898127, 1.350655507981495917, -0.7078308884236220733 ) ) ;
#3503 = FACE_OUTER_BOUND ( 'NONE', #3834, .T. ) ;
#3504 = CARTESIAN_POINT ( 'NONE',  ( 0.4330716110956688292, 1.002067840333858539, 0.5710444181110233552 ) ) ;
#3505 = EDGE_CURVE ( 'NONE', #3586, #2879, #5227, .T. ) ;
#3506 = CARTESIAN_POINT ( 'NONE',  ( -0.5118109520417321034, 1.362322921841731205, 0.1105964084566534306 ) ) ;
#3507 = EDGE_LOOP ( 'NONE', ( #2647, #3019, #1122, #1932 ) ) ;
#3508 = ORIENTED_EDGE ( 'NONE', *, *, #4697, .T. ) ;
#3509 = CARTESIAN_POINT ( 'NONE',  ( -0.5314960629921260393, 1.400441375119291232, -0.9619155229622048386 ) ) ;
#3510 = LINE ( 'NONE', #270, #4629 ) ;
#3511 = AXIS2_PLACEMENT_3D ( 'NONE', #1262, #4916, #3222 ) ;
#3512 = CARTESIAN_POINT ( 'NONE',  ( -0.4330708428759841855, 1.192124077002757021, 0.5083279992385822954 ) ) ;
#3513 = ORIENTED_EDGE ( 'NONE', *, *, #574, .F. ) ;
#3514 = VECTOR ( 'NONE', #1745, 39.37007874015748143 ) ;
#3515 = CARTESIAN_POINT ( 'NONE',  ( 0.4346234217463633143, 0.9782924714919554177, 0.5279432474055874014 ) ) ;
#3516 = LINE ( 'NONE', #4032, #2094 ) ;
#3517 = EDGE_LOOP ( 'NONE', ( #3462, #1290, #4230, #545, #1258, #1216, #2252, #153, #3680, #3577, #18, #4757, #2111, #1165 ) ) ;
#3518 = ORIENTED_EDGE ( 'NONE', *, *, #648, .T. ) ;
#3519 = B_SPLINE_CURVE_WITH_KNOTS ( 'NONE', 3,
 ( #1676, #1153, #3715, #3994, #2069, #80 ),
 .UNSPECIFIED., .F., .F.,
 ( 4, 2, 4 ),
 ( 0.000000000000000000, 0.5000000000000000000, 1.000000000000000000 ),
 .UNSPECIFIED. ) ;
#3520 = VECTOR ( 'NONE', #4336, 39.37007874015748143 ) ;
#3521 = CARTESIAN_POINT ( 'NONE',  ( 0.4724409448817763479, 1.237479024172301267, 0.3892340810714437493 ) ) ;
#3522 = CARTESIAN_POINT ( 'NONE',  ( -0.3779527559055118058, 0.6614173228346456046, 0.000000000000000000 ) ) ;
#3523 = DIRECTION ( 'NONE',  ( 1.000000000000000000, 5.564267943477308895E-17, 0.000000000000000000 ) ) ;
#3524 = DIRECTION ( 'NONE',  ( 0.000000000000000000, -0.04082998721851786861, 0.9991661083842544588 ) ) ;
#3525 = VECTOR ( 'NONE', #1011, 39.37007874015748854 ) ;
#3526 = CARTESIAN_POINT ( 'NONE',  ( 0.5025965068708982963, 0.9806082489535523639, 0.5141773827302987820 ) ) ;
#3527 = VERTEX_POINT ( 'NONE', #3596 ) ;
#3528 = DIRECTION ( 'NONE',  ( -1.000000000000000000, 0.000000000000000000, 0.000000000000000000 ) ) ;
#3529 = CARTESIAN_POINT ( 'NONE',  ( 0.4133858267716535861, 1.355477947416535489, -0.8258426335086613834 ) ) ;
#3530 = DIRECTION ( 'NONE',  ( -1.734723475976806897E-15, -0.04082998721851906904, 0.9991661083842543478 ) ) ;
#3531 = CARTESIAN_POINT ( 'NONE',  ( 0.4771542011208665390, 1.148178024062993074, 0.5760305462925195963 ) ) ;
#3532 = CARTESIAN_POINT ( 'NONE',  ( -0.5118110338425203576, 1.313097311661416633, 0.07314233820740147218 ) ) ;
#3533 = ADVANCED_FACE ( 'NONE', ( #4052 ), #2032, .T. ) ;
#3534 = ORIENTED_EDGE ( 'NONE', *, *, #2469, .T. ) ;
#3535 = CARTESIAN_POINT ( 'NONE',  ( 0.4771542117515745196, 1.262667985658268766, 0.3268235414442126618 ) ) ;
#3536 = EDGE_LOOP ( 'NONE', ( #3745, #54, #1904, #4254, #2031, #3513, #2345 ) ) ;
#3537 = EDGE_CURVE ( 'NONE', #4043, #1612, #3007, .T. ) ;
#3538 = CARTESIAN_POINT ( 'NONE',  ( 0.3803152728801966753, 0.04459251221307087426, -0.3985281829688977484 ) ) ;
#3539 = CARTESIAN_POINT ( 'NONE',  ( 0.4724409448818898127, 1.355477947416535489, -0.8258426335086613834 ) ) ;
#3540 = CARTESIAN_POINT ( 'NONE',  ( -0.4330704332334645024, 0.9735311056114165362, 0.5128003185291339916 ) ) ;
#3541 = ORIENTED_EDGE ( 'NONE', *, *, #712, .T. ) ;
#3542 = EDGE_CURVE ( 'NONE', #3993, #751, #2503, .T. ) ;
#3543 = CARTESIAN_POINT ( 'NONE',  ( -0.3779527559055118058, 0.7007874015748031260, 0.05905511811023622659 ) ) ;
#3544 = FACE_OUTER_BOUND ( 'NONE', #2999, .T. ) ;
#3545 =( BOUNDED_SURFACE ( )  B_SPLINE_SURFACE ( 3, 3, ( 
 ( #514, #2159, #487, #562, #2108, #91, #4560, #2581 ),
 ( #141, #4609, #3345, #2977, #1763, #4987, #1339, #4582 ),
 ( #4637, #4233, #934, #3779, #2553, #3367, #5011, #1364 ),
 ( #961, #2187, #3807, #164, #3395, #2211, #3832, #1811 ) ),
 .UNSPECIFIED., .F., .F., .T. ) 
 B_SPLINE_SURFACE_WITH_KNOTS ( ( 4, 4 ),
 ( 4, 1, 1, 1, 1, 4 ),
 ( 0.000000000000000000, 1.000000000000000000 ),
 ( 0.02262092045842000257, 0.2015651506494000045, 0.4026110574157999999, 0.6026547066857000923, 0.8015859527149000741, 0.9855077393936999552 ),
 .UNSPECIFIED. ) 
 GEOMETRIC_REPRESENTATION_ITEM ( )  RATIONAL_B_SPLINE_SURFACE ( (
 ( 1.316895704110000009, 1.316895704110000009, 1.316895704110000009, 1.316895704110000009, 1.316895704110000009, 1.316895704110000009, 1.316895704110000009, 1.316895704110000009),
 ( 0.8943680986301999480, 0.8943680986301999480, 0.8943680986301999480, 0.8943680986301999480, 0.8943680986301999480, 0.8943680986301999480, 0.8943680986301999480, 0.8943680986301999480),
 ( 0.8943680986301999480, 0.8943680986301999480, 0.8943680986301999480, 0.8943680986301999480, 0.8943680986301999480, 0.8943680986301999480, 0.8943680986301999480, 0.8943680986301999480),
 ( 1.316895704110000009, 1.316895704110000009, 1.316895704110000009, 1.316895704110000009, 1.316895704110000009, 1.316895704110000009, 1.316895704110000009, 1.316895704110000009) ) ) 
 REPRESENTATION_ITEM ( '' )  SURFACE ( )  );
#3546 = VERTEX_POINT ( 'NONE', #4535 ) ;
#3547 = EDGE_LOOP ( 'NONE', ( #2276, #4640, #3752, #800, #1537 ) ) ;
#3548 = VERTEX_POINT ( 'NONE', #1286 ) ;
#3549 = DIRECTION ( 'NONE',  ( 0.000000000000000000, 0.000000000000000000, 1.000000000000000000 ) ) ;
#3550 = CARTESIAN_POINT ( 'NONE',  ( -0.3754159284983916711, 0.006366638030946349634, -0.3759084754195556877 ) ) ;
#3551 = DIRECTION ( 'NONE',  ( 0.000000000000000000, 1.000000000000000000, 0.000000000000000000 ) ) ;
#3552 = CALENDAR_DATE ( 2022, 1, 11 ) ;
#3553 = CARTESIAN_POINT ( 'NONE',  ( 0.3360986126121200956, 0.6417319892956417915, -0.3006804294065621996 ) ) ;
#3554 = AXIS2_PLACEMENT_3D ( 'NONE', #310, #1934, #2019 ) ;
#3555 = ORIENTED_EDGE ( 'NONE', *, *, #5045, .F. ) ;
#3556 = CIRCLE ( 'NONE', #4589, 0.04330708661417324162 ) ;
#3557 = CARTESIAN_POINT ( 'NONE',  ( -0.3736259075671732321, 0.03937006814725838716, -0.3936986343757247764 ) ) ;
#3558 = CARTESIAN_POINT ( 'NONE',  ( -0.5088670169952763667, 0.8858267717026752086, 0.5433070866141590516 ) ) ;
#3559 = FACE_OUTER_BOUND ( 'NONE', #5104, .T. ) ;
#3560 = AXIS2_PLACEMENT_3D ( 'NONE', #2919, #4861, #1604 ) ;
#3561 = CARTESIAN_POINT ( 'NONE',  ( 0.4520162992326767770, 1.294988146364566717, 0.1066229451681495605 ) ) ;
#3562 = CARTESIAN_POINT ( 'NONE',  ( -0.4928656329681097570, 1.296311344516929642, 0.07250296624094480780 ) ) ;
#3563 = ORIENTED_EDGE ( 'NONE', *, *, #2691, .T. ) ;
#3564 = CARTESIAN_POINT ( 'NONE',  ( 0.4771542011208665390, 1.122813956465354757, 0.5006918230539377790 ) ) ;
#3565 = ORIENTED_EDGE ( 'NONE', *, *, #4494, .F. ) ;
#3566 = EDGE_CURVE ( 'NONE', #5210, #5080, #3343, .T. ) ;
#3567 = LINE ( 'NONE', #2457, #4809 ) ;
#3568 = CARTESIAN_POINT ( 'NONE',  ( 0.7362204724410000845, 0.4842519685039370358, 0.09842519685039370636 ) ) ;
#3569 = EDGE_CURVE ( 'NONE', #500, #3137, #788, .T. ) ;
#3570 = CARTESIAN_POINT ( 'NONE',  ( -0.4520162611543306896, 1.340408183086221117, 0.3510631817062204174 ) ) ;
#3571 = ORIENTED_EDGE ( 'NONE', *, *, #2772, .F. ) ;
#3572 = VERTEX_POINT ( 'NONE', #1733 ) ;
#3573 = CARTESIAN_POINT ( 'NONE',  ( 0.4724409448818898127, 0.9829178552618170750, 0.5005072367846181702 ) ) ;
#3574 = DIRECTION ( 'NONE',  ( 0.000000000000000000, 0.9991661083842545699, 0.04082998721851829188 ) ) ;
#3575 = EDGE_CURVE ( 'NONE', #938, #1683, #932, .T. ) ;
#3576 = VERTEX_POINT ( 'NONE', #1685 ) ;
#3577 = ORIENTED_EDGE ( 'NONE', *, *, #485, .F. ) ;
#3578 = ORIENTED_EDGE ( 'NONE', *, *, #4425, .T. ) ;
#3579 = B_SPLINE_CURVE_WITH_KNOTS ( 'NONE', 3,
 ( #5186, #3924, #4335, #1086, #1541, #2280, #4767, #5107, #1113, #2257, #1908, #2728 ),
 .UNSPECIFIED., .F., .F.,
 ( 4, 1, 1, 1, 1, 1, 1, 1, 1, 4 ),
 ( 0.001836993487333635124, 0.1111111111111060118, 0.2222222222222119958, 0.3333333333333179938, 0.4444444444444239917, 0.5555555555556299652, 0.6666666666667360186, 0.7777777777778419610, 0.8888888888889480144, 1.000000000000053957 ),
 .UNSPECIFIED. ) ;
#3580 = DIRECTION ( 'NONE',  ( 1.000000000000000000, 0.000000000000000000, 0.000000000000000000 ) ) ;
#3581 = CARTESIAN_POINT ( 'NONE',  ( -0.3768888570255226611, -1.049425523762730236E-10, -0.3610451414951524329 ) ) ;
#3582 = DIRECTION ( 'NONE',  ( 0.000000000000000000, 0.9991661083842544588, 0.04082998721851682083 ) ) ;
#3583 = ORIENTED_EDGE ( 'NONE', *, *, #1664, .T. ) ;
#3584 = CARTESIAN_POINT ( 'NONE',  ( -0.4724409448820078850, 1.280877163956702702, 0.2532387041824429308 ) ) ;
#3585 = AXIS2_PLACEMENT_3D ( 'NONE', #708, #4280, #3099 ) ;
#3586 = VERTEX_POINT ( 'NONE', #4148 ) ;
#3587 = CARTESIAN_POINT ( 'NONE',  ( 0.3835615709968797082, 0.03937006935328415252, -0.3936971207941197815 ) ) ;
#3588 = CARTESIAN_POINT ( 'NONE',  ( -0.6889763779527560139, 0.000000000000000000, 0.000000000000000000 ) ) ;
#3589 = CARTESIAN_POINT ( 'NONE',  ( 0.3736259074414212678, 0.7480314967865374642, -0.3937000493517708311 ) ) ;
#3590 = VECTOR ( 'NONE', #4819, 39.37007874015748143 ) ;
#3591 = CARTESIAN_POINT ( 'NONE',  ( 0.4520160936728346290, 1.066578624900393013, 0.5939049228003934200 ) ) ;
#3592 = CARTESIAN_POINT ( 'NONE',  ( -0.5118109366425196427, 1.143711261025983861, 0.5627629494086615614 ) ) ;
#3593 = ORIENTED_EDGE ( 'NONE', *, *, #423, .T. ) ;
#3594 = CARTESIAN_POINT ( 'NONE',  ( -0.7362204724409449064, 0.7007874015748031260, 0.05905511811023622659 ) ) ;
#3595 = ORIENTED_EDGE ( 'NONE', *, *, #3332, .F. ) ;
#3596 = CARTESIAN_POINT ( 'NONE',  ( 0.7362204724410000845, 0.7487262954153584005, 0.06750803851964075342 ) ) ;
#3597 = FACE_OUTER_BOUND ( 'NONE', #5086, .T. ) ;
#3598 = CARTESIAN_POINT ( 'NONE',  ( 0.4496912138394921765, 0.9710911774250344797, 0.5711214595910993896 ) ) ;
#3599 = CARTESIAN_POINT ( 'NONE',  ( -0.4771542108055114584, 1.268597056832678094, 0.4879720011649605338 ) ) ;
#3600 = CC_DESIGN_PERSON_AND_ORGANIZATION_ASSIGNMENT ( #122, #942, ( #2384 ) ) ;
#3601 = ORIENTED_EDGE ( 'NONE', *, *, #4690, .T. ) ;
#3602 = FACE_OUTER_BOUND ( 'NONE', #734, .T. ) ;
#3603 = CARTESIAN_POINT ( 'NONE',  ( -0.4724409448818898127, 1.338215086886220595, 0.07872548081094488115 ) ) ;
#3604 = AXIS2_PLACEMENT_3D ( 'NONE', #1047, #1126, #1157 ) ;
#3605 = ORIENTED_EDGE ( 'NONE', *, *, #4595, .F. ) ;
#3606 = ORIENTED_EDGE ( 'NONE', *, *, #3253, .T. ) ;
#3607 = FACE_OUTER_BOUND ( 'NONE', #3451, .T. ) ;
#3608 = CARTESIAN_POINT ( 'NONE',  ( 0.3090744190237795230, 0.6417325327856220341, -0.3228355242500574596 ) ) ;
#3609 = ADVANCED_FACE ( 'NONE', ( #2081 ), #1337, .T. ) ;
#3610 = CYLINDRICAL_SURFACE ( 'NONE', #2317, 0.05905511811023615720 ) ;
#3611 = LINE ( 'NONE', #5, #4980 ) ;
#3612 = CARTESIAN_POINT ( 'NONE',  ( 0.3929286765811629834, 0.03937008885517874479, -0.3778763018623665371 ) ) ;
#3613 = CIRCLE ( 'NONE', #2672, 0.07874015748031495954 ) ;
#3614 = ORIENTED_EDGE ( 'NONE', *, *, #2087, .T. ) ;
#3615 = LINE ( 'NONE', #852, #4160 ) ;
#3616 = DIRECTION ( 'NONE',  ( 0.000000000000000000, 0.000000000000000000, 1.000000000000000000 ) ) ;
#3617 = DIRECTION ( 'NONE',  ( -1.000000000000000000, 0.000000000000000000, 0.000000000000000000 ) ) ;
#3618 = AXIS2_PLACEMENT_3D ( 'NONE', #4452, #3212, #432 ) ;
#3619 = CARTESIAN_POINT ( 'NONE',  ( 0.3959557021216532080, 0.7754939271476376517, -0.3598637498142124302 ) ) ;
#3620 = LINE ( 'NONE', #5253, #336 ) ;
#3621 = ORIENTED_EDGE ( 'NONE', *, *, #2598, .T. ) ;
#3622 = VERTEX_POINT ( 'NONE', #560 ) ;
#3623 = DIRECTION ( 'NONE',  ( -1.000000000000000000, 0.000000000000000000, 0.000000000000000000 ) ) ;
#3624 = VECTOR ( 'NONE', #4952, 39.37007874015748143 ) ;
#3625 = CARTESIAN_POINT ( 'NONE',  ( 0.3953478043891125449, 0.01968503937007873988, -0.3657806630937440739 ) ) ;
#3626 = DIRECTION ( 'NONE',  ( 0.000000000000000000, -0.04082998721851680002, 0.9991661083842544588 ) ) ;
#3627 = CARTESIAN_POINT ( 'NONE',  ( -0.4520160375106292983, 0.9582868182098430720, 0.5784933573696845466 ) ) ;
#3628 = ORIENTED_EDGE ( 'NONE', *, *, #4580, .T. ) ;
#3629 = CARTESIAN_POINT ( 'NONE',  ( 0.4928657960909447744, 1.066578624900393013, 0.5939049228003934200 ) ) ;
#3630 = CARTESIAN_POINT ( 'NONE',  ( -0.5031150538980235787, 0.9804922678118205281, 0.5148729560510317826 ) ) ;
#3631 = EDGE_LOOP ( 'NONE', ( #67, #2508 ) ) ;
#3632 = ADVANCED_FACE ( 'NONE', ( #534 ), #2157, .T. ) ;
#3633 = CARTESIAN_POINT ( 'NONE',  ( -0.8834645669291339987, 0.9127442351811162480, -0.1011948034493216492 ) ) ;
#3634 = CARTESIAN_POINT ( 'NONE',  ( 0.4724409448818898127, 0.8858267716535432879, 0.5679224455952306405 ) ) ;
#3635 = EDGE_CURVE ( 'NONE', #4668, #3527, #880, .T. ) ;
#3636 = CARTESIAN_POINT ( 'NONE',  ( -0.3307086614173228023, 0.6417322834645668994, -0.1871043785833858275 ) ) ;
#3637 = ADVANCED_FACE ( 'NONE', ( #5009 ), #1361, .T. ) ;
#3638 = B_SPLINE_CURVE_WITH_KNOTS ( 'NONE', 3,
 ( #3292, #2501, #4127, #484, #2106, #3723 ),
 .UNSPECIFIED., .F., .F.,
 ( 4, 2, 4 ),
 ( 0.000000000000000000, 0.5000000000000000000, 1.000000000000000000 ),
 .UNSPECIFIED. ) ;
#3639 = EDGE_CURVE ( 'NONE', #672, #4247, #958, .T. ) ;
#3640 = LINE ( 'NONE', #7, #2125 ) ;
#3641 = ORIENTED_EDGE ( 'NONE', *, *, #4257, .T. ) ;
#3642 = DIRECTION ( 'NONE',  ( 0.000000000000000000, -1.000000000000000000, 0.000000000000000000 ) ) ;
#3643 = CARTESIAN_POINT ( 'NONE',  ( -0.4958059288168665257, 0.8858264512630313892, 0.5601848941049279995 ) ) ;
#3644 = DIRECTION ( 'NONE',  ( 0.000000000000000000, 0.000000000000000000, 1.000000000000000000 ) ) ;
#3645 = CARTESIAN_POINT ( 'NONE',  ( 0.4771542029645670091, 1.376068686280315090, 0.1114075538118110137 ) ) ;
#3646 = CARTESIAN_POINT ( 'NONE',  ( -0.4677276754444883444, 1.215791948287401336, 0.5401690680228352637 ) ) ;
#3647 = AXIS2_PLACEMENT_3D ( 'NONE', #3029, #561, #4664 ) ;
#3648 = ORIENTED_EDGE ( 'NONE', *, *, #1529, .T. ) ;
#3649 = EDGE_CURVE ( 'NONE', #1374, #2821, #2579, .T. ) ;
#3650 = VERTEX_POINT ( 'NONE', #162 ) ;
#3651 = CARTESIAN_POINT ( 'NONE',  ( -0.3090744190237795230, 0.6614139720329231809, -0.2952755905511810774 ) ) ;
#3652 = CYLINDRICAL_SURFACE ( 'NONE', #5094, 0.07874015748031495954 ) ;
#3653 = VECTOR ( 'NONE', #1854, 39.37007874015748143 ) ;
#3654 = LINE ( 'NONE', #3275, #4895 ) ;
#3655 = VECTOR ( 'NONE', #3839, 39.37007874015748143 ) ;
#3656 = CARTESIAN_POINT ( 'NONE',  ( -0.4771542105350395357, 1.281155674468898997, 0.2532921267953152089 ) ) ;
#3657 = ORIENTED_EDGE ( 'NONE', *, *, #1498, .F. ) ;
#3658 = CARTESIAN_POINT ( 'NONE',  ( 0.5118114565303144570, 0.9678075543511815981, 0.5374651300314965408 ) ) ;
#3659 = CARTESIAN_POINT ( 'NONE',  ( -0.7125984251968504601, 0.3070866141732283561, 0.5610236220472440971 ) ) ;
#3660 = VERTEX_POINT ( 'NONE', #1786 ) ;
#3661 = DIRECTION ( 'NONE',  ( 0.000000000000000000, -0.04082998721851906904, 0.9991661083842543478 ) ) ;
#3662 = FACE_OUTER_BOUND ( 'NONE', #1411, .T. ) ;
#3663 = LINE ( 'NONE', #3636, #4270 ) ;
#3664 = DIRECTION ( 'NONE',  ( 0.000000000000000000, 0.000000000000000000, -1.000000000000000000 ) ) ;
#3665 = DIRECTION ( 'NONE',  ( 0.000000000000000000, -0.04082998721851680002, 0.9991661083842544588 ) ) ;
#3666 = EDGE_CURVE ( 'NONE', #2533, #3034, #4940, .T. ) ;
#3667 = DIRECTION ( 'NONE',  ( 0.000000000000000000, 0.04082998721720280250, -0.9991661083843081936 ) ) ;
#3668 = EDGE_CURVE ( 'NONE', #650, #3445, #3638, .T. ) ;
#3669 = CARTESIAN_POINT ( 'NONE',  ( 0.4964693373966452827, 0.9711729954856128666, 0.5706212171125013555 ) ) ;
#3670 = DIRECTION ( 'NONE',  ( 0.000000000000000000, 0.000000000000000000, 1.000000000000000000 ) ) ;
#3671 = CARTESIAN_POINT ( 'NONE',  ( -0.4677276739834641539, 1.377544816341732314, 0.07322186961972443342 ) ) ;
#3672 = ORIENTED_EDGE ( 'NONE', *, *, #944, .T. ) ;
#3673 = ORIENTED_EDGE ( 'NONE', *, *, #3393, .T. ) ;
#3674 = DIRECTION ( 'NONE',  ( -0.1896781441320999906, -0.2541205277101004634, -0.9483907206605000084 ) ) ;
#3675 = AXIS2_PLACEMENT_3D ( 'NONE', #311, #653, #1461 ) ;
#3676 = DIRECTION ( 'NONE',  ( -0.1961161351381359441, 0.000000000000000000, 0.9805806756909297706 ) ) ;
#3677 = DIRECTION ( 'NONE',  ( 0.000000000000000000, -1.000000000000000000, 0.000000000000000000 ) ) ;
#3678 = EDGE_CURVE ( 'NONE', #1193, #1028, #5162, .T. ) ;
#3679 = CARTESIAN_POINT ( 'NONE',  ( -0.4330708559212601005, 1.313097311661416633, 0.07314233820740147218 ) ) ;
#3680 = ORIENTED_EDGE ( 'NONE', *, *, #2171, .F. ) ;
#3681 = CARTESIAN_POINT ( 'NONE',  ( 0.5118110254413382743, 1.324326813297245220, 0.3460489595727164747 ) ) ;
#3682 = CARTESIAN_POINT ( 'NONE',  ( -0.3090744190237795230, 0.6615337531837500729, -0.2952755905511810774 ) ) ;
#3683 = ORIENTED_EDGE ( 'NONE', *, *, #2015, .T. ) ;
#3684 = LINE ( 'NONE', #55, #3775 ) ;
#3685 = CARTESIAN_POINT ( 'NONE',  ( -0.4440149058201527388, 0.9718961386398214941, 0.5662652346231422662 ) ) ;
#3686 = DIRECTION ( 'NONE',  ( 0.000000000000000000, -0.04082998721851906904, 0.9991661083842543478 ) ) ;
#3687 = VECTOR ( 'NONE', #3884, 39.37007874015748143 ) ;
#3688 = CARTESIAN_POINT ( 'NONE',  ( 0.4520166485704725234, 1.011889429546850794, 0.5041425899228346719 ) ) ;
#3689 = DIRECTION ( 'NONE',  ( 0.000000000000000000, -1.000000000000000000, 0.000000000000000000 ) ) ;
#3690 = CIRCLE ( 'NONE', #2586, 0.07874015748031495954 ) ;
#3691 = LINE ( 'NONE', #1545, #3740 ) ;
#3692 = CARTESIAN_POINT ( 'NONE',  ( -0.5050027734101267818, 0.8858232786547516335, 0.5508910417961069284 ) ) ;
#3693 = CYLINDRICAL_SURFACE ( 'NONE', #3618, 0.05905511811023615720 ) ;
#3694 = CARTESIAN_POINT ( 'NONE',  ( 0.4724409448818314705, 1.308588497893509839, 0.4239823982134858227 ) ) ;
#3695 = ORIENTED_EDGE ( 'NONE', *, *, #3569, .F. ) ;
#3696 = ORIENTED_EDGE ( 'NONE', *, *, #4353, .T. ) ;
#3697 = CARTESIAN_POINT ( 'NONE',  ( -0.3951167698900291403, 0.02170123738609220504, -0.3669358355892161638 ) ) ;
#3698 = EDGE_CURVE ( 'NONE', #1552, #150, #2725, .T. ) ;
#3699 = AXIS2_PLACEMENT_3D ( 'NONE', #2789, #4066, #2361 ) ;
#3700 = DIRECTION ( 'NONE',  ( 0.000000000000000000, -1.000000000000000000, 3.300461595701484956E-14 ) ) ;
#3701 = CARTESIAN_POINT ( 'NONE',  ( 0.4675367146266417584, 0.9699109393618124964, 0.5782418661775780011 ) ) ;
#3702 = EDGE_CURVE ( 'NONE', #5165, #1607, #657, .T. ) ;
#3703 = DIRECTION ( 'NONE',  ( 0.000000000000000000, 1.000000000000000000, 0.000000000000000000 ) ) ;
#3704 = ORIENTED_EDGE ( 'NONE', *, *, #4288, .T. ) ;
#3705 = VECTOR ( 'NONE', #60, 39.37007874015748143 ) ;
#3706 = EDGE_CURVE ( 'NONE', #780, #895, #5159, .T. ) ;
#3707 = CARTESIAN_POINT ( 'NONE',  ( 0.4928658522531493280, 0.9582868182098430720, 0.5784933573696845466 ) ) ;
#3708 = LINE ( 'NONE', #4897, #4334 ) ;
#3709 = ORIENTED_EDGE ( 'NONE', *, *, #490, .F. ) ;
#3710 = ADVANCED_FACE ( 'NONE', ( #4332 ), #3123, .T. ) ;
#3711 = B_SPLINE_CURVE_WITH_KNOTS ( 'NONE', 3,
 ( #3267, #2474, #3692, #1998, #62, #1230, #1679, #3643, #4451, #4095, #4016, #1175, #1574 ),
 .UNSPECIFIED., .F., .F.,
 ( 4, 2, 2, 1, 2, 2, 4 ),
 ( 0.000000000000000000, 0.2500000000000168754, 0.3750000000000256462, 0.4375000000000267009, 0.4687500000000257572, 0.5000000000000247580, 1.000000000000000000 ),
 .UNSPECIFIED. ) ;
#3712 = CARTESIAN_POINT ( 'NONE',  ( -0.3314261568632683730, 0.6417317719459069147, -0.3125897181578627948 ) ) ;
#3713 = LINE ( 'NONE', #868, #4706 ) ;
#3714 = B_SPLINE_CURVE_WITH_KNOTS ( 'NONE', 3,
 ( #1132, #4381, #3945, #4761, #2354, #1956, #1535, #3146, #1986, #3228, #392, #791, #3170, #3973, #3630, #1561, #5262, #2014, #1616, #335, #4811, #4871, #2417, #1589, #4410, #3917, #1220, #4467 ),
 .UNSPECIFIED., .F., .F.,
 ( 4, 2, 2, 2, 1, 1, 2, 2, 2, 2, 2, 2, 2, 2, 4 ),
 ( 0.000000000000000000, 0.2499999999999201750, 0.3749999999998808731, 0.4374999999998611666, 0.4687499999998510636, 0.4843749999998459566, 0.4921874999998435141, 0.4999999999998410161, 0.6249999999998867573, 0.6874999999999079625, 0.7187499999999200639, 0.7343749999999255040, 0.7499999999999309441, 0.8749999999999653610, 1.000000000000000000 ),
 .UNSPECIFIED. ) ;
#3715 = CARTESIAN_POINT ( 'NONE',  ( 0.3473897112565219603, 0.6614164091898838693, -0.3249553701613188683 ) ) ;
#3716 = DIRECTION ( 'NONE',  ( 0.000000000000000000, 0.9991661083842034996, 0.04082998721976242168 ) ) ;
#3717 = PLANE ( 'NONE',  #8 ) ;
#3718 = LINE ( 'NONE', #2547, #194 ) ;
#3719 = DIRECTION ( 'NONE',  ( 0.000000000000000000, -0.9989152157971256107, 0.04656599240843158766 ) ) ;
#3720 = DIRECTION ( 'NONE',  ( -0.9805806756909164479, 0.000000000000000000, -0.1961161351382030849 ) ) ;
#3721 =( BOUNDED_CURVE ( )  B_SPLINE_CURVE ( 3, ( #3256, #4159, #4967, #3301 ),
 .UNSPECIFIED., .F., .T. ) 
 B_SPLINE_CURVE_WITH_KNOTS ( ( 4, 4 ),
 ( 4.712388980386689852, 6.283185307179590673 ),
 .UNSPECIFIED. ) 
 CURVE ( )  GEOMETRIC_REPRESENTATION_ITEM ( )  RATIONAL_B_SPLINE_CURVE ( ( 1.000000000000000000, 0.8047378541248370043, 0.8047378541248370043, 1.000000000000000000 ) ) 
 REPRESENTATION_ITEM ( '' )  );
#3722 = VERTEX_POINT ( 'NONE', #4738 ) ;
#3723 = CARTESIAN_POINT ( 'NONE',  ( 0.3929286766228248240, 0.7480314959791337648, -0.3778763018706979837 ) ) ;
#3724 = CARTESIAN_POINT ( 'NONE',  ( 0.6889763779527560139, 0.7487262954153584005, 0.06750803851964075342 ) ) ;
#3725 = CARTESIAN_POINT ( 'NONE',  ( 0.4446726225149901235, 0.9717864644994691492, 0.5669254177644874604 ) ) ;
#3726 = AXIS2_PLACEMENT_3D ( 'NONE', #1661, #2458, #1261 ) ;
#3727 = CARTESIAN_POINT ( 'NONE',  ( -0.4771542275303150560, 0.9792926571358274712, 0.5000043115712592412 ) ) ;
#3728 = ADVANCED_FACE ( 'NONE', ( #3607 ), #1084, .T. ) ;
#3729 = EDGE_LOOP ( 'NONE', ( #3400, #4384, #308, #4166 ) ) ;
#3730 = ORIENTED_EDGE ( 'NONE', *, *, #2465, .F. ) ;
#3731 = VECTOR ( 'NONE', #4881, 39.37007874015748143 ) ;
#3732 = ADVANCED_FACE ( 'NONE', ( #1194 ), #3922, .F. ) ;
#3733 = VECTOR ( 'NONE', #2998, 39.37007874015748854 ) ;
#3734 = CARTESIAN_POINT ( 'NONE',  ( 0.4094488188976377896, 0.000000000000000000, 0.000000000000000000 ) ) ;
#3735 = EDGE_CURVE ( 'NONE', #4370, #500, #3205, .T. ) ;
#3736 = DIRECTION ( 'NONE',  ( 0.000000000000000000, 0.9991661083842034996, 0.04082998721976242168 ) ) ;
#3737 = APPROVAL_PERSON_ORGANIZATION ( #2957, #777, #2166 ) ;
#3738 = EDGE_CURVE ( 'NONE', #4125, #2665, #2925, .T. ) ;
#3739 = DIRECTION ( 'NONE',  ( -0.9284766908852662981, -0.3713906763540866240, 0.000000000000000000 ) ) ;
#3740 = VECTOR ( 'NONE', #376, 39.37007874015748143 ) ;
#3741 = VERTEX_POINT ( 'NONE', #4846 ) ;
#3742 = CARTESIAN_POINT ( 'NONE',  ( -0.4028349592991960493, 0.7559055118110236116, -0.3283448885433858377 ) ) ;
#3743 = ADVANCED_FACE ( 'NONE', ( #681 ), #281, .T. ) ;
#3744 = CARTESIAN_POINT ( 'NONE',  ( 0.3828499860789762455, 0.7817128669948821829, -0.3887577923755511922 ) ) ;
#3745 = ORIENTED_EDGE ( 'NONE', *, *, #332, .T. ) ;
#3746 = ORIENTED_EDGE ( 'NONE', *, *, #2525, .F. ) ;
#3747 = LINE ( 'NONE', #528, #5073 ) ;
#3748 = FACE_OUTER_BOUND ( 'NONE', #786, .T. ) ;
#3749 = DIRECTION ( 'NONE',  ( 0.000000000000000000, 0.000000000000000000, -1.000000000000000000 ) ) ;
#3750 = CARTESIAN_POINT ( 'NONE',  ( -0.5029141925186025874, 0.9722301373574292471, 0.5642524074232905251 ) ) ;
#3751 = PLANE ( 'NONE',  #3898 ) ;
#3752 = ORIENTED_EDGE ( 'NONE', *, *, #129, .F. ) ;
#3753 = DIRECTION ( 'NONE',  ( 0.000000000000000000, 0.2588190451024934280, 0.9659258262890756397 ) ) ;
#3754 = LINE ( 'NONE', #1762, #334 ) ;
#3755 = CARTESIAN_POINT ( 'NONE',  ( -0.3910324987159015109, 0.03937007132789754893, -0.3873515230549944288 ) ) ;
#3756 = CARTESIAN_POINT ( 'NONE',  ( 0.3554010651194122183, 0.6355716535433071357, -0.3045409197703153881 ) ) ;
#3757 = CARTESIAN_POINT ( 'NONE',  ( 0.6889763779527560139, 0.4251968503937008093, 0.5314960629921260393 ) ) ;
#3758 = ORIENTED_EDGE ( 'NONE', *, *, #37, .F. ) ;
#3759 = VECTOR ( 'NONE', #1382, 39.37007874015748143 ) ;
#3760 = ORIENTED_EDGE ( 'NONE', *, *, #286, .F. ) ;
#3761 = CARTESIAN_POINT ( 'NONE',  ( 0.4133858267716535861, 1.400441375119293230, -0.9619155229622696757 ) ) ;
#3762 = COORDINATED_UNIVERSAL_TIME_OFFSET ( 5, 0, .BEHIND. ) ;
#3763 = AXIS2_PLACEMENT_3D ( 'NONE', #1117, #1009, #1439 ) ;
#3764 = PLANE ( 'NONE',  #1866 ) ;
#3765 = ORIENTED_EDGE ( 'NONE', *, *, #3668, .T. ) ;
#3766 = CARTESIAN_POINT ( 'NONE',  ( -0.3307086614173228023, 0.7007874015748031260, 0.05905511811023622659 ) ) ;
#3767 = CARTESIAN_POINT ( 'NONE',  ( 0.3662553514111415165, 0.7573632327677165543, -0.3919873248318110903 ) ) ;
#3768 = ORIENTED_EDGE ( 'NONE', *, *, #4584, .F. ) ;
#3769 = DIRECTION ( 'NONE',  ( 0.000000000000000000, 0.000000000000000000, 1.000000000000000000 ) ) ;
#3770 = EDGE_CURVE ( 'NONE', #1328, #4354, #2877, .T. ) ;
#3771 = DIRECTION ( 'NONE',  ( 0.000000000000000000, 1.000000000000000000, 4.956352788505170170E-16 ) ) ;
#3772 = LINE ( 'NONE', #926, #790 ) ;
#3773 = LINE ( 'NONE', #3418, #5151 ) ;
#3774 = DIRECTION ( 'NONE',  ( -0.1961161351382030849, 0.000000000000000000, 0.9805806756909164479 ) ) ;
#3775 = VECTOR ( 'NONE', #1672, 39.37007874015748143 ) ;
#3776 = VERTEX_POINT ( 'NONE', #736 ) ;
#3777 = DIRECTION ( 'NONE',  ( 0.000000000000000000, 1.000000000000000000, 0.000000000000000000 ) ) ;
#3778 = CARTESIAN_POINT ( 'NONE',  ( -0.3749238757514866127, 0.7805161172952098658, -0.3839704780275220997 ) ) ;
#3779 = CARTESIAN_POINT ( 'NONE',  ( -0.3966619900669291487, 0.01292178634297243452, -0.3763589110023227158 ) ) ;
#3780 = DIRECTION ( 'NONE',  ( 0.000000000000000000, -1.000000000000000000, -9.239288078572181334E-16 ) ) ;
#3781 = CARTESIAN_POINT ( 'NONE',  ( 0.4724409448818898127, 1.350655507981277648, -0.7078308884239076226 ) ) ;
#3782 = VERTEX_POINT ( 'NONE', #2358 ) ;
#3783 = AXIS2_PLACEMENT_3D ( 'NONE', #4121, #2102, #2548 ) ;
#3784 = DIRECTION ( 'NONE',  ( -0.1961161351380635576, 0.000000000000000000, -0.9805806756909442035 ) ) ;
#3785 = CARTESIAN_POINT ( 'NONE',  ( 0.3929286766228248240, 0.7480314959791337648, -0.3778763018706979837 ) ) ;
#3786 = APPROVAL_STATUS ( 'not_yet_approved' ) ;
#3787 = CIRCLE ( 'NONE', #896, 0.1181102362204724532 ) ;
#3788 = CARTESIAN_POINT ( 'NONE',  ( -0.3982960786161415800, 0.7813770859031496929, -0.3481618695352362569 ) ) ;
#3789 = ORIENTED_EDGE ( 'NONE', *, *, #4790, .F. ) ;
#3790 = PLANE ( 'NONE',  #548 ) ;
#3791 = VECTOR ( 'NONE', #1252, 39.37007874015748143 ) ;
#3792 = LINE ( 'NONE', #1426, #4487 ) ;
#3793 = VERTEX_POINT ( 'NONE', #340 ) ;
#3794 = ORIENTED_EDGE ( 'NONE', *, *, #4122, .T. ) ;
#3795 = ORIENTED_EDGE ( 'NONE', *, *, #1106, .F. ) ;
#3796 = EDGE_CURVE ( 'NONE', #4304, #4491, #4201, .T. ) ;
#3797 = CARTESIAN_POINT ( 'NONE',  ( -0.4343977952755905814, 0.7635112269786653583, -0.3225088180323421039 ) ) ;
#3798 = DIRECTION ( 'NONE',  ( 0.000000000000000000, -0.7071067811867349784, 0.7071067811863600561 ) ) ;
#3799 = EDGE_CURVE ( 'NONE', #3527, #656, #3491, .T. ) ;
#3800 = LINE ( 'NONE', #2941, #2735 ) ;
#3801 = FACE_OUTER_BOUND ( 'NONE', #618, .T. ) ;
#3802 = EDGE_CURVE ( 'NONE', #88, #1571, #3690, .T. ) ;
#3803 = CARTESIAN_POINT ( 'NONE',  ( 0.4724409448818898127, 1.353066727698905458, -0.7668367609662835038 ) ) ;
#3804 = ORIENTED_EDGE ( 'NONE', *, *, #4697, .F. ) ;
#3805 = CARTESIAN_POINT ( 'NONE',  ( -0.3937152111921063402, 0.02750128886746653484, -0.3739436290788311079 ) ) ;
#3806 = LINE ( 'NONE', #1787, #2037 ) ;
#3807 = CARTESIAN_POINT ( 'NONE',  ( -0.3956062586314957885, 0.02444664981893700240, -0.3616103376009449644 ) ) ;
#3808 = EDGE_CURVE ( 'NONE', #5172, #3234, #2018, .T. ) ;
#3809 = DIRECTION ( 'NONE',  ( 0.000000000000000000, -0.04082998721851817392, 0.9991661083842543478 ) ) ;
#3810 = EDGE_CURVE ( 'NONE', #1352, #3463, #4063, .T. ) ;
#3811 = CARTESIAN_POINT ( 'NONE',  ( -0.4677276770062993583, 1.299340390942127055, 0.07261834162279535987 ) ) ;
#3812 = ORIENTED_EDGE ( 'NONE', *, *, #2212, .F. ) ;
#3813 = LINE ( 'NONE', #5069, #4417 ) ;
#3814 = CARTESIAN_POINT ( 'NONE',  ( 0.4677276754444883444, 1.168456205718503949, 0.4764869304539366968 ) ) ;
#3815 = COORDINATED_UNIVERSAL_TIME_OFFSET ( 5, 0, .BEHIND. ) ;
#3816 = CARTESIAN_POINT ( 'NONE',  ( -0.3856872894955908349, 0.7970546292425190193, -0.3745712767262995291 ) ) ;
#3817 = VECTOR ( 'NONE', #45, 39.37007874015748143 ) ;
#3818 = VERTEX_POINT ( 'NONE', #867 ) ;
#3819 = LINE ( 'NONE', #946, #4115 ) ;
#3820 = VECTOR ( 'NONE', #4911, 39.37007874015748143 ) ;
#3821 = CARTESIAN_POINT ( 'NONE',  ( 0.4032861948841847122, 0.7625519976512399323, -0.3260887106184426898 ) ) ;
#3822 = EDGE_LOOP ( 'NONE', ( #5146, #2117, #2246, #2899, #4099, #3135, #552, #957, #3322, #3595 ) ) ;
#3823 = VERTEX_POINT ( 'NONE', #4087 ) ;
#3824 = CARTESIAN_POINT ( 'NONE',  ( -0.4330708661417398408, 0.9775405357388563532, 0.5324205421785377368 ) ) ;
#3825 = DIRECTION ( 'NONE',  ( 0.000000000000000000, -0.9991661083842034996, -0.04082998721976242168 ) ) ;
#3826 = DIRECTION ( 'NONE',  ( 0.000000000000000000, -0.2588190451024934280, -0.9659258262890756397 ) ) ;
#3827 = LINE ( 'NONE', #1909, #1746 ) ;
#3828 = CARTESIAN_POINT ( 'NONE',  ( -0.7362204724409449064, 0.8385826771653542844, 0.000000000000000000 ) ) ;
#3829 = EDGE_CURVE ( 'NONE', #1351, #1958, #976, .T. ) ;
#3830 = ORIENTED_EDGE ( 'NONE', *, *, #4126, .F. ) ;
#3831 = CARTESIAN_POINT ( 'NONE',  ( -0.3762507183269730437, 0.7924574080935212761, -0.3740865726797633073 ) ) ;
#3832 = CARTESIAN_POINT ( 'NONE',  ( -0.3932736051049214865, 0.03945457302003938654, -0.3732736052327955134 ) ) ;
#3833 = FACE_OUTER_BOUND ( 'NONE', #24, .T. ) ;
#3834 = EDGE_LOOP ( 'NONE', ( #3437, #4684, #5027, #492 ) ) ;
#3835 = EDGE_CURVE ( 'NONE', #664, #3586, #103, .T. ) ;
#3836 = CARTESIAN_POINT ( 'NONE',  ( -0.4330708661417252414, 0.9752897258064781028, 0.5458751395246546068 ) ) ;
#3837 = CARTESIAN_POINT ( 'NONE',  ( 0.4677276739834641539, 1.299423566916142248, 0.07035328739870080894 ) ) ;
#3838 = PERSON_AND_ORGANIZATION_ROLE ( 'creator' ) ;
#3839 = DIRECTION ( 'NONE',  ( 8.659598150995067250E-17, -0.7071037118278289402, 0.7071098505319429739 ) ) ;
#3840 = ORIENTED_EDGE ( 'NONE', *, *, #1269, .F. ) ;
#3841 = CARTESIAN_POINT ( 'NONE',  ( 0.5314960629921260393, 1.394815195778346339, -0.8242351536968504089 ) ) ;
#3842 = VECTOR ( 'NONE', #1881, 39.37007874015748854 ) ;
#3843 = CARTESIAN_POINT ( 'NONE',  ( -0.3910259756330520808, 0.7480314958374554291, -0.3873872143048425754 ) ) ;
#3844 = ORIENTED_EDGE ( 'NONE', *, *, #2274, .T. ) ;
#3845 = VERTEX_POINT ( 'NONE', #2066 ) ;
#3846 = CARTESIAN_POINT ( 'NONE',  ( 0.3779527559055118058, 0.7007874015748031260, 0.000000000000000000 ) ) ;
#3847 = DIRECTION ( 'NONE',  ( 0.000000000000000000, -0.9486832980505111035, 0.3162277660168460458 ) ) ;
#3848 = CARTESIAN_POINT ( 'NONE',  ( 0.4291338582677165503, 0.8257125336188976261, -0.1968503937007874127 ) ) ;
#3849 = EDGE_LOOP ( 'NONE', ( #4906, #4000, #4021, #1124, #4264, #4534, #369 ) ) ;
#3850 = CARTESIAN_POINT ( 'NONE',  ( -0.3307086614173228023, 0.7007874015748031260, -0.1871043785833858275 ) ) ;
#3851 = DIRECTION ( 'NONE',  ( 0.000000000000000000, 0.04082998721851817392, -0.9991661083842543478 ) ) ;
#3852 = LINE ( 'NONE', #5089, #2438 ) ;
#3853 = VECTOR ( 'NONE', #121, 39.37007874015748143 ) ;
#3854 = PLANE ( 'NONE',  #3472 ) ;
#3855 = CARTESIAN_POINT ( 'NONE',  ( 0.5206035094048774292, 0.8858267716535428438, 0.5144731623552143418 ) ) ;
#3856 = ORIENTED_EDGE ( 'NONE', *, *, #2687, .T. ) ;
#3857 = EDGE_LOOP ( 'NONE', ( #4172, #4221, #2321, #1797, #5023, #858 ) ) ;
#3858 = EDGE_CURVE ( 'NONE', #650, #724, #2466, .T. ) ;
#3859 = CARTESIAN_POINT ( 'NONE',  ( 0.4291338582677165503, 0.7480314960629921295, -0.1968503937007874127 ) ) ;
#3860 = LINE ( 'NONE', #221, #5143 ) ;
#3861 = EDGE_CURVE ( 'NONE', #3413, #4668, #4900, .T. ) ;
#3862 = EDGE_CURVE ( 'NONE', #288, #303, #3684, .T. ) ;
#3863 = CARTESIAN_POINT ( 'NONE',  ( -0.3945817614377951643, 0.7663618935913389940, -0.3860348736203935704 ) ) ;
#3864 = CIRCLE ( 'NONE', #4641, 0.1181102362204724532 ) ;
#3865 = VERTEX_POINT ( 'NONE', #2420 ) ;
#3866 = CARTESIAN_POINT ( 'NONE',  ( -0.4291338582677165503, 0.8260575695006496799, -0.1968503937007874127 ) ) ;
#3867 = CARTESIAN_POINT ( 'NONE',  ( 0.4028349592991960493, 0.7559055118110236116, -0.3283448885433858377 ) ) ;
#3868 = EDGE_CURVE ( 'NONE', #4242, #1748, #1861, .T. ) ;
#3869 = ORIENTED_EDGE ( 'NONE', *, *, #642, .T. ) ;
#3870 = ORIENTED_EDGE ( 'NONE', *, *, #2115, .F. ) ;
#3871 = CLOSED_SHELL ( 'NONE', ( #4458, #2720, #4922, #127, #4533, #3926, #4828, #1362, #3464, #4856, #1845, #4894 ) ) ;
#3872 = CARTESIAN_POINT ( 'NONE',  ( -0.4094488188976377896, 0.8365974589307086928, -0.1679995949899606433 ) ) ;
#3873 = CARTESIAN_POINT ( 'NONE',  ( 0.3346456692913385988, 0.9078769110314960367, -0.1193599044736220471 ) ) ;
#3874 = CARTESIAN_POINT ( 'NONE',  ( 0.6889763779528130794, 8.316991057201849416E-17, 0.000000000000000000 ) ) ;
#3875 = CARTESIAN_POINT ( 'NONE',  ( 0.3489676606859756780, 0.6548547142592499037, -0.3032542390589326731 ) ) ;
#3876 = VERTEX_POINT ( 'NONE', #498 ) ;
#3877 = CARTESIAN_POINT ( 'NONE',  ( 0.4469906110054772674, 0.8858253132904253535, 0.5585340757221404218 ) ) ;
#3878 = CARTESIAN_POINT ( 'NONE',  ( 0.3510328864857480413, 0.04724409448818897572, -0.3464566929133858775 ) ) ;
#3879 = PLANE ( 'NONE',  #4732 ) ;
#3880 = CARTESIAN_POINT ( 'NONE',  ( 0.4330716110956688292, 1.009442979339763902, 0.5208071019338575969 ) ) ;
#3881 = CARTESIAN_POINT ( 'NONE',  ( -0.5118114565303144570, 0.9678075543511815981, 0.5374651300314965408 ) ) ;
#3882 = ORIENTED_EDGE ( 'NONE', *, *, #3010, .T. ) ;
#3883 = CARTESIAN_POINT ( 'NONE',  ( -0.4724409447456472955, 1.377552335247686832, 0.08033296062270629811 ) ) ;
#3884 = DIRECTION ( 'NONE',  ( 0.1896781441320999906, -0.2541205277100999638, -0.9483907206605000084 ) ) ;
#3885 = ADVANCED_FACE ( 'NONE', ( #2118 ), #4873, .T. ) ;
#3886 = CARTESIAN_POINT ( 'NONE',  ( -0.3943542562818895814, 0.7668346437964561613, -0.3678709812053937989 ) ) ;
#3887 = VERTEX_POINT ( 'NONE', #77 ) ;
#3888 = EDGE_CURVE ( 'NONE', #4708, #2533, #1297, .T. ) ;
#3889 = CARTESIAN_POINT ( 'NONE',  ( 0.4330708647442643167, 0.9766245280010532603, 0.5378961334764358337 ) ) ;
#3890 = AXIS2_PLACEMENT_3D ( 'NONE', #4036, #3, #2787 ) ;
#3891 = PLANE ( 'NONE',  #1502 ) ;
#3892 = EDGE_LOOP ( 'NONE', ( #1210, #4180, #2130, #621, #4862, #1898, #2223, #4835, #3167, #1903 ) ) ;
#3893 = ORIENTED_EDGE ( 'NONE', *, *, #3735, .T. ) ;
#3894 = ORIENTED_EDGE ( 'NONE', *, *, #2205, .F. ) ;
#3895 = AXIS2_PLACEMENT_3D ( 'NONE', #1540, #2421, #1224 ) ;
#3896 = CARTESIAN_POINT ( 'NONE',  ( 0.4724409448816700996, 1.064616098981084669, 0.5114032392625638135 ) ) ;
#3897 = CARTESIAN_POINT ( 'NONE',  ( -0.4094488188976377896, 0.8536100323623583286, -0.1687926626625244342 ) ) ;
#3898 = AXIS2_PLACEMENT_3D ( 'NONE', #3828, #5085, #1731 ) ;
#3899 = EDGE_CURVE ( 'NONE', #2773, #1417, #3306, .T. ) ;
#3900 = CARTESIAN_POINT ( 'NONE',  ( 0.000000000000000000, 0.000000000000000000, -0.3543307084024803211 ) ) ;
#3901 = CARTESIAN_POINT ( 'NONE',  ( 0.4291338582677165503, 0.000000000000000000, 0.000000000000000000 ) ) ;
#3902 = FACE_OUTER_BOUND ( 'NONE', #3822, .T. ) ;
#3903 = VECTOR ( 'NONE', #1573, 39.37007874015748143 ) ;
#3904 = VERTEX_POINT ( 'NONE', #2043 ) ;
#3905 = DIRECTION ( 'NONE',  ( 0.1961161351380469597, 0.000000000000000000, -0.9805806756909476452 ) ) ;
#3906 = LINE ( 'NONE', #4341, #4103 ) ;
#3907 = DIRECTION ( 'NONE',  ( 0.000000000000000000, 0.7392668519266001326, 0.6734125939144101070 ) ) ;
#3908 = CARTESIAN_POINT ( 'NONE',  ( 0.4330708559212601005, 1.313097311661416633, 0.07314233820740147218 ) ) ;
#3909 = CARTESIAN_POINT ( 'NONE',  ( -0.4928656440338582967, 1.290464043504725211, 0.1697882162372047199 ) ) ;
#3910 = ORIENTED_EDGE ( 'NONE', *, *, #518, .F. ) ;
#3911 = DIRECTION ( 'NONE',  ( -1.000000000000000000, 0.000000000000000000, 0.000000000000000000 ) ) ;
#3912 = LINE ( 'NONE', #4374, #1740 ) ;
#3913 = CARTESIAN_POINT ( 'NONE',  ( -0.4330704332334648909, 0.9678075543511815981, 0.5374651300314965408 ) ) ;
#3914 = VERTEX_POINT ( 'NONE', #4471 ) ;
#3915 = CARTESIAN_POINT ( 'NONE',  ( 0.4034872641218314460, 0.7480314960629900201, -0.3250833644302107972 ) ) ;
#3916 = CARTESIAN_POINT ( 'NONE',  ( -0.7362204724409449064, 0.6417322834645668994, 0.000000000000000000 ) ) ;
#3917 = CARTESIAN_POINT ( 'NONE',  ( -0.5117396066076786987, 0.9769510697989405301, 0.5359354147014501191 ) ) ;
#3918 =( BOUNDED_CURVE ( )  B_SPLINE_CURVE ( 3, ( #2695, #3020, #3915, #951 ),
 .UNSPECIFIED., .F., .F. ) 
 B_SPLINE_CURVE_WITH_KNOTS ( ( 4, 4 ),
 ( 3.141592653589795336, 4.712388980384890402 ),
 .UNSPECIFIED. ) 
 CURVE ( )  GEOMETRIC_REPRESENTATION_ITEM ( )  RATIONAL_B_SPLINE_CURVE ( ( 1.000000000000000000, 0.8047378541243179750, 0.8047378541243179750, 1.000000000000000000 ) ) 
 REPRESENTATION_ITEM ( '' )  );
#3919 = ORIENTED_EDGE ( 'NONE', *, *, #901, .T. ) ;
#3920 = ORIENTED_EDGE ( 'NONE', *, *, #5235, .T. ) ;
#3921 = ORIENTED_EDGE ( 'NONE', *, *, #4690, .F. ) ;
#3922 = PLANE ( 'NONE',  #5233 ) ;
#3923 = LINE ( 'NONE', #652, #4156 ) ;
#3924 = CARTESIAN_POINT ( 'NONE',  ( -0.4724409448819968937, 1.003897032081976448, 0.5853395436019109832 ) ) ;
#3925 = DIRECTION ( 'NONE',  ( 1.000000000000000000, 0.000000000000000000, 0.000000000000000000 ) ) ;
#3926 = ADVANCED_FACE ( 'NONE', ( #4969 ), #2841, .T. ) ;
#3927 = VECTOR ( 'NONE', #4459, 39.37007874015748854 ) ;
#3928 = CARTESIAN_POINT ( 'NONE',  ( 0.3554015390786630091, 0.6614167352028326174, -0.3045410147452224381 ) ) ;
#3929 = ADVANCED_FACE ( 'NONE', ( #4496 ), #28, .T. ) ;
#3930 = VERTEX_POINT ( 'NONE', #2867 ) ;
#3931 = CARTESIAN_POINT ( 'NONE',  ( 0.4376609423045106917, 0.8858267716440042516, 0.5473510962676293445 ) ) ;
#3932 = LINE ( 'NONE', #1147, #5042 ) ;
#3933 = CARTESIAN_POINT ( 'NONE',  ( -0.3929290282299350290, 0.7566813261960649850, -0.3778745437980838839 ) ) ;
#3934 = CARTESIAN_POINT ( 'NONE',  ( 0.4771541223503936724, 1.000062854785432886, 0.5847018004110233758 ) ) ;
#3935 = CARTESIAN_POINT ( 'NONE',  ( -0.5118110338425199135, 1.338399040815355434, 0.07410607274744095141 ) ) ;
#3936 = PLANE ( 'NONE',  #2265 ) ;
#3937 = ORIENTED_EDGE ( 'NONE', *, *, #1070, .T. ) ;
#3938 = CARTESIAN_POINT ( 'NONE',  ( 0.3839195324605513271, 0.002930929282837400722, -0.3805068850668111846 ) ) ;
#3939 = CARTESIAN_POINT ( 'NONE',  ( 0.4044097624488109943, 0.7480314960629921295, -0.3204708727953543557 ) ) ;
#3940 = AXIS2_PLACEMENT_3D ( 'NONE', #1376, #1399, #4649 ) ;
#3941 = CARTESIAN_POINT ( 'NONE',  ( -0.4520161927779526856, 0.9614211616098424784, 0.5792201454248034898 ) ) ;
#3942 = ORIENTED_EDGE ( 'NONE', *, *, #332, .F. ) ;
#3943 = VECTOR ( 'NONE', #2307, 39.37007874015748143 ) ;
#3944 = LINE ( 'NONE', #4731, #887 ) ;
#3945 = CARTESIAN_POINT ( 'NONE',  ( -0.4819395872861052532, 0.9827883198857598757, 0.5013072056424491274 ) ) ;
#3946 = VERTEX_POINT ( 'NONE', #1848 ) ;
#3947 = ORIENTED_EDGE ( 'NONE', *, *, #2894, .F. ) ;
#3948 = ORIENTED_EDGE ( 'NONE', *, *, #3214, .F. ) ;
#3949 = VECTOR ( 'NONE', #3736, 39.37007874015748854 ) ;
#3950 = DIRECTION ( 'NONE',  ( 0.000000000000000000, 1.000000000000000000, 0.000000000000000000 ) ) ;
#3951 = CARTESIAN_POINT ( 'NONE',  ( -0.3736259075671732321, 0.03937006814725838716, -0.3936986343757247764 ) ) ;
#3952 = FACE_OUTER_BOUND ( 'NONE', #3995, .T. ) ;
#3953 = EDGE_CURVE ( 'NONE', #1054, #1579, #1348, .T. ) ;
#3954 = DIRECTION ( 'NONE',  ( -0.000000000000000000, 0.9991661083842544588, 0.04082998721851817392 ) ) ;
#3955 = VERTEX_POINT ( 'NONE', #4218 ) ;
#3956 = ADVANCED_FACE ( 'NONE', ( #3379 ), #4678, .T. ) ;
#3957 = CARTESIAN_POINT ( 'NONE',  ( -0.3781758039440157315, 0.7843369254862204709, -0.3512662654453543309 ) ) ;
#3958 = EDGE_CURVE ( 'NONE', #3904, #700, #3040, .T. ) ;
#3959 = DIRECTION ( 'NONE',  ( 0.000000000000000000, -0.9991661083841868463, -0.04082998722016719512 ) ) ;
#3960 = CARTESIAN_POINT ( 'NONE',  ( 0.4724409448818898127, 1.392403976060718529, -0.7652292811545217122 ) ) ;
#3961 = CARTESIAN_POINT ( 'NONE',  ( 0.4330709531212597052, 1.127280719502362860, 0.5139594199377947037 ) ) ;
#3962 = CARTESIAN_POINT ( 'NONE',  ( -0.5118110468877952179, 1.176792311290550064, 0.4877017333287397838 ) ) ;
#3963 = EDGE_LOOP ( 'NONE', ( #4743, #4191, #3768, #3919, #540 ) ) ;
#3964 = CARTESIAN_POINT ( 'NONE',  ( 0.4520160375106292983, 0.9773282904925194581, 0.4964369026937011098 ) ) ;
#3965 = ORIENTED_EDGE ( 'NONE', *, *, #3799, .F. ) ;
#3966 = DIRECTION ( 'NONE',  ( 1.000000000000000000, 0.000000000000000000, 0.000000000000000000 ) ) ;
#3967 = DIRECTION ( 'NONE',  ( 0.000000000000000000, -0.7071037118278289402, -0.7071098505319429739 ) ) ;
#3968 = ADVANCED_FACE ( 'NONE', ( #2935 ), #1823, .T. ) ;
#3969 = CARTESIAN_POINT ( 'NONE',  ( -0.4771542105350395357, 1.358049399335040874, 0.2680415294779525670 ) ) ;
#3970 = ORIENTED_EDGE ( 'NONE', *, *, #4586, .F. ) ;
#3971 = ORIENTED_EDGE ( 'NONE', *, *, #1664, .F. ) ;
#3972 = CARTESIAN_POINT ( 'NONE',  ( -0.4133858267716535861, 1.355477947416535489, -0.8258426335086613834 ) ) ;
#3973 = CARTESIAN_POINT ( 'NONE',  ( -0.5016145868910254491, 0.9807719276722156598, 0.5132074245440877425 ) ) ;
#3974 = VERTEX_POINT ( 'NONE', #126 ) ;
#3975 = ORIENTED_EDGE ( 'NONE', *, *, #2796, .T. ) ;
#3976 = ORIENTED_EDGE ( 'NONE', *, *, #4836, .T. ) ;
#3977 = CARTESIAN_POINT ( 'NONE',  ( 0.4724409448817519785, 1.122722087337277630, 0.5004189447867621876 ) ) ;
#3978 = CARTESIAN_POINT ( 'NONE',  ( -0.3763194170401065741, 0.001705516131677238794, -0.3669036118157146253 ) ) ;
#3979 = DIRECTION ( 'NONE',  ( 1.000000000000000000, 0.000000000000000000, 0.000000000000000000 ) ) ;
#3980 = CARTESIAN_POINT ( 'NONE',  ( -0.4094488188976377896, 0.8801310389742500462, -0.03732954189537846662 ) ) ;
#3981 = VECTOR ( 'NONE', #5063, 39.37007874015748854 ) ;
#3982 = ORIENTED_EDGE ( 'NONE', *, *, #5138, .F. ) ;
#3983 = CARTESIAN_POINT ( 'NONE',  ( -0.4291338582677165503, 0.01968503937007873988, -0.1968503937006756133 ) ) ;
#3984 = CIRCLE ( 'NONE', #3128, 0.05905511811023628904 ) ;
#3985 = EDGE_LOOP ( 'NONE', ( #3095, #2827, #3018, #338, #298, #1055, #3438, #1657, #1682, #193, #3606, #3358, #2731, #4578 ) ) ;
#3986 = VECTOR ( 'NONE', #287, 39.37007874015748143 ) ;
#3987 = LINE ( 'NONE', #4830, #427 ) ;
#3988 = CARTESIAN_POINT ( 'NONE',  ( 0.5118110236221078413, 0.9763779527559172111, 0.5393700787401055630 ) ) ;
#3989 = CARTESIAN_POINT ( 'NONE',  ( 0.3766025503309679556, 0.7943281802325879992, -0.3714500033528492229 ) ) ;
#3990 = VECTOR ( 'NONE', #3809, 39.37007874015748143 ) ;
#3991 = CARTESIAN_POINT ( 'NONE',  ( 0.4330708722248032272, 1.257628185067323434, 0.4794393816244097439 ) ) ;
#3992 = CARTESIAN_POINT ( 'NONE',  ( -0.5118109366425196427, 1.127280719502362860, 0.5139594199377947037 ) ) ;
#3993 = VERTEX_POINT ( 'NONE', #3355 ) ;
#3994 = CARTESIAN_POINT ( 'NONE',  ( 0.3306635901739992667, 0.6614160831769351212, -0.3386675094489817184 ) ) ;
#3995 = EDGE_LOOP ( 'NONE', ( #3789, #4763, #178, #2003 ) ) ;
#3996 = DIRECTION ( 'NONE',  ( 0.000000000000000000, 0.000000000000000000, 1.000000000000000000 ) ) ;
#3997 = CARTESIAN_POINT ( 'NONE',  ( 0.1030248063211384874, 0.6417326654803099384, -0.3228350276850343037 ) ) ;
#3998 = LINE ( 'NONE', #2034, #1329 ) ;
#3999 = CARTESIAN_POINT ( 'NONE',  ( -0.4330708722248032272, 1.257628185067323434, 0.4794393816244097439 ) ) ;
#4000 = ORIENTED_EDGE ( 'NONE', *, *, #5202, .F. ) ;
#4001 = ORIENTED_EDGE ( 'NONE', *, *, #2218, .T. ) ;
#4002 = EDGE_CURVE ( 'NONE', #501, #1683, #919, .T. ) ;
#4003 = CARTESIAN_POINT ( 'NONE',  ( 0.4331422831475253421, 0.9769510697824417278, 0.5359354147987545058 ) ) ;
#4004 = PLANE ( 'NONE',  #1837 ) ;
#4005 = ORIENTED_EDGE ( 'NONE', *, *, #870, .F. ) ;
#4006 = ORIENTED_EDGE ( 'NONE', *, *, #3953, .T. ) ;
#4007 = DIRECTION ( 'NONE',  ( 0.000000000000000000, 0.000000000000000000, 1.000000000000000000 ) ) ;
#4008 = PLANE ( 'NONE',  #3890 ) ;
#4009 = CARTESIAN_POINT ( 'NONE',  ( 0.4291338582677165503, 0.8587330688318898231, -0.07361607859248031627 ) ) ;
#4010 = CARTESIAN_POINT ( 'NONE',  ( 0.5118110236221078413, 0.9763779527559172111, 0.5393700787401055630 ) ) ;
#4011 = ORIENTED_EDGE ( 'NONE', *, *, #4826, .F. ) ;
#4012 = CARTESIAN_POINT ( 'NONE',  ( 0.3948835880019385680, 0.02231372059862177237, -0.3681017450296689142 ) ) ;
#4013 = CIRCLE ( 'NONE', #2228, 0.1181102362204724532 ) ;
#4014 = EDGE_LOOP ( 'NONE', ( #4438, #2506, #3033, #3121, #3354, #416 ) ) ;
#4015 = DIRECTION ( 'NONE',  ( -1.000000000000000000, 0.000000000000000000, 0.000000000000000000 ) ) ;
#4016 = CARTESIAN_POINT ( 'NONE',  ( -0.4877619651368217957, 0.8858270438831838955, 0.5656730260734372795 ) ) ;
#4017 = CARTESIAN_POINT ( 'NONE',  ( 0.3736264984569241387, 0.7604120553049349418, -0.3937007872498858863 ) ) ;
#4018 = AXIS2_PLACEMENT_3D ( 'NONE', #4, #796, #3686 ) ;
#4019 = CARTESIAN_POINT ( 'NONE',  ( 0.3982961581614171132, 0.7813772187905514421, -0.3481614696156689059 ) ) ;
#4020 = DIRECTION ( 'NONE',  ( 0.1896781441320999906, 0.2541205277100999638, 0.9483907206605000084 ) ) ;
#4021 = ORIENTED_EDGE ( 'NONE', *, *, #1923, .F. ) ;
#4022 = ORIENTED_EDGE ( 'NONE', *, *, #4523, .F. ) ;
#4023 = CARTESIAN_POINT ( 'NONE',  ( 0.3570255256579921155, 0.6515748029661417862, -0.2462314162058267808 ) ) ;
#4024 = CARTESIAN_POINT ( 'NONE',  ( 0.4094488188976377896, 0.8744707376381791741, -0.09093945069117834179 ) ) ;
#4025 = CARTESIAN_POINT ( 'NONE',  ( 0.6889763779527560139, 0.4842519685039370358, 0.09842519685039370636 ) ) ;
#4026 = CARTESIAN_POINT ( 'NONE',  ( -0.4520162436960625807, 1.380574015918109687, 0.07333310066263780402 ) ) ;
#4027 = EDGE_CURVE ( 'NONE', #76, #95, #3819, .T. ) ;
#4028 = ORIENTED_EDGE ( 'NONE', *, *, #1457, .F. ) ;
#4029 = EDGE_CURVE ( 'NONE', #2184, #76, #2666, .T. ) ;
#4030 = CARTESIAN_POINT ( 'NONE',  ( 0.5118113482740160869, 1.065564270036221561, 0.5512629463688986098 ) ) ;
#4031 = EDGE_CURVE ( 'NONE', #76, #2184, #205, .T. ) ;
#4032 = CARTESIAN_POINT ( 'NONE',  ( -0.6889763779527560139, 0.7007874015748031260, 0.05905511811023622659 ) ) ;
#4033 = VECTOR ( 'NONE', #4544, 39.37007874015748143 ) ;
#4034 = ORIENTED_EDGE ( 'NONE', *, *, #3399, .F. ) ;
#4035 = CARTESIAN_POINT ( 'NONE',  ( 0.3987647471443204750, 0.7860600719011811011, -0.3486959493177617664 ) ) ;
#4036 = CARTESIAN_POINT ( 'NONE',  ( -0.7362204724409449064, 0.8801310389744094742, -0.03732954189540944878 ) ) ;
#4037 = CARTESIAN_POINT ( 'NONE',  ( -0.3794619779377866320, 0.7860600719010040205, -0.3448353954765004392 ) ) ;
#4038 = DATE_AND_TIME ( #3552, #3434 ) ;
#4039 = EDGE_CURVE ( 'NONE', #4322, #4794, #1424, .T. ) ;
#4040 = ORIENTED_EDGE ( 'NONE', *, *, #5248, .F. ) ;
#4041 = CARTESIAN_POINT ( 'NONE',  ( 0.3929289400593981019, 0.03675060999252401789, -0.3778749847423712449 ) ) ;
#4042 = B_SPLINE_CURVE_WITH_KNOTS ( 'NONE', 3,
 ( #999, #4220, #571, #5050, #2251, #2222 ),
 .UNSPECIFIED., .F., .F.,
 ( 4, 2, 4 ),
 ( 0.000000000000000000, 0.5000000000000000000, 1.000000000000000000 ),
 .UNSPECIFIED. ) ;
#4043 = VERTEX_POINT ( 'NONE', #2566 ) ;
#4044 = LINE ( 'NONE', #402, #760 ) ;
#4045 = CARTESIAN_POINT ( 'NONE',  ( 0.5029403932129489219, 0.9722787151156617735, 0.5639702560438311085 ) ) ;
#4046 = CARTESIAN_POINT ( 'NONE',  ( 0.4724409448818898127, 1.355477947416535489, -0.8258426335086613834 ) ) ;
#4047 = VECTOR ( 'NONE', #4259, 39.37007874015748143 ) ;
#4048 = FACE_OUTER_BOUND ( 'NONE', #443, .T. ) ;
#4049 = FACE_OUTER_BOUND ( 'NONE', #2105, .T. ) ;
#4050 = ORIENTED_EDGE ( 'NONE', *, *, #1431, .F. ) ;
#4051 = ORIENTED_EDGE ( 'NONE', *, *, #1471, .T. ) ;
#4052 = FACE_OUTER_BOUND ( 'NONE', #1017, .T. ) ;
#4053 = CLOSED_SHELL ( 'NONE', ( #322, #3533, #5052, #4655, #587, #262, #3396, #3929, #1365, #1020, #2376, #1626, #1205, #4762, #319, #3743, #710, #1304, #4397, #1847, #4920, #1954, #5238, #2446, #488, #1267, #1818, #2152, #3300, #973, #4867, #4650, #2343, #668, #2236, #2836, #637, #3405, #283, #1296, #2173, #2626, #3637, #4439, #5149, #1038, #2870, #100, #914, #4652, #3728, #2739, #1078, #1815, #1035, #125, #4686, #577, #1310, #361, #4561, #253, #4219, #3968, #2528, #424, #883, #740, #1855, #1299, #3175, #1693, #5136, #1913, #3609, #1375, #2406, #3732, #1727, #1981, #4989, #2012, #185, #1536 ) ) ;
#4054 = CARTESIAN_POINT ( 'NONE',  ( 9.642888182262618425E-18, 0.04724409448818897572, -0.2362204724409449064 ) ) ;
#4055 = CARTESIAN_POINT ( 'NONE',  ( 0.4094488188976377896, 0.01968503937007873988, -0.3619201092524409469 ) ) ;
#4056 = CARTESIAN_POINT ( 'NONE',  ( -0.5314960629921260393, 1.394815195778348338, -0.8242351536968740566 ) ) ;
#4057 = ORIENTED_EDGE ( 'NONE', *, *, #161, .F. ) ;
#4058 = CARTESIAN_POINT ( 'NONE',  ( 0.4677276886429130864, 1.148178024062993074, 0.5760305462925195963 ) ) ;
#4059 = LINE ( 'NONE', #4948, #4854 ) ;
#4060 = EDGE_CURVE ( 'NONE', #1846, #3013, #4338, .T. ) ;
#4061 = ORIENTED_EDGE ( 'NONE', *, *, #2568, .F. ) ;
#4062 = ADVANCED_FACE ( 'NONE', ( #4273 ), #3790, .T. ) ;
#4063 = LINE ( 'NONE', #395, #1663 ) ;
#4064 = CARTESIAN_POINT ( 'NONE',  ( -0.3747859231085780563, 0.01146710727048839626, -0.3821058027241108768 ) ) ;
#4065 = DIRECTION ( 'NONE',  ( 0.000000000000000000, 0.000000000000000000, -1.000000000000000000 ) ) ;
#4066 = DIRECTION ( 'NONE',  ( 0.000000000000000000, -0.04656599240843117826, -0.9989152157971256107 ) ) ;
#4067 = ORIENTED_EDGE ( 'NONE', *, *, #3958, .F. ) ;
#4068 = CARTESIAN_POINT ( 'NONE',  ( 0.3736259074268110103, 0.7068412598425196647, -0.3740157480314960647 ) ) ;
#4069 = LINE ( 'NONE', #1726, #3021 ) ;
#4070 = EDGE_CURVE ( 'NONE', #1243, #2174, #5025, .T. ) ;
#4071 = CARTESIAN_POINT ( 'NONE',  ( -0.4291338582677165503, 0.7480314960629921295, -0.3937007874015748254 ) ) ;
#4072 = DIRECTION ( 'NONE',  ( -1.000000000000000000, 0.000000000000000000, 0.000000000000000000 ) ) ;
#4073 = CARTESIAN_POINT ( 'NONE',  ( 0.3758567579377847800, 0.7892115157586855334, -0.3770002423906811395 ) ) ;
#4074 = CARTESIAN_POINT ( 'NONE',  ( -0.4677276792287402007, 1.358049399335040874, 0.2680415294779525670 ) ) ;
#4075 = VECTOR ( 'NONE', #5243, 39.37007874015748143 ) ;
#4076 = ORIENTED_EDGE ( 'NONE', *, *, #2015, .F. ) ;
#4077 = ORIENTED_EDGE ( 'NONE', *, *, #4754, .F. ) ;
#4078 = CARTESIAN_POINT ( 'NONE',  ( -0.3090744190973045979, 0.6482927219998093626, -0.3293975043121095680 ) ) ;
#4079 = LINE ( 'NONE', #1213, #1947 ) ;
#4080 = CARTESIAN_POINT ( 'NONE',  ( 5.303588500244441598E-18, 0.1102362204724409434, -0.2007874015748031815 ) ) ;
#4081 = VECTOR ( 'NONE', #1717, 39.37007874015748143 ) ;
#4082 = DIRECTION ( 'NONE',  ( 1.000000000000000000, 0.000000000000000000, 0.000000000000000000 ) ) ;
#4083 = ORIENTED_EDGE ( 'NONE', *, *, #4520, .F. ) ;
#4084 = CARTESIAN_POINT ( 'NONE',  ( 0.4928655905311018492, 1.379095276276376847, 0.1115861546039369351 ) ) ;
#4085 = CARTESIAN_POINT ( 'NONE',  ( -0.3693141375596061815, 0.7883551184070873852, -0.3766934059740158491 ) ) ;
#4086 = EDGE_LOOP ( 'NONE', ( #4569, #388, #3129, #4355 ) ) ;
#4087 = CARTESIAN_POINT ( 'NONE',  ( -0.3818897637795276023, 0.04724409448818897572, 1.446433227339393688E-18 ) ) ;
#4088 = CARTESIAN_POINT ( 'NONE',  ( -0.4380580097276877138, 0.9731963153311594672, 0.5584754917468383040 ) ) ;
#4089 = DIRECTION ( 'NONE',  ( -0.1961161351382030571, 1.965153025720660804E-14, 0.9805806756909162258 ) ) ;
#4090 = B_SPLINE_CURVE_WITH_KNOTS ( 'NONE', 3,
 ( #1754, #84, #3388, #5003, #2971, #1407, #4657, #2496, #4120, #479, #2916, #4552, #899 ),
 .UNSPECIFIED., .F., .F.,
 ( 4, 2, 2, 1, 2, 2, 4 ),
 ( 0.000000000000000000, 0.2500000000000146549, 0.3750000000000198730, 0.4375000000000205391, 0.4687500000000208722, 0.5000000000000212053, 1.000000000000000000 ),
 .UNSPECIFIED. ) ;
#4091 = LINE ( 'NONE', #750, #3791 ) ;
#4092 = LINE ( 'NONE', #452, #3705 ) ;
#4093 = LINE ( 'NONE', #1997, #15 ) ;
#4094 = EDGE_CURVE ( 'NONE', #2224, #5232, #468, .T. ) ;
#4095 = CARTESIAN_POINT ( 'NONE',  ( -0.4948126252864494812, 0.8858267546391888070, 0.5609000799982725161 ) ) ;
#4096 = CARTESIAN_POINT ( 'NONE',  ( 0.3776570616660772650, 0.7999354376344435247, -0.3635459773787594329 ) ) ;
#4097 = EDGE_CURVE ( 'NONE', #1550, #650, #4806, .T. ) ;
#4098 = CARTESIAN_POINT ( 'NONE',  ( -0.4677276867992126164, 1.376068686280315090, 0.1114075538118110137 ) ) ;
#4099 = ORIENTED_EDGE ( 'NONE', *, *, #3666, .F. ) ;
#4100 =( BOUNDED_CURVE ( )  B_SPLINE_CURVE ( 3, ( #1080, #4325, #1504, #5179 ),
 .UNSPECIFIED., .F., .T. ) 
 B_SPLINE_CURVE_WITH_KNOTS ( ( 4, 4 ),
 ( 1.570796326795175002, 3.090812241415210160 ),
 .UNSPECIFIED. ) 
 CURVE ( )  GEOMETRIC_REPRESENTATION_ITEM ( )  RATIONAL_B_SPLINE_CURVE ( ( 1.000000000000000000, 0.8165536858376269969, 0.8165536858376269969, 1.000000000000000000 ) ) 
 REPRESENTATION_ITEM ( '' )  );
#4101 = EDGE_LOOP ( 'NONE', ( #939, #5014, #3364, #1160 ) ) ;
#4102 = DIRECTION ( 'NONE',  ( -0.000000000000000000, 1.000000000000000000, 0.000000000000000000 ) ) ;
#4103 = VECTOR ( 'NONE', #1467, 39.37007874015748143 ) ;
#4104 = CARTESIAN_POINT ( 'NONE',  ( 0.6889763779527560139, 0.7796434537460865677, 0.09842519685038386701 ) ) ;
#4105 = DIRECTION ( 'NONE',  ( 0.000000000000000000, 0.000000000000000000, 1.000000000000000000 ) ) ;
#4106 = EDGE_CURVE ( 'NONE', #1164, #330, #546, .T. ) ;
#4107 = FACE_OUTER_BOUND ( 'NONE', #1143, .T. ) ;
#4108 = ORIENTED_EDGE ( 'NONE', *, *, #4826, .T. ) ;
#4109 = EDGE_LOOP ( 'NONE', ( #3161, #3882, #5079, #3804 ) ) ;
#4110 = CARTESIAN_POINT ( 'NONE',  ( 0.4291338582677167723, 0.008153810282939162601, -0.1968503937007409221 ) ) ;
#4111 = LINE ( 'NONE', #471, #5185 ) ;
#4112 = ORIENTED_EDGE ( 'NONE', *, *, #3014, .F. ) ;
#4113 = CARTESIAN_POINT ( 'NONE',  ( -0.7362204724409449064, 0.3661417322834645272, 0.000000000000000000 ) ) ;
#4114 = DIRECTION ( 'NONE',  ( 0.000000000000000000, -1.000000000000000000, 0.000000000000000000 ) ) ;
#4115 = VECTOR ( 'NONE', #570, 39.37007874015748143 ) ;
#4116 = CARTESIAN_POINT ( 'NONE',  ( 0.4771542029645670091, 1.298014736361023491, 0.1068015459603150752 ) ) ;
#4117 = EDGE_LOOP ( 'NONE', ( #5127, #1473, #2992, #921 ) ) ;
#4118 = AXIS2_PLACEMENT_3D ( 'NONE', #4358, #1879, #1989 ) ;
#4119 = DIRECTION ( 'NONE',  ( 0.000000000000000000, 0.9991661083842544588, 0.04082998721851906904 ) ) ;
#4120 = CARTESIAN_POINT ( 'NONE',  ( 0.4935636387034928463, 0.8858267522155081064, 0.5617340221243856124 ) ) ;
#4121 = CARTESIAN_POINT ( 'NONE',  ( 0.000000000000000000, 0.1889767539222968196, -0.1574803149606299191 ) ) ;
#4122 = EDGE_CURVE ( 'NONE', #5173, #3818, #1955, .T. ) ;
#4123 = CARTESIAN_POINT ( 'NONE',  ( -0.3779527559055118058, 0.7007874015748031260, -0.1917824658397244142 ) ) ;
#4124 = EDGE_CURVE ( 'NONE', #4354, #120, #4531, .T. ) ;
#4125 = VERTEX_POINT ( 'NONE', #3972 ) ;
#4126 = EDGE_CURVE ( 'NONE', #3484, #4939, #701, .T. ) ;
#4127 = CARTESIAN_POINT ( 'NONE',  ( 0.3956198549261023545, 0.7788905105335590662, -0.3644204103966342534 ) ) ;
#4128 = LOCAL_TIME ( 14, 15, 46.00000000000000000, #3815 ) ;
#4129 = EDGE_CURVE ( 'NONE', #792, #501, #3944, .T. ) ;
#4130 = CYLINDRICAL_SURFACE ( 'NONE', #4583, 0.01968503937007875723 ) ;
#4131 = FACE_OUTER_BOUND ( 'NONE', #1538, .T. ) ;
#4132 = CARTESIAN_POINT ( 'NONE',  ( -0.4330708744842523550, 1.294697116380315816, 0.2558895842601966453 ) ) ;
#4133 = EDGE_LOOP ( 'NONE', ( #202, #363, #1719, #4406, #184, #2477 ) ) ;
#4134 = VERTEX_POINT ( 'NONE', #2388 ) ;
#4135 = EDGE_CURVE ( 'NONE', #1951, #703, #246, .T. ) ;
#4136 = DIRECTION ( 'NONE',  ( 0.000000000000000000, 1.000000000000000000, 0.000000000000000000 ) ) ;
#4137 = DIRECTION ( 'NONE',  ( 1.000000000000000000, 0.000000000000000000, 0.000000000000000000 ) ) ;
#4138 = ORIENTED_EDGE ( 'NONE', *, *, #4821, .T. ) ;
#4139 = CARTESIAN_POINT ( 'NONE',  ( -0.3360995313135102247, 0.6417324030489803821, -0.3006806130091212448 ) ) ;
#4140 = CARTESIAN_POINT ( 'NONE',  ( 0.3809207875512994335, 0.7487173423220460089, -0.3984037850141730619 ) ) ;
#4141 = ORIENTED_EDGE ( 'NONE', *, *, #818, .T. ) ;
#4142 = CARTESIAN_POINT ( 'NONE',  ( 0.4094488188976377896, 0.9078769110314960367, -0.1193599044736220471 ) ) ;
#4143 = DIRECTION ( 'NONE',  ( -1.000000000000000000, 0.000000000000000000, 0.000000000000000000 ) ) ;
#4144 = CARTESIAN_POINT ( 'NONE',  ( 0.4724409448818898127, 1.350655507981277648, -0.7078308884239076226 ) ) ;
#4145 = PLANE ( 'NONE',  #4554 ) ;
#4146 = PLANE ( 'NONE',  #930 ) ;
#4147 = ORIENTED_EDGE ( 'NONE', *, *, #2024, .T. ) ;
#4148 = CARTESIAN_POINT ( 'NONE',  ( -0.7362204724409449064, 0.3661417322834645272, 0.05905511811023622659 ) ) ;
#4149 = CARTESIAN_POINT ( 'NONE',  ( -0.3751770935192687562, 0.7832294076736868726, -0.3820670396296436122 ) ) ;
#4150 = CARTESIAN_POINT ( 'NONE',  ( 0.3818897637795276023, 0.04724409448818897572, -0.1921723064444488260 ) ) ;
#4151 = PRODUCT_RELATED_PRODUCT_CATEGORY ( 'detail', '', ( #3410 ) ) ;
#4152 = VECTOR ( 'NONE', #3676, 39.37007874015748143 ) ;
#4153 = LINE ( 'NONE', #214, #2545 ) ;
#4154 = CARTESIAN_POINT ( 'NONE',  ( -0.4771542157803148609, 1.299423566916142248, 0.07035328739870080894 ) ) ;
#4155 = ORIENTED_EDGE ( 'NONE', *, *, #3399, .T. ) ;
#4156 = VECTOR ( 'NONE', #1880, 39.37007874015748143 ) ;
#4157 = AXIS2_PLACEMENT_3D ( 'NONE', #4490, #3703, #2460 ) ;
#4158 = CARTESIAN_POINT ( 'NONE',  ( -0.4209800479848122556, 0.8782977321864060549, -0.07665691259724262407 ) ) ;
#4159 = CARTESIAN_POINT ( 'NONE',  ( 0.4291338582676937907, 0.8701937832820680896, -0.07539735790953239203 ) ) ;
#4160 = VECTOR ( 'NONE', #830, 39.37007874015748854 ) ;
#4161 = ADVANCED_FACE ( 'NONE', ( #3602 ), #2273, .T. ) ;
#4162 = ORIENTED_EDGE ( 'NONE', *, *, #982, .T. ) ;
#4163 = CARTESIAN_POINT ( 'NONE',  ( -0.4686752192845949350, 0.8858267716535517255, 0.5679224455952014416 ) ) ;
#4164 = CARTESIAN_POINT ( 'NONE',  ( -0.6889763779527560139, 0.4842519685039370358, 0.09842519685039370636 ) ) ;
#4165 = VERTEX_POINT ( 'NONE', #4705 ) ;
#4166 = ORIENTED_EDGE ( 'NONE', *, *, #2412, .T. ) ;
#4167 = ORIENTED_EDGE ( 'NONE', *, *, #870, .T. ) ;
#4168 = CARTESIAN_POINT ( 'NONE',  ( 0.4291338582677165503, 0.000000000000000000, -0.1968503937007874127 ) ) ;
#4169 = CARTESIAN_POINT ( 'NONE',  ( -0.3090744190237795230, 0.7007874015748031260, -0.2952755905511810774 ) ) ;
#4170 = LINE ( 'NONE', #531, #2090 ) ;
#4171 = DIRECTION ( 'NONE',  ( 0.000000000000000000, 0.000000000000000000, -1.000000000000000000 ) ) ;
#4172 = ORIENTED_EDGE ( 'NONE', *, *, #37, .T. ) ;
#4173 = DIRECTION ( 'NONE',  ( 0.000000000000000000, 4.956352788505170170E-16, -1.000000000000000000 ) ) ;
#4174 = PLANE ( 'NONE',  #241 ) ;
#4175 = LINE ( 'NONE', #2924, #1585 ) ;
#4176 = CARTESIAN_POINT ( 'NONE',  ( 0.4724409448816346280, 1.338215086886173300, 0.07872548081092677064 ) ) ;
#4177 = CARTESIAN_POINT ( 'NONE',  ( 0.3744217841402805447, 0.01562183526465535204, -0.3857601178696475341 ) ) ;
#4178 = ORIENTED_EDGE ( 'NONE', *, *, #5206, .F. ) ;
#4179 = AXIS2_PLACEMENT_3D ( 'NONE', #3588, #4072, #1203 ) ;
#4180 = ORIENTED_EDGE ( 'NONE', *, *, #1631, .T. ) ;
#4181 = CARTESIAN_POINT ( 'NONE',  ( -0.4724409448818898127, 0.9699109393618169372, 0.5782418661775315938 ) ) ;
#4182 = CARTESIAN_POINT ( 'NONE',  ( 0.5118113482740158648, 1.064954473485432818, 0.5256280023555112146 ) ) ;
#4183 = EDGE_CURVE ( 'NONE', #203, #3793, #1875, .T. ) ;
#4184 = AXIS2_PLACEMENT_3D ( 'NONE', #4023, #1660, #859 ) ;
#4185 = CARTESIAN_POINT ( 'NONE',  ( -0.4291338582677165503, 0.8426180921244095234, -0.02727797808123228612 ) ) ;
#4186 = EDGE_CURVE ( 'NONE', #2199, #2292, #1479, .T. ) ;
#4187 = ORIENTED_EDGE ( 'NONE', *, *, #4463, .T. ) ;
#4188 = EDGE_CURVE ( 'NONE', #4735, #2224, #4100, .T. ) ;
#4189 = CARTESIAN_POINT ( 'NONE',  ( -0.4521654355354542409, 0.8858266475666766171, 0.5622615626360081276 ) ) ;
#4190 = CARTESIAN_POINT ( 'NONE',  ( 0.6889763779527560139, 0.000000000000000000, 0.000000000000000000 ) ) ;
#4191 = ORIENTED_EDGE ( 'NONE', *, *, #4124, .T. ) ;
#4192 = ORIENTED_EDGE ( 'NONE', *, *, #2470, .F. ) ;
#4193 = CARTESIAN_POINT ( 'NONE',  ( 0.3510328864857452658, 0.7007874015748031260, -0.3464566929133858775 ) ) ;
#4194 = EDGE_CURVE ( 'NONE', #4165, #1531, #4993, .T. ) ;
#4195 = DIRECTION ( 'NONE',  ( -1.000000000000000000, 0.000000000000000000, 0.000000000000000000 ) ) ;
#4196 = AXIS2_PLACEMENT_3D ( 'NONE', #2615, #4570, #998 ) ;
#4197 = EDGE_CURVE ( 'NONE', #1892, #1829, #2847, .T. ) ;
#4198 = DIRECTION ( 'NONE',  ( 0.000000000000000000, 1.000000000000000000, 0.000000000000000000 ) ) ;
#4199 = CARTESIAN_POINT ( 'NONE',  ( -0.4724409448818898127, 0.9699109393618169372, 0.5782418661775315938 ) ) ;
#4200 = DIRECTION ( 'NONE',  ( 0.9805806756909164479, 0.000000000000000000, 0.1961161351382030849 ) ) ;
#4201 = CIRCLE ( 'NONE', #4898, 0.04330708661417324162 ) ;
#4202 = ORIENTED_EDGE ( 'NONE', *, *, #5082, .F. ) ;
#4203 = CARTESIAN_POINT ( 'NONE',  ( 0.4094488188976377896, 0.8822413866952184547, 0.007940801112904901510 ) ) ;
#4204 = DIRECTION ( 'NONE',  ( -1.000000000000000000, 0.000000000000000000, 0.000000000000000000 ) ) ;
#4205 = CARTESIAN_POINT ( 'NONE',  ( 0.3818897637795276023, 0.000000000000000000, 0.000000000000000000 ) ) ;
#4206 = PLANE ( 'NONE',  #1870 ) ;
#4207 = CARTESIAN_POINT ( 'NONE',  ( -0.4677276886429130864, 1.122813956465354757, 0.5006918230539377790 ) ) ;
#4208 = ORIENTED_EDGE ( 'NONE', *, *, #2562, .T. ) ;
#4209 = VECTOR ( 'NONE', #4713, 39.37007874015748143 ) ;
#4210 = B_SPLINE_CURVE_WITH_KNOTS ( 'NONE', 3,
 ( #4199, #1357, #1680, #3362, #2128, #2972, #4553, #1730, #557, #134, #4226, #1333, #2180, #3750, #3389, #900, #5033, #1383 ),
 .UNSPECIFIED., .F., .F.,
 ( 4, 2, 2, 2, 1, 1, 2, 2, 2, 4 ),
 ( 0.000000000000000000, 0.2499999999999187317, 0.3749999999998778755, 0.4374999999998593903, 0.4687499999998527289, 0.4843749999998493427, 0.4921874999998487876, 0.4999999999998482325, 0.7499999999999241718, 1.000000000000000000 ),
 .UNSPECIFIED. ) ;
#4211 = CARTESIAN_POINT ( 'NONE',  ( 0.6889763779527560139, 0.000000000000000000, 0.000000000000000000 ) ) ;
#4212 = CARTESIAN_POINT ( 'NONE',  ( 0.4928656245102357447, 1.203896250341731422, 0.4376416319559052748 ) ) ;
#4213 = B_SPLINE_CURVE_WITH_KNOTS ( 'NONE', 3,
 ( #805, #1309, #2878, #2898 ),
 .UNSPECIFIED., .F., .F.,
 ( 4, 4 ),
 ( 0.000000000000000000, 1.000000000000000000 ),
 .UNSPECIFIED. ) ;
#4214 = VECTOR ( 'NONE', #3002, 39.37007874015748143 ) ;
#4215 = DIRECTION ( 'NONE',  ( 0.000000000000000000, -0.6734125939158718266, 0.7392668519252686421 ) ) ;
#4216 = EDGE_LOOP ( 'NONE', ( #3117, #2512, #5051, #2362 ) ) ;
#4217 = B_SPLINE_CURVE_WITH_KNOTS ( 'NONE', 3,
 ( #2868, #1621, #2393, #4497, #2332, #3608 ),
 .UNSPECIFIED., .F., .F.,
 ( 4, 2, 4 ),
 ( 0.000000000000000000, 0.5000000000000000000, 1.000000000000000000 ),
 .UNSPECIFIED. ) ;
#4218 = CARTESIAN_POINT ( 'NONE',  ( -0.3736259074391464763, 0.7480314966256693676, -0.3937000512407141661 ) ) ;
#4219 = ADVANCED_FACE ( 'NONE', ( #2863 ), #3172, .T. ) ;
#4220 = CARTESIAN_POINT ( 'NONE',  ( 0.3826163708350476256, 2.092654922148640264E-15, -0.3553413874279169882 ) ) ;
#4221 = ORIENTED_EDGE ( 'NONE', *, *, #4292, .F. ) ;
#4222 = EDGE_LOOP ( 'NONE', ( #154, #4965, #239, #3621 ) ) ;
#4223 = CARTESIAN_POINT ( 'NONE',  ( -0.4450788000541334166, 0.9810724023581494091, 0.5114257816981406801 ) ) ;
#4224 = DIRECTION ( 'NONE',  ( 0.000000000000000000, -0.9991661083842544588, -0.04082998721851672369 ) ) ;
#4225 = LINE ( 'NONE', #1729, #4448 ) ;
#4226 = CARTESIAN_POINT ( 'NONE',  ( -0.4998100192493312166, 0.9717222534845493254, 0.5673123691934527368 ) ) ;
#4227 = ORIENTED_EDGE ( 'NONE', *, *, #3698, .T. ) ;
#4228 = DIRECTION ( 'NONE',  ( 1.000000000000000000, 0.000000000000000000, 0.000000000000000000 ) ) ;
#4229 = EDGE_CURVE ( 'NONE', #2773, #1852, #967, .T. ) ;
#4230 = ORIENTED_EDGE ( 'NONE', *, *, #2513, .F. ) ;
#4231 = DIRECTION ( 'NONE',  ( 0.000000000000000000, -0.04082998721851817392, 0.9991661083842543478 ) ) ;
#4232 = CARTESIAN_POINT ( 'NONE',  ( -0.3743342012691993070, 0.7726697159267637005, -0.3884151690522179012 ) ) ;
#4233 = CARTESIAN_POINT ( 'NONE',  ( -0.4002138412547242563, 0.008133264687818891545, -0.3585996550616534773 ) ) ;
#4234 = DIRECTION ( 'NONE',  ( 0.1197169729679970485, -0.9919801668815357854, -0.04053634044977691420 ) ) ;
#4235 = CARTESIAN_POINT ( 'NONE',  ( -0.4928656969858267733, 0.9799597677598419487, 0.4970473276814961205 ) ) ;
#4236 = VERTEX_POINT ( 'NONE', #1395 ) ;
#4237 = FACE_OUTER_BOUND ( 'NONE', #3985, .T. ) ;
#4238 = CARTESIAN_POINT ( 'NONE',  ( 0.4928656282188970672, 1.234997248441731310, 0.3880213378790550727 ) ) ;
#4239 = PERSON_AND_ORGANIZATION ( #1294, #2341 ) ;
#4240 = DIRECTION ( 'NONE',  ( 0.000000000000000000, 0.9659258262886278867, -0.2588190451041644802 ) ) ;
#4241 = AXIS2_PLACEMENT_3D ( 'NONE', #4211, #940, #170 ) ;
#4242 = VERTEX_POINT ( 'NONE', #3324 ) ;
#4243 = AXIS2_PLACEMENT_3D ( 'NONE', #47, #3224, #2858 ) ;
#4244 = DIRECTION ( 'NONE',  ( 0.000000000000000000, -0.9659258262890756397, 0.2588190451024934280 ) ) ;
#4245 = VECTOR ( 'NONE', #3266, 39.37007874015748143 ) ;
#4246 = CARTESIAN_POINT ( 'NONE',  ( 0.4724409448818898127, 1.350655507981495917, -0.7078308884236220733 ) ) ;
#4247 = VERTEX_POINT ( 'NONE', #1741 ) ;
#4248 = ORIENTED_EDGE ( 'NONE', *, *, #574, .T. ) ;
#4249 = CARTESIAN_POINT ( 'NONE',  ( -0.7362204724409449064, 0.8858267716535432879, 0.5905511811023621549 ) ) ;
#4250 = LINE ( 'NONE', #3900, #4613 ) ;
#4251 = LINE ( 'NONE', #2258, #3349 ) ;
#4252 = EDGE_CURVE ( 'NONE', #3445, #2614, #258, .T. ) ;
#4253 = CARTESIAN_POINT ( 'NONE',  ( 0.4822825947192964646, 0.9827645972689774689, 0.5013980290226811576 ) ) ;
#4254 = ORIENTED_EDGE ( 'NONE', *, *, #2796, .F. ) ;
#4255 = EDGE_CURVE ( 'NONE', #1164, #1531, #2639, .T. ) ;
#4256 = CARTESIAN_POINT ( 'NONE',  ( -0.7362204724409449064, 0.4251968503937008093, 0.5314960629921260393 ) ) ;
#4257 = EDGE_CURVE ( 'NONE', #3622, #2929, #5024, .T. ) ;
#4258 = DIRECTION ( 'NONE',  ( 0.000000000000000000, -0.2588190451024934280, -0.9659258262890756397 ) ) ;
#4259 = DIRECTION ( 'NONE',  ( 1.000000000000000000, 0.000000000000000000, 0.000000000000000000 ) ) ;
#4260 = EDGE_CURVE ( 'NONE', #573, #5197, #916, .T. ) ;
#4261 = DIRECTION ( 'NONE',  ( 0.000000000000000000, -1.000000000000000000, 0.000000000000000000 ) ) ;
#4262 = EDGE_CURVE ( 'NONE', #2773, #3622, #3912, .T. ) ;
#4263 = CARTESIAN_POINT ( 'NONE',  ( 0.3747502009922697996, 0.01182712520892592774, -0.3824628486299118113 ) ) ;
#4264 = ORIENTED_EDGE ( 'NONE', *, *, #3023, .F. ) ;
#4265 = FACE_OUTER_BOUND ( 'NONE', #3517, .T. ) ;
#4266 = CARTESIAN_POINT ( 'NONE',  ( 0.4928656286094487693, 1.259766084608660686, 0.3259187194880316940 ) ) ;
#4267 = CALENDAR_DATE ( 2022, 1, 11 ) ;
#4268 = EDGE_CURVE ( 'NONE', #2137, #94, #5095, .T. ) ;
#4269 = CARTESIAN_POINT ( 'NONE',  ( -0.3746203016934253061, 0.8044977917192911443, -0.3501625853048029868 ) ) ;
#4270 = VECTOR ( 'NONE', #824, 39.37007874015748143 ) ;
#4271 = ORIENTED_EDGE ( 'NONE', *, *, #1430, .F. ) ;
#4272 =( BOUNDED_SURFACE ( )  B_SPLINE_SURFACE ( 3, 3, ( 
 ( #1921, #5225, #1302, #2320, #3564, #3263, #2911, #58, #3535, #2872, #2346, #4116, #2471, #475 ),
 ( #3964, #324, #3688, #3285, #1944, #1551, #1277, #2098, #2892, #4801, #694, #3561, #4396, #5193 ),
 ( #2736, #2369, #3880, #634, #3961, #3058, #1150, #4798, #1042, #2658, #719, #5170, #3908, #1867 ),
 ( #1068, #1518, #5144, #2683, #4315, #4720, #1890, #3109, #266, #3133, #2768, #2712, #2266, #4290 ),
 ( #4368, #2342, #3504, #237, #747, #1919, #3991, #4774, #320, #1120, #1941, #2318, #349, #1548 ),
 ( #1971, #4747, #3159, #3591, #1444, #4696, #3478, #5115, #4343, #1492, #1470, #3084, #661, #1093 ),
 ( #2289, #691, #3934, #294, #3531, #2825, #79, #3356, #4833, #4453, #1177, #3645, #1326, #2910 ) ),
 .UNSPECIFIED., .F., .F., .F. ) 
 B_SPLINE_SURFACE_WITH_KNOTS ( ( 4, 3, 4 ),
 ( 4, 1, 1, 1, 1, 1, 1, 1, 1, 1, 1, 4 ),
 ( 0.000000000000000000, 1.000000000000000000, 2.000000000000000000 ),
 ( -0.009854795995226999297, 0.000000000000000000, 0.1111111111111000027, 0.2222222222222000054, 0.3333333333333000081, 0.4444444444444000109, 0.5555555555555999891, 0.6666666666667000474, 0.7777777777777999946, 0.8888888888888999418, 1.000000000000000000, 1.007861540024999947 ),
 .UNSPECIFIED. ) 
 GEOMETRIC_REPRESENTATION_ITEM ( )  RATIONAL_B_SPLINE_SURFACE ( (
 ( 1.202333763987999848, 1.202333763987999848, 1.202333763987999848, 1.202333763987999848, 1.202333763987999848, 1.202333763987999848, 1.202333763987999848, 1.202333763987999848, 1.202333763987999848, 1.202333763987999848, 1.202333763987999848, 1.202333763987999848, 1.202333763987999848, 1.202333763987999848),
 ( 0.9325554120039000194, 0.9325554120039000194, 0.9325554120039000194, 0.9325554120039000194, 0.9325554120039000194, 0.9325554120039000194, 0.9325554120039000194, 0.9325554120039000194, 0.9325554120039000194, 0.9325554120039000194, 0.9325554120039000194, 0.9325554120039000194, 0.9325554120039000194, 0.9325554120039000194),
 ( 0.9325554120039000194, 0.9325554120039000194, 0.9325554120039000194, 0.9325554120039000194, 0.9325554120039000194, 0.9325554120039000194, 0.9325554120039000194, 0.9325554120039000194, 0.9325554120039000194, 0.9325554120039000194, 0.9325554120039000194, 0.9325554120039000194, 0.9325554120039000194, 0.9325554120039000194),
 ( 1.202333763987999848, 1.202333763987999848, 1.202333763987999848, 1.202333763987999848, 1.202333763987999848, 1.202333763987999848, 1.202333763987999848, 1.202333763987999848, 1.202333763987999848, 1.202333763987999848, 1.202333763987999848, 1.202333763987999848, 1.202333763987999848, 1.202333763987999848),
 ( 0.9325554120039000194, 0.9325554120039000194, 0.9325554120039000194, 0.9325554120039000194, 0.9325554120039000194, 0.9325554120039000194, 0.9325554120039000194, 0.9325554120039000194, 0.9325554120039000194, 0.9325554120039000194, 0.9325554120039000194, 0.9325554120039000194, 0.9325554120039000194, 0.9325554120039000194),
 ( 0.9325554120039000194, 0.9325554120039000194, 0.9325554120039000194, 0.9325554120039000194, 0.9325554120039000194, 0.9325554120039000194, 0.9325554120039000194, 0.9325554120039000194, 0.9325554120039000194, 0.9325554120039000194, 0.9325554120039000194, 0.9325554120039000194, 0.9325554120039000194, 0.9325554120039000194),
 ( 1.202333763987999848, 1.202333763987999848, 1.202333763987999848, 1.202333763987999848, 1.202333763987999848, 1.202333763987999848, 1.202333763987999848, 1.202333763987999848, 1.202333763987999848, 1.202333763987999848, 1.202333763987999848, 1.202333763987999848, 1.202333763987999848, 1.202333763987999848) ) ) 
 REPRESENTATION_ITEM ( '' )  SURFACE ( )  );
#4273 = FACE_OUTER_BOUND ( 'NONE', #4723, .T. ) ;
#4274 = CIRCLE ( 'NONE', #793, 0.01968503937007880580 ) ;
#4275 = LINE ( 'NONE', #5026, #1414 ) ;
#4276 = ORIENTED_EDGE ( 'NONE', *, *, #1425, .F. ) ;
#4277 = ORIENTED_EDGE ( 'NONE', *, *, #3858, .T. ) ;
#4278 = VERTEX_POINT ( 'NONE', #328 ) ;
#4279 = DIRECTION ( 'NONE',  ( 0.000000000000000000, -1.000000000000000000, 0.000000000000000000 ) ) ;
#4280 = DIRECTION ( 'NONE',  ( 0.000000000000000000, 0.000000000000000000, -1.000000000000000000 ) ) ;
#4281 = CARTESIAN_POINT ( 'NONE',  ( 0.4724409448818898127, 0.1150320207155277746, 0.3939939752721323130 ) ) ;
#4282 = CARTESIAN_POINT ( 'NONE',  ( 0.3425332838805098534, 0.6482932016228695193, -0.3019673636827220897 ) ) ;
#4283 = ORIENTED_EDGE ( 'NONE', *, *, #2918, .T. ) ;
#4284 = CARTESIAN_POINT ( 'NONE',  ( 0.4497783638928420924, 0.8858266822617661962, 0.5606947719564300270 ) ) ;
#4285 = EDGE_CURVE ( 'NONE', #4322, #4682, #1822, .T. ) ;
#4286 = CARTESIAN_POINT ( 'NONE',  ( -0.6889763779527560139, 0.7007874015748031260, 0.05905511811023622659 ) ) ;
#4287 = CARTESIAN_POINT ( 'NONE',  ( -0.3929286766227039207, 0.7480314951195158324, -0.3778763018706621790 ) ) ;
#4288 = EDGE_CURVE ( 'NONE', #1563, #3741, #972, .T. ) ;
#4289 = AXIS2_PLACEMENT_3D ( 'NONE', #4404, #4295, #2243 ) ;
#4290 = CARTESIAN_POINT ( 'NONE',  ( 0.4330708306708658806, 1.338484191629133901, 0.07178757850921269057 ) ) ;
#4291 = CARTESIAN_POINT ( 'NONE',  ( -0.4928655825421255909, 1.121830449117716233, 0.4977705176448817825 ) ) ;
#4292 = EDGE_CURVE ( 'NONE', #1243, #4339, #3510, .T. ) ;
#4293 = ORIENTED_EDGE ( 'NONE', *, *, #2465, .T. ) ;
#4294 = CARTESIAN_POINT ( 'NONE',  ( 0.3945803359078740025, 0.02664311993292128172, -0.3667399503030313590 ) ) ;
#4295 = DIRECTION ( 'NONE',  ( 0.000000000000000000, 0.9991661083842544588, 0.04082998721851906904 ) ) ;
#4296 = CARTESIAN_POINT ( 'NONE',  ( 0.4724409448818898127, 1.298877838524636008, 0.07711800099919212392 ) ) ;
#4297 = VECTOR ( 'NONE', #2675, 39.37007874015748143 ) ;
#4298 = VERTEX_POINT ( 'NONE', #3115 ) ;
#4299 = EDGE_CURVE ( 'NONE', #4735, #4278, #4726, .T. ) ;
#4300 = CARTESIAN_POINT ( 'NONE',  ( -0.7125984251968504601, 0.3070866141732283561, 0.5314960629921260393 ) ) ;
#4301 = VECTOR ( 'NONE', #5229, 39.37007874015748143 ) ;
#4302 = CARTESIAN_POINT ( 'NONE',  ( 0.7362204724409449064, 0.3661417322834645272, 0.02952755905511811330 ) ) ;
#4303 = ORIENTED_EDGE ( 'NONE', *, *, #671, .T. ) ;
#4304 = VERTEX_POINT ( 'NONE', #2777 ) ;
#4305 = ORIENTED_EDGE ( 'NONE', *, *, #2698, .F. ) ;
#4306 = VECTOR ( 'NONE', #620, 39.37007874015748854 ) ;
#4307 = DIRECTION ( 'NONE',  ( 0.000000000000000000, -0.1218133261744039492, 0.9925530280878338552 ) ) ;
#4308 = DIRECTION ( 'NONE',  ( -1.000000000000000000, 0.000000000000000000, 0.000000000000000000 ) ) ;
#4309 = DIRECTION ( 'NONE',  ( 0.000000000000000000, -1.000000000000000000, 0.000000000000000000 ) ) ;
#4310 = DIRECTION ( 'NONE',  ( 1.000000000000000000, 0.000000000000000000, 0.000000000000000000 ) ) ;
#4311 = ORIENTED_EDGE ( 'NONE', *, *, #3858, .F. ) ;
#4312 = DIRECTION ( 'NONE',  ( 0.000000000000000000, -0.04082998721851817392, 0.9991661083842543478 ) ) ;
#4313 = LINE ( 'NONE', #317, #1298 ) ;
#4314 = DIRECTION ( 'NONE',  ( 0.3713906763540940070, 0.9284766908852631895, 0.000000000000000000 ) ) ;
#4315 = CARTESIAN_POINT ( 'NONE',  ( 0.4330709531212599273, 1.135495990264173027, 0.5383611846732277995 ) ) ;
#4316 = CARTESIAN_POINT ( 'NONE',  ( -0.5118113482740160869, 1.065564270036221561, 0.5512629463688986098 ) ) ;
#4317 = EDGE_LOOP ( 'NONE', ( #5224, #1336, #1937, #4330 ) ) ;
#4318 = ORIENTED_EDGE ( 'NONE', *, *, #3171, .T. ) ;
#4319 = CARTESIAN_POINT ( 'NONE',  ( -0.3090744190841441252, 0.6417318067187284258, -0.3228351587059475891 ) ) ;
#4320 = DIRECTION ( 'NONE',  ( 0.000000000000000000, -0.9991661083842543478, -0.04082998721851817392 ) ) ;
#4321 = DIRECTION ( 'NONE',  ( -0.1197169729660414877, 0.9919801668818163387, 0.04053634044868673070 ) ) ;
#4322 = VERTEX_POINT ( 'NONE', #1948 ) ;
#4323 = CARTESIAN_POINT ( 'NONE',  ( -0.4448341954788199160, 0.9810326994449346527, 0.5116611911148770675 ) ) ;
#4324 = UNCERTAINTY_MEASURE_WITH_UNIT (LENGTH_MEASURE( 1.000000000000000082E-05 ), #4876, 'distance_accuracy_value', 'NONE');
#4325 = CARTESIAN_POINT ( 'NONE',  ( -0.4205210113270071992, 0.8449748396303674580, -0.2010196406711010908 ) ) ;
#4326 = EDGE_CURVE ( 'NONE', #1995, #1016, #1925, .T. ) ;
#4327 = VECTOR ( 'NONE', #1388, 39.37007874015748143 ) ;
#4328 = DIRECTION ( 'NONE',  ( 0.000000000000000000, 0.000000000000000000, 1.000000000000000000 ) ) ;
#4329 = ORIENTED_EDGE ( 'NONE', *, *, #4288, .F. ) ;
#4330 = ORIENTED_EDGE ( 'NONE', *, *, #4689, .T. ) ;
#4331 = AXIS2_PLACEMENT_3D ( 'NONE', #2673, #682, #4307 ) ;
#4332 = FACE_OUTER_BOUND ( 'NONE', #2889, .T. ) ;
#4333 = DIRECTION ( 'NONE',  ( -0.3713906763540864575, -0.9284766908852660761, -8.578463621328391776E-16 ) ) ;
#4334 = VECTOR ( 'NONE', #1346, 39.37007874015748854 ) ;
#4335 = CARTESIAN_POINT ( 'NONE',  ( -0.4724409448819913426, 1.066963004812506055, 0.5910409849942146465 ) ) ;
#4336 = DIRECTION ( 'NONE',  ( 0.000000000000000000, -1.000000000000000000, 0.000000000000000000 ) ) ;
#4337 = CARTESIAN_POINT ( 'NONE',  ( -0.8834645669291339987, 0.8744707376381889441, -0.09093945069118110347 ) ) ;
#4338 = B_SPLINE_CURVE_WITH_KNOTS ( 'NONE', 3,
 ( #2539, #4163, #2145, #2221, #974, #3408, #3015, #4189, #2961, #2169, #5049, #1773, #4622 ),
 .UNSPECIFIED., .F., .F.,
 ( 4, 2, 2, 1, 2, 2, 4 ),
 ( 0.000000000000000000, 0.2500000000000152101, 0.3750000000000249245, 0.4375000000000298095, 0.4687500000000293099, 0.5000000000000287548, 1.000000000000000000 ),
 .UNSPECIFIED. ) ;
#4339 = VERTEX_POINT ( 'NONE', #4753 ) ;
#4340 = CARTESIAN_POINT ( 'NONE',  ( 0.3779527559055224639, 0.7007874015748031260, -0.1917824658397263848 ) ) ;
#4341 = CARTESIAN_POINT ( 'NONE',  ( 0.7362204724410000845, 0.7796434537460865677, 0.09842519685038386701 ) ) ;
#4342 = PLANE ( 'NONE',  #1750 ) ;
#4343 = CARTESIAN_POINT ( 'NONE',  ( 0.4520162611543306896, 1.340408183086221117, 0.3510631817062204174 ) ) ;
#4344 = CARTESIAN_POINT ( 'NONE',  ( -0.4928656245102357447, 1.271012220987795427, 0.4898507428720469958 ) ) ;
#4345 = EDGE_LOOP ( 'NONE', ( #1316, #4011, #2793, #2953 ) ) ;
#4346 = CARTESIAN_POINT ( 'NONE',  ( 0.3090744190237795230, 0.6417325327856220341, -0.3228355242500574596 ) ) ;
#4347 = DIRECTION ( 'NONE',  ( 0.000000000000000000, -1.000000000000000000, 0.000000000000000000 ) ) ;
#4348 = CARTESIAN_POINT ( 'NONE',  ( -0.4330708345913384383, 1.332391213378740336, 0.1741805305288190997 ) ) ;
#4349 = ORIENTED_EDGE ( 'NONE', *, *, #3496, .F. ) ;
#4350 = CARTESIAN_POINT ( 'NONE',  ( 0.4629423024834346534, 0.9827883198860569713, 0.5013072056410812216 ) ) ;
#4351 = EDGE_CURVE ( 'NONE', #3391, #2137, #4545, .T. ) ;
#4352 = LINE ( 'NONE', #1900, #1674 ) ;
#4353 = EDGE_CURVE ( 'NONE', #2136, #3818, #1555, .T. ) ;
#4354 = VERTEX_POINT ( 'NONE', #1896 ) ;
#4355 = ORIENTED_EDGE ( 'NONE', *, *, #4954, .T. ) ;
#4356 = EDGE_CURVE ( 'NONE', #672, #3034, #2690, .T. ) ;
#4357 = VECTOR ( 'NONE', #3616, 39.37007874015748143 ) ;
#4358 = CARTESIAN_POINT ( 'NONE',  ( -0.5314960629921260393, 1.361104126757873845, -0.9635230027740157022 ) ) ;
#4359 = CARTESIAN_POINT ( 'NONE',  ( -0.4291338582677165503, 0.000000000000000000, 0.000000000000000000 ) ) ;
#4360 = DIRECTION ( 'NONE',  ( 0.3713906763540864575, 0.9284766908852660761, 0.000000000000000000 ) ) ;
#4361 = CARTESIAN_POINT ( 'NONE',  ( -0.3779527559055118058, 0.7007874015748031260, 0.000000000000000000 ) ) ;
#4362 = CARTESIAN_POINT ( 'NONE',  ( -0.4724409448818898127, 0.9829178552618170750, 0.5005072367846181702 ) ) ;
#4363 = VERTEX_POINT ( 'NONE', #667 ) ;
#4364 = EDGE_CURVE ( 'NONE', #1369, #3013, #812, .T. ) ;
#4365 = DIRECTION ( 'NONE',  ( 0.000000000000000000, 0.000000000000000000, -1.000000000000000000 ) ) ;
#4366 = CARTESIAN_POINT ( 'NONE',  ( -0.5905511811023621549, 1.400441375119291232, -0.9619155229622048386 ) ) ;
#4367 = CARTESIAN_POINT ( 'NONE',  ( -0.4094488188976456167, 0.8452491089139272384, -0.1999960537698378116 ) ) ;
#4368 = CARTESIAN_POINT ( 'NONE',  ( 0.4330704332334645024, 0.9620840030909438845, 0.5621299415342516648 ) ) ;
#4369 = CARTESIAN_POINT ( 'NONE',  ( -0.5118110246877961567, 1.273033761033071531, 0.4066082396425196310 ) ) ;
#4370 = VERTEX_POINT ( 'NONE', #3063 ) ;
#4371 = CARTESIAN_POINT ( 'NONE',  ( -0.7362204724409449064, 0.7007874015748031260, 0.05905511811023622659 ) ) ;
#4372 = ORIENTED_EDGE ( 'NONE', *, *, #4094, .F. ) ;
#4373 = CARTESIAN_POINT ( 'NONE',  ( 0.4002110314271652980, 0.008134028746704735982, -0.3586137073971654710 ) ) ;
#4374 = CARTESIAN_POINT ( 'NONE',  ( -0.4094488188976377896, 0.7933460819673228137, -0.3937007874015748254 ) ) ;
#4375 = AXIS2_PLACEMENT_3D ( 'NONE', #4443, #794, #1648 ) ;
#4376 = CARTESIAN_POINT ( 'NONE',  ( -0.4771542275303150560, 0.9620882722338592874, 0.5762631615350398695 ) ) ;
#4377 = EDGE_LOOP ( 'NONE', ( #1404, #2852 ) ) ;
#4378 = AXIS2_PLACEMENT_3D ( 'NONE', #3196, #4433, #782 ) ;
#4379 = VERTEX_POINT ( 'NONE', #5175 ) ;
#4380 = CARTESIAN_POINT ( 'NONE',  ( 0.4454598949607964098, 0.9811336692936816206, 0.5110639391176816648 ) ) ;
#4381 = CARTESIAN_POINT ( 'NONE',  ( -0.4769874899007109925, 0.9829178552618161868, 0.5005072367846027381 ) ) ;
#4382 = VERTEX_POINT ( 'NONE', #1527 ) ;
#4383 = ORIENTED_EDGE ( 'NONE', *, *, #3702, .T. ) ;
#4384 = ORIENTED_EDGE ( 'NONE', *, *, #4815, .T. ) ;
#4385 = CARTESIAN_POINT ( 'NONE',  ( 0.4724409448819779644, 1.013268854457996193, 0.5070207190249621521 ) ) ;
#4386 = FACE_OUTER_BOUND ( 'NONE', #997, .T. ) ;
#4387 = CC_DESIGN_PERSON_AND_ORGANIZATION_ASSIGNMENT ( #4239, #3838, ( #2494 ) ) ;
#4388 = CARTESIAN_POINT ( 'NONE',  ( 0.4724409448818898127, 1.389992756343090496, -0.7062234086121456089 ) ) ;
#4389 = CARTESIAN_POINT ( 'NONE',  ( 0.000000000000000000, 0.000000000000000000, 0.000000000000000000 ) ) ;
#4390 = CARTESIAN_POINT ( 'NONE',  ( -0.4724409448820693358, 1.206085814733287354, 0.4393448809603361926 ) ) ;
#4391 = AXIS2_PLACEMENT_3D ( 'NONE', #4601, #2450, #3665 ) ;
#4392 = ORIENTED_EDGE ( 'NONE', *, *, #4407, .T. ) ;
#4393 = CARTESIAN_POINT ( 'NONE',  ( 0.000000000000000000, 0.1102362204724409434, -0.1574803149606299191 ) ) ;
#4394 = DIRECTION ( 'NONE',  ( 0.1961161351382024187, 0.000000000000000000, 0.9805806756909165589 ) ) ;
#4395 = FACE_OUTER_BOUND ( 'NONE', #1808, .T. ) ;
#4396 = CARTESIAN_POINT ( 'NONE',  ( 0.4520162567956688138, 1.296311344516929642, 0.07250296624094480780 ) ) ;
#4397 = ADVANCED_FACE ( 'NONE', ( #3140 ), #2663, .T. ) ;
#4398 = CARTESIAN_POINT ( 'NONE',  ( -0.4677276622334646250, 0.9620882722338592874, 0.5762631615350398695 ) ) ;
#4399 = VERTEX_POINT ( 'NONE', #3939 ) ;
#4400 = FACE_OUTER_BOUND ( 'NONE', #1096, .T. ) ;
#4401 = VERTEX_POINT ( 'NONE', #4780 ) ;
#4402 = CARTESIAN_POINT ( 'NONE',  ( 0.7362204724410000845, 0.3661417322836046928, 0.05905511811023622659 ) ) ;
#4403 = CARTESIAN_POINT ( 'NONE',  ( 0.3801950754827168599, 0.03963576672330711148, -0.3991291699559057493 ) ) ;
#4404 = CARTESIAN_POINT ( 'NONE',  ( 0.4724409448818898127, 1.355477947416535489, -0.8258426335086613834 ) ) ;
#4405 = CARTESIAN_POINT ( 'NONE',  ( -0.4771542127574803782, 1.377457690688582037, 0.07559380387204725493 ) ) ;
#4406 = ORIENTED_EDGE ( 'NONE', *, *, #2050, .T. ) ;
#4407 = EDGE_CURVE ( 'NONE', #3103, #106, #625, .T. ) ;
#4408 = CLOSED_SHELL ( 'NONE', ( #40, #814, #816, #3956, #3885, #497, #1007, #2239, #1246, #4929, #3459, #874, #199, #970, #4161, #3493, #4979, #2306, #5008, #2927, #2076, #4755, #250, #3632, #4614, #3307, #3075, #5140, #3341, #1753, #1915, #2074, #4062, #3461, #2943, #192, #521 ) ) ;
#4409 = CARTESIAN_POINT ( 'NONE',  ( 0.7362204724409449064, 0.8858267716535432879, 0.1377952755905511861 ) ) ;
#4410 = CARTESIAN_POINT ( 'NONE',  ( -0.5109641326550310447, 0.9777833656197914003, 0.5309667158991404623 ) ) ;
#4411 = VERTEX_POINT ( 'NONE', #4701 ) ;
#4412 = ORIENTED_EDGE ( 'NONE', *, *, #2954, .T. ) ;
#4413 = ORIENTED_EDGE ( 'NONE', *, *, #1269, .T. ) ;
#4414 = CARTESIAN_POINT ( 'NONE',  ( -0.3929286766333161540, 0.4192913385826771422, -0.3778763018727814837 ) ) ;
#4415 = CARTESIAN_POINT ( 'NONE',  ( -0.4040021734014000443, 0.7635112269786772377, -0.3225088180323621989 ) ) ;
#4416 = LINE ( 'NONE', #1623, #5211 ) ;
#4417 = VECTOR ( 'NONE', #4926, 39.37007874015748143 ) ;
#4418 = CARTESIAN_POINT ( 'NONE',  ( 0.3779527559055118058, 0.7007874015748031260, -0.1917824658397244142 ) ) ;
#4419 = CIRCLE ( 'NONE', #1615, 0.05905511811023628904 ) ;
#4420 = ORIENTED_EDGE ( 'NONE', *, *, #1757, .F. ) ;
#4421 = VECTOR ( 'NONE', #39, 39.37007874015748143 ) ;
#4422 = LINE ( 'NONE', #743, #2293 ) ;
#4423 = CARTESIAN_POINT ( 'NONE',  ( 0.6889763779528130794, 8.316991057201849416E-17, -1.718363001680079050 ) ) ;
#4424 = CARTESIAN_POINT ( 'NONE',  ( 0.5905511811023621549, 1.355477947416535489, -0.8258426335086613834 ) ) ;
#4425 = EDGE_CURVE ( 'NONE', #2861, #857, #1318, .T. ) ;
#4426 = CIRCLE ( 'NONE', #92, 0.07874015748031495954 ) ;
#4427 = CARTESIAN_POINT ( 'NONE',  ( 0.3966277352685040336, 0.7824426831181094943, -0.3758050124967719507 ) ) ;
#4428 = CARTESIAN_POINT ( 'NONE',  ( -0.4928656460677167117, 1.296394367339763987, 0.07024205635574809481 ) ) ;
#4429 = EDGE_CURVE ( 'NONE', #5129, #843, #3860, .T. ) ;
#4430 = VERTEX_POINT ( 'NONE', #1842 ) ;
#4431 = ORIENTED_EDGE ( 'NONE', *, *, #2799, .F. ) ;
#4432 = EDGE_CURVE ( 'NONE', #1437, #1193, #242, .T. ) ;
#4433 = DIRECTION ( 'NONE',  ( 0.000000000000000000, 0.04082998721851831964, -0.9991661083842544588 ) ) ;
#4434 = LINE ( 'NONE', #4889, #2620 ) ;
#4435 = FACE_OUTER_BOUND ( 'NONE', #519, .T. ) ;
#4436 = CARTESIAN_POINT ( 'NONE',  ( -0.4330716110956698284, 1.005755409837008507, 0.5459257600224411977 ) ) ;
#4437 = ORIENTED_EDGE ( 'NONE', *, *, #4754, .T. ) ;
#4438 = ORIENTED_EDGE ( 'NONE', *, *, #5071, .F. ) ;
#4439 = ADVANCED_FACE ( 'NONE', ( #411 ), #3249, .T. ) ;
#4440 = CARTESIAN_POINT ( 'NONE',  ( 0.5118109366425193096, 1.135495990264173027, 0.5383611846732277995 ) ) ;
#4441 = CARTESIAN_POINT ( 'NONE',  ( -0.7362204724409449064, 0.7933460819673228137, -0.3937007874015748254 ) ) ;
#4442 = EDGE_LOOP ( 'NONE', ( #4880, #331, #2934, #2238 ) ) ;
#4443 = CARTESIAN_POINT ( 'NONE',  ( 0.7362204724409449064, 0.8385826771653542844, 0.05905511811023622659 ) ) ;
#4444 = DIRECTION ( 'NONE',  ( -1.000000000000000000, 0.000000000000000000, 0.000000000000000000 ) ) ;
#4445 = LINE ( 'NONE', #4473, #1041 ) ;
#4446 = CARTESIAN_POINT ( 'NONE',  ( -0.3779527559055118058, 0.6614173228346456046, -0.1917824658397244142 ) ) ;
#4447 = CARTESIAN_POINT ( 'NONE',  ( 0.3934477172522307109, 0.02959087165781960557, -0.3752810987782083108 ) ) ;
#4448 = VECTOR ( 'NONE', #3417, 39.37007874015748854 ) ;
#4449 = EDGE_LOOP ( 'NONE', ( #5105, #2347, #1233, #4525 ) ) ;
#4450 = CARTESIAN_POINT ( 'NONE',  ( -0.4094488188976377896, 0.8801310389742500462, -0.03732954189537846662 ) ) ;
#4451 = CARTESIAN_POINT ( 'NONE',  ( -0.4951035258704080122, 0.8858266822617942848, 0.5606947719568047273 ) ) ;
#4452 = CARTESIAN_POINT ( 'NONE',  ( -0.4724409448818898127, 1.355477947416535489, -0.8258426335086613834 ) ) ;
#4453 = CARTESIAN_POINT ( 'NONE',  ( 0.4771542105350395357, 1.358049399335040874, 0.2680415294779525670 ) ) ;
#4454 = CARTESIAN_POINT ( 'NONE',  ( 0.4094488188976377896, 0.8536100323622894948, -0.1687926626625181059 ) ) ;
#4455 = EDGE_LOOP ( 'NONE', ( #1027, #2714, #3068, #2880 ) ) ;
#4456 = APPLICATION_CONTEXT ( 'configuration controlled 3d designs of mechanical parts and assemblies' ) ;
#4457 = ORIENTED_EDGE ( 'NONE', *, *, #1983, .T. ) ;
#4458 = ADVANCED_FACE ( 'NONE', ( #1639 ), #3199, .T. ) ;
#4459 = DIRECTION ( 'NONE',  ( 0.000000000000000000, 0.9659258262890756397, -0.2588190451024934280 ) ) ;
#4460 = DIRECTION ( 'NONE',  ( 0.000000000000000000, -0.2588190451024934280, -0.9659258262890756397 ) ) ;
#4461 = CARTESIAN_POINT ( 'NONE',  ( 0.4470637917940756823, 0.9714266097048807058, 0.5690956062820180517 ) ) ;
#4462 = EDGE_CURVE ( 'NONE', #1829, #4134, #3654, .T. ) ;
#4463 = EDGE_CURVE ( 'NONE', #3741, #3660, #2582, .T. ) ;
#4464 = CARTESIAN_POINT ( 'NONE',  ( -0.3346456692913385988, 0.9078769110314960367, -0.1193599044736220471 ) ) ;
#4465 = VERTEX_POINT ( 'NONE', #2381 ) ;
#4466 = CARTESIAN_POINT ( 'NONE',  ( 0.4677276789582675010, 1.268597056832678094, 0.4879720011649605338 ) ) ;
#4467 = CARTESIAN_POINT ( 'NONE',  ( -0.5118110236221078413, 0.9763779527559172111, 0.5393700787401055630 ) ) ;
#4468 = AXIS2_PLACEMENT_3D ( 'NONE', #2324, #4805, #726 ) ;
#4469 = EDGE_CURVE ( 'NONE', #2523, #721, #3998, .T. ) ;
#4470 = ORIENTED_EDGE ( 'NONE', *, *, #2594, .T. ) ;
#4471 = CARTESIAN_POINT ( 'NONE',  ( 0.6889763779527560139, 0.7007874015748031260, 0.05905511811023622659 ) ) ;
#4472 = CARTESIAN_POINT ( 'NONE',  ( -0.4724409448818898127, 1.370324132162275665, -0.7070271485177795912 ) ) ;
#4473 = CARTESIAN_POINT ( 'NONE',  ( 0.3582677165355212523, 0.6417322834644764162, -0.1898332628162775482 ) ) ;
#4474 =( NAMED_UNIT ( * ) SI_UNIT ( $, .STERADIAN. ) SOLID_ANGLE_UNIT ( ) );
#4475 = CARTESIAN_POINT ( 'NONE',  ( 0.3930249330773948890, 0.03428734411625507933, -0.3773950196523870315 ) ) ;
#4476 =( GEOMETRIC_REPRESENTATION_CONTEXT ( 3 ) GLOBAL_UNCERTAINTY_ASSIGNED_CONTEXT ( ( #4324 ) ) GLOBAL_UNIT_ASSIGNED_CONTEXT ( ( #4876, #4567, #4474 ) ) REPRESENTATION_CONTEXT ( 'NONE', 'WORKASPACE' ) );
#4477 = ORIENTED_EDGE ( 'NONE', *, *, #1301, .F. ) ;
#4478 = CARTESIAN_POINT ( 'NONE',  ( 0.3736259075278299258, 0.03937006885926779692, -0.3936986323437547952 ) ) ;
#4479 = DIRECTION ( 'NONE',  ( 0.000000000000000000, -1.000000000000000000, 0.000000000000000000 ) ) ;
#4480 = CARTESIAN_POINT ( 'NONE',  ( 0.3736259074268110103, 0.000000000000000000, -0.3937007874015748254 ) ) ;
#4481 = VECTOR ( 'NONE', #4890, 39.37007874015748854 ) ;
#4482 = CARTESIAN_POINT ( 'NONE',  ( 0.4724409448818062685, 1.148269893191068869, 0.5763034245596945215 ) ) ;
#4483 = ORIENTED_EDGE ( 'NONE', *, *, #4662, .T. ) ;
#4484 =( BOUNDED_CURVE ( )  B_SPLINE_CURVE ( 3, ( #1916, #1516, #2285, #5191 ),
 .UNSPECIFIED., .F., .T. ) 
 B_SPLINE_CURVE_WITH_KNOTS ( ( 4, 4 ),
 ( 4.712388980380199932, 6.283185307179590673 ),
 .UNSPECIFIED. ) 
 CURVE ( )  GEOMETRIC_REPRESENTATION_ITEM ( )  RATIONAL_B_SPLINE_CURVE ( ( 1.000000000000000000, 0.8047378541233060067, 0.8047378541233060067, 1.000000000000000000 ) ) 
 REPRESENTATION_ITEM ( '' )  );
#4485 = ORIENTED_EDGE ( 'NONE', *, *, #3474, .T. ) ;
#4486 = CARTESIAN_POINT ( 'NONE',  ( -0.7125984251968504601, 0.3070866141732283561, 0.05905511811023622659 ) ) ;
#4487 = VECTOR ( 'NONE', #1774, 39.37007874015748143 ) ;
#4488 = DIRECTION ( 'NONE',  ( -1.000000000000000000, 0.000000000000000000, 0.000000000000000000 ) ) ;
#4489 = FACE_OUTER_BOUND ( 'NONE', #4808, .T. ) ;
#4490 = CARTESIAN_POINT ( 'NONE',  ( 0.000000000000000000, 0.1102362204724409434, -0.1574803149606299191 ) ) ;
#4491 = VERTEX_POINT ( 'NONE', #4080 ) ;
#4492 = CARTESIAN_POINT ( 'NONE',  ( 0.5118114565303150121, 0.9620840030909438845, 0.5621299415342516648 ) ) ;
#4493 = CARTESIAN_POINT ( 'NONE',  ( -0.7362204724409449064, 0.3661417322834645272, 0.000000000000000000 ) ) ;
#4494 = EDGE_CURVE ( 'NONE', #5129, #1455, #3294, .T. ) ;
#4495 = ORIENTED_EDGE ( 'NONE', *, *, #4850, .F. ) ;
#4496 = FACE_OUTER_BOUND ( 'NONE', #27, .T. ) ;
#4497 = CARTESIAN_POINT ( 'NONE',  ( 0.3216685706436500092, 0.6417320553360288393, -0.3205884389186548500 ) ) ;
#4498 = EDGE_CURVE ( 'NONE', #1016, #2016, #2902, .T. ) ;
#4499 = DIRECTION ( 'NONE',  ( 0.000000000000000000, -0.04082998721851680002, 0.9991661083842544588 ) ) ;
#4500 = FACE_OUTER_BOUND ( 'NONE', #4216, .T. ) ;
#4501 = DIRECTION ( 'NONE',  ( 0.9805806756909164479, 0.000000000000000000, -0.1961161351382030849 ) ) ;
#4502 = CARTESIAN_POINT ( 'NONE',  ( 0.5314960629921260393, 1.355477947416535489, -0.8258426335086613834 ) ) ;
#4503 = EDGE_CURVE ( 'NONE', #1852, #938, #838, .T. ) ;
#4504 = LINE ( 'NONE', #2452, #1644 ) ;
#4505 = CYLINDRICAL_SURFACE ( 'NONE', #2855, 0.01968503937007875376 ) ;
#4506 = DIMENSIONAL_EXPONENTS ( 1.000000000000000000, 0.000000000000000000, 0.000000000000000000, 0.000000000000000000, 0.000000000000000000, 0.000000000000000000, 0.000000000000000000 ) ;
#4507 = CARTESIAN_POINT ( 'NONE',  ( -0.3346456692913385988, 0.8536100323623170283, -0.1687926626624876303 ) ) ;
#4508 = VECTOR ( 'NONE', #881, 39.37007874015748143 ) ;
#4509 = ORIENTED_EDGE ( 'NONE', *, *, #3312, .F. ) ;
#4510 = ORIENTED_EDGE ( 'NONE', *, *, #3566, .T. ) ;
#4511 = LINE ( 'NONE', #3219, #1045 ) ;
#4512 = PLANE ( 'NONE',  #6 ) ;
#4513 = PLANE ( 'NONE',  #3190 ) ;
#4514 = VECTOR ( 'NONE', #74, 39.37007874015748143 ) ;
#4515 = CARTESIAN_POINT ( 'NONE',  ( -0.4771542504000000906, 1.064622918169290999, 0.5116899078366149434 ) ) ;
#4516 = VERTEX_POINT ( 'NONE', #1238 ) ;
#4517 = CARTESIAN_POINT ( 'NONE',  ( 0.4928656969858267733, 0.9614211616098424784, 0.5792201454248034898 ) ) ;
#4518 = LINE ( 'NONE', #1293, #1784 ) ;
#4519 = ORIENTED_EDGE ( 'NONE', *, *, #1211, .F. ) ;
#4520 = EDGE_CURVE ( 'NONE', #3914, #2208, #2059, .T. ) ;
#4521 = DIRECTION ( 'NONE',  ( 0.000000000000000000, 0.000000000000000000, 1.000000000000000000 ) ) ;
#4522 = LINE ( 'NONE', #78, #2652 ) ;
#4523 = EDGE_CURVE ( 'NONE', #1943, #2092, #46, .T. ) ;
#4524 = EDGE_CURVE ( 'NONE', #3527, #2208, #4866, .T. ) ;
#4525 = ORIENTED_EDGE ( 'NONE', *, *, #3407, .T. ) ;
#4526 = CARTESIAN_POINT ( 'NONE',  ( -0.3090744190237795230, 0.6355716535433071357, -0.2952755905511810774 ) ) ;
#4527 = DIRECTION ( 'NONE',  ( 0.000000000000000000, 0.9991661083842544588, 0.04082998721851906904 ) ) ;
#4528 = DIRECTION ( 'NONE',  ( -0.000000000000000000, 1.000000000000000000, 0.000000000000000000 ) ) ;
#4529 = LINE ( 'NONE', #875, #871 ) ;
#4530 = FACE_OUTER_BOUND ( 'NONE', #3507, .T. ) ;
#4531 = B_SPLINE_CURVE_WITH_KNOTS ( 'NONE', 3,
 ( #3573, #1984, #4350, #3119, #333, #1130, #3066, #2748, #274, #4380, #676, #1105, #730, #1533, #759, #2721, #1560, #1899, #3168, #2696, #2353, #4810, #5124, #3515, #1161, #4003, #3889, #2781 ),
 .UNSPECIFIED., .F., .F.,
 ( 4, 2, 2, 2, 1, 1, 2, 2, 2, 2, 2, 2, 2, 2, 4 ),
 ( 0.000000000000000000, 0.2499999999999768518, 0.3749999999999645839, 0.4374999999999592548, 0.4687499999999562572, 0.4843749999999544253, 0.4921874999999535927, 0.4999999999999527600, 0.6249999999999560352, 0.6874999999999580336, 0.7187499999999596989, 0.7343749999999618083, 0.7499999999999638067, 0.8749999999999819034, 1.000000000000000000 ),
 .UNSPECIFIED. ) ;
#4532 = CARTESIAN_POINT ( 'NONE',  ( 0.4724409450186164983, 1.377552335247686832, 0.08033296062270629811 ) ) ;
#4533 = ADVANCED_FACE ( 'NONE', ( #4489 ), #4513, .T. ) ;
#4534 = ORIENTED_EDGE ( 'NONE', *, *, #4106, .T. ) ;
#4535 = CARTESIAN_POINT ( 'NONE',  ( 0.4094488188976377896, 0.9078769110314960367, -0.1193599044736220471 ) ) ;
#4536 = VECTOR ( 'NONE', #2468, 39.37007874015748854 ) ;
#4537 = DIRECTION ( 'NONE',  ( -1.000000000000000000, 0.000000000000000000, 0.000000000000000000 ) ) ;
#4538 = DIRECTION ( 'NONE',  ( 0.000000000000000000, 1.000000000000000000, 0.000000000000000000 ) ) ;
#4539 = CARTESIAN_POINT ( 'NONE',  ( -0.4330709377220472445, 1.311760500799212581, 0.1076126913154725334 ) ) ;
#4540 = ORIENTED_EDGE ( 'NONE', *, *, #877, .T. ) ;
#4541 = CARTESIAN_POINT ( 'NONE',  ( 0.4677276744527561481, 1.371300889895276764, 0.1782567304907086425 ) ) ;
#4542 = CARTESIAN_POINT ( 'NONE',  ( 0.7362204724410000845, 0.7796434537460865677, 0.09842519685038386701 ) ) ;
#4543 = EDGE_LOOP ( 'NONE', ( #1458, #3583, #2355, #5255 ) ) ;
#4544 = DIRECTION ( 'NONE',  ( 0.000000000000000000, 1.000000000000000000, 9.239288078572181334E-16 ) ) ;
#4545 = CIRCLE ( 'NONE', #469, 0.02755929436902737617 ) ;
#4546 = CARTESIAN_POINT ( 'NONE',  ( 0.3734825831536217056, 0.8025884127299217630, -0.3558511661193697884 ) ) ;
#4547 = ORIENTED_EDGE ( 'NONE', *, *, #1783, .T. ) ;
#4548 = CARTESIAN_POINT ( 'NONE',  ( -0.4724409448818898127, 1.355477947416535489, -0.8258426335086613834 ) ) ;
#4549 = CC_DESIGN_PERSON_AND_ORGANIZATION_ASSIGNMENT ( #4672, #172, ( #4816 ) ) ;
#4550 = AXIS2_PLACEMENT_3D ( 'NONE', #1539, #1933, #3549 ) ;
#4551 = CARTESIAN_POINT ( 'NONE',  ( -0.4724409448818898127, 1.361104126757661348, -0.9635230027740235847 ) ) ;
#4552 = CARTESIAN_POINT ( 'NONE',  ( 0.5055739440557517339, 0.8858267716535421776, 0.5513974112436685893 ) ) ;
#4553 = CARTESIAN_POINT ( 'NONE',  ( -0.4962637567682247064, 0.9712196168310474054, 0.5703453539831460084 ) ) ;
#4554 = AXIS2_PLACEMENT_3D ( 'NONE', #158, #1308, #2576 ) ;
#4555 = DIRECTION ( 'NONE',  ( -0.1961161351382030849, 0.000000000000000000, 0.9805806756909164479 ) ) ;
#4556 = ORIENTED_EDGE ( 'NONE', *, *, #4031, .F. ) ;
#4557 = CARTESIAN_POINT ( 'NONE',  ( -0.3963279150680118490, 0.01968593798168385978, -0.3608801096993055624 ) ) ;
#4558 = CIRCLE ( 'NONE', #821, 0.03937007874015752834 ) ;
#4559 = CARTESIAN_POINT ( 'NONE',  ( -0.3741656916397018695, 0.7696760565327183112, -0.3896850587672928135 ) ) ;
#4560 = CARTESIAN_POINT ( 'NONE',  ( -0.3652357874900397094, 0.03959422734181104742, -0.3921036003111813550 ) ) ;
#4561 = ADVANCED_FACE ( 'NONE', ( #4435 ), #1583, .T. ) ;
#4562 = CARTESIAN_POINT ( 'NONE',  ( 0.000000000000000000, 0.000000000000000000, 0.000000000000000000 ) ) ;
#4563 = CARTESIAN_POINT ( 'NONE',  ( -0.4520162457299212733, 1.290464043504725211, 0.1697882162372047199 ) ) ;
#4564 = ORIENTED_EDGE ( 'NONE', *, *, #3868, .T. ) ;
#4565 = AXIS2_PLACEMENT_3D ( 'NONE', #4371, #4904, #869 ) ;
#4566 = CARTESIAN_POINT ( 'NONE',  ( 0.4928658522531493280, 0.9773282904925194581, 0.4964369026937011098 ) ) ;
#4567 =( NAMED_UNIT ( * ) PLANE_ANGLE_UNIT ( ) SI_UNIT ( $, .RADIAN. ) );
#4568 = LINE ( 'NONE', #889, #4081 ) ;
#4569 = ORIENTED_EDGE ( 'NONE', *, *, #359, .F. ) ;
#4570 = DIRECTION ( 'NONE',  ( 0.000000000000000000, 0.9925530280878339662, 0.1218133261744039908 ) ) ;
#4571 = CARTESIAN_POINT ( 'NONE',  ( 0.3746204325279918756, 0.8044980157350396510, -0.3501619192475983744 ) ) ;
#4572 = EDGE_LOOP ( 'NONE', ( #2618, #1975, #4709, #5041 ) ) ;
#4573 = FACE_OUTER_BOUND ( 'NONE', #4543, .T. ) ;
#4574 = CARTESIAN_POINT ( 'NONE',  ( -0.3543307086614173040, 1.355477947416535489, -0.8258426335086613834 ) ) ;
#4575 = LINE ( 'NONE', #1511, #1128 ) ;
#4576 = DIRECTION ( 'NONE',  ( 0.000000000000000000, 0.9991661083842544588, 0.04082998721851906904 ) ) ;
#4577 = CARTESIAN_POINT ( 'NONE',  ( 0.5314960629921260393, 1.400441375119291232, -0.9619155229622048386 ) ) ;
#4578 = ORIENTED_EDGE ( 'NONE', *, *, #1843, .T. ) ;
#4579 = CARTESIAN_POINT ( 'NONE',  ( -0.3929289337929122161, 0.03680829684187338774, -0.3778750160748007847 ) ) ;
#4580 = EDGE_CURVE ( 'NONE', #1352, #4939, #1214, .T. ) ;
#4581 = CARTESIAN_POINT ( 'NONE',  ( -0.3794619779395531634, 0.8050743592203838395, -0.3499302583989747917 ) ) ;
#4582 = CARTESIAN_POINT ( 'NONE',  ( -0.3803145942664565848, 0.04456445100850398716, -0.3985315754649606523 ) ) ;
#4583 = AXIS2_PLACEMENT_3D ( 'NONE', #2502, #1183, #4839 ) ;
#4584 = EDGE_CURVE ( 'NONE', #703, #120, #3500, .T. ) ;
#4585 = CARTESIAN_POINT ( 'NONE',  ( 0.3736259075278299258, 0.03937006885926779692, -0.3936986323437547952 ) ) ;
#4586 = EDGE_CURVE ( 'NONE', #303, #3572, #4558, .T. ) ;
#4587 = ORIENTED_EDGE ( 'NONE', *, *, #1923, .T. ) ;
#4588 = AXIS2_PLACEMENT_3D ( 'NONE', #132, #4119, #2126 ) ;
#4589 = AXIS2_PLACEMENT_3D ( 'NONE', #1088, #1936, #1858 ) ;
#4590 = LINE ( 'NONE', #2560, #666 ) ;
#4591 = CARTESIAN_POINT ( 'NONE',  ( 0.5118110338425203576, 1.313097311661416633, 0.07314233820740147218 ) ) ;
#4592 = CARTESIAN_POINT ( 'NONE',  ( -0.3939469357771656077, 0.7485836018362199695, -0.3892090019237401943 ) ) ;
#4593 = AXIS2_PLACEMENT_3D ( 'NONE', #4610, #1764, #4638 ) ;
#4594 = ORIENTED_EDGE ( 'NONE', *, *, #1591, .F. ) ;
#4595 = EDGE_CURVE ( 'NONE', #3586, #2175, #4175, .T. ) ;
#4596 = CARTESIAN_POINT ( 'NONE',  ( 0.3307086614173228023, 0.7007874015748031260, -0.1871043785833858275 ) ) ;
#4597 = CARTESIAN_POINT ( 'NONE',  ( 0.3939898602114174642, 0.7450060081803161482, -0.3889943877826773644 ) ) ;
#4598 = ORIENTED_EDGE ( 'NONE', *, *, #2794, .F. ) ;
#4599 = VERTEX_POINT ( 'NONE', #4150 ) ;
#4600 = ORIENTED_EDGE ( 'NONE', *, *, #4520, .T. ) ;
#4601 = CARTESIAN_POINT ( 'NONE',  ( -0.4724409448818898127, 1.355477947416535489, -0.8258426335086613834 ) ) ;
#4602 = DIRECTION ( 'NONE',  ( -1.000000000000000000, 0.000000000000000000, 0.000000000000000000 ) ) ;
#4603 = LINE ( 'NONE', #953, #4879 ) ;
#4604 = DIRECTION ( 'NONE',  ( 0.000000000000000000, 0.04656599240843158072, 0.9989152157971256107 ) ) ;
#4605 = CARTESIAN_POINT ( 'NONE',  ( 0.5905511811023621549, 1.361104126757661348, -0.9635230027740235847 ) ) ;
#4606 = VERTEX_POINT ( 'NONE', #2527 ) ;
#4607 = DIRECTION ( 'NONE',  ( 0.1961161351382024187, 0.000000000000000000, -0.9805806756909165589 ) ) ;
#4608 = LINE ( 'NONE', #116, #4327 ) ;
#4609 = CARTESIAN_POINT ( 'NONE',  ( -0.3887775152903937270, -0.003616874318752361268, -0.3562169703452757741 ) ) ;
#4610 = CARTESIAN_POINT ( 'NONE',  ( -0.8834645669291339987, 0.9078769110314960367, -0.1193599044736220471 ) ) ;
#4611 = CARTESIAN_POINT ( 'NONE',  ( 0.4724409448818898127, 0.8858267716535432879, 0.4885915128872433399 ) ) ;
#4612 = ORIENTED_EDGE ( 'NONE', *, *, #4364, .T. ) ;
#4613 = VECTOR ( 'NONE', #4308, 39.37007874015748143 ) ;
#4614 = ADVANCED_FACE ( 'NONE', ( #1314 ), #5064, .F. ) ;
#4615 =( BOUNDED_CURVE ( )  B_SPLINE_CURVE ( 3, ( #4663, #630, #3475, #5166 ),
 .UNSPECIFIED., .F., .T. ) 
 B_SPLINE_CURVE_WITH_KNOTS ( ( 4, 4 ),
 ( 0.000000000000000000, 1.000000000000000000 ),
 .UNSPECIFIED. ) 
 CURVE ( )  GEOMETRIC_REPRESENTATION_ITEM ( )  RATIONAL_B_SPLINE_CURVE ( ( 1.171575588516837074, 0.9428278350089973614, 0.9428081388573227306, 1.171516500061812849 ) ) 
 REPRESENTATION_ITEM ( '' )  );
#4616 = DIRECTION ( 'NONE',  ( 0.000000000000000000, 0.9659258262887480129, -0.2588190451037160056 ) ) ;
#4617 = CARTESIAN_POINT ( 'NONE',  ( 0.4677276781023625984, 1.237734731663780563, 0.3893590349565750341 ) ) ;
#4618 = EDGE_CURVE ( 'NONE', #500, #3385, #1519, .T. ) ;
#4619 = VECTOR ( 'NONE', #4065, 39.37007874015748143 ) ;
#4620 = DIRECTION ( 'NONE',  ( 0.000000000000000000, 0.04082998721851817392, -0.9991661083842543478 ) ) ;
#4621 = ORIENTED_EDGE ( 'NONE', *, *, #4029, .T. ) ;
#4622 = CARTESIAN_POINT ( 'NONE',  ( -0.4360148777004480558, 0.8858267716535432879, 0.5433070866141536115 ) ) ;
#4623 = EDGE_CURVE ( 'NONE', #5260, #3622, #117, .T. ) ;
#4624 = CARTESIAN_POINT ( 'NONE',  ( -0.4094488188976377896, 0.9078769110314960367, -0.1193599044736220471 ) ) ;
#4625 = ORIENTED_EDGE ( 'NONE', *, *, #4326, .F. ) ;
#4626 = ORIENTED_EDGE ( 'NONE', *, *, #2418, .T. ) ;
#4627 = CARTESIAN_POINT ( 'NONE',  ( -0.4349341803984403954, 0.9785248673404266517, 0.5265058711566262817 ) ) ;
#4628 = DIRECTION ( 'NONE',  ( -0.7053798567277597131, -0.7053798567276597931, 0.06984637031078447245 ) ) ;
#4629 = VECTOR ( 'NONE', #5148, 39.37007874015748143 ) ;
#4630 = CARTESIAN_POINT ( 'NONE',  ( -0.4094488188976377896, 0.8744707376382283570, -0.09093945069119115099 ) ) ;
#4631 = CARTESIAN_POINT ( 'NONE',  ( -0.4094488188976377896, 0.8525754047539370051, -0.2057078482075590520 ) ) ;
#4632 = PLANE ( 'NONE',  #1532 ) ;
#4633 = VECTOR ( 'NONE', #892, 39.37007874015748143 ) ;
#4634 = ORIENTED_EDGE ( 'NONE', *, *, #1606, .T. ) ;
#4635 = DIRECTION ( 'NONE',  ( -0.9805806756909165589, 0.000000000000000000, -0.1961161351382020579 ) ) ;
#4636 = CARTESIAN_POINT ( 'NONE',  ( -0.4291338582677165503, 0.000000000000000000, -0.1968503937007874127 ) ) ;
#4637 = CARTESIAN_POINT ( 'NONE',  ( -0.4008906285653541235, 0.008535693247590542265, -0.3552157185103150261 ) ) ;
#4638 = DIRECTION ( 'NONE',  ( -1.000000000000000000, 0.000000000000000000, 0.000000000000000000 ) ) ;
#4639 = CARTESIAN_POINT ( 'NONE',  ( -0.4677276780122045508, 1.262667985658268766, 0.3268235414442126618 ) ) ;
#4640 = ORIENTED_EDGE ( 'NONE', *, *, #2050, .F. ) ;
#4641 = AXIS2_PLACEMENT_3D ( 'NONE', #3289, #4576, #1283 ) ;
#4642 = DIRECTION ( 'NONE',  ( 0.000000000000000000, -0.9991661083842544588, -0.04082998721851672369 ) ) ;
#4643 = CARTESIAN_POINT ( 'NONE',  ( 0.4677276770062993583, 1.299340390942127055, 0.07261834162279535987 ) ) ;
#4644 = APPROVAL_STATUS ( 'not_yet_approved' ) ;
#4645 = CARTESIAN_POINT ( 'NONE',  ( -0.8834645669291339987, 0.9078769110314960367, -0.1193599044736220471 ) ) ;
#4646 = CC_DESIGN_PERSON_AND_ORGANIZATION_ASSIGNMENT ( #797, #3182, ( #3410 ) ) ;
#4647 = AXIS2_PLACEMENT_3D ( 'NONE', #4548, #4527, #2493 ) ;
#4648 = EDGE_LOOP ( 'NONE', ( #771, #1564, #695, #2254, #5177, #3414, #3508, #4734 ) ) ;
#4649 = DIRECTION ( 'NONE',  ( 0.000000000000000000, 0.9659258262890819680, -0.2588190451024699468 ) ) ;
#4650 = ADVANCED_FACE ( 'NONE', ( #4131 ), #3545, .T. ) ;
#4651 = CARTESIAN_POINT ( 'NONE',  ( 0.4094488188976377896, 0.8999354492442737108, 0.004096146823454850476 ) ) ;
#4652 = ADVANCED_FACE ( 'NONE', ( #1917 ), #4718, .T. ) ;
#4653 = ORIENTED_EDGE ( 'NONE', *, *, #2140, .F. ) ;
#4654 = EDGE_LOOP ( 'NONE', ( #228, #382, #1506, #1173 ) ) ;
#4655 = ADVANCED_FACE ( 'NONE', ( #3477 ), #212, .T. ) ;
#4656 = DIRECTION ( 'NONE',  ( 0.000000000000000000, -0.04082998721851680002, 0.9991661083842544588 ) ) ;
#4657 = CARTESIAN_POINT ( 'NONE',  ( 0.4914330935976665704, 0.8858264176537411494, 0.5630271333359440078 ) ) ;
#4658 = CARTESIAN_POINT ( 'NONE',  ( 0.4133858267716535861, 1.400441375119293230, -0.9619155229622696757 ) ) ;
#4659 = DIRECTION ( 'NONE',  ( 0.000000000000000000, -0.9991661083841868463, -0.04082998722016719512 ) ) ;
#4660 = ORIENTED_EDGE ( 'NONE', *, *, #3698, .F. ) ;
#4661 = BREP_WITH_VOIDS ( 'NONE', #4053, ( #314 ) );
#4662 = EDGE_CURVE ( 'NONE', #4370, #4606, #915, .T. ) ;
#4663 = CARTESIAN_POINT ( 'NONE',  ( -0.3775629154238795415, 1.698133704820551484E-06, -0.3543307080461133296 ) ) ;
#4664 = DIRECTION ( 'NONE',  ( -1.000000000000000000, 0.000000000000000000, 0.000000000000000000 ) ) ;
#4665 = DIRECTION ( 'NONE',  ( -1.000000000000000000, 0.000000000000000000, 0.000000000000000000 ) ) ;
#4666 = CARTESIAN_POINT ( 'NONE',  ( 0.4724409444541732284, 1.298877838524724382, 0.07711800099917381912 ) ) ;
#4667 = CARTESIAN_POINT ( 'NONE',  ( 0.7362204724410000845, 0.7796434537460865677, 0.09842519685038386701 ) ) ;
#4668 = VERTEX_POINT ( 'NONE', #2657 ) ;
#4669 = ORIENTED_EDGE ( 'NONE', *, *, #723, .T. ) ;
#4670 = DIRECTION ( 'NONE',  ( 0.000000000000000000, 0.7071067811867349784, -0.7071067811863600561 ) ) ;
#4671 = CONICAL_SURFACE ( 'NONE', #1354, 0.04330708660853006126, 0.7854025041167550514 ) ;
#4672 = PERSON_AND_ORGANIZATION ( #1294, #2341 ) ;
#4673 = B_SPLINE_CURVE_WITH_KNOTS ( 'NONE', 3,
 ( #4346, #3997, #1073, #4319 ),
 .UNSPECIFIED., .F., .F.,
 ( 4, 4 ),
 ( 0.000000000000000000, 1.000000000000000000 ),
 .UNSPECIFIED. ) ;
#4674 = LINE ( 'NONE', #4296, #429 ) ;
#4675 = VECTOR ( 'NONE', #282, 39.37007874015748854 ) ;
#4676 = ORIENTED_EDGE ( 'NONE', *, *, #3177, .T. ) ;
#4677 = AXIS2_PLACEMENT_3D ( 'NONE', #2952, #2214, #1391 ) ;
#4678 = PLANE ( 'NONE',  #2328 ) ;
#4679 = VECTOR ( 'NONE', #3346, 39.37007874015748854 ) ;
#4680 = CARTESIAN_POINT ( 'NONE',  ( -0.3736259074391464763, 0.7480314966256693676, -0.3937000512407141661 ) ) ;
#4681 = ORIENTED_EDGE ( 'NONE', *, *, #2241, .T. ) ;
#4682 = VERTEX_POINT ( 'NONE', #3960 ) ;
#4683 = EDGE_CURVE ( 'NONE', #1507, #1943, #236, .T. ) ;
#4684 = ORIENTED_EDGE ( 'NONE', *, *, #3649, .F. ) ;
#4685 = CARTESIAN_POINT ( 'NONE',  ( -0.4044097624488109943, 0.7480314960629921295, -0.3204708727953543557 ) ) ;
#4686 = ADVANCED_FACE ( 'NONE', ( #1441 ), #5168, .T. ) ;
#4687 = LINE ( 'NONE', #2334, #3842 ) ;
#4688 = FACE_OUTER_BOUND ( 'NONE', #886, .T. ) ;
#4689 = EDGE_CURVE ( 'NONE', #48, #3103, #3787, .T. ) ;
#4690 = EDGE_CURVE ( 'NONE', #2175, #3328, #3448, .T. ) ;
#4691 = CARTESIAN_POINT ( 'NONE',  ( -0.3553999992576822864, 0.6614142269024311238, -0.3045407065979677252 ) ) ;
#4692 = ORIENTED_EDGE ( 'NONE', *, *, #397, .T. ) ;
#4693 = CARTESIAN_POINT ( 'NONE',  ( 0.4490759609459215040, 0.8858264512629806520, 0.5601848941041890351 ) ) ;
#4694 = LINE ( 'NONE', #5113, #2989 ) ;
#4695 = CARTESIAN_POINT ( 'NONE',  ( 0.4724409448818898127, 1.394815195778348338, -0.8242351536968997028 ) ) ;
#4696 = CARTESIAN_POINT ( 'NONE',  ( 0.4520162500279530371, 1.217627420868503618, 0.5426383821409449526 ) ) ;
#4697 = EDGE_CURVE ( 'NONE', #3904, #2092, #3106, .T. ) ;
#4698 = CARTESIAN_POINT ( 'NONE',  ( -0.4928657960909447744, 1.064549915172047889, 0.5086209699374015791 ) ) ;
#4699 = ORIENTED_EDGE ( 'NONE', *, *, #3796, .F. ) ;
#4700 = CARTESIAN_POINT ( 'NONE',  ( 0.3686176033819291709, 0.006289573707358268005, -0.3751945180197245322 ) ) ;
#4701 = CARTESIAN_POINT ( 'NONE',  ( 0.3346456692913385988, 0.8536100323622639596, -0.1687926626625165516 ) ) ;
#4702 = LINE ( 'NONE', #4185, #1103 ) ;
#4703 = VECTOR ( 'NONE', #4479, 39.37007874015748143 ) ;
#4704 = ORIENTED_EDGE ( 'NONE', *, *, #1843, .F. ) ;
#4705 = CARTESIAN_POINT ( 'NONE',  ( 0.4291338582677165503, 0.01968503937007873988, -0.1968503937007641813 ) ) ;
#4706 = VECTOR ( 'NONE', #4114, 39.37007874015748143 ) ;
#4707 = DIRECTION ( 'NONE',  ( -0.1961161351380523998, 0.000000000000000000, 0.9805806756909464239 ) ) ;
#4708 = VERTEX_POINT ( 'NONE', #1119 ) ;
#4709 = ORIENTED_EDGE ( 'NONE', *, *, #434, .F. ) ;
#4710 = ORIENTED_EDGE ( 'NONE', *, *, #4188, .F. ) ;
#4711 = CARTESIAN_POINT ( 'NONE',  ( -0.4724409448818898127, 0.8858267716535432879, 0.5679224455952306405 ) ) ;
#4712 = LINE ( 'NONE', #3049, #1557 ) ;
#4713 = DIRECTION ( 'NONE',  ( 0.000000000000000000, -4.956352788505170170E-16, 1.000000000000000000 ) ) ;
#4714 = CARTESIAN_POINT ( 'NONE',  ( 0.5099477093428839147, 0.9785248673512396689, 0.5265058710928309793 ) ) ;
#4715 = ORIENTED_EDGE ( 'NONE', *, *, #4188, .T. ) ;
#4716 = CARTESIAN_POINT ( 'NONE',  ( 0.4449497706768414385, 0.8858240663404559623, 0.5567094105239555057 ) ) ;
#4717 = CARTESIAN_POINT ( 'NONE',  ( 0.3090744190237800781, 0.6482939912950363981, -0.3293963534997608744 ) ) ;
#4718 = PLANE ( 'NONE',  #2009 ) ;
#4719 = VECTOR ( 'NONE', #3330, 39.37007874015748854 ) ;
#4720 = CARTESIAN_POINT ( 'NONE',  ( 0.4330708428759841855, 1.192124077002757021, 0.5083279992385822954 ) ) ;
#4721 = CARTESIAN_POINT ( 'NONE',  ( -0.4928656233377946561, 1.278174072913780046, 0.2527202096193307268 ) ) ;
#4722 = VERTEX_POINT ( 'NONE', #660 ) ;
#4723 = EDGE_LOOP ( 'NONE', ( #3271, #4112, #5247, #1869 ) ) ;
#4724 = EDGE_CURVE ( 'NONE', #938, #792, #2286, .T. ) ;
#4725 = CARTESIAN_POINT ( 'NONE',  ( -0.7362204724409449064, 0.7007874015748031260, 0.05905511811023622659 ) ) ;
#4726 = LINE ( 'NONE', #2350, #3687 ) ;
#4727 = CARTESIAN_POINT ( 'NONE',  ( -0.4330705414897635386, 1.065564270036221561, 0.5512629463688986098 ) ) ;
#4728 = AXIS2_PLACEMENT_3D ( 'NONE', #2367, #1633, #2052 ) ;
#4729 = ORIENTED_EDGE ( 'NONE', *, *, #2559, .T. ) ;
#4730 = CARTESIAN_POINT ( 'NONE',  ( -0.4463221050280227198, 0.9812661747074458152, 0.5102765377173296146 ) ) ;
#4731 = CARTESIAN_POINT ( 'NONE',  ( -0.3346456692913385988, 0.9078769110314960367, -0.1193599044736220471 ) ) ;
#4732 = AXIS2_PLACEMENT_3D ( 'NONE', #690, #3083, #4665 ) ;
#4733 = CARTESIAN_POINT ( 'NONE',  ( -0.3929286766227039207, 0.7480314951195158324, -0.3778763018706621790 ) ) ;
#4734 = ORIENTED_EDGE ( 'NONE', *, *, #2080, .F. ) ;
#4735 = VERTEX_POINT ( 'NONE', #4367 ) ;
#4736 = ORIENTED_EDGE ( 'NONE', *, *, #1217, .T. ) ;
#4737 = AXIS2_PLACEMENT_3D ( 'NONE', #3093, #3486, #3067 ) ;
#4738 = CARTESIAN_POINT ( 'NONE',  ( -0.6889763779527560139, 0.2480314960629921295, -5.463695987328527423E-16 ) ) ;
#4739 = CARTESIAN_POINT ( 'NONE',  ( 0.3090744190237795230, 0.7007874015748031260, -0.3425196850393700809 ) ) ;
#4740 = CARTESIAN_POINT ( 'NONE',  ( 0.3307086614173228023, 0.7007874015748031260, -0.1871043785833858275 ) ) ;
#4741 = DIRECTION ( 'NONE',  ( -0.1961161351382309515, 0.000000000000000000, -0.9805806756909107857 ) ) ;
#4742 = CARTESIAN_POINT ( 'NONE',  ( -0.5088670169952763667, 0.8858267717026752086, 0.5433070866141590516 ) ) ;
#4743 = ORIENTED_EDGE ( 'NONE', *, *, #3770, .T. ) ;
#4744 = LINE ( 'NONE', #5190, #959 ) ;
#4745 = DIRECTION ( 'NONE',  ( 0.000000000000000000, 1.000000000000000000, 9.239288078572181334E-16 ) ) ;
#4746 = CARTESIAN_POINT ( 'NONE',  ( -0.7362204724409449064, 0.4842519685039370358, 0.09842519685039370636 ) ) ;
#4747 = CARTESIAN_POINT ( 'NONE',  ( 0.4520161927779526856, 0.9614211616098424784, 0.5792201454248034898 ) ) ;
#4748 = CARTESIAN_POINT ( 'NONE',  ( -0.4928658522531493280, 0.9582868182098430720, 0.5784933573696845466 ) ) ;
#4749 = EDGE_LOOP ( 'NONE', ( #589, #4877, #113, #5092 ) ) ;
#4750 = VERTEX_POINT ( 'NONE', #1040 ) ;
#4751 = EDGE_CURVE ( 'NONE', #2398, #1814, #717, .T. ) ;
#4752 = DIRECTION ( 'NONE',  ( 0.000000000000000000, 0.000000000000000000, -1.000000000000000000 ) ) ;
#4753 = CARTESIAN_POINT ( 'NONE',  ( 0.3307086614173228023, 0.7007874015748031260, 0.000000000000000000 ) ) ;
#4754 = EDGE_CURVE ( 'NONE', #3845, #254, #318, .T. ) ;
#4755 = ADVANCED_FACE ( 'NONE', ( #3559, #1940 ), #4342, .T. ) ;
#4756 = CARTESIAN_POINT ( 'NONE',  ( -0.4330708744842519664, 1.319602536901969714, 0.2606668281366144035 ) ) ;
#4757 = ORIENTED_EDGE ( 'NONE', *, *, #1104, .F. ) ;
#4758 = EDGE_LOOP ( 'NONE', ( #1496, #1590, #1690, #1154 ) ) ;
#4759 = DIRECTION ( 'NONE',  ( -1.000000000000000000, 0.000000000000000000, 0.000000000000000000 ) ) ;
#4760 = AXIS2_PLACEMENT_3D ( 'NONE', #2242, #2981, #966 ) ;
#4761 = CARTESIAN_POINT ( 'NONE',  ( -0.4892187688757224651, 0.9823128804613685539, 0.5041197821833139914 ) ) ;
#4762 = ADVANCED_FACE ( 'NONE', ( #3503 ), #3879, .T. ) ;
#4763 = ORIENTED_EDGE ( 'NONE', *, *, #5235, .F. ) ;
#4764 = ORIENTED_EDGE ( 'NONE', *, *, #1524, .T. ) ;
#4765 = CARTESIAN_POINT ( 'NONE',  ( 0.4724409448819291146, 1.168284754771950817, 0.4762562725584779111 ) ) ;
#4766 = CARTESIAN_POINT ( 'NONE',  ( -0.3090744190237795230, 0.7007874015748031260, -0.2952755905511810774 ) ) ;
#4767 = CARTESIAN_POINT ( 'NONE',  ( -0.4724409448818898127, 1.308588497893509839, 0.4239823982134858227 ) ) ;
#4768 = PLANE ( 'NONE',  #3184 ) ;
#4769 = CARTESIAN_POINT ( 'NONE',  ( -0.4724409448818503998, 1.168284754771950817, 0.4762562725584787438 ) ) ;
#4770 = ORIENTED_EDGE ( 'NONE', *, *, #1401, .F. ) ;
#4771 = DIRECTION ( 'NONE',  ( 0.000000000000000000, -0.9659258262890819680, 0.2588190451024699468 ) ) ;
#4772 = PLANE ( 'NONE',  #1699 ) ;
#4773 = DIRECTION ( 'NONE',  ( 0.000000000000000000, 0.04082998721851831964, -0.9991661083842544588 ) ) ;
#4774 = CARTESIAN_POINT ( 'NONE',  ( 0.4330708650759839684, 1.295900052709449746, 0.4177820694216533570 ) ) ;
#4775 = CARTESIAN_POINT ( 'NONE',  ( -0.5118110468877952179, 1.207455842714960870, 0.5289542651480312330 ) ) ;
#4776 = EDGE_LOOP ( 'NONE', ( #2055, #1285, #1295, #1744 ) ) ;
#4777 = CARTESIAN_POINT ( 'NONE',  ( 0.6889763779527560139, 0.4251968503937008093, 0.5314960629921260393 ) ) ;
#4778 = ORIENTED_EDGE ( 'NONE', *, *, #826, .F. ) ;
#4779 = FACE_OUTER_BOUND ( 'NONE', #4845, .T. ) ;
#4780 = CARTESIAN_POINT ( 'NONE',  ( 0.3779527559055405606, 0.6614173228346240663, -0.1917824658397303261 ) ) ;
#4781 = CARTESIAN_POINT ( 'NONE',  ( -0.4330707325224404380, 0.9651180666570869926, 0.5628335248669286139 ) ) ;
#4782 = EDGE_CURVE ( 'NONE', #1000, #3546, #1864, .T. ) ;
#4783 = ORIENTED_EDGE ( 'NONE', *, *, #4039, .F. ) ;
#4784 = DIRECTION ( 'NONE',  ( 0.000000000000000000, 0.000000000000000000, 1.000000000000000000 ) ) ;
#4785 = CARTESIAN_POINT ( 'NONE',  ( 0.4133858267716535861, 1.361104126757873845, -0.9635230027740157022 ) ) ;
#4786 = EDGE_LOOP ( 'NONE', ( #2966, #3257, #1521, #3195 ) ) ;
#4787 = EDGE_LOOP ( 'NONE', ( #5152, #2156, #4061, #4912 ) ) ;
#4788 = CARTESIAN_POINT ( 'NONE',  ( 0.4724409444541732284, 1.298877838524724382, 0.07711800099917381912 ) ) ;
#4789 = PLANE ( 'NONE',  #3895 ) ;
#4790 = EDGE_CURVE ( 'NONE', #4304, #4430, #3852, .T. ) ;
#4791 = CARTESIAN_POINT ( 'NONE',  ( 0.5905511811023621549, 1.355477947416535489, -0.8258426335086613834 ) ) ;
#4792 = APPROVAL_ROLE ( '' ) ;
#4793 = DIRECTION ( 'NONE',  ( 1.000000000000000000, 0.000000000000000000, 0.000000000000000000 ) ) ;
#4794 = VERTEX_POINT ( 'NONE', #854 ) ;
#4795 = DIRECTION ( 'NONE',  ( 0.000000000000000000, -0.04082998721851906904, 0.9991661083842543478 ) ) ;
#4796 = CARTESIAN_POINT ( 'NONE',  ( -0.4724409448818898127, 0.8858267716535432879, 0.4885915128872433399 ) ) ;
#4797 = CARTESIAN_POINT ( 'NONE',  ( 0.3757225582525813845, 0.7881584929038190079, -0.3779969708762273006 ) ) ;
#4798 = CARTESIAN_POINT ( 'NONE',  ( 0.4330708650759839684, 1.250167469356299410, 0.3954344098633859050 ) ) ;
#4799 = CARTESIAN_POINT ( 'NONE',  ( -0.5118110551724401880, 1.357596439362599883, 0.1768210444162204020 ) ) ;
#4800 = ORIENTED_EDGE ( 'NONE', *, *, #4129, .F. ) ;
#4801 = CARTESIAN_POINT ( 'NONE',  ( 0.4520162664259838592, 1.278174072913780046, 0.2527202096193307268 ) ) ;
#4802 = ORIENTED_EDGE ( 'NONE', *, *, #3810, .T. ) ;
#4803 = FACE_OUTER_BOUND ( 'NONE', #2637, .T. ) ;
#4804 = CARTESIAN_POINT ( 'NONE',  ( 0.3966623140027558114, 0.01292066333333072130, -0.3763572945205120868 ) ) ;
#4805 = DIRECTION ( 'NONE',  ( -1.000000000000000000, 0.000000000000000000, 0.000000000000000000 ) ) ;
#4806 = CIRCLE ( 'NONE', #3940, 0.01968503937007880580 ) ;
#4807 = CARTESIAN_POINT ( 'NONE',  ( -0.4330704332334645024, 0.9620840030909438845, 0.5621299415342516648 ) ) ;
#4808 = EDGE_LOOP ( 'NONE', ( #2571, #2596, #3840, #604 ) ) ;
#4809 = VECTOR ( 'NONE', #1608, 39.37007874015748854 ) ;
#4810 = CARTESIAN_POINT ( 'NONE',  ( 0.4363719498975373035, 0.9789909898477050509, 0.5237867111261260700 ) ) ;
#4811 = CARTESIAN_POINT ( 'NONE',  ( -0.5081876466270984771, 0.9791100331922441002, 0.5230791013144882040 ) ) ;
#4812 = ORIENTED_EDGE ( 'NONE', *, *, #4662, .F. ) ;
#4813 = ORIENTED_EDGE ( 'NONE', *, *, #982, .F. ) ;
#4814 = ORIENTED_EDGE ( 'NONE', *, *, #1985, .T. ) ;
#4815 = EDGE_CURVE ( 'NONE', #2614, #4949, #2073, .T. ) ;
#4816 = PRODUCT_DEFINITION_FORMATION_WITH_SPECIFIED_SOURCE ( 'ANY', '', #3410, .NOT_KNOWN. ) ;
#4817 = CARTESIAN_POINT ( 'NONE',  ( 0.4415086977633936871, 0.8858267716535445091, 0.4885915128872432289 ) ) ;
#4818 = CARTESIAN_POINT ( 'NONE',  ( -0.3741053310488640093, 0.01994173630104348338, -0.3889568065199465186 ) ) ;
#4819 = DIRECTION ( 'NONE',  ( 0.000000000000000000, 1.000000000000000000, 0.000000000000000000 ) ) ;
#4820 = APPROVAL_STATUS ( 'not_yet_approved' ) ;
#4821 = EDGE_CURVE ( 'NONE', #1579, #1563, #456, .T. ) ;
#4822 = ADVANCED_FACE ( 'NONE', ( #3239 ), #3693, .F. ) ;
#4823 = EDGE_LOOP ( 'NONE', ( #1959, #491, #1181, #2337 ) ) ;
#4824 = CARTESIAN_POINT ( 'NONE',  ( 0.4365939438980314669, 0.7480314960629921295, -0.3346456692913385988 ) ) ;
#4825 = AXIS2_PLACEMENT_3D ( 'NONE', #848, #3162, #1123 ) ;
#4826 = EDGE_CURVE ( 'NONE', #4599, #2646, #2824, .T. ) ;
#4827 = ORIENTED_EDGE ( 'NONE', *, *, #2862, .F. ) ;
#4828 = ADVANCED_FACE ( 'NONE', ( #2766 ), #13, .T. ) ;
#4829 =( BOUNDED_CURVE ( )  B_SPLINE_CURVE ( 3, ( #4450, #801, #1146, #1174 ),
 .UNSPECIFIED., .F., .T. ) 
 B_SPLINE_CURVE_WITH_KNOTS ( ( 4, 4 ),
 ( 3.141592653589795336, 4.712388980381380321 ),
 .UNSPECIFIED. ) 
 CURVE ( )  GEOMETRIC_REPRESENTATION_ITEM ( )  RATIONAL_B_SPLINE_CURVE ( ( 1.000000000000000000, 0.8047378541251459794, 0.8047378541251459794, 1.000000000000000000 ) ) 
 REPRESENTATION_ITEM ( '' )  );
#4830 = CARTESIAN_POINT ( 'NONE',  ( -0.5872406052494267836, 0.01968503937007873988, 0.5936833412079094430 ) ) ;
#4831 = CARTESIAN_POINT ( 'NONE',  ( 0.3543307086614173040, 1.400441375119291232, -0.9619155229622048386 ) ) ;
#4832 = PLANE ( 'NONE',  #5236 ) ;
#4833 = CARTESIAN_POINT ( 'NONE',  ( 0.4771542117515745196, 1.337506282037008720, 0.3501583597500788070 ) ) ;
#4834 = CARTESIAN_POINT ( 'NONE',  ( -0.5118102786681097971, 1.002067840333858539, 0.5710444181110233552 ) ) ;
#4835 = ORIENTED_EDGE ( 'NONE', *, *, #2661, .F. ) ;
#4836 = EDGE_CURVE ( 'NONE', #2610, #3384, #3613, .T. ) ;
#4837 = ORIENTED_EDGE ( 'NONE', *, *, #3435, .F. ) ;
#4838 = DIRECTION ( 'NONE',  ( 0.000000000000000000, 0.9659258262890809688, -0.2588190451024732219 ) ) ;
#4839 = DIRECTION ( 'NONE',  ( 0.000000000000000000, 0.000000000000000000, 1.000000000000000000 ) ) ;
#4840 = CARTESIAN_POINT ( 'NONE',  ( 0.7362204724409449064, 0.3661417322834645272, 0.02952755905511811330 ) ) ;
#4841 = CARTESIAN_POINT ( 'NONE',  ( -0.4330708744842523550, 1.344507957423622724, 0.2654440720130707421 ) ) ;
#4842 = ORIENTED_EDGE ( 'NONE', *, *, #5045, .T. ) ;
#4843 = CARTESIAN_POINT ( 'NONE',  ( 0.4928656440338582967, 1.374318383252755016, 0.1785728448203936780 ) ) ;
#4844 = DIRECTION ( 'NONE',  ( 0.000000000000000000, 0.9659258262890756397, -0.2588190451024934280 ) ) ;
#4845 = EDGE_LOOP ( 'NONE', ( #4869, #3154, #4412, #4899 ) ) ;
#4846 = CARTESIAN_POINT ( 'NONE',  ( 0.4724409448818898127, 1.353066727698905458, -0.7668367609662835038 ) ) ;
#4847 = CARTESIAN_POINT ( 'NONE',  ( -0.3748915256351214587, 0.01045547283372264338, -0.3810579058226289395 ) ) ;
#4848 = CARTESIAN_POINT ( 'NONE',  ( 5.303588500244450072E-18, 0.1102362204724409434, -0.2007874015748031815 ) ) ;
#4849 = VECTOR ( 'NONE', #4444, 39.37007874015748143 ) ;
#4850 = EDGE_CURVE ( 'NONE', #1550, #2614, #2746, .T. ) ;
#4851 = CARTESIAN_POINT ( 'NONE',  ( 0.3958340825680756181, 0.02019248792308236257, -0.3633492721989842744 ) ) ;
#4852 = AXIS2_PLACEMENT_3D ( 'NONE', #624, #3416, #5056 ) ;
#4853 = ORIENTED_EDGE ( 'NONE', *, *, #2594, .F. ) ;
#4854 = VECTOR ( 'NONE', #2888, 39.37007874015748854 ) ;
#4855 = DIRECTION ( 'NONE',  ( 0.1961161351382030571, 0.000000000000000000, -0.9805806756909162258 ) ) ;
#4856 = ADVANCED_FACE ( 'NONE', ( #4395 ), #5221, .F. ) ;
#4857 = CARTESIAN_POINT ( 'NONE',  ( 0.5014456719315376620, 0.9719965531875627285, 0.5656618490027722768 ) ) ;
#4858 = DIRECTION ( 'NONE',  ( 0.000000000000000000, 1.000000000000000000, 0.000000000000000000 ) ) ;
#4859 = AXIS2_PLACEMENT_3D ( 'NONE', #4068, #426, #3664 ) ;
#4860 = CARTESIAN_POINT ( 'NONE',  ( 0.3693141353287402451, 0.7883551163854334298, -0.3766934052438973834 ) ) ;
#4861 = DIRECTION ( 'NONE',  ( 0.000000000000000000, 0.000000000000000000, -1.000000000000000000 ) ) ;
#4862 = ORIENTED_EDGE ( 'NONE', *, *, #648, .F. ) ;
#4863 = ORIENTED_EDGE ( 'NONE', *, *, #1106, .T. ) ;
#4864 = LINE ( 'NONE', #1155, #5125 ) ;
#4865 = DIRECTION ( 'NONE',  ( 0.000000000000000000, -1.000000000000000000, 0.000000000000000000 ) ) ;
#4866 = LINE ( 'NONE', #1662, #5241 ) ;
#4867 = ADVANCED_FACE ( 'NONE', ( #1575 ), #4832, .T. ) ;
#4868 = CARTESIAN_POINT ( 'NONE',  ( -0.4771542108055114584, 1.206311414496850976, 0.4395203736629924030 ) ) ;
#4869 = ORIENTED_EDGE ( 'NONE', *, *, #641, .T. ) ;
#4870 = VERTEX_POINT ( 'NONE', #5251 ) ;
#4871 = CARTESIAN_POINT ( 'NONE',  ( -0.5085099398705096307, 0.9789909898460105175, 0.5237867111358595062 ) ) ;
#4872 = EDGE_LOOP ( 'NONE', ( #4076, #473, #1802, #19, #1666, #965, #4277, #4893, #1026, #5219, #168, #234 ) ) ;
#4873 = PLANE ( 'NONE',  #1398 ) ;
#4874 = DIRECTION ( 'NONE',  ( 0.000000000000000000, -1.000000000000000000, 3.300461595701484956E-14 ) ) ;
#4875 = CARTESIAN_POINT ( 'NONE',  ( -0.4291338582677165503, 0.01968503937007873988, 0.5975438950492125700 ) ) ;
#4876 =( CONVERSION_BASED_UNIT ( 'INCH', #2931 ) LENGTH_UNIT ( ) NAMED_UNIT ( #4506 ) );
#4877 = ORIENTED_EDGE ( 'NONE', *, *, #4850, .T. ) ;
#4878 = LINE ( 'NONE', #374, #515 ) ;
#4879 = VECTOR ( 'NONE', #1356, 39.37007874015748143 ) ;
#4880 = ORIENTED_EDGE ( 'NONE', *, *, #2946, .F. ) ;
#4881 = DIRECTION ( 'NONE',  ( 0.000000000000000000, 0.000000000000000000, 1.000000000000000000 ) ) ;
#4882 = DIRECTION ( 'NONE',  ( 0.000000000000000000, 0.9991661083842543478, 0.04082998721851817392 ) ) ;
#4883 = LINE ( 'NONE', #2850, #2170 ) ;
#4884 = AXIS2_PLACEMENT_3D ( 'NONE', #2774, #44, #3996 ) ;
#4885 = FACE_OUTER_BOUND ( 'NONE', #2642, .T. ) ;
#4886 = ORIENTED_EDGE ( 'NONE', *, *, #851, .F. ) ;
#4887 = ORIENTED_EDGE ( 'NONE', *, *, #1368, .T. ) ;
#4888 = CARTESIAN_POINT ( 'NONE',  ( -0.6889763779527560139, 0.000000000000000000, 0.000000000000000000 ) ) ;
#4889 = CARTESIAN_POINT ( 'NONE',  ( 0.3307086614173228023, 0.7007874015748031260, -0.1871043785833858275 ) ) ;
#4890 = DIRECTION ( 'NONE',  ( 0.000000000000000000, -0.9486832980505111035, 0.3162277660168460458 ) ) ;
#4891 = EDGE_CURVE ( 'NONE', #150, #4870, #1602, .T. ) ;
#4892 = CARTESIAN_POINT ( 'NONE',  ( -0.4133858267716535861, 1.400441375119293230, -0.9619155229622263770 ) ) ;
#4893 = ORIENTED_EDGE ( 'NONE', *, *, #907, .F. ) ;
#4894 = ADVANCED_FACE ( 'NONE', ( #3268 ), #2428, .T. ) ;
#4895 = VECTOR ( 'NONE', #22, 39.37007874015748143 ) ;
#4896 = CARTESIAN_POINT ( 'NONE',  ( 0.4094488188976440624, 0.000000000000000000, -0.1949011906772921132 ) ) ;
#4897 = CARTESIAN_POINT ( 'NONE',  ( -0.3543307086614173040, 1.400441375119291232, -0.9619155229622048386 ) ) ;
#4898 = AXIS2_PLACEMENT_3D ( 'NONE', #1566, #2786, #4007 ) ;
#4899 = ORIENTED_EDGE ( 'NONE', *, *, #1926, .T. ) ;
#4900 = LINE ( 'NONE', #3230, #4033 ) ;
#4901 = FACE_OUTER_BOUND ( 'NONE', #2162, .T. ) ;
#4902 = CARTESIAN_POINT ( 'NONE',  ( -0.3968656833551023611, 0.01968503937007626270, -0.3581912680181547626 ) ) ;
#4903 = DIRECTION ( 'NONE',  ( 0.000000000000000000, 1.000000000000000000, 0.000000000000000000 ) ) ;
#4904 = DIRECTION ( 'NONE',  ( 0.000000000000000000, 0.1736481776668244714, -0.9848077530122267831 ) ) ;
#4905 = AXIS2_PLACEMENT_3D ( 'NONE', #2997, #2521, #110 ) ;
#4906 = ORIENTED_EDGE ( 'NONE', *, *, #2688, .F. ) ;
#4907 = FACE_OUTER_BOUND ( 'NONE', #3176, .T. ) ;
#4908 = CARTESIAN_POINT ( 'NONE',  ( 0.4823842508426560705, 0.9700643409165750075, 0.5773247739835840608 ) ) ;
#4909 = CARTESIAN_POINT ( 'NONE',  ( 0.3307086614173228023, 0.6417322834645668994, 0.000000000000000000 ) ) ;
#4910 = AXIS2_PLACEMENT_3D ( 'NONE', #607, #4773, #2681 ) ;
#4911 = DIRECTION ( 'NONE',  ( 1.000000000000000000, 0.000000000000000000, 0.000000000000000000 ) ) ;
#4912 = ORIENTED_EDGE ( 'NONE', *, *, #4126, .T. ) ;
#4913 = ORIENTED_EDGE ( 'NONE', *, *, #2871, .T. ) ;
#4914 = CYLINDRICAL_SURFACE ( 'NONE', #4884, 0.04724409448818896184 ) ;
#4915 = FACE_OUTER_BOUND ( 'NONE', #144, .T. ) ;
#4916 = DIRECTION ( 'NONE',  ( -0.000000000000000000, 0.9991661083842544588, 0.04082998721851817392 ) ) ;
#4917 = CARTESIAN_POINT ( 'NONE',  ( -0.4771542117515745196, 1.262667985658268766, 0.3268235414442126618 ) ) ;
#4918 = EDGE_CURVE ( 'NONE', #4870, #1455, #4883, .T. ) ;
#4919 = VERTEX_POINT ( 'NONE', #4909 ) ;
#4920 = ADVANCED_FACE ( 'NONE', ( #1256 ), #4505, .T. ) ;
#4921 = CARTESIAN_POINT ( 'NONE',  ( 0.4677276622334646250, 0.9620882722338592874, 0.5762631615350398695 ) ) ;
#4922 = ADVANCED_FACE ( 'NONE', ( #3801 ), #579, .T. ) ;
#4923 = LINE ( 'NONE', #2535, #1700 ) ;
#4924 = ORIENTED_EDGE ( 'NONE', *, *, #1032, .T. ) ;
#4925 = DIRECTION ( 'NONE',  ( 0.000000000000000000, 0.000000000000000000, 1.000000000000000000 ) ) ;
#4926 = DIRECTION ( 'NONE',  ( 1.000000000000000000, 5.564267943477308895E-17, 0.000000000000000000 ) ) ;
#4927 = DIRECTION ( 'NONE',  ( 0.000000000000000000, -0.04082998721851786861, 0.9991661083842544588 ) ) ;
#4928 = EDGE_CURVE ( 'NONE', #2879, #3722, #954, .T. ) ;
#4929 = ADVANCED_FACE ( 'NONE', ( #4530 ), #4145, .T. ) ;
#4930 = B_SPLINE_CURVE_WITH_KNOTS ( 'NONE', 3,
 ( #1195, #3581, #3978, #5213, #3550, #1168, #341, #1593, #4847, #1990, #3259, #1961, #4064, #3179, #4818, #3150, #396, #3951 ),
 .UNSPECIFIED., .F., .F.,
 ( 4, 2, 2, 2, 1, 1, 2, 2, 2, 4 ),
 ( 0.000000000000000000, 0.2500000000000144329, 0.3750000000000217604, 0.4375000000000269784, 0.4687500000000279221, 0.4843750000000297540, 0.4921875000000304756, 0.5000000000000311973, 0.7500000000000155431, 1.000000000000000000 ),
 .UNSPECIFIED. ) ;
#4931 = FACE_OUTER_BOUND ( 'NONE', #565, .T. ) ;
#4932 = CARTESIAN_POINT ( 'NONE',  ( 0.4133858267716535861, 1.361104126757873845, -0.9635230027740157022 ) ) ;
#4933 = CARTESIAN_POINT ( 'NONE',  ( -0.7362204724409449064, 0.4251968503937008093, 0.1181102362204724532 ) ) ;
#4934 = LINE ( 'NONE', #347, #1469 ) ;
#4935 = CARTESIAN_POINT ( 'NONE',  ( 0.3736259075278299258, 0.03937006885926779692, -0.3936986323437547952 ) ) ;
#4936 = LINE ( 'NONE', #2430, #4421 ) ;
#4937 = CIRCLE ( 'NONE', #924, 0.01968503937007875723 ) ;
#4938 = AXIS2_PLACEMENT_3D ( 'NONE', #2602, #159, #4228 ) ;
#4939 = VERTEX_POINT ( 'NONE', #85 ) ;
#4940 = LINE ( 'NONE', #2605, #1149 ) ;
#4941 = LINE ( 'NONE', #1686, #1526 ) ;
#4942 = DIRECTION ( 'NONE',  ( 0.000000000000000000, 0.04082998721851831964, -0.9991661083842544588 ) ) ;
#4943 = AXIS2_PLACEMENT_3D ( 'NONE', #2583, #2160, #3780 ) ;
#4944 = CARTESIAN_POINT ( 'NONE',  ( -0.4520163072216538125, 1.121830449117716233, 0.4977705176448817825 ) ) ;
#4945 = LOCAL_TIME ( 14, 15, 46.00000000000000000, #593 ) ;
#4946 = ORIENTED_EDGE ( 'NONE', *, *, #2692, .F. ) ;
#4947 = CARTESIAN_POINT ( 'NONE',  ( 0.4291338582677165503, 0.01968503937007873988, -0.1968503937007641813 ) ) ;
#4948 = CARTESIAN_POINT ( 'NONE',  ( -0.7362204724409449064, 0.3661417322834645272, 0.5905511811023621549 ) ) ;
#4949 = VERTEX_POINT ( 'NONE', #4935 ) ;
#4950 = CARTESIAN_POINT ( 'NONE',  ( -0.4032861948841851008, 0.7625519976512417086, -0.3260887106184430229 ) ) ;
#4951 = CARTESIAN_POINT ( 'NONE',  ( 0.3933235096007088871, 0.7534944902283459145, -0.3730247124189763896 ) ) ;
#4952 = DIRECTION ( 'NONE',  ( 0.000000000000000000, -1.000000000000000000, 0.000000000000000000 ) ) ;
#4953 = CARTESIAN_POINT ( 'NONE',  ( 0.3543307086614173040, 1.394815195778348338, -0.8242351536968740566 ) ) ;
#4954 = EDGE_CURVE ( 'NONE', #3546, #1116, #1781, .T. ) ;
#4955 = DIRECTION ( 'NONE',  ( 0.000000000000000000, 1.000000000000000000, 0.000000000000000000 ) ) ;
#4956 = FACE_OUTER_BOUND ( 'NONE', #5015, .T. ) ;
#4957 = PLANE ( 'NONE',  #4905 ) ;
#4958 = CARTESIAN_POINT ( 'NONE',  ( 0.4724409448818267521, 1.358327909847234505, 0.2680949520908247896 ) ) ;
#4959 = ORIENTED_EDGE ( 'NONE', *, *, #165, .F. ) ;
#4960 = DIRECTION ( 'NONE',  ( 0.000000000000000000, -0.9991661083842544588, -0.04082998721851672369 ) ) ;
#4961 = VECTOR ( 'NONE', #372, 39.37007874015748854 ) ;
#4962 = CARTESIAN_POINT ( 'NONE',  ( -0.7362204724409449064, 0.8744707376382283570, -0.09093945069119153957 ) ) ;
#4963 = CARTESIAN_POINT ( 'NONE',  ( 0.4724409448818898127, 1.370324132162275665, -0.7070271485177795912 ) ) ;
#4964 = CARTESIAN_POINT ( 'NONE',  ( -0.4771542633602366967, 0.9766430842610235308, 0.4993896992653547584 ) ) ;
#4965 = ORIENTED_EDGE ( 'NONE', *, *, #4524, .F. ) ;
#4966 = DIRECTION ( 'NONE',  ( 0.000000000000000000, 0.000000000000000000, -1.000000000000000000 ) ) ;
#4967 = CARTESIAN_POINT ( 'NONE',  ( 0.4209800479847635724, 0.8782977321868248310, -0.07665691259474918806 ) ) ;
#4968 = EDGE_LOOP ( 'NONE', ( #950, #1447, #3490, #4764 ) ) ;
#4969 = FACE_OUTER_BOUND ( 'NONE', #4317, .T. ) ;
#4970 = VECTOR ( 'NONE', #2743, 39.37007874015748143 ) ;
#4971 = CARTESIAN_POINT ( 'NONE',  ( 0.3907527048225984956, 0.8084830454102357455, -0.3492441986574408852 ) ) ;
#4972 = ORIENTED_EDGE ( 'NONE', *, *, #2810, .T. ) ;
#4973 = EDGE_CURVE ( 'NONE', #4399, #4298, #4978, .T. ) ;
#4974 = PLANE ( 'NONE',  #400 ) ;
#4975 = FACE_OUTER_BOUND ( 'NONE', #4449, .T. ) ;
#4976 = EDGE_CURVE ( 'NONE', #3576, #5208, #4210, .T. ) ;
#4977 = DIRECTION ( 'NONE',  ( 0.000000000000000000, 1.000000000000000000, 0.000000000000000000 ) ) ;
#4978 = LINE ( 'NONE', #2204, #1918 ) ;
#4979 = ADVANCED_FACE ( 'NONE', ( #876 ), #4957, .T. ) ;
#4980 = VECTOR ( 'NONE', #1170, 39.37007874015748143 ) ;
#4981 = CARTESIAN_POINT ( 'NONE',  ( 0.4998030897071736867, 0.9810724023584415088, 0.5114257816957636926 ) ) ;
#4982 = B_SPLINE_CURVE_WITH_KNOTS ( 'NONE', 3,
 ( #4691, #344, #741, #3471 ),
 .UNSPECIFIED., .F., .F.,
 ( 4, 4 ),
 ( 0.000000000000000000, 1.000000000000000000 ),
 .UNSPECIFIED. ) ;
#4983 = VERTEX_POINT ( 'NONE', #3339 ) ;
#4984 = CARTESIAN_POINT ( 'NONE',  ( -0.3929286808542047371, 0.03937007941157739943, -0.3778762805101767985 ) ) ;
#4985 = AXIS2_PLACEMENT_3D ( 'NONE', #2709, #3132, #2264 ) ;
#4986 = PLANE ( 'NONE',  #3647 ) ;
#4987 = CARTESIAN_POINT ( 'NONE',  ( -0.3803066885274409281, 0.02901620080234642435, -0.3985711041598423710 ) ) ;
#4988 = CARTESIAN_POINT ( 'NONE',  ( -0.4291338582677165503, 0.7480314960629921295, -0.1968503937007874127 ) ) ;
#4989 = ADVANCED_FACE ( 'NONE', ( #63 ), #2942, .F. ) ;
#4990 = CARTESIAN_POINT ( 'NONE',  ( 0.3736266137416790478, 0.03449876926858715803, -0.3937007874015745479 ) ) ;
#4991 = EDGE_LOOP ( 'NONE', ( #3920, #1559 ) ) ;
#4992 = CIRCLE ( 'NONE', #4391, 0.05905511811023615720 ) ;
#4993 =( BOUNDED_CURVE ( )  B_SPLINE_CURVE ( 3, ( #4947, #4110, #444, #4896 ),
 .UNSPECIFIED., .F., .T. ) 
 B_SPLINE_CURVE_WITH_KNOTS ( ( 4, 4 ),
 ( 0.000000000000000000, 1.570796326794434927 ),
 .UNSPECIFIED. ) 
 CURVE ( )  GEOMETRIC_REPRESENTATION_ITEM ( )  RATIONAL_B_SPLINE_CURVE ( ( 1.000000000000000000, 0.8047378541244739614, 0.8047378541244739614, 1.000000000000000000 ) ) 
 REPRESENTATION_ITEM ( '' )  );
#4994 = CARTESIAN_POINT ( 'NONE',  ( 0.4677276867992126164, 1.298014736361023491, 0.1068015459603150752 ) ) ;
#4995 = DIRECTION ( 'NONE',  ( -0.3713906763540866240, 0.9284766908852662981, 0.000000000000000000 ) ) ;
#4996 = EDGE_LOOP ( 'NONE', ( #3683, #1776, #4913, #3648, #4837, #3069 ) ) ;
#4997 = DIRECTION ( 'NONE',  ( 0.1197169729679936484, -0.9919801668815362294, -0.04053634044977693501 ) ) ;
#4998 = CARTESIAN_POINT ( 'NONE',  ( 0.3905065455935435303, 0.8082299460960634674, -0.3504749948027950368 ) ) ;
#4999 = ORIENTED_EDGE ( 'NONE', *, *, #1104, .T. ) ;
#5000 = ORIENTED_EDGE ( 'NONE', *, *, #1393, .T. ) ;
#5001 = ORIENTED_EDGE ( 'NONE', *, *, #2412, .F. ) ;
#5002 = LINE ( 'NONE', #4168, #2807 ) ;
#5003 = CARTESIAN_POINT ( 'NONE',  ( 0.4856101160473771938, 0.8858251438944997336, 0.5656885074627170384 ) ) ;
#5004 = DIRECTION ( 'NONE',  ( -1.000000000000000000, 0.000000000000000000, 0.000000000000000000 ) ) ;
#5005 = CARTESIAN_POINT ( 'NONE',  ( 0.4291338582677165503, 0.7480314960629921295, -0.1968503937007874127 ) ) ;
#5006 = EDGE_CURVE ( 'NONE', #3034, #780, #3864, .T. ) ;
#5007 = ORIENTED_EDGE ( 'NONE', *, *, #2301, .F. ) ;
#5008 = ADVANCED_FACE ( 'NONE', ( #2497 ), #2507, .T. ) ;
#5009 = FACE_OUTER_BOUND ( 'NONE', #3357, .T. ) ;
#5010 = FACE_OUTER_BOUND ( 'NONE', #2724, .T. ) ;
#5011 = CARTESIAN_POINT ( 'NONE',  ( -0.3939565500779529383, 0.03954872861933068917, -0.3898861109455118434 ) ) ;
#5012 = DIRECTION ( 'NONE',  ( -0.000000000000000000, 1.000000000000000000, 0.000000000000000000 ) ) ;
#5013 = CARTESIAN_POINT ( 'NONE',  ( 0.3779527559055118058, 0.7007874015748031260, -0.1917824658397256077 ) ) ;
#5014 = ORIENTED_EDGE ( 'NONE', *, *, #3666, .T. ) ;
#5015 = EDGE_LOOP ( 'NONE', ( #2685, #251, #1259, #2065, #1102 ) ) ;
#5016 = VECTOR ( 'NONE', #1728, 39.37007874015748854 ) ;
#5017 = VECTOR ( 'NONE', #3327, 39.37007874015748143 ) ;
#5018 = EDGE_CURVE ( 'NONE', #1767, #3111, #4170, .T. ) ;
#5019 = CARTESIAN_POINT ( 'NONE',  ( -0.4429378367352072021, 0.9720881010195503436, 0.5651127493879797292 ) ) ;
#5020 = CARTESIAN_POINT ( 'NONE',  ( 0.4928656397358265884, 1.166620733137007315, 0.4740176163358261197 ) ) ;
#5021 = DATE_TIME_ROLE ( 'creation_date' ) ;
#5022 = CARTESIAN_POINT ( 'NONE',  ( -0.3933234335903540990, 0.7534930368893701935, -0.3730250946640547571 ) ) ;
#5023 = ORIENTED_EDGE ( 'NONE', *, *, #5076, .T. ) ;
#5024 =( BOUNDED_CURVE ( )  B_SPLINE_CURVE ( 3, ( #2534, #4158, #520, #2138 ),
 .UNSPECIFIED., .F., .T. ) 
 B_SPLINE_CURVE_WITH_KNOTS ( ( 4, 4 ),
 ( 3.141592653589790007, 4.712388980388030113 ),
 .UNSPECIFIED. ) 
 CURVE ( )  GEOMETRIC_REPRESENTATION_ITEM ( )  RATIONAL_B_SPLINE_CURVE ( ( 1.000000000000000000, 0.8047378541235780114, 0.8047378541235780114, 1.000000000000000000 ) ) 
 REPRESENTATION_ITEM ( '' )  );
#5025 = LINE ( 'NONE', #3766, #2163 ) ;
#5026 = CARTESIAN_POINT ( 'NONE',  ( -0.7362204724409449064, 0.7480314960629921295, 0.000000000000000000 ) ) ;
#5027 = ORIENTED_EDGE ( 'NONE', *, *, #1393, .F. ) ;
#5028 = ORIENTED_EDGE ( 'NONE', *, *, #3835, .F. ) ;
#5029 = EDGE_LOOP ( 'NONE', ( #2198, #4155, #4564, #2603 ) ) ;
#5030 = DIRECTION ( 'NONE',  ( -1.000000000000000000, 0.000000000000000000, 0.000000000000000000 ) ) ;
#5031 = DIRECTION ( 'NONE',  ( 0.000000000000000000, 1.000000000000000000, 0.000000000000000000 ) ) ;
#5032 = LINE ( 'NONE', #133, #2063 ) ;
#5033 = CARTESIAN_POINT ( 'NONE',  ( -0.5118110236220543285, 0.9752894711420949658, 0.5458766618241051027 ) ) ;
#5034 = CARTESIAN_POINT ( 'NONE',  ( 0.6889763779527560139, 0.4842519685039370358, 0.09842519685039370636 ) ) ;
#5035 = ORIENTED_EDGE ( 'NONE', *, *, #4976, .F. ) ;
#5036 = DIRECTION ( 'NONE',  ( 0.000000000000000000, 0.000000000000000000, 1.000000000000000000 ) ) ;
#5037 = CARTESIAN_POINT ( 'NONE',  ( -0.3756807937616516990, 0.7881793655406728050, -0.3782892592490083583 ) ) ;
#5038 = DIRECTION ( 'NONE',  ( 0.000000000000000000, 1.000000000000000000, 9.239288078572181334E-16 ) ) ;
#5039 = CARTESIAN_POINT ( 'NONE',  ( 0.7362204724410000845, 0.4251968503937008093, 0.1181102362204724532 ) ) ;
#5040 = CARTESIAN_POINT ( 'NONE',  ( -0.7362204724409449064, 0.4251968503937008093, 0.5314960629921260393 ) ) ;
#5041 = ORIENTED_EDGE ( 'NONE', *, *, #2144, .T. ) ;
#5042 = VECTOR ( 'NONE', #2366, 39.37007874015748143 ) ;
#5043 = PLANE ( 'NONE',  #4241 ) ;
#5044 = CARTESIAN_POINT ( 'NONE',  ( 0.4677276886429130864, 1.122813956465354757, 0.5006918230539377790 ) ) ;
#5045 = EDGE_CURVE ( 'NONE', #467, #203, #3773, .T. ) ;
#5046 = CARTESIAN_POINT ( 'NONE',  ( -0.3871622231061417341, 0.8019265639366142118, -0.3671966086735037327 ) ) ;
#5047 = EDGE_CURVE ( 'NONE', #1428, #1507, #207, .T. ) ;
#5048 = ORIENTED_EDGE ( 'NONE', *, *, #2791, .F. ) ;
#5049 = CARTESIAN_POINT ( 'NONE',  ( -0.4448343465154907528, 0.8858266507578744786, 0.5573563146388441636 ) ) ;
#5050 = CARTESIAN_POINT ( 'NONE',  ( 0.3947853662618536763, 0.009409711441670347287, -0.3577751938573304202 ) ) ;
#5051 = ORIENTED_EDGE ( 'NONE', *, *, #3537, .T. ) ;
#5052 = ADVANCED_FACE ( 'NONE', ( #2704 ), #1462, .T. ) ;
#5053 = EDGE_LOOP ( 'NONE', ( #4812, #3893, #2390, #4594, #993, #5128, #2097, #1508, #2042, #3730, #4372, #66 ) ) ;
#5054 = ORIENTED_EDGE ( 'NONE', *, *, #3899, .T. ) ;
#5055 = CARTESIAN_POINT ( 'NONE',  ( -0.4395488770876079254, 0.9800551018017049643, 0.5174138052071920457 ) ) ;
#5056 = DIRECTION ( 'NONE',  ( 0.000000000000000000, -1.000000000000000000, 0.000000000000000000 ) ) ;
#5057 = VECTOR ( 'NONE', #4244, 39.37007874015748854 ) ;
#5058 = CARTESIAN_POINT ( 'NONE',  ( -0.6889763779527560139, 0.2480314960629921295, 0.05905511811023622659 ) ) ;
#5059 = CARTESIAN_POINT ( 'NONE',  ( 0.7362204724409449064, 0.8385826771653542844, 0.000000000000000000 ) ) ;
#5060 = LINE ( 'NONE', #1410, #1279 ) ;
#5061 = VECTOR ( 'NONE', #3580, 39.37007874015748143 ) ;
#5062 = ORIENTED_EDGE ( 'NONE', *, *, #247, .T. ) ;
#5063 = DIRECTION ( 'NONE',  ( -0.1961161351381845441, 0.000000000000000000, 0.9805806756909200006 ) ) ;
#5064 = PLANE ( 'NONE',  #139 ) ;
#5065 = DIRECTION ( 'NONE',  ( 0.000000000000000000, 0.000000000000000000, -1.000000000000000000 ) ) ;
#5066 = CARTESIAN_POINT ( 'NONE',  ( 0.3747659998142084392, 0.01166699418946796213, -0.3823048929132216722 ) ) ;
#5067 = ORIENTED_EDGE ( 'NONE', *, *, #423, .F. ) ;
#5068 = VECTOR ( 'NONE', #285, 39.37007874015748854 ) ;
#5069 = CARTESIAN_POINT ( 'NONE',  ( -0.6889763779527560139, 6.496927098902835476E-18, 0.5905511811023621549 ) ) ;
#5070 = CARTESIAN_POINT ( 'NONE',  ( 0.3835272100660054861, 0.7480314974610430268, -0.3936995070625277093 ) ) ;
#5071 = EDGE_CURVE ( 'NONE', #1607, #4354, #685, .T. ) ;
#5072 = CARTESIAN_POINT ( 'NONE',  ( -0.4001977737377954703, 0.7946313420444884867, -0.3579548121207480893 ) ) ;
#5073 = VECTOR ( 'NONE', #2150, 39.37007874015748143 ) ;
#5074 = EDGE_CURVE ( 'NONE', #3887, #1902, #3443, .T. ) ;
#5075 = ORIENTED_EDGE ( 'NONE', *, *, #417, .T. ) ;
#5076 = EDGE_CURVE ( 'NONE', #2686, #2464, #5084, .T. ) ;
#5077 = DIRECTION ( 'NONE',  ( 8.887412579883116015E-13, -0.04082998721785328217, 0.9991661083842816593 ) ) ;
#5078 = CARTESIAN_POINT ( 'NONE',  ( -0.3360995313135102247, 0.6417324030489803821, -0.3006806130091212448 ) ) ;
#5079 = ORIENTED_EDGE ( 'NONE', *, *, #4523, .T. ) ;
#5080 = VERTEX_POINT ( 'NONE', #1434 ) ;
#5081 = CARTESIAN_POINT ( 'NONE',  ( 0.4291338582677165503, 0.7971813003004447618, -0.1968503937008015958 ) ) ;
#5082 = EDGE_CURVE ( 'NONE', #2175, #2629, #3495, .T. ) ;
#5083 = CARTESIAN_POINT ( 'NONE',  ( -0.3779527559055118058, 0.7007874015748031260, -0.1917824658397244142 ) ) ;
#5084 = LINE ( 'NONE', #2310, #3273 ) ;
#5085 = DIRECTION ( 'NONE',  ( -1.000000000000000000, 0.000000000000000000, 0.000000000000000000 ) ) ;
#5086 = EDGE_LOOP ( 'NONE', ( #4778, #2195, #2291, #459 ) ) ;
#5087 = FACE_OUTER_BOUND ( 'NONE', #4345, .T. ) ;
#5088 = CARTESIAN_POINT ( 'NONE',  ( 0.7362204724410000845, 0.4251968503937008093, 0.1181102362204724532 ) ) ;
#5089 = CARTESIAN_POINT ( 'NONE',  ( 0.000000000000000000, 0.1102362204724409434, -0.1141732283464566844 ) ) ;
#5090 = LINE ( 'NONE', #910, #3990 ) ;
#5091 = CARTESIAN_POINT ( 'NONE',  ( -0.4928658522531493280, 0.9773282904925194581, 0.4964369026937011098 ) ) ;
#5092 = ORIENTED_EDGE ( 'NONE', *, *, #2504, .T. ) ;
#5093 = LINE ( 'NONE', #1449, #82 ) ;
#5094 = AXIS2_PLACEMENT_3D ( 'NONE', #3293, #1287, #2901 ) ;
#5095 = LINE ( 'NONE', #300, #2750 ) ;
#5096 = CARTESIAN_POINT ( 'NONE',  ( -0.4011735544456691560, 0.7962690270377956736, -0.3530759085810630804 ) ) ;
#5097 = AXIS2_PLACEMENT_3D ( 'NONE', #2940, #2178, #4143 ) ;
#5098 = ORIENTED_EDGE ( 'NONE', *, *, #358, .F. ) ;
#5099 = VECTOR ( 'NONE', #1487, 39.37007874015748854 ) ;
#5100 = DIRECTION ( 'NONE',  ( -0.1197169729660440135, 0.9919801668818160056, 0.04053634044868699438 ) ) ;
#5101 = CC_DESIGN_DATE_AND_TIME_ASSIGNMENT ( #2640, #2563, ( #2384 ) ) ;
#5102 = AXIS2_PLACEMENT_3D ( 'NONE', #1789, #2633, #4261 ) ;
#5103 = DIRECTION ( 'NONE',  ( 0.000000000000000000, -0.9659258262890756397, 0.2588190451024934280 ) ) ;
#5104 = EDGE_LOOP ( 'NONE', ( #2947, #4653, #2391, #4108, #3163, #2268 ) ) ;
#5105 = ORIENTED_EDGE ( 'NONE', *, *, #550, .T. ) ;
#5106 = PLANE ( 'NONE',  #3466 ) ;
#5107 = CARTESIAN_POINT ( 'NONE',  ( -0.4724409448818684965, 1.337777347748714707, 0.3502428788991968633 ) ) ;
#5108 = FACE_OUTER_BOUND ( 'NONE', #2707, .T. ) ;
#5109 = LINE ( 'NONE', #1513, #2623 ) ;
#5110 = EDGE_CURVE ( 'NONE', #3845, #1577, #3827, .T. ) ;
#5111 = EDGE_LOOP ( 'NONE', ( #2190, #1278, #2479, #679 ) ) ;
#5112 = CARTESIAN_POINT ( 'NONE',  ( 0.4724409448818898127, 0.8858267716535432879, 0.5679224455952306405 ) ) ;
#5113 = CARTESIAN_POINT ( 'NONE',  ( -0.6889763779527560139, 0.2480314960629921295, 0.05905511811023622659 ) ) ;
#5114 = CARTESIAN_POINT ( 'NONE',  ( 0.6889763779528130794, 0.2480314960629697030, 0.5905511811023621549 ) ) ;
#5115 = CARTESIAN_POINT ( 'NONE',  ( 0.4520162615448814480, 1.311070273624410421, 0.4251951414059049195 ) ) ;
#5116 = CARTESIAN_POINT ( 'NONE',  ( -0.5118110152795272150, 1.294697116380315816, 0.2558895842601966453 ) ) ;
#5117 = EDGE_LOOP ( 'NONE', ( #1495, #3571, #3795, #1270, #4669 ) ) ;
#5118 = ORIENTED_EDGE ( 'NONE', *, *, #4689, .F. ) ;
#5119 = DIRECTION ( 'NONE',  ( 0.000000000000000000, -0.04082998721720280250, 0.9991661083843081936 ) ) ;
#5120 = CARTESIAN_POINT ( 'NONE',  ( 0.4724409448818898127, 1.394815195778348338, -0.8242351536968997028 ) ) ;
#5121 = CARTESIAN_POINT ( 'NONE',  ( -0.4017556000877953171, 0.7969619173566925285, -0.3501656803701968523 ) ) ;
#5122 = VECTOR ( 'NONE', #4977, 39.37007874015748143 ) ;
#5123 = ORIENTED_EDGE ( 'NONE', *, *, #4683, .T. ) ;
#5124 = CARTESIAN_POINT ( 'NONE',  ( 0.4362405725594502015, 0.9789409363481197390, 0.5240843347638022287 ) ) ;
#5125 = VECTOR ( 'NONE', #5256, 39.37007874015748143 ) ;
#5126 = FACE_OUTER_BOUND ( 'NONE', #4133, .T. ) ;
#5127 = ORIENTED_EDGE ( 'NONE', *, *, #2556, .T. ) ;
#5128 = ORIENTED_EDGE ( 'NONE', *, *, #2871, .F. ) ;
#5129 = VERTEX_POINT ( 'NONE', #1857 ) ;
#5130 = CARTESIAN_POINT ( 'NONE',  ( -0.4209800479848005428, 2.056365760316511248E-14, -0.1960430073724220845 ) ) ;
#5131 = CARTESIAN_POINT ( 'NONE',  ( -0.6889763779527560139, 0.000000000000000000, 0.5905511811023621549 ) ) ;
#5132 = CARTESIAN_POINT ( 'NONE',  ( -0.4291338582677165503, 0.8606677359814349781, -0.03211436557641236117 ) ) ;
#5133 = DIRECTION ( 'NONE',  ( 0.000000000000000000, 0.9991661083842545699, 0.04082998721851786167 ) ) ;
#5134 = EDGE_CURVE ( 'NONE', #3572, #303, #2767, .T. ) ;
#5135 = LINE ( 'NONE', #5188, #3986 ) ;
#5136 = ADVANCED_FACE ( 'NONE', ( #5108 ), #4768, .T. ) ;
#5137 = ORIENTED_EDGE ( 'NONE', *, *, #98, .T. ) ;
#5138 = EDGE_CURVE ( 'NONE', #1531, #2304, #3100, .T. ) ;
#5139 = PLANE ( 'NONE',  #3251 ) ;
#5140 = ADVANCED_FACE ( 'NONE', ( #4688 ), #2651, .F. ) ;
#5141 = LINE ( 'NONE', #3131, #2487 ) ;
#5142 = DIRECTION ( 'NONE',  ( 1.587681008176665809E-30, -0.9991661083842544588, -0.04082998721851906904 ) ) ;
#5143 = VECTOR ( 'NONE', #2270, 39.37007874015748143 ) ;
#5144 = CARTESIAN_POINT ( 'NONE',  ( 0.4330716110956698284, 1.005755409837008507, 0.5459257600224411977 ) ) ;
#5145 = CARTESIAN_POINT ( 'NONE',  ( -0.4928656286094487693, 1.259766084608660686, 0.3259187194880316940 ) ) ;
#5146 = ORIENTED_EDGE ( 'NONE', *, *, #1629, .F. ) ;
#5147 = LINE ( 'NONE', #1946, #3041 ) ;
#5148 = DIRECTION ( 'NONE',  ( 1.000000000000000000, 0.000000000000000000, 0.000000000000000000 ) ) ;
#5149 = ADVANCED_FACE ( 'NONE', ( #3126 ), #1114, .T. ) ;
#5150 = CARTESIAN_POINT ( 'NONE',  ( -0.4771542157803148609, 1.377544816341732314, 0.07322186961972443342 ) ) ;
#5151 = VECTOR ( 'NONE', #1408, 39.37007874015748143 ) ;
#5152 = ORIENTED_EDGE ( 'NONE', *, *, #4580, .F. ) ;
#5153 = DIRECTION ( 'NONE',  ( 0.000000000000000000, 0.000000000000000000, -1.000000000000000000 ) ) ;
#5154 = VECTOR ( 'NONE', #3907, 39.37007874015748143 ) ;
#5155 = CARTESIAN_POINT ( 'NONE',  ( 0.4133858267716535861, 1.394815195778346339, -0.8242351536968504089 ) ) ;
#5156 = ORIENTED_EDGE ( 'NONE', *, *, #2080, .T. ) ;
#5157 = ORIENTED_EDGE ( 'NONE', *, *, #3303, .T. ) ;
#5158 = VECTOR ( 'NONE', #3017, 39.37007874015748143 ) ;
#5159 = LINE ( 'NONE', #766, #3943 ) ;
#5160 = CARTESIAN_POINT ( 'NONE',  ( 0.3346456692913385988, 0.8744707376381988251, -0.09093945069118367086 ) ) ;
#5161 = FACE_OUTER_BOUND ( 'NONE', #1317, .T. ) ;
#5162 =( BOUNDED_CURVE ( )  B_SPLINE_CURVE ( 3, ( #1592, #3097, #5130, #3178 ),
 .UNSPECIFIED., .F., .T. ) 
 B_SPLINE_CURVE_WITH_KNOTS ( ( 4, 4 ),
 ( 0.000000000000000000, 1.570796326793114872 ),
 .UNSPECIFIED. ) 
 CURVE ( )  GEOMETRIC_REPRESENTATION_ITEM ( )  RATIONAL_B_SPLINE_CURVE ( ( 1.000000000000000000, 0.8047378541247849348, 0.8047378541247849348, 1.000000000000000000 ) ) 
 REPRESENTATION_ITEM ( '' )  );
#5163 = DIRECTION ( 'NONE',  ( -0.9805806756909164479, 0.000000000000000000, -0.1961161351382030849 ) ) ;
#5164 = CARTESIAN_POINT ( 'NONE',  ( -0.4724409448819859025, 1.262396919946497942, 0.3267390222950878331 ) ) ;
#5165 = VERTEX_POINT ( 'NONE', #627 ) ;
#5166 = CARTESIAN_POINT ( 'NONE',  ( -0.3968656833551023611, 0.01968503937007626270, -0.3581912680181547626 ) ) ;
#5167 = CARTESIAN_POINT ( 'NONE',  ( -0.4724409448818898127, 1.394815195778348338, -0.8242351536968997028 ) ) ;
#5168 = PLANE ( 'NONE',  #4985 ) ;
#5169 = EDGE_CURVE ( 'NONE', #330, #2960, #4251, .T. ) ;
#5170 = CARTESIAN_POINT ( 'NONE',  ( 0.4330709377220472445, 1.311760500799212581, 0.1076126913154725334 ) ) ;
#5171 = CARTESIAN_POINT ( 'NONE',  ( -0.5118110590929142445, 1.338484191629133901, 0.07178757850921269057 ) ) ;
#5172 = VERTEX_POINT ( 'NONE', #2729 ) ;
#5173 = VERTEX_POINT ( 'NONE', #3874 ) ;
#5174 = FACE_OUTER_BOUND ( 'NONE', #4968, .T. ) ;
#5175 = CARTESIAN_POINT ( 'NONE',  ( 0.4291338582677165503, 0.8606677359815847472, -0.03211436557644039430 ) ) ;
#5176 = CARTESIAN_POINT ( 'NONE',  ( -0.4330705414897636496, 1.066174066587401104, 0.5768978903822830073 ) ) ;
#5177 = ORIENTED_EDGE ( 'NONE', *, *, #2053, .T. ) ;
#5178 = EDGE_CURVE ( 'NONE', #4722, #3548, #709, .T. ) ;
#5179 = CARTESIAN_POINT ( 'NONE',  ( -0.4291084833052385972, 0.8267129698996082965, -0.1969772685131649659 ) ) ;
#5180 = CARTESIAN_POINT ( 'NONE',  ( -0.3346456692913385988, 0.9127442351811162480, -0.1011948034493216492 ) ) ;
#5181 = EDGE_LOOP ( 'NONE', ( #1562, #2030, #1327, #362 ) ) ;
#5182 = ORIENTED_EDGE ( 'NONE', *, *, #1070, .F. ) ;
#5183 = CARTESIAN_POINT ( 'NONE',  ( -0.3346456692913385988, 0.8402640725062991978, -0.08934485358858267057 ) ) ;
#5184 = LINE ( 'NONE', #2817, #4849 ) ;
#5185 = VECTOR ( 'NONE', #4137, 39.37007874015748143 ) ;
#5186 = CARTESIAN_POINT ( 'NONE',  ( -0.4724409448818898127, 0.9699109393618169372, 0.5782418661775315938 ) ) ;
#5187 = CARTESIAN_POINT ( 'NONE',  ( -0.6889763779527560139, 0.4251968503937008093, 0.1181102362204724532 ) ) ;
#5188 = CARTESIAN_POINT ( 'NONE',  ( -0.6889763779527560139, 0.7796434537460865677, 0.09842519685038386701 ) ) ;
#5189 = ORIENTED_EDGE ( 'NONE', *, *, #2313, .F. ) ;
#5190 = CARTESIAN_POINT ( 'NONE',  ( 0.6889763779527560139, 0.2480314960629921295, 0.05905511811023622659 ) ) ;
#5191 = CARTESIAN_POINT ( 'NONE',  ( 0.4094488188976377896, 0.8801310389744745333, -0.03732954189542200818 ) ) ;
#5192 = CARTESIAN_POINT ( 'NONE',  ( 0.000000000000000000, 0.04724409448818897572, 0.000000000000000000 ) ) ;
#5193 = CARTESIAN_POINT ( 'NONE',  ( 0.4520162436960625807, 1.296394367339763987, 0.07024205635574809481 ) ) ;
#5194 = CARTESIAN_POINT ( 'NONE',  ( -0.5118111572413389654, 0.9651180666570869926, 0.5628335248669286139 ) ) ;
#5195 = VERTEX_POINT ( 'NONE', #3848 ) ;
#5196 = FACE_OUTER_BOUND ( 'NONE', #2123, .T. ) ;
#5197 = VERTEX_POINT ( 'NONE', #4658 ) ;
#5198 = DIRECTION ( 'NONE',  ( 0.3713906763540864575, -0.9284766908852660761, -8.578463621328391776E-16 ) ) ;
#5199 = CARTESIAN_POINT ( 'NONE',  ( 0.3803059630032676885, 0.02902348685888977639, -0.3985747323531498298 ) ) ;
#5200 = CARTESIAN_POINT ( 'NONE',  ( -0.4242783803589024738, 0.8858267716535428438, 0.5144731623552143418 ) ) ;
#5201 = FACE_OUTER_BOUND ( 'NONE', #3547, .T. ) ;
#5202 = EDGE_CURVE ( 'NONE', #3473, #835, #1805, .T. ) ;
#5203 = ORIENTED_EDGE ( 'NONE', *, *, #4469, .F. ) ;
#5204 = EDGE_CURVE ( 'NONE', #1571, #88, #1066, .T. ) ;
#5205 = CARTESIAN_POINT ( 'NONE',  ( 0.6889763779528130794, 8.316991057201849416E-17, 0.000000000000000000 ) ) ;
#5206 = EDGE_CURVE ( 'NONE', #1417, #407, #3611, .T. ) ;
#5207 = DIRECTION ( 'NONE',  ( 0.000000000000000000, 0.04082998721851831964, -0.9991661083842544588 ) ) ;
#5208 = VERTEX_POINT ( 'NONE', #2448 ) ;
#5209 = ORIENTED_EDGE ( 'NONE', *, *, #4135, .F. ) ;
#5210 = VERTEX_POINT ( 'NONE', #5187 ) ;
#5211 = VECTOR ( 'NONE', #3207, 39.37007874015748854 ) ;
#5212 = DIRECTION ( 'NONE',  ( 0.000000000000000000, -0.9991661083842544588, -0.04082998721851682083 ) ) ;
#5213 = CARTESIAN_POINT ( 'NONE',  ( -0.3756221846813938003, 0.005095085402867381881, -0.3738730076379256362 ) ) ;
#5214 = FACE_OUTER_BOUND ( 'NONE', #4101, .T. ) ;
#5215 = MECHANICAL_CONTEXT ( 'NONE', #4456, 'mechanical' ) ;
#5216 = EDGE_CURVE ( 'NONE', #1050, #4401, #312, .T. ) ;
#5217 = ORIENTED_EDGE ( 'NONE', *, *, #675, .F. ) ;
#5218 = CARTESIAN_POINT ( 'NONE',  ( -0.4724409448819134050, 1.297577161415226499, 0.1089473640294891799 ) ) ;
#5219 = ORIENTED_EDGE ( 'NONE', *, *, #5018, .T. ) ;
#5220 = DIRECTION ( 'NONE',  ( 0.000000000000000000, 0.000000000000000000, 1.000000000000000000 ) ) ;
#5221 = PLANE ( 'NONE',  #4728 ) ;
#5222 = CARTESIAN_POINT ( 'NONE',  ( 0.3987038508090555711, 0.7818625213704721855, -0.3461230063764565434 ) ) ;
#5223 = CARTESIAN_POINT ( 'NONE',  ( -0.5118110246877947134, 1.295900052709449746, 0.4177820694216533570 ) ) ;
#5224 = ORIENTED_EDGE ( 'NONE', *, *, #2912, .F. ) ;
#5225 = CARTESIAN_POINT ( 'NONE',  ( 0.4771542275303150560, 0.9792926571358274712, 0.5000043115712592412 ) ) ;
#5226 = ORIENTED_EDGE ( 'NONE', *, *, #1208, .T. ) ;
#5227 = LINE ( 'NONE', #4486, #890 ) ;
#5228 = CARTESIAN_POINT ( 'NONE',  ( 0.3653446323771262771, 0.04410826429248033975, -0.3915593730437400555 ) ) ;
#5229 = DIRECTION ( 'NONE',  ( 1.000000000000000000, 0.000000000000000000, 0.000000000000000000 ) ) ;
#5230 = AXIS2_PLACEMENT_3D ( 'NONE', #1024, #596, #4997 ) ;
#5231 = CARTESIAN_POINT ( 'NONE',  ( -0.4771542029645670091, 1.376068686280315090, 0.1114075538118110137 ) ) ;
#5232 = VERTEX_POINT ( 'NONE', #3325 ) ;
#5233 = AXIS2_PLACEMENT_3D ( 'NONE', #2755, #1167, #651 ) ;
#5234 = DIRECTION ( 'NONE',  ( 0.000000000000000000, 0.000000000000000000, 1.000000000000000000 ) ) ;
#5235 = EDGE_CURVE ( 'NONE', #4491, #4304, #2434, .T. ) ;
#5236 = AXIS2_PLACEMENT_3D ( 'NONE', #1999, #3617, #3670 ) ;
#5237 = CARTESIAN_POINT ( 'NONE',  ( -0.6889763779527560139, 0.2480314960629921295, 0.5905511811023621549 ) ) ;
#5238 = ADVANCED_FACE ( 'NONE', ( #739 ), #1992, .T. ) ;
#5239 = VERTEX_POINT ( 'NONE', #4010 ) ;
#5240 = EDGE_CURVE ( 'NONE', #2220, #2784, #1624, .T. ) ;
#5241 = VECTOR ( 'NONE', #2857, 39.37007874015748143 ) ;
#5242 = CARTESIAN_POINT ( 'NONE',  ( 0.4291338582677165503, 0.7007874015748031260, -0.3464566929133858775 ) ) ;
#5243 = DIRECTION ( 'NONE',  ( 0.3713906763540940070, 0.9284766908852631895, 0.000000000000000000 ) ) ;
#5244 = DIRECTION ( 'NONE',  ( 0.000000000000000000, 0.04082998721851817392, -0.9991661083842543478 ) ) ;
#5245 = CARTESIAN_POINT ( 'NONE',  ( 0.3933252113487185064, 0.03075221187583425386, -0.3758936282957692776 ) ) ;
#5246 = AXIS2_PLACEMENT_3D ( 'NONE', #3594, #722, #450 ) ;
#5247 = ORIENTED_EDGE ( 'NONE', *, *, #2171, .T. ) ;
#5248 = EDGE_CURVE ( 'NONE', #1563, #4322, #770, .T. ) ;
#5249 = CARTESIAN_POINT ( 'NONE',  ( 0.5314960629921260393, 1.361104126757661348, -0.9635230027740235847 ) ) ;
#5250 = CARTESIAN_POINT ( 'NONE',  ( 0.5118110236220544396, 0.9752897258026326233, 0.5458751395476426627 ) ) ;
#5251 = CARTESIAN_POINT ( 'NONE',  ( 0.3818897637795276023, 0.7007874015748031260, -0.1921723064444488260 ) ) ;
#5252 = CARTESIAN_POINT ( 'NONE',  ( 0.3978216413783465799, 0.7878409694271663044, -0.3698354819493304690 ) ) ;
#5253 = CARTESIAN_POINT ( 'NONE',  ( -0.7362204724409449064, 0.7487262954153584005, 0.06750803851964075342 ) ) ;
#5254 = VERTEX_POINT ( 'NONE', #1320 ) ;
#5255 = ORIENTED_EDGE ( 'NONE', *, *, #4260, .T. ) ;
#5256 = DIRECTION ( 'NONE',  ( 1.000000000000000000, 0.000000000000000000, 0.000000000000000000 ) ) ;
#5257 = CARTESIAN_POINT ( 'NONE',  ( -0.4291084833052385972, 0.8267129698996082965, -0.1969772685131649659 ) ) ;
#5258 = CARTESIAN_POINT ( 'NONE',  ( 0.6889763779527560139, 0.7007874015748031260, 0.05905511811023622659 ) ) ;
#5259 = CARTESIAN_POINT ( 'NONE',  ( -0.4330709377220472445, 1.362322921841731205, 0.1105964084566534306 ) ) ;
#5260 = VERTEX_POINT ( 'NONE', #3980 ) ;
#5261 = CARTESIAN_POINT ( 'NONE',  ( 0.4928656460677167117, 1.380574015918109687, 0.07333310066263780402 ) ) ;
#5262 = CARTESIAN_POINT ( 'NONE',  ( -0.5061033397826073532, 0.9797695547248351788, 0.5191638045243892607 ) ) ;
ENDSEC;
END-ISO-10303-21;
