ISO-10303-21;
HEADER;
FILE_DESCRIPTION (( 'STEP AP203' ),
    '1' );
FILE_NAME ('HMX1-AUX11-F.step',
    '2022-11-01T18:14:55',
    ( '' ),
    ( '' ),
    'SwSTEP 2.0',
    'SolidWorks 2021',
    '' );
FILE_SCHEMA (( 'CONFIG_CONTROL_DESIGN' ));
ENDSEC;

DATA;
#1 = ORIENTED_EDGE ( 'NONE', *, *, #3910, .F. ) ;
#2 = ADVANCED_FACE ( 'NONE', ( #1652 ), #7103, .T. ) ;
#3 = DIRECTION ( 'NONE',  ( 0.000000000000000000, 0.000000000000000000, -1.000000000000000000 ) ) ;
#4 = DIRECTION ( 'NONE',  ( 1.000000000000000000, 0.000000000000000000, 0.000000000000000000 ) ) ;
#5 = DIRECTION ( 'NONE',  ( -1.000000000000000000, 0.000000000000000000, 0.000000000000000000 ) ) ;
#6 = CARTESIAN_POINT ( 'NONE',  ( -0.1100269129565263904, 1.291547890193080139, 0.05522672751175972117 ) ) ;
#7 = CARTESIAN_POINT ( 'NONE',  ( 0.3798818897637795122, 0.5472440944881890035, 0.6968503937007873850 ) ) ;
#8 = ORIENTED_EDGE ( 'NONE', *, *, #6561, .T. ) ;
#9 = ORIENTED_EDGE ( 'NONE', *, *, #7755, .T. ) ;
#10 = AXIS2_PLACEMENT_3D ( 'NONE', #2580, #5207, #5858 ) ;
#11 = DIRECTION ( 'NONE',  ( 0.000000000000000000, -1.000000000000000000, 0.000000000000000000 ) ) ;
#12 = ORIENTED_EDGE ( 'NONE', *, *, #8661, .T. ) ;
#13 = EDGE_CURVE ( 'NONE', #734, #6209, #3316, .T. ) ;
#14 = CALENDAR_DATE ( 2022, 1, 11 ) ;
#15 = EDGE_CURVE ( 'NONE', #6228, #2283, #8974, .T. ) ;
#16 = VERTEX_POINT ( 'NONE', #5633 ) ;
#17 = EDGE_CURVE ( 'NONE', #7430, #8272, #829, .T. ) ;
#18 = PLANE ( 'NONE',  #7366 ) ;
#19 = LOCAL_TIME ( 14, 14, 55.00000000000000000, #10036 ) ;
#20 = LINE ( 'NONE', #1540, #965 ) ;
#21 = ORIENTED_EDGE ( 'NONE', *, *, #6582, .T. ) ;
#22 = LINE ( 'NONE', #3317, #4050 ) ;
#23 = ORIENTED_EDGE ( 'NONE', *, *, #8916, .T. ) ;
#24 = DIRECTION ( 'NONE',  ( 0.000000000000000000, 1.000000000000000000, 0.000000000000000000 ) ) ;
#25 = ORIENTED_EDGE ( 'NONE', *, *, #3375, .F. ) ;
#26 = LINE ( 'NONE', #3533, #7635 ) ;
#27 = EDGE_LOOP ( 'NONE', ( #1284, #6706, #7862, #9057 ) ) ;
#28 = EDGE_CURVE ( 'NONE', #6545, #10385, #8164, .T. ) ;
#29 = DIRECTION ( 'NONE',  ( 0.000000000000000000, 0.000000000000000000, 1.000000000000000000 ) ) ;
#30 = ORIENTED_EDGE ( 'NONE', *, *, #8785, .T. ) ;
#31 = ORIENTED_EDGE ( 'NONE', *, *, #5456, .T. ) ;
#32 = CARTESIAN_POINT ( 'NONE',  ( -0.1968503937007874127, 0.8385826771609488084, -0.5826771653543307838 ) ) ;
#33 = DIRECTION ( 'NONE',  ( 0.000000000000000000, -1.000000000000000000, 0.000000000000000000 ) ) ;
#34 = DIRECTION ( 'NONE',  ( 1.000000000000000000, 0.000000000000000000, 0.000000000000000000 ) ) ;
#35 = PLANE ( 'NONE',  #2474 ) ;
#36 = CARTESIAN_POINT ( 'NONE',  ( -0.3553149606299212948, 0.6062992125984252301, -0.7165354330708662012 ) ) ;
#37 = DIRECTION ( 'NONE',  ( -1.000000000000000000, 0.000000000000000000, 0.000000000000000000 ) ) ;
#38 = EDGE_CURVE ( 'NONE', #875, #4175, #4826, .T. ) ;
#39 = EDGE_CURVE ( 'NONE', #6484, #10123, #6245, .T. ) ;
#40 = DIRECTION ( 'NONE',  ( 0.000000000000000000, 1.000000000000000000, 3.469446951953565279E-15 ) ) ;
#41 = VERTEX_POINT ( 'NONE', #476 ) ;
#42 = CARTESIAN_POINT ( 'NONE',  ( 0.03838582677165354451, 0.1850393700787401619, 0.4251968503937008093 ) ) ;
#43 = CIRCLE ( 'NONE', #5724, 0.1181102362204777406 ) ;
#44 = AXIS2_PLACEMENT_3D ( 'NONE', #5165, #199, #5974 ) ;
#45 = VERTEX_POINT ( 'NONE', #3270 ) ;
#46 = CARTESIAN_POINT ( 'NONE',  ( -0.3798818897637795122, 0.5472440944881890035, -0.9448818897637796255 ) ) ;
#47 = LINE ( 'NONE', #1774, #1105 ) ;
#48 = DIRECTION ( 'NONE',  ( 0.000000000000000000, 1.000000000000000000, 0.000000000000000000 ) ) ;
#49 = LINE ( 'NONE', #3349, #10070 ) ;
#50 = LINE ( 'NONE', #1066, #9449 ) ;
#51 = ORIENTED_EDGE ( 'NONE', *, *, #2034, .F. ) ;
#52 = EDGE_CURVE ( 'NONE', #1813, #4431, #3776, .T. ) ;
#53 = EDGE_CURVE ( 'NONE', #720, #2521, #9028, .T. ) ;
#54 = VECTOR ( 'NONE', #4911, 39.37007874015748143 ) ;
#55 = VECTOR ( 'NONE', #3285, 39.37007874015748143 ) ;
#56 = PLANE ( 'NONE',  #2218 ) ;
#57 = LINE ( 'NONE', #6036, #6822 ) ;
#58 = DIRECTION ( 'NONE',  ( 0.000000000000000000, -1.000000000000000000, 0.000000000000000000 ) ) ;
#59 = CARTESIAN_POINT ( 'NONE',  ( -0.1968503937007874127, 0.7440944881889763884, -0.6771653543307086798 ) ) ;
#60 = CARTESIAN_POINT ( 'NONE',  ( 0.4537401574803149873, 1.191381503060677138, -0.5484827064617984194 ) ) ;
#61 = VECTOR ( 'NONE', #6558, 39.37007874015748143 ) ;
#62 = ORIENTED_EDGE ( 'NONE', *, *, #2878, .T. ) ;
#63 = ORIENTED_EDGE ( 'NONE', *, *, #9321, .T. ) ;
#64 = VECTOR ( 'NONE', #3113, 39.37007874015748143 ) ;
#65 = FACE_OUTER_BOUND ( 'NONE', #10475, .T. ) ;
#66 = ORIENTED_EDGE ( 'NONE', *, *, #604, .F. ) ;
#67 =( NAMED_UNIT ( * ) SI_UNIT ( $, .STERADIAN. ) SOLID_ANGLE_UNIT ( ) );
#68 = ORIENTED_EDGE ( 'NONE', *, *, #1993, .F. ) ;
#69 = CARTESIAN_POINT ( 'NONE',  ( -0.1041908113939654656, 1.297383991755641119, 0.04705065660423440876 ) ) ;
#70 = EDGE_CURVE ( 'NONE', #1094, #5739, #6592, .T. ) ;
#71 = DIRECTION ( 'NONE',  ( 0.000000000000000000, -1.000000000000000000, 0.000000000000000000 ) ) ;
#72 = VECTOR ( 'NONE', #10131, 39.37007874015748143 ) ;
#73 = CIRCLE ( 'NONE', #1798, 0.1181102362204724116 ) ;
#74 = VECTOR ( 'NONE', #6092, 39.37007874015748143 ) ;
#75 = CARTESIAN_POINT ( 'NONE',  ( -0.1968503937007480276, 1.287401574803149540, 0.4311023622047244208 ) ) ;
#76 = CARTESIAN_POINT ( 'NONE',  ( 0.4921259842519685179, 0.1850393700787401619, 0.6968503937007873850 ) ) ;
#77 = DIRECTION ( 'NONE',  ( 0.000000000000000000, 0.000000000000000000, -1.000000000000000000 ) ) ;
#78 = ORIENTED_EDGE ( 'NONE', *, *, #9834, .T. ) ;
#79 = ADVANCED_FACE ( 'NONE', ( #1347 ), #4634, .T. ) ;
#80 = FACE_OUTER_BOUND ( 'NONE', #1592, .T. ) ;
#81 = ORIENTED_EDGE ( 'NONE', *, *, #8525, .F. ) ;
#82 = EDGE_CURVE ( 'NONE', #1920, #4024, #3829, .T. ) ;
#83 = DIRECTION ( 'NONE',  ( -1.000000000000000000, 0.000000000000000000, 0.000000000000000000 ) ) ;
#84 = ORIENTED_EDGE ( 'NONE', *, *, #8409, .T. ) ;
#85 = VECTOR ( 'NONE', #3552, 39.37007874015748143 ) ;
#86 = DIRECTION ( 'NONE',  ( 0.000000000000000000, 0.000000000000000000, 1.000000000000000000 ) ) ;
#87 = AXIS2_PLACEMENT_3D ( 'NONE', #4508, #3647, #6234 ) ;
#88 = VERTEX_POINT ( 'NONE', #9736 ) ;
#89 = EDGE_LOOP ( 'NONE', ( #5296, #2814, #9883, #1740 ) ) ;
#90 = DIRECTION ( 'NONE',  ( 0.000000000000000000, 1.000000000000000000, 3.965082230804150336E-15 ) ) ;
#91 = DIRECTION ( 'NONE',  ( 0.000000000000000000, 0.000000000000000000, -1.000000000000000000 ) ) ;
#92 = AXIS2_PLACEMENT_3D ( 'NONE', #5155, #1165, #8549 ) ;
#93 = DIRECTION ( 'NONE',  ( -3.707644274607585534E-15, 0.000000000000000000, -1.000000000000000000 ) ) ;
#94 = EDGE_CURVE ( 'NONE', #6630, #10545, #9991, .T. ) ;
#95 = DIRECTION ( 'NONE',  ( 1.000000000000000000, 0.000000000000000000, 0.000000000000000000 ) ) ;
#96 = LINE ( 'NONE', #3395, #1541 ) ;
#97 = DIRECTION ( 'NONE',  ( 0.000000000000000000, 0.000000000000000000, 1.000000000000000000 ) ) ;
#98 = ORIENTED_EDGE ( 'NONE', *, *, #5433, .F. ) ;
#99 = CIRCLE ( 'NONE', #10079, 0.1181102362204777406 ) ;
#100 = DIRECTION ( 'NONE',  ( 0.000000000000000000, 0.000000000000000000, -1.000000000000000000 ) ) ;
#101 = ORIENTED_EDGE ( 'NONE', *, *, #9772, .F. ) ;
#102 = DIRECTION ( 'NONE',  ( 0.000000000000000000, 1.000000000000000000, 0.000000000000000000 ) ) ;
#103 = EDGE_CURVE ( 'NONE', #1018, #3626, #4230, .T. ) ;
#104 = LINE ( 'NONE', #8399, #9726 ) ;
#105 = LINE ( 'NONE', #7387, #3851 ) ;
#106 = DIRECTION ( 'NONE',  ( 0.000000000000000000, -3.469446951953625233E-15, -1.000000000000000000 ) ) ;
#108 = VERTEX_POINT ( 'NONE', #7674 ) ;
#107 = AXIS2_PLACEMENT_3D ( 'NONE', #1714, #3389, #2466 ) ;
#109 = DIRECTION ( 'NONE',  ( 1.000000000000000000, 0.000000000000000000, 0.000000000000000000 ) ) ;
#110 = AXIS2_PLACEMENT_3D ( 'NONE', #7515, #8421, #2609 ) ;
#111 = DIRECTION ( 'NONE',  ( 0.000000000000000000, 0.000000000000000000, 1.000000000000000000 ) ) ;
#112 = EDGE_CURVE ( 'NONE', #2442, #1759, #5137, .T. ) ;
#113 = CARTESIAN_POINT ( 'NONE',  ( -0.3937007874015748254, 0.1850393700787401619, 0.2755905511811023723 ) ) ;
#114 = ADVANCED_FACE ( 'NONE', ( #9180 ), #880, .T. ) ;
#115 = LINE ( 'NONE', #9980, #5730 ) ;
#116 = CARTESIAN_POINT ( 'NONE',  ( -0.07874015748031495954, -0.05118110236220472370, 0.4960629921259842590 ) ) ;
#117 = ORIENTED_EDGE ( 'NONE', *, *, #1727, .T. ) ;
#118 = ORIENTED_EDGE ( 'NONE', *, *, #5316, .F. ) ;
#119 = DIRECTION ( 'NONE',  ( -4.078408702068339827E-15, 0.000000000000000000, 1.000000000000000000 ) ) ;
#120 = ORIENTED_EDGE ( 'NONE', *, *, #7334, .F. ) ;
#121 = PERSON_AND_ORGANIZATION_ROLE ( 'creator' ) ;
#122 = ORIENTED_EDGE ( 'NONE', *, *, #3721, .T. ) ;
#123 = CARTESIAN_POINT ( 'NONE',  ( -0.1968503937007874127, 0.7440944881889763884, 0.5590551181102362266 ) ) ;
#124 = AXIS2_PLACEMENT_3D ( 'NONE', #10096, #4325, #8471 ) ;
#125 = DIRECTION ( 'NONE',  ( 0.000000000000000000, -3.965082230804150336E-15, 1.000000000000000000 ) ) ;
#126 = CARTESIAN_POINT ( 'NONE',  ( -0.1968503937007874127, 0.7440944881889763884, 0.5590551181102362266 ) ) ;
#127 = LINE ( 'NONE', #4878, #3193 ) ;
#128 = ORIENTED_EDGE ( 'NONE', *, *, #6242, .F. ) ;
#129 = DIRECTION ( 'NONE',  ( -1.000000000000000000, 0.000000000000000000, 3.707644274607585534E-15 ) ) ;
#130 = VERTEX_POINT ( 'NONE', #7461 ) ;
#131 = EDGE_CURVE ( 'NONE', #9305, #2881, #5087, .T. ) ;
#132 = CARTESIAN_POINT ( 'NONE',  ( -0.1968503937007874127, 0.6456692913385827515, 0.6771653543307086798 ) ) ;
#133 = ORIENTED_EDGE ( 'NONE', *, *, #1858, .T. ) ;
#134 = VECTOR ( 'NONE', #2182, 39.37007874015748143 ) ;
#135 = DIRECTION ( 'NONE',  ( 0.000000000000000000, 3.469446951953565279E-15, -1.000000000000000000 ) ) ;
#136 = VERTEX_POINT ( 'NONE', #8370 ) ;
#137 = VERTEX_POINT ( 'NONE', #7565 ) ;
#138 = EDGE_CURVE ( 'NONE', #9282, #16, #4384, .T. ) ;
#139 = LINE ( 'NONE', #7528, #2664 ) ;
#140 = CARTESIAN_POINT ( 'NONE',  ( 0.2699871286229759137, 1.249046188814012526, 0.6870078740157483654 ) ) ;
#141 = LINE ( 'NONE', #5263, #2333 ) ;
#142 = DIRECTION ( 'NONE',  ( -1.000000000000000000, 0.000000000000000000, 0.000000000000000000 ) ) ;
#143 = LINE ( 'NONE', #9098, #4646 ) ;
#144 = DIRECTION ( 'NONE',  ( 1.000000000000000000, 0.000000000000000000, 0.000000000000000000 ) ) ;
#145 = AXIS2_PLACEMENT_3D ( 'NONE', #3583, #4699, #10208 ) ;
#146 = ORIENTED_EDGE ( 'NONE', *, *, #6694, .T. ) ;
#147 = ORIENTED_EDGE ( 'NONE', *, *, #4334, .F. ) ;
#148 = EDGE_CURVE ( 'NONE', #8644, #9591, #43, .T. ) ;
#149 = EDGE_CURVE ( 'NONE', #5716, #4317, #5842, .T. ) ;
#150 = DIRECTION ( 'NONE',  ( -1.000000000000000000, 0.000000000000000000, 0.000000000000000000 ) ) ;
#151 = EDGE_CURVE ( 'NONE', #8342, #1674, #9128, .T. ) ;
#152 = AXIS2_PLACEMENT_3D ( 'NONE', #8359, #6041, #5075 ) ;
#153 = ORIENTED_EDGE ( 'NONE', *, *, #10503, .F. ) ;
#154 = CARTESIAN_POINT ( 'NONE',  ( -0.07874015748031495954, 0.000000000000000000, -0.6377952755905511584 ) ) ;
#155 = FACE_OUTER_BOUND ( 'NONE', #2947, .T. ) ;
#156 = VECTOR ( 'NONE', #9254, 39.37007874015748143 ) ;
#157 = CARTESIAN_POINT ( 'NONE',  ( -0.03838582677165354451, 0.8464566929133857665, 0.8818897637795275468 ) ) ;
#158 = DIRECTION ( 'NONE',  ( 0.000000000000000000, -1.000000000000000000, 0.000000000000000000 ) ) ;
#159 = VERTEX_POINT ( 'NONE', #8473 ) ;
#160 = EDGE_CURVE ( 'NONE', #3033, #10611, #4277, .T. ) ;
#161 = DIRECTION ( 'NONE',  ( 7.363393357379439304E-13, 0.000000000000000000, 1.000000000000000000 ) ) ;
#162 = DIRECTION ( 'NONE',  ( -0.7071067811865470176, 0.000000000000000000, -0.7071067811865480168 ) ) ;
#163 = CARTESIAN_POINT ( 'NONE',  ( -0.03838582677165354451, 0.6456692913385827515, 0.7165354330708662012 ) ) ;
#164 = CARTESIAN_POINT ( 'NONE',  ( -0.1240231417951213611, 1.305544119031673223, 0.04702792648018835203 ) ) ;
#165 = CARTESIAN_POINT ( 'NONE',  ( -0.3937007874015905906, -0.1102362204724409434, -0.5393700787401464192 ) ) ;
#166 = VERTEX_POINT ( 'NONE', #9234 ) ;
#167 = ORIENTED_EDGE ( 'NONE', *, *, #9043, .T. ) ;
#168 = LINE ( 'NONE', #822, #1458 ) ;
#169 = ORIENTED_EDGE ( 'NONE', *, *, #8409, .F. ) ;
#170 = EDGE_CURVE ( 'NONE', #1092, #10021, #2719, .T. ) ;
#171 = EDGE_CURVE ( 'NONE', #6813, #2935, #6649, .T. ) ;
#172 = ORIENTED_EDGE ( 'NONE', *, *, #4842, .T. ) ;
#173 = CARTESIAN_POINT ( 'NONE',  ( -0.07874015748031495954, 0.000000000000000000, -0.6968503937007873850 ) ) ;
#174 = LINE ( 'NONE', #2770, #6653 ) ;
#175 = CARTESIAN_POINT ( 'NONE',  ( -0.1732283464566929387, 1.307328710460744059, 0.5826771653543307838 ) ) ;
#176 = CARTESIAN_POINT ( 'NONE',  ( -0.3937007874015748254, 1.307328710460744059, -0.07874015748031495954 ) ) ;
#177 = VECTOR ( 'NONE', #7158, 39.37007874015748143 ) ;
#178 = VERTEX_POINT ( 'NONE', #935 ) ;
#179 = DIRECTION ( 'NONE',  ( 0.000000000000000000, -1.000000000000000000, 0.000000000000000000 ) ) ;
#180 = ORIENTED_EDGE ( 'NONE', *, *, #3290, .F. ) ;
#181 = CARTESIAN_POINT ( 'NONE',  ( -0.03838582677165354451, -0.09055118110236221041, 0.4251968503937008093 ) ) ;
#182 = ORIENTED_EDGE ( 'NONE', *, *, #6846, .T. ) ;
#183 = EDGE_CURVE ( 'NONE', #4856, #4317, #9289, .T. ) ;
#184 = DIRECTION ( 'NONE',  ( 0.000000000000000000, 0.000000000000000000, 1.000000000000000000 ) ) ;
#185 = ORIENTED_EDGE ( 'NONE', *, *, #8677, .T. ) ;
#186 = ORIENTED_EDGE ( 'NONE', *, *, #1648, .F. ) ;
#187 = DIRECTION ( 'NONE',  ( 0.000000000000000000, -1.000000000000000000, -3.965082230804150336E-15 ) ) ;
#188 = DIRECTION ( 'NONE',  ( 0.5256210538446299818, -0.8411695216585048929, -0.1271076063344082074 ) ) ;
#189 = MANIFOLD_SOLID_BREP ( 'NONE', #6927 ) ;
#190 = DIRECTION ( 'NONE',  ( 0.000000000000000000, 2.581433744013104944E-17, 1.000000000000000000 ) ) ;
#191 = FACE_OUTER_BOUND ( 'NONE', #562, .T. ) ;
#192 = CARTESIAN_POINT ( 'NONE',  ( -0.3149606299212598381, 0.5472440944881890035, 0.9448818897637796255 ) ) ;
#193 = CC_DESIGN_PERSON_AND_ORGANIZATION_ASSIGNMENT ( #10091, #5883, ( #1471 ) ) ;
#194 = CARTESIAN_POINT ( 'NONE',  ( 0.1732283464566929387, 0.7913385826771653919, 0.6747790429661397749 ) ) ;
#195 = ORIENTED_EDGE ( 'NONE', *, *, #2132, .T. ) ;
#196 = VERTEX_POINT ( 'NONE', #3528 ) ;
#197 = LINE ( 'NONE', #7698, #9898 ) ;
#198 = VERTEX_POINT ( 'NONE', #10042 ) ;
#199 = DIRECTION ( 'NONE',  ( 0.000000000000000000, 0.000000000000000000, -1.000000000000000000 ) ) ;
#200 = LINE ( 'NONE', #9213, #5070 ) ;
#201 = DIRECTION ( 'NONE',  ( -0.7071067811865475727, 0.000000000000000000, 0.7071067811865475727 ) ) ;
#202 = FACE_OUTER_BOUND ( 'NONE', #6344, .T. ) ;
#203 = EDGE_CURVE ( 'NONE', #10444, #8599, #10205, .T. ) ;
#204 = ORIENTED_EDGE ( 'NONE', *, *, #2892, .F. ) ;
#205 = ADVANCED_FACE ( 'NONE', ( #5794 ), #3425, .F. ) ;
#206 = ORIENTED_EDGE ( 'NONE', *, *, #6707, .F. ) ;
#207 = AXIS2_PLACEMENT_3D ( 'NONE', #6110, #9400, #2994 ) ;
#208 = DIRECTION ( 'NONE',  ( -1.070178196366002063E-12, -1.073551441882711893E-12, -1.000000000000000000 ) ) ;
#209 = CARTESIAN_POINT ( 'NONE',  ( 0.04330708661417323468, 0.4855184551668063064, -0.05511811023622047168 ) ) ;
#210 = DIRECTION ( 'NONE',  ( -0.2368163906405040819, -0.9715544231405692788, 0.000000000000000000 ) ) ;
#211 = CARTESIAN_POINT ( 'NONE',  ( -0.1124056850503868527, 1.305598865412063381, 0.04223849502948420070 ) ) ;
#212 = CARTESIAN_POINT ( 'NONE',  ( -0.1181102362204726197, 1.305598865412062937, -0.04113762203622710334 ) ) ;
#213 = ORIENTED_EDGE ( 'NONE', *, *, #5524, .T. ) ;
#214 = EDGE_CURVE ( 'NONE', #6623, #9382, #6804, .T. ) ;
#215 = VECTOR ( 'NONE', #3188, 39.37007874015748143 ) ;
#216 = ORIENTED_EDGE ( 'NONE', *, *, #1630, .F. ) ;
#217 = CIRCLE ( 'NONE', #4703, 0.1279527559055117780 ) ;
#218 = DIRECTION ( 'NONE',  ( 1.000000000000000000, 0.000000000000000000, 0.000000000000000000 ) ) ;
#219 = CIRCLE ( 'NONE', #7462, 0.09842519685039372024 ) ;
#220 = ORIENTED_EDGE ( 'NONE', *, *, #6661, .T. ) ;
#221 = APPLICATION_PROTOCOL_DEFINITION ( 'international standard', 'config_control_design', 1994, #8800 ) ;
#222 = VERTEX_POINT ( 'NONE', #1750 ) ;
#223 = VECTOR ( 'NONE', #6206, 39.37007874015748143 ) ;
#224 = CARTESIAN_POINT ( 'NONE',  ( -0.1358267716535433156, 0.000000000000000000, 0.07874015748031495954 ) ) ;
#225 = CYLINDRICAL_SURFACE ( 'NONE', #1838, 0.01968503937007873988 ) ;
#226 = CARTESIAN_POINT ( 'NONE',  ( -0.07874015748031495954, 0.007874015748031495954, 0.8267716535433071723 ) ) ;
#227 = VECTOR ( 'NONE', #6861, 39.37007874015748143 ) ;
#228 = CARTESIAN_POINT ( 'NONE',  ( -0.2952755905511810774, 1.137795275590551158, -0.01968503937007873988 ) ) ;
#229 = ORIENTED_EDGE ( 'NONE', *, *, #7361, .T. ) ;
#230 = ADVANCED_FACE ( 'NONE', ( #5032 ), #6700, .F. ) ;
#231 = DIRECTION ( 'NONE',  ( 0.000000000000000000, 1.000000000000000000, 0.000000000000000000 ) ) ;
#232 = ORIENTED_EDGE ( 'NONE', *, *, #899, .F. ) ;
#233 = DIRECTION ( 'NONE',  ( 0.000000000000000000, -3.469446951953609850E-15, -1.000000000000000000 ) ) ;
#234 = VECTOR ( 'NONE', #3978, 39.37007874015748143 ) ;
#235 = ORIENTED_EDGE ( 'NONE', *, *, #7532, .T. ) ;
#236 = CARTESIAN_POINT ( 'NONE',  ( -0.3641513641753839070, 0.1850393700787401619, -0.4881889763779527769 ) ) ;
#237 = ORIENTED_EDGE ( 'NONE', *, *, #5092, .T. ) ;
#238 = VECTOR ( 'NONE', #4283, 39.37007874015748143 ) ;
#239 = EDGE_LOOP ( 'NONE', ( #417, #453, #2285, #254 ) ) ;
#240 = VECTOR ( 'NONE', #6362, 39.37007874015748143 ) ;
#241 = PLANE ( 'NONE',  #1799 ) ;
#242 = LINE ( 'NONE', #6816, #8203 ) ;
#243 = DIRECTION ( 'NONE',  ( 0.000000000000000000, -1.000000000000000000, 0.000000000000000000 ) ) ;
#244 = FACE_OUTER_BOUND ( 'NONE', #8209, .T. ) ;
#245 = ORIENTED_EDGE ( 'NONE', *, *, #9312, .F. ) ;
#246 = ADVANCED_FACE ( 'NONE', ( #4441 ), #2123, .T. ) ;
#247 = EDGE_CURVE ( 'NONE', #6391, #469, #5469, .T. ) ;
#248 = DIRECTION ( 'NONE',  ( 0.000000000000000000, 0.000000000000000000, 1.000000000000000000 ) ) ;
#249 = VECTOR ( 'NONE', #2307, 39.37007874015748143 ) ;
#250 = AXIS2_PLACEMENT_3D ( 'NONE', #9718, #5, #4057 ) ;
#251 = AXIS2_PLACEMENT_3D ( 'NONE', #7104, #7163, #8886 ) ;
#252 = CARTESIAN_POINT ( 'NONE',  ( -0.07874015748031495954, 0.007874015748031495954, 0.3937007874015748254 ) ) ;
#253 = VERTEX_POINT ( 'NONE', #336 ) ;
#254 = ORIENTED_EDGE ( 'NONE', *, *, #2422, .F. ) ;
#255 = LINE ( 'NONE', #6135, #9723 ) ;
#256 = AXIS2_PLACEMENT_3D ( 'NONE', #5483, #2352, #10448 ) ;
#257 = VECTOR ( 'NONE', #3238, 39.37007874015748143 ) ;
#258 = VERTEX_POINT ( 'NONE', #6853 ) ;
#259 = PLANE ( 'NONE',  #1771 ) ;
#260 = CARTESIAN_POINT ( 'NONE',  ( 0.1732283464566929387, 0.7913385826771653919, -0.6747790429661397749 ) ) ;
#261 = CARTESIAN_POINT ( 'NONE',  ( 0.03838582677165354451, 0.6456692913385827515, -0.4094488188976377896 ) ) ;
#262 = CARTESIAN_POINT ( 'NONE',  ( 0.4537401574803149873, 1.068783817503346611, 0.9448818897637796255 ) ) ;
#263 = AXIS2_PLACEMENT_3D ( 'NONE', #4511, #9306, #6020 ) ;
#264 = EDGE_LOOP ( 'NONE', ( #6919, #4925, #9310, #5327 ) ) ;
#265 = LINE ( 'NONE', #6646, #1797 ) ;
#266 = EDGE_CURVE ( 'NONE', #2880, #5926, #1936, .T. ) ;
#267 = DIRECTION ( 'NONE',  ( -0.000000000000000000, 1.000000000000000000, 0.000000000000000000 ) ) ;
#268 = ADVANCED_FACE ( 'NONE', ( #1956 ), #6049, .F. ) ;
#269 = VERTEX_POINT ( 'NONE', #6970 ) ;
#270 = CARTESIAN_POINT ( 'NONE',  ( -0.1181102362204724532, 1.283464566929133799, -0.05511811023622047168 ) ) ;
#271 = CARTESIAN_POINT ( 'NONE',  ( -0.3937007874015748254, 0.4905511811023622326, -0.6968503937007873850 ) ) ;
#272 = LINE ( 'NONE', #6261, #2302 ) ;
#273 = DIRECTION ( 'NONE',  ( 1.000000000000000000, 0.000000000000000000, 0.000000000000000000 ) ) ;
#274 = ORIENTED_EDGE ( 'NONE', *, *, #6673, .T. ) ;
#275 = ORIENTED_EDGE ( 'NONE', *, *, #5253, .T. ) ;
#276 = LINE ( 'NONE', #6044, #7642 ) ;
#277 = EDGE_LOOP ( 'NONE', ( #5678, #10336, #4562, #1548 ) ) ;
#278 = PERSON_AND_ORGANIZATION ( #8048, #9148 ) ;
#279 = VERTEX_POINT ( 'NONE', #8757 ) ;
#280 = VECTOR ( 'NONE', #5904, 39.37007874015748143 ) ;
#281 = ADVANCED_FACE ( 'NONE', ( #505 ), #1373, .F. ) ;
#282 = ADVANCED_FACE ( 'NONE', ( #8642 ), #9509, .F. ) ;
#283 = CARTESIAN_POINT ( 'NONE',  ( -0.3247425659115417695, 1.287401574803149540, -0.5629921259842519676 ) ) ;
#284 = EDGE_CURVE ( 'NONE', #2881, #9784, #10172, .T. ) ;
#285 = DIRECTION ( 'NONE',  ( 1.000000000000000000, 0.000000000000000000, 0.000000000000000000 ) ) ;
#286 = CARTESIAN_POINT ( 'NONE',  ( 0.07874015748031495954, 0.4855184551668063064, 0.1279527559055118058 ) ) ;
#287 = DIRECTION ( 'NONE',  ( 0.000000000000000000, 1.000000000000000000, 0.000000000000000000 ) ) ;
#288 = ORIENTED_EDGE ( 'NONE', *, *, #6538, .T. ) ;
#289 = AXIS2_PLACEMENT_3D ( 'NONE', #9717, #9067, #8092 ) ;
#290 = LINE ( 'NONE', #2775, #2176 ) ;
#291 = VERTEX_POINT ( 'NONE', #1320 ) ;
#292 = DIRECTION ( 'NONE',  ( 0.000000000000000000, -1.000000000000000000, 3.469446951953625233E-15 ) ) ;
#293 = ORIENTED_EDGE ( 'NONE', *, *, #770, .F. ) ;
#294 = LINE ( 'NONE', #6173, #8633 ) ;
#295 = VERTEX_POINT ( 'NONE', #10379 ) ;
#296 = EDGE_LOOP ( 'NONE', ( #1384, #2331, #8558, #8392, #3575, #3378 ) ) ;
#297 = ADVANCED_FACE ( 'NONE', ( #5248 ), #8703, .T. ) ;
#298 = CARTESIAN_POINT ( 'NONE',  ( 0.03838582677165354451, 0.1850393700787401619, -0.9448818897637796255 ) ) ;
#299 = CARTESIAN_POINT ( 'NONE',  ( -0.03838582677165354451, 0.8700787401574804347, -0.9448818897637796255 ) ) ;
#300 = LINE ( 'NONE', #6870, #2160 ) ;
#301 = CARTESIAN_POINT ( 'NONE',  ( 0.03838582677165354451, 0.6456692913385827515, -0.7165354330708662012 ) ) ;
#302 = ORIENTED_EDGE ( 'NONE', *, *, #8222, .F. ) ;
#303 = CARTESIAN_POINT ( 'NONE',  ( -0.1237136587784412878, 1.249046188814012526, 0.6870078740157483654 ) ) ;
#304 = AXIS2_PLACEMENT_3D ( 'NONE', #8698, #1316, #1200 ) ;
#305 = LINE ( 'NONE', #1340, #10568 ) ;
#306 = LINE ( 'NONE', #955, #8666 ) ;
#307 = ORIENTED_EDGE ( 'NONE', *, *, #2457, .F. ) ;
#308 = VERTEX_POINT ( 'NONE', #1149 ) ;
#309 = EDGE_CURVE ( 'NONE', #10364, #9119, #451, .T. ) ;
#310 = ADVANCED_FACE ( 'NONE', ( #4610 ), #6907, .T. ) ;
#311 = DIRECTION ( 'NONE',  ( 1.000000000000000000, 0.000000000000000000, 0.000000000000000000 ) ) ;
#312 = ORIENTED_EDGE ( 'NONE', *, *, #524, .F. ) ;
#313 = LINE ( 'NONE', #2797, #9529 ) ;
#314 = CARTESIAN_POINT ( 'NONE',  ( -0.3523622047244094335, 0.1850393700787401619, -0.2637795275590551491 ) ) ;
#315 = DIRECTION ( 'NONE',  ( -1.000000000000000000, 0.000000000000000000, 0.000000000000000000 ) ) ;
#316 = DIRECTION ( 'NONE',  ( 0.000000000000000000, 0.000000000000000000, -1.000000000000000000 ) ) ;
#317 = ORIENTED_EDGE ( 'NONE', *, *, #2968, .F. ) ;
#318 = LINE ( 'NONE', #9653, #10238 ) ;
#319 = VECTOR ( 'NONE', #1624, 39.37007874015748143 ) ;
#320 = DIRECTION ( 'NONE',  ( 0.000000000000000000, 0.7071067811865469066, -0.7071067811865479058 ) ) ;
#321 = ORIENTED_EDGE ( 'NONE', *, *, #808, .F. ) ;
#322 = CARTESIAN_POINT ( 'NONE',  ( -0.4921259842519685179, -0.09055118110236221041, 0.6968503937007873850 ) ) ;
#323 = CARTESIAN_POINT ( 'NONE',  ( -0.1181102362204724532, 1.303149606299212504, -0.03543307086614173179 ) ) ;
#324 = CARTESIAN_POINT ( 'NONE',  ( 0.03838582677165354451, 0.6456692913385827515, -0.7165354330708662012 ) ) ;
#325 = DIRECTION ( 'NONE',  ( 0.000000000000000000, -1.000000000000000000, 0.000000000000000000 ) ) ;
#326 = ORIENTED_EDGE ( 'NONE', *, *, #5173, .F. ) ;
#327 = AXIS2_PLACEMENT_3D ( 'NONE', #4815, #4864, #761 ) ;
#328 = ORIENTED_EDGE ( 'NONE', *, *, #446, .T. ) ;
#329 = EDGE_CURVE ( 'NONE', #1759, #1083, #2072, .T. ) ;
#330 = DIRECTION ( 'NONE',  ( 0.000000000000000000, 0.000000000000000000, 1.000000000000000000 ) ) ;
#331 = EDGE_LOOP ( 'NONE', ( #4704, #5880, #2643, #1267 ) ) ;
#332 = PERSON_AND_ORGANIZATION_ROLE ( 'creator' ) ;
#333 = ORIENTED_EDGE ( 'NONE', *, *, #432, .T. ) ;
#334 = LINE ( 'NONE', #7075, #1691 ) ;
#335 = DIRECTION ( 'NONE',  ( 2.858829929130530196E-16, 0.000000000000000000, 1.000000000000000000 ) ) ;
#336 = CARTESIAN_POINT ( 'NONE',  ( 0.2204724409448818867, 0.8385826771609488084, -0.6747790429661397749 ) ) ;
#337 = LINE ( 'NONE', #2669, #2573 ) ;
#338 = EDGE_LOOP ( 'NONE', ( #9004, #1875, #8016, #4043 ) ) ;
#339 = CARTESIAN_POINT ( 'NONE',  ( -0.1358267716535433156, 0.1850393700787401619, -0.6968503937007873850 ) ) ;
#340 = VERTEX_POINT ( 'NONE', #10326 ) ;
#341 = ADVANCED_FACE ( 'NONE', ( #3803 ), #7078, .F. ) ;
#342 = EDGE_CURVE ( 'NONE', #9445, #2654, #8589, .T. ) ;
#343 = FACE_OUTER_BOUND ( 'NONE', #8841, .T. ) ;
#344 = EDGE_CURVE ( 'NONE', #3480, #1375, #6527, .T. ) ;
#345 = ORIENTED_EDGE ( 'NONE', *, *, #7016, .F. ) ;
#346 = DIRECTION ( 'NONE',  ( 0.000000000000000000, 0.000000000000000000, -1.000000000000000000 ) ) ;
#347 = ORIENTED_EDGE ( 'NONE', *, *, #954, .T. ) ;
#348 = VERTEX_POINT ( 'NONE', #8045 ) ;
#349 = LINE ( 'NONE', #4452, #2499 ) ;
#350 = CARTESIAN_POINT ( 'NONE',  ( -0.1279527559055118058, 0.8385826771609488084, -0.5354330708661416693 ) ) ;
#351 = DIRECTION ( 'NONE',  ( 0.000000000000000000, 0.000000000000000000, 1.000000000000000000 ) ) ;
#352 = CARTESIAN_POINT ( 'NONE',  ( 0.2933070866141732624, -0.09055118110236221041, 0.2952755905511810774 ) ) ;
#353 = ORIENTED_EDGE ( 'NONE', *, *, #1524, .F. ) ;
#354 = CARTESIAN_POINT ( 'NONE',  ( -0.07874015748031495954, 0.6062992125984252301, -0.1476377952755905387 ) ) ;
#355 = ADVANCED_FACE ( 'NONE', ( #4923, #1526 ), #2282, .T. ) ;
#356 = PLANE ( 'NONE',  #4542 ) ;
#357 = VECTOR ( 'NONE', #838, 39.37007874015748143 ) ;
#358 = CARTESIAN_POINT ( 'NONE',  ( -0.3718942303860198750, 1.283464566929134021, 0.04570839879455275423 ) ) ;
#359 = ORIENTED_EDGE ( 'NONE', *, *, #2805, .T. ) ;
#360 = ORIENTED_EDGE ( 'NONE', *, *, #5915, .F. ) ;
#361 = CARTESIAN_POINT ( 'NONE',  ( -0.4921259842519685179, -0.09055118110236221041, -0.6968503937007873850 ) ) ;
#362 = ORIENTED_EDGE ( 'NONE', *, *, #2647, .T. ) ;
#363 = DIRECTION ( 'NONE',  ( 0.000000000000000000, 0.000000000000000000, -1.000000000000000000 ) ) ;
#364 = DIRECTION ( 'NONE',  ( 1.000000000000000000, 0.000000000000000000, 0.000000000000000000 ) ) ;
#365 = DIRECTION ( 'NONE',  ( 1.000000000000000000, 0.000000000000000000, 0.000000000000000000 ) ) ;
#366 = CARTESIAN_POINT ( 'NONE',  ( -0.3798818897637795122, 0.5472440944881890035, -0.6968503937007873850 ) ) ;
#367 = ADVANCED_FACE ( 'NONE', ( #658 ), #5567, .F. ) ;
#368 = EDGE_CURVE ( 'NONE', #6209, #710, #7131, .T. ) ;
#369 = VERTEX_POINT ( 'NONE', #9619 ) ;
#370 = CARTESIAN_POINT ( 'NONE',  ( -0.3641513641753791886, 0.000000000000000000, -0.4881889763779527769 ) ) ;
#371 = DIRECTION ( 'NONE',  ( 0.000000000000000000, -0.8115343414514849529, -0.5843047258450889681 ) ) ;
#372 = ORIENTED_EDGE ( 'NONE', *, *, #2265, .T. ) ;
#373 = DIRECTION ( 'NONE',  ( 0.000000000000000000, 0.000000000000000000, -1.000000000000000000 ) ) ;
#374 = PLANE ( 'NONE',  #4900 ) ;
#375 = LINE ( 'NONE', #9818, #7110 ) ;
#376 = CARTESIAN_POINT ( 'NONE',  ( -0.1064926504823798525, 1.297383991755640231, -0.04935249569264857361 ) ) ;
#377 = VERTEX_POINT ( 'NONE', #10433 ) ;
#378 = EDGE_CURVE ( 'NONE', #8644, #9793, #9014, .T. ) ;
#379 = EDGE_CURVE ( 'NONE', #2819, #3448, #4058, .T. ) ;
#380 = ORIENTED_EDGE ( 'NONE', *, *, #82, .T. ) ;
#381 = CARTESIAN_POINT ( 'NONE',  ( -0.3718942303860198750, 1.293739894857545369, 0.03543307086614173179 ) ) ;
#382 = VERTEX_POINT ( 'NONE', #9719 ) ;
#383 = ORIENTED_EDGE ( 'NONE', *, *, #8247, .F. ) ;
#384 = FACE_OUTER_BOUND ( 'NONE', #722, .T. ) ;
#385 = CARTESIAN_POINT ( 'NONE',  ( 0.03838582677165354451, 1.027559055118110409, 0.8818897637795275468 ) ) ;
#386 = CARTESIAN_POINT ( 'NONE',  ( -0.3543307086614173040, 1.134312586123228384, -0.03543307086614173179 ) ) ;
#387 = VECTOR ( 'NONE', #7357, 39.37007874015748143 ) ;
#388 = CC_DESIGN_DATE_AND_TIME_ASSIGNMENT ( #5241, #8637, ( #3980 ) ) ;
#389 = DIRECTION ( 'NONE',  ( -1.000000000000000000, 0.000000000000000000, 0.000000000000000000 ) ) ;
#390 = VECTOR ( 'NONE', #9263, 39.37007874015748854 ) ;
#391 = LINE ( 'NONE', #7775, #1005 ) ;
#392 = CARTESIAN_POINT ( 'NONE',  ( 0.1279527559055118058, 0.7913385826771653919, -0.5354330708661416693 ) ) ;
#393 = ORIENTED_EDGE ( 'NONE', *, *, #8691, .T. ) ;
#394 = FACE_OUTER_BOUND ( 'NONE', #7857, .T. ) ;
#395 = ORIENTED_EDGE ( 'NONE', *, *, #5777, .T. ) ;
#396 = CARTESIAN_POINT ( 'NONE',  ( 0.3523622047244094335, 0.1850393700787401619, -0.4251968503937008093 ) ) ;
#397 = ORIENTED_EDGE ( 'NONE', *, *, #6885, .T. ) ;
#398 = EDGE_CURVE ( 'NONE', #9797, #4001, #9775, .T. ) ;
#399 = DIRECTION ( 'NONE',  ( 1.000000000000000000, 0.000000000000000000, 0.000000000000000000 ) ) ;
#400 = VECTOR ( 'NONE', #1464, 39.37007874015748143 ) ;
#401 = ORIENTED_EDGE ( 'NONE', *, *, #9207, .F. ) ;
#402 = ORIENTED_EDGE ( 'NONE', *, *, #8280, .F. ) ;
#403 = LINE ( 'NONE', #9413, #6674 ) ;
#404 = VECTOR ( 'NONE', #8830, 39.37007874015748143 ) ;
#405 = ORIENTED_EDGE ( 'NONE', *, *, #7792, .F. ) ;
#406 = LINE ( 'NONE', #5151, #1672 ) ;
#407 = EDGE_CURVE ( 'NONE', #10119, #178, #6418, .T. ) ;
#408 = EDGE_CURVE ( 'NONE', #8712, #646, #1578, .T. ) ;
#409 = CARTESIAN_POINT ( 'NONE',  ( -0.4921259842519685179, 1.169291338582653550, 0.9448818897637796255 ) ) ;
#410 = DIRECTION ( 'NONE',  ( 0.000000000000000000, -2.581433744013104944E-17, -1.000000000000000000 ) ) ;
#411 = ORIENTED_EDGE ( 'NONE', *, *, #2412, .F. ) ;
#412 = LINE ( 'NONE', #10115, #9217 ) ;
#413 = VECTOR ( 'NONE', #9567, 39.37007874015748143 ) ;
#414 = CARTESIAN_POINT ( 'NONE',  ( 0.07874015748031495954, 0.5472440944881890035, 0.1476377952755905387 ) ) ;
#415 = VECTOR ( 'NONE', #3809, 39.37007874015748143 ) ;
#416 = FACE_OUTER_BOUND ( 'NONE', #3808, .T. ) ;
#417 = ORIENTED_EDGE ( 'NONE', *, *, #7031, .F. ) ;
#418 = VERTEX_POINT ( 'NONE', #2388 ) ;
#419 = CARTESIAN_POINT ( 'NONE',  ( -0.3149606299212598381, 1.137795275590551158, -0.03543307086614173179 ) ) ;
#420 = EDGE_CURVE ( 'NONE', #308, #1896, #3999, .T. ) ;
#421 = VECTOR ( 'NONE', #766, 39.37007874015748143 ) ;
#422 = VERTEX_POINT ( 'NONE', #3950 ) ;
#423 = VECTOR ( 'NONE', #2371, 39.37007874015748143 ) ;
#424 = CARTESIAN_POINT ( 'NONE',  ( 0.1732283464566929387, 0.6456692913385827515, -0.4433311932543378409 ) ) ;
#425 = CIRCLE ( 'NONE', #8693, 0.01968503937007873988 ) ;
#426 = DIRECTION ( 'NONE',  ( -1.000000000000000000, 0.000000000000000000, 0.000000000000000000 ) ) ;
#427 = PLANE ( 'NONE',  #4368 ) ;
#428 = DIRECTION ( 'NONE',  ( 1.000000000000000000, 0.000000000000000000, 0.000000000000000000 ) ) ;
#429 = VECTOR ( 'NONE', #10342, 39.37007874015748143 ) ;
#430 = ORIENTED_EDGE ( 'NONE', *, *, #6216, .T. ) ;
#431 = VECTOR ( 'NONE', #5972, 39.37007874015748143 ) ;
#432 = EDGE_CURVE ( 'NONE', #5005, #812, #10528, .T. ) ;
#433 = CARTESIAN_POINT ( 'NONE',  ( -0.4921259842519685179, -0.09055118110236221041, -0.6968503937007873850 ) ) ;
#434 = ORIENTED_EDGE ( 'NONE', *, *, #284, .T. ) ;
#435 = PLANE ( 'NONE',  #2540 ) ;
#436 = DIRECTION ( 'NONE',  ( 1.000000000000000000, 0.000000000000000000, 0.000000000000000000 ) ) ;
#437 = CARTESIAN_POINT ( 'NONE',  ( -0.3730622950626745760, 1.295082152667225150, 0.04454033411789838637 ) ) ;
#438 = DIRECTION ( 'NONE',  ( 2.007781800899079877E-17, 0.000000000000000000, 1.000000000000000000 ) ) ;
#439 = ORIENTED_EDGE ( 'NONE', *, *, #5119, .F. ) ;
#440 = VECTOR ( 'NONE', #9949, 39.37007874015748143 ) ;
#441 = VERTEX_POINT ( 'NONE', #4863 ) ;
#442 = LINE ( 'NONE', #6157, #908 ) ;
#443 = ORIENTED_EDGE ( 'NONE', *, *, #344, .T. ) ;
#444 = COORDINATED_UNIVERSAL_TIME_OFFSET ( 5, 0, .BEHIND. ) ;
#445 = ORIENTED_EDGE ( 'NONE', *, *, #10438, .T. ) ;
#446 = EDGE_CURVE ( 'NONE', #8529, #6838, #8839, .T. ) ;
#447 = EDGE_CURVE ( 'NONE', #3448, #8041, #3905, .T. ) ;
#448 = DIRECTION ( 'NONE',  ( 0.000000000000000000, 0.000000000000000000, -1.000000000000000000 ) ) ;
#449 = LINE ( 'NONE', #3747, #4200 ) ;
#450 = CARTESIAN_POINT ( 'NONE',  ( -0.3224922048370894578, 1.264792676106897718, 0.6360942317687615644 ) ) ;
#451 = LINE ( 'NONE', #1254, #10031 ) ;
#452 = LINE ( 'NONE', #9510, #1445 ) ;
#453 = ORIENTED_EDGE ( 'NONE', *, *, #534, .T. ) ;
#454 = CARTESIAN_POINT ( 'NONE',  ( -0.09842519685039372024, 1.283464566929134243, -0.04058660212203052398 ) ) ;
#455 = EDGE_LOOP ( 'NONE', ( #6658, #7946, #6420, #6457 ) ) ;
#456 = CARTESIAN_POINT ( 'NONE',  ( 0.3937007874015748254, 0.1850393700787401619, 0.6968503937007873850 ) ) ;
#457 = VECTOR ( 'NONE', #8281, 39.37007874015748143 ) ;
#458 = ORIENTED_EDGE ( 'NONE', *, *, #4794, .T. ) ;
#459 = CARTESIAN_POINT ( 'NONE',  ( -0.3937007874015905906, -0.09055118110236221041, 0.5393700787401464192 ) ) ;
#460 = EDGE_LOOP ( 'NONE', ( #6848, #3416, #3247, #10400, #8581, #4588, #5526, #10068 ) ) ;
#461 = ORIENTED_EDGE ( 'NONE', *, *, #9637, .F. ) ;
#462 = CARTESIAN_POINT ( 'NONE',  ( -0.2204724409448818867, 0.8385826771609488084, -0.5826771653543307838 ) ) ;
#463 = ORIENTED_EDGE ( 'NONE', *, *, #2645, .T. ) ;
#464 = VECTOR ( 'NONE', #9324, 39.37007874015748143 ) ;
#465 = CARTESIAN_POINT ( 'NONE',  ( 0.03838582677165354451, 0.8464566929133857665, -0.8818897637795275468 ) ) ;
#466 = VECTOR ( 'NONE', #3471, 39.37007874015748143 ) ;
#467 = CARTESIAN_POINT ( 'NONE',  ( -0.3577200857378535215, 1.287401574803149540, -0.5629921259842519676 ) ) ;
#468 = DIRECTION ( 'NONE',  ( -1.000000000000000000, 0.000000000000000000, 0.000000000000000000 ) ) ;
#469 = VERTEX_POINT ( 'NONE', #5670 ) ;
#470 = LINE ( 'NONE', #9476, #5400 ) ;
#471 = CARTESIAN_POINT ( 'NONE',  ( -0.2952755905511810774, 1.137795275590551158, 0.05511811023622047168 ) ) ;
#472 = ADVANCED_FACE ( 'NONE', ( #10481 ), #8961, .T. ) ;
#473 = ORIENTED_EDGE ( 'NONE', *, *, #4289, .T. ) ;
#474 = ORIENTED_EDGE ( 'NONE', *, *, #103, .F. ) ;
#475 = DIRECTION ( 'NONE',  ( -0.000000000000000000, 1.000000000000000000, 0.000000000000000000 ) ) ;
#476 = CARTESIAN_POINT ( 'NONE',  ( -0.3553149606299212948, 0.8464566929133857665, -0.9212598425196850682 ) ) ;
#477 = FACE_OUTER_BOUND ( 'NONE', #5054, .T. ) ;
#478 = VECTOR ( 'NONE', #3108, 39.37007874015748143 ) ;
#479 = CARTESIAN_POINT ( 'NONE',  ( -0.3523622047244094335, 0.4685039370078740717, -0.4677695532303149939 ) ) ;
#480 = CARTESIAN_POINT ( 'NONE',  ( -0.07874015748031495954, -0.05118110236220472370, 0.4960629921259842590 ) ) ;
#481 = LINE ( 'NONE', #1297, #4115 ) ;
#482 = ADVANCED_FACE ( 'NONE', ( #7234, #3142 ), #8148, .F. ) ;
#483 = EDGE_CURVE ( 'NONE', #3259, #10274, #115, .T. ) ;
#484 = ADVANCED_FACE ( 'NONE', ( #10085 ), #3412, .F. ) ;
#485 = ORIENTED_EDGE ( 'NONE', *, *, #9709, .F. ) ;
#486 = VECTOR ( 'NONE', #9664, 39.37007874015748143 ) ;
#487 = DIRECTION ( 'NONE',  ( 1.000000000000000000, 0.000000000000000000, 0.000000000000000000 ) ) ;
#488 = LINE ( 'NONE', #7112, #7374 ) ;
#490 = ORIENTED_EDGE ( 'NONE', *, *, #5017, .F. ) ;
#489 = ORIENTED_EDGE ( 'NONE', *, *, #9099, .T. ) ;
#491 = PLANE ( 'NONE',  #3743 ) ;
#492 = CARTESIAN_POINT ( 'NONE',  ( -0.4537401574803149873, 0.6574803149606299746, -0.9448818897637796255 ) ) ;
#493 = PLANE ( 'NONE',  #7805 ) ;
#494 = CARTESIAN_POINT ( 'NONE',  ( -0.1064926504823796582, 1.302196153330391626, -0.04454033411789838637 ) ) ;
#495 = ORIENTED_EDGE ( 'NONE', *, *, #4842, .F. ) ;
#496 = EDGE_LOOP ( 'NONE', ( #2732, #8582, #1322, #8894 ) ) ;
#497 = EDGE_CURVE ( 'NONE', #1226, #8001, #9165, .T. ) ;
#498 = VERTEX_POINT ( 'NONE', #9932 ) ;
#499 = VECTOR ( 'NONE', #428, 39.37007874015748143 ) ;
#500 = ORIENTED_EDGE ( 'NONE', *, *, #3217, .T. ) ;
#501 = DIRECTION ( 'NONE',  ( -0.8660254037845270814, 0.000000000000000000, -0.4999999999998469558 ) ) ;
#502 = DIRECTION ( 'NONE',  ( 0.000000000000000000, 0.000000000000000000, -1.000000000000000000 ) ) ;
#503 = FACE_OUTER_BOUND ( 'NONE', #9086, .T. ) ;
#504 = AXIS2_PLACEMENT_3D ( 'NONE', #4429, #9223, #6896 ) ;
#505 = FACE_OUTER_BOUND ( 'NONE', #9285, .T. ) ;
#506 = CARTESIAN_POINT ( 'NONE',  ( 0.03838582677165354451, 0.4685039370078740717, 0.4251968503937008093 ) ) ;
#507 = ORIENTED_EDGE ( 'NONE', *, *, #685, .F. ) ;
#508 = VECTOR ( 'NONE', #2421, 39.37007874015748143 ) ;
#509 = CARTESIAN_POINT ( 'NONE',  ( -0.3523622047244094335, 0.4685039370078740717, -0.4677695532303149939 ) ) ;
#510 = ORIENTED_EDGE ( 'NONE', *, *, #3177, .T. ) ;
#511 = EDGE_CURVE ( 'NONE', #4717, #1240, #6578, .T. ) ;
#512 = EDGE_CURVE ( 'NONE', #4161, #3448, #9222, .T. ) ;
#513 = CARTESIAN_POINT ( 'NONE',  ( -0.03838582677165354451, 0.6456692913385827515, 0.7165354330708662012 ) ) ;
#514 = VERTEX_POINT ( 'NONE', #4159 ) ;
#515 = PLANE ( 'NONE',  #7251 ) ;
#516 = ORIENTED_EDGE ( 'NONE', *, *, #3086, .T. ) ;
#517 = CARTESIAN_POINT ( 'NONE',  ( -0.03838582677165354451, 1.027559055118110409, 0.4094488188976377896 ) ) ;
#518 = ORIENTED_EDGE ( 'NONE', *, *, #5080, .T. ) ;
#519 = CARTESIAN_POINT ( 'NONE',  ( -0.1358267716535433156, -0.09055118110236221041, 0.1279527559055118058 ) ) ;
#520 = CARTESIAN_POINT ( 'NONE',  ( 0.3641513641753465480, 0.000000000000000000, 0.4881889763779527769 ) ) ;
#521 = DIRECTION ( 'NONE',  ( 1.000000000000000000, 0.000000000000000000, 0.000000000000000000 ) ) ;
#522 = ORIENTED_EDGE ( 'NONE', *, *, #7660, .F. ) ;
#523 = FACE_OUTER_BOUND ( 'NONE', #7008, .T. ) ;
#524 = EDGE_CURVE ( 'NONE', #10289, #9903, #1784, .T. ) ;
#525 = LINE ( 'NONE', #3771, #3682 ) ;
#526 = DIRECTION ( 'NONE',  ( 0.000000000000000000, 0.000000000000000000, 1.000000000000000000 ) ) ;
#527 = ORIENTED_EDGE ( 'NONE', *, *, #6573, .T. ) ;
#528 = ORIENTED_EDGE ( 'NONE', *, *, #3250, .T. ) ;
#529 = CARTESIAN_POINT ( 'NONE',  ( 0.1968503937006692850, 0.2837642458494043507, 0.4311023622047244208 ) ) ;
#530 = DIRECTION ( 'NONE',  ( -1.000000000000000000, 0.000000000000000000, 0.000000000000000000 ) ) ;
#531 = DIRECTION ( 'NONE',  ( 0.000000000000000000, -0.6365650365096908736, 0.7712230250021168132 ) ) ;
#532 = DIRECTION ( 'NONE',  ( 0.000000000000000000, 0.7071067811865455743, -0.7071067811865495711 ) ) ;
#533 = CARTESIAN_POINT ( 'NONE',  ( -0.3149606299212598381, 1.306823339883858237, 0.03543307086614173179 ) ) ;
#534 = EDGE_CURVE ( 'NONE', #1247, #3006, #8302, .T. ) ;
#535 = CARTESIAN_POINT ( 'NONE',  ( 0.3553149606299212948, 0.8464566929133857665, 0.9212598425196850682 ) ) ;
#536 = VECTOR ( 'NONE', #8496, 39.37007874015748143 ) ;
#537 = ORIENTED_EDGE ( 'NONE', *, *, #112, .T. ) ;
#538 = FACE_OUTER_BOUND ( 'NONE', #2372, .T. ) ;
#539 = DIRECTION ( 'NONE',  ( 0.000000000000000000, 0.5843047258450889681, -0.8115343414514849529 ) ) ;
#540 = ORIENTED_EDGE ( 'NONE', *, *, #10129, .F. ) ;
#541 = CARTESIAN_POINT ( 'NONE',  ( 0.04330708661417323468, 0.4855184551668063064, 0.1279527559055118058 ) ) ;
#542 = CARTESIAN_POINT ( 'NONE',  ( -0.03838582677165354451, 0.1850393700787401619, -0.6377952755905511584 ) ) ;
#543 = DIRECTION ( 'NONE',  ( 0.000000000000000000, -1.000000000000000000, 0.000000000000000000 ) ) ;
#544 = EDGE_CURVE ( 'NONE', #5204, #548, #5988, .T. ) ;
#545 = DIRECTION ( 'NONE',  ( 0.000000000000000000, -1.000000000000000000, 0.000000000000000000 ) ) ;
#546 = EDGE_CURVE ( 'NONE', #2808, #6878, #5178, .T. ) ;
#547 = VERTEX_POINT ( 'NONE', #917 ) ;
#548 = VERTEX_POINT ( 'NONE', #4110 ) ;
#549 = ORIENTED_EDGE ( 'NONE', *, *, #6017, .F. ) ;
#550 = CARTESIAN_POINT ( 'NONE',  ( 0.1968503937007480276, 1.027559055118110409, -0.5590551181102362266 ) ) ;
#551 = DIRECTION ( 'NONE',  ( 0.8480480961564258457, 0.5062594840960910059, -0.1565750981740761938 ) ) ;
#552 = EDGE_CURVE ( 'NONE', #4431, #10105, #972, .T. ) ;
#553 = DIRECTION ( 'NONE',  ( 1.000000000000000000, 0.000000000000000000, 0.000000000000000000 ) ) ;
#554 = CARTESIAN_POINT ( 'NONE',  ( 0.1968503937007480276, 1.249046188814009861, -0.6870078740157480324 ) ) ;
#555 = PLANE ( 'NONE',  #10221 ) ;
#556 = ORIENTED_EDGE ( 'NONE', *, *, #8130, .T. ) ;
#557 = LINE ( 'NONE', #10532, #3700 ) ;
#558 = VERTEX_POINT ( 'NONE', #59 ) ;
#559 = CARTESIAN_POINT ( 'NONE',  ( 0.3798818897637795122, 0.5472440944881890035, -0.6968503937007873850 ) ) ;
#560 = ORIENTED_EDGE ( 'NONE', *, *, #6075, .F. ) ;
#561 = CARTESIAN_POINT ( 'NONE',  ( -0.1732283464566929387, 0.7913385826771653919, 0.5826771653543307838 ) ) ;
#562 = EDGE_LOOP ( 'NONE', ( #2243, #3476, #9332, #4869, #8518, #1171 ) ) ;
#563 = AXIS2_PLACEMENT_3D ( 'NONE', #3749, #7941, #7840 ) ;
#564 = DIRECTION ( 'NONE',  ( 0.000000000000000000, 1.000000000000000000, 0.000000000000000000 ) ) ;
#565 = ORIENTED_EDGE ( 'NONE', *, *, #5654, .T. ) ;
#566 = ADVANCED_FACE ( 'NONE', ( #1894 ), #5826, .T. ) ;
#567 = CARTESIAN_POINT ( 'NONE',  ( -0.03838582677165354451, 0.8464566929133857665, -0.8818897637795275468 ) ) ;
#568 = CARTESIAN_POINT ( 'NONE',  ( -0.4921259842519685179, -0.09055118110236221041, -0.6968503937007873850 ) ) ;
#569 = ORIENTED_EDGE ( 'NONE', *, *, #8810, .T. ) ;
#570 = DIRECTION ( 'NONE',  ( -3.707644274607585534E-15, 0.000000000000000000, 1.000000000000000000 ) ) ;
#571 = AXIS2_PLACEMENT_3D ( 'NONE', #961, #201, #5116 ) ;
#572 = FACE_OUTER_BOUND ( 'NONE', #5862, .T. ) ;
#573 = DIRECTION ( 'NONE',  ( -0.2368163906405040819, -0.9715544231405692788, 0.000000000000000000 ) ) ;
#574 = ORIENTED_EDGE ( 'NONE', *, *, #9588, .T. ) ;
#575 = VECTOR ( 'NONE', #5000, 39.37007874015748143 ) ;
#576 = ORIENTED_EDGE ( 'NONE', *, *, #9955, .F. ) ;
#577 = CYLINDRICAL_SURFACE ( 'NONE', #598, 0.1181102362204724116 ) ;
#578 = EDGE_CURVE ( 'NONE', #8351, #5926, #8410, .T. ) ;
#579 = EDGE_CURVE ( 'NONE', #5419, #7014, #1688, .T. ) ;
#580 = CARTESIAN_POINT ( 'NONE',  ( -0.3937007874015748254, 0.1850393700787401619, 0.4881889763779527769 ) ) ;
#581 = CARTESIAN_POINT ( 'NONE',  ( -0.4921259842519685179, -0.09055118110236221041, -0.6377952755905511584 ) ) ;
#582 = CARTESIAN_POINT ( 'NONE',  ( 0.3937401574803149340, 1.169291338582649553, -0.9448818897637676351 ) ) ;
#583 = FACE_OUTER_BOUND ( 'NONE', #7188, .T. ) ;
#584 = VECTOR ( 'NONE', #4078, 39.37007874015748143 ) ;
#585 = VECTOR ( 'NONE', #5002, 39.37007874015748143 ) ;
#586 = ORIENTED_EDGE ( 'NONE', *, *, #4655, .F. ) ;
#587 = DIRECTION ( 'NONE',  ( 3.707644274607585534E-15, 0.000000000000000000, -1.000000000000000000 ) ) ;
#588 = VECTOR ( 'NONE', #1481, 39.37007874015748143 ) ;
#589 = VECTOR ( 'NONE', #218, 39.37007874015748143 ) ;
#590 = VECTOR ( 'NONE', #9540, 39.37007874015748143 ) ;
#591 = VERTEX_POINT ( 'NONE', #4971 ) ;
#592 = CARTESIAN_POINT ( 'NONE',  ( -0.09842519685039370636, 1.283464566929133799, 0.03543307086614173179 ) ) ;
#593 = CARTESIAN_POINT ( 'NONE',  ( -0.3937007874015748254, 0.1850393700787401619, -0.4881889763779527769 ) ) ;
#594 = CARTESIAN_POINT ( 'NONE',  ( 0.4921259842519685179, -0.09055118110236221041, 0.6968503937007873850 ) ) ;
#595 = CARTESIAN_POINT ( 'NONE',  ( -0.09831657957485497035, 1.291547890193079695, -0.04351639413008736440 ) ) ;
#596 = DIRECTION ( 'NONE',  ( 0.000000000000000000, 1.000000000000000000, 0.000000000000000000 ) ) ;
#597 = ORIENTED_EDGE ( 'NONE', *, *, #7924, .F. ) ;
#598 = AXIS2_PLACEMENT_3D ( 'NONE', #1395, #7864, #8020 ) ;
#599 = AXIS2_PLACEMENT_3D ( 'NONE', #5829, #5021, #4216 ) ;
#600 = VECTOR ( 'NONE', #8182, 39.37007874015748143 ) ;
#601 =( BOUNDED_SURFACE ( )  B_SPLINE_SURFACE ( 3, 3, ( 
 ( #2344, #4820, #614, #3911 ),
 ( #7138, #5474, #1379, #8762 ),
 ( #10439, #9729, #3053, #6480 ),
 ( #9672, #713, #3001, #9781 ) ),
 .UNSPECIFIED., .F., .F., .T. ) 
 B_SPLINE_SURFACE_WITH_KNOTS ( ( 4, 4 ),
 ( 4, 4 ),
 ( 0.000000000000000000, 1.000000000000000000 ),
 ( 0.000000000000000000, 1.000000000000000000 ),
 .UNSPECIFIED. ) 
 GEOMETRIC_REPRESENTATION_ITEM ( )  RATIONAL_B_SPLINE_SURFACE ( (
 ( 1.000000000000000000, 0.8047378541243649375, 0.8047378541243649375, 1.000000000000000000),
 ( 0.8025111867385930076, 0.6458111303268130321, 0.6458111303268130321, 0.8025111867385930076),
 ( 0.8025111867385930076, 0.6458111303268130321, 0.6458111303268130321, 0.8025111867385930076),
 ( 1.000000000000000000, 0.8047378541243649375, 0.8047378541243649375, 1.000000000000000000) ) ) 
 REPRESENTATION_ITEM ( '' )  SURFACE ( )  );
#602 = VERTEX_POINT ( 'NONE', #867 ) ;
#603 = ADVANCED_FACE ( 'NONE', ( #1943 ), #9386, .F. ) ;
#604 = EDGE_CURVE ( 'NONE', #2241, #6312, #272, .T. ) ;
#605 = CARTESIAN_POINT ( 'NONE',  ( -0.3740157480314917349, 1.244103829858665300, -0.03543307086614173179 ) ) ;
#606 = VECTOR ( 'NONE', #2611, 39.37007874015748143 ) ;
#607 = CARTESIAN_POINT ( 'NONE',  ( 0.03838582677165354451, -0.1102362204724409434, -0.4251968503937008093 ) ) ;
#608 = DIRECTION ( 'NONE',  ( 0.000000000000000000, 0.000000000000000000, -1.000000000000000000 ) ) ;
#609 = DIRECTION ( 'NONE',  ( 0.000000000000000000, 0.000000000000000000, -1.000000000000000000 ) ) ;
#610 = CARTESIAN_POINT ( 'NONE',  ( -0.1732283464566929387, 0.7913385826771653919, 0.6747790429661397749 ) ) ;
#611 = ORIENTED_EDGE ( 'NONE', *, *, #8918, .F. ) ;
#612 = CARTESIAN_POINT ( 'NONE',  ( -0.1968503937007874127, 0.6456692913385827515, 0.5590551181102362266 ) ) ;
#613 = ORIENTED_EDGE ( 'NONE', *, *, #1423, .F. ) ;
#614 = CARTESIAN_POINT ( 'NONE',  ( -0.3682501334879241806, 1.283464566929134021, 0.04935249569264862912 ) ) ;
#615 = ORIENTED_EDGE ( 'NONE', *, *, #4209, .T. ) ;
#616 = ADVANCED_FACE ( 'NONE', ( #3676 ), #493, .T. ) ;
#617 = VECTOR ( 'NONE', #1093, 39.37007874015748143 ) ;
#618 = LINE ( 'NONE', #1585, #2269 ) ;
#619 = EDGE_CURVE ( 'NONE', #5574, #9797, #6952, .T. ) ;
#620 = ORIENTED_EDGE ( 'NONE', *, *, #4423, .F. ) ;
#621 = EDGE_CURVE ( 'NONE', #3437, #3843, #7012, .T. ) ;
#622 = LINE ( 'NONE', #7903, #2899 ) ;
#623 = CARTESIAN_POINT ( 'NONE',  ( -0.3288013713478580846, 1.198966616345628955, 0.04943121347354365730 ) ) ;
#624 = FACE_BOUND ( 'NONE', #9016, .T. ) ;
#625 = ORIENTED_EDGE ( 'NONE', *, *, #4323, .F. ) ;
#626 = DIRECTION ( 'NONE',  ( 0.000000000000000000, 0.000000000000000000, 1.000000000000000000 ) ) ;
#627 = VECTOR ( 'NONE', #8009, 39.37007874015748143 ) ;
#628 = B_SPLINE_CURVE_WITH_KNOTS ( 'NONE', 3,
 ( #5710, #7437, #4205, #9001, #3348, #6568 ),
 .UNSPECIFIED., .F., .F.,
 ( 4, 2, 4 ),
 ( 0.000000000000000000, 0.5000000000000000000, 1.000000000000000000 ),
 .UNSPECIFIED. ) ;
#629 = CARTESIAN_POINT ( 'NONE',  ( -0.1279527559055118058, 1.307328710460744059, -0.5826771653543307838 ) ) ;
#630 = EDGE_CURVE ( 'NONE', #9988, #2757, #3570, .T. ) ;
#631 = CARTESIAN_POINT ( 'NONE',  ( 0.000000000000000000, 0.000000000000000000, 0.1476377952755905387 ) ) ;
#632 = ORIENTED_EDGE ( 'NONE', *, *, #8469, .T. ) ;
#633 = ORIENTED_EDGE ( 'NONE', *, *, #4451, .F. ) ;
#634 = CARTESIAN_POINT ( 'NONE',  ( 0.3553149606299212948, 0.5472440944881890035, 0.000000000000000000 ) ) ;
#635 = VECTOR ( 'NONE', #335, 39.37007874015748143 ) ;
#636 = FACE_OUTER_BOUND ( 'NONE', #264, .T. ) ;
#637 = CARTESIAN_POINT ( 'NONE',  ( -0.3937007874015748254, 0.4685039370078740717, 0.6377952755905511584 ) ) ;
#638 = DIRECTION ( 'NONE',  ( -1.000000000000000000, 0.000000000000000000, 0.000000000000000000 ) ) ;
#639 = CARTESIAN_POINT ( 'NONE',  ( -0.2952755905511810774, 1.137795275590551158, 0.01968503937007873988 ) ) ;
#640 = VECTOR ( 'NONE', #8906, 39.37007874015748854 ) ;
#641 = EDGE_CURVE ( 'NONE', #10385, #591, #6895, .T. ) ;
#642 = EDGE_CURVE ( 'NONE', #3102, #1196, #10195, .T. ) ;
#643 = CARTESIAN_POINT ( 'NONE',  ( -0.4336957841283031745, 1.239926689389041270, -0.5558182818415252635 ) ) ;
#644 = ORIENTED_EDGE ( 'NONE', *, *, #9206, .F. ) ;
#645 = DIRECTION ( 'NONE',  ( 0.000000000000000000, 0.000000000000000000, -1.000000000000000000 ) ) ;
#646 = VERTEX_POINT ( 'NONE', #1075 ) ;
#647 = CARTESIAN_POINT ( 'NONE',  ( 0.2657480314960630197, 0.7913385826771653919, -0.5826771653543307838 ) ) ;
#648 = FACE_OUTER_BOUND ( 'NONE', #1368, .T. ) ;
#649 = DIRECTION ( 'NONE',  ( 0.000000000000000000, -0.2954697229221149302, -0.9553521041146707526 ) ) ;
#650 = LINE ( 'NONE', #3940, #8413 ) ;
#651 = DIRECTION ( 'NONE',  ( 0.8453422474584102453, 0.5282284623109121391, 0.07981964837440212734 ) ) ;
#652 = ORIENTED_EDGE ( 'NONE', *, *, #5558, .T. ) ;
#653 = VECTOR ( 'NONE', #9287, 39.37007874015748143 ) ;
#654 = ORIENTED_EDGE ( 'NONE', *, *, #9799, .T. ) ;
#655 = CARTESIAN_POINT ( 'NONE',  ( 0.1968503937007480276, 1.027559055118110409, -0.5590551181102362266 ) ) ;
#656 = DIRECTION ( 'NONE',  ( 0.000000000000000000, 3.469446951953565279E-15, -1.000000000000000000 ) ) ;
#657 = DIRECTION ( 'NONE',  ( 0.000000000000000000, -1.000000000000000000, 0.000000000000000000 ) ) ;
#658 = FACE_OUTER_BOUND ( 'NONE', #8697, .T. ) ;
#659 = EDGE_LOOP ( 'NONE', ( #6933, #3012, #4130, #6887 ) ) ;
#660 = EDGE_CURVE ( 'NONE', #2347, #3819, #2873, .T. ) ;
#661 = CARTESIAN_POINT ( 'NONE',  ( -0.1358267716535433156, -0.09055118110236221041, -0.07874015748031495954 ) ) ;
#662 = EDGE_LOOP ( 'NONE', ( #9712, #1863, #4614, #5451 ) ) ;
#663 = VECTOR ( 'NONE', #3691, 39.37007874015748143 ) ;
#664 = CARTESIAN_POINT ( 'NONE',  ( 0.3553149606299212948, 0.5472440944881890035, 0.6968503937007873850 ) ) ;
#665 = ORIENTED_EDGE ( 'NONE', *, *, #8407, .F. ) ;
#666 = LINE ( 'NONE', #3056, #4154 ) ;
#667 = VERTEX_POINT ( 'NONE', #8521 ) ;
#668 = VECTOR ( 'NONE', #10196, 39.37007874015748143 ) ;
#669 = DIRECTION ( 'NONE',  ( 0.000000000000000000, 0.000000000000000000, -1.000000000000000000 ) ) ;
#670 = DIRECTION ( 'NONE',  ( -0.000000000000000000, 1.000000000000000000, 0.000000000000000000 ) ) ;
#671 = CIRCLE ( 'NONE', #7215, 0.06102362204724406936 ) ;
#672 = CARTESIAN_POINT ( 'NONE',  ( -0.3553149606299212948, 0.6456692913385827515, -0.4094488188976377896 ) ) ;
#673 = ADVANCED_FACE ( 'NONE', ( #4595 ), #5343, .F. ) ;
#674 = EDGE_LOOP ( 'NONE', ( #6328, #9446, #1060, #2997 ) ) ;
#675 = EDGE_CURVE ( 'NONE', #3437, #4060, #7822, .T. ) ;
#676 = CARTESIAN_POINT ( 'NONE',  ( 0.03838582677165354451, 0.1850393700787401619, 0.6968503937007873850 ) ) ;
#677 = ADVANCED_FACE ( 'NONE', ( #1190 ), #8432, .T. ) ;
#678 = CARTESIAN_POINT ( 'NONE',  ( -0.2362204724409449064, 1.137795275590551158, 0.01968503937007873988 ) ) ;
#679 = ORIENTED_EDGE ( 'NONE', *, *, #8076, .F. ) ;
#680 = DIRECTION ( 'NONE',  ( -0.4999999999998469558, 0.000000000000000000, -0.8660254037845270814 ) ) ;
#681 = ORIENTED_EDGE ( 'NONE', *, *, #7248, .T. ) ;
#682 = VERTEX_POINT ( 'NONE', #324 ) ;
#683 = DIRECTION ( 'NONE',  ( 0.000000000000000000, 1.000000000000000000, 3.965082230804150336E-15 ) ) ;
#684 = PLANE ( 'NONE',  #10427 ) ;
#685 = EDGE_CURVE ( 'NONE', #8089, #2654, #8576, .T. ) ;
#686 = LINE ( 'NONE', #9751, #2818 ) ;
#687 = DIRECTION ( 'NONE',  ( 0.000000000000000000, 0.000000000000000000, 1.000000000000000000 ) ) ;
#688 = LINE ( 'NONE', #9649, #5666 ) ;
#689 = CARTESIAN_POINT ( 'NONE',  ( -0.03838582677165354451, 0.6062992125984252301, -0.7165354330708662012 ) ) ;
#690 = ORIENTED_EDGE ( 'NONE', *, *, #5292, .F. ) ;
#691 = PLANE ( 'NONE',  #10598 ) ;
#692 = ORIENTED_EDGE ( 'NONE', *, *, #446, .F. ) ;
#693 = PLANE ( 'NONE',  #2995 ) ;
#694 = VECTOR ( 'NONE', #7473, 39.37007874015748143 ) ;
#695 = EDGE_CURVE ( 'NONE', #1846, #2442, #375, .T. ) ;
#696 = CARTESIAN_POINT ( 'NONE',  ( -0.07874015748031495954, -0.05118110236220472370, 0.4960629921259842590 ) ) ;
#697 = DIRECTION ( 'NONE',  ( 0.000000000000000000, -1.000000000000000000, -3.965082230804150336E-15 ) ) ;
#698 = CARTESIAN_POINT ( 'NONE',  ( -0.1181102362204724532, 1.297383991755641564, -0.04935249569264867076 ) ) ;
#699 = CARTESIAN_POINT ( 'NONE',  ( 0.1732283464566929387, 1.307328710460744059, -0.5354330708661416693 ) ) ;
#700 = VERTEX_POINT ( 'NONE', #4696 ) ;
#701 = ORIENTED_EDGE ( 'NONE', *, *, #4102, .T. ) ;
#702 = CIRCLE ( 'NONE', #1231, 0.1279527559055117780 ) ;
#703 = CARTESIAN_POINT ( 'NONE',  ( -0.3740157480314960647, 1.244103829858665078, -0.04020955558906028765 ) ) ;
#704 = CARTESIAN_POINT ( 'NONE',  ( -0.3553149606299212948, 0.6062992125984252301, -0.7165354330708662012 ) ) ;
#705 = ADVANCED_FACE ( 'NONE', ( #10422 ), #6406, .T. ) ;
#706 = CARTESIAN_POINT ( 'NONE',  ( -0.3346456692913385988, 1.196850393700787496, 0.03543307086614173179 ) ) ;
#707 = ADVANCED_FACE ( 'NONE', ( #4853 ), #1409, .T. ) ;
#708 = DIRECTION ( 'NONE',  ( 0.000000000000000000, -1.000000000000000000, 0.000000000000000000 ) ) ;
#709 = LINE ( 'NONE', #4000, #1718 ) ;
#710 = VERTEX_POINT ( 'NONE', #3989 ) ;
#711 = CARTESIAN_POINT ( 'NONE',  ( -0.03838582677165354451, 0.6456692913385827515, -0.4094488188976377896 ) ) ;
#712 = ORIENTED_EDGE ( 'NONE', *, *, #6826, .T. ) ;
#713 = CARTESIAN_POINT ( 'NONE',  ( -0.3402807164906215265, 1.294995283881056336, 0.04922069194456306362 ) ) ;
#714 = EDGE_LOOP ( 'NONE', ( #8837, #4847, #9426, #6167, #1594, #3055 ) ) ;
#715 = CARTESIAN_POINT ( 'NONE',  ( -0.3682501334879244581, 1.297383991755641564, -0.03543307086614173179 ) ) ;
#716 = ORIENTED_EDGE ( 'NONE', *, *, #8797, .T. ) ;
#717 = EDGE_CURVE ( 'NONE', #7844, #5096, #3133, .T. ) ;
#718 = DIRECTION ( 'NONE',  ( 0.000000000000000000, -1.000000000000000000, 0.000000000000000000 ) ) ;
#719 = CYLINDRICAL_SURFACE ( 'NONE', #1326, 0.1279527559055117780 ) ;
#720 = VERTEX_POINT ( 'NONE', #7271 ) ;
#721 = FACE_OUTER_BOUND ( 'NONE', #3115, .T. ) ;
#722 = EDGE_LOOP ( 'NONE', ( #430, #5663, #978, #944, #153 ) ) ;
#723 = DIRECTION ( 'NONE',  ( 0.4274705940331803844, 0.000000000000000000, 0.9040292535293975584 ) ) ;
#724 = EDGE_CURVE ( 'NONE', #1662, #9660, #7978, .T. ) ;
#725 = CARTESIAN_POINT ( 'NONE',  ( -0.3764102607639571718, 1.277551661354485057, -0.03543307086614180118 ) ) ;
#726 = ORIENTED_EDGE ( 'NONE', *, *, #5056, .F. ) ;
#727 = DIRECTION ( 'NONE',  ( -1.000000000000000000, 0.000000000000000000, 0.000000000000000000 ) ) ;
#728 = VERTEX_POINT ( 'NONE', #9764 ) ;
#729 = ORIENTED_EDGE ( 'NONE', *, *, #1415, .T. ) ;
#730 = EDGE_CURVE ( 'NONE', #8725, #734, #9609, .T. ) ;
#731 = CARTESIAN_POINT ( 'NONE',  ( -0.2933070866141732624, -0.09055118110236221041, 0.2952755905511810774 ) ) ;
#732 = EDGE_CURVE ( 'NONE', #10002, #2463, #8897, .T. ) ;
#733 = CARTESIAN_POINT ( 'NONE',  ( -0.1968503937007874127, 0.6456692913385827515, 0.6200787401574803237 ) ) ;
#734 = VERTEX_POINT ( 'NONE', #4753 ) ;
#735 = CARTESIAN_POINT ( 'NONE',  ( -0.1181102362204724532, 1.137795275590551158, 0.05511811023622047168 ) ) ;
#736 = CYLINDRICAL_SURFACE ( 'NONE', #8487, 0.1181102362204724116 ) ;
#737 = CARTESIAN_POINT ( 'NONE',  ( -0.3553149606299212948, 0.6456692913385827515, 0.4094488188976377896 ) ) ;
#738 = FACE_OUTER_BOUND ( 'NONE', #2446, .T. ) ;
#739 = DIRECTION ( 'NONE',  ( 0.7071067811865460184, -0.7071067811865490160, 0.000000000000000000 ) ) ;
#740 = ORIENTED_EDGE ( 'NONE', *, *, #1965, .T. ) ;
#741 = EDGE_CURVE ( 'NONE', #646, #4881, #2326, .T. ) ;
#742 = VECTOR ( 'NONE', #4814, 39.37007874015748143 ) ;
#743 = LINE ( 'NONE', #9055, #257 ) ;
#744 = VERTEX_POINT ( 'NONE', #8845 ) ;
#745 = AXIS2_PLACEMENT_3D ( 'NONE', #5444, #532, #426 ) ;
#746 = LINE ( 'NONE', #10569, #5560 ) ;
#747 = DIRECTION ( 'NONE',  ( 4.078408702068339827E-15, 0.000000000000000000, 1.000000000000000000 ) ) ;
#748 = CARTESIAN_POINT ( 'NONE',  ( -0.1968503937006692850, 0.2837642458494035735, -0.4311023622047244208 ) ) ;
#749 = CARTESIAN_POINT ( 'NONE',  ( 0.03838582677165354451, 0.4685039370078740717, -0.4251968503937008093 ) ) ;
#750 = DIRECTION ( 'NONE',  ( 0.000000000000000000, -1.000000000000000000, 0.000000000000000000 ) ) ;
#752 = ORIENTED_EDGE ( 'NONE', *, *, #214, .T. ) ;
#751 = VECTOR ( 'NONE', #8125, 39.37007874015748143 ) ;
#753 = AXIS2_PLACEMENT_3D ( 'NONE', #2190, #3103, #10384 ) ;
#754 = ORIENTED_EDGE ( 'NONE', *, *, #578, .F. ) ;
#755 = EDGE_CURVE ( 'NONE', #5803, #6531, #8035, .T. ) ;
#756 = VECTOR ( 'NONE', #3609, 39.37007874015748143 ) ;
#757 = LINE ( 'NONE', #1632, #9261 ) ;
#758 = DIRECTION ( 'NONE',  ( 0.000000000000000000, 0.9225798771450617330, -0.3858061304424839633 ) ) ;
#759 = CARTESIAN_POINT ( 'NONE',  ( 0.000000000000000000, 0.000000000000000000, 0.4881889763779527769 ) ) ;
#760 = CARTESIAN_POINT ( 'NONE',  ( 0.03838582677165354451, 1.027559055118110409, 0.8818897637795275468 ) ) ;
#761 = DIRECTION ( 'NONE',  ( 1.000000000000000000, 0.000000000000000000, 0.000000000000000000 ) ) ;
#762 = VECTOR ( 'NONE', #6024, 39.37007874015748143 ) ;
#763 = ORIENTED_EDGE ( 'NONE', *, *, #7167, .T. ) ;
#764 = VECTOR ( 'NONE', #7130, 39.37007874015748143 ) ;
#765 = VECTOR ( 'NONE', #6579, 39.37007874015748143 ) ;
#766 = DIRECTION ( 'NONE',  ( 0.000000000000000000, -1.000000000000000000, 0.000000000000000000 ) ) ;
#767 = ORIENTED_EDGE ( 'NONE', *, *, #1401, .T. ) ;
#768 = DIRECTION ( 'NONE',  ( 0.000000000000000000, 0.000000000000000000, 1.000000000000000000 ) ) ;
#769 = ORIENTED_EDGE ( 'NONE', *, *, #724, .T. ) ;
#770 = EDGE_CURVE ( 'NONE', #9660, #5148, #6463, .T. ) ;
#771 = ADVANCED_FACE ( 'NONE', ( #1361 ), #7176, .T. ) ;
#772 = FACE_OUTER_BOUND ( 'NONE', #4038, .T. ) ;
#773 = VERTEX_POINT ( 'NONE', #7224 ) ;
#774 = VECTOR ( 'NONE', #7463, 39.37007874015748143 ) ;
#775 = VECTOR ( 'NONE', #587, 39.37007874015748143 ) ;
#776 = CARTESIAN_POINT ( 'NONE',  ( 0.000000000000000000, 0.1850393700787401619, -0.9448818897637796255 ) ) ;
#777 = CARTESIAN_POINT ( 'NONE',  ( -0.3149606299212598381, 1.137795275590551158, 0.03543307086614173179 ) ) ;
#778 = CARTESIAN_POINT ( 'NONE',  ( -0.4921259842519685179, 0.1850393700787401619, 0.6968503937007873850 ) ) ;
#779 = CARTESIAN_POINT ( 'NONE',  ( -0.2657480314960630197, 0.7913385826771653919, -0.5354330708661416693 ) ) ;
#780 = ORIENTED_EDGE ( 'NONE', *, *, #890, .T. ) ;
#781 = LINE ( 'NONE', #9792, #5780 ) ;
#782 = ORIENTED_EDGE ( 'NONE', *, *, #9043, .F. ) ;
#783 = VECTOR ( 'NONE', #9031, 39.37007874015748143 ) ;
#784 = CARTESIAN_POINT ( 'NONE',  ( 0.03838582677165354451, 1.027559055118110409, -0.4094488188976377896 ) ) ;
#785 = ORIENTED_EDGE ( 'NONE', *, *, #717, .F. ) ;
#786 = LINE ( 'NONE', #1549, #6552 ) ;
#787 = EDGE_LOOP ( 'NONE', ( #4978, #2978, #2278, #8594 ) ) ;
#788 = ORIENTED_EDGE ( 'NONE', *, *, #2853, .F. ) ;
#789 = CARTESIAN_POINT ( 'NONE',  ( -0.3937007874015748254, 0.4905511811023622326, 0.9448818897637796255 ) ) ;
#790 = DIRECTION ( 'NONE',  ( 1.000000000000000000, 0.000000000000000000, 0.000000000000000000 ) ) ;
#791 = ORIENTED_EDGE ( 'NONE', *, *, #2853, .T. ) ;
#792 = DIRECTION ( 'NONE',  ( 1.000000000000000000, 0.000000000000000000, 0.000000000000000000 ) ) ;
#793 = CARTESIAN_POINT ( 'NONE',  ( -0.2952755905511810774, 1.137795275590551158, -0.05511811023622047168 ) ) ;
#794 = DIRECTION ( 'NONE',  ( 0.000000000000000000, 0.000000000000000000, -1.000000000000000000 ) ) ;
#795 = PLANE ( 'NONE',  #1882 ) ;
#796 = EDGE_CURVE ( 'NONE', #7454, #10444, #1567, .T. ) ;
#797 = FACE_OUTER_BOUND ( 'NONE', #8065, .T. ) ;
#798 = AXIS2_PLACEMENT_3D ( 'NONE', #1185, #371, #539 ) ;
#799 = ORIENTED_EDGE ( 'NONE', *, *, #2364, .T. ) ;
#800 = DIRECTION ( 'NONE',  ( 0.8660254037845270814, 0.000000000000000000, -0.4999999999998469558 ) ) ;
#801 = ORIENTED_EDGE ( 'NONE', *, *, #4108, .T. ) ;
#802 = CARTESIAN_POINT ( 'NONE',  ( 0.1476377952755905387, 0.000000000000000000, -0.07874015748031495954 ) ) ;
#803 = AXIS2_PLACEMENT_3D ( 'NONE', #6404, #8791, #3294 ) ;
#804 = CARTESIAN_POINT ( 'NONE',  ( 0.2657480314960630197, 1.307328710460744059, -0.5826771653543307838 ) ) ;
#805 = DIRECTION ( 'NONE',  ( 0.000000000000000000, -1.000000000000000000, 0.000000000000000000 ) ) ;
#806 = DIRECTION ( 'NONE',  ( 0.000000000000000000, -1.000000000000000000, 0.000000000000000000 ) ) ;
#807 = LINE ( 'NONE', #9659, #1873 ) ;
#808 = EDGE_CURVE ( 'NONE', #5007, #5850, #8134, .T. ) ;
#809 = EDGE_CURVE ( 'NONE', #667, #10002, #4651, .T. ) ;
#810 = ORIENTED_EDGE ( 'NONE', *, *, #6400, .F. ) ;
#811 = EDGE_CURVE ( 'NONE', #1910, #5645, #2273, .T. ) ;
#812 = VERTEX_POINT ( 'NONE', #7331 ) ;
#813 = DIRECTION ( 'NONE',  ( 1.000000000000000000, 0.000000000000000000, 0.000000000000000000 ) ) ;
#814 = FACE_OUTER_BOUND ( 'NONE', #4053, .T. ) ;
#815 = CARTESIAN_POINT ( 'NONE',  ( -0.1732283464566929387, 0.8385826771609488084, 0.6747790429661397749 ) ) ;
#816 = CARTESIAN_POINT ( 'NONE',  ( -0.1124056850503868527, 1.305598865412063825, 0.03543307086614172485 ) ) ;
#817 = CARTESIAN_POINT ( 'NONE',  ( -0.1732283464566929387, 0.6456692913385827515, 0.6747790429661338907 ) ) ;
#818 = ORIENTED_EDGE ( 'NONE', *, *, #2020, .T. ) ;
#819 = ADVANCED_FACE ( 'NONE', ( #10628 ), #3244, .T. ) ;
#820 = VECTOR ( 'NONE', #8531, 39.37007874015748143 ) ;
#821 = EDGE_LOOP ( 'NONE', ( #1745, #5378, #1654, #8424, #6268, #7641 ) ) ;
#822 = CARTESIAN_POINT ( 'NONE',  ( -0.07874015748031495954, 0.6062992125984252301, 0.1476377952755905387 ) ) ;
#823 = ORIENTED_EDGE ( 'NONE', *, *, #2892, .T. ) ;
#824 = DATE_AND_TIME ( #2714, #19 ) ;
#825 = ORIENTED_EDGE ( 'NONE', *, *, #7003, .T. ) ;
#826 = VECTOR ( 'NONE', #7654, 39.37007874015748143 ) ;
#827 = CARTESIAN_POINT ( 'NONE',  ( -0.3149606299212598381, 1.203976278474015782, -0.05511811023622047168 ) ) ;
#828 = LINE ( 'NONE', #6487, #2012 ) ;
#829 = LINE ( 'NONE', #7301, #6754 ) ;
#830 = LINE ( 'NONE', #4125, #2674 ) ;
#831 = ORIENTED_EDGE ( 'NONE', *, *, #7548, .T. ) ;
#832 = EDGE_CURVE ( 'NONE', #2715, #5293, #6315, .T. ) ;
#833 = EDGE_CURVE ( 'NONE', #2728, #3370, #8349, .T. ) ;
#834 = CARTESIAN_POINT ( 'NONE',  ( -0.4921259842519685179, 0.000000000000000000, -0.6968503937007873850 ) ) ;
#835 = ORIENTED_EDGE ( 'NONE', *, *, #247, .T. ) ;
#836 = DIRECTION ( 'NONE',  ( 0.000000000000000000, 1.000000000000000000, 0.000000000000000000 ) ) ;
#837 = ORIENTED_EDGE ( 'NONE', *, *, #1199, .T. ) ;
#838 = DIRECTION ( 'NONE',  ( 0.000000000000000000, -1.000000000000000000, 0.000000000000000000 ) ) ;
#839 = ORIENTED_EDGE ( 'NONE', *, *, #5095, .T. ) ;
#840 = ORIENTED_EDGE ( 'NONE', *, *, #4964, .T. ) ;
#841 = CIRCLE ( 'NONE', #1367, 0.06102362204724406936 ) ;
#842 = LINE ( 'NONE', #9958, #7145 ) ;
#843 = CARTESIAN_POINT ( 'NONE',  ( 0.07874015748031495954, -0.03543307086614212731, -0.1279527559055118058 ) ) ;
#844 = CARTESIAN_POINT ( 'NONE',  ( -0.4921259842519685179, 0.3897637795275590844, -0.9448818897637796255 ) ) ;
#845 = EDGE_CURVE ( 'NONE', #8170, #2959, #1015, .T. ) ;
#846 = CARTESIAN_POINT ( 'NONE',  ( 0.3553149606299212948, 0.8464566929133857665, 0.8818897637795275468 ) ) ;
#847 = ADVANCED_FACE ( 'NONE', ( #9156 ), #1622, .F. ) ;
#848 = LINE ( 'NONE', #5810, #61 ) ;
#849 = VECTOR ( 'NONE', #9070, 39.37007874015748143 ) ;
#850 = CARTESIAN_POINT ( 'NONE',  ( -0.2362204724409449064, 1.263779527559055094, -0.05511811023622047168 ) ) ;
#851 = CARTESIAN_POINT ( 'NONE',  ( -0.2952755905511810774, 1.137795275590551158, 0.05511811023622047168 ) ) ;
#852 = ORIENTED_EDGE ( 'NONE', *, *, #1935, .F. ) ;
#853 = PLANE ( 'NONE',  #10249 ) ;
#854 = EDGE_CURVE ( 'NONE', #4117, #6651, #4305, .T. ) ;
#855 = ORIENTED_EDGE ( 'NONE', *, *, #940, .T. ) ;
#856 = CARTESIAN_POINT ( 'NONE',  ( -0.2569190296443700783, 1.134312586123228384, -0.03543307086614173179 ) ) ;
#857 = DIRECTION ( 'NONE',  ( 0.000000000000000000, -1.000000000000000000, -3.965082230804150336E-15 ) ) ;
#858 = CARTESIAN_POINT ( 'NONE',  ( -0.1968503937007874127, 0.6456692913385827515, 0.5590551181102362266 ) ) ;
#859 = CARTESIAN_POINT ( 'NONE',  ( 0.3937007874015748254, -0.09055118110236221041, 0.2755905511811023723 ) ) ;
#860 = DIRECTION ( 'NONE',  ( 0.000000000000000000, 0.000000000000000000, 1.000000000000000000 ) ) ;
#861 = EDGE_LOOP ( 'NONE', ( #1542, #9390, #8949, #2776, #10316, #4618, #6008, #510, #681, #6810, #3057 ) ) ;
#862 = ADVANCED_FACE ( 'NONE', ( #8196 ), #5921, .F. ) ;
#863 = DIRECTION ( 'NONE',  ( 0.000000000000000000, 1.000000000000000000, 0.000000000000000000 ) ) ;
#864 = EDGE_CURVE ( 'NONE', #2341, #8089, #2542, .T. ) ;
#865 = CARTESIAN_POINT ( 'NONE',  ( 0.03838582677165354451, 1.027559055118110409, -0.8818897637795275468 ) ) ;
#866 = DIRECTION ( 'NONE',  ( 0.000000000000000000, 0.000000000000000000, 1.000000000000000000 ) ) ;
#867 = CARTESIAN_POINT ( 'NONE',  ( -0.3937007874015748254, -0.09055118110236221041, -0.2637795275590551491 ) ) ;
#868 = PLANE ( 'NONE',  #1877 ) ;
#869 = ORIENTED_EDGE ( 'NONE', *, *, #7337, .T. ) ;
#870 = ORIENTED_EDGE ( 'NONE', *, *, #3994, .T. ) ;
#871 = AXIS2_PLACEMENT_3D ( 'NONE', #6009, #9090, #7622 ) ;
#872 = DIRECTION ( 'NONE',  ( 0.000000000000000000, 1.000000000000000000, 0.000000000000000000 ) ) ;
#873 = ORIENTED_EDGE ( 'NONE', *, *, #6119, .F. ) ;
#874 = LENGTH_MEASURE_WITH_UNIT ( LENGTH_MEASURE( 0.02539999999999999897 ), #5838 );
#875 = VERTEX_POINT ( 'NONE', #5064 ) ;
#876 = CARTESIAN_POINT ( 'NONE',  ( -0.1182414217666596379, 1.283333381382946836, 0.05511723596671157938 ) ) ;
#877 = EDGE_CURVE ( 'NONE', #4654, #422, #3453, .T. ) ;
#878 = FACE_BOUND ( 'NONE', #2933, .T. ) ;
#879 = DIRECTION ( 'NONE',  ( 3.707644274607580800E-15, 0.000000000000000000, -1.000000000000000000 ) ) ;
#880 = CYLINDRICAL_SURFACE ( 'NONE', #9861, 0.06102362204724406936 ) ;
#881 = CARTESIAN_POINT ( 'NONE',  ( 0.000000000000000000, 0.1850393700787401619, -0.6377952755905511584 ) ) ;
#882 = EDGE_LOOP ( 'NONE', ( #2796, #10350, #665, #6605 ) ) ;
#883 = CARTESIAN_POINT ( 'NONE',  ( -0.3740157480314958427, 1.288755139804422800, -0.03543307086614173873 ) ) ;
#884 = ORIENTED_EDGE ( 'NONE', *, *, #4964, .F. ) ;
#885 = LINE ( 'NONE', #1041, #5579 ) ;
#886 = ORIENTED_EDGE ( 'NONE', *, *, #854, .T. ) ;
#887 = LINE ( 'NONE', #2570, #4491 ) ;
#888 = ORIENTED_EDGE ( 'NONE', *, *, #4435, .F. ) ;
#889 = ORIENTED_EDGE ( 'NONE', *, *, #5750, .F. ) ;
#890 = EDGE_CURVE ( 'NONE', #8290, #5448, #105, .T. ) ;
#891 = DIRECTION ( 'NONE',  ( -3.707644274607580800E-15, 0.000000000000000000, 1.000000000000000000 ) ) ;
#892 = CYLINDRICAL_SURFACE ( 'NONE', #1831, 0.06102362204724406936 ) ;
#893 = DIRECTION ( 'NONE',  ( 0.000000000000000000, 1.000000000000000000, 0.000000000000000000 ) ) ;
#894 = PLANE ( 'NONE',  #6258 ) ;
#895 = DIRECTION ( 'NONE',  ( 0.000000000000000000, 0.000000000000000000, 1.000000000000000000 ) ) ;
#896 = CARTESIAN_POINT ( 'NONE',  ( -0.03838582677165354451, 0.6456692913385827515, 0.4094488188976377896 ) ) ;
#897 = LINE ( 'NONE', #8391, #8441 ) ;
#898 = ORIENTED_EDGE ( 'NONE', *, *, #5221, .F. ) ;
#899 = EDGE_CURVE ( 'NONE', #4153, #4510, #4257, .T. ) ;
#900 = ADVANCED_FACE ( 'NONE', ( #3497 ), #10682, .F. ) ;
#901 = FACE_OUTER_BOUND ( 'NONE', #6412, .T. ) ;
#902 = AXIS2_PLACEMENT_3D ( 'NONE', #7918, #10540, #530 ) ;
#903 = VECTOR ( 'NONE', #1290, 39.37007874015748143 ) ;
#904 = EDGE_LOOP ( 'NONE', ( #1156, #9169, #5990, #9138, #9040, #9433, #2448, #1758 ) ) ;
#905 = FACE_OUTER_BOUND ( 'NONE', #3799, .T. ) ;
#906 = CARTESIAN_POINT ( 'NONE',  ( 0.3523622047243779587, 0.000000000000000000, 0.4677695532303369763 ) ) ;
#907 = CARTESIAN_POINT ( 'NONE',  ( -0.3523622047244094335, 0.1850393700787401619, -0.9448818897637796255 ) ) ;
#908 = VECTOR ( 'NONE', #5295, 39.37007874015748143 ) ;
#909 = DIRECTION ( 'NONE',  ( 0.000000000000000000, -1.000000000000000000, 1.788374717501859835E-16 ) ) ;
#910 = ORIENTED_EDGE ( 'NONE', *, *, #10524, .F. ) ;
#911 = AXIS2_PLACEMENT_3D ( 'NONE', #760, #7344, #3304 ) ;
#912 = AXIS2_PLACEMENT_3D ( 'NONE', #7942, #10482, #3099 ) ;
#913 = FACE_OUTER_BOUND ( 'NONE', #4105, .T. ) ;
#914 = DIRECTION ( 'NONE',  ( 0.000000000000000000, 0.000000000000000000, 1.000000000000000000 ) ) ;
#915 = EDGE_CURVE ( 'NONE', #5656, #1659, #8293, .T. ) ;
#916 = LINE ( 'NONE', #6733, #8694 ) ;
#917 = CARTESIAN_POINT ( 'NONE',  ( -0.06895822148979684207, 1.287401574803149540, -0.5629921259842519676 ) ) ;
#918 = LINE ( 'NONE', #5231, #6187 ) ;
#919 = VECTOR ( 'NONE', #502, 39.37007874015748143 ) ;
#920 = VERTEX_POINT ( 'NONE', #7592 ) ;
#921 = EDGE_LOOP ( 'NONE', ( #4955, #4241, #3049, #3320 ) ) ;
#922 = VECTOR ( 'NONE', #1755, 39.37007874015748143 ) ;
#923 = EDGE_CURVE ( 'NONE', #4296, #6729, #9214, .T. ) ;
#924 = FACE_OUTER_BOUND ( 'NONE', #6122, .T. ) ;
#925 = EDGE_CURVE ( 'NONE', #2341, #9661, #628, .T. ) ;
#926 = ORIENTED_EDGE ( 'NONE', *, *, #5292, .T. ) ;
#927 = APPLICATION_PROTOCOL_DEFINITION ( 'international standard', 'config_control_design', 1994, #4388 ) ;
#928 = VERTEX_POINT ( 'NONE', #10017 ) ;
#929 = DIRECTION ( 'NONE',  ( 1.000000000000000000, 0.000000000000000000, 0.000000000000000000 ) ) ;
#930 = VECTOR ( 'NONE', #9829, 39.37007874015748143 ) ;
#931 = CIRCLE ( 'NONE', #7827, 0.1279527559055117780 ) ;
#932 = VECTOR ( 'NONE', #8614, 39.37007874015748143 ) ;
#933 = VECTOR ( 'NONE', #10681, 39.37007874015748143 ) ;
#934 = LINE ( 'NONE', #9336, #5110 ) ;
#935 = CARTESIAN_POINT ( 'NONE',  ( 0.3523622047244094335, 0.4685039370078740717, 0.4251968503937008093 ) ) ;
#936 = DIRECTION ( 'NONE',  ( 1.000000000000000000, 0.000000000000000000, 3.707644274607585534E-15 ) ) ;
#937 = ORIENTED_EDGE ( 'NONE', *, *, #923, .F. ) ;
#938 = PLANE ( 'NONE',  #3546 ) ;
#939 = EDGE_LOOP ( 'NONE', ( #767, #5079, #7500, #2306, #2133, #6192, #5066, #5685, #9613, #4411 ) ) ;
#940 = EDGE_CURVE ( 'NONE', #2660, #4433, #7496, .T. ) ;
#941 = EDGE_CURVE ( 'NONE', #2033, #7861, #10150, .T. ) ;
#942 = FACE_OUTER_BOUND ( 'NONE', #2170, .T. ) ;
#943 = EDGE_CURVE ( 'NONE', #6829, #6973, #5740, .T. ) ;
#944 = ORIENTED_EDGE ( 'NONE', *, *, #975, .F. ) ;
#945 = CARTESIAN_POINT ( 'NONE',  ( 0.3523622047244094335, 0.000000000000000000, 0.2952755905511810774 ) ) ;
#946 = VECTOR ( 'NONE', #5540, 39.37007874015748143 ) ;
#947 = ORIENTED_EDGE ( 'NONE', *, *, #4569, .T. ) ;
#948 = ORIENTED_EDGE ( 'NONE', *, *, #7957, .F. ) ;
#949 = DIRECTION ( 'NONE',  ( 0.4999999999998469558, 0.000000000000000000, -0.8660254037845270814 ) ) ;
#950 = CARTESIAN_POINT ( 'NONE',  ( -0.03838582677165354451, 1.027559055118110409, -0.4094488188976377896 ) ) ;
#951 = FACE_OUTER_BOUND ( 'NONE', #1166, .T. ) ;
#952 = DIRECTION ( 'NONE',  ( 0.000000000000000000, 0.000000000000000000, 1.000000000000000000 ) ) ;
#953 = FACE_OUTER_BOUND ( 'NONE', #882, .T. ) ;
#954 = EDGE_CURVE ( 'NONE', #7363, #4531, #2102, .T. ) ;
#955 = CARTESIAN_POINT ( 'NONE',  ( 0.2204724409448818867, 0.7913385826771653919, 0.4433311932543322897 ) ) ;
#956 = ORIENTED_EDGE ( 'NONE', *, *, #9376, .T. ) ;
#957 = PLANE ( 'NONE',  #5936 ) ;
#958 = ORIENTED_EDGE ( 'NONE', *, *, #8552, .F. ) ;
#959 = DIRECTION ( 'NONE',  ( 0.000000000000000000, -1.000000000000000000, 0.000000000000000000 ) ) ;
#960 = LINE ( 'NONE', #7544, #10579 ) ;
#961 = CARTESIAN_POINT ( 'NONE',  ( -0.3937007874015748254, 0.1850393700787401619, 0.2755905511811023723 ) ) ;
#962 = DIRECTION ( 'NONE',  ( 0.000000000000000000, 0.000000000000000000, 1.000000000000000000 ) ) ;
#963 = ADVANCED_FACE ( 'NONE', ( #6080 ), #7870, .T. ) ;
#964 = ADVANCED_FACE ( 'NONE', ( #3726 ), #5383, .T. ) ;
#966 = ORIENTED_EDGE ( 'NONE', *, *, #3107, .F. ) ;
#965 = VECTOR ( 'NONE', #8973, 39.37007874015748854 ) ;
#967 = VECTOR ( 'NONE', #4157, 39.37007874015748143 ) ;
#968 = DIRECTION ( 'NONE',  ( -0.7071067811865492381, 0.7071067811865457964, -2.385244779468112121E-15 ) ) ;
#969 = AXIS2_PLACEMENT_3D ( 'NONE', #10480, #4609, #8641 ) ;
#970 = CARTESIAN_POINT ( 'NONE',  ( -0.07874015748031495954, 0.4855184551668063064, 0.1279527559055118058 ) ) ;
#971 = CARTESIAN_POINT ( 'NONE',  ( -0.07874015748031495954, 1.137795275590551158, 0.07874015748031495954 ) ) ;
#972 = LINE ( 'NONE', #6686, #4882 ) ;
#973 = FACE_OUTER_BOUND ( 'NONE', #9291, .T. ) ;
#974 = ORIENTED_EDGE ( 'NONE', *, *, #3921, .T. ) ;
#975 = EDGE_CURVE ( 'NONE', #7569, #137, #7753, .T. ) ;
#976 = VERTEX_POINT ( 'NONE', #8507 ) ;
#977 = CARTESIAN_POINT ( 'NONE',  ( 0.03838582677165354451, -0.09055118110236221041, 0.4251968503937008093 ) ) ;
#978 = ORIENTED_EDGE ( 'NONE', *, *, #6072, .F. ) ;
#979 = COORDINATED_UNIVERSAL_TIME_OFFSET ( 5, 0, .BEHIND. ) ;
#980 = ORIENTED_EDGE ( 'NONE', *, *, #9628, .T. ) ;
#981 = DIRECTION ( 'NONE',  ( 1.000000000000000000, 0.000000000000000000, 0.000000000000000000 ) ) ;
#982 = VECTOR ( 'NONE', #6851, 39.37007874015748854 ) ;
#983 = DIRECTION ( 'NONE',  ( -0.000000000000000000, 1.000000000000000000, 0.000000000000000000 ) ) ;
#984 = ADVANCED_FACE ( 'NONE', ( #8674 ), #6998, .F. ) ;
#985 = DIRECTION ( 'NONE',  ( -1.000000000000000000, 0.000000000000000000, 0.000000000000000000 ) ) ;
#986 = CARTESIAN_POINT ( 'NONE',  ( -0.3553149606299212948, 0.5472440944881890035, -0.6968503937007873850 ) ) ;
#987 = ORIENTED_EDGE ( 'NONE', *, *, #10576, .T. ) ;
#988 = CARTESIAN_POINT ( 'NONE',  ( -0.3553149606299212948, 1.027559055118110409, 0.4094488188976377896 ) ) ;
#989 = ORIENTED_EDGE ( 'NONE', *, *, #3845, .T. ) ;
#990 = PLANE ( 'NONE',  #6946 ) ;
#991 = EDGE_LOOP ( 'NONE', ( #245, #10090, #3684, #7788 ) ) ;
#992 = VECTOR ( 'NONE', #813, 39.37007874015748143 ) ;
#993 = DIRECTION ( 'NONE',  ( 1.000000000000000000, 0.000000000000000000, 0.000000000000000000 ) ) ;
#994 = EDGE_LOOP ( 'NONE', ( #3723, #7733, #1878, #7780 ) ) ;
#995 = EDGE_LOOP ( 'NONE', ( #926, #5083, #101, #9768 ) ) ;
#996 = DIRECTION ( 'NONE',  ( 1.000000000000000000, 0.000000000000000000, 0.000000000000000000 ) ) ;
#997 = DIRECTION ( 'NONE',  ( -1.788374717501859983E-15, -1.000000000000000000, 0.000000000000000000 ) ) ;
#998 = ADVANCED_FACE ( 'NONE', ( #10302 ), #10076, .F. ) ;
#999 = EDGE_CURVE ( 'NONE', #2515, #2715, #10126, .T. ) ;
#1000 = CARTESIAN_POINT ( 'NONE',  ( -0.09842519685039370636, 1.137795275590551158, -0.03543307086614173179 ) ) ;
#1001 = DIRECTION ( 'NONE',  ( 0.000000000000000000, 0.000000000000000000, -1.000000000000000000 ) ) ;
#1002 = CARTESIAN_POINT ( 'NONE',  ( -0.1732283464566929387, 0.7913385826771653919, 0.6747790429661397749 ) ) ;
#1003 =( BOUNDED_CURVE ( )  B_SPLINE_CURVE ( 3, ( #5458, #2004, #5291, #5344 ),
 .UNSPECIFIED., .F., .T. ) 
 B_SPLINE_CURVE_WITH_KNOTS ( ( 4, 4 ),
 ( 1.601570414739164949, 3.141592653589795781 ),
 .UNSPECIFIED. ) 
 CURVE ( )  GEOMETRIC_REPRESENTATION_ITEM ( )  RATIONAL_B_SPLINE_CURVE ( ( 1.000000000000000000, 0.8119352859618450546, 0.8119352859618450546, 1.000000000000000000 ) ) 
 REPRESENTATION_ITEM ( '' )  );
#1004 = DIRECTION ( 'NONE',  ( 3.707644274607585534E-15, 0.000000000000000000, 1.000000000000000000 ) ) ;
#1005 = VECTOR ( 'NONE', #596, 39.37007874015748143 ) ;
#1006 = ORIENTED_EDGE ( 'NONE', *, *, #4549, .F. ) ;
#1007 = VERTEX_POINT ( 'NONE', #8618 ) ;
#1008 = LINE ( 'NONE', #2631, #4905 ) ;
#1009 = EDGE_CURVE ( 'NONE', #9842, #9393, #8563, .T. ) ;
#1010 = VECTOR ( 'NONE', #6364, 39.37007874015748854 ) ;
#1011 = ORIENTED_EDGE ( 'NONE', *, *, #2523, .F. ) ;
#1012 = PLANE ( 'NONE',  #6584 ) ;
#1013 = CARTESIAN_POINT ( 'NONE',  ( -0.1358267716535433156, -0.09055118110236221041, 0.01968503937007873988 ) ) ;
#1014 = VECTOR ( 'NONE', #7968, 39.37007874015748143 ) ;
#1015 = LINE ( 'NONE', #9973, #9005 ) ;
#1016 = DIRECTION ( 'NONE',  ( 0.000000000000000000, 0.000000000000000000, 1.000000000000000000 ) ) ;
#1017 = ORIENTED_EDGE ( 'NONE', *, *, #8118, .T. ) ;
#1018 = VERTEX_POINT ( 'NONE', #2917 ) ;
#1019 = EDGE_CURVE ( 'NONE', #5723, #10455, #6197, .T. ) ;
#1020 = PLANE ( 'NONE',  #5991 ) ;
#1021 = LINE ( 'NONE', #10023, #10463 ) ;
#1022 = CARTESIAN_POINT ( 'NONE',  ( 0.4921259842519685179, 0.3897637795275590844, 0.9448818897637796255 ) ) ;
#1023 = CARTESIAN_POINT ( 'NONE',  ( -0.2204724409448818867, 0.6456692913385827515, 0.4433311932543378409 ) ) ;
#1024 = CARTESIAN_POINT ( 'NONE',  ( 0.03838582677165354451, 1.027559055118110409, -0.4094488188976377896 ) ) ;
#1025 = ORIENTED_EDGE ( 'NONE', *, *, #940, .F. ) ;
#1026 = VERTEX_POINT ( 'NONE', #9317 ) ;
#1027 = CARTESIAN_POINT ( 'NONE',  ( -0.3937007874015748254, 0.4905511811023622326, 0.6968503937007873850 ) ) ;
#1028 = ORIENTED_EDGE ( 'NONE', *, *, #5876, .F. ) ;
#1029 = CARTESIAN_POINT ( 'NONE',  ( 0.3937007874015748254, 0.4685039370078740717, -0.6377952755905511584 ) ) ;
#1030 = ORIENTED_EDGE ( 'NONE', *, *, #9697, .F. ) ;
#1031 = EDGE_CURVE ( 'NONE', #3370, #9282, #2696, .T. ) ;
#1032 = ADVANCED_FACE ( 'NONE', ( #4469 ), #10246, .T. ) ;
#1033 = PLANE ( 'NONE',  #8226 ) ;
#1034 = LINE ( 'NONE', #4440, #9767 ) ;
#1035 = DIRECTION ( 'NONE',  ( -1.000000000000000000, 0.000000000000000000, 0.000000000000000000 ) ) ;
#1036 = DIRECTION ( 'NONE',  ( 0.000000000000000000, 0.000000000000000000, -1.000000000000000000 ) ) ;
#1037 = VECTOR ( 'NONE', #680, 39.37007874015748143 ) ;
#1038 = ORIENTED_EDGE ( 'NONE', *, *, #2422, .T. ) ;
#1039 = PLANE ( 'NONE',  #3898 ) ;
#1040 = VERTEX_POINT ( 'NONE', #1296 ) ;
#1041 = CARTESIAN_POINT ( 'NONE',  ( 0.3937007874015748254, 0.1850393700787401619, 0.9448818897637796255 ) ) ;
#1042 = ORIENTED_EDGE ( 'NONE', *, *, #5791, .F. ) ;
#1043 = DIRECTION ( 'NONE',  ( 1.000000000000000000, 0.000000000000000000, 0.000000000000000000 ) ) ;
#1044 = EDGE_CURVE ( 'NONE', #6025, #6490, #1233, .T. ) ;
#1045 = ORIENTED_EDGE ( 'NONE', *, *, #2939, .T. ) ;
#1046 = ORIENTED_EDGE ( 'NONE', *, *, #3705, .F. ) ;
#1047 = PRODUCT_DEFINITION_FORMATION_WITH_SPECIFIED_SOURCE ( 'ANY', '', #1471, .NOT_KNOWN. ) ;
#1048 = B_SPLINE_CURVE_WITH_KNOTS ( 'NONE', 3,
 ( #1902, #6048, #7564, #2825, #6852, #6108 ),
 .UNSPECIFIED., .F., .F.,
 ( 4, 2, 4 ),
 ( 0.000000000000000000, 0.5000000000000000000, 1.000000000000000000 ),
 .UNSPECIFIED. ) ;
#1049 = PLANE ( 'NONE',  #5588 ) ;
#1050 = CARTESIAN_POINT ( 'NONE',  ( 0.2657480314960630197, 1.307328710460744059, 0.5354330708661416693 ) ) ;
#1051 = PLANE ( 'NONE',  #4221 ) ;
#1052 = CARTESIAN_POINT ( 'NONE',  ( -0.3937007874015748254, 0.1850393700787401619, 0.2755905511811023723 ) ) ;
#1053 = ORIENTED_EDGE ( 'NONE', *, *, #4155, .F. ) ;
#1054 = ADVANCED_FACE ( 'NONE', ( #7810 ), #427, .F. ) ;
#1055 = DIRECTION ( 'NONE',  ( 1.000000000000000000, 0.000000000000000000, 0.000000000000000000 ) ) ;
#1056 = LINE ( 'NONE', #4407, #9171 ) ;
#1057 = EDGE_CURVE ( 'NONE', #382, #1756, #4353, .T. ) ;
#1058 = EDGE_LOOP ( 'NONE', ( #6932, #6232, #1572, #5837 ) ) ;
#1059 = EDGE_CURVE ( 'NONE', #1304, #5007, #1932, .T. ) ;
#1060 = ORIENTED_EDGE ( 'NONE', *, *, #9516, .F. ) ;
#1061 = LINE ( 'NONE', #2794, #2676 ) ;
#1062 = ORIENTED_EDGE ( 'NONE', *, *, #7467, .T. ) ;
#1063 = DIRECTION ( 'NONE',  ( 0.000000000000000000, 0.000000000000000000, -1.000000000000000000 ) ) ;
#1064 = LINE ( 'NONE', #7436, #10417 ) ;
#1065 = DIRECTION ( 'NONE',  ( 0.000000000000000000, 0.000000000000000000, 1.000000000000000000 ) ) ;
#1066 = CARTESIAN_POINT ( 'NONE',  ( -0.3798818897637795122, 0.5472440944881890035, 0.9448818897637796255 ) ) ;
#1067 = EDGE_CURVE ( 'NONE', #4024, #3166, #6883, .T. ) ;
#1068 = ORIENTED_EDGE ( 'NONE', *, *, #6017, .T. ) ;
#1069 = VECTOR ( 'NONE', #3472, 39.37007874015748143 ) ;
#1070 = CARTESIAN_POINT ( 'NONE',  ( -0.1041908113939655905, 1.297383991755641786, 0.03543307086614171098 ) ) ;
#1071 = FACE_OUTER_BOUND ( 'NONE', #9331, .T. ) ;
#1072 = ORIENTED_EDGE ( 'NONE', *, *, #10504, .F. ) ;
#1073 = CARTESIAN_POINT ( 'NONE',  ( 0.07874015748031495954, -0.03543307086614173179, 0.1279527559055118058 ) ) ;
#1074 = DIRECTION ( 'NONE',  ( 0.000000000000000000, -1.000000000000000000, 0.000000000000000000 ) ) ;
#1075 = CARTESIAN_POINT ( 'NONE',  ( -0.1279527559055118058, 0.7913385826771653919, -0.5354330708661416693 ) ) ;
#1076 = DIRECTION ( 'NONE',  ( 0.000000000000000000, 1.000000000000000000, 0.000000000000000000 ) ) ;
#1077 = VERTEX_POINT ( 'NONE', #5598 ) ;
#1078 = AXIS2_PLACEMENT_3D ( 'NONE', #6373, #8858, #4766 ) ;
#1079 = ORIENTED_EDGE ( 'NONE', *, *, #7899, .F. ) ;
#1080 = EDGE_CURVE ( 'NONE', #7171, #196, #5542, .T. ) ;
#1081 = CARTESIAN_POINT ( 'NONE',  ( 0.01968503937007873988, -0.1102362204724409434, 0.4881889763779527769 ) ) ;
#1082 = AXIS2_PLACEMENT_3D ( 'NONE', #6325, #1321, #6166 ) ;
#1083 = VERTEX_POINT ( 'NONE', #582 ) ;
#1084 = APPROVAL_STATUS ( 'not_yet_approved' ) ;
#1085 = ORIENTED_EDGE ( 'NONE', *, *, #4929, .T. ) ;
#1086 = AXIS2_PLACEMENT_3D ( 'NONE', #5821, #9107, #1726 ) ;
#1087 = DIRECTION ( 'NONE',  ( -1.000000000000000000, 0.000000000000000000, 0.000000000000000000 ) ) ;
#1088 = PLANE ( 'NONE',  #7872 ) ;
#1089 = DIRECTION ( 'NONE',  ( 1.000000000000000000, 0.000000000000000000, 0.000000000000000000 ) ) ;
#1090 = VECTOR ( 'NONE', #6809, 39.37007874015748143 ) ;
#1091 = LINE ( 'NONE', #6908, #1184 ) ;
#1092 = VERTEX_POINT ( 'NONE', #8024 ) ;
#1093 = DIRECTION ( 'NONE',  ( 0.000000000000000000, -1.000000000000000000, 0.000000000000000000 ) ) ;
#1094 = VERTEX_POINT ( 'NONE', #7261 ) ;
#1095 = EDGE_CURVE ( 'NONE', #9840, #5656, #4792, .T. ) ;
#1096 = ADVANCED_FACE ( 'NONE', ( #1557 ), #8733, .F. ) ;
#1097 = DIRECTION ( 'NONE',  ( 0.000000000000000000, -1.000000000000000000, 0.000000000000000000 ) ) ;
#1098 = VECTOR ( 'NONE', #4706, 39.37007874015748143 ) ;
#1099 = VERTEX_POINT ( 'NONE', #1351 ) ;
#1100 = FACE_OUTER_BOUND ( 'NONE', #7777, .T. ) ;
#1101 = EDGE_LOOP ( 'NONE', ( #6529, #8364, #5818, #4908 ) ) ;
#1102 = VECTOR ( 'NONE', #8978, 39.37007874015748143 ) ;
#1103 = AXIS2_PLACEMENT_3D ( 'NONE', #689, #40, #9914 ) ;
#1104 = VERTEX_POINT ( 'NONE', #2369 ) ;
#1105 = VECTOR ( 'NONE', #3347, 39.37007874015748143 ) ;
#1106 = LINE ( 'NONE', #4397, #2717 ) ;
#1107 = DIRECTION ( 'NONE',  ( 1.000000000000000000, 0.000000000000000000, 0.000000000000000000 ) ) ;
#1108 = DIRECTION ( 'NONE',  ( 0.000000000000000000, -1.000000000000000000, 0.000000000000000000 ) ) ;
#1109 = CARTESIAN_POINT ( 'NONE',  ( 0.07874015748031495954, 0.1850393700787401619, -0.1279527559055118058 ) ) ;
#1110 = ORIENTED_EDGE ( 'NONE', *, *, #8244, .T. ) ;
#1111 = CARTESIAN_POINT ( 'NONE',  ( 0.2933070866141732624, 0.000000000000000000, 0.2952755905511810774 ) ) ;
#1112 = VECTOR ( 'NONE', #7100, 39.37007874015748143 ) ;
#1113 = AXIS2_PLACEMENT_3D ( 'NONE', #2549, #2706, #7552 ) ;
#1114 = AXIS2_PLACEMENT_3D ( 'NONE', #7092, #6419, #3202 ) ;
#1115 = CARTESIAN_POINT ( 'NONE',  ( 0.3553149606299212948, 1.027559055118110409, -0.4094488188976377896 ) ) ;
#1116 = DIRECTION ( 'NONE',  ( 1.000000000000000000, 0.000000000000000000, 0.000000000000000000 ) ) ;
#1117 = EDGE_LOOP ( 'NONE', ( #8611, #5362, #5180, #10658 ) ) ;
#1118 = ORIENTED_EDGE ( 'NONE', *, *, #2613, .F. ) ;
#1119 = DIRECTION ( 'NONE',  ( 1.000000000000000000, 0.000000000000000000, 0.000000000000000000 ) ) ;
#1120 = AXIS2_PLACEMENT_3D ( 'NONE', #1919, #5203, #10392 ) ;
#1121 = ORIENTED_EDGE ( 'NONE', *, *, #9159, .T. ) ;
#1122 = LINE ( 'NONE', #4412, #7799 ) ;
#1123 = CARTESIAN_POINT ( 'NONE',  ( -0.04330708661417323468, -0.09055118110236221041, -0.07874015748031495954 ) ) ;
#1124 = CARTESIAN_POINT ( 'NONE',  ( -0.1968503937007874127, 0.8385826771609488084, 0.5354330708661416693 ) ) ;
#1125 = EDGE_CURVE ( 'NONE', #5693, #258, #4688, .T. ) ;
#1126 = LINE ( 'NONE', #2919, #3092 ) ;
#1127 = AXIS2_PLACEMENT_3D ( 'NONE', #2944, #1207, #1259 ) ;
#1128 = ORIENTED_EDGE ( 'NONE', *, *, #6102, .T. ) ;
#1129 = DIRECTION ( 'NONE',  ( 0.000000000000000000, -1.000000000000000000, 0.000000000000000000 ) ) ;
#1130 = DIRECTION ( 'NONE',  ( 0.000000000000000000, 1.334402673828313438E-15, 1.000000000000000000 ) ) ;
#1131 = ORIENTED_EDGE ( 'NONE', *, *, #1197, .F. ) ;
#1132 = FACE_OUTER_BOUND ( 'NONE', #5312, .T. ) ;
#1133 = EDGE_CURVE ( 'NONE', #1099, #3944, #3832, .T. ) ;
#1134 = CARTESIAN_POINT ( 'NONE',  ( -0.3937007874015748254, 1.264918337073287491, 0.5629921259842519676 ) ) ;
#1135 = CARTESIAN_POINT ( 'NONE',  ( -0.3681183297398389898, 1.294995283881056336, 0.02138307869534581546 ) ) ;
#1136 = EDGE_CURVE ( 'NONE', #10262, #3588, #6249, .T. ) ;
#1137 = FACE_OUTER_BOUND ( 'NONE', #3924, .T. ) ;
#1138 = EDGE_CURVE ( 'NONE', #4425, #3020, #9753, .T. ) ;
#1139 = ORIENTED_EDGE ( 'NONE', *, *, #9162, .T. ) ;
#1140 = ORIENTED_EDGE ( 'NONE', *, *, #4512, .F. ) ;
#1141 = CARTESIAN_POINT ( 'NONE',  ( 0.3937007874015748254, 0.4905511811023622326, 0.9448818897637796255 ) ) ;
#1142 = VERTEX_POINT ( 'NONE', #1451 ) ;
#1143 = COORDINATED_UNIVERSAL_TIME_OFFSET ( 5, 0, .BEHIND. ) ;
#1144 = EDGE_LOOP ( 'NONE', ( #4524, #5973, #3116, #5844 ) ) ;
#1145 = CIRCLE ( 'NONE', #8540, 0.1181102362204724116 ) ;
#1146 = LINE ( 'NONE', #9989, #4094 ) ;
#1147 = EDGE_CURVE ( 'NONE', #8180, #7916, #8500, .T. ) ;
#1148 = DIRECTION ( 'NONE',  ( 0.000000000000000000, -1.000000000000000000, 0.000000000000000000 ) ) ;
#1149 = CARTESIAN_POINT ( 'NONE',  ( -0.4921259842519685179, 0.5000000000000000000, -0.9448818897637796255 ) ) ;
#1150 = LINE ( 'NONE', #6746, #8592 ) ;
#1151 = VERTEX_POINT ( 'NONE', #9541 ) ;
#1152 = VECTOR ( 'NONE', #7230, 39.37007874015748143 ) ;
#1153 = DIRECTION ( 'NONE',  ( 0.000000000000000000, -1.000000000000000000, 0.000000000000000000 ) ) ;
#1154 = ORIENTED_EDGE ( 'NONE', *, *, #9374, .F. ) ;
#1155 = FACE_OUTER_BOUND ( 'NONE', #7081, .T. ) ;
#1156 = ORIENTED_EDGE ( 'NONE', *, *, #8873, .F. ) ;
#1157 = DIRECTION ( 'NONE',  ( 1.788374717501859983E-15, -1.000000000000000000, 0.000000000000000000 ) ) ;
#1158 = ORIENTED_EDGE ( 'NONE', *, *, #6625, .F. ) ;
#1159 = EDGE_LOOP ( 'NONE', ( #10000, #9893, #2950, #9424 ) ) ;
#1160 = DIRECTION ( 'NONE',  ( 0.000000000000000000, 0.000000000000000000, 1.000000000000000000 ) ) ;
#1161 = EDGE_CURVE ( 'NONE', #6651, #5175, #3885, .T. ) ;
#1162 = EDGE_CURVE ( 'NONE', #2911, #3480, #3077, .T. ) ;
#1163 = DIRECTION ( 'NONE',  ( 0.000000000000000000, -1.000000000000000000, 0.000000000000000000 ) ) ;
#1164 = DIRECTION ( 'NONE',  ( 0.000000000000000000, 0.000000000000000000, -1.000000000000000000 ) ) ;
#1165 = DIRECTION ( 'NONE',  ( -1.000000000000000000, 0.000000000000000000, 0.000000000000000000 ) ) ;
#1166 = EDGE_LOOP ( 'NONE', ( #9030, #1741, #1068, #7706, #167, #8297, #8477, #5601, #6954, #5489, #8788, #9269, #4600, #9158, #825, #2670 ) ) ;
#1167 = LINE ( 'NONE', #5322, #1485 ) ;
#1168 = AXIS2_PLACEMENT_3D ( 'NONE', #8816, #3007, #2951 ) ;
#1169 = DIRECTION ( 'NONE',  ( 0.000000000000000000, 1.000000000000000000, 0.000000000000000000 ) ) ;
#1170 = DIRECTION ( 'NONE',  ( 0.000000000000000000, 1.000000000000000000, 0.000000000000000000 ) ) ;
#1171 = ORIENTED_EDGE ( 'NONE', *, *, #5300, .T. ) ;
#1172 = ORIENTED_EDGE ( 'NONE', *, *, #9928, .T. ) ;
#1173 = LINE ( 'NONE', #9311, #8004 ) ;
#1174 = ADVANCED_FACE ( 'NONE', ( #8073 ), #2972, .F. ) ;
#1175 = ADVANCED_FACE ( 'NONE', ( #2161 ), #10556, .T. ) ;
#1176 = ORIENTED_EDGE ( 'NONE', *, *, #5093, .T. ) ;
#1177 = CARTESIAN_POINT ( 'NONE',  ( 0.1968503937007874127, 0.8385826771609488084, -0.5826771653543307838 ) ) ;
#1178 = CARTESIAN_POINT ( 'NONE',  ( -0.1181102362204724532, 1.283464566929133799, 0.05511811023622047168 ) ) ;
#1179 = DIRECTION ( 'NONE',  ( 1.000000000000000000, 0.000000000000000000, 0.000000000000000000 ) ) ;
#1180 = PLANE ( 'NONE',  #2230 ) ;
#1181 = ORIENTED_EDGE ( 'NONE', *, *, #1136, .T. ) ;
#1182 = CC_DESIGN_DATE_AND_TIME_ASSIGNMENT ( #6696, #4273, ( #8175 ) ) ;
#1183 = CARTESIAN_POINT ( 'NONE',  ( 0.1968503937007874127, 0.7440944881889763884, 0.6771653543307086798 ) ) ;
#1184 = VECTOR ( 'NONE', #9401, 39.37007874015748143 ) ;
#1185 = CARTESIAN_POINT ( 'NONE',  ( 0.1476377952755905387, -0.03543307086614173179, 0.1279527559055118058 ) ) ;
#1187 = ORIENTED_EDGE ( 'NONE', *, *, #941, .T. ) ;
#1186 = ORIENTED_EDGE ( 'NONE', *, *, #8087, .T. ) ;
#1188 = FACE_OUTER_BOUND ( 'NONE', #7701, .T. ) ;
#1189 = CARTESIAN_POINT ( 'NONE',  ( -0.3937007874015748254, -0.09055118110236221041, 0.2755905511811023723 ) ) ;
#1190 = FACE_OUTER_BOUND ( 'NONE', #10141, .T. ) ;
#1191 = CARTESIAN_POINT ( 'NONE',  ( -0.03838582677165354451, 0.1850393700787401619, 0.4251968503937008093 ) ) ;
#1192 = ORIENTED_EDGE ( 'NONE', *, *, #6316, .T. ) ;
#1193 = EDGE_CURVE ( 'NONE', #7719, #7894, #7107, .T. ) ;
#1194 = ORIENTED_EDGE ( 'NONE', *, *, #7529, .F. ) ;
#1195 = CARTESIAN_POINT ( 'NONE',  ( -0.3646060365898282085, 1.301028088653735981, 0.03543307086614172485 ) ) ;
#1196 = VERTEX_POINT ( 'NONE', #3930 ) ;
#1197 = EDGE_CURVE ( 'NONE', #166, #3697, #10407, .T. ) ;
#1198 = VERTEX_POINT ( 'NONE', #7213 ) ;
#1199 = EDGE_CURVE ( 'NONE', #4670, #1768, #9187, .T. ) ;
#1200 = DIRECTION ( 'NONE',  ( 1.000000000000000000, 0.000000000000000000, 0.000000000000000000 ) ) ;
#1201 = LINE ( 'NONE', #385, #7981 ) ;
#1202 = CARTESIAN_POINT ( 'NONE',  ( -0.07874015748031495954, 0.1850393700787401619, 0.1279527559055118058 ) ) ;
#1203 = DIRECTION ( 'NONE',  ( 0.000000000000000000, 1.000000000000000000, -3.469446951953609850E-15 ) ) ;
#1204 = CARTESIAN_POINT ( 'NONE',  ( -0.07874015748031495954, 0.000000000000000000, -0.9448818897637796255 ) ) ;
#1205 = CARTESIAN_POINT ( 'NONE',  ( 0.2657480314960630197, 0.8385826771609488084, 0.5590551181102362266 ) ) ;
#1206 = VERTEX_POINT ( 'NONE', #7967 ) ;
#1207 = DIRECTION ( 'NONE',  ( 0.000000000000000000, -1.000000000000000000, 0.000000000000000000 ) ) ;
#1208 = ORIENTED_EDGE ( 'NONE', *, *, #1211, .F. ) ;
#1209 = CARTESIAN_POINT ( 'NONE',  ( -0.07874015748031495954, 1.137795275590551158, -0.07874015748031495954 ) ) ;
#1210 = ORIENTED_EDGE ( 'NONE', *, *, #811, .T. ) ;
#1211 = EDGE_CURVE ( 'NONE', #558, #6872, #10228, .T. ) ;
#1212 = CARTESIAN_POINT ( 'NONE',  ( 0.1732283464566929387, 0.7913385826771653919, -0.5354330708661416693 ) ) ;
#1213 = ORIENTED_EDGE ( 'NONE', *, *, #53, .F. ) ;
#1214 = ORIENTED_EDGE ( 'NONE', *, *, #9064, .T. ) ;
#1215 = LINE ( 'NONE', #4505, #8748 ) ;
#1216 = EDGE_LOOP ( 'NONE', ( #8550, #2792, #6710, #873 ) ) ;
#1217 = CARTESIAN_POINT ( 'NONE',  ( -0.1732283464566929387, 0.7913385826771653919, 0.5354330708661416693 ) ) ;
#1218 = DIRECTION ( 'NONE',  ( 0.000000000000000000, 1.000000000000000000, 0.000000000000000000 ) ) ;
#1219 = CARTESIAN_POINT ( 'NONE',  ( 0.000000000000000000, 0.000000000000000000, 0.4881889763779527769 ) ) ;
#1220 = ORIENTED_EDGE ( 'NONE', *, *, #3063, .F. ) ;
#1221 = PLANE ( 'NONE',  #263 ) ;
#1222 = LINE ( 'NONE', #7096, #6423 ) ;
#1223 = AXIS2_PLACEMENT_3D ( 'NONE', #10661, #8015, #10546 ) ;
#1224 = EDGE_CURVE ( 'NONE', #6878, #3650, #3286, .T. ) ;
#1225 = CARTESIAN_POINT ( 'NONE',  ( -0.2362204724409449064, 1.137795275590551158, -0.01968503937007873988 ) ) ;
#1226 = VERTEX_POINT ( 'NONE', #9097 ) ;
#1227 = ORIENTED_EDGE ( 'NONE', *, *, #5702, .F. ) ;
#1228 = DIRECTION ( 'NONE',  ( 0.000000000000000000, -1.000000000000000000, 0.000000000000000000 ) ) ;
#1229 = ORIENTED_EDGE ( 'NONE', *, *, #7944, .T. ) ;
#1230 = DIRECTION ( 'NONE',  ( 0.000000000000000000, -1.000000000000000000, 0.000000000000000000 ) ) ;
#1231 = AXIS2_PLACEMENT_3D ( 'NONE', #3811, #3641, #2948 ) ;
#1232 = DIRECTION ( 'NONE',  ( 0.000000000000000000, 0.000000000000000000, 1.000000000000000000 ) ) ;
#1233 = LINE ( 'NONE', #261, #5058 ) ;
#1234 = CARTESIAN_POINT ( 'NONE',  ( 0.1732283464566929387, 0.7913385826771653919, 0.5826771653543307838 ) ) ;
#1235 = EDGE_CURVE ( 'NONE', #4284, #4161, #848, .T. ) ;
#1236 = ADVANCED_FACE ( 'NONE', ( #1610 ), #7377, .T. ) ;
#1237 = VERTEX_POINT ( 'NONE', #2472 ) ;
#1238 = LINE ( 'NONE', #3667, #2836 ) ;
#1239 = CARTESIAN_POINT ( 'NONE',  ( 0.1968503937006692850, 0.2837642458494043507, 0.5590551181102362266 ) ) ;
#1240 = VERTEX_POINT ( 'NONE', #4140 ) ;
#1241 = PLANE ( 'NONE',  #7000 ) ;
#1242 = FACE_OUTER_BOUND ( 'NONE', #8541, .T. ) ;
#1243 = CARTESIAN_POINT ( 'NONE',  ( 0.2204724409448818867, 1.307328710460744059, 0.5826771653543307838 ) ) ;
#1244 = ORIENTED_EDGE ( 'NONE', *, *, #7781, .F. ) ;
#1245 = ORIENTED_EDGE ( 'NONE', *, *, #5653, .F. ) ;
#1246 = DIRECTION ( 'NONE',  ( 0.000000000000000000, 1.000000000000000000, 0.000000000000000000 ) ) ;
#1247 = VERTEX_POINT ( 'NONE', #1668 ) ;
#1248 = PERSON_AND_ORGANIZATION ( #8048, #9148 ) ;
#1249 = VERTEX_POINT ( 'NONE', #10618 ) ;
#1250 = CARTESIAN_POINT ( 'NONE',  ( -0.8089517089263602578, 0.8741532311472892669, 0.9448818897637796255 ) ) ;
#1251 = CARTESIAN_POINT ( 'NONE',  ( 0.000000000000000000, 0.000000000000000000, -0.9448818897637796255 ) ) ;
#1252 = CARTESIAN_POINT ( 'NONE',  ( -0.1968503937007480276, 0.2837642458494043507, 0.4311023622047244208 ) ) ;
#1253 = AXIS2_PLACEMENT_3D ( 'NONE', #5355, #7726, #4550 ) ;
#1254 = CARTESIAN_POINT ( 'NONE',  ( 0.2204724409448818867, 0.6456692913385827515, -0.4433311932543378409 ) ) ;
#1255 = VECTOR ( 'NONE', #4467, 39.37007874015748143 ) ;
#1256 = DIRECTION ( 'NONE',  ( 0.000000000000000000, 0.000000000000000000, -1.000000000000000000 ) ) ;
#1257 = VERTEX_POINT ( 'NONE', #4951 ) ;
#1258 = EDGE_CURVE ( 'NONE', #7916, #10485, #7426, .T. ) ;
#1259 = DIRECTION ( 'NONE',  ( 0.000000000000000000, 0.000000000000000000, -1.000000000000000000 ) ) ;
#1260 = VECTOR ( 'NONE', #3549, 39.37007874015748143 ) ;
#1261 = ORIENTED_EDGE ( 'NONE', *, *, #6143, .F. ) ;
#1262 = LINE ( 'NONE', #7732, #9358 ) ;
#1263 = ORIENTED_EDGE ( 'NONE', *, *, #10305, .T. ) ;
#1264 = CARTESIAN_POINT ( 'NONE',  ( -0.3641513641753839070, 0.000000000000000000, -0.4881889763779527769 ) ) ;
#1265 = VECTOR ( 'NONE', #1515, 39.37007874015748854 ) ;
#1266 = VERTEX_POINT ( 'NONE', #36 ) ;
#1267 = ORIENTED_EDGE ( 'NONE', *, *, #170, .T. ) ;
#1268 = CARTESIAN_POINT ( 'NONE',  ( 0.3553149606299212948, 0.6062992125984252301, -0.7165354330708662012 ) ) ;
#1269 = VECTOR ( 'NONE', #1256, 39.37007874015748143 ) ;
#1270 = ORIENTED_EDGE ( 'NONE', *, *, #6216, .F. ) ;
#1271 = CARTESIAN_POINT ( 'NONE',  ( -0.3328037025889188372, 1.197516852040300783, 0.04529286544746529558 ) ) ;
#1272 = DIRECTION ( 'NONE',  ( 0.000000000000000000, 0.000000000000000000, -1.000000000000000000 ) ) ;
#1273 = CARTESIAN_POINT ( 'NONE',  ( 0.3937007874015748254, 0.000000000000000000, -0.4881889763779527769 ) ) ;
#1274 = EDGE_CURVE ( 'NONE', #6199, #4994, #6507, .T. ) ;
#1275 = ORIENTED_EDGE ( 'NONE', *, *, #5493, .F. ) ;
#1276 = ADVANCED_FACE ( 'NONE', ( #8284 ), #6612, .T. ) ;
#1277 = CARTESIAN_POINT ( 'NONE',  ( -0.4921259842519685179, 1.287401574803149540, -0.5629921259842519676 ) ) ;
#1278 = AXIS2_PLACEMENT_3D ( 'NONE', #9598, #2215, #5496 ) ;
#1279 = ADVANCED_FACE ( 'NONE', ( #4192 ), #8185, .F. ) ;
#1280 = PLANE ( 'NONE',  #5572 ) ;
#1281 = VECTOR ( 'NONE', #2242, 39.37007874015748143 ) ;
#1282 = AXIS2_PLACEMENT_3D ( 'NONE', #9971, #10125, #9105 ) ;
#1283 = LINE ( 'NONE', #7860, #177 ) ;
#1284 = ORIENTED_EDGE ( 'NONE', *, *, #6072, .T. ) ;
#1285 = EDGE_LOOP ( 'NONE', ( #7250, #3414, #7850, #780 ) ) ;
#1286 = CARTESIAN_POINT ( 'NONE',  ( 0.03838582677165354451, 1.027559055118110409, -0.8818897637795275468 ) ) ;
#1287 = CIRCLE ( 'NONE', #3355, 0.1181102362204724116 ) ;
#1288 = ORIENTED_EDGE ( 'NONE', *, *, #8051, .T. ) ;
#1289 = VECTOR ( 'NONE', #9330, 39.37007874015748143 ) ;
#1290 = DIRECTION ( 'NONE',  ( -1.000000000000000000, 0.000000000000000000, 0.000000000000000000 ) ) ;
#1291 = VECTOR ( 'NONE', #7370, 39.37007874015748143 ) ;
#1292 = EDGE_CURVE ( 'NONE', #3064, #2629, #5699, .T. ) ;
#1293 = VECTOR ( 'NONE', #8301, 39.37007874015748143 ) ;
#1294 = FACE_OUTER_BOUND ( 'NONE', #9252, .T. ) ;
#1295 = AXIS2_PLACEMENT_3D ( 'NONE', #7630, #1272, #10341 ) ;
#1296 = CARTESIAN_POINT ( 'NONE',  ( -0.1279527559055118058, 0.8385826771609488084, -0.5826771653543307838 ) ) ;
#1297 = CARTESIAN_POINT ( 'NONE',  ( 0.3740157480314960647, 0.1850393700787401619, 0.2952755905511810774 ) ) ;
#1298 = CIRCLE ( 'NONE', #7318, 0.01968503937007871907 ) ;
#1299 = EDGE_LOOP ( 'NONE', ( #3330, #9895, #3826, #8511, #5992, #9902, #6356, #586 ) ) ;
#1300 = VECTOR ( 'NONE', #8192, 39.37007874015748143 ) ;
#1301 = DIRECTION ( 'NONE',  ( 0.000000000000000000, 0.000000000000000000, 1.000000000000000000 ) ) ;
#1302 = LINE ( 'NONE', #6256, #7341 ) ;
#1304 = VERTEX_POINT ( 'NONE', #4089 ) ;
#1303 = EDGE_LOOP ( 'NONE', ( #5196, #7508, #7885, #3427, #10159, #1580, #2921, #9274 ) ) ;
#1305 = FACE_OUTER_BOUND ( 'NONE', #3465, .T. ) ;
#1306 = EDGE_CURVE ( 'NONE', #88, #4296, #2120, .T. ) ;
#1307 = CARTESIAN_POINT ( 'NONE',  ( -0.1968503937007874127, 0.6456692913385827515, -0.6200787401574803237 ) ) ;
#1308 = ADVANCED_FACE ( 'NONE', ( #6905 ), #10377, .T. ) ;
#1309 = DIRECTION ( 'NONE',  ( -1.000000000000000000, 0.000000000000000000, 0.000000000000000000 ) ) ;
#1310 = CARTESIAN_POINT ( 'NONE',  ( -0.1358267716535433156, -0.09055118110236221041, -0.9448818897637796255 ) ) ;
#1311 = ORIENTED_EDGE ( 'NONE', *, *, #8849, .F. ) ;
#1312 = VECTOR ( 'NONE', #3475, 39.37007874015748143 ) ;
#1313 = ORIENTED_EDGE ( 'NONE', *, *, #3661, .F. ) ;
#1314 = ORIENTED_EDGE ( 'NONE', *, *, #7421, .T. ) ;
#1315 = VERTEX_POINT ( 'NONE', #4487 ) ;
#1316 = DIRECTION ( 'NONE',  ( 0.000000000000000000, 0.000000000000000000, 1.000000000000000000 ) ) ;
#1317 = DIRECTION ( 'NONE',  ( 4.078408702068345349E-15, 0.000000000000000000, 1.000000000000000000 ) ) ;
#1318 = LINE ( 'NONE', #7891, #8141 ) ;
#1319 = EDGE_CURVE ( 'NONE', #10108, #6623, #9615, .T. ) ;
#1320 = CARTESIAN_POINT ( 'NONE',  ( 0.03838582677165354451, 0.8700787401574804347, 0.9448818897637796255 ) ) ;
#1321 = DIRECTION ( 'NONE',  ( 0.000000000000000000, 0.000000000000000000, 1.000000000000000000 ) ) ;
#1322 = ORIENTED_EDGE ( 'NONE', *, *, #6201, .F. ) ;
#1323 = CARTESIAN_POINT ( 'NONE',  ( 0.2657480314960630197, 0.7913385826771653919, 0.5826771653543307838 ) ) ;
#1324 = ORIENTED_EDGE ( 'NONE', *, *, #3119, .F. ) ;
#1325 = CARTESIAN_POINT ( 'NONE',  ( -0.07874015748031495954, 0.6062992125984252301, -0.9448818897637796255 ) ) ;
#1326 = AXIS2_PLACEMENT_3D ( 'NONE', #7460, #5682, #1699 ) ;
#1327 = ORIENTED_EDGE ( 'NONE', *, *, #741, .F. ) ;
#1328 = CARTESIAN_POINT ( 'NONE',  ( 0.07874015748031495954, -0.05118110236220472370, 0.4960629921259842590 ) ) ;
#1329 = ORIENTED_EDGE ( 'NONE', *, *, #171, .F. ) ;
#1330 = ORIENTED_EDGE ( 'NONE', *, *, #82, .F. ) ;
#1331 = LINE ( 'NONE', #8601, #6495 ) ;
#1332 = EDGE_LOOP ( 'NONE', ( #5120, #1062, #8566, #4168 ) ) ;
#1333 = VECTOR ( 'NONE', #656, 39.37007874015748143 ) ;
#1334 = PLANE ( 'NONE',  #3391 ) ;
#1335 = AXIS2_PLACEMENT_3D ( 'NONE', #8369, #7673, #9179 ) ;
#1336 = DIRECTION ( 'NONE',  ( 0.000000000000000000, 1.000000000000000000, 0.000000000000000000 ) ) ;
#1337 = LINE ( 'NONE', #4624, #774 ) ;
#1338 = ORIENTED_EDGE ( 'NONE', *, *, #6694, .F. ) ;
#1339 = CARTESIAN_POINT ( 'NONE',  ( 0.3641513641753465480, 0.1850393700787401619, 0.4881889763779527769 ) ) ;
#1340 = CARTESIAN_POINT ( 'NONE',  ( 0.3937007874015748254, 0.1850393700787401619, -0.9448818897637796255 ) ) ;
#1341 = DIRECTION ( 'NONE',  ( 0.000000000000000000, 0.000000000000000000, 1.000000000000000000 ) ) ;
#1342 = ORIENTED_EDGE ( 'NONE', *, *, #808, .T. ) ;
#1343 = ORIENTED_EDGE ( 'NONE', *, *, #3097, .T. ) ;
#1344 = EDGE_CURVE ( 'NONE', #4668, #6117, #8700, .T. ) ;
#1345 = LINE ( 'NONE', #7209, #7828 ) ;
#1346 = EDGE_CURVE ( 'NONE', #8001, #602, #7939, .T. ) ;
#1347 = FACE_OUTER_BOUND ( 'NONE', #7813, .T. ) ;
#1348 = CARTESIAN_POINT ( 'NONE',  ( 0.07874015748031495954, -0.05118110236220472370, 0.8267716535433071723 ) ) ;
#1349 = AXIS2_PLACEMENT_3D ( 'NONE', #9024, #3314, #4933 ) ;
#1350 = DIRECTION ( 'NONE',  ( -3.707644274607580800E-15, 0.000000000000000000, 1.000000000000000000 ) ) ;
#1351 = CARTESIAN_POINT ( 'NONE',  ( 0.1358267716535433156, -0.04527559055118110520, 0.1279527559055118058 ) ) ;
#1352 = CARTESIAN_POINT ( 'NONE',  ( 0.000000000000000000, 0.1850393700787401619, -0.9448818897637796255 ) ) ;
#1353 = ORIENTED_EDGE ( 'NONE', *, *, #10376, .F. ) ;
#1354 = EDGE_CURVE ( 'NONE', #9547, #10385, #2070, .T. ) ;
#1355 = VECTOR ( 'NONE', #1522, 39.37007874015748143 ) ;
#1356 = DIRECTION ( 'NONE',  ( 1.000000000000000000, 0.000000000000000000, 0.000000000000000000 ) ) ;
#1357 = DIRECTION ( 'NONE',  ( 0.000000000000000000, 1.000000000000000000, -1.213093339843927959E-15 ) ) ;
#1358 = ORIENTED_EDGE ( 'NONE', *, *, #7989, .F. ) ;
#1359 = LINE ( 'NONE', #4532, #10626 ) ;
#1360 = CARTESIAN_POINT ( 'NONE',  ( -0.07874015748031495954, -0.1102362204724409434, 0.4566929133858267376 ) ) ;
#1361 = FACE_OUTER_BOUND ( 'NONE', #10601, .T. ) ;
#1362 = LINE ( 'NONE', #1310, #668 ) ;
#1363 = ORIENTED_EDGE ( 'NONE', *, *, #6073, .F. ) ;
#1364 = ORIENTED_EDGE ( 'NONE', *, *, #8354, .F. ) ;
#1365 = ORIENTED_EDGE ( 'NONE', *, *, #8525, .T. ) ;
#1366 = ADVANCED_FACE ( 'NONE', ( #1418 ), #2938, .F. ) ;
#1367 = AXIS2_PLACEMENT_3D ( 'NONE', #9290, #1904, #1036 ) ;
#1368 = EDGE_LOOP ( 'NONE', ( #8596, #2153 ) ) ;
#1369 = DIRECTION ( 'NONE',  ( 0.000000000000000000, 0.000000000000000000, -1.000000000000000000 ) ) ;
#1370 = PLANE ( 'NONE',  #1963 ) ;
#1371 = CARTESIAN_POINT ( 'NONE',  ( -0.4921259842519685179, 0.5000000000000000000, 0.9448818897637796255 ) ) ;
#1372 = AXIS2_PLACEMENT_3D ( 'NONE', #9497, #5508, #545 ) ;
#1373 = PLANE ( 'NONE',  #2632 ) ;
#1374 = CARTESIAN_POINT ( 'NONE',  ( 0.1732283464566929387, 0.8385826771609488084, -0.6747790429661397749 ) ) ;
#1375 = VERTEX_POINT ( 'NONE', #2824 ) ;
#1376 = VECTOR ( 'NONE', #7580, 39.37007874015748143 ) ;
#1377 = CARTESIAN_POINT ( 'NONE',  ( -0.1732283464566929387, 0.7913385826771653919, -0.5354330708661416693 ) ) ;
#1378 = ORIENTED_EDGE ( 'NONE', *, *, #5834, .F. ) ;
#1379 = CARTESIAN_POINT ( 'NONE',  ( -0.3634379719131735631, 1.295082152667224706, 0.05416465726739889269 ) ) ;
#1380 = ORIENTED_EDGE ( 'NONE', *, *, #160, .F. ) ;
#1381 = EDGE_CURVE ( 'NONE', #7328, #1497, #8802, .T. ) ;
#1382 = ADVANCED_FACE ( 'NONE', ( #3801 ), #10323, .T. ) ;
#1383 = CARTESIAN_POINT ( 'NONE',  ( -0.3553149606299212948, 0.8464566929133857665, 0.8818897637795275468 ) ) ;
#1384 = ORIENTED_EDGE ( 'NONE', *, *, #9976, .F. ) ;
#1385 = CARTESIAN_POINT ( 'NONE',  ( 0.1968503937007480276, 1.027559055118110409, -0.4311023622047244208 ) ) ;
#1386 = ORIENTED_EDGE ( 'NONE', *, *, #642, .T. ) ;
#1387 = PLANE ( 'NONE',  #5962 ) ;
#1388 = CARTESIAN_POINT ( 'NONE',  ( 0.1476377952755905387, 0.000000000000000000, -0.07874015748031495954 ) ) ;
#1389 = ORIENTED_EDGE ( 'NONE', *, *, #148, .F. ) ;
#1390 = CARTESIAN_POINT ( 'NONE',  ( 0.4537401574803149873, 1.195668597226736241, -0.5346211019915417806 ) ) ;
#1391 = CARTESIAN_POINT ( 'NONE',  ( 0.3553149606299212948, 0.8700787401574804347, -0.9448818897637796255 ) ) ;
#1392 = CARTESIAN_POINT ( 'NONE',  ( -0.3553149606299212948, 1.027559055118110409, -0.4094488188976377896 ) ) ;
#1393 = VERTEX_POINT ( 'NONE', #2234 ) ;
#1394 = ORIENTED_EDGE ( 'NONE', *, *, #4403, .F. ) ;
#1395 = CARTESIAN_POINT ( 'NONE',  ( -0.1968503937007874127, 0.6456692913385827515, 0.5590551181102362266 ) ) ;
#1396 = PLANE ( 'NONE',  #251 ) ;
#1397 = CARTESIAN_POINT ( 'NONE',  ( 0.07874015748031495954, 0.000000000000000000, -0.9448818897637796255 ) ) ;
#1398 = DIRECTION ( 'NONE',  ( 0.000000000000000000, 0.000000000000000000, -1.000000000000000000 ) ) ;
#1399 = DIRECTION ( 'NONE',  ( 0.000000000000000000, 0.000000000000000000, 1.000000000000000000 ) ) ;
#1400 = AXIS2_PLACEMENT_3D ( 'NONE', #1660, #6388, #1496 ) ;
#1401 = EDGE_CURVE ( 'NONE', #4572, #8261, #6272, .T. ) ;
#1402 = ADVANCED_FACE ( 'NONE', ( #7023 ), #8754, .T. ) ;
#1403 = ORIENTED_EDGE ( 'NONE', *, *, #3217, .F. ) ;
#1404 = DIRECTION ( 'NONE',  ( 0.000000000000000000, 0.7071067811865494601, -0.7071067811865454633 ) ) ;
#1405 = VECTOR ( 'NONE', #2447, 39.37007874015748854 ) ;
#1406 = ORIENTED_EDGE ( 'NONE', *, *, #3589, .T. ) ;
#1407 = CARTESIAN_POINT ( 'NONE',  ( -0.3543307086614173040, 1.137795275590551158, -0.05511811023622047168 ) ) ;
#1408 = CARTESIAN_POINT ( 'NONE',  ( -0.3937007874015748254, 0.1850393700787401619, 0.4881889763779527769 ) ) ;
#1409 = PLANE ( 'NONE',  #3335 ) ;
#1410 = CARTESIAN_POINT ( 'NONE',  ( -0.1181102362204724532, 1.283464566929133799, -0.05511811023622047168 ) ) ;
#1411 = LINE ( 'NONE', #5950, #5659 ) ;
#1412 = EDGE_CURVE ( 'NONE', #514, #7014, #8324, .T. ) ;
#1413 = ADVANCED_FACE ( 'NONE', ( #3629 ), #1370, .T. ) ;
#1414 = ORIENTED_EDGE ( 'NONE', *, *, #9710, .T. ) ;
#1415 = EDGE_CURVE ( 'NONE', #6312, #8638, #7129, .T. ) ;
#1416 = ORIENTED_EDGE ( 'NONE', *, *, #8019, .F. ) ;
#1417 = DIRECTION ( 'NONE',  ( 0.000000000000000000, 3.469446951953565279E-15, 1.000000000000000000 ) ) ;
#1418 = FACE_OUTER_BOUND ( 'NONE', #8276, .T. ) ;
#1419 = LINE ( 'NONE', #2184, #10286 ) ;
#1420 = DIRECTION ( 'NONE',  ( 0.000000000000000000, 1.000000000000000000, 0.000000000000000000 ) ) ;
#1421 = CARTESIAN_POINT ( 'NONE',  ( 0.000000000000000000, 0.1850393700787401619, -0.4251968503937008093 ) ) ;
#1422 = ORIENTED_EDGE ( 'NONE', *, *, #4889, .T. ) ;
#1423 = EDGE_CURVE ( 'NONE', #3739, #7493, #1201, .T. ) ;
#1424 =( BOUNDED_SURFACE ( )  B_SPLINE_SURFACE ( 3, 3, ( 
 ( #3462, #5934, #4316, #7601 ),
 ( #212, #3512, #494, #376 ),
 ( #7979, #2982, #5396, #595 ),
 ( #7765, #4698, #3896, #2112 ) ),
 .UNSPECIFIED., .F., .F., .T. ) 
 B_SPLINE_SURFACE_WITH_KNOTS ( ( 4, 4 ),
 ( 4, 4 ),
 ( 0.000000000000000000, 1.000000000000000000 ),
 ( 0.000000000000000000, 1.000000000000000000 ),
 .UNSPECIFIED. ) 
 GEOMETRIC_REPRESENTATION_ITEM ( )  RATIONAL_B_SPLINE_SURFACE ( (
 ( 1.000000000000000000, 0.8047378541243629391, 0.8047378541243629391, 1.000000000000000000),
 ( 0.8025111867385920084, 0.6458111303268110337, 0.6458111303268110337, 0.8025111867385920084),
 ( 0.8025111867385920084, 0.6458111303268110337, 0.6458111303268110337, 0.8025111867385920084),
 ( 1.000000000000000000, 0.8047378541243629391, 0.8047378541243629391, 1.000000000000000000) ) ) 
 REPRESENTATION_ITEM ( '' )  SURFACE ( )  );
#1425 = DIRECTION ( 'NONE',  ( 0.000000000000000000, -1.000000000000000000, 0.000000000000000000 ) ) ;
#1426 = ORIENTED_EDGE ( 'NONE', *, *, #1893, .T. ) ;
#1427 = DIRECTION ( 'NONE',  ( 0.000000000000000000, 1.334402673828313438E-15, 1.000000000000000000 ) ) ;
#1428 = VERTEX_POINT ( 'NONE', #2884 ) ;
#1429 = CARTESIAN_POINT ( 'NONE',  ( -0.3484178030867686182, 1.305544119031674777, -0.03543307086614184281 ) ) ;
#1430 = ORIENTED_EDGE ( 'NONE', *, *, #4037, .F. ) ;
#1431 = CLOSED_SHELL ( 'NONE', ( #8777, #2930, #4666, #4052, #9052, #2130, #7077, #10513, #964, #5943, #10523, #6637, #3943, #3310, #4233, #1834, #6786, #8456, #7202 ) ) ;
#1432 = CARTESIAN_POINT ( 'NONE',  ( 0.3937007874015748254, 0.000000000000000000, 0.4881889763779527769 ) ) ;
#1433 = AXIS2_PLACEMENT_3D ( 'NONE', #856, #4203, #6938 ) ;
#1434 = ORIENTED_EDGE ( 'NONE', *, *, #342, .T. ) ;
#1435 = DIRECTION ( 'NONE',  ( 0.000000000000000000, -1.000000000000000000, 0.000000000000000000 ) ) ;
#1436 = DIRECTION ( 'NONE',  ( -1.000000000000000000, 0.000000000000000000, 0.000000000000000000 ) ) ;
#1437 = EDGE_LOOP ( 'NONE', ( #2513, #507, #3432, #6980 ) ) ;
#1438 = EDGE_CURVE ( 'NONE', #682, #6025, #8640, .T. ) ;
#1439 = EDGE_CURVE ( 'NONE', #5358, #178, #449, .T. ) ;
#1440 = CARTESIAN_POINT ( 'NONE',  ( 0.3247425659116205399, 1.287401574803149540, -0.5629921259842519676 ) ) ;
#1441 = VECTOR ( 'NONE', #708, 39.37007874015748143 ) ;
#1442 = DIRECTION ( 'NONE',  ( 0.000000000000000000, 0.000000000000000000, 1.000000000000000000 ) ) ;
#1443 = DIRECTION ( 'NONE',  ( -1.000000000000000000, 0.000000000000000000, 0.000000000000000000 ) ) ;
#1444 = ORIENTED_EDGE ( 'NONE', *, *, #6610, .T. ) ;
#1445 = VECTOR ( 'NONE', #5517, 39.37007874015748143 ) ;
#1446 = ORIENTED_EDGE ( 'NONE', *, *, #3719, .F. ) ;
#1447 = FACE_OUTER_BOUND ( 'NONE', #3868, .T. ) ;
#1448 = CIRCLE ( 'NONE', #7470, 0.06102362204724406936 ) ;
#1449 = DIRECTION ( 'NONE',  ( 0.000000000000000000, -1.000000000000000000, 0.000000000000000000 ) ) ;
#1450 = LINE ( 'NONE', #4843, #3000 ) ;
#1451 = CARTESIAN_POINT ( 'NONE',  ( -0.3641513641753839070, 0.000000000000000000, 0.4881889763779527769 ) ) ;
#1452 = LINE ( 'NONE', #6508, #508 ) ;
#1453 = AXIS2_PLACEMENT_3D ( 'NONE', #513, #4557, #292 ) ;
#1454 = LINE ( 'NONE', #643, #4528 ) ;
#1455 = ORIENTED_EDGE ( 'NONE', *, *, #6486, .T. ) ;
#1456 = CARTESIAN_POINT ( 'NONE',  ( 0.3553149606299212948, 0.6062992125984252301, 0.7165354330708662012 ) ) ;
#1457 = VECTOR ( 'NONE', #6145, 39.37007874015748143 ) ;
#1458 = VECTOR ( 'NONE', #4927, 39.37007874015748143 ) ;
#1459 = VECTOR ( 'NONE', #3296, 39.37007874015748143 ) ;
#1460 = EDGE_CURVE ( 'NONE', #2305, #3899, #3686, .T. ) ;
#1461 = ORIENTED_EDGE ( 'NONE', *, *, #695, .T. ) ;
#1462 = DIRECTION ( 'NONE',  ( -1.000000000000000000, 0.000000000000000000, 0.000000000000000000 ) ) ;
#1463 = DIRECTION ( 'NONE',  ( -0.000000000000000000, 1.000000000000000000, 0.000000000000000000 ) ) ;
#1464 = DIRECTION ( 'NONE',  ( 0.000000000000000000, -1.000000000000000000, 0.000000000000000000 ) ) ;
#1465 = CARTESIAN_POINT ( 'NONE',  ( -0.1064926504823796305, 1.292571830180890835, -0.05416465726739883718 ) ) ;
#1466 = DIRECTION ( 'NONE',  ( 0.000000000000000000, 1.000000000000000000, 0.000000000000000000 ) ) ;
#1467 = ORIENTED_EDGE ( 'NONE', *, *, #6281, .T. ) ;
#1468 = VECTOR ( 'NONE', #7576, 39.37007874015748143 ) ;
#1469 = VECTOR ( 'NONE', #7689, 39.37007874015748143 ) ;
#1470 = ORIENTED_EDGE ( 'NONE', *, *, #4774, .F. ) ;
#1471 = PRODUCT ( 'HMX1-AUX11-F', 'HMX1-AUX11-F', '', ( #6798 ) ) ;
#1472 = EDGE_CURVE ( 'NONE', #7014, #514, #1448, .T. ) ;
#1473 = ADVANCED_FACE ( 'NONE', ( #7281 ), #3997, .F. ) ;
#1474 = CARTESIAN_POINT ( 'NONE',  ( 0.2657480314960630197, 0.8385826771609488084, -0.5354330708661416693 ) ) ;
#1475 = AXIS2_PLACEMENT_3D ( 'NONE', #2143, #8819, #5531 ) ;
#1476 = EDGE_CURVE ( 'NONE', #6550, #108, #2386, .T. ) ;
#1477 = DIRECTION ( 'NONE',  ( 9.856383386231860060E-17, 0.000000000000000000, -1.000000000000000000 ) ) ;
#1478 = FACE_OUTER_BOUND ( 'NONE', #7717, .T. ) ;
#1479 = DIRECTION ( 'NONE',  ( 0.000000000000000000, 0.000000000000000000, -1.000000000000000000 ) ) ;
#1480 = ORIENTED_EDGE ( 'NONE', *, *, #6670, .F. ) ;
#1481 = DIRECTION ( 'NONE',  ( 0.000000000000000000, -0.5843047258450889681, 0.8115343414514849529 ) ) ;
#1482 = VERTEX_POINT ( 'NONE', #9773 ) ;
#1483 = DIRECTION ( 'NONE',  ( 0.000000000000000000, -0.6365650365096908736, -0.7712230250021168132 ) ) ;
#1484 = ORIENTED_EDGE ( 'NONE', *, *, #8005, .F. ) ;
#1485 = VECTOR ( 'NONE', #2090, 39.37007874015748143 ) ;
#1486 = CARTESIAN_POINT ( 'NONE',  ( -0.3682501334879242361, 1.297383991755640231, -0.04705065660423442264 ) ) ;
#1487 = VERTEX_POINT ( 'NONE', #5719 ) ;
#1488 = ADVANCED_FACE ( 'NONE', ( #6415 ), #7342, .F. ) ;
#1489 = CARTESIAN_POINT ( 'NONE',  ( 0.1968503937007874127, 0.7913385826771653919, -0.5590551181102362266 ) ) ;
#1490 = FACE_OUTER_BOUND ( 'NONE', #338, .T. ) ;
#1491 = PLANE ( 'NONE',  #5076 ) ;
#1492 = ORIENTED_EDGE ( 'NONE', *, *, #604, .T. ) ;
#1493 = CARTESIAN_POINT ( 'NONE',  ( -0.2204724409448818867, 0.8385826771609488084, 0.5590551181102362266 ) ) ;
#1494 = VECTOR ( 'NONE', #2869, 39.37007874015748143 ) ;
#1495 = DIRECTION ( 'NONE',  ( 0.000000000000000000, 0.000000000000000000, 1.000000000000000000 ) ) ;
#1496 = DIRECTION ( 'NONE',  ( 0.000000000000000000, 0.000000000000000000, 1.000000000000000000 ) ) ;
#1497 = VERTEX_POINT ( 'NONE', #8855 ) ;
#1498 = ORIENTED_EDGE ( 'NONE', *, *, #5315, .T. ) ;
#1499 = EDGE_CURVE ( 'NONE', #8767, #6547, #3948, .T. ) ;
#1500 = LINE ( 'NONE', #3775, #3881 ) ;
#1501 = B_SPLINE_CURVE_WITH_KNOTS ( 'NONE', 3,
 ( #1890, #4364, #5176, #270 ),
 .UNSPECIFIED., .F., .F.,
 ( 4, 4 ),
 ( 0.000000000000000000, 1.000000000000000000 ),
 .UNSPECIFIED. ) ;
#1502 = LINE ( 'NONE', #580, #5422 ) ;
#1503 = LINE ( 'NONE', #7164, #4877 ) ;
#1504 = DIRECTION ( 'NONE',  ( 0.000000000000000000, 1.000000000000000000, 0.000000000000000000 ) ) ;
#1505 = FACE_OUTER_BOUND ( 'NONE', #4536, .T. ) ;
#1506 = LINE ( 'NONE', #6562, #1627 ) ;
#1507 = ORIENTED_EDGE ( 'NONE', *, *, #10171, .F. ) ;
#1508 = ADVANCED_FACE ( 'NONE', ( #3903 ), #4969, .T. ) ;
#1509 = EDGE_CURVE ( 'NONE', #5853, #7352, #4764, .T. ) ;
#1510 = LINE ( 'NONE', #4798, #4051 ) ;
#1511 = AXIS2_PLACEMENT_3D ( 'NONE', #6270, #448, #2233 ) ;
#1512 = EDGE_LOOP ( 'NONE', ( #8749, #8763, #4434, #5692 ) ) ;
#1513 = CARTESIAN_POINT ( 'NONE',  ( -0.2657480314960630197, 1.307328710460744059, -0.5826771653543307838 ) ) ;
#1514 = CARTESIAN_POINT ( 'NONE',  ( -0.1732283464566929387, 0.8385826771609488084, -0.5590551181102362266 ) ) ;
#1515 = DIRECTION ( 'NONE',  ( 0.4999999999994481081, 0.000000000000000000, 0.8660254037847571196 ) ) ;
#1516 = LINE ( 'NONE', #8294, #7047 ) ;
#1517 = DIRECTION ( 'NONE',  ( 0.000000000000000000, 0.000000000000000000, 1.000000000000000000 ) ) ;
#1518 = ORIENTED_EDGE ( 'NONE', *, *, #8407, .T. ) ;
#1519 = VECTOR ( 'NONE', #3197, 39.37007874015748143 ) ;
#1520 = EDGE_CURVE ( 'NONE', #5746, #8443, #7350, .T. ) ;
#1521 = ORIENTED_EDGE ( 'NONE', *, *, #1981, .T. ) ;
#1522 = DIRECTION ( 'NONE',  ( 0.000000000000000000, 0.000000000000000000, 1.000000000000000000 ) ) ;
#1523 = CARTESIAN_POINT ( 'NONE',  ( 0.1358267716535433156, 0.000000000000000000, -0.6968503937007873850 ) ) ;
#1524 = EDGE_CURVE ( 'NONE', #1731, #2298, #7182, .T. ) ;
#1525 = CARTESIAN_POINT ( 'NONE',  ( -0.3577200857378535215, 1.287401574803149540, 0.5629921259842519676 ) ) ;
#1526 = FACE_OUTER_BOUND ( 'NONE', #9072, .T. ) ;
#1527 = CARTESIAN_POINT ( 'NONE',  ( 0.1968503937007874127, 0.8385826771609488084, 0.5590551181102362266 ) ) ;
#1528 = ORIENTED_EDGE ( 'NONE', *, *, #6695, .F. ) ;
#1529 = LINE ( 'NONE', #3908, #7306 ) ;
#1530 = ORIENTED_EDGE ( 'NONE', *, *, #2795, .F. ) ;
#1531 = AXIS2_PLACEMENT_3D ( 'NONE', #2720, #5249, #10270 ) ;
#1532 = EDGE_CURVE ( 'NONE', #3843, #1266, #8043, .T. ) ;
#1533 = LINE ( 'NONE', #559, #9549 ) ;
#1534 = ADVANCED_FACE ( 'NONE', ( #814 ), #4859, .T. ) ;
#1535 = ORIENTED_EDGE ( 'NONE', *, *, #7851, .T. ) ;
#1536 = LINE ( 'NONE', #4822, #2092 ) ;
#1537 = ORIENTED_EDGE ( 'NONE', *, *, #8945, .T. ) ;
#1538 = VECTOR ( 'NONE', #6262, 39.37007874015748143 ) ;
#1539 = PLANE ( 'NONE',  #5639 ) ;
#1540 = CARTESIAN_POINT ( 'NONE',  ( -0.3523622047244094335, 0.4685039370078740717, 0.4677695532303149939 ) ) ;
#1541 = VECTOR ( 'NONE', #6667, 39.37007874015748143 ) ;
#1542 = ORIENTED_EDGE ( 'NONE', *, *, #2147, .T. ) ;
#1543 = PLANE ( 'NONE',  #6295 ) ;
#1544 = ORIENTED_EDGE ( 'NONE', *, *, #5491, .F. ) ;
#1545 = CARTESIAN_POINT ( 'NONE',  ( 0.3523622047244094335, 0.1850393700787401619, -0.9448818897637796255 ) ) ;
#1546 = EDGE_CURVE ( 'NONE', #2360, #10088, #10479, .T. ) ;
#1547 = DIRECTION ( 'NONE',  ( 0.000000000000000000, -1.000000000000000000, 0.000000000000000000 ) ) ;
#1548 = ORIENTED_EDGE ( 'NONE', *, *, #2805, .F. ) ;
#1549 = CARTESIAN_POINT ( 'NONE',  ( -0.3937007874015748254, 0.1850393700787401619, -0.6968503937007873850 ) ) ;
#1550 = VERTEX_POINT ( 'NONE', #6371 ) ;
#1551 = ORIENTED_EDGE ( 'NONE', *, *, #1793, .F. ) ;
#1552 = DIRECTION ( 'NONE',  ( -1.788374717501859983E-15, -1.000000000000000000, 0.000000000000000000 ) ) ;
#1553 = CARTESIAN_POINT ( 'NONE',  ( 0.3149606299212598381, 0.6062992125984252301, 0.6968503937007873850 ) ) ;
#1554 = ORIENTED_EDGE ( 'NONE', *, *, #131, .T. ) ;
#1555 = LINE ( 'NONE', #8022, #9379 ) ;
#1556 = DIRECTION ( 'NONE',  ( 0.000000000000000000, 0.000000000000000000, -1.000000000000000000 ) ) ;
#1557 = FACE_OUTER_BOUND ( 'NONE', #2415, .T. ) ;
#1558 = CARTESIAN_POINT ( 'NONE',  ( 0.3553149606299212948, 1.027559055118110409, -0.4094488188976377896 ) ) ;
#1559 = ADVANCED_FACE ( 'NONE', ( #5779 ), #8145, .F. ) ;
#1560 = DIRECTION ( 'NONE',  ( 0.000000000000000000, -1.000000000000000000, 0.000000000000000000 ) ) ;
#1561 = ORIENTED_EDGE ( 'NONE', *, *, #2397, .T. ) ;
#1562 = FACE_OUTER_BOUND ( 'NONE', #2434, .T. ) ;
#1563 = ORIENTED_EDGE ( 'NONE', *, *, #7471, .F. ) ;
#1564 = DIRECTION ( 'NONE',  ( 0.000000000000000000, 1.000000000000000000, 3.469446951953625233E-15 ) ) ;
#1565 = VECTOR ( 'NONE', #6189, 39.37007874015748143 ) ;
#1566 = FACE_OUTER_BOUND ( 'NONE', #8444, .T. ) ;
#1567 = LINE ( 'NONE', #5607, #10038 ) ;
#1568 = CARTESIAN_POINT ( 'NONE',  ( -0.1065153806064258468, 1.277551661354485724, -0.05751262296868165508 ) ) ;
#1569 = DIRECTION ( 'NONE',  ( 0.000000000000000000, -1.000000000000000000, 0.000000000000000000 ) ) ;
#1570 = EDGE_CURVE ( 'NONE', #10087, #3854, #9824, .T. ) ;
#1571 = EDGE_CURVE ( 'NONE', #8470, #7833, #2280, .T. ) ;
#1572 = ORIENTED_EDGE ( 'NONE', *, *, #6464, .T. ) ;
#1573 = VERTEX_POINT ( 'NONE', #1523 ) ;
#1574 = VECTOR ( 'NONE', #10489, 39.37007874015748143 ) ;
#1575 = DIRECTION ( 'NONE',  ( 0.000000000000000000, 0.000000000000000000, 1.000000000000000000 ) ) ;
#1576 = DIRECTION ( 'NONE',  ( 0.000000000000000000, -1.000000000000000000, 0.000000000000000000 ) ) ;
#1577 = DIRECTION ( 'NONE',  ( 1.000000000000000000, 0.000000000000000000, 0.000000000000000000 ) ) ;
#1578 = LINE ( 'NONE', #2237, #9347 ) ;
#1579 = DIRECTION ( 'NONE',  ( 0.000000000000000000, 0.000000000000000000, -1.000000000000000000 ) ) ;
#1580 = ORIENTED_EDGE ( 'NONE', *, *, #6635, .F. ) ;
#1581 = CARTESIAN_POINT ( 'NONE',  ( -0.2204724409448818867, 1.307328710460744059, 0.5354330708661416693 ) ) ;
#1582 = ORIENTED_EDGE ( 'NONE', *, *, #3576, .T. ) ;
#1583 = LINE ( 'NONE', #4770, #7484 ) ;
#1584 = ORIENTED_EDGE ( 'NONE', *, *, #1162, .F. ) ;
#1585 = CARTESIAN_POINT ( 'NONE',  ( 0.03838582677165354451, 0.6062992125984252301, 0.6968503937007873850 ) ) ;
#1586 = VERTEX_POINT ( 'NONE', #8406 ) ;
#1587 = CARTESIAN_POINT ( 'NONE',  ( 0.2204724409448818867, 0.6456692913385827515, 0.4433311932543378409 ) ) ;
#1588 = CARTESIAN_POINT ( 'NONE',  ( -0.3149606299212598381, 1.137795275590551158, -0.05511811023622047168 ) ) ;
#1589 = EDGE_CURVE ( 'NONE', #3844, #2283, #3507, .T. ) ;
#1590 = DIRECTION ( 'NONE',  ( 1.000000000000000000, 0.000000000000000000, 0.000000000000000000 ) ) ;
#1591 = CARTESIAN_POINT ( 'NONE',  ( -0.03838582677165354451, 0.6062992125984252301, -0.7165354330708662012 ) ) ;
#1592 = EDGE_LOOP ( 'NONE', ( #7414, #9782, #9204, #3607, #5401, #4302, #5392, #888 ) ) ;
#1593 = CARTESIAN_POINT ( 'NONE',  ( 0.03838582677165354451, 0.4685039370078740717, -0.6377952755905511584 ) ) ;
#1594 = ORIENTED_EDGE ( 'NONE', *, *, #8717, .F. ) ;
#1595 = LINE ( 'NONE', #10498, #3864 ) ;
#1596 = ORIENTED_EDGE ( 'NONE', *, *, #4655, .T. ) ;
#1597 = LINE ( 'NONE', #5590, #6889 ) ;
#1598 = VECTOR ( 'NONE', #6474, 39.37007874015748143 ) ;
#1599 = VERTEX_POINT ( 'NONE', #6788 ) ;
#1600 = VERTEX_POINT ( 'NONE', #6839 ) ;
#1601 = CARTESIAN_POINT ( 'NONE',  ( -0.3149606299212598381, 1.203976278474015782, 0.05511811023622047168 ) ) ;
#1602 = EDGE_CURVE ( 'NONE', #3213, #8342, #1021, .T. ) ;
#1603 = CARTESIAN_POINT ( 'NONE',  ( 0.2204724409448818867, 1.307328710460744059, 0.5354330708661416693 ) ) ;
#1604 = EDGE_CURVE ( 'NONE', #6838, #6872, #9220, .T. ) ;
#1605 = ORIENTED_EDGE ( 'NONE', *, *, #1509, .T. ) ;
#1606 = EDGE_CURVE ( 'NONE', #441, #9797, #5072, .T. ) ;
#1607 = CARTESIAN_POINT ( 'NONE',  ( -0.4537401574803149873, 1.067287903551212613, -1.071626504791816981 ) ) ;
#1608 = DIRECTION ( 'NONE',  ( -1.000000000000000000, 0.000000000000000000, 0.000000000000000000 ) ) ;
#1609 = AXIS2_PLACEMENT_3D ( 'NONE', #6516, #5457, #7931 ) ;
#1610 = FACE_OUTER_BOUND ( 'NONE', #659, .T. ) ;
#1611 = DIRECTION ( 'NONE',  ( -1.000000000000000000, 0.000000000000000000, 0.000000000000000000 ) ) ;
#1612 = VECTOR ( 'NONE', #8347, 39.37007874015748143 ) ;
#1613 = VECTOR ( 'NONE', #7027, 39.37007874015748143 ) ;
#1614 = CARTESIAN_POINT ( 'NONE',  ( -0.2204724409448818867, 1.307328710460744059, -0.4433311932543322897 ) ) ;
#1615 = EDGE_LOOP ( 'NONE', ( #8988, #3597, #2606, #7180 ) ) ;
#1616 = VECTOR ( 'NONE', #48, 39.37007874015748143 ) ;
#1617 = LINE ( 'NONE', #4904, #1300 ) ;
#1618 = EDGE_CURVE ( 'NONE', #6446, #5641, #4313, .T. ) ;
#1619 = ORIENTED_EDGE ( 'NONE', *, *, #1891, .T. ) ;
#1620 = DIRECTION ( 'NONE',  ( 0.000000000000000000, 0.000000000000000000, 1.000000000000000000 ) ) ;
#1621 = CARTESIAN_POINT ( 'NONE',  ( -0.2933070866141732624, -0.09055118110236221041, -0.2637795275590551491 ) ) ;
#1622 = PLANE ( 'NONE',  #571 ) ;
#1623 = LINE ( 'NONE', #8197, #5664 ) ;
#1624 = DIRECTION ( 'NONE',  ( 0.000000000000000000, 1.213093339843927959E-15, 1.000000000000000000 ) ) ;
#1626 = ORIENTED_EDGE ( 'NONE', *, *, #7819, .T. ) ;
#1625 = VECTOR ( 'NONE', #1317, 39.37007874015748143 ) ;
#1627 = VECTOR ( 'NONE', #1560, 39.37007874015748143 ) ;
#1628 = VERTEX_POINT ( 'NONE', #8460 ) ;
#1629 = VECTOR ( 'NONE', #3840, 39.37007874015748143 ) ;
#1630 = EDGE_CURVE ( 'NONE', #2554, #3974, #10135, .T. ) ;
#1631 = EDGE_CURVE ( 'NONE', #6586, #5360, #57, .T. ) ;
#1632 = CARTESIAN_POINT ( 'NONE',  ( -0.3937007874015748254, -0.09055118110236221041, -0.9448818897637796255 ) ) ;
#1633 = CARTESIAN_POINT ( 'NONE',  ( -0.1968503937007480276, 1.027559055118110409, 0.5590551181102362266 ) ) ;
#1634 = CARTESIAN_POINT ( 'NONE',  ( 0.3937007874015748254, 0.1850393700787401619, -0.9448818897637796255 ) ) ;
#1635 = CARTESIAN_POINT ( 'NONE',  ( -0.3346456692913350461, 1.308359642170866088, -0.03543308290909448488 ) ) ;
#1636 = CARTESIAN_POINT ( 'NONE',  ( -0.1279527559055118058, 0.7913385826771653919, 0.5354330708661416693 ) ) ;
#1637 = VECTOR ( 'NONE', #90, 39.37007874015748143 ) ;
#1638 = EDGE_LOOP ( 'NONE', ( #785, #4500, #7207, #9467, #182, #4735, #10186, #4333 ) ) ;
#1639 = AXIS2_PLACEMENT_3D ( 'NONE', #5073, #5932, #7504 ) ;
#1640 = AXIS2_PLACEMENT_3D ( 'NONE', #3765, #1108, #10165 ) ;
#1641 = ORIENTED_EDGE ( 'NONE', *, *, #10563, .T. ) ;
#1642 = CARTESIAN_POINT ( 'NONE',  ( -0.07874015748031495954, 0.1062992125984252023, 0.2283464566929133688 ) ) ;
#1643 = ORIENTED_EDGE ( 'NONE', *, *, #2908, .F. ) ;
#1644 = PERSON_AND_ORGANIZATION ( #8048, #9148 ) ;
#1645 = ORIENTED_EDGE ( 'NONE', *, *, #1031, .F. ) ;
#1646 = VECTOR ( 'NONE', #9129, 39.37007874015748143 ) ;
#1647 = VECTOR ( 'NONE', #10466, 39.37007874015748143 ) ;
#1648 = EDGE_CURVE ( 'NONE', #7638, #1806, #4215, .T. ) ;
#1649 = ADVANCED_FACE ( 'NONE', ( #4262 ), #1839, .T. ) ;
#1650 = CARTESIAN_POINT ( 'NONE',  ( 0.04330708661417323468, -0.09055118110236221041, -0.07874015748031495954 ) ) ;
#1651 = DIRECTION ( 'NONE',  ( 1.000000000000000000, 0.000000000000000000, 0.000000000000000000 ) ) ;
#1652 = FACE_OUTER_BOUND ( 'NONE', #995, .T. ) ;
#1653 = DIRECTION ( 'NONE',  ( -0.7071067811865492381, 0.7071067811865457964, 0.000000000000000000 ) ) ;
#1654 = ORIENTED_EDGE ( 'NONE', *, *, #7278, .F. ) ;
#1655 = CARTESIAN_POINT ( 'NONE',  ( -0.3543307086614173040, 1.283464566929133799, -0.05841101302842520437 ) ) ;
#1656 = EDGE_LOOP ( 'NONE', ( #3224, #3618, #10212, #9724, #8168, #7825, #30, #2567, #1961, #3936, #8414, #4759, #9604, #395, #4888, #8995, #4935, #2905, #1045, #10521, #4378, #2704, #4979, #5592, #3474, #6937, #8932, #7338 ) ) ;
#1657 = VECTOR ( 'NONE', #7413, 39.37007874015748143 ) ;
#1658 = LINE ( 'NONE', #4178, #238 ) ;
#1659 = VERTEX_POINT ( 'NONE', #7502 ) ;
#1660 = CARTESIAN_POINT ( 'NONE',  ( 0.1968503937007874127, 0.6456692913385827515, -0.5590551181102362266 ) ) ;
#1661 = PRODUCT_RELATED_PRODUCT_CATEGORY ( 'detail', '', ( #1471 ) ) ;
#1662 = VERTEX_POINT ( 'NONE', #1941 ) ;
#1663 = ORIENTED_EDGE ( 'NONE', *, *, #9844, .T. ) ;
#1664 = DIRECTION ( 'NONE',  ( -4.078408702068339827E-15, 0.000000000000000000, 1.000000000000000000 ) ) ;
#1665 = DIRECTION ( 'NONE',  ( 0.000000000000000000, -1.000000000000000000, 0.000000000000000000 ) ) ;
#1666 = CARTESIAN_POINT ( 'NONE',  ( -0.3346456692913385988, 1.137795275590551158, 0.03543307809191811181 ) ) ;
#1667 = LINE ( 'NONE', #1205, #575 ) ;
#1668 = CARTESIAN_POINT ( 'NONE',  ( 0.03838582677165354451, 0.1850393700787401619, -0.4251968503937008093 ) ) ;
#1669 = DIRECTION ( 'NONE',  ( 0.000000000000000000, 1.000000000000000000, 0.000000000000000000 ) ) ;
#1670 = DIRECTION ( 'NONE',  ( 1.000000000000000000, 0.000000000000000000, -3.707644274607585534E-15 ) ) ;
#1671 = EDGE_CURVE ( 'NONE', #7655, #1198, #9978, .T. ) ;
#1672 = VECTOR ( 'NONE', #1107, 39.37007874015748143 ) ;
#1673 = EDGE_CURVE ( 'NONE', #2241, #773, #7656, .T. ) ;
#1674 = VERTEX_POINT ( 'NONE', #1073 ) ;
#1675 = FACE_OUTER_BOUND ( 'NONE', #6769, .T. ) ;
#1676 = ORIENTED_EDGE ( 'NONE', *, *, #7973, .F. ) ;
#1677 = DIRECTION ( 'NONE',  ( 0.000000000000000000, 0.000000000000000000, 1.000000000000000000 ) ) ;
#1678 = CIRCLE ( 'NONE', #8555, 0.01968503937007875029 ) ;
#1679 = CARTESIAN_POINT ( 'NONE',  ( -0.2204724409448818867, 0.7913385826771653919, 0.5826771653543307838 ) ) ;
#1680 = CARTESIAN_POINT ( 'NONE',  ( -0.1078349082920614654, 1.301028088653735981, -0.03543307086614172485 ) ) ;
#1681 = DIRECTION ( 'NONE',  ( 0.000000000000000000, 0.000000000000000000, 1.000000000000000000 ) ) ;
#1682 = CARTESIAN_POINT ( 'NONE',  ( 0.1358267716535433156, 0.1850393700787401619, -0.6968503937007873850 ) ) ;
#1683 = ORIENTED_EDGE ( 'NONE', *, *, #3649, .T. ) ;
#1684 = EDGE_CURVE ( 'NONE', #3805, #1428, #5986, .T. ) ;
#1685 = CARTESIAN_POINT ( 'NONE',  ( 0.1358267716535433156, -0.03543307086614173179, 0.1279527559055118058 ) ) ;
#1686 = DIRECTION ( 'NONE',  ( 1.000000000000000000, 0.000000000000000000, 2.007781800899079877E-17 ) ) ;
#1687 = DIRECTION ( 'NONE',  ( 0.000000000000000000, 0.000000000000000000, 1.000000000000000000 ) ) ;
#1688 = LINE ( 'NONE', #5782, #5398 ) ;
#1689 = CARTESIAN_POINT ( 'NONE',  ( -0.4921259842519685179, 0.3897637795275590844, -0.9448818897637796255 ) ) ;
#1690 = EDGE_LOOP ( 'NONE', ( #10363, #831, #4958, #2444, #5366, #8225, #5414, #1028 ) ) ;
#1691 = VECTOR ( 'NONE', #9614, 39.37007874015748143 ) ;
#1692 = ORIENTED_EDGE ( 'NONE', *, *, #7973, .T. ) ;
#1693 = EDGE_CURVE ( 'NONE', #1026, #2926, #1501, .T. ) ;
#1694 = CARTESIAN_POINT ( 'NONE',  ( -0.3740157480314960647, 0.1850393700787401619, 0.2952755905511810774 ) ) ;
#1695 = ORIENTED_EDGE ( 'NONE', *, *, #5613, .T. ) ;
#1696 = ORIENTED_EDGE ( 'NONE', *, *, #1618, .F. ) ;
#1697 = CARTESIAN_POINT ( 'NONE',  ( 0.01968503937007873988, -0.05118110236220472370, 0.5866141732283465249 ) ) ;
#1698 = CARTESIAN_POINT ( 'NONE',  ( 0.07874015748031495954, 0.5472440944881890035, -0.1476377952755905387 ) ) ;
#1699 = DIRECTION ( 'NONE',  ( 0.000000000000000000, 1.334402673828313438E-15, 1.000000000000000000 ) ) ;
#1700 = DIRECTION ( 'NONE',  ( 0.000000000000000000, 0.000000000000000000, 1.000000000000000000 ) ) ;
#1701 = CARTESIAN_POINT ( 'NONE',  ( 0.000000000000000000, 0.000000000000000000, -0.9448818897637796255 ) ) ;
#1702 = ORIENTED_EDGE ( 'NONE', *, *, #2847, .F. ) ;
#1703 = LINE ( 'NONE', #6652, #6303 ) ;
#1704 = ORIENTED_EDGE ( 'NONE', *, *, #10440, .T. ) ;
#1705 = EDGE_CURVE ( 'NONE', #9377, #7786, #2595, .T. ) ;
#1706 = ADVANCED_FACE ( 'NONE', ( #6633 ), #9930, .F. ) ;
#1707 = DIRECTION ( 'NONE',  ( 0.000000000000000000, 1.724867092590574648E-17, 1.000000000000000000 ) ) ;
#1708 = EDGE_LOOP ( 'NONE', ( #23, #7402, #5471, #2488 ) ) ;
#1709 = PLANE ( 'NONE',  #8624 ) ;
#1710 = ORIENTED_EDGE ( 'NONE', *, *, #3862, .T. ) ;
#1711 = ORIENTED_EDGE ( 'NONE', *, *, #9120, .T. ) ;
#1712 = VECTOR ( 'NONE', #9373, 39.37007874015748143 ) ;
#1713 = PLANE ( 'NONE',  #8171 ) ;
#1714 = CARTESIAN_POINT ( 'NONE',  ( 0.3740157480314960647, 0.1850393700787401619, 0.2952755905511810774 ) ) ;
#1715 = DIRECTION ( 'NONE',  ( 0.000000000000000000, 0.000000000000000000, -1.000000000000000000 ) ) ;
#1716 = DIRECTION ( 'NONE',  ( 0.000000000000000000, 0.7071067811865494601, -0.7071067811865454633 ) ) ;
#1717 = CARTESIAN_POINT ( 'NONE',  ( 0.1732283464566929387, 1.307328710460744059, -0.5826771653543307838 ) ) ;
#1718 = VECTOR ( 'NONE', #9776, 39.37007874015748143 ) ;
#1719 = CARTESIAN_POINT ( 'NONE',  ( 0.000000000000000000, 0.000000000000000000, -0.1476377952755905387 ) ) ;
#1720 = CARTESIAN_POINT ( 'NONE',  ( -0.2204724409448818867, 0.8385826771609488084, 0.5354330708661416693 ) ) ;
#1721 = ORIENTED_EDGE ( 'NONE', *, *, #8918, .T. ) ;
#1722 = DIRECTION ( 'NONE',  ( -0.000000000000000000, 1.000000000000000000, 0.000000000000000000 ) ) ;
#1723 = ORIENTED_EDGE ( 'NONE', *, *, #9675, .F. ) ;
#1724 = FACE_OUTER_BOUND ( 'NONE', #1437, .T. ) ;
#1725 = CARTESIAN_POINT ( 'NONE',  ( -0.4921259842519685179, -0.09055118110236221041, 0.6968503937007873850 ) ) ;
#1726 = DIRECTION ( 'NONE',  ( 0.000000000000000000, 1.334402673828313438E-15, 1.000000000000000000 ) ) ;
#1727 = EDGE_CURVE ( 'NONE', #10021, #8274, #9115, .T. ) ;
#1728 = DIRECTION ( 'NONE',  ( 1.000000000000000000, 0.000000000000000000, 0.000000000000000000 ) ) ;
#1729 = CARTESIAN_POINT ( 'NONE',  ( 0.03838582677165354451, 1.027559055118110409, -0.4094488188976377896 ) ) ;
#1730 = EDGE_CURVE ( 'NONE', #8443, #8008, #1678, .T. ) ;
#1731 = VERTEX_POINT ( 'NONE', #2648 ) ;
#1732 = CARTESIAN_POINT ( 'NONE',  ( 0.1358267716535433156, -0.09055118110236221041, -0.1476377952755905387 ) ) ;
#1733 = CARTESIAN_POINT ( 'NONE',  ( 0.07874015748031495954, 0.1062992125984252023, 0.2283464566929133688 ) ) ;
#1734 = ADVANCED_FACE ( 'NONE', ( #7712 ), #435, .T. ) ;
#1735 = LINE ( 'NONE', #1134, #5766 ) ;
#1736 = DIRECTION ( 'NONE',  ( 1.000000000000000000, 0.000000000000000000, 0.000000000000000000 ) ) ;
#1737 = ADVANCED_FACE ( 'NONE', ( #1188 ), #1241, .T. ) ;
#1738 = CARTESIAN_POINT ( 'NONE',  ( -0.1181102362204724671, 1.301028088653735981, 0.04570839879455271954 ) ) ;
#1739 = EDGE_CURVE ( 'NONE', #4480, #3264, #8742, .T. ) ;
#1740 = ORIENTED_EDGE ( 'NONE', *, *, #9530, .T. ) ;
#1741 = ORIENTED_EDGE ( 'NONE', *, *, #4817, .F. ) ;
#1742 = VECTOR ( 'NONE', #727, 39.37007874015748143 ) ;
#1743 = FACE_OUTER_BOUND ( 'NONE', #10446, .T. ) ;
#1744 = ORIENTED_EDGE ( 'NONE', *, *, #10504, .T. ) ;
#1745 = ORIENTED_EDGE ( 'NONE', *, *, #9159, .F. ) ;
#1746 = DIRECTION ( 'NONE',  ( -0.000000000000000000, 1.000000000000000000, 0.000000000000000000 ) ) ;
#1747 = CIRCLE ( 'NONE', #3984, 0.1181102362204780182 ) ;
#1748 = EDGE_CURVE ( 'NONE', #3064, #5796, #10255, .T. ) ;
#1749 = CARTESIAN_POINT ( 'NONE',  ( 0.03838582677165354451, 0.1850393700787401619, -0.6968503937007873850 ) ) ;
#1750 = CARTESIAN_POINT ( 'NONE',  ( -0.3937007874015748254, 0.4685039370078740717, 0.6377952755905511584 ) ) ;
#1751 = DIRECTION ( 'NONE',  ( 0.000000000000000000, 1.000000000000000000, 0.000000000000000000 ) ) ;
#1752 = ORIENTED_EDGE ( 'NONE', *, *, #5555, .F. ) ;
#1753 = DIRECTION ( 'NONE',  ( 0.000000000000000000, 0.000000000000000000, 1.000000000000000000 ) ) ;
#1754 = ORIENTED_EDGE ( 'NONE', *, *, #6800, .F. ) ;
#1755 = DIRECTION ( 'NONE',  ( 0.000000000000000000, 1.000000000000000000, 0.000000000000000000 ) ) ;
#1756 = VERTEX_POINT ( 'NONE', #4426 ) ;
#1757 = DIRECTION ( 'NONE',  ( 0.000000000000000000, 1.000000000000000000, 0.000000000000000000 ) ) ;
#1758 = ORIENTED_EDGE ( 'NONE', *, *, #3149, .F. ) ;
#1759 = VERTEX_POINT ( 'NONE', #3839 ) ;
#1760 = DIRECTION ( 'NONE',  ( 1.000000000000000000, 0.000000000000000000, 0.000000000000000000 ) ) ;
#1761 = EDGE_CURVE ( 'NONE', #8827, #2255, #7115, .T. ) ;
#1762 = EDGE_CURVE ( 'NONE', #6055, #6583, #7762, .T. ) ;
#1763 = CARTESIAN_POINT ( 'NONE',  ( -0.4921259842519685179, 0.5000000000000000000, 0.9448818897637796255 ) ) ;
#1764 = FACE_OUTER_BOUND ( 'NONE', #6806, .T. ) ;
#1765 = DIRECTION ( 'NONE',  ( 1.000000000000000000, 0.000000000000000000, 0.000000000000000000 ) ) ;
#1766 = CARTESIAN_POINT ( 'NONE',  ( -0.3553149606299212948, 0.6456692913385827515, -0.4094488188976377896 ) ) ;
#1767 = CARTESIAN_POINT ( 'NONE',  ( -0.3523622047244094335, 0.000000000000000000, -0.9448818897637796255 ) ) ;
#1768 = VERTEX_POINT ( 'NONE', #6204 ) ;
#1769 = LINE ( 'NONE', #6619, #7837 ) ;
#1770 = AXIS2_PLACEMENT_3D ( 'NONE', #9570, #1203, #2941 ) ;
#1771 = AXIS2_PLACEMENT_3D ( 'NONE', #3556, #2481, #102 ) ;
#1772 = ORIENTED_EDGE ( 'NONE', *, *, #10401, .F. ) ;
#1773 = LINE ( 'NONE', #5008, #6255 ) ;
#1774 = CARTESIAN_POINT ( 'NONE',  ( -0.3740157480314960647, 0.1850393700787401619, 0.2952755905511810774 ) ) ;
#1775 = DIRECTION ( 'NONE',  ( 0.000000000000000000, -1.000000000000000000, 1.788374717501859835E-16 ) ) ;
#1776 = VECTOR ( 'NONE', #2475, 39.37007874015748143 ) ;
#1777 = DIRECTION ( 'NONE',  ( 0.000000000000000000, -1.000000000000000000, 0.000000000000000000 ) ) ;
#1778 = ORIENTED_EDGE ( 'NONE', *, *, #2878, .F. ) ;
#1779 = ADVANCED_FACE ( 'NONE', ( #2871 ), #8574, .T. ) ;
#1780 = AXIS2_PLACEMENT_3D ( 'NONE', #7375, #3883, #5698 ) ;
#1781 = CARTESIAN_POINT ( 'NONE',  ( -0.03838582677165354451, 0.6456692913385827515, -0.4094488188976377896 ) ) ;
#1782 = CARTESIAN_POINT ( 'NONE',  ( 0.1358267716535433156, -0.05511811023622047168, -0.1279527559055118058 ) ) ;
#1783 = PLANE ( 'NONE',  #1639 ) ;
#1784 = LINE ( 'NONE', #2597, #6936 ) ;
#1785 = LINE ( 'NONE', #6842, #8773 ) ;
#1786 = VECTOR ( 'NONE', #4812, 39.37007874015748143 ) ;
#1787 = ORIENTED_EDGE ( 'NONE', *, *, #5173, .T. ) ;
#1788 = ORIENTED_EDGE ( 'NONE', *, *, #10027, .F. ) ;
#1789 = CIRCLE ( 'NONE', #4551, 0.1181102362204777406 ) ;
#1790 = DIRECTION ( 'NONE',  ( 1.000000000000000000, 0.000000000000000000, 0.000000000000000000 ) ) ;
#1791 = ORIENTED_EDGE ( 'NONE', *, *, #10317, .T. ) ;
#1792 = EDGE_CURVE ( 'NONE', #8502, #2635, #8685, .T. ) ;
#1793 = EDGE_CURVE ( 'NONE', #3974, #8712, #1359, .T. ) ;
#1794 = ORIENTED_EDGE ( 'NONE', *, *, #8340, .F. ) ;
#1795 = ADVANCED_FACE ( 'NONE', ( #10420 ), #3037, .T. ) ;
#1796 = DIRECTION ( 'NONE',  ( 0.000000000000000000, 0.000000000000000000, 1.000000000000000000 ) ) ;
#1797 = VECTOR ( 'NONE', #9941, 39.37007874015748143 ) ;
#1798 = AXIS2_PLACEMENT_3D ( 'NONE', #4868, #5625, #768 ) ;
#1799 = AXIS2_PLACEMENT_3D ( 'NONE', #10163, #1760, #1815 ) ;
#1800 = VECTOR ( 'NONE', #4650, 39.37007874015747433 ) ;
#1801 = CARTESIAN_POINT ( 'NONE',  ( -0.1968503937007874127, 0.7913385826771653919, 0.4409448818897583333 ) ) ;
#1802 = DIRECTION ( 'NONE',  ( 0.000000000000000000, 0.000000000000000000, 1.000000000000000000 ) ) ;
#1803 = CARTESIAN_POINT ( 'NONE',  ( 0.07874015748031495954, 0.6062992125984252301, -0.1476377952755905387 ) ) ;
#1804 = ORIENTED_EDGE ( 'NONE', *, *, #2330, .T. ) ;
#1805 = CARTESIAN_POINT ( 'NONE',  ( 0.3937007874015748254, -0.09055118110236221041, 0.5393700787401575214 ) ) ;
#1806 = VERTEX_POINT ( 'NONE', #8627 ) ;
#1807 = CARTESIAN_POINT ( 'NONE',  ( -0.4921259842519685179, 0.1850393700787401619, -0.6968503937007873850 ) ) ;
#1808 = AXIS2_PLACEMENT_3D ( 'NONE', #568, #3214, #9680 ) ;
#1809 = ORIENTED_EDGE ( 'NONE', *, *, #4642, .T. ) ;
#1810 = VECTOR ( 'NONE', #1404, 39.37007874015748854 ) ;
#1811 = ADVANCED_FACE ( 'NONE', ( #1305 ), #7818, .T. ) ;
#1812 = FACE_OUTER_BOUND ( 'NONE', #2064, .T. ) ;
#1813 = VERTEX_POINT ( 'NONE', #322 ) ;
#1814 = ORIENTED_EDGE ( 'NONE', *, *, #7032, .T. ) ;
#1815 = DIRECTION ( 'NONE',  ( 0.000000000000000000, 1.000000000000000000, 0.000000000000000000 ) ) ;
#1816 = CARTESIAN_POINT ( 'NONE',  ( -0.4921259842519685179, 0.3897637795275590844, -0.9448818897637796255 ) ) ;
#1817 = CARTESIAN_POINT ( 'NONE',  ( -0.4537401574803149873, 1.106487269023807007, -0.9448818897637796255 ) ) ;
#1818 = AXIS2_PLACEMENT_3D ( 'NONE', #5035, #3273, #9238 ) ;
#1819 = PLANE ( 'NONE',  #9007 ) ;
#1820 = DIRECTION ( 'NONE',  ( -1.000000000000000000, 0.000000000000000000, 0.000000000000000000 ) ) ;
#1821 = EDGE_CURVE ( 'NONE', #10385, #10239, #4593, .T. ) ;
#1822 = DIRECTION ( 'NONE',  ( 0.000000000000000000, 0.000000000000000000, -1.000000000000000000 ) ) ;
#1823 = ORIENTED_EDGE ( 'NONE', *, *, #8999, .T. ) ;
#1824 = EDGE_LOOP ( 'NONE', ( #2019, #1403, #5036, #8615 ) ) ;
#1825 = LINE ( 'NONE', #5212, #932 ) ;
#1826 = ORIENTED_EDGE ( 'NONE', *, *, #5454, .T. ) ;
#1827 = DIRECTION ( 'NONE',  ( -1.000000000000000000, 0.000000000000000000, 0.000000000000000000 ) ) ;
#1828 = DIRECTION ( 'NONE',  ( -0.000000000000000000, 1.000000000000000000, 0.000000000000000000 ) ) ;
#1829 = DIRECTION ( 'NONE',  ( 0.000000000000000000, 1.000000000000000000, 1.788374717501859835E-16 ) ) ;
#1830 = FACE_OUTER_BOUND ( 'NONE', #3934, .T. ) ;
#1832 = VERTEX_POINT ( 'NONE', #6950 ) ;
#1831 = AXIS2_PLACEMENT_3D ( 'NONE', #5855, #4188, #91 ) ;
#1833 = ADVANCED_FACE ( 'NONE', ( #9384 ), #491, .T. ) ;
#1834 = ADVANCED_FACE ( 'NONE', ( #1132 ), #2171, .F. ) ;
#1835 = ORIENTED_EDGE ( 'NONE', *, *, #13, .T. ) ;
#1836 = CIRCLE ( 'NONE', #803, 0.06102362204724406936 ) ;
#1837 = FACE_BOUND ( 'NONE', #2741, .T. ) ;
#1838 = AXIS2_PLACEMENT_3D ( 'NONE', #3526, #6906, #10097 ) ;
#1839 = PLANE ( 'NONE',  #2197 ) ;
#1840 = LINE ( 'NONE', #2759, #5245 ) ;
#1841 = CARTESIAN_POINT ( 'NONE',  ( -0.1041908113939653407, 1.297383991755642896, 0.03543307086614180118 ) ) ;
#1842 = CARTESIAN_POINT ( 'NONE',  ( -0.1181102362204724532, 1.283464566929133799, -0.03543307086614173179 ) ) ;
#1843 = ORIENTED_EDGE ( 'NONE', *, *, #6681, .T. ) ;
#1844 = VERTEX_POINT ( 'NONE', #2001 ) ;
#1845 = CARTESIAN_POINT ( 'NONE',  ( 0.2204724409448818867, 0.7913385826771653919, 0.4433311932543322897 ) ) ;
#1846 = VERTEX_POINT ( 'NONE', #5286 ) ;
#1847 = LINE ( 'NONE', #3369, #7590 ) ;
#1848 = ORIENTED_EDGE ( 'NONE', *, *, #8310, .T. ) ;
#1849 = DIRECTION ( 'NONE',  ( -1.000000000000000000, 0.000000000000000000, 0.000000000000000000 ) ) ;
#1850 = VECTOR ( 'NONE', #718, 39.37007874015748143 ) ;
#1851 = FACE_OUTER_BOUND ( 'NONE', #9389, .T. ) ;
#1852 = DIRECTION ( 'NONE',  ( 0.8368829159433188725, 0.5473819370441519450, 7.007566989651100374E-15 ) ) ;
#1853 = LINE ( 'NONE', #4755, #7906 ) ;
#1854 = ORIENTED_EDGE ( 'NONE', *, *, #9255, .F. ) ;
#1855 = EDGE_CURVE ( 'NONE', #5281, #682, #4800, .T. ) ;
#1856 = CARTESIAN_POINT ( 'NONE',  ( 0.4921259842519685179, 0.000000000000000000, -0.6968503937007873850 ) ) ;
#1857 = EDGE_LOOP ( 'NONE', ( #5147, #3111, #6555, #6022 ) ) ;
#1858 = EDGE_CURVE ( 'NONE', #8957, #6880, #1836, .T. ) ;
#1859 = PLANE ( 'NONE',  #8329 ) ;
#1860 = ORIENTED_EDGE ( 'NONE', *, *, #8916, .F. ) ;
#1861 = VECTOR ( 'NONE', #9977, 39.37007874015748143 ) ;
#1862 = PLANE ( 'NONE',  #2085 ) ;
#1863 = ORIENTED_EDGE ( 'NONE', *, *, #4497, .T. ) ;
#1864 = ORIENTED_EDGE ( 'NONE', *, *, #3721, .F. ) ;
#1865 = DIRECTION ( 'NONE',  ( 0.000000000000000000, -1.000000000000000000, 0.000000000000000000 ) ) ;
#1866 = CARTESIAN_POINT ( 'NONE',  ( 0.07874015748031495954, 2.000865229734566874E-16, 0.07874015748031495954 ) ) ;
#1867 = CARTESIAN_POINT ( 'NONE',  ( 0.07874015748031495954, 0.000000000000000000, -0.6377952755905511584 ) ) ;
#1868 = EDGE_CURVE ( 'NONE', #8116, #5005, #9655, .T. ) ;
#1869 = ORIENTED_EDGE ( 'NONE', *, *, #10638, .T. ) ;
#1870 = FACE_OUTER_BOUND ( 'NONE', #7383, .T. ) ;
#1871 = LINE ( 'NONE', #8235, #7557 ) ;
#1872 = DIRECTION ( 'NONE',  ( 0.000000000000000000, 3.469446951953609850E-15, -1.000000000000000000 ) ) ;
#1873 = VECTOR ( 'NONE', #3991, 39.37007874015748143 ) ;
#1874 = ORIENTED_EDGE ( 'NONE', *, *, #6899, .F. ) ;
#1875 = ORIENTED_EDGE ( 'NONE', *, *, #1546, .T. ) ;
#1876 = FACE_OUTER_BOUND ( 'NONE', #3728, .T. ) ;
#1877 = AXIS2_PLACEMENT_3D ( 'NONE', #1689, #4972, #9933 ) ;
#1878 = ORIENTED_EDGE ( 'NONE', *, *, #8797, .F. ) ;
#1879 = CARTESIAN_POINT ( 'NONE',  ( 0.3523622047244094335, 0.1850393700787401619, 0.4881889763779527769 ) ) ;
#1880 = ADVANCED_FACE ( 'NONE', ( #8895 ), #10680, .T. ) ;
#1881 = CYLINDRICAL_SURFACE ( 'NONE', #7299, 0.01968503937007873988 ) ;
#1882 = AXIS2_PLACEMENT_3D ( 'NONE', #4745, #4090, #10674 ) ;
#1883 = DIRECTION ( 'NONE',  ( 1.000000000000000000, 0.000000000000000000, 0.000000000000000000 ) ) ;
#1884 = DIRECTION ( 'NONE',  ( 0.000000000000000000, -0.8115343414514849529, 0.5843047258450889681 ) ) ;
#1885 = VERTEX_POINT ( 'NONE', #647 ) ;
#1886 = EDGE_LOOP ( 'NONE', ( #2010, #1343, #3276, #644 ) ) ;
#1887 = DIRECTION ( 'NONE',  ( 0.000000000000000000, 1.000000000000000000, 0.000000000000000000 ) ) ;
#1888 = CARTESIAN_POINT ( 'NONE',  ( 0.3553149606299212948, 1.027559055118110409, 0.4094488188976377896 ) ) ;
#1889 = EDGE_LOOP ( 'NONE', ( #7052, #1365, #3237, #3521, #7817, #6208, #10179, #5923, #1710, #1186, #8237 ) ) ;
#1890 = CARTESIAN_POINT ( 'NONE',  ( -0.1181102362204724532, 1.297383991755641564, -0.04935249569264858749 ) ) ;
#1891 = EDGE_CURVE ( 'NONE', #6031, #6155, #5605, .T. ) ;
#1892 = CARTESIAN_POINT ( 'NONE',  ( 0.07874015748031495954, 0.007874015748031495954, 0.8267716535433071723 ) ) ;
#1893 = EDGE_CURVE ( 'NONE', #9521, #8498, #746, .T. ) ;
#1894 = FACE_OUTER_BOUND ( 'NONE', #10441, .T. ) ;
#1895 = CARTESIAN_POINT ( 'NONE',  ( -0.3937007874015748254, -0.09055118110236221041, -0.6968503937007873850 ) ) ;
#1896 = VERTEX_POINT ( 'NONE', #10468 ) ;
#1897 = ORIENTED_EDGE ( 'NONE', *, *, #4760, .F. ) ;
#1898 = DIRECTION ( 'NONE',  ( 0.000000000000000000, 1.000000000000000000, 0.000000000000000000 ) ) ;
#1899 = ORIENTED_EDGE ( 'NONE', *, *, #1199, .F. ) ;
#1900 = ORIENTED_EDGE ( 'NONE', *, *, #2661, .T. ) ;
#1901 = DIRECTION ( 'NONE',  ( 0.000000000000000000, -1.000000000000000000, 0.000000000000000000 ) ) ;
#1902 = CARTESIAN_POINT ( 'NONE',  ( -0.3543307086614173040, 1.283464566929133799, -0.05511811023622047168 ) ) ;
#1903 = DIRECTION ( 'NONE',  ( 0.000000000000000000, 0.000000000000000000, -1.000000000000000000 ) ) ;
#1904 = DIRECTION ( 'NONE',  ( 0.000000000000000000, 1.000000000000000000, 0.000000000000000000 ) ) ;
#1905 = AXIS2_PLACEMENT_3D ( 'NONE', #631, #9745, #7417 ) ;
#1906 = ORIENTED_EDGE ( 'NONE', *, *, #845, .F. ) ;
#1907 = CARTESIAN_POINT ( 'NONE',  ( -0.09842519685039370636, 1.283464566929133799, -0.03543307086614173179 ) ) ;
#1908 = ORIENTED_EDGE ( 'NONE', *, *, #4739, .F. ) ;
#1909 = CARTESIAN_POINT ( 'NONE',  ( 0.3937007874015748254, -0.09055118110236221041, 0.2755905511811023723 ) ) ;
#1910 = VERTEX_POINT ( 'NONE', #8843 ) ;
#1911 = CARTESIAN_POINT ( 'NONE',  ( 0.3740157480314960647, -0.09055118110236221041, 0.2952755905511810774 ) ) ;
#1912 = EDGE_LOOP ( 'NONE', ( #6183, #3469, #5199, #10381 ) ) ;
#1913 = ORIENTED_EDGE ( 'NONE', *, *, #2822, .F. ) ;
#1914 = CC_DESIGN_APPROVAL ( #9152, ( #3980 ) ) ;
#1915 = ADVANCED_FACE ( 'NONE', ( #10515 ), #693, .T. ) ;
#1916 = CARTESIAN_POINT ( 'NONE',  ( 0.04330708661417323468, 0.4855184551668063064, 0.1279527559055118058 ) ) ;
#1917 = DIRECTION ( 'NONE',  ( 0.000000000000000000, 0.000000000000000000, -1.000000000000000000 ) ) ;
#1918 = DIRECTION ( 'NONE',  ( 0.000000000000000000, -1.000000000000000000, 0.000000000000000000 ) ) ;
#1919 = CARTESIAN_POINT ( 'NONE',  ( 0.1968503937007874127, 0.8385826771609488084, -0.5590551181102362266 ) ) ;
#1920 = VERTEX_POINT ( 'NONE', #3987 ) ;
#1921 = CARTESIAN_POINT ( 'NONE',  ( 0.1968503937007874127, 0.7440944881889763884, 0.5590551181102362266 ) ) ;
#1922 = DIRECTION ( 'NONE',  ( -0.2368163906405040819, -0.9715544231405692788, 0.000000000000000000 ) ) ;
#1923 = ORIENTED_EDGE ( 'NONE', *, *, #9516, .T. ) ;
#1924 = EDGE_LOOP ( 'NONE', ( #8968, #5252, #31, #10047 ) ) ;
#1925 = EDGE_CURVE ( 'NONE', #5214, #9661, #10625, .T. ) ;
#1926 = ADVANCED_FACE ( 'NONE', ( #3186 ), #4694, .T. ) ;
#1927 = CARTESIAN_POINT ( 'NONE',  ( -0.3553149606299212948, 0.8700787401574804347, 0.9448818897637796255 ) ) ;
#1928 = EDGE_CURVE ( 'NONE', #7974, #6497, #4909, .T. ) ;
#1929 = ORIENTED_EDGE ( 'NONE', *, *, #2647, .F. ) ;
#1930 = DIRECTION ( 'NONE',  ( -1.000000000000000000, 0.000000000000000000, 0.000000000000000000 ) ) ;
#1931 = FACE_OUTER_BOUND ( 'NONE', #7519, .T. ) ;
#1932 = LINE ( 'NONE', #1124, #10574 ) ;
#1933 = CARTESIAN_POINT ( 'NONE',  ( -0.1476377952755905387, 0.000000000000000000, 0.07874015748031495954 ) ) ;
#1934 = ORIENTED_EDGE ( 'NONE', *, *, #2795, .T. ) ;
#1935 = EDGE_CURVE ( 'NONE', #5571, #8274, #2376, .T. ) ;
#1936 = CIRCLE ( 'NONE', #2462, 0.1181102362204724116 ) ;
#1937 = DIRECTION ( 'NONE',  ( 4.078408702068345349E-15, 0.000000000000000000, 1.000000000000000000 ) ) ;
#1938 = VECTOR ( 'NONE', #7384, 39.37007874015748143 ) ;
#1939 = PLANE ( 'NONE',  #3737 ) ;
#1940 = ORIENTED_EDGE ( 'NONE', *, *, #9695, .T. ) ;
#1941 = CARTESIAN_POINT ( 'NONE',  ( -0.3937007874015748254, 0.000000000000000000, -0.4881889763779527769 ) ) ;
#1942 = DIRECTION ( 'NONE',  ( -1.000000000000000000, 0.000000000000000000, 0.000000000000000000 ) ) ;
#1943 = FACE_OUTER_BOUND ( 'NONE', #3406, .T. ) ;
#1944 = DIRECTION ( 'NONE',  ( 0.000000000000000000, 0.000000000000000000, 1.000000000000000000 ) ) ;
#1945 = ORIENTED_EDGE ( 'NONE', *, *, #7585, .T. ) ;
#1946 = VERTEX_POINT ( 'NONE', #4044 ) ;
#1947 = CARTESIAN_POINT ( 'NONE',  ( -0.04330708661417323468, 0.1850393700787401619, -0.05511811023622047168 ) ) ;
#1948 = VECTOR ( 'NONE', #3725, 39.37007874015748143 ) ;
#1949 = ORIENTED_EDGE ( 'NONE', *, *, #39, .T. ) ;
#1950 = EDGE_CURVE ( 'NONE', #6900, #5574, #7329, .T. ) ;
#1951 = EDGE_CURVE ( 'NONE', #1674, #7098, #8194, .T. ) ;
#1952 = ORIENTED_EDGE ( 'NONE', *, *, #3117, .F. ) ;
#1953 = DIRECTION ( 'NONE',  ( -4.078408702068339827E-15, 0.000000000000000000, 1.000000000000000000 ) ) ;
#1954 = VECTOR ( 'NONE', #5514, 39.37007874015748143 ) ;
#1955 = CARTESIAN_POINT ( 'NONE',  ( -0.07874015748031495954, 0.1062992125984252023, 0.3858267716535432879 ) ) ;
#1956 = FACE_OUTER_BOUND ( 'NONE', #10146, .T. ) ;
#1957 = CIRCLE ( 'NONE', #4361, 0.1279527559055117780 ) ;
#1958 = CARTESIAN_POINT ( 'NONE',  ( -0.07874015748031495954, -0.1102362204724409434, 0.4960629921259842590 ) ) ;
#1959 = ORIENTED_EDGE ( 'NONE', *, *, #6921, .T. ) ;
#1960 = DIRECTION ( 'NONE',  ( 0.000000000000000000, 1.000000000000000000, 0.000000000000000000 ) ) ;
#1961 = ORIENTED_EDGE ( 'NONE', *, *, #4403, .T. ) ;
#1962 = PLANE ( 'NONE',  #9191 ) ;
#1963 = AXIS2_PLACEMENT_3D ( 'NONE', #4658, #551, #3849 ) ;
#1964 = EDGE_LOOP ( 'NONE', ( #5704, #2476, #7522, #10217 ) ) ;
#1965 = EDGE_CURVE ( 'NONE', #928, #7624, #8296, .T. ) ;
#1966 = EDGE_CURVE ( 'NONE', #7916, #8180, #217, .T. ) ;
#1967 = PLANE ( 'NONE',  #8972 ) ;
#1968 = ORIENTED_EDGE ( 'NONE', *, *, #1197, .T. ) ;
#1969 = VECTOR ( 'NONE', #9320, 39.37007874015748143 ) ;
#1970 = AXIS2_PLACEMENT_3D ( 'NONE', #1614, #1670, #8946 ) ;
#1971 = ORIENTED_EDGE ( 'NONE', *, *, #8647, .T. ) ;
#1972 = VECTOR ( 'NONE', #4695, 39.37007874015748143 ) ;
#1973 = CARTESIAN_POINT ( 'NONE',  ( -0.2204724409448818867, 0.8385826771609488084, 0.4433311932543322897 ) ) ;
#1974 = DIRECTION ( 'NONE',  ( 1.000000000000000000, 0.000000000000000000, 0.000000000000000000 ) ) ;
#1975 = CARTESIAN_POINT ( 'NONE',  ( -0.3247425659115417695, 1.287401574803149540, -0.5629921259842519676 ) ) ;
#1976 = CARTESIAN_POINT ( 'NONE',  ( -0.1476377952755905387, 0.000000000000000000, 0.07874015748031495954 ) ) ;
#1977 = EDGE_LOOP ( 'NONE', ( #8970, #10080 ) ) ;
#1978 = CARTESIAN_POINT ( 'NONE',  ( -0.1732283464566929387, 0.6456692913385827515, 0.4433311932543378409 ) ) ;
#1979 = CIRCLE ( 'NONE', #8512, 0.1279527559055117780 ) ;
#1980 = AXIS2_PLACEMENT_3D ( 'NONE', #9910, #9251, #8282 ) ;
#1981 = EDGE_CURVE ( 'NONE', #3033, #875, #6361, .T. ) ;
#1982 = CARTESIAN_POINT ( 'NONE',  ( -0.3682501334879241806, 1.297383991755641786, -0.03543307086614171098 ) ) ;
#1983 = CARTESIAN_POINT ( 'NONE',  ( 0.03838582677165354451, -0.09055118110236221041, -0.6968503937007873850 ) ) ;
#1984 = EDGE_LOOP ( 'NONE', ( #3591, #1414, #1605, #7669, #2723 ) ) ;
#1985 = ORIENTED_EDGE ( 'NONE', *, *, #9481, .T. ) ;
#1986 = DIRECTION ( 'NONE',  ( 0.000000000000000000, -1.000000000000000000, 0.000000000000000000 ) ) ;
#1987 = VECTOR ( 'NONE', #5889, 39.37007874015748143 ) ;
#1988 = ORIENTED_EDGE ( 'NONE', *, *, #7168, .T. ) ;
#1989 = CARTESIAN_POINT ( 'NONE',  ( -0.1968503937007874127, 0.8385826771609488084, -0.5354330708661416693 ) ) ;
#1990 = CARTESIAN_POINT ( 'NONE',  ( -0.09842519685039370636, 1.283464566929133799, 0.03543307086614173179 ) ) ;
#1991 = DIRECTION ( 'NONE',  ( 0.000000000000000000, 0.000000000000000000, -1.000000000000000000 ) ) ;
#1992 = CARTESIAN_POINT ( 'NONE',  ( 0.2736220472440945017, -0.09055118110236221041, 0.3687411576292917159 ) ) ;
#1993 = EDGE_CURVE ( 'NONE', #2635, #2144, #2271, .T. ) ;
#1994 = EDGE_CURVE ( 'NONE', #6476, #3739, #4751, .T. ) ;
#1995 = VECTOR ( 'NONE', #5738, 39.37007874015748143 ) ;
#1996 = ORIENTED_EDGE ( 'NONE', *, *, #6663, .T. ) ;
#1997 = CARTESIAN_POINT ( 'NONE',  ( -0.1041908113939655489, 1.297383991755641564, 0.03543307086614173179 ) ) ;
#1998 = DIRECTION ( 'NONE',  ( 0.000000000000000000, 0.000000000000000000, -1.000000000000000000 ) ) ;
#2000 = ORIENTED_EDGE ( 'NONE', *, *, #8107, .T. ) ;
#1999 = VERTEX_POINT ( 'NONE', #7543 ) ;
#2001 = CARTESIAN_POINT ( 'NONE',  ( 0.2204724409448818867, 0.7913385826771653919, 0.5354330708661416693 ) ) ;
#2002 = DIRECTION ( 'NONE',  ( -1.000000000000000000, 0.000000000000000000, 0.000000000000000000 ) ) ;
#2003 = DIRECTION ( 'NONE',  ( 0.000000000000000000, -1.000000000000000000, 0.000000000000000000 ) ) ;
#2004 = CARTESIAN_POINT ( 'NONE',  ( -0.07120858256432748001, 1.264792676106895275, -0.6360942317687607872 ) ) ;
#2005 = VECTOR ( 'NONE', #3543, 39.37007874015748143 ) ;
#2006 = ORIENTED_EDGE ( 'NONE', *, *, #9241, .F. ) ;
#2007 = EDGE_CURVE ( 'NONE', #5293, #295, #2636, .T. ) ;
#2008 = ORIENTED_EDGE ( 'NONE', *, *, #4538, .F. ) ;
#2009 = FACE_OUTER_BOUND ( 'NONE', #10369, .T. ) ;
#2010 = ORIENTED_EDGE ( 'NONE', *, *, #5616, .T. ) ;
#2011 = EDGE_LOOP ( 'NONE', ( #852, #10156, #5804, #6541 ) ) ;
#2012 = VECTOR ( 'NONE', #9889, 39.37007874015748143 ) ;
#2013 = UNCERTAINTY_MEASURE_WITH_UNIT (LENGTH_MEASURE( 1.000000000000000082E-05 ), #5133, 'distance_accuracy_value', 'NONE');
#2014 = DIRECTION ( 'NONE',  ( 0.000000000000000000, -1.000000000000000000, 0.000000000000000000 ) ) ;
#2015 = DIRECTION ( 'NONE',  ( 0.000000000000000000, 0.000000000000000000, -1.000000000000000000 ) ) ;
#2016 = DIRECTION ( 'NONE',  ( 0.000000000000000000, 1.000000000000000000, 0.000000000000000000 ) ) ;
#2017 = DIRECTION ( 'NONE',  ( 0.000000000000000000, 0.000000000000000000, -1.000000000000000000 ) ) ;
#2018 = CARTESIAN_POINT ( 'NONE',  ( 0.4921259842519685179, 0.1850393700787401619, -0.6968503937007873850 ) ) ;
#2019 = ORIENTED_EDGE ( 'NONE', *, *, #2932, .F. ) ;
#2020 = EDGE_CURVE ( 'NONE', #1662, #5148, #5819, .T. ) ;
#2021 = CARTESIAN_POINT ( 'NONE',  ( 0.4537401574803149873, 0.6574803149606299746, 0.9448818897637796255 ) ) ;
#2022 = ORIENTED_EDGE ( 'NONE', *, *, #1059, .F. ) ;
#2023 = DIRECTION ( 'NONE',  ( 0.000000000000000000, -1.000000000000000000, 0.000000000000000000 ) ) ;
#2024 = ORIENTED_EDGE ( 'NONE', *, *, #2220, .F. ) ;
#2025 = DIRECTION ( 'NONE',  ( 0.000000000000000000, 0.000000000000000000, -1.000000000000000000 ) ) ;
#2026 = VERTEX_POINT ( 'NONE', #2539 ) ;
#2027 = VERTEX_POINT ( 'NONE', #9970 ) ;
#2028 = DIRECTION ( 'NONE',  ( 0.000000000000000000, 0.000000000000000000, -1.000000000000000000 ) ) ;
#2029 = VERTEX_POINT ( 'NONE', #154 ) ;
#2030 = DIRECTION ( 'NONE',  ( -1.445602896647336195E-14, 0.000000000000000000, 1.000000000000000000 ) ) ;
#2031 = CARTESIAN_POINT ( 'NONE',  ( 0.3149606299212598381, 0.6062992125984252301, -0.6968503937007873850 ) ) ;
#2032 = LINE ( 'NONE', #6235, #8181 ) ;
#2033 = VERTEX_POINT ( 'NONE', #9212 ) ;
#2034 = EDGE_CURVE ( 'NONE', #196, #2206, #7435, .T. ) ;
#2035 = EDGE_CURVE ( 'NONE', #2533, #5746, #3451, .T. ) ;
#2036 = FACE_OUTER_BOUND ( 'NONE', #939, .T. ) ;
#2037 = VECTOR ( 'NONE', #3439, 39.37007874015748143 ) ;
#2038 = DIRECTION ( 'NONE',  ( 0.000000000000000000, -1.000000000000000000, 0.000000000000000000 ) ) ;
#2039 = CARTESIAN_POINT ( 'NONE',  ( 0.3553149606299212948, 0.8700787401574804347, 0.9448818897637796255 ) ) ;
#2040 = ORIENTED_EDGE ( 'NONE', *, *, #2132, .F. ) ;
#2041 = ORIENTED_EDGE ( 'NONE', *, *, #5539, .F. ) ;
#2042 = CARTESIAN_POINT ( 'NONE',  ( -0.3523622047244094335, 0.1850393700787401619, -0.4251968503937008093 ) ) ;
#2043 = ORIENTED_EDGE ( 'NONE', *, *, #2232, .F. ) ;
#2044 = PLANE ( 'NONE',  #7450 ) ;
#2045 = CARTESIAN_POINT ( 'NONE',  ( 0.2204724409448818867, 0.7913385826771653919, 0.5354330708661416693 ) ) ;
#2046 = DIRECTION ( 'NONE',  ( -1.000000000000000000, 0.000000000000000000, 0.000000000000000000 ) ) ;
#2047 = CARTESIAN_POINT ( 'NONE',  ( -0.07874015748031495954, 1.137795275590551158, 0.07874015748031495954 ) ) ;
#2048 = AXIS2_PLACEMENT_3D ( 'NONE', #6030, #5218, #860 ) ;
#2049 = EDGE_CURVE ( 'NONE', #2895, #41, #1773, .T. ) ;
#2050 = ORIENTED_EDGE ( 'NONE', *, *, #4196, .T. ) ;
#2051 = VECTOR ( 'NONE', #4804, 39.37007874015748143 ) ;
#2052 = CARTESIAN_POINT ( 'NONE',  ( -0.1043226151420509756, 1.269414574758338521, 0.04696378781806464370 ) ) ;
#2053 = VECTOR ( 'NONE', #1055, 39.37007874015748143 ) ;
#2054 = EDGE_CURVE ( 'NONE', #5096, #9793, #8834, .T. ) ;
#2055 = FACE_OUTER_BOUND ( 'NONE', #8061, .T. ) ;
#2056 = VERTEX_POINT ( 'NONE', #8291 ) ;
#2057 = CARTESIAN_POINT ( 'NONE',  ( -0.1279527559055118058, 1.307328710460744059, 0.5354330708661416693 ) ) ;
#2058 = CARTESIAN_POINT ( 'NONE',  ( 0.4537401574803149873, 0.6574803149606299746, -0.9448818897637796255 ) ) ;
#2059 = CARTESIAN_POINT ( 'NONE',  ( -0.3682501334879241806, 1.283464566929134021, 0.04935249569264841402 ) ) ;
#2060 = CARTESIAN_POINT ( 'NONE',  ( -0.2204724409448818867, 0.7913385826771653919, -0.5354330708661416693 ) ) ;
#2061 = ORIENTED_EDGE ( 'NONE', *, *, #2397, .F. ) ;
#2062 = ORIENTED_EDGE ( 'NONE', *, *, #4967, .T. ) ;
#2063 = DIRECTION ( 'NONE',  ( 0.000000000000000000, -1.000000000000000000, 0.000000000000000000 ) ) ;
#2064 = EDGE_LOOP ( 'NONE', ( #9879, #10424, #5242, #3368 ) ) ;
#2065 = ORIENTED_EDGE ( 'NONE', *, *, #4757, .T. ) ;
#2066 = ADVANCED_FACE ( 'NONE', ( #10074 ), #10015, .F. ) ;
#2067 = ADVANCED_FACE ( 'NONE', ( #5114 ), #1012, .F. ) ;
#2068 = DIRECTION ( 'NONE',  ( -1.000000000000000000, 0.000000000000000000, 0.000000000000000000 ) ) ;
#2069 = EDGE_CURVE ( 'NONE', #10656, #4433, #5061, .T. ) ;
#2070 = LINE ( 'NONE', #10203, #2308 ) ;
#2071 = FACE_OUTER_BOUND ( 'NONE', #3283, .T. ) ;
#2072 = LINE ( 'NONE', #7026, #3353 ) ;
#2073 = DIRECTION ( 'NONE',  ( 0.000000000000000000, 0.000000000000000000, -1.000000000000000000 ) ) ;
#2074 = VERTEX_POINT ( 'NONE', #6676 ) ;
#2075 = FACE_OUTER_BOUND ( 'NONE', #5499, .T. ) ;
#2076 = ORIENTED_EDGE ( 'NONE', *, *, #5349, .T. ) ;
#2077 = CARTESIAN_POINT ( 'NONE',  ( 0.1732283464566929387, 0.7913385826771653919, -0.5826771653543307838 ) ) ;
#2078 = ORIENTED_EDGE ( 'NONE', *, *, #8120, .T. ) ;
#2079 = LINE ( 'NONE', #459, #6724 ) ;
#2080 = ORIENTED_EDGE ( 'NONE', *, *, #8787, .F. ) ;
#2081 = ORIENTED_EDGE ( 'NONE', *, *, #3119, .T. ) ;
#2082 = ADVANCED_FACE ( 'NONE', ( #4254 ), #7589, .T. ) ;
#2083 = CARTESIAN_POINT ( 'NONE',  ( 0.2657480314960630197, 1.307328710460744059, 0.5826771653543307838 ) ) ;
#2084 = EDGE_LOOP ( 'NONE', ( #1641, #3645, #2552, #6752, #3614, #4664, #8692, #9572 ) ) ;
#2085 = AXIS2_PLACEMENT_3D ( 'NONE', #9137, #5097, #1043 ) ;
#2086 = CARTESIAN_POINT ( 'NONE',  ( -0.3285507400379396037, 1.199058381935014683, 0.04967763652762412219 ) ) ;
#2087 = PLANE ( 'NONE',  #1295 ) ;
#2088 = LINE ( 'NONE', #3648, #429 ) ;
#2089 = ORIENTED_EDGE ( 'NONE', *, *, #5777, .F. ) ;
#2090 = DIRECTION ( 'NONE',  ( 0.000000000000000000, 1.000000000000000000, 0.000000000000000000 ) ) ;
#2091 = CARTESIAN_POINT ( 'NONE',  ( -0.3149606299212598381, -0.09055118110236221041, 0.6968503937007873850 ) ) ;
#2092 = VECTOR ( 'NONE', #9676, 39.37007874015748143 ) ;
#2093 = DIRECTION ( 'NONE',  ( 0.000000000000000000, 1.000000000000000000, -1.788374717501859835E-16 ) ) ;
#2094 = VERTEX_POINT ( 'NONE', #9104 ) ;
#2095 = EDGE_LOOP ( 'NONE', ( #870, #3307, #9975, #6210 ) ) ;
#2096 = ADVANCED_FACE ( 'NONE', ( #905 ), #8450, .T. ) ;
#2097 = ADVANCED_FACE ( 'NONE', ( #9920 ), #259, .T. ) ;
#2098 = DIRECTION ( 'NONE',  ( -1.000000000000000000, -1.788374717501859983E-15, 0.000000000000000000 ) ) ;
#2099 = EDGE_LOOP ( 'NONE', ( #9828, #10052, #4062, #1434 ) ) ;
#2100 = DIRECTION ( 'NONE',  ( 0.000000000000000000, -1.213093339843927959E-15, -1.000000000000000000 ) ) ;
#2101 = FACE_OUTER_BOUND ( 'NONE', #7596, .T. ) ;
#2102 = LINE ( 'NONE', #9430, #7633 ) ;
#2103 = DIRECTION ( 'NONE',  ( -1.000000000000000000, 0.000000000000000000, 0.000000000000000000 ) ) ;
#2104 = ORIENTED_EDGE ( 'NONE', *, *, #8244, .F. ) ;
#2105 = EDGE_CURVE ( 'NONE', #1832, #4117, #5769, .T. ) ;
#2106 = CARTESIAN_POINT ( 'NONE',  ( -0.3553149606299212948, 0.8464566929133857665, 0.8818897637795275468 ) ) ;
#2107 = DIRECTION ( 'NONE',  ( 0.000000000000000000, -1.000000000000000000, 0.000000000000000000 ) ) ;
#2108 = VERTEX_POINT ( 'NONE', #4959 ) ;
#2109 = CARTESIAN_POINT ( 'NONE',  ( 0.3937007874015748254, 0.000000000000000000, -0.9448818897637796255 ) ) ;
#2110 = DIRECTION ( 'NONE',  ( -0.2588190451025564887, 0.000000000000000000, 0.9659258262890588753 ) ) ;
#2111 = CARTESIAN_POINT ( 'NONE',  ( -0.3553149606299212948, 0.1850393700787401619, 0.9448818897637796255 ) ) ;
#2112 = CARTESIAN_POINT ( 'NONE',  ( -0.09842607111990274438, 1.283333381382946836, -0.03530188531995456791 ) ) ;
#2113 = ORIENTED_EDGE ( 'NONE', *, *, #9710, .F. ) ;
#2114 = ORIENTED_EDGE ( 'NONE', *, *, #5187, .T. ) ;
#2115 = ADVANCED_FACE ( 'NONE', ( #1724 ), #8240, .T. ) ;
#2116 = EDGE_LOOP ( 'NONE', ( #9190, #7326, #6469, #10449, #7802, #2984 ) ) ;
#2117 = CALENDAR_DATE ( 2022, 1, 11 ) ;
#2118 = ORIENTED_EDGE ( 'NONE', *, *, #7101, .T. ) ;
#2119 = CARTESIAN_POINT ( 'NONE',  ( 0.1968503937007874127, 0.8385826771609488084, 0.5590551181102362266 ) ) ;
#2120 = LINE ( 'NONE', #7076, #1098 ) ;
#2121 = CYLINDRICAL_SURFACE ( 'NONE', #4250, 0.01968503937007873988 ) ;
#2122 = VECTOR ( 'NONE', #10654, 39.37007874015748143 ) ;
#2123 = PLANE ( 'NONE',  #3153 ) ;
#2124 = AXIS2_PLACEMENT_3D ( 'NONE', #1513, #5550, #8082 ) ;
#2125 = CARTESIAN_POINT ( 'NONE',  ( -0.4921259842519685179, 1.287401574803149540, 0.5629921259842519676 ) ) ;
#2126 = VERTEX_POINT ( 'NONE', #5215 ) ;
#2127 = PLANE ( 'NONE',  #1127 ) ;
#2128 = ORIENTED_EDGE ( 'NONE', *, *, #1761, .F. ) ;
#2129 = AXIS2_PLACEMENT_3D ( 'NONE', #759, #5720, #3998 ) ;
#2130 = ADVANCED_FACE ( 'NONE', ( #9314 ), #2044, .T. ) ;
#2131 = DIRECTION ( 'NONE',  ( 0.000000000000000000, 0.000000000000000000, 1.000000000000000000 ) ) ;
#2132 = EDGE_CURVE ( 'NONE', #7181, #9685, #9539, .T. ) ;
#2133 = ORIENTED_EDGE ( 'NONE', *, *, #10488, .T. ) ;
#2134 = CARTESIAN_POINT ( 'NONE',  ( -0.4921259842519685179, 1.287401574803149540, -0.5629921259842519676 ) ) ;
#2135 = VECTOR ( 'NONE', #1420, 39.37007874015748143 ) ;
#2136 = ORIENTED_EDGE ( 'NONE', *, *, #7324, .T. ) ;
#2137 = ORIENTED_EDGE ( 'NONE', *, *, #483, .T. ) ;
#2138 = LINE ( 'NONE', #1432, #10300 ) ;
#2139 = VECTOR ( 'NONE', #3929, 39.37007874015748143 ) ;
#2140 = ORIENTED_EDGE ( 'NONE', *, *, #8143, .T. ) ;
#2141 = CARTESIAN_POINT ( 'NONE',  ( 0.2657480314960630197, 0.8385826771609488084, -0.5590551181102362266 ) ) ;
#2142 = DIRECTION ( 'NONE',  ( 0.000000000000000000, 0.7071067811865494601, -0.7071067811865454633 ) ) ;
#2143 = CARTESIAN_POINT ( 'NONE',  ( -0.1476377952755905387, -0.09055118110236221041, -0.1476377952755905387 ) ) ;
#2144 = VERTEX_POINT ( 'NONE', #6996 ) ;
#2145 = DIRECTION ( 'NONE',  ( 0.000000000000000000, 0.9553521041146707526, -0.2954697229221148747 ) ) ;
#2146 = VECTOR ( 'NONE', #638, 39.37007874015748143 ) ;
#2147 = EDGE_CURVE ( 'NONE', #10310, #8248, #8561, .T. ) ;
#2148 = DIRECTION ( 'NONE',  ( 1.000000000000000000, 0.000000000000000000, 0.000000000000000000 ) ) ;
#2149 = VECTOR ( 'NONE', #5800, 39.37007874015748143 ) ;
#2150 = VECTOR ( 'NONE', #2325, 39.37007874015748143 ) ;
#2151 = DIRECTION ( 'NONE',  ( 0.000000000000000000, 0.000000000000000000, -1.000000000000000000 ) ) ;
#2152 = ORIENTED_EDGE ( 'NONE', *, *, #621, .T. ) ;
#2153 = ORIENTED_EDGE ( 'NONE', *, *, #4581, .T. ) ;
#2154 = PLANE ( 'NONE',  #4212 ) ;
#2155 = DIRECTION ( 'NONE',  ( 0.000000000000000000, -1.000000000000000000, 0.000000000000000000 ) ) ;
#2156 = CARTESIAN_POINT ( 'NONE',  ( 0.3149606299212598381, 0.6062992125984252301, -0.1476377952755905387 ) ) ;
#2157 = VECTOR ( 'NONE', #2362, 39.37007874015748854 ) ;
#2158 = VECTOR ( 'NONE', #5618, 39.37007874015748143 ) ;
#2159 = PLANE ( 'NONE',  #745 ) ;
#2160 = VECTOR ( 'NONE', #2786, 39.37007874015748143 ) ;
#2161 = FACE_OUTER_BOUND ( 'NONE', #4583, .T. ) ;
#2162 = CARTESIAN_POINT ( 'NONE',  ( 0.1358267716535433156, -0.03543307086614173179, 0.1279527559055118058 ) ) ;
#2163 = ADVANCED_FACE ( 'NONE', ( #5333 ), #8504, .T. ) ;
#2164 = VECTOR ( 'NONE', #2958, 39.37007874015748143 ) ;
#2165 = EDGE_LOOP ( 'NONE', ( #2414, #5665, #6448, #823 ) ) ;
#2166 = CIRCLE ( 'NONE', #9568, 0.1181102362204780182 ) ;
#2167 = DIRECTION ( 'NONE',  ( 0.000000000000000000, -1.000000000000000000, 0.000000000000000000 ) ) ;
#2168 = DIRECTION ( 'NONE',  ( 0.000000000000000000, -1.000000000000000000, 0.000000000000000000 ) ) ;
#2170 = EDGE_LOOP ( 'NONE', ( #3313, #6787, #782, #2745 ) ) ;
#2169 = VERTEX_POINT ( 'NONE', #9427 ) ;
#2171 = PLANE ( 'NONE',  #8373 ) ;
#2172 = LINE ( 'NONE', #5394, #1800 ) ;
#2173 = CARTESIAN_POINT ( 'NONE',  ( -0.3706128329569343127, 1.303258223574750740, 0.03531759309851618955 ) ) ;
#2174 = FACE_OUTER_BOUND ( 'NONE', #8526, .T. ) ;
#2175 = ORIENTED_EDGE ( 'NONE', *, *, #6119, .T. ) ;
#2176 = VECTOR ( 'NONE', #3531, 39.37007874015748854 ) ;
#2177 = ADVANCED_FACE ( 'NONE', ( #477 ), #4519, .T. ) ;
#2178 = EDGE_CURVE ( 'NONE', #7152, #4780, #6195, .T. ) ;
#2179 = ORIENTED_EDGE ( 'NONE', *, *, #1193, .T. ) ;
#2180 = VERTEX_POINT ( 'NONE', #7807 ) ;
#2181 = ORIENTED_EDGE ( 'NONE', *, *, #6560, .F. ) ;
#2182 = DIRECTION ( 'NONE',  ( 0.4999999999998469558, 0.000000000000000000, 0.8660254037845270814 ) ) ;
#2183 = DIRECTION ( 'NONE',  ( 0.000000000000000000, -1.000000000000000000, 0.000000000000000000 ) ) ;
#2184 = CARTESIAN_POINT ( 'NONE',  ( -0.03838582677165354451, 0.4685039370078740717, -0.4251968503937008093 ) ) ;
#2185 = CARTESIAN_POINT ( 'NONE',  ( -0.1968503937007874127, 0.8385826771609488084, 0.5590551181102362266 ) ) ;
#2186 = CYLINDRICAL_SURFACE ( 'NONE', #9872, 0.01968503937007873988 ) ;
#2187 = EDGE_LOOP ( 'NONE', ( #4914, #7019, #5576, #9791 ) ) ;
#2188 = DIRECTION ( 'NONE',  ( -1.000000000000000000, 0.000000000000000000, 0.000000000000000000 ) ) ;
#2189 = ORIENTED_EDGE ( 'NONE', *, *, #5106, .T. ) ;
#2190 = CARTESIAN_POINT ( 'NONE',  ( -0.1968503937007874127, 0.8385826771609488084, -0.5590551181102362266 ) ) ;
#2191 = CIRCLE ( 'NONE', #10632, 0.01968503937007873988 ) ;
#2192 = ORIENTED_EDGE ( 'NONE', *, *, #10237, .T. ) ;
#2193 = DIRECTION ( 'NONE',  ( -1.000000000000000000, 0.000000000000000000, 0.000000000000000000 ) ) ;
#2194 = ORIENTED_EDGE ( 'NONE', *, *, #9955, .T. ) ;
#2195 = DIRECTION ( 'NONE',  ( -1.000000000000000000, 0.000000000000000000, 0.000000000000000000 ) ) ;
#2196 = ORIENTED_EDGE ( 'NONE', *, *, #5278, .T. ) ;
#2197 = AXIS2_PLACEMENT_3D ( 'NONE', #3568, #5020, #2548 ) ;
#2198 = FACE_OUTER_BOUND ( 'NONE', #9259, .T. ) ;
#2199 = EDGE_CURVE ( 'NONE', #8309, #1151, #3660, .T. ) ;
#2200 = EDGE_CURVE ( 'NONE', #6117, #8790, #6137, .T. ) ;
#2201 = CARTESIAN_POINT ( 'NONE',  ( 0.3523622047244094335, 0.000000000000000000, -0.9448818897637796255 ) ) ;
#2202 = ORIENTED_EDGE ( 'NONE', *, *, #3204, .T. ) ;
#2203 = DIRECTION ( 'NONE',  ( 0.000000000000000000, -1.000000000000000000, 0.000000000000000000 ) ) ;
#2204 = DIRECTION ( 'NONE',  ( 0.000000000000000000, 0.3858061304424838522, 0.9225798771450616220 ) ) ;
#2205 = CARTESIAN_POINT ( 'NONE',  ( -0.2204724409448818867, 1.307328710460744059, -0.5354330708661416693 ) ) ;
#2206 = VERTEX_POINT ( 'NONE', #10241 ) ;
#2207 = VERTEX_POINT ( 'NONE', #2156 ) ;
#2208 = CARTESIAN_POINT ( 'NONE',  ( 0.000000000000000000, 1.263779527559055094, -0.1476377952755905387 ) ) ;
#2209 = EDGE_CURVE ( 'NONE', #4117, #1240, #313, .T. ) ;
#2210 = EDGE_CURVE ( 'NONE', #3179, #1846, #4635, .T. ) ;
#2211 = EDGE_CURVE ( 'NONE', #6601, #6055, #8731, .T. ) ;
#2212 = DIRECTION ( 'NONE',  ( 0.000000000000000000, -1.000000000000000000, 0.000000000000000000 ) ) ;
#2213 = VECTOR ( 'NONE', #1417, 39.37007874015748143 ) ;
#2214 = CARTESIAN_POINT ( 'NONE',  ( -0.04330708661417323468, 0.4855184551668063064, 0.05511811023622047168 ) ) ;
#2215 = DIRECTION ( 'NONE',  ( 0.000000000000000000, 1.000000000000000000, 0.000000000000000000 ) ) ;
#2216 = PLANE ( 'NONE',  #5835 ) ;
#2217 = VERTEX_POINT ( 'NONE', #1348 ) ;
#2218 = AXIS2_PLACEMENT_3D ( 'NONE', #6731, #8405, #3409 ) ;
#2219 = LINE ( 'NONE', #2318, #8870 ) ;
#2220 = EDGE_CURVE ( 'NONE', #4857, #7392, #2859, .T. ) ;
#2221 = LINE ( 'NONE', #5503, #7170 ) ;
#2222 = ORIENTED_EDGE ( 'NONE', *, *, #8107, .F. ) ;
#2223 = CARTESIAN_POINT ( 'NONE',  ( -0.4921259842519685179, 0.000000000000000000, 0.000000000000000000 ) ) ;
#2224 = DIRECTION ( 'NONE',  ( 0.000000000000000000, -0.7071067811865480168, -0.7071067811865470176 ) ) ;
#2225 = DIRECTION ( 'NONE',  ( 2.007781800899079877E-17, 0.000000000000000000, 1.000000000000000000 ) ) ;
#2226 = LINE ( 'NONE', #4478, #3785 ) ;
#2227 = CARTESIAN_POINT ( 'NONE',  ( -0.3149606299212598381, 0.6062992125984252301, -0.1476377952755905387 ) ) ;
#2228 = EDGE_LOOP ( 'NONE', ( #4893, #1245, #2089, #980 ) ) ;
#2229 = ORIENTED_EDGE ( 'NONE', *, *, #3477, .T. ) ;
#2230 = AXIS2_PLACEMENT_3D ( 'NONE', #1352, #6140, #9488 ) ;
#2231 = ADVANCED_FACE ( 'NONE', ( #6026 ), #6830, .F. ) ;
#2232 = EDGE_CURVE ( 'NONE', #5410, #4128, #1122, .T. ) ;
#2233 = DIRECTION ( 'NONE',  ( 0.000000000000000000, -1.000000000000000000, 0.000000000000000000 ) ) ;
#2234 = CARTESIAN_POINT ( 'NONE',  ( 0.3798818897637795122, 0.5472440944881890035, -0.6968503937007873850 ) ) ;
#2235 = CARTESIAN_POINT ( 'NONE',  ( -0.3346456692913385988, 1.196850393700787496, -0.05511811023622047168 ) ) ;
#2236 = VECTOR ( 'NONE', #1681, 39.37007874015748143 ) ;
#2237 = CARTESIAN_POINT ( 'NONE',  ( -0.1279527559055118058, 0.7913385826771653919, -0.5826771653543307838 ) ) ;
#2238 = DIRECTION ( 'NONE',  ( -0.000000000000000000, 1.000000000000000000, 0.000000000000000000 ) ) ;
#2239 = ORIENTED_EDGE ( 'NONE', *, *, #524, .T. ) ;
#2240 = CARTESIAN_POINT ( 'NONE',  ( 0.2204724409448818867, 0.8385826771609488084, -0.5826771653543307838 ) ) ;
#2241 = VERTEX_POINT ( 'NONE', #6078 ) ;
#2242 = DIRECTION ( 'NONE',  ( 1.000000000000000000, 0.000000000000000000, 0.000000000000000000 ) ) ;
#2243 = ORIENTED_EDGE ( 'NONE', *, *, #5363, .F. ) ;
#2244 = CARTESIAN_POINT ( 'NONE',  ( -0.3683346952297948396, 1.246160203689826051, 0.04926780958825865281 ) ) ;
#2245 = VERTEX_POINT ( 'NONE', #9369 ) ;
#2246 = DIRECTION ( 'NONE',  ( 0.000000000000000000, 3.469446951953609850E-15, -1.000000000000000000 ) ) ;
#2247 = ORIENTED_EDGE ( 'NONE', *, *, #9160, .T. ) ;
#2248 = CARTESIAN_POINT ( 'NONE',  ( -0.3346456692913571396, 1.196850393700771509, 0.03543307327473385615 ) ) ;
#2249 = FACE_OUTER_BOUND ( 'NONE', #9673, .T. ) ;
#2250 = ORIENTED_EDGE ( 'NONE', *, *, #10024, .F. ) ;
#2251 = FACE_OUTER_BOUND ( 'NONE', #3707, .T. ) ;
#2252 = CARTESIAN_POINT ( 'NONE',  ( 0.1968503937007874127, 0.6456692913385827515, -0.5590551181102362266 ) ) ;
#2253 = LINE ( 'NONE', #7367, #357 ) ;
#2254 = EDGE_CURVE ( 'NONE', #6199, #4079, #5275, .T. ) ;
#2255 = VERTEX_POINT ( 'NONE', #7751 ) ;
#2256 = VERTEX_POINT ( 'NONE', #735 ) ;
#2257 = CARTESIAN_POINT ( 'NONE',  ( -0.09506757320279526913, 1.303149606299212504, -0.03543307086614173179 ) ) ;
#2258 = CARTESIAN_POINT ( 'NONE',  ( -0.3292003583923933663, 1.198821571422243215, -0.04902510851086055305 ) ) ;
#2259 = DIRECTION ( 'NONE',  ( 0.000000000000000000, -1.000000000000000000, 0.000000000000000000 ) ) ;
#2260 = CARTESIAN_POINT ( 'NONE',  ( -0.3553149606299212948, 1.027559055118110409, -0.8818897637795275468 ) ) ;
#2261 = CARTESIAN_POINT ( 'NONE',  ( -0.3523622047244094335, 0.000000000000000000, -0.2637795275590551491 ) ) ;
#2262 = AXIS2_PLACEMENT_3D ( 'NONE', #8381, #993, #6708 ) ;
#2263 = ADVANCED_FACE ( 'NONE', ( #6450 ), #3231, .F. ) ;
#2264 = CARTESIAN_POINT ( 'NONE',  ( -0.01968503937007873988, -0.1102362204724409434, 0.5866141732283465249 ) ) ;
#2265 = EDGE_CURVE ( 'NONE', #8502, #7098, #9804, .T. ) ;
#2266 = ADVANCED_FACE ( 'NONE', ( #5594 ), #7319, .T. ) ;
#2267 = ORIENTED_EDGE ( 'NONE', *, *, #5748, .T. ) ;
#2268 = CARTESIAN_POINT ( 'NONE',  ( -0.3543307086614173040, 1.288618098185022598, 0.05511811023622047168 ) ) ;
#2269 = VECTOR ( 'NONE', #4066, 39.37007874015748143 ) ;
#2270 = ORIENTED_EDGE ( 'NONE', *, *, #6317, .F. ) ;
#2271 = LINE ( 'NONE', #802, #9694 ) ;
#2272 = CARTESIAN_POINT ( 'NONE',  ( 0.3523622047245283384, -0.09055118110236221041, -0.2637795275590551491 ) ) ;
#2273 = LINE ( 'NONE', #748, #5213 ) ;
#2274 = CARTESIAN_POINT ( 'NONE',  ( 0.4537401574803149873, 0.6574803149606299746, -0.9448818897637796255 ) ) ;
#2275 = CARTESIAN_POINT ( 'NONE',  ( 0.3149606299212598381, 0.5472440944881890035, 0.9448818897637796255 ) ) ;
#2276 = ORIENTED_EDGE ( 'NONE', *, *, #9909, .F. ) ;
#2277 = ADVANCED_FACE ( 'NONE', ( #2418 ), #1396, .F. ) ;
#2278 = ORIENTED_EDGE ( 'NONE', *, *, #8480, .F. ) ;
#2279 = LINE ( 'NONE', #4762, #5647 ) ;
#2280 = LINE ( 'NONE', #2336, #6320 ) ;
#2281 = CARTESIAN_POINT ( 'NONE',  ( -0.07874015748031495954, 0.4855184551668063064, 0.1279527559055118058 ) ) ;
#2282 = PLANE ( 'NONE',  #2985 ) ;
#2283 = VERTEX_POINT ( 'NONE', #5697 ) ;
#2284 = DIRECTION ( 'NONE',  ( 0.000000000000000000, -1.000000000000000000, 0.000000000000000000 ) ) ;
#2285 = ORIENTED_EDGE ( 'NONE', *, *, #6184, .F. ) ;
#2286 = ADVANCED_FACE ( 'NONE', ( #3023 ), #684, .F. ) ;
#2287 = EDGE_CURVE ( 'NONE', #9329, #4024, #8938, .T. ) ;
#2288 = LINE ( 'NONE', #4004, #10586 ) ;
#2289 = VERTEX_POINT ( 'NONE', #7210 ) ;
#2290 = DIRECTION ( 'NONE',  ( 1.000000000000000000, 0.000000000000000000, 0.000000000000000000 ) ) ;
#2291 = ORIENTED_EDGE ( 'NONE', *, *, #7142, .T. ) ;
#2292 = VECTOR ( 'NONE', #4173, 39.37007874015748143 ) ;
#2293 = PLANE ( 'NONE',  #1349 ) ;
#2294 = VECTOR ( 'NONE', #2100, 39.37007874015748143 ) ;
#2295 = CARTESIAN_POINT ( 'NONE',  ( -0.3290074178453564757, 1.198891422365577775, 0.04922495092919526583 ) ) ;
#2296 = VECTOR ( 'NONE', #119, 39.37007874015748143 ) ;
#2297 = CARTESIAN_POINT ( 'NONE',  ( -0.01968503937007873988, 0.007874015748031495954, 0.4881889763779527769 ) ) ;
#2298 = VERTEX_POINT ( 'NONE', #10458 ) ;
#2299 = PLANE ( 'NONE',  #4056 ) ;
#2300 = EDGE_CURVE ( 'NONE', #10612, #4518, #1502, .T. ) ;
#2301 = EDGE_CURVE ( 'NONE', #1600, #3843, #1555, .T. ) ;
#2302 = VECTOR ( 'NONE', #3735, 39.37007874015748143 ) ;
#2303 = CARTESIAN_POINT ( 'NONE',  ( -0.1732283464566929387, 0.8385826771609488084, -0.6747790429661397749 ) ) ;
#2304 = DIRECTION ( 'NONE',  ( 1.000000000000000000, 0.000000000000000000, 0.000000000000000000 ) ) ;
#2305 = VERTEX_POINT ( 'NONE', #8071 ) ;
#2306 = ORIENTED_EDGE ( 'NONE', *, *, #7956, .T. ) ;
#2307 = DIRECTION ( 'NONE',  ( 0.000000000000000000, 1.000000000000000000, 0.000000000000000000 ) ) ;
#2308 = VECTOR ( 'NONE', #6161, 39.37007874015748143 ) ;
#2309 = CARTESIAN_POINT ( 'NONE',  ( 0.1476377952755905387, 0.000000000000000000, 0.07874015748031495954 ) ) ;
#2310 = CARTESIAN_POINT ( 'NONE',  ( -0.4921259842519685179, 0.1850393700787401619, -0.6968503937007873850 ) ) ;
#2311 = DIRECTION ( 'NONE',  ( 0.000000000000000000, 1.000000000000000000, 0.000000000000000000 ) ) ;
#2312 = CC_DESIGN_PERSON_AND_ORGANIZATION_ASSIGNMENT ( #7720, #7668, ( #1047 ) ) ;
#2313 = DIRECTION ( 'NONE',  ( 1.000000000000000000, 0.000000000000000000, 0.000000000000000000 ) ) ;
#2314 = AXIS2_PLACEMENT_3D ( 'NONE', #4832, #6546, #9845 ) ;
#2315 = CARTESIAN_POINT ( 'NONE',  ( -0.3523622047244094335, 0.000000000000000000, 0.2952755905511810774 ) ) ;
#2316 = ORIENTED_EDGE ( 'NONE', *, *, #732, .T. ) ;
#2317 = EDGE_CURVE ( 'NONE', #4251, #6153, #8989, .T. ) ;
#2318 = CARTESIAN_POINT ( 'NONE',  ( -0.07874015748031495954, 1.307328710460744059, -0.07874015748031495954 ) ) ;
#2319 = VECTOR ( 'NONE', #8706, 39.37007874015748854 ) ;
#2320 = VECTOR ( 'NONE', #7666, 39.37007874015748143 ) ;
#2321 = AXIS2_PLACEMENT_3D ( 'NONE', #2913, #475, #5439 ) ;
#2322 = AXIS2_PLACEMENT_3D ( 'NONE', #1360, #2224, #5288 ) ;
#2323 = ORIENTED_EDGE ( 'NONE', *, *, #10563, .F. ) ;
#2324 = CARTESIAN_POINT ( 'NONE',  ( 0.3523622047242094824, -0.09055118110236221041, -0.6968503937014094429 ) ) ;
#2325 = DIRECTION ( 'NONE',  ( -1.000000000000000000, 0.000000000000000000, 0.000000000000000000 ) ) ;
#2326 = LINE ( 'NONE', #8744, #6417 ) ;
#2327 = ADVANCED_FACE ( 'NONE', ( #636 ), #7259, .T. ) ;
#2328 = DIRECTION ( 'NONE',  ( 0.000000000000000000, -1.000000000000000000, 0.000000000000000000 ) ) ;
#2329 = LINE ( 'NONE', #1682, #3946 ) ;
#2330 = EDGE_CURVE ( 'NONE', #6738, #1315, #10553, .T. ) ;
#2331 = ORIENTED_EDGE ( 'NONE', *, *, #10440, .F. ) ;
#2332 = AXIS2_PLACEMENT_3D ( 'NONE', #4956, #5705, #8238 ) ;
#2333 = VECTOR ( 'NONE', #351, 39.37007874015748143 ) ;
#2334 = ORIENTED_EDGE ( 'NONE', *, *, #8999, .F. ) ;
#2335 = CARTESIAN_POINT ( 'NONE',  ( -0.09842519685039370636, 1.137795275590551158, 0.05511811023622047168 ) ) ;
#2336 = CARTESIAN_POINT ( 'NONE',  ( -0.3149606299212598381, 0.6062992125984252301, 0.1476377952755905387 ) ) ;
#2337 = EDGE_CURVE ( 'NONE', #2654, #6212, #9632, .T. ) ;
#2338 = CARTESIAN_POINT ( 'NONE',  ( -0.04330708661417323468, 0.4855184551668063064, 0.1279527559055118058 ) ) ;
#2339 = DIRECTION ( 'NONE',  ( 0.000000000000000000, -1.000000000000000000, 0.000000000000000000 ) ) ;
#2340 = PLANE ( 'NONE',  #7492 ) ;
#2341 = VERTEX_POINT ( 'NONE', #4949 ) ;
#2342 = CARTESIAN_POINT ( 'NONE',  ( -0.1476377952755905387, -0.09055118110236221041, -0.07874015748031495954 ) ) ;
#2343 = ORIENTED_EDGE ( 'NONE', *, *, #2496, .T. ) ;
#2344 = CARTESIAN_POINT ( 'NONE',  ( -0.3682501334879244581, 1.283464566929133799, 0.04935249569264867076 ) ) ;
#2345 = ORIENTED_EDGE ( 'NONE', *, *, #2855, .T. ) ;
#2346 = CARTESIAN_POINT ( 'NONE',  ( -0.3721739889141660873, 1.244770861650804195, 0.04529286544957408095 ) ) ;
#2347 = VERTEX_POINT ( 'NONE', #6713 ) ;
#2348 = LINE ( 'NONE', #3267, #7196 ) ;
#2349 = ADVANCED_FACE ( 'NONE', ( #5103 ), #9143, .T. ) ;
#2350 = CARTESIAN_POINT ( 'NONE',  ( 0.000000000000000000, 0.1850393700787401619, -0.9448818897637796255 ) ) ;
#2351 = CARTESIAN_POINT ( 'NONE',  ( -0.1358267716535433156, 0.000000000000000000, -0.6377952755905511584 ) ) ;
#2352 = DIRECTION ( 'NONE',  ( -0.000000000000000000, 1.000000000000000000, 0.000000000000000000 ) ) ;
#2353 = ORIENTED_EDGE ( 'NONE', *, *, #2399, .F. ) ;
#2354 = DIRECTION ( 'NONE',  ( 0.000000000000000000, 0.000000000000000000, -1.000000000000000000 ) ) ;
#2355 = AXIS2_PLACEMENT_3D ( 'NONE', #1239, #7062, #1130 ) ;
#2356 = FACE_OUTER_BOUND ( 'NONE', #7909, .T. ) ;
#2357 = ORIENTED_EDGE ( 'NONE', *, *, #3390, .T. ) ;
#2358 = DIRECTION ( 'NONE',  ( -1.000000000000000000, 0.000000000000000000, -4.078408702068339827E-15 ) ) ;
#2359 = ORIENTED_EDGE ( 'NONE', *, *, #9966, .F. ) ;
#2360 = VERTEX_POINT ( 'NONE', #7373 ) ;
#2361 = VECTOR ( 'NONE', #7878, 39.37007874015748143 ) ;
#2362 = DIRECTION ( 'NONE',  ( 0.2588190451025639272, 0.000000000000000000, 0.9659258262890566549 ) ) ;
#2363 = VECTOR ( 'NONE', #4012, 39.37007874015748143 ) ;
#2364 = EDGE_CURVE ( 'NONE', #8201, #5358, #6760, .T. ) ;
#2365 = ADVANCED_FACE ( 'NONE', ( #1764 ), #4998, .T. ) ;
#2366 = EDGE_LOOP ( 'NONE', ( #1521, #5938, #9553, #1380 ) ) ;
#2367 = CARTESIAN_POINT ( 'NONE',  ( 0.2736220472440945017, 0.000000000000000000, 0.3687411576292917159 ) ) ;
#2368 = DIRECTION ( 'NONE',  ( 0.000000000000000000, 0.000000000000000000, -1.000000000000000000 ) ) ;
#2369 = CARTESIAN_POINT ( 'NONE',  ( 0.1279527559055118058, 0.7913385826771653919, -0.5826771653543307838 ) ) ;
#2370 = DIRECTION ( 'NONE',  ( 0.000000000000000000, 1.000000000000000000, -1.213093339843927959E-15 ) ) ;
#2371 = DIRECTION ( 'NONE',  ( 1.000000000000000000, 0.000000000000000000, 0.000000000000000000 ) ) ;
#2372 = EDGE_LOOP ( 'NONE', ( #2876, #2768, #443, #9185 ) ) ;
#2373 = PLANE ( 'NONE',  #4916 ) ;
#2374 = VECTOR ( 'NONE', #7951, 39.37007874015748143 ) ;
#2375 = ORIENTED_EDGE ( 'NONE', *, *, #1415, .F. ) ;
#2376 = LINE ( 'NONE', #6566, #3668 ) ;
#2377 = DIRECTION ( 'NONE',  ( 3.707644274607580800E-15, 0.000000000000000000, 1.000000000000000000 ) ) ;
#2378 = CARTESIAN_POINT ( 'NONE',  ( -0.07874015748031495954, -0.05118110236220472370, 0.3976377952755905665 ) ) ;
#2379 = CARTESIAN_POINT ( 'NONE',  ( -0.1181102362204724671, 1.297383991755641786, -0.04935249569264862912 ) ) ;
#2380 = LINE ( 'NONE', #5662, #5326 ) ;
#2381 = ORIENTED_EDGE ( 'NONE', *, *, #10462, .F. ) ;
#2382 = AXIS2_PLACEMENT_3D ( 'NONE', #7760, #6088, #5284 ) ;
#2383 = ORIENTED_EDGE ( 'NONE', *, *, #2752, .T. ) ;
#2384 = EDGE_CURVE ( 'NONE', #4510, #7472, #3441, .T. ) ;
#2385 = DIRECTION ( 'NONE',  ( -4.078408702068345349E-15, 0.000000000000000000, 1.000000000000000000 ) ) ;
#2386 = LINE ( 'NONE', #2493, #1786 ) ;
#2387 = DIRECTION ( 'NONE',  ( -0.6401096994849930777, 0.7682835235934920570, 0.000000000000000000 ) ) ;
#2388 = CARTESIAN_POINT ( 'NONE',  ( 0.1968503937006692850, 1.287401574803149540, 0.4311023622047244208 ) ) ;
#2389 = LINE ( 'NONE', #4924, #2922 ) ;
#2390 = ORIENTED_EDGE ( 'NONE', *, *, #9675, .T. ) ;
#2391 = DIRECTION ( 'NONE',  ( -1.000000000000000000, 0.000000000000000000, 0.000000000000000000 ) ) ;
#2392 = ORIENTED_EDGE ( 'NONE', *, *, #407, .T. ) ;
#2393 = AXIS2_PLACEMENT_3D ( 'NONE', #5868, #1777, #316 ) ;
#2394 = CARTESIAN_POINT ( 'NONE',  ( 0.3553149606299212948, 1.027559055118110409, -0.8818897637795275468 ) ) ;
#2395 = ORIENTED_EDGE ( 'NONE', *, *, #9772, .T. ) ;
#2396 = EDGE_CURVE ( 'NONE', #8320, #2033, #8333, .T. ) ;
#2397 = EDGE_CURVE ( 'NONE', #9601, #2911, #7479, .T. ) ;
#2398 = VERTEX_POINT ( 'NONE', #1666 ) ;
#2399 = EDGE_CURVE ( 'NONE', #10189, #1885, #2683, .T. ) ;
#2400 = VECTOR ( 'NONE', #6628, 39.37007874015748143 ) ;
#2401 = CARTESIAN_POINT ( 'NONE',  ( 0.1732283464566929387, 0.8385826771609488084, -0.5826771653543307838 ) ) ;
#2402 = B_SPLINE_CURVE_WITH_KNOTS ( 'NONE', 3,
 ( #3957, #10536, #7949, #3151, #8814, #6427, #3860, #9731, #7141, #6331, #2244, #5525, #2346, #8002, #8917 ),
 .UNSPECIFIED., .F., .F.,
 ( 4, 2, 2, 2, 1, 2, 2, 4 ),
 ( 0.000000000000000000, 0.2499999999999833467, 0.3749999999999750200, 0.4374999999999665823, 0.4687499999999594213, 0.4843749999999562017, 0.4999999999999529821, 1.000000000000000000 ),
 .UNSPECIFIED. ) ;
#2403 = FACE_OUTER_BOUND ( 'NONE', #4336, .T. ) ;
#2404 = VECTOR ( 'NONE', #10509, 39.37007874015748143 ) ;
#2405 = VERTEX_POINT ( 'NONE', #9960 ) ;
#2406 = CARTESIAN_POINT ( 'NONE',  ( -0.01968503937007873988, 0.1850393700787401619, 0.5866141732283465249 ) ) ;
#2407 = ORIENTED_EDGE ( 'NONE', *, *, #9813, .F. ) ;
#2408 = DIRECTION ( 'NONE',  ( 0.9715544231405683906, -0.2368163906405075791, 0.000000000000000000 ) ) ;
#2409 = VERTEX_POINT ( 'NONE', #7533 ) ;
#2410 = CARTESIAN_POINT ( 'NONE',  ( -0.3764102607639570053, 1.277551661354485724, -0.04702792648018810223 ) ) ;
#2411 = ORIENTED_EDGE ( 'NONE', *, *, #925, .T. ) ;
#2412 = EDGE_CURVE ( 'NONE', #2983, #8372, #9853, .T. ) ;
#2413 = FACE_OUTER_BOUND ( 'NONE', #1912, .T. ) ;
#2414 = ORIENTED_EDGE ( 'NONE', *, *, #39, .F. ) ;
#2415 = EDGE_LOOP ( 'NONE', ( #7877, #3634, #4371, #8176 ) ) ;
#2416 = CARTESIAN_POINT ( 'NONE',  ( 0.2204724409448818867, 0.8385826771609488084, 0.5590551181102362266 ) ) ;
#2417 = ORIENTED_EDGE ( 'NONE', *, *, #3972, .F. ) ;
#2418 = FACE_OUTER_BOUND ( 'NONE', #3021, .T. ) ;
#2419 = CARTESIAN_POINT ( 'NONE',  ( 0.07874015748031495954, -0.1102362204724409434, 0.4566929133858267376 ) ) ;
#2420 = DIRECTION ( 'NONE',  ( 0.000000000000000000, -1.000000000000000000, 0.000000000000000000 ) ) ;
#2421 = DIRECTION ( 'NONE',  ( -1.000000000000000000, 0.000000000000000000, 0.000000000000000000 ) ) ;
#2422 = EDGE_CURVE ( 'NONE', #9240, #10260, #3333, .T. ) ;
#2423 = EDGE_CURVE ( 'NONE', #1428, #2405, #5754, .T. ) ;
#2424 = CARTESIAN_POINT ( 'NONE',  ( 0.1968503937007874127, 0.7440944881889763884, 0.4409448818897637734 ) ) ;
#2425 = ORIENTED_EDGE ( 'NONE', *, *, #3290, .T. ) ;
#2426 = DIRECTION ( 'NONE',  ( 0.000000000000000000, 1.000000000000000000, 0.000000000000000000 ) ) ;
#2427 = ORIENTED_EDGE ( 'NONE', *, *, #6763, .F. ) ;
#2428 = CARTESIAN_POINT ( 'NONE',  ( 0.07874015748031495954, 0.5472440944881890035, -0.1476377952755905387 ) ) ;
#2429 = VECTOR ( 'NONE', #1822, 39.37007874015748143 ) ;
#2430 = LINE ( 'NONE', #9705, #10243 ) ;
#2431 = CARTESIAN_POINT ( 'NONE',  ( 0.1968503937007874127, 0.6456692913385827515, -0.4409448818897637734 ) ) ;
#2432 = CARTESIAN_POINT ( 'NONE',  ( -0.03838582677165354451, 0.8700787401574804347, -0.9448818897637796255 ) ) ;
#2433 = DIRECTION ( 'NONE',  ( 1.138416817339579858E-15, 0.6365650365096908736, -0.7712230250021168132 ) ) ;
#2434 = EDGE_LOOP ( 'NONE', ( #4621, #9870, #855, #1692, #1596, #9412 ) ) ;
#2435 = EDGE_CURVE ( 'NONE', #159, #7602, #2623, .T. ) ;
#2436 = ORIENTED_EDGE ( 'NONE', *, *, #3031, .F. ) ;
#2437 = DIRECTION ( 'NONE',  ( 0.000000000000000000, -1.000000000000000000, 0.000000000000000000 ) ) ;
#2438 = DIRECTION ( 'NONE',  ( -1.788374717501859983E-15, 1.000000000000000000, 0.000000000000000000 ) ) ;
#2439 = PLANE ( 'NONE',  #2665 ) ;
#2440 = DIRECTION ( 'NONE',  ( 0.000000000000000000, 0.000000000000000000, -1.000000000000000000 ) ) ;
#2441 = DIRECTION ( 'NONE',  ( 0.000000000000000000, -1.000000000000000000, 0.000000000000000000 ) ) ;
#2442 = VERTEX_POINT ( 'NONE', #1817 ) ;
#2443 = CC_DESIGN_PERSON_AND_ORGANIZATION_ASSIGNMENT ( #1644, #121, ( #8175 ) ) ;
#2444 = ORIENTED_EDGE ( 'NONE', *, *, #432, .F. ) ;
#2445 = DIRECTION ( 'NONE',  ( 0.000000000000000000, -1.000000000000000000, 0.000000000000000000 ) ) ;
#2446 = EDGE_LOOP ( 'NONE', ( #740, #4809, #1187, #5461, #8155 ) ) ;
#2447 = DIRECTION ( 'NONE',  ( 0.2588190451025639272, 0.000000000000000000, 0.9659258262890566549 ) ) ;
#2448 = ORIENTED_EDGE ( 'NONE', *, *, #2537, .F. ) ;
#2449 = LINE ( 'NONE', #7297, #5478 ) ;
#2450 = CARTESIAN_POINT ( 'NONE',  ( -0.4864980632900629542, -0.09055118110236221041, -0.7000996753831182362 ) ) ;
#2451 = CARTESIAN_POINT ( 'NONE',  ( -0.4921259842519685179, -0.09055118110236221041, -0.6968503937007873850 ) ) ;
#2452 = FACE_OUTER_BOUND ( 'NONE', #921, .T. ) ;
#2453 = ORIENTED_EDGE ( 'NONE', *, *, #4860, .T. ) ;
#2454 = EDGE_CURVE ( 'NONE', #5941, #4287, #6556, .T. ) ;
#2455 = LINE ( 'NONE', #1856, #1995 ) ;
#2456 = ORIENTED_EDGE ( 'NONE', *, *, #1354, .T. ) ;
#2457 = EDGE_CURVE ( 'NONE', #8258, #3179, #9046, .T. ) ;
#2458 = DIRECTION ( 'NONE',  ( 1.000000000000000000, 0.000000000000000000, -4.078408702068339827E-15 ) ) ;
#2459 = ORIENTED_EDGE ( 'NONE', *, *, #9588, .F. ) ;
#2460 = DIRECTION ( 'NONE',  ( 0.000000000000000000, 1.000000000000000000, 0.000000000000000000 ) ) ;
#2461 =( BOUNDED_CURVE ( )  B_SPLINE_CURVE ( 3, ( #9526, #303, #5431, #3598 ),
 .UNSPECIFIED., .F., .T. ) 
 B_SPLINE_CURVE_WITH_KNOTS ( ( 4, 4 ),
 ( 3.141592653589795336, 4.681614892440419951 ),
 .UNSPECIFIED. ) 
 CURVE ( )  GEOMETRIC_REPRESENTATION_ITEM ( )  RATIONAL_B_SPLINE_CURVE ( ( 1.000000000000000000, 0.8119352859618450546, 0.8119352859618450546, 1.000000000000000000 ) ) 
 REPRESENTATION_ITEM ( '' )  );
#2462 = AXIS2_PLACEMENT_3D ( 'NONE', #2185, #9338, #2017 ) ;
#2463 = VERTEX_POINT ( 'NONE', #4138 ) ;
#2464 = ORIENTED_EDGE ( 'NONE', *, *, #6826, .F. ) ;
#2465 = LINE ( 'NONE', #9042, #6107 ) ;
#2466 = DIRECTION ( 'NONE',  ( 0.000000000000000000, -1.000000000000000000, 0.000000000000000000 ) ) ;
#2467 = ORIENTED_EDGE ( 'NONE', *, *, #5584, .F. ) ;
#2468 = DIRECTION ( 'NONE',  ( -1.000000000000000000, 0.000000000000000000, 0.000000000000000000 ) ) ;
#2469 = ADVANCED_FACE ( 'NONE', ( #951 ), #10007, .F. ) ;
#2470 = LINE ( 'NONE', #5049, #9351 ) ;
#2471 = VECTOR ( 'NONE', #805, 39.37007874015748143 ) ;
#2472 = CARTESIAN_POINT ( 'NONE',  ( -0.04330708661417323468, -0.04527559055118110520, 0.1279527559055118058 ) ) ;
#2473 = LINE ( 'NONE', #5965, #156 ) ;
#2474 = AXIS2_PLACEMENT_3D ( 'NONE', #10008, #5157, #2577 ) ;
#2475 = DIRECTION ( 'NONE',  ( 0.000000000000000000, 0.000000000000000000, 1.000000000000000000 ) ) ;
#2476 = ORIENTED_EDGE ( 'NONE', *, *, #7046, .F. ) ;
#2477 = AXIS2_PLACEMENT_3D ( 'NONE', #858, #4150, #6940 ) ;
#2478 = CARTESIAN_POINT ( 'NONE',  ( -0.07874015748031495954, 1.287401574803149540, 0.07874015748031495954 ) ) ;
#2479 = EDGE_LOOP ( 'NONE', ( #5184, #98, #5441, #307 ) ) ;
#2480 = VECTOR ( 'NONE', #4019, 39.37007874015748143 ) ;
#2481 = DIRECTION ( 'NONE',  ( 1.000000000000000000, 0.000000000000000000, 0.000000000000000000 ) ) ;
#2482 = ADVANCED_FACE ( 'NONE', ( #6609 ), #2528, .T. ) ;
#2483 = CARTESIAN_POINT ( 'NONE',  ( -0.3937007874015748254, -0.09055118110236221041, -0.5393700787401575214 ) ) ;
#2484 = CARTESIAN_POINT ( 'NONE',  ( -0.09842519685039370636, 1.283464566929133799, -0.03543307086614173179 ) ) ;
#2485 = LINE ( 'NONE', #6407, #10325 ) ;
#2486 = CARTESIAN_POINT ( 'NONE',  ( 0.4537401574803149873, 0.6574803149606299746, -0.9448818897637796255 ) ) ;
#2488 = ORIENTED_EDGE ( 'NONE', *, *, #8838, .F. ) ;
#2487 = VECTOR ( 'NONE', #3663, 39.37007874015748143 ) ;
#2489 = VECTOR ( 'NONE', #7743, 39.37007874015748854 ) ;
#2490 = VECTOR ( 'NONE', #1898, 39.37007874015748143 ) ;
#2491 = VECTOR ( 'NONE', #3026, 39.37007874015748143 ) ;
#2492 = CARTESIAN_POINT ( 'NONE',  ( -0.1732283464566929387, 0.8385826771609488084, -0.5590551181102362266 ) ) ;
#2493 = CARTESIAN_POINT ( 'NONE',  ( 0.2657480314960630197, 1.307328710460744059, -0.5354330708661416693 ) ) ;
#2494 = EDGE_CURVE ( 'NONE', #10054, #6376, #7339, .T. ) ;
#2495 = DIRECTION ( 'NONE',  ( 0.000000000000000000, -1.000000000000000000, 0.000000000000000000 ) ) ;
#2496 = EDGE_CURVE ( 'NONE', #3102, #5418, #141, .T. ) ;
#2497 = CARTESIAN_POINT ( 'NONE',  ( -0.1321602283912685083, 1.297252188007555374, 0.03543307086614173179 ) ) ;
#2498 = DIRECTION ( 'NONE',  ( -1.000000000000000000, 0.000000000000000000, 0.000000000000000000 ) ) ;
#2499 = VECTOR ( 'NONE', #1865, 39.37007874015748143 ) ;
#2500 = ORIENTED_EDGE ( 'NONE', *, *, #1571, .T. ) ;
#2501 = VECTOR ( 'NONE', #6473, 39.37007874015748143 ) ;
#2502 = AXIS2_PLACEMENT_3D ( 'NONE', #8436, #2844, #3595 ) ;
#2503 = ORIENTED_EDGE ( 'NONE', *, *, #8266, .F. ) ;
#2504 = CARTESIAN_POINT ( 'NONE',  ( 0.1732283464566929387, 0.7913385826771653919, -0.6747790429661397749 ) ) ;
#2505 = ORIENTED_EDGE ( 'NONE', *, *, #6085, .F. ) ;
#2506 = DIRECTION ( 'NONE',  ( 0.000000000000000000, 0.000000000000000000, -1.000000000000000000 ) ) ;
#2507 = VERTEX_POINT ( 'NONE', #2031 ) ;
#2508 = VECTOR ( 'NONE', #2904, 39.37007874015748143 ) ;
#2509 = CARTESIAN_POINT ( 'NONE',  ( 0.2204724409448818867, 0.8385826771609488084, 0.4433311932543322897 ) ) ;
#2510 = LINE ( 'NONE', #9945, #5280 ) ;
#2511 = DIRECTION ( 'NONE',  ( 0.000000000000000000, 0.000000000000000000, -1.000000000000000000 ) ) ;
#2512 = DIRECTION ( 'NONE',  ( 0.000000000000000000, -1.000000000000000000, 0.000000000000000000 ) ) ;
#2513 = ORIENTED_EDGE ( 'NONE', *, *, #2337, .F. ) ;
#2514 = DIRECTION ( 'NONE',  ( 1.000000000000000000, 0.000000000000000000, 0.000000000000000000 ) ) ;
#2515 = VERTEX_POINT ( 'NONE', #2903 ) ;
#2516 = AXIS2_PLACEMENT_3D ( 'NONE', #6130, #9420, #9475 ) ;
#2517 = EDGE_CURVE ( 'NONE', #5850, #7710, #6288, .T. ) ;
#2518 = CARTESIAN_POINT ( 'NONE',  ( -0.4921259842519685179, 0.5472440944881890035, -0.6968503937007873850 ) ) ;
#2519 = ORIENTED_EDGE ( 'NONE', *, *, #1080, .F. ) ;
#2520 = CARTESIAN_POINT ( 'NONE',  ( 0.2204724409448818867, 0.7913385826771653919, -0.4433311932543322897 ) ) ;
#2521 = VERTEX_POINT ( 'NONE', #6923 ) ;
#2522 = ORIENTED_EDGE ( 'NONE', *, *, #5349, .F. ) ;
#2523 = EDGE_CURVE ( 'NONE', #5014, #253, #6126, .T. ) ;
#2524 = LINE ( 'NONE', #5806, #1291 ) ;
#2525 = ADVANCED_FACE ( 'NONE', ( #4399 ), #4570, .F. ) ;
#2526 = CARTESIAN_POINT ( 'NONE',  ( 0.000000000000000000, 0.4685039370078740717, 0.000000000000000000 ) ) ;
#2527 = AXIS2_PLACEMENT_3D ( 'NONE', #4398, #5101, #8488 ) ;
#2528 = PLANE ( 'NONE',  #7652 ) ;
#2529 = FACE_OUTER_BOUND ( 'NONE', #2710, .T. ) ;
#2530 = DIRECTION ( 'NONE',  ( -1.000000000000000000, 0.000000000000000000, 0.000000000000000000 ) ) ;
#2531 = FACE_OUTER_BOUND ( 'NONE', #5416, .T. ) ;
#2532 = LINE ( 'NONE', #5812, #2639 ) ;
#2533 = VERTEX_POINT ( 'NONE', #6015 ) ;
#2534 = EDGE_CURVE ( 'NONE', #5561, #7632, #3527, .T. ) ;
#2535 = EDGE_CURVE ( 'NONE', #7655, #1142, #6818, .T. ) ;
#2536 = PLANE ( 'NONE',  #2332 ) ;
#2537 = EDGE_CURVE ( 'NONE', #1237, #7406, #8657, .T. ) ;
#2538 = VERTEX_POINT ( 'NONE', #467 ) ;
#2539 = CARTESIAN_POINT ( 'NONE',  ( -0.04330708661417323468, -0.09055118110236221041, -0.07874015748031495954 ) ) ;
#2540 = AXIS2_PLACEMENT_3D ( 'NONE', #5453, #9438, #4649 ) ;
#2541 = DIRECTION ( 'NONE',  ( -1.000000000000000000, 0.000000000000000000, 0.000000000000000000 ) ) ;
#2542 = LINE ( 'NONE', #2638, #2471 ) ;
#2543 = CARTESIAN_POINT ( 'NONE',  ( -0.3543307086614173040, 1.303149606299212504, -0.1476377952755905387 ) ) ;
#2544 = LINE ( 'NONE', #6778, #3428 ) ;
#2545 = ORIENTED_EDGE ( 'NONE', *, *, #3742, .T. ) ;
#2546 = EDGE_CURVE ( 'NONE', #6973, #6829, #5247, .T. ) ;
#2547 = DIRECTION ( 'NONE',  ( -0.000000000000000000, 1.000000000000000000, 0.000000000000000000 ) ) ;
#2548 = DIRECTION ( 'NONE',  ( 1.000000000000000000, 0.000000000000000000, 0.000000000000000000 ) ) ;
#2549 = CARTESIAN_POINT ( 'NONE',  ( 0.000000000000000000, 0.000000000000000000, 0.000000000000000000 ) ) ;
#2550 = DIRECTION ( 'NONE',  ( 1.000000000000000000, 0.000000000000000000, 0.000000000000000000 ) ) ;
#2551 = CARTESIAN_POINT ( 'NONE',  ( 0.3149606299212598381, 0.6062992125984252301, -0.9448818897637796255 ) ) ;
#2552 = ORIENTED_EDGE ( 'NONE', *, *, #7957, .T. ) ;
#2553 = VECTOR ( 'NONE', #3813, 39.37007874015748143 ) ;
#2554 = VERTEX_POINT ( 'NONE', #7740 ) ;
#2555 = PLANE ( 'NONE',  #4186 ) ;
#2556 = ORIENTED_EDGE ( 'NONE', *, *, #4111, .T. ) ;
#2557 = EDGE_CURVE ( 'NONE', #2895, #10310, #7042, .T. ) ;
#2558 = ADVANCED_FACE ( 'NONE', ( #7790 ), #1051, .T. ) ;
#2559 = DIRECTION ( 'NONE',  ( 1.000000000000000000, 0.000000000000000000, 0.000000000000000000 ) ) ;
#2560 = VERTEX_POINT ( 'NONE', #10224 ) ;
#2561 = PLANE ( 'NONE',  #5817 ) ;
#2562 = DIRECTION ( 'NONE',  ( 0.000000000000000000, 1.000000000000000000, -2.135044278125299765E-15 ) ) ;
#2563 = CARTESIAN_POINT ( 'NONE',  ( -0.2952755905511810774, 1.137795275590551158, -0.05511811023622047168 ) ) ;
#2564 = LINE ( 'NONE', #9992, #9908 ) ;
#2565 = ORIENTED_EDGE ( 'NONE', *, *, #755, .T. ) ;
#2566 = CARTESIAN_POINT ( 'NONE',  ( 0.1968503937007874127, 0.7913385826771653919, -0.4409448818897583333 ) ) ;
#2567 = ORIENTED_EDGE ( 'NONE', *, *, #8018, .F. ) ;
#2568 = DIRECTION ( 'NONE',  ( 0.000000000000000000, 0.000000000000000000, 1.000000000000000000 ) ) ;
#2569 = ORIENTED_EDGE ( 'NONE', *, *, #10171, .T. ) ;
#2570 = CARTESIAN_POINT ( 'NONE',  ( -0.07874015748031495954, 1.137795275590551158, -0.07874015748031495954 ) ) ;
#2571 = ORIENTED_EDGE ( 'NONE', *, *, #1618, .T. ) ;
#2572 = ORIENTED_EDGE ( 'NONE', *, *, #1520, .F. ) ;
#2573 = VECTOR ( 'NONE', #3632, 39.37007874015748854 ) ;
#2574 = LINE ( 'NONE', #731, #2157 ) ;
#2575 = CARTESIAN_POINT ( 'NONE',  ( 0.1968503937007874127, 0.6456692913385827515, -0.6200787401574803237 ) ) ;
#2576 = DIRECTION ( 'NONE',  ( 0.000000000000000000, -1.000000000000000000, 0.000000000000000000 ) ) ;
#2577 = DIRECTION ( 'NONE',  ( 1.000000000000000000, 0.000000000000000000, 0.000000000000000000 ) ) ;
#2578 = CARTESIAN_POINT ( 'NONE',  ( -0.4921259842519685179, -0.09055118110236221041, -0.6968503937007873850 ) ) ;
#2579 = ADVANCED_FACE ( 'NONE', ( #2735 ), #2957, .F. ) ;
#2580 = CARTESIAN_POINT ( 'NONE',  ( -0.1968503937006692850, 0.2837642458494031295, -0.5590551181102362266 ) ) ;
#2581 = ORIENTED_EDGE ( 'NONE', *, *, #6523, .F. ) ;
#2582 = CARTESIAN_POINT ( 'NONE',  ( 0.3523622047243779587, 0.4685039370078740717, 0.4677695532303369763 ) ) ;
#2583 = B_SPLINE_CURVE_WITH_KNOTS ( 'NONE', 3,
 ( #1990, #6247, #3662, #4413, #8732, #1178 ),
 .UNSPECIFIED., .F., .F.,
 ( 4, 2, 4 ),
 ( 0.000000000000000000, 0.5000000000000000000, 1.000000000000000000 ),
 .UNSPECIFIED. ) ;
#2584 = ORIENTED_EDGE ( 'NONE', *, *, #7723, .F. ) ;
#2585 = CARTESIAN_POINT ( 'NONE',  ( -0.3346456692913385988, 1.283464566929133799, 0.05511811023622047168 ) ) ;
#2586 = DIRECTION ( 'NONE',  ( -1.000000000000000000, 0.000000000000000000, 0.000000000000000000 ) ) ;
#2587 = CARTESIAN_POINT ( 'NONE',  ( -0.1005467144958699516, 1.293739894857545369, -0.03543307086614173179 ) ) ;
#2588 = CYLINDRICAL_SURFACE ( 'NONE', #2393, 0.06102362204724406936 ) ;
#2589 = ADVANCED_FACE ( 'NONE', ( #6984 ), #2087, .F. ) ;
#2590 = EDGE_CURVE ( 'NONE', #2629, #6390, #4340, .T. ) ;
#2591 = ORIENTED_EDGE ( 'NONE', *, *, #1935, .T. ) ;
#2592 = EDGE_CURVE ( 'NONE', #9282, #3966, #3544, .T. ) ;
#2593 = AXIS2_PLACEMENT_3D ( 'NONE', #3326, #6602, #184 ) ;
#2594 = CARTESIAN_POINT ( 'NONE',  ( -0.1181102362204724532, 1.137795275590551158, 0.05511811023622047168 ) ) ;
#2595 = LINE ( 'NONE', #7442, #5805 ) ;
#2596 = LINE ( 'NONE', #4427, #7310 ) ;
#2597 = CARTESIAN_POINT ( 'NONE',  ( -0.07874015748031495954, 0.1850393700787401619, -0.9448818897637796255 ) ) ;
#2598 = DIRECTION ( 'NONE',  ( 0.000000000000000000, 0.000000000000000000, 1.000000000000000000 ) ) ;
#2599 = ORIENTED_EDGE ( 'NONE', *, *, #1739, .F. ) ;
#2600 = EDGE_CURVE ( 'NONE', #2757, #8653, #300, .T. ) ;
#2601 = ORIENTED_EDGE ( 'NONE', *, *, #6661, .F. ) ;
#2602 = VECTOR ( 'NONE', #9246, 39.37007874015748143 ) ;
#2603 = LINE ( 'NONE', #2504, #2296 ) ;
#2604 = EDGE_LOOP ( 'NONE', ( #8366, #3592, #4612, #4395 ) ) ;
#2605 = DIRECTION ( 'NONE',  ( 0.000000000000000000, -1.000000000000000000, 0.000000000000000000 ) ) ;
#2606 = ORIENTED_EDGE ( 'NONE', *, *, #755, .F. ) ;
#2607 = CARTESIAN_POINT ( 'NONE',  ( -0.3937007874015748254, -0.1102362204724409434, -0.6377952755905511584 ) ) ;
#2608 = VECTOR ( 'NONE', #2193, 39.37007874015748143 ) ;
#2609 = DIRECTION ( 'NONE',  ( 0.000000000000000000, 0.000000000000000000, 1.000000000000000000 ) ) ;
#2610 = CARTESIAN_POINT ( 'NONE',  ( -0.4518543501136716434, 1.107720723393090578, -0.9448818897637697445 ) ) ;
#2611 = DIRECTION ( 'NONE',  ( -1.000000000000000000, 0.000000000000000000, 0.000000000000000000 ) ) ;
#2612 = ORIENTED_EDGE ( 'NONE', *, *, #9608, .F. ) ;
#2613 = EDGE_CURVE ( 'NONE', #4287, #5815, #6062, .T. ) ;
#2614 = FACE_OUTER_BOUND ( 'NONE', #10514, .T. ) ;
#2615 = ORIENTED_EDGE ( 'NONE', *, *, #1499, .T. ) ;
#2616 = CARTESIAN_POINT ( 'NONE',  ( -0.07874015748031495954, 0.5472440944881890035, -0.1476377952755905387 ) ) ;
#2617 = ORIENTED_EDGE ( 'NONE', *, *, #7058, .T. ) ;
#2618 = LINE ( 'NONE', #8275, #2602 ) ;
#2619 = ORIENTED_EDGE ( 'NONE', *, *, #28, .F. ) ;
#2620 = ORIENTED_EDGE ( 'NONE', *, *, #2785, .T. ) ;
#2621 = DIRECTION ( 'NONE',  ( 0.000000000000000000, -1.000000000000000000, 0.000000000000000000 ) ) ;
#2622 = CARTESIAN_POINT ( 'NONE',  ( -0.1476377952755905387, 0.000000000000000000, -0.07874015748031495954 ) ) ;
#2623 = LINE ( 'NONE', #5963, #3365 ) ;
#2624 = ADVANCED_FACE ( 'NONE', ( #5722 ), #4160, .F. ) ;
#2625 = LINE ( 'NONE', #7480, #8153 ) ;
#2626 = ADVANCED_FACE ( 'NONE', ( #5783 ), #3143, .F. ) ;
#2627 = CARTESIAN_POINT ( 'NONE',  ( 0.04330708661417323468, -0.07573371510377951976, 0.05511811023622047168 ) ) ;
#2628 = PLANE ( 'NONE',  #10033 ) ;
#2629 = VERTEX_POINT ( 'NONE', #8962 ) ;
#2630 = ORIENTED_EDGE ( 'NONE', *, *, #3392, .F. ) ;
#2631 = CARTESIAN_POINT ( 'NONE',  ( -0.03838582677165354451, 1.027559055118110409, 0.4094488188976377896 ) ) ;
#2632 = AXIS2_PLACEMENT_3D ( 'NONE', #4660, #4489, #6219 ) ;
#2633 = ADVANCED_FACE ( 'NONE', ( #7446 ), #2340, .T. ) ;
#2634 = VECTOR ( 'NONE', #3937, 39.37007874015748143 ) ;
#2635 = VERTEX_POINT ( 'NONE', #3362 ) ;
#2636 = LINE ( 'NONE', #46, #390 ) ;
#2637 = DIRECTION ( 'NONE',  ( 0.000000000000000000, 0.000000000000000000, -1.000000000000000000 ) ) ;
#2638 = CARTESIAN_POINT ( 'NONE',  ( -0.3740157480314960647, 1.244103829858661525, -0.03543307086614173179 ) ) ;
#2639 = VECTOR ( 'NONE', #8026, 39.37007874015748143 ) ;
#2640 = PLANE ( 'NONE',  #7041 ) ;
#2641 = ORIENTED_EDGE ( 'NONE', *, *, #3600, .F. ) ;
#2642 = AXIS2_PLACEMENT_3D ( 'NONE', #4534, #9556, #5289 ) ;
#2643 = ORIENTED_EDGE ( 'NONE', *, *, #8649, .T. ) ;
#2644 = VECTOR ( 'NONE', #8704, 39.37007874015748854 ) ;
#2645 = EDGE_CURVE ( 'NONE', #3623, #7731, #4907, .T. ) ;
#2646 = LINE ( 'NONE', #1732, #2907 ) ;
#2647 = EDGE_CURVE ( 'NONE', #6704, #700, #9827, .T. ) ;
#2648 = CARTESIAN_POINT ( 'NONE',  ( -0.1968503937007480276, 1.027559055118110409, 0.4311023622047244208 ) ) ;
#2649 = DIRECTION ( 'NONE',  ( -1.000000000000000000, 0.000000000000000000, 0.000000000000000000 ) ) ;
#2650 = DIRECTION ( 'NONE',  ( 0.000000000000000000, 0.000000000000000000, 1.000000000000000000 ) ) ;
#2651 = CARTESIAN_POINT ( 'NONE',  ( -0.1181102362204724532, 1.303149606299212504, 0.03543307086614173179 ) ) ;
#2652 = VECTOR ( 'NONE', #8587, 39.37007874015748143 ) ;
#2653 = EDGE_LOOP ( 'NONE', ( #2024, #4350, #4937, #10209, #9625, #1696, #4530, #7757, #10139, #5951, #4007 ) ) ;
#2654 = VERTEX_POINT ( 'NONE', #5620 ) ;
#2655 = AXIS2_PLACEMENT_3D ( 'NONE', #9743, #3163, #6342 ) ;
#2656 = VECTOR ( 'NONE', #9555, 39.37007874015748143 ) ;
#2657 = DIRECTION ( 'NONE',  ( 0.000000000000000000, 1.000000000000000000, 0.000000000000000000 ) ) ;
#2658 = ORIENTED_EDGE ( 'NONE', *, *, #3653, .F. ) ;
#2659 = COORDINATED_UNIVERSAL_TIME_OFFSET ( 5, 0, .BEHIND. ) ;
#2660 = VERTEX_POINT ( 'NONE', #520 ) ;
#2661 = EDGE_CURVE ( 'NONE', #3834, #4128, #5426, .T. ) ;
#2662 = DIRECTION ( 'NONE',  ( 1.000000000000000000, 0.000000000000000000, 0.000000000000000000 ) ) ;
#2663 = AXIS2_PLACEMENT_3D ( 'NONE', #711, #9670, #3952 ) ;
#2664 = VECTOR ( 'NONE', #6918, 39.37007874015748143 ) ;
#2665 = AXIS2_PLACEMENT_3D ( 'NONE', #2281, #9011, #2495 ) ;
#2666 = CYLINDRICAL_SURFACE ( 'NONE', #6481, 0.1574803149606299191 ) ;
#2667 = VECTOR ( 'NONE', #5202, 39.37007874015748143 ) ;
#2668 = CARTESIAN_POINT ( 'NONE',  ( -0.3937007874015748254, 0.1850393700787401619, -0.2637795275590551491 ) ) ;
#2669 = CARTESIAN_POINT ( 'NONE',  ( 0.3937007874015748254, 0.3897637795275590844, -0.9448818897637796255 ) ) ;
#2670 = ORIENTED_EDGE ( 'NONE', *, *, #9503, .F. ) ;
#2671 = CARTESIAN_POINT ( 'NONE',  ( 0.1358267716535433156, -0.09055118110236221041, -0.6968503937007873850 ) ) ;
#2672 = ORIENTED_EDGE ( 'NONE', *, *, #3478, .T. ) ;
#2673 = LINE ( 'NONE', #181, #922 ) ;
#2674 = VECTOR ( 'NONE', #7411, 39.37007874015748143 ) ;
#2675 = ORIENTED_EDGE ( 'NONE', *, *, #2435, .F. ) ;
#2676 = VECTOR ( 'NONE', #1119, 39.37007874015748143 ) ;
#2677 = DIRECTION ( 'NONE',  ( 0.000000000000000000, -1.000000000000000000, 0.000000000000000000 ) ) ;
#2678 = EDGE_LOOP ( 'NONE', ( #690, #7346, #1011, #7761, #9218, #8779 ) ) ;
#2679 = ORIENTED_EDGE ( 'NONE', *, *, #5688, .F. ) ;
#2680 = ADVANCED_FACE ( 'NONE', ( #3817, #10641 ), #8909, .F. ) ;
#2681 = DIRECTION ( 'NONE',  ( 0.000000000000000000, -1.000000000000000000, 0.000000000000000000 ) ) ;
#2682 = CARTESIAN_POINT ( 'NONE',  ( -0.2657480314960630197, 0.8385826771609488084, -0.5826771653543307838 ) ) ;
#2683 = LINE ( 'NONE', #3393, #8514 ) ;
#2684 = CIRCLE ( 'NONE', #5265, 0.01968503937007873988 ) ;
#2685 = DIRECTION ( 'NONE',  ( 1.000000000000000000, 0.000000000000000000, 0.000000000000000000 ) ) ;
#2686 = CARTESIAN_POINT ( 'NONE',  ( 0.2204724409448818867, 0.7913385826771653919, -0.5826771653543307838 ) ) ;
#2687 = LINE ( 'NONE', #9964, #1260 ) ;
#2688 = ORIENTED_EDGE ( 'NONE', *, *, #6201, .T. ) ;
#2689 = ORIENTED_EDGE ( 'NONE', *, *, #3322, .T. ) ;
#2690 = EDGE_CURVE ( 'NONE', #5419, #9558, #6010, .T. ) ;
#2691 = EDGE_CURVE ( 'NONE', #3573, #10054, #6475, .T. ) ;
#2692 = CARTESIAN_POINT ( 'NONE',  ( -0.3553149606299212948, 0.6456692913385827515, -0.7165354330708662012 ) ) ;
#2693 = ORIENTED_EDGE ( 'NONE', *, *, #7067, .T. ) ;
#2694 = CARTESIAN_POINT ( 'NONE',  ( -0.3937007874015748254, -0.09055118110236221041, 0.6377952755905511584 ) ) ;
#2695 = CARTESIAN_POINT ( 'NONE',  ( 0.4537401574803149873, 1.566314077095675383, -0.6637992829178503973 ) ) ;
#2696 = LINE ( 'NONE', #8453, #2487 ) ;
#2697 = FACE_OUTER_BOUND ( 'NONE', #9843, .T. ) ;
#2699 = ORIENTED_EDGE ( 'NONE', *, *, #7257, .F. ) ;
#2698 = VECTOR ( 'NONE', #6061, 39.37007874015748143 ) ;
#2700 = VERTEX_POINT ( 'NONE', #60 ) ;
#2701 = LINE ( 'NONE', #5171, #72 ) ;
#2702 = AXIS2_PLACEMENT_3D ( 'NONE', #7010, #6149, #6313 ) ;
#2703 = CARTESIAN_POINT ( 'NONE',  ( -0.03838582677165354451, 0.8464566929133857665, 0.8818897637795275468 ) ) ;
#2704 = ORIENTED_EDGE ( 'NONE', *, *, #138, .T. ) ;
#2705 = CARTESIAN_POINT ( 'NONE',  ( -0.2736220472440945017, 0.000000000000000000, 0.4881889763779527769 ) ) ;
#2706 = DIRECTION ( 'NONE',  ( -0.000000000000000000, 1.000000000000000000, 0.000000000000000000 ) ) ;
#2707 = CARTESIAN_POINT ( 'NONE',  ( 0.1968503937007874127, 0.8385826771609488084, -0.5590551181102362266 ) ) ;
#2708 = CARTESIAN_POINT ( 'NONE',  ( -0.04330708661417323468, -0.05511811023621968758, -0.1279527559055118058 ) ) ;
#2709 = ORIENTED_EDGE ( 'NONE', *, *, #4794, .F. ) ;
#2710 = EDGE_LOOP ( 'NONE', ( #9950, #3130, #312, #10332 ) ) ;
#2711 = EDGE_CURVE ( 'NONE', #6643, #8290, #709, .T. ) ;
#2712 = DIRECTION ( 'NONE',  ( -1.000000000000000000, 0.000000000000000000, 0.000000000000000000 ) ) ;
#2713 = ORIENTED_EDGE ( 'NONE', *, *, #9207, .T. ) ;
#2714 = CALENDAR_DATE ( 2022, 1, 11 ) ;
#2715 = VERTEX_POINT ( 'NONE', #7285 ) ;
#2716 = DIRECTION ( 'NONE',  ( 0.000000000000000000, 0.000000000000000000, -1.000000000000000000 ) ) ;
#2717 = VECTOR ( 'NONE', #2681, 39.37007874015748143 ) ;
#2718 = FACE_OUTER_BOUND ( 'NONE', #4928, .T. ) ;
#2719 = LINE ( 'NONE', #3376, #2802 ) ;
#2720 = CARTESIAN_POINT ( 'NONE',  ( 0.03838582677165354451, 0.000000000000000000, 0.000000000000000000 ) ) ;
#2721 = ORIENTED_EDGE ( 'NONE', *, *, #4641, .T. ) ;
#2722 = CARTESIAN_POINT ( 'NONE',  ( -0.07874015748031495954, 0.007874015748031495954, 0.8267716535433071723 ) ) ;
#2723 = ORIENTED_EDGE ( 'NONE', *, *, #8353, .T. ) ;
#2724 = EDGE_CURVE ( 'NONE', #5571, #4425, #7345, .T. ) ;
#2725 = EDGE_CURVE ( 'NONE', #2180, #7201, #2389, .T. ) ;
#2726 = CARTESIAN_POINT ( 'NONE',  ( 0.2736220472440945017, 0.000000000000000000, 0.3687411576292917159 ) ) ;
#2727 = EDGE_CURVE ( 'NONE', #4259, #7710, #8256, .T. ) ;
#2728 = VERTEX_POINT ( 'NONE', #7 ) ;
#2729 = VECTOR ( 'NONE', #10081, 39.37007874015748143 ) ;
#2730 = DIRECTION ( 'NONE',  ( 0.000000000000000000, 0.000000000000000000, -1.000000000000000000 ) ) ;
#2731 = ORIENTED_EDGE ( 'NONE', *, *, #4323, .T. ) ;
#2732 = ORIENTED_EDGE ( 'NONE', *, *, #4008, .T. ) ;
#2733 = DIRECTION ( 'NONE',  ( -1.000000000000000000, 1.051985127942272156E-15, 0.000000000000000000 ) ) ;
#2734 = CARTESIAN_POINT ( 'NONE',  ( 0.2736220472440945017, 0.000000000000000000, 0.3687411576292917159 ) ) ;
#2735 = FACE_OUTER_BOUND ( 'NONE', #5169, .T. ) ;
#2736 = FACE_OUTER_BOUND ( 'NONE', #1332, .T. ) ;
#2737 = ORIENTED_EDGE ( 'NONE', *, *, #3757, .F. ) ;
#2738 = FACE_OUTER_BOUND ( 'NONE', #9671, .T. ) ;
#2739 = EDGE_CURVE ( 'NONE', #6280, #3344, #3305, .T. ) ;
#2740 = PLANE ( 'NONE',  #5390 ) ;
#2741 = EDGE_LOOP ( 'NONE', ( #9077, #9835 ) ) ;
#2742 = ORIENTED_EDGE ( 'NONE', *, *, #8901, .T. ) ;
#2743 = CARTESIAN_POINT ( 'NONE',  ( 0.03838582677165354451, 0.8700787401574804347, -0.9448818897637796255 ) ) ;
#2744 = VECTOR ( 'NONE', #4112, 39.37007874015748143 ) ;
#2745 = ORIENTED_EDGE ( 'NONE', *, *, #5569, .T. ) ;
#2746 = DIRECTION ( 'NONE',  ( 0.000000000000000000, 1.000000000000000000, 0.000000000000000000 ) ) ;
#2747 = CARTESIAN_POINT ( 'NONE',  ( 0.07874015748031495954, 0.5472440944881890035, 0.9448818897637796255 ) ) ;
#2748 = VECTOR ( 'NONE', #6715, 39.37007874015748143 ) ;
#2749 = DIRECTION ( 'NONE',  ( 0.000000000000000000, -1.000000000000000000, 0.000000000000000000 ) ) ;
#2750 = DIRECTION ( 'NONE',  ( -1.941355158701965016E-15, 0.000000000000000000, 1.000000000000000000 ) ) ;
#2751 = ADVANCED_FACE ( 'NONE', ( #6639 ), #868, .T. ) ;
#2752 = EDGE_CURVE ( 'NONE', #6446, #4164, #8463, .T. ) ;
#2753 = VERTEX_POINT ( 'NONE', #1895 ) ;
#2754 = LINE ( 'NONE', #8264, #8859 ) ;
#2755 = LINE ( 'NONE', #4261, #8755 ) ;
#2757 = VERTEX_POINT ( 'NONE', #9327 ) ;
#2756 = EDGE_LOOP ( 'NONE', ( #8632, #4616, #6136, #4902, #1584, #2061, #2008, #692, #2334, #1327, #5227, #1551, #5305, #6858 ) ) ;
#2758 = CARTESIAN_POINT ( 'NONE',  ( -0.1732283464566929387, 1.307328710460744059, -0.5826771653543307838 ) ) ;
#2759 = CARTESIAN_POINT ( 'NONE',  ( -0.07874015748031495954, -0.09055118110236221041, 0.6968503937007873850 ) ) ;
#2760 = CARTESIAN_POINT ( 'NONE',  ( -0.3764102607639577269, 1.283464566929133355, 0.02952016529149293494 ) ) ;
#2761 = LINE ( 'NONE', #2551, #8074 ) ;
#2762 = ORIENTED_EDGE ( 'NONE', *, *, #6573, .F. ) ;
#2763 = EDGE_CURVE ( 'NONE', #6813, #10239, #6791, .T. ) ;
#2764 = ADVANCED_FACE ( 'NONE', ( #1137 ), #5126, .F. ) ;
#2765 = ORIENTED_EDGE ( 'NONE', *, *, #5733, .T. ) ;
#2766 = CARTESIAN_POINT ( 'NONE',  ( -0.1181102362204724532, 1.303149606299212504, 0.03543307086614173179 ) ) ;
#2767 = VERTEX_POINT ( 'NONE', #2708 ) ;
#2768 = ORIENTED_EDGE ( 'NONE', *, *, #6118, .T. ) ;
#2769 = PLANE ( 'NONE',  #1511 ) ;
#2770 = CARTESIAN_POINT ( 'NONE',  ( -0.09842519685039370636, 1.283464566929133799, -0.05511811023622047168 ) ) ;
#2771 = CARTESIAN_POINT ( 'NONE',  ( 0.1237136587784410241, 1.249046188814007641, -0.6870078740157483654 ) ) ;
#2772 = LINE ( 'NONE', #8423, #663 ) ;
#2773 = CIRCLE ( 'NONE', #8799, 0.1181102362204777406 ) ;
#2774 = ORIENTED_EDGE ( 'NONE', *, *, #5966, .T. ) ;
#2775 = CARTESIAN_POINT ( 'NONE',  ( -0.07874015748031495954, -0.1102362204724409434, 0.4566929133858267376 ) ) ;
#2776 = ORIENTED_EDGE ( 'NONE', *, *, #6695, .T. ) ;
#2777 = DIRECTION ( 'NONE',  ( 0.000000000000000000, 0.000000000000000000, -1.000000000000000000 ) ) ;
#2778 = ORIENTED_EDGE ( 'NONE', *, *, #8738, .T. ) ;
#2779 = PLANE ( 'NONE',  #6220 ) ;
#2780 = EDGE_LOOP ( 'NONE', ( #7143, #10371, #4816, #2641 ) ) ;
#2781 = ORIENTED_EDGE ( 'NONE', *, *, #6885, .F. ) ;
#2782 = CARTESIAN_POINT ( 'NONE',  ( -0.3553149606299212948, 0.8464566929133857665, 0.9212598425196850682 ) ) ;
#2783 = CARTESIAN_POINT ( 'NONE',  ( -0.3553149606299212948, 0.6456692913385827515, -0.7165354330708662012 ) ) ;
#2784 = ADVANCED_FACE ( 'NONE', ( #4267 ), #3413, .F. ) ;
#2785 = EDGE_CURVE ( 'NONE', #6046, #5787, #5179, .T. ) ;
#2786 = DIRECTION ( 'NONE',  ( 0.000000000000000000, 0.000000000000000000, -1.000000000000000000 ) ) ;
#2787 = DIRECTION ( 'NONE',  ( 0.000000000000000000, 1.000000000000000000, -3.242473786872534828E-16 ) ) ;
#2788 = ORIENTED_EDGE ( 'NONE', *, *, #7499, .T. ) ;
#2789 = LINE ( 'NONE', #1111, #4372 ) ;
#2790 = CARTESIAN_POINT ( 'NONE',  ( -0.07874015748031495954, -0.1102362204724409434, 0.4960629921259842590 ) ) ;
#2791 = DIRECTION ( 'NONE',  ( -0.2368163906405040819, 0.9715544231405692788, 0.000000000000000000 ) ) ;
#2792 = ORIENTED_EDGE ( 'NONE', *, *, #7745, .T. ) ;
#2793 = EDGE_LOOP ( 'NONE', ( #3656, #5473, #10622, #8573 ) ) ;
#2794 = CARTESIAN_POINT ( 'NONE',  ( -0.2657480314960630197, 0.7913385826771653919, -0.5826771653543307838 ) ) ;
#2795 = EDGE_CURVE ( 'NONE', #1026, #2033, #9807, .T. ) ;
#2796 = ORIENTED_EDGE ( 'NONE', *, *, #1891, .F. ) ;
#2797 = CARTESIAN_POINT ( 'NONE',  ( -0.03838582677165354451, 1.027559055118110409, 0.8818897637795275468 ) ) ;
#2798 = DIRECTION ( 'NONE',  ( -0.000000000000000000, 1.000000000000000000, 0.000000000000000000 ) ) ;
#2799 = CARTESIAN_POINT ( 'NONE',  ( -0.3577200857378535215, 1.287401574803149540, 0.07874015748031495954 ) ) ;
#2800 = FACE_OUTER_BOUND ( 'NONE', #7615, .T. ) ;
#2801 = ORIENTED_EDGE ( 'NONE', *, *, #1319, .F. ) ;
#2802 = VECTOR ( 'NONE', #1089, 39.37007874015748143 ) ;
#2803 = CARTESIAN_POINT ( 'NONE',  ( -0.09597593773754389823, 1.289169118099218192, 0.04223849502948423540 ) ) ;
#2804 = AXIS2_PLACEMENT_3D ( 'NONE', #6881, #10353, #10124 ) ;
#2805 = EDGE_CURVE ( 'NONE', #3501, #7637, #7661, .T. ) ;
#2806 = VECTOR ( 'NONE', #2817, 39.37007874015748143 ) ;
#2807 = FACE_OUTER_BOUND ( 'NONE', #9125, .T. ) ;
#2809 = ORIENTED_EDGE ( 'NONE', *, *, #5330, .T. ) ;
#2808 = VERTEX_POINT ( 'NONE', #8522 ) ;
#2810 = DIRECTION ( 'NONE',  ( 0.000000000000000000, 0.000000000000000000, -1.000000000000000000 ) ) ;
#2811 = PLANE ( 'NONE',  #9888 ) ;
#2812 = CARTESIAN_POINT ( 'NONE',  ( -0.03838582677165354451, 0.6456692913385827515, -0.7165354330708662012 ) ) ;
#2813 = FACE_OUTER_BOUND ( 'NONE', #496, .T. ) ;
#2814 = ORIENTED_EDGE ( 'NONE', *, *, #4988, .T. ) ;
#2815 = AXIS2_PLACEMENT_3D ( 'NONE', #7992, #3255, #609 ) ;
#2816 = ORIENTED_EDGE ( 'NONE', *, *, #9596, .T. ) ;
#2817 = DIRECTION ( 'NONE',  ( 0.000000000000000000, -1.000000000000000000, 0.000000000000000000 ) ) ;
#2818 = VECTOR ( 'NONE', #1001, 39.37007874015748143 ) ;
#2819 = VERTEX_POINT ( 'NONE', #3571 ) ;
#2820 = ORIENTED_EDGE ( 'NONE', *, *, #5544, .F. ) ;
#2821 = EDGE_CURVE ( 'NONE', #7861, #1026, #3266, .T. ) ;
#2822 = EDGE_CURVE ( 'NONE', #2255, #7904, #1785, .T. ) ;
#2823 = PLANE ( 'NONE',  #304 ) ;
#2824 = CARTESIAN_POINT ( 'NONE',  ( -0.2657480314960630197, 0.7913385826771653919, -0.5826771653543307838 ) ) ;
#2825 = CARTESIAN_POINT ( 'NONE',  ( -0.3543307086614173040, 1.301028088653735981, -0.04570839879455270566 ) ) ;
#2826 = DIRECTION ( 'NONE',  ( 1.000000000000000000, 0.000000000000000000, 0.000000000000000000 ) ) ;
#2827 = VECTOR ( 'NONE', #5415, 39.37007874015748143 ) ;
#2828 = PLANE ( 'NONE',  #1531 ) ;
#2829 = ORIENTED_EDGE ( 'NONE', *, *, #10250, .T. ) ;
#2830 = DIRECTION ( 'NONE',  ( 0.000000000000000000, 0.000000000000000000, -1.000000000000000000 ) ) ;
#2831 = ORIENTED_EDGE ( 'NONE', *, *, #7498, .F. ) ;
#2832 = LINE ( 'NONE', #6115, #4722 ) ;
#2833 = ORIENTED_EDGE ( 'NONE', *, *, #1994, .F. ) ;
#2834 = CARTESIAN_POINT ( 'NONE',  ( -0.3346456692913319375, 1.137795275590551158, -0.1476377952755905387 ) ) ;
#2835 = VERTEX_POINT ( 'NONE', #10086 ) ;
#2836 = VECTOR ( 'NONE', #7814, 39.37007874015748143 ) ;
#2837 = VECTOR ( 'NONE', #4163, 39.37007874015748143 ) ;
#2838 = EDGE_LOOP ( 'NONE', ( #2999, #3643, #6979, #4462 ) ) ;
#2839 = CIRCLE ( 'NONE', #9560, 0.1181102362204724116 ) ;
#2840 = VECTOR ( 'NONE', #436, 39.37007874015748143 ) ;
#2841 = DIRECTION ( 'NONE',  ( 0.000000000000000000, 0.000000000000000000, -1.000000000000000000 ) ) ;
#2842 = ORIENTED_EDGE ( 'NONE', *, *, #3635, .T. ) ;
#2843 = PLANE ( 'NONE',  #4939 ) ;
#2844 = DIRECTION ( 'NONE',  ( 0.000000000000000000, 1.788374717501859835E-16, -1.000000000000000000 ) ) ;
#2845 = DIRECTION ( 'NONE',  ( 1.000000000000000000, 0.000000000000000000, 0.000000000000000000 ) ) ;
#2846 = ORIENTED_EDGE ( 'NONE', *, *, #3878, .T. ) ;
#2847 = EDGE_CURVE ( 'NONE', #2507, #2207, #2761, .T. ) ;
#2848 = DIRECTION ( 'NONE',  ( 0.000000000000000000, 0.6365650365096908736, -0.7712230250021168132 ) ) ;
#2849 = VECTOR ( 'NONE', #10121, 39.37007874015748143 ) ;
#2850 = AXIS2_PLACEMENT_3D ( 'NONE', #844, #4292, #4087 ) ;
#2851 = CARTESIAN_POINT ( 'NONE',  ( 0.3553149606299212948, 0.000000000000000000, 0.000000000000000000 ) ) ;
#2852 = CARTESIAN_POINT ( 'NONE',  ( 0.3937007874015748254, 0.4685039370078740717, -0.5393700787401575214 ) ) ;
#2853 = EDGE_CURVE ( 'NONE', #6222, #4543, #918, .T. ) ;
#2854 = VERTEX_POINT ( 'NONE', #7715 ) ;
#2855 = EDGE_CURVE ( 'NONE', #2533, #9651, #2956, .T. ) ;
#2856 = ORIENTED_EDGE ( 'NONE', *, *, #4076, .F. ) ;
#2857 = DIRECTION ( 'NONE',  ( 0.000000000000000000, -1.000000000000000000, 0.000000000000000000 ) ) ;
#2858 = VERTEX_POINT ( 'NONE', #116 ) ;
#2859 = LINE ( 'NONE', #3724, #3155 ) ;
#2860 = LINE ( 'NONE', #1123, #2491 ) ;
#2861 = DIRECTION ( 'NONE',  ( 0.000000000000000000, -1.000000000000000000, 0.000000000000000000 ) ) ;
#2862 = CARTESIAN_POINT ( 'NONE',  ( 0.1732283464566929387, 1.307328710460744059, 0.5354330708661416693 ) ) ;
#2863 = ADVANCED_FACE ( 'NONE', ( #8303 ), #8411, .T. ) ;
#2864 = AXIS2_PLACEMENT_3D ( 'NONE', #3379, #2514, #9184 ) ;
#2865 = ADVANCED_FACE ( 'NONE', ( #973 ), #1424, .T. ) ;
#2866 = EDGE_CURVE ( 'NONE', #4133, #734, #2226, .T. ) ;
#2867 = ORIENTED_EDGE ( 'NONE', *, *, #3783, .F. ) ;
#2868 = CARTESIAN_POINT ( 'NONE',  ( -0.4537401574803149873, 0.6574803149606299746, -0.9448818897637796255 ) ) ;
#2869 = DIRECTION ( 'NONE',  ( 0.000000000000000000, -1.000000000000000000, 0.000000000000000000 ) ) ;
#2870 = ORIENTED_EDGE ( 'NONE', *, *, #10473, .T. ) ;
#2871 = FACE_OUTER_BOUND ( 'NONE', #3042, .T. ) ;
#2872 = DIRECTION ( 'NONE',  ( -0.9659258262890588753, 0.000000000000000000, -0.2588190451025564887 ) ) ;
#2873 = LINE ( 'NONE', #10367, #5907 ) ;
#2874 = LINE ( 'NONE', #6152, #7391 ) ;
#2875 = AXIS2_PLACEMENT_3D ( 'NONE', #2622, #3594, #6869 ) ;
#2876 = ORIENTED_EDGE ( 'NONE', *, *, #9120, .F. ) ;
#2877 = ORIENTED_EDGE ( 'NONE', *, *, #8480, .T. ) ;
#2878 = EDGE_CURVE ( 'NONE', #8947, #4668, #6094, .T. ) ;
#2879 = CARTESIAN_POINT ( 'NONE',  ( -0.03838582677165354451, 0.6062992125984252301, 0.7165354330708662012 ) ) ;
#2880 = VERTEX_POINT ( 'NONE', #7013 ) ;
#2881 = VERTEX_POINT ( 'NONE', #9387 ) ;
#2882 = AXIS2_PLACEMENT_3D ( 'NONE', #2350, #1148, #4382 ) ;
#2883 = DIRECTION ( 'NONE',  ( 0.000000000000000000, -1.000000000000000000, 0.000000000000000000 ) ) ;
#2884 = CARTESIAN_POINT ( 'NONE',  ( 0.07874015748031495954, 0.1850393700787401619, -0.6377952755905511584 ) ) ;
#2885 = CARTESIAN_POINT ( 'NONE',  ( -0.1358267716535433156, 3.985723537631259613E-16, -0.07874015748031495954 ) ) ;
#2886 = CARTESIAN_POINT ( 'NONE',  ( -0.4921259842519685179, 0.3897637795275590844, -0.9448818897637796255 ) ) ;
#2887 = LINE ( 'NONE', #6165, #6515 ) ;
#2888 = DIRECTION ( 'NONE',  ( -1.000000000000000000, 0.000000000000000000, 0.000000000000000000 ) ) ;
#2889 = ORIENTED_EDGE ( 'NONE', *, *, #8088, .T. ) ;
#2890 = LINE ( 'NONE', #6004, #4401 ) ;
#2891 = VERTEX_POINT ( 'NONE', #3677 ) ;
#2892 = EDGE_CURVE ( 'NONE', #9518, #10123, #1362, .T. ) ;
#2893 = ADVANCED_FACE ( 'NONE', ( #2813 ), #4596, .T. ) ;
#2894 = DIRECTION ( 'NONE',  ( -1.000000000000000000, 0.000000000000000000, 0.000000000000000000 ) ) ;
#2895 = VERTEX_POINT ( 'NONE', #10258 ) ;
#2896 = CARTESIAN_POINT ( 'NONE',  ( -0.3937007874015748254, 0.4685039370078740717, -0.6377952755905511584 ) ) ;
#2897 = ORIENTED_EDGE ( 'NONE', *, *, #8222, .T. ) ;
#2898 = ORIENTED_EDGE ( 'NONE', *, *, #1224, .T. ) ;
#2899 = VECTOR ( 'NONE', #2195, 39.37007874015748143 ) ;
#2900 = CARTESIAN_POINT ( 'NONE',  ( -0.2657480314960630197, 1.307328710460744059, -0.5354330708661416693 ) ) ;
#2901 = ORIENTED_EDGE ( 'NONE', *, *, #8930, .F. ) ;
#2902 = CARTESIAN_POINT ( 'NONE',  ( 0.3937007874015748254, -0.09055118110236221041, 0.6968503937007873850 ) ) ;
#2903 = CARTESIAN_POINT ( 'NONE',  ( -0.3553149606299212948, 0.8700787401574804347, -0.9448818897637796255 ) ) ;
#2904 = DIRECTION ( 'NONE',  ( 0.000000000000000000, -1.000000000000000000, 0.000000000000000000 ) ) ;
#2905 = ORIENTED_EDGE ( 'NONE', *, *, #9785, .F. ) ;
#2906 = LINE ( 'NONE', #10346, #8530 ) ;
#2907 = VECTOR ( 'NONE', #6683, 39.37007874015748143 ) ;
#2908 = EDGE_CURVE ( 'NONE', #7181, #7849, #2874, .T. ) ;
#2909 = CARTESIAN_POINT ( 'NONE',  ( -0.3682501334879237365, 1.297383991755641119, -0.04705065660423440876 ) ) ;
#2910 = DIRECTION ( 'NONE',  ( 0.6401096994848867183, -0.7682835235935806528, 0.000000000000000000 ) ) ;
#2911 = VERTEX_POINT ( 'NONE', #2060 ) ;
#2912 = ORIENTED_EDGE ( 'NONE', *, *, #4817, .T. ) ;
#2913 = CARTESIAN_POINT ( 'NONE',  ( 0.2578740157480315376, 0.6456692913385827515, -0.5590551181102362266 ) ) ;
#2914 = ORIENTED_EDGE ( 'NONE', *, *, #3845, .F. ) ;
#2915 = DIRECTION ( 'NONE',  ( 0.000000000000000000, -1.000000000000000000, 0.000000000000000000 ) ) ;
#2916 = DIRECTION ( 'NONE',  ( 0.000000000000000000, 3.469446951953565279E-15, 1.000000000000000000 ) ) ;
#2917 = CARTESIAN_POINT ( 'NONE',  ( -0.2952755905511810774, 1.137795275590551158, -0.05511811023622047168 ) ) ;
#2918 = EDGE_CURVE ( 'NONE', #547, #10054, #1003, .T. ) ;
#2919 = CARTESIAN_POINT ( 'NONE',  ( 0.1968503937007874127, 0.8385826771609488084, -0.5354330708661416693 ) ) ;
#2920 = AXIS2_PLACEMENT_3D ( 'NONE', #1729, #8295, #909 ) ;
#2921 = ORIENTED_EDGE ( 'NONE', *, *, #7700, .F. ) ;
#2922 = VECTOR ( 'NONE', #2441, 39.37007874015748143 ) ;
#2923 = CARTESIAN_POINT ( 'NONE',  ( -0.3149606299212598381, 0.5472440944881890035, -0.1476377952755905387 ) ) ;
#2924 = VECTOR ( 'NONE', #5384, 39.37007874015748143 ) ;
#2925 = DIRECTION ( 'NONE',  ( -1.788374717501859983E-15, -1.000000000000000000, 0.000000000000000000 ) ) ;
#2926 = VERTEX_POINT ( 'NONE', #1410 ) ;
#2927 = DIRECTION ( 'NONE',  ( 1.000000000000000000, 0.000000000000000000, 0.000000000000000000 ) ) ;
#2928 = FACE_OUTER_BOUND ( 'NONE', #9919, .T. ) ;
#2929 = CARTESIAN_POINT ( 'NONE',  ( -0.3764650071443460533, 1.290269991092476642, 0.04113762203622685354 ) ) ;
#2930 = ADVANCED_FACE ( 'NONE', ( #8630 ), #3794, .T. ) ;
#2931 = DIRECTION ( 'NONE',  ( -1.000000000000000000, 0.000000000000000000, 0.000000000000000000 ) ) ;
#2932 = EDGE_CURVE ( 'NONE', #4598, #1806, #7881, .T. ) ;
#2933 = EDGE_LOOP ( 'NONE', ( #6742, #4363, #6521, #1311, #7070, #4493, #66, #3530, #2113, #1131, #2006, #3958 ) ) ;
#2934 = ORIENTED_EDGE ( 'NONE', *, *, #1730, .F. ) ;
#2935 = VERTEX_POINT ( 'NONE', #1191 ) ;
#2936 = ORIENTED_EDGE ( 'NONE', *, *, #9268, .F. ) ;
#2937 = CARTESIAN_POINT ( 'NONE',  ( -0.1476377952755905387, -0.03543307086614173179, -0.1279527559055118058 ) ) ;
#2938 = PLANE ( 'NONE',  #8678 ) ;
#2939 = EDGE_CURVE ( 'NONE', #5397, #4133, #4535, .T. ) ;
#2940 = LINE ( 'NONE', #3850, #9561 ) ;
#2941 = DIRECTION ( 'NONE',  ( 0.000000000000000000, -3.469446951953609850E-15, -1.000000000000000000 ) ) ;
#2942 = PLANE ( 'NONE',  #1082 ) ;
#2943 = ORIENTED_EDGE ( 'NONE', *, *, #1381, .T. ) ;
#2944 = CARTESIAN_POINT ( 'NONE',  ( 0.000000000000000000, 0.1850393700787401619, -0.9448818897637796255 ) ) ;
#2945 = ORIENTED_EDGE ( 'NONE', *, *, #1044, .F. ) ;
#2946 = LINE ( 'NONE', #4615, #7475 ) ;
#2947 = EDGE_LOOP ( 'NONE', ( #540, #1, #1172, #5751 ) ) ;
#2948 = DIRECTION ( 'NONE',  ( 0.000000000000000000, 2.135044278125301737E-15, 1.000000000000000000 ) ) ;
#2949 = ORIENTED_EDGE ( 'NONE', *, *, #9242, .F. ) ;
#2950 = ORIENTED_EDGE ( 'NONE', *, *, #8786, .T. ) ;
#2951 = DIRECTION ( 'NONE',  ( 0.000000000000000000, -0.7071067811865495711, 0.7071067811865455743 ) ) ;
#2952 = ORIENTED_EDGE ( 'NONE', *, *, #3074, .F. ) ;
#2953 = VECTOR ( 'NONE', #9578, 39.37007874015748854 ) ;
#2954 = EDGE_CURVE ( 'NONE', #4065, #4284, #8745, .T. ) ;
#2955 = DIRECTION ( 'NONE',  ( 0.000000000000000000, 0.000000000000000000, -1.000000000000000000 ) ) ;
#2956 = B_SPLINE_CURVE_WITH_KNOTS ( 'NONE', 3,
 ( #3622, #5831, #9118, #1738, #10028, #2651 ),
 .UNSPECIFIED., .F., .F.,
 ( 4, 2, 4 ),
 ( 0.000000000000000000, 0.5000000000000000000, 1.000000000000000000 ),
 .UNSPECIFIED. ) ;
#2957 = PLANE ( 'NONE',  #2502 ) ;
#2958 = DIRECTION ( 'NONE',  ( 0.000000000000000000, -1.000000000000000000, 0.000000000000000000 ) ) ;
#2959 = VERTEX_POINT ( 'NONE', #6207 ) ;
#2960 = DIRECTION ( 'NONE',  ( -1.000000000000000000, 0.000000000000000000, 0.000000000000000000 ) ) ;
#2961 = LINE ( 'NONE', #6131, #5219 ) ;
#2962 = APPROVAL_PERSON_ORGANIZATION ( #8262, #6266, #5995 ) ;
#2963 = PLANE ( 'NONE',  #1223 ) ;
#2964 = ORIENTED_EDGE ( 'NONE', *, *, #2232, .T. ) ;
#2965 = ORIENTED_EDGE ( 'NONE', *, *, #2534, .T. ) ;
#2966 = CARTESIAN_POINT ( 'NONE',  ( -0.3553149606299212948, 0.6456692913385827515, 0.7165354330708662012 ) ) ;
#2967 = ADVANCED_FACE ( 'NONE', ( #2174 ), #7932, .T. ) ;
#2968 = EDGE_CURVE ( 'NONE', #9020, #10087, #3842, .T. ) ;
#2969 = DIRECTION ( 'NONE',  ( -3.707644274607585534E-15, 0.000000000000000000, 1.000000000000000000 ) ) ;
#2970 = DIRECTION ( 'NONE',  ( 0.000000000000000000, -1.000000000000000000, 0.000000000000000000 ) ) ;
#2971 = LINE ( 'NONE', #479, #3518 ) ;
#2972 = PLANE ( 'NONE',  #3513 ) ;
#2973 = DIRECTION ( 'NONE',  ( 0.000000000000000000, 0.000000000000000000, 1.000000000000000000 ) ) ;
#2974 = ORIENTED_EDGE ( 'NONE', *, *, #2178, .F. ) ;
#2975 = LINE ( 'NONE', #4749, #6296 ) ;
#2976 = CARTESIAN_POINT ( 'NONE',  ( -0.1968503937007480276, 1.287401574803149540, 0.5590551181102362266 ) ) ;
#2978 = ORIENTED_EDGE ( 'NONE', *, *, #2423, .T. ) ;
#2977 = ORIENTED_EDGE ( 'NONE', *, *, #5945, .F. ) ;
#2979 = CARTESIAN_POINT ( 'NONE',  ( -0.4921259842519685179, 0.1850393700787401619, -0.6968503937007873850 ) ) ;
#2980 = DIRECTION ( 'NONE',  ( 0.000000000000000000, -1.000000000000000000, 0.000000000000000000 ) ) ;
#2981 = DIRECTION ( 'NONE',  ( 0.000000000000000000, -1.000000000000000000, -3.469446951953625233E-15 ) ) ;
#2982 = CARTESIAN_POINT ( 'NONE',  ( -0.1065153806064261521, 1.305544119031674111, -0.02952016529149281698 ) ) ;
#2983 = VERTEX_POINT ( 'NONE', #3040 ) ;
#2984 = ORIENTED_EDGE ( 'NONE', *, *, #7924, .T. ) ;
#2985 = AXIS2_PLACEMENT_3D ( 'NONE', #8206, #2339, #2440 ) ;
#2986 = EDGE_LOOP ( 'NONE', ( #9627, #353 ) ) ;
#2987 = EDGE_CURVE ( 'NONE', #10310, #2515, #9610, .T. ) ;
#2988 = ORIENTED_EDGE ( 'NONE', *, *, #6947, .T. ) ;
#2989 = EDGE_CURVE ( 'NONE', #4503, #7883, #8245, .T. ) ;
#2990 = DIRECTION ( 'NONE',  ( 0.000000000000000000, 0.000000000000000000, -1.000000000000000000 ) ) ;
#2991 = DIRECTION ( 'NONE',  ( 0.000000000000000000, 0.000000000000000000, -1.000000000000000000 ) ) ;
#2992 = CARTESIAN_POINT ( 'NONE',  ( -0.3247425659116205399, 1.287401574803149540, 0.5629921259842519676 ) ) ;
#2993 = VECTOR ( 'NONE', #6627, 39.37007874015748854 ) ;
#2994 = DIRECTION ( 'NONE',  ( 1.000000000000000000, 0.000000000000000000, 0.000000000000000000 ) ) ;
#2995 = AXIS2_PLACEMENT_3D ( 'NONE', #2223, #3083, #5505 ) ;
#2996 = DIRECTION ( 'NONE',  ( 4.078408702068339827E-15, 0.000000000000000000, -1.000000000000000000 ) ) ;
#2997 = ORIENTED_EDGE ( 'NONE', *, *, #6728, .T. ) ;
#2998 = LINE ( 'NONE', #5472, #8336 ) ;
#2999 = ORIENTED_EDGE ( 'NONE', *, *, #5630, .F. ) ;
#3000 = VECTOR ( 'NONE', #4896, 39.37007874015748143 ) ;
#3001 = CARTESIAN_POINT ( 'NONE',  ( -0.3460460749665831837, 1.303148732029703050, 0.04345533346860163543 ) ) ;
#3002 = ORIENTED_EDGE ( 'NONE', *, *, #5210, .T. ) ;
#3003 = EDGE_CURVE ( 'NONE', #3430, #3763, #9819, .T. ) ;
#3004 = CARTESIAN_POINT ( 'NONE',  ( -0.4921259842519685179, 1.287401574803149540, 0.07874015748031495954 ) ) ;
#3005 = VECTOR ( 'NONE', #3610, 39.37007874015748854 ) ;
#3006 = VERTEX_POINT ( 'NONE', #749 ) ;
#3007 = DIRECTION ( 'NONE',  ( 0.000000000000000000, -0.7071067811865455743, -0.7071067811865495711 ) ) ;
#3008 = VECTOR ( 'NONE', #2131, 39.37007874015748143 ) ;
#3009 = ORIENTED_EDGE ( 'NONE', *, *, #8738, .F. ) ;
#3010 = DIRECTION ( 'NONE',  ( 0.000000000000000000, 0.000000000000000000, 1.000000000000000000 ) ) ;
#3011 = FACE_OUTER_BOUND ( 'NONE', #3642, .T. ) ;
#3012 = ORIENTED_EDGE ( 'NONE', *, *, #7663, .T. ) ;
#3013 = CARTESIAN_POINT ( 'NONE',  ( -0.2952755905511810774, 1.263779527559055094, -0.01968503937007873988 ) ) ;
#3014 = VECTOR ( 'NONE', #7990, 39.37007874015748143 ) ;
#3015 = PLANE ( 'NONE',  #9703 ) ;
#3016 = CIRCLE ( 'NONE', #9025, 0.01968503937007872948 ) ;
#3017 = EDGE_CURVE ( 'NONE', #8638, #3844, #10518, .T. ) ;
#3018 = VECTOR ( 'NONE', #4960, 39.37007874015748143 ) ;
#3019 = CARTESIAN_POINT ( 'NONE',  ( 0.07874015748031495954, 0.1062992125984252023, 0.2283464566929133688 ) ) ;
#3020 = VERTEX_POINT ( 'NONE', #9765 ) ;
#3021 = EDGE_LOOP ( 'NONE', ( #3100, #3366, #2392, #9211 ) ) ;
#3022 = CARTESIAN_POINT ( 'NONE',  ( 0.07874015748031495954, 0.1850393700787401619, 0.2952755905511810774 ) ) ;
#3023 = FACE_OUTER_BOUND ( 'NONE', #5869, .T. ) ;
#3024 = VECTOR ( 'NONE', #6553, 39.37007874015748143 ) ;
#3025 = AXIS2_PLACEMENT_3D ( 'NONE', #7444, #58, #7232 ) ;
#3026 = DIRECTION ( 'NONE',  ( 0.000000000000000000, 0.5843047258450889681, -0.8115343414514849529 ) ) ;
#3027 = AXIS2_PLACEMENT_3D ( 'NONE', #1527, #1336, #7907 ) ;
#3028 = CARTESIAN_POINT ( 'NONE',  ( -0.04330708661417323468, 0.1850393700787401619, -0.1279527559055118058 ) ) ;
#3029 = DIRECTION ( 'NONE',  ( 1.000000000000000000, 0.000000000000000000, 4.078408702068345349E-15 ) ) ;
#3030 = EDGE_CURVE ( 'NONE', #1628, #6630, #3245, .T. ) ;
#3031 = EDGE_CURVE ( 'NONE', #7372, #9230, #8085, .T. ) ;
#3032 = AXIS2_PLACEMENT_3D ( 'NONE', #9524, #9418, #10166 ) ;
#3033 = VERTEX_POINT ( 'NONE', #10630 ) ;
#3034 = CARTESIAN_POINT ( 'NONE',  ( 0.03838582677165354451, 0.8700787401574804347, -0.9448818897637796255 ) ) ;
#3035 = DIRECTION ( 'NONE',  ( 0.000000000000000000, 0.000000000000000000, 1.000000000000000000 ) ) ;
#3036 = VERTEX_POINT ( 'NONE', #8847 ) ;
#3037 = PLANE ( 'NONE',  #5283 ) ;
#3038 = CARTESIAN_POINT ( 'NONE',  ( 0.07874015748031495954, 0.5472440944881890035, -0.1476377952755905387 ) ) ;
#3039 = DIRECTION ( 'NONE',  ( 0.000000000000000000, 0.000000000000000000, -1.000000000000000000 ) ) ;
#3040 = CARTESIAN_POINT ( 'NONE',  ( -0.3937007874015748254, 0.1850393700787401619, -0.2637795275590551491 ) ) ;
#3041 = VECTOR ( 'NONE', #4677, 39.37007874015748143 ) ;
#3042 = EDGE_LOOP ( 'NONE', ( #62, #2291, #2041, #1006 ) ) ;
#3043 = ORIENTED_EDGE ( 'NONE', *, *, #9334, .T. ) ;
#3044 = DIRECTION ( 'NONE',  ( 0.000000000000000000, 0.000000000000000000, -1.000000000000000000 ) ) ;
#3045 = DIRECTION ( 'NONE',  ( 0.000000000000000000, 0.000000000000000000, -1.000000000000000000 ) ) ;
#3046 = CARTESIAN_POINT ( 'NONE',  ( 0.01968503937007873988, -0.09055118110236221041, 0.5866141732283465249 ) ) ;
#3047 = CARTESIAN_POINT ( 'NONE',  ( 0.1732283464566929387, 1.307328710460744059, 0.5354330708661416693 ) ) ;
#3048 = LINE ( 'NONE', #2125, #9181 ) ;
#3049 = ORIENTED_EDGE ( 'NONE', *, *, #4738, .T. ) ;
#3050 = ADVANCED_FACE ( 'NONE', ( #9002 ), #4375, .T. ) ;
#3051 = DIRECTION ( 'NONE',  ( 0.000000000000000000, 0.000000000000000000, 1.000000000000000000 ) ) ;
#3052 = ORIENTED_EDGE ( 'NONE', *, *, #2457, .T. ) ;
#3053 = CARTESIAN_POINT ( 'NONE',  ( -0.3542152308937920879, 1.303258223574750296, 0.05171519516165836577 ) ) ;
#3054 = VECTOR ( 'NONE', #7739, 39.37007874015748143 ) ;
#3055 = ORIENTED_EDGE ( 'NONE', *, *, #9869, .F. ) ;
#3056 = CARTESIAN_POINT ( 'NONE',  ( -0.07874015748031495954, 0.1850393700787401619, 0.1279527559055118058 ) ) ;
#3057 = ORIENTED_EDGE ( 'NONE', *, *, #2557, .T. ) ;
#3058 = LINE ( 'NONE', #3916, #478 ) ;
#3059 = EDGE_LOOP ( 'NONE', ( #4232, #527, #1582, #7769 ) ) ;
#3060 = VECTOR ( 'NONE', #8300, 39.37007874015748143 ) ;
#3061 = DIRECTION ( 'NONE',  ( 0.000000000000000000, -1.000000000000000000, 0.000000000000000000 ) ) ;
#3062 = PLANE ( 'NONE',  #7155 ) ;
#3063 = EDGE_CURVE ( 'NONE', #5641, #9462, #10471, .T. ) ;
#3064 = VERTEX_POINT ( 'NONE', #4047 ) ;
#3065 = EDGE_CURVE ( 'NONE', #10105, #7137, #5772, .T. ) ;
#3066 = DIRECTION ( 'NONE',  ( 0.000000000000000000, 0.000000000000000000, 1.000000000000000000 ) ) ;
#3067 = EDGE_CURVE ( 'NONE', #9935, #1920, #4754, .T. ) ;
#3068 = CARTESIAN_POINT ( 'NONE',  ( -0.3624140319253629228, 1.291547890193080361, -0.05522672751175923544 ) ) ;
#3069 = LINE ( 'NONE', #6343, #5529 ) ;
#3070 = ORIENTED_EDGE ( 'NONE', *, *, #9481, .F. ) ;
#3071 = ORIENTED_EDGE ( 'NONE', *, *, #724, .F. ) ;
#3072 = FACE_OUTER_BOUND ( 'NONE', #296, .T. ) ;
#3073 = DIRECTION ( 'NONE',  ( -1.000000000000000000, 0.000000000000000000, 0.000000000000000000 ) ) ;
#3074 = EDGE_CURVE ( 'NONE', #5768, #9393, #650, .T. ) ;
#3075 = VECTOR ( 'NONE', #7127, 39.37007874015748854 ) ;
#3076 = DIRECTION ( 'NONE',  ( 0.000000000000000000, 0.000000000000000000, 1.000000000000000000 ) ) ;
#3077 = LINE ( 'NONE', #8940, #5914 ) ;
#3078 = PLANE ( 'NONE',  #4123 ) ;
#3079 = LINE ( 'NONE', #8836, #2806 ) ;
#3080 = ORIENTED_EDGE ( 'NONE', *, *, #3421, .F. ) ;
#3081 = CARTESIAN_POINT ( 'NONE',  ( 0.1358267716535433156, 0.000000000000000000, -0.07874015748031495954 ) ) ;
#3082 = ORIENTED_EDGE ( 'NONE', *, *, #2725, .F. ) ;
#3083 = DIRECTION ( 'NONE',  ( -1.000000000000000000, 0.000000000000000000, 0.000000000000000000 ) ) ;
#3084 = ADVANCED_FACE ( 'NONE', ( #7332 ), #5711, .F. ) ;
#3085 = CARTESIAN_POINT ( 'NONE',  ( -0.3553149606299212948, 0.8700787401574804347, 0.9448818897637796255 ) ) ;
#3086 = EDGE_CURVE ( 'NONE', #3953, #7803, #2485, .T. ) ;
#3087 = DIRECTION ( 'NONE',  ( 1.000000000000000000, 0.000000000000000000, 0.000000000000000000 ) ) ;
#3088 = CARTESIAN_POINT ( 'NONE',  ( -0.1476377952755905387, -0.05511811023622047168, -0.1279527559055118058 ) ) ;
#3089 = PLANE ( 'NONE',  #10664 ) ;
#3090 = ORIENTED_EDGE ( 'NONE', *, *, #2752, .F. ) ;
#3091 = ORIENTED_EDGE ( 'NONE', *, *, #7647, .T. ) ;
#3092 = VECTOR ( 'NONE', #6198, 39.37007874015748143 ) ;
#3093 = DIRECTION ( 'NONE',  ( 0.000000000000000000, -0.5843047258450889681, 0.8115343414514849529 ) ) ;
#3094 = DIRECTION ( 'NONE',  ( 0.000000000000000000, -1.000000000000000000, 0.000000000000000000 ) ) ;
#3095 = EDGE_CURVE ( 'NONE', #2217, #10455, #1623, .T. ) ;
#3096 = PLANE ( 'NONE',  #969 ) ;
#3097 = EDGE_CURVE ( 'NONE', #7722, #976, #1516, .T. ) ;
#3098 = DIRECTION ( 'NONE',  ( 0.000000000000000000, 0.000000000000000000, 1.000000000000000000 ) ) ;
#3099 = DIRECTION ( 'NONE',  ( 0.000000000000000000, 0.000000000000000000, -1.000000000000000000 ) ) ;
#3100 = ORIENTED_EDGE ( 'NONE', *, *, #9499, .F. ) ;
#3101 = DIRECTION ( 'NONE',  ( 0.000000000000000000, 1.000000000000000000, 0.000000000000000000 ) ) ;
#3102 = VERTEX_POINT ( 'NONE', #9923 ) ;
#3103 = DIRECTION ( 'NONE',  ( 0.000000000000000000, -1.000000000000000000, 0.000000000000000000 ) ) ;
#3104 = ORIENTED_EDGE ( 'NONE', *, *, #10027, .T. ) ;
#3105 = DIRECTION ( 'NONE',  ( 0.000000000000000000, 1.000000000000000000, 0.000000000000000000 ) ) ;
#3106 = ORIENTED_EDGE ( 'NONE', *, *, #6572, .F. ) ;
#3107 = EDGE_CURVE ( 'NONE', #7904, #2808, #7438, .T. ) ;
#3108 = DIRECTION ( 'NONE',  ( 1.000000000000000000, 0.000000000000000000, 0.000000000000000000 ) ) ;
#3109 = DIRECTION ( 'NONE',  ( 0.000000000000000000, 1.000000000000000000, 0.000000000000000000 ) ) ;
#3110 = DIRECTION ( 'NONE',  ( -1.000000000000000000, 0.000000000000000000, 0.000000000000000000 ) ) ;
#3111 = ORIENTED_EDGE ( 'NONE', *, *, #3117, .T. ) ;
#3112 = CARTESIAN_POINT ( 'NONE',  ( -0.01968503937007873988, -0.05118110236220472370, 0.4960629921259842590 ) ) ;
#3113 = DIRECTION ( 'NONE',  ( 2.858829929130530196E-16, 0.000000000000000000, 1.000000000000000000 ) ) ;
#3114 = CARTESIAN_POINT ( 'NONE',  ( 0.3937007874015748254, 0.4685039370078740717, 0.5393700787401575214 ) ) ;
#3115 = EDGE_LOOP ( 'NONE', ( #752, #3070, #4579, #6478 ) ) ;
#3116 = ORIENTED_EDGE ( 'NONE', *, *, #1792, .T. ) ;
#3117 = EDGE_CURVE ( 'NONE', #5194, #8008, #4151, .T. ) ;
#3118 = CARTESIAN_POINT ( 'NONE',  ( 0.3937007874015748254, 0.4905511811023622326, -0.9448818897637796255 ) ) ;
#3119 = EDGE_CURVE ( 'NONE', #8653, #4296, #49, .T. ) ;
#3120 = CARTESIAN_POINT ( 'NONE',  ( -0.3184349320988147380, 1.202718598642952719, -0.05511811023622046474 ) ) ;
#3121 = DIRECTION ( 'NONE',  ( 0.000000000000000000, 0.000000000000000000, -1.000000000000000000 ) ) ;
#3122 = DIRECTION ( 'NONE',  ( 0.000000000000000000, 0.000000000000000000, 1.000000000000000000 ) ) ;
#3123 = DIRECTION ( 'NONE',  ( -1.000000000000000000, 0.000000000000000000, 4.015563601798164685E-17 ) ) ;
#3124 = VECTOR ( 'NONE', #8482, 39.37007874015748143 ) ;
#3125 = CARTESIAN_POINT ( 'NONE',  ( -0.1181102362204724532, 1.283464566929133799, 0.03543307086614173179 ) ) ;
#3126 = ORIENTED_EDGE ( 'NONE', *, *, #3466, .T. ) ;
#3127 = EDGE_CURVE ( 'NONE', #5132, #5723, #6182, .T. ) ;
#3128 = CARTESIAN_POINT ( 'NONE',  ( -0.01968503937007873988, -0.1102362204724409434, 0.5866141732283465249 ) ) ;
#3129 = LOCAL_TIME ( 14, 14, 55.00000000000000000, #2659 ) ;
#3130 = ORIENTED_EDGE ( 'NONE', *, *, #4697, .T. ) ;
#3131 = CARTESIAN_POINT ( 'NONE',  ( -0.1041908113939655489, 1.297383991755641564, 0.03543307086614173179 ) ) ;
#3132 = LINE ( 'NONE', #6405, #7829 ) ;
#3133 = LINE ( 'NONE', #8084, #400 ) ;
#3134 = CARTESIAN_POINT ( 'NONE',  ( -0.1181102362204724532, 1.297383991755641564, -0.04935249569264858749 ) ) ;
#3135 = DIRECTION ( 'NONE',  ( 1.000000000000000000, 0.000000000000000000, -4.078408702068345349E-15 ) ) ;
#3136 = EDGE_LOOP ( 'NONE', ( #8228, #5911, #1288, #216 ) ) ;
#3137 = ORIENTED_EDGE ( 'NONE', *, *, #5956, .T. ) ;
#3138 = EDGE_CURVE ( 'NONE', #6580, #8001, #8605, .T. ) ;
#3139 = FACE_OUTER_BOUND ( 'NONE', #9926, .T. ) ;
#3140 = DIRECTION ( 'NONE',  ( 0.000000000000000000, -1.000000000000000000, 0.000000000000000000 ) ) ;
#3141 = LINE ( 'NONE', #1525, #3525 ) ;
#3142 = FACE_OUTER_BOUND ( 'NONE', #6843, .T. ) ;
#3143 = PLANE ( 'NONE',  #1114 ) ;
#3144 = EDGE_LOOP ( 'NONE', ( #3071, #818, #293 ) ) ;
#3145 = CARTESIAN_POINT ( 'NONE',  ( 0.3937007874015748254, -0.09055118110236221041, 0.6968503937007873850 ) ) ;
#3146 = ORIENTED_EDGE ( 'NONE', *, *, #1344, .T. ) ;
#3147 = CARTESIAN_POINT ( 'NONE',  ( -0.3346456692913385988, 1.137795275590551158, -0.03543308290909448488 ) ) ;
#3148 = ORIENTED_EDGE ( 'NONE', *, *, #899, .T. ) ;
#3149 = EDGE_CURVE ( 'NONE', #1094, #1237, #7631, .T. ) ;
#3150 = ADVANCED_FACE ( 'NONE', ( #2736 ), #7741, .F. ) ;
#3151 = CARTESIAN_POINT ( 'NONE',  ( -0.3643229367608166736, 1.247583251992451236, 0.05243353192623842474 ) ) ;
#3152 = ORIENTED_EDGE ( 'NONE', *, *, #1224, .F. ) ;
#3153 = AXIS2_PLACEMENT_3D ( 'NONE', #2886, #5407, #9456 ) ;
#3154 = DIRECTION ( 'NONE',  ( 0.000000000000000000, 0.000000000000000000, -1.000000000000000000 ) ) ;
#3155 = VECTOR ( 'NONE', #531, 39.37007874015748854 ) ;
#3156 = PLANE ( 'NONE',  #5970 ) ;
#3157 = CARTESIAN_POINT ( 'NONE',  ( 0.2736220472440945017, -0.09055118110236221041, 0.4881889763779527769 ) ) ;
#3158 = VECTOR ( 'NONE', #5053, 39.37007874015748143 ) ;
#3159 = DIRECTION ( 'NONE',  ( 0.000000000000000000, -1.000000000000000000, 0.000000000000000000 ) ) ;
#3160 = ORIENTED_EDGE ( 'NONE', *, *, #9713, .F. ) ;
#3161 = CARTESIAN_POINT ( 'NONE',  ( -0.3937007874015748254, -0.09055118110236221041, 0.4881889763779527769 ) ) ;
#3162 = VECTOR ( 'NONE', #5022, 39.37007874015748854 ) ;
#3163 = DIRECTION ( 'NONE',  ( 1.000000000000000000, 0.000000000000000000, 0.000000000000000000 ) ) ;
#3164 = ORIENTED_EDGE ( 'NONE', *, *, #1136, .F. ) ;
#3165 = CARTESIAN_POINT ( 'NONE',  ( 0.3553149606299212948, 0.5472440944881890035, 0.000000000000000000 ) ) ;
#3166 = VERTEX_POINT ( 'NONE', #352 ) ;
#3167 = AXIS2_PLACEMENT_3D ( 'NONE', #8283, #3487, #8439 ) ;
#3168 = VERTEX_POINT ( 'NONE', #5320 ) ;
#3169 = DIRECTION ( 'NONE',  ( 1.000000000000000000, 0.000000000000000000, 0.000000000000000000 ) ) ;
#3170 = ORIENTED_EDGE ( 'NONE', *, *, #1235, .T. ) ;
#3171 = VECTOR ( 'NONE', #4744, 39.37007874015748854 ) ;
#3172 = DIRECTION ( 'NONE',  ( 0.000000000000000000, 0.000000000000000000, 1.000000000000000000 ) ) ;
#3173 = CARTESIAN_POINT ( 'NONE',  ( 0.2657480314960630197, 0.8385826771609488084, 0.5354330708661416693 ) ) ;
#3174 = DIRECTION ( 'NONE',  ( 1.000000000000000000, 0.000000000000000000, 0.000000000000000000 ) ) ;
#3175 = DIRECTION ( 'NONE',  ( 0.000000000000000000, 1.213093339843927959E-15, 1.000000000000000000 ) ) ;
#3176 = VECTOR ( 'NONE', #6225, 39.37007874015748143 ) ;
#3177 = EDGE_CURVE ( 'NONE', #2108, #1077, #2032, .T. ) ;
#3178 = LINE ( 'NONE', #10510, #1776 ) ;
#3179 = VERTEX_POINT ( 'NONE', #5264 ) ;
#3180 = LINE ( 'NONE', #4144, #3713 ) ;
#3181 = AXIS2_PLACEMENT_3D ( 'NONE', #2342, #8864, #7998 ) ;
#3182 = VECTOR ( 'NONE', #8212, 39.37007874015748143 ) ;
#3183 = AXIS2_PLACEMENT_3D ( 'NONE', #6013, #2621, #9249 ) ;
#3184 = AXIS2_PLACEMENT_3D ( 'NONE', #8951, #1463, #9656 ) ;
#3185 = EDGE_LOOP ( 'NONE', ( #9478, #474, #8270, #10500 ) ) ;
#3186 = FACE_OUTER_BOUND ( 'NONE', #6172, .T. ) ;
#3187 = CARTESIAN_POINT ( 'NONE',  ( -0.3740157480314917349, 1.244103829858665300, -0.03543307086614173179 ) ) ;
#3188 = DIRECTION ( 'NONE',  ( -4.078408702068345349E-15, 0.000000000000000000, -1.000000000000000000 ) ) ;
#3189 = LINE ( 'NONE', #9062, #9272 ) ;
#3190 = ADVANCED_FACE ( 'NONE', ( #6063 ), #7690, .T. ) ;
#3191 = EDGE_CURVE ( 'NONE', #16, #7171, #8490, .T. ) ;
#3192 = ORIENTED_EDGE ( 'NONE', *, *, #9927, .T. ) ;
#3193 = VECTOR ( 'NONE', #6650, 39.37007874015748854 ) ;
#3194 = EDGE_CURVE ( 'NONE', #136, #9996, #9354, .T. ) ;
#3195 = AXIS2_PLACEMENT_3D ( 'NONE', #6310, #2167, #645 ) ;
#3196 = ORIENTED_EDGE ( 'NONE', *, *, #2908, .T. ) ;
#3197 = DIRECTION ( 'NONE',  ( 0.000000000000000000, 0.000000000000000000, 1.000000000000000000 ) ) ;
#3198 = DIRECTION ( 'NONE',  ( 0.000000000000000000, 0.000000000000000000, 1.000000000000000000 ) ) ;
#3199 = VECTOR ( 'NONE', #6873, 39.37007874015748143 ) ;
#3200 = PLANE ( 'NONE',  #250 ) ;
#3201 = DIRECTION ( 'NONE',  ( 0.000000000000000000, -1.000000000000000000, 0.000000000000000000 ) ) ;
#3202 = DIRECTION ( 'NONE',  ( 0.000000000000000000, 1.000000000000000000, 0.000000000000000000 ) ) ;
#3203 = EDGE_LOOP ( 'NONE', ( #6053, #1843, #4113, #9592, #9205, #6820 ) ) ;
#3204 = EDGE_CURVE ( 'NONE', #7849, #5693, #6016, .T. ) ;
#3205 = CARTESIAN_POINT ( 'NONE',  ( 0.01968503937007873988, 0.1850393700787401619, 0.5866141732283465249 ) ) ;
#3206 = ORIENTED_EDGE ( 'NONE', *, *, #368, .F. ) ;
#3207 = DIRECTION ( 'NONE',  ( 1.000000000000000000, 0.000000000000000000, 0.000000000000000000 ) ) ;
#3208 = ORIENTED_EDGE ( 'NONE', *, *, #10169, .T. ) ;
#3209 = CARTESIAN_POINT ( 'NONE',  ( -0.3402807164906215265, 1.297252188007554485, -0.04696378781806445635 ) ) ;
#3210 = ORIENTED_EDGE ( 'NONE', *, *, #2821, .F. ) ;
#3211 = FACE_OUTER_BOUND ( 'NONE', #10114, .T. ) ;
#3212 = CARTESIAN_POINT ( 'NONE',  ( -0.1358267716535433156, -0.05511811023622047168, -0.1279527559055118058 ) ) ;
#3213 = VERTEX_POINT ( 'NONE', #1109 ) ;
#3214 = DIRECTION ( 'NONE',  ( 0.000000000000000000, -1.000000000000000000, 0.000000000000000000 ) ) ;
#3215 = ORIENTED_EDGE ( 'NONE', *, *, #10451, .T. ) ;
#3216 = ADVANCED_FACE ( 'NONE', ( #244 ), #6985, .T. ) ;
#3217 = EDGE_CURVE ( 'NONE', #2289, #4598, #9304, .T. ) ;
#3218 = CARTESIAN_POINT ( 'NONE',  ( -0.3523622047244094335, 0.1850393700787401619, -0.9448818897637796255 ) ) ;
#3219 = VECTOR ( 'NONE', #5262, 39.37007874015748143 ) ;
#3220 = ORIENTED_EDGE ( 'NONE', *, *, #4167, .T. ) ;
#3221 = PLANE ( 'NONE',  #8495 ) ;
#3222 = ORIENTED_EDGE ( 'NONE', *, *, #890, .F. ) ;
#3223 = FACE_OUTER_BOUND ( 'NONE', #10660, .T. ) ;
#3224 = ORIENTED_EDGE ( 'NONE', *, *, #915, .F. ) ;
#3225 = ORIENTED_EDGE ( 'NONE', *, *, #3447, .T. ) ;
#3226 = VECTOR ( 'NONE', #914, 39.37007874015748143 ) ;
#3227 = DIRECTION ( 'NONE',  ( -1.000000000000000000, 0.000000000000000000, 0.000000000000000000 ) ) ;
#3228 = VECTOR ( 'NONE', #2016, 39.37007874015748143 ) ;
#3229 = DIRECTION ( 'NONE',  ( 0.000000000000000000, 0.000000000000000000, -1.000000000000000000 ) ) ;
#3230 = ORIENTED_EDGE ( 'NONE', *, *, #4831, .T. ) ;
#3231 = PLANE ( 'NONE',  #7276 ) ;
#3232 = CARTESIAN_POINT ( 'NONE',  ( -0.3553149606299212948, 0.6062992125984252301, 0.6968503937007873850 ) ) ;
#3233 = EDGE_CURVE ( 'NONE', #5005, #7365, #2088, .T. ) ;
#3234 = DIRECTION ( 'NONE',  ( 0.000000000000000000, -1.000000000000000000, 0.000000000000000000 ) ) ;
#3235 = CARTESIAN_POINT ( 'NONE',  ( -0.01968503937007873988, -0.09055118110236221041, 0.4960629921259842590 ) ) ;
#3236 = DIRECTION ( 'NONE',  ( 0.000000000000000000, 1.000000000000000000, -1.334402673828312057E-15 ) ) ;
#3237 = ORIENTED_EDGE ( 'NONE', *, *, #3661, .T. ) ;
#3238 = DIRECTION ( 'NONE',  ( 0.000000000000000000, -1.000000000000000000, 0.000000000000000000 ) ) ;
#3239 = AXIS2_PLACEMENT_3D ( 'NONE', #2607, #6743, #981 ) ;
#3240 = ADVANCED_FACE ( 'NONE', ( #6924 ), #10225, .T. ) ;
#3241 = ORIENTED_EDGE ( 'NONE', *, *, #5491, .T. ) ;
#3242 = CARTESIAN_POINT ( 'NONE',  ( 0.07874015748031495954, -0.03543307086614173179, 0.1279527559055118058 ) ) ;
#3243 = DIRECTION ( 'NONE',  ( 0.000000000000000000, 0.000000000000000000, 1.000000000000000000 ) ) ;
#3244 = PLANE ( 'NONE',  #1609 ) ;
#3245 = LINE ( 'NONE', #5553, #2236 ) ;
#3246 = CARTESIAN_POINT ( 'NONE',  ( 0.07874015748031495954, 0.1062992125984252023, 0.2952755905511810774 ) ) ;
#3247 = ORIENTED_EDGE ( 'NONE', *, *, #2054, .T. ) ;
#3248 = AXIS2_PLACEMENT_3D ( 'NONE', #550, #8753, #1369 ) ;
#3249 = VERTEX_POINT ( 'NONE', #4571 ) ;
#3250 = EDGE_CURVE ( 'NONE', #7137, #6286, #3766, .T. ) ;
#3251 = DIRECTION ( 'NONE',  ( 0.000000000000000000, -1.000000000000000000, 0.000000000000000000 ) ) ;
#3252 = EDGE_CURVE ( 'NONE', #6825, #1142, #7791, .T. ) ;
#3253 = DIRECTION ( 'NONE',  ( 0.000000000000000000, 0.000000000000000000, -1.000000000000000000 ) ) ;
#3254 = DIRECTION ( 'NONE',  ( 0.000000000000000000, -1.000000000000000000, 0.000000000000000000 ) ) ;
#3255 = DIRECTION ( 'NONE',  ( 0.000000000000000000, -1.000000000000000000, 0.000000000000000000 ) ) ;
#3256 = DIRECTION ( 'NONE',  ( 0.000000000000000000, -1.000000000000000000, 0.000000000000000000 ) ) ;
#3257 = ORIENTED_EDGE ( 'NONE', *, *, #5765, .T. ) ;
#3258 = LINE ( 'NONE', #8151, #930 ) ;
#3259 = VERTEX_POINT ( 'NONE', #9473 ) ;
#3260 = VECTOR ( 'NONE', #3559, 39.37007874015748143 ) ;
#3261 = CARTESIAN_POINT ( 'NONE',  ( -0.1181102362204724532, 1.137795275590551158, -0.03543307086614173179 ) ) ;
#3262 = ORIENTED_EDGE ( 'NONE', *, *, #9832, .T. ) ;
#3263 = PLANE ( 'NONE',  #4681 ) ;
#3264 = VERTEX_POINT ( 'NONE', #1273 ) ;
#3265 = ADVANCED_FACE ( 'NONE', ( #8437 ), #7043, .F. ) ;
#3266 = CIRCLE ( 'NONE', #504, 0.01968503937007873988 ) ;
#3267 = CARTESIAN_POINT ( 'NONE',  ( 0.2204724409448818867, 0.7913385826771653919, -0.5354330708661416693 ) ) ;
#3268 = CARTESIAN_POINT ( 'NONE',  ( -0.3523622047244094335, -0.09055118110236221041, 0.4677695532303149939 ) ) ;
#3269 = VECTOR ( 'NONE', #10461, 39.37007874015748143 ) ;
#3270 = CARTESIAN_POINT ( 'NONE',  ( 0.3641513641753465480, 0.000000000000000000, -0.4881889763779527769 ) ) ;
#3271 = CARTESIAN_POINT ( 'NONE',  ( -0.03838582677165354451, 0.6062992125984252301, -0.6968503937007873850 ) ) ;
#3272 = VERTEX_POINT ( 'NONE', #4779 ) ;
#3273 = DIRECTION ( 'NONE',  ( 1.000000000000000000, 0.000000000000000000, 0.000000000000000000 ) ) ;
#3274 = EDGE_LOOP ( 'NONE', ( #5621, #1952, #1480, #5307, #4445 ) ) ;
#3275 = PLANE ( 'NONE',  #2655 ) ;
#3276 = ORIENTED_EDGE ( 'NONE', *, *, #6572, .T. ) ;
#3277 = PLANE ( 'NONE',  #1905 ) ;
#3278 = ORIENTED_EDGE ( 'NONE', *, *, #3613, .T. ) ;
#3279 = ORIENTED_EDGE ( 'NONE', *, *, #4155, .T. ) ;
#3280 = ADVANCED_FACE ( 'NONE', ( #3011 ), #4726, .T. ) ;
#3281 = LINE ( 'NONE', #6606, #3024 ) ;
#3282 = CARTESIAN_POINT ( 'NONE',  ( 0.3224922048370108540, 1.264792676106897718, 0.6360942317687615644 ) ) ;
#3283 = EDGE_LOOP ( 'NONE', ( #1772, #3364, #6332, #8759, #2357, #3812 ) ) ;
#3284 = DIRECTION ( 'NONE',  ( 0.000000000000000000, -1.000000000000000000, 0.000000000000000000 ) ) ;
#3285 = DIRECTION ( 'NONE',  ( 0.000000000000000000, -5.102127870520029857E-16, 1.000000000000000000 ) ) ;
#3286 = LINE ( 'NONE', #5756, #5232 ) ;
#3287 = LINE ( 'NONE', #6559, #5149 ) ;
#3288 = DIRECTION ( 'NONE',  ( 1.000000000000000000, 0.000000000000000000, 0.000000000000000000 ) ) ;
#3289 = ORIENTED_EDGE ( 'NONE', *, *, #3445, .T. ) ;
#3290 = EDGE_CURVE ( 'NONE', #773, #6228, #3867, .T. ) ;
#3291 = ADVANCED_FACE ( 'NONE', ( #721 ), #3062, .T. ) ;
#3292 = DIRECTION ( 'NONE',  ( 0.000000000000000000, 1.000000000000000000, -2.135044278125299765E-15 ) ) ;
#3293 = ORIENTED_EDGE ( 'NONE', *, *, #7101, .F. ) ;
#3294 = DIRECTION ( 'NONE',  ( 0.000000000000000000, 0.000000000000000000, 1.000000000000000000 ) ) ;
#3295 = AXIS2_PLACEMENT_3D ( 'NONE', #5535, #1443, #4734 ) ;
#3296 = DIRECTION ( 'NONE',  ( 0.000000000000000000, 0.000000000000000000, 1.000000000000000000 ) ) ;
#3297 = DIRECTION ( 'NONE',  ( 0.000000000000000000, 0.000000000000000000, 1.000000000000000000 ) ) ;
#3298 = CARTESIAN_POINT ( 'NONE',  ( -0.1064926504823797276, 1.297383991755641119, -0.04935249569264852504 ) ) ;
#3299 = LINE ( 'NONE', #2486, #5140 ) ;
#3300 = ORIENTED_EDGE ( 'NONE', *, *, #3912, .T. ) ;
#3301 = CARTESIAN_POINT ( 'NONE',  ( -0.3679208187788867157, 1.246311818092492363, -0.04967763652686219000 ) ) ;
#3302 = CARTESIAN_POINT ( 'NONE',  ( -0.04330708661417323468, 0.4855184551668063064, -0.05511811023622047168 ) ) ;
#3303 = LINE ( 'NONE', #8205, #8172 ) ;
#3304 = DIRECTION ( 'NONE',  ( 1.000000000000000000, 0.000000000000000000, 0.000000000000000000 ) ) ;
#3305 = LINE ( 'NONE', #9877, #849 ) ;
#3306 = ORIENTED_EDGE ( 'NONE', *, *, #6561, .F. ) ;
#3307 = ORIENTED_EDGE ( 'NONE', *, *, #10263, .F. ) ;
#3308 = ADVANCED_FACE ( 'NONE', ( #10602 ), #9634, .F. ) ;
#3309 = DIRECTION ( 'NONE',  ( -1.445602896647336195E-14, 0.000000000000000000, -1.000000000000000000 ) ) ;
#3310 = ADVANCED_FACE ( 'NONE', ( #624, #8770 ), #3918, .F. ) ;
#3311 = ORIENTED_EDGE ( 'NONE', *, *, #1193, .F. ) ;
#3312 = DATE_AND_TIME ( #14, #3129 ) ;
#3313 = ORIENTED_EDGE ( 'NONE', *, *, #4265, .T. ) ;
#3314 = DIRECTION ( 'NONE',  ( -1.000000000000000000, 0.000000000000000000, 0.000000000000000000 ) ) ;
#3315 = CARTESIAN_POINT ( 'NONE',  ( 0.1968503937007480276, 0.2837642458494031295, -0.5590551181102362266 ) ) ;
#3316 = LINE ( 'NONE', #8217, #4009 ) ;
#3317 = CARTESIAN_POINT ( 'NONE',  ( 0.1968503937007874127, 0.8385826771609488084, -0.5826771653543307838 ) ) ;
#3318 = ORIENTED_EDGE ( 'NONE', *, *, #3097, .F. ) ;
#3319 = CARTESIAN_POINT ( 'NONE',  ( -0.3719911334444024886, 1.293642991799161424, -0.03543307086614173873 ) ) ;
#3320 = ORIENTED_EDGE ( 'NONE', *, *, #7407, .T. ) ;
#3321 = ADVANCED_FACE ( 'NONE', ( #2249 ), #1491, .F. ) ;
#3322 = EDGE_CURVE ( 'NONE', #9660, #8115, #6292, .T. ) ;
#3323 = FACE_OUTER_BOUND ( 'NONE', #5368, .T. ) ;
#3324 = EDGE_CURVE ( 'NONE', #4082, #591, #7151, .T. ) ;
#3325 = ORIENTED_EDGE ( 'NONE', *, *, #5834, .T. ) ;
#3326 = CARTESIAN_POINT ( 'NONE',  ( 0.1968503937007874127, 0.7913385826771653919, 0.5590551181102362266 ) ) ;
#3327 = VECTOR ( 'NONE', #1700, 39.37007874015748143 ) ;
#3328 = VERTEX_POINT ( 'NONE', #672 ) ;
#3329 = AXIS2_PLACEMENT_3D ( 'NONE', #5707, #9761, #8950 ) ;
#3330 = ORIENTED_EDGE ( 'NONE', *, *, #9110, .T. ) ;
#3331 = CARTESIAN_POINT ( 'NONE',  ( 0.2204724409448818867, 0.7913385826771653919, 0.5826771653543307838 ) ) ;
#3332 = LINE ( 'NONE', #10668, #457 ) ;
#3333 = LINE ( 'NONE', #10060, #6622 ) ;
#3334 = CARTESIAN_POINT ( 'NONE',  ( 0.03838582677165354451, 0.6456692913385827515, 0.4094488188976377896 ) ) ;
#3335 = AXIS2_PLACEMENT_3D ( 'NONE', #3939, #8952, #9657 ) ;
#3336 = DIRECTION ( 'NONE',  ( 0.000000000000000000, 1.000000000000000000, 0.000000000000000000 ) ) ;
#3337 = LINE ( 'NONE', #8440, #8776 ) ;
#3338 = ADVANCED_FACE ( 'NONE', ( #4827 ), #4675, .T. ) ;
#3339 = AXIS2_PLACEMENT_3D ( 'NONE', #9528, #3823, #1169 ) ;
#3340 = FACE_OUTER_BOUND ( 'NONE', #5297, .T. ) ;
#3341 = ORIENTED_EDGE ( 'NONE', *, *, #3796, .F. ) ;
#3342 = CARTESIAN_POINT ( 'NONE',  ( -0.3523622047244094335, 0.000000000000000000, 0.4677695532303149939 ) ) ;
#3343 = VECTOR ( 'NONE', #7836, 39.37007874015748143 ) ;
#3344 = VERTEX_POINT ( 'NONE', #2297 ) ;
#3345 = VECTOR ( 'NONE', #8595, 39.37007874015748143 ) ;
#3346 = DIRECTION ( 'NONE',  ( -1.000000000000000000, 0.000000000000000000, 0.000000000000000000 ) ) ;
#3347 = DIRECTION ( 'NONE',  ( 0.000000000000000000, -1.000000000000000000, 0.000000000000000000 ) ) ;
#3348 = CARTESIAN_POINT ( 'NONE',  ( -0.3594842399173061032, 1.283464566929134243, -0.05511811023622047168 ) ) ;
#3349 = CARTESIAN_POINT ( 'NONE',  ( 0.03838582677165354451, 0.6456692913385827515, 0.4094488188976377896 ) ) ;
#3350 = DIRECTION ( 'NONE',  ( 1.000000000000000000, 0.000000000000000000, 0.000000000000000000 ) ) ;
#3351 = ADVANCED_FACE ( 'NONE', ( #7093 ), #5581, .F. ) ;
#3352 = EDGE_CURVE ( 'NONE', #8261, #2700, #7954, .T. ) ;
#3354 = ORIENTED_EDGE ( 'NONE', *, *, #6027, .F. ) ;
#3353 = VECTOR ( 'NONE', #2826, 39.37007874015748143 ) ;
#3355 = AXIS2_PLACEMENT_3D ( 'NONE', #8568, #4419, #10308 ) ;
#3356 = VECTOR ( 'NONE', #3288, 39.37007874015748143 ) ;
#3357 = VECTOR ( 'NONE', #857, 39.37007874015748143 ) ;
#3358 = DIRECTION ( 'NONE',  ( 1.000000000000000000, 0.000000000000000000, 0.000000000000000000 ) ) ;
#3359 = DIRECTION ( 'NONE',  ( 0.000000000000000000, -1.000000000000000000, 0.000000000000000000 ) ) ;
#3360 = LINE ( 'NONE', #10582, #9036 ) ;
#3361 = CARTESIAN_POINT ( 'NONE',  ( -0.1182414217666594575, 1.283333381382946836, 0.05511723596671189163 ) ) ;
#3362 = CARTESIAN_POINT ( 'NONE',  ( 0.1358267716535433156, -2.024057555895874029E-18, -0.07874015748031495954 ) ) ;
#3363 = AXIS2_PLACEMENT_3D ( 'NONE', #3118, #2098, #8669 ) ;
#3364 = ORIENTED_EDGE ( 'NONE', *, *, #8310, .F. ) ;
#3365 = VECTOR ( 'NONE', #792, 39.37007874015748143 ) ;
#3366 = ORIENTED_EDGE ( 'NONE', *, *, #9785, .T. ) ;
#3367 = CARTESIAN_POINT ( 'NONE',  ( -0.03838582677165354451, 0.8464566929133857665, -0.8818897637795275468 ) ) ;
#3368 = ORIENTED_EDGE ( 'NONE', *, *, #1423, .T. ) ;
#3369 = CARTESIAN_POINT ( 'NONE',  ( -0.3937007874015748254, 0.1850393700787401619, -0.2637795275590551491 ) ) ;
#3370 = VERTEX_POINT ( 'NONE', #7245 ) ;
#3371 = VECTOR ( 'NONE', #410, 39.37007874015748143 ) ;
#3372 = LINE ( 'NONE', #5338, #6956 ) ;
#3373 = CARTESIAN_POINT ( 'NONE',  ( -0.3937007874015748254, 0.3897637795275590844, -0.9448818897637796255 ) ) ;
#3374 = CARTESIAN_POINT ( 'NONE',  ( -0.3543307086614173040, 1.251229714631889811, 0.05511811023622047168 ) ) ;
#3375 = EDGE_CURVE ( 'NONE', #8560, #8529, #10541, .T. ) ;
#3376 = CARTESIAN_POINT ( 'NONE',  ( -0.07874015748031495954, 0.1062992125984252023, 0.2283464566929133688 ) ) ;
#3377 = CARTESIAN_POINT ( 'NONE',  ( -0.4537401574803149873, 0.6574803149606299746, 0.9448818897637796255 ) ) ;
#3378 = ORIENTED_EDGE ( 'NONE', *, *, #3390, .F. ) ;
#3379 = CARTESIAN_POINT ( 'NONE',  ( -0.3937007874015748254, 0.1850393700787401619, 0.9448818897637796255 ) ) ;
#3380 = ORIENTED_EDGE ( 'NONE', *, *, #3400, .F. ) ;
#3381 = AXIS2_PLACEMENT_3D ( 'NONE', #9741, #5636, #723 ) ;
#3382 = CARTESIAN_POINT ( 'NONE',  ( -0.03838582677165354451, 0.000000000000000000, 0.000000000000000000 ) ) ;
#3383 = ORIENTED_EDGE ( 'NONE', *, *, #2105, .T. ) ;
#3384 = DIRECTION ( 'NONE',  ( 0.000000000000000000, -1.000000000000000000, -3.469446951953565279E-15 ) ) ;
#3385 = ORIENTED_EDGE ( 'NONE', *, *, #266, .T. ) ;
#3386 = VERTEX_POINT ( 'NONE', #8109 ) ;
#3387 = LINE ( 'NONE', #9093, #5069 ) ;
#3388 = ADVANCED_FACE ( 'NONE', ( #3818 ), #1543, .T. ) ;
#3389 = DIRECTION ( 'NONE',  ( 0.7071067811865500152, 0.000000000000000000, 0.7071067811865450192 ) ) ;
#3390 = EDGE_CURVE ( 'NONE', #9840, #130, #1337, .T. ) ;
#3391 = AXIS2_PLACEMENT_3D ( 'NONE', #8768, #4778, #8059 ) ;
#3392 = EDGE_CURVE ( 'NONE', #6643, #1266, #4071, .T. ) ;
#3393 = CARTESIAN_POINT ( 'NONE',  ( 0.2657480314960630197, 1.307328710460744059, -0.5826771653543307838 ) ) ;
#3394 = CARTESIAN_POINT ( 'NONE',  ( -0.07874015748031495954, 0.1062992125984252023, 0.3937007874015748254 ) ) ;
#3395 = CARTESIAN_POINT ( 'NONE',  ( -0.03838582677165354451, 1.027559055118110409, -0.4094488188976377896 ) ) ;
#3396 = LINE ( 'NONE', #7636, #3158 ) ;
#3397 = CIRCLE ( 'NONE', #3745, 0.1279527559055117780 ) ;
#3398 = VERTEX_POINT ( 'NONE', #3426 ) ;
#3399 = CARTESIAN_POINT ( 'NONE',  ( 0.1968503937007874127, 0.7913385826771653919, -0.5590551181102362266 ) ) ;
#3400 = EDGE_CURVE ( 'NONE', #9298, #9822, #7358, .T. ) ;
#3401 = ORIENTED_EDGE ( 'NONE', *, *, #8120, .F. ) ;
#3402 = DIRECTION ( 'NONE',  ( -1.000000000000000000, 0.000000000000000000, 0.000000000000000000 ) ) ;
#3403 = CARTESIAN_POINT ( 'NONE',  ( -0.03838582677165354451, 0.3897637795275590844, -0.9448818897637796255 ) ) ;
#3404 = DIRECTION ( 'NONE',  ( 0.000000000000000000, 1.000000000000000000, 0.000000000000000000 ) ) ;
#3405 = DIRECTION ( 'NONE',  ( 0.000000000000000000, -3.469446951953609850E-15, 1.000000000000000000 ) ) ;
#3406 = EDGE_LOOP ( 'NONE', ( #3490, #3222, #7574, #6468 ) ) ;
#3407 = VECTOR ( 'NONE', #4873, 39.37007874015748143 ) ;
#3408 = EDGE_CURVE ( 'NONE', #6586, #2094, #2564, .T. ) ;
#3409 = DIRECTION ( 'NONE',  ( 0.000000000000000000, -3.469446951953565279E-15, -1.000000000000000000 ) ) ;
#3410 = CARTESIAN_POINT ( 'NONE',  ( -0.3553149606299212948, 0.5472440944881890035, 0.000000000000000000 ) ) ;
#3411 = PLANE ( 'NONE',  #9899 ) ;
#3412 = PLANE ( 'NONE',  #10216 ) ;
#3413 = PLANE ( 'NONE',  #4808 ) ;
#3414 = ORIENTED_EDGE ( 'NONE', *, *, #6716, .F. ) ;
#3415 = VECTOR ( 'NONE', #6177, 39.37007874015748143 ) ;
#3416 = ORIENTED_EDGE ( 'NONE', *, *, #717, .T. ) ;
#3417 = DIRECTION ( 'NONE',  ( 0.000000000000000000, 1.000000000000000000, 0.000000000000000000 ) ) ;
#3418 = ORIENTED_EDGE ( 'NONE', *, *, #8247, .T. ) ;
#3419 = CALENDAR_DATE ( 2022, 1, 11 ) ;
#3420 = VERTEX_POINT ( 'NONE', #3473 ) ;
#3421 = EDGE_CURVE ( 'NONE', #6813, #2169, #4174, .T. ) ;
#3422 = EDGE_CURVE ( 'NONE', #340, #8258, #5795, .T. ) ;
#3423 = FACE_OUTER_BOUND ( 'NONE', #6808, .T. ) ;
#3424 = CARTESIAN_POINT ( 'NONE',  ( -0.4921259842519685179, -0.09055118110236221041, 0.6968503937007873850 ) ) ;
#3425 = PLANE ( 'NONE',  #7106 ) ;
#3426 = CARTESIAN_POINT ( 'NONE',  ( 0.2204724409448818867, 0.7913385826771653919, -0.6747790429661338907 ) ) ;
#3427 = ORIENTED_EDGE ( 'NONE', *, *, #8223, .F. ) ;
#3428 = VECTOR ( 'NONE', #1016, 39.37007874015748143 ) ;
#3429 = FACE_OUTER_BOUND ( 'NONE', #6345, .T. ) ;
#3430 = VERTEX_POINT ( 'NONE', #8371 ) ;
#3431 = FACE_OUTER_BOUND ( 'NONE', #9437, .T. ) ;
#3432 = ORIENTED_EDGE ( 'NONE', *, *, #6548, .F. ) ;
#3433 = CARTESIAN_POINT ( 'NONE',  ( -0.3149606299212598381, 0.6062992125984252301, -0.1476377952755905387 ) ) ;
#3434 = ADVANCED_FACE ( 'NONE', ( #2452 ), #9790, .F. ) ;
#3435 = VECTOR ( 'NONE', #8036, 39.37007874015748143 ) ;
#3436 = ORIENTED_EDGE ( 'NONE', *, *, #5093, .F. ) ;
#3437 = VERTEX_POINT ( 'NONE', #986 ) ;
#3438 = VECTOR ( 'NONE', #6613, 39.37007874015748143 ) ;
#3439 = DIRECTION ( 'NONE',  ( 0.000000000000000000, 0.000000000000000000, 1.000000000000000000 ) ) ;
#3440 = DIRECTION ( 'NONE',  ( -1.000000000000000000, 0.000000000000000000, 0.000000000000000000 ) ) ;
#3441 = LINE ( 'NONE', #8386, #9901 ) ;
#3442 = DIRECTION ( 'NONE',  ( 0.000000000000000000, 0.000000000000000000, 1.000000000000000000 ) ) ;
#3443 = CARTESIAN_POINT ( 'NONE',  ( 0.000000000000000000, 1.263779527559055094, 0.01968503937007873988 ) ) ;
#3444 = CARTESIAN_POINT ( 'NONE',  ( 0.2736220472440945017, 0.000000000000000000, 0.4881889763779527769 ) ) ;
#3445 = EDGE_CURVE ( 'NONE', #2207, #6031, #8269, .T. ) ;
#3446 = ORIENTED_EDGE ( 'NONE', *, *, #7257, .T. ) ;
#3447 = EDGE_CURVE ( 'NONE', #9903, #6630, #9892, .T. ) ;
#3448 = VERTEX_POINT ( 'NONE', #7566 ) ;
#3449 = CARTESIAN_POINT ( 'NONE',  ( 0.03838582677165354451, 0.8700787401574804347, -0.9448818897637796255 ) ) ;
#3450 = ORIENTED_EDGE ( 'NONE', *, *, #2496, .F. ) ;
#3451 = LINE ( 'NONE', #2585, #8664 ) ;
#3452 = CARTESIAN_POINT ( 'NONE',  ( -0.4921259842519685179, 0.1850393700787401619, -0.6968503937007873850 ) ) ;
#3453 = LINE ( 'NONE', #2431, #8483 ) ;
#3454 = CARTESIAN_POINT ( 'NONE',  ( -0.2204724409448818867, 0.8385826771609488084, 0.5826771653543307838 ) ) ;
#3455 = ORIENTED_EDGE ( 'NONE', *, *, #3074, .T. ) ;
#3456 = EDGE_CURVE ( 'NONE', #7609, #4995, #8165, .T. ) ;
#3457 = AXIS2_PLACEMENT_3D ( 'NONE', #4501, #399, #5364 ) ;
#3458 = CARTESIAN_POINT ( 'NONE',  ( -0.03838582677165354451, 0.6062992125984252301, -0.7165354330708662012 ) ) ;
#3459 = DIRECTION ( 'NONE',  ( 0.000000000000000000, 0.000000000000000000, 1.000000000000000000 ) ) ;
#3460 = DIRECTION ( 'NONE',  ( 1.000000000000000000, 0.000000000000000000, 0.000000000000000000 ) ) ;
#3461 = CARTESIAN_POINT ( 'NONE',  ( -0.1182257139880978219, 1.299746691224650474, 0.05522672751175984607 ) ) ;
#3462 = CARTESIAN_POINT ( 'NONE',  ( -0.1181102362204724532, 1.297383991755641564, -0.04935249569264867076 ) ) ;
#3463 = MANIFOLD_SOLID_BREP ( 'NONE', #9337 ) ;
#3464 = ORIENTED_EDGE ( 'NONE', *, *, #10329, .T. ) ;
#3465 = EDGE_LOOP ( 'NONE', ( #6385, #4402, #8, #7149 ) ) ;
#3466 = EDGE_CURVE ( 'NONE', #8393, #1550, #10655, .T. ) ;
#3467 = LINE ( 'NONE', #5881, #7307 ) ;
#3468 = ORIENTED_EDGE ( 'NONE', *, *, #10503, .T. ) ;
#3469 = ORIENTED_EDGE ( 'NONE', *, *, #2690, .T. ) ;
#3470 = LINE ( 'NONE', #224, #982 ) ;
#3471 = DIRECTION ( 'NONE',  ( 0.000000000000000000, 0.000000000000000000, 1.000000000000000000 ) ) ;
#3472 = DIRECTION ( 'NONE',  ( 0.000000000000000000, -1.000000000000000000, 0.000000000000000000 ) ) ;
#3473 = CARTESIAN_POINT ( 'NONE',  ( -0.2204724409448818867, 0.8385826771609488084, -0.4433311932543322897 ) ) ;
#3474 = ORIENTED_EDGE ( 'NONE', *, *, #1821, .T. ) ;
#3475 = DIRECTION ( 'NONE',  ( 1.000000000000000000, 0.000000000000000000, 0.000000000000000000 ) ) ;
#3476 = ORIENTED_EDGE ( 'NONE', *, *, #1602, .T. ) ;
#3477 = EDGE_CURVE ( 'NONE', #10487, #10656, #9182, .T. ) ;
#3478 = EDGE_CURVE ( 'NONE', #10295, #4503, #127, .T. ) ;
#3479 = CARTESIAN_POINT ( 'NONE',  ( -0.07874015748031495954, 0.007874015748031495954, 0.3937007874015748254 ) ) ;
#3480 = VERTEX_POINT ( 'NONE', #779 ) ;
#3481 = FACE_OUTER_BOUND ( 'NONE', #9878, .T. ) ;
#3482 = ORIENTED_EDGE ( 'NONE', *, *, #4180, .T. ) ;
#3483 = VERTEX_POINT ( 'NONE', #5033 ) ;
#3484 = PLANE ( 'NONE',  #5927 ) ;
#3485 = CARTESIAN_POINT ( 'NONE',  ( 0.07874015748031495954, 0.000000000000000000, -0.1476377952755905387 ) ) ;
#3486 = CARTESIAN_POINT ( 'NONE',  ( -0.2204724409448818867, 0.7913385826771653919, -0.4433311932543322897 ) ) ;
#3487 = DIRECTION ( 'NONE',  ( 1.000000000000000000, 0.000000000000000000, 0.000000000000000000 ) ) ;
#3488 = DIRECTION ( 'NONE',  ( -1.051985127942272156E-15, -1.000000000000000000, 0.000000000000000000 ) ) ;
#3489 = DIRECTION ( 'NONE',  ( -4.078408702068339827E-15, 0.000000000000000000, -1.000000000000000000 ) ) ;
#3490 = ORIENTED_EDGE ( 'NONE', *, *, #7140, .T. ) ;
#3491 = VERTEX_POINT ( 'NONE', #3271 ) ;
#3492 = LINE ( 'NONE', #8447, #2849 ) ;
#3493 = AXIS2_PLACEMENT_3D ( 'NONE', #6624, #1063, #4351 ) ;
#3494 = ORIENTED_EDGE ( 'NONE', *, *, #9709, .T. ) ;
#3495 = DIRECTION ( 'NONE',  ( 0.000000000000000000, 0.000000000000000000, -1.000000000000000000 ) ) ;
#3496 = CARTESIAN_POINT ( 'NONE',  ( -0.3937007874015748254, 0.4685039370078740717, -0.6377952755905511584 ) ) ;
#3497 = FACE_OUTER_BOUND ( 'NONE', #9795, .T. ) ;
#3498 = EDGE_CURVE ( 'NONE', #8985, #9661, #1298, .T. ) ;
#3499 = CARTESIAN_POINT ( 'NONE',  ( -0.1279527559055118058, 1.307328710460744059, -0.5826771653543307838 ) ) ;
#3500 = VECTOR ( 'NONE', #2387, 39.37007874015748143 ) ;
#3501 = VERTEX_POINT ( 'NONE', #4936 ) ;
#3502 = VECTOR ( 'NONE', #5619, 39.37007874015748143 ) ;
#3503 = VERTEX_POINT ( 'NONE', #8218 ) ;
#3504 = AXIS2_PLACEMENT_3D ( 'NONE', #7579, #95, #4492 ) ;
#3505 = CARTESIAN_POINT ( 'NONE',  ( 0.2578740157480315376, 0.6456692913385827515, 0.5590551181102362266 ) ) ;
#3506 = ORIENTED_EDGE ( 'NONE', *, *, #1868, .F. ) ;
#3507 = LINE ( 'NONE', #1782, #9237 ) ;
#3508 = EDGE_CURVE ( 'NONE', #1659, #2935, #830, .T. ) ;
#3509 = DIRECTION ( 'NONE',  ( 0.000000000000000000, 0.000000000000000000, 1.000000000000000000 ) ) ;
#3510 = DIRECTION ( 'NONE',  ( 0.000000000000000000, -1.000000000000000000, 0.000000000000000000 ) ) ;
#3511 = EDGE_CURVE ( 'NONE', #10189, #5014, #22, .T. ) ;
#3512 = CARTESIAN_POINT ( 'NONE',  ( -0.1113048120571299010, 1.305598865412061160, -0.04113762203622704089 ) ) ;
#3513 = AXIS2_PLACEMENT_3D ( 'NONE', #7921, #8783, #687 ) ;
#3514 = ADVANCED_FACE ( 'NONE', ( #6594 ), #9947, .T. ) ;
#3515 = ORIENTED_EDGE ( 'NONE', *, *, #5290, .T. ) ;
#3516 = ORIENTED_EDGE ( 'NONE', *, *, #3252, .T. ) ;
#3517 = AXIS2_PLACEMENT_3D ( 'NONE', #8100, #5676, #8000 ) ;
#3518 = VECTOR ( 'NONE', #6882, 39.37007874015748143 ) ;
#3519 = CARTESIAN_POINT ( 'NONE',  ( 0.3553149606299212948, 0.6456692913385827515, 0.7165354330708662012 ) ) ;
#3520 = ORIENTED_EDGE ( 'NONE', *, *, #809, .F. ) ;
#3521 = ORIENTED_EDGE ( 'NONE', *, *, #7595, .T. ) ;
#3522 = PLANE ( 'NONE',  #6835 ) ;
#3523 = VECTOR ( 'NONE', #891, 39.37007874015748143 ) ;
#3524 = EDGE_CURVE ( 'NONE', #269, #7682, #7518, .T. ) ;
#3525 = VECTOR ( 'NONE', #8960, 39.37007874015748143 ) ;
#3526 = CARTESIAN_POINT ( 'NONE',  ( -0.09519675288582676864, 1.283464566929133799, 0.03543307086614173179 ) ) ;
#3527 = CIRCLE ( 'NONE', #87, 0.06102362204724406936 ) ;
#3528 = CARTESIAN_POINT ( 'NONE',  ( 0.07874015748031495954, 0.6062992125984252301, 0.6968503937007873850 ) ) ;
#3529 = CARTESIAN_POINT ( 'NONE',  ( 0.03838582677165354451, 0.8464566929133857665, 0.8818897637795275468 ) ) ;
#3530 = ORIENTED_EDGE ( 'NONE', *, *, #9695, .F. ) ;
#3531 = DIRECTION ( 'NONE',  ( 0.000000000000000000, 0.7071067811865469066, -0.7071067811865479058 ) ) ;
#3532 = ORIENTED_EDGE ( 'NONE', *, *, #9976, .T. ) ;
#3533 = CARTESIAN_POINT ( 'NONE',  ( -0.2952755905511810774, 1.137795275590551158, -0.01968503937007873988 ) ) ;
#3534 = VECTOR ( 'NONE', #2845, 39.37007874015748143 ) ;
#3535 = ORIENTED_EDGE ( 'NONE', *, *, #3956, .F. ) ;
#3536 = AXIS2_PLACEMENT_3D ( 'NONE', #4199, #9968, #9917 ) ;
#3537 = DIRECTION ( 'NONE',  ( 0.000000000000000000, 0.000000000000000000, 1.000000000000000000 ) ) ;
#3538 = EDGE_LOOP ( 'NONE', ( #2934, #2572, #9760 ) ) ;
#3539 = ORIENTED_EDGE ( 'NONE', *, *, #1673, .F. ) ;
#3540 = LINE ( 'NONE', #6815, #2037 ) ;
#3541 = EDGE_CURVE ( 'NONE', #3588, #4003, #391, .T. ) ;
#3542 = ADVANCED_FACE ( 'NONE', ( #8474 ), #7614, .F. ) ;
#3543 = DIRECTION ( 'NONE',  ( -4.078408702068345349E-15, 0.000000000000000000, -1.000000000000000000 ) ) ;
#3544 = LINE ( 'NONE', #10112, #1469 ) ;
#3545 = CARTESIAN_POINT ( 'NONE',  ( 0.01968503937007873988, -0.05118110236220472370, 0.5866141732283465249 ) ) ;
#3546 = AXIS2_PLACEMENT_3D ( 'NONE', #8375, #4938, #179 ) ;
#3547 = ORIENTED_EDGE ( 'NONE', *, *, #6037, .F. ) ;
#3548 = FACE_OUTER_BOUND ( 'NONE', #1638, .T. ) ;
#3549 = DIRECTION ( 'NONE',  ( 0.000000000000000000, 1.000000000000000000, 1.788374717501859835E-16 ) ) ;
#3550 = ORIENTED_EDGE ( 'NONE', *, *, #5814, .T. ) ;
#3551 = ORIENTED_EDGE ( 'NONE', *, *, #5512, .F. ) ;
#3552 = DIRECTION ( 'NONE',  ( 1.000000000000000000, 0.000000000000000000, 0.000000000000000000 ) ) ;
#3553 = EDGE_CURVE ( 'NONE', #8937, #1206, #6050, .T. ) ;
#3554 = ADVANCED_FACE ( 'NONE', ( #5138 ), #2828, .T. ) ;
#3555 = ORIENTED_EDGE ( 'NONE', *, *, #6252, .T. ) ;
#3556 = CARTESIAN_POINT ( 'NONE',  ( 0.03838582677165354451, 0.000000000000000000, 0.000000000000000000 ) ) ;
#3557 = CARTESIAN_POINT ( 'NONE',  ( -0.4537401574803149873, 1.106487269023813003, 0.9448818897637796255 ) ) ;
#3558 = DIRECTION ( 'NONE',  ( 0.000000000000000000, -1.000000000000000000, 0.000000000000000000 ) ) ;
#3559 = DIRECTION ( 'NONE',  ( -1.000000000000000000, 0.000000000000000000, 0.000000000000000000 ) ) ;
#3560 = AXIS2_PLACEMENT_3D ( 'NONE', #8119, #790, #7316 ) ;
#3561 = ORIENTED_EDGE ( 'NONE', *, *, #8990, .T. ) ;
#3562 =( BOUNDED_CURVE ( )  B_SPLINE_CURVE ( 3, ( #4638, #8564, #7922, #3833 ),
 .UNSPECIFIED., .F., .T. ) 
 B_SPLINE_CURVE_WITH_KNOTS ( ( 4, 4 ),
 ( 1.601570414739164949, 3.141592653589795781 ),
 .UNSPECIFIED. ) 
 CURVE ( )  GEOMETRIC_REPRESENTATION_ITEM ( )  RATIONAL_B_SPLINE_CURVE ( ( 1.000000000000000000, 0.8119352859618450546, 0.8119352859618450546, 1.000000000000000000 ) ) 
 REPRESENTATION_ITEM ( '' )  );
#3563 = CC_DESIGN_PERSON_AND_ORGANIZATION_ASSIGNMENT ( #278, #6849, ( #3980 ) ) ;
#3564 = LINE ( 'NONE', #3730, #9199 ) ;
#3565 = VECTOR ( 'NONE', #7598, 39.37007874015748143 ) ;
#3566 = DIRECTION ( 'NONE',  ( 0.000000000000000000, 1.000000000000000000, 0.000000000000000000 ) ) ;
#3567 = VERTEX_POINT ( 'NONE', #7980 ) ;
#3568 = CARTESIAN_POINT ( 'NONE',  ( -0.3149606299212598381, 0.5472440944881890035, 0.9448818897637796255 ) ) ;
#3569 = CARTESIAN_POINT ( 'NONE',  ( 0.1968503937007874127, 0.7913385826771653919, 0.6771653543307086798 ) ) ;
#3570 = LINE ( 'NONE', #6093, #8314 ) ;
#3571 = CARTESIAN_POINT ( 'NONE',  ( 0.1732283464566929387, 0.8385826771609488084, 0.5354330708661416693 ) ) ;
#3572 = ORIENTED_EDGE ( 'NONE', *, *, #6922, .T. ) ;
#3573 = VERTEX_POINT ( 'NONE', #6854 ) ;
#3574 = CARTESIAN_POINT ( 'NONE',  ( -0.3937007874015748254, 0.000000000000000000, -0.5393700787401575214 ) ) ;
#3575 = ORIENTED_EDGE ( 'NONE', *, *, #10629, .F. ) ;
#3576 = EDGE_CURVE ( 'NONE', #9084, #4474, #2772, .T. ) ;
#3577 = EDGE_LOOP ( 'NONE', ( #8543, #3925 ) ) ;
#3578 = EDGE_CURVE ( 'NONE', #1768, #4670, #841, .T. ) ;
#3579 = FACE_OUTER_BOUND ( 'NONE', #9459, .T. ) ;
#3580 = VECTOR ( 'NONE', #996, 39.37007874015748143 ) ;
#3581 = LINE ( 'NONE', #4276, #466 ) ;
#3582 = DIRECTION ( 'NONE',  ( 0.000000000000000000, 1.724867092590574648E-17, 1.000000000000000000 ) ) ;
#3583 = CARTESIAN_POINT ( 'NONE',  ( 0.4921259842519685179, 0.5000000000000000000, -0.9448818897637796255 ) ) ;
#3584 = ORIENTED_EDGE ( 'NONE', *, *, #7221, .F. ) ;
#3585 = DIRECTION ( 'NONE',  ( 0.000000000000000000, 1.000000000000000000, 0.000000000000000000 ) ) ;
#3586 = ORIENTED_EDGE ( 'NONE', *, *, #7337, .F. ) ;
#3587 = CARTESIAN_POINT ( 'NONE',  ( -0.07874015748031495954, 0.1850393700787401619, -0.1279527559055118058 ) ) ;
#3588 = VERTEX_POINT ( 'NONE', #4385 ) ;
#3589 = EDGE_CURVE ( 'NONE', #6312, #3213, #8534, .T. ) ;
#3590 = DIRECTION ( 'NONE',  ( 0.4999999999996466160, 0.000000000000000000, -0.8660254037846425446 ) ) ;
#3591 = ORIENTED_EDGE ( 'NONE', *, *, #4102, .F. ) ;
#3592 = ORIENTED_EDGE ( 'NONE', *, *, #6899, .T. ) ;
#3593 = FACE_OUTER_BOUND ( 'NONE', #6693, .T. ) ;
#3594 = DIRECTION ( 'NONE',  ( 0.000000000000000000, -1.000000000000000000, 0.000000000000000000 ) ) ;
#3595 = DIRECTION ( 'NONE',  ( -1.000000000000000000, 0.000000000000000000, 0.000000000000000000 ) ) ;
#3596 = DIRECTION ( 'NONE',  ( 0.000000000000000000, 0.000000000000000000, 1.000000000000000000 ) ) ;
#3597 = ORIENTED_EDGE ( 'NONE', *, *, #5186, .T. ) ;
#3598 = CARTESIAN_POINT ( 'NONE',  ( -0.06895822148987558464, 1.287401574803149540, 0.5629921259842519676 ) ) ;
#3599 = DIRECTION ( 'NONE',  ( 0.000000000000000000, 1.000000000000000000, 0.000000000000000000 ) ) ;
#3600 = EDGE_CURVE ( 'NONE', #9558, #514, #1150, .T. ) ;
#3601 = DIRECTION ( 'NONE',  ( 3.707644274607585534E-15, 0.000000000000000000, 1.000000000000000000 ) ) ;
#3602 = VECTOR ( 'NONE', #8848, 39.37007874015748143 ) ;
#3603 = ORIENTED_EDGE ( 'NONE', *, *, #8223, .T. ) ;
#3604 = ORIENTED_EDGE ( 'NONE', *, *, #3612, .F. ) ;
#3605 = FACE_OUTER_BOUND ( 'NONE', #3203, .T. ) ;
#3606 = VECTOR ( 'NONE', #6528, 39.37007874015748143 ) ;
#3607 = ORIENTED_EDGE ( 'NONE', *, *, #2300, .F. ) ;
#3608 = CARTESIAN_POINT ( 'NONE',  ( 0.2204724409448818867, 1.307328710460744059, -0.5826771653543307838 ) ) ;
#3609 = DIRECTION ( 'NONE',  ( 0.000000000000000000, 0.000000000000000000, 1.000000000000000000 ) ) ;
#3610 = DIRECTION ( 'NONE',  ( -0.8480480961564254017, -0.5299192642332056780, 0.000000000000000000 ) ) ;
#3611 = CARTESIAN_POINT ( 'NONE',  ( 0.3937007874015748254, 0.1850393700787401619, 0.6377952755905511584 ) ) ;
#3612 = EDGE_CURVE ( 'NONE', #728, #4251, #2887, .T. ) ;
#3613 = EDGE_CURVE ( 'NONE', #6133, #4771, #4328, .T. ) ;
#3614 = ORIENTED_EDGE ( 'NONE', *, *, #1019, .T. ) ;
#3615 = LINE ( 'NONE', #9078, #1457 ) ;
#3616 = CARTESIAN_POINT ( 'NONE',  ( 0.4921259842519685179, -0.09055118110236221041, -0.6968503937007873850 ) ) ;
#3618 = ORIENTED_EDGE ( 'NONE', *, *, #9470, .T. ) ;
#3617 = ORIENTED_EDGE ( 'NONE', *, *, #10505, .T. ) ;
#3619 = DIRECTION ( 'NONE',  ( 0.000000000000000000, 0.000000000000000000, -1.000000000000000000 ) ) ;
#3620 = PLANE ( 'NONE',  #599 ) ;
#3621 = CARTESIAN_POINT ( 'NONE',  ( -0.07874015748031495954, -0.1102362204724409434, 0.4960629921259842590 ) ) ;
#3622 = CARTESIAN_POINT ( 'NONE',  ( -0.1181102362204724532, 1.283464566929133799, 0.05511811023622047168 ) ) ;
#3623 = VERTEX_POINT ( 'NONE', #9457 ) ;
#3624 = ORIENTED_EDGE ( 'NONE', *, *, #877, .F. ) ;
#3625 = DIRECTION ( 'NONE',  ( 0.000000000000000000, 1.000000000000000000, -3.469446951953625233E-15 ) ) ;
#3626 = VERTEX_POINT ( 'NONE', #228 ) ;
#3627 = ORIENTED_EDGE ( 'NONE', *, *, #2954, .T. ) ;
#3628 = LINE ( 'NONE', #5403, #2213 ) ;
#3629 = FACE_OUTER_BOUND ( 'NONE', #8157, .T. ) ;
#3630 = FACE_OUTER_BOUND ( 'NONE', #10311, .T. ) ;
#3631 = DIRECTION ( 'NONE',  ( 0.000000000000000000, 1.000000000000000000, 0.000000000000000000 ) ) ;
#3632 = DIRECTION ( 'NONE',  ( -1.138416817339579858E-15, 0.6365650365096908736, -0.7712230250021168132 ) ) ;
#3633 = AXIS2_PLACEMENT_3D ( 'NONE', #4577, #5269, #1341 ) ;
#3634 = ORIENTED_EDGE ( 'NONE', *, *, #8822, .F. ) ;
#3635 = EDGE_CURVE ( 'NONE', #41, #2515, #6805, .T. ) ;
#3636 = CARTESIAN_POINT ( 'NONE',  ( 0.03838582677165354451, 0.3897637795275590844, -0.9448818897637796255 ) ) ;
#3637 = VERTEX_POINT ( 'NONE', #6111 ) ;
#3638 = EDGE_CURVE ( 'NONE', #7904, #3272, #337, .T. ) ;
#3639 = DIRECTION ( 'NONE',  ( 0.000000000000000000, 0.000000000000000000, -1.000000000000000000 ) ) ;
#3640 = ORIENTED_EDGE ( 'NONE', *, *, #2049, .F. ) ;
#3641 = DIRECTION ( 'NONE',  ( 0.000000000000000000, 1.000000000000000000, -2.135044278125299765E-15 ) ) ;
#3642 = EDGE_LOOP ( 'NONE', ( #4132, #1017, #1988, #3043, #6077, #7556, #2425, #10130 ) ) ;
#3643 = ORIENTED_EDGE ( 'NONE', *, *, #1138, .F. ) ;
#3644 = FACE_OUTER_BOUND ( 'NONE', #8820, .T. ) ;
#3645 = ORIENTED_EDGE ( 'NONE', *, *, #2384, .T. ) ;
#3646 = FACE_OUTER_BOUND ( 'NONE', #1216, .T. ) ;
#3647 = DIRECTION ( 'NONE',  ( 0.000000000000000000, 1.000000000000000000, 0.000000000000000000 ) ) ;
#3648 = CARTESIAN_POINT ( 'NONE',  ( 0.3523622047243779587, -0.1102362204724409434, -0.4677695532303369763 ) ) ;
#3649 = EDGE_CURVE ( 'NONE', #2880, #1007, #1091, .T. ) ;
#3650 = VERTEX_POINT ( 'NONE', #2018 ) ;
#3651 = EDGE_CURVE ( 'NONE', #6269, #2029, #5304, .T. ) ;
#3652 = CARTESIAN_POINT ( 'NONE',  ( -0.4921259842519685179, -0.09055118110236221041, -0.6968503937007873850 ) ) ;
#3653 = EDGE_CURVE ( 'NONE', #10337, #5078, #7675, .T. ) ;
#3654 = FACE_OUTER_BOUND ( 'NONE', #8325, .T. ) ;
#3655 = CARTESIAN_POINT ( 'NONE',  ( -0.3740157480314960647, 1.283464566929134021, 0.04058660212203048234 ) ) ;
#3656 = ORIENTED_EDGE ( 'NONE', *, *, #1346, .T. ) ;
#3657 = VERTEX_POINT ( 'NONE', #8795 ) ;
#3658 = DIRECTION ( 'NONE',  ( 1.000000000000000000, 0.000000000000000000, 0.000000000000000000 ) ) ;
#3659 = EDGE_LOOP ( 'NONE', ( #1470, #1900, #2043, #1455, #10032, #7526, #5522, #4331, #889, #4849, #5460, #9341, #8475, #10477, #1959, #4886, #4836, #4282, #5091, #5380, #6795, #213, #6975, #5729 ) ) ;
#3660 = LINE ( 'NONE', #7919, #8139 ) ;
#3661 = EDGE_CURVE ( 'NONE', #3819, #9685, #1411, .T. ) ;
#3662 = CARTESIAN_POINT ( 'NONE',  ( -0.1005467144958698406, 1.283464566929134243, 0.04570839879455281668 ) ) ;
#3663 = DIRECTION ( 'NONE',  ( 1.788374717501859983E-15, -1.000000000000000000, 0.000000000000000000 ) ) ;
#3664 = LINE ( 'NONE', #2047, #2924 ) ;
#3665 = VERTEX_POINT ( 'NONE', #3529 ) ;
#3666 = VECTOR ( 'NONE', #8730, 39.37007874015748143 ) ;
#3667 = CARTESIAN_POINT ( 'NONE',  ( -0.2362204724409449064, 1.263779527559055094, -0.1476377952755905387 ) ) ;
#3668 = VECTOR ( 'NONE', #5657, 39.37007874015748143 ) ;
#3669 = VECTOR ( 'NONE', #4846, 39.37007874015748143 ) ;
#3670 = CARTESIAN_POINT ( 'NONE',  ( -0.1358267716535433156, 0.000000000000000000, 0.1279527559055118058 ) ) ;
#3671 = ORIENTED_EDGE ( 'NONE', *, *, #1604, .T. ) ;
#3672 = DIRECTION ( 'NONE',  ( 0.000000000000000000, -1.000000000000000000, 0.000000000000000000 ) ) ;
#3673 = EDGE_CURVE ( 'NONE', #3179, #159, #1853, .T. ) ;
#3674 = DIRECTION ( 'NONE',  ( 0.000000000000000000, 0.000000000000000000, 1.000000000000000000 ) ) ;
#3675 = EDGE_CURVE ( 'NONE', #6360, #4161, #6466, .T. ) ;
#3676 = FACE_OUTER_BOUND ( 'NONE', #1058, .T. ) ;
#3677 = CARTESIAN_POINT ( 'NONE',  ( 0.03838582677165354451, 0.1850393700787401619, -0.4677695532303212667 ) ) ;
#3678 = ORIENTED_EDGE ( 'NONE', *, *, #8873, .T. ) ;
#3679 = VECTOR ( 'NONE', #8687, 39.37007874015748854 ) ;
#3680 = ORIENTED_EDGE ( 'NONE', *, *, #9530, .F. ) ;
#3681 = CARTESIAN_POINT ( 'NONE',  ( 0.3553149606299212948, 1.027559055118110409, 0.8818897637795275468 ) ) ;
#3682 = VECTOR ( 'NONE', #4513, 39.37007874015748143 ) ;
#3683 = VERTEX_POINT ( 'NONE', #8246 ) ;
#3684 = ORIENTED_EDGE ( 'NONE', *, *, #447, .T. ) ;
#3685 = LINE ( 'NONE', #6965, #7707 ) ;
#3686 = CIRCLE ( 'NONE', #9357, 0.1181102362204780182 ) ;
#3687 = DIRECTION ( 'NONE',  ( 1.000000000000000000, 0.000000000000000000, 0.000000000000000000 ) ) ;
#3688 = DIRECTION ( 'NONE',  ( 0.000000000000000000, 1.000000000000000000, 0.000000000000000000 ) ) ;
#3689 = CARTESIAN_POINT ( 'NONE',  ( 0.07120858256440633360, 1.264792676106895275, -0.6360942317687607872 ) ) ;
#3690 = AXIS2_PLACEMENT_3D ( 'NONE', #3479, #5037, #9135 ) ;
#3691 = DIRECTION ( 'NONE',  ( 0.000000000000000000, 1.000000000000000000, 0.000000000000000000 ) ) ;
#3692 = CARTESIAN_POINT ( 'NONE',  ( -0.2204724409448818867, 1.307328710460744059, 0.5354330708661416693 ) ) ;
#3693 = ORIENTED_EDGE ( 'NONE', *, *, #3541, .T. ) ;
#3694 = CARTESIAN_POINT ( 'NONE',  ( 0.3247425659115417695, 1.287401574803149540, 0.5629921259842519676 ) ) ;
#3695 = ORIENTED_EDGE ( 'NONE', *, *, #8398, .F. ) ;
#3696 = CARTESIAN_POINT ( 'NONE',  ( 0.1358267716535433156, -0.09055118110236221041, -0.9448818897637796255 ) ) ;
#3697 = VERTEX_POINT ( 'NONE', #10472 ) ;
#3698 = DIRECTION ( 'NONE',  ( 1.000000000000000000, 0.000000000000000000, 0.000000000000000000 ) ) ;
#3699 = ORIENTED_EDGE ( 'NONE', *, *, #2035, .F. ) ;
#3700 = VECTOR ( 'NONE', #2391, 39.37007874015748143 ) ;
#3701 = AXIS2_PLACEMENT_3D ( 'NONE', #4796, #9050, #9755 ) ;
#3702 = EDGE_LOOP ( 'NONE', ( #9777, #5160, #3170, #10669 ) ) ;
#3703 = AXIS2_PLACEMENT_3D ( 'NONE', #2208, #5492, #4685 ) ;
#3704 = AXIS2_PLACEMENT_3D ( 'NONE', #804, #3243, #8844 ) ;
#3705 = EDGE_CURVE ( 'NONE', #7632, #5561, #671, .T. ) ;
#3706 = CARTESIAN_POINT ( 'NONE',  ( -0.03838582677165354451, 0.8464566929133857665, 0.9212598425196850682 ) ) ;
#3707 = EDGE_LOOP ( 'NONE', ( #4599, #1484, #9348, #4450 ) ) ;
#3708 = CARTESIAN_POINT ( 'NONE',  ( 0.3523622047244094335, 0.000000000000000000, -0.9448818897637796255 ) ) ;
#3709 = DIRECTION ( 'NONE',  ( -0.000000000000000000, 0.9553521041146734172, 0.2954697229221061039 ) ) ;
#3710 = CARTESIAN_POINT ( 'NONE',  ( -0.03838582677165354451, 0.6456692913385827515, 0.7165354330708662012 ) ) ;
#3711 = ORIENTED_EDGE ( 'NONE', *, *, #10278, .F. ) ;
#3712 = LINE ( 'NONE', #1978, #8710 ) ;
#3713 = VECTOR ( 'NONE', #2426, 39.37007874015748143 ) ;
#3714 = DIRECTION ( 'NONE',  ( 0.000000000000000000, -1.000000000000000000, 0.000000000000000000 ) ) ;
#3715 = CARTESIAN_POINT ( 'NONE',  ( -0.1732283464566929387, 0.7913385826771653919, 0.4433311932543322897 ) ) ;
#3716 = ORIENTED_EDGE ( 'NONE', *, *, #4739, .T. ) ;
#3717 = ORIENTED_EDGE ( 'NONE', *, *, #1319, .T. ) ;
#3718 = ADVANCED_FACE ( 'NONE', ( #8086 ), #3089, .T. ) ;
#3719 = EDGE_CURVE ( 'NONE', #10272, #10197, #3189, .T. ) ;
#3720 = DIRECTION ( 'NONE',  ( 1.000000000000000000, 0.000000000000000000, 0.000000000000000000 ) ) ;
#3721 = EDGE_CURVE ( 'NONE', #3264, #8631, #3897, .T. ) ;
#3722 = AXIS2_PLACEMENT_3D ( 'NONE', #5205, #7692, #6186 ) ;
#3723 = ORIENTED_EDGE ( 'NONE', *, *, #4165, .T. ) ;
#3724 = CARTESIAN_POINT ( 'NONE',  ( 0.03838582677165354451, 0.3897637795275590844, -0.9448818897637796255 ) ) ;
#3725 = DIRECTION ( 'NONE',  ( 0.000000000000000000, -1.000000000000000000, 0.000000000000000000 ) ) ;
#3726 = FACE_OUTER_BOUND ( 'NONE', #3760, .T. ) ;
#3727 = CARTESIAN_POINT ( 'NONE',  ( 0.4921259842519685179, -0.09055118110236221041, -0.6968503937007873850 ) ) ;
#3728 = EDGE_LOOP ( 'NONE', ( #8213, #7527, #3969, #6374 ) ) ;
#3729 = EDGE_CURVE ( 'NONE', #3854, #136, #9708, .T. ) ;
#3730 = CARTESIAN_POINT ( 'NONE',  ( 0.3523622047244094335, 0.4685039370078740717, 0.4251968503937008093 ) ) ;
#3731 = LINE ( 'NONE', #4422, #4074 ) ;
#3732 = ORIENTED_EDGE ( 'NONE', *, *, #5979, .T. ) ;
#3733 = DIRECTION ( 'NONE',  ( 0.000000000000000000, 0.000000000000000000, 1.000000000000000000 ) ) ;
#3734 = CARTESIAN_POINT ( 'NONE',  ( 0.2736220472440945017, 0.000000000000000000, 0.3687411576292917159 ) ) ;
#3735 = DIRECTION ( 'NONE',  ( 0.000000000000000000, 0.000000000000000000, -1.000000000000000000 ) ) ;
#3736 = DIRECTION ( 'NONE',  ( -1.000000000000000000, 0.000000000000000000, -3.707644274607580800E-15 ) ) ;
#3737 = AXIS2_PLACEMENT_3D ( 'NONE', #433, #2107, #1998 ) ;
#3738 = ORIENTED_EDGE ( 'NONE', *, *, #2546, .F. ) ;
#3739 = VERTEX_POINT ( 'NONE', #3941 ) ;
#3740 = LINE ( 'NONE', #3681, #4373 ) ;
#3741 = ORIENTED_EDGE ( 'NONE', *, *, #1727, .F. ) ;
#3742 = EDGE_CURVE ( 'NONE', #1573, #4672, #2329, .T. ) ;
#3743 = AXIS2_PLACEMENT_3D ( 'NONE', #5228, #7064, #6259 ) ;
#3744 = ORIENTED_EDGE ( 'NONE', *, *, #3422, .T. ) ;
#3745 = AXIS2_PLACEMENT_3D ( 'NONE', #9788, #2562, #7300 ) ;
#3746 = DIRECTION ( 'NONE',  ( 0.000000000000000000, -1.000000000000000000, 0.000000000000000000 ) ) ;
#3747 = CARTESIAN_POINT ( 'NONE',  ( 0.3523622047244094335, 0.4685039370078740717, 0.4251968503937008093 ) ) ;
#3748 = DIRECTION ( 'NONE',  ( 0.000000000000000000, 1.000000000000000000, -1.213093339843927959E-15 ) ) ;
#3749 = CARTESIAN_POINT ( 'NONE',  ( 0.3937007874015748254, 0.1850393700787401619, 0.2755905511811023723 ) ) ;
#3750 = DIRECTION ( 'NONE',  ( 0.000000000000000000, -1.000000000000000000, 0.000000000000000000 ) ) ;
#3751 = ORIENTED_EDGE ( 'NONE', *, *, #10018, .T. ) ;
#3752 = LINE ( 'NONE', #2021, #10605 ) ;
#3753 = VERTEX_POINT ( 'NONE', #6365 ) ;
#3754 = DIRECTION ( 'NONE',  ( 0.000000000000000000, 0.000000000000000000, -1.000000000000000000 ) ) ;
#3755 = ORIENTED_EDGE ( 'NONE', *, *, #3324, .F. ) ;
#3756 = EDGE_CURVE ( 'NONE', #2700, #7135, #7389, .T. ) ;
#3757 = EDGE_CURVE ( 'NONE', #6226, #6601, #807, .T. ) ;
#3758 = CARTESIAN_POINT ( 'NONE',  ( 0.4537401574803149873, 1.077558361006246246, 0.9165108657710768769 ) ) ;
#3759 = ORIENTED_EDGE ( 'NONE', *, *, #2534, .F. ) ;
#3760 = EDGE_LOOP ( 'NONE', ( #898, #9525, #9361, #10419 ) ) ;
#3761 = VECTOR ( 'NONE', #2716, 39.37007874015748143 ) ;
#3762 = CARTESIAN_POINT ( 'NONE',  ( 0.1358267716535433156, -0.03543307086614173179, -0.1279527559055118058 ) ) ;
#3763 = VERTEX_POINT ( 'NONE', #3246 ) ;
#3764 = CARTESIAN_POINT ( 'NONE',  ( -0.3249716302349592301, 1.200381673514103742, 0.05243353192814936836 ) ) ;
#3765 = CARTESIAN_POINT ( 'NONE',  ( -0.1968503937007874127, 0.6456692913385827515, 0.5590551181102362266 ) ) ;
#3766 = LINE ( 'NONE', #4509, #4915 ) ;
#3767 = ORIENTED_EDGE ( 'NONE', *, *, #8446, .F. ) ;
#3768 = CARTESIAN_POINT ( 'NONE',  ( -0.2952755905511810774, 1.137795275590551158, 0.01968503937007873988 ) ) ;
#3769 = VECTOR ( 'NONE', #3093, 39.37007874015748143 ) ;
#3770 = EDGE_CURVE ( 'NONE', #6133, #9298, #2380, .T. ) ;
#3771 = CARTESIAN_POINT ( 'NONE',  ( 0.03838582677165354451, 0.1850393700787401619, -0.4251968503937008093 ) ) ;
#3772 = LINE ( 'NONE', #1392, #5009 ) ;
#3773 = EDGE_LOOP ( 'NONE', ( #6992, #4719, #8113, #7649 ) ) ;
#3774 = VERTEX_POINT ( 'NONE', #9820 ) ;
#3775 = CARTESIAN_POINT ( 'NONE',  ( 0.3937007874015748254, 0.1850393700787401619, 0.2755905511811023723 ) ) ;
#3776 = LINE ( 'NONE', #2451, #3666 ) ;
#3777 = DIRECTION ( 'NONE',  ( -1.000000000000000000, 0.000000000000000000, 0.000000000000000000 ) ) ;
#3778 = LINE ( 'NONE', #2045, #5238 ) ;
#3779 = DIRECTION ( 'NONE',  ( 0.000000000000000000, 0.000000000000000000, -1.000000000000000000 ) ) ;
#3780 = DIRECTION ( 'NONE',  ( -1.000000000000000000, 0.000000000000000000, 0.000000000000000000 ) ) ;
#3781 = AXIS2_PLACEMENT_3D ( 'NONE', #9542, #9599, #3780 ) ;
#3782 = EDGE_CURVE ( 'NONE', #10411, #7524, #8899, .T. ) ;
#3783 = EDGE_CURVE ( 'NONE', #1628, #6286, #6570, .T. ) ;
#3784 = VERTEX_POINT ( 'NONE', #8136 ) ;
#3785 = VECTOR ( 'NONE', #7068, 39.37007874015748143 ) ;
#3786 = CARTESIAN_POINT ( 'NONE',  ( -0.3543307086614173040, 1.251229714631889811, -0.05511811023622047168 ) ) ;
#3787 = AXIS2_PLACEMENT_3D ( 'NONE', #2862, #3029, #7754 ) ;
#3788 = FACE_OUTER_BOUND ( 'NONE', #4603, .T. ) ;
#3790 = ORIENTED_EDGE ( 'NONE', *, *, #3635, .F. ) ;
#3789 = VERTEX_POINT ( 'NONE', #4913 ) ;
#3791 = CARTESIAN_POINT ( 'NONE',  ( -0.03838582677165354451, -0.1102362204724409434, -0.4251968503937008093 ) ) ;
#3792 = LINE ( 'NONE', #542, #6099 ) ;
#3793 = CARTESIAN_POINT ( 'NONE',  ( -0.3937007874015748254, 0.1850393700787401619, 0.6968503937007873850 ) ) ;
#3794 = PLANE ( 'NONE',  #6689 ) ;
#3795 = ORIENTED_EDGE ( 'NONE', *, *, #4774, .T. ) ;
#3796 = EDGE_CURVE ( 'NONE', #5739, #1806, #5554, .T. ) ;
#3797 = ORIENTED_EDGE ( 'NONE', *, *, #1476, .F. ) ;
#3798 = ORIENTED_EDGE ( 'NONE', *, *, #10373, .F. ) ;
#3799 = EDGE_LOOP ( 'NONE', ( #2658, #3963, #9309, #5464 ) ) ;
#3800 = CARTESIAN_POINT ( 'NONE',  ( 0.07874015748031495954, -0.05118110236220472370, 0.4960629921259842590 ) ) ;
#3801 = FACE_OUTER_BOUND ( 'NONE', #10103, .T. ) ;
#3802 = FACE_OUTER_BOUND ( 'NONE', #5799, .T. ) ;
#3803 = FACE_OUTER_BOUND ( 'NONE', #9490, .T. ) ;
#3804 = FACE_OUTER_BOUND ( 'NONE', #7571, .T. ) ;
#3805 = VERTEX_POINT ( 'NONE', #7178 ) ;
#3806 = EDGE_CURVE ( 'NONE', #9558, #5419, #8069, .T. ) ;
#3807 = FACE_OUTER_BOUND ( 'NONE', #9803, .T. ) ;
#3808 = EDGE_LOOP ( 'NONE', ( #10454, #4684, #5882, #6877 ) ) ;
#3809 = DIRECTION ( 'NONE',  ( 4.078408702068345349E-15, 0.000000000000000000, -1.000000000000000000 ) ) ;
#3810 = EDGE_LOOP ( 'NONE', ( #6991, #9404, #3900, #3790, #7933, #1908, #3311, #10153, #4990, #6492, #5109 ) ) ;
#3811 = CARTESIAN_POINT ( 'NONE',  ( -0.1968503937006692850, 1.287401574803149540, -0.5590551181102362266 ) ) ;
#3812 = ORIENTED_EDGE ( 'NONE', *, *, #8266, .T. ) ;
#3813 = DIRECTION ( 'NONE',  ( 0.000000000000000000, 0.000000000000000000, 1.000000000000000000 ) ) ;
#3814 = ORIENTED_EDGE ( 'NONE', *, *, #3511, .T. ) ;
#3815 = VECTOR ( 'NONE', #3874, 39.37007874015748143 ) ;
#3816 = CARTESIAN_POINT ( 'NONE',  ( -0.3184335483381204313, 1.202719099557332028, 0.05511811023622046474 ) ) ;
#3817 = FACE_BOUND ( 'NONE', #10120, .T. ) ;
#3818 = FACE_OUTER_BOUND ( 'NONE', #3659, .T. ) ;
#3819 = VERTEX_POINT ( 'NONE', #8954 ) ;
#3820 = EDGE_CURVE ( 'NONE', #4806, #7974, #3299, .T. ) ;
#3821 = ADVANCED_FACE ( 'NONE', ( #7226 ), #7333, .T. ) ;
#3822 = CARTESIAN_POINT ( 'NONE',  ( -0.07874015748031495954, 0.1850393700787401619, 0.2952755905511810774 ) ) ;
#3823 = DIRECTION ( 'NONE',  ( 1.000000000000000000, 0.000000000000000000, 0.000000000000000000 ) ) ;
#3824 = CIRCLE ( 'NONE', #10004, 0.09842519685039372024 ) ;
#3825 = CARTESIAN_POINT ( 'NONE',  ( 0.2204724409448818867, 0.7913385826771653919, -0.5826771653543307838 ) ) ;
#3826 = ORIENTED_EDGE ( 'NONE', *, *, #6308, .F. ) ;
#3827 = ORIENTED_EDGE ( 'NONE', *, *, #3095, .T. ) ;
#3828 = DIRECTION ( 'NONE',  ( 1.000000000000000000, 0.000000000000000000, 0.000000000000000000 ) ) ;
#3829 = LINE ( 'NONE', #3157, #10555 ) ;
#3830 = CARTESIAN_POINT ( 'NONE',  ( -0.3346456692913302722, 1.196850393700787496, -0.03543307086614173179 ) ) ;
#3831 = LINE ( 'NONE', #2214, #1948 ) ;
#3832 = LINE ( 'NONE', #7165, #6943 ) ;
#3833 = CARTESIAN_POINT ( 'NONE',  ( 0.1968503937006692850, 1.249046188814011860, 0.6870078740157480324 ) ) ;
#3834 = VERTEX_POINT ( 'NONE', #262 ) ;
#3835 = DIRECTION ( 'NONE',  ( 1.000000000000000000, 0.000000000000000000, 1.445602896647336195E-14 ) ) ;
#3836 = EDGE_CURVE ( 'NONE', #2854, #9006, #10127, .T. ) ;
#3837 = PLANE ( 'NONE',  #2382 ) ;
#3838 = ORIENTED_EDGE ( 'NONE', *, *, #1162, .T. ) ;
#3839 = CARTESIAN_POINT ( 'NONE',  ( -0.3577200857378535215, 1.169291338582649553, -0.9448818897637676351 ) ) ;
#3840 = DIRECTION ( 'NONE',  ( 0.000000000000000000, 0.000000000000000000, -1.000000000000000000 ) ) ;
#3841 = DIRECTION ( 'NONE',  ( 0.000000000000000000, -3.965082230804150336E-15, 1.000000000000000000 ) ) ;
#3842 = LINE ( 'NONE', #7118, #4119 ) ;
#3843 = VERTEX_POINT ( 'NONE', #4354 ) ;
#3844 = VERTEX_POINT ( 'NONE', #6833 ) ;
#3845 = EDGE_CURVE ( 'NONE', #1040, #8712, #9215, .T. ) ;
#3846 = ADVANCED_FACE ( 'NONE', ( #10019 ), #2640, .F. ) ;
#3847 = CARTESIAN_POINT ( 'NONE',  ( 0.1968503937007874127, 0.8385826771609488084, 0.5354330708661416693 ) ) ;
#3848 = ADVANCED_FACE ( 'NONE', ( #8454 ), #5065, .F. ) ;
#3849 = DIRECTION ( 'NONE',  ( 0.000000000000000000, -0.2954697229221148747, -0.9553521041146707526 ) ) ;
#3850 = CARTESIAN_POINT ( 'NONE',  ( 0.000000000000000000, 0.1850393700787401619, 0.6377952755905511584 ) ) ;
#3851 = VECTOR ( 'NONE', #4098, 39.37007874015748143 ) ;
#3852 = DIRECTION ( 'NONE',  ( 0.000000000000000000, -1.000000000000000000, 0.000000000000000000 ) ) ;
#3853 = CARTESIAN_POINT ( 'NONE',  ( 0.07874015748031495954, 0.5472440944881890035, -0.9448818897637796255 ) ) ;
#3854 = VERTEX_POINT ( 'NONE', #4152 ) ;
#3855 = CARTESIAN_POINT ( 'NONE',  ( 0.1732283464566929387, 0.7913385826771653919, -0.5826771653543307838 ) ) ;
#3856 = ORIENTED_EDGE ( 'NONE', *, *, #6610, .F. ) ;
#3857 = VECTOR ( 'NONE', #10507, 39.37007874015748143 ) ;
#3858 = FACE_OUTER_BOUND ( 'NONE', #3538, .T. ) ;
#3859 = ORIENTED_EDGE ( 'NONE', *, *, #660, .T. ) ;
#3860 = CARTESIAN_POINT ( 'NONE',  ( -0.3670876785608853665, 1.246603897052570797, 0.05042918711543459970 ) ) ;
#3861 = EDGE_LOOP ( 'NONE', ( #5025, #3106, #974, #393 ) ) ;
#3862 = EDGE_CURVE ( 'NONE', #5175, #5944, #7593, .T. ) ;
#3863 = CARTESIAN_POINT ( 'NONE',  ( 0.1732283464566929387, 0.8385826771609488084, -0.4433311932543322897 ) ) ;
#3864 = VECTOR ( 'NONE', #1547, 39.37007874015748143 ) ;
#3865 = ORIENTED_EDGE ( 'NONE', *, *, #4099, .T. ) ;
#3866 = LINE ( 'NONE', #2141, #627 ) ;
#3867 = LINE ( 'NONE', #10495, #6631 ) ;
#3868 = EDGE_LOOP ( 'NONE', ( #5734, #9032, #8177, #3385, #754, #4198, #5846, #10596 ) ) ;
#3869 = CARTESIAN_POINT ( 'NONE',  ( 0.4921259842519685179, 1.169291338582649553, -0.9448818897637676351 ) ) ;
#3870 = DIRECTION ( 'NONE',  ( 0.000000000000000000, 1.000000000000000000, -1.788374717501859835E-16 ) ) ;
#3871 = VECTOR ( 'NONE', #6491, 39.37007874015748143 ) ;
#3872 = VECTOR ( 'NONE', #9172, 39.37007874015748143 ) ;
#3873 = VECTOR ( 'NONE', #6997, 39.37007874015748143 ) ;
#3874 = DIRECTION ( 'NONE',  ( -2.007781800899079877E-17, 0.000000000000000000, 1.000000000000000000 ) ) ;
#3875 = ORIENTED_EDGE ( 'NONE', *, *, #1344, .F. ) ;
#3876 = ORIENTED_EDGE ( 'NONE', *, *, #3086, .F. ) ;
#3877 = ADVANCED_FACE ( 'NONE', ( #7439 ), #9109, .T. ) ;
#3878 = EDGE_CURVE ( 'NONE', #2808, #812, #9266, .T. ) ;
#3879 = DIRECTION ( 'NONE',  ( 0.000000000000000000, 1.000000000000000000, 0.000000000000000000 ) ) ;
#3880 = CARTESIAN_POINT ( 'NONE',  ( -0.3293509288988031858, 1.198767112265139101, -0.04886614014636008613 ) ) ;
#3881 = VECTOR ( 'NONE', #3926, 39.37007874015748143 ) ;
#3882 = CIRCLE ( 'NONE', #3025, 0.1181102362204724116 ) ;
#3883 = DIRECTION ( 'NONE',  ( 1.000000000000000000, 0.000000000000000000, -3.707644274607580800E-15 ) ) ;
#3884 = VECTOR ( 'NONE', #2468, 39.37007874015748143 ) ;
#3885 = LINE ( 'NONE', #9692, #2146 ) ;
#3886 = PLANE ( 'NONE',  #10675 ) ;
#3887 = VECTOR ( 'NONE', #6701, 39.37007874015748143 ) ;
#3888 = VERTEX_POINT ( 'NONE', #3454 ) ;
#3889 = ADVANCED_FACE ( 'NONE', ( #1830 ), #5117, .T. ) ;
#3890 = EDGE_CURVE ( 'NONE', #4095, #2835, #6682, .T. ) ;
#3891 = LINE ( 'NONE', #8080, #5434 ) ;
#3892 = ORIENTED_EDGE ( 'NONE', *, *, #6154, .F. ) ;
#3893 = DIRECTION ( 'NONE',  ( 0.000000000000000000, 1.000000000000000000, 0.000000000000000000 ) ) ;
#3894 = DIRECTION ( 'NONE',  ( 0.000000000000000000, 1.000000000000000000, 0.000000000000000000 ) ) ;
#3895 = CARTESIAN_POINT ( 'NONE',  ( -0.1732283464566929387, 0.8385826771609488084, 0.5590551181102362266 ) ) ;
#3896 = CARTESIAN_POINT ( 'NONE',  ( -0.09842607111990270274, 1.291486829531593772, -0.02714843717130738590 ) ) ;
#3897 = LINE ( 'NONE', #6408, #9106 ) ;
#3898 = AXIS2_PLACEMENT_3D ( 'NONE', #4330, #6223, #7843 ) ;
#3899 = VERTEX_POINT ( 'NONE', #8401 ) ;
#3900 = ORIENTED_EDGE ( 'NONE', *, *, #999, .F. ) ;
#3901 = CARTESIAN_POINT ( 'NONE',  ( -0.3523622047244094335, -0.1102362204724409434, -0.4251968503937008093 ) ) ;
#3902 = AXIS2_PLACEMENT_3D ( 'NONE', #465, #3010, #6291 ) ;
#3903 = FACE_OUTER_BOUND ( 'NONE', #8902, .T. ) ;
#3904 = CARTESIAN_POINT ( 'NONE',  ( -0.2699871286230550171, 1.249046188814012526, 0.6870078740157483654 ) ) ;
#3905 = LINE ( 'NONE', #7186, #4191 ) ;
#3906 = DIRECTION ( 'NONE',  ( 1.000000000000000000, 0.000000000000000000, 0.000000000000000000 ) ) ;
#3907 = ORIENTED_EDGE ( 'NONE', *, *, #7324, .F. ) ;
#3908 = CARTESIAN_POINT ( 'NONE',  ( 0.3798818897637795122, 0.5472440944881890035, 0.9448818897637796255 ) ) ;
#3909 = ORIENTED_EDGE ( 'NONE', *, *, #8387, .F. ) ;
#3910 = EDGE_CURVE ( 'NONE', #4001, #8046, #50, .T. ) ;
#3911 = CARTESIAN_POINT ( 'NONE',  ( -0.3682501334879244581, 1.283464566929133799, 0.04935249569264874708 ) ) ;
#3912 = EDGE_CURVE ( 'NONE', #8152, #5078, #2544, .T. ) ;
#3913 = ORIENTED_EDGE ( 'NONE', *, *, #9844, .F. ) ;
#3914 = CARTESIAN_POINT ( 'NONE',  ( -0.3484178030867688958, 1.305544119031675221, -0.04702792648018823407 ) ) ;
#3915 = ORIENTED_EDGE ( 'NONE', *, *, #3408, .T. ) ;
#3916 = CARTESIAN_POINT ( 'NONE',  ( 0.3937007874015748254, -0.09055118110236221041, -0.2637795275590551491 ) ) ;
#3917 = CARTESIAN_POINT ( 'NONE',  ( 0.1968503937007874127, 0.6456692913385827515, 0.5590551181102362266 ) ) ;
#3918 = PLANE ( 'NONE',  #10430 ) ;
#3919 = ORIENTED_EDGE ( 'NONE', *, *, #8856, .T. ) ;
#3920 = LINE ( 'NONE', #1493, #9742 ) ;
#3921 = EDGE_CURVE ( 'NONE', #976, #8535, #5013, .T. ) ;
#3922 = CARTESIAN_POINT ( 'NONE',  ( 0.03838582677165354451, 0.8464566929133857665, 0.8818897637795275468 ) ) ;
#3923 = CARTESIAN_POINT ( 'NONE',  ( 0.01968503937007873988, 0.007874015748031495954, 0.5866141732283465249 ) ) ;
#3924 = EDGE_LOOP ( 'NONE', ( #7028, #769, #2689, #3856, #4143, #10003, #6659, #302, #9956, #4712 ) ) ;
#3925 = ORIENTED_EDGE ( 'NONE', *, *, #2690, .F. ) ;
#3926 = DIRECTION ( 'NONE',  ( 0.000000000000000000, -1.000000000000000000, 0.000000000000000000 ) ) ;
#3927 = CARTESIAN_POINT ( 'NONE',  ( -0.3299042560421514558, 1.198567304930927113, -0.04825410059611080771 ) ) ;
#3928 = AXIS2_PLACEMENT_3D ( 'NONE', #776, #71, #3154 ) ;
#3929 = DIRECTION ( 'NONE',  ( 1.589006703994579856E-13, 0.000000000000000000, 1.000000000000000000 ) ) ;
#3930 = CARTESIAN_POINT ( 'NONE',  ( 0.07874015748031495954, 0.5472440944881890035, -0.6968503937007873850 ) ) ;
#3931 = DIRECTION ( 'NONE',  ( -1.000000000000000000, 0.000000000000000000, 0.000000000000000000 ) ) ;
#3932 = ADVANCED_FACE ( 'NONE', ( #202 ), #5823, .T. ) ;
#3933 = DIRECTION ( 'NONE',  ( 0.8453422474584098012, 0.5282284623109118060, -0.07981964837440848337 ) ) ;
#3934 = EDGE_LOOP ( 'NONE', ( #1626, #9295, #5557, #7044, #3968, #5638, #4408, #10265 ) ) ;
#3935 = CARTESIAN_POINT ( 'NONE',  ( -0.2657480314960630197, 1.307328710460744059, -0.5354330708661416693 ) ) ;
#3936 = ORIENTED_EDGE ( 'NONE', *, *, #8901, .F. ) ;
#3937 = DIRECTION ( 'NONE',  ( -1.000000000000000000, 0.000000000000000000, 0.000000000000000000 ) ) ;
#3938 = DIRECTION ( 'NONE',  ( 0.000000000000000000, 1.000000000000000000, 0.000000000000000000 ) ) ;
#3939 = CARTESIAN_POINT ( 'NONE',  ( -0.01968503937007873988, -0.1102362204724409434, 0.5866141732283465249 ) ) ;
#3940 = CARTESIAN_POINT ( 'NONE',  ( -0.3149606299212598381, 1.137795275590551158, 0.05511811023622047168 ) ) ;
#3941 = CARTESIAN_POINT ( 'NONE',  ( 0.03838582677165354451, 1.027559055118110409, 0.8818897637795275468 ) ) ;
#3942 = ADVANCED_FACE ( 'NONE', ( #2697 ), #7648, .F. ) ;
#3943 = ADVANCED_FACE ( 'NONE', ( #6679 ), #2588, .T. ) ;
#3944 = VERTEX_POINT ( 'NONE', #2162 ) ;
#3945 = ORIENTED_EDGE ( 'NONE', *, *, #5375, .F. ) ;
#3946 = VECTOR ( 'NONE', #4855, 39.37007874015748143 ) ;
#3947 = CARTESIAN_POINT ( 'NONE',  ( -0.3681714500884725183, 1.246220052503270503, -0.04943121347309041569 ) ) ;
#3948 = LINE ( 'NONE', #7184, #640 ) ;
#3949 = CARTESIAN_POINT ( 'NONE',  ( 0.3740157480314960647, -0.09055118110236221041, 0.2952755905511810774 ) ) ;
#3950 = CARTESIAN_POINT ( 'NONE',  ( 0.1968503937007874127, 0.7440944881889763884, -0.4409448818897637734 ) ) ;
#3951 = EDGE_LOOP ( 'NONE', ( #1378, #7191, #5259, #7404 ) ) ;
#3952 = DIRECTION ( 'NONE',  ( 0.000000000000000000, 0.000000000000000000, -1.000000000000000000 ) ) ;
#3953 = VERTEX_POINT ( 'NONE', #4587 ) ;
#3954 = CARTESIAN_POINT ( 'NONE',  ( 0.07874015748031495954, 0.1850393700787401619, -0.9448818897637796255 ) ) ;
#3955 = EDGE_LOOP ( 'NONE', ( #8778, #7873, #3875, #1778, #9501, #6494 ) ) ;
#3956 = EDGE_CURVE ( 'NONE', #469, #4558, #6884, .T. ) ;
#3957 = CARTESIAN_POINT ( 'NONE',  ( -0.3543307086614173040, 1.251229714631889811, 0.05511811023622047168 ) ) ;
#3958 = ORIENTED_EDGE ( 'NONE', *, *, #10606, .F. ) ;
#3959 = DIRECTION ( 'NONE',  ( -1.000000000000000000, 0.000000000000000000, 0.000000000000000000 ) ) ;
#3960 = LINE ( 'NONE', #5793, #8038 ) ;
#3961 = ADVANCED_FACE ( 'NONE', ( #7108 ), #5447, .T. ) ;
#3962 = CARTESIAN_POINT ( 'NONE',  ( 0.4272565560093756210, 1.233764124947984264, -0.5548870678652519928 ) ) ;
#3963 = ORIENTED_EDGE ( 'NONE', *, *, #9905, .F. ) ;
#3964 = DIRECTION ( 'NONE',  ( 0.000000000000000000, 0.2954697229221149302, 0.9553521041146707526 ) ) ;
#3965 = CARTESIAN_POINT ( 'NONE',  ( -0.3682501334879240140, 1.297383991755641564, -0.03543307086614173179 ) ) ;
#3966 = VERTEX_POINT ( 'NONE', #3611 ) ;
#3967 = DIRECTION ( 'NONE',  ( 0.000000000000000000, 1.000000000000000000, 0.000000000000000000 ) ) ;
#3968 = ORIENTED_EDGE ( 'NONE', *, *, #2210, .F. ) ;
#3969 = ORIENTED_EDGE ( 'NONE', *, *, #2007, .F. ) ;
#3970 = VECTOR ( 'NONE', #2910, 39.37007874015748143 ) ;
#3971 = CARTESIAN_POINT ( 'NONE',  ( 0.4921259842519685179, 0.1850393700787401619, 0.6968503937007873850 ) ) ;
#3972 = EDGE_CURVE ( 'NONE', #6533, #3774, #481, .T. ) ;
#3973 = EDGE_CURVE ( 'NONE', #7354, #1018, #6250, .T. ) ;
#3974 = VERTEX_POINT ( 'NONE', #8619 ) ;
#3975 = ADVANCED_FACE ( 'NONE', ( #4522 ), #2216, .T. ) ;
#3976 = CARTESIAN_POINT ( 'NONE',  ( -0.09842519685039370636, 1.263779527559055094, -0.05511811023622047168 ) ) ;
#3977 = PLANE ( 'NONE',  #6766 ) ;
#3978 = DIRECTION ( 'NONE',  ( 0.000000000000000000, 0.000000000000000000, -1.000000000000000000 ) ) ;
#3979 = CARTESIAN_POINT ( 'NONE',  ( -0.3937007874015748254, 1.137795275590551158, -0.07874015748031495954 ) ) ;
#3980 = SECURITY_CLASSIFICATION ( '', '', #4602 ) ;
#3981 = CARTESIAN_POINT ( 'NONE',  ( 0.000000000000000000, 0.1850393700787401619, 0.4251968503937008093 ) ) ;
#3982 = ORIENTED_EDGE ( 'NONE', *, *, #741, .T. ) ;
#3983 = DIRECTION ( 'NONE',  ( 1.000000000000000000, 0.000000000000000000, 0.000000000000000000 ) ) ;
#3984 = AXIS2_PLACEMENT_3D ( 'NONE', #9939, #2605, #2506 ) ;
#3985 = EDGE_CURVE ( 'NONE', #6531, #6878, #7059, .T. ) ;
#3986 = ORIENTED_EDGE ( 'NONE', *, *, #17, .F. ) ;
#3987 = CARTESIAN_POINT ( 'NONE',  ( 0.2736220472440945017, -0.09055118110236221041, 0.4881889763779527769 ) ) ;
#3988 = DIRECTION ( 'NONE',  ( 4.078408702068339827E-15, 0.000000000000000000, 1.000000000000000000 ) ) ;
#3989 = CARTESIAN_POINT ( 'NONE',  ( 0.3937007874015748254, 0.4685039370078740717, 0.5393700787401575214 ) ) ;
#3990 = CARTESIAN_POINT ( 'NONE',  ( -0.09842607111990256397, 1.283333381382946836, -0.03530188531995453322 ) ) ;
#3991 = DIRECTION ( 'NONE',  ( 0.000000000000000000, 1.000000000000000000, 3.242473786872534828E-16 ) ) ;
#3992 = EDGE_LOOP ( 'NONE', ( #9585, #1940, #7742, #8689 ) ) ;
#3993 = ORIENTED_EDGE ( 'NONE', *, *, #1044, .T. ) ;
#3994 = EDGE_CURVE ( 'NONE', #8668, #9020, #6999, .T. ) ;
#3995 = ADVANCED_FACE ( 'NONE', ( #2800 ), #1180, .T. ) ;
#3996 = LINE ( 'NONE', #2492, #10122 ) ;
#3997 = PLANE ( 'NONE',  #6429 ) ;
#3998 = DIRECTION ( 'NONE',  ( 1.000000000000000000, 0.000000000000000000, 0.000000000000000000 ) ) ;
#3999 = LINE ( 'NONE', #5516, #6076 ) ;
#4000 = CARTESIAN_POINT ( 'NONE',  ( -0.03838582677165354451, 0.6456692913385827515, -0.7165354330708662012 ) ) ;
#4001 = VERTEX_POINT ( 'NONE', #10303 ) ;
#4002 = LINE ( 'NONE', #6279, #6440 ) ;
#4003 = VERTEX_POINT ( 'NONE', #6081 ) ;
#4004 = CARTESIAN_POINT ( 'NONE',  ( -0.4921259842519685179, 0.1850393700787401619, 0.6968503937007873850 ) ) ;
#4005 = ORIENTED_EDGE ( 'NONE', *, *, #9909, .T. ) ;
#4006 = CARTESIAN_POINT ( 'NONE',  ( -0.3542152308937920324, 1.299746691224649586, -0.05522672751175947137 ) ) ;
#4007 = ORIENTED_EDGE ( 'NONE', *, *, #8661, .F. ) ;
#4008 = EDGE_CURVE ( 'NONE', #8309, #6550, #1126, .T. ) ;
#4009 = VECTOR ( 'NONE', #6488, 39.37007874015748143 ) ;
#4010 = FACE_OUTER_BOUND ( 'NONE', #1886, .T. ) ;
#4011 = VECTOR ( 'NONE', #8781, 39.37007874015748143 ) ;
#4012 = DIRECTION ( 'NONE',  ( 0.000000000000000000, 0.000000000000000000, 1.000000000000000000 ) ) ;
#4013 = ORIENTED_EDGE ( 'NONE', *, *, #1868, .T. ) ;
#4014 = VECTOR ( 'NONE', #6876, 39.37007874015748143 ) ;
#4015 = DIRECTION ( 'NONE',  ( 0.5256210538446299818, -0.8411695216585048929, 0.1271076063344075968 ) ) ;
#4016 = ORIENTED_EDGE ( 'NONE', *, *, #7561, .T. ) ;
#4017 = LINE ( 'NONE', #1545, #1102 ) ;
#4018 = AXIS2_PLACEMENT_3D ( 'NONE', #6363, #3841, #7117 ) ;
#4019 = DIRECTION ( 'NONE',  ( 0.000000000000000000, -1.000000000000000000, 0.000000000000000000 ) ) ;
#4020 = ORIENTED_EDGE ( 'NONE', *, *, #7548, .F. ) ;
#4021 = CARTESIAN_POINT ( 'NONE',  ( 0.03838582677165354451, -0.09055118110236221041, -0.4677695532303212667 ) ) ;
#4022 = EDGE_CURVE ( 'NONE', #6212, #5214, #4415, .T. ) ;
#4023 = ORIENTED_EDGE ( 'NONE', *, *, #6582, .F. ) ;
#4024 = VERTEX_POINT ( 'NONE', #1992 ) ;
#4025 = LINE ( 'NONE', #6447, #5420 ) ;
#4026 = DIRECTION ( 'NONE',  ( 0.000000000000000000, 1.000000000000000000, -1.788374717501859835E-16 ) ) ;
#4027 = ORIENTED_EDGE ( 'NONE', *, *, #3352, .T. ) ;
#4028 = DIRECTION ( 'NONE',  ( 0.000000000000000000, 1.000000000000000000, 0.000000000000000000 ) ) ;
#4029 = CARTESIAN_POINT ( 'NONE',  ( 0.1358267716535433156, 1.979522667284066959E-16, 0.07874015748031495954 ) ) ;
#4030 = DIRECTION ( 'NONE',  ( 0.000000000000000000, 0.000000000000000000, -1.000000000000000000 ) ) ;
#4031 = CARTESIAN_POINT ( 'NONE',  ( -0.1181102362204724532, 1.283464566929133799, 0.05847573388381890197 ) ) ;
#4032 = VECTOR ( 'NONE', #3714, 39.37007874015748143 ) ;
#4033 = AXIS2_PLACEMENT_3D ( 'NONE', #10244, #2798, #4468 ) ;
#4034 =( BOUNDED_SURFACE ( )  B_SPLINE_SURFACE ( 3, 3, ( 
 ( #1997, #1070, #4360, #7457 ),
 ( #69, #6945, #2803, #4526 ),
 ( #10187, #9271, #9435, #4170 ),
 ( #876, #9380, #2052, #7653 ) ),
 .UNSPECIFIED., .F., .F., .T. ) 
 B_SPLINE_SURFACE_WITH_KNOTS ( ( 4, 4 ),
 ( 4, 4 ),
 ( 0.000000000000000000, 1.000000000000000000 ),
 ( 0.000000000000000000, 1.000000000000000000 ),
 .UNSPECIFIED. ) 
 GEOMETRIC_REPRESENTATION_ITEM ( )  RATIONAL_B_SPLINE_SURFACE ( (
 ( 1.000000000000000000, 0.8047378541243649375, 0.8047378541243649375, 1.000000000000000000),
 ( 0.8025111867385930076, 0.6458111303268130321, 0.6458111303268130321, 0.8025111867385930076),
 ( 0.8025111867385930076, 0.6458111303268130321, 0.6458111303268130321, 0.8025111867385930076),
 ( 1.000000000000000000, 0.8047378541243649375, 0.8047378541243649375, 1.000000000000000000) ) ) 
 REPRESENTATION_ITEM ( '' )  SURFACE ( )  );
#4035 = PLANE ( 'NONE',  #1970 ) ;
#4036 = EDGE_CURVE ( 'NONE', #3637, #10615, #5279, .T. ) ;
#4037 = EDGE_CURVE ( 'NONE', #279, #10485, #3562, .T. ) ;
#4038 = EDGE_LOOP ( 'NONE', ( #4701, #9882, #1563 ) ) ;
#4039 = CARTESIAN_POINT ( 'NONE',  ( -0.2362204724409449064, 1.137795275590551158, -0.01968503937007873988 ) ) ;
#4040 = VECTOR ( 'NONE', #311, 39.37007874015748143 ) ;
#4041 = VECTOR ( 'NONE', #1687, 39.37007874015748143 ) ;
#4042 = VECTOR ( 'NONE', #2142, 39.37007874015748854 ) ;
#4043 = ORIENTED_EDGE ( 'NONE', *, *, #9131, .T. ) ;
#4044 = CARTESIAN_POINT ( 'NONE',  ( 0.07874015748031495954, -0.05118110236220472370, 0.3976377952755905665 ) ) ;
#4045 = CARTESIAN_POINT ( 'NONE',  ( 0.1968503937006692850, 1.027559055118110409, 0.4311023622047244208 ) ) ;
#4046 = DIRECTION ( 'NONE',  ( 0.000000000000000000, 1.000000000000000000, -1.213093339843927959E-15 ) ) ;
#4047 = CARTESIAN_POINT ( 'NONE',  ( 0.04330708661417323468, 0.1850393700787401619, 0.1279527559055118058 ) ) ;
#4048 = CARTESIAN_POINT ( 'NONE',  ( 0.1968503937007874127, 0.7440944881889763884, -0.5590551181102362266 ) ) ;
#4049 = ORIENTED_EDGE ( 'NONE', *, *, #138, .F. ) ;
#4050 = VECTOR ( 'NONE', #4985, 39.37007874015748143 ) ;
#4051 = VECTOR ( 'NONE', #5057, 39.37007874015748854 ) ;
#4052 = ADVANCED_FACE ( 'NONE', ( #9432 ), #10408, .T. ) ;
#4053 = EDGE_LOOP ( 'NONE', ( #5365, #2742, #10501, #2250, #8867, #1358 ) ) ;
#4054 = CARTESIAN_POINT ( 'NONE',  ( -0.07874015748031495954, 0.6062992125984252301, 0.6968503937007873850 ) ) ;
#4055 = DIRECTION ( 'NONE',  ( 0.000000000000000000, 0.000000000000000000, -1.000000000000000000 ) ) ;
#4056 = AXIS2_PLACEMENT_3D ( 'NONE', #8167, #2408, #9682 ) ;
#4057 = DIRECTION ( 'NONE',  ( 0.000000000000000000, 0.000000000000000000, 1.000000000000000000 ) ) ;
#4058 = LINE ( 'NONE', #3047, #7283 ) ;
#4059 = CARTESIAN_POINT ( 'NONE',  ( 0.1968503937007874127, 0.7440944881889763884, -0.5590551181102362266 ) ) ;
#4060 = VERTEX_POINT ( 'NONE', #366 ) ;
#4061 = FACE_OUTER_BOUND ( 'NONE', #10254, .T. ) ;
#4062 = ORIENTED_EDGE ( 'NONE', *, *, #5612, .T. ) ;
#4063 = EDGE_CURVE ( 'NONE', #3483, #7824, #3664, .T. ) ;
#4064 = LINE ( 'NONE', #1694, #3182 ) ;
#4065 = VERTEX_POINT ( 'NONE', #1234 ) ;
#4066 = DIRECTION ( 'NONE',  ( 1.000000000000000000, 0.000000000000000000, 0.000000000000000000 ) ) ;
#4067 = ORIENTED_EDGE ( 'NONE', *, *, #203, .T. ) ;
#4068 = CARTESIAN_POINT ( 'NONE',  ( -0.07874015748031495954, 1.307328710460744059, 0.07874015748031495954 ) ) ;
#4069 = CARTESIAN_POINT ( 'NONE',  ( 0.000000000000000000, 0.000000000000000000, 0.000000000000000000 ) ) ;
#4070 = CARTESIAN_POINT ( 'NONE',  ( -0.1279527559055118058, 1.307328710460744059, 0.5826771653543307838 ) ) ;
#4071 = LINE ( 'NONE', #1591, #8699 ) ;
#4072 = ORIENTED_EDGE ( 'NONE', *, *, #8088, .F. ) ;
#4073 = PLANE ( 'NONE',  #2864 ) ;
#4074 = VECTOR ( 'NONE', #320, 39.37007874015748854 ) ;
#4075 = EDGE_LOOP ( 'NONE', ( #1140, #1263, #5098, #799, #6510, #8383 ) ) ;
#4076 = EDGE_CURVE ( 'NONE', #8272, #4284, #8675, .T. ) ;
#4077 = ADVANCED_FACE ( 'NONE', ( #6455 ), #3078, .T. ) ;
#4078 = DIRECTION ( 'NONE',  ( -4.078408702068345349E-15, 0.000000000000000000, 1.000000000000000000 ) ) ;
#4079 = VERTEX_POINT ( 'NONE', #8993 ) ;
#4080 = CARTESIAN_POINT ( 'NONE',  ( -0.1732283464566929387, 1.307328710460744059, 0.6747790429661397749 ) ) ;
#4081 = ORIENTED_EDGE ( 'NONE', *, *, #641, .T. ) ;
#4082 = VERTEX_POINT ( 'NONE', #10557 ) ;
#4083 = VECTOR ( 'NONE', #10312, 39.37007874015748143 ) ;
#4084 = CARTESIAN_POINT ( 'NONE',  ( -0.3523622047244094335, 0.4685039370078740717, -0.4251968503937008093 ) ) ;
#4085 = CARTESIAN_POINT ( 'NONE',  ( -0.2933070866141732624, 0.1850393700787401619, -0.2637795275590551491 ) ) ;
#4086 = ORIENTED_EDGE ( 'NONE', *, *, #3063, .T. ) ;
#4087 = DIRECTION ( 'NONE',  ( 0.000000000000000000, 0.6365650365096908736, -0.7712230250021168132 ) ) ;
#4088 = FACE_OUTER_BOUND ( 'NONE', #9849, .T. ) ;
#4089 = CARTESIAN_POINT ( 'NONE',  ( -0.1279527559055118058, 0.8385826771609488084, 0.5354330708661416693 ) ) ;
#4090 = DIRECTION ( 'NONE',  ( 1.000000000000000000, 0.000000000000000000, 0.000000000000000000 ) ) ;
#4091 = CARTESIAN_POINT ( 'NONE',  ( 0.03838582677165354451, 1.027559055118110409, 0.4094488188976377896 ) ) ;
#4092 = EDGE_LOOP ( 'NONE', ( #9175, #4821, #4676, #9248, #6018 ) ) ;
#4093 = FACE_OUTER_BOUND ( 'NONE', #5099, .T. ) ;
#4094 = VECTOR ( 'NONE', #929, 39.37007874015748143 ) ;
#4095 = VERTEX_POINT ( 'NONE', #4793 ) ;
#4096 = DIRECTION ( 'NONE',  ( 0.000000000000000000, -1.000000000000000000, 0.000000000000000000 ) ) ;
#4097 = LINE ( 'NONE', #4752, #933 ) ;
#4098 = DIRECTION ( 'NONE',  ( -1.000000000000000000, 0.000000000000000000, 0.000000000000000000 ) ) ;
#4099 = EDGE_CURVE ( 'NONE', #548, #5350, #5599, .T. ) ;
#4100 = CARTESIAN_POINT ( 'NONE',  ( -0.07874015748031495954, 0.1062992125984252023, 0.2952755905511810774 ) ) ;
#4101 = DIRECTION ( 'NONE',  ( 3.707644274607580800E-15, 0.000000000000000000, -1.000000000000000000 ) ) ;
#4102 = EDGE_CURVE ( 'NONE', #3697, #2767, #9754, .T. ) ;
#4103 = ORIENTED_EDGE ( 'NONE', *, *, #183, .T. ) ;
#4104 = AXIS2_PLACEMENT_3D ( 'NONE', #7816, #2168, #6146 ) ;
#4105 = EDGE_LOOP ( 'NONE', ( #8579, #1208 ) ) ;
#4106 = PLANE ( 'NONE',  #7890 ) ;
#4107 = CARTESIAN_POINT ( 'NONE',  ( -0.1968503937007874127, 0.7913385826771653919, -0.5590551181102362266 ) ) ;
#4108 = EDGE_CURVE ( 'NONE', #291, #6797, #688, .T. ) ;
#4109 = LINE ( 'NONE', #5669, #4906 ) ;
#4110 = CARTESIAN_POINT ( 'NONE',  ( -0.07874015748031495954, 1.287401574803149540, -0.07874015748031495954 ) ) ;
#4111 = EDGE_CURVE ( 'NONE', #8372, #5111, #4690, .T. ) ;
#4112 = DIRECTION ( 'NONE',  ( 0.000000000000000000, 1.000000000000000000, 0.000000000000000000 ) ) ;
#4113 = ORIENTED_EDGE ( 'NONE', *, *, #6184, .T. ) ;
#4114 = ORIENTED_EDGE ( 'NONE', *, *, #9280, .T. ) ;
#4115 = VECTOR ( 'NONE', #5336, 39.37007874015748143 ) ;
#4116 = DIRECTION ( 'NONE',  ( 1.000000000000000000, 0.000000000000000000, 0.000000000000000000 ) ) ;
#4117 = VERTEX_POINT ( 'NONE', #8889 ) ;
#4118 = ORIENTED_EDGE ( 'NONE', *, *, #497, .F. ) ;
#4119 = VECTOR ( 'NONE', #10423, 39.37007874015748854 ) ;
#4120 = LINE ( 'NONE', #4982, #8911 ) ;
#4121 = ADVANCED_FACE ( 'NONE', ( #1505 ), #7166, .T. ) ;
#4122 = FACE_OUTER_BOUND ( 'NONE', #4092, .T. ) ;
#4123 = AXIS2_PLACEMENT_3D ( 'NONE', #8126, #1399, #2313 ) ;
#4124 = CARTESIAN_POINT ( 'NONE',  ( 0.03838582677165354451, 0.6062992125984252301, -0.6968503937007873850 ) ) ;
#4125 = CARTESIAN_POINT ( 'NONE',  ( 0.000000000000000000, 0.1850393700787401619, 0.4251968503937008093 ) ) ;
#4126 = ORIENTED_EDGE ( 'NONE', *, *, #4404, .F. ) ;
#4127 = DIRECTION ( 'NONE',  ( 1.000000000000000000, 0.000000000000000000, 0.000000000000000000 ) ) ;
#4128 = VERTEX_POINT ( 'NONE', #7378 ) ;
#4129 = CARTESIAN_POINT ( 'NONE',  ( -0.3553149606299212948, 0.8464566929133857665, -0.9212598425196850682 ) ) ;
#4130 = ORIENTED_EDGE ( 'NONE', *, *, #9113, .T. ) ;
#4131 = LINE ( 'NONE', #8879, #10174 ) ;
#4132 = ORIENTED_EDGE ( 'NONE', *, *, #6707, .T. ) ;
#4133 = VERTEX_POINT ( 'NONE', #7214 ) ;
#4134 = CARTESIAN_POINT ( 'NONE',  ( -0.1279527559055118058, 0.7913385826771653919, 0.5826771653543307838 ) ) ;
#4135 = EDGE_CURVE ( 'NONE', #1550, #3483, #8075, .T. ) ;
#4136 = ADVANCED_FACE ( 'NONE', ( #738 ), #7262, .T. ) ;
#4137 = PLANE ( 'NONE',  #10094 ) ;
#4138 = CARTESIAN_POINT ( 'NONE',  ( 0.07874015748031495954, -0.05118110236220472370, 0.3858267716535432879 ) ) ;
#4139 = DIRECTION ( 'NONE',  ( 0.000000000000000000, 1.000000000000000000, 3.242473786872534828E-16 ) ) ;
#4140 = CARTESIAN_POINT ( 'NONE',  ( -0.3553149606299212948, 1.027559055118110409, 0.8818897637795275468 ) ) ;
#4141 = CARTESIAN_POINT ( 'NONE',  ( 0.07874015748031495954, 0.007874015748031495954, 0.8267716535433071723 ) ) ;
#4142 = CARTESIAN_POINT ( 'NONE',  ( 0.2933070866141732624, 0.000000000000000000, 0.2952755905511810774 ) ) ;
#4143 = ORIENTED_EDGE ( 'NONE', *, *, #10192, .T. ) ;
#4144 = CARTESIAN_POINT ( 'NONE',  ( -0.3149606299212598381, 0.1850393700787401619, -0.6968503937007873850 ) ) ;
#4145 = B_SPLINE_CURVE_WITH_KNOTS ( 'NONE', 3,
 ( #5602, #7061, #9602, #6200, #2268, #5449 ),
 .UNSPECIFIED., .F., .F.,
 ( 4, 2, 4 ),
 ( 0.000000000000000000, 0.5000000000000000000, 1.000000000000000000 ),
 .UNSPECIFIED. ) ;
#4146 = ORIENTED_EDGE ( 'NONE', *, *, #6862, .F. ) ;
#4147 = DIRECTION ( 'NONE',  ( 0.000000000000000000, 0.000000000000000000, 1.000000000000000000 ) ) ;
#4148 = VECTOR ( 'NONE', #5957, 39.37007874015748143 ) ;
#4149 = CARTESIAN_POINT ( 'NONE',  ( 0.2204724409448818867, 0.8385826771609488084, -0.5354330708661416693 ) ) ;
#4150 = DIRECTION ( 'NONE',  ( 0.000000000000000000, -1.000000000000000000, 0.000000000000000000 ) ) ;
#4151 = LINE ( 'NONE', #2543, #4747 ) ;
#4152 = CARTESIAN_POINT ( 'NONE',  ( 0.3553149606299212948, 0.5472440944881890035, 0.9448818897637796255 ) ) ;
#4153 = VERTEX_POINT ( 'NONE', #3235 ) ;
#4154 = VECTOR ( 'NONE', #8969, 39.37007874015748143 ) ;
#4155 = EDGE_CURVE ( 'NONE', #2298, #2560, #5700, .T. ) ;
#4156 = CARTESIAN_POINT ( 'NONE',  ( -0.3937007874015748254, 0.1850393700787401619, -0.6377952755905511584 ) ) ;
#4157 = DIRECTION ( 'NONE',  ( -1.000000000000000000, 0.000000000000000000, 0.000000000000000000 ) ) ;
#4158 = LINE ( 'NONE', #6526, #10064 ) ;
#4159 = CARTESIAN_POINT ( 'NONE',  ( 0.1968503937007874127, 0.6456692913385827515, -0.4980314960629921295 ) ) ;
#4160 = PLANE ( 'NONE',  #8174 ) ;
#4161 = VERTEX_POINT ( 'NONE', #8833 ) ;
#4162 = EDGE_LOOP ( 'NONE', ( #1544, #7691, #5399, #6300 ) ) ;
#4163 = DIRECTION ( 'NONE',  ( 0.000000000000000000, 1.000000000000000000, 0.000000000000000000 ) ) ;
#4164 = VERTEX_POINT ( 'NONE', #1558 ) ;
#4165 = EDGE_CURVE ( 'NONE', #7710, #3033, #5650, .T. ) ;
#4166 =( NAMED_UNIT ( * ) PLANE_ANGLE_UNIT ( ) SI_UNIT ( $, .RADIAN. ) );
#4167 = EDGE_CURVE ( 'NONE', #9651, #8008, #1452, .T. ) ;
#4168 = ORIENTED_EDGE ( 'NONE', *, *, #3912, .F. ) ;
#4169 = ADVANCED_FACE ( 'NONE', ( #4898 ), #795, .T. ) ;
#4170 = CARTESIAN_POINT ( 'NONE',  ( -0.09603068411793252990, 1.277551661354485057, 0.03543307086614175261 ) ) ;
#4171 = PLANE ( 'NONE',  #8390 ) ;
#4172 = DIRECTION ( 'NONE',  ( -0.8660254037846425446, 0.000000000000000000, -0.4999999999996467825 ) ) ;
#4173 = DIRECTION ( 'NONE',  ( 0.000000000000000000, 1.000000000000000000, 0.000000000000000000 ) ) ;
#4174 = LINE ( 'NONE', #5843, #6449 ) ;
#4175 = VERTEX_POINT ( 'NONE', #8025 ) ;
#4176 = FACE_OUTER_BOUND ( 'NONE', #3274, .T. ) ;
#4177 = ORIENTED_EDGE ( 'NONE', *, *, #1981, .F. ) ;
#4178 = CARTESIAN_POINT ( 'NONE',  ( -0.2657480314960630197, 0.8385826771609488084, -0.5590551181102362266 ) ) ;
#4179 = ORIENTED_EDGE ( 'NONE', *, *, #1133, .F. ) ;
#4180 = EDGE_CURVE ( 'NONE', #8428, #10612, #3287, .T. ) ;
#4181 = DIRECTION ( 'NONE',  ( 0.000000000000000000, 1.000000000000000000, -3.242473786872534828E-16 ) ) ;
#4182 = VECTOR ( 'NONE', #1590, 39.37007874015748143 ) ;
#4183 = ORIENTED_EDGE ( 'NONE', *, *, #1009, .F. ) ;
#4184 = VECTOR ( 'NONE', #9484, 39.37007874015748143 ) ;
#4185 = ORIENTED_EDGE ( 'NONE', *, *, #8990, .F. ) ;
#4186 = AXIS2_PLACEMENT_3D ( 'NONE', #9019, #5836, #3309 ) ;
#4187 = LINE ( 'NONE', #7477, #1637 ) ;
#4188 = DIRECTION ( 'NONE',  ( 0.000000000000000000, -1.000000000000000000, 0.000000000000000000 ) ) ;
#4189 = DIRECTION ( 'NONE',  ( 0.000000000000000000, 1.000000000000000000, 0.000000000000000000 ) ) ;
#4190 = CARTESIAN_POINT ( 'NONE',  ( -0.1968503937007874127, 0.8385826771609488084, -0.5826771653543307838 ) ) ;
#4191 = VECTOR ( 'NONE', #7284, 39.37007874015748143 ) ;
#4192 = FACE_OUTER_BOUND ( 'NONE', #714, .T. ) ;
#4193 = DIRECTION ( 'NONE',  ( 0.000000000000000000, -1.000000000000000000, 0.000000000000000000 ) ) ;
#4194 = VECTOR ( 'NONE', #8124, 39.37007874015748143 ) ;
#4195 = ADVANCED_FACE ( 'NONE', ( #583 ), #3886, .F. ) ;
#4196 = EDGE_CURVE ( 'NONE', #4431, #2753, #9693, .T. ) ;
#4197 = CARTESIAN_POINT ( 'NONE',  ( 0.03838582677165354451, 0.6456692913385827515, -0.7165354330708662012 ) ) ;
#4198 = ORIENTED_EDGE ( 'NONE', *, *, #10317, .F. ) ;
#4199 = CARTESIAN_POINT ( 'NONE',  ( -0.1732283464566929387, 1.307328710460744059, -0.5354330708661416693 ) ) ;
#4200 = VECTOR ( 'NONE', #6576, 39.37007874015748143 ) ;
#4201 = ORIENTED_EDGE ( 'NONE', *, *, #2069, .F. ) ;
#4202 = VECTOR ( 'NONE', #233, 39.37007874015748143 ) ;
#4203 = DIRECTION ( 'NONE',  ( -0.6401096994849920785, 0.7682835235934930562, 0.000000000000000000 ) ) ;
#4204 = LINE ( 'NONE', #3452, #7487 ) ;
#4205 = CARTESIAN_POINT ( 'NONE',  ( -0.3718942303860200971, 1.283464566929134243, -0.04570839879455280280 ) ) ;
#4206 = CARTESIAN_POINT ( 'NONE',  ( 0.03838582677165354451, 0.6456692913385827515, 0.7165354330708662012 ) ) ;
#4207 = ORIENTED_EDGE ( 'NONE', *, *, #2987, .F. ) ;
#4208 = EDGE_CURVE ( 'NONE', #5448, #3328, #5757, .T. ) ;
#4209 = EDGE_CURVE ( 'NONE', #6005, #3888, #9147, .T. ) ;
#4210 = AXIS2_PLACEMENT_3D ( 'NONE', #7708, #8515, #1129 ) ;
#4211 = CIRCLE ( 'NONE', #10240, 0.1181102362204724116 ) ;
#4212 = AXIS2_PLACEMENT_3D ( 'NONE', #8882, #9593, #6346 ) ;
#4213 = VECTOR ( 'NONE', #2377, 39.37007874015748143 ) ;
#4214 = CARTESIAN_POINT ( 'NONE',  ( 0.3553149606299212948, 0.8464566929133857665, -0.9212598425196850682 ) ) ;
#4215 = LINE ( 'NONE', #970, #4946 ) ;
#4216 = DIRECTION ( 'NONE',  ( 0.000000000000000000, 0.000000000000000000, -1.000000000000000000 ) ) ;
#4217 = DIRECTION ( 'NONE',  ( 1.000000000000000000, 0.000000000000000000, 0.000000000000000000 ) ) ;
#4218 = CARTESIAN_POINT ( 'NONE',  ( -0.3346456692913385988, 1.137795275590551158, 0.05511811023622047168 ) ) ;
#4219 = AXIS2_PLACEMENT_3D ( 'NONE', #3399, #5816, #100 ) ;
#4220 = ORIENTED_EDGE ( 'NONE', *, *, #4640, .T. ) ;
#4221 = AXIS2_PLACEMENT_3D ( 'NONE', #409, #3709, #5370 ) ;
#4222 = EDGE_LOOP ( 'NONE', ( #1072, #8380, #6897, #9216 ) ) ;
#4223 = CARTESIAN_POINT ( 'NONE',  ( -0.1968503937007480276, 1.027559055118110409, 0.5590551181102362266 ) ) ;
#4224 = ORIENTED_EDGE ( 'NONE', *, *, #6548, .T. ) ;
#4225 = APPROVAL_DATE_TIME ( #824, #6266 ) ;
#4226 = ORIENTED_EDGE ( 'NONE', *, *, #10129, .T. ) ;
#4227 = CARTESIAN_POINT ( 'NONE',  ( 0.04330708661417323468, 0.1850393700787401619, -0.1279527559055118058 ) ) ;
#4228 = PRODUCT_DEFINITION_SHAPE ( 'NONE', 'NONE',  #8175 ) ;
#4229 = PLANE ( 'NONE',  #110 ) ;
#4230 = LINE ( 'NONE', #2563, #3327 ) ;
#4231 = DIRECTION ( 'NONE',  ( -3.707644274607585534E-15, 0.000000000000000000, 1.000000000000000000 ) ) ;
#4232 = ORIENTED_EDGE ( 'NONE', *, *, #2725, .T. ) ;
#4233 = ADVANCED_FACE ( 'NONE', ( #3548 ), #9049, .T. ) ;
#4234 = PLANE ( 'NONE',  #1818 ) ;
#4235 = ORIENTED_EDGE ( 'NONE', *, *, #3352, .F. ) ;
#4236 = EDGE_CURVE ( 'NONE', #8631, #4631, #143, .T. ) ;
#4237 = DIRECTION ( 'NONE',  ( 0.000000000000000000, 1.000000000000000000, -2.135044278125299765E-15 ) ) ;
#4238 = VERTEX_POINT ( 'NONE', #9963 ) ;
#4239 = DIRECTION ( 'NONE',  ( 1.000000000000000000, 0.000000000000000000, 0.000000000000000000 ) ) ;
#4240 = ORIENTED_EDGE ( 'NONE', *, *, #2517, .T. ) ;
#4241 = ORIENTED_EDGE ( 'NONE', *, *, #3651, .F. ) ;
#4242 = LINE ( 'NONE', #5150, #7485 ) ;
#4243 = CARTESIAN_POINT ( 'NONE',  ( 0.1279527559055118058, 0.8385826771609488084, 0.5590551181102362266 ) ) ;
#4244 = VECTOR ( 'NONE', #10653, 39.37007874015748854 ) ;
#4245 = CARTESIAN_POINT ( 'NONE',  ( -0.1181102362204724532, 1.137795275590551158, 0.05511811023622047168 ) ) ;
#4246 = EDGE_CURVE ( 'NONE', #3650, #10551, #5105, .T. ) ;
#4247 = DIRECTION ( 'NONE',  ( 1.000000000000000000, 0.000000000000000000, 0.000000000000000000 ) ) ;
#4248 = DIRECTION ( 'NONE',  ( 1.000000000000000000, 0.000000000000000000, 0.000000000000000000 ) ) ;
#4249 = LINE ( 'NONE', #4197, #10522 ) ;
#4250 = AXIS2_PLACEMENT_3D ( 'NONE', #386, #3688, #5467 ) ;
#4251 = VERTEX_POINT ( 'NONE', #850 ) ;
#4252 = CARTESIAN_POINT ( 'NONE',  ( -0.03838582677165354451, -0.09055118110236221041, 0.6377952755905511584 ) ) ;
#4253 = ORIENTED_EDGE ( 'NONE', *, *, #1570, .F. ) ;
#4254 = FACE_OUTER_BOUND ( 'NONE', #5043, .T. ) ;
#4255 = EDGE_CURVE ( 'NONE', #2409, #3386, #8335, .T. ) ;
#4256 = FACE_OUTER_BOUND ( 'NONE', #4879, .T. ) ;
#4257 = LINE ( 'NONE', #9922, #6589 ) ;
#4258 = DIRECTION ( 'NONE',  ( 0.2368163906405040819, -0.9715544231405692788, 0.000000000000000000 ) ) ;
#4259 = VERTEX_POINT ( 'NONE', #1002 ) ;
#4260 = AXIS2_PLACEMENT_3D ( 'NONE', #5367, #7088, #2246 ) ;
#4261 = CARTESIAN_POINT ( 'NONE',  ( 0.3523622047244094335, 0.4685039370078740717, -0.4251968503937008093 ) ) ;
#4262 = FACE_OUTER_BOUND ( 'NONE', #5674, .T. ) ;
#4263 = ADVANCED_FACE ( 'NONE', ( #953 ), #9913, .F. ) ;
#4264 = CARTESIAN_POINT ( 'NONE',  ( -0.3149606299212598381, 0.5472440944881890035, 0.1476377952755905387 ) ) ;
#4265 = EDGE_CURVE ( 'NONE', #1487, #4386, #7535, .T. ) ;
#4266 = CARTESIAN_POINT ( 'NONE',  ( -0.1041908113939652852, 1.297383991755641119, 0.04705065660423442264 ) ) ;
#4267 = FACE_OUTER_BOUND ( 'NONE', #7021, .T. ) ;
#4268 = EDGE_LOOP ( 'NONE', ( #3716, #4560, #5969, #9623 ) ) ;
#4269 = AXIS2_PLACEMENT_3D ( 'NONE', #4362, #2547, #5827 ) ;
#4270 = ORIENTED_EDGE ( 'NONE', *, *, #7278, .T. ) ;
#4271 = CARTESIAN_POINT ( 'NONE',  ( -0.1358267716535433156, -0.09055118110236221041, -0.6968503937007873850 ) ) ;
#4272 = ORIENTED_EDGE ( 'NONE', *, *, #1925, .F. ) ;
#4273 = DATE_TIME_ROLE ( 'creation_date' ) ;
#4274 = ORIENTED_EDGE ( 'NONE', *, *, #4851, .F. ) ;
#4275 = CARTESIAN_POINT ( 'NONE',  ( 0.01968503937007873988, 0.1850393700787401619, 0.5866141732283465249 ) ) ;
#4276 = CARTESIAN_POINT ( 'NONE',  ( -0.3149606299212598381, 0.6062992125984252301, -0.9448818897637796255 ) ) ;
#4277 = LINE ( 'NONE', #175, #1069 ) ;
#4278 = DIRECTION ( 'NONE',  ( 1.000000000000000000, 0.000000000000000000, 0.000000000000000000 ) ) ;
#4279 = ORIENTED_EDGE ( 'NONE', *, *, #8536, .F. ) ;
#4280 = VECTOR ( 'NONE', #8508, 39.37007874015748143 ) ;
#4281 = LINE ( 'NONE', #7520, #1312 ) ;
#4282 = ORIENTED_EDGE ( 'NONE', *, *, #1570, .T. ) ;
#4283 = DIRECTION ( 'NONE',  ( 1.445602896647336195E-14, 0.000000000000000000, -1.000000000000000000 ) ) ;
#4284 = VERTEX_POINT ( 'NONE', #5003 ) ;
#4285 = FACE_OUTER_BOUND ( 'NONE', #4307, .T. ) ;
#4286 = AXIS2_PLACEMENT_3D ( 'NONE', #2274, #7225, #9061 ) ;
#4287 = VERTEX_POINT ( 'NONE', #10009 ) ;
#4288 = ORIENTED_EDGE ( 'NONE', *, *, #8468, .T. ) ;
#4289 = EDGE_CURVE ( 'NONE', #3789, #3249, #3337, .T. ) ;
#4290 = CARTESIAN_POINT ( 'NONE',  ( 0.3937007874015748254, 0.1850393700787401619, -0.2637795275590551491 ) ) ;
#4291 = CARTESIAN_POINT ( 'NONE',  ( 0.07874015748031495954, 0.1062992125984252023, 0.3858267716535432879 ) ) ;
#4292 = DIRECTION ( 'NONE',  ( 0.000000000000000000, -0.7712230250021169242, -0.6365650365096909846 ) ) ;
#4293 = CARTESIAN_POINT ( 'NONE',  ( 0.04330708661417323468, -0.05511811023622047168, -0.1279527559055118058 ) ) ;
#4294 = CARTESIAN_POINT ( 'NONE',  ( 0.3553149606299212948, 0.6456692913385827515, 0.4094488188976377896 ) ) ;
#4295 = CARTESIAN_POINT ( 'NONE',  ( -0.07874015748031495954, -0.05118110236220472370, 0.3858267716535432879 ) ) ;
#4296 = VERTEX_POINT ( 'NONE', #4294 ) ;
#4297 = ORIENTED_EDGE ( 'NONE', *, *, #9176, .F. ) ;
#4298 = EDGE_CURVE ( 'NONE', #1196, #2521, #9198, .T. ) ;
#4299 = EDGE_CURVE ( 'NONE', #6390, #7406, #6821, .T. ) ;
#4300 = CARTESIAN_POINT ( 'NONE',  ( -0.4921259842519685179, 0.3897637795275590844, 0.9448818897637796255 ) ) ;
#4301 = ADVANCED_FACE ( 'NONE', ( #2531 ), #5158, .T. ) ;
#4302 = ORIENTED_EDGE ( 'NONE', *, *, #10547, .T. ) ;
#4303 = DIRECTION ( 'NONE',  ( 0.000000000000000000, 0.000000000000000000, 1.000000000000000000 ) ) ;
#4304 = PLANE ( 'NONE',  #1282 ) ;
#4305 = LINE ( 'NONE', #157, #4349 ) ;
#4306 = DIRECTION ( 'NONE',  ( 0.000000000000000000, -0.8115343414514849529, -0.5843047258450889681 ) ) ;
#4307 = EDGE_LOOP ( 'NONE', ( #6845, #7982, #3289, #3907, #1213, #3208, #7113, #9101 ) ) ;
#4308 = VERTEX_POINT ( 'NONE', #2686 ) ;
#4309 = EDGE_CURVE ( 'NONE', #5723, #3501, #2473, .T. ) ;
#4310 =( BOUNDED_CURVE ( )  B_SPLINE_CURVE ( 3, ( #8818, #7854, #7091, #5369 ),
 .UNSPECIFIED., .F., .T. ) 
 B_SPLINE_CURVE_WITH_KNOTS ( ( 4, 4 ),
 ( 1.601570414739164949, 3.141592653589795781 ),
 .UNSPECIFIED. ) 
 CURVE ( )  GEOMETRIC_REPRESENTATION_ITEM ( )  RATIONAL_B_SPLINE_CURVE ( ( 1.000000000000000000, 0.8119352859618450546, 0.8119352859618450546, 1.000000000000000000 ) ) 
 REPRESENTATION_ITEM ( '' )  );
#4311 = VECTOR ( 'NONE', #9517, 39.37007874015748143 ) ;
#4312 = DIRECTION ( 'NONE',  ( -0.000000000000000000, 1.000000000000000000, 0.000000000000000000 ) ) ;
#4313 = LINE ( 'NONE', #865, #3565 ) ;
#4314 = CARTESIAN_POINT ( 'NONE',  ( -0.3798818897637795122, 0.5472440944881890035, -0.6968503937007873850 ) ) ;
#4315 = DIRECTION ( 'NONE',  ( 0.000000000000000000, 1.000000000000000000, 0.000000000000000000 ) ) ;
#4316 = CARTESIAN_POINT ( 'NONE',  ( -0.1181102362204727724, 1.297383991755642896, -0.04935249569264875402 ) ) ;
#4317 = VERTEX_POINT ( 'NONE', #4141 ) ;
#4318 = ORIENTED_EDGE ( 'NONE', *, *, #1524, .T. ) ;
#4319 = VECTOR ( 'NONE', #2290, 39.37007874015748143 ) ;
#4320 = DIRECTION ( 'NONE',  ( 1.000000000000000000, 0.000000000000000000, 0.000000000000000000 ) ) ;
#4321 = ORIENTED_EDGE ( 'NONE', *, *, #3177, .F. ) ;
#4322 = EDGE_CURVE ( 'NONE', #348, #7731, #1871, .T. ) ;
#4323 = EDGE_CURVE ( 'NONE', #3683, #258, #8285, .T. ) ;
#4324 = EDGE_LOOP ( 'NONE', ( #10663, #4005, #4430, #10358 ) ) ;
#4325 = DIRECTION ( 'NONE',  ( 0.8480480961564259568, 0.5299192642332050118, -6.428415300962955899E-16 ) ) ;
#4326 = FACE_OUTER_BOUND ( 'NONE', #8412, .T. ) ;
#4327 = DIRECTION ( 'NONE',  ( 0.000000000000000000, 0.000000000000000000, 1.000000000000000000 ) ) ;
#4328 = LINE ( 'NONE', #5191, #4460 ) ;
#4329 = ORIENTED_EDGE ( 'NONE', *, *, #1059, .T. ) ;
#4330 = CARTESIAN_POINT ( 'NONE',  ( 0.1358267716535433156, 0.000000000000000000, 0.1279527559055118058 ) ) ;
#4331 = ORIENTED_EDGE ( 'NONE', *, *, #3324, .T. ) ;
#4332 = FACE_BOUND ( 'NONE', #8219, .T. ) ;
#4333 = ORIENTED_EDGE ( 'NONE', *, *, #4404, .T. ) ;
#4334 = EDGE_CURVE ( 'NONE', #2108, #7719, #96, .T. ) ;
#4335 = CARTESIAN_POINT ( 'NONE',  ( 0.000000000000000000, 0.000000000000000000, -0.4881889763779527769 ) ) ;
#4336 = EDGE_LOOP ( 'NONE', ( #21, #1554, #434, #7676, #1754 ) ) ;
#4337 = ORIENTED_EDGE ( 'NONE', *, *, #2049, .T. ) ;
#4338 = FACE_OUTER_BOUND ( 'NONE', #3702, .T. ) ;
#4339 = PLANE ( 'NONE',  #2527 ) ;
#4340 = LINE ( 'NONE', #9523, #6109 ) ;
#4341 = CARTESIAN_POINT ( 'NONE',  ( 0.03838582677165354451, 0.6062992125984252301, 0.6968503937007873850 ) ) ;
#4342 = ORIENTED_EDGE ( 'NONE', *, *, #9333, .T. ) ;
#4343 = CARTESIAN_POINT ( 'NONE',  ( 0.1968503937007874127, 0.6456692913385827515, 0.5590551181102362266 ) ) ;
#4344 = EDGE_CURVE ( 'NONE', #3259, #3166, #2789, .T. ) ;
#4345 = DIRECTION ( 'NONE',  ( 0.000000000000000000, -1.000000000000000000, -3.965082230804150336E-15 ) ) ;
#4346 = ORIENTED_EDGE ( 'NONE', *, *, #1439, .F. ) ;
#4347 = VERTEX_POINT ( 'NONE', #3768 ) ;
#4348 = DIRECTION ( 'NONE',  ( -0.9715544231405692788, 0.2368163906405040819, 0.000000000000000000 ) ) ;
#4349 = VECTOR ( 'NONE', #6777, 39.37007874015748143 ) ;
#4350 = ORIENTED_EDGE ( 'NONE', *, *, #5903, .F. ) ;
#4351 = DIRECTION ( 'NONE',  ( 0.000000000000000000, -1.000000000000000000, 0.000000000000000000 ) ) ;
#4352 = DIRECTION ( 'NONE',  ( -1.000000000000000000, 0.000000000000000000, 0.000000000000000000 ) ) ;
#4353 = LINE ( 'NONE', #7646, #5404 ) ;
#4354 = CARTESIAN_POINT ( 'NONE',  ( -0.3553149606299212948, 0.6062992125984252301, -0.6968503937007873850 ) ) ;
#4355 = VECTOR ( 'NONE', #5809, 39.37007874015748143 ) ;
#4356 = ADVANCED_FACE ( 'NONE', ( #4573 ), #10227, .F. ) ;
#4357 = EDGE_CURVE ( 'NONE', #1099, #5796, #7045, .T. ) ;
#4358 = AXIS2_PLACEMENT_3D ( 'NONE', #7704, #5277, #3779 ) ;
#4359 = ORIENTED_EDGE ( 'NONE', *, *, #1994, .T. ) ;
#4360 = CARTESIAN_POINT ( 'NONE',  ( -0.1041908113939655905, 1.297383991755641786, 0.03543307086614185669 ) ) ;
#4361 = AXIS2_PLACEMENT_3D ( 'NONE', #8169, #9639, #1495 ) ;
#4362 = CARTESIAN_POINT ( 'NONE',  ( -0.2578740157480315376, 0.6456692913385827515, -0.5590551181102362266 ) ) ;
#4363 = ORIENTED_EDGE ( 'NONE', *, *, #8565, .F. ) ;
#4364 = CARTESIAN_POINT ( 'NONE',  ( -0.1181102362204724809, 1.293739894857544925, -0.05299659259074428891 ) ) ;
#4365 = LINE ( 'NONE', #1892, #1293 ) ;
#4366 = CARTESIAN_POINT ( 'NONE',  ( -0.3682501334879240140, 1.283464566929133799, 0.04935249569264858749 ) ) ;
#4367 = DIRECTION ( 'NONE',  ( 0.000000000000000000, -0.7071067811865495711, -0.7071067811865455743 ) ) ;
#4368 = AXIS2_PLACEMENT_3D ( 'NONE', #4586, #5167, #1065 ) ;
#4369 = ORIENTED_EDGE ( 'NONE', *, *, #1161, .F. ) ;
#4370 = EDGE_CURVE ( 'NONE', #4531, #3753, #1167, .T. ) ;
#4371 = ORIENTED_EDGE ( 'NONE', *, *, #6006, .F. ) ;
#4372 = VECTOR ( 'NONE', #8660, 39.37007874015748143 ) ;
#4373 = VECTOR ( 'NONE', #330, 39.37007874015748143 ) ;
#4374 = VECTOR ( 'NONE', #4801, 39.37007874015748854 ) ;
#4375 =( BOUNDED_SURFACE ( )  B_SPLINE_SURFACE ( 3, 3, ( 
 ( #3134, #2379, #7388, #698 ),
 ( #3298, #1465, #8953, #7272 ),
 ( #6569, #9707, #1568, #4854 ),
 ( #3990, #5608, #7177, #6465 ) ),
 .UNSPECIFIED., .F., .F., .F. ) 
 B_SPLINE_SURFACE_WITH_KNOTS ( ( 4, 4 ),
 ( 4, 4 ),
 ( 0.000000000000000000, 1.000000000000000000 ),
 ( 0.000000000000000000, 1.000000000000000000 ),
 .UNSPECIFIED. ) 
 GEOMETRIC_REPRESENTATION_ITEM ( )  RATIONAL_B_SPLINE_SURFACE ( (
 ( 1.000000000000000000, 0.8047378541243649375, 0.8047378541243649375, 1.000000000000000000),
 ( 0.8025111867385930076, 0.6458111303268130321, 0.6458111303268130321, 0.8025111867385930076),
 ( 0.8025111867385930076, 0.6458111303268130321, 0.6458111303268130321, 0.8025111867385930076),
 ( 1.000000000000000000, 0.8047378541243649375, 0.8047378541243649375, 1.000000000000000000) ) ) 
 REPRESENTATION_ITEM ( '' )  SURFACE ( )  );
#4376 = CARTESIAN_POINT ( 'NONE',  ( 0.3937007874015748254, -0.1102362204724409434, -0.6377952755905511584 ) ) ;
#4377 = ORIENTED_EDGE ( 'NONE', *, *, #6464, .F. ) ;
#4378 = ORIENTED_EDGE ( 'NONE', *, *, #2592, .F. ) ;
#4379 = LINE ( 'NONE', #4275, #9953 ) ;
#4380 = AXIS2_PLACEMENT_3D ( 'NONE', #1916, #9299, #9350 ) ;
#4381 = VECTOR ( 'NONE', #9221, 39.37007874015748854 ) ;
#4382 = DIRECTION ( 'NONE',  ( 0.000000000000000000, 0.000000000000000000, -1.000000000000000000 ) ) ;
#4383 = AXIS2_PLACEMENT_3D ( 'NONE', #4245, #5905, #34 ) ;
#4384 = LINE ( 'NONE', #76, #5896 ) ;
#4385 = CARTESIAN_POINT ( 'NONE',  ( -0.03838582677165354451, -0.09055118110236221041, -0.4677695532303212667 ) ) ;
#4386 = VERTEX_POINT ( 'NONE', #5373 ) ;
#4387 = ADVANCED_FACE ( 'NONE', ( #2036 ), #8607, .T. ) ;
#4388 = APPLICATION_CONTEXT ( 'configuration controlled 3d designs of mechanical parts and assemblies' ) ;
#4389 = CARTESIAN_POINT ( 'NONE',  ( -0.3740157480314960647, 1.244103829858661525, 0.03543307086614173179 ) ) ;
#4390 = ORIENTED_EDGE ( 'NONE', *, *, #6359, .T. ) ;
#4391 = LINE ( 'NONE', #1325, #3008 ) ;
#4392 = VECTOR ( 'NONE', #1751, 39.37007874015748143 ) ;
#4393 = ORIENTED_EDGE ( 'NONE', *, *, #3233, .F. ) ;
#4394 = CARTESIAN_POINT ( 'NONE',  ( -0.2952755905511810774, 1.263779527559055094, -0.1476377952755905387 ) ) ;
#4395 = ORIENTED_EDGE ( 'NONE', *, *, #7745, .F. ) ;
#4396 = ORIENTED_EDGE ( 'NONE', *, *, #5966, .F. ) ;
#4397 = CARTESIAN_POINT ( 'NONE',  ( -0.2657480314960630197, 1.307328710460744059, 0.5354330708661416693 ) ) ;
#4398 = CARTESIAN_POINT ( 'NONE',  ( -0.1732283464566929387, 1.307328710460744059, -0.6747790429661397749 ) ) ;
#4399 = FACE_OUTER_BOUND ( 'NONE', #2165, .T. ) ;
#4400 = DIRECTION ( 'NONE',  ( 1.000000000000000000, 0.000000000000000000, 0.000000000000000000 ) ) ;
#4401 = VECTOR ( 'NONE', #3585, 39.37007874015748143 ) ;
#4402 = ORIENTED_EDGE ( 'NONE', *, *, #8785, .F. ) ;
#4403 = EDGE_CURVE ( 'NONE', #4003, #2891, #2906, .T. ) ;
#4404 = EDGE_CURVE ( 'NONE', #9793, #5096, #6458, .T. ) ;
#4405 = DIRECTION ( 'NONE',  ( 1.000000000000000000, 0.000000000000000000, 0.000000000000000000 ) ) ;
#4406 = CARTESIAN_POINT ( 'NONE',  ( -0.4921259842519685179, 1.169291338582649553, -0.9448818897637676351 ) ) ;
#4407 = CARTESIAN_POINT ( 'NONE',  ( -0.3149606299212598381, 0.6062992125984252301, -0.1476377952755905387 ) ) ;
#4408 = ORIENTED_EDGE ( 'NONE', *, *, #9573, .F. ) ;
#4409 = ORIENTED_EDGE ( 'NONE', *, *, #9544, .T. ) ;
#4410 = FACE_OUTER_BOUND ( 'NONE', #7697, .T. ) ;
#4411 = ORIENTED_EDGE ( 'NONE', *, *, #7189, .F. ) ;
#4412 = CARTESIAN_POINT ( 'NONE',  ( -0.4921259842519685179, 1.169291338582653550, 0.9448818897637796255 ) ) ;
#4413 = CARTESIAN_POINT ( 'NONE',  ( -0.1078349082920613683, 1.283464566929134243, 0.05299659259074435136 ) ) ;
#4414 = CARTESIAN_POINT ( 'NONE',  ( 0.1279527559055118058, 1.307328710460744059, 0.5354330708661416693 ) ) ;
#4415 = LINE ( 'NONE', #4470, #1712 ) ;
#4416 = VECTOR ( 'NONE', #188, 39.37007874015747433 ) ;
#4417 = EDGE_CURVE ( 'NONE', #3272, #10551, #8493, .T. ) ;
#4418 = ORIENTED_EDGE ( 'NONE', *, *, #131, .F. ) ;
#4419 = DIRECTION ( 'NONE',  ( 0.000000000000000000, 1.000000000000000000, 0.000000000000000000 ) ) ;
#4420 = AXIS2_PLACEMENT_3D ( 'NONE', #607, #1686, #5668 ) ;
#4421 = ADVANCED_FACE ( 'NONE', ( #523 ), #6926, .T. ) ;
#4422 = CARTESIAN_POINT ( 'NONE',  ( 0.07874015748031495954, -0.1102362204724409434, 0.4566929133858267376 ) ) ;
#4423 = EDGE_CURVE ( 'NONE', #2560, #1257, #2461, .T. ) ;
#4425 = VERTEX_POINT ( 'NONE', #3822 ) ;
#4424 = ORIENTED_EDGE ( 'NONE', *, *, #3985, .F. ) ;
#4426 = CARTESIAN_POINT ( 'NONE',  ( -0.2736220472440945017, -0.09055118110236221041, 0.3687411576292909943 ) ) ;
#4427 = CARTESIAN_POINT ( 'NONE',  ( -0.2952755905511810774, 1.137795275590551158, -0.01968503937007873988 ) ) ;
#4428 = DIRECTION ( 'NONE',  ( 0.000000000000000000, -3.469446951953625233E-15, 1.000000000000000000 ) ) ;
#4429 = CARTESIAN_POINT ( 'NONE',  ( -0.1181102362204724532, 1.283464566929133799, -0.03543307086614173179 ) ) ;
#4430 = ORIENTED_EDGE ( 'NONE', *, *, #10194, .F. ) ;
#4431 = VERTEX_POINT ( 'NONE', #3652 ) ;
#4432 = LINE ( 'NONE', #10464, #9887 ) ;
#4433 = VERTEX_POINT ( 'NONE', #1339 ) ;
#4434 = ORIENTED_EDGE ( 'NONE', *, *, #3836, .F. ) ;
#4435 = EDGE_CURVE ( 'NONE', #10239, #222, #4626, .T. ) ;
#4436 = EDGE_CURVE ( 'NONE', #6669, #8248, #412, .T. ) ;
#4437 = CARTESIAN_POINT ( 'NONE',  ( -0.1181102362204724532, 1.137795275590551158, -0.05511811023622047168 ) ) ;
#4438 = ADVANCED_FACE ( 'NONE', ( #2738 ), #1221, .T. ) ;
#4439 = AXIS2_PLACEMENT_3D ( 'NONE', #2119, #7834, #3044 ) ;
#4440 = CARTESIAN_POINT ( 'NONE',  ( -0.1358267716535433156, 0.000000000000000000, -0.9448818897637796255 ) ) ;
#4441 = FACE_OUTER_BOUND ( 'NONE', #9313, .T. ) ;
#4442 = DIRECTION ( 'NONE',  ( 0.000000000000000000, 1.000000000000000000, 0.000000000000000000 ) ) ;
#4443 = ORIENTED_EDGE ( 'NONE', *, *, #7361, .F. ) ;
#4444 = CARTESIAN_POINT ( 'NONE',  ( 0.07874015748031495954, 0.007874015748031495954, 0.3937007874015748254 ) ) ;
#4445 = ORIENTED_EDGE ( 'NONE', *, *, #9998, .T. ) ;
#4446 = CARTESIAN_POINT ( 'NONE',  ( 0.3937007874015748254, 0.1850393700787401619, -0.2637795275590551491 ) ) ;
#4447 = ORIENTED_EDGE ( 'NONE', *, *, #4022, .T. ) ;
#4448 = CARTESIAN_POINT ( 'NONE',  ( 0.1732283464566929387, 1.307328710460744059, 0.5826771653543307838 ) ) ;
#4449 = ORIENTED_EDGE ( 'NONE', *, *, #7046, .T. ) ;
#4450 = ORIENTED_EDGE ( 'NONE', *, *, #7700, .T. ) ;
#4451 = EDGE_CURVE ( 'NONE', #7624, #7466, #6065, .T. ) ;
#4452 = CARTESIAN_POINT ( 'NONE',  ( 0.3740157480314960647, 0.1850393700787401619, 0.2952755905511810774 ) ) ;
#4453 = CARTESIAN_POINT ( 'NONE',  ( 0.03838582677165354451, 0.6062992125984252301, 0.7165354330708662012 ) ) ;
#4454 = CARTESIAN_POINT ( 'NONE',  ( 0.2204724409448818867, 0.8385826771609488084, -0.5590551181102362266 ) ) ;
#4455 = DIRECTION ( 'NONE',  ( -1.000000000000000000, 0.000000000000000000, 0.000000000000000000 ) ) ;
#4456 = ORIENTED_EDGE ( 'NONE', *, *, #2178, .T. ) ;
#4457 = CARTESIAN_POINT ( 'NONE',  ( -0.3937007874015748254, -0.09055118110236221041, 0.6377952755905511584 ) ) ;
#4458 = CARTESIAN_POINT ( 'NONE',  ( -0.1358267716535433156, -0.04527559055118110520, 0.1279527559055118058 ) ) ;
#4459 = CARTESIAN_POINT ( 'NONE',  ( -0.2736220472440945017, 0.000000000000000000, 0.3687411576292909943 ) ) ;
#4460 = VECTOR ( 'NONE', #10099, 39.37007874015748143 ) ;
#4461 = EDGE_LOOP ( 'NONE', ( #5192, #275, #10082, #5744 ) ) ;
#4462 = ORIENTED_EDGE ( 'NONE', *, *, #3003, .T. ) ;
#4463 = EDGE_CURVE ( 'NONE', #5850, #10093, #3712, .T. ) ;
#4464 = EDGE_CURVE ( 'NONE', #7883, #5803, #8553, .T. ) ;
#4465 = DIRECTION ( 'NONE',  ( 0.000000000000000000, 1.000000000000000000, 0.000000000000000000 ) ) ;
#4466 = ORIENTED_EDGE ( 'NONE', *, *, #1762, .T. ) ;
#4467 = DIRECTION ( 'NONE',  ( -1.000000000000000000, 0.000000000000000000, 0.000000000000000000 ) ) ;
#4468 = DIRECTION ( 'NONE',  ( 1.000000000000000000, 0.000000000000000000, 0.000000000000000000 ) ) ;
#4469 = FACE_OUTER_BOUND ( 'NONE', #2756, .T. ) ;
#4470 = CARTESIAN_POINT ( 'NONE',  ( -0.3149606299212598381, 1.203976278474015782, -0.05511811023622047168 ) ) ;
#4471 = ORIENTED_EDGE ( 'NONE', *, *, #7986, .T. ) ;
#4472 = DIRECTION ( 'NONE',  ( 0.000000000000000000, 0.000000000000000000, 1.000000000000000000 ) ) ;
#4473 = LINE ( 'NONE', #3670, #10457 ) ;
#4474 = VERTEX_POINT ( 'NONE', #354 ) ;
#4475 = DIRECTION ( 'NONE',  ( 0.000000000000000000, -1.000000000000000000, 0.000000000000000000 ) ) ;
#4476 = CARTESIAN_POINT ( 'NONE',  ( 0.3937007874015748254, 0.1850393700787401619, -0.6968503937007873850 ) ) ;
#4477 = CARTESIAN_POINT ( 'NONE',  ( -0.3346456692913385988, 1.196850393700787496, -0.03543307086614173179 ) ) ;
#4478 = CARTESIAN_POINT ( 'NONE',  ( 0.03838582677165354451, -0.09055118110236221041, 0.6377952755905511584 ) ) ;
#4479 = VERTEX_POINT ( 'NONE', #3013 ) ;
#4480 = VERTEX_POINT ( 'NONE', #5585 ) ;
#4481 = EDGE_CURVE ( 'NONE', #6280, #7609, #781, .T. ) ;
#4482 = CARTESIAN_POINT ( 'NONE',  ( 0.1279527559055118058, 0.7913385826771653919, -0.5826771653543307838 ) ) ;
#4483 = ORIENTED_EDGE ( 'NONE', *, *, #6308, .T. ) ;
#4484 = ORIENTED_EDGE ( 'NONE', *, *, #2301, .T. ) ;
#4485 = DESIGN_CONTEXT ( 'detailed design', #4388, 'design' ) ;
#4486 = LINE ( 'NONE', #3847, #4957 ) ;
#4487 = CARTESIAN_POINT ( 'NONE',  ( -0.3523622047244094335, 0.4685039370078740717, -0.4677695532303149939 ) ) ;
#4488 = DIRECTION ( 'NONE',  ( -1.000000000000000000, 0.000000000000000000, 0.000000000000000000 ) ) ;
#4489 = DIRECTION ( 'NONE',  ( 0.000000000000000000, -1.000000000000000000, 0.000000000000000000 ) ) ;
#4490 = DIRECTION ( 'NONE',  ( 0.000000000000000000, 0.000000000000000000, 1.000000000000000000 ) ) ;
#4492 = DIRECTION ( 'NONE',  ( 0.000000000000000000, 1.000000000000000000, 0.000000000000000000 ) ) ;
#4491 = VECTOR ( 'NONE', #2730, 39.37007874015748143 ) ;
#4493 = ORIENTED_EDGE ( 'NONE', *, *, #3589, .F. ) ;
#4494 = PLANE ( 'NONE',  #7847 ) ;
#4495 = EDGE_LOOP ( 'NONE', ( #9513, #7401, #7510, #565, #5490 ) ) ;
#4496 = EDGE_CURVE ( 'NONE', #16, #6797, #5686, .T. ) ;
#4497 = EDGE_CURVE ( 'NONE', #253, #3398, #4880, .T. ) ;
#4498 = CARTESIAN_POINT ( 'NONE',  ( 0.1968503937007874127, 0.7913385826771653919, -0.5590551181102362266 ) ) ;
#4499 = EDGE_CURVE ( 'NONE', #8351, #2854, #10497, .T. ) ;
#4500 = ORIENTED_EDGE ( 'NONE', *, *, #5208, .T. ) ;
#4501 = CARTESIAN_POINT ( 'NONE',  ( 0.01968503937007873988, -0.1102362204724409434, 0.5866141732283465249 ) ) ;
#4502 = ORIENTED_EDGE ( 'NONE', *, *, #3878, .F. ) ;
#4503 = VERTEX_POINT ( 'NONE', #9587 ) ;
#4504 =( GEOMETRIC_REPRESENTATION_CONTEXT ( 3 ) GLOBAL_UNCERTAINTY_ASSIGNED_CONTEXT ( ( #2013 ) ) GLOBAL_UNIT_ASSIGNED_CONTEXT ( ( #5133, #4166, #67 ) ) REPRESENTATION_CONTEXT ( 'NONE', 'WORKASPACE' ) );
#4505 = CARTESIAN_POINT ( 'NONE',  ( -0.1476377952755905387, -0.03543307086614173179, -0.1279527559055118058 ) ) ;
#4506 = ORIENTED_EDGE ( 'NONE', *, *, #544, .T. ) ;
#4507 = CARTESIAN_POINT ( 'NONE',  ( 0.2736220472440945017, -0.09055118110236221041, 0.4881889763779527769 ) ) ;
#4508 = CARTESIAN_POINT ( 'NONE',  ( 0.1968503937007874127, 0.6456692913385827515, 0.5590551181102362266 ) ) ;
#4509 = CARTESIAN_POINT ( 'NONE',  ( -0.4921259842519685179, 0.3897637795275590844, -0.9448818897637796255 ) ) ;
#4510 = VERTEX_POINT ( 'NONE', #3112 ) ;
#4511 = CARTESIAN_POINT ( 'NONE',  ( -0.07874015748031495954, -0.05118110236220472370, 0.3976377952755905665 ) ) ;
#4512 = EDGE_CURVE ( 'NONE', #3503, #10119, #4017, .T. ) ;
#4513 = DIRECTION ( 'NONE',  ( 2.007781800899079877E-17, 0.000000000000000000, -1.000000000000000000 ) ) ;
#4514 = CARTESIAN_POINT ( 'NONE',  ( -0.4921259842519685179, 0.1850393700787401619, -0.6968503937007873850 ) ) ;
#4515 = VERTEX_POINT ( 'NONE', #9636 ) ;
#4516 = VERTEX_POINT ( 'NONE', #6386 ) ;
#4517 = PLANE ( 'NONE',  #5764 ) ;
#4518 = VERTEX_POINT ( 'NONE', #3161 ) ;
#4519 = PLANE ( 'NONE',  #2804 ) ;
#4520 = CARTESIAN_POINT ( 'NONE',  ( -0.3937007874015748254, 1.264918337073287491, -0.07874015748031495954 ) ) ;
#4521 = DIRECTION ( 'NONE',  ( 1.000000000000000000, 0.000000000000000000, 0.000000000000000000 ) ) ;
#4522 = FACE_OUTER_BOUND ( 'NONE', #9934, .T. ) ;
#4523 = ADVANCED_FACE ( 'NONE', ( #2251 ), #2299, .F. ) ;
#4524 = ORIENTED_EDGE ( 'NONE', *, *, #7069, .F. ) ;
#4525 = VECTOR ( 'NONE', #7410, 39.37007874015748143 ) ;
#4526 = CARTESIAN_POINT ( 'NONE',  ( -0.09597593773754395374, 1.289169118099218636, 0.03543307086614175261 ) ) ;
#4527 = VECTOR ( 'NONE', #7220, 39.37007874015748143 ) ;
#4528 = VECTOR ( 'NONE', #3933, 39.37007874015748143 ) ;
#4529 = CARTESIAN_POINT ( 'NONE',  ( -0.03838582677165354451, 0.1850393700787401619, 0.6377952755905511584 ) ) ;
#4531 = VERTEX_POINT ( 'NONE', #7095 ) ;
#4530 = ORIENTED_EDGE ( 'NONE', *, *, #9010, .F. ) ;
#4532 = CARTESIAN_POINT ( 'NONE',  ( -0.1732283464566929387, 0.7913385826771653919, -0.5826771653543307838 ) ) ;
#4533 = CARTESIAN_POINT ( 'NONE',  ( -0.3474243646193621582, 0.1850393700787401619, -0.7442963393278385631 ) ) ;
#4534 = CARTESIAN_POINT ( 'NONE',  ( 0.04330708661417323468, 0.4855184551668063064, -0.05511811023622047168 ) ) ;
#4535 = LINE ( 'NONE', #7823, #9638 ) ;
#4536 = EDGE_LOOP ( 'NONE', ( #3693, #10398, #473, #6194, #788, #4443 ) ) ;
#4537 = EDGE_CURVE ( 'NONE', #4480, #812, #6294, .T. ) ;
#4538 = EDGE_CURVE ( 'NONE', #6838, #9601, #99, .T. ) ;
#4539 = VECTOR ( 'NONE', #7764, 39.37007874015748143 ) ;
#4540 = ORIENTED_EDGE ( 'NONE', *, *, #1684, .T. ) ;
#4541 = CARTESIAN_POINT ( 'NONE',  ( -0.3740157480314960647, 1.288618098185022598, 0.03543307086614171791 ) ) ;
#4542 = AXIS2_PLACEMENT_3D ( 'NONE', #2851, #2148, #3599 ) ;
#4543 = VERTEX_POINT ( 'NONE', #5485 ) ;
#4544 = ORIENTED_EDGE ( 'NONE', *, *, #10373, .T. ) ;
#4545 = CARTESIAN_POINT ( 'NONE',  ( 0.03838582677165354451, 1.027559055118110409, -0.4094488188976377896 ) ) ;
#4546 = VECTOR ( 'NONE', #2861, 39.37007874015748143 ) ;
#4547 = CARTESIAN_POINT ( 'NONE',  ( 0.03838582677165354451, 0.6456692913385827515, -0.4094488188976377896 ) ) ;
#4548 = CARTESIAN_POINT ( 'NONE',  ( 0.1358267716535433156, -0.04527559055118110520, 0.1279527559055118058 ) ) ;
#4549 = EDGE_CURVE ( 'NONE', #8947, #8598, #5533, .T. ) ;
#4550 = DIRECTION ( 'NONE',  ( 0.000000000000000000, 0.000000000000000000, 1.000000000000000000 ) ) ;
#4551 = AXIS2_PLACEMENT_3D ( 'NONE', #4498, #7679, #2777 ) ;
#4552 = CARTESIAN_POINT ( 'NONE',  ( -0.3149606299212598381, 1.308359642170866088, -0.03543307086614173179 ) ) ;
#4553 = ORIENTED_EDGE ( 'NONE', *, *, #70, .T. ) ;
#4554 = AXIS2_PLACEMENT_3D ( 'NONE', #10313, #9495, #4594 ) ;
#4555 = LINE ( 'NONE', #5359, #7670 ) ;
#4556 = ORIENTED_EDGE ( 'NONE', *, *, #4783, .F. ) ;
#4557 = DIRECTION ( 'NONE',  ( 0.000000000000000000, 3.469446951953625233E-15, 1.000000000000000000 ) ) ;
#4558 = VERTEX_POINT ( 'NONE', #1593 ) ;
#4559 = LINE ( 'NONE', #3758, #10181 ) ;
#4560 = ORIENTED_EDGE ( 'NONE', *, *, #1893, .F. ) ;
#4561 = VECTOR ( 'NONE', #1887, 39.37007874015748143 ) ;
#4562 = ORIENTED_EDGE ( 'NONE', *, *, #7157, .F. ) ;
#4563 = VECTOR ( 'NONE', #949, 39.37007874015748143 ) ;
#4564 = VECTOR ( 'NONE', #747, 39.37007874015748143 ) ;
#4565 = LINE ( 'NONE', #8007, #2374 ) ;
#4566 = ORIENTED_EDGE ( 'NONE', *, *, #2557, .F. ) ;
#4567 = CARTESIAN_POINT ( 'NONE',  ( 0.01968503937007873988, -0.1102362204724409434, 0.5866141732283465249 ) ) ;
#4568 = EDGE_CURVE ( 'NONE', #4806, #2700, #8772, .T. ) ;
#4569 = EDGE_CURVE ( 'NONE', #10551, #6497, #7958, .T. ) ;
#4570 = PLANE ( 'NONE',  #9562 ) ;
#4571 = CARTESIAN_POINT ( 'NONE',  ( -0.03838582677165354451, 0.4685039370078740717, -0.4251968503937008093 ) ) ;
#4572 = VERTEX_POINT ( 'NONE', #1440 ) ;
#4573 = FACE_OUTER_BOUND ( 'NONE', #5611, .T. ) ;
#4574 = VECTOR ( 'NONE', #8875, 39.37007874015748143 ) ;
#4575 = VECTOR ( 'NONE', #6511, 39.37007874015748143 ) ;
#4576 = CARTESIAN_POINT ( 'NONE',  ( -0.3523622047244094335, -0.1102362204724409434, -0.4677695532303149939 ) ) ;
#4577 = CARTESIAN_POINT ( 'NONE',  ( -0.1968503937007874127, 0.7913385826771653919, 0.5590551181102362266 ) ) ;
#4578 = ORIENTED_EDGE ( 'NONE', *, *, #5129, .F. ) ;
#4579 = ORIENTED_EDGE ( 'NONE', *, *, #3408, .F. ) ;
#4580 = FACE_OUTER_BOUND ( 'NONE', #6719, .T. ) ;
#4581 = EDGE_CURVE ( 'NONE', #7803, #422, #5440, .T. ) ;
#4582 = VECTOR ( 'NONE', #7153, 39.37007874015748143 ) ;
#4583 = EDGE_LOOP ( 'NONE', ( #763, #7902, #8557, #2952 ) ) ;
#4584 = CARTESIAN_POINT ( 'NONE',  ( -0.3553149606299212948, 0.000000000000000000, 0.000000000000000000 ) ) ;
#4585 = PLANE ( 'NONE',  #4715 ) ;
#4586 = CARTESIAN_POINT ( 'NONE',  ( -0.3937007874015748254, 0.4905511811023622326, -0.9448818897637796255 ) ) ;
#4587 = CARTESIAN_POINT ( 'NONE',  ( 0.1968503937007874127, 0.7913385826771653919, -0.6771653543307086798 ) ) ;
#4588 = ORIENTED_EDGE ( 'NONE', *, *, #6143, .T. ) ;
#4589 = DIRECTION ( 'NONE',  ( 0.000000000000000000, -0.5843047258450760895, -0.8115343414514941678 ) ) ;
#4590 = EDGE_CURVE ( 'NONE', #5926, #9982, #3920, .T. ) ;
#4591 = CARTESIAN_POINT ( 'NONE',  ( 0.3553149606299212948, 0.8464566929133857665, 0.8818897637795275468 ) ) ;
#4592 = ORIENTED_EDGE ( 'NONE', *, *, #8378, .F. ) ;
#4593 = LINE ( 'NONE', #8519, #2361 ) ;
#4594 = DIRECTION ( 'NONE',  ( 0.000000000000000000, 0.000000000000000000, -1.000000000000000000 ) ) ;
#4595 = FACE_OUTER_BOUND ( 'NONE', #3992, .T. ) ;
#4596 = PLANE ( 'NONE',  #4644 ) ;
#4597 = AXIS2_PLACEMENT_3D ( 'NONE', #4291, #10223, #9250 ) ;
#4598 = VERTEX_POINT ( 'NONE', #8062 ) ;
#4599 = ORIENTED_EDGE ( 'NONE', *, *, #7618, .T. ) ;
#4600 = ORIENTED_EDGE ( 'NONE', *, *, #7863, .T. ) ;
#4601 = VECTOR ( 'NONE', #4475, 39.37007874015748143 ) ;
#4602 = SECURITY_CLASSIFICATION_LEVEL ( 'unclassified' ) ;
#4603 = EDGE_LOOP ( 'NONE', ( #6986, #359, #2829, #6892 ) ) ;
#4604 = VECTOR ( 'NONE', #553, 39.37007874015748143 ) ;
#4605 = EDGE_CURVE ( 'NONE', #3753, #2206, #7304, .T. ) ;
#4606 = ADVANCED_FACE ( 'NONE', ( #10543 ), #6436, .T. ) ;
#4607 = LINE ( 'NONE', #10375, #134 ) ;
#4608 = CARTESIAN_POINT ( 'NONE',  ( -0.3937007874015748254, -0.09055118110236221041, -0.2637795275590551491 ) ) ;
#4609 = DIRECTION ( 'NONE',  ( -0.000000000000000000, 1.000000000000000000, 0.000000000000000000 ) ) ;
#4610 = FACE_OUTER_BOUND ( 'NONE', #10575, .T. ) ;
#4611 = CARTESIAN_POINT ( 'NONE',  ( 0.03838582677165354451, 0.8700787401574804347, 0.9448818897637796255 ) ) ;
#4612 = ORIENTED_EDGE ( 'NONE', *, *, #8398, .T. ) ;
#4613 = DIRECTION ( 'NONE',  ( 0.5125816371859340803, -0.8586384950721620557, -1.098672966645954119E-14 ) ) ;
#4614 = ORIENTED_EDGE ( 'NONE', *, *, #10057, .F. ) ;
#4615 = CARTESIAN_POINT ( 'NONE',  ( 0.3937007874015748254, 0.4905511811023622326, 0.9448818897637796255 ) ) ;
#4616 = ORIENTED_EDGE ( 'NONE', *, *, #7376, .F. ) ;
#4617 = LINE ( 'NONE', #1264, #4311 ) ;
#4618 = ORIENTED_EDGE ( 'NONE', *, *, #8053, .T. ) ;
#4619 = VECTOR ( 'NONE', #2068, 39.37007874015748143 ) ;
#4620 = CARTESIAN_POINT ( 'NONE',  ( 0.07874015748031495954, 0.000000000000000000, -0.9448818897637796255 ) ) ;
#4621 = ORIENTED_EDGE ( 'NONE', *, *, #2364, .F. ) ;
#4622 = FACE_OUTER_BOUND ( 'NONE', #8068, .T. ) ;
#4623 = DIRECTION ( 'NONE',  ( 0.000000000000000000, 0.000000000000000000, 1.000000000000000000 ) ) ;
#4624 = CARTESIAN_POINT ( 'NONE',  ( -0.3740157480314960647, 0.000000000000000000, 0.2952755905511810774 ) ) ;
#4625 = ORIENTED_EDGE ( 'NONE', *, *, #8571, .F. ) ;
#4626 = LINE ( 'NONE', #4457, #3199 ) ;
#4627 = VECTOR ( 'NONE', #3566, 39.37007874015748143 ) ;
#4628 = LINE ( 'NONE', #2091, #8842 ) ;
#4629 = CARTESIAN_POINT ( 'NONE',  ( 0.000000000000000000, -0.1102362204724409434, -0.4677695532303212667 ) ) ;
#4630 = EDGE_CURVE ( 'NONE', #5582, #8372, #10604, .T. ) ;
#4631 = VERTEX_POINT ( 'NONE', #8425 ) ;
#4632 = ORIENTED_EDGE ( 'NONE', *, *, #2423, .F. ) ;
#4633 = CARTESIAN_POINT ( 'NONE',  ( 0.3641513641753465480, 0.000000000000000000, -0.4881889763779527769 ) ) ;
#4634 = PLANE ( 'NONE',  #902 ) ;
#4635 = LINE ( 'NONE', #5442, #2294 ) ;
#4636 = CARTESIAN_POINT ( 'NONE',  ( 0.07874015748031495954, 0.1850393700787401619, 0.1279527559055118058 ) ) ;
#4637 = DIRECTION ( 'NONE',  ( -1.000000000000000000, 0.000000000000000000, 0.000000000000000000 ) ) ;
#4638 = CARTESIAN_POINT ( 'NONE',  ( 0.06895822148979684207, 1.287401574803149540, 0.5629921259842519676 ) ) ;
#4639 = VECTOR ( 'NONE', #962, 39.37007874015748143 ) ;
#4640 = EDGE_CURVE ( 'NONE', #8827, #1573, #2455, .T. ) ;
#4641 = EDGE_CURVE ( 'NONE', #4780, #4881, #5141, .T. ) ;
#4642 = EDGE_CURVE ( 'NONE', #8653, #6476, #1703, .T. ) ;
#4643 = ORIENTED_EDGE ( 'NONE', *, *, #10154, .F. ) ;
#4644 = AXIS2_PLACEMENT_3D ( 'NONE', #8794, #6953, #10315 ) ;
#4645 = FACE_OUTER_BOUND ( 'NONE', #6944, .T. ) ;
#4646 = VECTOR ( 'NONE', #37, 39.37007874015748143 ) ;
#4647 = PLANE ( 'NONE',  #798 ) ;
#4648 = ORIENTED_EDGE ( 'NONE', *, *, #9444, .F. ) ;
#4649 = DIRECTION ( 'NONE',  ( 0.000000000000000000, 1.000000000000000000, 0.000000000000000000 ) ) ;
#4650 = DIRECTION ( 'NONE',  ( 0.000000000000000000, 0.2954697229221149302, 0.9553521041146707526 ) ) ;
#4651 = LINE ( 'NONE', #2378, #6253 ) ;
#4652 = CARTESIAN_POINT ( 'NONE',  ( 0.1732283464566929387, 0.7913385826771653919, 0.5826771653543307838 ) ) ;
#4653 = ORIENTED_EDGE ( 'NONE', *, *, #9076, .T. ) ;
#4654 = VERTEX_POINT ( 'NONE', #2566 ) ;
#4655 = EDGE_CURVE ( 'NONE', #744, #710, #7362, .T. ) ;
#4656 = ORIENTED_EDGE ( 'NONE', *, *, #6400, .T. ) ;
#4657 = CARTESIAN_POINT ( 'NONE',  ( 0.3937007874015748254, -0.1102362204724409434, -0.5393700787401575214 ) ) ;
#4658 = CARTESIAN_POINT ( 'NONE',  ( 0.4537401574803149873, 1.032876052221689100, -1.060983664174437013 ) ) ;
#4659 = CARTESIAN_POINT ( 'NONE',  ( -0.4921259842519685179, 1.287401574803149540, -0.5629921259842519676 ) ) ;
#4660 = CARTESIAN_POINT ( 'NONE',  ( -0.3149606299212598381, 0.5472440944881890035, -0.9448818897637796255 ) ) ;
#4661 = FACE_OUTER_BOUND ( 'NONE', #6750, .T. ) ;
#4662 = ORIENTED_EDGE ( 'NONE', *, *, #8387, .T. ) ;
#4663 = LINE ( 'NONE', #7082, #7993 ) ;
#4664 = ORIENTED_EDGE ( 'NONE', *, *, #3095, .F. ) ;
#4665 = ADVANCED_FACE ( 'NONE', ( #80 ), #4073, .T. ) ;
#4666 = ADVANCED_FACE ( 'NONE', ( #2614 ), #10046, .T. ) ;
#4667 = CARTESIAN_POINT ( 'NONE',  ( -0.07874015748031495954, 0.6062992125984252301, 0.1476377952755905387 ) ) ;
#4668 = VERTEX_POINT ( 'NONE', #5952 ) ;
#4669 = CARTESIAN_POINT ( 'NONE',  ( -0.3682501334879240140, 1.297383991755641564, -0.03543307086614173179 ) ) ;
#4670 = VERTEX_POINT ( 'NONE', #7568 ) ;
#4671 = DIRECTION ( 'NONE',  ( -1.000000000000000000, 0.000000000000000000, 0.000000000000000000 ) ) ;
#4672 = VERTEX_POINT ( 'NONE', #2671 ) ;
#4673 = VECTOR ( 'NONE', #2677, 39.37007874015748143 ) ;
#4674 = DIRECTION ( 'NONE',  ( 0.000000000000000000, 1.000000000000000000, 0.000000000000000000 ) ) ;
#4675 = PLANE ( 'NONE',  #1808 ) ;
#4676 = ORIENTED_EDGE ( 'NONE', *, *, #9857, .T. ) ;
#4677 = DIRECTION ( 'NONE',  ( 0.000000000000000000, -1.000000000000000000, 0.000000000000000000 ) ) ;
#4678 = EDGE_CURVE ( 'NONE', #6547, #16, #9995, .T. ) ;
#4679 = EDGE_CURVE ( 'NONE', #2341, #8985, #10245, .T. ) ;
#4680 = DIRECTION ( 'NONE',  ( -1.000000000000000000, 0.000000000000000000, 0.000000000000000000 ) ) ;
#4681 = AXIS2_PLACEMENT_3D ( 'NONE', #6535, #5575, #4718 ) ;
#4682 = LINE ( 'NONE', #3825, #6717 ) ;
#4683 = ORIENTED_EDGE ( 'NONE', *, *, #4298, .T. ) ;
#4684 = ORIENTED_EDGE ( 'NONE', *, *, #1057, .F. ) ;
#4685 = DIRECTION ( 'NONE',  ( 1.000000000000000000, 0.000000000000000000, 0.000000000000000000 ) ) ;
#4686 = DIRECTION ( 'NONE',  ( 0.000000000000000000, -1.000000000000000000, 0.000000000000000000 ) ) ;
#4687 = CARTESIAN_POINT ( 'NONE',  ( 0.07874015748031495954, 0.1850393700787401619, 0.2283464566929133688 ) ) ;
#4688 = LINE ( 'NONE', #737, #9711 ) ;
#4689 = ADVANCED_FACE ( 'NONE', ( #4176 ), #6544, .T. ) ;
#4690 = LINE ( 'NONE', #2261, #1014 ) ;
#4691 = ORIENTED_EDGE ( 'NONE', *, *, #8353, .F. ) ;
#4692 = CARTESIAN_POINT ( 'NONE',  ( -0.3543307086614173040, 1.303149606299212504, -0.03543307086614173179 ) ) ;
#4693 = ORIENTED_EDGE ( 'NONE', *, *, #4641, .F. ) ;
#4694 = PLANE ( 'NONE',  #3329 ) ;
#4695 = DIRECTION ( 'NONE',  ( 1.000000000000000000, 0.000000000000000000, 0.000000000000000000 ) ) ;
#4696 = CARTESIAN_POINT ( 'NONE',  ( -0.1732283464566929387, 0.7913385826771653919, 0.5354330708661416693 ) ) ;
#4697 = EDGE_CURVE ( 'NONE', #2029, #9903, #5891, .T. ) ;
#4698 = CARTESIAN_POINT ( 'NONE',  ( -0.1065795192685500270, 1.297252188007555374, -0.02138307869534587444 ) ) ;
#4699 = DIRECTION ( 'NONE',  ( -0.9715544231405680575, -0.2368163906405090224, 0.000000000000000000 ) ) ;
#4700 = ADVANCED_FACE ( 'NONE', ( #3429 ), #4234, .T. ) ;
#4701 = ORIENTED_EDGE ( 'NONE', *, *, #3498, .F. ) ;
#4702 = VECTOR ( 'NONE', #5949, 39.37007874015748143 ) ;
#4703 = AXIS2_PLACEMENT_3D ( 'NONE', #8998, #3893, #1620 ) ;
#4704 = ORIENTED_EDGE ( 'NONE', *, *, #7090, .F. ) ;
#4705 = PLANE ( 'NONE',  #6333 ) ;
#4706 = DIRECTION ( 'NONE',  ( 0.000000000000000000, 0.000000000000000000, -1.000000000000000000 ) ) ;
#4707 = ADVANCED_FACE ( 'NONE', ( #8321 ), #938, .T. ) ;
#4708 = CARTESIAN_POINT ( 'NONE',  ( -0.2657480314960630197, 0.7913385826771653919, 0.5826771653543307838 ) ) ;
#4709 = VECTOR ( 'NONE', #2225, 39.37007874015748143 ) ;
#4710 = CARTESIAN_POINT ( 'NONE',  ( 0.2404350711642508076, -0.09055118110236221041, -0.2739060711585696861 ) ) ;
#4711 = CARTESIAN_POINT ( 'NONE',  ( -0.3937007874015748254, 0.4905511811023622326, 0.9448818897637796255 ) ) ;
#4712 = ORIENTED_EDGE ( 'NONE', *, *, #5001, .T. ) ;
#4713 = DIRECTION ( 'NONE',  ( -1.445602896647336195E-14, 0.000000000000000000, -1.000000000000000000 ) ) ;
#4714 = ORIENTED_EDGE ( 'NONE', *, *, #660, .F. ) ;
#4715 = AXIS2_PLACEMENT_3D ( 'NONE', #7105, #5648, #2368 ) ;
#4716 = CARTESIAN_POINT ( 'NONE',  ( -0.3937007874015748254, -0.09055118110236221041, 0.9448818897637796255 ) ) ;
#4717 = VERTEX_POINT ( 'NONE', #988 ) ;
#4718 = DIRECTION ( 'NONE',  ( 1.000000000000000000, 0.000000000000000000, 0.000000000000000000 ) ) ;
#4719 = ORIENTED_EDGE ( 'NONE', *, *, #7721, .F. ) ;
#4720 = AXIS2_PLACEMENT_3D ( 'NONE', #10508, #3174, #1504 ) ;
#4721 = CARTESIAN_POINT ( 'NONE',  ( -0.3937007874015905906, 0.1850393700787401619, -0.5393700787401464192 ) ) ;
#4722 = VECTOR ( 'NONE', #5195, 39.37007874015748143 ) ;
#4723 = EDGE_LOOP ( 'NONE', ( #791, #5271, #5672, #9559, #8880, #3192, #1949, #958 ) ) ;
#4724 = EDGE_CURVE ( 'NONE', #4518, #1198, #4281, .T. ) ;
#4725 = CARTESIAN_POINT ( 'NONE',  ( -0.3277226304048753702, 1.199364357735097197, 0.05042918711678528315 ) ) ;
#4726 = PLANE ( 'NONE',  #1475 ) ;
#4727 = ORIENTED_EDGE ( 'NONE', *, *, #8280, .T. ) ;
#4728 = DIRECTION ( 'NONE',  ( 0.000000000000000000, -1.000000000000000000, 0.000000000000000000 ) ) ;
#4729 = VECTOR ( 'NONE', #8268, 39.37007874015748143 ) ;
#4730 = FACE_OUTER_BOUND ( 'NONE', #10162, .T. ) ;
#4731 = VECTOR ( 'NONE', #4613, 39.37007874015748854 ) ;
#4732 = CIRCLE ( 'NONE', #6098, 0.01968503937007873988 ) ;
#4733 = AXIS2_PLACEMENT_3D ( 'NONE', #8617, #9485, #6079 ) ;
#4734 = DIRECTION ( 'NONE',  ( 0.000000000000000000, 0.000000000000000000, 1.000000000000000000 ) ) ;
#4735 = ORIENTED_EDGE ( 'NONE', *, *, #5945, .T. ) ;
#4736 = ORIENTED_EDGE ( 'NONE', *, *, #2866, .T. ) ;
#4737 = LINE ( 'NONE', #2257, #9378 ) ;
#4738 = EDGE_CURVE ( 'NONE', #6269, #8322, #8220, .T. ) ;
#4739 = EDGE_CURVE ( 'NONE', #7894, #8498, #7465, .T. ) ;
#4740 = CARTESIAN_POINT ( 'NONE',  ( -0.3261504829196881783, 1.199953712996313593, -0.05184124197921297778 ) ) ;
#4741 = VECTOR ( 'NONE', #7315, 39.37007874015748143 ) ;
#4742 = LINE ( 'NONE', #793, #4194 ) ;
#4743 = VECTOR ( 'NONE', #8548, 39.37007874015748143 ) ;
#4744 = DIRECTION ( 'NONE',  ( 0.2588190451025564331, 0.000000000000000000, -0.9659258262890586533 ) ) ;
#4745 = CARTESIAN_POINT ( 'NONE',  ( -0.3937007874015748254, 1.307328710460744059, -0.07874015748031495954 ) ) ;
#4746 = CARTESIAN_POINT ( 'NONE',  ( 0.06895822148987558464, 1.287401574803149540, -0.5629921259842519676 ) ) ;
#4747 = VECTOR ( 'NONE', #9108, 39.37007874015748143 ) ;
#4748 = ORIENTED_EDGE ( 'NONE', *, *, #1589, .F. ) ;
#4749 = CARTESIAN_POINT ( 'NONE',  ( 0.1732283464566929387, 1.307328710460744059, 0.5826771653543307838 ) ) ;
#4750 = ORIENTED_EDGE ( 'NONE', *, *, #5092, .F. ) ;
#4751 = LINE ( 'NONE', #5863, #6411 ) ;
#4752 = CARTESIAN_POINT ( 'NONE',  ( -0.3937007874015748254, 0.1850393700787401619, -0.2637795275590551491 ) ) ;
#4753 = CARTESIAN_POINT ( 'NONE',  ( 0.03838582677165354451, 0.4685039370078740717, 0.6377952755905511584 ) ) ;
#4754 = LINE ( 'NONE', #6517, #8941 ) ;
#4755 = CARTESIAN_POINT ( 'NONE',  ( -0.3577200857378535215, 1.287401574803149540, 0.5629921259842519676 ) ) ;
#4756 = VECTOR ( 'NONE', #1960, 39.37007874015748143 ) ;
#4757 = EDGE_CURVE ( 'NONE', #9282, #9757, #8271, .T. ) ;
#4758 = VERTEX_POINT ( 'NONE', #3694 ) ;
#4759 = ORIENTED_EDGE ( 'NONE', *, *, #6003, .T. ) ;
#4760 = EDGE_CURVE ( 'NONE', #3966, #6209, #2890, .T. ) ;
#4761 = ADVANCED_FACE ( 'NONE', ( #8593 ), #4494, .F. ) ;
#4762 = CARTESIAN_POINT ( 'NONE',  ( -0.07874015748031495954, 0.5472440944881890035, -0.9448818897637796255 ) ) ;
#4763 = VECTOR ( 'NONE', #3061, 39.37007874015748143 ) ;
#4764 = LINE ( 'NONE', #3302, #1152 ) ;
#4765 = PLANE ( 'NONE',  #2129 ) ;
#4766 = DIRECTION ( 'NONE',  ( 0.7682835235934887264, 0.6401096994849969635, 0.000000000000000000 ) ) ;
#4767 = ORIENTED_EDGE ( 'NONE', *, *, #1630, .T. ) ;
#4768 = FACE_OUTER_BOUND ( 'NONE', #10349, .T. ) ;
#4769 = ORIENTED_EDGE ( 'NONE', *, *, #3204, .F. ) ;
#4770 = CARTESIAN_POINT ( 'NONE',  ( -0.07874015748031495954, 0.1850393700787401619, -0.6968503937007873850 ) ) ;
#4771 = VERTEX_POINT ( 'NONE', #6113 ) ;
#4772 = ADVANCED_FACE ( 'NONE', ( #10102 ), #2127, .T. ) ;
#4773 = LINE ( 'NONE', #9836, #10360 ) ;
#4774 = EDGE_CURVE ( 'NONE', #3834, #10295, #3752, .T. ) ;
#4775 = ORIENTED_EDGE ( 'NONE', *, *, #10092, .F. ) ;
#4776 = ADVANCED_FACE ( 'NONE', ( #5413 ), #10155, .F. ) ;
#4777 = CARTESIAN_POINT ( 'NONE',  ( 0.3149606299212598381, 0.5472440944881890035, -0.9448818897637796255 ) ) ;
#4778 = DIRECTION ( 'NONE',  ( 0.000000000000000000, 0.000000000000000000, 1.000000000000000000 ) ) ;
#4779 = CARTESIAN_POINT ( 'NONE',  ( 0.3937007874015748254, 0.3897637795275590844, -0.9448818897637796255 ) ) ;
#4780 = VERTEX_POINT ( 'NONE', #9461 ) ;
#4781 = DIRECTION ( 'NONE',  ( -3.707644274607585534E-15, 0.000000000000000000, 1.000000000000000000 ) ) ;
#4782 = DIRECTION ( 'NONE',  ( 0.000000000000000000, -1.000000000000000000, 0.000000000000000000 ) ) ;
#4783 = EDGE_CURVE ( 'NONE', #3491, #2180, #4555, .T. ) ;
#4784 = AXIS2_PLACEMENT_3D ( 'NONE', #8420, #1746, #2662 ) ;
#4785 = FACE_OUTER_BOUND ( 'NONE', #8652, .T. ) ;
#4786 = ORIENTED_EDGE ( 'NONE', *, *, #6500, .T. ) ;
#4787 = ORIENTED_EDGE ( 'NONE', *, *, #10147, .T. ) ;
#4788 = LINE ( 'NONE', #32, #8861 ) ;
#4789 = CARTESIAN_POINT ( 'NONE',  ( -0.1968503937007874127, 0.6456692913385827515, -0.5590551181102362266 ) ) ;
#4790 = AXIS2_PLACEMENT_3D ( 'NONE', #5174, #267, #109 ) ;
#4791 = LINE ( 'NONE', #637, #2139 ) ;
#4792 = LINE ( 'NONE', #10355, #751 ) ;
#4793 = CARTESIAN_POINT ( 'NONE',  ( -0.1968503937007874127, 0.7440944881889763884, -0.6200787401574803237 ) ) ;
#4794 = EDGE_CURVE ( 'NONE', #2926, #2033, #5062, .T. ) ;
#4795 = ADVANCED_FACE ( 'NONE', ( #2075 ), #9292, .F. ) ;
#4796 = CARTESIAN_POINT ( 'NONE',  ( -0.1968503937007874127, 0.6456692913385827515, -0.5590551181102362266 ) ) ;
#4797 = VERTEX_POINT ( 'NONE', #7779 ) ;
#4798 = CARTESIAN_POINT ( 'NONE',  ( 0.07874015748031495954, 0.000000000000000000, -0.07874015748031495954 ) ) ;
#4799 = ORIENTED_EDGE ( 'NONE', *, *, #5500, .T. ) ;
#4800 = LINE ( 'NONE', #8033, #6479 ) ;
#4801 = DIRECTION ( 'NONE',  ( 0.000000000000000000, 0.7071067811865494601, 0.7071067811865454633 ) ) ;
#4802 = VECTOR ( 'NONE', #4258, 39.37007874015748854 ) ;
#4803 = CARTESIAN_POINT ( 'NONE',  ( -0.07874015748031495954, -0.05118110236220472370, 0.3858267716535432879 ) ) ;
#4804 = DIRECTION ( 'NONE',  ( 1.000000000000000000, 0.000000000000000000, 0.000000000000000000 ) ) ;
#4805 = CARTESIAN_POINT ( 'NONE',  ( -0.1968503937007874127, 0.6456692913385827515, -0.5590551181102362266 ) ) ;
#4806 = VERTEX_POINT ( 'NONE', #9342 ) ;
#4807 = ADVANCED_FACE ( 'NONE', ( #394 ), #1039, .F. ) ;
#4808 = AXIS2_PLACEMENT_3D ( 'NONE', #6735, #325, #9278 ) ;
#4809 = ORIENTED_EDGE ( 'NONE', *, *, #8374, .F. ) ;
#4810 = AXIS2_PLACEMENT_3D ( 'NONE', #192, #3488, #10062 ) ;
#4811 = DIRECTION ( 'NONE',  ( 0.000000000000000000, 0.000000000000000000, 1.000000000000000000 ) ) ;
#4812 = DIRECTION ( 'NONE',  ( 0.000000000000000000, -1.000000000000000000, 0.000000000000000000 ) ) ;
#4813 = CARTESIAN_POINT ( 'NONE',  ( 0.3937007874015748254, 0.4685039370078740717, -0.5393700787401575214 ) ) ;
#4814 = DIRECTION ( 'NONE',  ( -1.000000000000000000, 0.000000000000000000, 0.000000000000000000 ) ) ;
#4815 = CARTESIAN_POINT ( 'NONE',  ( -0.3149606299212598381, 0.7440944881889763884, 0.5590551181102362266 ) ) ;
#4816 = ORIENTED_EDGE ( 'NONE', *, *, #1412, .F. ) ;
#4817 = EDGE_CURVE ( 'NONE', #2256, #7466, #2684, .T. ) ;
#4818 = LINE ( 'NONE', #3145, #7826 ) ;
#4819 = ORIENTED_EDGE ( 'NONE', *, *, #9226, .T. ) ;
#4820 = CARTESIAN_POINT ( 'NONE',  ( -0.3682501334879241806, 1.283464566929134021, 0.04935249569264862912 ) ) ;
#4821 = ORIENTED_EDGE ( 'NONE', *, *, #5702, .T. ) ;
#4822 = CARTESIAN_POINT ( 'NONE',  ( -0.04330708661417323468, -0.09055118110236221041, -0.05511811023622047168 ) ) ;
#4823 = ORIENTED_EDGE ( 'NONE', *, *, #4265, .F. ) ;
#4824 = CARTESIAN_POINT ( 'NONE',  ( -0.03838582677165354451, -0.09055118110236221041, -0.6377952755905511584 ) ) ;
#4825 = FACE_OUTER_BOUND ( 'NONE', #8721, .T. ) ;
#4826 = LINE ( 'NONE', #4070, #387 ) ;
#4827 = FACE_OUTER_BOUND ( 'NONE', #5475, .T. ) ;
#4828 = ORIENTED_EDGE ( 'NONE', *, *, #6898, .F. ) ;
#4829 = EDGE_CURVE ( 'NONE', #920, #667, #290, .T. ) ;
#4830 = CARTESIAN_POINT ( 'NONE',  ( 0.07874015748031495954, 0.6062992125984252301, 0.1476377952755905387 ) ) ;
#4831 = EDGE_CURVE ( 'NONE', #5716, #4516, #6807, .T. ) ;
#4832 = CARTESIAN_POINT ( 'NONE',  ( -0.1968503937007874127, 0.7440944881889763884, 0.5590551181102362266 ) ) ;
#4833 = ORIENTED_EDGE ( 'NONE', *, *, #7686, .F. ) ;
#4834 = CARTESIAN_POINT ( 'NONE',  ( -0.3937007874015748254, 0.1850393700787401619, 0.6377952755905511584 ) ) ;
#4835 = ORIENTED_EDGE ( 'NONE', *, *, #9041, .F. ) ;
#4836 = ORIENTED_EDGE ( 'NONE', *, *, #7721, .T. ) ;
#4837 = CIRCLE ( 'NONE', #3633, 0.1181102362204780182 ) ;
#4838 = CARTESIAN_POINT ( 'NONE',  ( -0.4921259842519685179, 0.3897637795275590844, -0.9448818897637796255 ) ) ;
#4839 = PLANE ( 'NONE',  #3560 ) ;
#4840 = EDGE_LOOP ( 'NONE', ( #4020, #7412, #2599 ) ) ;
#4841 = DIRECTION ( 'NONE',  ( -0.5299192642332068992, 0.8101845330534810374, -0.2505725359959660725 ) ) ;
#4842 = EDGE_CURVE ( 'NONE', #7711, #2126, #6052, .T. ) ;
#4843 = CARTESIAN_POINT ( 'NONE',  ( -0.07874015748031495954, -0.05118110236220472370, 0.8267716535433071723 ) ) ;
#4844 = CARTESIAN_POINT ( 'NONE',  ( 0.2736220472440945017, -0.09055118110236221041, 0.3687411576292917159 ) ) ;
#4845 = DIRECTION ( 'NONE',  ( 0.000000000000000000, 1.000000000000000000, 0.000000000000000000 ) ) ;
#4846 = DIRECTION ( 'NONE',  ( -1.000000000000000000, 0.000000000000000000, 0.000000000000000000 ) ) ;
#4847 = ORIENTED_EDGE ( 'NONE', *, *, #266, .F. ) ;
#4848 = DIRECTION ( 'NONE',  ( 1.000000000000000000, 0.000000000000000000, 0.000000000000000000 ) ) ;
#4849 = ORIENTED_EDGE ( 'NONE', *, *, #9928, .F. ) ;
#4850 = DIRECTION ( 'NONE',  ( -1.000000000000000000, 0.000000000000000000, 0.000000000000000000 ) ) ;
#4851 = EDGE_CURVE ( 'NONE', #8322, #9518, #5251, .T. ) ;
#4852 = DIRECTION ( 'NONE',  ( 1.000000000000000000, 0.000000000000000000, 0.000000000000000000 ) ) ;
#4853 = FACE_OUTER_BOUND ( 'NONE', #6917, .T. ) ;
#4854 = CARTESIAN_POINT ( 'NONE',  ( -0.1181102362204722311, 1.277551661354485057, -0.05751262296868166896 ) ) ;
#4855 = DIRECTION ( 'NONE',  ( 0.000000000000000000, -1.000000000000000000, 0.000000000000000000 ) ) ;
#4856 = VERTEX_POINT ( 'NONE', #4444 ) ;
#4857 = VERTEX_POINT ( 'NONE', #3636 ) ;
#4858 = LINE ( 'NONE', #8202, #6162 ) ;
#4859 = PLANE ( 'NONE',  #4420 ) ;
#4860 = EDGE_CURVE ( 'NONE', #1315, #5787, #9574, .T. ) ;
#4861 = CARTESIAN_POINT ( 'NONE',  ( -0.3553149606299212948, 1.027559055118110409, -0.4094488188976377896 ) ) ;
#4862 = EDGE_CURVE ( 'NONE', #136, #2728, #1529, .T. ) ;
#4863 = CARTESIAN_POINT ( 'NONE',  ( -0.3553149606299212948, 0.5472440944881890035, 0.6968503937007873850 ) ) ;
#4864 = DIRECTION ( 'NONE',  ( -0.000000000000000000, 1.000000000000000000, 0.000000000000000000 ) ) ;
#4865 = ORIENTED_EDGE ( 'NONE', *, *, #954, .F. ) ;
#4866 = DIRECTION ( 'NONE',  ( -1.000000000000000000, 0.000000000000000000, 0.000000000000000000 ) ) ;
#4867 = ORIENTED_EDGE ( 'NONE', *, *, #1950, .T. ) ;
#4868 = CARTESIAN_POINT ( 'NONE',  ( 0.1968503937007874127, 0.7440944881889763884, -0.5590551181102362266 ) ) ;
#4869 = ORIENTED_EDGE ( 'NONE', *, *, #1951, .T. ) ;
#4870 = CARTESIAN_POINT ( 'NONE',  ( -0.3634379719131740627, 1.302196153330389627, -0.04705065660423444346 ) ) ;
#4871 = ORIENTED_EDGE ( 'NONE', *, *, #8378, .T. ) ;
#4872 = VECTOR ( 'NONE', #697, 39.37007874015748143 ) ;
#4873 = DIRECTION ( 'NONE',  ( 0.000000000000000000, 1.000000000000000000, 0.000000000000000000 ) ) ;
#4874 = VECTOR ( 'NONE', #8132, 39.37007874015748854 ) ;
#4875 = CARTESIAN_POINT ( 'NONE',  ( -0.04330708661417323468, -0.09055118110236221041, -0.05511811023622047168 ) ) ;
#4876 = DIRECTION ( 'NONE',  ( -1.000000000000000000, 0.000000000000000000, 0.000000000000000000 ) ) ;
#4877 = VECTOR ( 'NONE', #6506, 39.37007874015748143 ) ;
#4878 = CARTESIAN_POINT ( 'NONE',  ( 0.4921259842519685179, 0.5000000000000000000, 0.9448818897637796255 ) ) ;
#4879 = EDGE_LOOP ( 'NONE', ( #6096, #8910, #6367, #490 ) ) ;
#4880 = LINE ( 'NONE', #6341, #3041 ) ;
#4881 = VERTEX_POINT ( 'NONE', #1377 ) ;
#4882 = VECTOR ( 'NONE', #9277, 39.37007874015748143 ) ;
#4883 = LINE ( 'NONE', #3922, #2480 ) ;
#4884 = ORIENTED_EDGE ( 'NONE', *, *, #1925, .T. ) ;
#4885 = CARTESIAN_POINT ( 'NONE',  ( 0.3523622047243937239, 0.000000000000000000, 0.2952755905511810774 ) ) ;
#4886 = ORIENTED_EDGE ( 'NONE', *, *, #4108, .F. ) ;
#4887 = VECTOR ( 'NONE', #4139, 39.37007874015748143 ) ;
#4888 = ORIENTED_EDGE ( 'NONE', *, *, #3972, .T. ) ;
#4889 = EDGE_CURVE ( 'NONE', #8638, #6228, #2998, .T. ) ;
#4890 = CARTESIAN_POINT ( 'NONE',  ( 0.01968503937007873988, -0.05118110236220472370, 0.4960629921259842590 ) ) ;
#4891 = EDGE_CURVE ( 'NONE', #1083, #4806, #5519, .T. ) ;
#4892 = CARTESIAN_POINT ( 'NONE',  ( -0.1358267716535433156, -0.09055118110236221041, 0.1279527559055118058 ) ) ;
#4893 = ORIENTED_EDGE ( 'NONE', *, *, #3031, .T. ) ;
#4894 = AXIS2_PLACEMENT_3D ( 'NONE', #7481, #2420, #4030 ) ;
#4895 = CARTESIAN_POINT ( 'NONE',  ( -0.3523622047244094335, -0.1102362204724409434, -0.4677695532303149939 ) ) ;
#4896 = DIRECTION ( 'NONE',  ( 1.000000000000000000, 0.000000000000000000, 0.000000000000000000 ) ) ;
#4897 = DIRECTION ( 'NONE',  ( -0.7682835235934920570, -0.6401096994849930777, 0.000000000000000000 ) ) ;
#4898 = FACE_OUTER_BOUND ( 'NONE', #27, .T. ) ;
#4899 = VECTOR ( 'NONE', #2023, 39.37007874015748143 ) ;
#4900 = AXIS2_PLACEMENT_3D ( 'NONE', #7820, #2002, #7065 ) ;
#4901 = DIRECTION ( 'NONE',  ( 0.000000000000000000, 1.000000000000000000, -2.135044278125299765E-15 ) ) ;
#4902 = ORIENTED_EDGE ( 'NONE', *, *, #344, .F. ) ;
#4903 = ADVANCED_FACE ( 'NONE', ( #3807 ), #6421, .T. ) ;
#4904 = CARTESIAN_POINT ( 'NONE',  ( -0.3577200857378535215, 1.169291338582649553, 0.9448818897637796255 ) ) ;
#4905 = VECTOR ( 'NONE', #150, 39.37007874015748143 ) ;
#4906 = VECTOR ( 'NONE', #6636, 39.37007874015748143 ) ;
#4907 = CIRCLE ( 'NONE', #3027, 0.1181102362204724116 ) ;
#4908 = ORIENTED_EDGE ( 'NONE', *, *, #4344, .T. ) ;
#4909 = LINE ( 'NONE', #6461, #4874 ) ;
#4910 = LINE ( 'NONE', #5770, #3018 ) ;
#4911 = DIRECTION ( 'NONE',  ( -1.000000000000000000, 1.051985127942272156E-15, 0.000000000000000000 ) ) ;
#4912 = CARTESIAN_POINT ( 'NONE',  ( -0.4921259842519685179, 0.3897637795275590844, -0.9448818897637796255 ) ) ;
#4913 = CARTESIAN_POINT ( 'NONE',  ( -0.03838582677165354451, 0.1850393700787401619, -0.4251968503937008093 ) ) ;
#4914 = ORIENTED_EDGE ( 'NONE', *, *, #4590, .T. ) ;
#4915 = VECTOR ( 'NONE', #7856, 39.37007874015748143 ) ;
#4916 = AXIS2_PLACEMENT_3D ( 'NONE', #7490, #800, #5763 ) ;
#4917 = EDGE_LOOP ( 'NONE', ( #5477, #7567, #3604, #5604 ) ) ;
#4918 = EDGE_CURVE ( 'NONE', #108, #1885, #4663, .T. ) ;
#4919 = CARTESIAN_POINT ( 'NONE',  ( -0.3608103414703005551, 1.248916737109193598, -0.05420686238688434549 ) ) ;
#4920 = DIRECTION ( 'NONE',  ( 0.000000000000000000, -1.000000000000000000, 0.000000000000000000 ) ) ;
#4921 = VECTOR ( 'NONE', #3964, 39.37007874015747433 ) ;
#4922 = LINE ( 'NONE', #10527, #7651 ) ;
#4923 = FACE_BOUND ( 'NONE', #6640, .T. ) ;
#4924 = CARTESIAN_POINT ( 'NONE',  ( -0.07874015748031495954, 0.1850393700787401619, -0.6968503937007873850 ) ) ;
#4925 = ORIENTED_EDGE ( 'NONE', *, *, #7956, .F. ) ;
#4926 = ORIENTED_EDGE ( 'NONE', *, *, #5330, .F. ) ;
#4927 = DIRECTION ( 'NONE',  ( 0.000000000000000000, 1.000000000000000000, 0.000000000000000000 ) ) ;
#4928 = EDGE_LOOP ( 'NONE', ( #8377, #1229, #133, #9564 ) ) ;
#4929 = EDGE_CURVE ( 'NONE', #10339, #5815, #6375, .T. ) ;
#4930 = ADVANCED_FACE ( 'NONE', ( #10590 ), #5570, .F. ) ;
#4931 = PERSON_AND_ORGANIZATION ( #8048, #9148 ) ;
#4932 = ORIENTED_EDGE ( 'NONE', *, *, #6297, .F. ) ;
#4933 = DIRECTION ( 'NONE',  ( 0.000000000000000000, 0.000000000000000000, 1.000000000000000000 ) ) ;
#4934 = CARTESIAN_POINT ( 'NONE',  ( 0.3523622047243779587, 0.4685039370078740717, -0.4677695532303369763 ) ) ;
#4935 = ORIENTED_EDGE ( 'NONE', *, *, #4512, .T. ) ;
#4936 = CARTESIAN_POINT ( 'NONE',  ( 0.01968503937007873988, -0.09055118110236221041, 0.4960629921259842590 ) ) ;
#4937 = ORIENTED_EDGE ( 'NONE', *, *, #5290, .F. ) ;
#4938 = DIRECTION ( 'NONE',  ( 0.9659258262890567659, 0.000000000000000000, -0.2588190451025640382 ) ) ;
#4939 = AXIS2_PLACEMENT_3D ( 'NONE', #299, #6712, #1974 ) ;
#4940 = ORIENTED_EDGE ( 'NONE', *, *, #10344, .T. ) ;
#4941 = LINE ( 'NONE', #10104, #2149 ) ;
#4942 = ORIENTED_EDGE ( 'NONE', *, *, #4370, .T. ) ;
#4943 = LINE ( 'NONE', #3165, #9831 ) ;
#4944 = ORIENTED_EDGE ( 'NONE', *, *, #2517, .F. ) ;
#4945 = ORIENTED_EDGE ( 'NONE', *, *, #2035, .T. ) ;
#4946 = VECTOR ( 'NONE', #5931, 39.37007874015748143 ) ;
#4947 = CARTESIAN_POINT ( 'NONE',  ( 0.04330708661417323468, -0.04527559055118110520, 0.1279527559055118058 ) ) ;
#4948 = DIRECTION ( 'NONE',  ( 0.000000000000000000, 1.000000000000000000, 0.000000000000000000 ) ) ;
#4949 = CARTESIAN_POINT ( 'NONE',  ( -0.3740157480314960647, 1.283464566929133799, -0.03543307086614173179 ) ) ;
#4950 = DIRECTION ( 'NONE',  ( 0.000000000000000000, 0.000000000000000000, 1.000000000000000000 ) ) ;
#4951 = CARTESIAN_POINT ( 'NONE',  ( -0.06895822148987558464, 1.287401574803149540, 0.5629921259842519676 ) ) ;
#4952 = CARTESIAN_POINT ( 'NONE',  ( 0.07874015748031495954, 0.1850393700787401619, -0.6968503937007873850 ) ) ;
#4953 = EDGE_CURVE ( 'NONE', #8116, #2027, #8760, .T. ) ;
#4954 = LINE ( 'NONE', #4091, #8307 ) ;
#4955 = ORIENTED_EDGE ( 'NONE', *, *, #9927, .F. ) ;
#4956 = CARTESIAN_POINT ( 'NONE',  ( -0.07874015748031495954, 0.4855184551668063064, -0.1279527559055118058 ) ) ;
#4957 = VECTOR ( 'NONE', #6160, 39.37007874015748143 ) ;
#4958 = ORIENTED_EDGE ( 'NONE', *, *, #4537, .T. ) ;
#4959 = CARTESIAN_POINT ( 'NONE',  ( -0.03838582677165354451, 1.027559055118110409, -0.4094488188976377896 ) ) ;
#4960 = DIRECTION ( 'NONE',  ( 0.000000000000000000, 0.000000000000000000, 1.000000000000000000 ) ) ;
#4961 = CARTESIAN_POINT ( 'NONE',  ( -0.1129567049645837928, 1.303149606299212504, -0.03543307086614172485 ) ) ;
#4962 = DIRECTION ( 'NONE',  ( -1.000000000000000000, 0.000000000000000000, 0.000000000000000000 ) ) ;
#4963 = CARTESIAN_POINT ( 'NONE',  ( -0.1476377952755905387, -0.03543307086614173179, 0.1279527559055118058 ) ) ;
#4964 = EDGE_CURVE ( 'NONE', #9789, #2911, #5622, .T. ) ;
#4965 = ADVANCED_FACE ( 'NONE', ( #4768 ), #9727, .F. ) ;
#4966 = VERTEX_POINT ( 'NONE', #7945 ) ;
#4967 = EDGE_CURVE ( 'NONE', #9017, #7722, #8912, .T. ) ;
#4968 = CARTESIAN_POINT ( 'NONE',  ( -0.1279527559055118058, 0.7913385826771653919, 0.5354330708661416693 ) ) ;
#4969 = PLANE ( 'NONE',  #5967 ) ;
#4970 = CARTESIAN_POINT ( 'NONE',  ( -0.2204724409448818867, 0.8385826771609488084, -0.5590551181102362266 ) ) ;
#4971 = CARTESIAN_POINT ( 'NONE',  ( -0.3937007874015748254, 0.3897637795275590844, 0.9448818897637796255 ) ) ;
#4972 = DIRECTION ( 'NONE',  ( 0.000000000000000000, -0.7712230250021169242, -0.6365650365096909846 ) ) ;
#4973 = ORIENTED_EDGE ( 'NONE', *, *, #3578, .T. ) ;
#4974 = EDGE_CURVE ( 'NONE', #7314, #8459, #6477, .T. ) ;
#4975 = ORIENTED_EDGE ( 'NONE', *, *, #10095, .T. ) ;
#4976 = VECTOR ( 'NONE', #10185, 39.37007874015748143 ) ;
#4977 = DIRECTION ( 'NONE',  ( 0.000000000000000000, 0.000000000000000000, -1.000000000000000000 ) ) ;
#4978 = ORIENTED_EDGE ( 'NONE', *, *, #9444, .T. ) ;
#4979 = ORIENTED_EDGE ( 'NONE', *, *, #4678, .F. ) ;
#4980 = LINE ( 'NONE', #6836, #1969 ) ;
#4981 = VECTOR ( 'NONE', #273, 39.37007874015748143 ) ;
#4982 = CARTESIAN_POINT ( 'NONE',  ( 0.3523622047244094335, 0.4685039370078740717, -0.4251968503937008093 ) ) ;
#4983 = CARTESIAN_POINT ( 'NONE',  ( 0.07874015748031495954, 0.6062992125984252301, -0.9448818897637796255 ) ) ;
#4984 = CARTESIAN_POINT ( 'NONE',  ( 0.1968503937007874127, 0.7913385826771653919, 0.5590551181102362266 ) ) ;
#4985 = DIRECTION ( 'NONE',  ( -1.000000000000000000, 0.000000000000000000, 0.000000000000000000 ) ) ;
#4986 = ORIENTED_EDGE ( 'NONE', *, *, #8980, .F. ) ;
#4987 = EDGE_CURVE ( 'NONE', #5641, #7328, #4002, .T. ) ;
#4988 = EDGE_CURVE ( 'NONE', #10272, #3344, #557, .T. ) ;
#4989 = DIRECTION ( 'NONE',  ( 0.000000000000000000, 1.000000000000000000, 0.000000000000000000 ) ) ;
#4990 = ORIENTED_EDGE ( 'NONE', *, *, #4208, .F. ) ;
#4991 = DIRECTION ( 'NONE',  ( -1.000000000000000000, 0.000000000000000000, 0.000000000000000000 ) ) ;
#4992 = ORIENTED_EDGE ( 'NONE', *, *, #5717, .T. ) ;
#4993 = CARTESIAN_POINT ( 'NONE',  ( -0.03838582677165354451, 0.8700787401574804347, -0.9448818897637796255 ) ) ;
#4994 = VERTEX_POINT ( 'NONE', #3855 ) ;
#4995 = VERTEX_POINT ( 'NONE', #3205 ) ;
#4996 = DIRECTION ( 'NONE',  ( 0.000000000000000000, -1.788374717501859835E-16, 1.000000000000000000 ) ) ;
#4997 = FACE_OUTER_BOUND ( 'NONE', #5518, .T. ) ;
#4998 = PLANE ( 'NONE',  #1980 ) ;
#4999 = EDGE_CURVE ( 'NONE', #9282, #7159, #4818, .T. ) ;
#5000 = DIRECTION ( 'NONE',  ( -1.445602896647336195E-14, 0.000000000000000000, 1.000000000000000000 ) ) ;
#5001 = EDGE_CURVE ( 'NONE', #6046, #7999, #7287, .T. ) ;
#5002 = DIRECTION ( 'NONE',  ( 0.000000000000000000, 1.000000000000000000, -1.213093339843927959E-15 ) ) ;
#5003 = CARTESIAN_POINT ( 'NONE',  ( 0.1279527559055118058, 0.7913385826771653919, 0.5826771653543307838 ) ) ;
#5004 = CARTESIAN_POINT ( 'NONE',  ( 0.3798818897637795122, 0.5472440944881890035, -0.9448818897637796255 ) ) ;
#5005 = VERTEX_POINT ( 'NONE', #6327 ) ;
#5006 = CARTESIAN_POINT ( 'NONE',  ( 0.3149606299212598381, 0.5472440944881890035, -0.1476377952755905387 ) ) ;
#5007 = VERTEX_POINT ( 'NONE', #9622 ) ;
#5008 = CARTESIAN_POINT ( 'NONE',  ( -0.03838582677165354451, 0.8464566929133857665, -0.9212598425196850682 ) ) ;
#5009 = VECTOR ( 'NONE', #2093, 39.37007874015748143 ) ;
#5010 = FACE_OUTER_BOUND ( 'NONE', #5233, .T. ) ;
#5011 = DIRECTION ( 'NONE',  ( 0.000000000000000000, -1.000000000000000000, 0.000000000000000000 ) ) ;
#5012 = DIRECTION ( 'NONE',  ( 1.000000000000000000, 0.000000000000000000, 0.000000000000000000 ) ) ;
#5013 = LINE ( 'NONE', #10077, #4802 ) ;
#5014 = VERTEX_POINT ( 'NONE', #2240 ) ;
#5015 = ADVANCED_FACE ( 'NONE', ( #8965 ), #7348, .F. ) ;
#5016 = VECTOR ( 'NONE', #2559, 39.37007874015748143 ) ;
#5017 = EDGE_CURVE ( 'NONE', #4128, #9411, #3258, .T. ) ;
#5018 = FACE_OUTER_BOUND ( 'NONE', #8103, .T. ) ;
#5019 = EDGE_CURVE ( 'NONE', #9982, #2854, #5673, .T. ) ;
#5020 = DIRECTION ( 'NONE',  ( -0.000000000000000000, 1.000000000000000000, 0.000000000000000000 ) ) ;
#5021 = DIRECTION ( 'NONE',  ( 0.000000000000000000, -1.000000000000000000, 0.000000000000000000 ) ) ;
#5022 = DIRECTION ( 'NONE',  ( -0.7071067811865474617, 0.000000000000000000, -0.7071067811865474617 ) ) ;
#5023 = DIRECTION ( 'NONE',  ( 0.000000000000000000, 1.000000000000000000, 0.000000000000000000 ) ) ;
#5024 = ORIENTED_EDGE ( 'NONE', *, *, #149, .T. ) ;
#5025 = ORIENTED_EDGE ( 'NONE', *, *, #9405, .F. ) ;
#5026 = CARTESIAN_POINT ( 'NONE',  ( -0.3523622047244094335, -0.09055118110236221041, -0.6968503937007873850 ) ) ;
#5027 = ORIENTED_EDGE ( 'NONE', *, *, #1631, .F. ) ;
#5028 = ORIENTED_EDGE ( 'NONE', *, *, #4891, .T. ) ;
#5029 = ADVANCED_FACE ( 'NONE', ( #4061 ), #4034, .T. ) ;
#5030 = FACE_OUTER_BOUND ( 'NONE', #674, .T. ) ;
#5031 = LINE ( 'NONE', #8267, #9416 ) ;
#5032 = FACE_OUTER_BOUND ( 'NONE', #8193, .T. ) ;
#5033 = CARTESIAN_POINT ( 'NONE',  ( -0.3937007874015748254, 1.137795275590551158, 0.07874015748031495954 ) ) ;
#5034 = ORIENTED_EDGE ( 'NONE', *, *, #4063, .T. ) ;
#5035 = CARTESIAN_POINT ( 'NONE',  ( 0.07874015748031495954, 0.5472440944881890035, 0.9448818897637796255 ) ) ;
#5036 = ORIENTED_EDGE ( 'NONE', *, *, #6297, .T. ) ;
#5037 = DIRECTION ( 'NONE',  ( 0.000000000000000000, 1.000000000000000000, -1.724867092590574648E-17 ) ) ;
#5038 = ORIENTED_EDGE ( 'NONE', *, *, #544, .F. ) ;
#5039 = CARTESIAN_POINT ( 'NONE',  ( 0.4537401574803149873, 0.6574803149606299746, 0.9448818897637796255 ) ) ;
#5040 = VECTOR ( 'NONE', #8317, 39.37007874015748143 ) ;
#5041 = EDGE_LOOP ( 'NONE', ( #7948, #1181, #229, #6595, #204, #10591, #4819, #835 ) ) ;
#5042 = VECTOR ( 'NONE', #4096, 39.37007874015748143 ) ;
#5043 = EDGE_LOOP ( 'NONE', ( #615, #1192, #5762, #2276 ) ) ;
#5044 = EDGE_CURVE ( 'NONE', #2347, #8470, #3372, .T. ) ;
#5045 = VECTOR ( 'NONE', #10199, 39.37007874015748143 ) ;
#5046 = CARTESIAN_POINT ( 'NONE',  ( -0.4921259842519685179, -0.09055118110236221041, -0.6968503937007873850 ) ) ;
#5047 = LINE ( 'NONE', #2734, #7865 ) ;
#5048 = CARTESIAN_POINT ( 'NONE',  ( 0.1968503937007874127, 0.8385826771609488084, 0.5826771653543307838 ) ) ;
#5049 = CARTESIAN_POINT ( 'NONE',  ( -0.1476377952755905387, -0.03543307086614173179, 0.1279527559055118058 ) ) ;
#5050 = AXIS2_PLACEMENT_3D ( 'NONE', #5507, #5660, #543 ) ;
#5051 = CARTESIAN_POINT ( 'NONE',  ( -0.1968503937007874127, 0.8385826771609488084, 0.5826771653543307838 ) ) ;
#5052 = VECTOR ( 'NONE', #6452, 39.37007874015748143 ) ;
#5053 = DIRECTION ( 'NONE',  ( 0.000000000000000000, -1.000000000000000000, 0.000000000000000000 ) ) ;
#5054 = EDGE_LOOP ( 'NONE', ( #8809, #172, #6057, #10483 ) ) ;
#5055 = EDGE_CURVE ( 'NONE', #667, #1946, #265, .T. ) ;
#5056 = EDGE_CURVE ( 'NONE', #178, #8725, #3564, .T. ) ;
#5057 = DIRECTION ( 'NONE',  ( 0.000000000000000000, -0.5843047258450760895, -0.8115343414514941678 ) ) ;
#5058 = VECTOR ( 'NONE', #4521, 39.37007874015748143 ) ;
#5059 = ORIENTED_EDGE ( 'NONE', *, *, #309, .F. ) ;
#5060 = AXIS2_PLACEMENT_3D ( 'NONE', #5954, #836, #2568 ) ;
#5061 = LINE ( 'NONE', #1879, #9339 ) ;
#5062 = B_SPLINE_CURVE_WITH_KNOTS ( 'NONE', 3,
 ( #10273, #7029, #7677, #6857, #454, #1907 ),
 .UNSPECIFIED., .F., .F.,
 ( 4, 2, 4 ),
 ( 0.000000000000000000, 0.5000000000000000000, 1.000000000000000000 ),
 .UNSPECIFIED. ) ;
#5063 = DIRECTION ( 'NONE',  ( 0.000000000000000000, -0.2954697229221149302, -0.9553521041146707526 ) ) ;
#5064 = CARTESIAN_POINT ( 'NONE',  ( -0.1279527559055118058, 0.8385826771609488084, 0.5826771653543307838 ) ) ;
#5065 = PLANE ( 'NONE',  #6180 ) ;
#5066 = ORIENTED_EDGE ( 'NONE', *, *, #2918, .F. ) ;
#5067 = VECTOR ( 'NONE', #1153, 39.37007874015748143 ) ;
#5068 = CIRCLE ( 'NONE', #5236, 0.06102362204724406936 ) ;
#5069 = VECTOR ( 'NONE', #683, 39.37007874015748143 ) ;
#5070 = VECTOR ( 'NONE', #4352, 39.37007874015748143 ) ;
#5071 = CARTESIAN_POINT ( 'NONE',  ( -0.07874015748031495954, 3.975052256406008053E-16, -0.07874015748031495954 ) ) ;
#5072 = LINE ( 'NONE', #3410, #3226 ) ;
#5073 = CARTESIAN_POINT ( 'NONE',  ( -0.07874015748031495954, 0.6062992125984252301, -0.9448818897637796255 ) ) ;
#5074 = CARTESIAN_POINT ( 'NONE',  ( -0.4921259842519685179, 1.287401574803149540, -0.07874015748031495954 ) ) ;
#5075 = DIRECTION ( 'NONE',  ( 0.000000000000000000, 0.000000000000000000, 1.000000000000000000 ) ) ;
#5076 = AXIS2_PLACEMENT_3D ( 'NONE', #1388, #5634, #1436 ) ;
#5077 = VECTOR ( 'NONE', #3983, 39.37007874015748143 ) ;
#5078 = VERTEX_POINT ( 'NONE', #10252 ) ;
#5079 = ORIENTED_EDGE ( 'NONE', *, *, #8255, .T. ) ;
#5080 = EDGE_CURVE ( 'NONE', #2507, #3102, #4980, .T. ) ;
#5081 = DIRECTION ( 'NONE',  ( 0.000000000000000000, 1.000000000000000000, -2.135044278125299765E-15 ) ) ;
#5082 = ORIENTED_EDGE ( 'NONE', *, *, #5017, .T. ) ;
#5083 = ORIENTED_EDGE ( 'NONE', *, *, #2199, .T. ) ;
#5084 = VECTOR ( 'NONE', #570, 39.37007874015748143 ) ;
#5085 = DIRECTION ( 'NONE',  ( 0.000000000000000000, -0.7712230250021169242, 0.6365650365096909846 ) ) ;
#5086 = CARTESIAN_POINT ( 'NONE',  ( -0.09842519685039370636, 1.137795275590551158, 0.03543307086614173179 ) ) ;
#5087 = LINE ( 'NONE', #9082, #4702 ) ;
#5088 = CARTESIAN_POINT ( 'NONE',  ( -0.2204724409448818867, 0.6456692913385827515, -0.6747790429661338907 ) ) ;
#5089 = ORIENTED_EDGE ( 'NONE', *, *, #4135, .T. ) ;
#5090 = DIRECTION ( 'NONE',  ( 1.000000000000000000, 0.000000000000000000, 0.000000000000000000 ) ) ;
#5091 = ORIENTED_EDGE ( 'NONE', *, *, #3729, .T. ) ;
#5092 = EDGE_CURVE ( 'NONE', #1896, #2442, #5282, .T. ) ;
#5093 = EDGE_CURVE ( 'NONE', #8560, #8966, #1287, .T. ) ;
#5094 = LINE ( 'NONE', #4129, #4202 ) ;
#5095 = EDGE_CURVE ( 'NONE', #3888, #2880, #2701, .T. ) ;
#5096 = VERTEX_POINT ( 'NONE', #1183 ) ;
#5097 = DIRECTION ( 'NONE',  ( 0.000000000000000000, 0.000000000000000000, 1.000000000000000000 ) ) ;
#5098 = ORIENTED_EDGE ( 'NONE', *, *, #10388, .T. ) ;
#5099 = EDGE_LOOP ( 'NONE', ( #5337, #6112, #8747, #3436, #8128, #328, #3671, #4653 ) ) ;
#5100 = CARTESIAN_POINT ( 'NONE',  ( 0.4708673554917520154, 0.1850393700787401619, -0.6730264953181219756 ) ) ;
#5101 = DIRECTION ( 'NONE',  ( -1.000000000000000000, 0.000000000000000000, 4.078408702068339827E-15 ) ) ;
#5102 = AXIS2_PLACEMENT_3D ( 'NONE', #8332, #5749, #3440 ) ;
#5103 = FACE_OUTER_BOUND ( 'NONE', #5985, .T. ) ;
#5104 = FACE_OUTER_BOUND ( 'NONE', #1708, .T. ) ;
#5105 = LINE ( 'NONE', #5908, #9809 ) ;
#5106 = EDGE_CURVE ( 'NONE', #10615, #4797, #6086, .T. ) ;
#5107 = VECTOR ( 'NONE', #8356, 39.37007874015748143 ) ;
#5108 = CARTESIAN_POINT ( 'NONE',  ( 0.3937007874015748254, 0.4905511811023622326, 0.9448818897637796255 ) ) ;
#5109 = ORIENTED_EDGE ( 'NONE', *, *, #1532, .F. ) ;
#5110 = VECTOR ( 'NONE', #10041, 39.37007874015748143 ) ;
#5111 = VERTEX_POINT ( 'NONE', #7758 ) ;
#5112 = PLANE ( 'NONE',  #8701 ) ;
#5113 = ORIENTED_EDGE ( 'NONE', *, *, #1292, .T. ) ;
#5114 = FACE_OUTER_BOUND ( 'NONE', #7121, .T. ) ;
#5115 = LINE ( 'NONE', #6028, #10055 ) ;
#5116 = DIRECTION ( 'NONE',  ( 0.000000000000000000, 1.000000000000000000, 0.000000000000000000 ) ) ;
#5117 = PLANE ( 'NONE',  #9633 ) ;
#5118 = EDGE_CURVE ( 'NONE', #5078, #9084, #8457, .T. ) ;
#5119 = EDGE_CURVE ( 'NONE', #5746, #7286, #3615, .T. ) ;
#5120 = ORIENTED_EDGE ( 'NONE', *, *, #5375, .T. ) ;
#5121 = ORIENTED_EDGE ( 'NONE', *, *, #2939, .F. ) ;
#5122 = CIRCLE ( 'NONE', #8567, 0.06102362204724406936 ) ;
#5123 = FACE_OUTER_BOUND ( 'NONE', #7060, .T. ) ;
#5124 = DIRECTION ( 'NONE',  ( 0.000000000000000000, -0.5843047258450756454, 0.8115343414514943898 ) ) ;
#5125 = PLANE ( 'NONE',  #1113 ) ;
#5126 = PLANE ( 'NONE',  #152 ) ;
#5127 = ORIENTED_EDGE ( 'NONE', *, *, #4246, .T. ) ;
#5128 = AXIS2_PLACEMENT_3D ( 'NONE', #7597, #208, #968 ) ;
#5129 = EDGE_CURVE ( 'NONE', #2360, #4251, #1238, .T. ) ;
#5130 = ORIENTED_EDGE ( 'NONE', *, *, #1604, .F. ) ;
#5131 = DIRECTION ( 'NONE',  ( 0.000000000000000000, 0.000000000000000000, -1.000000000000000000 ) ) ;
#5132 = VERTEX_POINT ( 'NONE', #1697 ) ;
#5133 =( CONVERSION_BASED_UNIT ( 'INCH', #874 ) LENGTH_UNIT ( ) NAMED_UNIT ( #5709 ) );
#5134 = ORIENTED_EDGE ( 'NONE', *, *, #9966, .T. ) ;
#5135 = PLANE ( 'NONE',  #124 ) ;
#5136 = PLANE ( 'NONE',  #8547 ) ;
#5137 = LINE ( 'NONE', #2610, #7448 ) ;
#5138 = FACE_OUTER_BOUND ( 'NONE', #8214, .T. ) ;
#5139 = EDGE_LOOP ( 'NONE', ( #6740, #7607, #4253, #317, #6688, #6241, #1723, #937, #7099, #485, #326 ) ) ;
#5140 = VECTOR ( 'NONE', #750, 39.37007874015748143 ) ;
#5141 = LINE ( 'NONE', #6703, #440 ) ;
#5142 = EDGE_LOOP ( 'NONE', ( #7368, #3278, #6089, #3380 ) ) ;
#5143 = DIRECTION ( 'NONE',  ( 0.000000000000000000, 1.000000000000000000, 0.000000000000000000 ) ) ;
#5144 = ORIENTED_EDGE ( 'NONE', *, *, #7778, .T. ) ;
#5145 = CYLINDRICAL_SURFACE ( 'NONE', #871, 0.01968503937007873988 ) ;
#5146 = VECTOR ( 'NONE', #9981, 39.37007874015748143 ) ;
#5147 = ORIENTED_EDGE ( 'NONE', *, *, #5654, .F. ) ;
#5148 = VERTEX_POINT ( 'NONE', #370 ) ;
#5149 = VECTOR ( 'NONE', #9856, 39.37007874015748143 ) ;
#5150 = CARTESIAN_POINT ( 'NONE',  ( -0.3149606299212598381, 0.5472440944881890035, 0.6968503937007873850 ) ) ;
#5151 = CARTESIAN_POINT ( 'NONE',  ( -0.4921259842519685179, -0.09055118110236221041, 0.6968503937007873850 ) ) ;
#5152 = EDGE_CURVE ( 'NONE', #10531, #8790, #2754, .T. ) ;
#5153 = ADVANCED_FACE ( 'NONE', ( #6032 ), #5224, .T. ) ;
#5154 = CARTESIAN_POINT ( 'NONE',  ( -0.2933070866141732624, 0.1850393700787401619, -0.2637795275590551491 ) ) ;
#5155 = CARTESIAN_POINT ( 'NONE',  ( -0.3149606299212598381, 0.6062992125984252301, -0.9448818897637796255 ) ) ;
#5156 = ORIENTED_EDGE ( 'NONE', *, *, #5152, .T. ) ;
#5157 = DIRECTION ( 'NONE',  ( -0.000000000000000000, 1.000000000000000000, 0.000000000000000000 ) ) ;
#5158 = PLANE ( 'NONE',  #4810 ) ;
#5159 = CARTESIAN_POINT ( 'NONE',  ( -0.4921259842519685179, 0.1850393700787401619, -0.6968503937007873850 ) ) ;
#5160 = ORIENTED_EDGE ( 'NONE', *, *, #4076, .T. ) ;
#5161 = ORIENTED_EDGE ( 'NONE', *, *, #8964, .T. ) ;
#5162 = DIRECTION ( 'NONE',  ( 0.000000000000000000, 0.000000000000000000, 1.000000000000000000 ) ) ;
#5163 = EDGE_CURVE ( 'NONE', #9948, #4856, #318, .T. ) ;
#5164 = ORIENTED_EDGE ( 'NONE', *, *, #9054, .F. ) ;
#5165 = CARTESIAN_POINT ( 'NONE',  ( -0.2657480314960630197, 1.307328710460744059, 0.5826771653543307838 ) ) ;
#5166 = CARTESIAN_POINT ( 'NONE',  ( 0.3937401574803149340, 1.287401574803149540, -0.5629921259842519676 ) ) ;
#5167 = DIRECTION ( 'NONE',  ( -1.000000000000000000, 1.788374717501859983E-15, 0.000000000000000000 ) ) ;
#5168 = CARTESIAN_POINT ( 'NONE',  ( -0.1476377952755905387, -0.03543307086614173179, -0.1279527559055118058 ) ) ;
#5169 = EDGE_LOOP ( 'NONE', ( #9581, #10370, #8417, #2081 ) ) ;
#5170 = ORIENTED_EDGE ( 'NONE', *, *, #8252, .T. ) ;
#5171 = CARTESIAN_POINT ( 'NONE',  ( -0.2204724409448818867, 0.8385826771609488084, 0.5590551181102362266 ) ) ;
#5172 = VECTOR ( 'NONE', #1170, 39.37007874015748143 ) ;
#5173 = EDGE_CURVE ( 'NONE', #7786, #6158, #5388, .T. ) ;
#5174 = CARTESIAN_POINT ( 'NONE',  ( -0.3149606299212598381, 0.7440944881889763884, -0.5590551181102362266 ) ) ;
#5175 = VERTEX_POINT ( 'NONE', #2106 ) ;
#5176 = CARTESIAN_POINT ( 'NONE',  ( -0.1181102362204724809, 1.288618098185022820, -0.05511811023622040229 ) ) ;
#5177 = LINE ( 'NONE', #113, #4381 ) ;
#5178 = LINE ( 'NONE', #7600, #9537 ) ;
#5179 = LINE ( 'NONE', #165, #7911 ) ;
#5180 = ORIENTED_EDGE ( 'NONE', *, *, #1589, .T. ) ;
#5181 = ORIENTED_EDGE ( 'NONE', *, *, #5848, .T. ) ;
#5182 = VECTOR ( 'NONE', #9410, 39.37007874015748143 ) ;
#5183 = LINE ( 'NONE', #1081, #2490 ) ;
#5184 = ORIENTED_EDGE ( 'NONE', *, *, #6486, .F. ) ;
#5185 = ORIENTED_EDGE ( 'NONE', *, *, #7221, .T. ) ;
#5186 = EDGE_CURVE ( 'NONE', #7159, #6531, #3891, .T. ) ;
#5187 = EDGE_CURVE ( 'NONE', #8426, #7472, #8680, .T. ) ;
#5188 = DIRECTION ( 'NONE',  ( 0.000000000000000000, 0.000000000000000000, -1.000000000000000000 ) ) ;
#5189 = DIRECTION ( 'NONE',  ( 0.000000000000000000, 0.000000000000000000, -1.000000000000000000 ) ) ;
#5190 = DIRECTION ( 'NONE',  ( 0.000000000000000000, -1.000000000000000000, 0.000000000000000000 ) ) ;
#5191 = CARTESIAN_POINT ( 'NONE',  ( -0.2204724409448818867, 1.307328710460744059, -0.5826771653543307838 ) ) ;
#5192 = ORIENTED_EDGE ( 'NONE', *, *, #6073, .T. ) ;
#5193 = CARTESIAN_POINT ( 'NONE',  ( -0.1968503937006692850, 0.2837642458494031295, -0.5590551181102362266 ) ) ;
#5194 = VERTEX_POINT ( 'NONE', #4692 ) ;
#5195 = DIRECTION ( 'NONE',  ( 0.000000000000000000, -1.000000000000000000, 0.000000000000000000 ) ) ;
#5196 = ORIENTED_EDGE ( 'NONE', *, *, #3065, .F. ) ;
#5197 = FACE_OUTER_BOUND ( 'NONE', #10281, .T. ) ;
#5198 = ORIENTED_EDGE ( 'NONE', *, *, #4537, .F. ) ;
#5199 = ORIENTED_EDGE ( 'NONE', *, *, #3600, .T. ) ;
#5200 = DIRECTION ( 'NONE',  ( 0.000000000000000000, -1.000000000000000000, 0.000000000000000000 ) ) ;
#5201 = FACE_OUTER_BOUND ( 'NONE', #3136, .T. ) ;
#5202 = DIRECTION ( 'NONE',  ( -1.000000000000000000, 0.000000000000000000, 0.000000000000000000 ) ) ;
#5203 = DIRECTION ( 'NONE',  ( 0.000000000000000000, -1.000000000000000000, 0.000000000000000000 ) ) ;
#5204 = VERTEX_POINT ( 'NONE', #9491 ) ;
#5205 = CARTESIAN_POINT ( 'NONE',  ( -0.4921259842519685179, 0.1850393700787401619, 0.6968503937007873850 ) ) ;
#5206 = AXIS2_PLACEMENT_3D ( 'NONE', #9826, #3852, #1479 ) ;
#5207 = DIRECTION ( 'NONE',  ( 0.000000000000000000, 1.000000000000000000, -1.334402673828312057E-15 ) ) ;
#5208 = EDGE_CURVE ( 'NONE', #7844, #348, #2166, .T. ) ;
#5209 = ORIENTED_EDGE ( 'NONE', *, *, #3541, .F. ) ;
#5210 = EDGE_CURVE ( 'NONE', #2635, #6023, #6254, .T. ) ;
#5211 = ORIENTED_EDGE ( 'NONE', *, *, #6242, .T. ) ;
#5212 = CARTESIAN_POINT ( 'NONE',  ( -0.1732283464566929387, 0.6456692913385827515, -0.6747790429661338907 ) ) ;
#5213 = VECTOR ( 'NONE', #4046, 39.37007874015748143 ) ;
#5214 = VERTEX_POINT ( 'NONE', #3786 ) ;
#5215 = CARTESIAN_POINT ( 'NONE',  ( -0.3740157480314960647, 1.283464566929133799, 0.03543307086614173179 ) ) ;
#5216 = CARTESIAN_POINT ( 'NONE',  ( -0.03838582677165354451, 0.6456692913385827515, -0.7165354330708662012 ) ) ;
#5217 = CARTESIAN_POINT ( 'NONE',  ( 0.000000000000000000, 1.137795275590551158, 0.05511811023622047168 ) ) ;
#5218 = DIRECTION ( 'NONE',  ( 0.000000000000000000, 1.000000000000000000, 0.000000000000000000 ) ) ;
#5219 = VECTOR ( 'NONE', #8723, 39.37007874015748143 ) ;
#5220 = EDGE_CURVE ( 'NONE', #8008, #5746, #4145, .T. ) ;
#5221 = EDGE_CURVE ( 'NONE', #6360, #2819, #6358, .T. ) ;
#5222 = EDGE_CURVE ( 'NONE', #7430, #4065, #2975, .T. ) ;
#5223 = EDGE_LOOP ( 'NONE', ( #8438, #2936, #10588, #10144 ) ) ;
#5224 = PLANE ( 'NONE',  #4210 ) ;
#5225 = VECTOR ( 'NONE', #1707, 39.37007874015748143 ) ;
#5226 = LINE ( 'NONE', #4591, #1494 ) ;
#5227 = ORIENTED_EDGE ( 'NONE', *, *, #408, .F. ) ;
#5228 = CARTESIAN_POINT ( 'NONE',  ( 0.2657480314960630197, 1.307328710460744059, -0.5354330708661416693 ) ) ;
#5229 = FACE_OUTER_BOUND ( 'NONE', #6618, .T. ) ;
#5230 = CARTESIAN_POINT ( 'NONE',  ( -0.03838582677165354451, 0.5472440944881890035, -0.6968503937007873850 ) ) ;
#5231 = CARTESIAN_POINT ( 'NONE',  ( -0.03838582677165354451, -0.1102362204724409434, -0.6377952755905511584 ) ) ;
#5232 = VECTOR ( 'NONE', #3336, 39.37007874015748143 ) ;
#5233 = EDGE_LOOP ( 'NONE', ( #8403, #9641, #9367, #4867 ) ) ;
#5234 = ORIENTED_EDGE ( 'NONE', *, *, #3017, .F. ) ;
#5235 = VECTOR ( 'NONE', #3051, 39.37007874015748143 ) ;
#5236 = AXIS2_PLACEMENT_3D ( 'NONE', #5940, #2657, #10646 ) ;
#5237 = ADVANCED_FACE ( 'NONE', ( #9548 ), #691, .T. ) ;
#5238 = VECTOR ( 'NONE', #364, 39.37007874015748143 ) ;
#5239 = CARTESIAN_POINT ( 'NONE',  ( 0.1358267716535433156, 0.000000000000000000, -0.6377952755905511584 ) ) ;
#5240 = ORIENTED_EDGE ( 'NONE', *, *, #9674, .T. ) ;
#5241 = DATE_AND_TIME ( #7832, #5870 ) ;
#5242 = ORIENTED_EDGE ( 'NONE', *, *, #8945, .F. ) ;
#5243 = CARTESIAN_POINT ( 'NONE',  ( -0.2204724409448818867, 1.307328710460744059, 0.5826771653543307838 ) ) ;
#5244 = VECTOR ( 'NONE', #8828, 39.37007874015748143 ) ;
#5245 = VECTOR ( 'NONE', #9325, 39.37007874015748143 ) ;
#5246 = DIRECTION ( 'NONE',  ( 1.000000000000000000, 0.000000000000000000, 0.000000000000000000 ) ) ;
#5247 = CIRCLE ( 'NONE', #1640, 0.06102362204724406936 ) ;
#5248 = FACE_OUTER_BOUND ( 'NONE', #5142, .T. ) ;
#5249 = DIRECTION ( 'NONE',  ( 1.000000000000000000, 0.000000000000000000, 0.000000000000000000 ) ) ;
#5250 = ORIENTED_EDGE ( 'NONE', *, *, #8920, .F. ) ;
#5251 = LINE ( 'NONE', #339, #5067 ) ;
#5252 = ORIENTED_EDGE ( 'NONE', *, *, #7874, .T. ) ;
#5253 = EDGE_CURVE ( 'NONE', #1304, #6704, #6402, .T. ) ;
#5254 = ADVANCED_FACE ( 'NONE', ( #4645 ), #8789, .T. ) ;
#5255 = CARTESIAN_POINT ( 'NONE',  ( -0.1476377952755905387, -0.09055118110236221041, -0.07874015748031495954 ) ) ;
#5256 = AXIS2_PLACEMENT_3D ( 'NONE', #301, #6819, #468 ) ;
#5257 = ORIENTED_EDGE ( 'NONE', *, *, #9608, .T. ) ;
#5258 = CARTESIAN_POINT ( 'NONE',  ( 0.07874015748031495954, 0.5472440944881890035, 0.9448818897637796255 ) ) ;
#5259 = ORIENTED_EDGE ( 'NONE', *, *, #8354, .T. ) ;
#5260 = ORIENTED_EDGE ( 'NONE', *, *, #6716, .T. ) ;
#5261 = CARTESIAN_POINT ( 'NONE',  ( 0.2657480314960630197, 0.8385826771609488084, 0.5826771653543307838 ) ) ;
#5262 = DIRECTION ( 'NONE',  ( 1.000000000000000000, 0.000000000000000000, 0.000000000000000000 ) ) ;
#5263 = CARTESIAN_POINT ( 'NONE',  ( 0.3149606299212598381, 0.5472440944881890035, -0.9448818897637796255 ) ) ;
#5264 = CARTESIAN_POINT ( 'NONE',  ( -0.4537401574803149873, 1.227401574803149487, 0.5539256344106748831 ) ) ;
#5265 = AXIS2_PLACEMENT_3D ( 'NONE', #10331, #231, #7730 ) ;
#5266 = ORIENTED_EDGE ( 'NONE', *, *, #4236, .T. ) ;
#5267 = DIRECTION ( 'NONE',  ( 0.000000000000000000, -1.000000000000000000, 0.000000000000000000 ) ) ;
#5268 = DIRECTION ( 'NONE',  ( 0.000000000000000000, 0.000000000000000000, -1.000000000000000000 ) ) ;
#5269 = DIRECTION ( 'NONE',  ( 0.000000000000000000, 1.000000000000000000, 0.000000000000000000 ) ) ;
#5270 = ORIENTED_EDGE ( 'NONE', *, *, #5412, .T. ) ;
#5271 = ORIENTED_EDGE ( 'NONE', *, *, #7432, .F. ) ;
#5272 = LINE ( 'NONE', #2743, #762 ) ;
#5273 = VECTOR ( 'NONE', #6554, 39.37007874015748143 ) ;
#5274 = EDGE_LOOP ( 'NONE', ( #195, #1313, #4714, #7575, #383, #7051, #2801, #84 ) ) ;
#5275 = LINE ( 'NONE', #1177, #1255 ) ;
#5276 = DIRECTION ( 'NONE',  ( 0.000000000000000000, -1.000000000000000000, 0.000000000000000000 ) ) ;
#5277 = DIRECTION ( 'NONE',  ( 0.9715544231405692788, 0.2368163906405040819, 0.000000000000000000 ) ) ;
#5278 = EDGE_CURVE ( 'NONE', #548, #4515, #2219, .T. ) ;
#5279 = LINE ( 'NONE', #10356, #7050 ) ;
#5280 = VECTOR ( 'NONE', #8106, 39.37007874015748143 ) ;
#5281 = VERTEX_POINT ( 'NONE', #7926 ) ;
#5282 = LINE ( 'NONE', #2868, #4561 ) ;
#5283 = AXIS2_PLACEMENT_3D ( 'NONE', #2057, #9605, #2927 ) ;
#5284 = DIRECTION ( 'NONE',  ( 0.000000000000000000, 1.000000000000000000, 0.000000000000000000 ) ) ;
#5285 = ORIENTED_EDGE ( 'NONE', *, *, #4724, .F. ) ;
#5286 = CARTESIAN_POINT ( 'NONE',  ( -0.4537401574803149873, 1.227401574803149487, -0.5539256344106733287 ) ) ;
#5287 = ADVANCED_FACE ( 'NONE', ( #538 ), #8840, .T. ) ;
#5288 = DIRECTION ( 'NONE',  ( 0.000000000000000000, 0.7071067811865469066, -0.7071067811865479058 ) ) ;
#5289 = DIRECTION ( 'NONE',  ( 1.000000000000000000, 0.000000000000000000, 0.000000000000000000 ) ) ;
#5290 = EDGE_CURVE ( 'NONE', #1497, #5484, #10414, .T. ) ;
#5291 = CARTESIAN_POINT ( 'NONE',  ( -0.1237136587783624758, 1.249046188814007641, -0.6870078740157483654 ) ) ;
#5292 = EDGE_CURVE ( 'NONE', #9119, #8309, #7218, .T. ) ;
#5293 = VERTEX_POINT ( 'NONE', #8893 ) ;
#5294 = ORIENTED_EDGE ( 'NONE', *, *, #6154, .T. ) ;
#5295 = DIRECTION ( 'NONE',  ( 0.000000000000000000, -4.336808689942014778E-16, -1.000000000000000000 ) ) ;
#5296 = ORIENTED_EDGE ( 'NONE', *, *, #9688, .F. ) ;
#5297 = EDGE_LOOP ( 'NONE', ( #2137, #7961, #1752, #5437, #7952, #9063 ) ) ;
#5298 = DIRECTION ( 'NONE',  ( 1.000000000000000000, 0.000000000000000000, 0.000000000000000000 ) ) ;
#5299 = CARTESIAN_POINT ( 'NONE',  ( 0.1968503937007874127, 0.6456692913385827515, -0.5590551181102362266 ) ) ;
#5300 = EDGE_CURVE ( 'NONE', #2144, #6995, #1510, .T. ) ;
#5301 = AXIS2_PLACEMENT_3D ( 'NONE', #10202, #6105, #9397 ) ;
#5302 = CARTESIAN_POINT ( 'NONE',  ( 0.1968503937007874127, 0.6456692913385827515, 0.4980314960629921295 ) ) ;
#5303 = DIRECTION ( 'NONE',  ( 1.000000000000000000, 0.000000000000000000, 3.707644274607580800E-15 ) ) ;
#5304 = LINE ( 'NONE', #1204, #6002 ) ;
#5305 = ORIENTED_EDGE ( 'NONE', *, *, #8051, .F. ) ;
#5306 = DIRECTION ( 'NONE',  ( 0.000000000000000000, -1.000000000000000000, 0.000000000000000000 ) ) ;
#5307 = ORIENTED_EDGE ( 'NONE', *, *, #4679, .F. ) ;
#5308 = DIRECTION ( 'NONE',  ( 0.000000000000000000, 0.000000000000000000, 1.000000000000000000 ) ) ;
#5309 = VERTEX_POINT ( 'NONE', #3342 ) ;
#5310 = FACE_OUTER_BOUND ( 'NONE', #1615, .T. ) ;
#5311 = ORIENTED_EDGE ( 'NONE', *, *, #9267, .T. ) ;
#5312 = EDGE_LOOP ( 'NONE', ( #7507, #8736, #10645, #5916, #3325, #4786 ) ) ;
#5313 = DIRECTION ( 'NONE',  ( 0.000000000000000000, -1.000000000000000000, 0.000000000000000000 ) ) ;
#5314 = VERTEX_POINT ( 'NONE', #10678 ) ;
#5315 = EDGE_CURVE ( 'NONE', #7268, #7602, #8183, .T. ) ;
#5316 = EDGE_CURVE ( 'NONE', #1077, #7894, #6564, .T. ) ;
#5317 = CARTESIAN_POINT ( 'NONE',  ( 0.5535124942641669321, 1.031712387462368152, 0.5243553949429291539 ) ) ;
#5318 = AXIS2_PLACEMENT_3D ( 'NONE', #4048, #10684, #1517 ) ;
#5319 = DIRECTION ( 'NONE',  ( 0.000000000000000000, -0.3858061304424838522, -0.9225798771450616220 ) ) ;
#5320 = CARTESIAN_POINT ( 'NONE',  ( -0.2657480314960630197, 0.8385826771609488084, -0.5354330708661416693 ) ) ;
#5321 = ORIENTED_EDGE ( 'NONE', *, *, #6059, .F. ) ;
#5322 = CARTESIAN_POINT ( 'NONE',  ( 0.3149606299212598381, 0.5472440944881890035, 0.1476377952755905387 ) ) ;
#5323 = VECTOR ( 'NONE', #10584, 39.37007874015748143 ) ;
#5324 = LINE ( 'NONE', #4458, #7975 ) ;
#5325 = DIRECTION ( 'NONE',  ( 1.000000000000000000, 0.000000000000000000, 0.000000000000000000 ) ) ;
#5326 = VECTOR ( 'NONE', #4101, 39.37007874015748143 ) ;
#5327 = ORIENTED_EDGE ( 'NONE', *, *, #695, .F. ) ;
#5328 = ORIENTED_EDGE ( 'NONE', *, *, #10182, .F. ) ;
#5329 = DIRECTION ( 'NONE',  ( 0.000000000000000000, 0.000000000000000000, -1.000000000000000000 ) ) ;
#5330 = EDGE_CURVE ( 'NONE', #3953, #8263, #7320, .T. ) ;
#5331 = ADVANCED_FACE ( 'NONE', ( #6459 ), #6672, .T. ) ;
#5332 = ORIENTED_EDGE ( 'NONE', *, *, #7755, .F. ) ;
#5333 = FACE_OUTER_BOUND ( 'NONE', #662, .T. ) ;
#5334 = PLANE ( 'NONE',  #4733 ) ;
#5335 = CARTESIAN_POINT ( 'NONE',  ( -0.1968503937007874127, 0.7913385826771653919, -0.5590551181102362266 ) ) ;
#5336 = DIRECTION ( 'NONE',  ( -0.7071067811865450192, 0.000000000000000000, 0.7071067811865500152 ) ) ;
#5337 = ORIENTED_EDGE ( 'NONE', *, *, #10237, .F. ) ;
#5338 = CARTESIAN_POINT ( 'NONE',  ( -0.3149606299212598381, 0.6062992125984252301, 0.9448818897637796255 ) ) ;
#5339 = CARTESIAN_POINT ( 'NONE',  ( 0.03838582677165354451, 0.3897637795275590844, 0.9448818897637796255 ) ) ;
#5340 = ORIENTED_EDGE ( 'NONE', *, *, #8920, .T. ) ;
#5341 = DIRECTION ( 'NONE',  ( 1.000000000000000000, 0.000000000000000000, 0.000000000000000000 ) ) ;
#5342 = PLANE ( 'NONE',  #2322 ) ;
#5343 = PLANE ( 'NONE',  #2642 ) ;
#5344 = CARTESIAN_POINT ( 'NONE',  ( -0.1968503937006692850, 1.249046188814009861, -0.6870078740157480324 ) ) ;
#5345 = ORIENTED_EDGE ( 'NONE', *, *, #7771, .F. ) ;
#5346 = ORIENTED_EDGE ( 'NONE', *, *, #10412, .F. ) ;
#5347 = CARTESIAN_POINT ( 'NONE',  ( -0.1968503937007480276, 0.2837642458494043507, 0.5590551181102362266 ) ) ;
#5348 = ORIENTED_EDGE ( 'NONE', *, *, #5556, .T. ) ;
#5349 = EDGE_CURVE ( 'NONE', #4164, #9462, #8948, .T. ) ;
#5350 = VERTEX_POINT ( 'NONE', #2478 ) ;
#5351 = ADVANCED_FACE ( 'NONE', ( #1562 ), #2373, .F. ) ;
#5352 = PLANE ( 'NONE',  #9612 ) ;
#5353 = CARTESIAN_POINT ( 'NONE',  ( -0.1968503937007874127, 0.6456692913385827515, 0.5590551181102362266 ) ) ;
#5354 = CARTESIAN_POINT ( 'NONE',  ( -0.1968503937007480276, 1.249046188814011860, 0.6870078740157480324 ) ) ;
#5355 = CARTESIAN_POINT ( 'NONE',  ( -0.3523622047244094335, 0.000000000000000000, -0.9448818897637796255 ) ) ;
#5357 = LINE ( 'NONE', #4711, #1613 ) ;
#5356 = APPROVAL_PERSON_ORGANIZATION ( #10145, #9152, #9394 ) ;
#5358 = VERTEX_POINT ( 'NONE', #2582 ) ;
#5359 = CARTESIAN_POINT ( 'NONE',  ( -0.03838582677165354451, 0.6062992125984252301, -0.6968503937007873850 ) ) ;
#5360 = VERTEX_POINT ( 'NONE', #9151 ) ;
#5361 = CARTESIAN_POINT ( 'NONE',  ( -0.01968503937007873988, 0.007874015748031495954, 0.5866141732283465249 ) ) ;
#5362 = ORIENTED_EDGE ( 'NONE', *, *, #3017, .T. ) ;
#5363 = EDGE_CURVE ( 'NONE', #3213, #6995, #743, .T. ) ;
#5364 = DIRECTION ( 'NONE',  ( 0.000000000000000000, 1.000000000000000000, 0.000000000000000000 ) ) ;
#5365 = ORIENTED_EDGE ( 'NONE', *, *, #534, .F. ) ;
#5366 = ORIENTED_EDGE ( 'NONE', *, *, #3233, .T. ) ;
#5367 = CARTESIAN_POINT ( 'NONE',  ( -0.03838582677165354451, 0.8464566929133857665, 0.9212598425196850682 ) ) ;
#5368 = EDGE_LOOP ( 'NONE', ( #10490, #9897, #1139, #5024 ) ) ;
#5369 = CARTESIAN_POINT ( 'NONE',  ( 0.1968503937007480276, 1.249046188814009861, -0.6870078740157480324 ) ) ;
#5370 = DIRECTION ( 'NONE',  ( 1.000000000000000000, 0.000000000000000000, 0.000000000000000000 ) ) ;
#5371 = CARTESIAN_POINT ( 'NONE',  ( -0.1358267716535433156, -0.04527559055118110520, 0.1279527559055118058 ) ) ;
#5372 = ORIENTED_EDGE ( 'NONE', *, *, #7595, .F. ) ;
#5373 = CARTESIAN_POINT ( 'NONE',  ( -0.2952755905511810774, 1.263779527559055094, 0.01968503937007873988 ) ) ;
#5374 = CARTESIAN_POINT ( 'NONE',  ( -0.3682501334879241806, 1.297383991755641786, -0.03543307086614175955 ) ) ;
#5375 = EDGE_CURVE ( 'NONE', #8152, #1600, #3180, .T. ) ;
#5376 = CARTESIAN_POINT ( 'NONE',  ( -0.3543307086614173040, 1.251229714631889811, 0.05511811023622047168 ) ) ;
#5377 = EDGE_LOOP ( 'NONE', ( #1227, #8979, #9121, #3572, #8798 ) ) ;
#5378 = ORIENTED_EDGE ( 'NONE', *, *, #8569, .F. ) ;
#5379 = DIRECTION ( 'NONE',  ( 0.000000000000000000, 1.000000000000000000, -2.135044278125299765E-15 ) ) ;
#5380 = ORIENTED_EDGE ( 'NONE', *, *, #3194, .T. ) ;
#5381 = CARTESIAN_POINT ( 'NONE',  ( 0.3553149606299212948, 0.6062992125984252301, -0.7165354330708662012 ) ) ;
#5382 = CARTESIAN_POINT ( 'NONE',  ( -0.09842519685039370636, 1.283464566929133799, 0.05511811023622047168 ) ) ;
#5383 = PLANE ( 'NONE',  #6264 ) ;
#5384 = DIRECTION ( 'NONE',  ( 1.000000000000000000, 0.000000000000000000, 0.000000000000000000 ) ) ;
#5385 = ADVANCED_FACE ( 'NONE', ( #1675 ), #2536, .F. ) ;
#5386 = ADVANCED_FACE ( 'NONE', ( #7327 ), #853, .F. ) ;
#5387 = EDGE_LOOP ( 'NONE', ( #2964, #5082, #3009, #5706, #1430, #120, #620, #8131, #2675, #7288 ) ) ;
#5388 = LINE ( 'NONE', #1456, #9733 ) ;
#5389 = AXIS2_PLACEMENT_3D ( 'NONE', #9863, #7643, #959 ) ;
#5390 = AXIS2_PLACEMENT_3D ( 'NONE', #9100, #9257, #1872 ) ;
#5391 = DIRECTION ( 'NONE',  ( 1.000000000000000000, -1.788374717501859983E-15, 0.000000000000000000 ) ) ;
#5392 = ORIENTED_EDGE ( 'NONE', *, *, #8569, .T. ) ;
#5393 = CARTESIAN_POINT ( 'NONE',  ( 0.3553149606299212948, 0.6456692913385827515, -0.7165354330708662012 ) ) ;
#5394 = CARTESIAN_POINT ( 'NONE',  ( -0.3577200857378535215, 1.287401574803149540, -0.5629921259842448622 ) ) ;
#5395 = CARTESIAN_POINT ( 'NONE',  ( -0.3624140319253628673, 1.303258223574750740, 0.04351639413008741991 ) ) ;
#5396 = CARTESIAN_POINT ( 'NONE',  ( -0.09831657957485497035, 1.299746691224651585, -0.03531759309851612710 ) ) ;
#5397 = VERTEX_POINT ( 'NONE', #42 ) ;
#5398 = VECTOR ( 'NONE', #9069, 39.37007874015748143 ) ;
#5399 = ORIENTED_EDGE ( 'NONE', *, *, #7672, .T. ) ;
#5400 = VECTOR ( 'NONE', #6988, 39.37007874015748143 ) ;
#5401 = ORIENTED_EDGE ( 'NONE', *, *, #4180, .F. ) ;
#5402 = ORIENTED_EDGE ( 'NONE', *, *, #3820, .F. ) ;
#5403 = CARTESIAN_POINT ( 'NONE',  ( 0.03838582677165354451, 0.6062992125984252301, 0.7165354330708662012 ) ) ;
#5404 = VECTOR ( 'NONE', #3558, 39.37007874015748143 ) ;
#5405 = CARTESIAN_POINT ( 'NONE',  ( -0.03838582677165354451, 0.6062992125984252301, 0.6968503937007873850 ) ) ;
#5406 = LINE ( 'NONE', #9569, #4604 ) ;
#5407 = DIRECTION ( 'NONE',  ( 0.000000000000000000, -0.7712230250021169242, -0.6365650365096909846 ) ) ;
#5408 = CIRCLE ( 'NONE', #9714, 0.1279527559055117780 ) ;
#5409 = LINE ( 'NONE', #4611, #2644 ) ;
#5410 = VERTEX_POINT ( 'NONE', #7433 ) ;
#5411 = VECTOR ( 'NONE', #1350, 39.37007874015748143 ) ;
#5412 = EDGE_CURVE ( 'NONE', #1659, #10615, #1769, .T. ) ;
#5413 = FACE_OUTER_BOUND ( 'NONE', #6224, .T. ) ;
#5414 = ORIENTED_EDGE ( 'NONE', *, *, #3524, .F. ) ;
#5415 = DIRECTION ( 'NONE',  ( 1.343650066691354187E-14, 0.000000000000000000, -1.000000000000000000 ) ) ;
#5416 = EDGE_LOOP ( 'NONE', ( #7736, #10634, #7434, #10177 ) ) ;
#5417 = CARTESIAN_POINT ( 'NONE',  ( -0.3523622047244094335, 0.000000000000000000, 0.4677695532303149939 ) ) ;
#5418 = VERTEX_POINT ( 'NONE', #5006 ) ;
#5419 = VERTEX_POINT ( 'NONE', #8289 ) ;
#5420 = VECTOR ( 'NONE', #6662, 39.37007874015748143 ) ;
#5421 = VECTOR ( 'NONE', #210, 39.37007874015748854 ) ;
#5422 = VECTOR ( 'NONE', #1449, 39.37007874015748143 ) ;
#5423 = CARTESIAN_POINT ( 'NONE',  ( 0.07874015748031495954, 0.6062992125984252301, -0.1476377952755905387 ) ) ;
#5424 = ORIENTED_EDGE ( 'NONE', *, *, #6347, .T. ) ;
#5425 = CARTESIAN_POINT ( 'NONE',  ( -0.3273168620576906718, 1.199515030960670581, 0.05076705222980359977 ) ) ;
#5426 = LINE ( 'NONE', #8149, #5767 ) ;
#5427 = DIRECTION ( 'NONE',  ( 0.000000000000000000, 9.462128050782879902E-15, 1.000000000000000000 ) ) ;
#5428 = ADVANCED_FACE ( 'NONE', ( #901 ), #957, .F. ) ;
#5429 = ORIENTED_EDGE ( 'NONE', *, *, #675, .T. ) ;
#5430 = EDGE_CURVE ( 'NONE', #10088, #728, #8129, .T. ) ;
#5431 = CARTESIAN_POINT ( 'NONE',  ( -0.07120858256440652789, 1.264792676106897718, 0.6360942317687607872 ) ) ;
#5432 = AXIS2_PLACEMENT_3D ( 'NONE', #8319, #936, #4231 ) ;
#5433 = EDGE_CURVE ( 'NONE', #159, #5410, #1617, .T. ) ;
#5434 = VECTOR ( 'NONE', #487, 39.37007874015748143 ) ;
#5435 = DIRECTION ( 'NONE',  ( 1.000000000000000000, 0.000000000000000000, 0.000000000000000000 ) ) ;
#5436 = CARTESIAN_POINT ( 'NONE',  ( -0.1968503937007874127, 0.7913385826771653919, 0.5590551181102362266 ) ) ;
#5437 = ORIENTED_EDGE ( 'NONE', *, *, #5915, .T. ) ;
#5438 = ORIENTED_EDGE ( 'NONE', *, *, #8846, .T. ) ;
#5439 = DIRECTION ( 'NONE',  ( 1.000000000000000000, 0.000000000000000000, 0.000000000000000000 ) ) ;
#5440 = CIRCLE ( 'NONE', #7132, 0.1181102362204724116 ) ;
#5441 = ORIENTED_EDGE ( 'NONE', *, *, #3673, .F. ) ;
#5442 = CARTESIAN_POINT ( 'NONE',  ( -0.4537401574803149873, 1.227401574803149487, -0.5629921259842448622 ) ) ;
#5443 = ADVANCED_FACE ( 'NONE', ( #4093 ), #7381, .T. ) ;
#5444 = CARTESIAN_POINT ( 'NONE',  ( 0.03838582677165354451, 0.8700787401574804347, 0.9448818897637796255 ) ) ;
#5445 = B_SPLINE_CURVE_WITH_KNOTS ( 'NONE', 3,
 ( #8527, #4541, #381, #1195, #8635, #7718 ),
 .UNSPECIFIED., .F., .F.,
 ( 4, 2, 4 ),
 ( 0.000000000000000000, 0.5000000000000000000, 1.000000000000000000 ),
 .UNSPECIFIED. ) ;
#5446 = DIRECTION ( 'NONE',  ( -1.000000000000000000, 0.000000000000000000, 0.000000000000000000 ) ) ;
#5447 = PLANE ( 'NONE',  #3781 ) ;
#5448 = VERTEX_POINT ( 'NONE', #2692 ) ;
#5449 = CARTESIAN_POINT ( 'NONE',  ( -0.3543307086614173040, 1.283464566929133799, 0.05511811023622047168 ) ) ;
#5450 = DIRECTION ( 'NONE',  ( 0.000000000000000000, 2.135044278125301737E-15, 1.000000000000000000 ) ) ;
#5452 = ORIENTED_EDGE ( 'NONE', *, *, #4929, .F. ) ;
#5451 = ORIENTED_EDGE ( 'NONE', *, *, #5675, .F. ) ;
#5453 = CARTESIAN_POINT ( 'NONE',  ( -0.1732283464566929387, 1.307328710460744059, 0.5354330708661416693 ) ) ;
#5454 = EDGE_CURVE ( 'NONE', #1946, #2463, #10013, .T. ) ;
#5455 = DIRECTION ( 'NONE',  ( -1.000000000000000000, 0.000000000000000000, 0.000000000000000000 ) ) ;
#5456 = EDGE_CURVE ( 'NONE', #1375, #4771, #1061, .T. ) ;
#5457 = DIRECTION ( 'NONE',  ( -1.000000000000000000, 0.000000000000000000, -1.343650066691354187E-14 ) ) ;
#5458 = CARTESIAN_POINT ( 'NONE',  ( -0.06895822148979684207, 1.287401574803149540, -0.5629921259842519676 ) ) ;
#5459 = CIRCLE ( 'NONE', #4597, 0.1574803149606299191 ) ;
#5460 = ORIENTED_EDGE ( 'NONE', *, *, #398, .F. ) ;
#5461 = ORIENTED_EDGE ( 'NONE', *, *, #9302, .T. ) ;
#5462 = ORIENTED_EDGE ( 'NONE', *, *, #8313, .T. ) ;
#5463 = AXIS2_PLACEMENT_3D ( 'NONE', #10526, #758, #6525 ) ;
#5464 = ORIENTED_EDGE ( 'NONE', *, *, #5118, .F. ) ;
#5465 = CARTESIAN_POINT ( 'NONE',  ( 0.04330708661417323468, -0.07573371510378562599, 0.05511811023622306682 ) ) ;
#5466 = DIRECTION ( 'NONE',  ( 0.000000000000000000, 0.000000000000000000, 1.000000000000000000 ) ) ;
#5467 = DIRECTION ( 'NONE',  ( 0.000000000000000000, 0.000000000000000000, 1.000000000000000000 ) ) ;
#5468 = ADVANCED_FACE ( 'NONE', ( #3605 ), #5112, .T. ) ;
#5469 = LINE ( 'NONE', #10151, #9168 ) ;
#5470 = DIRECTION ( 'NONE',  ( 0.000000000000000000, 0.000000000000000000, -1.000000000000000000 ) ) ;
#5471 = ORIENTED_EDGE ( 'NONE', *, *, #5044, .F. ) ;
#5472 = CARTESIAN_POINT ( 'NONE',  ( 0.04330708661417323468, -0.09055118110236221041, -0.07874015748031495954 ) ) ;
#5473 = ORIENTED_EDGE ( 'NONE', *, *, #8200, .F. ) ;
#5474 = CARTESIAN_POINT ( 'NONE',  ( -0.3600352598315026409, 1.290269991092475754, 0.05756736934907004388 ) ) ;
#5475 = EDGE_LOOP ( 'NONE', ( #4118, #10549, #2267, #1314, #5285, #9464, #3293, #8984, #2050, #1444, #5547, #5257, #7416, #6779 ) ) ;
#5476 = LINE ( 'NONE', #8764, #9668 ) ;
#5477 = ORIENTED_EDGE ( 'NONE', *, *, #1546, .F. ) ;
#5478 = VECTOR ( 'NONE', #10599, 39.37007874015748143 ) ;
#5479 = CC_DESIGN_PERSON_AND_ORGANIZATION_ASSIGNMENT ( #1248, #332, ( #1047 ) ) ;
#5480 = PLANE ( 'NONE',  #9428 ) ;
#5481 = ORIENTED_EDGE ( 'NONE', *, *, #10619, .T. ) ;
#5482 = DIRECTION ( 'NONE',  ( 0.000000000000000000, 0.000000000000000000, -1.000000000000000000 ) ) ;
#5483 = CARTESIAN_POINT ( 'NONE',  ( 0.03838582677165354451, 0.5472440944881890035, 0.9448818897637796255 ) ) ;
#5484 = VERTEX_POINT ( 'NONE', #3449 ) ;
#5485 = CARTESIAN_POINT ( 'NONE',  ( -0.03838582677165354451, 0.4685039370078740717, -0.6377952755905511584 ) ) ;
#5486 = AXIS2_PLACEMENT_3D ( 'NONE', #655, #2437, #8144 ) ;
#5487 = PLANE ( 'NONE',  #3339 ) ;
#5488 = DIRECTION ( 'NONE',  ( 0.000000000000000000, -1.000000000000000000, 0.000000000000000000 ) ) ;
#5489 = ORIENTED_EDGE ( 'NONE', *, *, #5612, .F. ) ;
#5490 = ORIENTED_EDGE ( 'NONE', *, *, #2821, .T. ) ;
#5491 = EDGE_CURVE ( 'NONE', #4670, #5561, #255, .T. ) ;
#5492 = DIRECTION ( 'NONE',  ( -0.000000000000000000, 1.000000000000000000, 0.000000000000000000 ) ) ;
#5493 = EDGE_CURVE ( 'NONE', #9518, #4672, #8499, .T. ) ;
#5494 = CARTESIAN_POINT ( 'NONE',  ( -0.3306379010002010732, 1.198303064612719293, -0.04736938832057518978 ) ) ;
#5495 = CARTESIAN_POINT ( 'NONE',  ( 0.07874015748031495954, 0.5472440944881890035, 0.1476377952755905387 ) ) ;
#5496 = DIRECTION ( 'NONE',  ( 0.000000000000000000, 0.000000000000000000, -1.000000000000000000 ) ) ;
#5497 = CARTESIAN_POINT ( 'NONE',  ( -0.07874015748031495954, 1.287401574803149540, 0.5629921259842519676 ) ) ;
#5498 = VECTOR ( 'NONE', #7705, 39.37007874015748143 ) ;
#5499 = EDGE_LOOP ( 'NONE', ( #6537, #9746, #1210, #2870, #10011 ) ) ;
#5500 = EDGE_CURVE ( 'NONE', #1832, #4717, #1008, .T. ) ;
#5501 = VECTOR ( 'NONE', #10572, 39.37007874015748143 ) ;
#5502 = DIRECTION ( 'NONE',  ( 0.000000000000000000, -1.000000000000000000, 0.000000000000000000 ) ) ;
#5503 = CARTESIAN_POINT ( 'NONE',  ( 0.07874015748031495954, 0.5472440944881890035, 0.1476377952755905387 ) ) ;
#5504 = ORIENTED_EDGE ( 'NONE', *, *, #1739, .T. ) ;
#5505 = DIRECTION ( 'NONE',  ( 0.000000000000000000, 0.000000000000000000, 1.000000000000000000 ) ) ;
#5506 = DIRECTION ( 'NONE',  ( 0.4999999999998469558, 0.000000000000000000, 0.8660254037845270814 ) ) ;
#5507 = CARTESIAN_POINT ( 'NONE',  ( -0.03838582677165354451, 0.8464566929133857665, 0.8818897637795275468 ) ) ;
#5508 = DIRECTION ( 'NONE',  ( 0.000000000000000000, 0.000000000000000000, -1.000000000000000000 ) ) ;
#5509 = DIRECTION ( 'NONE',  ( 0.000000000000000000, -1.000000000000000000, 0.000000000000000000 ) ) ;
#5510 = ORIENTED_EDGE ( 'NONE', *, *, #420, .T. ) ;
#5511 = EDGE_LOOP ( 'NONE', ( #7996, #4986, #10321, #5897, #9363, #7235, #3547, #10067, #1643, #169, #6503 ) ) ;
#5512 = EDGE_CURVE ( 'NONE', #369, #10339, #197, .T. ) ;
#5513 = LINE ( 'NONE', #9565, #10643 ) ;
#5514 = DIRECTION ( 'NONE',  ( 0.000000000000000000, -1.000000000000000000, 0.000000000000000000 ) ) ;
#5515 = DIRECTION ( 'NONE',  ( 0.000000000000000000, 0.000000000000000000, -1.000000000000000000 ) ) ;
#5516 = CARTESIAN_POINT ( 'NONE',  ( -0.4921259842519685179, 0.5000000000000000000, -0.9448818897637796255 ) ) ;
#5517 = DIRECTION ( 'NONE',  ( 1.445602896647336195E-14, 0.000000000000000000, 1.000000000000000000 ) ) ;
#5518 = EDGE_LOOP ( 'NONE', ( #1854, #3561, #7419, #3738 ) ) ;
#5519 = LINE ( 'NONE', #8808, #4731 ) ;
#5520 = VERTEX_POINT ( 'NONE', #7639 ) ;
#5521 = CARTESIAN_POINT ( 'NONE',  ( -0.1968503937007874127, 0.7913385826771653919, 0.5590551181102362266 ) ) ;
#5522 = ORIENTED_EDGE ( 'NONE', *, *, #6635, .T. ) ;
#5523 = EDGE_CURVE ( 'NONE', #3899, #8966, #1825, .T. ) ;
#5524 = EDGE_CURVE ( 'NONE', #9757, #7883, #9425, .T. ) ;
#5525 = CARTESIAN_POINT ( 'NONE',  ( -0.3683774900985424816, 1.246144840603006232, 0.04922495092920734644 ) ) ;
#5526 = ORIENTED_EDGE ( 'NONE', *, *, #6500, .F. ) ;
#5527 = LINE ( 'NONE', #7148, #9778 ) ;
#5528 = ORIENTED_EDGE ( 'NONE', *, *, #9812, .T. ) ;
#5529 = VECTOR ( 'NONE', #7311, 39.37007874015748143 ) ;
#5530 = LINE ( 'NONE', #519, #9408 ) ;
#5531 = DIRECTION ( 'NONE',  ( 0.000000000000000000, 0.000000000000000000, -1.000000000000000000 ) ) ;
#5532 = ORIENTED_EDGE ( 'NONE', *, *, #4309, .T. ) ;
#5533 = LINE ( 'NONE', #8927, #4582 ) ;
#5534 = CARTESIAN_POINT ( 'NONE',  ( -0.3681183297398386567, 1.269414574758338743, -0.03543307086614173179 ) ) ;
#5535 = CARTESIAN_POINT ( 'NONE',  ( 0.3149606299212598381, 0.5472440944881890035, 0.9448818897637796255 ) ) ;
#5536 = ORIENTED_EDGE ( 'NONE', *, *, #9596, .F. ) ;
#5537 = ORIENTED_EDGE ( 'NONE', *, *, #5688, .T. ) ;
#5538 = CARTESIAN_POINT ( 'NONE',  ( -0.1968503937006692850, 1.287401574803149540, -0.4311023622047244208 ) ) ;
#5539 = EDGE_CURVE ( 'NONE', #8598, #10531, #6770, .T. ) ;
#5540 = DIRECTION ( 'NONE',  ( -1.000000000000000000, 0.000000000000000000, 0.000000000000000000 ) ) ;
#5541 = LINE ( 'NONE', #1397, #6942 ) ;
#5542 = LINE ( 'NONE', #8888, #8158 ) ;
#5543 = CARTESIAN_POINT ( 'NONE',  ( -0.03838582677165354451, -0.1102362204724409434, -0.6377952755905511584 ) ) ;
#5544 = EDGE_CURVE ( 'NONE', #7314, #2767, #10069, .T. ) ;
#5545 = ADVANCED_FACE ( 'NONE', ( #1876 ), #7587, .F. ) ;
#5546 = CARTESIAN_POINT ( 'NONE',  ( 0.000000000000000000, 1.263779527559055094, -0.01968503937007873988 ) ) ;
#5547 = ORIENTED_EDGE ( 'NONE', *, *, #7360, .T. ) ;
#5548 = DIRECTION ( 'NONE',  ( 0.000000000000000000, 0.000000000000000000, 1.000000000000000000 ) ) ;
#5549 = ORIENTED_EDGE ( 'NONE', *, *, #4918, .F. ) ;
#5550 = DIRECTION ( 'NONE',  ( 0.000000000000000000, 0.000000000000000000, 1.000000000000000000 ) ) ;
#5551 = LINE ( 'NONE', #1514, #4564 ) ;
#5552 = CARTESIAN_POINT ( 'NONE',  ( 0.03838582677165354451, 0.4685039370078740717, 0.4251968503937008093 ) ) ;
#5553 = CARTESIAN_POINT ( 'NONE',  ( -0.3937007874015748254, 0.1850393700787401619, -0.9448818897637796255 ) ) ;
#5554 = LINE ( 'NONE', #4963, #3602 ) ;
#5555 = EDGE_CURVE ( 'NONE', #3774, #3503, #3492, .T. ) ;
#5556 = EDGE_CURVE ( 'NONE', #8599, #10444, #2839, .T. ) ;
#5557 = ORIENTED_EDGE ( 'NONE', *, *, #7657, .F. ) ;
#5558 = EDGE_CURVE ( 'NONE', #5484, #9017, #5272, .T. ) ;
#5559 = VECTOR ( 'NONE', #1903, 39.37007874015748143 ) ;
#5560 = VECTOR ( 'NONE', #4850, 39.37007874015748143 ) ;
#5561 = VERTEX_POINT ( 'NONE', #8559 ) ;
#5562 = VECTOR ( 'NONE', #1246, 39.37007874015748143 ) ;
#5563 = CARTESIAN_POINT ( 'NONE',  ( -0.3666869407999231445, 1.246768467117578272, -0.05076705222811939838 ) ) ;
#5564 = DIRECTION ( 'NONE',  ( 0.000000000000000000, -1.000000000000000000, 0.000000000000000000 ) ) ;
#5565 = LINE ( 'NONE', #1634, #4041 ) ;
#5566 = VECTOR ( 'NONE', #2650, 39.37007874015748143 ) ;
#5567 = PLANE ( 'NONE',  #5206 ) ;
#5568 = ORIENTED_EDGE ( 'NONE', *, *, #8551, .F. ) ;
#5569 = EDGE_CURVE ( 'NONE', #8538, #1487, #1173, .T. ) ;
#5570 = PLANE ( 'NONE',  #2663 ) ;
#5571 = VERTEX_POINT ( 'NONE', #6934 ) ;
#5572 = AXIS2_PLACEMENT_3D ( 'NONE', #4576, #6928, #2038 ) ;
#5573 = DIRECTION ( 'NONE',  ( 0.000000000000000000, 0.000000000000000000, 1.000000000000000000 ) ) ;
#5574 = VERTEX_POINT ( 'NONE', #1927 ) ;
#5575 = DIRECTION ( 'NONE',  ( -0.000000000000000000, 0.8115343414514849529, 0.5843047258450889681 ) ) ;
#5576 = ORIENTED_EDGE ( 'NONE', *, *, #4499, .F. ) ;
#5577 = AXIS2_PLACEMENT_3D ( 'NONE', #9855, #4897, #9048 ) ;
#5578 = DIRECTION ( 'NONE',  ( 1.000000000000000000, 0.000000000000000000, 0.000000000000000000 ) ) ;
#5579 = VECTOR ( 'NONE', #8379, 39.37007874015748143 ) ;
#5580 = CARTESIAN_POINT ( 'NONE',  ( -0.3214402627263237000, 1.201663300952768187, 0.05420686238820249941 ) ) ;
#5581 = PLANE ( 'NONE',  #8523 ) ;
#5582 = VERTEX_POINT ( 'NONE', #2042 ) ;
#5583 = ADVANCED_FACE ( 'NONE', ( #4410 ), #4517, .T. ) ;
#5584 = EDGE_CURVE ( 'NONE', #9411, #8261, #10502, .T. ) ;
#5585 = CARTESIAN_POINT ( 'NONE',  ( 0.3937007874015748254, 0.000000000000000000, -0.5393700787401575214 ) ) ;
#5586 = CARTESIAN_POINT ( 'NONE',  ( -0.3623529712638773326, 1.275179933234299456, -0.05511723596671155162 ) ) ;
#5587 = VECTOR ( 'NONE', #9227, 39.37007874015748143 ) ;
#5588 = AXIS2_PLACEMENT_3D ( 'NONE', #7684, #2841, #5901 ) ;
#5589 = AXIS2_PLACEMENT_3D ( 'NONE', #8133, #3894, #8195 ) ;
#5590 = CARTESIAN_POINT ( 'NONE',  ( 0.03838582677165354451, 0.6062992125984252301, -0.7165354330708662012 ) ) ;
#5591 = ORIENTED_EDGE ( 'NONE', *, *, #630, .T. ) ;
#5592 = ORIENTED_EDGE ( 'NONE', *, *, #5979, .F. ) ;
#5593 = LINE ( 'NONE', #634, #10425 ) ;
#5594 = FACE_OUTER_BOUND ( 'NONE', #10647, .T. ) ;
#5595 = VECTOR ( 'NONE', #10623, 39.37007874015748143 ) ;
#5596 = LINE ( 'NONE', #7965, #9543 ) ;
#5597 = VECTOR ( 'NONE', #2212, 39.37007874015748143 ) ;
#5598 = CARTESIAN_POINT ( 'NONE',  ( -0.03838582677165354451, 1.027559055118110409, -0.8818897637795275468 ) ) ;
#5599 = LINE ( 'NONE', #5497, #10142 ) ;
#5600 = FACE_OUTER_BOUND ( 'NONE', #10467, .T. ) ;
#5601 = ORIENTED_EDGE ( 'NONE', *, *, #7292, .F. ) ;
#5602 = CARTESIAN_POINT ( 'NONE',  ( -0.3543307086614173040, 1.303149606299212504, 0.03543307086614173179 ) ) ;
#5603 = ADVANCED_FACE ( 'NONE', ( #1447 ), #577, .T. ) ;
#5604 = ORIENTED_EDGE ( 'NONE', *, *, #5430, .F. ) ;
#5605 = LINE ( 'NONE', #2428, #5042 ) ;
#5606 = CARTESIAN_POINT ( 'NONE',  ( 0.3553149606299212948, 0.8464566929133857665, -0.8818897637795275468 ) ) ;
#5607 = CARTESIAN_POINT ( 'NONE',  ( -0.1968503937007874127, 0.6456692913385827515, 0.4409448818897637734 ) ) ;
#5608 = CARTESIAN_POINT ( 'NONE',  ( -0.09842607111990270274, 1.275179933234299456, -0.04345533346860173951 ) ) ;
#5609 = DIRECTION ( 'NONE',  ( 0.000000000000000000, 0.5843047258450760895, 0.8115343414514941678 ) ) ;
#5610 = ORIENTED_EDGE ( 'NONE', *, *, #3456, .F. ) ;
#5611 = EDGE_LOOP ( 'NONE', ( #6603, #4736, #1835, #1897 ) ) ;
#5612 = EDGE_CURVE ( 'NONE', #7354, #9445, #425, .T. ) ;
#5613 = EDGE_CURVE ( 'NONE', #45, #4631, #7804, .T. ) ;
#5614 = DIRECTION ( 'NONE',  ( 0.000000000000000000, 1.000000000000000000, 0.000000000000000000 ) ) ;
#5615 = AXIS2_PLACEMENT_3D ( 'NONE', #3917, #1435, #8874 ) ;
#5616 = EDGE_CURVE ( 'NONE', #6226, #7722, #5593, .T. ) ;
#5617 = DIRECTION ( 'NONE',  ( 0.000000000000000000, -1.000000000000000000, 0.000000000000000000 ) ) ;
#5618 = DIRECTION ( 'NONE',  ( 0.000000000000000000, -1.000000000000000000, 0.000000000000000000 ) ) ;
#5619 = DIRECTION ( 'NONE',  ( 0.4999999999998469558, 0.000000000000000000, -0.8660254037845270814 ) ) ;
#5620 = CARTESIAN_POINT ( 'NONE',  ( -0.3346456692913302722, 1.196850393700787496, -0.03543307086614173179 ) ) ;
#5621 = ORIENTED_EDGE ( 'NONE', *, *, #9645, .T. ) ;
#5622 = LINE ( 'NONE', #9779, #9886 ) ;
#5623 = ORIENTED_EDGE ( 'NONE', *, *, #9918, .T. ) ;
#5624 = VECTOR ( 'NONE', #3359, 39.37007874015748143 ) ;
#5625 = DIRECTION ( 'NONE',  ( 0.000000000000000000, -1.000000000000000000, 0.000000000000000000 ) ) ;
#5626 = VECTOR ( 'NONE', #8702, 39.37007874015748143 ) ;
#5627 = ORIENTED_EDGE ( 'NONE', *, *, #7223, .T. ) ;
#5628 = CARTESIAN_POINT ( 'NONE',  ( -0.3937007874015748254, 0.1850393700787401619, 0.4881889763779527769 ) ) ;
#5629 = VERTEX_POINT ( 'NONE', #9480 ) ;
#5630 = EDGE_CURVE ( 'NONE', #3020, #3763, #9536, .T. ) ;
#5631 = DIRECTION ( 'NONE',  ( 0.000000000000000000, 1.000000000000000000, 0.000000000000000000 ) ) ;
#5632 = CYLINDRICAL_SURFACE ( 'NONE', #8891, 0.1279527559055117780 ) ;
#5633 = CARTESIAN_POINT ( 'NONE',  ( 0.03838582677165354451, 0.1850393700787401619, 0.6968503937007873850 ) ) ;
#5634 = DIRECTION ( 'NONE',  ( 0.000000000000000000, -0.8115343414514849529, 0.5843047258450889681 ) ) ;
#5635 = ORIENTED_EDGE ( 'NONE', *, *, #4891, .F. ) ;
#5636 = DIRECTION ( 'NONE',  ( -0.5299192642332059000, 0.8101845330534839240, 0.2505725359959584675 ) ) ;
#5637 = LINE ( 'NONE', #8981, #9018 ) ;
#5638 = ORIENTED_EDGE ( 'NONE', *, *, #3673, .T. ) ;
#5639 = AXIS2_PLACEMENT_3D ( 'NONE', #5731, #8971, #5631 ) ;
#5640 = DIRECTION ( 'NONE',  ( -4.078408702068339827E-15, 0.000000000000000000, 1.000000000000000000 ) ) ;
#5641 = VERTEX_POINT ( 'NONE', #1286 ) ;
#5642 = ORIENTED_EDGE ( 'NONE', *, *, #1520, .T. ) ;
#5643 = ADVANCED_FACE ( 'NONE', ( #3072 ), #2154, .T. ) ;
#5644 = CARTESIAN_POINT ( 'NONE',  ( -0.03838582677165354451, 1.027559055118110409, 0.4094488188976377896 ) ) ;
#5645 = VERTEX_POINT ( 'NONE', #5538 ) ;
#5646 = DIRECTION ( 'NONE',  ( -0.4274705940331903764, 0.000000000000000000, 0.9040292535293928955 ) ) ;
#5647 = VECTOR ( 'NONE', #7229, 39.37007874015748143 ) ;
#5648 = DIRECTION ( 'NONE',  ( 0.000000000000000000, -1.000000000000000000, 0.000000000000000000 ) ) ;
#5649 = DIRECTION ( 'NONE',  ( 1.000000000000000000, 0.000000000000000000, 0.000000000000000000 ) ) ;
#5650 = LINE ( 'NONE', #7323, #6691 ) ;
#5651 = CARTESIAN_POINT ( 'NONE',  ( -0.2204724409448818867, 0.8385826771609488084, -0.5354330708661416693 ) ) ;
#5652 = ORIENTED_EDGE ( 'NONE', *, *, #1648, .T. ) ;
#5653 = EDGE_CURVE ( 'NONE', #6533, #9230, #1500, .T. ) ;
#5654 = EDGE_CURVE ( 'NONE', #5194, #7861, #4737, .T. ) ;
#5655 = CARTESIAN_POINT ( 'NONE',  ( 0.000000000000000000, 1.263779527559055094, -0.1476377952755905387 ) ) ;
#5656 = VERTEX_POINT ( 'NONE', #7053 ) ;
#5657 = DIRECTION ( 'NONE',  ( 1.000000000000000000, 0.000000000000000000, 0.000000000000000000 ) ) ;
#5658 = LINE ( 'NONE', #5606, #240 ) ;
#5659 = VECTOR ( 'NONE', #9235, 39.37007874015748143 ) ;
#5660 = DIRECTION ( 'NONE',  ( 0.000000000000000000, 0.000000000000000000, -1.000000000000000000 ) ) ;
#5661 = CARTESIAN_POINT ( 'NONE',  ( 0.4921259842519685179, 0.3897637795275590844, 0.9448818897637796255 ) ) ;
#5662 = CARTESIAN_POINT ( 'NONE',  ( -0.2204724409448818867, 0.8385826771609488084, -0.5590551181102362266 ) ) ;
#5663 = ORIENTED_EDGE ( 'NONE', *, *, #4063, .F. ) ;
#5664 = VECTOR ( 'NONE', #8898, 39.37007874015748143 ) ;
#5665 = ORIENTED_EDGE ( 'NONE', *, *, #7407, .F. ) ;
#5666 = VECTOR ( 'NONE', #8784, 39.37007874015748143 ) ;
#5667 = PLANE ( 'NONE',  #9786 ) ;
#5668 = DIRECTION ( 'NONE',  ( -2.007781800899079877E-17, 0.000000000000000000, 1.000000000000000000 ) ) ;
#5669 = CARTESIAN_POINT ( 'NONE',  ( 0.03838582677165354451, 0.8700787401574804347, 0.9448818897637796255 ) ) ;
#5670 = CARTESIAN_POINT ( 'NONE',  ( 0.03838582677165354451, -0.09055118110236221041, -0.6377952755905511584 ) ) ;
#5671 = DIRECTION ( 'NONE',  ( 0.000000000000000000, -1.000000000000000000, 0.000000000000000000 ) ) ;
#5672 = ORIENTED_EDGE ( 'NONE', *, *, #94, .F. ) ;
#5673 = LINE ( 'NONE', #1581, #421 ) ;
#5674 = EDGE_LOOP ( 'NONE', ( #3915, #4833, #1860, #5027 ) ) ;
#5675 = EDGE_CURVE ( 'NONE', #5014, #4308, #1345, .T. ) ;
#5676 = DIRECTION ( 'NONE',  ( 0.000000000000000000, 1.000000000000000000, 0.000000000000000000 ) ) ;
#5677 = ADVANCED_FACE ( 'NONE', ( #6993 ), #10296, .F. ) ;
#5678 = ORIENTED_EDGE ( 'NONE', *, *, #4309, .F. ) ;
#5679 = LINE ( 'NONE', #8868, #1574 ) ;
#5680 = ORIENTED_EDGE ( 'NONE', *, *, #6185, .F. ) ;
#5681 = PLANE ( 'NONE',  #3928 ) ;
#5682 = DIRECTION ( 'NONE',  ( 0.000000000000000000, 1.000000000000000000, -1.334402673828314029E-15 ) ) ;
#5683 = ORIENTED_EDGE ( 'NONE', *, *, #9984, .F. ) ;
#5684 = DIRECTION ( 'NONE',  ( -1.000000000000000000, 0.000000000000000000, 0.000000000000000000 ) ) ;
#5685 = ORIENTED_EDGE ( 'NONE', *, *, #7619, .T. ) ;
#5686 = LINE ( 'NONE', #676, #5758 ) ;
#5687 = ORIENTED_EDGE ( 'NONE', *, *, #5210, .F. ) ;
#5688 = EDGE_CURVE ( 'NONE', #198, #4572, #1979, .T. ) ;
#5689 = CARTESIAN_POINT ( 'NONE',  ( -0.1181102362204724532, 1.283464566929133799, 0.03543307086614173179 ) ) ;
#5690 = ORIENTED_EDGE ( 'NONE', *, *, #2396, .F. ) ;
#5691 = LINE ( 'NONE', #7252, #6211 ) ;
#5692 = ORIENTED_EDGE ( 'NONE', *, *, #5019, .F. ) ;
#5693 = VERTEX_POINT ( 'NONE', #2966 ) ;
#5694 = FACE_OUTER_BOUND ( 'NONE', #7219, .T. ) ;
#5695 = FACE_OUTER_BOUND ( 'NONE', #6403, .T. ) ;
#5696 = EDGE_LOOP ( 'NONE', ( #10564, #2192, #6598, #5130, #7009, #6147, #6709, #9769 ) ) ;
#5697 = CARTESIAN_POINT ( 'NONE',  ( 0.1358267716535433156, -0.09055118110236221041, -0.07874015748031495954 ) ) ;
#5698 = DIRECTION ( 'NONE',  ( -3.707644274607580800E-15, 0.000000000000000000, -1.000000000000000000 ) ) ;
#5699 = LINE ( 'NONE', #8992, #6271 ) ;
#5700 = LINE ( 'NONE', #9808, #8415 ) ;
#5701 = LOCAL_TIME ( 14, 14, 55.00000000000000000, #979 ) ;
#5702 = EDGE_CURVE ( 'NONE', #8180, #418, #7917, .T. ) ;
#5703 = CARTESIAN_POINT ( 'NONE',  ( 0.1968503937006692850, 1.287401574803149540, 0.5590551181102362266 ) ) ;
#5704 = ORIENTED_EDGE ( 'NONE', *, *, #3783, .T. ) ;
#5705 = DIRECTION ( 'NONE',  ( 1.000000000000000000, 0.000000000000000000, 0.000000000000000000 ) ) ;
#5706 = ORIENTED_EDGE ( 'NONE', *, *, #6922, .F. ) ;
#5707 = CARTESIAN_POINT ( 'NONE',  ( -0.4921259842519685179, 1.287401574803149540, 0.5629921259842519676 ) ) ;
#5708 = DIRECTION ( 'NONE',  ( 0.000000000000000000, -1.000000000000000000, 0.000000000000000000 ) ) ;
#5709 = DIMENSIONAL_EXPONENTS ( 1.000000000000000000, 0.000000000000000000, 0.000000000000000000, 0.000000000000000000, 0.000000000000000000, 0.000000000000000000, 0.000000000000000000 ) ;
#5710 = CARTESIAN_POINT ( 'NONE',  ( -0.3740157480314960647, 1.283464566929133799, -0.03543307086614173179 ) ) ;
#5711 = PLANE ( 'NONE',  #4286 ) ;
#5712 = DIRECTION ( 'NONE',  ( 0.000000000000000000, 0.000000000000000000, -1.000000000000000000 ) ) ;
#5713 = ADVANCED_FACE ( 'NONE', ( #7161 ), #10403, .T. ) ;
#5714 = ADVANCED_FACE ( 'NONE', ( #4580 ), #9644, .F. ) ;
#5715 = ORIENTED_EDGE ( 'NONE', *, *, #7334, .T. ) ;
#5716 = VERTEX_POINT ( 'NONE', #7963 ) ;
#5717 = EDGE_CURVE ( 'NONE', #4175, #6704, #8935, .T. ) ;
#5718 = FACE_OUTER_BOUND ( 'NONE', #9552, .T. ) ;
#5719 = CARTESIAN_POINT ( 'NONE',  ( -0.2362204724409449064, 1.263779527559055094, 0.01968503937007873988 ) ) ;
#5720 = DIRECTION ( 'NONE',  ( 0.000000000000000000, 0.000000000000000000, 1.000000000000000000 ) ) ;
#5721 = DIRECTION ( 'NONE',  ( 6.938893903907230350E-16, 0.000000000000000000, -1.000000000000000000 ) ) ;
#5722 = FACE_OUTER_BOUND ( 'NONE', #9188, .T. ) ;
#5723 = VERTEX_POINT ( 'NONE', #4890 ) ;
#5724 = AXIS2_PLACEMENT_3D ( 'NONE', #4984, #9891, #7517 ) ;
#5725 = ORIENTED_EDGE ( 'NONE', *, *, #1031, .T. ) ;
#5726 = CARTESIAN_POINT ( 'NONE',  ( -0.2204724409448818867, 0.7913385826771653919, -0.4433311932543322897 ) ) ;
#5727 = ORIENTED_EDGE ( 'NONE', *, *, #28, .T. ) ;
#5728 = CARTESIAN_POINT ( 'NONE',  ( -0.3682501334879241806, 1.297383991755641786, -0.03543307086614185669 ) ) ;
#5729 = ORIENTED_EDGE ( 'NONE', *, *, #3478, .F. ) ;
#5730 = VECTOR ( 'NONE', #4217, 39.37007874015748143 ) ;
#5731 = CARTESIAN_POINT ( 'NONE',  ( -0.4537401574803149873, 0.6574803149606299746, -0.9448818897637796255 ) ) ;
#5732 = LINE ( 'NONE', #7409, #4244 ) ;
#5733 = EDGE_CURVE ( 'NONE', #5007, #700, #3281, .T. ) ;
#5734 = ORIENTED_EDGE ( 'NONE', *, *, #9144, .F. ) ;
#5735 = VECTOR ( 'NONE', #3906, 39.37007874015748143 ) ;
#5736 = CARTESIAN_POINT ( 'NONE',  ( 0.3937007874015748254, -0.09055118110236221041, 0.4881889763779527769 ) ) ;
#5737 = ORIENTED_EDGE ( 'NONE', *, *, #6763, .T. ) ;
#5738 = DIRECTION ( 'NONE',  ( 1.000000000000000000, 0.000000000000000000, 0.000000000000000000 ) ) ;
#5739 = VERTEX_POINT ( 'NONE', #8986 ) ;
#5740 = CIRCLE ( 'NONE', #2477, 0.06102362204724406936 ) ;
#5741 = DIRECTION ( 'NONE',  ( 0.000000000000000000, 0.000000000000000000, -1.000000000000000000 ) ) ;
#5742 = ORIENTED_EDGE ( 'NONE', *, *, #7781, .T. ) ;
#5743 = CARTESIAN_POINT ( 'NONE',  ( -0.07874015748031495954, 0.1850393700787401619, -0.6968503937007873850 ) ) ;
#5744 = ORIENTED_EDGE ( 'NONE', *, *, #38, .F. ) ;
#5745 = AXIS2_PLACEMENT_3D ( 'NONE', #5689, #8774, #4680 ) ;
#5746 = VERTEX_POINT ( 'NONE', #5747 ) ;
#5747 = CARTESIAN_POINT ( 'NONE',  ( -0.3543307086614173040, 1.283464566929133799, 0.05511811023622047168 ) ) ;
#5748 = EDGE_CURVE ( 'NONE', #9262, #1756, #2574, .T. ) ;
#5749 = DIRECTION ( 'NONE',  ( 0.000000000000000000, -1.000000000000000000, 3.469446951953609850E-15 ) ) ;
#5750 = EDGE_CURVE ( 'NONE', #2074, #591, #8178, .T. ) ;
#5751 = ORIENTED_EDGE ( 'NONE', *, *, #8787, .T. ) ;
#5752 = VECTOR ( 'NONE', #6306, 39.37007874015748143 ) ;
#5753 = ADVANCED_FACE ( 'NONE', ( #5854 ), #9141, .T. ) ;
#5754 = LINE ( 'NONE', #1867, #8006 ) ;
#5755 = DIRECTION ( 'NONE',  ( -1.000000000000000000, 0.000000000000000000, 0.000000000000000000 ) ) ;
#5756 = CARTESIAN_POINT ( 'NONE',  ( 0.4921259842519685179, 0.1850393700787401619, -0.6968503937007873850 ) ) ;
#5757 = LINE ( 'NONE', #1766, #7914 ) ;
#5758 = VECTOR ( 'NONE', #8821, 39.37007874015748854 ) ;
#5759 = AXIS2_PLACEMENT_3D ( 'NONE', #5703, #4901, #8187 ) ;
#5760 = VECTOR ( 'NONE', #5063, 39.37007874015747433 ) ;
#5761 = DIRECTION ( 'NONE',  ( 0.000000000000000000, 1.334402673828313438E-15, 1.000000000000000000 ) ) ;
#5762 = ORIENTED_EDGE ( 'NONE', *, *, #7585, .F. ) ;
#5763 = DIRECTION ( 'NONE',  ( 0.000000000000000000, -1.000000000000000000, 0.000000000000000000 ) ) ;
#5764 = AXIS2_PLACEMENT_3D ( 'NONE', #6302, #6392, #3828 ) ;
#5765 = EDGE_CURVE ( 'NONE', #6497, #4503, #8230, .T. ) ;
#5766 = VECTOR ( 'NONE', #8357, 39.37007874015748143 ) ;
#5767 = VECTOR ( 'NONE', #8719, 39.37007874015748143 ) ;
#5768 = VERTEX_POINT ( 'NONE', #1601 ) ;
#5769 = LINE ( 'NONE', #9058, #6068 ) ;
#5770 = CARTESIAN_POINT ( 'NONE',  ( -0.03838582677165354451, 0.6456692913385827515, -0.4094488188976377896 ) ) ;
#5771 = CARTESIAN_POINT ( 'NONE',  ( -0.3149606299212598381, 0.5472440944881890035, -0.9448818897637796255 ) ) ;
#5772 = LINE ( 'NONE', #4912, #1010 ) ;
#5773 = CARTESIAN_POINT ( 'NONE',  ( 0.1279527559055118058, 1.307328710460744059, 0.5354330708661416693 ) ) ;
#5774 = ORIENTED_EDGE ( 'NONE', *, *, #9905, .T. ) ;
#5775 = VECTOR ( 'NONE', #10113, 39.37007874015748854 ) ;
#5776 = EDGE_CURVE ( 'NONE', #7039, #6133, #4788, .T. ) ;
#5777 = EDGE_CURVE ( 'NONE', #5978, #6533, #2524, .T. ) ;
#5778 = CARTESIAN_POINT ( 'NONE',  ( -0.4921259842519685179, 0.1850393700787401619, 0.6968503937007873850 ) ) ;
#5779 = FACE_OUTER_BOUND ( 'NONE', #904, .T. ) ;
#5780 = VECTOR ( 'NONE', #3066, 39.37007874015748143 ) ;
#5781 = LINE ( 'NONE', #4970, #6287 ) ;
#5782 = CARTESIAN_POINT ( 'NONE',  ( 0.1968503937007874127, 0.6456692913385827515, -0.6200787401574803237 ) ) ;
#5783 = FACE_OUTER_BOUND ( 'NONE', #7928, .T. ) ;
#5784 = ORIENTED_EDGE ( 'NONE', *, *, #7467, .F. ) ;
#5785 = VERTEX_POINT ( 'NONE', #4084 ) ;
#5786 = DIRECTION ( 'NONE',  ( 1.000000000000000000, 0.000000000000000000, 0.000000000000000000 ) ) ;
#5787 = VERTEX_POINT ( 'NONE', #8070 ) ;
#5788 = LINE ( 'NONE', #1029, #5016 ) ;
#5789 = ORIENTED_EDGE ( 'NONE', *, *, #5253, .F. ) ;
#5790 = EDGE_CURVE ( 'NONE', #8817, #6199, #2465, .T. ) ;
#5791 = EDGE_CURVE ( 'NONE', #1196, #6155, #4025, .T. ) ;
#5792 = FACE_BOUND ( 'NONE', #8312, .T. ) ;
#5793 = CARTESIAN_POINT ( 'NONE',  ( -0.03838582677165354451, -0.09055118110236221041, -0.6968503937007873850 ) ) ;
#5794 = FACE_OUTER_BOUND ( 'NONE', #2793, .T. ) ;
#5795 = LINE ( 'NONE', #3377, #1646 ) ;
#5796 = VERTEX_POINT ( 'NONE', #4947 ) ;
#5797 = DIRECTION ( 'NONE',  ( 0.000000000000000000, -1.000000000000000000, 0.000000000000000000 ) ) ;
#5798 = CIRCLE ( 'NONE', #9756, 0.1279527559055117780 ) ;
#5799 = EDGE_LOOP ( 'NONE', ( #2411, #4272, #4224, #5824 ) ) ;
#5800 = DIRECTION ( 'NONE',  ( 0.000000000000000000, 0.000000000000000000, -1.000000000000000000 ) ) ;
#5801 = ORIENTED_EDGE ( 'NONE', *, *, #6141, .T. ) ;
#5802 = CARTESIAN_POINT ( 'NONE',  ( -0.1358267716535433156, -0.03543307086614173179, -0.1279527559055118058 ) ) ;
#5803 = VERTEX_POINT ( 'NONE', #3971 ) ;
#5804 = ORIENTED_EDGE ( 'NONE', *, *, #1138, .T. ) ;
#5805 = VECTOR ( 'NONE', #5828, 39.37007874015748143 ) ;
#5806 = CARTESIAN_POINT ( 'NONE',  ( 0.3937007874015748254, 0.1850393700787401619, 0.2755905511811023723 ) ) ;
#5807 = PLANE ( 'NONE',  #7688 ) ;
#5808 = DIRECTION ( 'NONE',  ( 0.000000000000000000, -1.000000000000000000, 0.000000000000000000 ) ) ;
#5809 = DIRECTION ( 'NONE',  ( 0.000000000000000000, 0.000000000000000000, 1.000000000000000000 ) ) ;
#5810 = CARTESIAN_POINT ( 'NONE',  ( 0.1279527559055118058, 0.7913385826771653919, 0.5826771653543307838 ) ) ;
#5811 = DIRECTION ( 'NONE',  ( 0.000000000000000000, 1.000000000000000000, 0.000000000000000000 ) ) ;
#5812 = CARTESIAN_POINT ( 'NONE',  ( -0.1968503937007874127, 0.8385826771609488084, 0.5354330708661416693 ) ) ;
#5813 = EDGE_CURVE ( 'NONE', #2245, #196, #3387, .T. ) ;
#5814 = EDGE_CURVE ( 'NONE', #2757, #88, #842, .T. ) ;
#5815 = VERTEX_POINT ( 'NONE', #3331 ) ;
#5816 = DIRECTION ( 'NONE',  ( 0.000000000000000000, 1.000000000000000000, 0.000000000000000000 ) ) ;
#5817 = AXIS2_PLACEMENT_3D ( 'NONE', #5840, #9126, #1953 ) ;
#5818 = ORIENTED_EDGE ( 'NONE', *, *, #7016, .T. ) ;
#5819 = LINE ( 'NONE', #8397, #1612 ) ;
#5820 = DIRECTION ( 'NONE',  ( 0.000000000000000000, 0.000000000000000000, 1.000000000000000000 ) ) ;
#5821 = CARTESIAN_POINT ( 'NONE',  ( -0.1968503937007480276, 0.2837642458494043507, 0.5590551181102362266 ) ) ;
#5822 = CARTESIAN_POINT ( 'NONE',  ( 0.3937007874015748254, 0.1850393700787401619, -0.6968503937007873850 ) ) ;
#5823 = PLANE ( 'NONE',  #2920 ) ;
#5824 = ORIENTED_EDGE ( 'NONE', *, *, #864, .F. ) ;
#5825 = ADVANCED_FACE ( 'NONE', ( #9904 ), #1713, .T. ) ;
#5826 =( BOUNDED_SURFACE ( )  B_SPLINE_SURFACE ( 3, 3, ( 
 ( #9876, #5875, #1841, #10026 ),
 ( #816, #211, #8358, #4266 ),
 ( #7399, #164, #3461, #6 ),
 ( #2497, #6734, #5933, #3361 ) ),
 .UNSPECIFIED., .F., .F., .T. ) 
 B_SPLINE_SURFACE_WITH_KNOTS ( ( 4, 4 ),
 ( 4, 4 ),
 ( 0.000000000000000000, 1.000000000000000000 ),
 ( 0.000000000000000000, 1.000000000000000000 ),
 .UNSPECIFIED. ) 
 GEOMETRIC_REPRESENTATION_ITEM ( )  RATIONAL_B_SPLINE_SURFACE ( (
 ( 1.000000000000000000, 0.8047378541243629391, 0.8047378541243629391, 1.000000000000000000),
 ( 0.8025111867385870124, 0.6458111303268070369, 0.6458111303268070369, 0.8025111867385870124),
 ( 0.8025111867385870124, 0.6458111303268070369, 0.6458111303268070369, 0.8025111867385870124),
 ( 1.000000000000000000, 0.8047378541243629391, 0.8047378541243629391, 1.000000000000000000) ) ) 
 REPRESENTATION_ITEM ( '' )  SURFACE ( )  );
#5827 = DIRECTION ( 'NONE',  ( 1.000000000000000000, 0.000000000000000000, 0.000000000000000000 ) ) ;
#5828 = DIRECTION ( 'NONE',  ( 0.000000000000000000, 1.000000000000000000, -3.242473786872534828E-16 ) ) ;
#5829 = CARTESIAN_POINT ( 'NONE',  ( -0.03838582677165354451, 1.027559055118110409, 0.8818897637795275468 ) ) ;
#5830 = DIRECTION ( 'NONE',  ( 0.000000000000000000, 0.000000000000000000, -1.000000000000000000 ) ) ;
#5831 = CARTESIAN_POINT ( 'NONE',  ( -0.1181102362204724254, 1.288618098185022820, 0.05511811023622038147 ) ) ;
#5832 = ORIENTED_EDGE ( 'NONE', *, *, #10072, .F. ) ;
#5833 = EDGE_LOOP ( 'NONE', ( #7303, #2175, #1085, #1118 ) ) ;
#5834 = EDGE_CURVE ( 'NONE', #4287, #2409, #8278, .T. ) ;
#5835 = AXIS2_PLACEMENT_3D ( 'NONE', #7811, #6941, #2973 ) ;
#5836 = DIRECTION ( 'NONE',  ( 1.000000000000000000, 0.000000000000000000, -1.445602896647336195E-14 ) ) ;
#5837 = ORIENTED_EDGE ( 'NONE', *, *, #7605, .T. ) ;
#5838 =( LENGTH_UNIT ( ) NAMED_UNIT ( * ) SI_UNIT ( $, .METRE. ) );
#5839 = ORIENTED_EDGE ( 'NONE', *, *, #8130, .F. ) ;
#5840 = CARTESIAN_POINT ( 'NONE',  ( 0.1732283464566929387, 1.307328710460744059, -0.6747790429661397749 ) ) ;
#5841 = DIRECTION ( 'NONE',  ( -4.015563601798164685E-17, 0.000000000000000000, -1.000000000000000000 ) ) ;
#5842 = LINE ( 'NONE', #226, #7797 ) ;
#5843 = CARTESIAN_POINT ( 'NONE',  ( -0.03838582677165354451, -0.09055118110236221041, 0.6377952755905511584 ) ) ;
#5844 = ORIENTED_EDGE ( 'NONE', *, *, #1993, .T. ) ;
#5845 = CARTESIAN_POINT ( 'NONE',  ( -0.4921259842519685179, 0.1850393700787401619, 0.6968503937007873850 ) ) ;
#5846 = ORIENTED_EDGE ( 'NONE', *, *, #796, .T. ) ;
#5847 = EDGE_CURVE ( 'NONE', #1999, #10385, #4187, .T. ) ;
#5848 = EDGE_CURVE ( 'NONE', #8248, #4857, #10613, .T. ) ;
#5849 = FACE_OUTER_BOUND ( 'NONE', #861, .T. ) ;
#5850 = VERTEX_POINT ( 'NONE', #6499 ) ;
#5851 = FACE_OUTER_BOUND ( 'NONE', #8865, .T. ) ;
#5852 = EDGE_LOOP ( 'NONE', ( #9112, #4369, #5801, #5170 ) ) ;
#5853 = VERTEX_POINT ( 'NONE', #9801 ) ;
#5854 = FACE_OUTER_BOUND ( 'NONE', #10277, .T. ) ;
#5855 = CARTESIAN_POINT ( 'NONE',  ( -0.1968503937007874127, 0.6456692913385827515, 0.5590551181102362266 ) ) ;
#5856 = PLANE ( 'NONE',  #6082 ) ;
#5857 = DIRECTION ( 'NONE',  ( 0.000000000000000000, 0.6365650365096908736, -0.7712230250021168132 ) ) ;
#5858 = DIRECTION ( 'NONE',  ( 0.000000000000000000, 1.334402673828313438E-15, 1.000000000000000000 ) ) ;
#5859 = ORIENTED_EDGE ( 'NONE', *, *, #5558, .F. ) ;
#5860 = ADVANCED_FACE ( 'NONE', ( #5694 ), #7627, .T. ) ;
#5861 = CARTESIAN_POINT ( 'NONE',  ( -0.03838582677165354451, 1.027559055118110409, -0.8818897637795275468 ) ) ;
#5862 = EDGE_LOOP ( 'NONE', ( #3539, #1492, #729, #1422, #180 ) ) ;
#5863 = CARTESIAN_POINT ( 'NONE',  ( 0.03838582677165354451, 1.027559055118110409, 0.8818897637795275468 ) ) ;
#5864 = VECTOR ( 'NONE', #29, 39.37007874015748143 ) ;
#5865 = CARTESIAN_POINT ( 'NONE',  ( 0.1279527559055118058, 0.8385826771609488084, 0.5826771653543307838 ) ) ;
#5866 = CARTESIAN_POINT ( 'NONE',  ( 0.3798818897637795122, 0.5472440944881890035, 0.6968503937007873850 ) ) ;
#5867 = EDGE_CURVE ( 'NONE', #441, #8046, #4242, .T. ) ;
#5868 = CARTESIAN_POINT ( 'NONE',  ( 0.1968503937007874127, 0.6456692913385827515, 0.5590551181102362266 ) ) ;
#5869 = EDGE_LOOP ( 'NONE', ( #10624, #1324, #9681, #3550 ) ) ;
#5870 = LOCAL_TIME ( 14, 14, 55.00000000000000000, #1143 ) ;
#5871 = FACE_OUTER_BOUND ( 'NONE', #10533, .T. ) ;
#5872 = DIRECTION ( 'NONE',  ( -1.000000000000000000, 0.000000000000000000, 0.000000000000000000 ) ) ;
#5873 = ADVANCED_FACE ( 'NONE', ( #5960 ), #1049, .T. ) ;
#5874 = CARTESIAN_POINT ( 'NONE',  ( 0.3553149606299212948, 0.6062992125984252301, 0.6968503937007873850 ) ) ;
#5875 = CARTESIAN_POINT ( 'NONE',  ( -0.1041908113939656183, 1.297383991755642896, 0.03543307086614184975 ) ) ;
#5876 = EDGE_CURVE ( 'NONE', #4631, #269, #8384, .T. ) ;
#5877 = DIRECTION ( 'NONE',  ( 1.000000000000000000, 0.000000000000000000, 0.000000000000000000 ) ) ;
#5878 = ADVANCED_FACE ( 'NONE', ( #3593 ), #6060, .F. ) ;
#5879 = ORIENTED_EDGE ( 'NONE', *, *, #7685, .T. ) ;
#5880 = ORIENTED_EDGE ( 'NONE', *, *, #732, .F. ) ;
#5881 = CARTESIAN_POINT ( 'NONE',  ( 0.000000000000000000, 0.1850393700787401619, 0.4881889763779527769 ) ) ;
#5882 = ORIENTED_EDGE ( 'NONE', *, *, #8956, .T. ) ;
#5883 = PERSON_AND_ORGANIZATION_ROLE ( 'design_owner' ) ;
#5884 = ORIENTED_EDGE ( 'NONE', *, *, #4987, .T. ) ;
#5885 = LINE ( 'NONE', #6047, #3761 ) ;
#5886 = ADVANCED_FACE ( 'NONE', ( #8331 ), #3484, .T. ) ;
#5887 = CARTESIAN_POINT ( 'NONE',  ( -0.2736220472440945017, -0.09055118110236221041, 0.3687411576292909943 ) ) ;
#5888 = CARTESIAN_POINT ( 'NONE',  ( -0.3937007874015748254, -0.1102362204724409434, -0.6377952755905511584 ) ) ;
#5889 = DIRECTION ( 'NONE',  ( 0.000000000000000000, -1.000000000000000000, 0.000000000000000000 ) ) ;
#5890 = ORIENTED_EDGE ( 'NONE', *, *, #7821, .T. ) ;
#5891 = LINE ( 'NONE', #6597, #783 ) ;
#5892 = ORIENTED_EDGE ( 'NONE', *, *, #9439, .T. ) ;
#5893 = FACE_OUTER_BOUND ( 'NONE', #6834, .T. ) ;
#5894 = ORIENTED_EDGE ( 'NONE', *, *, #2287, .T. ) ;
#5895 = CARTESIAN_POINT ( 'NONE',  ( 0.07874015748031495954, 0.4855184551668063064, -0.1279527559055118058 ) ) ;
#5896 = VECTOR ( 'NONE', #985, 39.37007874015748143 ) ;
#5897 = ORIENTED_EDGE ( 'NONE', *, *, #6141, .F. ) ;
#5898 = AXIS2_PLACEMENT_3D ( 'NONE', #4584, #1930, #7868 ) ;
#5899 = ORIENTED_EDGE ( 'NONE', *, *, #5208, .F. ) ;
#5900 = VECTOR ( 'NONE', #1922, 39.37007874015748854 ) ;
#5901 = DIRECTION ( 'NONE',  ( 0.000000000000000000, -1.000000000000000000, 0.000000000000000000 ) ) ;
#5902 = ADVANCED_FACE ( 'NONE', ( #3644 ), #10056, .T. ) ;
#5903 = EDGE_CURVE ( 'NONE', #5484, #4857, #9194, .T. ) ;
#5904 = DIRECTION ( 'NONE',  ( -1.000000000000000000, 0.000000000000000000, 0.000000000000000000 ) ) ;
#5905 = DIRECTION ( 'NONE',  ( -0.000000000000000000, 1.000000000000000000, 0.000000000000000000 ) ) ;
#5906 = DIRECTION ( 'NONE',  ( 1.000000000000000000, 0.000000000000000000, 0.000000000000000000 ) ) ;
#5907 = VECTOR ( 'NONE', #8462, 39.37007874015748143 ) ;
#5908 = CARTESIAN_POINT ( 'NONE',  ( 0.4921259842519685179, 0.3897637795275590844, -0.9448818897637796255 ) ) ;
#5909 = VECTOR ( 'NONE', #10173, 39.37007874015748143 ) ;
#5910 = LINE ( 'NONE', #9203, #536 ) ;
#5911 = ORIENTED_EDGE ( 'NONE', *, *, #5523, .F. ) ;
#5912 = ORIENTED_EDGE ( 'NONE', *, *, #1684, .F. ) ;
#5913 = CARTESIAN_POINT ( 'NONE',  ( -0.1968503937007874127, 0.6456692913385827515, -0.5590551181102362266 ) ) ;
#5914 = VECTOR ( 'NONE', #5446, 39.37007874015748143 ) ;
#5915 = EDGE_CURVE ( 'NONE', #3774, #7737, #349, .T. ) ;
#5916 = ORIENTED_EDGE ( 'NONE', *, *, #2454, .T. ) ;
#5917 = AXIS2_PLACEMENT_3D ( 'NONE', #10275, #5573, #3207 ) ;
#5918 = CARTESIAN_POINT ( 'NONE',  ( 0.07874015748031495954, 0.6062992125984252301, 0.9448818897637796255 ) ) ;
#5919 = VECTOR ( 'NONE', #6725, 39.37007874015748143 ) ;
#5920 = PLANE ( 'NONE',  #6959 ) ;
#5921 = PLANE ( 'NONE',  #10395 ) ;
#5922 = CARTESIAN_POINT ( 'NONE',  ( -0.3553149606299212948, 0.8464566929133857665, 0.9212598425196850682 ) ) ;
#5923 = ORIENTED_EDGE ( 'NONE', *, *, #10494, .T. ) ;
#5924 = VECTOR ( 'NONE', #7236, 39.37007874015748143 ) ;
#5925 = VECTOR ( 'NONE', #8308, 39.37007874015748143 ) ;
#5926 = VERTEX_POINT ( 'NONE', #1973 ) ;
#5927 = AXIS2_PLACEMENT_3D ( 'NONE', #5046, #8486, #6123 ) ;
#5928 = VECTOR ( 'NONE', #8044, 39.37007874015748143 ) ;
#5929 = EDGE_CURVE ( 'NONE', #1599, #2056, #7738, .T. ) ;
#5930 = LINE ( 'NONE', #1781, #7024 ) ;
#5931 = DIRECTION ( 'NONE',  ( 0.000000000000000000, -1.000000000000000000, 0.000000000000000000 ) ) ;
#5932 = DIRECTION ( 'NONE',  ( 1.000000000000000000, 0.000000000000000000, 0.000000000000000000 ) ) ;
#5933 = CARTESIAN_POINT ( 'NONE',  ( -0.1263948699153068789, 1.291486829531593772, 0.05511723596671207898 ) ) ;
#5934 = CARTESIAN_POINT ( 'NONE',  ( -0.1181102362204725087, 1.297383991755642896, -0.04935249569264864300 ) ) ;
#5935 = VECTOR ( 'NONE', #4015, 39.37007874015748143 ) ;
#5936 = AXIS2_PLACEMENT_3D ( 'NONE', #4252, #7539, #8996 ) ;
#5937 = ORIENTED_EDGE ( 'NONE', *, *, #6003, .F. ) ;
#5938 = ORIENTED_EDGE ( 'NONE', *, *, #38, .T. ) ;
#5939 = B_SPLINE_CURVE_WITH_KNOTS ( 'NONE', 3,
 ( #9631, #3816, #5580, #3764, #10492, #5425, #4725, #6179, #2086, #623, #6336, #2295, #1271, #9471, #2248 ),
 .UNSPECIFIED., .F., .F.,
 ( 4, 2, 2, 2, 1, 2, 2, 4 ),
 ( 0.000000000000000000, 0.2500000000000052180, 0.3750000000000059397, 0.4375000000000062728, 0.4687500000000067724, 0.4843750000000066058, 0.5000000000000064393, 1.000000000000000000 ),
 .UNSPECIFIED. ) ;
#5940 = CARTESIAN_POINT ( 'NONE',  ( -0.1968503937007874127, 0.7440944881889763884, -0.5590551181102362266 ) ) ;
#5941 = VERTEX_POINT ( 'NONE', #5261 ) ;
#5942 = DIRECTION ( 'NONE',  ( 0.000000000000000000, 0.000000000000000000, -1.000000000000000000 ) ) ;
#5943 = ADVANCED_FACE ( 'NONE', ( #4338 ), #241, .T. ) ;
#5944 = VERTEX_POINT ( 'NONE', #2782 ) ;
#5945 = EDGE_CURVE ( 'NONE', #8041, #8644, #7309, .T. ) ;
#5946 = AXIS2_PLACEMENT_3D ( 'NONE', #8476, #5306, #2830 ) ;
#5947 = FACE_OUTER_BOUND ( 'NONE', #4723, .T. ) ;
#5948 = CARTESIAN_POINT ( 'NONE',  ( -0.2204724409448818867, 0.6456692913385827515, -0.4433311932543378409 ) ) ;
#5949 = DIRECTION ( 'NONE',  ( 0.000000000000000000, 1.000000000000000000, -1.213093339843927959E-15 ) ) ;
#5950 = CARTESIAN_POINT ( 'NONE',  ( -0.3553149606299212948, 0.6062992125984252301, 0.7165354330708662012 ) ) ;
#5951 = ORIENTED_EDGE ( 'NONE', *, *, #10169, .F. ) ;
#5952 = CARTESIAN_POINT ( 'NONE',  ( 0.1732283464566929387, 0.8385826771609488084, -0.5354330708661416693 ) ) ;
#5953 = ORIENTED_EDGE ( 'NONE', *, *, #6625, .T. ) ;
#5954 = CARTESIAN_POINT ( 'NONE',  ( -0.1968503937007874127, 0.7440944881889763884, -0.5590551181102362266 ) ) ;
#5955 = ORIENTED_EDGE ( 'NONE', *, *, #8930, .T. ) ;
#5956 = EDGE_CURVE ( 'NONE', #4079, #1104, #139, .T. ) ;
#5957 = DIRECTION ( 'NONE',  ( -0.7071067811865450192, 0.000000000000000000, 0.7071067811865500152 ) ) ;
#5958 = ORIENTED_EDGE ( 'NONE', *, *, #5222, .T. ) ;
#5959 = ORIENTED_EDGE ( 'NONE', *, *, #8361, .T. ) ;
#5960 = FACE_OUTER_BOUND ( 'NONE', #2366, .T. ) ;
#5961 = PLANE ( 'NONE',  #6645 ) ;
#5962 = AXIS2_PLACEMENT_3D ( 'NONE', #3708, #6983, #4674 ) ;
#5963 = CARTESIAN_POINT ( 'NONE',  ( -0.4921259842519685179, 1.287401574803149540, 0.5629921259842519676 ) ) ;
#5964 = PLANE ( 'NONE',  #3504 ) ;
#5965 = CARTESIAN_POINT ( 'NONE',  ( 0.01968503937007873988, -0.1102362204724409434, 0.4960629921259842590 ) ) ;
#5966 = EDGE_CURVE ( 'NONE', #1040, #7152, #3540, .T. ) ;
#5967 = AXIS2_PLACEMENT_3D ( 'NONE', #10637, #9665, #4 ) ;
#5968 = FACE_OUTER_BOUND ( 'NONE', #2095, .T. ) ;
#5969 = ORIENTED_EDGE ( 'NONE', *, *, #7248, .F. ) ;
#5970 = AXIS2_PLACEMENT_3D ( 'NONE', #4069, #670, #1651 ) ;
#5971 = ORIENTED_EDGE ( 'NONE', *, *, #6397, .T. ) ;
#5972 = DIRECTION ( 'NONE',  ( 0.000000000000000000, 1.445602896647356074E-15, -1.000000000000000000 ) ) ;
#5973 = ORIENTED_EDGE ( 'NONE', *, *, #2265, .F. ) ;
#5974 = DIRECTION ( 'NONE',  ( 0.000000000000000000, -1.000000000000000000, 0.000000000000000000 ) ) ;
#5975 = DIRECTION ( 'NONE',  ( 0.8480480961564260678, 0.5062594840960921161, 0.1565750981740713088 ) ) ;
#5976 = CARTESIAN_POINT ( 'NONE',  ( -0.04330708661417323468, 0.4855184551668063064, -0.1279527559055118058 ) ) ;
#5977 = DIRECTION ( 'NONE',  ( -0.5299192642332057890, 0.8480480961564255127, -1.028761497314683856E-15 ) ) ;
#5978 = VERTEX_POINT ( 'NONE', #4290 ) ;
#5979 = EDGE_CURVE ( 'NONE', #10385, #6547, #10110, .T. ) ;
#5980 = EDGE_CURVE ( 'NONE', #8467, #9006, #1106, .T. ) ;
#5981 = ORIENTED_EDGE ( 'NONE', *, *, #10092, .T. ) ;
#5982 = VECTOR ( 'NONE', #8654, 39.37007874015748143 ) ;
#5983 = CARTESIAN_POINT ( 'NONE',  ( -0.3523622047244094335, 0.4685039370078740717, 0.4677695532303149939 ) ) ;
#5984 = LINE ( 'NONE', #10022, #9434 ) ;
#5985 = EDGE_LOOP ( 'NONE', ( #1507, #7898, #8517, #6144 ) ) ;
#5986 = LINE ( 'NONE', #9275, #967 ) ;
#5987 = FACE_BOUND ( 'NONE', #2986, .T. ) ;
#5988 = LINE ( 'NONE', #5074, #6764 ) ;
#5989 = CARTESIAN_POINT ( 'NONE',  ( 0.000000000000000000, 0.1850393700787401619, 0.6377952755905511584 ) ) ;
#5990 = ORIENTED_EDGE ( 'NONE', *, *, #7516, .F. ) ;
#5991 = AXIS2_PLACEMENT_3D ( 'NONE', #7927, #5391, #2925 ) ;
#5992 = ORIENTED_EDGE ( 'NONE', *, *, #2592, .T. ) ;
#5993 = CARTESIAN_POINT ( 'NONE',  ( 0.04330708661417323468, 0.1850393700787401619, -0.05511811023622047168 ) ) ;
#5994 = ORIENTED_EDGE ( 'NONE', *, *, #10473, .F. ) ;
#5995 = APPROVAL_ROLE ( '' ) ;
#5996 = ORIENTED_EDGE ( 'NONE', *, *, #8159, .T. ) ;
#5997 = CARTESIAN_POINT ( 'NONE',  ( 0.01968503937007873988, -0.1102362204724409434, 0.5866141732283465249 ) ) ;
#5998 = CARTESIAN_POINT ( 'NONE',  ( -0.1968503937007874127, 0.7440944881889763884, 0.4980314960629921295 ) ) ;
#5999 = CARTESIAN_POINT ( 'NONE',  ( -0.07874015748031495954, 0.6062992125984252301, 0.9448818897637796255 ) ) ;
#6000 = DIRECTION ( 'NONE',  ( 0.000000000000000000, -1.000000000000000000, 0.000000000000000000 ) ) ;
#6001 = ORIENTED_EDGE ( 'NONE', *, *, #3985, .T. ) ;
#6002 = VECTOR ( 'NONE', #4490, 39.37007874015748143 ) ;
#6003 = EDGE_CURVE ( 'NONE', #9240, #2027, #10005, .T. ) ;
#6004 = CARTESIAN_POINT ( 'NONE',  ( 0.3937007874015748254, -0.09055118110236221041, 0.6377952755905511584 ) ) ;
#6005 = VERTEX_POINT ( 'NONE', #6981 ) ;
#6006 = EDGE_CURVE ( 'NONE', #2959, #9103, #6231, .T. ) ;
#6007 = LINE ( 'NONE', #7033, #415 ) ;
#6008 = ORIENTED_EDGE ( 'NONE', *, *, #6898, .T. ) ;
#6009 = CARTESIAN_POINT ( 'NONE',  ( -0.1181102362204724532, 1.306566448219291132, -0.03543307086614173179 ) ) ;
#6010 = CIRCLE ( 'NONE', #6357, 0.06102362204724406936 ) ;
#6011 = ORIENTED_EDGE ( 'NONE', *, *, #10606, .T. ) ;
#6012 = EDGE_LOOP ( 'NONE', ( #4067, #5348 ) ) ;
#6013 = CARTESIAN_POINT ( 'NONE',  ( 0.1968503937007874127, 0.6456692913385827515, -0.5590551181102362266 ) ) ;
#6014 = LINE ( 'NONE', #4507, #3219 ) ;
#6015 = CARTESIAN_POINT ( 'NONE',  ( -0.1181102362204724532, 1.283464566929133799, 0.05511811023622047168 ) ) ;
#6016 = LINE ( 'NONE', #3710, #9045 ) ;
#6017 = EDGE_CURVE ( 'NONE', #2256, #9103, #622, .T. ) ;
#6018 = ORIENTED_EDGE ( 'NONE', *, *, #1258, .F. ) ;
#6019 = ADVANCED_FACE ( 'NONE', ( #6289 ), #5480, .T. ) ;
#6020 = DIRECTION ( 'NONE',  ( 0.000000000000000000, 1.445602896647356074E-15, -1.000000000000000000 ) ) ;
#6021 = FACE_OUTER_BOUND ( 'NONE', #6850, .T. ) ;
#6022 = ORIENTED_EDGE ( 'NONE', *, *, #9302, .F. ) ;
#6023 = VERTEX_POINT ( 'NONE', #3762 ) ;
#6024 = DIRECTION ( 'NONE',  ( 1.000000000000000000, 0.000000000000000000, 0.000000000000000000 ) ) ;
#6025 = VERTEX_POINT ( 'NONE', #10491 ) ;
#6026 = FACE_OUTER_BOUND ( 'NONE', #3810, .T. ) ;
#6027 = EDGE_CURVE ( 'NONE', #2660, #9935, #2138, .T. ) ;
#6028 = CARTESIAN_POINT ( 'NONE',  ( -0.2933070866141732624, 0.000000000000000000, 0.2952755905511810774 ) ) ;
#6029 = DIRECTION ( 'NONE',  ( 1.000000000000000000, 0.000000000000000000, 0.000000000000000000 ) ) ;
#6030 = CARTESIAN_POINT ( 'NONE',  ( -0.1968503937007874127, 0.7440944881889763884, -0.5590551181102362266 ) ) ;
#6031 = VERTEX_POINT ( 'NONE', #5423 ) ;
#6032 = FACE_OUTER_BOUND ( 'NONE', #239, .T. ) ;
#6033 = AXIS2_PLACEMENT_3D ( 'NONE', #4080, #2358, #5640 ) ;
#6034 = CARTESIAN_POINT ( 'NONE',  ( -0.01968503937007873988, 0.007874015748031495954, 0.2952755905511810774 ) ) ;
#6035 = ORIENTED_EDGE ( 'NONE', *, *, #6347, .F. ) ;
#6036 = CARTESIAN_POINT ( 'NONE',  ( -0.4921259842519685179, 0.5472440944881890035, 0.6968503937007873850 ) ) ;
#6037 = EDGE_CURVE ( 'NONE', #3683, #1832, #8714, .T. ) ;
#6038 = DIRECTION ( 'NONE',  ( 1.000000000000000000, 0.000000000000000000, 0.000000000000000000 ) ) ;
#6039 = ADVANCED_FACE ( 'NONE', ( #7787 ), #8766, .T. ) ;
#6040 = CARTESIAN_POINT ( 'NONE',  ( -0.3623529712638773326, 1.303148732029703050, 0.02714843717130721937 ) ) ;
#6041 = DIRECTION ( 'NONE',  ( -1.000000000000000000, 0.000000000000000000, 0.000000000000000000 ) ) ;
#6042 = ORIENTED_EDGE ( 'NONE', *, *, #9584, .T. ) ;
#6043 = ORIENTED_EDGE ( 'NONE', *, *, #3757, .T. ) ;
#6044 = CARTESIAN_POINT ( 'NONE',  ( 0.3937007874015748254, 0.4685039370078740717, -0.5393700787401575214 ) ) ;
#6045 = ORIENTED_EDGE ( 'NONE', *, *, #5748, .F. ) ;
#6046 = VERTEX_POINT ( 'NONE', #4721 ) ;
#6047 = CARTESIAN_POINT ( 'NONE',  ( 0.3937007874015748254, -0.09055118110236221041, 0.9448818897637796255 ) ) ;
#6048 = CARTESIAN_POINT ( 'NONE',  ( -0.3543307086614173596, 1.288618098185022598, -0.05511811023622038841 ) ) ;
#6049 = PLANE ( 'NONE',  #1253 ) ;
#6050 = LINE ( 'NONE', #1958, #9972 ) ;
#6051 = EDGE_LOOP ( 'NONE', ( #2867, #6101, #8199, #528 ) ) ;
#6052 = LINE ( 'NONE', #4389, #4756 ) ;
#6053 = ORIENTED_EDGE ( 'NONE', *, *, #9652, .T. ) ;
#6054 = LINE ( 'NONE', #5255, #10577 ) ;
#6055 = VERTEX_POINT ( 'NONE', #1268 ) ;
#6056 = LINE ( 'NONE', #1383, #8805 ) ;
#6057 = ORIENTED_EDGE ( 'NONE', *, *, #9998, .F. ) ;
#6058 = ORIENTED_EDGE ( 'NONE', *, *, #4569, .F. ) ;
#6059 = EDGE_CURVE ( 'NONE', #8116, #7372, #3058, .T. ) ;
#6060 = PLANE ( 'NONE',  #4380 ) ;
#6061 = DIRECTION ( 'NONE',  ( 0.000000000000000000, 1.000000000000000000, 3.469446951953625233E-15 ) ) ;
#6062 = LINE ( 'NONE', #9353, #765 ) ;
#6063 = FACE_OUTER_BOUND ( 'NONE', #8982, .T. ) ;
#6064 = EDGE_LOOP ( 'NONE', ( #5328, #3206, #8166, #8479, #726, #4346 ) ) ;
#6065 = LINE ( 'NONE', #9356, #7503 ) ;
#6066 = VECTOR ( 'NONE', #3582, 39.37007874015748143 ) ;
#6067 = FACE_OUTER_BOUND ( 'NONE', #9091, .T. ) ;
#6068 = VECTOR ( 'NONE', #1677, 39.37007874015748143 ) ;
#6069 = CARTESIAN_POINT ( 'NONE',  ( 0.3523622047244094335, 0.1850393700787401619, 0.4251968503937008093 ) ) ;
#6070 = VERTEX_POINT ( 'NONE', #1385 ) ;
#6071 = ORIENTED_EDGE ( 'NONE', *, *, #7347, .F. ) ;
#6072 = EDGE_CURVE ( 'NONE', #137, #3483, #403, .T. ) ;
#6073 = EDGE_CURVE ( 'NONE', #875, #1304, #5527, .T. ) ;
#6074 = CARTESIAN_POINT ( 'NONE',  ( 0.07874015748031495954, -0.05118110236220472370, 0.3976377952755905665 ) ) ;
#6075 = EDGE_CURVE ( 'NONE', #5293, #4060, #4565, .T. ) ;
#6076 = VECTOR ( 'NONE', #8094, 39.37007874015748143 ) ;
#6077 = ORIENTED_EDGE ( 'NONE', *, *, #8040, .T. ) ;
#6078 = CARTESIAN_POINT ( 'NONE',  ( 0.04330708661417323468, 0.1850393700787401619, -0.05511811023622047168 ) ) ;
#6079 = DIRECTION ( 'NONE',  ( 1.000000000000000000, 0.000000000000000000, 0.000000000000000000 ) ) ;
#6080 = FACE_OUTER_BOUND ( 'NONE', #6064, .T. ) ;
#6081 = CARTESIAN_POINT ( 'NONE',  ( -0.03838582677165354451, 0.1850393700787401619, -0.4677695532303212667 ) ) ;
#6082 = AXIS2_PLACEMENT_3D ( 'NONE', #9253, #142, #3442 ) ;
#6083 = VECTOR ( 'NONE', #5649, 39.37007874015748143 ) ;
#6084 = ORIENTED_EDGE ( 'NONE', *, *, #8019, .T. ) ;
#6085 = EDGE_CURVE ( 'NONE', #7328, #5314, #1331, .T. ) ;
#6086 = LINE ( 'NONE', #5983, #9366 ) ;
#6087 = AXIS2_PLACEMENT_3D ( 'NONE', #629, #4991, #8273 ) ;
#6088 = DIRECTION ( 'NONE',  ( 1.000000000000000000, 0.000000000000000000, 0.000000000000000000 ) ) ;
#6090 = ORIENTED_EDGE ( 'NONE', *, *, #7067, .F. ) ;
#6089 = ORIENTED_EDGE ( 'NONE', *, *, #7376, .T. ) ;
#6091 = CARTESIAN_POINT ( 'NONE',  ( 0.07874015748031495954, 0.1850393700787401619, -0.6968503937007873850 ) ) ;
#6092 = DIRECTION ( 'NONE',  ( 2.007781800899079877E-17, 0.000000000000000000, -1.000000000000000000 ) ) ;
#6093 = CARTESIAN_POINT ( 'NONE',  ( 0.03838582677165354451, 0.6456692913385827515, 0.7165354330708662012 ) ) ;
#6094 = LINE ( 'NONE', #8688, #1538 ) ;
#6095 = ORIENTED_EDGE ( 'NONE', *, *, #1858, .F. ) ;
#6096 = ORIENTED_EDGE ( 'NONE', *, *, #2661, .F. ) ;
#6097 = VECTOR ( 'NONE', #8623, 39.37007874015748143 ) ;
#6098 = AXIS2_PLACEMENT_3D ( 'NONE', #3261, #3417, #5131 ) ;
#6099 = VECTOR ( 'NONE', #9440, 39.37007874015748143 ) ;
#6100 = LINE ( 'NONE', #5546, #9722 ) ;
#6101 = ORIENTED_EDGE ( 'NONE', *, *, #9907, .F. ) ;
#6102 = EDGE_CURVE ( 'NONE', #6023, #6995, #1215, .T. ) ;
#6103 = ADVANCED_FACE ( 'NONE', ( #7852 ), #9580, .T. ) ;
#6104 = ORIENTED_EDGE ( 'NONE', *, *, #1762, .F. ) ;
#6105 = DIRECTION ( 'NONE',  ( 0.000000000000000000, 0.000000000000000000, -1.000000000000000000 ) ) ;
#6106 = CARTESIAN_POINT ( 'NONE',  ( 0.1732283464566929387, 0.8385826771609488084, -0.5590551181102362266 ) ) ;
#6107 = VECTOR ( 'NONE', #1664, 39.37007874015748143 ) ;
#6108 = CARTESIAN_POINT ( 'NONE',  ( -0.3543307086614173040, 1.303149606299212504, -0.03543307086614173179 ) ) ;
#6109 = VECTOR ( 'NONE', #243, 39.37007874015748143 ) ;
#6110 = CARTESIAN_POINT ( 'NONE',  ( -0.03838582677165354451, 0.5472440944881890035, -0.9448818897637796255 ) ) ;
#6111 = CARTESIAN_POINT ( 'NONE',  ( -0.03838582677165354451, 0.4685039370078740717, 0.4251968503937008093 ) ) ;
#6112 = ORIENTED_EDGE ( 'NONE', *, *, #1460, .T. ) ;
#6113 = CARTESIAN_POINT ( 'NONE',  ( -0.2204724409448818867, 0.7913385826771653919, -0.5826771653543307838 ) ) ;
#6114 = VERTEX_POINT ( 'NONE', #3706 ) ;
#6115 = CARTESIAN_POINT ( 'NONE',  ( -0.1968503937007874127, 0.6456692913385827515, 0.6200787401574803237 ) ) ;
#6116 = VECTOR ( 'NONE', #2787, 39.37007874015748143 ) ;
#6117 = VERTEX_POINT ( 'NONE', #3863 ) ;
#6118 = EDGE_CURVE ( 'NONE', #3168, #3480, #10283, .T. ) ;
#6119 = EDGE_CURVE ( 'NONE', #5941, #10339, #9468, .T. ) ;
#6120 = DIRECTION ( 'NONE',  ( 0.000000000000000000, 1.000000000000000000, 0.000000000000000000 ) ) ;
#6121 = ORIENTED_EDGE ( 'NONE', *, *, #9618, .F. ) ;
#6122 = EDGE_LOOP ( 'NONE', ( #8976, #5481, #235, #4662, #2453, #2897 ) ) ;
#6123 = DIRECTION ( 'NONE',  ( 0.000000000000000000, 0.000000000000000000, -1.000000000000000000 ) ) ;
#6124 = ORIENTED_EDGE ( 'NONE', *, *, #4862, .F. ) ;
#6125 = LINE ( 'NONE', #4453, #3054 ) ;
#6126 = LINE ( 'NONE', #4454, #4743 ) ;
#6127 = DIRECTION ( 'NONE',  ( 0.000000000000000000, 0.000000000000000000, -1.000000000000000000 ) ) ;
#6128 = VECTOR ( 'NONE', #10450, 39.37007874015748143 ) ;
#6129 = ORIENTED_EDGE ( 'NONE', *, *, #9244, .T. ) ;
#6130 = CARTESIAN_POINT ( 'NONE',  ( 0.3937007874015748254, -0.09055118110236221041, 0.6377952755905511584 ) ) ;
#6131 = CARTESIAN_POINT ( 'NONE',  ( 0.04330708661417323468, 0.1850393700787401619, 0.1279527559055118058 ) ) ;
#6132 = FACE_OUTER_BOUND ( 'NONE', #8851, .T. ) ;
#6133 = VERTEX_POINT ( 'NONE', #462 ) ;
#6134 = ORIENTED_EDGE ( 'NONE', *, *, #9362, .F. ) ;
#6135 = CARTESIAN_POINT ( 'NONE',  ( 0.1968503937007874127, 0.6456692913385827515, 0.6200787401574803237 ) ) ;
#6136 = ORIENTED_EDGE ( 'NONE', *, *, #5456, .F. ) ;
#6137 = LINE ( 'NONE', #424, #6929 ) ;
#6138 = LINE ( 'NONE', #7703, #3873 ) ;
#6139 = DIRECTION ( 'NONE',  ( 0.000000000000000000, 0.000000000000000000, 1.000000000000000000 ) ) ;
#6140 = DIRECTION ( 'NONE',  ( 0.000000000000000000, -1.000000000000000000, 0.000000000000000000 ) ) ;
#6141 = EDGE_CURVE ( 'NONE', #6651, #6114, #7038, .T. ) ;
#6142 = VECTOR ( 'NONE', #608, 39.37007874015748143 ) ;
#6143 = EDGE_CURVE ( 'NONE', #9591, #6203, #9885, .T. ) ;
#6144 = ORIENTED_EDGE ( 'NONE', *, *, #4246, .F. ) ;
#6145 = DIRECTION ( 'NONE',  ( 0.000000000000000000, -1.000000000000000000, 0.000000000000000000 ) ) ;
#6146 = DIRECTION ( 'NONE',  ( 0.000000000000000000, 0.000000000000000000, -1.000000000000000000 ) ) ;
#6148 = ORIENTED_EDGE ( 'NONE', *, *, #8583, .T. ) ;
#6147 = ORIENTED_EDGE ( 'NONE', *, *, #7498, .T. ) ;
#6149 = DIRECTION ( 'NONE',  ( 0.000000000000000000, 0.000000000000000000, -1.000000000000000000 ) ) ;
#6150 = LINE ( 'NONE', #492, #2656 ) ;
#6151 = DIRECTION ( 'NONE',  ( -1.000000000000000000, 0.000000000000000000, 0.000000000000000000 ) ) ;
#6152 = CARTESIAN_POINT ( 'NONE',  ( -0.03838582677165354451, 0.6456692913385827515, 0.7165354330708662012 ) ) ;
#6153 = VERTEX_POINT ( 'NONE', #8872 ) ;
#6154 = EDGE_CURVE ( 'NONE', #3844, #6023, #9079, .T. ) ;
#6155 = VERTEX_POINT ( 'NONE', #1698 ) ;
#6156 = VECTOR ( 'NONE', #7671, 39.37007874015748143 ) ;
#6157 = CARTESIAN_POINT ( 'NONE',  ( 0.07874015748031495954, -0.1102362204724409434, 0.4960629921259842590 ) ) ;
#6158 = VERTEX_POINT ( 'NONE', #6539 ) ;
#6159 = ORIENTED_EDGE ( 'NONE', *, *, #675, .F. ) ;
#6160 = DIRECTION ( 'NONE',  ( 1.000000000000000000, 0.000000000000000000, 0.000000000000000000 ) ) ;
#6161 = DIRECTION ( 'NONE',  ( -1.788374717501859983E-15, -1.000000000000000000, 0.000000000000000000 ) ) ;
#6162 = VECTOR ( 'NONE', #4811, 39.37007874015748143 ) ;
#6163 = LINE ( 'NONE', #10324, #5626 ) ;
#6164 = CARTESIAN_POINT ( 'NONE',  ( -0.07874015748031495954, 0.1062992125984252023, 0.2283464566929133688 ) ) ;
#6165 = CARTESIAN_POINT ( 'NONE',  ( -0.2362204724409449064, 1.137795275590551158, -0.05511811023622047168 ) ) ;
#6166 = DIRECTION ( 'NONE',  ( 1.000000000000000000, 0.000000000000000000, 0.000000000000000000 ) ) ;
#6167 = ORIENTED_EDGE ( 'NONE', *, *, #4209, .F. ) ;
#6168 = ADVANCED_FACE ( 'NONE', ( #3211 ), #4171, .T. ) ;
#6169 = DIRECTION ( 'NONE',  ( 0.000000000000000000, 1.000000000000000000, 0.000000000000000000 ) ) ;
#6170 = ORIENTED_EDGE ( 'NONE', *, *, #9740, .F. ) ;
#6171 = CARTESIAN_POINT ( 'NONE',  ( -0.1181102362204724532, 1.303149606299212504, 0.05847573388381890197 ) ) ;
#6172 = EDGE_LOOP ( 'NONE', ( #8137, #4506, #3865, #3468, #6380, #10014, #6229, #2781, #5715, #6656, #4297, #2778, #7074, #8765, #2679, #6071, #9986, #5994, #5536, #7258 ) ) ;
#6173 = CARTESIAN_POINT ( 'NONE',  ( 0.3474243646190960932, 0.1850393700787401619, -0.7442963393280985773 ) ) ;
#6174 = ORIENTED_EDGE ( 'NONE', *, *, #5791, .T. ) ;
#6175 = ORIENTED_EDGE ( 'NONE', *, *, #7663, .F. ) ;
#6176 =( BOUNDED_CURVE ( )  B_SPLINE_CURVE ( 3, ( #9603, #140, #3282, #8179 ),
 .UNSPECIFIED., .F., .T. ) 
 B_SPLINE_CURVE_WITH_KNOTS ( ( 4, 4 ),
 ( 3.141592653589795336, 4.681614892440419951 ),
 .UNSPECIFIED. ) 
 CURVE ( )  GEOMETRIC_REPRESENTATION_ITEM ( )  RATIONAL_B_SPLINE_CURVE ( ( 1.000000000000000000, 0.8119352859618450546, 0.8119352859618450546, 1.000000000000000000 ) ) 
 REPRESENTATION_ITEM ( '' )  );
#6177 = DIRECTION ( 'NONE',  ( 0.000000000000000000, -1.000000000000000000, 0.000000000000000000 ) ) ;
#6178 = ORIENTED_EDGE ( 'NONE', *, *, #483, .F. ) ;
#6179 = CARTESIAN_POINT ( 'NONE',  ( -0.3282827796377634222, 1.199157227300998718, 0.04992734380130065680 ) ) ;
#6180 = AXIS2_PLACEMENT_3D ( 'NONE', #1933, #4306, #6727 ) ;
#6181 = CARTESIAN_POINT ( 'NONE',  ( -0.1358267716535433156, 0.000000000000000000, -0.9448818897637796255 ) ) ;
#6182 = LINE ( 'NONE', #3545, #3371 ) ;
#6183 = ORIENTED_EDGE ( 'NONE', *, *, #579, .F. ) ;
#6184 = EDGE_CURVE ( 'NONE', #10260, #3006, #4120, .T. ) ;
#6185 = EDGE_CURVE ( 'NONE', #5796, #6390, #8160, .T. ) ;
#6186 = DIRECTION ( 'NONE',  ( -1.000000000000000000, 0.000000000000000000, 0.000000000000000000 ) ) ;
#6187 = VECTOR ( 'NONE', #5023, 39.37007874015748143 ) ;
#6188 = CARTESIAN_POINT ( 'NONE',  ( -0.3730622950626740764, 1.292571830180890835, -0.04705065660423438101 ) ) ;
#6189 = DIRECTION ( 'NONE',  ( 6.938893903907230350E-16, 0.000000000000000000, 1.000000000000000000 ) ) ;
#6190 = VECTOR ( 'NONE', #7482, 39.37007874015748143 ) ;
#6191 = EDGE_LOOP ( 'NONE', ( #2699, #9493, #6498, #4656 ) ) ;
#6192 = ORIENTED_EDGE ( 'NONE', *, *, #2494, .F. ) ;
#6193 = CARTESIAN_POINT ( 'NONE',  ( 0.1968503937007480276, 1.287401574803149540, -0.5590551181102362266 ) ) ;
#6194 = ORIENTED_EDGE ( 'NONE', *, *, #10619, .F. ) ;
#6195 = LINE ( 'NONE', #1989, #4184 ) ;
#6196 = CARTESIAN_POINT ( 'NONE',  ( 0.2204724409448818867, 0.7913385826771653919, 0.5826771653543307838 ) ) ;
#6197 = LINE ( 'NONE', #480, #7988 ) ;
#6198 = DIRECTION ( 'NONE',  ( 1.000000000000000000, 0.000000000000000000, 0.000000000000000000 ) ) ;
#6199 = VERTEX_POINT ( 'NONE', #2401 ) ;
#6200 = CARTESIAN_POINT ( 'NONE',  ( -0.3543307086614173040, 1.293739894857544925, 0.05299659259074435136 ) ) ;
#6201 = EDGE_CURVE ( 'NONE', #1151, #108, #2348, .T. ) ;
#6202 = DIRECTION ( 'NONE',  ( 0.000000000000000000, 1.000000000000000000, 0.000000000000000000 ) ) ;
#6203 = VERTEX_POINT ( 'NONE', #2509 ) ;
#6204 = CARTESIAN_POINT ( 'NONE',  ( 0.1968503937007874127, 0.7440944881889763884, 0.4980314960629921295 ) ) ;
#6205 = LINE ( 'NONE', #1408, #8505 ) ;
#6206 = DIRECTION ( 'NONE',  ( 0.000000000000000000, 1.000000000000000000, 3.242473786872534828E-16 ) ) ;
#6207 = CARTESIAN_POINT ( 'NONE',  ( -0.2362204724409449064, 1.263779527559055094, 0.05511811023622047168 ) ) ;
#6208 = ORIENTED_EDGE ( 'NONE', *, *, #9942, .T. ) ;
#6209 = VERTEX_POINT ( 'NONE', #6590 ) ;
#6210 = ORIENTED_EDGE ( 'NONE', *, *, #9586, .T. ) ;
#6211 = VECTOR ( 'NONE', #2304, 39.37007874015748143 ) ;
#6212 = VERTEX_POINT ( 'NONE', #827 ) ;
#6213 = ADVANCED_FACE ( 'NONE', ( #878, #10538, #5792, #7459 ), #5681, .T. ) ;
#6214 = ADVANCED_FACE ( 'NONE', ( #8922 ), #1539, .F. ) ;
#6215 = CARTESIAN_POINT ( 'NONE',  ( 0.3553149606299212948, 0.6456692913385827515, -0.4094488188976377896 ) ) ;
#6216 = EDGE_CURVE ( 'NONE', #5350, #7824, #6381, .T. ) ;
#6217 = DIRECTION ( 'NONE',  ( 0.000000000000000000, -1.000000000000000000, 0.000000000000000000 ) ) ;
#6218 = DIRECTION ( 'NONE',  ( -1.000000000000000000, 0.000000000000000000, 0.000000000000000000 ) ) ;
#6219 = DIRECTION ( 'NONE',  ( 0.000000000000000000, 0.000000000000000000, -1.000000000000000000 ) ) ;
#6221 = DIRECTION ( 'NONE',  ( 1.000000000000000000, 0.000000000000000000, 0.000000000000000000 ) ) ;
#6220 = AXIS2_PLACEMENT_3D ( 'NONE', #9346, #9465, #3698 ) ;
#6222 = VERTEX_POINT ( 'NONE', #4824 ) ;
#6223 = DIRECTION ( 'NONE',  ( -1.000000000000000000, 0.000000000000000000, 0.000000000000000000 ) ) ;
#6224 = EDGE_LOOP ( 'NONE', ( #10037, #8028, #1711, #6654, #8746, #7943 ) ) ;
#6225 = DIRECTION ( 'NONE',  ( -1.000000000000000000, 0.000000000000000000, 0.000000000000000000 ) ) ;
#6226 = VERTEX_POINT ( 'NONE', #9838 ) ;
#6227 = CARTESIAN_POINT ( 'NONE',  ( 0.1968503937006692850, 1.249046188814011860, 0.6870078740157480324 ) ) ;
#6228 = VERTEX_POINT ( 'NONE', #1650 ) ;
#6229 = ORIENTED_EDGE ( 'NONE', *, *, #5315, .F. ) ;
#6230 = ADVANCED_FACE ( 'NONE', ( #6430 ), #2293, .F. ) ;
#6231 = LINE ( 'NONE', #9520, #7017 ) ;
#6232 = ORIENTED_EDGE ( 'NONE', *, *, #3553, .F. ) ;
#6233 = CARTESIAN_POINT ( 'NONE',  ( -0.2952755905511810774, 1.263779527559055094, -0.05511811023622047168 ) ) ;
#6234 = DIRECTION ( 'NONE',  ( 0.000000000000000000, 0.000000000000000000, -1.000000000000000000 ) ) ;
#6235 = CARTESIAN_POINT ( 'NONE',  ( -0.03838582677165354451, 1.027559055118110409, -0.8818897637795275468 ) ) ;
#6236 = ORIENTED_EDGE ( 'NONE', *, *, #1274, .F. ) ;
#6237 = DIRECTION ( 'NONE',  ( 0.000000000000000000, 0.000000000000000000, -1.000000000000000000 ) ) ;
#6238 = CARTESIAN_POINT ( 'NONE',  ( 0.1732283464566929387, 1.307328710460744059, -0.5826771653543307838 ) ) ;
#6239 = CARTESIAN_POINT ( 'NONE',  ( 0.03838582677165354451, -0.1102362204724409434, -0.4677695532303212667 ) ) ;
#6240 = ORIENTED_EDGE ( 'NONE', *, *, #4464, .F. ) ;
#6241 = ORIENTED_EDGE ( 'NONE', *, *, #6859, .F. ) ;
#6242 = EDGE_CURVE ( 'NONE', #3398, #3953, #10116, .T. ) ;
#6243 = ADVANCED_FACE ( 'NONE', ( #4010 ), #18, .T. ) ;
#6244 = DIRECTION ( 'NONE',  ( 0.000000000000000000, 0.000000000000000000, -1.000000000000000000 ) ) ;
#6245 = LINE ( 'NONE', #2351, #7966 ) ;
#6246 = DIRECTION ( 'NONE',  ( 0.000000000000000000, -1.000000000000000000, 0.000000000000000000 ) ) ;
#6247 = CARTESIAN_POINT ( 'NONE',  ( -0.09842519685039370636, 1.283464566929134687, 0.04058660212203049622 ) ) ;
#6248 = CLOSED_SHELL ( 'NONE', ( #4689, #9431, #6283, #10562, #2177, #1382, #7468, #4136, #8311, #7531, #472, #2967, #6230, #4761, #5386, #7231, #2115, #8811, #1236, #1175, #7808, #6596, #2865, #10297, #2863, #1096, #4195, #5714, #9146, #566, #8718, #2469, #677, #8944, #3050, #5029 ) ) ;
#6249 = LINE ( 'NONE', #6352, #7640 ) ;
#6250 = LINE ( 'NONE', #8734, #499 ) ;
#6251 = ORIENTED_EDGE ( 'NONE', *, *, #9374, .T. ) ;
#6252 = EDGE_CURVE ( 'NONE', #2169, #3637, #2449, .T. ) ;
#6253 = VECTOR ( 'NONE', #10470, 39.37007874015748143 ) ;
#6254 = LINE ( 'NONE', #3081, #6793 ) ;
#6255 = VECTOR ( 'NONE', #1827, 39.37007874015748143 ) ;
#6256 = CARTESIAN_POINT ( 'NONE',  ( 0.1732283464566929387, 0.6456692913385827515, 0.4433311932543378409 ) ) ;
#6257 = ORIENTED_EDGE ( 'NONE', *, *, #4334, .T. ) ;
#6258 = AXIS2_PLACEMENT_3D ( 'NONE', #3692, #952, #5906 ) ;
#6259 = DIRECTION ( 'NONE',  ( 0.000000000000000000, 1.000000000000000000, 0.000000000000000000 ) ) ;
#6260 = LINE ( 'NONE', #8792, #1972 ) ;
#6261 = CARTESIAN_POINT ( 'NONE',  ( 0.04330708661417323468, 0.1850393700787401619, -0.1279527559055118058 ) ) ;
#6262 = DIRECTION ( 'NONE',  ( 1.000000000000000000, 0.000000000000000000, 0.000000000000000000 ) ) ;
#6263 = ORIENTED_EDGE ( 'NONE', *, *, #4640, .F. ) ;
#6264 = AXIS2_PLACEMENT_3D ( 'NONE', #4414, #6139, #6029 ) ;
#6265 = ORIENTED_EDGE ( 'NONE', *, *, #4111, .F. ) ;
#6266 = APPROVAL ( #7455, 'UNSPECIFIED' ) ;
#6267 = CIRCLE ( 'NONE', #2314, 0.06102362204724406936 ) ;
#6268 = ORIENTED_EDGE ( 'NONE', *, *, #4036, .F. ) ;
#6269 = VERTEX_POINT ( 'NONE', #173 ) ;
#6270 = CARTESIAN_POINT ( 'NONE',  ( 0.000000000000000000, 0.000000000000000000, -0.4881889763779527769 ) ) ;
#6271 = VECTOR ( 'NONE', #794, 39.37007874015748143 ) ;
#6272 = LINE ( 'NONE', #7773, #413 ) ;
#6273 = DIRECTION ( 'NONE',  ( 1.000000000000000000, 0.000000000000000000, 0.000000000000000000 ) ) ;
#6274 = DIRECTION ( 'NONE',  ( -3.707644274607580800E-15, 0.000000000000000000, 1.000000000000000000 ) ) ;
#6275 = AXIS2_PLACEMENT_3D ( 'NONE', #3382, #6705, #6600 ) ;
#6276 = FACE_OUTER_BOUND ( 'NONE', #2099, .T. ) ;
#6277 = ORIENTED_EDGE ( 'NONE', *, *, #1147, .T. ) ;
#6278 = VECTOR ( 'NONE', #5276, 39.37007874015748143 ) ;
#6279 = CARTESIAN_POINT ( 'NONE',  ( 0.03838582677165354451, 0.8464566929133857665, -0.8818897637795275468 ) ) ;
#6280 = VERTEX_POINT ( 'NONE', #7724 ) ;
#6281 = EDGE_CURVE ( 'NONE', #2507, #6601, #1146, .T. ) ;
#6282 = PLANE ( 'NONE',  #753 ) ;
#6283 = ADVANCED_FACE ( 'NONE', ( #9232 ), #8368, .T. ) ;
#6284 = ORIENTED_EDGE ( 'NONE', *, *, #5814, .F. ) ;
#6285 = LINE ( 'NONE', #8711, #9489 ) ;
#6286 = VERTEX_POINT ( 'NONE', #3373 ) ;
#6287 = VECTOR ( 'NONE', #8253, 39.37007874015748143 ) ;
#6288 = CIRCLE ( 'NONE', #10065, 0.1181102362204724116 ) ;
#6289 = FACE_OUTER_BOUND ( 'NONE', #787, .T. ) ;
#6290 = ORIENTED_EDGE ( 'NONE', *, *, #4953, .F. ) ;
#6291 = DIRECTION ( 'NONE',  ( 1.000000000000000000, 0.000000000000000000, 0.000000000000000000 ) ) ;
#6292 = LINE ( 'NONE', #9583, #4574 ) ;
#6293 = ORIENTED_EDGE ( 'NONE', *, *, #9628, .F. ) ;
#6294 = LINE ( 'NONE', #10394, #9053 ) ;
#6295 = AXIS2_PLACEMENT_3D ( 'NONE', #6489, #5427, #8720 ) ;
#6296 = VECTOR ( 'NONE', #8737, 39.37007874015748143 ) ;
#6297 = EDGE_CURVE ( 'NONE', #2289, #5739, #3470, .T. ) ;
#6298 = DIRECTION ( 'NONE',  ( 0.000000000000000000, 0.000000000000000000, -1.000000000000000000 ) ) ;
#6299 = DIRECTION ( 'NONE',  ( 1.000000000000000000, 0.000000000000000000, -2.858829929130530196E-16 ) ) ;
#6300 = ORIENTED_EDGE ( 'NONE', *, *, #3705, .T. ) ;
#6301 = ORIENTED_EDGE ( 'NONE', *, *, #4829, .F. ) ;
#6302 = CARTESIAN_POINT ( 'NONE',  ( 0.3937007874015748254, -0.1102362204724409434, -0.6377952755905511584 ) ) ;
#6303 = VECTOR ( 'NONE', #6749, 39.37007874015748143 ) ;
#6304 = DIRECTION ( 'NONE',  ( 0.000000000000000000, 0.000000000000000000, -1.000000000000000000 ) ) ;
#6305 = LINE ( 'NONE', #8673, #6278 ) ;
#6306 = DIRECTION ( 'NONE',  ( 1.000000000000000000, 0.000000000000000000, 0.000000000000000000 ) ) ;
#6307 = CARTESIAN_POINT ( 'NONE',  ( 0.03838582677165354451, -0.1102362204724409434, -0.6377952755905511584 ) ) ;
#6308 = EDGE_CURVE ( 'NONE', #7159, #10487, #5885, .T. ) ;
#6309 = EDGE_LOOP ( 'NONE', ( #4418, #8402, #9343, #5537, #7750 ) ) ;
#6310 = CARTESIAN_POINT ( 'NONE',  ( 0.000000000000000000, 0.1850393700787401619, -0.9448818897637796255 ) ) ;
#6311 = LINE ( 'NONE', #7007, #8728 ) ;
#6312 = VERTEX_POINT ( 'NONE', #4227 ) ;
#6313 = DIRECTION ( 'NONE',  ( 0.000000000000000000, -1.000000000000000000, 0.000000000000000000 ) ) ;
#6314 = CARTESIAN_POINT ( 'NONE',  ( -0.3798818897637795122, 0.5472440944881890035, 0.6968503937007873850 ) ) ;
#6315 = LINE ( 'NONE', #5771, #54 ) ;
#6316 = EDGE_CURVE ( 'NONE', #3888, #5520, #9178, .T. ) ;
#6317 = EDGE_CURVE ( 'NONE', #6583, #6490, #6647, .T. ) ;
#6318 = VERTEX_POINT ( 'NONE', #4437 ) ;
#6319 = ORIENTED_EDGE ( 'NONE', *, *, #1705, .T. ) ;
#6320 = VECTOR ( 'NONE', #5617, 39.37007874015748143 ) ;
#6321 = CARTESIAN_POINT ( 'NONE',  ( 0.4921259842519685179, -0.09055118110236221041, 0.6968503937007873850 ) ) ;
#6322 = CARTESIAN_POINT ( 'NONE',  ( -0.4921259842519685179, -0.09055118110236221041, -0.6968503937007873850 ) ) ;
#6323 = CARTESIAN_POINT ( 'NONE',  ( -0.07874015748031495954, -0.1102362204724409434, 0.4566929133858267376 ) ) ;
#6324 = CARTESIAN_POINT ( 'NONE',  ( -0.03838582677165354451, 0.5472440944881890035, 0.9448818897637796255 ) ) ;
#6325 = CARTESIAN_POINT ( 'NONE',  ( -0.07874015748031495954, 0.1850393700787401619, 0.2952755905511810774 ) ) ;
#6326 = VERTEX_POINT ( 'NONE', #6802 ) ;
#6327 = CARTESIAN_POINT ( 'NONE',  ( 0.3523622047243779587, -0.09055118110236221041, -0.4677695532303369763 ) ) ;
#6328 = ORIENTED_EDGE ( 'NONE', *, *, #5790, .T. ) ;
#6329 = FACE_OUTER_BOUND ( 'NONE', #10168, .T. ) ;
#6330 = ORIENTED_EDGE ( 'NONE', *, *, #10278, .T. ) ;
#6331 = CARTESIAN_POINT ( 'NONE',  ( -0.3681710555738014756, 1.246218962668488972, 0.04943121347318155806 ) ) ;
#6332 = ORIENTED_EDGE ( 'NONE', *, *, #9470, .F. ) ;
#6333 = AXIS2_PLACEMENT_3D ( 'NONE', #7772, #2014, #2990 ) ;
#6334 = DIRECTION ( 'NONE',  ( 0.000000000000000000, -1.000000000000000000, 0.000000000000000000 ) ) ;
#6335 = ORIENTED_EDGE ( 'NONE', *, *, #4298, .F. ) ;
#6336 = CARTESIAN_POINT ( 'NONE',  ( -0.3289647051917544140, 1.198907012569726760, 0.04926780958841015662 ) ) ;
#6337 = ADVANCED_FACE ( 'NONE', ( #5030 ), #2561, .T. ) ;
#6338 = ADVANCED_FACE ( 'NONE', ( #8315 ), #3522, .T. ) ;
#6339 = CARTESIAN_POINT ( 'NONE',  ( 0.3149606299212598381, 0.7440944881889763884, 0.5590551181102362266 ) ) ;
#6340 = EDGE_LOOP ( 'NONE', ( #3164, #5832, #1394, #5209 ) ) ;
#6341 = CARTESIAN_POINT ( 'NONE',  ( 0.2204724409448818867, 0.6456692913385827515, -0.6747790429661338907 ) ) ;
#6342 = DIRECTION ( 'NONE',  ( 0.000000000000000000, 1.000000000000000000, 0.000000000000000000 ) ) ;
#6343 = CARTESIAN_POINT ( 'NONE',  ( 0.03838582677165354451, 0.8464566929133857665, 0.9212598425196850682 ) ) ;
#6344 = EDGE_LOOP ( 'NONE', ( #5250, #2945, #8431, #2383 ) ) ;
#6345 = EDGE_LOOP ( 'NONE', ( #3215, #2901, #51, #7747 ) ) ;
#6346 = DIRECTION ( 'NONE',  ( 1.000000000000000000, 0.000000000000000000, 0.000000000000000000 ) ) ;
#6347 = EDGE_CURVE ( 'NONE', #7440, #377, #5122, .T. ) ;
#6348 = ADVANCED_FACE ( 'NONE', ( #3423 ), #1033, .T. ) ;
#6349 = ADVANCED_FACE ( 'NONE', ( #5947 ), #6698, .T. ) ;
#6350 = CARTESIAN_POINT ( 'NONE',  ( -0.3322467633530392650, 1.197725120271415644, -0.04493890778200440583 ) ) ;
#6351 = CARTESIAN_POINT ( 'NONE',  ( 0.3937007874015748254, 0.4905511811023622326, -0.9448818897637796255 ) ) ;
#6352 = CARTESIAN_POINT ( 'NONE',  ( -0.4921259842519685179, -0.09055118110236221041, -0.4677695532303212667 ) ) ;
#6353 = CARTESIAN_POINT ( 'NONE',  ( -0.04330708661417323468, 0.4855184551668063064, -0.1279527559055118058 ) ) ;
#6354 = AXIS2_PLACEMENT_3D ( 'NONE', #4206, #106, #7497 ) ;
#6355 = DIRECTION ( 'NONE',  ( 0.000000000000000000, 0.000000000000000000, 1.000000000000000000 ) ) ;
#6356 = ORIENTED_EDGE ( 'NONE', *, *, #368, .T. ) ;
#6357 = AXIS2_PLACEMENT_3D ( 'NONE', #4059, #3256, #8095 ) ;
#6358 = LINE ( 'NONE', #9701, #5077 ) ;
#6359 = EDGE_CURVE ( 'NONE', #4995, #5629, #4379, .T. ) ;
#6360 = VERTEX_POINT ( 'NONE', #7563 ) ;
#6361 = LINE ( 'NONE', #9704, #4527 ) ;
#6362 = DIRECTION ( 'NONE',  ( 0.000000000000000000, -1.000000000000000000, 0.000000000000000000 ) ) ;
#6363 = CARTESIAN_POINT ( 'NONE',  ( -0.4921259842519685179, -0.09055118110236221041, 0.6968503937007873850 ) ) ;
#6364 = DIRECTION ( 'NONE',  ( 0.000000000000000000, 0.6365650365096908736, -0.7712230250021168132 ) ) ;
#6365 = CARTESIAN_POINT ( 'NONE',  ( 0.3149606299212598381, 0.6062992125984252301, 0.1476377952755905387 ) ) ;
#6366 = EDGE_LOOP ( 'NONE', ( #5981, #3455, #4183, #4787, #6588, #8524, #549, #274, #4945, #9532 ) ) ;
#6367 = ORIENTED_EDGE ( 'NONE', *, *, #7032, .F. ) ;
#6368 = ADVANCED_FACE ( 'NONE', ( #10039 ), #5135, .T. ) ;
#6369 = EDGE_CURVE ( 'NONE', #10197, #4995, #7610, .T. ) ;
#6370 = LINE ( 'NONE', #3901, #486 ) ;
#6371 = CARTESIAN_POINT ( 'NONE',  ( -0.3937007874015748254, 1.137795275590551158, -0.07874015748031495954 ) ) ;
#6372 = CARTESIAN_POINT ( 'NONE',  ( -0.01968503937007873988, 0.1850393700787401619, 0.5866141732283465249 ) ) ;
#6373 = CARTESIAN_POINT ( 'NONE',  ( -0.3778337366808662279, 1.279438925016141759, 0.03543307086614173179 ) ) ;
#6374 = ORIENTED_EDGE ( 'NONE', *, *, #6075, .T. ) ;
#6375 = LINE ( 'NONE', #1323, #9721 ) ;
#6376 = VERTEX_POINT ( 'NONE', #283 ) ;
#6377 = CARTESIAN_POINT ( 'NONE',  ( -0.3149606299212598381, 1.137795275590551158, 0.05511811023622047168 ) ) ;
#6378 = ORIENTED_EDGE ( 'NONE', *, *, #2209, .F. ) ;
#6379 = CARTESIAN_POINT ( 'NONE',  ( -0.3541995231152302859, 1.283333381382946836, -0.05511723596671165570 ) ) ;
#6380 = ORIENTED_EDGE ( 'NONE', *, *, #9573, .T. ) ;
#6381 = LINE ( 'NONE', #4068, #1850 ) ;
#6382 = AXIS2_PLACEMENT_3D ( 'NONE', #4629, #526, #5325 ) ;
#6383 = PLANE ( 'NONE',  #3902 ) ;
#6384 = CARTESIAN_POINT ( 'NONE',  ( -0.4921259842519685179, 0.3897637795275590844, 0.9448818897637796255 ) ) ;
#6385 = ORIENTED_EDGE ( 'NONE', *, *, #4289, .F. ) ;
#6386 = CARTESIAN_POINT ( 'NONE',  ( -0.07874015748031495954, -0.05118110236220472370, 0.8267716535433071723 ) ) ;
#6387 = CARTESIAN_POINT ( 'NONE',  ( -0.3681183297398386012, 1.269414574758338521, -0.04696378781806445635 ) ) ;
#6388 = DIRECTION ( 'NONE',  ( 0.000000000000000000, -1.000000000000000000, 0.000000000000000000 ) ) ;
#6389 = ADVANCED_FACE ( 'NONE', ( #3579 ), #2769, .T. ) ;
#6390 = VERTEX_POINT ( 'NONE', #5465 ) ;
#6391 = VERTEX_POINT ( 'NONE', #8585 ) ;
#6392 = DIRECTION ( 'NONE',  ( 0.000000000000000000, 0.000000000000000000, 1.000000000000000000 ) ) ;
#6393 = CARTESIAN_POINT ( 'NONE',  ( -0.3149606299212598381, 1.203976278474015782, -0.05511811023622047168 ) ) ;
#6394 = CARTESIAN_POINT ( 'NONE',  ( 0.3937007874015748254, 0.4905511811023622326, -0.9448818897637796255 ) ) ;
#6395 = CARTESIAN_POINT ( 'NONE',  ( -0.07874015748031495954, 0.1850393700787401619, 0.2952755905511810774 ) ) ;
#6396 = DIRECTION ( 'NONE',  ( 0.000000000000000000, 0.000000000000000000, 1.000000000000000000 ) ) ;
#6397 = EDGE_CURVE ( 'NONE', #10455, #1206, #10429, .T. ) ;
#6398 = CARTESIAN_POINT ( 'NONE',  ( -0.3553149606299212948, 0.5472440944881890035, 0.9448818897637796255 ) ) ;
#6399 = EDGE_CURVE ( 'NONE', #3036, #10411, #7022, .T. ) ;
#6400 = EDGE_CURVE ( 'NONE', #7524, #6644, #5513, .T. ) ;
#6401 = ORIENTED_EDGE ( 'NONE', *, *, #10128, .F. ) ;
#6402 = LINE ( 'NONE', #7266, #1647 ) ;
#6403 = EDGE_LOOP ( 'NONE', ( #411, #9258, #6747, #6265 ) ) ;
#6404 = CARTESIAN_POINT ( 'NONE',  ( -0.1968503937007874127, 0.6456692913385827515, -0.5590551181102362266 ) ) ;
#6405 = CARTESIAN_POINT ( 'NONE',  ( -0.1732283464566929387, 0.7913385826771653919, -0.6747790429661397749 ) ) ;
#6406 = PLANE ( 'NONE',  #5050 ) ;
#6407 = CARTESIAN_POINT ( 'NONE',  ( 0.1968503937007874127, 0.6456692913385827515, -0.6771653543307086798 ) ) ;
#6408 = CARTESIAN_POINT ( 'NONE',  ( 0.3937007874015748254, -0.09055118110236221041, -0.4881889763779527769 ) ) ;
#6409 = ORIENTED_EDGE ( 'NONE', *, *, #3729, .F. ) ;
#6410 = ADVANCED_FACE ( 'NONE', ( #8801 ), #5352, .T. ) ;
#6411 = VECTOR ( 'NONE', #4147, 39.37007874015748143 ) ;
#6412 = EDGE_LOOP ( 'NONE', ( #1329, #9535, #3555, #7716 ) ) ;
#6413 = AXIS2_PLACEMENT_3D ( 'NONE', #9624, #8866, #1427 ) ;
#6414 = CARTESIAN_POINT ( 'NONE',  ( -0.3683347839321437500, 1.246160448727481551, -0.04926780958817404688 ) ) ;
#6415 = FACE_OUTER_BOUND ( 'NONE', #9830, .T. ) ;
#6416 = LINE ( 'NONE', #7282, #5928 ) ;
#6417 = VECTOR ( 'NONE', #9706, 39.37007874015748143 ) ;
#6418 = LINE ( 'NONE', #9667, #2135 ) ;
#6419 = DIRECTION ( 'NONE',  ( 1.000000000000000000, 0.000000000000000000, 0.000000000000000000 ) ) ;
#6420 = ORIENTED_EDGE ( 'NONE', *, *, #8446, .T. ) ;
#6421 = CYLINDRICAL_SURFACE ( 'NONE', #7483, 0.1181102362204724116 ) ;
#6422 = ORIENTED_EDGE ( 'NONE', *, *, #497, .T. ) ;
#6423 = VECTOR ( 'NONE', #6298, 39.37007874015748143 ) ;
#6424 = EDGE_CURVE ( 'NONE', #7171, #9988, #3628, .T. ) ;
#6425 = CARTESIAN_POINT ( 'NONE',  ( 0.3937401574803149340, 1.287401574803149540, 0.5629921259842519676 ) ) ;
#6426 = ORIENTED_EDGE ( 'NONE', *, *, #7003, .F. ) ;
#6427 = CARTESIAN_POINT ( 'NONE',  ( -0.3666794860325179317, 1.246747873550519081, 0.05076705222824492991 ) ) ;
#6428 = ORIENTED_EDGE ( 'NONE', *, *, #2739, .T. ) ;
#6429 = AXIS2_PLACEMENT_3D ( 'NONE', #9874, #1477, #6471 ) ;
#6430 = FACE_OUTER_BOUND ( 'NONE', #3185, .T. ) ;
#6431 = VECTOR ( 'NONE', #2894, 39.37007874015748143 ) ;
#6432 = FACE_OUTER_BOUND ( 'NONE', #7806, .T. ) ;
#6433 = DIRECTION ( 'NONE',  ( 1.343650066691354187E-14, 0.000000000000000000, -1.000000000000000000 ) ) ;
#6434 = DIRECTION ( 'NONE',  ( 0.000000000000000000, 0.000000000000000000, 1.000000000000000000 ) ) ;
#6435 = ORIENTED_EDGE ( 'NONE', *, *, #2399, .T. ) ;
#6436 = PLANE ( 'NONE',  #3381 ) ;
#6437 = EDGE_CURVE ( 'NONE', #6326, #8465, #4486, .T. ) ;
#6438 = ADVANCED_FACE ( 'NONE', ( #7938 ), #2823, .F. ) ;
#6439 = CARTESIAN_POINT ( 'NONE',  ( -0.3764650071443458312, 1.289169118099218636, -0.03543307086614180118 ) ) ;
#6440 = VECTOR ( 'NONE', #8049, 39.37007874015748143 ) ;
#6441 = AXIS2_PLACEMENT_3D ( 'NONE', #4223, #2445, #4977 ) ;
#6442 = ORIENTED_EDGE ( 'NONE', *, *, #7058, .F. ) ;
#6443 = VECTOR ( 'NONE', #2980, 39.37007874015748143 ) ;
#6444 = DIRECTION ( 'NONE',  ( 1.445602896647336195E-14, 0.000000000000000000, 1.000000000000000000 ) ) ;
#6445 = ORIENTED_EDGE ( 'NONE', *, *, #8751, .T. ) ;
#6446 = VERTEX_POINT ( 'NONE', #4545 ) ;
#6447 = CARTESIAN_POINT ( 'NONE',  ( 0.07874015748031495954, 0.5472440944881890035, -0.9448818897637796255 ) ) ;
#6448 = ORIENTED_EDGE ( 'NONE', *, *, #4851, .T. ) ;
#6449 = VECTOR ( 'NONE', #9083, 39.37007874015748143 ) ;
#6450 = FACE_OUTER_BOUND ( 'NONE', #9498, .T. ) ;
#6451 = VECTOR ( 'NONE', #10566, 39.37007874015748143 ) ;
#6452 = DIRECTION ( 'NONE',  ( -1.000000000000000000, 0.000000000000000000, -9.856383386231860060E-17 ) ) ;
#6453 = DIRECTION ( 'NONE',  ( 0.000000000000000000, 0.000000000000000000, -1.000000000000000000 ) ) ;
#6454 = ADVANCED_FACE ( 'NONE', ( #10266 ), #4705, .F. ) ;
#6455 = FACE_OUTER_BOUND ( 'NONE', #9466, .T. ) ;
#6456 = CARTESIAN_POINT ( 'NONE',  ( 0.3937007874015748254, 0.3897637795275590844, 0.9448818897637796255 ) ) ;
#6457 = ORIENTED_EDGE ( 'NONE', *, *, #4299, .F. ) ;
#6458 = CIRCLE ( 'NONE', #9916, 0.1181102362204724116 ) ;
#6459 = FACE_OUTER_BOUND ( 'NONE', #8497, .T. ) ;
#6460 = ORIENTED_EDGE ( 'NONE', *, *, #10154, .T. ) ;
#6461 = CARTESIAN_POINT ( 'NONE',  ( 0.4921259842519685179, 0.5000000000000000000, -0.9448818897637796255 ) ) ;
#6462 = LINE ( 'NONE', #7385, #1459 ) ;
#6463 = LINE ( 'NONE', #8793, #1265 ) ;
#6464 = EDGE_CURVE ( 'NONE', #8937, #920, #334, .T. ) ;
#6465 = CARTESIAN_POINT ( 'NONE',  ( -0.1181102362204724532, 1.269414574758338743, -0.04922069194456307056 ) ) ;
#6466 = LINE ( 'NONE', #5773, #8404 ) ;
#6467 = ADVANCED_FACE ( 'NONE', ( #384 ), #6904, .T. ) ;
#6468 = ORIENTED_EDGE ( 'NONE', *, *, #3392, .T. ) ;
#6469 = ORIENTED_EDGE ( 'NONE', *, *, #1671, .F. ) ;
#6470 = CARTESIAN_POINT ( 'NONE',  ( 0.000000000000000000, 0.000000000000000000, 0.1476377952755905387 ) ) ;
#6471 = DIRECTION ( 'NONE',  ( 0.000000000000000000, -1.000000000000000000, 0.000000000000000000 ) ) ;
#6472 = EDGE_CURVE ( 'NONE', #7440, #6829, #3685, .T. ) ;
#6473 = DIRECTION ( 'NONE',  ( -1.000000000000000000, 0.000000000000000000, 0.000000000000000000 ) ) ;
#6474 = DIRECTION ( 'NONE',  ( 0.000000000000000000, 1.000000000000000000, 0.000000000000000000 ) ) ;
#6475 = LINE ( 'NONE', #8207, #3606 ) ;
#6476 = VERTEX_POINT ( 'NONE', #10322 ) ;
#6477 = LINE ( 'NONE', #661, #588 ) ;
#6478 = ORIENTED_EDGE ( 'NONE', *, *, #7821, .F. ) ;
#6479 = VECTOR ( 'NONE', #1564, 39.37007874015748143 ) ;
#6480 = CARTESIAN_POINT ( 'NONE',  ( -0.3624140319253629228, 1.303258223574750296, 0.04351639413008735746 ) ) ;
#6481 = AXIS2_PLACEMENT_3D ( 'NONE', #1955, #285, #5189 ) ;
#6482 = ORIENTED_EDGE ( 'NONE', *, *, #2384, .F. ) ;
#6483 = CARTESIAN_POINT ( 'NONE',  ( 0.4921259842519685179, 0.3897637795275590844, -0.9448818897637796255 ) ) ;
#6484 = VERTEX_POINT ( 'NONE', #9451 ) ;
#6485 = DIRECTION ( 'NONE',  ( 0.000000000000000000, 0.000000000000000000, 1.000000000000000000 ) ) ;
#6486 = EDGE_CURVE ( 'NONE', #5410, #8258, #8639, .T. ) ;
#6487 = CARTESIAN_POINT ( 'NONE',  ( -0.4921259842519685179, 1.287401574803149540, 0.5629921259842519676 ) ) ;
#6488 = DIRECTION ( 'NONE',  ( 1.000000000000000000, 0.000000000000000000, 0.000000000000000000 ) ) ;
#6489 = CARTESIAN_POINT ( 'NONE',  ( -0.4921259842519685179, 0.3897637795275590844, 0.9448818897637796255 ) ) ;
#6490 = VERTEX_POINT ( 'NONE', #6215 ) ;
#6491 = DIRECTION ( 'NONE',  ( 0.000000000000000000, 0.000000000000000000, 1.000000000000000000 ) ) ;
#6492 = ORIENTED_EDGE ( 'NONE', *, *, #7140, .F. ) ;
#6493 = CARTESIAN_POINT ( 'NONE',  ( 0.1732283464566929387, 1.307328710460744059, 0.6747790429661397749 ) ) ;
#6494 = ORIENTED_EDGE ( 'NONE', *, *, #2254, .F. ) ;
#6495 = VECTOR ( 'NONE', #10389, 39.37007874015748143 ) ;
#6496 = CARTESIAN_POINT ( 'NONE',  ( -0.2657480314960630197, 0.7913385826771653919, 0.5354330708661416693 ) ) ;
#6497 = VERTEX_POINT ( 'NONE', #9506 ) ;
#6498 = ORIENTED_EDGE ( 'NONE', *, *, #3782, .T. ) ;
#6499 = CARTESIAN_POINT ( 'NONE',  ( -0.1732283464566929387, 0.8385826771609488084, 0.4433311932543322897 ) ) ;
#6500 = EDGE_CURVE ( 'NONE', #2409, #6203, #9089, .T. ) ;
#6501 = EDGE_CURVE ( 'NONE', #8201, #2660, #4607, .T. ) ;
#6502 = PLANE ( 'NONE',  #7513 ) ;
#6503 = ORIENTED_EDGE ( 'NONE', *, *, #10329, .F. ) ;
#6504 = DIRECTION ( 'NONE',  ( -1.000000000000000000, 0.000000000000000000, 2.007781800899079877E-17 ) ) ;
#6505 = CIRCLE ( 'NONE', #5486, 0.1279527559055117780 ) ;
#6506 = DIRECTION ( 'NONE',  ( -1.000000000000000000, 0.000000000000000000, 0.000000000000000000 ) ) ;
#6507 = LINE ( 'NONE', #1717, #8850 ) ;
#6508 = CARTESIAN_POINT ( 'NONE',  ( -0.09519675288582676864, 1.303149606299212504, 0.03543307086614173179 ) ) ;
#6509 = LINE ( 'NONE', #3981, #3356 ) ;
#6510 = ORIENTED_EDGE ( 'NONE', *, *, #1439, .T. ) ;
#6511 = DIRECTION ( 'NONE',  ( 0.000000000000000000, 0.000000000000000000, -1.000000000000000000 ) ) ;
#6512 = ORIENTED_EDGE ( 'NONE', *, *, #10592, .F. ) ;
#6513 = CARTESIAN_POINT ( 'NONE',  ( -0.03838582677165354451, 0.8700787401574804347, 0.9448818897637796255 ) ) ;
#6514 = LINE ( 'NONE', #8083, #2150 ) ;
#6515 = VECTOR ( 'NONE', #4442, 39.37007874015748143 ) ;
#6516 = CARTESIAN_POINT ( 'NONE',  ( 0.2736220472440945017, 0.000000000000000000, 0.4881889763779527769 ) ) ;
#6517 = CARTESIAN_POINT ( 'NONE',  ( 0.2736220472440945017, 0.000000000000000000, 0.4881889763779527769 ) ) ;
#6518 = DIRECTION ( 'NONE',  ( 0.000000000000000000, 0.000000000000000000, 1.000000000000000000 ) ) ;
#6519 = ORIENTED_EDGE ( 'NONE', *, *, #809, .T. ) ;
#6520 = AXIS2_PLACEMENT_3D ( 'NONE', #4218, #2598, #5877 ) ;
#6521 = ORIENTED_EDGE ( 'NONE', *, *, #1292, .F. ) ;
#6522 = AXIS2_PLACEMENT_3D ( 'NONE', #5543, #3123, #4845 ) ;
#6523 = EDGE_CURVE ( 'NONE', #9305, #6070, #8921, .T. ) ;
#6524 = CARTESIAN_POINT ( 'NONE',  ( -0.3937007874015748254, 0.4905511811023622326, -0.9448818897637796255 ) ) ;
#6525 = DIRECTION ( 'NONE',  ( -1.000000000000000000, 0.000000000000000000, 0.000000000000000000 ) ) ;
#6526 = CARTESIAN_POINT ( 'NONE',  ( -0.1181102362204724532, 1.137795275590551158, -0.05511811023622047168 ) ) ;
#6527 = LINE ( 'NONE', #8908, #7612 ) ;
#6528 = DIRECTION ( 'NONE',  ( 0.000000000000000000, 1.000000000000000000, -1.213093339843927959E-15 ) ) ;
#6529 = ORIENTED_EDGE ( 'NONE', *, *, #1067, .F. ) ;
#6530 = CARTESIAN_POINT ( 'NONE',  ( -0.04330708661417323468, 0.4855184551668063064, -0.05511811023622047168 ) ) ;
#6531 = VERTEX_POINT ( 'NONE', #6321 ) ;
#6532 = DIRECTION ( 'NONE',  ( 0.000000000000000000, 2.135044278125301737E-15, 1.000000000000000000 ) ) ;
#6533 = VERTEX_POINT ( 'NONE', #9873 ) ;
#6534 = ADVANCED_FACE ( 'NONE', ( #3139 ), #4106, .F. ) ;
#6535 = CARTESIAN_POINT ( 'NONE',  ( -0.1476377952755905387, -0.09055118110236221041, -0.07874015748031495954 ) ) ;
#6536 = EDGE_CURVE ( 'NONE', #295, #7831, #7987, .T. ) ;
#6537 = ORIENTED_EDGE ( 'NONE', *, *, #2691, .F. ) ;
#6538 = EDGE_CURVE ( 'NONE', #4780, #8560, #3996, .T. ) ;
#6539 = CARTESIAN_POINT ( 'NONE',  ( 0.3553149606299212948, 0.6062992125984252301, 0.7165354330708662012 ) ) ;
#6540 = DIRECTION ( 'NONE',  ( -0.4999999999996467825, 0.000000000000000000, 0.8660254037846425446 ) ) ;
#6541 = ORIENTED_EDGE ( 'NONE', *, *, #8494, .F. ) ;
#6542 = CARTESIAN_POINT ( 'NONE',  ( -0.3543307086614173040, 1.283464566929133799, -0.03543307086614173179 ) ) ;
#6543 = ORIENTED_EDGE ( 'NONE', *, *, #3191, .T. ) ;
#6544 = CYLINDRICAL_SURFACE ( 'NONE', #8883, 0.01968503937007875723 ) ;
#6545 = VERTEX_POINT ( 'NONE', #5778 ) ;
#6546 = DIRECTION ( 'NONE',  ( 0.000000000000000000, -1.000000000000000000, 0.000000000000000000 ) ) ;
#6547 = VERTEX_POINT ( 'NONE', #7183 ) ;
#6548 = EDGE_CURVE ( 'NONE', #5214, #8089, #7603, .T. ) ;
#6549 = PLANE ( 'NONE',  #6033 ) ;
#6550 = VERTEX_POINT ( 'NONE', #1474 ) ;
#6551 = ORIENTED_EDGE ( 'NONE', *, *, #5616, .F. ) ;
#6552 = VECTOR ( 'NONE', #3967, 39.37007874015748143 ) ;
#6553 = DIRECTION ( 'NONE',  ( 0.000000000000000000, -1.000000000000000000, 0.000000000000000000 ) ) ;
#6554 = DIRECTION ( 'NONE',  ( 1.000000000000000000, 0.000000000000000000, 0.000000000000000000 ) ) ;
#6555 = ORIENTED_EDGE ( 'NONE', *, *, #4167, .F. ) ;
#6556 = LINE ( 'NONE', #5048, #3884 ) ;
#6557 = CARTESIAN_POINT ( 'NONE',  ( -0.3553149606299212948, 0.8464566929133857665, -0.8818897637795275468 ) ) ;
#6558 = DIRECTION ( 'NONE',  ( 0.000000000000000000, 0.000000000000000000, -1.000000000000000000 ) ) ;
#6559 = CARTESIAN_POINT ( 'NONE',  ( -0.3937007874015748254, 0.1850393700787401619, 0.9448818897637796255 ) ) ;
#6560 = EDGE_CURVE ( 'NONE', #8502, #3944, #9771, .T. ) ;
#6561 = EDGE_CURVE ( 'NONE', #5582, #5785, #6370, .T. ) ;
#6562 = CARTESIAN_POINT ( 'NONE',  ( -0.07874015748031495954, 0.1850393700787401619, 0.2952755905511810774 ) ) ;
#6563 = ORIENTED_EDGE ( 'NONE', *, *, #10250, .F. ) ;
#6564 = LINE ( 'NONE', #5861, #8344 ) ;
#6565 = ORIENTED_EDGE ( 'NONE', *, *, #5055, .F. ) ;
#6566 = CARTESIAN_POINT ( 'NONE',  ( -0.07874015748031495954, 0.1850393700787401619, 0.2283464566929133688 ) ) ;
#6567 = LINE ( 'NONE', #3085, #8863 ) ;
#6568 = CARTESIAN_POINT ( 'NONE',  ( -0.3543307086614173040, 1.283464566929133799, -0.05511811023622047168 ) ) ;
#6569 = CARTESIAN_POINT ( 'NONE',  ( -0.09831657957485484545, 1.291547890193078141, -0.04351639413008726726 ) ) ;
#6570 = LINE ( 'NONE', #7273, #8242 ) ;
#6571 = ORIENTED_EDGE ( 'NONE', *, *, #2396, .T. ) ;
#6572 = EDGE_CURVE ( 'NONE', #976, #1393, #4858, .T. ) ;
#6573 = EDGE_CURVE ( 'NONE', #7201, #9084, #2279, .T. ) ;
#6574 =( BOUNDED_CURVE ( )  B_SPLINE_CURVE ( 3, ( #7838, #450, #3904, #5354 ),
 .UNSPECIFIED., .F., .F. ) 
 B_SPLINE_CURVE_WITH_KNOTS ( ( 4, 4 ),
 ( 1.601570414739164949, 3.141592653589795781 ),
 .UNSPECIFIED. ) 
 CURVE ( )  GEOMETRIC_REPRESENTATION_ITEM ( )  RATIONAL_B_SPLINE_CURVE ( ( 1.000000000000000000, 0.8119352859618450546, 0.8119352859618450546, 1.000000000000000000 ) ) 
 REPRESENTATION_ITEM ( '' )  );
#6575 = CARTESIAN_POINT ( 'NONE',  ( -0.3653645014940916647, 1.247258245602458127, -0.05177268282608358391 ) ) ;
#6576 = DIRECTION ( 'NONE',  ( 7.363393357379439304E-13, 0.000000000000000000, -1.000000000000000000 ) ) ;
#6577 = CARTESIAN_POINT ( 'NONE',  ( -0.4921259842519685179, -0.09055118110236221041, 0.4960629921259842590 ) ) ;
#6578 = LINE ( 'NONE', #9117, #5566 ) ;
#6579 = DIRECTION ( 'NONE',  ( 0.000000000000000000, -1.000000000000000000, 0.000000000000000000 ) ) ;
#6580 = VERTEX_POINT ( 'NONE', #8042 ) ;
#6581 = VECTOR ( 'NONE', #5721, 39.37007874015748143 ) ;
#6582 = EDGE_CURVE ( 'NONE', #6070, #9305, #6505, .T. ) ;
#6583 = VERTEX_POINT ( 'NONE', #10525 ) ;
#6584 = AXIS2_PLACEMENT_3D ( 'NONE', #2694, #4303, #9154 ) ;
#6585 = DIRECTION ( 'NONE',  ( 0.000000000000000000, 0.000000000000000000, 1.000000000000000000 ) ) ;
#6586 = VERTEX_POINT ( 'NONE', #9716 ) ;
#6587 = APPROVAL_DATE_TIME ( #3312, #7382 ) ;
#6588 = ORIENTED_EDGE ( 'NONE', *, *, #845, .T. ) ;
#6589 = VECTOR ( 'NONE', #3404, 39.37007874015748143 ) ;
#6590 = CARTESIAN_POINT ( 'NONE',  ( 0.3937007874015748254, 0.4685039370078740717, 0.6377952755905511584 ) ) ;
#6591 = LINE ( 'NONE', #4983, #2363 ) ;
#6592 = LINE ( 'NONE', #7054, #9365 ) ;
#6593 = AXIS2_PLACEMENT_3D ( 'NONE', #3394, #2685, #9197 ) ;
#6594 = FACE_OUTER_BOUND ( 'NONE', #2187, .T. ) ;
#6595 = ORIENTED_EDGE ( 'NONE', *, *, #8552, .T. ) ;
#6596 = ADVANCED_FACE ( 'NONE', ( #5718 ), #5667, .T. ) ;
#6597 = CARTESIAN_POINT ( 'NONE',  ( -0.07874015748031495954, 0.000000000000000000, -0.6377952755905511584 ) ) ;
#6598 = ORIENTED_EDGE ( 'NONE', *, *, #1211, .T. ) ;
#6599 = EDGE_CURVE ( 'NONE', #8320, #7466, #8905, .T. ) ;
#6600 = DIRECTION ( 'NONE',  ( 0.000000000000000000, 0.000000000000000000, 1.000000000000000000 ) ) ;
#6601 = VERTEX_POINT ( 'NONE', #8958 ) ;
#6602 = DIRECTION ( 'NONE',  ( 0.000000000000000000, -1.000000000000000000, 0.000000000000000000 ) ) ;
#6603 = ORIENTED_EDGE ( 'NONE', *, *, #7583, .T. ) ;
#6604 = VECTOR ( 'NONE', #83, 39.37007874015748143 ) ;
#6605 = ORIENTED_EDGE ( 'NONE', *, *, #8030, .F. ) ;
#6606 = CARTESIAN_POINT ( 'NONE',  ( -0.1732283464566929387, 1.307328710460744059, 0.5354330708661416693 ) ) ;
#6607 = LINE ( 'NONE', #9959, #5273 ) ;
#6608 = AXIS2_PLACEMENT_3D ( 'NONE', #5299, #2183, #5466 ) ;
#6609 = FACE_OUTER_BOUND ( 'NONE', #9630, .T. ) ;
#6610 = EDGE_CURVE ( 'NONE', #2753, #8115, #757, .T. ) ;
#6611 = LINE ( 'NONE', #8334, #4887 ) ;
#6612 = PLANE ( 'NONE',  #7296 ) ;
#6613 = DIRECTION ( 'NONE',  ( 1.000000000000000000, 0.000000000000000000, 0.000000000000000000 ) ) ;
#6614 = AXIS2_PLACEMENT_3D ( 'NONE', #6530, #4866, #10644 ) ;
#6615 = VECTOR ( 'NONE', #1790, 39.37007874015748143 ) ;
#6616 = VECTOR ( 'NONE', #2916, 39.37007874015748143 ) ;
#6617 = LINE ( 'NONE', #8127, #423 ) ;
#6618 = EDGE_LOOP ( 'NONE', ( #910, #7237, #2788, #9450 ) ) ;
#6619 = CARTESIAN_POINT ( 'NONE',  ( -0.3523622047244094335, -0.09055118110236221041, 0.4251968503937008093 ) ) ;
#6620 = VECTOR ( 'NONE', #10456, 39.37007874015748143 ) ;
#6621 = VECTOR ( 'NONE', #9979, 39.37007874015748143 ) ;
#6622 = VECTOR ( 'NONE', #10670, 39.37007874015748143 ) ;
#6623 = VERTEX_POINT ( 'NONE', #4054 ) ;
#6624 = CARTESIAN_POINT ( 'NONE',  ( 0.000000000000000000, 0.000000000000000000, -0.1476377952755905387 ) ) ;
#6625 = EDGE_CURVE ( 'NONE', #1497, #1482, #7340, .T. ) ;
#6626 = CARTESIAN_POINT ( 'NONE',  ( -0.09506757320279526913, 1.283464566929133799, -0.03543307086614173179 ) ) ;
#6627 = DIRECTION ( 'NONE',  ( 0.2368163906405040819, -0.9715544231405692788, 0.000000000000000000 ) ) ;
#6628 = DIRECTION ( 'NONE',  ( 0.000000000000000000, -1.000000000000000000, 0.000000000000000000 ) ) ;
#6629 = DIRECTION ( 'NONE',  ( -0.000000000000000000, 1.000000000000000000, 0.000000000000000000 ) ) ;
#6630 = VERTEX_POINT ( 'NONE', #4156 ) ;
#6631 = VECTOR ( 'NONE', #8010, 39.37007874015748143 ) ;
#6632 = PLANE ( 'NONE',  #4790 ) ;
#6633 = FACE_OUTER_BOUND ( 'NONE', #10198, .T. ) ;
#6634 = VECTOR ( 'NONE', #4405, 39.37007874015748143 ) ;
#6635 = EDGE_CURVE ( 'NONE', #7005, #4082, #7441, .T. ) ;
#6636 = DIRECTION ( 'NONE',  ( 1.000000000000000000, 0.000000000000000000, 0.000000000000000000 ) ) ;
#6637 = ADVANCED_FACE ( 'NONE', ( #1071 ), #7501, .F. ) ;
#6638 = CARTESIAN_POINT ( 'NONE',  ( 0.03838582677165354451, -0.1102362204724409434, -0.4251968503937008093 ) ) ;
#6639 = FACE_OUTER_BOUND ( 'NONE', #6051, .T. ) ;
#6640 = EDGE_LOOP ( 'NONE', ( #4023, #2581 ) ) ;
#6641 = ORIENTED_EDGE ( 'NONE', *, *, #7686, .T. ) ;
#6642 = CARTESIAN_POINT ( 'NONE',  ( 0.1968503937007874127, 0.8385826771609488084, -0.5590551181102362266 ) ) ;
#6643 = VERTEX_POINT ( 'NONE', #3458 ) ;
#6644 = VERTEX_POINT ( 'NONE', #5071 ) ;
#6645 = AXIS2_PLACEMENT_3D ( 'NONE', #1050, #7789, #2030 ) ;
#6646 = CARTESIAN_POINT ( 'NONE',  ( -0.07874015748031495954, -0.05118110236220472370, 0.3976377952755905665 ) ) ;
#6647 = LINE ( 'NONE', #9944, #653 ) ;
#6648 = FACE_OUTER_BOUND ( 'NONE', #9738, .T. ) ;
#6649 = LINE ( 'NONE', #8422, #5040 ) ;
#6650 = DIRECTION ( 'NONE',  ( 0.2368163906405089947, -0.9715544231405680575, 0.000000000000000000 ) ) ;
#6651 = VERTEX_POINT ( 'NONE', #2703 ) ;
#6652 = CARTESIAN_POINT ( 'NONE',  ( 0.03838582677165354451, 1.027559055118110409, 0.4094488188976377896 ) ) ;
#6653 = VECTOR ( 'NONE', #5246, 39.37007874015748143 ) ;
#6654 = ORIENTED_EDGE ( 'NONE', *, *, #5776, .T. ) ;
#6655 = CARTESIAN_POINT ( 'NONE',  ( -0.07874015748031495954, 0.007874015748031495954, 0.3937007874015748254 ) ) ;
#6656 = ORIENTED_EDGE ( 'NONE', *, *, #9857, .F. ) ;
#6657 = PLANE ( 'NONE',  #7073 ) ;
#6658 = ORIENTED_EDGE ( 'NONE', *, *, #2590, .F. ) ;
#6659 = ORIENTED_EDGE ( 'NONE', *, *, #94, .T. ) ;
#6660 = AXIS2_PLACEMENT_3D ( 'NONE', #7397, #9009, #2438 ) ;
#6661 = EDGE_CURVE ( 'NONE', #9225, #3344, #9161, .T. ) ;
#6662 = DIRECTION ( 'NONE',  ( 0.000000000000000000, 0.000000000000000000, 1.000000000000000000 ) ) ;
#6663 = EDGE_CURVE ( 'NONE', #3665, #3657, #6837, .T. ) ;
#6664 = FACE_OUTER_BOUND ( 'NONE', #821, .T. ) ;
#6665 = DIRECTION ( 'NONE',  ( 1.000000000000000000, 0.000000000000000000, 0.000000000000000000 ) ) ;
#6666 = DIRECTION ( 'NONE',  ( 1.000000000000000000, 0.000000000000000000, 0.000000000000000000 ) ) ;
#6667 = DIRECTION ( 'NONE',  ( -1.000000000000000000, 0.000000000000000000, 0.000000000000000000 ) ) ;
#6668 = DIRECTION ( 'NONE',  ( -1.000000000000000000, 0.000000000000000000, 0.000000000000000000 ) ) ;
#6669 = VERTEX_POINT ( 'NONE', #8458 ) ;
#6670 = EDGE_CURVE ( 'NONE', #8985, #5194, #7541, .T. ) ;
#6671 = ADVANCED_FACE ( 'NONE', ( #5018 ), #56, .F. ) ;
#6672 = PLANE ( 'NONE',  #3536 ) ;
#6673 = EDGE_CURVE ( 'NONE', #2256, #2533, #9322, .T. ) ;
#6674 = VECTOR ( 'NONE', #6334, 39.37007874015748143 ) ;
#6675 = ORIENTED_EDGE ( 'NONE', *, *, #4831, .F. ) ;
#6676 = CARTESIAN_POINT ( 'NONE',  ( -0.3937007874015748254, 0.4905511811023622326, 0.9448818897637796255 ) ) ;
#6677 = DIRECTION ( 'NONE',  ( 0.000000000000000000, 0.2954697229221058818, -0.9553521041146735282 ) ) ;
#6678 = CARTESIAN_POINT ( 'NONE',  ( -0.03838582677165354451, 1.027559055118110409, -0.4094488188976377896 ) ) ;
#6679 = FACE_OUTER_BOUND ( 'NONE', #4162, .T. ) ;
#6680 = ORIENTED_EDGE ( 'NONE', *, *, #5186, .F. ) ;
#6681 = EDGE_CURVE ( 'NONE', #7365, #10260, #2755, .T. ) ;
#6682 = CIRCLE ( 'NONE', #2048, 0.06102362204724406936 ) ;
#6683 = DIRECTION ( 'NONE',  ( 0.000000000000000000, 0.000000000000000000, 1.000000000000000000 ) ) ;
#6684 = CARTESIAN_POINT ( 'NONE',  ( -0.1968503937007874127, 0.6456692913385827515, -0.4409448818897637734 ) ) ;
#6685 = CARTESIAN_POINT ( 'NONE',  ( 0.1279527559055118058, 0.8385826771609488084, -0.5590551181102362266 ) ) ;
#6686 = CARTESIAN_POINT ( 'NONE',  ( -0.4921259842519685179, 0.1850393700787401619, -0.6968503937007873850 ) ) ;
#6687 = CARTESIAN_POINT ( 'NONE',  ( 0.01968503937007873988, -0.09055118110236221041, -0.6968503937007873850 ) ) ;
#6688 = ORIENTED_EDGE ( 'NONE', *, *, #3994, .F. ) ;
#6689 = AXIS2_PLACEMENT_3D ( 'NONE', #1243, #3736, #8577 ) ;
#6690 = ORIENTED_EDGE ( 'NONE', *, *, #2724, .F. ) ;
#6691 = VECTOR ( 'NONE', #10620, 39.37007874015748143 ) ;
#6692 = PLANE ( 'NONE',  #6957 ) ;
#6693 = EDGE_LOOP ( 'NONE', ( #9642, #9994, #7915, #7109, #8709, #8636 ) ) ;
#6694 = EDGE_CURVE ( 'NONE', #5314, #1482, #9114, .T. ) ;
#6695 = EDGE_CURVE ( 'NONE', #3491, #6643, #5984, .T. ) ;
#6696 = DATE_AND_TIME ( #3419, #5701 ) ;
#6697 = ORIENTED_EDGE ( 'NONE', *, *, #1928, .F. ) ;
#6698 = PLANE ( 'NONE',  #3239 ) ;
#6699 = LINE ( 'NONE', #5887, #635 ) ;
#6700 = PLANE ( 'NONE',  #1770 ) ;
#6701 = DIRECTION ( 'NONE',  ( 0.000000000000000000, -1.000000000000000000, 0.000000000000000000 ) ) ;
#6702 = ORIENTED_EDGE ( 'NONE', *, *, #10167, .F. ) ;
#6703 = CARTESIAN_POINT ( 'NONE',  ( -0.1732283464566929387, 1.307328710460744059, -0.5354330708661416693 ) ) ;
#6704 = VERTEX_POINT ( 'NONE', #4968 ) ;
#6705 = DIRECTION ( 'NONE',  ( -1.000000000000000000, 0.000000000000000000, 0.000000000000000000 ) ) ;
#6706 = ORIENTED_EDGE ( 'NONE', *, *, #4135, .F. ) ;
#6707 = EDGE_CURVE ( 'NONE', #2283, #498, #2646, .T. ) ;
#6708 = DIRECTION ( 'NONE',  ( 0.000000000000000000, 1.000000000000000000, 0.000000000000000000 ) ) ;
#6709 = ORIENTED_EDGE ( 'NONE', *, *, #6874, .F. ) ;
#6710 = ORIENTED_EDGE ( 'NONE', *, *, #5512, .T. ) ;
#6711 = CARTESIAN_POINT ( 'NONE',  ( -0.4921259842519685179, 0.1850393700787401619, 0.6968503937007873850 ) ) ;
#6712 = DIRECTION ( 'NONE',  ( -0.000000000000000000, 0.7071067811865455743, 0.7071067811865495711 ) ) ;
#6713 = CARTESIAN_POINT ( 'NONE',  ( -0.3149606299212598381, 0.6062992125984252301, 0.6968503937007873850 ) ) ;
#6714 = CARTESIAN_POINT ( 'NONE',  ( -0.07874015748031495954, 0.000000000000000000, -0.9448818897637796255 ) ) ;
#6715 = DIRECTION ( 'NONE',  ( -1.000000000000000000, 0.000000000000000000, 0.000000000000000000 ) ) ;
#6716 = EDGE_CURVE ( 'NONE', #4966, #3328, #5930, .T. ) ;
#6717 = VECTOR ( 'NONE', #10453, 39.37007874015748143 ) ;
#6718 = LINE ( 'NONE', #10010, #7279 ) ;
#6719 = EDGE_LOOP ( 'NONE', ( #4823, #5462, #1906, #1353 ) ) ;
#6720 = ORIENTED_EDGE ( 'NONE', *, *, #1928, .T. ) ;
#6721 = DIRECTION ( 'NONE',  ( 0.000000000000000000, 0.000000000000000000, -1.000000000000000000 ) ) ;
#6722 = EDGE_LOOP ( 'NONE', ( #9474, #3137, #401, #6236 ) ) ;
#6723 = DIRECTION ( 'NONE',  ( 0.000000000000000000, 0.000000000000000000, -1.000000000000000000 ) ) ;
#6724 = VECTOR ( 'NONE', #3105, 39.37007874015748143 ) ;
#6725 = DIRECTION ( 'NONE',  ( 1.589006703994579856E-13, 0.000000000000000000, -1.000000000000000000 ) ) ;
#6726 = DIRECTION ( 'NONE',  ( 1.000000000000000000, 0.000000000000000000, 0.000000000000000000 ) ) ;
#6727 = DIRECTION ( 'NONE',  ( 0.000000000000000000, 0.5843047258450889681, -0.8115343414514849529 ) ) ;
#6728 = EDGE_CURVE ( 'NONE', #8263, #8817, #9273, .T. ) ;
#6729 = VERTEX_POINT ( 'NONE', #1888 ) ;
#6730 = ADVANCED_FACE ( 'NONE', ( #1837, #913 ), #6632, .F. ) ;
#6731 = CARTESIAN_POINT ( 'NONE',  ( 0.03838582677165354451, 0.6062992125984252301, 0.7165354330708662012 ) ) ;
#6732 = DIRECTION ( 'NONE',  ( -0.7071067811865481278, 0.000000000000000000, 0.7071067811865467956 ) ) ;
#6733 = CARTESIAN_POINT ( 'NONE',  ( -0.2657480314960630197, 1.307328710460744059, -0.5826771653543307838 ) ) ;
#6734 = CARTESIAN_POINT ( 'NONE',  ( -0.1321602283912685916, 1.297252188007555374, 0.04696378781806462288 ) ) ;
#6735 = CARTESIAN_POINT ( 'NONE',  ( 0.000000000000000000, 1.137795275590551158, 0.000000000000000000 ) ) ;
#6736 = ORIENTED_EDGE ( 'NONE', *, *, #8536, .T. ) ;
#6737 = ADVANCED_FACE ( 'NONE', ( #5871 ), #9929, .F. ) ;
#6738 = VERTEX_POINT ( 'NONE', #8299 ) ;
#6739 = LINE ( 'NONE', #9073, #3872 ) ;
#6740 = ORIENTED_EDGE ( 'NONE', *, *, #1705, .F. ) ;
#6741 = APPROVAL_ROLE ( '' ) ;
#6742 = ORIENTED_EDGE ( 'NONE', *, *, #5929, .F. ) ;
#6743 = DIRECTION ( 'NONE',  ( 0.000000000000000000, 0.000000000000000000, 1.000000000000000000 ) ) ;
#6744 = CARTESIAN_POINT ( 'NONE',  ( 0.3553149606299212948, 1.027559055118110409, 0.8818897637795275468 ) ) ;
#6745 = CARTESIAN_POINT ( 'NONE',  ( 0.07874015748031495954, 0.007874015748031495954, 0.3937007874015748254 ) ) ;
#6746 = CARTESIAN_POINT ( 'NONE',  ( 0.1968503937007874127, 0.6456692913385827515, -0.4980314960629921295 ) ) ;
#6747 = ORIENTED_EDGE ( 'NONE', *, *, #8122, .T. ) ;
#6748 = ADVANCED_FACE ( 'NONE', ( #5123 ), #1020, .T. ) ;
#6749 = DIRECTION ( 'NONE',  ( 0.000000000000000000, 1.000000000000000000, 1.788374717501859835E-16 ) ) ;
#6750 = EDGE_LOOP ( 'NONE', ( #8684, #7925, #2912, #633 ) ) ;
#6751 = CARTESIAN_POINT ( 'NONE',  ( -0.3937007874015748254, 0.4685039370078740717, 0.6377952755905511584 ) ) ;
#6752 = ORIENTED_EDGE ( 'NONE', *, *, #3127, .T. ) ;
#6753 = CARTESIAN_POINT ( 'NONE',  ( 0.2657480314960630197, 0.7913385826771653919, 0.5826771653543307838 ) ) ;
#6754 = VECTOR ( 'NONE', #4876, 39.37007874015748143 ) ;
#6755 = ORIENTED_EDGE ( 'NONE', *, *, #1019, .F. ) ;
#6756 = VECTOR ( 'NONE', #2915, 39.37007874015748143 ) ;
#6757 = ORIENTED_EDGE ( 'NONE', *, *, #5876, .T. ) ;
#6758 = DIRECTION ( 'NONE',  ( 0.000000000000000000, -1.000000000000000000, 0.000000000000000000 ) ) ;
#6759 = DIRECTION ( 'NONE',  ( 1.000000000000000000, 0.000000000000000000, 0.000000000000000000 ) ) ;
#6760 = LINE ( 'NONE', #7578, #6969 ) ;
#6761 = ADVANCED_FACE ( 'NONE', ( #2807 ), #3837, .F. ) ;
#6762 = FACE_OUTER_BOUND ( 'NONE', #8929, .T. ) ;
#6763 = EDGE_CURVE ( 'NONE', #7731, #7430, #9381, .T. ) ;
#6764 = VECTOR ( 'NONE', #1736, 39.37007874015748143 ) ;
#6765 = DIRECTION ( 'NONE',  ( 0.000000000000000000, 1.000000000000000000, 0.000000000000000000 ) ) ;
#6766 = AXIS2_PLACEMENT_3D ( 'NONE', #2310, #3121, #2259 ) ;
#6767 = CARTESIAN_POINT ( 'NONE',  ( -0.3798818897637795122, 0.5472440944881890035, 0.9448818897637796255 ) ) ;
#6768 = ORIENTED_EDGE ( 'NONE', *, *, #5675, .T. ) ;
#6769 = EDGE_LOOP ( 'NONE', ( #186, #8807, #5311, #3446, #3262, #9515 ) ) ;
#6770 = LINE ( 'NONE', #10178, #6958 ) ;
#6771 = AXIS2_PLACEMENT_3D ( 'NONE', #5335, #9265, #1883 ) ;
#6772 = ORIENTED_EDGE ( 'NONE', *, *, #4974, .F. ) ;
#6773 = CIRCLE ( 'NONE', #3517, 0.1181102362204777406 ) ;
#6774 = CARTESIAN_POINT ( 'NONE',  ( 0.1968503937007874127, 0.7440944881889763884, 0.5590551181102362266 ) ) ;
#6775 = VECTOR ( 'NONE', #6038, 39.37007874015748143 ) ;
#6776 = DIRECTION ( 'NONE',  ( 0.9715544231405692788, -0.2368163906405040819, 0.000000000000000000 ) ) ;
#6777 = DIRECTION ( 'NONE',  ( 0.000000000000000000, -1.000000000000000000, 0.000000000000000000 ) ) ;
#6778 = CARTESIAN_POINT ( 'NONE',  ( -0.3149606299212598381, 0.5472440944881890035, -0.9448818897637796255 ) ) ;
#6779 = ORIENTED_EDGE ( 'NONE', *, *, #1346, .F. ) ;
#6780 = EDGE_LOOP ( 'NONE', ( #3986, #5958, #3627, #2856 ) ) ;
#6781 = VECTOR ( 'NONE', #7422, 39.37007874015748143 ) ;
#6782 = VECTOR ( 'NONE', #7991, 39.37007874015748143 ) ;
#6783 = VECTOR ( 'NONE', #6665, 39.37007874015748143 ) ;
#6784 = EDGE_CURVE ( 'NONE', #4347, #9842, #488, .T. ) ;
#6785 = DIRECTION ( 'NONE',  ( -1.000000000000000000, 0.000000000000000000, 0.000000000000000000 ) ) ;
#6786 = ADVANCED_FACE ( 'NONE', ( #8683 ), #8570, .F. ) ;
#6787 = ORIENTED_EDGE ( 'NONE', *, *, #7899, .T. ) ;
#6788 = CARTESIAN_POINT ( 'NONE',  ( -0.04330708661417323468, 0.1850393700787401619, 0.05511811023622047168 ) ) ;
#6789 = CARTESIAN_POINT ( 'NONE',  ( -0.3553149606299212948, 1.027559055118110409, -0.8818897637795275468 ) ) ;
#6790 = DIRECTION ( 'NONE',  ( 1.000000000000000000, 0.000000000000000000, 0.000000000000000000 ) ) ;
#6791 = LINE ( 'NONE', #5989, #9455 ) ;
#6792 = VECTOR ( 'NONE', #287, 39.37007874015748143 ) ;
#6793 = VECTOR ( 'NONE', #4589, 39.37007874015748854 ) ;
#6794 = ORIENTED_EDGE ( 'NONE', *, *, #6424, .T. ) ;
#6795 = ORIENTED_EDGE ( 'NONE', *, *, #9618, .T. ) ;
#6796 = DIRECTION ( 'NONE',  ( 0.000000000000000000, -1.000000000000000000, 3.469446951953565279E-15 ) ) ;
#6797 = VERTEX_POINT ( 'NONE', #5339 ) ;
#6798 = MECHANICAL_CONTEXT ( 'NONE', #8800, 'mechanical' ) ;
#6799 = ORIENTED_EDGE ( 'NONE', *, *, #53, .T. ) ;
#6800 = EDGE_CURVE ( 'NONE', #6070, #198, #6311, .T. ) ;
#6801 = VECTOR ( 'NONE', #5797, 39.37007874015748143 ) ;
#6802 = CARTESIAN_POINT ( 'NONE',  ( 0.2204724409448818867, 0.8385826771609488084, 0.5354330708661416693 ) ) ;
#6803 = FACE_OUTER_BOUND ( 'NONE', #3144, .T. ) ;
#6804 = LINE ( 'NONE', #5999, #5559 ) ;
#6805 = LINE ( 'NONE', #7727, #10132 ) ;
#6806 = EDGE_LOOP ( 'NONE', ( #10567, #4835, #7071, #7015 ) ) ;
#6807 = LINE ( 'NONE', #2722, #617 ) ;
#6808 = EDGE_LOOP ( 'NONE', ( #7962, #78, #6240, #10284 ) ) ;
#6809 = DIRECTION ( 'NONE',  ( 0.000000000000000000, -1.000000000000000000, 0.000000000000000000 ) ) ;
#6810 = ORIENTED_EDGE ( 'NONE', *, *, #10128, .T. ) ;
#6811 = CARTESIAN_POINT ( 'NONE',  ( -0.03838582677165354451, 0.6062992125984252301, 0.6968503937007873850 ) ) ;
#6812 = EDGE_LOOP ( 'NONE', ( #5211, #2809, #1923, #2713, #8011, #9852, #5156, #956, #4342, #2395, #2688, #7030, #5528, #8121 ) ) ;
#6813 = VERTEX_POINT ( 'NONE', #4529 ) ;
#6814 = ADVANCED_FACE ( 'NONE', ( #2055 ), #4647, .F. ) ;
#6815 = CARTESIAN_POINT ( 'NONE',  ( -0.1279527559055118058, 0.8385826771609488084, -0.5590551181102362266 ) ) ;
#6816 = CARTESIAN_POINT ( 'NONE',  ( 0.000000000000000000, 0.1850393700787401619, -0.4251968503937008093 ) ) ;
#6817 = VECTOR ( 'NONE', #4026, 39.37007874015748143 ) ;
#6818 = LINE ( 'NONE', #8604, #2667 ) ;
#6819 = DIRECTION ( 'NONE',  ( 0.000000000000000000, 3.469446951953625233E-15, -1.000000000000000000 ) ) ;
#6820 = ORIENTED_EDGE ( 'NONE', *, *, #10117, .T. ) ;
#6821 = LINE ( 'NONE', #2627, #9460 ) ;
#6822 = VECTOR ( 'NONE', #10083, 39.37007874015748143 ) ;
#6823 = CARTESIAN_POINT ( 'NONE',  ( 0.000000000000000000, 0.000000000000000000, -0.6377952755905511584 ) ) ;
#6824 = ORIENTED_EDGE ( 'NONE', *, *, #4630, .T. ) ;
#6825 = VERTEX_POINT ( 'NONE', #10418 ) ;
#6826 = EDGE_CURVE ( 'NONE', #7524, #2289, #4473, .T. ) ;
#6827 = ADVANCED_FACE ( 'NONE', ( #3788 ), #1939, .T. ) ;
#6828 = CARTESIAN_POINT ( 'NONE',  ( -0.3798818897637795122, 0.5472440944881890035, -0.9448818897637796255 ) ) ;
#6829 = VERTEX_POINT ( 'NONE', #6890 ) ;
#6830 = PLANE ( 'NONE',  #5898 ) ;
#6831 = PLANE ( 'NONE',  #9370 ) ;
#6832 = DIRECTION ( 'NONE',  ( 0.000000000000000000, 0.000000000000000000, 1.000000000000000000 ) ) ;
#6833 = CARTESIAN_POINT ( 'NONE',  ( 0.1358267716535433156, -0.05511811023622047168, -0.1279527559055118058 ) ) ;
#6834 = EDGE_LOOP ( 'NONE', ( #2569, #3152, #9483, #966 ) ) ;
#6835 = AXIS2_PLACEMENT_3D ( 'NONE', #7514, #1087, #1796 ) ;
#6836 = CARTESIAN_POINT ( 'NONE',  ( 0.3149606299212598381, 0.1850393700787401619, -0.6968503937007873850 ) ) ;
#6837 = LINE ( 'NONE', #8355, #1861 ) ;
#6838 = VERTEX_POINT ( 'NONE', #6948 ) ;
#6839 = CARTESIAN_POINT ( 'NONE',  ( -0.3149606299212598381, 0.6062992125984252301, -0.6968503937007873850 ) ) ;
#6840 = LINE ( 'NONE', #10136, #6775 ) ;
#6841 = CARTESIAN_POINT ( 'NONE',  ( -0.3764102607639576159, 1.295059422543179295, 0.02952016529149293494 ) ) ;
#6842 = CARTESIAN_POINT ( 'NONE',  ( 0.4921259842519685179, 0.1850393700787401619, -0.6968503937007873850 ) ) ;
#6843 = EDGE_LOOP ( 'NONE', ( #2390, #613, #2833, #8330 ) ) ;
#6844 = AXIS2_PLACEMENT_3D ( 'NONE', #3505, #4312, #3358 ) ;
#6845 = ORIENTED_EDGE ( 'NONE', *, *, #6281, .F. ) ;
#6846 = EDGE_CURVE ( 'NONE', #3623, #8041, #1302, .T. ) ;
#6847 = DIRECTION ( 'NONE',  ( 0.000000000000000000, -1.000000000000000000, 0.000000000000000000 ) ) ;
#6848 = ORIENTED_EDGE ( 'NONE', *, *, #10412, .T. ) ;
#6849 = PERSON_AND_ORGANIZATION_ROLE ( 'classification_officer' ) ;
#6850 = EDGE_LOOP ( 'NONE', ( #9859, #8090, #9577, #2816, #7313 ) ) ;
#6851 = DIRECTION ( 'NONE',  ( 0.000000000000000000, -0.5843047258450760895, 0.8115343414514941678 ) ) ;
#6852 = CARTESIAN_POINT ( 'NONE',  ( -0.3543307086614173040, 1.303149606299212504, -0.04058660212203044765 ) ) ;
#6853 = CARTESIAN_POINT ( 'NONE',  ( -0.3553149606299212948, 0.6456692913385827515, 0.4094488188976377896 ) ) ;
#6854 = CARTESIAN_POINT ( 'NONE',  ( -0.1968503937006692850, 1.027559055118110409, -0.6870078740157480324 ) ) ;
#6855 = ORIENTED_EDGE ( 'NONE', *, *, #2590, .T. ) ;
#6856 = VECTOR ( 'NONE', #8037, 39.37007874015748143 ) ;
#6857 = CARTESIAN_POINT ( 'NONE',  ( -0.1005467144958698406, 1.283464566929134243, -0.04570839879455281668 ) ) ;
#6858 = ORIENTED_EDGE ( 'NONE', *, *, #1460, .F. ) ;
#6859 = EDGE_CURVE ( 'NONE', #7493, #8668, #5226, .T. ) ;
#6860 = ADVANCED_FACE ( 'NONE', ( #8516 ), #10188, .F. ) ;
#6861 = DIRECTION ( 'NONE',  ( 1.000000000000000000, 1.051985127942272156E-15, 0.000000000000000000 ) ) ;
#6862 = EDGE_CURVE ( 'NONE', #8485, #1946, #3731, .T. ) ;
#6863 = EDGE_LOOP ( 'NONE', ( #4932, #2464, #10259, #3584, #6911, #9022, #3678, #4553 ) ) ;
#6864 = CARTESIAN_POINT ( 'NONE',  ( -0.1968503937007874127, 0.7440944881889763884, 0.4409448818897637734 ) ) ;
#6865 = VECTOR ( 'NONE', #10683, 39.37007874015748143 ) ;
#6866 = ORIENTED_EDGE ( 'NONE', *, *, #7142, .F. ) ;
#6867 = ORIENTED_EDGE ( 'NONE', *, *, #9442, .T. ) ;
#6868 = CARTESIAN_POINT ( 'NONE',  ( -0.04330708661417323468, 0.1850393700787401619, 0.1279527559055118058 ) ) ;
#6869 = DIRECTION ( 'NONE',  ( 0.000000000000000000, 0.000000000000000000, -1.000000000000000000 ) ) ;
#6870 = CARTESIAN_POINT ( 'NONE',  ( 0.03838582677165354451, 0.6456692913385827515, 0.4094488188976377896 ) ) ;
#6871 = DIRECTION ( 'NONE',  ( 1.000000000000000000, 0.000000000000000000, 0.000000000000000000 ) ) ;
#6872 = VERTEX_POINT ( 'NONE', #10309 ) ;
#6873 = DIRECTION ( 'NONE',  ( 0.000000000000000000, 1.000000000000000000, 0.000000000000000000 ) ) ;
#6874 = EDGE_CURVE ( 'NONE', #9298, #3420, #1145, .T. ) ;
#6875 = LINE ( 'NONE', #1115, #5909 ) ;
#6876 = DIRECTION ( 'NONE',  ( -1.000000000000000000, 0.000000000000000000, 0.000000000000000000 ) ) ;
#6877 = ORIENTED_EDGE ( 'NONE', *, *, #1671, .T. ) ;
#6878 = VERTEX_POINT ( 'NONE', #3616 ) ;
#6879 = CARTESIAN_POINT ( 'NONE',  ( -0.1968503937007874127, 0.7440944881889763884, 0.5590551181102362266 ) ) ;
#6880 = VERTEX_POINT ( 'NONE', #9492 ) ;
#6881 = CARTESIAN_POINT ( 'NONE',  ( -0.3740157480314960647, 1.244103829858661525, -0.05511811023622047168 ) ) ;
#6882 = DIRECTION ( 'NONE',  ( 0.000000000000000000, 0.000000000000000000, -1.000000000000000000 ) ) ;
#6883 = LINE ( 'NONE', #4844, #3171 ) ;
#6884 = LINE ( 'NONE', #6307, #4976 ) ;
#6885 = EDGE_CURVE ( 'NONE', #1257, #7268, #5798, .T. ) ;
#6886 = ADVANCED_FACE ( 'NONE', ( #8739 ), #8231, .T. ) ;
#6887 = ORIENTED_EDGE ( 'NONE', *, *, #685, .T. ) ;
#6888 = DIRECTION ( 'NONE',  ( 0.000000000000000000, 0.000000000000000000, -1.000000000000000000 ) ) ;
#6889 = VECTOR ( 'NONE', #9684, 39.37007874015748143 ) ;
#6890 = CARTESIAN_POINT ( 'NONE',  ( -0.1968503937007874127, 0.6456692913385827515, 0.4980314960629921295 ) ) ;
#6892 = ORIENTED_EDGE ( 'NONE', *, *, #8571, .T. ) ;
#6891 = ORIENTED_EDGE ( 'NONE', *, *, #832, .F. ) ;
#6893 = CARTESIAN_POINT ( 'NONE',  ( 0.1968503937007874127, 0.8385826771609488084, 0.5590551181102362266 ) ) ;
#6894 = DIRECTION ( 'NONE',  ( -1.000000000000000000, 0.000000000000000000, 0.000000000000000000 ) ) ;
#6895 = LINE ( 'NONE', #3793, #3679 ) ;
#6896 = DIRECTION ( 'NONE',  ( 0.000000000000000000, 0.000000000000000000, 1.000000000000000000 ) ) ;
#6897 = ORIENTED_EDGE ( 'NONE', *, *, #8551, .T. ) ;
#6898 = EDGE_CURVE ( 'NONE', #4966, #2108, #7423, .T. ) ;
#6899 = EDGE_CURVE ( 'NONE', #6326, #1844, #8987, .T. ) ;
#6900 = VERTEX_POINT ( 'NONE', #9044 ) ;
#6901 = CARTESIAN_POINT ( 'NONE',  ( -0.3553149606299212948, 0.6062992125984252301, 0.7165354330708662012 ) ) ;
#6902 = ORIENTED_EDGE ( 'NONE', *, *, #10147, .F. ) ;
#6903 = ORIENTED_EDGE ( 'NONE', *, *, #1438, .T. ) ;
#6904 = PLANE ( 'NONE',  #5301 ) ;
#6905 = FACE_OUTER_BOUND ( 'NONE', #5041, .T. ) ;
#6906 = DIRECTION ( 'NONE',  ( -1.000000000000000000, 0.000000000000000000, 0.000000000000000000 ) ) ;
#6907 = PLANE ( 'NONE',  #9527 ) ;
#6908 = CARTESIAN_POINT ( 'NONE',  ( -0.2204724409448818867, 0.6456692913385827515, 0.6747790429661338907 ) ) ;
#6909 = ORIENTED_EDGE ( 'NONE', *, *, #9503, .T. ) ;
#6910 = CARTESIAN_POINT ( 'NONE',  ( -0.2362204724409449064, 1.137795275590551158, -0.01968503937007873988 ) ) ;
#6911 = ORIENTED_EDGE ( 'NONE', *, *, #4974, .T. ) ;
#6912 = CARTESIAN_POINT ( 'NONE',  ( 0.1968503937007480276, 1.027559055118110409, -0.6870078740157480324 ) ) ;
#6913 = VERTEX_POINT ( 'NONE', #1553 ) ;
#6914 = EDGE_CURVE ( 'NONE', #8272, #6360, #9802, .T. ) ;
#6915 = DIRECTION ( 'NONE',  ( 0.000000000000000000, -0.2954697229221061039, 0.9553521041146734172 ) ) ;
#6916 = ORIENTED_EDGE ( 'NONE', *, *, #6059, .T. ) ;
#6917 = EDGE_LOOP ( 'NONE', ( #948, #9669, #6563, #7665 ) ) ;
#6918 = DIRECTION ( 'NONE',  ( 0.000000000000000000, -1.000000000000000000, 0.000000000000000000 ) ) ;
#6919 = ORIENTED_EDGE ( 'NONE', *, *, #9890, .T. ) ;
#6920 = LINE ( 'NONE', #4567, #6994 ) ;
#6921 = EDGE_CURVE ( 'NONE', #8767, #6797, #6607, .T. ) ;
#6922 = EDGE_CURVE ( 'NONE', #10485, #4758, #6176, .T. ) ;
#6923 = CARTESIAN_POINT ( 'NONE',  ( 0.07874015748031495954, 0.6062992125984252301, -0.6968503937007873850 ) ) ;
#6924 = FACE_OUTER_BOUND ( 'NONE', #10100, .T. ) ;
#6925 = EDGE_LOOP ( 'NONE', ( #7217, #810, #712, #500 ) ) ;
#6926 = PLANE ( 'NONE',  #3722 ) ;
#6927 = CLOSED_SHELL ( 'NONE', ( #8326, #8510, #3514, #1734, #10235, #2082, #9606, #8584, #1795, #2633, #5873, #8600, #7004, #2680, #5603, #1279, #367, #4903, #1402 ) ) ;
#6928 = DIRECTION ( 'NONE',  ( 0.8660254037846425446, 0.000000000000000000, -0.4999999999996467825 ) ) ;
#6929 = VECTOR ( 'NONE', #2970, 39.37007874015748143 ) ;
#6930 = LINE ( 'NONE', #2852, #1565 ) ;
#6931 = AXIS2_PLACEMENT_3D ( 'NONE', #5347, #3236, #5761 ) ;
#6932 = ORIENTED_EDGE ( 'NONE', *, *, #9643, .F. ) ;
#6933 = ORIENTED_EDGE ( 'NONE', *, *, #7499, .F. ) ;
#6934 = CARTESIAN_POINT ( 'NONE',  ( -0.07874015748031495954, 0.1850393700787401619, 0.2283464566929133688 ) ) ;
#6935 = ADVANCED_FACE ( 'NONE', ( #6664 ), #5807, .T. ) ;
#6936 = VECTOR ( 'NONE', #8254, 39.37007874015748143 ) ;
#6937 = ORIENTED_EDGE ( 'NONE', *, *, #2763, .F. ) ;
#6938 = DIRECTION ( 'NONE',  ( -0.7682835235934936113, -0.6401096994849910793, 0.000000000000000000 ) ) ;
#6939 = CARTESIAN_POINT ( 'NONE',  ( -0.2204724409448818867, 0.7913385826771653919, 0.4433311932543322897 ) ) ;
#6940 = DIRECTION ( 'NONE',  ( 0.000000000000000000, 0.000000000000000000, -1.000000000000000000 ) ) ;
#6941 = DIRECTION ( 'NONE',  ( -1.000000000000000000, 0.000000000000000000, 0.000000000000000000 ) ) ;
#6942 = VECTOR ( 'NONE', #3076, 39.37007874015748143 ) ;
#6943 = VECTOR ( 'NONE', #7057, 39.37007874015748143 ) ;
#6944 = EDGE_LOOP ( 'NONE', ( #1721, #4540, #4648, #10677 ) ) ;
#6945 = CARTESIAN_POINT ( 'NONE',  ( -0.09937864981921536167, 1.292571830180890835, 0.04705065660423438101 ) ) ;
#6946 = AXIS2_PLACEMENT_3D ( 'NONE', #7570, #5741, #9186 ) ;
#6947 = EDGE_CURVE ( 'NONE', #8464, #4531, #2221, .T. ) ;
#6948 = CARTESIAN_POINT ( 'NONE',  ( -0.1968503937007874127, 0.7913385826771653919, -0.4409448818897583333 ) ) ;
#6949 = ORIENTED_EDGE ( 'NONE', *, *, #1095, .T. ) ;
#6950 = CARTESIAN_POINT ( 'NONE',  ( -0.03838582677165354451, 1.027559055118110409, 0.4094488188976377896 ) ) ;
#6951 = CARTESIAN_POINT ( 'NONE',  ( 0.1968503937006692850, 1.027559055118110409, 0.6870078740157480324 ) ) ;
#6952 = LINE ( 'NONE', #2111, #9177 ) ;
#6953 = DIRECTION ( 'NONE',  ( 0.000000000000000000, 0.000000000000000000, -1.000000000000000000 ) ) ;
#6954 = ORIENTED_EDGE ( 'NONE', *, *, #10524, .T. ) ;
#6955 = ORIENTED_EDGE ( 'NONE', *, *, #10576, .F. ) ;
#6956 = VECTOR ( 'NONE', #6888, 39.37007874015748143 ) ;
#6957 = AXIS2_PLACEMENT_3D ( 'NONE', #9985, #8416, #7509 ) ;
#6958 = VECTOR ( 'NONE', #10236, 39.37007874015748143 ) ;
#6959 = AXIS2_PLACEMENT_3D ( 'NONE', #2747, #1828, #10016 ) ;
#6960 = LINE ( 'NONE', #4376, #5562 ) ;
#6961 = ORIENTED_EDGE ( 'NONE', *, *, #5544, .T. ) ;
#6962 = ORIENTED_EDGE ( 'NONE', *, *, #447, .F. ) ;
#6963 = ADVANCED_FACE ( 'NONE', ( #10614 ), #6502, .F. ) ;
#6964 = ADVANCED_FACE ( 'NONE', ( #9142 ), #4839, .F. ) ;
#6965 = CARTESIAN_POINT ( 'NONE',  ( -0.1968503937007874127, 0.6456692913385827515, 0.4980314960629921295 ) ) ;
#6966 = CARTESIAN_POINT ( 'NONE',  ( -0.3543307086614173040, 1.306823339883858237, 0.03543307086614173179 ) ) ;
#6967 = AXIS2_PLACEMENT_3D ( 'NONE', #5913, #2857, #5162 ) ;
#6968 = PLANE ( 'NONE',  #9239 ) ;
#6969 = VECTOR ( 'NONE', #4189, 39.37007874015748143 ) ;
#6970 = CARTESIAN_POINT ( 'NONE',  ( 0.3937007874015748254, 0.1850393700787401619, -0.5393700787401575214 ) ) ;
#6971 = DIRECTION ( 'NONE',  ( 1.000000000000000000, 0.000000000000000000, 0.000000000000000000 ) ) ;
#6972 = CARTESIAN_POINT ( 'NONE',  ( -0.2578740157480315376, 0.6456692913385827515, 0.5590551181102362266 ) ) ;
#6973 = VERTEX_POINT ( 'NONE', #733 ) ;
#6974 = DIRECTION ( 'NONE',  ( 0.000000000000000000, -1.000000000000000000, 0.000000000000000000 ) ) ;
#6975 = ORIENTED_EDGE ( 'NONE', *, *, #2989, .F. ) ;
#6976 = PLANE ( 'NONE',  #5917 ) ;
#6977 = ORIENTED_EDGE ( 'NONE', *, *, #2855, .F. ) ;
#6978 = FACE_OUTER_BOUND ( 'NONE', #6780, .T. ) ;
#6979 = ORIENTED_EDGE ( 'NONE', *, *, #9813, .T. ) ;
#6980 = ORIENTED_EDGE ( 'NONE', *, *, #4022, .F. ) ;
#6981 = CARTESIAN_POINT ( 'NONE',  ( -0.2657480314960630197, 0.8385826771609488084, 0.5826771653543307838 ) ) ;
#6982 = ORIENTED_EDGE ( 'NONE', *, *, #4581, .F. ) ;
#6983 = DIRECTION ( 'NONE',  ( 1.000000000000000000, 0.000000000000000000, 0.000000000000000000 ) ) ;
#6984 = FACE_OUTER_BOUND ( 'NONE', #4268, .T. ) ;
#6985 = PLANE ( 'NONE',  #9209 ) ;
#6986 = ORIENTED_EDGE ( 'NONE', *, *, #7685, .F. ) ;
#6987 = DIRECTION ( 'NONE',  ( 0.000000000000000000, -1.000000000000000000, 0.000000000000000000 ) ) ;
#6988 = DIRECTION ( 'NONE',  ( 1.000000000000000000, 0.000000000000000000, 0.000000000000000000 ) ) ;
#6989 = CARTESIAN_POINT ( 'NONE',  ( -0.1968503937006692850, 1.249046188814009861, -0.6870078740157480324 ) ) ;
#6990 = ADVANCED_FACE ( 'NONE', ( #9094 ), #9906, .F. ) ;
#6991 = ORIENTED_EDGE ( 'NONE', *, *, #621, .F. ) ;
#6992 = ORIENTED_EDGE ( 'NONE', *, *, #2968, .T. ) ;
#6993 = FACE_OUTER_BOUND ( 'NONE', #9167, .T. ) ;
#6994 = VECTOR ( 'NONE', #7905, 39.37007874015748143 ) ;
#6995 = VERTEX_POINT ( 'NONE', #843 ) ;
#6996 = CARTESIAN_POINT ( 'NONE',  ( 0.07874015748031495954, -2.024057555895874029E-18, -0.07874015748031495954 ) ) ;
#6997 = DIRECTION ( 'NONE',  ( 1.000000000000000000, 0.000000000000000000, 0.000000000000000000 ) ) ;
#6998 = PLANE ( 'NONE',  #9013 ) ;
#6999 = LINE ( 'NONE', #535, #5498 ) ;
#7000 = AXIS2_PLACEMENT_3D ( 'NONE', #2979, #3619, #7929 ) ;
#7001 = AXIS2_PLACEMENT_3D ( 'NONE', #3268, #4172, #6540 ) ;
#7002 = ADVANCED_FACE ( 'NONE', ( #5695 ), #4137, .F. ) ;
#7003 = EDGE_CURVE ( 'NONE', #728, #6318, #3332, .T. ) ;
#7004 = ADVANCED_FACE ( 'NONE', ( #4997 ), #892, .T. ) ;
#7005 = VERTEX_POINT ( 'NONE', #1763 ) ;
#7006 = DIRECTION ( 'NONE',  ( -1.000000000000000000, 0.000000000000000000, 0.000000000000000000 ) ) ;
#7007 = CARTESIAN_POINT ( 'NONE',  ( 0.1968503937007480276, 0.2837642458494035735, -0.4311023622047244208 ) ) ;
#7009 = ORIENTED_EDGE ( 'NONE', *, *, #4538, .T. ) ;
#7008 = EDGE_LOOP ( 'NONE', ( #5727, #4081, #3755, #5892 ) ) ;
#7010 = CARTESIAN_POINT ( 'NONE',  ( 0.1279527559055118058, 1.307328710460744059, -0.5354330708661416693 ) ) ;
#7011 = CYLINDRICAL_SURFACE ( 'NONE', #4554, 0.09842519685039372024 ) ;
#7012 = LINE ( 'NONE', #10257, #223 ) ;
#7013 = CARTESIAN_POINT ( 'NONE',  ( -0.2204724409448818867, 0.8385826771609488084, 0.6747790429661397749 ) ) ;
#7014 = VERTEX_POINT ( 'NONE', #2575 ) ;
#7015 = ORIENTED_EDGE ( 'NONE', *, *, #10462, .T. ) ;
#7016 = EDGE_CURVE ( 'NONE', #9329, #3259, #5047, .T. ) ;
#7017 = VECTOR ( 'NONE', #5313, 39.37007874015748143 ) ;
#7018 = LINE ( 'NONE', #3519, #8835 ) ;
#7019 = ORIENTED_EDGE ( 'NONE', *, *, #5019, .T. ) ;
#7020 = APPROVAL_DATE_TIME ( #10264, #9152 ) ;
#7021 = EDGE_LOOP ( 'NONE', ( #4544, #63, #5089, #5034 ) ) ;
#7022 = LINE ( 'NONE', #2937, #4619 ) ;
#7023 = FACE_OUTER_BOUND ( 'NONE', #10603, .T. ) ;
#7024 = VECTOR ( 'NONE', #6785, 39.37007874015748143 ) ;
#7025 = CARTESIAN_POINT ( 'NONE',  ( -0.3577200857378535215, 1.287401574803149540, 0.07874015748031495954 ) ) ;
#7026 = CARTESIAN_POINT ( 'NONE',  ( -0.4921259842519685179, 1.169291338582649553, -0.9448818897637676351 ) ) ;
#7027 = DIRECTION ( 'NONE',  ( 0.000000000000000000, 0.000000000000000000, -1.000000000000000000 ) ) ;
#7028 = ORIENTED_EDGE ( 'NONE', *, *, #9041, .T. ) ;
#7029 = CARTESIAN_POINT ( 'NONE',  ( -0.1129567049645837096, 1.283464566929134687, -0.05511811023622049249 ) ) ;
#7030 = ORIENTED_EDGE ( 'NONE', *, *, #4918, .T. ) ;
#7031 = EDGE_CURVE ( 'NONE', #1247, #9240, #242, .T. ) ;
#7032 = EDGE_CURVE ( 'NONE', #9411, #7135, #10059, .T. ) ;
#7033 = CARTESIAN_POINT ( 'NONE',  ( 0.1732283464566929387, 0.8385826771609488084, 0.5590551181102362266 ) ) ;
#7034 = ORIENTED_EDGE ( 'NONE', *, *, #5813, .T. ) ;
#7035 = DIRECTION ( 'NONE',  ( 0.000000000000000000, -1.000000000000000000, -3.965082230804150336E-15 ) ) ;
#7036 = ORIENTED_EDGE ( 'NONE', *, *, #7360, .F. ) ;
#7037 = ORIENTED_EDGE ( 'NONE', *, *, #4605, .T. ) ;
#7038 = LINE ( 'NONE', #9787, #8047 ) ;
#7039 = VERTEX_POINT ( 'NONE', #2682 ) ;
#7040 = CYLINDRICAL_SURFACE ( 'NONE', #5615, 0.06102362204724406936 ) ;
#7041 = AXIS2_PLACEMENT_3D ( 'NONE', #5168, #1884, #9318 ) ;
#7042 = LINE ( 'NONE', #9472, #4042 ) ;
#7043 = PLANE ( 'NONE',  #1120 ) ;
#7044 = ORIENTED_EDGE ( 'NONE', *, *, #9890, .F. ) ;
#7045 = LINE ( 'NONE', #7858, #10415 ) ;
#7046 = EDGE_CURVE ( 'NONE', #295, #6286, #8603, .T. ) ;
#7047 = VECTOR ( 'NONE', #1728, 39.37007874015748143 ) ;
#7048 = FACE_OUTER_BOUND ( 'NONE', #6722, .T. ) ;
#7049 = CARTESIAN_POINT ( 'NONE',  ( -0.1358267716535433156, -0.09055118110236221041, -0.6377952755905511584 ) ) ;
#7050 = VECTOR ( 'NONE', #2103, 39.37007874015748143 ) ;
#7051 = ORIENTED_EDGE ( 'NONE', *, *, #214, .F. ) ;
#7052 = ORIENTED_EDGE ( 'NONE', *, *, #1606, .F. ) ;
#7053 = CARTESIAN_POINT ( 'NONE',  ( -0.3523622047244094335, 0.1850393700787401619, 0.2952755905511810774 ) ) ;
#7054 = CARTESIAN_POINT ( 'NONE',  ( -0.1358267716535433156, 0.01377952755905511792, 0.1279527559055118058 ) ) ;
#7055 = CARTESIAN_POINT ( 'NONE',  ( 0.2657480314960630197, 1.307328710460744059, 0.5826771653543307838 ) ) ;
#7056 = CARTESIAN_POINT ( 'NONE',  ( -0.3682501334879240140, 1.283464566929133799, 0.04935249569264858749 ) ) ;
#7057 = DIRECTION ( 'NONE',  ( 0.000000000000000000, 1.000000000000000000, 0.000000000000000000 ) ) ;
#7058 = EDGE_CURVE ( 'NONE', #700, #10093, #7687, .T. ) ;
#7059 = LINE ( 'NONE', #3727, #4280 ) ;
#7060 = EDGE_LOOP ( 'NONE', ( #9192, #2080, #8715, #10233 ) ) ;
#7061 = CARTESIAN_POINT ( 'NONE',  ( -0.3543307086614173596, 1.303149606299212504, 0.04058660212203053091 ) ) ;
#7062 = DIRECTION ( 'NONE',  ( 0.000000000000000000, 1.000000000000000000, -1.334402673828314029E-15 ) ) ;
#7063 = ORIENTED_EDGE ( 'NONE', *, *, #7796, .F. ) ;
#7064 = DIRECTION ( 'NONE',  ( -1.000000000000000000, 0.000000000000000000, 1.445602896647336195E-14 ) ) ;
#7065 = DIRECTION ( 'NONE',  ( 0.000000000000000000, 0.000000000000000000, 1.000000000000000000 ) ) ;
#7066 = CARTESIAN_POINT ( 'NONE',  ( -0.4921259842519685179, 0.5472440944881890035, -0.6968503937007873850 ) ) ;
#7067 = EDGE_CURVE ( 'NONE', #1920, #10487, #6014, .T. ) ;
#7068 = DIRECTION ( 'NONE',  ( 0.000000000000000000, 1.000000000000000000, 0.000000000000000000 ) ) ;
#7069 = EDGE_CURVE ( 'NONE', #7098, #2144, #9300, .T. ) ;
#7070 = ORIENTED_EDGE ( 'NONE', *, *, #1602, .F. ) ;
#7071 = ORIENTED_EDGE ( 'NONE', *, *, #7986, .F. ) ;
#7072 = ORIENTED_EDGE ( 'NONE', *, *, #4679, .T. ) ;
#7073 = AXIS2_PLACEMENT_3D ( 'NONE', #5895, #3537, #4239 ) ;
#7074 = ORIENTED_EDGE ( 'NONE', *, *, #5584, .T. ) ;
#7075 = CARTESIAN_POINT ( 'NONE',  ( -0.07874015748031495954, -0.1102362204724409434, 0.4960629921259842590 ) ) ;
#7076 = CARTESIAN_POINT ( 'NONE',  ( 0.3553149606299212948, 0.6456692913385827515, 0.4094488188976377896 ) ) ;
#7077 = ADVANCED_FACE ( 'NONE', ( #3646 ), #5961, .T. ) ;
#7078 = PLANE ( 'NONE',  #207 ) ;
#7080 = CARTESIAN_POINT ( 'NONE',  ( -0.03838582677165354451, 0.3897637795275590844, 0.9448818897637796255 ) ) ;
#7079 = AXIS2_PLACEMENT_3D ( 'NONE', #7511, #7608, #9124 ) ;
#7081 = EDGE_LOOP ( 'NONE', ( #2949, #3126, #10679, #7087, #5038 ) ) ;
#7082 = CARTESIAN_POINT ( 'NONE',  ( 0.2657480314960630197, 0.7913385826771653919, -0.5354330708661416693 ) ) ;
#7083 = EDGE_LOOP ( 'NONE', ( #5879, #3148, #2323, #8606, #8750, #9349, #6755, #5532 ) ) ;
#7084 = LINE ( 'NONE', #1209, #6431 ) ;
#7085 = EDGE_LOOP ( 'NONE', ( #2179, #118, #4321, #6257 ) ) ;
#7086 = LINE ( 'NONE', #2134, #10530 ) ;
#7087 = ORIENTED_EDGE ( 'NONE', *, *, #5278, .F. ) ;
#7088 = DIRECTION ( 'NONE',  ( 0.000000000000000000, -1.000000000000000000, -3.469446951953609850E-15 ) ) ;
#7089 = ORIENTED_EDGE ( 'NONE', *, *, #5221, .T. ) ;
#7090 = EDGE_CURVE ( 'NONE', #2463, #10021, #5459, .T. ) ;
#7091 = CARTESIAN_POINT ( 'NONE',  ( 0.2699871286230550171, 1.249046188814007641, -0.6870078740157483654 ) ) ;
#7092 = CARTESIAN_POINT ( 'NONE',  ( 0.04330708661417323468, 0.4855184551668063064, 0.05511811023622047168 ) ) ;
#7093 = FACE_OUTER_BOUND ( 'NONE', #4075, .T. ) ;
#7094 = ORIENTED_EDGE ( 'NONE', *, *, #7562, .T. ) ;
#7095 = CARTESIAN_POINT ( 'NONE',  ( 0.3149606299212598381, 0.5472440944881890035, 0.1476377952755905387 ) ) ;
#7096 = CARTESIAN_POINT ( 'NONE',  ( -0.3149606299212598381, 0.5472440944881890035, 0.9448818897637796255 ) ) ;
#7097 = CARTESIAN_POINT ( 'NONE',  ( -0.3798818897637795122, 0.5472440944881890035, 0.6968503937007873850 ) ) ;
#7098 = VERTEX_POINT ( 'NONE', #1866 ) ;
#7099 = ORIENTED_EDGE ( 'NONE', *, *, #1306, .F. ) ;
#7100 = DIRECTION ( 'NONE',  ( 0.000000000000000000, 1.000000000000000000, -1.213093339843927959E-15 ) ) ;
#7101 = EDGE_CURVE ( 'NONE', #1813, #1999, #406, .T. ) ;
#7102 = ADVANCED_FACE ( 'NONE', ( #5201 ), #4339, .T. ) ;
#7103 = PLANE ( 'NONE',  #8831 ) ;
#7104 = CARTESIAN_POINT ( 'NONE',  ( 0.3523622047244094335, -0.09055118110236221041, 0.4251968503937008093 ) ) ;
#7105 = CARTESIAN_POINT ( 'NONE',  ( 0.000000000000000000, 0.1850393700787401619, -0.9448818897637796255 ) ) ;
#7106 = AXIS2_PLACEMENT_3D ( 'NONE', #2668, #1035, #4327 ) ;
#7107 = LINE ( 'NONE', #2260, #234 ) ;
#7108 = FACE_OUTER_BOUND ( 'NONE', #2084, .T. ) ;
#7109 = ORIENTED_EDGE ( 'NONE', *, *, #4357, .F. ) ;
#7110 = VECTOR ( 'NONE', #649, 39.37007874015747433 ) ;
#7111 = DIRECTION ( 'NONE',  ( -1.445602896647336195E-14, 0.000000000000000000, 1.000000000000000000 ) ) ;
#7112 = CARTESIAN_POINT ( 'NONE',  ( -0.2952755905511810774, 1.137795275590551158, 0.01968503937007873988 ) ) ;
#7113 = ORIENTED_EDGE ( 'NONE', *, *, #9362, .T. ) ;
#7114 = VECTOR ( 'NONE', #5268, 39.37007874015748143 ) ;
#7115 = LINE ( 'NONE', #6091, #9762 ) ;
#7116 = FACE_OUTER_BOUND ( 'NONE', #1101, .T. ) ;
#7117 = DIRECTION ( 'NONE',  ( 0.000000000000000000, -1.000000000000000000, -3.965082230804150336E-15 ) ) ;
#7118 = CARTESIAN_POINT ( 'NONE',  ( 0.3553149606299212948, 0.8700787401574804347, 0.9448818897637796255 ) ) ;
#7119 = ADVANCED_FACE ( 'NONE', ( #10111 ), #2843, .F. ) ;
#7120 = VECTOR ( 'NONE', #1829, 39.37007874015748143 ) ;
#7121 = EDGE_LOOP ( 'NONE', ( #3080, #10306, #8679, #1121 ) ) ;
#7122 = VECTOR ( 'NONE', #3870, 39.37007874015748143 ) ;
#7123 = EDGE_LOOP ( 'NONE', ( #4016, #6124, #6409, #6702 ) ) ;
#7124 = EDGE_CURVE ( 'NONE', #9789, #3168, #10006, .T. ) ;
#7125 = ADVANCED_FACE ( 'NONE', ( #8435 ), #7629, .F. ) ;
#7126 = MANIFOLD_SOLID_BREP ( 'NONE', #8138 ) ;
#7127 = DIRECTION ( 'NONE',  ( -0.8368829159433200937, -0.5473819370441500576, 5.170295857959070481E-15 ) ) ;
#7128 = AXIS2_PLACEMENT_3D ( 'NONE', #5353, #10267, #2015 ) ;
#7129 = LINE ( 'NONE', #10431, #1954 ) ;
#7130 = DIRECTION ( 'NONE',  ( 1.000000000000000000, 0.000000000000000000, 0.000000000000000000 ) ) ;
#7131 = LINE ( 'NONE', #10640, #6581 ) ;
#7132 = AXIS2_PLACEMENT_3D ( 'NONE', #8877, #4728, #626 ) ;
#7133 = AXIS2_PLACEMENT_3D ( 'NONE', #7768, #6847, #10143 ) ;
#7134 = CARTESIAN_POINT ( 'NONE',  ( -0.1279527559055118058, 0.7913385826771653919, -0.5826771653543307838 ) ) ;
#7135 = VERTEX_POINT ( 'NONE', #9195 ) ;
#7136 = DIRECTION ( 'NONE',  ( 0.000000000000000000, -1.000000000000000000, -3.965082230804150336E-15 ) ) ;
#7137 = VERTEX_POINT ( 'NONE', #1816 ) ;
#7138 = CARTESIAN_POINT ( 'NONE',  ( -0.3600352598315027519, 1.283464566929134909, 0.05756736934907004388 ) ) ;
#7139 = ORIENTED_EDGE ( 'NONE', *, *, #546, .T. ) ;
#7140 = EDGE_CURVE ( 'NONE', #1266, #5448, #10164, .T. ) ;
#7141 = CARTESIAN_POINT ( 'NONE',  ( -0.3679197596243418134, 1.246308892210455266, 0.04967763652696255416 ) ) ;
#7142 = EDGE_CURVE ( 'NONE', #4668, #10531, #9352, .T. ) ;
#7143 = ORIENTED_EDGE ( 'NONE', *, *, #3806, .T. ) ;
#7144 = EDGE_CURVE ( 'NONE', #9988, #6158, #6125, .T. ) ;
#7145 = VECTOR ( 'NONE', #9748, 39.37007874015748143 ) ;
#7146 = VECTOR ( 'NONE', #6273, 39.37007874015748143 ) ;
#7147 = VECTOR ( 'NONE', #8232, 39.37007874015748143 ) ;
#7148 = CARTESIAN_POINT ( 'NONE',  ( -0.1279527559055118058, 0.8385826771609488084, 0.5590551181102362266 ) ) ;
#7149 = ORIENTED_EDGE ( 'NONE', *, *, #7532, .F. ) ;
#7150 = FACE_OUTER_BOUND ( 'NONE', #7464, .T. ) ;
#7151 = LINE ( 'NONE', #6384, #8013 ) ;
#7152 = VERTEX_POINT ( 'NONE', #350 ) ;
#7153 = DIRECTION ( 'NONE',  ( 0.000000000000000000, -1.000000000000000000, 0.000000000000000000 ) ) ;
#7154 = MANIFOLD_SOLID_BREP ( 'NONE', #1431 ) ;
#7155 = AXIS2_PLACEMENT_3D ( 'NONE', #9737, #3110, #6434 ) ;
#7156 = CARTESIAN_POINT ( 'NONE',  ( -0.2657480314960630197, 0.7913385826771653919, 0.5354330708661416693 ) ) ;
#7157 = EDGE_CURVE ( 'NONE', #7637, #5132, #6920, .T. ) ;
#7158 = DIRECTION ( 'NONE',  ( 0.000000000000000000, -3.469446951953609850E-15, -1.000000000000000000 ) ) ;
#7159 = VERTEX_POINT ( 'NONE', #2902 ) ;
#7160 = ORIENTED_EDGE ( 'NONE', *, *, #6359, .F. ) ;
#7161 = FACE_OUTER_BOUND ( 'NONE', #4222, .T. ) ;
#7162 = AXIS2_PLACEMENT_3D ( 'NONE', #5193, #8645, #7616 ) ;
#7163 = DIRECTION ( 'NONE',  ( 0.000000000000000000, 0.000000000000000000, -1.000000000000000000 ) ) ;
#7164 = CARTESIAN_POINT ( 'NONE',  ( -0.01968503937007873988, 0.007874015748031495954, 0.5866141732283465249 ) ) ;
#7165 = CARTESIAN_POINT ( 'NONE',  ( 0.1358267716535433156, 0.000000000000000000, 0.1279527559055118058 ) ) ;
#7166 = PLANE ( 'NONE',  #6522 ) ;
#7167 = EDGE_CURVE ( 'NONE', #5768, #10465, #5939, .T. ) ;
#7168 = EDGE_CURVE ( 'NONE', #8305, #8459, #5530, .T. ) ;
#7169 = MANIFOLD_SOLID_BREP ( 'NONE', #7275 ) ;
#7170 = VECTOR ( 'NONE', #7478, 39.37007874015748143 ) ;
#7171 = VERTEX_POINT ( 'NONE', #10391 ) ;
#7172 = CARTESIAN_POINT ( 'NONE',  ( 0.1968503937007874127, 0.7913385826771653919, 0.5590551181102362266 ) ) ;
#7173 = ORIENTED_EDGE ( 'NONE', *, *, #10018, .F. ) ;
#7174 = DIRECTION ( 'NONE',  ( 0.000000000000000000, 0.5843047258450889681, -0.8115343414514849529 ) ) ;
#7175 = CARTESIAN_POINT ( 'NONE',  ( -0.3149606299212598381, 0.5472440944881890035, -0.6968503937007873850 ) ) ;
#7176 = PLANE ( 'NONE',  #4018 ) ;
#7177 = CARTESIAN_POINT ( 'NONE',  ( -0.1065795192685495135, 1.269414574758338521, -0.04922069194456306362 ) ) ;
#7178 = CARTESIAN_POINT ( 'NONE',  ( 0.3937007874015748254, 0.1850393700787401619, -0.6377952755905511584 ) ) ;
#7179 = VECTOR ( 'NONE', #9851, 39.37007874015748143 ) ;
#7180 = ORIENTED_EDGE ( 'NONE', *, *, #9834, .F. ) ;
#7181 = VERTEX_POINT ( 'NONE', #8656 ) ;
#7182 = CIRCLE ( 'NONE', #7871, 0.1279527559055117780 ) ;
#7183 = CARTESIAN_POINT ( 'NONE',  ( -0.03838582677165354451, 0.1850393700787401619, 0.6968503937007873850 ) ) ;
#7184 = CARTESIAN_POINT ( 'NONE',  ( -0.03838582677165354451, 0.1850393700787401619, 0.6968503937007873850 ) ) ;
#7185 = DIRECTION ( 'NONE',  ( 0.000000000000000000, -0.3858061304424838522, -0.9225798771450616220 ) ) ;
#7186 = CARTESIAN_POINT ( 'NONE',  ( 0.1732283464566929387, 0.7913385826771653919, 0.5354330708661416693 ) ) ;
#7187 = LINE ( 'NONE', #8643, #1269 ) ;
#7188 = EDGE_LOOP ( 'NONE', ( #1079, #9957, #6902, #10030 ) ) ;
#7189 = EDGE_CURVE ( 'NONE', #4572, #2881, #4310, .T. ) ;
#7190 = DIRECTION ( 'NONE',  ( 0.000000000000000000, 0.000000000000000000, -1.000000000000000000 ) ) ;
#7191 = ORIENTED_EDGE ( 'NONE', *, *, #2613, .T. ) ;
#7192 = CYLINDRICAL_SURFACE ( 'NONE', #6413, 0.1279527559055117780 ) ;
#7193 = ORIENTED_EDGE ( 'NONE', *, *, #8677, .F. ) ;
#7194 = CARTESIAN_POINT ( 'NONE',  ( -0.3460460749665827396, 1.291486829531593328, -0.05511723596671173897 ) ) ;
#7195 = ORIENTED_EDGE ( 'NONE', *, *, #9688, .T. ) ;
#7196 = VECTOR ( 'NONE', #5578, 39.37007874015748143 ) ;
#7197 = DIRECTION ( 'NONE',  ( 1.000000000000000000, 0.000000000000000000, 0.000000000000000000 ) ) ;
#7198 = LINE ( 'NONE', #6233, #9231 ) ;
#7199 = DIRECTION ( 'NONE',  ( -0.000000000000000000, 1.000000000000000000, 0.000000000000000000 ) ) ;
#7200 = ADVANCED_FACE ( 'NONE', ( #7150 ), #6383, .T. ) ;
#7201 = VERTEX_POINT ( 'NONE', #9582 ) ;
#7202 = ADVANCED_FACE ( 'NONE', ( #2198 ), #7040, .T. ) ;
#7203 = CARTESIAN_POINT ( 'NONE',  ( -0.2204724409448818867, 0.7913385826771653919, 0.4433311932543322897 ) ) ;
#7204 = EDGE_CURVE ( 'NONE', #2835, #6880, #10447, .T. ) ;
#7205 = CARTESIAN_POINT ( 'NONE',  ( -0.1968503937007874127, 0.6456692913385827515, -0.6200787401574803237 ) ) ;
#7206 = FACE_OUTER_BOUND ( 'NONE', #994, .T. ) ;
#7207 = ORIENTED_EDGE ( 'NONE', *, *, #4322, .T. ) ;
#7208 = EDGE_LOOP ( 'NONE', ( #5737, #9270, #8304, #7089, #7664, #463 ) ) ;
#7209 = CARTESIAN_POINT ( 'NONE',  ( 0.2204724409448818867, 1.307328710460744059, -0.5826771653543307838 ) ) ;
#7210 = CARTESIAN_POINT ( 'NONE',  ( -0.1358267716535433156, -1.012028777947937207E-18, 0.07874015748031495954 ) ) ;
#7211 = EDGE_CURVE ( 'NONE', #4479, #6153, #7198, .T. ) ;
#7212 = CARTESIAN_POINT ( 'NONE',  ( 0.1968503937007874127, 0.6456692913385827515, 0.5590551181102362266 ) ) ;
#7213 = CARTESIAN_POINT ( 'NONE',  ( -0.2736220472440945017, -0.09055118110236221041, 0.4881889763779527769 ) ) ;
#7214 = CARTESIAN_POINT ( 'NONE',  ( 0.03838582677165354451, 0.1850393700787401619, 0.6377952755905511584 ) ) ;
#7215 = AXIS2_PLACEMENT_3D ( 'NONE', #10631, #10519, #5712 ) ;
#7216 = DIRECTION ( 'NONE',  ( 1.000000000000000000, 0.000000000000000000, 0.000000000000000000 ) ) ;
#7217 = ORIENTED_EDGE ( 'NONE', *, *, #9832, .F. ) ;
#7218 = LINE ( 'NONE', #7972, #775 ) ;
#7219 = EDGE_LOOP ( 'NONE', ( #3732, #3464, #3717, #5890, #8455, #9811, #3859, #81, #9730, #4226, #2456 ) ) ;
#7220 = DIRECTION ( 'NONE',  ( 1.000000000000000000, 0.000000000000000000, 0.000000000000000000 ) ) ;
#7221 = EDGE_CURVE ( 'NONE', #7314, #10411, #9522, .T. ) ;
#7222 = FACE_BOUND ( 'NONE', #3577, .T. ) ;
#7223 = EDGE_CURVE ( 'NONE', #6550, #10189, #3866, .T. ) ;
#7224 = CARTESIAN_POINT ( 'NONE',  ( 0.04330708661417323468, -0.09055118110236221041, -0.05511811023622047168 ) ) ;
#7225 = DIRECTION ( 'NONE',  ( -1.000000000000000000, 0.000000000000000000, 0.000000000000000000 ) ) ;
#7226 = FACE_OUTER_BOUND ( 'NONE', #5696, .T. ) ;
#7227 = ORIENTED_EDGE ( 'NONE', *, *, #6399, .F. ) ;
#7228 = ORIENTED_EDGE ( 'NONE', *, *, #7516, .T. ) ;
#7229 = DIRECTION ( 'NONE',  ( 0.000000000000000000, 0.000000000000000000, 1.000000000000000000 ) ) ;
#7230 = DIRECTION ( 'NONE',  ( 0.000000000000000000, -1.000000000000000000, 0.000000000000000000 ) ) ;
#7231 = ADVANCED_FACE ( 'NONE', ( #1490 ), #1334, .F. ) ;
#7232 = DIRECTION ( 'NONE',  ( 0.000000000000000000, 0.000000000000000000, 1.000000000000000000 ) ) ;
#7233 = ADVANCED_FACE ( 'NONE', ( #4622 ), #1387, .F. ) ;
#7234 = FACE_BOUND ( 'NONE', #10662, .T. ) ;
#7235 = ORIENTED_EDGE ( 'NONE', *, *, #2105, .F. ) ;
#7236 = DIRECTION ( 'NONE',  ( 0.000000000000000000, -1.000000000000000000, 0.000000000000000000 ) ) ;
#7237 = ORIENTED_EDGE ( 'NONE', *, *, #9663, .F. ) ;
#7238 = FACE_OUTER_BOUND ( 'NONE', #6309, .T. ) ;
#7239 = ORIENTED_EDGE ( 'NONE', *, *, #9255, .T. ) ;
#7240 = CARTESIAN_POINT ( 'NONE',  ( -0.3600352598315027519, 1.305598865412062937, -0.03543307086614184281 ) ) ;
#7241 = EDGE_LOOP ( 'NONE', ( #9654, #625, #8915, #4799 ) ) ;
#7242 = CARTESIAN_POINT ( 'NONE',  ( 0.04330708661417323468, -0.04527559055118110520, 0.1279527559055118058 ) ) ;
#7243 = CIRCLE ( 'NONE', #9662, 0.1181102362204780182 ) ;
#7244 = DIRECTION ( 'NONE',  ( 0.000000000000000000, 1.000000000000000000, -1.334402673828312057E-15 ) ) ;
#7245 = CARTESIAN_POINT ( 'NONE',  ( 0.3937007874015748254, 0.4905511811023622326, 0.6968503937007873850 ) ) ;
#7246 = ORIENTED_EDGE ( 'NONE', *, *, #5412, .F. ) ;
#7247 = DIRECTION ( 'NONE',  ( -1.000000000000000000, 0.000000000000000000, 0.000000000000000000 ) ) ;
#7248 = EDGE_CURVE ( 'NONE', #1077, #9521, #7953, .T. ) ;
#7249 = CARTESIAN_POINT ( 'NONE',  ( -0.3541995231152302859, 1.283333381382946836, -0.05511723596671157938 ) ) ;
#7250 = ORIENTED_EDGE ( 'NONE', *, *, #4208, .T. ) ;
#7251 = AXIS2_PLACEMENT_3D ( 'NONE', #10386, #7681, #7035 ) ;
#7252 = CARTESIAN_POINT ( 'NONE',  ( -0.4921259842519685179, 0.1850393700787401619, -0.6968503937007873850 ) ) ;
#7253 = ORIENTED_EDGE ( 'NONE', *, *, #6369, .F. ) ;
#7254 = ORIENTED_EDGE ( 'NONE', *, *, #3456, .T. ) ;
#7255 = ADVANCED_FACE ( 'NONE', ( #2403 ), #5632, .F. ) ;
#7256 = CARTESIAN_POINT ( 'NONE',  ( -0.4921259842519685179, 1.169291338582649553, -0.9448818897637676351 ) ) ;
#7257 = EDGE_CURVE ( 'NONE', #3036, #6644, #5732, .T. ) ;
#7258 = ORIENTED_EDGE ( 'NONE', *, *, #10488, .F. ) ;
#7259 = PLANE ( 'NONE',  #8345 ) ;
#7260 = LINE ( 'NONE', #9854, #5052 ) ;
#7261 = CARTESIAN_POINT ( 'NONE',  ( -0.1358267716535433156, -0.04527559055118110520, 0.1279527559055118058 ) ) ;
#7262 = CYLINDRICAL_SURFACE ( 'NONE', #10330, 0.01968503937007873988 ) ;
#7263 = DIRECTION ( 'NONE',  ( 0.000000000000000000, -1.000000000000000000, 0.000000000000000000 ) ) ;
#7264 = ORIENTED_EDGE ( 'NONE', *, *, #3921, .F. ) ;
#7265 = ADVANCED_FACE ( 'NONE', ( #4122 ), #719, .F. ) ;
#7266 = CARTESIAN_POINT ( 'NONE',  ( -0.1279527559055118058, 1.307328710460744059, 0.5354330708661416693 ) ) ;
#7267 =( BOUNDED_SURFACE ( )  B_SPLINE_SURFACE ( 3, 3, ( 
 ( #10292, #1982, #5374, #7744 ),
 ( #2909, #6188, #8663, #6439 ),
 ( #3068, #10544, #2410, #725 ),
 ( #7249, #5586, #6387, #5534 ) ),
 .UNSPECIFIED., .F., .F., .T. ) 
 B_SPLINE_SURFACE_WITH_KNOTS ( ( 4, 4 ),
 ( 4, 4 ),
 ( 0.000000000000000000, 1.000000000000000000 ),
 ( 0.000000000000000000, 1.000000000000000000 ),
 .UNSPECIFIED. ) 
 GEOMETRIC_REPRESENTATION_ITEM ( )  RATIONAL_B_SPLINE_SURFACE ( (
 ( 1.000000000000000000, 0.8047378541243649375, 0.8047378541243649375, 1.000000000000000000),
 ( 0.8025111867385930076, 0.6458111303268130321, 0.6458111303268130321, 0.8025111867385930076),
 ( 0.8025111867385930076, 0.6458111303268130321, 0.6458111303268130321, 0.8025111867385930076),
 ( 1.000000000000000000, 0.8047378541243649375, 0.8047378541243649375, 1.000000000000000000) ) ) 
 REPRESENTATION_ITEM ( '' )  SURFACE ( )  );
#7268 = VERTEX_POINT ( 'NONE', #75 ) ;
#7269 = DIRECTION ( 'NONE',  ( 0.000000000000000000, 1.000000000000000000, 0.000000000000000000 ) ) ;
#7270 = DIRECTION ( 'NONE',  ( 0.000000000000000000, 0.7071067811865494601, 0.7071067811865454633 ) ) ;
#7271 = CARTESIAN_POINT ( 'NONE',  ( 0.03838582677165354451, 0.6062992125984252301, -0.6968503937007873850 ) ) ;
#7272 = CARTESIAN_POINT ( 'NONE',  ( -0.1181102362204722311, 1.289169118099218636, -0.05756736934907004388 ) ) ;
#7273 = CARTESIAN_POINT ( 'NONE',  ( -0.3937007874015748254, 0.3897637795275590844, -0.9448818897637796255 ) ) ;
#7274 = ORIENTED_EDGE ( 'NONE', *, *, #7792, .T. ) ;
#7275 = CLOSED_SHELL ( 'NONE', ( #3877, #2163, #2, #3718, #6337, #8189, #1833, #2893, #1779, #9545, #8904, #5677, #10279, #8142, #9012, #484, #3265, #5902, #114 ) ) ;
#7276 = AXIS2_PLACEMENT_3D ( 'NONE', #10616, #6504, #4028 ) ;
#7277 = ORIENTED_EDGE ( 'NONE', *, *, #5653, .T. ) ;
#7278 = EDGE_CURVE ( 'NONE', #4797, #7359, #20, .T. ) ;
#7279 = VECTOR ( 'NONE', #4345, 39.37007874015748143 ) ;
#7280 = CARTESIAN_POINT ( 'NONE',  ( -0.09842519685039370636, 1.137795275590551158, -0.1476377952755905387 ) ) ;
#7281 = FACE_OUTER_BOUND ( 'NONE', #455, .T. ) ;
#7282 = CARTESIAN_POINT ( 'NONE',  ( -0.3937007874015748254, 0.4905511811023622326, -0.6968503937007873850 ) ) ;
#7283 = VECTOR ( 'NONE', #3201, 39.37007874015748143 ) ;
#7284 = DIRECTION ( 'NONE',  ( 4.078408702068345349E-15, 0.000000000000000000, -1.000000000000000000 ) ) ;
#7285 = CARTESIAN_POINT ( 'NONE',  ( -0.3553149606299212948, 0.5472440944881890035, -0.9448818897637796255 ) ) ;
#7286 = VERTEX_POINT ( 'NONE', #3374 ) ;
#7287 = LINE ( 'NONE', #10436, #5235 ) ;
#7288 = ORIENTED_EDGE ( 'NONE', *, *, #5433, .T. ) ;
#7289 = VECTOR ( 'NONE', #1608, 39.37007874015748143 ) ;
#7290 = LINE ( 'NONE', #9576, #1281 ) ;
#7291 = EDGE_LOOP ( 'NONE', ( #6422, #8382, #7063, #1848 ) ) ;
#7292 = EDGE_CURVE ( 'NONE', #2398, #9393, #2191, .T. ) ;
#7293 = ADVANCED_FACE ( 'NONE', ( #4825 ), #3156, .T. ) ;
#7294 = CARTESIAN_POINT ( 'NONE',  ( -0.3624140319253629228, 1.291547890193079695, -0.05522672751175929790 ) ) ;
#7295 = EDGE_LOOP ( 'NONE', ( #9383, #10050, #3383, #8150 ) ) ;
#7296 = AXIS2_PLACEMENT_3D ( 'NONE', #9912, #2530, #895 ) ;
#7297 = CARTESIAN_POINT ( 'NONE',  ( -0.03838582677165354451, 0.4685039370078740717, 0.6377952755905511584 ) ) ;
#7298 = CIRCLE ( 'NONE', #8681, 0.1181102362204777406 ) ;
#7299 = AXIS2_PLACEMENT_3D ( 'NONE', #6626, #2541, #5820 ) ;
#7300 = DIRECTION ( 'NONE',  ( 0.000000000000000000, 2.135044278125301737E-15, 1.000000000000000000 ) ) ;
#7301 = CARTESIAN_POINT ( 'NONE',  ( 0.1968503937007874127, 0.8385826771609488084, 0.5826771653543307838 ) ) ;
#7302 = CARTESIAN_POINT ( 'NONE',  ( -0.1732283464566929387, 0.6456692913385827515, -0.4433311932543378409 ) ) ;
#7303 = ORIENTED_EDGE ( 'NONE', *, *, #2454, .F. ) ;
#7304 = LINE ( 'NONE', #4830, #8501 ) ;
#7305 = CARTESIAN_POINT ( 'NONE',  ( 0.1279527559055118058, 0.8385826771609488084, -0.5354330708661416693 ) ) ;
#7306 = VECTOR ( 'NONE', #7190, 39.37007874015748143 ) ;
#7307 = VECTOR ( 'NONE', #4116, 39.37007874015748143 ) ;
#7308 = ORIENTED_EDGE ( 'NONE', *, *, #6728, .F. ) ;
#7309 = CIRCLE ( 'NONE', #9201, 0.1181102362204777406 ) ;
#7310 = VECTOR ( 'NONE', #3460, 39.37007874015748143 ) ;
#7311 = DIRECTION ( 'NONE',  ( 1.000000000000000000, 0.000000000000000000, 0.000000000000000000 ) ) ;
#7312 = VECTOR ( 'NONE', #93, 39.37007874015748143 ) ;
#7313 = ORIENTED_EDGE ( 'NONE', *, *, #811, .F. ) ;
#7314 = VERTEX_POINT ( 'NONE', #3212 ) ;
#7315 = DIRECTION ( 'NONE',  ( 0.000000000000000000, 0.000000000000000000, 1.000000000000000000 ) ) ;
#7316 = DIRECTION ( 'NONE',  ( 0.000000000000000000, 1.000000000000000000, 0.000000000000000000 ) ) ;
#7317 = ORIENTED_EDGE ( 'NONE', *, *, #9984, .T. ) ;
#7318 = AXIS2_PLACEMENT_3D ( 'NONE', #6542, #9029, #1653 ) ;
#7319 = CYLINDRICAL_SURFACE ( 'NONE', #10251, 0.06102362204724406936 ) ;
#7320 = CIRCLE ( 'NONE', #4219, 0.1181102362204780182 ) ;
#7321 = FACE_OUTER_BOUND ( 'NONE', #9715, .T. ) ;
#7322 = DIRECTION ( 'NONE',  ( 0.000000000000000000, 0.000000000000000000, 1.000000000000000000 ) ) ;
#7323 = CARTESIAN_POINT ( 'NONE',  ( -0.1732283464566929387, 0.8385826771609488084, 0.5590551181102362266 ) ) ;
#7324 = EDGE_CURVE ( 'NONE', #2521, #6031, #6591, .T. ) ;
#7325 = LINE ( 'NONE', #9698, #3669 ) ;
#7326 = ORIENTED_EDGE ( 'NONE', *, *, #4724, .T. ) ;
#7327 = FACE_OUTER_BOUND ( 'NONE', #9051, .T. ) ;
#7328 = VERTEX_POINT ( 'NONE', #9127 ) ;
#7329 = LINE ( 'NONE', #6513, #2634 ) ;
#7330 = CARTESIAN_POINT ( 'NONE',  ( 0.3149606299212598381, 0.5472440944881890035, -0.9448818897637796255 ) ) ;
#7331 = CARTESIAN_POINT ( 'NONE',  ( 0.3937007874015748254, -0.09055118110236221041, -0.5393700787401575214 ) ) ;
#7332 = FACE_OUTER_BOUND ( 'NONE', #9173, .T. ) ;
#7333 = CYLINDRICAL_SURFACE ( 'NONE', #8769, 0.1181102362204724116 ) ;
#7334 = EDGE_CURVE ( 'NONE', #1257, #279, #828, .T. ) ;
#7335 = ADVANCED_FACE ( 'NONE', ( #6648 ), #7356, .F. ) ;
#7336 = ORIENTED_EDGE ( 'NONE', *, *, #9918, .F. ) ;
#7337 = EDGE_CURVE ( 'NONE', #6391, #9635, #2510, .T. ) ;
#7338 = ORIENTED_EDGE ( 'NONE', *, *, #3508, .F. ) ;
#7339 =( BOUNDED_CURVE ( )  B_SPLINE_CURVE ( 3, ( #9196, #9417, #9303, #1975 ),
 .UNSPECIFIED., .F., .T. ) 
 B_SPLINE_CURVE_WITH_KNOTS ( ( 4, 4 ),
 ( 3.141592653589795336, 4.681614892440419951 ),
 .UNSPECIFIED. ) 
 CURVE ( )  GEOMETRIC_REPRESENTATION_ITEM ( )  RATIONAL_B_SPLINE_CURVE ( ( 1.000000000000000000, 0.8119352859618450546, 0.8119352859618450546, 1.000000000000000000 ) ) 
 REPRESENTATION_ITEM ( '' )  );
#7340 = LINE ( 'NONE', #9008, #992 ) ;
#7341 = VECTOR ( 'NONE', #10253, 39.37007874015748143 ) ;
#7342 = PLANE ( 'NONE',  #6660 ) ;
#7343 = CARTESIAN_POINT ( 'NONE',  ( -0.3740157480315185468, 1.244103829858641763, 0.03543307086614173179 ) ) ;
#7344 = DIRECTION ( 'NONE',  ( -0.000000000000000000, 1.000000000000000000, 0.000000000000000000 ) ) ;
#7345 = LINE ( 'NONE', #7400, #5323 ) ;
#7346 = ORIENTED_EDGE ( 'NONE', *, *, #9584, .F. ) ;
#7347 = EDGE_CURVE ( 'NONE', #9784, #198, #3397, .T. ) ;
#7348 = PLANE ( 'NONE',  #6614 ) ;
#7349 = ORIENTED_EDGE ( 'NONE', *, *, #4497, .F. ) ;
#7350 = CIRCLE ( 'NONE', #289, 0.01968503937007873988 ) ;
#7351 = CARTESIAN_POINT ( 'NONE',  ( -0.1968503937006692850, 1.287401574803149540, -0.5590551181102362266 ) ) ;
#7352 = VERTEX_POINT ( 'NONE', #4875 ) ;
#7353 = FACE_OUTER_BOUND ( 'NONE', #1117, .T. ) ;
#7354 = VERTEX_POINT ( 'NONE', #1588 ) ;
#7355 = DIRECTION ( 'NONE',  ( 0.000000000000000000, -3.469446951953609850E-15, 1.000000000000000000 ) ) ;
#7356 = PLANE ( 'NONE',  #7001 ) ;
#7357 = DIRECTION ( 'NONE',  ( 0.000000000000000000, -1.000000000000000000, 0.000000000000000000 ) ) ;
#7358 = LINE ( 'NONE', #5088, #3887 ) ;
#7359 = VERTEX_POINT ( 'NONE', #9839 ) ;
#7360 = EDGE_CURVE ( 'NONE', #8115, #6738, #10600, .T. ) ;
#7361 = EDGE_CURVE ( 'NONE', #3588, #6222, #3960, .T. ) ;
#7362 = LINE ( 'NONE', #1805, #9396 ) ;
#7363 = VERTEX_POINT ( 'NONE', #9081 ) ;
#7364 = CYLINDRICAL_SURFACE ( 'NONE', #10053, 0.1181102362204724116 ) ;
#7365 = VERTEX_POINT ( 'NONE', #4934 ) ;
#7366 = AXIS2_PLACEMENT_3D ( 'NONE', #4777, #8058, #669 ) ;
#7367 = CARTESIAN_POINT ( 'NONE',  ( -0.1968503937007874127, 0.6456692913385827515, -0.6771653543307086798 ) ) ;
#7368 = ORIENTED_EDGE ( 'NONE', *, *, #3770, .F. ) ;
#7369 = ORIENTED_EDGE ( 'NONE', *, *, #5929, .T. ) ;
#7370 = DIRECTION ( 'NONE',  ( 0.000000000000000000, 0.000000000000000000, 1.000000000000000000 ) ) ;
#7371 = DIRECTION ( 'NONE',  ( 0.000000000000000000, 0.000000000000000000, -1.000000000000000000 ) ) ;
#7372 = VERTEX_POINT ( 'NONE', #8216 ) ;
#7373 = CARTESIAN_POINT ( 'NONE',  ( -0.2362204724409449064, 1.263779527559055094, -0.01968503937007873988 ) ) ;
#7374 = VECTOR ( 'NONE', #3035, 39.37007874015748143 ) ;
#7375 = CARTESIAN_POINT ( 'NONE',  ( -0.2204724409448818867, 1.307328710460744059, 0.5826771653543307838 ) ) ;
#7376 = EDGE_CURVE ( 'NONE', #4771, #9822, #5031, .T. ) ;
#7377 = PLANE ( 'NONE',  #5577 ) ;
#7378 = CARTESIAN_POINT ( 'NONE',  ( 0.3937401574803149340, 1.169291338582653550, 0.9448818897637796255 ) ) ;
#7379 = LINE ( 'NONE', #10621, #9696 ) ;
#7380 = ORIENTED_EDGE ( 'NONE', *, *, #1965, .F. ) ;
#7381 = CYLINDRICAL_SURFACE ( 'NONE', #6967, 0.1181102362204724116 ) ;
#7382 = APPROVAL ( #9987, 'UNSPECIFIED' ) ;
#7383 = EDGE_LOOP ( 'NONE', ( #2270, #5683, #6903, #3993 ) ) ;
#7384 = DIRECTION ( 'NONE',  ( -7.363393357379439304E-13, 0.000000000000000000, -1.000000000000000000 ) ) ;
#7385 = CARTESIAN_POINT ( 'NONE',  ( 0.4537401574803149873, 0.6574803149606299746, -0.9448818897637796255 ) ) ;
#7386 = VECTOR ( 'NONE', #158, 39.37007874015748143 ) ;
#7387 = CARTESIAN_POINT ( 'NONE',  ( -0.03838582677165354451, 0.6456692913385827515, -0.7165354330708662012 ) ) ;
#7388 = CARTESIAN_POINT ( 'NONE',  ( -0.1181102362204724671, 1.297383991755641786, -0.04935249569264862912 ) ) ;
#7389 = LINE ( 'NONE', #8198, #319 ) ;
#7390 = ORIENTED_EDGE ( 'NONE', *, *, #9453, .F. ) ;
#7391 = VECTOR ( 'NONE', #9443, 39.37007874015748143 ) ;
#7392 = VERTEX_POINT ( 'NONE', #1749 ) ;
#7393 = AXIS2_PLACEMENT_3D ( 'NONE', #4343, #4193, #7427 ) ;
#7394 = ADVANCED_FACE ( 'NONE', ( #6432 ), #9735, .T. ) ;
#7395 = CARTESIAN_POINT ( 'NONE',  ( -0.3683774965854416106, 1.246144858523450694, -0.04922495092927006710 ) ) ;
#7396 = ADVANCED_FACE ( 'NONE', ( #4326 ), #5136, .T. ) ;
#7397 = CARTESIAN_POINT ( 'NONE',  ( 0.3937007874015748254, 0.4905511811023622326, 0.9448818897637796255 ) ) ;
#7398 = LINE ( 'NONE', #10639, #8513 ) ;
#7399 = CARTESIAN_POINT ( 'NONE',  ( -0.1240231417951212362, 1.305544119031675443, 0.03543307086614167628 ) ) ;
#7400 = CARTESIAN_POINT ( 'NONE',  ( -0.07874015748031495954, 0.1850393700787401619, 0.2283464566929133688 ) ) ;
#7401 = ORIENTED_EDGE ( 'NONE', *, *, #7486, .F. ) ;
#7402 = ORIENTED_EDGE ( 'NONE', *, *, #1571, .F. ) ;
#7403 = CARTESIAN_POINT ( 'NONE',  ( 0.1279527559055118058, 1.307328710460744059, -0.5826771653543307838 ) ) ;
#7404 = ORIENTED_EDGE ( 'NONE', *, *, #4255, .F. ) ;
#7405 = CARTESIAN_POINT ( 'NONE',  ( 0.3937007874015748254, 0.1850393700787401619, 0.4881889763779527769 ) ) ;
#7406 = VERTEX_POINT ( 'NONE', #8316 ) ;
#7407 = EDGE_CURVE ( 'NONE', #8322, #6484, #1034, .T. ) ;
#7408 = DIRECTION ( 'NONE',  ( 0.000000000000000000, 1.000000000000000000, 0.000000000000000000 ) ) ;
#7409 = CARTESIAN_POINT ( 'NONE',  ( -0.07874015748031495954, -0.03543307086614173179, -0.1279527559055118058 ) ) ;
#7410 = DIRECTION ( 'NONE',  ( 1.000000000000000000, 0.000000000000000000, 0.000000000000000000 ) ) ;
#7411 = DIRECTION ( 'NONE',  ( 1.000000000000000000, 0.000000000000000000, 0.000000000000000000 ) ) ;
#7412 = ORIENTED_EDGE ( 'NONE', *, *, #10361, .T. ) ;
#7413 = DIRECTION ( 'NONE',  ( -1.000000000000000000, 0.000000000000000000, 0.000000000000000000 ) ) ;
#7414 = ORIENTED_EDGE ( 'NONE', *, *, #1821, .F. ) ;
#7415 = CARTESIAN_POINT ( 'NONE',  ( 0.2204724409448818867, 0.8385826771609488084, -0.4433311932543322897 ) ) ;
#7416 = ORIENTED_EDGE ( 'NONE', *, *, #8122, .F. ) ;
#7417 = DIRECTION ( 'NONE',  ( 1.000000000000000000, 0.000000000000000000, 0.000000000000000000 ) ) ;
#7418 = ORIENTED_EDGE ( 'NONE', *, *, #2220, .T. ) ;
#7419 = ORIENTED_EDGE ( 'NONE', *, *, #6472, .T. ) ;
#7420 = VECTOR ( 'NONE', #5488, 39.37007874015748143 ) ;
#7421 = EDGE_CURVE ( 'NONE', #1756, #1198, #6699, .T. ) ;
#7422 = DIRECTION ( 'NONE',  ( 0.000000000000000000, 0.000000000000000000, -1.000000000000000000 ) ) ;
#7423 = LINE ( 'NONE', #950, #6817 ) ;
#7424 = CARTESIAN_POINT ( 'NONE',  ( -0.4537401574803149873, 1.230080448556261752, 0.5452639426089228580 ) ) ;
#7425 = CARTESIAN_POINT ( 'NONE',  ( 0.3937007874015748254, 0.4905511811023622326, -0.9448818897637796255 ) ) ;
#7426 = LINE ( 'NONE', #10672, #585 ) ;
#7427 = DIRECTION ( 'NONE',  ( 0.000000000000000000, 0.000000000000000000, -1.000000000000000000 ) ) ;
#7428 = LOCAL_TIME ( 14, 14, 55.00000000000000000, #444 ) ;
#7429 = PLANE ( 'NONE',  #1103 ) ;
#7430 = VERTEX_POINT ( 'NONE', #7611 ) ;
#7431 = ADVANCED_FACE ( 'NONE', ( #2718 ), #9990, .T. ) ;
#7432 = EDGE_CURVE ( 'NONE', #10545, #4543, #934, .T. ) ;
#7433 = CARTESIAN_POINT ( 'NONE',  ( -0.3577200857378535215, 1.169291338582653550, 0.9448818897637796255 ) ) ;
#7434 = ORIENTED_EDGE ( 'NONE', *, *, #3910, .T. ) ;
#7435 = LINE ( 'NONE', #5918, #10207 ) ;
#7436 = CARTESIAN_POINT ( 'NONE',  ( -0.3149606299212598381, 0.6062992125984252301, 0.1476377952755905387 ) ) ;
#7437 = CARTESIAN_POINT ( 'NONE',  ( -0.3740157480314960647, 1.283464566929134687, -0.04058660212203049622 ) ) ;
#7438 = LINE ( 'NONE', #5822, #2400 ) ;
#7439 = FACE_OUTER_BOUND ( 'NONE', #6812, .T. ) ;
#7440 = VERTEX_POINT ( 'NONE', #5998 ) ;
#7441 = LINE ( 'NONE', #7550, #826 ) ;
#7442 = CARTESIAN_POINT ( 'NONE',  ( 0.3553149606299212948, 0.6062992125984252301, 0.6968503937007873850 ) ) ;
#7443 = ADVANCED_FACE ( 'NONE', ( #6803 ), #1088, .T. ) ;
#7444 = CARTESIAN_POINT ( 'NONE',  ( 0.1968503937007874127, 0.8385826771609488084, -0.5590551181102362266 ) ) ;
#7445 = DIRECTION ( 'NONE',  ( 0.000000000000000000, 1.000000000000000000, 0.000000000000000000 ) ) ;
#7446 = FACE_OUTER_BOUND ( 'NONE', #4461, .T. ) ;
#7447 = ORIENTED_EDGE ( 'NONE', *, *, #8494, .T. ) ;
#7448 = VECTOR ( 'NONE', #1852, 39.37007874015748854 ) ;
#7449 = ORIENTED_EDGE ( 'NONE', *, *, #10629, .T. ) ;
#7450 = AXIS2_PLACEMENT_3D ( 'NONE', #7055, #363, #6246 ) ;
#7451 = ADVANCED_FACE ( 'NONE', ( #1851 ), #4229, .F. ) ;
#7452 = CARTESIAN_POINT ( 'NONE',  ( 0.1968503937007874127, 0.7440944881889763884, -0.4980314960629921295 ) ) ;
#7453 = ADVANCED_FACE ( 'NONE', ( #10204 ), #2666, .T. ) ;
#7454 = VERTEX_POINT ( 'NONE', #1801 ) ;
#7455 = APPROVAL_STATUS ( 'not_yet_approved' ) ;
#7456 = ORIENTED_EDGE ( 'NONE', *, *, #4436, .T. ) ;
#7457 = CARTESIAN_POINT ( 'NONE',  ( -0.1041908113939655489, 1.297383991755641564, 0.03543307086614173179 ) ) ;
#7458 = VECTOR ( 'NONE', #4315, 39.37007874015748143 ) ;
#7459 = FACE_OUTER_BOUND ( 'NONE', #1656, .T. ) ;
#7460 = CARTESIAN_POINT ( 'NONE',  ( 0.1968503937006692850, 0.2837642458494043507, 0.5590551181102362266 ) ) ;
#7461 = CARTESIAN_POINT ( 'NONE',  ( -0.2933070866141732624, 0.000000000000000000, 0.2952755905511810774 ) ) ;
#7462 = AXIS2_PLACEMENT_3D ( 'NONE', #9571, #10380, #2073 ) ;
#7463 = DIRECTION ( 'NONE',  ( 1.000000000000000000, 0.000000000000000000, 0.000000000000000000 ) ) ;
#7464 = EDGE_LOOP ( 'NONE', ( #5839, #1220, #5884, #9286 ) ) ;
#7465 = LINE ( 'NONE', #9894, #6801 ) ;
#7466 = VERTEX_POINT ( 'NONE', #5086 ) ;
#7467 = EDGE_CURVE ( 'NONE', #1600, #10337, #3581, .T. ) ;
#7468 = ADVANCED_FACE ( 'NONE', ( #3630 ), #225, .T. ) ;
#7469 = DIRECTION ( 'NONE',  ( 1.000000000000000000, 0.000000000000000000, 0.000000000000000000 ) ) ;
#7470 = AXIS2_PLACEMENT_3D ( 'NONE', #10581, #1576, #3198 ) ;
#7471 = EDGE_CURVE ( 'NONE', #9661, #5194, #1048, .T. ) ;
#7472 = VERTEX_POINT ( 'NONE', #10149 ) ;
#7473 = DIRECTION ( 'NONE',  ( 1.000000000000000000, 0.000000000000000000, 0.000000000000000000 ) ) ;
#7474 = ORIENTED_EDGE ( 'NONE', *, *, #10234, .F. ) ;
#7475 = VECTOR ( 'NONE', #3639, 39.37007874015748143 ) ;
#7476 = ORIENTED_EDGE ( 'NONE', *, *, #5001, .F. ) ;
#7477 = CARTESIAN_POINT ( 'NONE',  ( -0.3937007874015748254, -0.09055118110236221041, 0.6968503937007873850 ) ) ;
#7478 = DIRECTION ( 'NONE',  ( 1.000000000000000000, 0.000000000000000000, 0.000000000000000000 ) ) ;
#7479 = LINE ( 'NONE', #3486, #7312 ) ;
#7480 = CARTESIAN_POINT ( 'NONE',  ( 0.3553149606299212948, 0.8700787401574804347, -0.9448818897637796255 ) ) ;
#7481 = CARTESIAN_POINT ( 'NONE',  ( -0.1968503937007874127, 0.8385826771609488084, 0.5590551181102362266 ) ) ;
#7482 = DIRECTION ( 'NONE',  ( -1.000000000000000000, 0.000000000000000000, 0.000000000000000000 ) ) ;
#7483 = AXIS2_PLACEMENT_3D ( 'NONE', #612, #1425, #7895 ) ;
#7484 = VECTOR ( 'NONE', #8052, 39.37007874015748143 ) ;
#7485 = VECTOR ( 'NONE', #2733, 39.37007874015748143 ) ;
#7486 = EDGE_CURVE ( 'NONE', #9661, #2926, #174, .T. ) ;
#7487 = VECTOR ( 'NONE', #2586, 39.37007874015748143 ) ;
#7488 = CARTESIAN_POINT ( 'NONE',  ( -0.3740157480314960647, 1.283464566929133799, -0.05841101302842520437 ) ) ;
#7489 = ORIENTED_EDGE ( 'NONE', *, *, #8361, .F. ) ;
#7490 = CARTESIAN_POINT ( 'NONE',  ( 0.3937007874015748254, -0.09055118110236221041, 0.5393700787401575214 ) ) ;
#7491 = AXIS2_PLACEMENT_3D ( 'NONE', #6828, #4348, #7749 ) ;
#7492 = AXIS2_PLACEMENT_3D ( 'NONE', #9720, #9015, #4623 ) ;
#7493 = VERTEX_POINT ( 'NONE', #6744 ) ;
#7494 = DIRECTION ( 'NONE',  ( 0.000000000000000000, 1.000000000000000000, 0.000000000000000000 ) ) ;
#7495 = DIRECTION ( 'NONE',  ( -1.000000000000000000, 0.000000000000000000, 0.000000000000000000 ) ) ;
#7496 = LINE ( 'NONE', #9865, #1616 ) ;
#7497 = DIRECTION ( 'NONE',  ( 0.000000000000000000, -1.000000000000000000, 3.469446951953625233E-15 ) ) ;
#7498 = EDGE_CURVE ( 'NONE', #9601, #3420, #9399, .T. ) ;
#7499 = EDGE_CURVE ( 'NONE', #10465, #2654, #9233, .T. ) ;
#7500 = ORIENTED_EDGE ( 'NONE', *, *, #329, .F. ) ;
#7501 = PLANE ( 'NONE',  #6844 ) ;
#7502 = CARTESIAN_POINT ( 'NONE',  ( -0.3523622047244094335, 0.1850393700787401619, 0.4251968503937008093 ) ) ;
#7503 = VECTOR ( 'NONE', #6987, 39.37007874015748143 ) ;
#7504 = DIRECTION ( 'NONE',  ( 0.000000000000000000, 1.000000000000000000, 0.000000000000000000 ) ) ;
#7505 = CARTESIAN_POINT ( 'NONE',  ( -0.3937007874015748254, -0.09055118110236221041, 0.2755905511811023723 ) ) ;
#7506 = DIRECTION ( 'NONE',  ( 1.000000000000000000, 0.000000000000000000, 0.000000000000000000 ) ) ;
#7507 = ORIENTED_EDGE ( 'NONE', *, *, #9997, .T. ) ;
#7508 = ORIENTED_EDGE ( 'NONE', *, *, #552, .F. ) ;
#7509 = DIRECTION ( 'NONE',  ( 0.000000000000000000, 0.000000000000000000, 1.000000000000000000 ) ) ;
#7510 = ORIENTED_EDGE ( 'NONE', *, *, #7471, .T. ) ;
#7511 = CARTESIAN_POINT ( 'NONE',  ( 0.000000000000000000, 0.000000000000000000, 0.000000000000000000 ) ) ;
#7512 = ORIENTED_EDGE ( 'NONE', *, *, #4236, .F. ) ;
#7513 = AXIS2_PLACEMENT_3D ( 'NONE', #4892, #8936, #4948 ) ;
#7514 = CARTESIAN_POINT ( 'NONE',  ( 0.3937007874015748254, -0.09055118110236221041, 0.9448818897637796255 ) ) ;
#7515 = CARTESIAN_POINT ( 'NONE',  ( -0.3523622047244094335, 0.000000000000000000, -0.9448818897637796255 ) ) ;
#7516 = EDGE_CURVE ( 'NONE', #1099, #498, #9454, .T. ) ;
#7517 = DIRECTION ( 'NONE',  ( 0.000000000000000000, 0.000000000000000000, 1.000000000000000000 ) ) ;
#7518 = LINE ( 'NONE', #10152, #6792 ) ;
#7519 = EDGE_LOOP ( 'NONE', ( #347, #8110, #8528, #3401 ) ) ;
#7520 = CARTESIAN_POINT ( 'NONE',  ( -0.3937007874015748254, -0.09055118110236221041, 0.4881889763779527769 ) ) ;
#7521 = VECTOR ( 'NONE', #9027, 39.37007874015748854 ) ;
#7522 = ORIENTED_EDGE ( 'NONE', *, *, #6536, .T. ) ;
#7523 = DIRECTION ( 'NONE',  ( 0.000000000000000000, 2.135044278125301737E-15, 1.000000000000000000 ) ) ;
#7524 = VERTEX_POINT ( 'NONE', #2885 ) ;
#7525 = CARTESIAN_POINT ( 'NONE',  ( -0.1968503937007874127, 0.7913385826771653919, 0.5590551181102362266 ) ) ;
#7526 = ORIENTED_EDGE ( 'NONE', *, *, #7618, .F. ) ;
#7527 = ORIENTED_EDGE ( 'NONE', *, *, #6536, .F. ) ;
#7528 = CARTESIAN_POINT ( 'NONE',  ( 0.1279527559055118058, 1.307328710460744059, -0.5826771653543307838 ) ) ;
#7529 = EDGE_CURVE ( 'NONE', #1731, #7268, #7774, .T. ) ;
#7530 = DIRECTION ( 'NONE',  ( 0.000000000000000000, 0.000000000000000000, -1.000000000000000000 ) ) ;
#7531 = ADVANCED_FACE ( 'NONE', ( #3802 ), #2121, .T. ) ;
#7532 = EDGE_CURVE ( 'NONE', #3249, #5785, #1419, .T. ) ;
#7533 = CARTESIAN_POINT ( 'NONE',  ( 0.2204724409448818867, 0.8385826771609488084, 0.6747790429661397749 ) ) ;
#7534 = PLANE ( 'NONE',  #10399 ) ;
#7535 = LINE ( 'NONE', #3443, #2748 ) ;
#7536 = VECTOR ( 'NONE', #3746, 39.37007874015748143 ) ;
#7537 = LINE ( 'NONE', #7488, #7759 ) ;
#7538 = ORIENTED_EDGE ( 'NONE', *, *, #5363, .T. ) ;
#7539 = DIRECTION ( 'NONE',  ( 1.000000000000000000, 0.000000000000000000, 4.015563601798164685E-17 ) ) ;
#7540 = ADVANCED_FACE ( 'NONE', ( #2071 ), #6968, .T. ) ;
#7541 = CIRCLE ( 'NONE', #5128, 0.01968503937007871907 ) ;
#7542 = ORIENTED_EDGE ( 'NONE', *, *, #4451, .T. ) ;
#7543 = CARTESIAN_POINT ( 'NONE',  ( -0.3937007874015748254, -0.09055118110236221041, 0.6968503937007873850 ) ) ;
#7544 = CARTESIAN_POINT ( 'NONE',  ( -0.2362204724409449064, 1.263779527559055094, 0.05511811023622047168 ) ) ;
#7545 = CARTESIAN_POINT ( 'NONE',  ( 0.3553149606299212948, 1.027559055118110409, 0.4094488188976377896 ) ) ;
#7546 = CARTESIAN_POINT ( 'NONE',  ( -0.2204724409448818867, 0.7913385826771653919, 0.5354330708661416693 ) ) ;
#7547 = ORIENTED_EDGE ( 'NONE', *, *, #7561, .F. ) ;
#7548 = EDGE_CURVE ( 'NONE', #45, #4480, #6163, .T. ) ;
#7549 = VECTOR ( 'NONE', #5609, 39.37007874015748854 ) ;
#7550 = CARTESIAN_POINT ( 'NONE',  ( -0.4921259842519685179, 0.3897637795275590844, 0.9448818897637796255 ) ) ;
#7551 = CARTESIAN_POINT ( 'NONE',  ( 0.4921259842519685179, 0.000000000000000000, 0.000000000000000000 ) ) ;
#7552 = DIRECTION ( 'NONE',  ( 1.000000000000000000, 0.000000000000000000, 0.000000000000000000 ) ) ;
#7553 = CARTESIAN_POINT ( 'NONE',  ( 0.1279527559055118058, 0.7913385826771653919, 0.5354330708661416693 ) ) ;
#7554 = ORIENTED_EDGE ( 'NONE', *, *, #10494, .F. ) ;
#7555 = VECTOR ( 'NONE', #8135, 39.37007874015748143 ) ;
#7556 = ORIENTED_EDGE ( 'NONE', *, *, #10560, .T. ) ;
#7557 = VECTOR ( 'NONE', #5811, 39.37007874015748143 ) ;
#7558 = LINE ( 'NONE', #977, #2837 ) ;
#7559 = ORIENTED_EDGE ( 'NONE', *, *, #149, .F. ) ;
#7560 = ORIENTED_EDGE ( 'NONE', *, *, #70, .F. ) ;
#7561 = EDGE_CURVE ( 'NONE', #9377, #2728, #5406, .T. ) ;
#7562 = EDGE_CURVE ( 'NONE', #7602, #2560, #6574, .T. ) ;
#7563 = CARTESIAN_POINT ( 'NONE',  ( 0.1279527559055118058, 0.8385826771609488084, 0.5354330708661416693 ) ) ;
#7564 = CARTESIAN_POINT ( 'NONE',  ( -0.3543307086614173040, 1.293739894857545369, -0.05299659259074425421 ) ) ;
#7565 = CARTESIAN_POINT ( 'NONE',  ( -0.3937007874015748254, 1.264918337073287491, 0.07874015748031495954 ) ) ;
#7566 = CARTESIAN_POINT ( 'NONE',  ( 0.1732283464566929387, 0.7913385826771653919, 0.5354330708661416693 ) ) ;
#7567 = ORIENTED_EDGE ( 'NONE', *, *, #5129, .T. ) ;
#7568 = CARTESIAN_POINT ( 'NONE',  ( 0.1968503937007874127, 0.7440944881889763884, 0.6200787401574803237 ) ) ;
#7569 = VERTEX_POINT ( 'NONE', #7025 ) ;
#7570 = CARTESIAN_POINT ( 'NONE',  ( -0.2362204724409449064, 1.137795275590551158, 0.01968503937007873988 ) ) ;
#7571 = EDGE_LOOP ( 'NONE', ( #4683, #2136, #1619, #1042 ) ) ;
#7572 = CARTESIAN_POINT ( 'NONE',  ( 0.03838582677165354451, 0.6062992125984252301, -0.7165354330708662012 ) ) ;
#7573 = ADVANCED_FACE ( 'NONE', ( #503 ), #3096, .T. ) ;
#7574 = ORIENTED_EDGE ( 'NONE', *, *, #2711, .F. ) ;
#7575 = ORIENTED_EDGE ( 'NONE', *, *, #5044, .T. ) ;
#7576 = DIRECTION ( 'NONE',  ( 0.000000000000000000, 0.000000000000000000, 1.000000000000000000 ) ) ;
#7577 = CARTESIAN_POINT ( 'NONE',  ( -0.3937007874015748254, 0.4905511811023622326, -0.9448818897637796255 ) ) ;
#7578 = CARTESIAN_POINT ( 'NONE',  ( 0.3523622047243779587, -0.09055118110236221041, 0.4677695532303369763 ) ) ;
#7579 = CARTESIAN_POINT ( 'NONE',  ( -0.3149606299212598381, 0.6062992125984252301, 0.9448818897637796255 ) ) ;
#7580 = DIRECTION ( 'NONE',  ( 0.000000000000000000, -1.000000000000000000, 0.000000000000000000 ) ) ;
#7581 = VECTOR ( 'NONE', #4181, 39.37007874015748143 ) ;
#7582 = LINE ( 'NONE', #194, #9307 ) ;
#7583 = EDGE_CURVE ( 'NONE', #3966, #4133, #2940, .T. ) ;
#7584 = ORIENTED_EDGE ( 'NONE', *, *, #770, .T. ) ;
#7585 = EDGE_CURVE ( 'NONE', #1586, #5520, #9508, .T. ) ;
#7586 = ORIENTED_EDGE ( 'NONE', *, *, #10117, .F. ) ;
#7587 = PLANE ( 'NONE',  #7491 ) ;
#7588 = ORIENTED_EDGE ( 'NONE', *, *, #7144, .T. ) ;
#7589 = PLANE ( 'NONE',  #44 ) ;
#7590 = VECTOR ( 'NONE', #9174, 39.37007874015748143 ) ;
#7591 = CARTESIAN_POINT ( 'NONE',  ( -0.3798818897637795122, 0.5472440944881890035, 0.9448818897637796255 ) ) ;
#7592 = CARTESIAN_POINT ( 'NONE',  ( -0.07874015748031495954, -0.1102362204724409434, 0.4566929133858267376 ) ) ;
#7593 = LINE ( 'NONE', #5922, #7729 ) ;
#7594 = ORIENTED_EDGE ( 'NONE', *, *, #6424, .F. ) ;
#7595 = EDGE_CURVE ( 'NONE', #9685, #5693, #1318, .T. ) ;
#7596 = EDGE_LOOP ( 'NONE', ( #1676, #4201, #7853 ) ) ;
#7597 = CARTESIAN_POINT ( 'NONE',  ( -0.3543307086614173040, 1.283464566929133799, -0.03543307086614173179 ) ) ;
#7598 = DIRECTION ( 'NONE',  ( 0.000000000000000000, 0.000000000000000000, -1.000000000000000000 ) ) ;
#7599 = LINE ( 'NONE', #6685, #6621 ) ;
#7600 = CARTESIAN_POINT ( 'NONE',  ( -0.4921259842519685179, -0.09055118110236221041, -0.6968503937007873850 ) ) ;
#7601 = CARTESIAN_POINT ( 'NONE',  ( -0.1181102362204724532, 1.297383991755641564, -0.04935249569264874708 ) ) ;
#7602 = VERTEX_POINT ( 'NONE', #2992 ) ;
#7603 = B_SPLINE_CURVE_WITH_KNOTS ( 'NONE', 3,
 ( #10580, #9065, #4919, #10636, #6575, #5563, #10478, #9823, #3301, #3947, #6414, #7395, #8854, #703, #605 ),
 .UNSPECIFIED., .F., .F.,
 ( 4, 2, 2, 2, 1, 2, 2, 4 ),
 ( 0.000000000000000000, 0.2499999999999654721, 0.3749999999999469869, 0.4374999999999333311, 0.4687499999999293898, 0.4843749999999304445, 0.4999999999999314992, 1.000000000000000000 ),
 .UNSPECIFIED. ) ;
#7604 = EDGE_LOOP ( 'NONE', ( #7554, #6378, #886, #8892 ) ) ;
#7605 = EDGE_CURVE ( 'NONE', #920, #8485, #8588, .T. ) ;
#7606 = CARTESIAN_POINT ( 'NONE',  ( -0.3543307086614173040, 1.283464566929133799, -0.05511811023622047168 ) ) ;
#7607 = ORIENTED_EDGE ( 'NONE', *, *, #10167, .T. ) ;
#7608 = DIRECTION ( 'NONE',  ( 0.000000000000000000, 0.000000000000000000, 1.000000000000000000 ) ) ;
#7609 = VERTEX_POINT ( 'NONE', #6372 ) ;
#7610 = LINE ( 'NONE', #5997, #6156 ) ;
#7611 = CARTESIAN_POINT ( 'NONE',  ( 0.1732283464566929387, 0.8385826771609488084, 0.5826771653543307838 ) ) ;
#7612 = VECTOR ( 'NONE', #10583, 39.37007874015748143 ) ;
#7613 = DIRECTION ( 'NONE',  ( 1.000000000000000000, 0.000000000000000000, 0.000000000000000000 ) ) ;
#7614 = PLANE ( 'NONE',  #145 ) ;
#7615 = EDGE_LOOP ( 'NONE', ( #2239, #3225, #9297, #2104 ) ) ;
#7616 = DIRECTION ( 'NONE',  ( 0.000000000000000000, 1.334402673828313438E-15, 1.000000000000000000 ) ) ;
#7617 = ORIENTED_EDGE ( 'NONE', *, *, #6921, .F. ) ;
#7618 = EDGE_CURVE ( 'NONE', #7005, #340, #8756, .T. ) ;
#7619 = EDGE_CURVE ( 'NONE', #547, #9784, #9666, .T. ) ;
#7620 = DIRECTION ( 'NONE',  ( 0.000000000000000000, -1.000000000000000000, 0.000000000000000000 ) ) ;
#7621 = ORIENTED_EDGE ( 'NONE', *, *, #3973, .F. ) ;
#7622 = DIRECTION ( 'NONE',  ( 0.000000000000000000, 0.000000000000000000, -1.000000000000000000 ) ) ;
#7623 = AXIS2_PLACEMENT_3D ( 'NONE', #2812, #4428, #2981 ) ;
#7624 = VERTEX_POINT ( 'NONE', #10432 ) ;
#7625 = VECTOR ( 'NONE', #7269, 39.37007874015748143 ) ;
#7626 = ORIENTED_EDGE ( 'NONE', *, *, #6599, .F. ) ;
#7627 = PLANE ( 'NONE',  #9035 ) ;
#7628 = VECTOR ( 'NONE', #2996, 39.37007874015748143 ) ;
#7629 = PLANE ( 'NONE',  #2875 ) ;
#7630 = CARTESIAN_POINT ( 'NONE',  ( -0.03838582677165354451, 0.8464566929133857665, -0.8818897637795275468 ) ) ;
#7631 = LINE ( 'NONE', #5371, #3534 ) ;
#7632 = VERTEX_POINT ( 'NONE', #5302 ) ;
#7633 = VECTOR ( 'NONE', #9487, 39.37007874015748143 ) ;
#7634 = DIRECTION ( 'NONE',  ( 0.000000000000000000, 0.000000000000000000, 1.000000000000000000 ) ) ;
#7635 = VECTOR ( 'NONE', #5143, 39.37007874015748143 ) ;
#7636 = CARTESIAN_POINT ( 'NONE',  ( -0.2657480314960630197, 1.307328710460744059, 0.5826771653543307838 ) ) ;
#7637 = VERTEX_POINT ( 'NONE', #3046 ) ;
#7638 = VERTEX_POINT ( 'NONE', #1202 ) ;
#7639 = CARTESIAN_POINT ( 'NONE',  ( -0.2204724409448818867, 0.7913385826771653919, 0.5826771653543307838 ) ) ;
#7640 = VECTOR ( 'NONE', #4637, 39.37007874015748143 ) ;
#7641 = ORIENTED_EDGE ( 'NONE', *, *, #6252, .F. ) ;
#7642 = VECTOR ( 'NONE', #9284, 39.37007874015748143 ) ;
#7643 = DIRECTION ( 'NONE',  ( 0.000000000000000000, 0.000000000000000000, -1.000000000000000000 ) ) ;
#7644 = VECTOR ( 'NONE', #6894, 39.37007874015748143 ) ;
#7645 = LINE ( 'NONE', #8292, #5760 ) ;
#7646 = CARTESIAN_POINT ( 'NONE',  ( -0.2736220472440945017, 0.000000000000000000, 0.3687411576292909943 ) ) ;
#7647 = EDGE_CURVE ( 'NONE', #2056, #1237, #9617, .T. ) ;
#7648 = PLANE ( 'NONE',  #6354 ) ;
#7649 = ORIENTED_EDGE ( 'NONE', *, *, #10263, .T. ) ;
#7650 = VECTOR ( 'NONE', #3169, 39.37007874015748143 ) ;
#7651 = VECTOR ( 'NONE', #1577, 39.37007874015748143 ) ;
#7652 = AXIS2_PLACEMENT_3D ( 'NONE', #9095, #1715, #2576 ) ;
#7653 = CARTESIAN_POINT ( 'NONE',  ( -0.1043226151420509895, 1.269414574758338743, 0.03543307086614173179 ) ) ;
#7654 = DIRECTION ( 'NONE',  ( 0.000000000000000000, -1.000000000000000000, 9.462128050782879902E-15 ) ) ;
#7655 = VERTEX_POINT ( 'NONE', #8907 ) ;
#7656 = LINE ( 'NONE', #209, #5624 ) ;
#7657 = EDGE_CURVE ( 'NONE', #2538, #5204, #3141, .T. ) ;
#7658 = FACE_OUTER_BOUND ( 'NONE', #4840, .T. ) ;
#7659 = CARTESIAN_POINT ( 'NONE',  ( -0.3682501334879244581, 1.283464566929133799, 0.04935249569264842789 ) ) ;
#7660 = EDGE_CURVE ( 'NONE', #269, #8631, #5565, .T. ) ;
#7661 = LINE ( 'NONE', #6687, #5146 ) ;
#7662 = VECTOR ( 'NONE', #8975, 39.37007874015748143 ) ;
#7663 = EDGE_CURVE ( 'NONE', #10465, #7711, #8857, .T. ) ;
#7664 = ORIENTED_EDGE ( 'NONE', *, *, #9312, .T. ) ;
#7665 = ORIENTED_EDGE ( 'NONE', *, *, #7157, .T. ) ;
#7666 = DIRECTION ( 'NONE',  ( 1.788374717501859983E-15, -1.000000000000000000, 0.000000000000000000 ) ) ;
#7667 = ORIENTED_EDGE ( 'NONE', *, *, #9333, .F. ) ;
#7668 = PERSON_AND_ORGANIZATION_ROLE ( 'design_supplier' ) ;
#7669 = ORIENTED_EDGE ( 'NONE', *, *, #8040, .F. ) ;
#7670 = VECTOR ( 'NONE', #8537, 39.37007874015748143 ) ;
#7671 = DIRECTION ( 'NONE',  ( 0.000000000000000000, 1.000000000000000000, 0.000000000000000000 ) ) ;
#7672 = EDGE_CURVE ( 'NONE', #1768, #7632, #3303, .T. ) ;
#7673 = DIRECTION ( 'NONE',  ( 0.000000000000000000, -1.000000000000000000, 0.000000000000000000 ) ) ;
#7674 = CARTESIAN_POINT ( 'NONE',  ( 0.2657480314960630197, 0.7913385826771653919, -0.5354330708661416693 ) ) ;
#7675 = LINE ( 'NONE', #2227, #9800 ) ;
#7676 = ORIENTED_EDGE ( 'NONE', *, *, #7347, .T. ) ;
#7677 = CARTESIAN_POINT ( 'NONE',  ( -0.1078349082920614099, 1.283464566929134243, -0.05299659259074437218 ) ) ;
#7678 = ORIENTED_EDGE ( 'NONE', *, *, #7660, .T. ) ;
#7679 = DIRECTION ( 'NONE',  ( 0.000000000000000000, 1.000000000000000000, 0.000000000000000000 ) ) ;
#7680 = ORIENTED_EDGE ( 'NONE', *, *, #1951, .F. ) ;
#7681 = DIRECTION ( 'NONE',  ( 0.000000000000000000, -3.965082230804150336E-15, 1.000000000000000000 ) ) ;
#7682 = VERTEX_POINT ( 'NONE', #4813 ) ;
#7683 = ORIENTED_EDGE ( 'NONE', *, *, #8005, .T. ) ;
#7684 = CARTESIAN_POINT ( 'NONE',  ( -0.1732283464566929387, 1.307328710460744059, 0.5826771653543307838 ) ) ;
#7685 = EDGE_CURVE ( 'NONE', #3501, #4153, #8146, .T. ) ;
#7686 = EDGE_CURVE ( 'NONE', #7833, #2094, #4922, .T. ) ;
#7687 = LINE ( 'NONE', #1217, #2005 ) ;
#7688 = AXIS2_PLACEMENT_3D ( 'NONE', #2526, #1665, #7530 ) ;
#7689 = DIRECTION ( 'NONE',  ( 0.000000000000000000, 0.000000000000000000, -1.000000000000000000 ) ) ;
#7690 = PLANE ( 'NONE',  #5256 ) ;
#7691 = ORIENTED_EDGE ( 'NONE', *, *, #3578, .F. ) ;
#7692 = DIRECTION ( 'NONE',  ( 0.000000000000000000, -0.7712230250021169242, 0.6365650365096909846 ) ) ;
#7693 = LINE ( 'NONE', #8608, #7114 ) ;
#7694 = VECTOR ( 'NONE', #3733, 39.37007874015748143 ) ;
#7695 = LINE ( 'NONE', #5159, #10559 ) ;
#7696 = ORIENTED_EDGE ( 'NONE', *, *, #2330, .F. ) ;
#7697 = EDGE_LOOP ( 'NONE', ( #869, #5742, #4632, #5912, #10393, #7770, #3535, #8430 ) ) ;
#7698 = CARTESIAN_POINT ( 'NONE',  ( 0.2657480314960630197, 0.7913385826771653919, 0.5354330708661416693 ) ) ;
#7699 = ADVANCED_FACE ( 'NONE', ( #8093 ), #4765, .T. ) ;
#7700 = EDGE_CURVE ( 'NONE', #308, #7005, #3360, .T. ) ;
#7701 = EDGE_LOOP ( 'NONE', ( #3945, #8741, #3082, #4556, #9423, #5959, #12, #6799, #6335, #8032, #8726, #1467, #2737, #10535, #8610, #1744, #1913, #2128, #4220, #2545, #1275, #4274, #9702, #6867, #1110, #2584, #8707, #6159, #2152, #10319 ) ) ;
#7702 = CARTESIAN_POINT ( 'NONE',  ( -0.03838582677165354451, 0.6062992125984252301, 0.7165354330708662012 ) ) ;
#7703 = CARTESIAN_POINT ( 'NONE',  ( -0.4921259842519685179, 0.1850393700787401619, -0.6968503937007873850 ) ) ;
#7704 = CARTESIAN_POINT ( 'NONE',  ( 0.3798818897637795122, 0.5472440944881890035, 0.9448818897637796255 ) ) ;
#7705 = DIRECTION ( 'NONE',  ( 0.000000000000000000, -3.469446951953609850E-15, 1.000000000000000000 ) ) ;
#7706 = ORIENTED_EDGE ( 'NONE', *, *, #8822, .T. ) ;
#7707 = VECTOR ( 'NONE', #2883, 39.37007874015748143 ) ;
#7708 = CARTESIAN_POINT ( 'NONE',  ( 0.3523622047244094335, -0.1102362204724409434, -0.4251968503937008093 ) ) ;
#7709 = DIRECTION ( 'NONE',  ( 0.000000000000000000, 0.000000000000000000, 1.000000000000000000 ) ) ;
#7711 = VERTEX_POINT ( 'NONE', #7343 ) ;
#7710 = VERTEX_POINT ( 'NONE', #815 ) ;
#7712 = FACE_OUTER_BOUND ( 'NONE', #10318, .T. ) ;
#7713 = FACE_OUTER_BOUND ( 'NONE', #7295, .T. ) ;
#7714 = CARTESIAN_POINT ( 'NONE',  ( -0.3681183297398389898, 1.283464566929133799, 0.02138307869534582586 ) ) ;
#7715 = CARTESIAN_POINT ( 'NONE',  ( -0.2204724409448818867, 0.7913385826771653919, 0.5354330708661416693 ) ) ;
#7716 = ORIENTED_EDGE ( 'NONE', *, *, #9064, .F. ) ;
#7717 = EDGE_LOOP ( 'NONE', ( #3586, #8419, #9940, #5134 ) ) ;
#7718 = CARTESIAN_POINT ( 'NONE',  ( -0.3543307086614173040, 1.303149606299212504, 0.03543307086614173179 ) ) ;
#7719 = VERTEX_POINT ( 'NONE', #4861 ) ;
#7720 = PERSON_AND_ORGANIZATION ( #8048, #9148 ) ;
#7721 = EDGE_CURVE ( 'NONE', #291, #10087, #4109, .T. ) ;
#7722 = VERTEX_POINT ( 'NONE', #9774 ) ;
#7723 = EDGE_CURVE ( 'NONE', #7831, #1628, #6416, .T. ) ;
#7724 = CARTESIAN_POINT ( 'NONE',  ( -0.01968503937007873988, 0.1850393700787401619, 0.4881889763779527769 ) ) ;
#7725 = DIRECTION ( 'NONE',  ( 0.000000000000000000, 0.000000000000000000, 1.000000000000000000 ) ) ;
#7726 = DIRECTION ( 'NONE',  ( -1.000000000000000000, 0.000000000000000000, 0.000000000000000000 ) ) ;
#7727 = CARTESIAN_POINT ( 'NONE',  ( -0.3553149606299212948, 0.8700787401574804347, -0.9448818897637796255 ) ) ;
#7728 = ORIENTED_EDGE ( 'NONE', *, *, #2054, .F. ) ;
#7729 = VECTOR ( 'NONE', #3405, 39.37007874015748143 ) ;
#7730 = DIRECTION ( 'NONE',  ( 0.000000000000000000, 0.000000000000000000, -1.000000000000000000 ) ) ;
#7731 = VERTEX_POINT ( 'NONE', #9068 ) ;
#7732 = CARTESIAN_POINT ( 'NONE',  ( -0.3577200857378531884, 1.287401574803149540, -0.07874015748031495954 ) ) ;
#7733 = ORIENTED_EDGE ( 'NONE', *, *, #160, .T. ) ;
#7734 = ADVANCED_FACE ( 'NONE', ( #1478 ), #3200, .F. ) ;
#7735 = DIRECTION ( 'NONE',  ( 0.000000000000000000, -1.000000000000000000, 0.000000000000000000 ) ) ;
#7736 = ORIENTED_EDGE ( 'NONE', *, *, #1606, .T. ) ;
#7737 = VERTEX_POINT ( 'NONE', #3949 ) ;
#7738 = LINE ( 'NONE', #6868, #1468 ) ;
#7739 = DIRECTION ( 'NONE',  ( 1.000000000000000000, 0.000000000000000000, 0.000000000000000000 ) ) ;
#7740 = CARTESIAN_POINT ( 'NONE',  ( -0.1732283464566929387, 0.8385826771609488084, -0.5826771653543307838 ) ) ;
#7741 = PLANE ( 'NONE',  #92 ) ;
#7742 = ORIENTED_EDGE ( 'NONE', *, *, #1673, .T. ) ;
#7743 = DIRECTION ( 'NONE',  ( 0.000000000000000000, -0.6365650365096908736, -0.7712230250021168132 ) ) ;
#7744 = CARTESIAN_POINT ( 'NONE',  ( -0.3682501334879240140, 1.297383991755641564, -0.03543307086614173179 ) ) ;
#7745 = EDGE_CURVE ( 'NONE', #8465, #369, #7398, .T. ) ;
#7746 = CARTESIAN_POINT ( 'NONE',  ( -0.3682501334879240140, 1.283464566929133799, 0.04935249569264858749 ) ) ;
#7747 = ORIENTED_EDGE ( 'NONE', *, *, #5813, .F. ) ;
#7748 = ORIENTED_EDGE ( 'NONE', *, *, #5848, .F. ) ;
#7749 = DIRECTION ( 'NONE',  ( 0.000000000000000000, 0.000000000000000000, 1.000000000000000000 ) ) ;
#7750 = ORIENTED_EDGE ( 'NONE', *, *, #7189, .T. ) ;
#7751 = CARTESIAN_POINT ( 'NONE',  ( 0.07874015748031495954, 0.1850393700787401619, -0.6968503937007873850 ) ) ;
#7752 = LINE ( 'NONE', #5382, #756 ) ;
#7753 = LINE ( 'NONE', #2799, #3005 ) ;
#7754 = DIRECTION ( 'NONE',  ( -4.078408702068345349E-15, 0.000000000000000000, 1.000000000000000000 ) ) ;
#7755 = EDGE_CURVE ( 'NONE', #2926, #6318, #4158, .T. ) ;
#7756 = ADVANCED_FACE ( 'NONE', ( #9875 ), #2439, .F. ) ;
#7757 = ORIENTED_EDGE ( 'NONE', *, *, #1438, .F. ) ;
#7758 = CARTESIAN_POINT ( 'NONE',  ( -0.3523622047244094335, -0.09055118110236221041, -0.2637795275590551491 ) ) ;
#7759 = VECTOR ( 'NONE', #97, 39.37007874015748143 ) ;
#7760 = CARTESIAN_POINT ( 'NONE',  ( 0.3937007874015748254, -0.09055118110236221041, -0.9448818897637796255 ) ) ;
#7761 = ORIENTED_EDGE ( 'NONE', *, *, #3511, .F. ) ;
#7762 = LINE ( 'NONE', #5393, #9936 ) ;
#7763 = CARTESIAN_POINT ( 'NONE',  ( -0.04330708661417323468, -0.09055118110236221041, -0.1476377952755905387 ) ) ;
#7764 = DIRECTION ( 'NONE',  ( 0.6401096994849930777, -0.7682835235934920570, 0.000000000000000000 ) ) ;
#7765 = CARTESIAN_POINT ( 'NONE',  ( -0.1181102362204724532, 1.297252188007555374, -0.02138307869534598546 ) ) ;
#7766 = EDGE_LOOP ( 'NONE', ( #8101, #1461, #4750, #7683, #3744, #3052 ) ) ;
#7767 = ORIENTED_EDGE ( 'NONE', *, *, #1792, .F. ) ;
#7768 = CARTESIAN_POINT ( 'NONE',  ( 0.000000000000000000, 0.4685039370078740717, 0.000000000000000000 ) ) ;
#7769 = ORIENTED_EDGE ( 'NONE', *, *, #9244, .F. ) ;
#7770 = ORIENTED_EDGE ( 'NONE', *, *, #10666, .F. ) ;
#7771 = EDGE_CURVE ( 'NONE', #3420, #9789, #5781, .T. ) ;
#7772 = CARTESIAN_POINT ( 'NONE',  ( 0.1476377952755905387, 0.000000000000000000, 0.07874015748031495954 ) ) ;
#7773 = CARTESIAN_POINT ( 'NONE',  ( -0.4921259842519685179, 1.287401574803149540, -0.5629921259842519676 ) ) ;
#7774 = LINE ( 'NONE', #1252, #8900 ) ;
#7775 = CARTESIAN_POINT ( 'NONE',  ( -0.03838582677165354451, -0.1102362204724409434, -0.4677695532303212667 ) ) ;
#7776 = DIRECTION ( 'NONE',  ( -0.000000000000000000, 1.000000000000000000, 0.000000000000000000 ) ) ;
#7777 = EDGE_LOOP ( 'NONE', ( #458, #5690, #6909, #5332 ) ) ;
#7778 = EDGE_CURVE ( 'NONE', #6117, #8817, #3882, .T. ) ;
#7779 = CARTESIAN_POINT ( 'NONE',  ( -0.3523622047244094335, 0.4685039370078740717, 0.4677695532303149939 ) ) ;
#7780 = ORIENTED_EDGE ( 'NONE', *, *, #2727, .T. ) ;
#7781 = EDGE_CURVE ( 'NONE', #9635, #2405, #10025, .T. ) ;
#7782 = LINE ( 'NONE', #8648, #4899 ) ;
#7783 = ORIENTED_EDGE ( 'NONE', *, *, #1067, .T. ) ;
#7784 = PLANE ( 'NONE',  #3457 ) ;
#7785 = ORIENTED_EDGE ( 'NONE', *, *, #6681, .F. ) ;
#7786 = VERTEX_POINT ( 'NONE', #5874 ) ;
#7787 = FACE_OUTER_BOUND ( 'NONE', #5852, .T. ) ;
#7788 = ORIENTED_EDGE ( 'NONE', *, *, #6846, .F. ) ;
#7789 = DIRECTION ( 'NONE',  ( -1.000000000000000000, 0.000000000000000000, -1.445602896647336195E-14 ) ) ;
#7790 = FACE_OUTER_BOUND ( 'NONE', #5387, .T. ) ;
#7791 = LINE ( 'NONE', #10288, #2508 ) ;
#7792 = EDGE_CURVE ( 'NONE', #4317, #2217, #4365, .T. ) ;
#7793 = ORIENTED_EDGE ( 'NONE', *, *, #4568, .F. ) ;
#7794 = ADVANCED_FACE ( 'NONE', ( #9164 ), #1783, .F. ) ;
#7795 = CARTESIAN_POINT ( 'NONE',  ( 0.4921259842519685179, 0.1850393700787401619, 0.6968503937007873850 ) ) ;
#7796 = EDGE_CURVE ( 'NONE', #3784, #6580, #5177, .T. ) ;
#7797 = VECTOR ( 'NONE', #7613, 39.37007874015748143 ) ;
#7798 = DIRECTION ( 'NONE',  ( 0.000000000000000000, 1.000000000000000000, 3.965082230804150336E-15 ) ) ;
#7799 = VECTOR ( 'NONE', #10180, 39.37007874015748143 ) ;
#7800 = LINE ( 'NONE', #6239, #7420 ) ;
#7801 = CIRCLE ( 'NONE', #6441, 0.1279527559055117780 ) ;
#7802 = ORIENTED_EDGE ( 'NONE', *, *, #3252, .F. ) ;
#7803 = VERTEX_POINT ( 'NONE', #8520 ) ;
#7804 = LINE ( 'NONE', #4633, #249 ) ;
#7805 = AXIS2_PLACEMENT_3D ( 'NONE', #3621, #7880, #9326 ) ;
#7806 = EDGE_LOOP ( 'NONE', ( #9846, #3482, #597 ) ) ;
#7807 = CARTESIAN_POINT ( 'NONE',  ( -0.07874015748031495954, 0.6062992125984252301, -0.6968503937007873850 ) ) ;
#7808 = ADVANCED_FACE ( 'NONE', ( #5229 ), #3411, .T. ) ;
#7809 = LINE ( 'NONE', #10183, #590 ) ;
#7810 = FACE_OUTER_BOUND ( 'NONE', #1964, .T. ) ;
#7811 = CARTESIAN_POINT ( 'NONE',  ( -0.01968503937007873988, -0.1102362204724409434, 0.2952755905511810774 ) ) ;
#7812 = AXIS2_PLACEMENT_3D ( 'NONE', #9806, #8234, #7322 ) ;
#7813 = EDGE_LOOP ( 'NONE', ( #10428, #9747, #7617, #2615 ) ) ;
#7814 = DIRECTION ( 'NONE',  ( 0.000000000000000000, 0.000000000000000000, -1.000000000000000000 ) ) ;
#7815 = VECTOR ( 'NONE', #7469, 39.37007874015748143 ) ;
#7816 = CARTESIAN_POINT ( 'NONE',  ( 0.1968503937007874127, 0.8385826771609488084, 0.5590551181102362266 ) ) ;
#7817 = ORIENTED_EDGE ( 'NONE', *, *, #1125, .T. ) ;
#7818 = PLANE ( 'NONE',  #8735 ) ;
#7819 = EDGE_CURVE ( 'NONE', #137, #8393, #1735, .T. ) ;
#7820 = CARTESIAN_POINT ( 'NONE',  ( -0.01968503937007873988, -0.1102362204724409434, 0.2952755905511810774 ) ) ;
#7821 = EDGE_CURVE ( 'NONE', #6623, #6586, #1840, .T. ) ;
#7822 = LINE ( 'NONE', #5230, #7971 ) ;
#7823 = CARTESIAN_POINT ( 'NONE',  ( 0.03838582677165354451, 0.1850393700787401619, 0.4251968503937008093 ) ) ;
#7824 = VERTEX_POINT ( 'NONE', #971 ) ;
#7825 = ORIENTED_EDGE ( 'NONE', *, *, #4630, .F. ) ;
#7826 = VECTOR ( 'NONE', #7136, 39.37007874015748143 ) ;
#7827 = AXIS2_PLACEMENT_3D ( 'NONE', #7351, #5081, #6532 ) ;
#7828 = VECTOR ( 'NONE', #10351, 39.37007874015748143 ) ;
#7829 = VECTOR ( 'NONE', #3988, 39.37007874015748143 ) ;
#7830 = LINE ( 'NONE', #2264, #1289 ) ;
#7831 = VERTEX_POINT ( 'NONE', #271 ) ;
#7832 = CALENDAR_DATE ( 2022, 1, 11 ) ;
#7833 = VERTEX_POINT ( 'NONE', #4264 ) ;
#7834 = DIRECTION ( 'NONE',  ( 0.000000000000000000, 1.000000000000000000, 0.000000000000000000 ) ) ;
#7835 = AXIS2_PLACEMENT_3D ( 'NONE', #1701, #2512, #77 ) ;
#7836 = DIRECTION ( 'NONE',  ( 0.000000000000000000, 0.000000000000000000, 1.000000000000000000 ) ) ;
#7837 = VECTOR ( 'NONE', #8343, 39.37007874015748143 ) ;
#7838 = CARTESIAN_POINT ( 'NONE',  ( -0.3247425659116205399, 1.287401574803149540, 0.5629921259842519676 ) ) ;
#7839 = ADVANCED_FACE ( 'NONE', ( #7658 ), #5125, .T. ) ;
#7840 = DIRECTION ( 'NONE',  ( 0.000000000000000000, 1.000000000000000000, 0.000000000000000000 ) ) ;
#7841 = FACE_OUTER_BOUND ( 'NONE', #2838, .T. ) ;
#7842 = EDGE_LOOP ( 'NONE', ( #6045, #2503, #7449, #8056 ) ) ;
#7843 = DIRECTION ( 'NONE',  ( 0.000000000000000000, 0.000000000000000000, 1.000000000000000000 ) ) ;
#7844 = VERTEX_POINT ( 'NONE', #3569 ) ;
#7845 = CARTESIAN_POINT ( 'NONE',  ( 0.2736220472440945017, 0.000000000000000000, 0.4881889763779527769 ) ) ;
#7846 = ORIENTED_EDGE ( 'NONE', *, *, #3498, .T. ) ;
#7847 = AXIS2_PLACEMENT_3D ( 'NONE', #6910, #9512, #6169 ) ;
#7848 = DIRECTION ( 'NONE',  ( 0.000000000000000000, -1.000000000000000000, 0.000000000000000000 ) ) ;
#7849 = VERTEX_POINT ( 'NONE', #163 ) ;
#7850 = ORIENTED_EDGE ( 'NONE', *, *, #8053, .F. ) ;
#7851 = EDGE_CURVE ( 'NONE', #4079, #8947, #7599, .T. ) ;
#7852 = FACE_OUTER_BOUND ( 'NONE', #10298, .T. ) ;
#7853 = ORIENTED_EDGE ( 'NONE', *, *, #9110, .F. ) ;
#7854 = CARTESIAN_POINT ( 'NONE',  ( 0.3224922048370894578, 1.264792676106895275, -0.6360942317687607872 ) ) ;
#7855 = CARTESIAN_POINT ( 'NONE',  ( -0.1968503937007874127, 0.8385826771609488084, 0.5590551181102362266 ) ) ;
#7856 = DIRECTION ( 'NONE',  ( 1.000000000000000000, 0.000000000000000000, 0.000000000000000000 ) ) ;
#7857 = EDGE_LOOP ( 'NONE', ( #4748, #5294, #5687, #7767, #9323, #4179, #7228, #206 ) ) ;
#7858 = CARTESIAN_POINT ( 'NONE',  ( -0.1476377952755905387, -0.04527559055118110520, 0.1279527559055118058 ) ) ;
#7859 = DIRECTION ( 'NONE',  ( 0.000000000000000000, 1.000000000000000000, 1.279139532791028182E-14 ) ) ;
#7860 = CARTESIAN_POINT ( 'NONE',  ( -0.03838582677165354451, 0.8464566929133857665, -0.9212598425196850682 ) ) ;
#7861 = VERTEX_POINT ( 'NONE', #323 ) ;
#7862 = ORIENTED_EDGE ( 'NONE', *, *, #3466, .F. ) ;
#7863 = EDGE_CURVE ( 'NONE', #3626, #10088, #2596, .T. ) ;
#7864 = DIRECTION ( 'NONE',  ( 0.000000000000000000, -1.000000000000000000, 0.000000000000000000 ) ) ;
#7865 = VECTOR ( 'NONE', #9415, 39.37007874015748854 ) ;
#7866 = ADVANCED_FACE ( 'NONE', ( #5987, #7713 ), #3620, .T. ) ;
#7867 = CARTESIAN_POINT ( 'NONE',  ( -0.1476377952755905387, -0.09055118110236221041, -0.07874015748031495954 ) ) ;
#7868 = DIRECTION ( 'NONE',  ( 0.000000000000000000, 0.000000000000000000, 1.000000000000000000 ) ) ;
#7869 = LINE ( 'NONE', #6196, #5411 ) ;
#7870 = PLANE ( 'NONE',  #8492 ) ;
#7871 = AXIS2_PLACEMENT_3D ( 'NONE', #1633, #4920, #3253 ) ;
#7872 = AXIS2_PLACEMENT_3D ( 'NONE', #9288, #983, #8532 ) ;
#7873 = ORIENTED_EDGE ( 'NONE', *, *, #7778, .F. ) ;
#7874 = EDGE_CURVE ( 'NONE', #7039, #1375, #916, .T. ) ;
#7875 = DIRECTION ( 'NONE',  ( 1.000000000000000000, 0.000000000000000000, 0.000000000000000000 ) ) ;
#7876 = CARTESIAN_POINT ( 'NONE',  ( 0.1732283464566929387, 0.8385826771609488084, 0.5590551181102362266 ) ) ;
#7877 = ORIENTED_EDGE ( 'NONE', *, *, #5569, .F. ) ;
#7878 = DIRECTION ( 'NONE',  ( 0.000000000000000000, 0.000000000000000000, -1.000000000000000000 ) ) ;
#7879 = CARTESIAN_POINT ( 'NONE',  ( -0.3937007874015748254, 0.1850393700787401619, -0.4881889763779527769 ) ) ;
#7880 = DIRECTION ( 'NONE',  ( 0.000000000000000000, -1.000000000000000000, 4.336808689942014778E-16 ) ) ;
#7881 = LINE ( 'NONE', #9557, #8249 ) ;
#7882 = ORIENTED_EDGE ( 'NONE', *, *, #6102, .F. ) ;
#7883 = VERTEX_POINT ( 'NONE', #1022 ) ;
#7884 = AXIS2_PLACEMENT_3D ( 'NONE', #1489, #9734, #8104 ) ;
#7885 = ORIENTED_EDGE ( 'NONE', *, *, #52, .F. ) ;
#7886 = EDGE_CURVE ( 'NONE', #4060, #7831, #9276, .T. ) ;
#7887 = ORIENTED_EDGE ( 'NONE', *, *, #1125, .F. ) ;
#7888 = DIRECTION ( 'NONE',  ( -0.4999999999998469558, 0.000000000000000000, 0.8660254037845270814 ) ) ;
#7889 = CARTESIAN_POINT ( 'NONE',  ( 0.03838582677165354451, 0.8464566929133857665, -0.9212598425196850682 ) ) ;
#7890 = AXIS2_PLACEMENT_3D ( 'NONE', #6470, #3, #3251 ) ;
#7891 = CARTESIAN_POINT ( 'NONE',  ( -0.3553149606299212948, 0.6456692913385827515, 0.7165354330708662012 ) ) ;
#7892 = DIRECTION ( 'NONE',  ( 0.000000000000000000, -1.000000000000000000, 0.000000000000000000 ) ) ;
#7893 = LINE ( 'NONE', #1421, #5735 ) ;
#7894 = VERTEX_POINT ( 'NONE', #6789 ) ;
#7895 = DIRECTION ( 'NONE',  ( 0.000000000000000000, 0.000000000000000000, -1.000000000000000000 ) ) ;
#7896 = ORIENTED_EDGE ( 'NONE', *, *, #3067, .F. ) ;
#7897 = LINE ( 'NONE', #6171, #10230 ) ;
#7898 = ORIENTED_EDGE ( 'NONE', *, *, #3638, .T. ) ;
#7899 = EDGE_CURVE ( 'NONE', #4386, #4347, #10084, .T. ) ;
#7900 = EDGE_CURVE ( 'NONE', #2027, #5978, #6840, .T. ) ;
#7901 = DIRECTION ( 'NONE',  ( 1.000000000000000000, 0.000000000000000000, 0.000000000000000000 ) ) ;
#7902 = ORIENTED_EDGE ( 'NONE', *, *, #9663, .T. ) ;
#7903 = CARTESIAN_POINT ( 'NONE',  ( 0.000000000000000000, 1.137795275590551158, 0.05511811023622047168 ) ) ;
#7904 = VERTEX_POINT ( 'NONE', #4476 ) ;
#7905 = DIRECTION ( 'NONE',  ( 0.000000000000000000, 1.000000000000000000, 0.000000000000000000 ) ) ;
#7906 = VECTOR ( 'NONE', #651, 39.37007874015748854 ) ;
#7907 = DIRECTION ( 'NONE',  ( 0.000000000000000000, 0.000000000000000000, -1.000000000000000000 ) ) ;
#7908 = DIRECTION ( 'NONE',  ( 0.000000000000000000, 1.000000000000000000, 0.000000000000000000 ) ) ;
#7909 = EDGE_LOOP ( 'NONE', ( #3876, #128, #7349, #6042, #5059, #7667, #10548, #6982 ) ) ;
#7910 = CARTESIAN_POINT ( 'NONE',  ( -0.4921259842519685179, 0.3897637795275590844, -0.9448818897637796255 ) ) ;
#7911 = VECTOR ( 'NONE', #1076, 39.37007874015748143 ) ;
#7912 = FACE_OUTER_BOUND ( 'NONE', #277, .T. ) ;
#7913 = DIRECTION ( 'NONE',  ( 0.000000000000000000, 1.000000000000000000, 0.000000000000000000 ) ) ;
#7914 = VECTOR ( 'NONE', #248, 39.37007874015748143 ) ;
#7915 = ORIENTED_EDGE ( 'NONE', *, *, #1748, .T. ) ;
#7916 = VERTEX_POINT ( 'NONE', #6951 ) ;
#7917 = LINE ( 'NONE', #529, #1112 ) ;
#7918 = CARTESIAN_POINT ( 'NONE',  ( -0.4921259842519685179, 0.1850393700787401619, 0.6968503937007873850 ) ) ;
#7919 = CARTESIAN_POINT ( 'NONE',  ( 0.2204724409448818867, 1.307328710460744059, -0.5354330708661416693 ) ) ;
#7920 = CARTESIAN_POINT ( 'NONE',  ( -0.1358267716535433156, 0.000000000000000000, -0.6968503937007873850 ) ) ;
#7921 = CARTESIAN_POINT ( 'NONE',  ( -0.3553149606299212948, 0.000000000000000000, 0.000000000000000000 ) ) ;
#7922 = CARTESIAN_POINT ( 'NONE',  ( 0.1237136587783627256, 1.249046188814012526, 0.6870078740157483654 ) ) ;
#7923 = ADVANCED_FACE ( 'NONE', ( #7116 ), #2811, .T. ) ;
#7924 = EDGE_CURVE ( 'NONE', #6825, #10612, #6205, .T. ) ;
#7925 = ORIENTED_EDGE ( 'NONE', *, *, #6673, .F. ) ;
#7926 = CARTESIAN_POINT ( 'NONE',  ( 0.03838582677165354451, 0.6062992125984252301, -0.7165354330708662012 ) ) ;
#7927 = CARTESIAN_POINT ( 'NONE',  ( -0.3937007874015748254, 0.4905511811023622326, 0.9448818897637796255 ) ) ;
#7928 = EDGE_LOOP ( 'NONE', ( #9328, #5113, #6855, #5680 ) ) ;
#7929 = DIRECTION ( 'NONE',  ( 0.000000000000000000, -1.000000000000000000, 0.000000000000000000 ) ) ;
#7930 = LINE ( 'NONE', #593, #7644 ) ;
#7931 = DIRECTION ( 'NONE',  ( -1.343650066691354187E-14, 0.000000000000000000, 1.000000000000000000 ) ) ;
#7932 = PLANE ( 'NONE',  #1372 ) ;
#7933 = ORIENTED_EDGE ( 'NONE', *, *, #9099, .F. ) ;
#7934 = ADVANCED_FACE ( 'NONE', ( #2928 ), #5342, .T. ) ;
#7935 = ORIENTED_EDGE ( 'NONE', *, *, #1412, .T. ) ;
#7936 = ORIENTED_EDGE ( 'NONE', *, *, #9499, .T. ) ;
#7937 = VECTOR ( 'NONE', #6444, 39.37007874015748143 ) ;
#7938 = FACE_OUTER_BOUND ( 'NONE', #89, .T. ) ;
#7939 = LINE ( 'NONE', #4608, #919 ) ;
#7940 = DIRECTION ( 'NONE',  ( 0.000000000000000000, -1.000000000000000000, 0.000000000000000000 ) ) ;
#7941 = DIRECTION ( 'NONE',  ( 1.000000000000000000, 0.000000000000000000, 0.000000000000000000 ) ) ;
#7942 = CARTESIAN_POINT ( 'NONE',  ( -0.1181102362204724532, 1.306566448219291132, 0.03543307086614173179 ) ) ;
#7943 = ORIENTED_EDGE ( 'NONE', *, *, #6874, .T. ) ;
#7944 = EDGE_CURVE ( 'NONE', #4095, #8957, #9607, .T. ) ;
#7945 = CARTESIAN_POINT ( 'NONE',  ( -0.03838582677165354451, 0.6456692913385827515, -0.4094488188976377896 ) ) ;
#7946 = ORIENTED_EDGE ( 'NONE', *, *, #8565, .T. ) ;
#7947 = DIRECTION ( 'NONE',  ( 0.000000000000000000, 0.000000000000000000, 1.000000000000000000 ) ) ;
#7948 = ORIENTED_EDGE ( 'NONE', *, *, #10024, .T. ) ;
#7949 = CARTESIAN_POINT ( 'NONE',  ( -0.3607894631338084968, 1.248859061342436183, 0.05420686238696770243 ) ) ;
#7950 = ORIENTED_EDGE ( 'NONE', *, *, #7486, .T. ) ;
#7951 = DIRECTION ( 'NONE',  ( 0.000000000000000000, 0.000000000000000000, 1.000000000000000000 ) ) ;
#7952 = ORIENTED_EDGE ( 'NONE', *, *, #9799, .F. ) ;
#7953 = LINE ( 'NONE', #567, #4763 ) ;
#7954 = LINE ( 'NONE', #3962, #5935 ) ;
#7955 = ORIENTED_EDGE ( 'NONE', *, *, #5956, .F. ) ;
#7956 = EDGE_CURVE ( 'NONE', #1759, #2538, #2172, .T. ) ;
#7957 = EDGE_CURVE ( 'NONE', #7472, #5132, #6260, .T. ) ;
#7958 = LINE ( 'NONE', #3869, #6128 ) ;
#7959 = DIRECTION ( 'NONE',  ( -1.000000000000000000, 0.000000000000000000, 0.000000000000000000 ) ) ;
#7960 = LINE ( 'NONE', #7097, #9140 ) ;
#7961 = ORIENTED_EDGE ( 'NONE', *, *, #10305, .F. ) ;
#7962 = ORIENTED_EDGE ( 'NONE', *, *, #4757, .F. ) ;
#7963 = CARTESIAN_POINT ( 'NONE',  ( -0.07874015748031495954, 0.007874015748031495954, 0.8267716535433071723 ) ) ;
#7964 = CARTESIAN_POINT ( 'NONE',  ( -0.3295743061401262830, 1.198686408325587704, -0.04862278361208009075 ) ) ;
#7965 = CARTESIAN_POINT ( 'NONE',  ( -0.03838582677165354451, 0.6062992125984252301, -0.6968503937007873850 ) ) ;
#7966 = VECTOR ( 'NONE', #2155, 39.37007874015748143 ) ;
#7967 = CARTESIAN_POINT ( 'NONE',  ( 0.07874015748031495954, -0.1102362204724409434, 0.4960629921259842590 ) ) ;
#7968 = DIRECTION ( 'NONE',  ( 0.000000000000000000, -1.000000000000000000, 0.000000000000000000 ) ) ;
#7969 = AXIS2_PLACEMENT_3D ( 'NONE', #6774, #7494, #6723 ) ;
#7970 = ORIENTED_EDGE ( 'NONE', *, *, #3719, .T. ) ;
#7971 = VECTOR ( 'NONE', #6151, 39.37007874015748143 ) ;
#7972 = CARTESIAN_POINT ( 'NONE',  ( 0.2204724409448818867, 0.8385826771609488084, -0.5590551181102362266 ) ) ;
#7973 = EDGE_CURVE ( 'NONE', #4433, #744, #7977, .T. ) ;
#7974 = VERTEX_POINT ( 'NONE', #2058 ) ;
#7975 = VECTOR ( 'NONE', #2204, 39.37007874015748854 ) ;
#7976 = CARTESIAN_POINT ( 'NONE',  ( -0.1005467144958698544, 1.293739894857544925, 0.03543307086614173873 ) ) ;
#7977 = LINE ( 'NONE', #4533, #7997 ) ;
#7978 = LINE ( 'NONE', #10571, #10565 ) ;
#7979 = CARTESIAN_POINT ( 'NONE',  ( -0.1181102362204726197, 1.305544119031674777, -0.02952016529149293841 ) ) ;
#7980 = CARTESIAN_POINT ( 'NONE',  ( 0.3937007874015748254, 0.4905511811023622326, -0.6968503937007873850 ) ) ;
#7982 = ORIENTED_EDGE ( 'NONE', *, *, #2847, .T. ) ;
#7981 = VECTOR ( 'NONE', #3687, 39.37007874015748143 ) ;
#7983 = CIRCLE ( 'NONE', #5745, 0.01968503937007873988 ) ;
#7984 = EDGE_LOOP ( 'NONE', ( #2842, #4207, #4566, #4337 ) ) ;
#7985 = ADVANCED_FACE ( 'NONE', ( #10256 ), #7011, .F. ) ;
#7986 = EDGE_CURVE ( 'NONE', #10294, #7999, #7930, .T. ) ;
#7987 = LINE ( 'NONE', #6524, #1355 ) ;
#7988 = VECTOR ( 'NONE', #365, 39.37007874015748143 ) ;
#7989 = EDGE_CURVE ( 'NONE', #3006, #4558, #10193, .T. ) ;
#7990 = DIRECTION ( 'NONE',  ( 0.000000000000000000, -3.469446951953609850E-15, -1.000000000000000000 ) ) ;
#7991 = DIRECTION ( 'NONE',  ( 1.000000000000000000, 0.000000000000000000, 0.000000000000000000 ) ) ;
#7992 = CARTESIAN_POINT ( 'NONE',  ( -0.1968503937007874127, 0.7913385826771653919, -0.5590551181102362266 ) ) ;
#7993 = VECTOR ( 'NONE', #4713, 39.37007874015748143 ) ;
#7994 = AXIS2_PLACEMENT_3D ( 'NONE', #4142, #8078, #7263 ) ;
#7995 = CARTESIAN_POINT ( 'NONE',  ( 0.1732283464566929387, 0.7913385826771653919, -0.4433311932543322897 ) ) ;
#7996 = ORIENTED_EDGE ( 'NONE', *, *, #1499, .F. ) ;
#7997 = VECTOR ( 'NONE', #5506, 39.37007874015748143 ) ;
#7998 = DIRECTION ( 'NONE',  ( 1.000000000000000000, 0.000000000000000000, 0.000000000000000000 ) ) ;
#7999 = VERTEX_POINT ( 'NONE', #7879 ) ;
#8000 = DIRECTION ( 'NONE',  ( 0.000000000000000000, 0.000000000000000000, -1.000000000000000000 ) ) ;
#8001 = VERTEX_POINT ( 'NONE', #1189 ) ;
#8002 = CARTESIAN_POINT ( 'NONE',  ( -0.3740157480315948746, 1.244103829858579591, 0.04020955559533961887 ) ) ;
#8003 = EDGE_LOOP ( 'NONE', ( #1814, #9500, #4235, #2467 ) ) ;
#8004 = VECTOR ( 'NONE', #4465, 39.37007874015748143 ) ;
#8005 = EDGE_CURVE ( 'NONE', #1896, #340, #6150, .T. ) ;
#8006 = VECTOR ( 'NONE', #3284, 39.37007874015748143 ) ;
#8007 = CARTESIAN_POINT ( 'NONE',  ( -0.3798818897637795122, 0.5472440944881890035, -0.9448818897637796255 ) ) ;
#8008 = VERTEX_POINT ( 'NONE', #8743 ) ;
#8009 = DIRECTION ( 'NONE',  ( -1.445602896647336195E-14, 0.000000000000000000, -1.000000000000000000 ) ) ;
#8010 = DIRECTION ( 'NONE',  ( 0.000000000000000000, 0.000000000000000000, -1.000000000000000000 ) ) ;
#8011 = ORIENTED_EDGE ( 'NONE', *, *, #9637, .T. ) ;
#8012 = DIRECTION ( 'NONE',  ( 0.000000000000000000, -1.000000000000000000, 0.000000000000000000 ) ) ;
#8013 = VECTOR ( 'NONE', #8060, 39.37007874015748143 ) ;
#8014 = PLANE ( 'NONE',  #6087 ) ;
#8015 = DIRECTION ( 'NONE',  ( -0.000000000000000000, 1.000000000000000000, 0.000000000000000000 ) ) ;
#8016 = ORIENTED_EDGE ( 'NONE', *, *, #7863, .F. ) ;
#8017 = EDGE_LOOP ( 'NONE', ( #2672, #8081, #6697, #2000 ) ) ;
#8018 = EDGE_CURVE ( 'NONE', #4003, #3789, #3792, .T. ) ;
#8019 = EDGE_CURVE ( 'NONE', #6913, #3753, #9385, .T. ) ;
#8020 = DIRECTION ( 'NONE',  ( 0.000000000000000000, 0.000000000000000000, -1.000000000000000000 ) ) ;
#8021 = VECTOR ( 'NONE', #10210, 39.37007874015748854 ) ;
#8022 = CARTESIAN_POINT ( 'NONE',  ( -0.03838582677165354451, 0.6062992125984252301, -0.6968503937007873850 ) ) ;
#8023 = CARTESIAN_POINT ( 'NONE',  ( -0.1732283464566929387, 0.8385826771609488084, -0.4433311932543322897 ) ) ;
#8024 = CARTESIAN_POINT ( 'NONE',  ( -0.07874015748031495954, 0.1062992125984252023, 0.2283464566929133688 ) ) ;
#8025 = CARTESIAN_POINT ( 'NONE',  ( -0.1279527559055118058, 0.7913385826771653919, 0.5826771653543307838 ) ) ;
#8026 = DIRECTION ( 'NONE',  ( -1.000000000000000000, 0.000000000000000000, 0.000000000000000000 ) ) ;
#8027 = VECTOR ( 'NONE', #8716, 39.37007874015748143 ) ;
#8028 = ORIENTED_EDGE ( 'NONE', *, *, #7124, .T. ) ;
#8029 = ADVANCED_FACE ( 'NONE', ( #1242 ), #374, .T. ) ;
#8030 = EDGE_CURVE ( 'NONE', #6155, #5418, #10421, .T. ) ;
#8031 = CARTESIAN_POINT ( 'NONE',  ( -0.07874015748031495954, -0.05118110236220472370, 0.4960629921259842590 ) ) ;
#8032 = ORIENTED_EDGE ( 'NONE', *, *, #642, .F. ) ;
#8033 = CARTESIAN_POINT ( 'NONE',  ( 0.03838582677165354451, 0.6456692913385827515, -0.7165354330708662012 ) ) ;
#8034 = LINE ( 'NONE', #9817, #4374 ) ;
#8035 = LINE ( 'NONE', #594, #4872 ) ;
#8036 = DIRECTION ( 'NONE',  ( 0.000000000000000000, 0.000000000000000000, 1.000000000000000000 ) ) ;
#8037 = DIRECTION ( 'NONE',  ( 1.000000000000000000, 1.051985127942272156E-15, 0.000000000000000000 ) ) ;
#8038 = VECTOR ( 'NONE', #5841, 39.37007874015748143 ) ;
#8039 = ORIENTED_EDGE ( 'NONE', *, *, #3756, .T. ) ;
#8040 = EDGE_CURVE ( 'NONE', #2026, #7352, #8575, .T. ) ;
#8041 = VERTEX_POINT ( 'NONE', #10366 ) ;
#8042 = CARTESIAN_POINT ( 'NONE',  ( -0.3937007874015748254, 0.1850393700787401619, 0.2755905511811023723 ) ) ;
#8043 = LINE ( 'NONE', #704, #1333 ) ;
#8044 = DIRECTION ( 'NONE',  ( -1.788374717501859983E-15, -1.000000000000000000, 0.000000000000000000 ) ) ;
#8045 = CARTESIAN_POINT ( 'NONE',  ( 0.1732283464566929387, 0.7913385826771653919, 0.6747790429661397749 ) ) ;
#8046 = VERTEX_POINT ( 'NONE', #6314 ) ;
#8047 = VECTOR ( 'NONE', #7355, 39.37007874015748143 ) ;
#8048 = PERSON ( 'UNSPECIFIED', 'UNSPECIFIED', 'UNSPECIFIED', ('UNSPECIFIED'), ('UNSPECIFIED'), ('UNSPECIFIED') ) ;
#8049 = DIRECTION ( 'NONE',  ( 0.000000000000000000, -1.000000000000000000, 0.000000000000000000 ) ) ;
#8050 = EDGE_LOOP ( 'NONE', ( #3146, #9153, #9915, #6866 ) ) ;
#8051 = EDGE_CURVE ( 'NONE', #3899, #3974, #3132, .T. ) ;
#8052 = DIRECTION ( 'NONE',  ( 0.000000000000000000, 1.000000000000000000, 0.000000000000000000 ) ) ;
#8053 = EDGE_CURVE ( 'NONE', #8290, #4966, #4910, .T. ) ;
#8054 = ORIENTED_EDGE ( 'NONE', *, *, #10192, .F. ) ;
#8055 = CARTESIAN_POINT ( 'NONE',  ( -0.2933070866141732624, 0.000000000000000000, 0.2952755905511810774 ) ) ;
#8056 = ORIENTED_EDGE ( 'NONE', *, *, #1057, .T. ) ;
#8057 = VECTOR ( 'NONE', #9629, 39.37007874015748143 ) ;
#8058 = DIRECTION ( 'NONE',  ( 1.051985127942272156E-15, -1.000000000000000000, 0.000000000000000000 ) ) ;
#8059 = DIRECTION ( 'NONE',  ( 1.000000000000000000, 0.000000000000000000, 0.000000000000000000 ) ) ;
#8060 = DIRECTION ( 'NONE',  ( 1.000000000000000000, 0.000000000000000000, 0.000000000000000000 ) ) ;
#8061 = EDGE_LOOP ( 'NONE', ( #7680, #1971, #2181, #372 ) ) ;
#8062 = CARTESIAN_POINT ( 'NONE',  ( -0.07874015748031495954, -2.024057555895874029E-18, 0.07874015748031495954 ) ) ;
#8063 = ADVANCED_FACE ( 'NONE', ( #1566 ), #9864, .F. ) ;
#8064 = DIRECTION ( 'NONE',  ( 0.000000000000000000, -1.000000000000000000, 0.000000000000000000 ) ) ;
#8065 = EDGE_LOOP ( 'NONE', ( #8239, #6129, #5774, #5784, #4484, #8713, #2630, #1528 ) ) ;
#8066 = DIRECTION ( 'NONE',  ( 0.000000000000000000, 0.000000000000000000, 1.000000000000000000 ) ) ;
#8067 = ORIENTED_EDGE ( 'NONE', *, *, #5454, .F. ) ;
#8068 = EDGE_LOOP ( 'NONE', ( #3506, #8926, #5937, #1038, #7785, #4393 ) ) ;
#8069 = CIRCLE ( 'NONE', #5318, 0.06102362204724406936 ) ;
#8070 = CARTESIAN_POINT ( 'NONE',  ( -0.3937007874015905906, 0.4685039370078740717, -0.5393700787401464192 ) ) ;
#8071 = CARTESIAN_POINT ( 'NONE',  ( -0.1968503937007874127, 0.7913385826771653919, -0.6771653543307086798 ) ) ;
#8072 = CARTESIAN_POINT ( 'NONE',  ( -0.2657480314960630197, 0.8385826771609488084, 0.5354330708661416693 ) ) ;
#8073 = FACE_OUTER_BOUND ( 'NONE', #1889, .T. ) ;
#8074 = VECTOR ( 'NONE', #1944, 39.37007874015748143 ) ;
#8075 = LINE ( 'NONE', #3979, #2404 ) ;
#8076 = EDGE_CURVE ( 'NONE', #2858, #8937, #9763, .T. ) ;
#8077 = VECTOR ( 'NONE', #1669, 39.37007874015748143 ) ;
#8078 = DIRECTION ( 'NONE',  ( 0.000000000000000000, 0.000000000000000000, -1.000000000000000000 ) ) ;
#8079 = ORIENTED_EDGE ( 'NONE', *, *, #2069, .T. ) ;
#8080 = CARTESIAN_POINT ( 'NONE',  ( -0.4921259842519685179, -0.09055118110236221041, 0.6968503937007873850 ) ) ;
#8081 = ORIENTED_EDGE ( 'NONE', *, *, #5765, .F. ) ;
#8082 = DIRECTION ( 'NONE',  ( 1.000000000000000000, 0.000000000000000000, 0.000000000000000000 ) ) ;
#8083 = CARTESIAN_POINT ( 'NONE',  ( -0.4921259842519685179, 0.5472440944881890035, 0.6968503937007873850 ) ) ;
#8084 = CARTESIAN_POINT ( 'NONE',  ( 0.1968503937007874127, 0.6456692913385827515, 0.6771653543307086798 ) ) ;
#8085 = LINE ( 'NONE', #859, #3435 ) ;
#8086 = FACE_OUTER_BOUND ( 'NONE', #8050, .T. ) ;
#8087 = EDGE_CURVE ( 'NONE', #5944, #5574, #6567, .T. ) ;
#8088 = EDGE_CURVE ( 'NONE', #5520, #1007, #10570, .T. ) ;
#8089 = VERTEX_POINT ( 'NONE', #3187 ) ;
#8090 = ORIENTED_EDGE ( 'NONE', *, *, #2691, .T. ) ;
#8091 = DIRECTION ( 'NONE',  ( 1.000000000000000000, 0.000000000000000000, 0.000000000000000000 ) ) ;
#8092 = DIRECTION ( 'NONE',  ( 0.000000000000000000, 0.000000000000000000, -1.000000000000000000 ) ) ;
#8093 = FACE_OUTER_BOUND ( 'NONE', #2116, .T. ) ;
#8094 = DIRECTION ( 'NONE',  ( 0.2368163906405076069, 0.9715544231405683906, 0.000000000000000000 ) ) ;
#8095 = DIRECTION ( 'NONE',  ( 0.000000000000000000, 0.000000000000000000, 1.000000000000000000 ) ) ;
#8096 = ORIENTED_EDGE ( 'NONE', *, *, #6316, .F. ) ;
#8097 = DIRECTION ( 'NONE',  ( 0.000000000000000000, -0.5843047258450889681, 0.8115343414514849529 ) ) ;
#8098 = ORIENTED_EDGE ( 'NONE', *, *, #925, .F. ) ;
#8099 = CIRCLE ( 'NONE', #2593, 0.1181102362204780182 ) ;
#8100 = CARTESIAN_POINT ( 'NONE',  ( 0.1968503937007874127, 0.7913385826771653919, -0.5590551181102362266 ) ) ;
#8101 = ORIENTED_EDGE ( 'NONE', *, *, #2210, .T. ) ;
#8102 = CARTESIAN_POINT ( 'NONE',  ( -0.3600352598315025854, 1.305598865412062715, -0.04223849502948423540 ) ) ;
#8103 = EDGE_LOOP ( 'NONE', ( #1787, #9732, #7594, #10035, #9983, #9345, #1416, #987 ) ) ;
#8104 = DIRECTION ( 'NONE',  ( 0.000000000000000000, 0.000000000000000000, -1.000000000000000000 ) ) ;
#8105 = CC_DESIGN_SECURITY_CLASSIFICATION ( #3980, ( #1047 ) ) ;
#8106 = DIRECTION ( 'NONE',  ( 0.000000000000000000, 1.000000000000000000, 0.000000000000000000 ) ) ;
#8107 = EDGE_CURVE ( 'NONE', #7974, #10295, #6462, .T. ) ;
#8108 = ORIENTED_EDGE ( 'NONE', *, *, #7647, .F. ) ;
#8109 = CARTESIAN_POINT ( 'NONE',  ( 0.2204724409448818867, 0.7913385826771653919, 0.6747790429661338907 ) ) ;
#8110 = ORIENTED_EDGE ( 'NONE', *, *, #6947, .F. ) ;
#8111 = CARTESIAN_POINT ( 'NONE',  ( -0.1968503937007874127, 0.7913385826771653919, -0.5590551181102362266 ) ) ;
#8112 = LINE ( 'NONE', #678, #10409 ) ;
#8113 = ORIENTED_EDGE ( 'NONE', *, *, #8751, .F. ) ;
#8114 = LINE ( 'NONE', #9847, #1742 ) ;
#8115 = VERTEX_POINT ( 'NONE', #2483 ) ;
#8116 = VERTEX_POINT ( 'NONE', #2272 ) ;
#8117 = DIRECTION ( 'NONE',  ( 0.000000000000000000, 1.279139532791028182E-14, -1.000000000000000000 ) ) ;
#8118 = EDGE_CURVE ( 'NONE', #498, #8305, #2430, .T. ) ;
#8119 = CARTESIAN_POINT ( 'NONE',  ( 0.3553149606299212948, 0.000000000000000000, 0.000000000000000000 ) ) ;
#8120 = EDGE_CURVE ( 'NONE', #7363, #2245, #6514, .T. ) ;
#8121 = ORIENTED_EDGE ( 'NONE', *, *, #10057, .T. ) ;
#8122 = EDGE_CURVE ( 'NONE', #602, #5111, #9059, .T. ) ;
#8123 = DIRECTION ( 'NONE',  ( 0.000000000000000000, -1.000000000000000000, 0.000000000000000000 ) ) ;
#8124 = DIRECTION ( 'NONE',  ( 0.000000000000000000, -1.000000000000000000, 0.000000000000000000 ) ) ;
#8125 = DIRECTION ( 'NONE',  ( 0.000000000000000000, 1.000000000000000000, 0.000000000000000000 ) ) ;
#8126 = CARTESIAN_POINT ( 'NONE',  ( -0.01968503937007873988, -0.1102362204724409434, 0.5866141732283465249 ) ) ;
#8127 = CARTESIAN_POINT ( 'NONE',  ( -0.4921259842519685179, 0.1850393700787401619, 0.6968503937007873850 ) ) ;
#8128 = ORIENTED_EDGE ( 'NONE', *, *, #3375, .T. ) ;
#8129 = LINE ( 'NONE', #4039, #5595 ) ;
#8130 = EDGE_CURVE ( 'NONE', #9462, #5314, #5658, .T. ) ;
#8131 = ORIENTED_EDGE ( 'NONE', *, *, #7562, .F. ) ;
#8132 = DIRECTION ( 'NONE',  ( 0.2368163906405089947, -0.9715544231405680575, 0.000000000000000000 ) ) ;
#8133 = CARTESIAN_POINT ( 'NONE',  ( -0.1968503937006692850, 1.027559055118110409, -0.5590551181102362266 ) ) ;
#8134 = LINE ( 'NONE', #3895, #215 ) ;
#8135 = DIRECTION ( 'NONE',  ( 1.000000000000000000, 0.000000000000000000, 0.000000000000000000 ) ) ;
#8136 = CARTESIAN_POINT ( 'NONE',  ( -0.3740157480314960647, 0.1850393700787401619, 0.2952755905511810774 ) ) ;
#8137 = ORIENTED_EDGE ( 'NONE', *, *, #7657, .T. ) ;
#8138 = CLOSED_SHELL ( 'NONE', ( #1032, #297, #9752, #5331, #7102, #1880, #5287, #10058, #2482, #9056, #8433, #6737, #2266, #6730, #5443, #4776, #9375, #3821, #7431 ) ) ;
#8139 = VECTOR ( 'NONE', #1230, 39.37007874015748143 ) ;
#8140 = ORIENTED_EDGE ( 'NONE', *, *, #6118, .F. ) ;
#8141 = VECTOR ( 'NONE', #10378, 39.37007874015748143 ) ;
#8142 = ADVANCED_FACE ( 'NONE', ( #7222, #648 ), #8896, .F. ) ;
#8143 = EDGE_CURVE ( 'NONE', #1910, #3573, #9202, .T. ) ;
#8144 = DIRECTION ( 'NONE',  ( 0.000000000000000000, 0.000000000000000000, -1.000000000000000000 ) ) ;
#8145 = PLANE ( 'NONE',  #5463 ) ;
#8146 = LINE ( 'NONE', #6577, #2501 ) ;
#8147 = VECTOR ( 'NONE', #2550, 39.37007874015748143 ) ;
#8148 = PLANE ( 'NONE',  #911 ) ;
#8149 = CARTESIAN_POINT ( 'NONE',  ( 0.5040752273030818520, 0.9844662659826830531, 0.9448818897637796255 ) ) ;
#8150 = ORIENTED_EDGE ( 'NONE', *, *, #2209, .T. ) ;
#8151 = CARTESIAN_POINT ( 'NONE',  ( 0.3937401574803149340, 1.287401574803149540, 0.5629921259842519676 ) ) ;
#8152 = VERTEX_POINT ( 'NONE', #7175 ) ;
#8153 = VECTOR ( 'NONE', #1716, 39.37007874015748854 ) ;
#8154 = LINE ( 'NONE', #3954, #10211 ) ;
#8155 = ORIENTED_EDGE ( 'NONE', *, *, #9054, .T. ) ;
#8156 = CARTESIAN_POINT ( 'NONE',  ( -0.3682501334879241806, 1.297383991755641786, -0.03543307086614180812 ) ) ;
#8157 = EDGE_LOOP ( 'NONE', ( #5635, #10594, #4027, #7793 ) ) ;
#8158 = VECTOR ( 'NONE', #8832, 39.37007874015748143 ) ;
#8159 = EDGE_CURVE ( 'NONE', #8966, #2554, #5551, .T. ) ;
#8160 = LINE ( 'NONE', #7242, #9256 ) ;
#8161 = VECTOR ( 'NONE', #10593, 39.37007874015748143 ) ;
#8162 = VECTOR ( 'NONE', #1074, 39.37007874015748143 ) ;
#8163 = DIRECTION ( 'NONE',  ( 0.000000000000000000, 1.334402673828313438E-15, 1.000000000000000000 ) ) ;
#8164 = LINE ( 'NONE', #778, #2122 ) ;
#8165 = LINE ( 'NONE', #2406, #9388 ) ;
#8166 = ORIENTED_EDGE ( 'NONE', *, *, #13, .F. ) ;
#8167 = CARTESIAN_POINT ( 'NONE',  ( -0.4921259842519685179, 0.5000000000000000000, -0.9448818897637796255 ) ) ;
#8168 = ORIENTED_EDGE ( 'NONE', *, *, #2412, .T. ) ;
#8169 = CARTESIAN_POINT ( 'NONE',  ( -0.1968503937006692850, 1.027559055118110409, -0.5590551181102362266 ) ) ;
#8170 = VERTEX_POINT ( 'NONE', #10469 ) ;
#8171 = AXIS2_PLACEMENT_3D ( 'NONE', #5644, #4996, #10550 ) ;
#8172 = VECTOR ( 'NONE', #657, 39.37007874015748143 ) ;
#8173 = CARTESIAN_POINT ( 'NONE',  ( -0.3523622047244094335, -0.09055118110236221041, 0.4677695532303149939 ) ) ;
#8174 = AXIS2_PLACEMENT_3D ( 'NONE', #10529, #5671, #1579 ) ;
#8175 = PRODUCT_DEFINITION ( 'UNKNOWN', '', #1047, #4485 ) ;
#8176 = ORIENTED_EDGE ( 'NONE', *, *, #8313, .F. ) ;
#8177 = ORIENTED_EDGE ( 'NONE', *, *, #3649, .F. ) ;
#8178 = LINE ( 'NONE', #789, #10242 ) ;
#8179 = CARTESIAN_POINT ( 'NONE',  ( 0.3247425659115417695, 1.287401574803149540, 0.5629921259842519676 ) ) ;
#8180 = VERTEX_POINT ( 'NONE', #4045 ) ;
#8181 = VECTOR ( 'NONE', #6127, 39.37007874015748143 ) ;
#8182 = DIRECTION ( 'NONE',  ( 0.000000000000000000, 1.000000000000000000, 0.000000000000000000 ) ) ;
#8183 = CIRCLE ( 'NONE', #10071, 0.1279527559055117780 ) ;
#8184 = CARTESIAN_POINT ( 'NONE',  ( -0.1358267716535433156, -0.09055118110236221041, -0.07874015748031495954 ) ) ;
#8185 = PLANE ( 'NONE',  #4894 ) ;
#8186 = DIRECTION ( 'NONE',  ( 0.000000000000000000, 0.000000000000000000, -1.000000000000000000 ) ) ;
#8187 = DIRECTION ( 'NONE',  ( 0.000000000000000000, 2.135044278125301737E-15, 1.000000000000000000 ) ) ;
#8188 = EDGE_CURVE ( 'NONE', #6114, #6900, #8034, .T. ) ;
#8189 = ADVANCED_FACE ( 'NONE', ( #9000 ), #10627, .T. ) ;
#8190 = ORIENTED_EDGE ( 'NONE', *, *, #5222, .F. ) ;
#8191 = AXIS2_PLACEMENT_3D ( 'NONE', #1277, #2145, #2960 ) ;
#8192 = DIRECTION ( 'NONE',  ( 0.000000000000000000, -0.2954697229221061039, 0.9553521041146734172 ) ) ;
#8193 = EDGE_LOOP ( 'NONE', ( #489, #3640, #6401, #1426 ) ) ;
#8194 = LINE ( 'NONE', #3242, #8306 ) ;
#8195 = DIRECTION ( 'NONE',  ( 0.000000000000000000, 0.000000000000000000, 1.000000000000000000 ) ) ;
#8196 = FACE_OUTER_BOUND ( 'NONE', #9821, .T. ) ;
#8197 = CARTESIAN_POINT ( 'NONE',  ( 0.07874015748031495954, -0.05118110236220472370, 0.8267716535433071723 ) ) ;
#8198 = CARTESIAN_POINT ( 'NONE',  ( 0.4537401574803149873, 1.191381503060679137, 0.5629921259842519676 ) ) ;
#8199 = ORIENTED_EDGE ( 'NONE', *, *, #3065, .T. ) ;
#8200 = EDGE_CURVE ( 'NONE', #2983, #602, #4097, .T. ) ;
#8201 = VERTEX_POINT ( 'NONE', #906 ) ;
#8202 = CARTESIAN_POINT ( 'NONE',  ( 0.3798818897637795122, 0.5472440944881890035, -0.9448818897637796255 ) ) ;
#8203 = VECTOR ( 'NONE', #6759, 39.37007874015748143 ) ;
#8204 = CARTESIAN_POINT ( 'NONE',  ( 0.3553149606299212948, 0.1850393700787401619, 0.9448818897637796255 ) ) ;
#8205 = CARTESIAN_POINT ( 'NONE',  ( 0.1968503937007874127, 0.6456692913385827515, 0.4980314960629921295 ) ) ;
#8206 = CARTESIAN_POINT ( 'NONE',  ( 0.03838582677165354451, 1.027559055118110409, -0.8818897637795275468 ) ) ;
#8207 = CARTESIAN_POINT ( 'NONE',  ( -0.1968503937006692850, 0.2837642458494031295, -0.6870078740157480324 ) ) ;
#8208 = ORIENTED_EDGE ( 'NONE', *, *, #2317, .T. ) ;
#8209 = EDGE_LOOP ( 'NONE', ( #1025, #10078, #9402, #2693, #2229, #8079 ) ) ;
#8210 = ADVANCED_FACE ( 'NONE', ( #5010 ), #4304, .T. ) ;
#8211 = VECTOR ( 'NONE', #3094, 39.37007874015748143 ) ;
#8212 = DIRECTION ( 'NONE',  ( -1.000000000000000000, 0.000000000000000000, 0.000000000000000000 ) ) ;
#8213 = ORIENTED_EDGE ( 'NONE', *, *, #7886, .T. ) ;
#8214 = EDGE_LOOP ( 'NONE', ( #801, #9136, #6543, #6794, #5591, #10511, #1809, #4359, #1537, #1996, #6445 ) ) ;
#8215 = CARTESIAN_POINT ( 'NONE',  ( -0.07874015748031495954, 1.307328710460744059, -0.07874015748031495954 ) ) ;
#8216 = CARTESIAN_POINT ( 'NONE',  ( 0.3937007874015748254, -0.09055118110236221041, -0.2637795275590551491 ) ) ;
#8217 = CARTESIAN_POINT ( 'NONE',  ( 0.3937007874015748254, 0.4685039370078740717, 0.6377952755905511584 ) ) ;
#8218 = CARTESIAN_POINT ( 'NONE',  ( 0.3523622047244094335, 0.1850393700787401619, 0.2952755905511810774 ) ) ;
#8219 = EDGE_LOOP ( 'NONE', ( #9319, #7970, #6736, #220 ) ) ;
#8220 = LINE ( 'NONE', #834, #1657 ) ;
#8221 = ORIENTED_EDGE ( 'NONE', *, *, #9267, .F. ) ;
#8222 = EDGE_CURVE ( 'NONE', #5787, #10545, #9316, .T. ) ;
#8223 = EDGE_CURVE ( 'NONE', #6545, #1813, #10075, .T. ) ;
#8224 = LINE ( 'NONE', #6751, #7815 ) ;
#8225 = ORIENTED_EDGE ( 'NONE', *, *, #9652, .F. ) ;
#8226 = AXIS2_PLACEMENT_3D ( 'NONE', #10148, #5085, #1849 ) ;
#8227 = CARTESIAN_POINT ( 'NONE',  ( 0.2657480314960630197, 0.8385826771609488084, -0.5826771653543307838 ) ) ;
#8228 = ORIENTED_EDGE ( 'NONE', *, *, #8159, .F. ) ;
#8229 = ORIENTED_EDGE ( 'NONE', *, *, #3820, .T. ) ;
#8230 = LINE ( 'NONE', #9850, #4741 ) ;
#8231 = PLANE ( 'NONE',  #5102 ) ;
#8232 = DIRECTION ( 'NONE',  ( 0.000000000000000000, 0.2954697229221061039, -0.9553521041146734172 ) ) ;
#8233 = LINE ( 'NONE', #7425, #4355 ) ;
#8234 = DIRECTION ( 'NONE',  ( 0.000000000000000000, 1.000000000000000000, 0.000000000000000000 ) ) ;
#8235 = CARTESIAN_POINT ( 'NONE',  ( 0.1732283464566929387, 0.6456692913385827515, 0.6747790429661338907 ) ) ;
#8236 = CARTESIAN_POINT ( 'NONE',  ( -0.2204724409448818867, 0.7913385826771653919, -0.6747790429661338907 ) ) ;
#8237 = ORIENTED_EDGE ( 'NONE', *, *, #619, .T. ) ;
#8238 = DIRECTION ( 'NONE',  ( 0.000000000000000000, 1.000000000000000000, 0.000000000000000000 ) ) ;
#8239 = ORIENTED_EDGE ( 'NONE', *, *, #4783, .T. ) ;
#8240 = CYLINDRICAL_SURFACE ( 'NONE', #1433, 0.01968503937007872601 ) ;
#8241 = DIRECTION ( 'NONE',  ( 1.000000000000000000, 0.000000000000000000, 0.000000000000000000 ) ) ;
#8242 = VECTOR ( 'NONE', #2433, 39.37007874015748854 ) ;
#8243 = CARTESIAN_POINT ( 'NONE',  ( -0.1181102362204724532, 1.303149606299212504, -0.03543307086614173179 ) ) ;
#8244 = EDGE_CURVE ( 'NONE', #10289, #1628, #4204, .T. ) ;
#8245 = LINE ( 'NONE', #5661, #5501 ) ;
#8246 = CARTESIAN_POINT ( 'NONE',  ( -0.03838582677165354451, 0.6456692913385827515, 0.4094488188976377896 ) ) ;
#8247 = EDGE_CURVE ( 'NONE', #9382, #8470, #1064, .T. ) ;
#8248 = VERTEX_POINT ( 'NONE', #3403 ) ;
#8249 = VECTOR ( 'NONE', #10368, 39.37007874015748854 ) ;
#8250 = DIRECTION ( 'NONE',  ( 0.000000000000000000, 3.469446951953565279E-15, -1.000000000000000000 ) ) ;
#8251 = DIRECTION ( 'NONE',  ( 0.000000000000000000, -1.000000000000000000, 0.000000000000000000 ) ) ;
#8252 = EDGE_CURVE ( 'NONE', #6114, #5944, #200, .T. ) ;
#8253 = DIRECTION ( 'NONE',  ( -3.707644274607585534E-15, 0.000000000000000000, -1.000000000000000000 ) ) ;
#8254 = DIRECTION ( 'NONE',  ( 0.000000000000000000, 0.000000000000000000, 1.000000000000000000 ) ) ;
#8255 = EDGE_CURVE ( 'NONE', #8261, #1083, #7645, .T. ) ;
#8256 = LINE ( 'NONE', #817, #2744 ) ;
#8257 = ADVANCED_FACE ( 'NONE', ( #1931 ), #5920, .T. ) ;
#8258 = VERTEX_POINT ( 'NONE', #3557 ) ;
#8259 = ORIENTED_EDGE ( 'NONE', *, *, #833, .F. ) ;
#8260 = PLANE ( 'NONE',  #8860 ) ;
#8261 = VERTEX_POINT ( 'NONE', #5166 ) ;
#8262 = PERSON_AND_ORGANIZATION ( #8048, #9148 ) ;
#8263 = VERTEX_POINT ( 'NONE', #260 ) ;
#8264 = CARTESIAN_POINT ( 'NONE',  ( 0.1732283464566929387, 0.7913385826771653919, -0.5354330708661416693 ) ) ;
#8265 = DIRECTION ( 'NONE',  ( -1.000000000000000000, 0.000000000000000000, 0.000000000000000000 ) ) ;
#8266 = EDGE_CURVE ( 'NONE', #130, #9262, #5115, .T. ) ;
#8267 = CARTESIAN_POINT ( 'NONE',  ( -0.2204724409448818867, 0.7913385826771653919, -0.5826771653543307838 ) ) ;
#8268 = DIRECTION ( 'NONE',  ( 0.000000000000000000, -1.000000000000000000, 0.000000000000000000 ) ) ;
#8269 = LINE ( 'NONE', #1803, #7662 ) ;
#8270 = ORIENTED_EDGE ( 'NONE', *, *, #8468, .F. ) ;
#8271 = LINE ( 'NONE', #9403, #8021 ) ;
#8272 = VERTEX_POINT ( 'NONE', #5865 ) ;
#8273 = DIRECTION ( 'NONE',  ( 0.000000000000000000, 0.000000000000000000, 1.000000000000000000 ) ) ;
#8274 = VERTEX_POINT ( 'NONE', #9921 ) ;
#8275 = CARTESIAN_POINT ( 'NONE',  ( 0.3523622047244094335, 0.000000000000000000, -0.9448818897637796255 ) ) ;
#8276 = EDGE_LOOP ( 'NONE', ( #1244, #2359, #6263, #2877 ) ) ;
#8277 = EDGE_LOOP ( 'NONE', ( #9088, #1934, #2709 ) ) ;
#8278 = LINE ( 'NONE', #2416, #3523 ) ;
#8279 = ADVANCED_FACE ( 'NONE', ( #155 ), #6831, .T. ) ;
#8280 = EDGE_CURVE ( 'NONE', #6046, #10294, #104, .T. ) ;
#8281 = DIRECTION ( 'NONE',  ( 1.000000000000000000, 0.000000000000000000, 0.000000000000000000 ) ) ;
#8282 = DIRECTION ( 'NONE',  ( 0.000000000000000000, -1.000000000000000000, 0.000000000000000000 ) ) ;
#8283 = CARTESIAN_POINT ( 'NONE',  ( -0.07874015748031495954, 0.1062992125984252023, 0.3858267716535432879 ) ) ;
#8284 = FACE_OUTER_BOUND ( 'NONE', #5511, .T. ) ;
#8285 = LINE ( 'NONE', #896, #6190 ) ;
#8286 = CC_DESIGN_APPROVAL ( #6266, ( #8175 ) ) ;
#8287 = CARTESIAN_POINT ( 'NONE',  ( 0.03838582677165354451, 0.6062992125984252301, 0.7165354330708662012 ) ) ;
#8288 = ORIENTED_EDGE ( 'NONE', *, *, #10344, .F. ) ;
#8289 = CARTESIAN_POINT ( 'NONE',  ( 0.1968503937007874127, 0.7440944881889763884, -0.6200787401574803237 ) ) ;
#8290 = VERTEX_POINT ( 'NONE', #5216 ) ;
#8291 = CARTESIAN_POINT ( 'NONE',  ( -0.04330708661417323468, 0.1850393700787401619, 0.1279527559055118058 ) ) ;
#8292 = CARTESIAN_POINT ( 'NONE',  ( 0.3937401574803149340, 1.169291338582645778, -0.9448818897637796255 ) ) ;
#8293 = LINE ( 'NONE', #907, #10404 ) ;
#8294 = CARTESIAN_POINT ( 'NONE',  ( 0.03838582677165354451, 0.5472440944881890035, -0.9448818897637796255 ) ) ;
#8295 = DIRECTION ( 'NONE',  ( 0.000000000000000000, -1.788374717501859835E-16, -1.000000000000000000 ) ) ;
#8296 = B_SPLINE_CURVE_WITH_KNOTS ( 'NONE', 3,
 ( #3131, #7976, #9816, #592 ),
 .UNSPECIFIED., .F., .F.,
 ( 4, 4 ),
 ( 0.000000000000000000, 1.000000000000000000 ),
 .UNSPECIFIED. ) ;
#8297 = ORIENTED_EDGE ( 'NONE', *, *, #6784, .T. ) ;
#8298 = ADVANCED_FACE ( 'NONE', ( #4256 ), #8452, .T. ) ;
#8299 = CARTESIAN_POINT ( 'NONE',  ( -0.3523622047244094335, -0.09055118110236221041, -0.4677695532303149939 ) ) ;
#8300 = DIRECTION ( 'NONE',  ( 0.000000000000000000, 1.000000000000000000, 0.000000000000000000 ) ) ;
#8301 = DIRECTION ( 'NONE',  ( 0.000000000000000000, -1.000000000000000000, 0.000000000000000000 ) ) ;
#8302 = LINE ( 'NONE', #6638, #9871 ) ;
#8303 = FACE_OUTER_BOUND ( 'NONE', #6366, .T. ) ;
#8304 = ORIENTED_EDGE ( 'NONE', *, *, #6914, .T. ) ;
#8305 = VERTEX_POINT ( 'NONE', #1013 ) ;
#8306 = VECTOR ( 'NONE', #7174, 39.37007874015748143 ) ;
#8307 = VECTOR ( 'NONE', #8890, 39.37007874015748143 ) ;
#8308 = DIRECTION ( 'NONE',  ( 0.000000000000000000, 0.000000000000000000, 1.000000000000000000 ) ) ;
#8309 = VERTEX_POINT ( 'NONE', #4149 ) ;
#8310 = EDGE_CURVE ( 'NONE', #3784, #1226, #47, .T. ) ;
#8311 = ADVANCED_FACE ( 'NONE', ( #9264 ), #1881, .T. ) ;
#8312 = EDGE_LOOP ( 'NONE', ( #4390, #3680, #9967, #7254 ) ) ;
#8313 = EDGE_CURVE ( 'NONE', #1487, #2959, #960, .T. ) ;
#8314 = VECTOR ( 'NONE', #10314, 39.37007874015748143 ) ;
#8315 = FACE_OUTER_BOUND ( 'NONE', #1299, .T. ) ;
#8316 = CARTESIAN_POINT ( 'NONE',  ( -0.04330708661417323468, -0.07573371510378562599, 0.05511811023622306682 ) ) ;
#8317 = DIRECTION ( 'NONE',  ( 4.015563601798164685E-17, 0.000000000000000000, -1.000000000000000000 ) ) ;
#8318 = VECTOR ( 'NONE', #7859, 39.37007874015748143 ) ;
#8319 = CARTESIAN_POINT ( 'NONE',  ( -0.2204724409448818867, 1.307328710460744059, 0.4433311932543322897 ) ) ;
#8320 = VERTEX_POINT ( 'NONE', #8562 ) ;
#8321 = FACE_OUTER_BOUND ( 'NONE', #7842, .T. ) ;
#8322 = VERTEX_POINT ( 'NONE', #7920 ) ;
#8323 = CARTESIAN_POINT ( 'NONE',  ( -0.2362204724409449064, 1.137795275590551158, 0.05511811023622047168 ) ) ;
#8324 = CIRCLE ( 'NONE', #6608, 0.06102362204724406936 ) ;
#8325 = EDGE_LOOP ( 'NONE', ( #9780, #7696, #7036, #8602, #7584, #2381, #402, #2620 ) ) ;
#8326 = ADVANCED_FACE ( 'NONE', ( #9371 ), #10406, .T. ) ;
#8327 = LINE ( 'NONE', #945, #4673 ) ;
#8328 = ORIENTED_EDGE ( 'NONE', *, *, #408, .T. ) ;
#8329 = AXIS2_PLACEMENT_3D ( 'NONE', #1807, #10048, #7620 ) ;
#8330 = ORIENTED_EDGE ( 'NONE', *, *, #9770, .T. ) ;
#8331 = FACE_OUTER_BOUND ( 'NONE', #8650, .T. ) ;
#8332 = CARTESIAN_POINT ( 'NONE',  ( 0.03838582677165354451, 0.8464566929133857665, -0.9212598425196850682 ) ) ;
#8333 = LINE ( 'NONE', #1000, #8695 ) ;
#8334 = CARTESIAN_POINT ( 'NONE',  ( 0.03838582677165354451, 0.6062992125984252301, -0.6968503937007873850 ) ) ;
#8335 = LINE ( 'NONE', #8389, #1376 ) ;
#8336 = VECTOR ( 'NONE', #8097, 39.37007874015748143 ) ;
#8337 = CIRCLE ( 'NONE', #3701, 0.06102362204724406936 ) ;
#8338 = AXIS2_PLACEMENT_3D ( 'NONE', #7256, #8117, #3227 ) ;
#8339 = VECTOR ( 'NONE', #3674, 39.37007874015748143 ) ;
#8340 = EDGE_CURVE ( 'NONE', #7624, #2533, #2583, .T. ) ;
#8341 = CARTESIAN_POINT ( 'NONE',  ( -0.07874015748031495954, 0.1850393700787401619, -0.6377952755905511584 ) ) ;
#8342 = VERTEX_POINT ( 'NONE', #4636 ) ;
#8343 = DIRECTION ( 'NONE',  ( 0.000000000000000000, 1.000000000000000000, 0.000000000000000000 ) ) ;
#8344 = VECTOR ( 'NONE', #9102, 39.37007874015748143 ) ;
#8345 = AXIS2_PLACEMENT_3D ( 'NONE', #1607, #4841, #5646 ) ;
#8346 = ORIENTED_EDGE ( 'NONE', *, *, #8030, .T. ) ;
#8347 = DIRECTION ( 'NONE',  ( 1.000000000000000000, 0.000000000000000000, 0.000000000000000000 ) ) ;
#8348 = DIRECTION ( 'NONE',  ( 0.000000000000000000, -1.000000000000000000, 0.000000000000000000 ) ) ;
#8349 = LINE ( 'NONE', #5866, #2993 ) ;
#8350 = CARTESIAN_POINT ( 'NONE',  ( 0.1968503937007874127, 0.7913385826771653919, -0.5590551181102362266 ) ) ;
#8351 = VERTEX_POINT ( 'NONE', #6939 ) ;
#8352 = VECTOR ( 'NONE', #5090, 39.37007874015748143 ) ;
#8353 = EDGE_CURVE ( 'NONE', #2026, #2767, #2860, .T. ) ;
#8354 = EDGE_CURVE ( 'NONE', #5815, #3386, #7869, .T. ) ;
#8355 = CARTESIAN_POINT ( 'NONE',  ( 0.03838582677165354451, 0.8464566929133857665, 0.9212598425196850682 ) ) ;
#8356 = DIRECTION ( 'NONE',  ( 0.000000000000000000, -1.000000000000000000, 0.000000000000000000 ) ) ;
#8357 = DIRECTION ( 'NONE',  ( 0.000000000000000000, -1.213093339843927959E-15, -1.000000000000000000 ) ) ;
#8358 = CARTESIAN_POINT ( 'NONE',  ( -0.1090029729687153892, 1.302196153330390738, 0.04705065660423463081 ) ) ;
#8359 = CARTESIAN_POINT ( 'NONE',  ( -0.3937007874015748254, 0.1850393700787401619, -0.9448818897637796255 ) ) ;
#8360 = EDGE_LOOP ( 'NONE', ( #6551, #6043, #8813, #4466, #9236, #5340, #2076, #556, #146, #6148, #2062 ) ) ;
#8361 = EDGE_CURVE ( 'NONE', #6669, #7392, #6138, .T. ) ;
#8362 = ORIENTED_EDGE ( 'NONE', *, *, #7204, .T. ) ;
#8363 = PLANE ( 'NONE',  #7133 ) ;
#8364 = ORIENTED_EDGE ( 'NONE', *, *, #2287, .F. ) ;
#8365 = DIRECTION ( 'NONE',  ( -1.000000000000000000, 0.000000000000000000, 0.000000000000000000 ) ) ;
#8366 = ORIENTED_EDGE ( 'NONE', *, *, #6437, .F. ) ;
#8367 = VECTOR ( 'NONE', #997, 39.37007874015748143 ) ;
#8368 = PLANE ( 'NONE',  #4784 ) ;
#8369 = CARTESIAN_POINT ( 'NONE',  ( -0.1968503937007874127, 0.6456692913385827515, -0.5590551181102362266 ) ) ;
#8370 = CARTESIAN_POINT ( 'NONE',  ( 0.3798818897637795122, 0.5472440944881890035, 0.9448818897637796255 ) ) ;
#8371 = CARTESIAN_POINT ( 'NONE',  ( -0.07874015748031495954, 0.1062992125984252023, 0.2952755905511810774 ) ) ;
#8372 = VERTEX_POINT ( 'NONE', #314 ) ;
#8373 = AXIS2_PLACEMENT_3D ( 'NONE', #6893, #10191, #2810 ) ;
#8374 = EDGE_CURVE ( 'NONE', #2033, #7624, #7752, .T. ) ;
#8375 = CARTESIAN_POINT ( 'NONE',  ( -0.2933070866141732624, 0.000000000000000000, 0.2952755905511810774 ) ) ;
#8376 = VECTOR ( 'NONE', #7185, 39.37007874015748854 ) ;
#8377 = ORIENTED_EDGE ( 'NONE', *, *, #3890, .F. ) ;
#8378 = EDGE_CURVE ( 'NONE', #7152, #646, #6305, .T. ) ;
#8379 = DIRECTION ( 'NONE',  ( 0.000000000000000000, 0.000000000000000000, -1.000000000000000000 ) ) ;
#8380 = ORIENTED_EDGE ( 'NONE', *, *, #8691, .F. ) ;
#8381 = CARTESIAN_POINT ( 'NONE',  ( 0.07874015748031495954, 0.1062992125984252023, 0.3937007874015748254 ) ) ;
#8382 = ORIENTED_EDGE ( 'NONE', *, *, #3138, .F. ) ;
#8383 = ORIENTED_EDGE ( 'NONE', *, *, #407, .F. ) ;
#8384 = LINE ( 'NONE', #5100, #4563 ) ;
#8385 = CARTESIAN_POINT ( 'NONE',  ( -0.1968503937007874127, 0.8385826771609488084, -0.5354330708661416693 ) ) ;
#8386 = CARTESIAN_POINT ( 'NONE',  ( -0.01968503937007873988, -0.05118110236220472370, 0.2952755905511810774 ) ) ;
#8387 = EDGE_CURVE ( 'NONE', #5785, #1315, #2971, .T. ) ;
#8388 = CARTESIAN_POINT ( 'NONE',  ( 0.3937007874015748254, 0.1850393700787401619, -0.4881889763779527769 ) ) ;
#8389 = CARTESIAN_POINT ( 'NONE',  ( 0.2204724409448818867, 0.6456692913385827515, 0.6747790429661338907 ) ) ;
#8390 = AXIS2_PLACEMENT_3D ( 'NONE', #8215, #3959, #6485 ) ;
#8391 = CARTESIAN_POINT ( 'NONE',  ( 0.2204724409448818867, 0.8385826771609488084, 0.5590551181102362266 ) ) ;
#8392 = ORIENTED_EDGE ( 'NONE', *, *, #8956, .F. ) ;
#8393 = VERTEX_POINT ( 'NONE', #4520 ) ;
#8394 = CARTESIAN_POINT ( 'NONE',  ( 0.000000000000000000, 0.4685039370078740717, 0.000000000000000000 ) ) ;
#8395 = VECTOR ( 'NONE', #9436, 39.37007874015748143 ) ;
#8396 = ORIENTED_EDGE ( 'NONE', *, *, #1730, .T. ) ;
#8397 = CARTESIAN_POINT ( 'NONE',  ( 0.000000000000000000, 0.000000000000000000, -0.4881889763779527769 ) ) ;
#8398 = EDGE_CURVE ( 'NONE', #1844, #369, #3778, .T. ) ;
#8399 = CARTESIAN_POINT ( 'NONE',  ( -0.4708673554918000326, 0.1850393700787401619, -0.6730264953182382159 ) ) ;
#8400 = DIRECTION ( 'NONE',  ( 0.000000000000000000, 1.788374717501859835E-16, 1.000000000000000000 ) ) ;
#8401 = CARTESIAN_POINT ( 'NONE',  ( -0.1732283464566929387, 0.7913385826771653919, -0.6747790429661397749 ) ) ;
#8402 = ORIENTED_EDGE ( 'NONE', *, *, #6523, .T. ) ;
#8403 = ORIENTED_EDGE ( 'NONE', *, *, #8087, .F. ) ;
#8404 = VECTOR ( 'NONE', #1569, 39.37007874015748143 ) ;
#8405 = DIRECTION ( 'NONE',  ( 0.000000000000000000, 1.000000000000000000, -3.469446951953565279E-15 ) ) ;
#8406 = CARTESIAN_POINT ( 'NONE',  ( -0.2657480314960630197, 0.7913385826771653919, 0.5826771653543307838 ) ) ;
#8407 = EDGE_CURVE ( 'NONE', #5418, #2207, #7809, .T. ) ;
#8408 = DIRECTION ( 'NONE',  ( 0.000000000000000000, -1.000000000000000000, 0.000000000000000000 ) ) ;
#8409 = EDGE_CURVE ( 'NONE', #10108, #7181, #10301, .T. ) ;
#8410 = LINE ( 'NONE', #1023, #7458 ) ;
#8411 = PLANE ( 'NONE',  #6520 ) ;
#8412 = EDGE_LOOP ( 'NONE', ( #3603, #2118, #10328, #2619 ) ) ;
#8413 = VECTOR ( 'NONE', #9658, 39.37007874015748143 ) ;
#8414 = ORIENTED_EDGE ( 'NONE', *, *, #7031, .T. ) ;
#8415 = VECTOR ( 'NONE', #2370, 39.37007874015748143 ) ;
#8416 = DIRECTION ( 'NONE',  ( -1.000000000000000000, 0.000000000000000000, 0.000000000000000000 ) ) ;
#8417 = ORIENTED_EDGE ( 'NONE', *, *, #4642, .F. ) ;
#8418 = CARTESIAN_POINT ( 'NONE',  ( 0.07874015748031495954, 0.1062992125984252023, 0.3937007874015748254 ) ) ;
#8419 = ORIENTED_EDGE ( 'NONE', *, *, #9226, .F. ) ;
#8420 = CARTESIAN_POINT ( 'NONE',  ( 0.000000000000000000, 1.303149606299212504, -0.1476377952755905387 ) ) ;
#8421 = DIRECTION ( 'NONE',  ( -1.000000000000000000, 0.000000000000000000, 0.000000000000000000 ) ) ;
#8422 = CARTESIAN_POINT ( 'NONE',  ( -0.03838582677165354451, 0.1850393700787401619, 0.6377952755905511584 ) ) ;
#8423 = CARTESIAN_POINT ( 'NONE',  ( -0.07874015748031495954, 0.6062992125984252301, -0.1476377952755905387 ) ) ;
#8424 = ORIENTED_EDGE ( 'NONE', *, *, #5106, .F. ) ;
#8425 = CARTESIAN_POINT ( 'NONE',  ( 0.3641513641753465480, 0.1850393700787401619, -0.4881889763779527769 ) ) ;
#8426 = VERTEX_POINT ( 'NONE', #9597 ) ;
#8427 = PLANE ( 'NONE',  #6275 ) ;
#8428 = VERTEX_POINT ( 'NONE', #9429 ) ;
#8429 = LINE ( 'NONE', #9189, #694 ) ;
#8430 = ORIENTED_EDGE ( 'NONE', *, *, #247, .F. ) ;
#8431 = ORIENTED_EDGE ( 'NONE', *, *, #9010, .T. ) ;
#8432 =( BOUNDED_SURFACE ( )  B_SPLINE_SURFACE ( 3, 3, ( 
 ( #4366, #9441, #2059, #7659 ),
 ( #8629, #437, #2929, #9496 ),
 ( #5395, #2173, #6841, #2760 ),
 ( #10137, #6040, #1135, #7714 ) ),
 .UNSPECIFIED., .F., .F., .F. ) 
 B_SPLINE_SURFACE_WITH_KNOTS ( ( 4, 4 ),
 ( 4, 4 ),
 ( 0.000000000000000000, 1.000000000000000000 ),
 ( 0.000000000000000000, 1.000000000000000000 ),
 .UNSPECIFIED. ) 
 GEOMETRIC_REPRESENTATION_ITEM ( )  RATIONAL_B_SPLINE_SURFACE ( (
 ( 1.000000000000000000, 0.8047378541243649375, 0.8047378541243649375, 1.000000000000000000),
 ( 0.8025111867385910092, 0.6458111303268110337, 0.6458111303268110337, 0.8025111867385910092),
 ( 0.8025111867385910092, 0.6458111303268110337, 0.6458111303268110337, 0.8025111867385910092),
 ( 1.000000000000000000, 0.8047378541243649375, 0.8047378541243649375, 1.000000000000000000) ) ) 
 REPRESENTATION_ITEM ( '' )  SURFACE ( )  );
#8433 = ADVANCED_FACE ( 'NONE', ( #1294 ), #5334, .T. ) ;
#8434 = DIRECTION ( 'NONE',  ( 0.000000000000000000, -3.965082230804150336E-15, 1.000000000000000000 ) ) ;
#8435 = FACE_OUTER_BOUND ( 'NONE', #6925, .T. ) ;
#8436 = CARTESIAN_POINT ( 'NONE',  ( 0.03838582677165354451, 1.027559055118110409, 0.4094488188976377896 ) ) ;
#8437 = FACE_OUTER_BOUND ( 'NONE', #3955, .T. ) ;
#8438 = ORIENTED_EDGE ( 'NONE', *, *, #833, .T. ) ;
#8439 = DIRECTION ( 'NONE',  ( 0.000000000000000000, 0.000000000000000000, -1.000000000000000000 ) ) ;
#8440 = CARTESIAN_POINT ( 'NONE',  ( -0.03838582677165354451, -0.1102362204724409434, -0.4251968503937008093 ) ) ;
#8441 = VECTOR ( 'NONE', #1004, 39.37007874015748143 ) ;
#8442 = LINE ( 'NONE', #6767, #5900 ) ;
#8443 = VERTEX_POINT ( 'NONE', #7056 ) ;
#8444 = EDGE_LOOP ( 'NONE', ( #518, #2343, #1518, #1702 ) ) ;
#8445 = ADVANCED_FACE ( 'NONE', ( #8506 ), #2159, .F. ) ;
#8446 = EDGE_CURVE ( 'NONE', #1599, #7406, #3831, .T. ) ;
#8447 = CARTESIAN_POINT ( 'NONE',  ( 0.2933070866141732624, 0.1850393700787401619, 0.2952755905511810774 ) ) ;
#8448 = ADVANCED_FACE ( 'NONE', ( #2101 ), #4585, .T. ) ;
#8449 = ORIENTED_EDGE ( 'NONE', *, *, #4099, .F. ) ;
#8450 = PLANE ( 'NONE',  #3493 ) ;
#8451 = CC_DESIGN_APPROVAL ( #7382, ( #1047 ) ) ;
#8452 = PLANE ( 'NONE',  #10589 ) ;
#8453 = CARTESIAN_POINT ( 'NONE',  ( 0.3937007874015748254, 0.4905511811023622326, 0.6968503937007873850 ) ) ;
#8454 = FACE_OUTER_BOUND ( 'NONE', #1824, .T. ) ;
#8455 = ORIENTED_EDGE ( 'NONE', *, *, #1631, .T. ) ;
#8456 = ADVANCED_FACE ( 'NONE', ( #10459 ), #736, .T. ) ;
#8457 = LINE ( 'NONE', #2923, #6097 ) ;
#8458 = CARTESIAN_POINT ( 'NONE',  ( -0.03838582677165354451, 0.1850393700787401619, -0.6968503937007873850 ) ) ;
#8459 = VERTEX_POINT ( 'NONE', #8184 ) ;
#8460 = CARTESIAN_POINT ( 'NONE',  ( -0.3937007874015748254, 0.1850393700787401619, -0.6968503937007873850 ) ) ;
#8461 = CARTESIAN_POINT ( 'NONE',  ( -0.2952755905511810774, 1.137795275590551158, 0.01968503937007873988 ) ) ;
#8462 = DIRECTION ( 'NONE',  ( -1.000000000000000000, 0.000000000000000000, 0.000000000000000000 ) ) ;
#8463 = LINE ( 'NONE', #1024, #4981 ) ;
#8464 = VERTEX_POINT ( 'NONE', #5495 ) ;
#8465 = VERTEX_POINT ( 'NONE', #3173 ) ;
#8466 = PLANE ( 'NONE',  #8503 ) ;
#8467 = VERTEX_POINT ( 'NONE', #8072 ) ;
#8468 = EDGE_CURVE ( 'NONE', #6153, #1018, #4742, .T. ) ;
#8469 = EDGE_CURVE ( 'NONE', #4516, #2217, #1450, .T. ) ;
#8470 = VERTEX_POINT ( 'NONE', #9805 ) ;
#8471 = DIRECTION ( 'NONE',  ( 0.000000000000000000, -1.213093339843927959E-15, -1.000000000000000000 ) ) ;
#8472 = DIRECTION ( 'NONE',  ( 0.000000000000000000, -1.000000000000000000, -3.965082230804150336E-15 ) ) ;
#8473 = CARTESIAN_POINT ( 'NONE',  ( -0.3577200857378535215, 1.287401574803149540, 0.5629921259842519676 ) ) ;
#8474 = FACE_OUTER_BOUND ( 'NONE', #8017, .T. ) ;
#8475 = ORIENTED_EDGE ( 'NONE', *, *, #1950, .F. ) ;
#8476 = CARTESIAN_POINT ( 'NONE',  ( -0.1968503937007874127, 0.8385826771609488084, -0.5590551181102362266 ) ) ;
#8477 = ORIENTED_EDGE ( 'NONE', *, *, #1009, .T. ) ;
#8478 = CARTESIAN_POINT ( 'NONE',  ( -0.2933070866141732624, -0.09055118110236221041, 0.2952755905511810774 ) ) ;
#8479 = ORIENTED_EDGE ( 'NONE', *, *, #730, .F. ) ;
#8480 = EDGE_CURVE ( 'NONE', #8827, #2405, #5541, .T. ) ;
#8481 = ADVANCED_FACE ( 'NONE', ( #4088 ), #3977, .T. ) ;
#8482 = DIRECTION ( 'NONE',  ( 1.000000000000000000, 0.000000000000000000, 0.000000000000000000 ) ) ;
#8483 = VECTOR ( 'NONE', #5011, 39.37007874015748143 ) ;
#8484 = ORIENTED_EDGE ( 'NONE', *, *, #4322, .F. ) ;
#8485 = VERTEX_POINT ( 'NONE', #2419 ) ;
#8486 = DIRECTION ( 'NONE',  ( 0.000000000000000000, -1.000000000000000000, 0.000000000000000000 ) ) ;
#8487 = AXIS2_PLACEMENT_3D ( 'NONE', #7212, #8782, #1556 ) ;
#8488 = DIRECTION ( 'NONE',  ( 0.000000000000000000, 1.000000000000000000, 0.000000000000000000 ) ) ;
#8489 = CARTESIAN_POINT ( 'NONE',  ( -0.04330708661417323468, -0.04527559055118110520, 0.1279527559055118058 ) ) ;
#8490 = LINE ( 'NONE', #4341, #6116 ) ;
#8491 = EDGE_LOOP ( 'NONE', ( #5346, #1364, #5452, #3551, #3695, #7336, #1389, #2977, #6962, #8544, #8853, #10435, #7173, #5899 ) ) ;
#8492 = AXIS2_PLACEMENT_3D ( 'NONE', #9372, #2749, #1991 ) ;
#8493 = LINE ( 'NONE', #7910, #6634 ) ;
#8494 = EDGE_CURVE ( 'NONE', #8274, #3020, #8939, .T. ) ;
#8495 = AXIS2_PLACEMENT_3D ( 'NONE', #6493, #2458, #9794 ) ;
#8496 = DIRECTION ( 'NONE',  ( 0.000000000000000000, 0.000000000000000000, 1.000000000000000000 ) ) ;
#8497 = EDGE_LOOP ( 'NONE', ( #10537, #2721, #1823, #25 ) ) ;
#8498 = VERTEX_POINT ( 'NONE', #6557 ) ;
#8499 = LINE ( 'NONE', #361, #10063 ) ;
#8500 = CIRCLE ( 'NONE', #10049, 0.1279527559055117780 ) ;
#8501 = VECTOR ( 'NONE', #7247, 39.37007874015748143 ) ;
#8502 = VERTEX_POINT ( 'NONE', #4029 ) ;
#8503 = AXIS2_PLACEMENT_3D ( 'NONE', #2879, #6796, #2712 ) ;
#8504 = PLANE ( 'NONE',  #9170 ) ;
#8505 = VECTOR ( 'NONE', #5455, 39.37007874015748143 ) ;
#8506 = FACE_OUTER_BOUND ( 'NONE', #3773, .T. ) ;
#8507 = CARTESIAN_POINT ( 'NONE',  ( 0.3798818897637795122, 0.5472440944881890035, -0.9448818897637796255 ) ) ;
#8508 = DIRECTION ( 'NONE',  ( 0.000000000000000000, 0.000000000000000000, -1.000000000000000000 ) ) ;
#8509 = EDGE_CURVE ( 'NONE', #6669, #3491, #5596, .T. ) ;
#8510 = ADVANCED_FACE ( 'NONE', ( #7321 ), #10617, .T. ) ;
#8511 = ORIENTED_EDGE ( 'NONE', *, *, #4999, .F. ) ;
#8512 = AXIS2_PLACEMENT_3D ( 'NONE', #6193, #5379, #8727 ) ;
#8513 = VECTOR ( 'NONE', #3254, 39.37007874015748143 ) ;
#8514 = VECTOR ( 'NONE', #5808, 39.37007874015748143 ) ;
#8515 = DIRECTION ( 'NONE',  ( 0.000000000000000000, 0.000000000000000000, -1.000000000000000000 ) ) ;
#8516 = FACE_OUTER_BOUND ( 'NONE', #5377, .T. ) ;
#8518 = ORIENTED_EDGE ( 'NONE', *, *, #7069, .T. ) ;
#8517 = ORIENTED_EDGE ( 'NONE', *, *, #4417, .T. ) ;
#8519 = CARTESIAN_POINT ( 'NONE',  ( -0.3937007874015748254, 0.1850393700787401619, 0.9448818897637796255 ) ) ;
#8520 = CARTESIAN_POINT ( 'NONE',  ( 0.1968503937007874127, 0.7440944881889763884, -0.6771653543307086798 ) ) ;
#8521 = CARTESIAN_POINT ( 'NONE',  ( -0.07874015748031495954, -0.05118110236220472370, 0.3976377952755905665 ) ) ;
#8522 = CARTESIAN_POINT ( 'NONE',  ( 0.3937007874015748254, -0.09055118110236221041, -0.6968503937007873850 ) ) ;
#8523 = AXIS2_PLACEMENT_3D ( 'NONE', #2201, #8925, #7908 ) ;
#8524 = ORIENTED_EDGE ( 'NONE', *, *, #6006, .T. ) ;
#8525 = EDGE_CURVE ( 'NONE', #441, #3819, #10671, .T. ) ;
#8526 = EDGE_LOOP ( 'NONE', ( #7621, #445, #4447, #4884, #7950, #9, #6426, #9469, #8208, #4288 ) ) ;
#8527 = CARTESIAN_POINT ( 'NONE',  ( -0.3740157480314960647, 1.283464566929133799, 0.03543307086614173179 ) ) ;
#8528 = ORIENTED_EDGE ( 'NONE', *, *, #10451, .F. ) ;
#8529 = VERTEX_POINT ( 'NONE', #8991 ) ;
#8530 = VECTOR ( 'NONE', #10170, 39.37007874015748143 ) ;
#8531 = DIRECTION ( 'NONE',  ( 0.000000000000000000, -1.000000000000000000, 0.000000000000000000 ) ) ;
#8532 = DIRECTION ( 'NONE',  ( 1.000000000000000000, 0.000000000000000000, 0.000000000000000000 ) ) ;
#8533 = CARTESIAN_POINT ( 'NONE',  ( -0.2204724409448818867, 1.307328710460744059, -0.5826771653543307838 ) ) ;
#8534 = LINE ( 'NONE', #9340, #10320 ) ;
#8535 = VERTEX_POINT ( 'NONE', #6351 ) ;
#8536 = EDGE_CURVE ( 'NONE', #10197, #9225, #1503, .T. ) ;
#8537 = DIRECTION ( 'NONE',  ( -1.000000000000000000, 0.000000000000000000, 0.000000000000000000 ) ) ;
#8538 = VERTEX_POINT ( 'NONE', #9647 ) ;
#8539 = DIRECTION ( 'NONE',  ( 1.000000000000000000, 0.000000000000000000, 0.000000000000000000 ) ) ;
#8540 = AXIS2_PLACEMENT_3D ( 'NONE', #10362, #6202, #7709 ) ;
#8541 = EDGE_LOOP ( 'NONE', ( #232, #4625, #2114, #6482 ) ) ;
#8542 = FACE_OUTER_BOUND ( 'NONE', #2604, .T. ) ;
#8543 = ORIENTED_EDGE ( 'NONE', *, *, #3806, .F. ) ;
#8544 = ORIENTED_EDGE ( 'NONE', *, *, #512, .F. ) ;
#8545 = CARTESIAN_POINT ( 'NONE',  ( 0.1968503937007874127, 0.7913385826771653919, 0.5590551181102362266 ) ) ;
#8546 = CARTESIAN_POINT ( 'NONE',  ( 0.1732283464566929387, 1.307328710460744059, -0.5354330708661416693 ) ) ;
#8547 = AXIS2_PLACEMENT_3D ( 'NONE', #3424, #125, #8472 ) ;
#8548 = DIRECTION ( 'NONE',  ( -3.707644274607580800E-15, 0.000000000000000000, -1.000000000000000000 ) ) ;
#8549 = DIRECTION ( 'NONE',  ( 0.000000000000000000, 0.000000000000000000, 1.000000000000000000 ) ) ;
#8550 = ORIENTED_EDGE ( 'NONE', *, *, #8634, .F. ) ;
#8551 = EDGE_CURVE ( 'NONE', #8535, #3272, #10554, .T. ) ;
#8552 = EDGE_CURVE ( 'NONE', #6222, #10123, #9690, .T. ) ;
#8553 = LINE ( 'NONE', #7795, #2489 ) ;
#8554 = LINE ( 'NONE', #4406, #8318 ) ;
#8555 = AXIS2_PLACEMENT_3D ( 'NONE', #9163, #162, #6732 ) ;
#8556 = PLANE ( 'NONE',  #10357 ) ;
#8557 = ORIENTED_EDGE ( 'NONE', *, *, #7292, .T. ) ;
#8558 = ORIENTED_EDGE ( 'NONE', *, *, #2535, .F. ) ;
#8559 = CARTESIAN_POINT ( 'NONE',  ( 0.1968503937007874127, 0.6456692913385827515, 0.6200787401574803237 ) ) ;
#8560 = VERTEX_POINT ( 'NONE', #8023 ) ;
#8561 = LINE ( 'NONE', #10299, #6756 ) ;
#8562 = CARTESIAN_POINT ( 'NONE',  ( -0.09842519685039370636, 1.137795275590551158, -0.03543307086614173179 ) ) ;
#8563 = LINE ( 'NONE', #5217, #9884 ) ;
#8564 = CARTESIAN_POINT ( 'NONE',  ( 0.07120858256432778532, 1.264792676106897718, 0.6360942317687607872 ) ) ;
#8565 = EDGE_CURVE ( 'NONE', #2629, #1599, #7260, .T. ) ;
#8566 = ORIENTED_EDGE ( 'NONE', *, *, #3653, .T. ) ;
#8567 = AXIS2_PLACEMENT_3D ( 'NONE', #123, #1901, #9335 ) ;
#8568 = CARTESIAN_POINT ( 'NONE',  ( -0.1968503937007874127, 0.8385826771609488084, -0.5590551181102362266 ) ) ;
#8569 = EDGE_CURVE ( 'NONE', #7359, #222, #4791, .T. ) ;
#8570 = PLANE ( 'NONE',  #4104 ) ;
#8571 = EDGE_CURVE ( 'NONE', #8426, #4153, #686, .T. ) ;
#8573 = ORIENTED_EDGE ( 'NONE', *, *, #3138, .T. ) ;
#8572 = ORIENTED_EDGE ( 'NONE', *, *, #9144, .T. ) ;
#8574 = PLANE ( 'NONE',  #2702 ) ;
#8575 = LINE ( 'NONE', #7763, #8339 ) ;
#8576 = LINE ( 'NONE', #4477, #4539 ) ;
#8577 = DIRECTION ( 'NONE',  ( -3.707644274607580800E-15, 0.000000000000000000, 1.000000000000000000 ) ) ;
#8578 = ORIENTED_EDGE ( 'NONE', *, *, #4463, .F. ) ;
#8579 = ORIENTED_EDGE ( 'NONE', *, *, #9076, .F. ) ;
#8580 = CYLINDRICAL_SURFACE ( 'NONE', #6931, 0.1279527559055117780 ) ;
#8581 = ORIENTED_EDGE ( 'NONE', *, *, #148, .T. ) ;
#8582 = ORIENTED_EDGE ( 'NONE', *, *, #1476, .T. ) ;
#8583 = EDGE_CURVE ( 'NONE', #1482, #9017, #2625, .T. ) ;
#8584 = ADVANCED_FACE ( 'NONE', ( #10061 ), #894, .T. ) ;
#8585 = CARTESIAN_POINT ( 'NONE',  ( 0.1358267716535433156, -0.09055118110236221041, -0.6377952755905511584 ) ) ;
#8586 = ADVANCED_FACE ( 'NONE', ( #6762 ), #9911, .F. ) ;
#8587 = DIRECTION ( 'NONE',  ( -1.000000000000000000, 0.000000000000000000, 0.000000000000000000 ) ) ;
#8588 = LINE ( 'NONE', #6323, #7146 ) ;
#8589 = LINE ( 'NONE', #1635, #1598 ) ;
#8590 = DIRECTION ( 'NONE',  ( 1.000000000000000000, 0.000000000000000000, 0.000000000000000000 ) ) ;
#8591 = ORIENTED_EDGE ( 'NONE', *, *, #10361, .F. ) ;
#8592 = VECTOR ( 'NONE', #6000, 39.37007874015748143 ) ;
#8593 = FACE_OUTER_BOUND ( 'NONE', #4917, .T. ) ;
#8594 = ORIENTED_EDGE ( 'NONE', *, *, #1761, .T. ) ;
#8595 = DIRECTION ( 'NONE',  ( 0.000000000000000000, 0.000000000000000000, -1.000000000000000000 ) ) ;
#8596 = ORIENTED_EDGE ( 'NONE', *, *, #9453, .T. ) ;
#8597 = LINE ( 'NONE', #5258, #8967 ) ;
#8598 = VERTEX_POINT ( 'NONE', #392 ) ;
#8599 = VERTEX_POINT ( 'NONE', #9962 ) ;
#8600 = ADVANCED_FACE ( 'NONE', ( #9096 ), #1819, .F. ) ;
#8601 = CARTESIAN_POINT ( 'NONE',  ( 0.03838582677165354451, 0.8464566929133857665, -0.8818897637795275468 ) ) ;
#8602 = ORIENTED_EDGE ( 'NONE', *, *, #3322, .F. ) ;
#8603 = LINE ( 'NONE', #7577, #8367 ) ;
#8604 = CARTESIAN_POINT ( 'NONE',  ( -0.2736220472440945017, 0.000000000000000000, 0.4881889763779527769 ) ) ;
#8605 = LINE ( 'NONE', #1052, #2164 ) ;
#8606 = ORIENTED_EDGE ( 'NONE', *, *, #8076, .T. ) ;
#8607 = PLANE ( 'NONE',  #8191 ) ;
#8608 = CARTESIAN_POINT ( 'NONE',  ( -0.2362204724409449064, 1.137795275590551158, 0.05511811023622047168 ) ) ;
#8609 = DIRECTION ( 'NONE',  ( 0.000000000000000000, 0.000000000000000000, 1.000000000000000000 ) ) ;
#8610 = ORIENTED_EDGE ( 'NONE', *, *, #9405, .T. ) ;
#8611 = ORIENTED_EDGE ( 'NONE', *, *, #4889, .F. ) ;
#8612 = ADVANCED_FACE ( 'NONE', ( #5104 ), #5964, .T. ) ;
#8613 = ADVANCED_FACE ( 'NONE', ( #191 ), #5856, .F. ) ;
#8614 = DIRECTION ( 'NONE',  ( 0.000000000000000000, 1.000000000000000000, 0.000000000000000000 ) ) ;
#8615 = ORIENTED_EDGE ( 'NONE', *, *, #3796, .T. ) ;
#8616 = DIRECTION ( 'NONE',  ( -1.000000000000000000, 0.000000000000000000, 3.707644274607580800E-15 ) ) ;
#8617 = CARTESIAN_POINT ( 'NONE',  ( -0.1732283464566929387, 1.307328710460744059, -0.5826771653543307838 ) ) ;
#8618 = CARTESIAN_POINT ( 'NONE',  ( -0.2204724409448818867, 0.7913385826771653919, 0.6747790429661338907 ) ) ;
#8619 = CARTESIAN_POINT ( 'NONE',  ( -0.1732283464566929387, 0.7913385826771653919, -0.5826771653543307838 ) ) ;
#8620 = AXIS2_PLACEMENT_3D ( 'NONE', #2205, #2151, #9590 ) ;
#8621 = ORIENTED_EDGE ( 'NONE', *, *, #5733, .F. ) ;
#8622 = ADVANCED_FACE ( 'NONE', ( #1870 ), #35, .T. ) ;
#8623 = DIRECTION ( 'NONE',  ( 1.000000000000000000, 0.000000000000000000, 0.000000000000000000 ) ) ;
#8624 = AXIS2_PLACEMENT_3D ( 'NONE', #7572, #3384, #135 ) ;
#8625 = DIRECTION ( 'NONE',  ( 0.000000000000000000, 0.000000000000000000, 1.000000000000000000 ) ) ;
#8626 = ORIENTED_EDGE ( 'NONE', *, *, #2537, .T. ) ;
#8627 = CARTESIAN_POINT ( 'NONE',  ( -0.07874015748031495954, -0.03543307086614212731, 0.1279527559055118058 ) ) ;
#8628 = CARTESIAN_POINT ( 'NONE',  ( 0.3149606299212598381, 0.6062992125984252301, 0.9448818897637796255 ) ) ;
#8629 = CARTESIAN_POINT ( 'NONE',  ( -0.3682501334879241806, 1.295082152667226483, 0.04935249569264863606 ) ) ;
#8630 = FACE_OUTER_BOUND ( 'NONE', #3951, .T. ) ;
#8631 = VERTEX_POINT ( 'NONE', #8388 ) ;
#8632 = ORIENTED_EDGE ( 'NONE', *, *, #10652, .F. ) ;
#8633 = VECTOR ( 'NONE', #3590, 39.37007874015748854 ) ;
#8634 = EDGE_CURVE ( 'NONE', #8465, #5941, #1667, .T. ) ;
#8635 = CARTESIAN_POINT ( 'NONE',  ( -0.3594842399173060477, 1.303149606299212504, 0.03543307086614172485 ) ) ;
#8636 = ORIENTED_EDGE ( 'NONE', *, *, #8647, .F. ) ;
#8637 = DATE_TIME_ROLE ( 'classification_date' ) ;
#8638 = VERTEX_POINT ( 'NONE', #4293 ) ;
#8639 = LINE ( 'NONE', #1250, #3075 ) ;
#8640 = LINE ( 'NONE', #4547, #3343 ) ;
#8641 = DIRECTION ( 'NONE',  ( 1.000000000000000000, 0.000000000000000000, 0.000000000000000000 ) ) ;
#8642 = FACE_OUTER_BOUND ( 'NONE', #2228, .T. ) ;
#8643 = CARTESIAN_POINT ( 'NONE',  ( -0.03838582677165354451, 0.6456692913385827515, 0.4094488188976377896 ) ) ;
#8644 = VERTEX_POINT ( 'NONE', #9145 ) ;
#8645 = DIRECTION ( 'NONE',  ( 0.000000000000000000, 1.000000000000000000, -1.334402673828312057E-15 ) ) ;
#8646 = EDGE_LOOP ( 'NONE', ( #3814, #6768, #9139, #2353 ) ) ;
#8647 = EDGE_CURVE ( 'NONE', #1674, #3944, #2470, .T. ) ;
#8648 = CARTESIAN_POINT ( 'NONE',  ( -0.07874015748031495954, 0.4855184551668063064, -0.1279527559055118058 ) ) ;
#8649 = EDGE_CURVE ( 'NONE', #10002, #1092, #10043, .T. ) ;
#8650 = EDGE_LOOP ( 'NONE', ( #654, #8288, #2436, #5321, #4013, #333, #4502, #7139, #4424, #6680, #4483, #6090, #380, #7783 ) ) ;
#8651 = LINE ( 'NONE', #5417, #2953 ) ;
#8652 = EDGE_LOOP ( 'NONE', ( #6084, #10218, #4865, #576 ) ) ;
#8653 = VERTEX_POINT ( 'NONE', #3334 ) ;
#8654 = DIRECTION ( 'NONE',  ( 0.000000000000000000, -1.000000000000000000, 0.000000000000000000 ) ) ;
#8655 = ORIENTED_EDGE ( 'NONE', *, *, #10388, .F. ) ;
#8656 = CARTESIAN_POINT ( 'NONE',  ( -0.03838582677165354451, 0.6062992125984252301, 0.7165354330708662012 ) ) ;
#8657 = LINE ( 'NONE', #8489, #8871 ) ;
#8658 = CARTESIAN_POINT ( 'NONE',  ( 0.3798818897637795122, 0.5472440944881890035, 0.9448818897637796255 ) ) ;
#8659 = ORIENTED_EDGE ( 'NONE', *, *, #1855, .T. ) ;
#8660 = DIRECTION ( 'NONE',  ( 0.000000000000000000, -1.000000000000000000, 0.000000000000000000 ) ) ;
#8661 = EDGE_CURVE ( 'NONE', #7392, #720, #6611, .T. ) ;
#8662 = AXIS2_PLACEMENT_3D ( 'NONE', #8533, #5303, #6274 ) ;
#8663 = CARTESIAN_POINT ( 'NONE',  ( -0.3764650071443455537, 1.289169118099218192, -0.04223849502948423540 ) ) ;
#8664 = VECTOR ( 'NONE', #3402, 39.37007874015748143 ) ;
#8665 = CARTESIAN_POINT ( 'NONE',  ( -0.03838582677165354451, 0.6062992125984252301, 0.6968503937007873850 ) ) ;
#8666 = VECTOR ( 'NONE', #3601, 39.37007874015748143 ) ;
#8667 = ORIENTED_EDGE ( 'NONE', *, *, #10106, .T. ) ;
#8668 = VERTEX_POINT ( 'NONE', #846 ) ;
#8669 = DIRECTION ( 'NONE',  ( -1.788374717501859983E-15, 1.000000000000000000, 0.000000000000000000 ) ) ;
#8670 = VECTOR ( 'NONE', #3087, 39.37007874015748143 ) ;
#8671 = CARTESIAN_POINT ( 'NONE',  ( 0.2204724409448818867, 1.307328710460744059, -0.4433311932543322897 ) ) ;
#8672 = DIRECTION ( 'NONE',  ( 0.000000000000000000, 3.469446951953565279E-15, -1.000000000000000000 ) ) ;
#8673 = CARTESIAN_POINT ( 'NONE',  ( -0.1279527559055118058, 1.307328710460744059, -0.5354330708661416693 ) ) ;
#8674 = FACE_OUTER_BOUND ( 'NONE', #10176, .T. ) ;
#8675 = LINE ( 'NONE', #10247, #3269 ) ;
#8676 = AXIS2_PLACEMENT_3D ( 'NONE', #9458, #2238, #8806 ) ;
#8677 = EDGE_CURVE ( 'NONE', #2554, #1040, #9047, .T. ) ;
#8678 = AXIS2_PLACEMENT_3D ( 'NONE', #1251, #9398, #9507 ) ;
#8679 = ORIENTED_EDGE ( 'NONE', *, *, #4435, .T. ) ;
#8680 = LINE ( 'NONE', #3128, #6451 ) ;
#8681 = AXIS2_PLACEMENT_3D ( 'NONE', #5521, #10486, #7947 ) ;
#8682 = VECTOR ( 'NONE', #8241, 39.37007874015748143 ) ;
#8683 = FACE_OUTER_BOUND ( 'NONE', #7208, .T. ) ;
#8684 = ORIENTED_EDGE ( 'NONE', *, *, #8340, .T. ) ;
#8685 = LINE ( 'NONE', #9554, #4083 ) ;
#8686 = CARTESIAN_POINT ( 'NONE',  ( 0.03838582677165354451, 0.4685039370078740717, -0.4251968503937008093 ) ) ;
#8687 = DIRECTION ( 'NONE',  ( 1.138416817339579858E-15, 0.6365650365096908736, 0.7712230250021168132 ) ) ;
#8688 = CARTESIAN_POINT ( 'NONE',  ( 0.1968503937007874127, 0.8385826771609488084, -0.5354330708661416693 ) ) ;
#8689 = ORIENTED_EDGE ( 'NONE', *, *, #10560, .F. ) ;
#8690 = ADVANCED_FACE ( 'NONE', ( #2529 ), #7534, .T. ) ;
#8691 = EDGE_CURVE ( 'NONE', #8535, #3567, #8233, .T. ) ;
#8692 = ORIENTED_EDGE ( 'NONE', *, *, #8469, .F. ) ;
#8693 = AXIS2_PLACEMENT_3D ( 'NONE', #419, #3879, #9687 ) ;
#8694 = VECTOR ( 'NONE', #8408, 39.37007874015748143 ) ;
#8695 = VECTOR ( 'NONE', #893, 39.37007874015748143 ) ;
#8696 = ORIENTED_EDGE ( 'NONE', *, *, #5118, .T. ) ;
#8697 = EDGE_LOOP ( 'NONE', ( #8903, #4944, #321, #2022, #1363, #4177 ) ) ;
#8698 = CARTESIAN_POINT ( 'NONE',  ( 0.000000000000000000, -0.1102362204724409434, 0.4881889763779527769 ) ) ;
#8699 = VECTOR ( 'NONE', #5684, 39.37007874015748143 ) ;
#8700 = LINE ( 'NONE', #6106, #1625 ) ;
#8701 = AXIS2_PLACEMENT_3D ( 'NONE', #8394, #9364, #6721 ) ;
#8702 = DIRECTION ( 'NONE',  ( 0.4999999999995889399, 0.000000000000000000, -0.8660254037846759623 ) ) ;
#8703 = PLANE ( 'NONE',  #8662 ) ;
#8704 = DIRECTION ( 'NONE',  ( 0.000000000000000000, 0.7071067811865494601, 0.7071067811865454633 ) ) ;
#8705 = ORIENTED_EDGE ( 'NONE', *, *, #552, .T. ) ;
#8706 = DIRECTION ( 'NONE',  ( -0.4999999999996466160, 0.000000000000000000, -0.8660254037846425446 ) ) ;
#8707 = ORIENTED_EDGE ( 'NONE', *, *, #7886, .F. ) ;
#8708 = LINE ( 'NONE', #2077, #3176 ) ;
#8709 = ORIENTED_EDGE ( 'NONE', *, *, #1133, .T. ) ;
#8710 = VECTOR ( 'NONE', #5267, 39.37007874015748143 ) ;
#8711 = CARTESIAN_POINT ( 'NONE',  ( -0.3149606299212598381, 1.137795275590551158, -0.05511811023622047168 ) ) ;
#8712 = VERTEX_POINT ( 'NONE', #7134 ) ;
#8713 = ORIENTED_EDGE ( 'NONE', *, *, #1532, .T. ) ;
#8714 = LINE ( 'NONE', #517, #8057 ) ;
#8715 = ORIENTED_EDGE ( 'NONE', *, *, #5750, .T. ) ;
#8716 = DIRECTION ( 'NONE',  ( 0.000000000000000000, -1.000000000000000000, 0.000000000000000000 ) ) ;
#8717 = EDGE_CURVE ( 'NONE', #8467, #6005, #452, .T. ) ;
#8718 = ADVANCED_FACE ( 'NONE', ( #4661 ), #10271, .T. ) ;
#8719 = DIRECTION ( 'NONE',  ( -0.5125816371859348575, 0.8586384950721617226, -8.118972438848057800E-15 ) ) ;
#8720 = DIRECTION ( 'NONE',  ( 0.000000000000000000, -1.000000000000000000, 9.462128050782879902E-15 ) ) ;
#8721 = EDGE_LOOP ( 'NONE', ( #8655, #6178, #345, #10012, #3354, #9952 ) ) ;
#8722 = DIRECTION ( 'NONE',  ( -1.000000000000000000, 0.000000000000000000, 0.000000000000000000 ) ) ;
#8723 = DIRECTION ( 'NONE',  ( -1.000000000000000000, 0.000000000000000000, 0.000000000000000000 ) ) ;
#8724 = DIRECTION ( 'NONE',  ( -2.858829929130530196E-16, 0.000000000000000000, -1.000000000000000000 ) ) ;
#8725 = VERTEX_POINT ( 'NONE', #506 ) ;
#8726 = ORIENTED_EDGE ( 'NONE', *, *, #5080, .F. ) ;
#8727 = DIRECTION ( 'NONE',  ( 0.000000000000000000, 2.135044278125301737E-15, 1.000000000000000000 ) ) ;
#8728 = VECTOR ( 'NONE', #1357, 39.37007874015748143 ) ;
#8729 = ADVANCED_FACE ( 'NONE', ( #3804 ), #555, .F. ) ;
#8730 = DIRECTION ( 'NONE',  ( 0.000000000000000000, 0.000000000000000000, -1.000000000000000000 ) ) ;
#8731 = LINE ( 'NONE', #5381, #10558 ) ;
#8732 = CARTESIAN_POINT ( 'NONE',  ( -0.1129567049645836957, 1.283464566929134243, 0.05511811023622047861 ) ) ;
#8733 = PLANE ( 'NONE',  #4720 ) ;
#8734 = CARTESIAN_POINT ( 'NONE',  ( 0.000000000000000000, 1.137795275590551158, -0.05511811023622047168 ) ) ;
#8735 = AXIS2_PLACEMENT_3D ( 'NONE', #3791, #373, #3672 ) ;
#8736 = ORIENTED_EDGE ( 'NONE', *, *, #6437, .T. ) ;
#8737 = DIRECTION ( 'NONE',  ( 0.000000000000000000, -1.000000000000000000, 0.000000000000000000 ) ) ;
#8738 = EDGE_CURVE ( 'NONE', #4758, #9411, #3048, .T. ) ;
#8739 = FACE_OUTER_BOUND ( 'NONE', #10642, .T. ) ;
#8741 = ORIENTED_EDGE ( 'NONE', *, *, #9160, .F. ) ;
#8740 = EDGE_LOOP ( 'NONE', ( #4329, #2765, #1929, #5789 ) ) ;
#8742 = LINE ( 'NONE', #2109, #7694 ) ;
#8743 = CARTESIAN_POINT ( 'NONE',  ( -0.3543307086614173040, 1.303149606299212504, 0.03543307086614173179 ) ) ;
#8744 = CARTESIAN_POINT ( 'NONE',  ( -0.1279527559055118058, 0.7913385826771653919, -0.5354330708661416693 ) ) ;
#8745 = LINE ( 'NONE', #4652, #10673 ) ;
#8746 = ORIENTED_EDGE ( 'NONE', *, *, #3770, .T. ) ;
#8747 = ORIENTED_EDGE ( 'NONE', *, *, #5523, .T. ) ;
#8748 = VECTOR ( 'NONE', #10338, 39.37007874015748143 ) ;
#8749 = ORIENTED_EDGE ( 'NONE', *, *, #9869, .T. ) ;
#8750 = ORIENTED_EDGE ( 'NONE', *, *, #3553, .T. ) ;
#8751 = EDGE_CURVE ( 'NONE', #3657, #291, #5409, .T. ) ;
#8752 = ADVANCED_FACE ( 'NONE', ( #7841 ), #2942, .T. ) ;
#8753 = DIRECTION ( 'NONE',  ( 0.000000000000000000, -1.000000000000000000, 0.000000000000000000 ) ) ;
#8754 = CYLINDRICAL_SURFACE ( 'NONE', #7128, 0.06102362204724406936 ) ;
#8755 = VECTOR ( 'NONE', #161, 39.37007874015748143 ) ;
#8756 = LINE ( 'NONE', #1371, #10426 ) ;
#8757 = CARTESIAN_POINT ( 'NONE',  ( 0.06895822148979684207, 1.287401574803149540, 0.5629921259842519676 ) ) ;
#8758 = FACE_OUTER_BOUND ( 'NONE', #8491, .T. ) ;
#8759 = ORIENTED_EDGE ( 'NONE', *, *, #1095, .F. ) ;
#8760 = LINE ( 'NONE', #10484, #10585 ) ;
#8761 = ORIENTED_EDGE ( 'NONE', *, *, #2987, .T. ) ;
#8762 = CARTESIAN_POINT ( 'NONE',  ( -0.3682501334879241806, 1.295082152667225595, 0.04935249569264871239 ) ) ;
#8763 = ORIENTED_EDGE ( 'NONE', *, *, #5980, .T. ) ;
#8764 = CARTESIAN_POINT ( 'NONE',  ( 0.3937007874015748254, 0.4905511811023622326, -0.6968503937007873850 ) ) ;
#8765 = ORIENTED_EDGE ( 'NONE', *, *, #1401, .F. ) ;
#8766 = PLANE ( 'NONE',  #4260 ) ;
#8767 = VERTEX_POINT ( 'NONE', #7080 ) ;
#8768 = CARTESIAN_POINT ( 'NONE',  ( -0.2952755905511810774, 1.137795275590551158, -0.01968503937007873988 ) ) ;
#8769 = AXIS2_PLACEMENT_3D ( 'NONE', #4805, #10573, #6518 ) ;
#8770 = FACE_OUTER_BOUND ( 'NONE', #10387, .T. ) ;
#8771 = ORIENTED_EDGE ( 'NONE', *, *, #9907, .T. ) ;
#8772 = LINE ( 'NONE', #1390, #4921 ) ;
#8773 = VECTOR ( 'NONE', #7506, 39.37007874015748143 ) ;
#8774 = DIRECTION ( 'NONE',  ( 0.000000000000000000, 0.000000000000000000, -1.000000000000000000 ) ) ;
#8775 = LINE ( 'NONE', #5376, #3970 ) ;
#8776 = VECTOR ( 'NONE', #6765, 39.37007874015748143 ) ;
#8777 = ADVANCED_FACE ( 'NONE', ( #8758 ), #9620, .T. ) ;
#8778 = ORIENTED_EDGE ( 'NONE', *, *, #5790, .F. ) ;
#8779 = ORIENTED_EDGE ( 'NONE', *, *, #4008, .F. ) ;
#8780 = CARTESIAN_POINT ( 'NONE',  ( 0.3937401574803149340, 1.287401574803149540, -0.5629921259842519676 ) ) ;
#8781 = DIRECTION ( 'NONE',  ( -1.000000000000000000, 0.000000000000000000, 0.000000000000000000 ) ) ;
#8782 = DIRECTION ( 'NONE',  ( 0.000000000000000000, -1.000000000000000000, 0.000000000000000000 ) ) ;
#8783 = DIRECTION ( 'NONE',  ( -1.000000000000000000, 0.000000000000000000, 0.000000000000000000 ) ) ;
#8784 = DIRECTION ( 'NONE',  ( 0.000000000000000000, -1.000000000000000000, 0.000000000000000000 ) ) ;
#8785 = EDGE_CURVE ( 'NONE', #5582, #3789, #7893, .T. ) ;
#8786 = EDGE_CURVE ( 'NONE', #3430, #9948, #219, .T. ) ;
#8787 = EDGE_CURVE ( 'NONE', #2074, #9547, #5357, .T. ) ;
#8788 = ORIENTED_EDGE ( 'NONE', *, *, #3973, .T. ) ;
#8789 = PLANE ( 'NONE',  #3195 ) ;
#8790 = VERTEX_POINT ( 'NONE', #7995 ) ;
#8791 = DIRECTION ( 'NONE',  ( 0.000000000000000000, 1.000000000000000000, 0.000000000000000000 ) ) ;
#8792 = CARTESIAN_POINT ( 'NONE',  ( -0.01968503937007873988, -0.05118110236220472370, 0.5866141732283465249 ) ) ;
#8793 = CARTESIAN_POINT ( 'NONE',  ( -0.3937007874015748254, 0.000000000000000000, -0.5393700787401575214 ) ) ;
#8794 = CARTESIAN_POINT ( 'NONE',  ( 0.2204724409448818867, 1.307328710460744059, -0.5354330708661416693 ) ) ;
#8795 = CARTESIAN_POINT ( 'NONE',  ( 0.03838582677165354451, 0.8464566929133857665, 0.9212598425196850682 ) ) ;
#8796 = ORIENTED_EDGE ( 'NONE', *, *, #7167, .F. ) ;
#8797 = EDGE_CURVE ( 'NONE', #4259, #10611, #10327, .T. ) ;
#8798 = ORIENTED_EDGE ( 'NONE', *, *, #9176, .T. ) ;
#8799 = AXIS2_PLACEMENT_3D ( 'NONE', #7525, #1757, #86 ) ;
#8800 = APPLICATION_CONTEXT ( 'configuration controlled 3d designs of mechanical parts and assemblies' ) ;
#8801 = FACE_OUTER_BOUND ( 'NONE', #1690, .T. ) ;
#8802 = LINE ( 'NONE', #7889, #3014 ) ;
#8803 = DIRECTION ( 'NONE',  ( 0.2368163906405076069, 0.9715544231405683906, 0.000000000000000000 ) ) ;
#8804 = CARTESIAN_POINT ( 'NONE',  ( 0.1968503937007874127, 0.6456692913385827515, 0.4409448818897637734 ) ) ;
#8806 = DIRECTION ( 'NONE',  ( 1.000000000000000000, 0.000000000000000000, 0.000000000000000000 ) ) ;
#8805 = VECTOR ( 'NONE', #7735, 39.37007874015748143 ) ;
#8807 = ORIENTED_EDGE ( 'NONE', *, *, #9241, .T. ) ;
#8808 = CARTESIAN_POINT ( 'NONE',  ( 0.1609877451775763857, 1.559180805012257975, -0.9448818897637637493 ) ) ;
#8809 = ORIENTED_EDGE ( 'NONE', *, *, #9113, .F. ) ;
#8810 = EDGE_CURVE ( 'NONE', #7849, #3683, #7187, .T. ) ;
#8811 = ADVANCED_FACE ( 'NONE', ( #6276 ), #2186, .T. ) ;
#8812 = DIRECTION ( 'NONE',  ( 0.2368163906405040819, -0.9715544231405692788, 0.000000000000000000 ) ) ;
#8813 = ORIENTED_EDGE ( 'NONE', *, *, #2211, .T. ) ;
#8814 = CARTESIAN_POINT ( 'NONE',  ( -0.3653499657439626125, 1.247218091036884413, 0.05177268282621632495 ) ) ;
#8815 = ORIENTED_EDGE ( 'NONE', *, *, #9643, .T. ) ;
#8816 = CARTESIAN_POINT ( 'NONE',  ( 0.03838582677165354451, 0.8700787401574804347, -0.9448818897637796255 ) ) ;
#8817 = VERTEX_POINT ( 'NONE', #1374 ) ;
#8818 = CARTESIAN_POINT ( 'NONE',  ( 0.3247425659116205399, 1.287401574803149540, -0.5629921259842519676 ) ) ;
#8819 = DIRECTION ( 'NONE',  ( 0.000000000000000000, -1.000000000000000000, 0.000000000000000000 ) ) ;
#8820 = EDGE_LOOP ( 'NONE', ( #4926, #516, #7390, #3624, #8919, #10390, #5144, #7308 ) ) ;
#8821 = DIRECTION ( 'NONE',  ( 0.000000000000000000, 0.6365650365096908736, 0.7712230250021168132 ) ) ;
#8822 = EDGE_CURVE ( 'NONE', #9103, #8538, #7693, .T. ) ;
#8823 = ADVANCED_FACE ( 'NONE', ( #9421 ), #356, .F. ) ;
#8824 = CARTESIAN_POINT ( 'NONE',  ( -0.1732283464566929387, 0.7913385826771653919, -0.5354330708661416693 ) ) ;
#8825 = CARTESIAN_POINT ( 'NONE',  ( 0.01968503937007873988, 0.007874015748031495954, 0.4881889763779527769 ) ) ;
#8826 = ORIENTED_EDGE ( 'NONE', *, *, #9162, .F. ) ;
#8827 = VERTEX_POINT ( 'NONE', #10347 ) ;
#8828 = DIRECTION ( 'NONE',  ( 0.000000000000000000, -1.213093339843927959E-15, -1.000000000000000000 ) ) ;
#8829 = CARTESIAN_POINT ( 'NONE',  ( -0.3278760309303814235, 1.199300925473180346, -0.05039680982890951816 ) ) ;
#8830 = DIRECTION ( 'NONE',  ( 1.788374717501859983E-15, -1.000000000000000000, 0.000000000000000000 ) ) ;
#8831 = AXIS2_PLACEMENT_3D ( 'NONE', #8671, #9538, #2969 ) ;
#8832 = DIRECTION ( 'NONE',  ( 1.000000000000000000, 0.000000000000000000, 0.000000000000000000 ) ) ;
#8833 = CARTESIAN_POINT ( 'NONE',  ( 0.1279527559055118058, 0.7913385826771653919, 0.5354330708661416693 ) ) ;
#8834 = CIRCLE ( 'NONE', #7969, 0.1181102362204724116 ) ;
#8835 = VECTOR ( 'NONE', #3625, 39.37007874015748143 ) ;
#8836 = CARTESIAN_POINT ( 'NONE',  ( -0.3346456692913385988, 1.306823339883858237, 0.03543307086614173179 ) ) ;
#8837 = ORIENTED_EDGE ( 'NONE', *, *, #4590, .F. ) ;
#8838 = EDGE_CURVE ( 'NONE', #5360, #2347, #4628, .T. ) ;
#8839 = CIRCLE ( 'NONE', #2815, 0.1181102362204777406 ) ;
#8840 = PLANE ( 'NONE',  #9210 ) ;
#8841 = EDGE_LOOP ( 'NONE', ( #6916, #6293, #10200, #6290 ) ) ;
#8842 = VECTOR ( 'NONE', #7798, 39.37007874015748143 ) ;
#8843 = CARTESIAN_POINT ( 'NONE',  ( -0.1968503937006692850, 1.027559055118110409, -0.4311023622047244208 ) ) ;
#8844 = DIRECTION ( 'NONE',  ( 1.000000000000000000, 0.000000000000000000, 0.000000000000000000 ) ) ;
#8845 = CARTESIAN_POINT ( 'NONE',  ( 0.3937007874015748254, 0.1850393700787401619, 0.5393700787401575214 ) ) ;
#8846 = EDGE_CURVE ( 'NONE', #10611, #4175, #470, .T. ) ;
#8847 = CARTESIAN_POINT ( 'NONE',  ( -0.07874015748031495954, -0.03543307086614173179, -0.1279527559055118058 ) ) ;
#8848 = DIRECTION ( 'NONE',  ( 1.000000000000000000, 0.000000000000000000, 0.000000000000000000 ) ) ;
#8849 = EDGE_CURVE ( 'NONE', #8342, #3064, #2961, .T. ) ;
#8851 = EDGE_LOOP ( 'NONE', ( #8924, #840, #3838, #8140 ) ) ;
#8850 = VECTOR ( 'NONE', #3234, 39.37007874015748143 ) ;
#8852 = VECTOR ( 'NONE', #9407, 39.37007874015748143 ) ;
#8853 = ORIENTED_EDGE ( 'NONE', *, *, #1235, .F. ) ;
#8854 = CARTESIAN_POINT ( 'NONE',  ( -0.3721737813314453525, 1.244770288198187469, -0.04529286544501067574 ) ) ;
#8855 = CARTESIAN_POINT ( 'NONE',  ( 0.03838582677165354451, 0.8464566929133857665, -0.9212598425196850682 ) ) ;
#8856 = EDGE_CURVE ( 'NONE', #7137, #308, #8554, .T. ) ;
#8857 = LINE ( 'NONE', #706, #3500 ) ;
#8858 = DIRECTION ( 'NONE',  ( 0.6401096994849951871, -0.7682835235934902807, 0.000000000000000000 ) ) ;
#8859 = VECTOR ( 'NONE', #1937, 39.37007874015748143 ) ;
#8860 = AXIS2_PLACEMENT_3D ( 'NONE', #7403, #5786, #872 ) ;
#8861 = VECTOR ( 'NONE', #10665, 39.37007874015748143 ) ;
#8862 = ORIENTED_EDGE ( 'NONE', *, *, #915, .T. ) ;
#8863 = VECTOR ( 'NONE', #7270, 39.37007874015748854 ) ;
#8864 = DIRECTION ( 'NONE',  ( -0.000000000000000000, 0.8115343414514849529, 0.5843047258450889681 ) ) ;
#8865 = EDGE_LOOP ( 'NONE', ( #1446, #7195, #7160, #7253 ) ) ;
#8866 = DIRECTION ( 'NONE',  ( 0.000000000000000000, 1.000000000000000000, -1.334402673828312057E-15 ) ) ;
#8867 = ORIENTED_EDGE ( 'NONE', *, *, #3956, .T. ) ;
#8868 = CARTESIAN_POINT ( 'NONE',  ( -0.07874015748031495954, -0.05118110236220472370, 0.8267716535433071723 ) ) ;
#8869 = ORIENTED_EDGE ( 'NONE', *, *, #8786, .F. ) ;
#8870 = VECTOR ( 'NONE', #5502, 39.37007874015748143 ) ;
#8871 = VECTOR ( 'NONE', #5319, 39.37007874015748854 ) ;
#8872 = CARTESIAN_POINT ( 'NONE',  ( -0.2952755905511810774, 1.263779527559055094, -0.05511811023622047168 ) ) ;
#8873 = EDGE_CURVE ( 'NONE', #8305, #1094, #5324, .T. ) ;
#8874 = DIRECTION ( 'NONE',  ( 0.000000000000000000, 0.000000000000000000, -1.000000000000000000 ) ) ;
#8875 = DIRECTION ( 'NONE',  ( 0.000000000000000000, -1.000000000000000000, 0.000000000000000000 ) ) ;
#8876 = ORIENTED_EDGE ( 'NONE', *, *, #2007, .T. ) ;
#8877 = CARTESIAN_POINT ( 'NONE',  ( 0.1968503937007874127, 0.7440944881889763884, -0.5590551181102362266 ) ) ;
#8878 = CARTESIAN_POINT ( 'NONE',  ( -0.2736220472440945017, 0.000000000000000000, 0.3687411576292909943 ) ) ;
#8879 = CARTESIAN_POINT ( 'NONE',  ( -0.3553149606299212948, 0.5472440944881890035, 0.000000000000000000 ) ) ;
#8880 = ORIENTED_EDGE ( 'NONE', *, *, #4697, .F. ) ;
#8881 = ORIENTED_EDGE ( 'NONE', *, *, #8583, .F. ) ;
#8882 = CARTESIAN_POINT ( 'NONE',  ( 0.000000000000000000, 0.000000000000000000, 0.000000000000000000 ) ) ;
#8883 = AXIS2_PLACEMENT_3D ( 'NONE', #1655, #1753, #4127 ) ;
#8884 = ADVANCED_FACE ( 'NONE', ( #7912 ), #5487, .T. ) ;
#8885 = ADVANCED_FACE ( 'NONE', ( #3654 ), #1280, .T. ) ;
#8886 = DIRECTION ( 'NONE',  ( 0.000000000000000000, -1.000000000000000000, 0.000000000000000000 ) ) ;
#8887 = DIRECTION ( 'NONE',  ( 0.000000000000000000, 1.000000000000000000, 3.242473786872534828E-16 ) ) ;
#8888 = CARTESIAN_POINT ( 'NONE',  ( 0.03838582677165354451, 0.6062992125984252301, 0.6968503937007873850 ) ) ;
#8889 = CARTESIAN_POINT ( 'NONE',  ( -0.03838582677165354451, 1.027559055118110409, 0.8818897637795275468 ) ) ;
#8890 = DIRECTION ( 'NONE',  ( 1.000000000000000000, 0.000000000000000000, 0.000000000000000000 ) ) ;
#8891 = AXIS2_PLACEMENT_3D ( 'NONE', #3315, #7244, #8163 ) ;
#8892 = ORIENTED_EDGE ( 'NONE', *, *, #1161, .T. ) ;
#8893 = CARTESIAN_POINT ( 'NONE',  ( -0.3798818897637795122, 0.5472440944881890035, -0.9448818897637796255 ) ) ;
#8894 = ORIENTED_EDGE ( 'NONE', *, *, #2199, .F. ) ;
#8895 = FACE_OUTER_BOUND ( 'NONE', #1924, .T. ) ;
#8896 = PLANE ( 'NONE',  #3184 ) ;
#8897 = LINE ( 'NONE', #4803, #8670 ) ;
#8898 = DIRECTION ( 'NONE',  ( 0.000000000000000000, -2.581433744013104944E-17, -1.000000000000000000 ) ) ;
#8899 = LINE ( 'NONE', #9867, #7549 ) ;
#8900 = VECTOR ( 'NONE', #3748, 39.37007874015748143 ) ;
#8901 = EDGE_CURVE ( 'NONE', #1247, #2891, #525, .T. ) ;
#8902 = EDGE_LOOP ( 'NONE', ( #405, #7559, #3230, #632 ) ) ;
#8903 = ORIENTED_EDGE ( 'NONE', *, *, #4165, .F. ) ;
#8904 = ADVANCED_FACE ( 'NONE', ( #7048 ), #3015, .T. ) ;
#8905 = LINE ( 'NONE', #7280, #1519 ) ;
#8906 = DIRECTION ( 'NONE',  ( 0.000000000000000000, -0.6365650365096908736, -0.7712230250021168132 ) ) ;
#8907 = CARTESIAN_POINT ( 'NONE',  ( -0.2736220472440945017, 0.000000000000000000, 0.4881889763779527769 ) ) ;
#8908 = CARTESIAN_POINT ( 'NONE',  ( -0.2657480314960630197, 0.7913385826771653919, -0.5354330708661416693 ) ) ;
#8909 = PLANE ( 'NONE',  #327 ) ;
#8910 = ORIENTED_EDGE ( 'NONE', *, *, #10474, .F. ) ;
#8911 = VECTOR ( 'NONE', #8265, 39.37007874015748143 ) ;
#8912 = LINE ( 'NONE', #10382, #5924 ) ;
#8913 = ORIENTED_EDGE ( 'NONE', *, *, #9674, .F. ) ;
#8914 = LINE ( 'NONE', #4716, #8161 ) ;
#8915 = ORIENTED_EDGE ( 'NONE', *, *, #6037, .T. ) ;
#8916 = EDGE_CURVE ( 'NONE', #5360, #7833, #1222, .T. ) ;
#8917 = CARTESIAN_POINT ( 'NONE',  ( -0.3740157480315185468, 1.244103829858641763, 0.03543307086614173179 ) ) ;
#8918 = EDGE_CURVE ( 'NONE', #7904, #3805, #305, .T. ) ;
#8919 = ORIENTED_EDGE ( 'NONE', *, *, #9376, .F. ) ;
#8920 = EDGE_CURVE ( 'NONE', #6490, #4164, #6875, .T. ) ;
#8921 = CIRCLE ( 'NONE', #3248, 0.1279527559055117780 ) ;
#8922 = FACE_OUTER_BOUND ( 'NONE', #7766, .T. ) ;
#8923 = DIRECTION ( 'NONE',  ( 0.000000000000000000, 1.000000000000000000, 0.000000000000000000 ) ) ;
#8924 = ORIENTED_EDGE ( 'NONE', *, *, #7124, .F. ) ;
#8925 = DIRECTION ( 'NONE',  ( 1.000000000000000000, 0.000000000000000000, 0.000000000000000000 ) ) ;
#8926 = ORIENTED_EDGE ( 'NONE', *, *, #4953, .T. ) ;
#8927 = CARTESIAN_POINT ( 'NONE',  ( 0.1279527559055118058, 1.307328710460744059, -0.5354330708661416693 ) ) ;
#8928 = CARTESIAN_POINT ( 'NONE',  ( 0.3553149606299212948, 0.8464566929133857665, 0.9212598425196850682 ) ) ;
#8929 = EDGE_LOOP ( 'NONE', ( #2459, #9130, #3520, #6301, #4377, #679, #6512, #6675, #8826, #8869, #2407, #6690 ) ) ;
#8930 = EDGE_CURVE ( 'NONE', #2206, #8464, #10229, .T. ) ;
#8931 = DIRECTION ( 'NONE',  ( 0.000000000000000000, 0.000000000000000000, -1.000000000000000000 ) ) ;
#8932 = ORIENTED_EDGE ( 'NONE', *, *, #171, .T. ) ;
#8933 = ORIENTED_EDGE ( 'NONE', *, *, #9482, .F. ) ;
#8934 = AXIS2_PLACEMENT_3D ( 'NONE', #8350, #6629, #3350 ) ;
#8935 = LINE ( 'NONE', #4134, #6781 ) ;
#8936 = DIRECTION ( 'NONE',  ( 1.000000000000000000, 0.000000000000000000, 0.000000000000000000 ) ) ;
#8937 = VERTEX_POINT ( 'NONE', #2790 ) ;
#8938 = LINE ( 'NONE', #2367, #5597 ) ;
#8939 = LINE ( 'NONE', #4687, #55 ) ;
#8940 = CARTESIAN_POINT ( 'NONE',  ( -0.2204724409448818867, 0.7913385826771653919, -0.5354330708661416693 ) ) ;
#8941 = VECTOR ( 'NONE', #806, 39.37007874015748143 ) ;
#8942 = DIRECTION ( 'NONE',  ( 0.000000000000000000, -1.000000000000000000, 0.000000000000000000 ) ) ;
#8943 = VECTOR ( 'NONE', #8942, 39.37007874015748143 ) ;
#8944 = ADVANCED_FACE ( 'NONE', ( #6067 ), #7267, .T. ) ;
#8945 = EDGE_CURVE ( 'NONE', #3739, #3665, #4883, .T. ) ;
#8946 = DIRECTION ( 'NONE',  ( -3.707644274607585534E-15, 0.000000000000000000, -1.000000000000000000 ) ) ;
#8947 = VERTEX_POINT ( 'NONE', #7305 ) ;
#8948 = LINE ( 'NONE', #9860, #4575 ) ;
#8949 = ORIENTED_EDGE ( 'NONE', *, *, #8509, .T. ) ;
#8950 = DIRECTION ( 'NONE',  ( 0.000000000000000000, -1.213093339843927959E-15, -1.000000000000000000 ) ) ;
#8951 = CARTESIAN_POINT ( 'NONE',  ( 0.3149606299212598381, 0.7440944881889763884, -0.5590551181102362266 ) ) ;
#8952 = DIRECTION ( 'NONE',  ( 0.000000000000000000, 0.000000000000000000, 1.000000000000000000 ) ) ;
#8953 = CARTESIAN_POINT ( 'NONE',  ( -0.1113048120571298871, 1.289169118099218192, -0.05756736934906998143 ) ) ;
#8954 = CARTESIAN_POINT ( 'NONE',  ( -0.3553149606299212948, 0.6062992125984252301, 0.6968503937007873850 ) ) ;
#8955 = ORIENTED_EDGE ( 'NONE', *, *, #4481, .F. ) ;
#8956 = EDGE_CURVE ( 'NONE', #382, #7655, #10659, .T. ) ;
#8957 = VERTEX_POINT ( 'NONE', #7205 ) ;
#8958 = CARTESIAN_POINT ( 'NONE',  ( 0.3553149606299212948, 0.6062992125984252301, -0.6968503937007873850 ) ) ;
#8959 = CARTESIAN_POINT ( 'NONE',  ( -0.2362204724409449064, 1.137795275590551158, -0.01968503937007873988 ) ) ;
#8960 = DIRECTION ( 'NONE',  ( 0.000000000000000000, 1.213093339843927959E-15, 1.000000000000000000 ) ) ;
#8961 = CYLINDRICAL_SURFACE ( 'NONE', #1078, 0.01968503937007876070 ) ;
#8962 = CARTESIAN_POINT ( 'NONE',  ( 0.04330708661417323468, 0.1850393700787401619, 0.05511811023622047168 ) ) ;
#8963 = ORIENTED_EDGE ( 'NONE', *, *, #170, .F. ) ;
#8964 = EDGE_CURVE ( 'NONE', #3573, #1910, #1957, .T. ) ;
#8965 = FACE_OUTER_BOUND ( 'NONE', #1984, .T. ) ;
#8966 = VERTEX_POINT ( 'NONE', #2303 ) ;
#8967 = VECTOR ( 'NONE', #2025, 39.37007874015748143 ) ;
#8968 = ORIENTED_EDGE ( 'NONE', *, *, #5776, .F. ) ;
#8969 = DIRECTION ( 'NONE',  ( -1.000000000000000000, 0.000000000000000000, 0.000000000000000000 ) ) ;
#8970 = ORIENTED_EDGE ( 'NONE', *, *, #943, .T. ) ;
#8971 = DIRECTION ( 'NONE',  ( 1.000000000000000000, 0.000000000000000000, 0.000000000000000000 ) ) ;
#8972 = AXIS2_PLACEMENT_3D ( 'NONE', #4448, #346, #7848 ) ;
#8973 = DIRECTION ( 'NONE',  ( -0.4999999999996466160, 0.000000000000000000, 0.8660254037846425446 ) ) ;
#8974 = LINE ( 'NONE', #7867, #4182 ) ;
#8975 = DIRECTION ( 'NONE',  ( -1.000000000000000000, 0.000000000000000000, 0.000000000000000000 ) ) ;
#8976 = ORIENTED_EDGE ( 'NONE', *, *, #7432, .T. ) ;
#8977 = ADVANCED_FACE ( 'NONE', ( #572 ), #3275, .F. ) ;
#8978 = DIRECTION ( 'NONE',  ( 0.000000000000000000, 0.000000000000000000, 1.000000000000000000 ) ) ;
#8979 = ORIENTED_EDGE ( 'NONE', *, *, #1966, .F. ) ;
#8980 = EDGE_CURVE ( 'NONE', #6900, #8767, #5637, .T. ) ;
#8981 = CARTESIAN_POINT ( 'NONE',  ( -0.03838582677165354451, 0.1850393700787401619, 0.9448818897637796255 ) ) ;
#8982 = EDGE_LOOP ( 'NONE', ( #6104, #6134, #8659, #7317 ) ) ;
#8983 = LINE ( 'NONE', #6496, #7937 ) ;
#8984 = ORIENTED_EDGE ( 'NONE', *, *, #52, .T. ) ;
#8985 = VERTEX_POINT ( 'NONE', #3965 ) ;
#8986 = CARTESIAN_POINT ( 'NONE',  ( -0.1358267716535433156, -0.03543307086614173179, 0.1279527559055118058 ) ) ;
#8987 = LINE ( 'NONE', #1603, #7179 ) ;
#8988 = ORIENTED_EDGE ( 'NONE', *, *, #4999, .T. ) ;
#8989 = LINE ( 'NONE', #3976, #946 ) ;
#8990 = EDGE_CURVE ( 'NONE', #377, #7440, #6267, .T. ) ;
#8991 = CARTESIAN_POINT ( 'NONE',  ( -0.1732283464566929387, 0.7913385826771653919, -0.4433311932543322897 ) ) ;
#8992 = CARTESIAN_POINT ( 'NONE',  ( 0.04330708661417323468, 0.1850393700787401619, 0.05511811023622047168 ) ) ;
#8993 = CARTESIAN_POINT ( 'NONE',  ( 0.1279527559055118058, 0.8385826771609488084, -0.5826771653543307838 ) ) ;
#8994 = CARTESIAN_POINT ( 'NONE',  ( 0.2933070866141732624, -0.09055118110236221041, 0.2952755905511810774 ) ) ;
#8995 = ORIENTED_EDGE ( 'NONE', *, *, #5555, .T. ) ;
#8996 = DIRECTION ( 'NONE',  ( -4.015563601798164685E-17, 0.000000000000000000, 1.000000000000000000 ) ) ;
#8997 = ORIENTED_EDGE ( 'NONE', *, *, #7211, .T. ) ;
#8998 = CARTESIAN_POINT ( 'NONE',  ( 0.1968503937006692850, 1.027559055118110409, 0.5590551181102362266 ) ) ;
#8999 = EDGE_CURVE ( 'NONE', #4881, #8529, #9683, .T. ) ;
#9000 = FACE_OUTER_BOUND ( 'NONE', #8646, .T. ) ;
#9001 = CARTESIAN_POINT ( 'NONE',  ( -0.3646060365898283195, 1.283464566929134243, -0.05299659259074433748 ) ) ;
#9002 = FACE_OUTER_BOUND ( 'NONE', #8277, .T. ) ;
#9003 = DIRECTION ( 'NONE',  ( 0.000000000000000000, 1.724867092590574648E-17, 1.000000000000000000 ) ) ;
#9004 = ORIENTED_EDGE ( 'NONE', *, *, #9713, .T. ) ;
#9005 = VECTOR ( 'NONE', #6726, 39.37007874015748143 ) ;
#9006 = VERTEX_POINT ( 'NONE', #7156 ) ;
#9007 = AXIS2_PLACEMENT_3D ( 'NONE', #6972, #7776, #1765 ) ;
#9008 = CARTESIAN_POINT ( 'NONE',  ( 0.03838582677165354451, 0.8464566929133857665, -0.9212598425196850682 ) ) ;
#9009 = DIRECTION ( 'NONE',  ( 1.000000000000000000, 1.788374717501859983E-15, 0.000000000000000000 ) ) ;
#9010 = EDGE_CURVE ( 'NONE', #6025, #6446, #10452, .T. ) ;
#9011 = DIRECTION ( 'NONE',  ( 0.000000000000000000, 0.000000000000000000, -1.000000000000000000 ) ) ;
#9012 = ADVANCED_FACE ( 'NONE', ( #2356 ), #7364, .T. ) ;
#9013 = AXIS2_PLACEMENT_3D ( 'NONE', #5976, #6832, #1179 ) ;
#9014 = LINE ( 'NONE', #8804, #1441 ) ;
#9015 = DIRECTION ( 'NONE',  ( -1.000000000000000000, 0.000000000000000000, 0.000000000000000000 ) ) ;
#9016 = EDGE_LOOP ( 'NONE', ( #4973, #837 ) ) ;
#9017 = VERTEX_POINT ( 'NONE', #1391 ) ;
#9018 = VECTOR ( 'NONE', #4782, 39.37007874015748143 ) ;
#9019 = CARTESIAN_POINT ( 'NONE',  ( -0.2657480314960630197, 1.307328710460744059, 0.5354330708661416693 ) ) ;
#9020 = VERTEX_POINT ( 'NONE', #8928 ) ;
#9021 = LINE ( 'NONE', #8055, #1405 ) ;
#9022 = ORIENTED_EDGE ( 'NONE', *, *, #7168, .F. ) ;
#9023 = AXIS2_PLACEMENT_3D ( 'NONE', #6966, #6217, #2991 ) ;
#9024 = CARTESIAN_POINT ( 'NONE',  ( -0.2952755905511810774, 1.137795275590551158, -0.05511811023622047168 ) ) ;
#9025 = AXIS2_PLACEMENT_3D ( 'NONE', #3125, #739, #9810 ) ;
#9026 = AXIS2_PLACEMENT_3D ( 'NONE', #7330, #4852, #3938 ) ;
#9027 = DIRECTION ( 'NONE',  ( 0.4999999999996466160, 0.000000000000000000, 0.8660254037846425446 ) ) ;
#9028 = LINE ( 'NONE', #4124, #4525 ) ;
#9029 = DIRECTION ( 'NONE',  ( -0.7071067811865460184, -0.7071067811865490160, 0.000000000000000000 ) ) ;
#9030 = ORIENTED_EDGE ( 'NONE', *, *, #6599, .T. ) ;
#9031 = DIRECTION ( 'NONE',  ( 0.000000000000000000, 1.000000000000000000, 0.000000000000000000 ) ) ;
#9032 = ORIENTED_EDGE ( 'NONE', *, *, #10095, .F. ) ;
#9033 = LINE ( 'NONE', #132, #1090 ) ;
#9034 = ORIENTED_EDGE ( 'NONE', *, *, #4549, .T. ) ;
#9035 = AXIS2_PLACEMENT_3D ( 'NONE', #10220, #8434, #187 ) ;
#9036 = VECTOR ( 'NONE', #866, 39.37007874015748143 ) ;
#9037 = PLANE ( 'NONE',  #3295 ) ;
#9038 = VECTOR ( 'NONE', #2498, 39.37007874015748143 ) ;
#9039 = ORIENTED_EDGE ( 'NONE', *, *, #5300, .F. ) ;
#9040 = ORIENTED_EDGE ( 'NONE', *, *, #6185, .T. ) ;
#9041 = EDGE_CURVE ( 'NONE', #7999, #1662, #1595, .T. ) ;
#9042 = CARTESIAN_POINT ( 'NONE',  ( 0.1732283464566929387, 0.8385826771609488084, -0.5590551181102362266 ) ) ;
#9043 = EDGE_CURVE ( 'NONE', #8538, #4347, #8112, .T. ) ;
#9044 = CARTESIAN_POINT ( 'NONE',  ( -0.03838582677165354451, 0.8700787401574804347, 0.9448818897637796255 ) ) ;
#9045 = VECTOR ( 'NONE', #4455, 39.37007874015748143 ) ;
#9046 = LINE ( 'NONE', #7424, #7147 ) ;
#9047 = LINE ( 'NONE', #4190, #9534 ) ;
#9048 = DIRECTION ( 'NONE',  ( -0.6401096994849930777, 0.7682835235934920570, 0.000000000000000000 ) ) ;
#9049 = CYLINDRICAL_SURFACE ( 'NONE', #7393, 0.1181102362204724116 ) ;
#9050 = DIRECTION ( 'NONE',  ( 0.000000000000000000, 1.000000000000000000, 0.000000000000000000 ) ) ;
#9051 = EDGE_LOOP ( 'NONE', ( #3160, #8997, #9969, #4578 ) ) ;
#9052 = ADVANCED_FACE ( 'NONE', ( #10608 ), #3221, .T. ) ;
#9053 = VECTOR ( 'NONE', #8012, 39.37007874015748143 ) ;
#9054 = EDGE_CURVE ( 'NONE', #9651, #928, #7983, .T. ) ;
#9055 = CARTESIAN_POINT ( 'NONE',  ( 0.07874015748031495954, 0.4855184551668063064, -0.1279527559055118058 ) ) ;
#9056 = ADVANCED_FACE ( 'NONE', ( #4730 ), #8014, .T. ) ;
#9057 = ORIENTED_EDGE ( 'NONE', *, *, #7819, .F. ) ;
#9058 = CARTESIAN_POINT ( 'NONE',  ( -0.03838582677165354451, 1.027559055118110409, 0.8818897637795275468 ) ) ;
#9059 = LINE ( 'NONE', #1621, #8682 ) ;
#9060 = CARTESIAN_POINT ( 'NONE',  ( -0.09842519685039377575, 1.288618098185022598, -0.03543307086614171791 ) ) ;
#9061 = DIRECTION ( 'NONE',  ( 0.000000000000000000, 0.000000000000000000, 1.000000000000000000 ) ) ;
#9062 = CARTESIAN_POINT ( 'NONE',  ( 0.01968503937007873988, 0.007874015748031495954, 0.5866141732283465249 ) ) ;
#9063 = ORIENTED_EDGE ( 'NONE', *, *, #4344, .F. ) ;
#9064 = EDGE_CURVE ( 'NONE', #2935, #3637, #2673, .T. ) ;
#9065 = CARTESIAN_POINT ( 'NONE',  ( -0.3578036270809477060, 1.249972535714240607, -0.05511811023622047861 ) ) ;
#9066 = VECTOR ( 'NONE', #3229, 39.37007874015748143 ) ;
#9067 = DIRECTION ( 'NONE',  ( 0.000000000000000000, -1.000000000000000000, 0.000000000000000000 ) ) ;
#9068 = CARTESIAN_POINT ( 'NONE',  ( 0.1732283464566929387, 0.8385826771609488084, 0.6747790429661397749 ) ) ;
#9069 = DIRECTION ( 'NONE',  ( 0.000000000000000000, -1.000000000000000000, 0.000000000000000000 ) ) ;
#9070 = DIRECTION ( 'NONE',  ( 0.000000000000000000, -1.000000000000000000, 0.000000000000000000 ) ) ;
#9071 = ORIENTED_EDGE ( 'NONE', *, *, #4036, .T. ) ;
#9072 = EDGE_LOOP ( 'NONE', ( #2522, #3090, #2571, #4086 ) ) ;
#9073 = CARTESIAN_POINT ( 'NONE',  ( -0.3577200857378535215, 1.287401574803149540, 0.5629921259842519676 ) ) ;
#9074 = EDGE_LOOP ( 'NONE', ( #8796, #4775, #10343, #6175 ) ) ;
#9075 = ADVANCED_FACE ( 'NONE', ( #5893 ), #1859, .T. ) ;
#9076 = EDGE_CURVE ( 'NONE', #6872, #558, #9880, .T. ) ;
#9077 = ORIENTED_EDGE ( 'NONE', *, *, #9482, .T. ) ;
#9078 = CARTESIAN_POINT ( 'NONE',  ( -0.3543307086614173040, 1.137795275590551158, 0.05511811023622047168 ) ) ;
#9079 = LINE ( 'NONE', #10651, #10476 ) ;
#9080 = ADVANCED_BREP_SHAPE_REPRESENTATION ( 'HMX1-AUX11-F', ( #3463, #10552, #7126, #7169, #189, #7154, #7079 ), #4504 ) ;
#9081 = CARTESIAN_POINT ( 'NONE',  ( 0.3149606299212598381, 0.5472440944881890035, 0.6968503937007873850 ) ) ;
#9082 = CARTESIAN_POINT ( 'NONE',  ( 0.1968503937007480276, 0.2837642458494031295, -0.6870078740157480324 ) ) ;
#9083 = DIRECTION ( 'NONE',  ( 0.000000000000000000, 1.000000000000000000, 0.000000000000000000 ) ) ;
#9084 = VERTEX_POINT ( 'NONE', #2616 ) ;
#9085 = CARTESIAN_POINT ( 'NONE',  ( 0.2204724409448818867, 1.307328710460744059, 0.4433311932543322897 ) ) ;
#9086 = EDGE_LOOP ( 'NONE', ( #7887, #4769, #569, #2731 ) ) ;
#9087 = LINE ( 'NONE', #6655, #5225 ) ;
#9088 = ORIENTED_EDGE ( 'NONE', *, *, #1693, .F. ) ;
#9089 = CIRCLE ( 'NONE', #4439, 0.1181102362204724116 ) ;
#9090 = DIRECTION ( 'NONE',  ( 0.000000000000000000, -1.000000000000000000, 0.000000000000000000 ) ) ;
#9091 = EDGE_LOOP ( 'NONE', ( #7072, #7846, #8098 ) ) ;
#9092 = ORIENTED_EDGE ( 'NONE', *, *, #203, .F. ) ;
#9093 = CARTESIAN_POINT ( 'NONE',  ( 0.07874015748031495954, -0.09055118110236221041, 0.6968503937007873850 ) ) ;
#9094 = FACE_OUTER_BOUND ( 'NONE', #9150, .T. ) ;
#9095 = CARTESIAN_POINT ( 'NONE',  ( -0.1279527559055118058, 1.307328710460744059, -0.5354330708661416693 ) ) ;
#9096 = FACE_OUTER_BOUND ( 'NONE', #1977, .T. ) ;
#9097 = CARTESIAN_POINT ( 'NONE',  ( -0.3740157480314960647, -0.09055118110236221041, 0.2952755905511810774 ) ) ;
#9098 = CARTESIAN_POINT ( 'NONE',  ( 0.3523622047244094335, 0.1850393700787401619, -0.4881889763779527769 ) ) ;
#9099 = EDGE_CURVE ( 'NONE', #8498, #41, #5094, .T. ) ;
#9100 = CARTESIAN_POINT ( 'NONE',  ( 0.03838582677165354451, 0.8464566929133857665, 0.9212598425196850682 ) ) ;
#9101 = ORIENTED_EDGE ( 'NONE', *, *, #2211, .F. ) ;
#9102 = DIRECTION ( 'NONE',  ( -1.000000000000000000, 0.000000000000000000, 0.000000000000000000 ) ) ;
#9103 = VERTEX_POINT ( 'NONE', #8323 ) ;
#9104 = CARTESIAN_POINT ( 'NONE',  ( -0.07874015748031495954, 0.5472440944881890035, 0.1476377952755905387 ) ) ;
#9105 = DIRECTION ( 'NONE',  ( -1.000000000000000000, 0.000000000000000000, 0.000000000000000000 ) ) ;
#9106 = VECTOR ( 'NONE', #1466, 39.37007874015748143 ) ;
#9107 = DIRECTION ( 'NONE',  ( 0.000000000000000000, 1.000000000000000000, -1.334402673828312057E-15 ) ) ;
#9108 = DIRECTION ( 'NONE',  ( 0.000000000000000000, 0.000000000000000000, 1.000000000000000000 ) ) ;
#9109 = PLANE ( 'NONE',  #8934 ) ;
#9110 = EDGE_CURVE ( 'NONE', #744, #10656, #885, .T. ) ;
#9111 = ADVANCED_FACE ( 'NONE', ( #4332, #3323 ), #9243, .T. ) ;
#9112 = ORIENTED_EDGE ( 'NONE', *, *, #3862, .F. ) ;
#9113 = EDGE_CURVE ( 'NONE', #7711, #8089, #4941, .T. ) ;
#9114 = LINE ( 'NONE', #4214, #10307 ) ;
#9115 = LINE ( 'NONE', #1733, #3060 ) ;
#9116 = CARTESIAN_POINT ( 'NONE',  ( -0.3346456692913385988, 1.137795275590551158, -0.05511811023622047168 ) ) ;
#9117 = CARTESIAN_POINT ( 'NONE',  ( -0.3553149606299212948, 1.027559055118110409, 0.8818897637795275468 ) ) ;
#9118 = CARTESIAN_POINT ( 'NONE',  ( -0.1181102362204724671, 1.293739894857544925, 0.05299659259074426115 ) ) ;
#9119 = VERTEX_POINT ( 'NONE', #7415 ) ;
#9120 = EDGE_CURVE ( 'NONE', #3168, #7039, #1658, .T. ) ;
#9121 = ORIENTED_EDGE ( 'NONE', *, *, #1258, .T. ) ;
#9122 = LINE ( 'NONE', #5026, #5925 ) ;
#9123 = EDGE_LOOP ( 'NONE', ( #5627, #6435, #5549, #3797 ) ) ;
#9124 = DIRECTION ( 'NONE',  ( 1.000000000000000000, 0.000000000000000000, 0.000000000000000000 ) ) ;
#9125 = EDGE_LOOP ( 'NONE', ( #9247, #2846, #5198, #5504, #122, #522, #9293, #7586, #1030, #611 ) ) ;
#9126 = DIRECTION ( 'NONE',  ( 1.000000000000000000, 0.000000000000000000, 4.078408702068339827E-15 ) ) ;
#9127 = CARTESIAN_POINT ( 'NONE',  ( 0.03838582677165354451, 0.8464566929133857665, -0.8818897637795275468 ) ) ;
#9128 = LINE ( 'NONE', #286, #4729 ) ;
#9129 = DIRECTION ( 'NONE',  ( 0.000000000000000000, 1.000000000000000000, 0.000000000000000000 ) ) ;
#9130 = ORIENTED_EDGE ( 'NONE', *, *, #8649, .F. ) ;
#9131 = EDGE_CURVE ( 'NONE', #3626, #4479, #26, .T. ) ;
#9132 = ADVANCED_FACE ( 'NONE', ( #5849 ), #8427, .T. ) ;
#9133 = CARTESIAN_POINT ( 'NONE',  ( -0.3682501334879240140, 1.297383991755641564, -0.03543307086614173179 ) ) ;
#9134 = ORIENTED_EDGE ( 'NONE', *, *, #3149, .T. ) ;
#9135 = DIRECTION ( 'NONE',  ( 0.000000000000000000, -1.724867092590574648E-17, -1.000000000000000000 ) ) ;
#9136 = ORIENTED_EDGE ( 'NONE', *, *, #4496, .F. ) ;
#9137 = CARTESIAN_POINT ( 'NONE',  ( 0.03838582677165354451, 0.8464566929133857665, 0.8818897637795275468 ) ) ;
#9138 = ORIENTED_EDGE ( 'NONE', *, *, #4357, .T. ) ;
#9139 = ORIENTED_EDGE ( 'NONE', *, *, #9812, .F. ) ;
#9140 = VECTOR ( 'NONE', #573, 39.37007874015748854 ) ;
#9141 = PLANE ( 'NONE',  #8338 ) ;
#9142 = FACE_OUTER_BOUND ( 'NONE', #5139, .T. ) ;
#9143 = PLANE ( 'NONE',  #2850 ) ;
#9144 = EDGE_CURVE ( 'NONE', #1249, #8599, #9033, .T. ) ;
#9145 = CARTESIAN_POINT ( 'NONE',  ( 0.1968503937007874127, 0.7913385826771653919, 0.4409448818897583333 ) ) ;
#9146 = ADVANCED_FACE ( 'NONE', ( #942 ), #990, .F. ) ;
#9147 = LINE ( 'NONE', #5051, #2053 ) ;
#9148 = ORGANIZATION ( 'UNSPECIFIED', 'UNSPECIFIED', '' ) ;
#9149 = LINE ( 'NONE', #1767, #2429 ) ;
#9150 = EDGE_LOOP ( 'NONE', ( #4940, #360, #2417, #7277 ) ) ;
#9151 = CARTESIAN_POINT ( 'NONE',  ( -0.3149606299212598381, 0.5472440944881890035, 0.6968503937007873850 ) ) ;
#9152 = APPROVAL ( #1084, 'UNSPECIFIED' ) ;
#9153 = ORIENTED_EDGE ( 'NONE', *, *, #2200, .T. ) ;
#9154 = DIRECTION ( 'NONE',  ( 1.000000000000000000, 0.000000000000000000, 0.000000000000000000 ) ) ;
#9155 = DIRECTION ( 'NONE',  ( 0.4999999999996466160, 0.000000000000000000, 0.8660254037846425446 ) ) ;
#9156 = FACE_OUTER_BOUND ( 'NONE', #7291, .T. ) ;
#9157 = CARTESIAN_POINT ( 'NONE',  ( 0.3937007874015748254, -0.09055118110236221041, -0.9448818897637796255 ) ) ;
#9158 = ORIENTED_EDGE ( 'NONE', *, *, #5430, .T. ) ;
#9159 = EDGE_CURVE ( 'NONE', #222, #2169, #8224, .T. ) ;
#9160 = EDGE_CURVE ( 'NONE', #7201, #8152, #9896, .T. ) ;
#9161 = LINE ( 'NONE', #6034, #2729 ) ;
#9162 = EDGE_CURVE ( 'NONE', #9948, #5716, #9087, .T. ) ;
#9163 = CARTESIAN_POINT ( 'NONE',  ( -0.3543307086614173040, 1.283464566929133799, 0.03543307086614173179 ) ) ;
#9164 = FACE_OUTER_BOUND ( 'NONE', #3059, .T. ) ;
#9165 = LINE ( 'NONE', #7505, #3162 ) ;
#9166 = DIRECTION ( 'NONE',  ( 0.000000000000000000, 0.7071067811865451302, -0.7071067811865499042 ) ) ;
#9167 = EDGE_LOOP ( 'NONE', ( #7935, #10437 ) ) ;
#9168 = VECTOR ( 'NONE', #389, 39.37007874015748143 ) ;
#9169 = ORIENTED_EDGE ( 'NONE', *, *, #8118, .F. ) ;
#9170 = AXIS2_PLACEMENT_3D ( 'NONE', #3608, #8616, #2746 ) ;
#9171 = VECTOR ( 'NONE', #6668, 39.37007874015748143 ) ;
#9172 = DIRECTION ( 'NONE',  ( 0.000000000000000000, 1.213093339843927959E-15, 1.000000000000000000 ) ) ;
#9173 = EDGE_LOOP ( 'NONE', ( #5402, #9575, #8039, #9355, #3795, #2222 ) ) ;
#9174 = DIRECTION ( 'NONE',  ( 0.000000000000000000, 0.000000000000000000, -1.000000000000000000 ) ) ;
#9175 = ORIENTED_EDGE ( 'NONE', *, *, #1147, .F. ) ;
#9176 = EDGE_CURVE ( 'NONE', #4758, #418, #5408, .T. ) ;
#9177 = VECTOR ( 'NONE', #2003, 39.37007874015748143 ) ;
#9178 = LINE ( 'NONE', #5243, #820 ) ;
#9179 = DIRECTION ( 'NONE',  ( 0.000000000000000000, 0.000000000000000000, 1.000000000000000000 ) ) ;
#9180 = FACE_OUTER_BOUND ( 'NONE', #2780, .T. ) ;
#9181 = VECTOR ( 'NONE', #6221, 39.37007874015748143 ) ;
#9182 = LINE ( 'NONE', #5736, #4392 ) ;
#9183 = ORIENTED_EDGE ( 'NONE', *, *, #4499, .T. ) ;
#9184 = DIRECTION ( 'NONE',  ( 0.000000000000000000, 1.000000000000000000, 0.000000000000000000 ) ) ;
#9185 = ORIENTED_EDGE ( 'NONE', *, *, #7874, .F. ) ;
#9186 = DIRECTION ( 'NONE',  ( 0.000000000000000000, -1.000000000000000000, 0.000000000000000000 ) ) ;
#9187 = CIRCLE ( 'NONE', #1278, 0.06102362204724406936 ) ;
#9188 = EDGE_LOOP ( 'NONE', ( #1386, #6174, #8346, #3450 ) ) ;
#9189 = CARTESIAN_POINT ( 'NONE',  ( -0.3740157480314960647, -0.09055118110236221041, 0.2952755905511810774 ) ) ;
#9190 = ORIENTED_EDGE ( 'NONE', *, *, #2300, .T. ) ;
#9191 = AXIS2_PLACEMENT_3D ( 'NONE', #4446, #3754, #1097 ) ;
#9192 = ORIENTED_EDGE ( 'NONE', *, *, #1354, .F. ) ;
#9193 = ADVANCED_FACE ( 'NONE', ( #3431 ), #9999, .T. ) ;
#9194 = LINE ( 'NONE', #298, #10587 ) ;
#9195 = CARTESIAN_POINT ( 'NONE',  ( 0.4537401574803149873, 1.191381503060679137, 0.5484827064617991965 ) ) ;
#9196 = CARTESIAN_POINT ( 'NONE',  ( -0.1968503937006692850, 1.249046188814009861, -0.6870078740157480324 ) ) ;
#9197 = DIRECTION ( 'NONE',  ( 0.000000000000000000, 1.000000000000000000, 0.000000000000000000 ) ) ;
#9198 = LINE ( 'NONE', #4952, #8077 ) ;
#9199 = VECTOR ( 'NONE', #7006, 39.37007874015748143 ) ;
#9200 = VECTOR ( 'NONE', #6355, 39.37007874015748143 ) ;
#9201 = AXIS2_PLACEMENT_3D ( 'NONE', #8545, #5200, #1160 ) ;
#9202 = CIRCLE ( 'NONE', #5589, 0.1279527559055117780 ) ;
#9203 = CARTESIAN_POINT ( 'NONE',  ( 0.1358267716535433156, 0.000000000000000000, -0.9448818897637796255 ) ) ;
#9204 = ORIENTED_EDGE ( 'NONE', *, *, #9391, .T. ) ;
#9205 = ORIENTED_EDGE ( 'NONE', *, *, #10666, .T. ) ;
#9206 = EDGE_CURVE ( 'NONE', #6226, #1393, #9294, .T. ) ;
#9207 = EDGE_CURVE ( 'NONE', #4994, #1104, #8708, .T. ) ;
#9208 = DIRECTION ( 'NONE',  ( -1.445602896647336195E-14, 0.000000000000000000, 1.000000000000000000 ) ) ;
#9209 = AXIS2_PLACEMENT_3D ( 'NONE', #1219, #3596, #6871 ) ;
#9210 = AXIS2_PLACEMENT_3D ( 'NONE', #3935, #3835, #7111 ) ;
#9211 = ORIENTED_EDGE ( 'NONE', *, *, #5056, .T. ) ;
#9212 = CARTESIAN_POINT ( 'NONE',  ( -0.09842519685039370636, 1.283464566929133799, -0.03543307086614173179 ) ) ;
#9213 = CARTESIAN_POINT ( 'NONE',  ( -0.03838582677165354451, 0.8464566929133857665, 0.9212598425196850682 ) ) ;
#9214 = LINE ( 'NONE', #7545, #7120 ) ;
#9215 = LINE ( 'NONE', #3499, #7386 ) ;
#9216 = ORIENTED_EDGE ( 'NONE', *, *, #3638, .F. ) ;
#9217 = VECTOR ( 'NONE', #2848, 39.37007874015748854 ) ;
#9218 = ORIENTED_EDGE ( 'NONE', *, *, #7223, .F. ) ;
#9219 = CARTESIAN_POINT ( 'NONE',  ( 0.1732283464566929387, 0.6456692913385827515, -0.6747790429661338907 ) ) ;
#9220 = LINE ( 'NONE', #6684, #5107 ) ;
#9221 = DIRECTION ( 'NONE',  ( -0.7071067811865474617, 0.000000000000000000, -0.7071067811865474617 ) ) ;
#9222 = LINE ( 'NONE', #7553, #8147 ) ;
#9223 = DIRECTION ( 'NONE',  ( -1.000000000000000000, 0.000000000000000000, 0.000000000000000000 ) ) ;
#9224 = ORIENTED_EDGE ( 'NONE', *, *, #329, .T. ) ;
#9225 = VERTEX_POINT ( 'NONE', #5361 ) ;
#9226 = EDGE_CURVE ( 'NONE', #4672, #6391, #9514, .T. ) ;
#9227 = DIRECTION ( 'NONE',  ( 0.000000000000000000, 1.000000000000000000, 0.000000000000000000 ) ) ;
#9228 = ORIENTED_EDGE ( 'NONE', *, *, #8374, .T. ) ;
#9229 = B_SPLINE_CURVE_WITH_KNOTS ( 'NONE', 3,
 ( #7746, #358, #3655, #10231 ),
 .UNSPECIFIED., .F., .F.,
 ( 4, 4 ),
 ( 0.000000000000000000, 1.000000000000000000 ),
 .UNSPECIFIED. ) ;
#9230 = VERTEX_POINT ( 'NONE', #1909 ) ;
#9231 = VECTOR ( 'NONE', #5482, 39.37007874015748143 ) ;
#9232 = FACE_OUTER_BOUND ( 'NONE', #1857, .T. ) ;
#9233 = LINE ( 'NONE', #2235, #6142 ) ;
#9234 = CARTESIAN_POINT ( 'NONE',  ( -0.07874015748031495954, 0.1850393700787401619, -0.1279527559055118058 ) ) ;
#9235 = DIRECTION ( 'NONE',  ( 0.000000000000000000, 3.469446951953565279E-15, 1.000000000000000000 ) ) ;
#9236 = ORIENTED_EDGE ( 'NONE', *, *, #6317, .T. ) ;
#9237 = VECTOR ( 'NONE', #5124, 39.37007874015748854 ) ;
#9238 = DIRECTION ( 'NONE',  ( 0.000000000000000000, 1.000000000000000000, 0.000000000000000000 ) ) ;
#9239 = AXIS2_PLACEMENT_3D ( 'NONE', #10268, #5515, #7940 ) ;
#9240 = VERTEX_POINT ( 'NONE', #396 ) ;
#9241 = EDGE_CURVE ( 'NONE', #7638, #166, #9463, .T. ) ;
#9242 = EDGE_CURVE ( 'NONE', #8393, #5204, #1262, .T. ) ;
#9243 = PLANE ( 'NONE',  #3690 ) ;
#9244 = EDGE_CURVE ( 'NONE', #2180, #4474, #4391, .T. ) ;
#9245 = ORIENTED_EDGE ( 'NONE', *, *, #941, .F. ) ;
#9246 = DIRECTION ( 'NONE',  ( 0.000000000000000000, 0.000000000000000000, 1.000000000000000000 ) ) ;
#9247 = ORIENTED_EDGE ( 'NONE', *, *, #3107, .T. ) ;
#9248 = ORIENTED_EDGE ( 'NONE', *, *, #4037, .T. ) ;
#9249 = DIRECTION ( 'NONE',  ( 0.000000000000000000, 0.000000000000000000, 1.000000000000000000 ) ) ;
#9250 = DIRECTION ( 'NONE',  ( 0.000000000000000000, 0.000000000000000000, -1.000000000000000000 ) ) ;
#9251 = DIRECTION ( 'NONE',  ( 0.000000000000000000, 0.000000000000000000, -1.000000000000000000 ) ) ;
#9252 = EDGE_LOOP ( 'NONE', ( #7193, #4767, #9448, #2914 ) ) ;
#9253 = CARTESIAN_POINT ( 'NONE',  ( 0.07874015748031495954, 0.4855184551668063064, 0.1279527559055118058 ) ) ;
#9254 = DIRECTION ( 'NONE',  ( 0.000000000000000000, -1.000000000000000000, 0.000000000000000000 ) ) ;
#9255 = EDGE_CURVE ( 'NONE', #377, #6973, #2832, .T. ) ;
#9256 = VECTOR ( 'NONE', #9678, 39.37007874015748854 ) ;
#9257 = DIRECTION ( 'NONE',  ( 0.000000000000000000, 1.000000000000000000, 3.469446951953609850E-15 ) ) ;
#9258 = ORIENTED_EDGE ( 'NONE', *, *, #8200, .T. ) ;
#9259 = EDGE_LOOP ( 'NONE', ( #1899, #3241, #2965, #9579 ) ) ;
#9260 = CARTESIAN_POINT ( 'NONE',  ( -0.1476377952755905387, -0.05511811023622047168, -0.1279527559055118058 ) ) ;
#9261 = VECTOR ( 'NONE', #1575, 39.37007874015748143 ) ;
#9262 = VERTEX_POINT ( 'NONE', #8478 ) ;
#9263 = DIRECTION ( 'NONE',  ( -0.2368163906405040819, -0.9715544231405692788, 0.000000000000000000 ) ) ;
#9264 = FACE_OUTER_BOUND ( 'NONE', #4495, .T. ) ;
#9265 = DIRECTION ( 'NONE',  ( -0.000000000000000000, 1.000000000000000000, 0.000000000000000000 ) ) ;
#9266 = LINE ( 'NONE', #9157, #4639 ) ;
#9267 = EDGE_CURVE ( 'NONE', #166, #3036, #7782, .T. ) ;
#9268 = EDGE_CURVE ( 'NONE', #9996, #3370, #2946, .T. ) ;
#9269 = ORIENTED_EDGE ( 'NONE', *, *, #103, .T. ) ;
#9270 = ORIENTED_EDGE ( 'NONE', *, *, #17, .T. ) ;
#9271 = CARTESIAN_POINT ( 'NONE',  ( -0.1018281119249555694, 1.283349089161508250, 0.05522672751175921463 ) ) ;
#9272 = VECTOR ( 'NONE', #9003, 39.37007874015748143 ) ;
#9273 = LINE ( 'NONE', #9219, #10650 ) ;
#9274 = ORIENTED_EDGE ( 'NONE', *, *, #8856, .F. ) ;
#9275 = CARTESIAN_POINT ( 'NONE',  ( 0.000000000000000000, 0.1850393700787401619, -0.6377952755905511584 ) ) ;
#9276 = LINE ( 'NONE', #4314, #5421 ) ;
#9277 = DIRECTION ( 'NONE',  ( 0.000000000000000000, 1.000000000000000000, 0.000000000000000000 ) ) ;
#9278 = DIRECTION ( 'NONE',  ( 0.000000000000000000, 0.000000000000000000, -1.000000000000000000 ) ) ;
#9279 = ORIENTED_EDGE ( 'NONE', *, *, #2866, .F. ) ;
#9280 = EDGE_CURVE ( 'NONE', #9935, #9329, #9344, .T. ) ;
#9281 = AXIS2_PLACEMENT_3D ( 'NONE', #1842, #4367, #9166 ) ;
#9282 = VERTEX_POINT ( 'NONE', #456 ) ;
#9283 = AXIS2_PLACEMENT_3D ( 'NONE', #1719, #7634, #4248 ) ;
#9284 = DIRECTION ( 'NONE',  ( -0.4999999999998469558, 0.000000000000000000, 0.8660254037845270814 ) ) ;
#9285 = EDGE_LOOP ( 'NONE', ( #2247, #3300, #8696, #2762 ) ) ;
#9286 = ORIENTED_EDGE ( 'NONE', *, *, #6085, .T. ) ;
#9287 = DIRECTION ( 'NONE',  ( 0.000000000000000000, 0.000000000000000000, 1.000000000000000000 ) ) ;
#9288 = CARTESIAN_POINT ( 'NONE',  ( 0.000000000000000000, 0.000000000000000000, 0.000000000000000000 ) ) ;
#9289 = LINE ( 'NONE', #6745, #6066 ) ;
#9290 = CARTESIAN_POINT ( 'NONE',  ( 0.1968503937007874127, 0.7440944881889763884, 0.5590551181102362266 ) ) ;
#9291 = EDGE_LOOP ( 'NONE', ( #1530, #3210, #9245 ) ) ;
#9292 = CYLINDRICAL_SURFACE ( 'NONE', #7162, 0.1279527559055117780 ) ;
#9293 = ORIENTED_EDGE ( 'NONE', *, *, #3524, .T. ) ;
#9294 = LINE ( 'NONE', #10213, #227 ) ;
#9295 = ORIENTED_EDGE ( 'NONE', *, *, #9242, .T. ) ;
#9296 = LINE ( 'NONE', #6811, #7581 ) ;
#9297 = ORIENTED_EDGE ( 'NONE', *, *, #3030, .F. ) ;
#9298 = VERTEX_POINT ( 'NONE', #10158 ) ;
#9299 = DIRECTION ( 'NONE',  ( 0.000000000000000000, 0.000000000000000000, -1.000000000000000000 ) ) ;
#9300 = LINE ( 'NONE', #3485, #9594 ) ;
#9301 = ADVANCED_FACE ( 'NONE', ( #343 ), #1962, .F. ) ;
#9302 = EDGE_CURVE ( 'NONE', #7861, #9651, #7897, .T. ) ;
#9303 = CARTESIAN_POINT ( 'NONE',  ( -0.3224922048370108540, 1.264792676106895275, -0.6360942317687607872 ) ) ;
#9304 = LINE ( 'NONE', #1976, #9566 ) ;
#9305 = VERTEX_POINT ( 'NONE', #6912 ) ;
#9306 = DIRECTION ( 'NONE',  ( 0.000000000000000000, -1.000000000000000000, -1.445602896647356074E-15 ) ) ;
#9307 = VECTOR ( 'NONE', #3489, 39.37007874015748143 ) ;
#9308 = CYLINDRICAL_SURFACE ( 'NONE', #10, 0.1279527559055117780 ) ;
#9309 = ORIENTED_EDGE ( 'NONE', *, *, #3576, .F. ) ;
#9310 = ORIENTED_EDGE ( 'NONE', *, *, #112, .F. ) ;
#9311 = CARTESIAN_POINT ( 'NONE',  ( -0.2362204724409449064, 1.137795275590551158, 0.01968503937007873988 ) ) ;
#9312 = EDGE_CURVE ( 'NONE', #2819, #3623, #6007, .T. ) ;
#9313 = EDGE_LOOP ( 'NONE', ( #5181, #7418, #7489, #7456 ) ) ;
#9314 = FACE_OUTER_BOUND ( 'NONE', #5833, .T. ) ;
#9315 = APPROVAL_PERSON_ORGANIZATION ( #4931, #7382, #6741 ) ;
#9316 = LINE ( 'NONE', #3496, #5919 ) ;
#9317 = CARTESIAN_POINT ( 'NONE',  ( -0.1181102362204724532, 1.297383991755641564, -0.04935249569264858749 ) ) ;
#9318 = DIRECTION ( 'NONE',  ( -1.000000000000000000, 0.000000000000000000, 0.000000000000000000 ) ) ;
#9319 = ORIENTED_EDGE ( 'NONE', *, *, #4988, .F. ) ;
#9320 = DIRECTION ( 'NONE',  ( 0.000000000000000000, -1.000000000000000000, 0.000000000000000000 ) ) ;
#9321 = EDGE_CURVE ( 'NONE', #4515, #1550, #7084, .T. ) ;
#9322 = LINE ( 'NONE', #2594, #4627 ) ;
#9323 = ORIENTED_EDGE ( 'NONE', *, *, #6560, .T. ) ;
#9324 = DIRECTION ( 'NONE',  ( 0.000000000000000000, -1.000000000000000000, 0.000000000000000000 ) ) ;
#9325 = DIRECTION ( 'NONE',  ( 0.000000000000000000, -1.000000000000000000, -3.965082230804150336E-15 ) ) ;
#9326 = DIRECTION ( 'NONE',  ( -1.000000000000000000, 0.000000000000000000, 0.000000000000000000 ) ) ;
#9327 = CARTESIAN_POINT ( 'NONE',  ( 0.03838582677165354451, 0.6456692913385827515, 0.7165354330708662012 ) ) ;
#9328 = ORIENTED_EDGE ( 'NONE', *, *, #1748, .F. ) ;
#9329 = VERTEX_POINT ( 'NONE', #2726 ) ;
#9330 = DIRECTION ( 'NONE',  ( 0.000000000000000000, 1.000000000000000000, 0.000000000000000000 ) ) ;
#9331 = EDGE_LOOP ( 'NONE', ( #1046, #3759 ) ) ;
#9332 = ORIENTED_EDGE ( 'NONE', *, *, #151, .T. ) ;
#9333 = EDGE_CURVE ( 'NONE', #4654, #10364, #1789, .T. ) ;
#9334 = EDGE_CURVE ( 'NONE', #8459, #2026, #6054, .T. ) ;
#9335 = DIRECTION ( 'NONE',  ( 0.000000000000000000, 0.000000000000000000, -1.000000000000000000 ) ) ;
#9336 = CARTESIAN_POINT ( 'NONE',  ( -0.3937007874015748254, 0.4685039370078740717, -0.6377952755905511584 ) ) ;
#9337 = CLOSED_SHELL ( 'NONE', ( #847, #205, #7002, #282, #6990, #9301, #7443, #7540, #5643, #10029, #4707, #7839, #9759, #7293, #7923, #819, #6454, #7125, #6814, #4807, #3321, #10607, #3846, #6963, #3848, #1559, #4965, #3280, #2626, #5878, #8613, #10304, #8977, #673, #5015, #984, #5385, #7756, #9505, #1473, #6827, #8029, #707, #8884, #10345, #8586, #8752, #7985, #1508, #3961, #5237, #616, #7934, #4438, #7453, #310, #9111, #10413, #4077, #3975, #10040, #2784, #6467, #4169, #9360, #6168, #963, #5351, #6935, #7335, #5468, #5583, #6410, #9616, #8885, #6349, #2096, #281, #7794, #3150, #4263, #2624, #8063, #8729, #10219, #3291, #1649, #8612, #6534, #10291, #8257, #4700, #2327, #4606, #1413, #6368, #8298, #4523, #6214, #3084, #3542, #2764, #6761, #7699, #4665, #3216, #6338, #900, #6860, #4795, #9406, #5713, #9943, #6243, #2097, #355, #3932, #8622, #3190, #10374, #6103, #6886, #7200, #5545, #1054, #341, #2231, #9132, #230, #7119, #9868, #603, #4930, #862, #10157, #2589, #998, #1488, #3308, #6964, #3554, #9961, #8445, #6671, #3942, #2286, #2579, #482, #10402, #6748, #8279, #4301, #1276, #7866, #5825, #7573, #9193, #9725, #8210, #6039, #705, #1706, #1915, #9075, #2751, #4387, #2558, #6348, #1174, #4421, #79, #3388, #246, #8823, #2349, #5753, #7396, #10493, #8481, #1737, #2365, #6389, #5254, #4772, #6019, #1366, #7734, #3240, #3995, #2525, #3434, #8690, #5886, #7233, #7451, #8448, #7394, #3889, #1926, #2277, #2066, #1534, #5153, #1811, #4121, #1308, #3338, #6438, #2263, #4356, #5428, #2067, #771, #5860, #6213, #3351, #268, #7255, #9965, #7265, #9739 ) ) ;
#9338 = DIRECTION ( 'NONE',  ( 0.000000000000000000, -1.000000000000000000, 0.000000000000000000 ) ) ;
#9339 = VECTOR ( 'NONE', #3346, 39.37007874015748143 ) ;
#9340 = CARTESIAN_POINT ( 'NONE',  ( 0.07874015748031495954, 0.1850393700787401619, -0.1279527559055118058 ) ) ;
#9341 = ORIENTED_EDGE ( 'NONE', *, *, #619, .F. ) ;
#9342 = CARTESIAN_POINT ( 'NONE',  ( 0.4537401574803149873, 1.068783817503342615, -0.9448818897637796255 ) ) ;
#9343 = ORIENTED_EDGE ( 'NONE', *, *, #6800, .T. ) ;
#9344 = LINE ( 'NONE', #7845, #2827 ) ;
#9345 = ORIENTED_EDGE ( 'NONE', *, *, #4605, .F. ) ;
#9346 = CARTESIAN_POINT ( 'NONE',  ( 0.2204724409448818867, 1.307328710460744059, 0.5354330708661416693 ) ) ;
#9347 = VECTOR ( 'NONE', #3098, 39.37007874015748143 ) ;
#9348 = ORIENTED_EDGE ( 'NONE', *, *, #420, .F. ) ;
#9349 = ORIENTED_EDGE ( 'NONE', *, *, #6397, .F. ) ;
#9350 = DIRECTION ( 'NONE',  ( 0.000000000000000000, -1.000000000000000000, 0.000000000000000000 ) ) ;
#9351 = VECTOR ( 'NONE', #6666, 39.37007874015748143 ) ;
#9352 = LINE ( 'NONE', #8546, #10276 ) ;
#9353 = CARTESIAN_POINT ( 'NONE',  ( 0.2204724409448818867, 1.307328710460744059, 0.5826771653543307838 ) ) ;
#9354 = LINE ( 'NONE', #8658, #5775 ) ;
#9355 = ORIENTED_EDGE ( 'NONE', *, *, #10474, .T. ) ;
#9356 = CARTESIAN_POINT ( 'NONE',  ( -0.09842519685039370636, 1.137795275590551158, 0.03543307086614173179 ) ) ;
#9357 = AXIS2_PLACEMENT_3D ( 'NONE', #4107, #3140, #4055 ) ;
#9358 = VECTOR ( 'NONE', #10333, 39.37007874015748854 ) ;
#9359 = LINE ( 'NONE', #471, #5172 ) ;
#9360 = ADVANCED_FACE ( 'NONE', ( #1155 ), #6976, .T. ) ;
#9361 = ORIENTED_EDGE ( 'NONE', *, *, #512, .T. ) ;
#9362 = EDGE_CURVE ( 'NONE', #5281, #6055, #7290, .T. ) ;
#9363 = ORIENTED_EDGE ( 'NONE', *, *, #854, .F. ) ;
#9364 = DIRECTION ( 'NONE',  ( 0.000000000000000000, -1.000000000000000000, 0.000000000000000000 ) ) ;
#9365 = VECTOR ( 'NONE', #10352, 39.37007874015748143 ) ;
#9366 = VECTOR ( 'NONE', #4472, 39.37007874015748143 ) ;
#9367 = ORIENTED_EDGE ( 'NONE', *, *, #8188, .T. ) ;
#9368 = VECTOR ( 'NONE', #7216, 39.37007874015748143 ) ;
#9369 = CARTESIAN_POINT ( 'NONE',  ( 0.07874015748031495954, 0.5472440944881890035, 0.6968503937007873850 ) ) ;
#9370 = AXIS2_PLACEMENT_3D ( 'NONE', #7591, #6776, #2637 ) ;
#9371 = FACE_OUTER_BOUND ( 'NONE', #9504, .T. ) ;
#9372 = CARTESIAN_POINT ( 'NONE',  ( 0.000000000000000000, 0.4685039370078740717, 0.000000000000000000 ) ) ;
#9373 = DIRECTION ( 'NONE',  ( -0.6401096994848867183, 0.7682835235935806528, 0.000000000000000000 ) ) ;
#9374 = EDGE_CURVE ( 'NONE', #10093, #7454, #7298, .T. ) ;
#9375 = ADVANCED_FACE ( 'NONE', ( #6329 ), #6282, .F. ) ;
#9376 = EDGE_CURVE ( 'NONE', #8790, #4654, #6773, .T. ) ;
#9377 = VERTEX_POINT ( 'NONE', #664 ) ;
#9378 = VECTOR ( 'NONE', #3720, 39.37007874015748143 ) ;
#9379 = VECTOR ( 'NONE', #3073, 39.37007874015748143 ) ;
#9380 = CARTESIAN_POINT ( 'NONE',  ( -0.1100879736180124802, 1.275179933234299456, 0.05511723596671155162 ) ) ;
#9381 = LINE ( 'NONE', #7876, #8395 ) ;
#9383 = ORIENTED_EDGE ( 'NONE', *, *, #511, .F. ) ;
#9382 = VERTEX_POINT ( 'NONE', #4667 ) ;
#9384 = FACE_OUTER_BOUND ( 'NONE', #9123, .T. ) ;
#9385 = LINE ( 'NONE', #8628, #1629 ) ;
#9386 = PLANE ( 'NONE',  #7623 ) ;
#9387 = CARTESIAN_POINT ( 'NONE',  ( 0.1968503937007480276, 1.249046188814009861, -0.6870078740157480324 ) ) ;
#9388 = VECTOR ( 'NONE', #4278, 39.37007874015748143 ) ;
#9389 = EDGE_LOOP ( 'NONE', ( #6824, #2556, #2612, #1804, #3909, #3306 ) ) ;
#9390 = ORIENTED_EDGE ( 'NONE', *, *, #4436, .F. ) ;
#9391 = EDGE_CURVE ( 'NONE', #1999, #4518, #8914, .T. ) ;
#9392 = FACE_OUTER_BOUND ( 'NONE', #5274, .T. ) ;
#9393 = VERTEX_POINT ( 'NONE', #6377 ) ;
#9394 = APPROVAL_ROLE ( '' ) ;
#9395 = ORIENTED_EDGE ( 'NONE', *, *, #10633, .F. ) ;
#9396 = VECTOR ( 'NONE', #4989, 39.37007874015748143 ) ;
#9397 = DIRECTION ( 'NONE',  ( 0.000000000000000000, -1.000000000000000000, 0.000000000000000000 ) ) ;
#9398 = DIRECTION ( 'NONE',  ( 0.000000000000000000, -1.000000000000000000, 0.000000000000000000 ) ) ;
#9399 = LINE ( 'NONE', #5948, #3228 ) ;
#9400 = DIRECTION ( 'NONE',  ( -0.000000000000000000, 1.000000000000000000, 0.000000000000000000 ) ) ;
#9401 = DIRECTION ( 'NONE',  ( 0.000000000000000000, -1.000000000000000000, 0.000000000000000000 ) ) ;
#9402 = ORIENTED_EDGE ( 'NONE', *, *, #3067, .T. ) ;
#9403 = CARTESIAN_POINT ( 'NONE',  ( 0.3937007874015748254, 0.1850393700787401619, 0.6968503937007873850 ) ) ;
#9404 = ORIENTED_EDGE ( 'NONE', *, *, #10234, .T. ) ;
#9405 = EDGE_CURVE ( 'NONE', #1393, #3567, #1533, .T. ) ;
#9406 = ADVANCED_FACE ( 'NONE', ( #7238 ), #7192, .F. ) ;
#9407 = DIRECTION ( 'NONE',  ( 0.000000000000000000, 0.000000000000000000, 1.000000000000000000 ) ) ;
#9408 = VECTOR ( 'NONE', #2955, 39.37007874015748143 ) ;
#9409 = ORIENTED_EDGE ( 'NONE', *, *, #6369, .T. ) ;
#9410 = DIRECTION ( 'NONE',  ( 0.000000000000000000, 0.000000000000000000, -1.000000000000000000 ) ) ;
#9411 = VERTEX_POINT ( 'NONE', #6425 ) ;
#9412 = ORIENTED_EDGE ( 'NONE', *, *, #10182, .T. ) ;
#9413 = CARTESIAN_POINT ( 'NONE',  ( -0.3937007874015748254, 1.307328710460744059, 0.07874015748031495954 ) ) ;
#9414 = EDGE_LOOP ( 'NONE', ( #2427, #8484, #3751, #8190 ) ) ;
#9415 = DIRECTION ( 'NONE',  ( 0.2588190451025564331, 0.000000000000000000, -0.9659258262890586533 ) ) ;
#9416 = VECTOR ( 'NONE', #879, 39.37007874015748143 ) ;
#9417 = CARTESIAN_POINT ( 'NONE',  ( -0.2699871286229759137, 1.249046188814007641, -0.6870078740157483654 ) ) ;
#9418 = DIRECTION ( 'NONE',  ( 0.000000000000000000, -1.000000000000000000, 0.000000000000000000 ) ) ;
#9419 = ORIENTED_EDGE ( 'NONE', *, *, #9997, .F. ) ;
#9420 = DIRECTION ( 'NONE',  ( 0.000000000000000000, 0.000000000000000000, 1.000000000000000000 ) ) ;
#9421 = FACE_OUTER_BOUND ( 'NONE', #8360, .T. ) ;
#9422 = FACE_OUTER_BOUND ( 'NONE', #7085, .T. ) ;
#9423 = ORIENTED_EDGE ( 'NONE', *, *, #8509, .F. ) ;
#9424 = ORIENTED_EDGE ( 'NONE', *, *, #5163, .T. ) ;
#9425 = LINE ( 'NONE', #4300, #4040 ) ;
#9426 = ORIENTED_EDGE ( 'NONE', *, *, #5095, .F. ) ;
#9427 = CARTESIAN_POINT ( 'NONE',  ( -0.03838582677165354451, 0.4685039370078740717, 0.6377952755905511584 ) ) ;
#9428 = AXIS2_PLACEMENT_3D ( 'NONE', #4620, #7197, #564 ) ;
#9429 = CARTESIAN_POINT ( 'NONE',  ( -0.3937007874015905906, 0.1850393700787401619, 0.5393700787401464192 ) ) ;
#9430 = CARTESIAN_POINT ( 'NONE',  ( 0.3149606299212598381, 0.5472440944881890035, 0.9448818897637796255 ) ) ;
#9431 = ADVANCED_FACE ( 'NONE', ( #3858 ), #601, .T. ) ;
#9432 = FACE_OUTER_BOUND ( 'NONE', #991, .T. ) ;
#9433 = ORIENTED_EDGE ( 'NONE', *, *, #4299, .T. ) ;
#9434 = VECTOR ( 'NONE', #8250, 39.37007874015748143 ) ;
#9435 = CARTESIAN_POINT ( 'NONE',  ( -0.09603068411793240500, 1.277551661354485724, 0.04702792648018822019 ) ) ;
#9436 = DIRECTION ( 'NONE',  ( -4.078408702068339827E-15, 0.000000000000000000, -1.000000000000000000 ) ) ;
#9437 = EDGE_LOOP ( 'NONE', ( #5372, #2040, #3196, #2202 ) ) ;
#9438 = DIRECTION ( 'NONE',  ( -1.000000000000000000, 0.000000000000000000, 4.078408702068345349E-15 ) ) ;
#9439 = EDGE_CURVE ( 'NONE', #4082, #6545, #2288, .T. ) ;
#9440 = DIRECTION ( 'NONE',  ( 4.015563601798164685E-17, 0.000000000000000000, 1.000000000000000000 ) ) ;
#9441 = CARTESIAN_POINT ( 'NONE',  ( -0.3682501334879241806, 1.283464566929134021, 0.04935249569264851810 ) ) ;
#9442 = EDGE_CURVE ( 'NONE', #6269, #10289, #1583, .T. ) ;
#9443 = DIRECTION ( 'NONE',  ( 0.000000000000000000, 1.000000000000000000, -3.469446951953625233E-15 ) ) ;
#9444 = EDGE_CURVE ( 'NONE', #2255, #1428, #8154, .T. ) ;
#9445 = VERTEX_POINT ( 'NONE', #3147 ) ;
#9446 = ORIENTED_EDGE ( 'NONE', *, *, #1274, .T. ) ;
#9447 = LINE ( 'NONE', #4482, #9200 ) ;
#9448 = ORIENTED_EDGE ( 'NONE', *, *, #1793, .T. ) ;
#9449 = VECTOR ( 'NONE', #9924, 39.37007874015748143 ) ;
#9450 = ORIENTED_EDGE ( 'NONE', *, *, #342, .F. ) ;
#9451 = CARTESIAN_POINT ( 'NONE',  ( -0.1358267716535433156, 0.000000000000000000, -0.6377952755905511584 ) ) ;
#9452 = DIRECTION ( 'NONE',  ( 0.000000000000000000, -1.000000000000000000, 0.000000000000000000 ) ) ;
#9453 = EDGE_CURVE ( 'NONE', #422, #7803, #73, .T. ) ;
#9454 = LINE ( 'NONE', #4548, #8376 ) ;
#9455 = VECTOR ( 'NONE', #10138, 39.37007874015748143 ) ;
#9456 = DIRECTION ( 'NONE',  ( 0.000000000000000000, 0.6365650365096908736, -0.7712230250021168132 ) ) ;
#9457 = CARTESIAN_POINT ( 'NONE',  ( 0.1732283464566929387, 0.8385826771609488084, 0.4433311932543322897 ) ) ;
#9458 = CARTESIAN_POINT ( 'NONE',  ( 0.1968503937007874127, 0.7913385826771653919, 0.5590551181102362266 ) ) ;
#9459 = EDGE_LOOP ( 'NONE', ( #8591, #1695, #7512, #1864 ) ) ;
#9460 = VECTOR ( 'NONE', #1820, 39.37007874015748143 ) ;
#9461 = CARTESIAN_POINT ( 'NONE',  ( -0.1732283464566929387, 0.8385826771609488084, -0.5354330708661416693 ) ) ;
#9462 = VERTEX_POINT ( 'NONE', #2394 ) ;
#9463 = LINE ( 'NONE', #3587, #3345 ) ;
#9464 = ORIENTED_EDGE ( 'NONE', *, *, #9391, .F. ) ;
#9465 = DIRECTION ( 'NONE',  ( 0.000000000000000000, 0.000000000000000000, 1.000000000000000000 ) ) ;
#9466 = EDGE_LOOP ( 'NONE', ( #4279, #9409, #5610, #8913 ) ) ;
#9467 = ORIENTED_EDGE ( 'NONE', *, *, #2645, .F. ) ;
#9468 = LINE ( 'NONE', #2083, #5982 ) ;
#9469 = ORIENTED_EDGE ( 'NONE', *, *, #3612, .T. ) ;
#9470 = EDGE_CURVE ( 'NONE', #5656, #3784, #4064, .T. ) ;
#9471 = CARTESIAN_POINT ( 'NONE',  ( -0.3346456687069048197, 1.196850393700772175, 0.04020955639533473069 ) ) ;
#9472 = CARTESIAN_POINT ( 'NONE',  ( -0.03838582677165354451, 0.8700787401574804347, -0.9448818897637796255 ) ) ;
#9473 = CARTESIAN_POINT ( 'NONE',  ( 0.2933070866141732624, 0.000000000000000000, 0.2952755905511810774 ) ) ;
#9474 = ORIENTED_EDGE ( 'NONE', *, *, #2254, .T. ) ;
#9475 = DIRECTION ( 'NONE',  ( 1.000000000000000000, 0.000000000000000000, 0.000000000000000000 ) ) ;
#9476 = CARTESIAN_POINT ( 'NONE',  ( -0.1732283464566929387, 0.7913385826771653919, 0.5826771653543307838 ) ) ;
#9477 = FACE_OUTER_BOUND ( 'NONE', #6340, .T. ) ;
#9478 = ORIENTED_EDGE ( 'NONE', *, *, #9131, .F. ) ;
#9479 = EDGE_LOOP ( 'NONE', ( #2140, #5161 ) ) ;
#9480 = CARTESIAN_POINT ( 'NONE',  ( 0.01968503937007873988, 0.1850393700787401619, 0.4881889763779527769 ) ) ;
#9481 = EDGE_CURVE ( 'NONE', #2094, #9382, #168, .T. ) ;
#9482 = EDGE_CURVE ( 'NONE', #2835, #4095, #5068, .T. ) ;
#9483 = ORIENTED_EDGE ( 'NONE', *, *, #546, .F. ) ;
#9484 = DIRECTION ( 'NONE',  ( -1.000000000000000000, 0.000000000000000000, 0.000000000000000000 ) ) ;
#9485 = DIRECTION ( 'NONE',  ( 0.000000000000000000, 0.000000000000000000, 1.000000000000000000 ) ) ;
#9486 =( BOUNDED_SURFACE ( )  B_SPLINE_SURFACE ( 3, 3, ( 
 ( #4669, #5728, #8156, #715 ),
 ( #7240, #8102, #4870, #1486 ),
 ( #1429, #3914, #4006, #7294 ),
 ( #10595, #3209, #7194, #6379 ) ),
 .UNSPECIFIED., .F., .F., .T. ) 
 B_SPLINE_SURFACE_WITH_KNOTS ( ( 4, 4 ),
 ( 4, 4 ),
 ( 0.000000000000000000, 1.000000000000000000 ),
 ( 0.000000000000000000, 1.000000000000000000 ),
 .UNSPECIFIED. ) 
 GEOMETRIC_REPRESENTATION_ITEM ( )  RATIONAL_B_SPLINE_SURFACE ( (
 ( 1.000000000000000000, 0.8047378541243649375, 0.8047378541243649375, 1.000000000000000000),
 ( 0.8025111867385920084, 0.6458111303268120329, 0.6458111303268120329, 0.8025111867385920084),
 ( 0.8025111867385920084, 0.6458111303268120329, 0.6458111303268120329, 0.8025111867385920084),
 ( 1.000000000000000000, 0.8047378541243649375, 0.8047378541243649375, 1.000000000000000000) ) ) 
 REPRESENTATION_ITEM ( '' )  SURFACE ( )  );
#9487 = DIRECTION ( 'NONE',  ( 0.000000000000000000, 0.000000000000000000, -1.000000000000000000 ) ) ;
#9488 = DIRECTION ( 'NONE',  ( 0.000000000000000000, 0.000000000000000000, -1.000000000000000000 ) ) ;
#9489 = VECTOR ( 'NONE', #6120, 39.37007874015748143 ) ;
#9490 = EDGE_LOOP ( 'NONE', ( #5429, #560, #6891, #7474 ) ) ;
#9491 = CARTESIAN_POINT ( 'NONE',  ( -0.3577200857378535215, 1.287401574803149540, -0.07874015748031495954 ) ) ;
#9492 = CARTESIAN_POINT ( 'NONE',  ( -0.1968503937007874127, 0.6456692913385827515, -0.4980314960629921295 ) ) ;
#9493 = ORIENTED_EDGE ( 'NONE', *, *, #6399, .T. ) ;
#9494 = DIRECTION ( 'NONE',  ( 0.000000000000000000, 1.000000000000000000, 3.469446951953625233E-15 ) ) ;
#9495 = DIRECTION ( 'NONE',  ( 1.000000000000000000, 0.000000000000000000, 0.000000000000000000 ) ) ;
#9496 = CARTESIAN_POINT ( 'NONE',  ( -0.3764650071443457202, 1.283464566929133355, 0.04113762203622686048 ) ) ;
#9497 = CARTESIAN_POINT ( 'NONE',  ( -0.09842519685039370636, 1.137795275590551158, -0.05511811023622047168 ) ) ;
#9498 = EDGE_LOOP ( 'NONE', ( #9279, #5121, #7936, #9563 ) ) ;
#9499 = EDGE_CURVE ( 'NONE', #5397, #8725, #7558, .T. ) ;
#9500 = ORIENTED_EDGE ( 'NONE', *, *, #3756, .F. ) ;
#9501 = ORIENTED_EDGE ( 'NONE', *, *, #7851, .F. ) ;
#9502 = SHAPE_DEFINITION_REPRESENTATION ( #4228, #9080 ) ;
#9503 = EDGE_CURVE ( 'NONE', #8320, #6318, #4732, .T. ) ;
#9504 = EDGE_LOOP ( 'NONE', ( #4975, #3104, #716, #5438, #4992, #362, #2617, #6251, #1791, #9183, #10248, #10282, #1945, #2889 ) ) ;
#9505 = ADVANCED_FACE ( 'NONE', ( #65 ), #6692, .F. ) ;
#9506 = CARTESIAN_POINT ( 'NONE',  ( 0.4921259842519685179, 0.5000000000000000000, -0.9448818897637796255 ) ) ;
#9507 = DIRECTION ( 'NONE',  ( 0.000000000000000000, 0.000000000000000000, -1.000000000000000000 ) ) ;
#9508 = LINE ( 'NONE', #4708, #6782 ) ;
#9509 = PLANE ( 'NONE',  #563 ) ;
#9510 = CARTESIAN_POINT ( 'NONE',  ( -0.2657480314960630197, 0.8385826771609488084, 0.5590551181102362266 ) ) ;
#9511 = ORIENTED_EDGE ( 'NONE', *, *, #832, .T. ) ;
#9512 = DIRECTION ( 'NONE',  ( 1.000000000000000000, 0.000000000000000000, 0.000000000000000000 ) ) ;
#9513 = ORIENTED_EDGE ( 'NONE', *, *, #1693, .T. ) ;
#9514 = LINE ( 'NONE', #3696, #8852 ) ;
#9515 = ORIENTED_EDGE ( 'NONE', *, *, #2932, .T. ) ;
#9516 = EDGE_CURVE ( 'NONE', #8263, #4994, #2603, .T. ) ;
#9517 = DIRECTION ( 'NONE',  ( 0.000000000000000000, -1.000000000000000000, 0.000000000000000000 ) ) ;
#9518 = VERTEX_POINT ( 'NONE', #4271 ) ;
#9519 = ORIENTED_EDGE ( 'NONE', *, *, #1966, .T. ) ;
#9520 = CARTESIAN_POINT ( 'NONE',  ( -0.2362204724409449064, 1.137795275590551158, 0.05511811023622047168 ) ) ;
#9521 = VERTEX_POINT ( 'NONE', #3367 ) ;
#9522 = LINE ( 'NONE', #9679, #9925 ) ;
#9523 = CARTESIAN_POINT ( 'NONE',  ( 0.04330708661417323468, 0.4855184551668063064, 0.05511811023622047168 ) ) ;
#9524 = CARTESIAN_POINT ( 'NONE',  ( 0.000000000000000000, 0.1850393700787401619, -0.9448818897637796255 ) ) ;
#9525 = ORIENTED_EDGE ( 'NONE', *, *, #3675, .T. ) ;
#9526 = CARTESIAN_POINT ( 'NONE',  ( -0.1968503937007480276, 1.249046188814011860, 0.6870078740157480324 ) ) ;
#9527 = AXIS2_PLACEMENT_3D ( 'NONE', #6164, #10206, #7892 ) ;
#9528 = CARTESIAN_POINT ( 'NONE',  ( 0.01968503937007873988, -0.1102362204724409434, 0.5866141732283465249 ) ) ;
#9529 = VECTOR ( 'NONE', #3777, 39.37007874015748143 ) ;
#9530 = EDGE_CURVE ( 'NONE', #6280, #5629, #3467, .T. ) ;
#9531 = LINE ( 'NONE', #1983, #3815 ) ;
#9532 = ORIENTED_EDGE ( 'NONE', *, *, #5119, .T. ) ;
#9533 = VECTOR ( 'NONE', #2649, 39.37007874015748143 ) ;
#9534 = VECTOR ( 'NONE', #4247, 39.37007874015748143 ) ;
#9535 = ORIENTED_EDGE ( 'NONE', *, *, #3421, .T. ) ;
#9536 = LINE ( 'NONE', #3022, #6620 ) ;
#9537 = VECTOR ( 'NONE', #6790, 39.37007874015748143 ) ;
#9538 = DIRECTION ( 'NONE',  ( -1.000000000000000000, 0.000000000000000000, -3.707644274607585534E-15 ) ) ;
#9539 = LINE ( 'NONE', #7702, #903 ) ;
#9540 = DIRECTION ( 'NONE',  ( 0.000000000000000000, 1.000000000000000000, 0.000000000000000000 ) ) ;
#9541 = CARTESIAN_POINT ( 'NONE',  ( 0.2204724409448818867, 0.7913385826771653919, -0.5354330708661416693 ) ) ;
#9542 = CARTESIAN_POINT ( 'NONE',  ( -0.07874015748031495954, -0.05118110236220472370, 0.8267716535433071723 ) ) ;
#9543 = VECTOR ( 'NONE', #8887, 39.37007874015748143 ) ;
#9544 = EDGE_CURVE ( 'NONE', #2298, #1731, #7801, .T. ) ;
#9545 = ADVANCED_FACE ( 'NONE', ( #1743 ), #8260, .T. ) ;
#9546 = AXIS2_PLACEMENT_3D ( 'NONE', #533, #9648, #1398 ) ;
#9547 = VERTEX_POINT ( 'NONE', #1027 ) ;
#9548 = FACE_OUTER_BOUND ( 'NONE', #7083, .T. ) ;
#9549 = VECTOR ( 'NONE', #8812, 39.37007874015748854 ) ;
#9550 = VECTOR ( 'NONE', #5708, 39.37007874015748143 ) ;
#9551 = DIRECTION ( 'NONE',  ( 0.000000000000000000, 1.000000000000000000, -2.135044278125299765E-15 ) ) ;
#9553 = ORIENTED_EDGE ( 'NONE', *, *, #8846, .F. ) ;
#9552 = EDGE_LOOP ( 'NONE', ( #7626, #6571, #9228, #7542 ) ) ;
#9554 = CARTESIAN_POINT ( 'NONE',  ( 0.1358267716535433156, 0.000000000000000000, 0.1279527559055118058 ) ) ;
#9555 = DIRECTION ( 'NONE',  ( 0.000000000000000000, 0.000000000000000000, 1.000000000000000000 ) ) ;
#9556 = DIRECTION ( 'NONE',  ( 0.000000000000000000, 0.000000000000000000, 1.000000000000000000 ) ) ;
#9557 = CARTESIAN_POINT ( 'NONE',  ( -0.07874015748031495954, 0.000000000000000000, 0.07874015748031495954 ) ) ;
#9558 = VERTEX_POINT ( 'NONE', #7452 ) ;
#9559 = ORIENTED_EDGE ( 'NONE', *, *, #3447, .F. ) ;
#9560 = AXIS2_PLACEMENT_3D ( 'NONE', #6879, #1228, #5329 ) ;
#9561 = VECTOR ( 'NONE', #6218, 39.37007874015748143 ) ;
#9562 = AXIS2_PLACEMENT_3D ( 'NONE', #6181, #10287, #1218 ) ;
#9563 = ORIENTED_EDGE ( 'NONE', *, *, #730, .T. ) ;
#9564 = ORIENTED_EDGE ( 'NONE', *, *, #7204, .F. ) ;
#9565 = CARTESIAN_POINT ( 'NONE',  ( -0.1476377952755905387, 0.000000000000000000, -0.07874015748031495954 ) ) ;
#9566 = VECTOR ( 'NONE', #4400, 39.37007874015748143 ) ;
#9567 = DIRECTION ( 'NONE',  ( 1.000000000000000000, 0.000000000000000000, 0.000000000000000000 ) ) ;
#9568 = AXIS2_PLACEMENT_3D ( 'NONE', #7172, #10512, #1301 ) ;
#9569 = CARTESIAN_POINT ( 'NONE',  ( 0.03838582677165354451, 0.5472440944881890035, 0.6968503937007873850 ) ) ;
#9570 = CARTESIAN_POINT ( 'NONE',  ( -0.03838582677165354451, 0.8464566929133857665, -0.9212598425196850682 ) ) ;
#9571 = CARTESIAN_POINT ( 'NONE',  ( -0.07874015748031495954, 0.1062992125984252023, 0.3937007874015748254 ) ) ;
#9572 = ORIENTED_EDGE ( 'NONE', *, *, #10592, .T. ) ;
#9573 = EDGE_CURVE ( 'NONE', #7569, #159, #6739, .T. ) ;
#9574 = LINE ( 'NONE', #509, #2319 ) ;
#9575 = ORIENTED_EDGE ( 'NONE', *, *, #4568, .T. ) ;
#9576 = CARTESIAN_POINT ( 'NONE',  ( 0.03838582677165354451, 0.6062992125984252301, -0.7165354330708662012 ) ) ;
#9577 = ORIENTED_EDGE ( 'NONE', *, *, #2494, .T. ) ;
#9578 = DIRECTION ( 'NONE',  ( 0.4999999999996466160, 0.000000000000000000, -0.8660254037846425446 ) ) ;
#9579 = ORIENTED_EDGE ( 'NONE', *, *, #7672, .F. ) ;
#9580 = PLANE ( 'NONE',  #1168 ) ;
#9581 = ORIENTED_EDGE ( 'NONE', *, *, #923, .T. ) ;
#9582 = CARTESIAN_POINT ( 'NONE',  ( -0.07874015748031495954, 0.5472440944881890035, -0.6968503937007873850 ) ) ;
#9583 = CARTESIAN_POINT ( 'NONE',  ( -0.3937007874015748254, 0.000000000000000000, -0.5393700787401575214 ) ) ;
#9584 = EDGE_CURVE ( 'NONE', #253, #9119, #4211, .T. ) ;
#9585 = ORIENTED_EDGE ( 'NONE', *, *, #1509, .F. ) ;
#9586 = EDGE_CURVE ( 'NONE', #3665, #8668, #9881, .T. ) ;
#9587 = CARTESIAN_POINT ( 'NONE',  ( 0.4921259842519685179, 0.5000000000000000000, 0.9448818897637796255 ) ) ;
#9588 = EDGE_CURVE ( 'NONE', #1092, #5571, #9937, .T. ) ;
#9589 = DIRECTION ( 'NONE',  ( 0.000000000000000000, 0.000000000000000000, 1.000000000000000000 ) ) ;
#9590 = DIRECTION ( 'NONE',  ( 0.000000000000000000, -1.000000000000000000, 0.000000000000000000 ) ) ;
#9591 = VERTEX_POINT ( 'NONE', #1845 ) ;
#9592 = ORIENTED_EDGE ( 'NONE', *, *, #7989, .T. ) ;
#9593 = DIRECTION ( 'NONE',  ( -0.000000000000000000, 1.000000000000000000, 0.000000000000000000 ) ) ;
#9594 = VECTOR ( 'NONE', #1917, 39.37007874015748143 ) ;
#9595 = CARTESIAN_POINT ( 'NONE',  ( -0.3312032583465794322, 1.198100003087395837, -0.04657288411463124389 ) ) ;
#9596 = EDGE_CURVE ( 'NONE', #6376, #5645, #931, .T. ) ;
#9597 = CARTESIAN_POINT ( 'NONE',  ( -0.01968503937007873988, -0.09055118110236221041, 0.5866141732283465249 ) ) ;
#9598 = CARTESIAN_POINT ( 'NONE',  ( 0.1968503937007874127, 0.7440944881889763884, 0.5590551181102362266 ) ) ;
#9599 = DIRECTION ( 'NONE',  ( 0.000000000000000000, -1.000000000000000000, 2.581433744013104944E-17 ) ) ;
#9600 = AXIS2_PLACEMENT_3D ( 'NONE', #7551, #5872, #3459 ) ;
#9601 = VERTEX_POINT ( 'NONE', #5726 ) ;
#9602 = CARTESIAN_POINT ( 'NONE',  ( -0.3543307086614173040, 1.301028088653736647, 0.04570839879455282362 ) ) ;
#9603 = CARTESIAN_POINT ( 'NONE',  ( 0.1968503937006692850, 1.249046188814011860, 0.6870078740157480324 ) ) ;
#9604 = ORIENTED_EDGE ( 'NONE', *, *, #7900, .T. ) ;
#9605 = DIRECTION ( 'NONE',  ( 0.000000000000000000, 0.000000000000000000, 1.000000000000000000 ) ) ;
#9606 = ADVANCED_FACE ( 'NONE', ( #9833 ), #2555, .T. ) ;
#9607 = LINE ( 'NONE', #1307, #6443 ) ;
#9608 = EDGE_CURVE ( 'NONE', #6738, #5111, #9122, .T. ) ;
#9609 = LINE ( 'NONE', #5552, #4709 ) ;
#9610 = LINE ( 'NONE', #2432, #10140 ) ;
#9611 = ORIENTED_EDGE ( 'NONE', *, *, #4417, .F. ) ;
#9612 = AXIS2_PLACEMENT_3D ( 'NONE', #4657, #501, #7888 ) ;
#9613 = ORIENTED_EDGE ( 'NONE', *, *, #284, .F. ) ;
#9614 = DIRECTION ( 'NONE',  ( 0.000000000000000000, -4.336808689942014778E-16, -1.000000000000000000 ) ) ;
#9615 = LINE ( 'NONE', #5405, #2652 ) ;
#9616 = ADVANCED_FACE ( 'NONE', ( #924 ), #8363, .T. ) ;
#9617 = LINE ( 'NONE', #2338, #2158 ) ;
#9618 = EDGE_CURVE ( 'NONE', #9996, #9757, #10089, .T. ) ;
#9619 = CARTESIAN_POINT ( 'NONE',  ( 0.2657480314960630197, 0.7913385826771653919, 0.5354330708661416693 ) ) ;
#9620 = PLANE ( 'NONE',  #8676 ) ;
#9621 = ORIENTED_EDGE ( 'NONE', *, *, #6472, .F. ) ;
#9622 = CARTESIAN_POINT ( 'NONE',  ( -0.1732283464566929387, 0.8385826771609488084, 0.5354330708661416693 ) ) ;
#9623 = ORIENTED_EDGE ( 'NONE', *, *, #5316, .T. ) ;
#9624 = CARTESIAN_POINT ( 'NONE',  ( 0.1968503937007480276, 0.2837642458494031295, -0.5590551181102362266 ) ) ;
#9625 = ORIENTED_EDGE ( 'NONE', *, *, #4987, .F. ) ;
#9626 = CARTESIAN_POINT ( 'NONE',  ( -0.3523622047244094335, 0.4685039370078740717, 0.4251968503937008093 ) ) ;
#9627 = ORIENTED_EDGE ( 'NONE', *, *, #9544, .F. ) ;
#9628 = EDGE_CURVE ( 'NONE', #5978, #7372, #4432, .T. ) ;
#9629 = DIRECTION ( 'NONE',  ( 0.000000000000000000, 1.000000000000000000, 1.788374717501859835E-16 ) ) ;
#9630 = EDGE_LOOP ( 'NONE', ( #2974, #4871, #3982, #4693 ) ) ;
#9631 = CARTESIAN_POINT ( 'NONE',  ( -0.3149606299212598381, 1.203976278474015782, 0.05511811023622047168 ) ) ;
#9632 = B_SPLINE_CURVE_WITH_KNOTS ( 'NONE', 3,
 ( #3830, #9689, #10405, #9646, #6350, #9595, #5494, #3927, #7964, #3880, #2258, #8829, #4740, #10506, #3120, #6393 ),
 .UNSPECIFIED., .F., .F.,
 ( 4, 2, 2, 1, 1, 2, 2, 2, 4 ),
 ( 0.000000000000000000, 0.2500000000000323630, 0.3750000000000489053, 0.4375000000000571210, 0.4687500000000582312, 0.4843750000000605627, 0.5000000000000628386, 0.7500000000000314193, 1.000000000000000000 ),
 .UNSPECIFIED. ) ;
#9633 = AXIS2_PLACEMENT_3D ( 'NONE', #9974, #5977, #2750 ) ;
#9634 = PLANE ( 'NONE',  #256 ) ;
#9635 = VERTEX_POINT ( 'NONE', #5239 ) ;
#9636 = CARTESIAN_POINT ( 'NONE',  ( -0.07874015748031495954, 1.137795275590551158, -0.07874015748031495954 ) ) ;
#9637 = EDGE_CURVE ( 'NONE', #1104, #8598, #9447, .T. ) ;
#9638 = VECTOR ( 'NONE', #438, 39.37007874015748143 ) ;
#9639 = DIRECTION ( 'NONE',  ( 0.000000000000000000, 1.000000000000000000, 0.000000000000000000 ) ) ;
#9640 = CYLINDRICAL_SURFACE ( 'NONE', #1400, 0.06102362204724406936 ) ;
#9641 = ORIENTED_EDGE ( 'NONE', *, *, #8252, .F. ) ;
#9642 = ORIENTED_EDGE ( 'NONE', *, *, #151, .F. ) ;
#9643 = EDGE_CURVE ( 'NONE', #1206, #8485, #442, .T. ) ;
#9644 = PLANE ( 'NONE',  #3703 ) ;
#9645 = EDGE_CURVE ( 'NONE', #2126, #8008, #5445, .T. ) ;
#9646 = CARTESIAN_POINT ( 'NONE',  ( -0.3328258044547245942, 1.197516852040315216, -0.04379505671040658660 ) ) ;
#9647 = CARTESIAN_POINT ( 'NONE',  ( -0.2362204724409449064, 1.137795275590551158, 0.01968503937007873988 ) ) ;
#9648 = DIRECTION ( 'NONE',  ( 0.000000000000000000, -1.000000000000000000, 0.000000000000000000 ) ) ;
#9649 = CARTESIAN_POINT ( 'NONE',  ( 0.03838582677165354451, 0.1850393700787401619, 0.9448818897637796255 ) ) ;
#9650 = LINE ( 'NONE', #5993, #589 ) ;
#9651 = VERTEX_POINT ( 'NONE', #2766 ) ;
#9652 = EDGE_CURVE ( 'NONE', #7682, #7365, #276, .T. ) ;
#9653 = CARTESIAN_POINT ( 'NONE',  ( -0.07874015748031495954, 0.007874015748031495954, 0.3937007874015748254 ) ) ;
#9654 = ORIENTED_EDGE ( 'NONE', *, *, #9942, .F. ) ;
#9655 = LINE ( 'NONE', #2324, #1938 ) ;
#9656 = DIRECTION ( 'NONE',  ( 1.000000000000000000, 0.000000000000000000, 0.000000000000000000 ) ) ;
#9657 = DIRECTION ( 'NONE',  ( 1.000000000000000000, 0.000000000000000000, 0.000000000000000000 ) ) ;
#9658 = DIRECTION ( 'NONE',  ( 0.000000000000000000, -1.000000000000000000, 0.000000000000000000 ) ) ;
#9659 = CARTESIAN_POINT ( 'NONE',  ( 0.3553149606299212948, 0.6062992125984252301, -0.6968503937007873850 ) ) ;
#9660 = VERTEX_POINT ( 'NONE', #3574 ) ;
#9661 = VERTEX_POINT ( 'NONE', #7606 ) ;
#9662 = AXIS2_PLACEMENT_3D ( 'NONE', #5436, #7913, #8609 ) ;
#9663 = EDGE_CURVE ( 'NONE', #10465, #2398, #3079, .T. ) ;
#9664 = DIRECTION ( 'NONE',  ( 0.000000000000000000, 1.000000000000000000, 0.000000000000000000 ) ) ;
#9665 = DIRECTION ( 'NONE',  ( 0.000000000000000000, 0.000000000000000000, 1.000000000000000000 ) ) ;
#9666 = LINE ( 'NONE', #4659, #764 ) ;
#9667 = CARTESIAN_POINT ( 'NONE',  ( 0.3523622047244094335, -0.09055118110236221041, 0.4251968503937008093 ) ) ;
#9668 = VECTOR ( 'NONE', #1157, 39.37007874015748143 ) ;
#9669 = ORIENTED_EDGE ( 'NONE', *, *, #5187, .F. ) ;
#9670 = DIRECTION ( 'NONE',  ( 0.000000000000000000, -1.000000000000000000, 0.000000000000000000 ) ) ;
#9671 = EDGE_LOOP ( 'NONE', ( #8067, #6565, #6519, #2316 ) ) ;
#9672 = CARTESIAN_POINT ( 'NONE',  ( -0.3402807164906216930, 1.283464566929133799, 0.04922069194456307056 ) ) ;
#9673 = EDGE_LOOP ( 'NONE', ( #9039, #68, #3002, #1128 ) ) ;
#9674 = EDGE_CURVE ( 'NONE', #9225, #7609, #7830, .T. ) ;
#9675 = EDGE_CURVE ( 'NONE', #6729, #7493, #3740, .T. ) ;
#9676 = DIRECTION ( 'NONE',  ( 1.000000000000000000, 0.000000000000000000, 0.000000000000000000 ) ) ;
#9677 = ORIENTED_EDGE ( 'NONE', *, *, #5903, .T. ) ;
#9678 = DIRECTION ( 'NONE',  ( 0.000000000000000000, -0.3858061304423270887, -0.9225798771451271252 ) ) ;
#9679 = CARTESIAN_POINT ( 'NONE',  ( -0.1358267716535433156, -0.09055118110236221041, -0.1279527559055118058 ) ) ;
#9680 = DIRECTION ( 'NONE',  ( 0.000000000000000000, 0.000000000000000000, -1.000000000000000000 ) ) ;
#9681 = ORIENTED_EDGE ( 'NONE', *, *, #2600, .F. ) ;
#9682 = DIRECTION ( 'NONE',  ( 0.000000000000000000, 0.000000000000000000, -1.000000000000000000 ) ) ;
#9683 = LINE ( 'NONE', #8824, #584 ) ;
#9684 = DIRECTION ( 'NONE',  ( 0.000000000000000000, 3.469446951953565279E-15, -1.000000000000000000 ) ) ;
#9685 = VERTEX_POINT ( 'NONE', #6901 ) ;
#9686 = ORIENTED_EDGE ( 'NONE', *, *, #9268, .T. ) ;
#9687 = DIRECTION ( 'NONE',  ( 0.000000000000000000, 0.000000000000000000, -1.000000000000000000 ) ) ;
#9688 = EDGE_CURVE ( 'NONE', #10272, #5629, #5183, .T. ) ;
#9689 = CARTESIAN_POINT ( 'NONE',  ( -0.3346456692913385988, 1.196850393700794601, -0.03782041508332906893 ) ) ;
#9690 = LINE ( 'NONE', #581, #7289 ) ;
#9691 = AXIS2_PLACEMENT_3D ( 'NONE', #126, #5190, #2511 ) ;
#9692 = CARTESIAN_POINT ( 'NONE',  ( -0.03838582677165354451, 0.8464566929133857665, 0.8818897637795275468 ) ) ;
#9693 = LINE ( 'NONE', #2578, #3438 ) ;
#9694 = VECTOR ( 'NONE', #1462, 39.37007874015748143 ) ;
#9695 = EDGE_CURVE ( 'NONE', #5853, #2241, #9650, .T. ) ;
#9696 = VECTOR ( 'NONE', #9858, 39.37007874015748143 ) ;
#9697 = EDGE_CURVE ( 'NONE', #3805, #4238, #6960, .T. ) ;
#9698 = CARTESIAN_POINT ( 'NONE',  ( 0.2657480314960630197, 0.7913385826771653919, -0.5826771653543307838 ) ) ;
#9699 = ORIENTED_EDGE ( 'NONE', *, *, #4464, .T. ) ;
#9700 = VECTOR ( 'NONE', #1309, 39.37007874015748143 ) ;
#9701 = CARTESIAN_POINT ( 'NONE',  ( 0.1968503937007874127, 0.8385826771609488084, 0.5354330708661416693 ) ) ;
#9702 = ORIENTED_EDGE ( 'NONE', *, *, #4738, .F. ) ;
#9703 = AXIS2_PLACEMENT_3D ( 'NONE', #6238, #10396, #5435 ) ;
#9704 = CARTESIAN_POINT ( 'NONE',  ( -0.1968503937007874127, 0.8385826771609488084, 0.5826771653543307838 ) ) ;
#9705 = CARTESIAN_POINT ( 'NONE',  ( -0.1358267716535433156, -0.09055118110236221041, 0.01968503937007873988 ) ) ;
#9706 = DIRECTION ( 'NONE',  ( -1.000000000000000000, 0.000000000000000000, 0.000000000000000000 ) ) ;
#9707 = CARTESIAN_POINT ( 'NONE',  ( -0.09831657957485495647, 1.283349089161508250, -0.05171519516165836577 ) ) ;
#9708 = LINE ( 'NONE', #2275, #6856 ) ;
#9709 = EDGE_CURVE ( 'NONE', #6158, #88, #7018, .T. ) ;
#9710 = EDGE_CURVE ( 'NONE', #3697, #5853, #10261, .T. ) ;
#9712 = ORIENTED_EDGE ( 'NONE', *, *, #2523, .T. ) ;
#9711 = VECTOR ( 'NONE', #6453, 39.37007874015748143 ) ;
#9713 = EDGE_CURVE ( 'NONE', #4479, #2360, #6100, .T. ) ;
#9714 = AXIS2_PLACEMENT_3D ( 'NONE', #9951, #4237, #7523 ) ;
#9715 = EDGE_LOOP ( 'NONE', ( #839, #1683, #4072, #8096 ) ) ;
#9716 = CARTESIAN_POINT ( 'NONE',  ( -0.07874015748031495954, 0.5472440944881890035, 0.6968503937007873850 ) ) ;
#9717 = CARTESIAN_POINT ( 'NONE',  ( -0.3543307086614173040, 1.283464566929133799, 0.03543307086614173179 ) ) ;
#9718 = CARTESIAN_POINT ( 'NONE',  ( 0.1358267716535433156, 0.000000000000000000, -0.9448818897637796255 ) ) ;
#9719 = CARTESIAN_POINT ( 'NONE',  ( -0.2736220472440945017, 0.000000000000000000, 0.3687411576292909943 ) ) ;
#9720 = CARTESIAN_POINT ( 'NONE',  ( -0.1279527559055118058, 1.307328710460744059, 0.5826771653543307838 ) ) ;
#9721 = VECTOR ( 'NONE', #2188, 39.37007874015748143 ) ;
#9722 = VECTOR ( 'NONE', #4320, 39.37007874015748143 ) ;
#9723 = VECTOR ( 'NONE', #1986, 39.37007874015748143 ) ;
#9724 = ORIENTED_EDGE ( 'NONE', *, *, #10667, .T. ) ;
#9725 = ADVANCED_FACE ( 'NONE', ( #9392 ), #8466, .T. ) ;
#9726 = VECTOR ( 'NONE', #9155, 39.37007874015748854 ) ;
#9727 = PLANE ( 'NONE',  #3181 ) ;
#9728 = ORIENTED_EDGE ( 'NONE', *, *, #5630, .T. ) ;
#9729 = CARTESIAN_POINT ( 'NONE',  ( -0.3484178030867682296, 1.295059422543178851, 0.05751262296868160651 ) ) ;
#9730 = ORIENTED_EDGE ( 'NONE', *, *, #5867, .T. ) ;
#9731 = CARTESIAN_POINT ( 'NONE',  ( -0.3676506181866697753, 1.246404474995471912, 0.04992734380038837266 ) ) ;
#9732 = ORIENTED_EDGE ( 'NONE', *, *, #7144, .F. ) ;
#9733 = VECTOR ( 'NONE', #10359, 39.37007874015748143 ) ;
#9734 = DIRECTION ( 'NONE',  ( 0.000000000000000000, 1.000000000000000000, 0.000000000000000000 ) ) ;
#9735 = PLANE ( 'NONE',  #2882 ) ;
#9736 = CARTESIAN_POINT ( 'NONE',  ( 0.3553149606299212948, 0.6456692913385827515, 0.7165354330708662012 ) ) ;
#9737 = CARTESIAN_POINT ( 'NONE',  ( -0.07874015748031495954, 0.6062992125984252301, 0.9448818897637796255 ) ) ;
#9738 = EDGE_LOOP ( 'NONE', ( #3516, #1704, #6330, #4270, #10134, #3617 ) ) ;
#9739 = ADVANCED_FACE ( 'NONE', ( #2009 ), #8580, .F. ) ;
#9740 = EDGE_CURVE ( 'NONE', #6880, #8957, #8337, .T. ) ;
#9741 = CARTESIAN_POINT ( 'NONE',  ( -0.4537401574803149873, 1.600725928425198896, -0.6531564423004705411 ) ) ;
#9742 = VECTOR ( 'NONE', #4781, 39.37007874015748143 ) ;
#9743 = CARTESIAN_POINT ( 'NONE',  ( 0.04330708661417323468, 0.4855184551668063064, -0.1279527559055118058 ) ) ;
#9744 = ORIENTED_EDGE ( 'NONE', *, *, #9334, .F. ) ;
#9745 = DIRECTION ( 'NONE',  ( 0.000000000000000000, 0.000000000000000000, 1.000000000000000000 ) ) ;
#9746 = ORIENTED_EDGE ( 'NONE', *, *, #8143, .F. ) ;
#9747 = ORIENTED_EDGE ( 'NONE', *, *, #4496, .T. ) ;
#9748 = DIRECTION ( 'NONE',  ( 1.000000000000000000, 0.000000000000000000, 0.000000000000000000 ) ) ;
#9749 = ORIENTED_EDGE ( 'NONE', *, *, #999, .T. ) ;
#9750 = CARTESIAN_POINT ( 'NONE',  ( 0.03838582677165354451, 0.6456692913385827515, 0.4094488188976377896 ) ) ;
#9751 = CARTESIAN_POINT ( 'NONE',  ( -0.01968503937007873988, -0.09055118110236221041, -0.6968503937007873850 ) ) ;
#9752 = ADVANCED_FACE ( 'NONE', ( #5600 ), #4035, .T. ) ;
#9753 = LINE ( 'NONE', #6395, #6083 ) ;
#9754 = LINE ( 'NONE', #6353, #8943 ) ;
#9755 = DIRECTION ( 'NONE',  ( 0.000000000000000000, 0.000000000000000000, 1.000000000000000000 ) ) ;
#9756 = AXIS2_PLACEMENT_3D ( 'NONE', #2976, #9551, #5450 ) ;
#9757 = VERTEX_POINT ( 'NONE', #6456 ) ;
#9758 = CARTESIAN_POINT ( 'NONE',  ( -0.1968503937007480276, 1.287401574803149540, 0.5590551181102362266 ) ) ;
#9759 = ADVANCED_FACE ( 'NONE', ( #3340 ), #10676, .T. ) ;
#9760 = ORIENTED_EDGE ( 'NONE', *, *, #5220, .F. ) ;
#9761 = DIRECTION ( 'NONE',  ( 0.000000000000000000, 1.000000000000000000, -1.213093339843927959E-15 ) ) ;
#9762 = VECTOR ( 'NONE', #10365, 39.37007874015748143 ) ;
#9763 = LINE ( 'NONE', #696, #9550 ) ;
#9764 = CARTESIAN_POINT ( 'NONE',  ( -0.2362204724409449064, 1.137795275590551158, -0.05511811023622047168 ) ) ;
#9765 = CARTESIAN_POINT ( 'NONE',  ( 0.07874015748031495954, 0.1850393700787401619, 0.2952755905511810774 ) ) ;
#9766 = DIRECTION ( 'NONE',  ( -4.078408702068345349E-15, 0.000000000000000000, -1.000000000000000000 ) ) ;
#9767 = VECTOR ( 'NONE', #7725, 39.37007874015748143 ) ;
#9768 = ORIENTED_EDGE ( 'NONE', *, *, #309, .T. ) ;
#9769 = ORIENTED_EDGE ( 'NONE', *, *, #3400, .T. ) ;
#9770 = EDGE_CURVE ( 'NONE', #6476, #6729, #4954, .T. ) ;
#9771 = LINE ( 'NONE', #1685, #3769 ) ;
#9772 = EDGE_CURVE ( 'NONE', #10364, #1151, #7379, .T. ) ;
#9773 = CARTESIAN_POINT ( 'NONE',  ( 0.3553149606299212948, 0.8464566929133857665, -0.9212598425196850682 ) ) ;
#9774 = CARTESIAN_POINT ( 'NONE',  ( 0.3553149606299212948, 0.5472440944881890035, -0.9448818897637796255 ) ) ;
#9775 = LINE ( 'NONE', #6324, #742 ) ;
#9776 = DIRECTION ( 'NONE',  ( 0.000000000000000000, 1.000000000000000000, 3.469446951953625233E-15 ) ) ;
#9777 = ORIENTED_EDGE ( 'NONE', *, *, #6914, .F. ) ;
#9778 = VECTOR ( 'NONE', #2028, 39.37007874015748143 ) ;
#9779 = CARTESIAN_POINT ( 'NONE',  ( -0.2204724409448818867, 1.307328710460744059, -0.5354330708661416693 ) ) ;
#9780 = ORIENTED_EDGE ( 'NONE', *, *, #4860, .F. ) ;
#9781 = CARTESIAN_POINT ( 'NONE',  ( -0.3541995231152302859, 1.303148732029702606, 0.03530188531995453322 ) ) ;
#9782 = ORIENTED_EDGE ( 'NONE', *, *, #5847, .F. ) ;
#9783 = CARTESIAN_POINT ( 'NONE',  ( -0.07874015748031495954, -0.05118110236220472370, 0.4960629921259842590 ) ) ;
#9784 = VERTEX_POINT ( 'NONE', #4746 ) ;
#9785 = EDGE_CURVE ( 'NONE', #5397, #10119, #6509, .T. ) ;
#9786 = AXIS2_PLACEMENT_3D ( 'NONE', #2335, #8091, #5614 ) ;
#9787 = CARTESIAN_POINT ( 'NONE',  ( -0.03838582677165354451, 0.8464566929133857665, 0.9212598425196850682 ) ) ;
#9788 = CARTESIAN_POINT ( 'NONE',  ( 0.1968503937007480276, 1.287401574803149540, -0.5590551181102362266 ) ) ;
#9789 = VERTEX_POINT ( 'NONE', #5651 ) ;
#9790 = PLANE ( 'NONE',  #7835 ) ;
#9791 = ORIENTED_EDGE ( 'NONE', *, *, #578, .T. ) ;
#9792 = CARTESIAN_POINT ( 'NONE',  ( -0.01968503937007873988, 0.1850393700787401619, 0.2952755905511810774 ) ) ;
#9793 = VERTEX_POINT ( 'NONE', #2424 ) ;
#9794 = DIRECTION ( 'NONE',  ( -4.078408702068339827E-15, 0.000000000000000000, -1.000000000000000000 ) ) ;
#9795 = EDGE_LOOP ( 'NONE', ( #1194, #4318, #3279, #10649, #397 ) ) ;
#9796 = LINE ( 'NONE', #8173, #9993 ) ;
#9797 = VERTEX_POINT ( 'NONE', #6398 ) ;
#9798 = EDGE_LOOP ( 'NONE', ( #10383, #1214, #9071, #7246 ) ) ;
#9799 = EDGE_CURVE ( 'NONE', #3166, #7737, #10561, .T. ) ;
#9800 = VECTOR ( 'NONE', #5509, 39.37007874015748143 ) ;
#9801 = CARTESIAN_POINT ( 'NONE',  ( -0.04330708661417323468, 0.1850393700787401619, -0.05511811023622047168 ) ) ;
#9802 = LINE ( 'NONE', #4243, #9066 ) ;
#9803 = EDGE_LOOP ( 'NONE', ( #1788, #8572, #9092, #10045, #1154, #8578, #4240, #10020 ) ) ;
#9804 = LINE ( 'NONE', #2309, #4011 ) ;
#9805 = CARTESIAN_POINT ( 'NONE',  ( -0.3149606299212598381, 0.6062992125984252301, 0.1476377952755905387 ) ) ;
#9806 = CARTESIAN_POINT ( 'NONE',  ( -0.1968503937007874127, 0.7440944881889763884, -0.5590551181102362266 ) ) ;
#9807 = CIRCLE ( 'NONE', #9281, 0.01968503937007873641 ) ;
#9808 = CARTESIAN_POINT ( 'NONE',  ( -0.1968503937007480276, 0.2837642458494047393, 0.6870078740157480324 ) ) ;
#9809 = VECTOR ( 'NONE', #5857, 39.37007874015748854 ) ;
#9810 = DIRECTION ( 'NONE',  ( 0.7071067811865497932, 0.7071067811865453523, 0.000000000000000000 ) ) ;
#9811 = ORIENTED_EDGE ( 'NONE', *, *, #8838, .T. ) ;
#9812 = EDGE_CURVE ( 'NONE', #1885, #4308, #7325, .T. ) ;
#9813 = EDGE_CURVE ( 'NONE', #4425, #3430, #1506, .T. ) ;
#9814 = DIRECTION ( 'NONE',  ( 0.000000000000000000, 2.135044278125301737E-15, 1.000000000000000000 ) ) ;
#9815 = ORIENTED_EDGE ( 'NONE', *, *, #4463, .T. ) ;
#9816 = CARTESIAN_POINT ( 'NONE',  ( -0.09842519685039377575, 1.288618098185022820, 0.03543307086614173873 ) ) ;
#9817 = CARTESIAN_POINT ( 'NONE',  ( -0.03838582677165354451, 0.8700787401574804347, 0.9448818897637796255 ) ) ;
#9818 = CARTESIAN_POINT ( 'NONE',  ( -0.4537401574803149873, 1.111970212335765762, -0.9271537063884527363 ) ) ;
#9819 = LINE ( 'NONE', #4100, #6865 ) ;
#9820 = CARTESIAN_POINT ( 'NONE',  ( 0.3740157480314960647, 0.1850393700787401619, 0.2952755905511810774 ) ) ;
#9821 = EDGE_LOOP ( 'NONE', ( #8667, #147, #4828, #5260 ) ) ;
#9822 = VERTEX_POINT ( 'NONE', #8236 ) ;
#9823 = CARTESIAN_POINT ( 'NONE',  ( -0.3676528583790260041, 1.246410663458329404, -0.04992734380028061164 ) ) ;
#9824 = LINE ( 'NONE', #8204, #10101 ) ;
#9825 = DIRECTION ( 'NONE',  ( 0.000000000000000000, -1.000000000000000000, 0.000000000000000000 ) ) ;
#9826 = CARTESIAN_POINT ( 'NONE',  ( -0.1968503937007874127, 0.8385826771609488084, 0.5590551181102362266 ) ) ;
#9827 = LINE ( 'NONE', #1636, #9038 ) ;
#9828 = ORIENTED_EDGE ( 'NONE', *, *, #2337, .T. ) ;
#9829 = DIRECTION ( 'NONE',  ( 0.000000000000000000, 0.2954697229221061039, -0.9553521041146734172 ) ) ;
#9830 = EDGE_LOOP ( 'NONE', ( #2065, #6121, #9686, #5725 ) ) ;
#9831 = VECTOR ( 'NONE', #8066, 39.37007874015748143 ) ;
#9832 = EDGE_CURVE ( 'NONE', #6644, #4598, #3178, .T. ) ;
#9833 = FACE_OUTER_BOUND ( 'NONE', #4324, .T. ) ;
#9834 = EDGE_CURVE ( 'NONE', #9282, #5803, #6617, .T. ) ;
#9835 = ORIENTED_EDGE ( 'NONE', *, *, #3890, .T. ) ;
#9836 = CARTESIAN_POINT ( 'NONE',  ( -0.03838582677165354451, 0.4685039370078740717, -0.6377952755905511584 ) ) ;
#9837 = ORIENTED_EDGE ( 'NONE', *, *, #2989, .T. ) ;
#9838 = CARTESIAN_POINT ( 'NONE',  ( 0.3553149606299212948, 0.5472440944881890035, -0.6968503937007873850 ) ) ;
#9839 = CARTESIAN_POINT ( 'NONE',  ( -0.3937007874015905906, 0.4685039370078740717, 0.5393700787401464192 ) ) ;
#9840 = VERTEX_POINT ( 'NONE', #2315 ) ;
#9841 = DIRECTION ( 'NONE',  ( 0.000000000000000000, 0.000000000000000000, -1.000000000000000000 ) ) ;
#9842 = VERTEX_POINT ( 'NONE', #851 ) ;
#9843 = EDGE_LOOP ( 'NONE', ( #3494, #6284, #10609, #7588 ) ) ;
#9844 = EDGE_CURVE ( 'NONE', #928, #2533, #3016, .T. ) ;
#9845 = DIRECTION ( 'NONE',  ( 0.000000000000000000, 0.000000000000000000, -1.000000000000000000 ) ) ;
#9846 = ORIENTED_EDGE ( 'NONE', *, *, #10505, .F. ) ;
#9847 = CARTESIAN_POINT ( 'NONE',  ( -0.4921259842519685179, -0.09055118110236221041, 0.5866141732283465249 ) ) ;
#9848 = EDGE_LOOP ( 'NONE', ( #5266, #6757, #7678 ) ) ;
#9849 = EDGE_LOOP ( 'NONE', ( #8771, #8054, #10226, #8705 ) ) ;
#9850 = CARTESIAN_POINT ( 'NONE',  ( 0.4921259842519685179, 0.5000000000000000000, -0.9448818897637796255 ) ) ;
#9851 = DIRECTION ( 'NONE',  ( 0.000000000000000000, -1.000000000000000000, 0.000000000000000000 ) ) ;
#9852 = ORIENTED_EDGE ( 'NONE', *, *, #5539, .T. ) ;
#9853 = LINE ( 'NONE', #5154, #6783 ) ;
#9854 = CARTESIAN_POINT ( 'NONE',  ( -0.04330708661417323468, 0.1850393700787401619, 0.05511811023622047168 ) ) ;
#9855 = CARTESIAN_POINT ( 'NONE',  ( -0.3346456692913385988, 1.196850393700787496, -0.05511811023622047168 ) ) ;
#9856 = DIRECTION ( 'NONE',  ( 0.000000000000000000, 0.000000000000000000, -1.000000000000000000 ) ) ;
#9857 = EDGE_CURVE ( 'NONE', #418, #279, #10416, .T. ) ;
#9858 = DIRECTION ( 'NONE',  ( 3.707644274607585534E-15, 0.000000000000000000, -1.000000000000000000 ) ) ;
#9859 = ORIENTED_EDGE ( 'NONE', *, *, #8964, .F. ) ;
#9860 = CARTESIAN_POINT ( 'NONE',  ( 0.3553149606299212948, 1.027559055118110409, -0.8818897637795275468 ) ) ;
#9861 = AXIS2_PLACEMENT_3D ( 'NONE', #9946, #10098, #1802 ) ;
#9862 = ORIENTED_EDGE ( 'NONE', *, *, #9645, .F. ) ;
#9863 = CARTESIAN_POINT ( 'NONE',  ( -0.03838582677165354451, -0.09055118110236221041, 0.4251968503937008093 ) ) ;
#9864 = PLANE ( 'NONE',  #9026 ) ;
#9865 = CARTESIAN_POINT ( 'NONE',  ( 0.3641513641753465480, 0.000000000000000000, 0.4881889763779527769 ) ) ;
#9866 = CARTESIAN_POINT ( 'NONE',  ( 0.03838582677165354451, 1.027559055118110409, -0.8818897637795275468 ) ) ;
#9867 = CARTESIAN_POINT ( 'NONE',  ( -0.1358267716535433156, -0.03543307086614173179, -0.1279527559055118058 ) ) ;
#9868 = ADVANCED_FACE ( 'NONE', ( #797 ), #7429, .F. ) ;
#9869 = EDGE_CURVE ( 'NONE', #9982, #8467, #2532, .T. ) ;
#9870 = ORIENTED_EDGE ( 'NONE', *, *, #6501, .T. ) ;
#9871 = VECTOR ( 'NONE', #7445, 39.37007874015748143 ) ;
#9872 = AXIS2_PLACEMENT_3D ( 'NONE', #4552, #3750, #5470 ) ;
#9873 = CARTESIAN_POINT ( 'NONE',  ( 0.3937007874015748254, 0.1850393700787401619, 0.2755905511811023723 ) ) ;
#9874 = CARTESIAN_POINT ( 'NONE',  ( -0.04330708661417323468, 0.4855184551668063064, 0.05511811023622047168 ) ) ;
#9875 = FACE_OUTER_BOUND ( 'NONE', #9938, .T. ) ;
#9876 = CARTESIAN_POINT ( 'NONE',  ( -0.1041908113939655489, 1.297383991755641564, 0.03543307086614173179 ) ) ;
#9877 = CARTESIAN_POINT ( 'NONE',  ( -0.01968503937007873988, -0.1102362204724409434, 0.4881889763779527769 ) ) ;
#9878 = EDGE_LOOP ( 'NONE', ( #2375, #1406, #7538, #7882, #3892, #5234 ) ) ;
#9879 = ORIENTED_EDGE ( 'NONE', *, *, #6859, .T. ) ;
#9880 = CIRCLE ( 'NONE', #5060, 0.1181102362204724116 ) ;
#9881 = LINE ( 'NONE', #10034, #6615 ) ;
#9882 = ORIENTED_EDGE ( 'NONE', *, *, #6670, .T. ) ;
#9883 = ORIENTED_EDGE ( 'NONE', *, *, #2739, .F. ) ;
#9884 = VECTOR ( 'NONE', #2046, 39.37007874015748143 ) ;
#9885 = LINE ( 'NONE', #1587, #3407 ) ;
#9886 = VECTOR ( 'NONE', #2284, 39.37007874015748143 ) ;
#9887 = VECTOR ( 'NONE', #2063, 39.37007874015748143 ) ;
#9888 = AXIS2_PLACEMENT_3D ( 'NONE', #3734, #2872, #2110 ) ;
#9889 = DIRECTION ( 'NONE',  ( 1.000000000000000000, 0.000000000000000000, 0.000000000000000000 ) ) ;
#9890 = EDGE_CURVE ( 'NONE', #1846, #2538, #1454, .T. ) ;
#9891 = DIRECTION ( 'NONE',  ( 0.000000000000000000, -1.000000000000000000, 0.000000000000000000 ) ) ;
#9892 = LINE ( 'NONE', #881, #606 ) ;
#9893 = ORIENTED_EDGE ( 'NONE', *, *, #3003, .F. ) ;
#9894 = CARTESIAN_POINT ( 'NONE',  ( -0.3553149606299212948, 0.8464566929133857665, -0.8818897637795275468 ) ) ;
#9895 = ORIENTED_EDGE ( 'NONE', *, *, #3477, .F. ) ;
#9896 = LINE ( 'NONE', #2518, #6604 ) ;
#9897 = ORIENTED_EDGE ( 'NONE', *, *, #5163, .F. ) ;
#9898 = VECTOR ( 'NONE', #9208, 39.37007874015748143 ) ;
#9899 = AXIS2_PLACEMENT_3D ( 'NONE', #9116, #1942, #3509 ) ;
#9900 = LINE ( 'NONE', #4335, #3124 ) ;
#9901 = VECTOR ( 'NONE', #190, 39.37007874015748143 ) ;
#9902 = ORIENTED_EDGE ( 'NONE', *, *, #4760, .T. ) ;
#9903 = VERTEX_POINT ( 'NONE', #8341 ) ;
#9904 = FACE_OUTER_BOUND ( 'NONE', #7241, .T. ) ;
#9905 = EDGE_CURVE ( 'NONE', #4474, #10337, #1056, .T. ) ;
#9906 = PLANE ( 'NONE',  #107 ) ;
#9907 = EDGE_CURVE ( 'NONE', #10105, #1628, #7695, .T. ) ;
#9908 = VECTOR ( 'NONE', #9841, 39.37007874015748143 ) ;
#9909 = EDGE_CURVE ( 'NONE', #6005, #1586, #3396, .T. ) ;
#9910 = CARTESIAN_POINT ( 'NONE',  ( 0.000000000000000000, 0.000000000000000000, -0.4881889763779527769 ) ) ;
#9911 = PLANE ( 'NONE',  #6593 ) ;
#9912 = CARTESIAN_POINT ( 'NONE',  ( -0.03838582677165354451, 0.000000000000000000, 0.000000000000000000 ) ) ;
#9913 = PLANE ( 'NONE',  #9283 ) ;
#9914 = DIRECTION ( 'NONE',  ( 0.000000000000000000, 3.469446951953565279E-15, -1.000000000000000000 ) ) ;
#9915 = ORIENTED_EDGE ( 'NONE', *, *, #5152, .F. ) ;
#9916 = AXIS2_PLACEMENT_3D ( 'NONE', #1921, #10290, #6237 ) ;
#9917 = DIRECTION ( 'NONE',  ( -4.078408702068345349E-15, 0.000000000000000000, 1.000000000000000000 ) ) ;
#9918 = EDGE_CURVE ( 'NONE', #9591, #1844, #306, .T. ) ;
#9919 = EDGE_LOOP ( 'NONE', ( #4146, #10542, #10232, #10222 ) ) ;
#9920 = FACE_OUTER_BOUND ( 'NONE', #2653, .T. ) ;
#9921 = CARTESIAN_POINT ( 'NONE',  ( 0.07874015748031495954, 0.1850393700787401619, 0.2283464566929133688 ) ) ;
#9922 = CARTESIAN_POINT ( 'NONE',  ( -0.01968503937007873988, -0.1102362204724409434, 0.4960629921259842590 ) ) ;
#9923 = CARTESIAN_POINT ( 'NONE',  ( 0.3149606299212598381, 0.5472440944881890035, -0.6968503937007873850 ) ) ;
#9924 = DIRECTION ( 'NONE',  ( 0.000000000000000000, 0.000000000000000000, -1.000000000000000000 ) ) ;
#9926 = EDGE_LOOP ( 'NONE', ( #5955, #2988, #4942, #7037 ) ) ;
#9925 = VECTOR ( 'NONE', #3109, 39.37007874015748143 ) ;
#9927 = EDGE_CURVE ( 'NONE', #2029, #6484, #10066, .T. ) ;
#9928 = EDGE_CURVE ( 'NONE', #4001, #2074, #8442, .T. ) ;
#9929 = PLANE ( 'NONE',  #4269 ) ;
#9930 = PLANE ( 'NONE',  #9600 ) ;
#9931 = CARTESIAN_POINT ( 'NONE',  ( 0.000000000000000000, 0.000000000000000000, -0.6377952755905511584 ) ) ;
#9932 = CARTESIAN_POINT ( 'NONE',  ( 0.1358267716535433156, -0.09055118110236221041, 0.01968503937007873988 ) ) ;
#9933 = DIRECTION ( 'NONE',  ( 0.000000000000000000, 0.6365650365096908736, -0.7712230250021168132 ) ) ;
#9934 = EDGE_LOOP ( 'NONE', ( #2601, #5240, #8955, #6428 ) ) ;
#9935 = VERTEX_POINT ( 'NONE', #3444 ) ;
#9936 = VECTOR ( 'NONE', #9494, 39.37007874015748143 ) ;
#9937 = LINE ( 'NONE', #1642, #5587 ) ;
#9938 = EDGE_LOOP ( 'NONE', ( #8108, #6011, #5652, #3341, #7560, #9134 ) ) ;
#9939 = CARTESIAN_POINT ( 'NONE',  ( -0.1968503937007874127, 0.7913385826771653919, -0.5590551181102362266 ) ) ;
#9940 = ORIENTED_EDGE ( 'NONE', *, *, #3742, .F. ) ;
#9941 = DIRECTION ( 'NONE',  ( 1.000000000000000000, 0.000000000000000000, 0.000000000000000000 ) ) ;
#9942 = EDGE_CURVE ( 'NONE', #258, #4717, #2687, .T. ) ;
#9943 = ADVANCED_FACE ( 'NONE', ( #10118 ), #2628, .T. ) ;
#9944 = CARTESIAN_POINT ( 'NONE',  ( 0.3553149606299212948, 0.6456692913385827515, -0.4094488188976377896 ) ) ;
#9945 = CARTESIAN_POINT ( 'NONE',  ( 0.1358267716535433156, 0.000000000000000000, -0.6377952755905511584 ) ) ;
#9946 = CARTESIAN_POINT ( 'NONE',  ( 0.1968503937007874127, 0.6456692913385827515, -0.5590551181102362266 ) ) ;
#9947 = PLANE ( 'NONE',  #5432 ) ;
#9948 = VERTEX_POINT ( 'NONE', #252 ) ;
#9949 = DIRECTION ( 'NONE',  ( 0.000000000000000000, -1.000000000000000000, 0.000000000000000000 ) ) ;
#9950 = ORIENTED_EDGE ( 'NONE', *, *, #3651, .T. ) ;
#9951 = CARTESIAN_POINT ( 'NONE',  ( 0.1968503937006692850, 1.287401574803149540, 0.5590551181102362266 ) ) ;
#9952 = ORIENTED_EDGE ( 'NONE', *, *, #6501, .F. ) ;
#9953 = VECTOR ( 'NONE', #5188, 39.37007874015748143 ) ;
#9954 = LINE ( 'NONE', #1911, #4148 ) ;
#9955 = EDGE_CURVE ( 'NONE', #6913, #7363, #6718, .T. ) ;
#9956 = ORIENTED_EDGE ( 'NONE', *, *, #2785, .F. ) ;
#9957 = ORIENTED_EDGE ( 'NONE', *, *, #10376, .T. ) ;
#9958 = CARTESIAN_POINT ( 'NONE',  ( 0.03838582677165354451, 0.6456692913385827515, 0.7165354330708662012 ) ) ;
#9959 = CARTESIAN_POINT ( 'NONE',  ( -0.4921259842519685179, 0.3897637795275590844, 0.9448818897637796255 ) ) ;
#9960 = CARTESIAN_POINT ( 'NONE',  ( 0.07874015748031495954, 0.000000000000000000, -0.6377952755905511584 ) ) ;
#9961 = ADVANCED_FACE ( 'NONE', ( #5968 ), #2740, .F. ) ;
#9962 = CARTESIAN_POINT ( 'NONE',  ( -0.1968503937007874127, 0.7440944881889763884, 0.6771653543307086798 ) ) ;
#9963 = CARTESIAN_POINT ( 'NONE',  ( 0.3937007874015748254, 0.4685039370078740717, -0.6377952755905511584 ) ) ;
#9964 = CARTESIAN_POINT ( 'NONE',  ( -0.3553149606299212948, 1.027559055118110409, 0.4094488188976377896 ) ) ;
#9965 = ADVANCED_FACE ( 'NONE', ( #6021 ), #9308, .F. ) ;
#9966 = EDGE_CURVE ( 'NONE', #1573, #9635, #5910, .T. ) ;
#9967 = ORIENTED_EDGE ( 'NONE', *, *, #4481, .T. ) ;
#9968 = DIRECTION ( 'NONE',  ( -1.000000000000000000, 0.000000000000000000, -4.078408702068345349E-15 ) ) ;
#9969 = ORIENTED_EDGE ( 'NONE', *, *, #2317, .F. ) ;
#9970 = CARTESIAN_POINT ( 'NONE',  ( 0.3523622047244094335, 0.1850393700787401619, -0.2637795275590551491 ) ) ;
#9971 = CARTESIAN_POINT ( 'NONE',  ( -0.03838582677165354451, 0.8700787401574804347, 0.9448818897637796255 ) ) ;
#9972 = VECTOR ( 'NONE', #6971, 39.37007874015748143 ) ;
#9973 = CARTESIAN_POINT ( 'NONE',  ( -0.3346456692913385988, 1.263779527559055094, 0.05511811023622047168 ) ) ;
#9974 = CARTESIAN_POINT ( 'NONE',  ( -0.3577200857378535215, 1.287401574803149540, 0.5629921259842519676 ) ) ;
#9975 = ORIENTED_EDGE ( 'NONE', *, *, #6663, .F. ) ;
#9976 = EDGE_CURVE ( 'NONE', #5309, #9840, #9149, .T. ) ;
#9977 = DIRECTION ( 'NONE',  ( 0.000000000000000000, -3.469446951953609850E-15, 1.000000000000000000 ) ) ;
#9978 = LINE ( 'NONE', #2705, #464 ) ;
#9979 = DIRECTION ( 'NONE',  ( 0.000000000000000000, 0.000000000000000000, 1.000000000000000000 ) ) ;
#9980 = CARTESIAN_POINT ( 'NONE',  ( 0.2933070866141732624, 0.000000000000000000, 0.2952755905511810774 ) ) ;
#9981 = DIRECTION ( 'NONE',  ( 0.000000000000000000, 0.000000000000000000, 1.000000000000000000 ) ) ;
#9982 = VERTEX_POINT ( 'NONE', #1720 ) ;
#9983 = ORIENTED_EDGE ( 'NONE', *, *, #2034, .T. ) ;
#9984 = EDGE_CURVE ( 'NONE', #682, #6583, #4249, .T. ) ;
#9985 = CARTESIAN_POINT ( 'NONE',  ( -0.04330708661417323468, 0.4855184551668063064, 0.1279527559055118058 ) ) ;
#9986 = ORIENTED_EDGE ( 'NONE', *, *, #7619, .F. ) ;
#9987 = APPROVAL_STATUS ( 'not_yet_approved' ) ;
#9988 = VERTEX_POINT ( 'NONE', #8287 ) ;
#9989 = CARTESIAN_POINT ( 'NONE',  ( 0.03838582677165354451, 0.6062992125984252301, -0.6968503937007873850 ) ) ;
#9990 = CYLINDRICAL_SURFACE ( 'NONE', #1335, 0.06102362204724406936 ) ;
#9991 = LINE ( 'NONE', #5888, #2292 ) ;
#9992 = CARTESIAN_POINT ( 'NONE',  ( -0.07874015748031495954, 0.5472440944881890035, 0.9448818897637796255 ) ) ;
#9993 = VECTOR ( 'NONE', #2460, 39.37007874015748143 ) ;
#9994 = ORIENTED_EDGE ( 'NONE', *, *, #8849, .T. ) ;
#9995 = LINE ( 'NONE', #5845, #8352 ) ;
#9996 = VERTEX_POINT ( 'NONE', #5108 ) ;
#9997 = EDGE_CURVE ( 'NONE', #6203, #6326, #897, .T. ) ;
#9998 = EDGE_CURVE ( 'NONE', #2341, #2126, #7537, .T. ) ;
#9999 = PLANE ( 'NONE',  #1453 ) ;
#10000 = ORIENTED_EDGE ( 'NONE', *, *, #10638, .F. ) ;
#10001 = CARTESIAN_POINT ( 'NONE',  ( -0.3937007874015748254, 0.1850393700787401619, 0.6968503937007873850 ) ) ;
#10002 = VERTEX_POINT ( 'NONE', #4295 ) ;
#10003 = ORIENTED_EDGE ( 'NONE', *, *, #3030, .T. ) ;
#10004 = AXIS2_PLACEMENT_3D ( 'NONE', #8418, #8365, #5942 ) ;
#10005 = LINE ( 'NONE', #10445, #2553 ) ;
#10006 = LINE ( 'NONE', #8385, #280 ) ;
#10007 = PLANE ( 'NONE',  #4383 ) ;
#10008 = CARTESIAN_POINT ( 'NONE',  ( 0.03838582677165354451, 0.6456692913385827515, -0.4094488188976377896 ) ) ;
#10009 = CARTESIAN_POINT ( 'NONE',  ( 0.2204724409448818867, 0.8385826771609488084, 0.5826771653543307838 ) ) ;
#10010 = CARTESIAN_POINT ( 'NONE',  ( 0.3149606299212598381, -0.09055118110236221041, 0.6968503937007873850 ) ) ;
#10011 = ORIENTED_EDGE ( 'NONE', *, *, #2918, .T. ) ;
#10012 = ORIENTED_EDGE ( 'NONE', *, *, #9280, .F. ) ;
#10013 = LINE ( 'NONE', #6074, #431 ) ;
#10014 = ORIENTED_EDGE ( 'NONE', *, *, #2435, .T. ) ;
#10015 = PLANE ( 'NONE',  #5389 ) ;
#10016 = DIRECTION ( 'NONE',  ( 1.000000000000000000, 0.000000000000000000, 0.000000000000000000 ) ) ;
#10017 = CARTESIAN_POINT ( 'NONE',  ( -0.1041908113939655489, 1.297383991755641564, 0.03543307086614173179 ) ) ;
#10018 = EDGE_CURVE ( 'NONE', #348, #4065, #7582, .T. ) ;
#10019 = FACE_OUTER_BOUND ( 'NONE', #6191, .T. ) ;
#10020 = ORIENTED_EDGE ( 'NONE', *, *, #2727, .F. ) ;
#10021 = VERTEX_POINT ( 'NONE', #3019 ) ;
#10022 = CARTESIAN_POINT ( 'NONE',  ( -0.03838582677165354451, 0.6062992125984252301, -0.7165354330708662012 ) ) ;
#10023 = CARTESIAN_POINT ( 'NONE',  ( 0.07874015748031495954, 0.1850393700787401619, 0.1279527559055118058 ) ) ;
#10024 = EDGE_CURVE ( 'NONE', #469, #10262, #9531, .T. ) ;
#10025 = LINE ( 'NONE', #9931, #9533 ) ;
#10026 = CARTESIAN_POINT ( 'NONE',  ( -0.1041908113939653685, 1.297383991755641564, 0.03543307086614173179 ) ) ;
#10027 = EDGE_CURVE ( 'NONE', #1249, #4259, #4837, .T. ) ;
#10028 = CARTESIAN_POINT ( 'NONE',  ( -0.1181102362204724671, 1.303149606299212504, 0.04058660212203048928 ) ) ;
#10029 = ADVANCED_FACE ( 'NONE', ( #416 ), #8556, .T. ) ;
#10030 = ORIENTED_EDGE ( 'NONE', *, *, #6784, .F. ) ;
#10031 = VECTOR ( 'NONE', #3631, 39.37007874015748143 ) ;
#10032 = ORIENTED_EDGE ( 'NONE', *, *, #3422, .F. ) ;
#10033 = AXIS2_PLACEMENT_3D ( 'NONE', #5004, #10175, #2791 ) ;
#10034 = CARTESIAN_POINT ( 'NONE',  ( 0.03838582677165354451, 0.8464566929133857665, 0.8818897637795275468 ) ) ;
#10035 = ORIENTED_EDGE ( 'NONE', *, *, #1080, .T. ) ;
#10036 = COORDINATED_UNIVERSAL_TIME_OFFSET ( 5, 0, .BEHIND. ) ;
#10037 = ORIENTED_EDGE ( 'NONE', *, *, #7771, .T. ) ;
#10038 = VECTOR ( 'NONE', #10517, 39.37007874015748143 ) ;
#10039 = FACE_OUTER_BOUND ( 'NONE', #8003, .T. ) ;
#10040 = ADVANCED_FACE ( 'NONE', ( #9477 ), #10397, .T. ) ;
#10041 = DIRECTION ( 'NONE',  ( 1.000000000000000000, 0.000000000000000000, 0.000000000000000000 ) ) ;
#10042 = CARTESIAN_POINT ( 'NONE',  ( 0.1968503937007480276, 1.287401574803149540, -0.4311023622047244208 ) ) ;
#10043 = CIRCLE ( 'NONE', #3167, 0.1574803149606299191 ) ;
#10044 = DIRECTION ( 'NONE',  ( 0.000000000000000000, 0.7071067811865494601, -0.7071067811865454633 ) ) ;
#10045 = ORIENTED_EDGE ( 'NONE', *, *, #796, .F. ) ;
#10046 = PLANE ( 'NONE',  #10442 ) ;
#10047 = ORIENTED_EDGE ( 'NONE', *, *, #3613, .F. ) ;
#10048 = DIRECTION ( 'NONE',  ( 0.000000000000000000, 0.000000000000000000, -1.000000000000000000 ) ) ;
#10049 = AXIS2_PLACEMENT_3D ( 'NONE', #10460, #2311, #3122 ) ;
#10050 = ORIENTED_EDGE ( 'NONE', *, *, #5500, .F. ) ;
#10051 = LINE ( 'NONE', #4394, #5864 ) ;
#10052 = ORIENTED_EDGE ( 'NONE', *, *, #10438, .F. ) ;
#10053 = AXIS2_PLACEMENT_3D ( 'NONE', #2252, #8064, #1442 ) ;
#10054 = VERTEX_POINT ( 'NONE', #6989 ) ;
#10055 = VECTOR ( 'NONE', #8348, 39.37007874015748143 ) ;
#10056 = CYLINDRICAL_SURFACE ( 'NONE', #3183, 0.1181102362204724116 ) ;
#10057 = EDGE_CURVE ( 'NONE', #4308, #3398, #4682, .T. ) ;
#10058 = ADVANCED_FACE ( 'NONE', ( #6132 ), #10293, .T. ) ;
#10059 = LINE ( 'NONE', #5317, #4416 ) ;
#10060 = CARTESIAN_POINT ( 'NONE',  ( 0.3523622047244094335, -0.1102362204724409434, -0.4251968503937008093 ) ) ;
#10061 = FACE_OUTER_BOUND ( 'NONE', #1512, .T. ) ;
#10062 = DIRECTION ( 'NONE',  ( -1.000000000000000000, 1.051985127942272156E-15, 0.000000000000000000 ) ) ;
#10063 = VECTOR ( 'NONE', #3658, 39.37007874015748143 ) ;
#10064 = VECTOR ( 'NONE', #9825, 39.37007874015748143 ) ;
#10065 = AXIS2_PLACEMENT_3D ( 'NONE', #7855, #1918, #1164 ) ;
#10066 = LINE ( 'NONE', #6823, #4014 ) ;
#10067 = ORIENTED_EDGE ( 'NONE', *, *, #8810, .F. ) ;
#10068 = ORIENTED_EDGE ( 'NONE', *, *, #4255, .T. ) ;
#10069 = LINE ( 'NONE', #9260, #85 ) ;
#10070 = VECTOR ( 'NONE', #5012, 39.37007874015748143 ) ;
#10071 = AXIS2_PLACEMENT_3D ( 'NONE', #9758, #3292, #9814 ) ;
#10072 = EDGE_CURVE ( 'NONE', #2891, #10262, #7800, .T. ) ;
#10073 = ORIENTED_EDGE ( 'NONE', *, *, #3191, .F. ) ;
#10074 = FACE_OUTER_BOUND ( 'NONE', #9798, .T. ) ;
#10075 = LINE ( 'NONE', #1725, #3357 ) ;
#10076 = PLANE ( 'NONE',  #4358 ) ;
#10077 = CARTESIAN_POINT ( 'NONE',  ( 0.3798818897637795122, 0.5472440944881890035, -0.9448818897637796255 ) ) ;
#10078 = ORIENTED_EDGE ( 'NONE', *, *, #6027, .T. ) ;
#10079 = AXIS2_PLACEMENT_3D ( 'NONE', #8111, #2203, #2354 ) ;
#10080 = ORIENTED_EDGE ( 'NONE', *, *, #2546, .T. ) ;
#10081 = DIRECTION ( 'NONE',  ( 0.000000000000000000, -1.724867092590574648E-17, -1.000000000000000000 ) ) ;
#10082 = ORIENTED_EDGE ( 'NONE', *, *, #5717, .F. ) ;
#10083 = DIRECTION ( 'NONE',  ( -1.000000000000000000, 0.000000000000000000, 0.000000000000000000 ) ) ;
#10084 = LINE ( 'NONE', #8461, #8162 ) ;
#10085 = FACE_OUTER_BOUND ( 'NONE', #2678, .T. ) ;
#10086 = CARTESIAN_POINT ( 'NONE',  ( -0.1968503937007874127, 0.7440944881889763884, -0.4980314960629921295 ) ) ;
#10087 = VERTEX_POINT ( 'NONE', #2039 ) ;
#10088 = VERTEX_POINT ( 'NONE', #1225 ) ;
#10089 = LINE ( 'NONE', #1141, #2320 ) ;
#10090 = ORIENTED_EDGE ( 'NONE', *, *, #379, .T. ) ;
#10091 = PERSON_AND_ORGANIZATION ( #8048, #9148 ) ;
#10092 = EDGE_CURVE ( 'NONE', #7286, #5768, #8775, .T. ) ;
#10093 = VERTEX_POINT ( 'NONE', #3715 ) ;
#10094 = AXIS2_PLACEMENT_3D ( 'NONE', #4085, #7371, #33 ) ;
#10095 = EDGE_CURVE ( 'NONE', #1007, #1249, #7243, .T. ) ;
#10096 = CARTESIAN_POINT ( 'NONE',  ( 0.4537401574803149873, 1.191381503060677138, -0.9448818897637796255 ) ) ;
#10097 = DIRECTION ( 'NONE',  ( 0.000000000000000000, 0.000000000000000000, 1.000000000000000000 ) ) ;
#10098 = DIRECTION ( 'NONE',  ( 0.000000000000000000, -1.000000000000000000, 0.000000000000000000 ) ) ;
#10099 = DIRECTION ( 'NONE',  ( 0.000000000000000000, -1.000000000000000000, 0.000000000000000000 ) ) ;
#10100 = EDGE_LOOP ( 'NONE', ( #7476, #4727, #4471 ) ) ;
#10101 = VECTOR ( 'NONE', #5564, 39.37007874015748143 ) ;
#10102 = FACE_OUTER_BOUND ( 'NONE', #9848, .T. ) ;
#10103 = EDGE_LOOP ( 'NONE', ( #6460, #495, #9395, #439, #5642 ) ) ;
#10104 = CARTESIAN_POINT ( 'NONE',  ( -0.3740157480315027816, 1.244103829858655530, -0.05511811023622047168 ) ) ;
#10105 = VERTEX_POINT ( 'NONE', #4514 ) ;
#10106 = EDGE_CURVE ( 'NONE', #3328, #7719, #3772, .T. ) ;
#10107 = PLANE ( 'NONE',  #2262 ) ;
#10108 = VERTEX_POINT ( 'NONE', #8665 ) ;
#10109 = ORIENTED_EDGE ( 'NONE', *, *, #4967, .F. ) ;
#10110 = LINE ( 'NONE', #6711, #3580 ) ;
#10111 = FACE_OUTER_BOUND ( 'NONE', #7984, .T. ) ;
#10112 = CARTESIAN_POINT ( 'NONE',  ( 0.3937007874015748254, 0.1850393700787401619, 0.9448818897637796255 ) ) ;
#10113 = DIRECTION ( 'NONE',  ( 0.2368163906405040819, -0.9715544231405692788, 0.000000000000000000 ) ) ;
#10114 = EDGE_LOOP ( 'NONE', ( #2196, #3798, #1270, #8449 ) ) ;
#10115 = CARTESIAN_POINT ( 'NONE',  ( -0.03838582677165354451, 0.3897637795275590844, -0.9448818897637796255 ) ) ;
#10116 = CIRCLE ( 'NONE', #7884, 0.1181102362204780182 ) ;
#10117 = EDGE_CURVE ( 'NONE', #4238, #7682, #6930, .T. ) ;
#10118 = FACE_OUTER_BOUND ( 'NONE', #3861, .T. ) ;
#10119 = VERTEX_POINT ( 'NONE', #6069 ) ;
#10120 = EDGE_LOOP ( 'NONE', ( #6035, #4185 ) ) ;
#10121 = DIRECTION ( 'NONE',  ( -1.000000000000000000, 0.000000000000000000, 0.000000000000000000 ) ) ;
#10122 = VECTOR ( 'NONE', #2385, 39.37007874015748143 ) ;
#10123 = VERTEX_POINT ( 'NONE', #7049 ) ;
#10124 = DIRECTION ( 'NONE',  ( 0.000000000000000000, 0.000000000000000000, 1.000000000000000000 ) ) ;
#10125 = DIRECTION ( 'NONE',  ( 0.000000000000000000, -0.7071067811865455743, 0.7071067811865495711 ) ) ;
#10126 = LINE ( 'NONE', #10184, #4546 ) ;
#10127 = LINE ( 'NONE', #7546, #3260 ) ;
#10128 = EDGE_CURVE ( 'NONE', #9521, #2895, #1283, .T. ) ;
#10129 = EDGE_CURVE ( 'NONE', #8046, #9547, #7960, .T. ) ;
#10130 = ORIENTED_EDGE ( 'NONE', *, *, #15, .T. ) ;
#10131 = DIRECTION ( 'NONE',  ( 3.707644274607580800E-15, 0.000000000000000000, 1.000000000000000000 ) ) ;
#10132 = VECTOR ( 'NONE', #10044, 39.37007874015748854 ) ;
#10133 = DIRECTION ( 'NONE',  ( 0.000000000000000000, -3.469446951953609850E-15, -1.000000000000000000 ) ) ;
#10134 = ORIENTED_EDGE ( 'NONE', *, *, #10547, .F. ) ;
#10135 = LINE ( 'NONE', #2758, #10285 ) ;
#10136 = CARTESIAN_POINT ( 'NONE',  ( 0.3937007874015748254, 0.1850393700787401619, -0.2637795275590551491 ) ) ;
#10137 = CARTESIAN_POINT ( 'NONE',  ( -0.3541995231152302859, 1.303148732029704604, 0.03530188531995460954 ) ) ;
#10138 = DIRECTION ( 'NONE',  ( -1.000000000000000000, 0.000000000000000000, 0.000000000000000000 ) ) ;
#10139 = ORIENTED_EDGE ( 'NONE', *, *, #1855, .F. ) ;
#10140 = VECTOR ( 'NONE', #4962, 39.37007874015748143 ) ;
#10141 = EDGE_LOOP ( 'NONE', ( #4643, #8396, #9862 ) ) ;
#10142 = VECTOR ( 'NONE', #3175, 39.37007874015748143 ) ;
#10143 = DIRECTION ( 'NONE',  ( 0.000000000000000000, 0.000000000000000000, -1.000000000000000000 ) ) ;
#10144 = ORIENTED_EDGE ( 'NONE', *, *, #4862, .T. ) ;
#10145 = PERSON_AND_ORGANIZATION ( #8048, #9148 ) ;
#10146 = EDGE_LOOP ( 'NONE', ( #3532, #6949, #8862, #5270, #2189, #3711 ) ) ;
#10147 = EDGE_CURVE ( 'NONE', #9842, #8170, #9359, .T. ) ;
#10148 = CARTESIAN_POINT ( 'NONE',  ( -0.4921259842519685179, 0.1850393700787401619, 0.6968503937007873850 ) ) ;
#10149 = CARTESIAN_POINT ( 'NONE',  ( -0.01968503937007873988, -0.05118110236220472370, 0.5866141732283465249 ) ) ;
#10150 = B_SPLINE_CURVE_WITH_KNOTS ( 'NONE', 3,
 ( #2484, #9060, #2587, #1680, #4961, #8243 ),
 .UNSPECIFIED., .F., .F.,
 ( 4, 2, 4 ),
 ( 0.000000000000000000, 0.5000000000000000000, 1.000000000000000000 ),
 .UNSPECIFIED. ) ;
#10151 = CARTESIAN_POINT ( 'NONE',  ( -0.4921259842519685179, -0.09055118110236221041, -0.6377952755905511584 ) ) ;
#10152 = CARTESIAN_POINT ( 'NONE',  ( 0.3937007874015748254, -0.1102362204724409434, -0.5393700787401575214 ) ) ;
#10153 = ORIENTED_EDGE ( 'NONE', *, *, #10106, .F. ) ;
#10154 = EDGE_CURVE ( 'NONE', #8443, #2126, #9229, .T. ) ;
#10155 = PLANE ( 'NONE',  #5946 ) ;
#10156 = ORIENTED_EDGE ( 'NONE', *, *, #2724, .T. ) ;
#10157 = ADVANCED_FACE ( 'NONE', ( #10348, #9422 ), #2963, .F. ) ;
#10158 = CARTESIAN_POINT ( 'NONE',  ( -0.2204724409448818867, 0.8385826771609488084, -0.6747790429661397749 ) ) ;
#10159 = ORIENTED_EDGE ( 'NONE', *, *, #9439, .F. ) ;
#10160 = CARTESIAN_POINT ( 'NONE',  ( 0.3937007874015748254, -0.09055118110236221041, 0.4881889763779527769 ) ) ;
#10161 = ORIENTED_EDGE ( 'NONE', *, *, #3250, .F. ) ;
#10162 = EDGE_LOOP ( 'NONE', ( #4396, #989, #8328, #4592 ) ) ;
#10163 = CARTESIAN_POINT ( 'NONE',  ( 0.1279527559055118058, 1.307328710460744059, 0.5826771653543307838 ) ) ;
#10164 = LINE ( 'NONE', #2783, #2698 ) ;
#10165 = DIRECTION ( 'NONE',  ( 0.000000000000000000, 0.000000000000000000, -1.000000000000000000 ) ) ;
#10166 = DIRECTION ( 'NONE',  ( 0.000000000000000000, 0.000000000000000000, -1.000000000000000000 ) ) ;
#10167 = EDGE_CURVE ( 'NONE', #9377, #3854, #4943, .T. ) ;
#10168 = EDGE_LOOP ( 'NONE', ( #5996, #185, #2774, #4456, #288, #1176 ) ) ;
#10169 = EDGE_CURVE ( 'NONE', #720, #5281, #1597, .T. ) ;
#10170 = DIRECTION ( 'NONE',  ( 1.000000000000000000, 0.000000000000000000, 0.000000000000000000 ) ) ;
#10171 = EDGE_CURVE ( 'NONE', #7904, #3650, #5691, .T. ) ;
#10172 =( BOUNDED_CURVE ( )  B_SPLINE_CURVE ( 3, ( #554, #2771, #3689, #10269 ),
 .UNSPECIFIED., .F., .T. ) 
 B_SPLINE_CURVE_WITH_KNOTS ( ( 4, 4 ),
 ( 3.141592653589795336, 4.681614892440419951 ),
 .UNSPECIFIED. ) 
 CURVE ( )  GEOMETRIC_REPRESENTATION_ITEM ( )  RATIONAL_B_SPLINE_CURVE ( ( 1.000000000000000000, 0.8119352859618450546, 0.8119352859618450546, 1.000000000000000000 ) ) 
 REPRESENTATION_ITEM ( '' )  );
#10173 = DIRECTION ( 'NONE',  ( 0.000000000000000000, 1.000000000000000000, -1.788374717501859835E-16 ) ) ;
#10174 = VECTOR ( 'NONE', #8931, 39.37007874015748143 ) ;
#10175 = DIRECTION ( 'NONE',  ( -0.9715544231405692788, -0.2368163906405040819, 0.000000000000000000 ) ) ;
#10176 = EDGE_LOOP ( 'NONE', ( #8221, #1968, #701, #2820, #5185, #7227 ) ) ;
#10177 = ORIENTED_EDGE ( 'NONE', *, *, #5867, .F. ) ;
#10178 = CARTESIAN_POINT ( 'NONE',  ( 0.1279527559055118058, 0.7913385826771653919, -0.5354330708661416693 ) ) ;
#10179 = ORIENTED_EDGE ( 'NONE', *, *, #511, .T. ) ;
#10180 = DIRECTION ( 'NONE',  ( 1.000000000000000000, 0.000000000000000000, 0.000000000000000000 ) ) ;
#10181 = VECTOR ( 'NONE', #6915, 39.37007874015748143 ) ;
#10182 = EDGE_CURVE ( 'NONE', #710, #5358, #10610, .T. ) ;
#10183 = CARTESIAN_POINT ( 'NONE',  ( 0.3149606299212598381, 0.5472440944881890035, -0.1476377952755905387 ) ) ;
#10184 = CARTESIAN_POINT ( 'NONE',  ( -0.3553149606299212948, 0.1850393700787401619, -0.9448818897637796255 ) ) ;
#10185 = DIRECTION ( 'NONE',  ( 0.000000000000000000, 1.000000000000000000, 0.000000000000000000 ) ) ;
#10186 = ORIENTED_EDGE ( 'NONE', *, *, #378, .T. ) ;
#10187 = CARTESIAN_POINT ( 'NONE',  ( -0.1100269129565267789, 1.291547890193078141, 0.05522672751175923544 ) ) ;
#10188 = CYLINDRICAL_SURFACE ( 'NONE', #2355, 0.1279527559055117780 ) ;
#10190 = EDGE_LOOP ( 'NONE', ( #1330, #7896, #4114, #5894 ) ) ;
#10189 = VERTEX_POINT ( 'NONE', #8227 ) ;
#10191 = DIRECTION ( 'NONE',  ( 0.000000000000000000, -1.000000000000000000, 0.000000000000000000 ) ) ;
#10192 = EDGE_CURVE ( 'NONE', #2753, #1628, #786, .T. ) ;
#10193 = LINE ( 'NONE', #8686, #74 ) ;
#10194 = EDGE_CURVE ( 'NONE', #9006, #1586, #8983, .T. ) ;
#10195 = LINE ( 'NONE', #7066, #9700 ) ;
#10196 = DIRECTION ( 'NONE',  ( 0.000000000000000000, 0.000000000000000000, 1.000000000000000000 ) ) ;
#10197 = VERTEX_POINT ( 'NONE', #3923 ) ;
#10198 = EDGE_LOOP ( 'NONE', ( #2565, #6001, #2898, #5127, #947, #3257, #9837, #9699 ) ) ;
#10199 = DIRECTION ( 'NONE',  ( 0.000000000000000000, 0.000000000000000000, 1.000000000000000000 ) ) ;
#10200 = ORIENTED_EDGE ( 'NONE', *, *, #7900, .F. ) ;
#10201 = ORIENTED_EDGE ( 'NONE', *, *, #5220, .T. ) ;
#10202 = CARTESIAN_POINT ( 'NONE',  ( -0.07874015748031495954, 1.307328710460744059, 0.07874015748031495954 ) ) ;
#10203 = CARTESIAN_POINT ( 'NONE',  ( -0.3937007874015748254, 0.4905511811023622326, 0.6968503937007873850 ) ) ;
#10204 = FACE_OUTER_BOUND ( 'NONE', #331, .T. ) ;
#10205 = CIRCLE ( 'NONE', #9691, 0.1181102362204724116 ) ;
#10206 = DIRECTION ( 'NONE',  ( 0.000000000000000000, 0.000000000000000000, -1.000000000000000000 ) ) ;
#10207 = VECTOR ( 'NONE', #3495, 39.37007874015748143 ) ;
#10208 = DIRECTION ( 'NONE',  ( -0.2368163906405089947, 0.9715544231405679465, 0.000000000000000000 ) ) ;
#10209 = ORIENTED_EDGE ( 'NONE', *, *, #1381, .F. ) ;
#10210 = DIRECTION ( 'NONE',  ( -1.138416817339579858E-15, 0.6365650365096908736, 0.7712230250021168132 ) ) ;
#10211 = VECTOR ( 'NONE', #10534, 39.37007874015748143 ) ;
#10212 = ORIENTED_EDGE ( 'NONE', *, *, #7796, .T. ) ;
#10213 = CARTESIAN_POINT ( 'NONE',  ( 0.3149606299212598381, 0.5472440944881890035, -0.6968503937007873850 ) ) ;
#10214 = ORIENTED_EDGE ( 'NONE', *, *, #7090, .T. ) ;
#10215 = LINE ( 'NONE', #3004, #2608 ) ;
#10216 = AXIS2_PLACEMENT_3D ( 'NONE', #2707, #3510, #5830 ) ;
#10217 = ORIENTED_EDGE ( 'NONE', *, *, #7723, .T. ) ;
#10218 = ORIENTED_EDGE ( 'NONE', *, *, #4370, .F. ) ;
#10219 = ADVANCED_FACE ( 'NONE', ( #3223 ), #3277, .T. ) ;
#10220 = CARTESIAN_POINT ( 'NONE',  ( -0.4921259842519685179, -0.09055118110236221041, 0.6968503937007873850 ) ) ;
#10221 = AXIS2_PLACEMENT_3D ( 'NONE', #3853, #2888, #10434 ) ;
#10222 = ORIENTED_EDGE ( 'NONE', *, *, #5055, .T. ) ;
#10223 = DIRECTION ( 'NONE',  ( 1.000000000000000000, 0.000000000000000000, 0.000000000000000000 ) ) ;
#10224 = CARTESIAN_POINT ( 'NONE',  ( -0.1968503937007480276, 1.249046188814011860, 0.6870078740157480324 ) ) ;
#10225 = PLANE ( 'NONE',  #3032 ) ;
#10226 = ORIENTED_EDGE ( 'NONE', *, *, #4196, .F. ) ;
#10227 = PLANE ( 'NONE',  #2516 ) ;
#10228 = CIRCLE ( 'NONE', #7812, 0.1181102362204724116 ) ;
#10229 = LINE ( 'NONE', #414, #4032 ) ;
#10230 = VECTOR ( 'NONE', #5308, 39.37007874015748143 ) ;
#10231 = CARTESIAN_POINT ( 'NONE',  ( -0.3740157480314960647, 1.283464566929133799, 0.03543307086614173179 ) ) ;
#10232 = ORIENTED_EDGE ( 'NONE', *, *, #4829, .T. ) ;
#10233 = ORIENTED_EDGE ( 'NONE', *, *, #641, .F. ) ;
#10234 = EDGE_CURVE ( 'NONE', #3437, #2715, #4131, .T. ) ;
#10235 = ADVANCED_FACE ( 'NONE', ( #7206 ), #6549, .T. ) ;
#10236 = DIRECTION ( 'NONE',  ( 1.000000000000000000, 0.000000000000000000, 0.000000000000000000 ) ) ;
#10237 = EDGE_CURVE ( 'NONE', #2305, #558, #2253, .T. ) ;
#10238 = VECTOR ( 'NONE', #7875, 39.37007874015748143 ) ;
#10239 = VERTEX_POINT ( 'NONE', #4834 ) ;
#10240 = AXIS2_PLACEMENT_3D ( 'NONE', #6642, #11, #6585 ) ;
#10241 = CARTESIAN_POINT ( 'NONE',  ( 0.07874015748031495954, 0.6062992125984252301, 0.1476377952755905387 ) ) ;
#10242 = VECTOR ( 'NONE', #1552, 39.37007874015748143 ) ;
#10243 = VECTOR ( 'NONE', #10516, 39.37007874015748143 ) ;
#10244 = CARTESIAN_POINT ( 'NONE',  ( -0.1968503937007874127, 0.7913385826771653919, 0.5590551181102362266 ) ) ;
#10245 =( BOUNDED_CURVE ( )  B_SPLINE_CURVE ( 3, ( #10657, #883, #3319, #9133 ),
 .UNSPECIFIED., .F., .T. ) 
 B_SPLINE_CURVE_WITH_KNOTS ( ( 4, 4 ),
 ( 0.000000000000000000, 0.5000000000000000000 ),
 .UNSPECIFIED. ) 
 CURVE ( )  GEOMETRIC_REPRESENTATION_ITEM ( )  RATIONAL_B_SPLINE_CURVE ( ( 1.000000000000000000, 0.9492530216741920102, 0.9492530216741920102, 1.000000000000000000 ) ) 
 REPRESENTATION_ITEM ( '' )  );
#10246 = PLANE ( 'NONE',  #6771 ) ;
#10247 = CARTESIAN_POINT ( 'NONE',  ( 0.1279527559055118058, 1.307328710460744059, 0.5826771653543307838 ) ) ;
#10248 = ORIENTED_EDGE ( 'NONE', *, *, #3836, .T. ) ;
#10249 = AXIS2_PLACEMENT_3D ( 'NONE', #5655, #1722, #4848 ) ;
#10250 = EDGE_CURVE ( 'NONE', #7637, #8426, #8114, .T. ) ;
#10251 = AXIS2_PLACEMENT_3D ( 'NONE', #4789, #8123, #3172 ) ;
#10252 = CARTESIAN_POINT ( 'NONE',  ( -0.3149606299212598381, 0.5472440944881890035, -0.1476377952755905387 ) ) ;
#10253 = DIRECTION ( 'NONE',  ( 0.000000000000000000, -1.000000000000000000, 0.000000000000000000 ) ) ;
#10254 = EDGE_LOOP ( 'NONE', ( #7380, #1663, #1794 ) ) ;
#10255 = LINE ( 'NONE', #541, #4601 ) ;
#10256 = FACE_OUTER_BOUND ( 'NONE', #1159, .T. ) ;
#10257 = CARTESIAN_POINT ( 'NONE',  ( -0.3553149606299212948, 0.6062992125984252301, -0.6968503937007873850 ) ) ;
#10258 = CARTESIAN_POINT ( 'NONE',  ( -0.03838582677165354451, 0.8464566929133857665, -0.9212598425196850682 ) ) ;
#10259 = ORIENTED_EDGE ( 'NONE', *, *, #3782, .F. ) ;
#10260 = VERTEX_POINT ( 'NONE', #10499 ) ;
#10261 = LINE ( 'NONE', #1947, #5045 ) ;
#10262 = VERTEX_POINT ( 'NONE', #4021 ) ;
#10263 = EDGE_CURVE ( 'NONE', #3657, #9020, #3069, .T. ) ;
#10264 = DATE_AND_TIME ( #2117, #7428 ) ;
#10265 = ORIENTED_EDGE ( 'NONE', *, *, #975, .T. ) ;
#10266 = FACE_OUTER_BOUND ( 'NONE', #1144, .T. ) ;
#10267 = DIRECTION ( 'NONE',  ( 0.000000000000000000, -1.000000000000000000, 0.000000000000000000 ) ) ;
#10268 = CARTESIAN_POINT ( 'NONE',  ( -0.3740157480314960647, 0.000000000000000000, 0.2952755905511810774 ) ) ;
#10269 = CARTESIAN_POINT ( 'NONE',  ( 0.06895822148987558464, 1.287401574803149540, -0.5629921259842519676 ) ) ;
#10270 = DIRECTION ( 'NONE',  ( 0.000000000000000000, 1.000000000000000000, 0.000000000000000000 ) ) ;
#10271 = CYLINDRICAL_SURFACE ( 'NONE', #912, 0.01968503937007873988 ) ;
#10272 = VERTEX_POINT ( 'NONE', #8825 ) ;
#10273 = CARTESIAN_POINT ( 'NONE',  ( -0.1181102362204724532, 1.283464566929133799, -0.05511811023622047168 ) ) ;
#10274 = VERTEX_POINT ( 'NONE', #4885 ) ;
#10275 = CARTESIAN_POINT ( 'NONE',  ( -0.07874015748031495954, 1.307328710460744059, -0.07874015748031495954 ) ) ;
#10276 = VECTOR ( 'NONE', #1163, 39.37007874015748143 ) ;
#10277 = EDGE_LOOP ( 'NONE', ( #9224, #5028, #8229, #6720, #6058, #9611, #5568, #7264, #3318, #10109, #5859, #9677, #7748, #10496, #8761, #9749, #9511, #8876, #4449, #10161, #3919, #5510, #237, #537 ) ) ;
#10278 = EDGE_CURVE ( 'NONE', #5309, #4797, #9796, .T. ) ;
#10279 = ADVANCED_FACE ( 'NONE', ( #2413 ), #9640, .T. ) ;
#10280 = LINE ( 'NONE', #2834, #5182 ) ;
#10281 = EDGE_LOOP ( 'NONE', ( #117, #7447, #9728, #1869, #4103, #7274, #3827, #5971, #8815, #10372, #1826, #10214 ) ) ;
#10282 = ORIENTED_EDGE ( 'NONE', *, *, #10194, .T. ) ;
#10283 = LINE ( 'NONE', #2900, #3415 ) ;
#10284 = ORIENTED_EDGE ( 'NONE', *, *, #5524, .F. ) ;
#10285 = VECTOR ( 'NONE', #8251, 39.37007874015748143 ) ;
#10286 = VECTOR ( 'NONE', #4488, 39.37007874015748143 ) ;
#10287 = DIRECTION ( 'NONE',  ( 1.000000000000000000, 0.000000000000000000, 0.000000000000000000 ) ) ;
#10288 = CARTESIAN_POINT ( 'NONE',  ( -0.3641513641753839070, 0.000000000000000000, 0.4881889763779527769 ) ) ;
#10289 = VERTEX_POINT ( 'NONE', #5743 ) ;
#10290 = DIRECTION ( 'NONE',  ( 0.000000000000000000, 1.000000000000000000, 0.000000000000000000 ) ) ;
#10291 = ADVANCED_FACE ( 'NONE', ( #4785 ), #9037, .T. ) ;
#10292 = CARTESIAN_POINT ( 'NONE',  ( -0.3682501334879240140, 1.297383991755641564, -0.03543307086614173179 ) ) ;
#10293 = PLANE ( 'NONE',  #8620 ) ;
#10294 = VERTEX_POINT ( 'NONE', #236 ) ;
#10295 = VERTEX_POINT ( 'NONE', #5039 ) ;
#10296 = PLANE ( 'NONE',  #2321 ) ;
#10297 = ADVANCED_FACE ( 'NONE', ( #1100 ), #5145, .T. ) ;
#10298 = EDGE_LOOP ( 'NONE', ( #8881, #1158, #3515, #652 ) ) ;
#10299 = CARTESIAN_POINT ( 'NONE',  ( -0.03838582677165354451, 0.1850393700787401619, -0.9448818897637796255 ) ) ;
#10300 = VECTOR ( 'NONE', #4671, 39.37007874015748143 ) ;
#10301 = LINE ( 'NONE', #10354, #6616 ) ;
#10302 = FACE_OUTER_BOUND ( 'NONE', #5223, .T. ) ;
#10303 = CARTESIAN_POINT ( 'NONE',  ( -0.3798818897637795122, 0.5472440944881890035, 0.9448818897637796255 ) ) ;
#10304 = ADVANCED_FACE ( 'NONE', ( #3481 ), #6657, .F. ) ;
#10305 = EDGE_CURVE ( 'NONE', #3503, #10274, #8327, .T. ) ;
#10306 = ORIENTED_EDGE ( 'NONE', *, *, #2763, .T. ) ;
#10307 = VECTOR ( 'NONE', #10133, 39.37007874015748143 ) ;
#10308 = DIRECTION ( 'NONE',  ( 0.000000000000000000, 0.000000000000000000, 1.000000000000000000 ) ) ;
#10309 = CARTESIAN_POINT ( 'NONE',  ( -0.1968503937007874127, 0.7440944881889763884, -0.4409448818897637734 ) ) ;
#10311 = EDGE_LOOP ( 'NONE', ( #2345, #3220, #10201, #3699 ) ) ;
#10310 = VERTEX_POINT ( 'NONE', #4993 ) ;
#10312 = DIRECTION ( 'NONE',  ( 0.000000000000000000, 0.000000000000000000, -1.000000000000000000 ) ) ;
#10313 = CARTESIAN_POINT ( 'NONE',  ( -0.07874015748031495954, 0.1062992125984252023, 0.3937007874015748254 ) ) ;
#10314 = DIRECTION ( 'NONE',  ( 0.000000000000000000, 1.000000000000000000, -3.469446951953625233E-15 ) ) ;
#10315 = DIRECTION ( 'NONE',  ( 0.000000000000000000, -1.000000000000000000, 0.000000000000000000 ) ) ;
#10316 = ORIENTED_EDGE ( 'NONE', *, *, #2711, .T. ) ;
#10317 = EDGE_CURVE ( 'NONE', #7454, #8351, #2773, .T. ) ;
#10318 = EDGE_LOOP ( 'NONE', ( #1342, #9815, #6442, #8621 ) ) ;
#10319 = ORIENTED_EDGE ( 'NONE', *, *, #2301, .F. ) ;
#10320 = VECTOR ( 'NONE', #8590, 39.37007874015748143 ) ;
#10321 = ORIENTED_EDGE ( 'NONE', *, *, #8188, .F. ) ;
#10322 = CARTESIAN_POINT ( 'NONE',  ( 0.03838582677165354451, 1.027559055118110409, 0.4094488188976377896 ) ) ;
#10323 = CYLINDRICAL_SURFACE ( 'NONE', #9023, 0.01968503937007873988 ) ;
#10324 = CARTESIAN_POINT ( 'NONE',  ( 0.3523622047243977207, 0.000000000000000000, -0.4677695532303212667 ) ) ;
#10325 = VECTOR ( 'NONE', #2328, 39.37007874015748143 ) ;
#10326 = CARTESIAN_POINT ( 'NONE',  ( -0.4537401574803149873, 0.6574803149606299746, 0.9448818897637796255 ) ) ;
#10327 = LINE ( 'NONE', #610, #7628 ) ;
#10328 = ORIENTED_EDGE ( 'NONE', *, *, #5847, .T. ) ;
#10329 = EDGE_CURVE ( 'NONE', #6547, #10108, #9296, .T. ) ;
#10330 = AXIS2_PLACEMENT_3D ( 'NONE', #4031, #8186, #1611 ) ;
#10331 = CARTESIAN_POINT ( 'NONE',  ( -0.1181102362204724532, 1.137795275590551158, 0.03543307086614173179 ) ) ;
#10332 = ORIENTED_EDGE ( 'NONE', *, *, #9442, .F. ) ;
#10333 = DIRECTION ( 'NONE',  ( 0.8480480961564254017, 0.5299192642332056780, 0.000000000000000000 ) ) ;
#10334 = ORIENTED_EDGE ( 'NONE', *, *, #9740, .T. ) ;
#10335 = CARTESIAN_POINT ( 'NONE',  ( -0.3346456692913571396, 1.196850393700771509, 0.03543307327473385615 ) ) ;
#10336 = ORIENTED_EDGE ( 'NONE', *, *, #3127, .F. ) ;
#10337 = VERTEX_POINT ( 'NONE', #3433 ) ;
#10338 = DIRECTION ( 'NONE',  ( -1.000000000000000000, 0.000000000000000000, 0.000000000000000000 ) ) ;
#10339 = VERTEX_POINT ( 'NONE', #6753 ) ;
#10340 = CARTESIAN_POINT ( 'NONE',  ( -0.1968503937007874127, 0.6456692913385827515, -0.4980314960629921295 ) ) ;
#10341 = DIRECTION ( 'NONE',  ( 0.000000000000000000, -1.000000000000000000, 0.000000000000000000 ) ) ;
#10342 = DIRECTION ( 'NONE',  ( 0.000000000000000000, 1.000000000000000000, 0.000000000000000000 ) ) ;
#10343 = ORIENTED_EDGE ( 'NONE', *, *, #10633, .T. ) ;
#10344 = EDGE_CURVE ( 'NONE', #9230, #7737, #9954, .T. ) ;
#10345 = ADVANCED_FACE ( 'NONE', ( #5197 ), #10107, .T. ) ;
#10346 = CARTESIAN_POINT ( 'NONE',  ( 0.000000000000000000, 0.1850393700787401619, -0.4677695532303212667 ) ) ;
#10347 = CARTESIAN_POINT ( 'NONE',  ( 0.07874015748031495954, 0.000000000000000000, -0.6968503937007873850 ) ) ;
#10348 = FACE_BOUND ( 'NONE', #9479, .T. ) ;
#10349 = EDGE_LOOP ( 'NONE', ( #4691, #9744, #6772, #6961 ) ) ;
#10350 = ORIENTED_EDGE ( 'NONE', *, *, #3445, .F. ) ;
#10351 = DIRECTION ( 'NONE',  ( 0.000000000000000000, -1.000000000000000000, 0.000000000000000000 ) ) ;
#10352 = DIRECTION ( 'NONE',  ( 0.000000000000000000, 1.000000000000000000, 0.000000000000000000 ) ) ;
#10353 = DIRECTION ( 'NONE',  ( -1.000000000000000000, 0.000000000000000000, 0.000000000000000000 ) ) ;
#10354 = CARTESIAN_POINT ( 'NONE',  ( -0.03838582677165354451, 0.6062992125984252301, 0.7165354330708662012 ) ) ;
#10355 = CARTESIAN_POINT ( 'NONE',  ( -0.3523622047244094335, 0.000000000000000000, 0.2952755905511810774 ) ) ;
#10356 = CARTESIAN_POINT ( 'NONE',  ( -0.03838582677165354451, 0.4685039370078740717, 0.4251968503937008093 ) ) ;
#10357 = AXIS2_PLACEMENT_3D ( 'NONE', #4459, #6299, #8724 ) ;
#10358 = ORIENTED_EDGE ( 'NONE', *, *, #5980, .F. ) ;
#10359 = DIRECTION ( 'NONE',  ( 0.000000000000000000, 3.469446951953565279E-15, 1.000000000000000000 ) ) ;
#10360 = VECTOR ( 'NONE', #10443, 39.37007874015748143 ) ;
#10361 = EDGE_CURVE ( 'NONE', #45, #3264, #9900, .T. ) ;
#10362 = CARTESIAN_POINT ( 'NONE',  ( -0.1968503937007874127, 0.8385826771609488084, -0.5590551181102362266 ) ) ;
#10364 = VERTEX_POINT ( 'NONE', #2520 ) ;
#10363 = ORIENTED_EDGE ( 'NONE', *, *, #5613, .F. ) ;
#10365 = DIRECTION ( 'NONE',  ( 0.000000000000000000, 1.000000000000000000, 0.000000000000000000 ) ) ;
#10366 = CARTESIAN_POINT ( 'NONE',  ( 0.1732283464566929387, 0.7913385826771653919, 0.4433311932543322897 ) ) ;
#10367 = CARTESIAN_POINT ( 'NONE',  ( -0.03838582677165354451, 0.6062992125984252301, 0.6968503937007873850 ) ) ;
#10368 = DIRECTION ( 'NONE',  ( 0.000000000000000000, -0.5843047258450756454, 0.8115343414514943898 ) ) ;
#10369 = EDGE_LOOP ( 'NONE', ( #4409, #10635, #1498, #7094, #1053 ) ) ;
#10370 = ORIENTED_EDGE ( 'NONE', *, *, #9770, .F. ) ;
#10371 = ORIENTED_EDGE ( 'NONE', *, *, #579, .T. ) ;
#10372 = ORIENTED_EDGE ( 'NONE', *, *, #6862, .T. ) ;
#10373 = EDGE_CURVE ( 'NONE', #7824, #4515, #887, .T. ) ;
#10374 = ADVANCED_FACE ( 'NONE', ( #4285 ), #1709, .T. ) ;
#10375 = CARTESIAN_POINT ( 'NONE',  ( 0.3937007874015748254, 0.000000000000000000, 0.5393700787401575214 ) ) ;
#10376 = EDGE_CURVE ( 'NONE', #4386, #8170, #10051, .T. ) ;
#10377 = PLANE ( 'NONE',  #10410 ) ;
#10378 = DIRECTION ( 'NONE',  ( 0.000000000000000000, 1.000000000000000000, -3.469446951953625233E-15 ) ) ;
#10379 = CARTESIAN_POINT ( 'NONE',  ( -0.3937007874015748254, 0.4905511811023622326, -0.9448818897637796255 ) ) ;
#10380 = DIRECTION ( 'NONE',  ( -1.000000000000000000, 0.000000000000000000, 0.000000000000000000 ) ) ;
#10381 = ORIENTED_EDGE ( 'NONE', *, *, #1472, .F. ) ;
#10382 = CARTESIAN_POINT ( 'NONE',  ( 0.3553149606299212948, 0.1850393700787401619, -0.9448818897637796255 ) ) ;
#10383 = ORIENTED_EDGE ( 'NONE', *, *, #3508, .T. ) ;
#10384 = DIRECTION ( 'NONE',  ( 0.000000000000000000, 0.000000000000000000, -1.000000000000000000 ) ) ;
#10385 = VERTEX_POINT ( 'NONE', #10001 ) ;
#10386 = CARTESIAN_POINT ( 'NONE',  ( -0.4921259842519685179, -0.09055118110236221041, 0.6968503937007873850 ) ) ;
#10387 = EDGE_LOOP ( 'NONE', ( #4126, #7728 ) ) ;
#10388 = EDGE_CURVE ( 'NONE', #10274, #8201, #2618, .T. ) ;
#10389 = DIRECTION ( 'NONE',  ( 1.000000000000000000, 0.000000000000000000, 0.000000000000000000 ) ) ;
#10390 = ORIENTED_EDGE ( 'NONE', *, *, #2200, .F. ) ;
#10391 = CARTESIAN_POINT ( 'NONE',  ( 0.03838582677165354451, 0.6062992125984252301, 0.6968503937007873850 ) ) ;
#10392 = DIRECTION ( 'NONE',  ( 0.000000000000000000, 0.000000000000000000, -1.000000000000000000 ) ) ;
#10393 = ORIENTED_EDGE ( 'NONE', *, *, #9697, .T. ) ;
#10394 = CARTESIAN_POINT ( 'NONE',  ( 0.3937007874015748254, 0.000000000000000000, -0.5393700787401575214 ) ) ;
#10395 = AXIS2_PLACEMENT_3D ( 'NONE', #6678, #8400, #1775 ) ;
#10396 = DIRECTION ( 'NONE',  ( 0.000000000000000000, 0.000000000000000000, 1.000000000000000000 ) ) ;
#10397 = PLANE ( 'NONE',  #6382 ) ;
#10398 = ORIENTED_EDGE ( 'NONE', *, *, #8018, .T. ) ;
#10399 = AXIS2_PLACEMENT_3D ( 'NONE', #6714, #5755, #4950 ) ;
#10400 = ORIENTED_EDGE ( 'NONE', *, *, #378, .F. ) ;
#10401 = EDGE_CURVE ( 'NONE', #1226, #9262, #8429, .T. ) ;
#10402 = ADVANCED_FACE ( 'NONE', ( #1812 ), #1862, .F. ) ;
#10403 = PLANE ( 'NONE',  #3363 ) ;
#10404 = VECTOR ( 'NONE', #3297, 39.37007874015748143 ) ;
#10405 = CARTESIAN_POINT ( 'NONE',  ( -0.3342058674017323039, 1.197017008285674811, -0.04027740599069078858 ) ) ;
#10406 = PLANE ( 'NONE',  #4033 ) ;
#10407 = LINE ( 'NONE', #3028, #5752 ) ;
#10408 = PLANE ( 'NONE',  #3787 ) ;
#10409 = VECTOR ( 'NONE', #7959, 39.37007874015748143 ) ;
#10410 = AXIS2_PLACEMENT_3D ( 'NONE', #6322, #9452, #3045 ) ;
#10411 = VERTEX_POINT ( 'NONE', #5802 ) ;
#10412 = EDGE_CURVE ( 'NONE', #3386, #7844, #8099, .T. ) ;
#10413 = ADVANCED_FACE ( 'NONE', ( #5851 ), #7784, .T. ) ;
#10414 = LINE ( 'NONE', #3034, #1810 ) ;
#10415 = VECTOR ( 'NONE', #8722, 39.37007874015748143 ) ;
#10416 = CIRCLE ( 'NONE', #5759, 0.1279527559055117780 ) ;
#10417 = VECTOR ( 'NONE', #7495, 39.37007874015748143 ) ;
#10418 = CARTESIAN_POINT ( 'NONE',  ( -0.3641513641753839070, 0.1850393700787401619, 0.4881889763779527769 ) ) ;
#10419 = ORIENTED_EDGE ( 'NONE', *, *, #379, .F. ) ;
#10420 = FACE_OUTER_BOUND ( 'NONE', #8740, .T. ) ;
#10421 = LINE ( 'NONE', #3038, #2840 ) ;
#10422 = FACE_OUTER_BOUND ( 'NONE', #7604, .T. ) ;
#10423 = DIRECTION ( 'NONE',  ( 0.000000000000000000, 0.7071067811865494601, 0.7071067811865454633 ) ) ;
#10424 = ORIENTED_EDGE ( 'NONE', *, *, #9586, .F. ) ;
#10425 = VECTOR ( 'NONE', #6244, 39.37007874015748143 ) ;
#10426 = VECTOR ( 'NONE', #8803, 39.37007874015748143 ) ;
#10427 = AXIS2_PLACEMENT_3D ( 'NONE', #9750, #4686, #6304 ) ;
#10428 = ORIENTED_EDGE ( 'NONE', *, *, #4678, .T. ) ;
#10429 = LINE ( 'NONE', #3800, #7536 ) ;
#10430 = AXIS2_PLACEMENT_3D ( 'NONE', #6339, #7199, #521 ) ;
#10431 = CARTESIAN_POINT ( 'NONE',  ( 0.04330708661417323468, 0.4855184551668063064, -0.1279527559055118058 ) ) ;
#10432 = CARTESIAN_POINT ( 'NONE',  ( -0.09842519685039370636, 1.283464566929133799, 0.03543307086614173179 ) ) ;
#10433 = CARTESIAN_POINT ( 'NONE',  ( -0.1968503937007874127, 0.7440944881889763884, 0.6200787401574803237 ) ) ;
#10434 = DIRECTION ( 'NONE',  ( 0.000000000000000000, 0.000000000000000000, 1.000000000000000000 ) ) ;
#10435 = ORIENTED_EDGE ( 'NONE', *, *, #2954, .F. ) ;
#10436 = CARTESIAN_POINT ( 'NONE',  ( -0.3937007874015748254, 0.1850393700787401619, -0.9448818897637796255 ) ) ;
#10437 = ORIENTED_EDGE ( 'NONE', *, *, #1472, .T. ) ;
#10438 = EDGE_CURVE ( 'NONE', #7354, #6212, #6285, .T. ) ;
#10439 = CARTESIAN_POINT ( 'NONE',  ( -0.3484178030867687292, 1.283464566929134909, 0.05751262296868157875 ) ) ;
#10440 = EDGE_CURVE ( 'NONE', #1142, #5309, #8651, .T. ) ;
#10441 = EDGE_LOOP ( 'NONE', ( #3913, #5164, #6977 ) ) ;
#10442 = AXIS2_PLACEMENT_3D ( 'NONE', #9085, #129, #24 ) ;
#10443 = DIRECTION ( 'NONE',  ( 4.015563601798164685E-17, 0.000000000000000000, 1.000000000000000000 ) ) ;
#10444 = VERTEX_POINT ( 'NONE', #6864 ) ;
#10445 = CARTESIAN_POINT ( 'NONE',  ( 0.3523622047244094335, 0.1850393700787401619, -0.9448818897637796255 ) ) ;
#10446 = EDGE_LOOP ( 'NONE', ( #1535, #9034, #461, #7955 ) ) ;
#10447 = LINE ( 'NONE', #10340, #8027 ) ;
#10448 = DIRECTION ( 'NONE',  ( 1.000000000000000000, 0.000000000000000000, 0.000000000000000000 ) ) ;
#10449 = ORIENTED_EDGE ( 'NONE', *, *, #2535, .T. ) ;
#10450 = DIRECTION ( 'NONE',  ( 0.000000000000000000, 1.000000000000000000, 1.279139532791028182E-14 ) ) ;
#10451 = EDGE_CURVE ( 'NONE', #2245, #8464, #8597, .T. ) ;
#10452 = LINE ( 'NONE', #784, #7122 ) ;
#10453 = DIRECTION ( 'NONE',  ( -3.707644274607580800E-15, 0.000000000000000000, -1.000000000000000000 ) ) ;
#10454 = ORIENTED_EDGE ( 'NONE', *, *, #7421, .F. ) ;
#10455 = VERTEX_POINT ( 'NONE', #1328 ) ;
#10456 = DIRECTION ( 'NONE',  ( 0.000000000000000000, -1.000000000000000000, 0.000000000000000000 ) ) ;
#10457 = VECTOR ( 'NONE', #8625, 39.37007874015748143 ) ;
#10458 = CARTESIAN_POINT ( 'NONE',  ( -0.1968503937007480276, 1.027559055118110409, 0.6870078740157480324 ) ) ;
#10459 = FACE_OUTER_BOUND ( 'NONE', #460, .T. ) ;
#10460 = CARTESIAN_POINT ( 'NONE',  ( 0.1968503937006692850, 1.027559055118110409, 0.5590551181102362266 ) ) ;
#10461 = DIRECTION ( 'NONE',  ( 0.000000000000000000, -1.000000000000000000, 0.000000000000000000 ) ) ;
#10462 = EDGE_CURVE ( 'NONE', #10294, #5148, #4617, .T. ) ;
#10463 = VECTOR ( 'NONE', #111, 39.37007874015748143 ) ;
#10464 = CARTESIAN_POINT ( 'NONE',  ( 0.3937007874015748254, 0.1850393700787401619, -0.2637795275590551491 ) ) ;
#10465 = VERTEX_POINT ( 'NONE', #10335 ) ;
#10466 = DIRECTION ( 'NONE',  ( 0.000000000000000000, -1.000000000000000000, 0.000000000000000000 ) ) ;
#10467 = EDGE_LOOP ( 'NONE', ( #5345, #2831, #1561, #884 ) ) ;
#10468 = CARTESIAN_POINT ( 'NONE',  ( -0.4537401574803149873, 0.6574803149606299746, -0.9448818897637796255 ) ) ;
#10469 = CARTESIAN_POINT ( 'NONE',  ( -0.2952755905511810774, 1.263779527559055094, 0.05511811023622047168 ) ) ;
#10470 = DIRECTION ( 'NONE',  ( 0.000000000000000000, 1.445602896647356074E-15, -1.000000000000000000 ) ) ;
#10471 = LINE ( 'NONE', #9866, #7555 ) ;
#10472 = CARTESIAN_POINT ( 'NONE',  ( -0.04330708661417323468, 0.1850393700787401619, -0.1279527559055118058 ) ) ;
#10473 = EDGE_CURVE ( 'NONE', #5645, #547, #702, .T. ) ;
#10474 = EDGE_CURVE ( 'NONE', #7135, #3834, #4559, .T. ) ;
#10475 = EDGE_LOOP ( 'NONE', ( #3767, #7369, #3091, #8626 ) ) ;
#10476 = VECTOR ( 'NONE', #7408, 39.37007874015748143 ) ;
#10477 = ORIENTED_EDGE ( 'NONE', *, *, #8980, .T. ) ;
#10478 = CARTESIAN_POINT ( 'NONE',  ( -0.3670927091467416359, 1.246617793892155879, -0.05042918711531432785 ) ) ;
#10479 = LINE ( 'NONE', #8959, #8211 ) ;
#10480 = CARTESIAN_POINT ( 'NONE',  ( -0.03838582677165354451, 0.6456692913385827515, 0.4094488188976377896 ) ) ;
#10481 = FACE_OUTER_BOUND ( 'NONE', #9074, .T. ) ;
#10482 = DIRECTION ( 'NONE',  ( 0.000000000000000000, -1.000000000000000000, 0.000000000000000000 ) ) ;
#10483 = ORIENTED_EDGE ( 'NONE', *, *, #864, .T. ) ;
#10484 = CARTESIAN_POINT ( 'NONE',  ( 0.3523622047244094335, 0.000000000000000000, -0.2637795275590551491 ) ) ;
#10485 = VERTEX_POINT ( 'NONE', #6227 ) ;
#10486 = DIRECTION ( 'NONE',  ( 0.000000000000000000, 1.000000000000000000, 0.000000000000000000 ) ) ;
#10487 = VERTEX_POINT ( 'NONE', #10160 ) ;
#10488 = EDGE_CURVE ( 'NONE', #2538, #6376, #7086, .T. ) ;
#10489 = DIRECTION ( 'NONE',  ( 0.000000000000000000, -2.581433744013104944E-17, -1.000000000000000000 ) ) ;
#10490 = ORIENTED_EDGE ( 'NONE', *, *, #183, .F. ) ;
#10491 = CARTESIAN_POINT ( 'NONE',  ( 0.03838582677165354451, 0.6456692913385827515, -0.4094488188976377896 ) ) ;
#10492 = CARTESIAN_POINT ( 'NONE',  ( -0.3259944227509089520, 1.200004809445912368, 0.05177268282817160810 ) ) ;
#10493 = ADVANCED_FACE ( 'NONE', ( #5310 ), #515, .T. ) ;
#10494 = EDGE_CURVE ( 'NONE', #1240, #5175, #6056, .T. ) ;
#10495 = CARTESIAN_POINT ( 'NONE',  ( 0.04330708661417323468, -0.09055118110236221041, -0.1476377952755905387 ) ) ;
#10496 = ORIENTED_EDGE ( 'NONE', *, *, #2147, .F. ) ;
#10497 = LINE ( 'NONE', #7203, #5084 ) ;
#10498 = CARTESIAN_POINT ( 'NONE',  ( -0.3937007874015748254, 0.1850393700787401619, -0.4881889763779527769 ) ) ;
#10499 = CARTESIAN_POINT ( 'NONE',  ( 0.3523622047244094335, 0.4685039370078740717, -0.4251968503937008093 ) ) ;
#10500 = ORIENTED_EDGE ( 'NONE', *, *, #7211, .F. ) ;
#10501 = ORIENTED_EDGE ( 'NONE', *, *, #10072, .T. ) ;
#10502 = LINE ( 'NONE', #8780, #5244 ) ;
#10503 = EDGE_CURVE ( 'NONE', #5350, #7569, #10215, .T. ) ;
#10504 = EDGE_CURVE ( 'NONE', #3567, #7904, #5476, .T. ) ;
#10505 = EDGE_CURVE ( 'NONE', #8428, #6825, #294, .T. ) ;
#10506 = CARTESIAN_POINT ( 'NONE',  ( -0.3214422422470308849, 1.201662549581199890, -0.05420617905473624348 ) ) ;
#10507 = DIRECTION ( 'NONE',  ( 0.000000000000000000, 1.000000000000000000, -3.242473786872534828E-16 ) ) ;
#10508 = CARTESIAN_POINT ( 'NONE',  ( -0.2362204724409449064, 1.137795275590551158, 0.05511811023622047168 ) ) ;
#10509 = DIRECTION ( 'NONE',  ( 0.000000000000000000, 0.000000000000000000, 1.000000000000000000 ) ) ;
#10510 = CARTESIAN_POINT ( 'NONE',  ( -0.07874015748031495954, 0.000000000000000000, -0.1476377952755905387 ) ) ;
#10511 = ORIENTED_EDGE ( 'NONE', *, *, #2600, .T. ) ;
#10512 = DIRECTION ( 'NONE',  ( 0.000000000000000000, -1.000000000000000000, 0.000000000000000000 ) ) ;
#10513 = ADVANCED_FACE ( 'NONE', ( #8542 ), #2779, .T. ) ;
#10514 = EDGE_LOOP ( 'NONE', ( #9419, #1261, #5623, #1874 ) ) ;
#10515 = FACE_OUTER_BOUND ( 'NONE', #1303, .T. ) ;
#10516 = DIRECTION ( 'NONE',  ( -1.000000000000000000, 0.000000000000000000, 0.000000000000000000 ) ) ;
#10517 = DIRECTION ( 'NONE',  ( 0.000000000000000000, -1.000000000000000000, 0.000000000000000000 ) ) ;
#10518 = LINE ( 'NONE', #3088, #2051 ) ;
#10519 = DIRECTION ( 'NONE',  ( 0.000000000000000000, 1.000000000000000000, 0.000000000000000000 ) ) ;
#10520 = ORIENTED_EDGE ( 'NONE', *, *, #943, .F. ) ;
#10521 = ORIENTED_EDGE ( 'NONE', *, *, #7583, .F. ) ;
#10522 = VECTOR ( 'NONE', #1116, 39.37007874015748143 ) ;
#10523 = ADVANCED_FACE ( 'NONE', ( #6978 ), #1967, .T. ) ;
#10524 = EDGE_CURVE ( 'NONE', #2398, #9445, #10280, .T. ) ;
#10525 = CARTESIAN_POINT ( 'NONE',  ( 0.3553149606299212948, 0.6456692913385827515, -0.7165354330708662012 ) ) ;
#10526 = CARTESIAN_POINT ( 'NONE',  ( -0.1358267716535433156, -0.04527559055118110520, 0.1279527559055118058 ) ) ;
#10527 = CARTESIAN_POINT ( 'NONE',  ( -0.3149606299212598381, 0.5472440944881890035, 0.1476377952755905387 ) ) ;
#10528 = LINE ( 'NONE', #4710, #3502 ) ;
#10529 = CARTESIAN_POINT ( 'NONE',  ( 0.07874015748031495954, 0.5472440944881890035, -0.9448818897637796255 ) ) ;
#10530 = VECTOR ( 'NONE', #7901, 39.37007874015748143 ) ;
#10531 = VERTEX_POINT ( 'NONE', #1212 ) ;
#10532 = CARTESIAN_POINT ( 'NONE',  ( 0.000000000000000000, 0.007874015748031495954, 0.4881889763779527769 ) ) ;
#10533 = EDGE_LOOP ( 'NONE', ( #6170, #6095 ) ) ;
#10534 = DIRECTION ( 'NONE',  ( 0.000000000000000000, 0.000000000000000000, 1.000000000000000000 ) ) ;
#10535 = ORIENTED_EDGE ( 'NONE', *, *, #9206, .T. ) ;
#10536 = CARTESIAN_POINT ( 'NONE',  ( -0.3578036270807073427, 1.249972535714326538, 0.05511811023624273165 ) ) ;
#10537 = ORIENTED_EDGE ( 'NONE', *, *, #6538, .F. ) ;
#10538 = FACE_BOUND ( 'NONE', #2011, .T. ) ;
#10539 = DIRECTION ( 'NONE',  ( 0.000000000000000000, 0.000000000000000000, -1.000000000000000000 ) ) ;
#10540 = DIRECTION ( 'NONE',  ( 0.000000000000000000, -0.7712230250021169242, 0.6365650365096909846 ) ) ;
#10541 = LINE ( 'NONE', #7302, #10597 ) ;
#10542 = ORIENTED_EDGE ( 'NONE', *, *, #7605, .F. ) ;
#10543 = FACE_OUTER_BOUND ( 'NONE', #2479, .T. ) ;
#10544 = CARTESIAN_POINT ( 'NONE',  ( -0.3706128329569338131, 1.283349089161508250, -0.05522672751175921463 ) ) ;
#10545 = VERTEX_POINT ( 'NONE', #2896 ) ;
#10546 = DIRECTION ( 'NONE',  ( 1.000000000000000000, 0.000000000000000000, 0.000000000000000000 ) ) ;
#10547 = EDGE_CURVE ( 'NONE', #8428, #7359, #2079, .T. ) ;
#10548 = ORIENTED_EDGE ( 'NONE', *, *, #877, .T. ) ;
#10549 = ORIENTED_EDGE ( 'NONE', *, *, #10401, .T. ) ;
#10550 = DIRECTION ( 'NONE',  ( 0.000000000000000000, -1.000000000000000000, -1.788374717501859835E-16 ) ) ;
#10551 = VERTEX_POINT ( 'NONE', #6483 ) ;
#10552 = MANIFOLD_SOLID_BREP ( 'NONE', #6248 ) ;
#10553 = LINE ( 'NONE', #4895, #600 ) ;
#10554 = LINE ( 'NONE', #6394, #404 ) ;
#10555 = VECTOR ( 'NONE', #6433, 39.37007874015748143 ) ;
#10556 = CYLINDRICAL_SURFACE ( 'NONE', #9546, 0.01968503937007873988 ) ;
#10557 = CARTESIAN_POINT ( 'NONE',  ( -0.4921259842519685179, 0.3897637795275590844, 0.9448818897637796255 ) ) ;
#10558 = VECTOR ( 'NONE', #8672, 39.37007874015748143 ) ;
#10559 = VECTOR ( 'NONE', #144, 39.37007874015748143 ) ;
#10560 = EDGE_CURVE ( 'NONE', #7352, #773, #1536, .T. ) ;
#10561 = LINE ( 'NONE', #8994, #9368 ) ;
#10562 = ADVANCED_FACE ( 'NONE', ( #772 ), #9486, .T. ) ;
#10563 = EDGE_CURVE ( 'NONE', #2858, #4510, #10648, .T. ) ;
#10564 = ORIENTED_EDGE ( 'NONE', *, *, #10652, .T. ) ;
#10565 = VECTOR ( 'NONE', #3039, 39.37007874015748143 ) ;
#10566 = DIRECTION ( 'NONE',  ( 0.000000000000000000, 1.000000000000000000, 0.000000000000000000 ) ) ;
#10567 = ORIENTED_EDGE ( 'NONE', *, *, #2020, .F. ) ;
#10568 = VECTOR ( 'NONE', #9589, 39.37007874015748143 ) ;
#10569 = CARTESIAN_POINT ( 'NONE',  ( -0.03838582677165354451, 0.8464566929133857665, -0.8818897637795275468 ) ) ;
#10570 = LINE ( 'NONE', #1679, #4213 ) ;
#10571 = CARTESIAN_POINT ( 'NONE',  ( -0.3937007874015748254, 0.000000000000000000, -0.9448818897637796255 ) ) ;
#10572 = DIRECTION ( 'NONE',  ( 0.000000000000000000, -1.000000000000000000, 9.462128050782879902E-15 ) ) ;
#10573 = DIRECTION ( 'NONE',  ( 0.000000000000000000, -1.000000000000000000, 0.000000000000000000 ) ) ;
#10575 = EDGE_LOOP ( 'NONE', ( #3741, #8963, #574, #2591 ) ) ;
#10574 = VECTOR ( 'NONE', #315, 39.37007874015748143 ) ;
#10576 = EDGE_CURVE ( 'NONE', #6913, #7786, #618, .T. ) ;
#10577 = VECTOR ( 'NONE', #8539, 39.37007874015748143 ) ;
#10578 = ORIENTED_EDGE ( 'NONE', *, *, #7944, .F. ) ;
#10579 = VECTOR ( 'NONE', #1232, 39.37007874015748143 ) ;
#10580 = CARTESIAN_POINT ( 'NONE',  ( -0.3543307086614173040, 1.251229714631889811, -0.05511811023622047168 ) ) ;
#10581 = CARTESIAN_POINT ( 'NONE',  ( 0.1968503937007874127, 0.6456692913385827515, -0.5590551181102362266 ) ) ;
#10582 = CARTESIAN_POINT ( 'NONE',  ( -0.4921259842519685179, 0.5000000000000000000, -0.9448818897637796255 ) ) ;
#10583 = DIRECTION ( 'NONE',  ( 1.445602896647336195E-14, 0.000000000000000000, -1.000000000000000000 ) ) ;
#10584 = DIRECTION ( 'NONE',  ( 0.000000000000000000, -5.102127870520029857E-16, 1.000000000000000000 ) ) ;
#10585 = VECTOR ( 'NONE', #3101, 39.37007874015748143 ) ;
#10586 = VECTOR ( 'NONE', #1483, 39.37007874015748854 ) ;
#10587 = VECTOR ( 'NONE', #6758, 39.37007874015748143 ) ;
#10588 = ORIENTED_EDGE ( 'NONE', *, *, #3194, .F. ) ;
#10589 = AXIS2_PLACEMENT_3D ( 'NONE', #2695, #5975, #6677 ) ;
#10590 = FACE_OUTER_BOUND ( 'NONE', #1285, .T. ) ;
#10591 = ORIENTED_EDGE ( 'NONE', *, *, #5493, .T. ) ;
#10592 = EDGE_CURVE ( 'NONE', #4516, #2858, #5679, .T. ) ;
#10593 = DIRECTION ( 'NONE',  ( 0.000000000000000000, 0.000000000000000000, -1.000000000000000000 ) ) ;
#10594 = ORIENTED_EDGE ( 'NONE', *, *, #8255, .F. ) ;
#10595 = CARTESIAN_POINT ( 'NONE',  ( -0.3402807164906216930, 1.297252188007555374, -0.03543307086614173179 ) ) ;
#10596 = ORIENTED_EDGE ( 'NONE', *, *, #5556, .F. ) ;
#10597 = VECTOR ( 'NONE', #3159, 39.37007874015748143 ) ;
#10598 = AXIS2_PLACEMENT_3D ( 'NONE', #8031, #5548, #1356 ) ;
#10599 = DIRECTION ( 'NONE',  ( 4.015563601798164685E-17, 0.000000000000000000, -1.000000000000000000 ) ) ;
#10600 = LINE ( 'NONE', #2450, #7521 ) ;
#10601 = EDGE_LOOP ( 'NONE', ( #10073, #4049, #1645, #8259, #7547, #6319, #6955, #2194, #2078, #7034, #2519 ) ) ;
#10602 = FACE_OUTER_BOUND ( 'NONE', #7123, .T. ) ;
#10603 = EDGE_LOOP ( 'NONE', ( #5424, #7239, #10520, #9621 ) ) ;
#10604 = LINE ( 'NONE', #3218, #3871 ) ;
#10605 = VECTOR ( 'NONE', #6974, 39.37007874015748143 ) ;
#10606 = EDGE_CURVE ( 'NONE', #2056, #7638, #666, .T. ) ;
#10607 = ADVANCED_FACE ( 'NONE', ( #7353 ), #3263, .F. ) ;
#10608 = FACE_OUTER_BOUND ( 'NONE', #9414, .T. ) ;
#10609 = ORIENTED_EDGE ( 'NONE', *, *, #630, .F. ) ;
#10610 = LINE ( 'NONE', #3114, #1037 ) ;
#10611 = VERTEX_POINT ( 'NONE', #561 ) ;
#10612 = VERTEX_POINT ( 'NONE', #5628 ) ;
#10613 = LINE ( 'NONE', #4838, #7650 ) ;
#10614 = FACE_OUTER_BOUND ( 'NONE', #6863, .T. ) ;
#10615 = VERTEX_POINT ( 'NONE', #9626 ) ;
#10616 = CARTESIAN_POINT ( 'NONE',  ( 0.03838582677165354451, -0.09055118110236221041, 0.4251968503937008093 ) ) ;
#10617 = PLANE ( 'NONE',  #1780 ) ;
#10618 = CARTESIAN_POINT ( 'NONE',  ( -0.1968503937007874127, 0.7913385826771653919, 0.6771653543307086798 ) ) ;
#10619 = EDGE_CURVE ( 'NONE', #4543, #3249, #4773, .T. ) ;
#10620 = DIRECTION ( 'NONE',  ( 4.078408702068339827E-15, 0.000000000000000000, -1.000000000000000000 ) ) ;
#10621 = CARTESIAN_POINT ( 'NONE',  ( 0.2204724409448818867, 0.7913385826771653919, -0.4433311932543322897 ) ) ;
#10622 = ORIENTED_EDGE ( 'NONE', *, *, #10667, .F. ) ;
#10623 = DIRECTION ( 'NONE',  ( 0.000000000000000000, 0.000000000000000000, -1.000000000000000000 ) ) ;
#10624 = ORIENTED_EDGE ( 'NONE', *, *, #1306, .T. ) ;
#10625 = LINE ( 'NONE', #1407, #7625 ) ;
#10626 = VECTOR ( 'NONE', #5341, 39.37007874015748143 ) ;
#10627 = PLANE ( 'NONE',  #3704 ) ;
#10628 = FACE_OUTER_BOUND ( 'NONE', #10190, .T. ) ;
#10629 = EDGE_CURVE ( 'NONE', #130, #382, #9021, .T. ) ;
#10630 = CARTESIAN_POINT ( 'NONE',  ( -0.1732283464566929387, 0.8385826771609488084, 0.5826771653543307838 ) ) ;
#10631 = CARTESIAN_POINT ( 'NONE',  ( 0.1968503937007874127, 0.6456692913385827515, 0.5590551181102362266 ) ) ;
#10632 = AXIS2_PLACEMENT_3D ( 'NONE', #777, #8923, #10539 ) ;
#10633 = EDGE_CURVE ( 'NONE', #7286, #7711, #2402, .T. ) ;
#10634 = ORIENTED_EDGE ( 'NONE', *, *, #398, .T. ) ;
#10635 = ORIENTED_EDGE ( 'NONE', *, *, #7529, .T. ) ;
#10636 = CARTESIAN_POINT ( 'NONE',  ( -0.3643417089785758178, 1.247635109670528708, -0.05243353192611245606 ) ) ;
#10637 = CARTESIAN_POINT ( 'NONE',  ( -0.07874015748031495954, 0.007874015748031495954, 0.8267716535433071723 ) ) ;
#10638 = EDGE_CURVE ( 'NONE', #3763, #4856, #3824, .T. ) ;
#10639 = CARTESIAN_POINT ( 'NONE',  ( 0.2657480314960630197, 1.307328710460744059, 0.5354330708661416693 ) ) ;
#10640 = CARTESIAN_POINT ( 'NONE',  ( 0.3937007874015748254, 0.4685039370078740717, 0.5393700787401575214 ) ) ;
#10641 = FACE_OUTER_BOUND ( 'NONE', #6012, .T. ) ;
#10642 = EDGE_LOOP ( 'NONE', ( #1338, #2505, #2943, #5953 ) ) ;
#10643 = VECTOR ( 'NONE', #5298, 39.37007874015748143 ) ;
#10644 = DIRECTION ( 'NONE',  ( 0.000000000000000000, 0.000000000000000000, 1.000000000000000000 ) ) ;
#10645 = ORIENTED_EDGE ( 'NONE', *, *, #8634, .T. ) ;
#10646 = DIRECTION ( 'NONE',  ( 0.000000000000000000, 0.000000000000000000, 1.000000000000000000 ) ) ;
#10647 = EDGE_LOOP ( 'NONE', ( #10578, #8933, #8362, #10334 ) ) ;
#10648 = LINE ( 'NONE', #9783, #4319 ) ;
#10649 = ORIENTED_EDGE ( 'NONE', *, *, #4423, .T. ) ;
#10650 = VECTOR ( 'NONE', #863, 39.37007874015748143 ) ;
#10651 = CARTESIAN_POINT ( 'NONE',  ( 0.1358267716535433156, -0.05511811023622047168, -0.1279527559055118058 ) ) ;
#10652 = EDGE_CURVE ( 'NONE', #9822, #2305, #1747, .T. ) ;
#10653 = DIRECTION ( 'NONE',  ( 0.000000000000000000, 0.5843047258450756454, 0.8115343414514943898 ) ) ;
#10654 = DIRECTION ( 'NONE',  ( 1.000000000000000000, 0.000000000000000000, 0.000000000000000000 ) ) ;
#10655 = LINE ( 'NONE', #176, #1987 ) ;
#10656 = VERTEX_POINT ( 'NONE', #7405 ) ;
#10657 = CARTESIAN_POINT ( 'NONE',  ( -0.3740157480314960647, 1.283464566929133799, -0.03543307086614173179 ) ) ;
#10658 = ORIENTED_EDGE ( 'NONE', *, *, #15, .F. ) ;
#10659 = LINE ( 'NONE', #8878, #64 ) ;
#10660 = EDGE_LOOP ( 'NONE', ( #2500, #6641, #1985, #3418 ) ) ;
#10661 = CARTESIAN_POINT ( 'NONE',  ( -0.03838582677165354451, 1.027559055118110409, -0.8818897637795275468 ) ) ;
#10662 = EDGE_LOOP ( 'NONE', ( #9519, #6277 ) ) ;
#10663 = ORIENTED_EDGE ( 'NONE', *, *, #8717, .T. ) ;
#10664 = AXIS2_PLACEMENT_3D ( 'NONE', #699, #3135, #9766 ) ;
#10665 = DIRECTION ( 'NONE',  ( 1.000000000000000000, 0.000000000000000000, 0.000000000000000000 ) ) ;
#10666 = EDGE_CURVE ( 'NONE', #4558, #4238, #5788, .T. ) ;
#10667 = EDGE_CURVE ( 'NONE', #6580, #2983, #1847, .T. ) ;
#10668 = CARTESIAN_POINT ( 'NONE',  ( 0.000000000000000000, 1.137795275590551158, -0.05511811023622047168 ) ) ;
#10669 = ORIENTED_EDGE ( 'NONE', *, *, #3675, .F. ) ;
#10670 = DIRECTION ( 'NONE',  ( 0.000000000000000000, 1.000000000000000000, 0.000000000000000000 ) ) ;
#10671 = LINE ( 'NONE', #3232, #3857 ) ;
#10672 = CARTESIAN_POINT ( 'NONE',  ( 0.1968503937006692850, 0.2837642458494047393, 0.6870078740157480324 ) ) ;
#10673 = VECTOR ( 'NONE', #2931, 39.37007874015748143 ) ;
#10674 = DIRECTION ( 'NONE',  ( 0.000000000000000000, 1.000000000000000000, 0.000000000000000000 ) ) ;
#10675 = AXIS2_PLACEMENT_3D ( 'NONE', #639, #3931, #6396 ) ;
#10676 = PLANE ( 'NONE',  #7994 ) ;
#10677 = ORIENTED_EDGE ( 'NONE', *, *, #2822, .T. ) ;
#10678 = CARTESIAN_POINT ( 'NONE',  ( 0.3553149606299212948, 0.8464566929133857665, -0.8818897637795275468 ) ) ;
#10679 = ORIENTED_EDGE ( 'NONE', *, *, #9321, .F. ) ;
#10680 = PLANE ( 'NONE',  #2124 ) ;
#10681 = DIRECTION ( 'NONE',  ( 0.000000000000000000, -1.000000000000000000, 0.000000000000000000 ) ) ;
#10682 = CYLINDRICAL_SURFACE ( 'NONE', #1086, 0.1279527559055117780 ) ;
#10683 = DIRECTION ( 'NONE',  ( 1.000000000000000000, 0.000000000000000000, 0.000000000000000000 ) ) ;
#10684 = DIRECTION ( 'NONE',  ( 0.000000000000000000, -1.000000000000000000, 0.000000000000000000 ) ) ;
ENDSEC;
END-ISO-10303-21;
