ISO-10303-21;
HEADER;
FILE_DESCRIPTION (( 'STEP AP214' ),
    '1' );
FILE_NAME ('KN-T12.step',
    '2015-05-04T11:27:55',
    ( '' ),
    ( '' ),
    'SwSTEP 2.0',
    'SolidWorks 2014',
    '' );
FILE_SCHEMA (( 'AUTOMOTIVE_DESIGN' ));
ENDSEC;

DATA;
#1 = LINE ( 'NONE', #3041, #5175 ) ;
#2 = ORIENTED_EDGE ( 'NONE', *, *, #3795, .F. ) ;
#3 = ORIENTED_EDGE ( 'NONE', *, *, #2873, .T. ) ;
#4 = CARTESIAN_POINT ( 'NONE',  ( 15.82874028459418600, 19.25796628576226900, -2.500000000000000000 ) ) ;
#5 = ORIENTED_EDGE ( 'NONE', *, *, #3584, .F. ) ;
#6 = CARTESIAN_POINT ( 'NONE',  ( 20.99999999895848300, -3.251124523280756400, 0.7500000000000000000 ) ) ;
#7 = LINE ( 'NONE', #1597, #3909 ) ;
#8 = EDGE_CURVE ( 'NONE', #3608, #633, #5032, .T. ) ;
#9 = ORIENTED_EDGE ( 'NONE', *, *, #1026, .T. ) ;
#10 = EDGE_LOOP ( 'NONE', ( #2054, #468, #636, #404, #1431, #5417 ) ) ;
#11 = CARTESIAN_POINT ( 'NONE',  ( 16.40013342010392000, -11.90364120424379400, 2.500000000000000000 ) ) ;
#12 = ORIENTED_EDGE ( 'NONE', *, *, #1923, .T. ) ;
#13 = VERTEX_POINT ( 'NONE', #3294 ) ;
#14 = AXIS2_PLACEMENT_3D ( 'NONE', #681, #4221, #1177 ) ;
#15 = EDGE_CURVE ( 'NONE', #1797, #3861, #1028, .T. ) ;
#16 = VERTEX_POINT ( 'NONE', #3406 ) ;
#17 = EDGE_CURVE ( 'NONE', #736, #688, #6264, .T. ) ;
#18 = ORIENTED_EDGE ( 'NONE', *, *, #4621, .F. ) ;
#19 = CARTESIAN_POINT ( 'NONE',  ( 11.74999999895834100, 8.707139886832068900, 2.171729494138005600 ) ) ;
#20 = CARTESIAN_POINT ( 'NONE',  ( -7.650000000000008300, 14.99962553122773200, 3.469446951953614200E-015 ) ) ;
#21 = CARTESIAN_POINT ( 'NONE',  ( 20.85680346795556500, 13.76040011539267000, 2.500000000000000000 ) ) ;
#22 = VECTOR ( 'NONE', #283, 1000.000000000000000 ) ;
#23 = DIRECTION ( 'NONE',  ( -0.0000000000000000000, -0.0000000000000000000, -1.000000000000000000 ) ) ;
#24 = CARTESIAN_POINT ( 'NONE',  ( -4.150000002045662700, 23.18800528677813900, 2.500000000000000000 ) ) ;
#25 = CARTESIAN_POINT ( 'NONE',  ( -22.20000000134171400, -16.50401566570125000, -2.500000000000000000 ) ) ;
#26 = VERTEX_POINT ( 'NONE', #3263 ) ;
#27 = EDGE_CURVE ( 'NONE', #2969, #4307, #3606, .T. ) ;
#28 = DIRECTION ( 'NONE',  ( -1.000000000000000000, -3.214049404976714400E-016, 0.0000000000000000000 ) ) ;
#29 = VECTOR ( 'NONE', #5874, 1000.000000000000000 ) ;
#30 = DIRECTION ( 'NONE',  ( 0.2962735589777028000, 0.9551031244063050700, -0.0000000000000000000 ) ) ;
#31 = ORIENTED_EDGE ( 'NONE', *, *, #4704, .T. ) ;
#32 = EDGE_CURVE ( 'NONE', #1354, #6299, #3769, .T. ) ;
#33 = CARTESIAN_POINT ( 'NONE',  ( 19.68651551726444600, -7.846338741309435400, 0.7500000000000000000 ) ) ;
#34 = CARTESIAN_POINT ( 'NONE',  ( -15.25621485542323300, 20.37011389410433200, 2.500000000000000000 ) ) ;
#35 = DIRECTION ( 'NONE',  ( 0.8660254037844563600, 0.4999999999999691900, 0.0000000000000000000 ) ) ;
#36 = DIRECTION ( 'NONE',  ( 0.4999999999999974500, 0.8660254037844401500, -0.0000000000000000000 ) ) ;
#37 = ORIENTED_EDGE ( 'NONE', *, *, #5623, .F. ) ;
#38 = VERTEX_POINT ( 'NONE', #2790 ) ;
#39 = AXIS2_PLACEMENT_3D ( 'NONE', #3319, #240, #3811 ) ;
#40 = ORIENTED_EDGE ( 'NONE', *, *, #4680, .T. ) ;
#41 = CARTESIAN_POINT ( 'NONE',  ( -20.55713668712321200, 11.63392459979429600, 1.565301008999729700 ) ) ;
#42 = ORIENTED_EDGE ( 'NONE', *, *, #3586, .T. ) ;
#43 = AXIS2_PLACEMENT_3D ( 'NONE', #2031, #3071, #6422 ) ;
#44 = DIRECTION ( 'NONE',  ( -0.0000000000000000000, -0.0000000000000000000, -1.000000000000000000 ) ) ;
#45 = DIRECTION ( 'NONE',  ( 0.0000000000000000000, 0.0000000000000000000, 1.000000000000000000 ) ) ;
#46 = DIRECTION ( 'NONE',  ( 0.9388763158866095800, -0.3442546491584205800, 0.0000000000000000000 ) ) ;
#47 = DIRECTION ( 'NONE',  ( 0.8660254037846431000, 0.4999999999996459500, -0.0000000000000000000 ) ) ;
#48 = DIRECTION ( 'NONE',  ( 0.8660254037844420400, -0.4999999999999941200, 0.0000000000000000000 ) ) ;
#49 = CARTESIAN_POINT ( 'NONE',  ( 14.07379076822431900, 24.33571766011848300, 2.500000000000000000 ) ) ;
#50 = EDGE_LOOP ( 'NONE', ( #6233, #4374, #4811, #1759 ) ) ;
#51 = VECTOR ( 'NONE', #2133, 1000.000000000000000 ) ;
#52 = FACE_OUTER_BOUND ( 'NONE', #1580, .T. ) ;
#53 = DIRECTION ( 'NONE',  ( 0.0000000000000000000, 0.0000000000000000000, 1.000000000000000000 ) ) ;
#54 = CARTESIAN_POINT ( 'NONE',  ( -8.745941614151837100, -9.301315623114677000, -2.500000000000000000 ) ) ;
#55 = PLANE ( 'NONE',  #4795 ) ;
#56 = VECTOR ( 'NONE', #5665, 1000.000000000000000 ) ;
#57 = EDGE_LOOP ( 'NONE', ( #5722, #4127, #5312, #4069 ) ) ;
#58 = AXIS2_PLACEMENT_3D ( 'NONE', #2174, #4854, #1872 ) ;
#59 = CARTESIAN_POINT ( 'NONE',  ( 3.400000002045663100, 22.21300528677813800, 2.500000000000000000 ) ) ;
#60 = ORIENTED_EDGE ( 'NONE', *, *, #3946, .F. ) ;
#61 = CYLINDRICAL_SURFACE ( 'NONE', #2070, 0.1999999999999987900 ) ;
#62 = CIRCLE ( 'NONE', #1626, 9.999999997365293300 ) ;
#63 = ORIENTED_EDGE ( 'NONE', *, *, #6084, .T. ) ;
#64 = PLANE ( 'NONE',  #2591 ) ;
#65 = EDGE_CURVE ( 'NONE', #4763, #2569, #4869, .T. ) ;
#66 = CARTESIAN_POINT ( 'NONE',  ( 20.99999999895845100, -7.846338741309435400, 0.7500000000000000000 ) ) ;
#67 = DIRECTION ( 'NONE',  ( 1.000000000000000000, 7.309538116125158200E-015, -0.0000000000000000000 ) ) ;
#68 = CARTESIAN_POINT ( 'NONE',  ( -19.01172613572896400, 15.75616779990884600, -2.500000000000000000 ) ) ;
#69 = VECTOR ( 'NONE', #2090, 1000.000000000000000 ) ;
#70 = CARTESIAN_POINT ( 'NONE',  ( 17.50000000030953000, -11.87684628507657800, 2.500000000000000000 ) ) ;
#71 = DIRECTION ( 'NONE',  ( 0.0000000000000000000, 0.0000000000000000000, 1.000000000000000000 ) ) ;
#72 = LINE ( 'NONE', #754, #2630 ) ;
#73 = EDGE_CURVE ( 'NONE', #5727, #593, #865, .T. ) ;
#74 = AXIS2_PLACEMENT_3D ( 'NONE', #1208, #1730, #5199 ) ;
#75 = LINE ( 'NONE', #2550, #1259 ) ;
#76 = CARTESIAN_POINT ( 'NONE',  ( 17.50000000030953000, -13.00364120407689400, 2.500000000000000000 ) ) ;
#77 = FACE_OUTER_BOUND ( 'NONE', #323, .T. ) ;
#78 = DIRECTION ( 'NONE',  ( -0.8660254037844535800, -0.4999999999999741900, 0.0000000000000000000 ) ) ;
#79 = CARTESIAN_POINT ( 'NONE',  ( 16.40000000025540300, -11.91094532216122900, 2.500000000000000000 ) ) ;
#80 = VECTOR ( 'NONE', #5947, 1000.000000000000000 ) ;
#81 = AXIS2_PLACEMENT_3D ( 'NONE', #1157, #1151, #1138 ) ;
#82 = CARTESIAN_POINT ( 'NONE',  ( -14.42020092949615200, 24.70892274045544600, 2.500000000000000000 ) ) ;
#83 = CYLINDRICAL_SURFACE ( 'NONE', #3419, 0.6000000001230610900 ) ;
#84 = AXIS2_PLACEMENT_3D ( 'NONE', #5709, #6170, #3321 ) ;
#85 = ORIENTED_EDGE ( 'NONE', *, *, #4863, .F. ) ;
#86 = EDGE_LOOP ( 'NONE', ( #3711, #3650, #5831, #2901 ) ) ;
#87 = FACE_OUTER_BOUND ( 'NONE', #5777, .T. ) ;
#88 = AXIS2_PLACEMENT_3D ( 'NONE', #887, #4427, #1395 ) ;
#89 = DIRECTION ( 'NONE',  ( -1.000000000000000000, 0.0000000000000000000, 0.0000000000000000000 ) ) ;
#90 = CARTESIAN_POINT ( 'NONE',  ( -20.69999999925993400, 13.43199169057949400, 2.500000000000000000 ) ) ;
#91 = DIRECTION ( 'NONE',  ( -1.000000000000000000, 0.0000000000000000000, 0.0000000000000000000 ) ) ;
#92 = EDGE_LOOP ( 'NONE', ( #1969, #2393, #1383, #2839 ) ) ;
#93 = EDGE_LOOP ( 'NONE', ( #4369, #267, #3794, #3621 ) ) ;
#94 = LINE ( 'NONE', #2045, #2801 ) ;
#95 = EDGE_CURVE ( 'NONE', #4311, #2106, #5991, .T. ) ;
#96 = PLANE ( 'NONE',  #4378 ) ;
#97 = EDGE_CURVE ( 'NONE', #1275, #6068, #4734, .T. ) ;
#98 = CARTESIAN_POINT ( 'NONE',  ( -14.19462856805785800, 24.69962553152921100, -2.500000000000000000 ) ) ;
#99 = ORIENTED_EDGE ( 'NONE', *, *, #6102, .F. ) ;
#100 = CARTESIAN_POINT ( 'NONE',  ( -18.30357279464852000, 14.97143063812468000, 2.500000000000000000 ) ) ;
#101 = ORIENTED_EDGE ( 'NONE', *, *, #4858, .F. ) ;
#102 = LINE ( 'NONE', #2456, #2807 ) ;
#103 = VERTEX_POINT ( 'NONE', #2214 ) ;
#104 = DIRECTION ( 'NONE',  ( -0.0000000000000000000, -0.0000000000000000000, -1.000000000000000000 ) ) ;
#105 = VERTEX_POINT ( 'NONE', #2366 ) ;
#106 = FACE_OUTER_BOUND ( 'NONE', #2866, .T. ) ;
#107 = EDGE_CURVE ( 'NONE', #6154, #2258, #729, .T. ) ;
#108 = CARTESIAN_POINT ( 'NONE',  ( -14.08718822782419400, 24.28571766019937800, 2.500000000000000000 ) ) ;
#109 = DIRECTION ( 'NONE',  ( -0.1331475820772929100, -0.9910962220627070900, 0.0000000000000000000 ) ) ;
#110 = ORIENTED_EDGE ( 'NONE', *, *, #4623, .F. ) ;
#111 = VERTEX_POINT ( 'NONE', #1945 ) ;
#112 = DIRECTION ( 'NONE',  ( -2.409257427401266800E-016, 1.000000000000000000, 0.0000000000000000000 ) ) ;
#113 = DIRECTION ( 'NONE',  ( 0.8660254037844563600, -0.4999999999999691900, 0.0000000000000000000 ) ) ;
#114 = CARTESIAN_POINT ( 'NONE',  ( 19.01172613572896400, 15.75616779990884600, -2.500000000000000000 ) ) ;
#115 = CARTESIAN_POINT ( 'NONE',  ( 19.23935404771789600, 5.688272039204892200, 2.281601546834304700 ) ) ;
#116 = DIRECTION ( 'NONE',  ( -3.469446951953611200E-016, 1.000000000000000000, 0.0000000000000000000 ) ) ;
#117 = ORIENTED_EDGE ( 'NONE', *, *, #225, .T. ) ;
#118 = EDGE_CURVE ( 'NONE', #3564, #3996, #1905, .T. ) ;
#119 = ORIENTED_EDGE ( 'NONE', *, *, #4786, .T. ) ;
#120 = ORIENTED_EDGE ( 'NONE', *, *, #665, .T. ) ;
#121 = EDGE_CURVE ( 'NONE', #4813, #274, #4589, .T. ) ;
#123 = ORIENTED_EDGE ( 'NONE', *, *, #5499, .T. ) ;
#122 = CARTESIAN_POINT ( 'NONE',  ( -16.75380384057941200, 17.65570920656541200, 2.500000000000000000 ) ) ;
#124 = DIRECTION ( 'NONE',  ( 0.0000000000000000000, 0.0000000000000000000, 1.000000000000000000 ) ) ;
#125 = ORIENTED_EDGE ( 'NONE', *, *, #4823, .F. ) ;
#126 = ORIENTED_EDGE ( 'NONE', *, *, #4750, .T. ) ;
#127 = PLANE ( 'NONE',  #4587 ) ;
#128 = LINE ( 'NONE', #1721, #1159 ) ;
#129 = SURFACE_STYLE_FILL_AREA ( #1890 ) ;
#130 = VERTEX_POINT ( 'NONE', #1717 ) ;
#131 = FACE_OUTER_BOUND ( 'NONE', #5399, .T. ) ;
#132 = EDGE_CURVE ( 'NONE', #3392, #4360, #3138, .T. ) ;
#133 = CARTESIAN_POINT ( 'NONE',  ( -10.35797482499406300, -11.90364120424378800, -2.500000000000000000 ) ) ;
#134 = LINE ( 'NONE', #3645, #6395 ) ;
#135 = ORIENTED_EDGE ( 'NONE', *, *, #1682, .T. ) ;
#136 = CARTESIAN_POINT ( 'NONE',  ( -22.30000000033826500, -14.10401566582430500, -2.299999999999999400 ) ) ;
#137 = CARTESIAN_POINT ( 'NONE',  ( -3.400000002045663100, 22.21300528677813800, -2.299999999999999400 ) ) ;
#138 = ORIENTED_EDGE ( 'NONE', *, *, #6231, .F. ) ;
#139 = UNCERTAINTY_MEASURE_WITH_UNIT (LENGTH_MEASURE( 1.000000000000000100E-005 ), #4328, 'distance_accuracy_value', 'NONE');
#140 = VECTOR ( 'NONE', #2599, 1000.000000000000000 ) ;
#141 = AXIS2_PLACEMENT_3D ( 'NONE', #2066, #36, #3614 ) ;
#142 = ORIENTED_EDGE ( 'NONE', *, *, #4498, .F. ) ;
#143 = VECTOR ( 'NONE', #5694, 1000.000000000000000 ) ;
#144 = CARTESIAN_POINT ( 'NONE',  ( -15.49999999999406200, -11.00364120398717200, 2.500000000000000000 ) ) ;
#145 = EDGE_CURVE ( 'NONE', #6216, #2454, #2082, .T. ) ;
#146 = EDGE_CURVE ( 'NONE', #3620, #5745, #5696, .T. ) ;
#147 = ADVANCED_FACE ( 'NONE', ( #390 ), #1306, .F. ) ;
#148 = VECTOR ( 'NONE', #3929, 1000.000000000000000 ) ;
#149 = CARTESIAN_POINT ( 'NONE',  ( 20.32379076660719600, 13.68360519608992700, 2.500000000000000000 ) ) ;
#150 = EDGE_CURVE ( 'NONE', #455, #5660, #1602, .T. ) ;
#151 = DIRECTION ( 'NONE',  ( 0.9659258260712007000, -0.2588190459156135000, 0.0000000000000000000 ) ) ;
#152 = VECTOR ( 'NONE', #3199, 1000.000000000000000 ) ;
#153 = CARTESIAN_POINT ( 'NONE',  ( -20.55713668712321200, 11.63392459979429600, 1.565301008999729700 ) ) ;
#154 = VECTOR ( 'NONE', #2677, 1000.000000000000000 ) ;
#155 = VECTOR ( 'NONE', #1993, 1000.000000000000000 ) ;
#156 = DIRECTION ( 'NONE',  ( -0.0000000000000000000, -0.0000000000000000000, -1.000000000000000000 ) ) ;
#157 = LINE ( 'NONE', #5150, #2863 ) ;
#158 = EDGE_LOOP ( 'NONE', ( #1292, #3469, #3151, #4413 ) ) ;
#159 = ORIENTED_EDGE ( 'NONE', *, *, #32, .F. ) ;
#160 = CARTESIAN_POINT ( 'NONE',  ( 19.22997617200067200, 7.495315069147484800, -1.871001481098210100 ) ) ;
#161 = ORIENTED_EDGE ( 'NONE', *, *, #5441, .T. ) ;
#162 = DIRECTION ( 'NONE',  ( -1.000000000000000000, 0.0000000000000000000, -0.0000000000000000000 ) ) ;
#163 = VECTOR ( 'NONE', #5430, 1000.000000000000000 ) ;
#164 = DIRECTION ( 'NONE',  ( 1.000000000000000000, 0.0000000000000000000, 0.0000000000000000000 ) ) ;
#165 = ORIENTED_EDGE ( 'NONE', *, *, #263, .F. ) ;
#166 = AXIS2_PLACEMENT_3D ( 'NONE', #3002, #2001, #5440 ) ;
#167 = ORIENTED_EDGE ( 'NONE', *, *, #6234, .F. ) ;
#168 = CARTESIAN_POINT ( 'NONE',  ( 19.19999999805115100, 6.603923229867603200, -1.892449632278471200 ) ) ;
#169 = ORIENTED_EDGE ( 'NONE', *, *, #3400, .T. ) ;
#170 = VECTOR ( 'NONE', #2089, 1000.000000000000200 ) ;
#171 = ORIENTED_EDGE ( 'NONE', *, *, #5944, .F. ) ;
#172 = DIRECTION ( 'NONE',  ( 0.0000000000000000000, 0.0000000000000000000, 1.000000000000000000 ) ) ;
#173 = DIRECTION ( 'NONE',  ( -0.0000000000000000000, -0.0000000000000000000, -1.000000000000000000 ) ) ;
#174 = VERTEX_POINT ( 'NONE', #1054 ) ;
#175 = ORIENTED_EDGE ( 'NONE', *, *, #1804, .T. ) ;
#176 = CARTESIAN_POINT ( 'NONE',  ( -22.20000000134171400, -17.50401566457473400, 2.500000000000000000 ) ) ;
#177 = CARTESIAN_POINT ( 'NONE',  ( -14.45443618893210500, 24.84962553137846100, 2.500000000000000000 ) ) ;
#178 = CARTESIAN_POINT ( 'NONE',  ( -19.20369359809713900, 6.078113783503810400, 2.300557920197068300 ) ) ;
#179 = CARTESIAN_POINT ( 'NONE',  ( 18.50167583387964500, -14.00364120572362800, -2.500000000000000000 ) ) ;
#180 = ORIENTED_EDGE ( 'NONE', *, *, #6044, .T. ) ;
#181 = EDGE_CURVE ( 'NONE', #3142, #396, #2946, .T. ) ;
#182 = ADVANCED_FACE ( 'NONE', ( #2789 ), #83, .T. ) ;
#183 = DIRECTION ( 'NONE',  ( -0.8660254037844491400, 0.4999999999999815700, 0.0000000000000000000 ) ) ;
#184 = VECTOR ( 'NONE', #1282, 1000.000000000000000 ) ;
#185 = AXIS2_PLACEMENT_3D ( 'NONE', #4068, #1010, #4549 ) ;
#186 = CARTESIAN_POINT ( 'NONE',  ( 11.74999999895835500, 6.559030876661861200, -15.56154822631480500 ) ) ;
#187 = EDGE_LOOP ( 'NONE', ( #4170, #5793, #5122, #5879 ) ) ;
#188 = CARTESIAN_POINT ( 'NONE',  ( 14.36241927352164900, 23.80900350523104700, 2.500000000000000000 ) ) ;
#189 = LINE ( 'NONE', #4969, #5202 ) ;
#190 = ORIENTED_EDGE ( 'NONE', *, *, #3196, .F. ) ;
#191 = ORIENTED_EDGE ( 'NONE', *, *, #3907, .T. ) ;
#192 = ORIENTED_EDGE ( 'NONE', *, *, #4757, .F. ) ;
#193 = CARTESIAN_POINT ( 'NONE',  ( -16.34823619296893000, -11.15203886210872900, -2.500000000000000000 ) ) ;
#194 = CARTESIAN_POINT ( 'NONE',  ( -19.49959095023150700, -16.30240821100000300, 2.500000000000000000 ) ) ;
#195 = ORIENTED_EDGE ( 'NONE', *, *, #3125, .F. ) ;
#196 = EDGE_CURVE ( 'NONE', #5563, #410, #241, .T. ) ;
#197 = PLANE ( 'NONE',  #5237 ) ;
#198 = CARTESIAN_POINT ( 'NONE',  ( -14.27897133052508100, 21.94224485420300400, 2.500000000000000000 ) ) ;
#199 = EDGE_LOOP ( 'NONE', ( #2030, #4843, #638, #2424 ) ) ;
#200 = CARTESIAN_POINT ( 'NONE',  ( -19.49959095023150700, -16.30240821100000300, 2.500000000000000000 ) ) ;
#201 = CARTESIAN_POINT ( 'NONE',  ( 16.40000000025540300, -11.91094532216122900, 2.500000000000000000 ) ) ;
#202 = DIRECTION ( 'NONE',  ( -0.1908089957846929300, -0.9816271833683279900, 0.0000000000000000000 ) ) ;
#203 = DIRECTION ( 'NONE',  ( -0.0000000000000000000, -0.0000000000000000000, -1.000000000000000000 ) ) ;
#204 = CARTESIAN_POINT ( 'NONE',  ( -19.20462358944797300, 6.061015682780711300, -1.892933307249448100 ) ) ;
#205 = CARTESIAN_POINT ( 'NONE',  ( 20.99999999895845100, 13.43199169057949400, -2.500000000000000000 ) ) ;
#206 = ORIENTED_EDGE ( 'NONE', *, *, #1701, .F. ) ;
#207 = DIRECTION ( 'NONE',  ( -0.0000000000000000000, -0.0000000000000000000, -1.000000000000000000 ) ) ;
#208 = LINE ( 'NONE', #4624, #4396 ) ;
#209 = FACE_OUTER_BOUND ( 'NONE', #5837, .T. ) ;
#210 = AXIS2_PLACEMENT_3D ( 'NONE', #4482, #5432, #2495 ) ;
#211 = ADVANCED_FACE ( 'NONE', ( #4142 ), #627, .T. ) ;
#212 = AXIS2_PLACEMENT_3D ( 'NONE', #3944, #5369, #2434 ) ;
#213 = FACE_OUTER_BOUND ( 'NONE', #10, .T. ) ;
#214 = LINE ( 'NONE', #1197, #5357 ) ;
#215 = VERTEX_POINT ( 'NONE', #718 ) ;
#216 = CARTESIAN_POINT ( 'NONE',  ( -14.50680346973448200, 24.75892274037451600, -2.500000000000000000 ) ) ;
#217 = ORIENTED_EDGE ( 'NONE', *, *, #1863, .T. ) ;
#218 = EDGE_CURVE ( 'NONE', #1723, #4251, #3973, .T. ) ;
#219 = VECTOR ( 'NONE', #3782, 1000.000000000000000 ) ;
#220 = DIRECTION ( 'NONE',  ( -0.0000000000000000000, -0.0000000000000000000, -1.000000000000000000 ) ) ;
#221 = VECTOR ( 'NONE', #5806, 1000.000000000000000 ) ;
#222 = EDGE_CURVE ( 'NONE', #3386, #3879, #5243, .T. ) ;
#223 = DIRECTION ( 'NONE',  ( -1.000000000000000000, 0.0000000000000000000, 0.0000000000000000000 ) ) ;
#224 = ORIENTED_EDGE ( 'NONE', *, *, #5190, .T. ) ;
#225 = EDGE_CURVE ( 'NONE', #3063, #4372, #5546, .T. ) ;
#226 = LINE ( 'NONE', #2112, #5370 ) ;
#227 = DIRECTION ( 'NONE',  ( -0.0000000000000000000, -0.0000000000000000000, 1.000000000000000000 ) ) ;
#228 = CARTESIAN_POINT ( 'NONE',  ( 20.99999999895848300, -3.251124523280756400, 0.7500000000000000000 ) ) ;
#229 = CARTESIAN_POINT ( 'NONE',  ( 15.20403488651030700, 20.33998777500599400, 2.500000000000000000 ) ) ;
#230 = LINE ( 'NONE', #694, #5371 ) ;
#231 = ORIENTED_EDGE ( 'NONE', *, *, #4648, .T. ) ;
#232 = LINE ( 'NONE', #594, #5375 ) ;
#233 = AXIS2_PLACEMENT_3D ( 'NONE', #6208, #282, #5283 ) ;
#234 = LINE ( 'NONE', #3024, #5536 ) ;
#235 = VECTOR ( 'NONE', #1179, 1000.000000000000000 ) ;
#236 = EDGE_CURVE ( 'NONE', #6403, #1055, #1266, .T. ) ;
#237 = ORIENTED_EDGE ( 'NONE', *, *, #2703, .T. ) ;
#238 = VECTOR ( 'NONE', #6379, 1000.000000000000000 ) ;
#239 = DIRECTION ( 'NONE',  ( 1.000000000000000000, -5.782411585859678300E-015, 0.0000000000000000000 ) ) ;
#240 = DIRECTION ( 'NONE',  ( -7.309538116125158200E-015, -1.000000000000000000, 0.0000000000000000000 ) ) ;
#241 = CIRCLE ( 'NONE', #3087, 0.2999999996985258100 ) ;
#242 = EDGE_CURVE ( 'NONE', #5968, #4933, #1419, .T. ) ;
#243 = CARTESIAN_POINT ( 'NONE',  ( -18.98045816164531600, 13.91953526797897900, -2.500000000000000000 ) ) ;
#244 = DIRECTION ( 'NONE',  ( 0.6560590293043456800, -0.7547095799499564700, 0.0000000000000000000 ) ) ;
#245 = ORIENTED_EDGE ( 'NONE', *, *, #1863, .F. ) ;
#246 = ORIENTED_EDGE ( 'NONE', *, *, #3524, .F. ) ;
#247 = ORIENTED_EDGE ( 'NONE', *, *, #3850, .F. ) ;
#248 = EDGE_CURVE ( 'NONE', #693, #6296, #3830, .T. ) ;
#249 = ORIENTED_EDGE ( 'NONE', *, *, #2120, .F. ) ;
#250 = VECTOR ( 'NONE', #4071, 1000.000000000000000 ) ;
#251 = ADVANCED_FACE ( 'NONE', ( #6338 ), #3655, .F. ) ;
#252 = ORIENTED_EDGE ( 'NONE', *, *, #4419, .F. ) ;
#253 = DIRECTION ( 'NONE',  ( -0.0000000000000000000, -0.0000000000000000000, 1.000000000000000000 ) ) ;
#254 = CARTESIAN_POINT ( 'NONE',  ( -11.74999999895834100, 8.707139886832072400, 2.171729494138005600 ) ) ;
#255 = CARTESIAN_POINT ( 'NONE',  ( -15.49999999999406200, -11.70364120424378600, -2.500000000000000000 ) ) ;
#256 = DIRECTION ( 'NONE',  ( -5.782411585859678300E-015, -1.000000000000000000, 0.0000000000000000000 ) ) ;
#257 = VERTEX_POINT ( 'NONE', #3672 ) ;
#258 = ORIENTED_EDGE ( 'NONE', *, *, #509, .F. ) ;
#259 = VERTEX_POINT ( 'NONE', #3525 ) ;
#260 = LINE ( 'NONE', #377, #4159 ) ;
#261 = DIRECTION ( 'NONE',  ( -0.0000000000000000000, 1.000000000000000000, -0.0000000000000000000 ) ) ;
#262 = EDGE_LOOP ( 'NONE', ( #2903, #273, #3384, #5796 ) ) ;
#263 = EDGE_CURVE ( 'NONE', #1801, #2998, #4947, .T. ) ;
#264 = CARTESIAN_POINT ( 'NONE',  ( -22.30000000017734500, -13.50401566570124600, 2.500000000000000000 ) ) ;
#265 = VECTOR ( 'NONE', #2020, 1000.000000000000000 ) ;
#266 = CARTESIAN_POINT ( 'NONE',  ( -3.400000002045663100, 22.21300528677813800, -2.299999999999999400 ) ) ;
#267 = ORIENTED_EDGE ( 'NONE', *, *, #302, .F. ) ;
#268 = VERTEX_POINT ( 'NONE', #3457 ) ;
#269 = ORIENTED_EDGE ( 'NONE', *, *, #2487, .F. ) ;
#270 = AXIS2_PLACEMENT_3D ( 'NONE', #6423, #526, #4073 ) ;
#271 = DIRECTION ( 'NONE',  ( -0.0000000000000000000, -0.0000000000000000000, -1.000000000000000000 ) ) ;
#272 = DIRECTION ( 'NONE',  ( -1.000000000000000000, 0.0000000000000000000, 0.0000000000000000000 ) ) ;
#273 = ORIENTED_EDGE ( 'NONE', *, *, #5710, .F. ) ;
#274 = VERTEX_POINT ( 'NONE', #3517 ) ;
#275 = ORIENTED_EDGE ( 'NONE', *, *, #2509, .T. ) ;
#276 = ORIENTED_EDGE ( 'NONE', *, *, #5071, .T. ) ;
#277 = EDGE_CURVE ( 'NONE', #4014, #1297, #2310, .T. ) ;
#278 = ADVANCED_FACE ( 'NONE', ( #1104 ), #790, .T. ) ;
#279 = EDGE_LOOP ( 'NONE', ( #2880, #3302, #2793, #829 ) ) ;
#280 = ORIENTED_EDGE ( 'NONE', *, *, #4841, .T. ) ;
#281 = DIRECTION ( 'NONE',  ( -0.0000000000000000000, -0.0000000000000000000, -1.000000000000000000 ) ) ;
#282 = DIRECTION ( 'NONE',  ( -0.4999999999996457800, 0.8660254037846431000, 0.0000000000000000000 ) ) ;
#283 = DIRECTION ( 'NONE',  ( 1.000000000000000000, 7.309538116125158200E-015, -0.0000000000000000000 ) ) ;
#284 = LINE ( 'NONE', #1148, #1479 ) ;
#285 = VECTOR ( 'NONE', #2376, 1000.000000000000200 ) ;
#286 = DIRECTION ( 'NONE',  ( -1.000000000000000000, 0.0000000000000000000, 0.0000000000000000000 ) ) ;
#287 = DIRECTION ( 'NONE',  ( -0.8660254037844555800, 0.4999999999999708000, 0.0000000000000000000 ) ) ;
#288 = APPLICATION_CONTEXT ( 'automotive_design' ) ;
#289 = ORIENTED_EDGE ( 'NONE', *, *, #3246, .F. ) ;
#290 = ADVANCED_FACE ( 'NONE', ( #3521 ), #3301, .F. ) ;
#291 = LINE ( 'NONE', #851, #1485 ) ;
#292 = VECTOR ( 'NONE', #2616, 1000.000000000000000 ) ;
#293 = VERTEX_POINT ( 'NONE', #3323 ) ;
#294 = ORIENTED_EDGE ( 'NONE', *, *, #2752, .T. ) ;
#295 = DIRECTION ( 'NONE',  ( 0.0000000000000000000, 1.000000000000000000, 0.0000000000000000000 ) ) ;
#296 = VECTOR ( 'NONE', #5030, 1000.000000000000000 ) ;
#297 = ORIENTED_EDGE ( 'NONE', *, *, #6200, .T. ) ;
#298 = CARTESIAN_POINT ( 'NONE',  ( 3.400000002045663100, 24.99962553122773200, -2.500000000000000000 ) ) ;
#299 = VECTOR ( 'NONE', #2275, 999.9999999999998900 ) ;
#300 = EDGE_CURVE ( 'NONE', #2515, #3730, #6059, .T. ) ;
#301 = VECTOR ( 'NONE', #4642, 1000.000000000000100 ) ;
#302 = EDGE_CURVE ( 'NONE', #406, #268, #5911, .T. ) ;
#303 = LINE ( 'NONE', #1135, #2857 ) ;
#304 = DIRECTION ( 'NONE',  ( 0.8660254037844510300, -0.4999999999999785700, 0.0000000000000000000 ) ) ;
#305 = CARTESIAN_POINT ( 'NONE',  ( 19.01172613572896400, 15.75616779990884600, 2.500000000000000000 ) ) ;
#306 = ADVANCED_FACE ( 'NONE', ( #4799 ), #3155, .T. ) ;
#307 = APPLICATION_PROTOCOL_DEFINITION ( 'draft international standard', 'automotive_design', 1998, #3390 ) ;
#308 = VECTOR ( 'NONE', #2731, 1000.000000000000000 ) ;
#309 = DIRECTION ( 'NONE',  ( 0.0000000000000000000, -0.0000000000000000000, 1.000000000000000000 ) ) ;
#310 = VECTOR ( 'NONE', #6082, 1000.000000000000000 ) ;
#311 = VERTEX_POINT ( 'NONE', #3350 ) ;
#312 = ORIENTED_EDGE ( 'NONE', *, *, #5688, .T. ) ;
#313 = ORIENTED_EDGE ( 'NONE', *, *, #4060, .F. ) ;
#314 = VECTOR ( 'NONE', #3016, 1000.000000000000100 ) ;
#315 = EDGE_CURVE ( 'NONE', #400, #2312, #655, .T. ) ;
#316 = CARTESIAN_POINT ( 'NONE',  ( 17.47005032661361000, 2.385469487625863300, 1.835679822349320500 ) ) ;
#317 = ORIENTED_EDGE ( 'NONE', *, *, #3201, .F. ) ;
#318 = ORIENTED_EDGE ( 'NONE', *, *, #5965, .F. ) ;
#319 = CIRCLE ( 'NONE', #1539, 0.2007699903126582100 ) ;
#320 = ADVANCED_FACE ( 'NONE', ( #4502 ), #3050, .F. ) ;
#321 = VERTEX_POINT ( 'NONE', #2949 ) ;
#322 = AXIS2_PLACEMENT_3D ( 'NONE', #3059, #2854, #3075 ) ;
#323 = EDGE_LOOP ( 'NONE', ( #4739, #3335, #6239, #5735 ) ) ;
#324 = DIRECTION ( 'NONE',  ( 0.4999999999999741900, 0.8660254037844535800, 0.0000000000000000000 ) ) ;
#325 = ORIENTED_EDGE ( 'NONE', *, *, #1163, .T. ) ;
#326 = CARTESIAN_POINT ( 'NONE',  ( -14.39990571184790200, -7.104015669058178200, 2.500000000000000000 ) ) ;
#327 = AXIS2_PLACEMENT_3D ( 'NONE', #1284, #5732, #6194 ) ;
#328 = CARTESIAN_POINT ( 'NONE',  ( -17.10000000081374000, -10.95060435621951600, 2.500000000000000000 ) ) ;
#329 = CARTESIAN_POINT ( 'NONE',  ( 20.37379076652629800, 13.59700265585159900, 2.500000000000000000 ) ) ;
#330 = ORIENTED_EDGE ( 'NONE', *, *, #5469, .T. ) ;
#331 = CARTESIAN_POINT ( 'NONE',  ( -20.64357146418749900, 1.428256051882035300, -1.172439306139857300 ) ) ;
#332 = AXIS2_PLACEMENT_3D ( 'NONE', #3504, #4955, #1979 ) ;
#333 = VECTOR ( 'NONE', #5970, 1000.000000000000200 ) ;
#334 = VERTEX_POINT ( 'NONE', #2836 ) ;
#335 = DIRECTION ( 'NONE',  ( -1.000000000000000000, 0.0000000000000000000, 0.0000000000000000000 ) ) ;
#336 = CARTESIAN_POINT ( 'NONE',  ( -4.150000002045662700, 23.18800528677813900, -2.299999999999999400 ) ) ;
#337 = ADVANCED_FACE ( 'NONE', ( #1838 ), #2900, .F. ) ;
#338 = VECTOR ( 'NONE', #2940, 1000.000000000000000 ) ;
#339 = ORIENTED_EDGE ( 'NONE', *, *, #4232, .T. ) ;
#340 = EDGE_CURVE ( 'NONE', #4523, #5783, #5764, .T. ) ;
#341 = ADVANCED_FACE ( 'NONE', ( #4358 ), #1681, .T. ) ;
#342 = DIRECTION ( 'NONE',  ( -1.765913276658659300E-015, 1.000000000000000000, 0.0000000000000000000 ) ) ;
#343 = ORIENTED_EDGE ( 'NONE', *, *, #132, .F. ) ;
#344 = CARTESIAN_POINT ( 'NONE',  ( -22.30000000017734500, -13.50401566570124600, 2.500000000000000000 ) ) ;
#345 = ORIENTED_EDGE ( 'NONE', *, *, #2678, .F. ) ;
#346 = DIRECTION ( 'NONE',  ( 0.8660254037844813400, -0.4999999999999259500, 0.0000000000000000000 ) ) ;
#347 = AXIS2_PLACEMENT_3D ( 'NONE', #2123, #3170, #91 ) ;
#348 = DIRECTION ( 'NONE',  ( -0.0000000000000000000, -0.0000000000000000000, -1.000000000000000000 ) ) ;
#349 = EDGE_CURVE ( 'NONE', #4607, #5852, #3216, .T. ) ;
#350 = CARTESIAN_POINT ( 'NONE',  ( -29.19999999541644400, 6.603923229867603200, 2.500000000000000000 ) ) ;
#351 = CARTESIAN_POINT ( 'NONE',  ( 20.83636363536799500, 1.122172890406549600, 2.500000000000000000 ) ) ;
#352 = EDGE_CURVE ( 'NONE', #274, #4173, #3040, .T. ) ;
#353 = CARTESIAN_POINT ( 'NONE',  ( -19.01172613572896400, 15.75616779990884600, 2.500000000000000000 ) ) ;
#354 = ADVANCED_FACE ( 'NONE', ( #4211 ), #2627, .F. ) ;
#355 = DIRECTION ( 'NONE',  ( -0.0000000000000000000, -0.0000000000000000000, -1.000000000000000000 ) ) ;
#356 = ORIENTED_EDGE ( 'NONE', *, *, #2551, .F. ) ;
#357 = VERTEX_POINT ( 'NONE', #2681 ) ;
#358 = EDGE_CURVE ( 'NONE', #4751, #2019, #5462, .T. ) ;
#359 = DIRECTION ( 'NONE',  ( 0.0000000000000000000, 0.0000000000000000000, 1.000000000000000000 ) ) ;
#360 = PLANE ( 'NONE',  #3839 ) ;
#361 = LINE ( 'NONE', #2646, #51 ) ;
#362 = LINE ( 'NONE', #4461, #5351 ) ;
#363 = EDGE_CURVE ( 'NONE', #130, #5281, #5624, .T. ) ;
#364 = VECTOR ( 'NONE', #4633, 1000.000000000000000 ) ;
#365 = LINE ( 'NONE', #6114, #2915 ) ;
#366 = AXIS2_PLACEMENT_3D ( 'NONE', #1274, #4788, #1800 ) ;
#367 = ORIENTED_EDGE ( 'NONE', *, *, #3027, .T. ) ;
#368 = VERTEX_POINT ( 'NONE', #2390 ) ;
#369 = CARTESIAN_POINT ( 'NONE',  ( 18.50167583793475900, -15.00364120459714600, 2.500000000000000000 ) ) ;
#370 = CIRCLE ( 'NONE', #14, 0.09999999983821041000 ) ;
#371 = CARTESIAN_POINT ( 'NONE',  ( 20.69999999925993400, 13.43199169057949400, 2.500000000000000000 ) ) ;
#372 = DIRECTION ( 'NONE',  ( 1.000000000000000000, 0.0000000000000000000, 0.0000000000000000000 ) ) ;
#373 = VECTOR ( 'NONE', #835, 1000.000000000000000 ) ;
#374 = CARTESIAN_POINT ( 'NONE',  ( 20.99999999895844700, 0.5739978569335471000, -2.500000000000000000 ) ) ;
#375 = DIRECTION ( 'NONE',  ( 1.000000000000000000, -0.0000000000000000000, -0.0000000000000000000 ) ) ;
#376 = EDGE_LOOP ( 'NONE', ( #5, #4738, #5814, #2290 ) ) ;
#377 = CARTESIAN_POINT ( 'NONE',  ( -13.65426593244120400, 23.02426634344688200, 2.500000000000000000 ) ) ;
#378 = ADVANCED_FACE ( 'NONE', ( #5305 ), #2348, .F. ) ;
#379 = LINE ( 'NONE', #4584, #559 ) ;
#380 = ORIENTED_EDGE ( 'NONE', *, *, #5592, .F. ) ;
#381 = DIRECTION ( 'NONE',  ( -1.000000000000000000, 0.0000000000000000000, 0.0000000000000000000 ) ) ;
#382 = VECTOR ( 'NONE', #1610, 1000.000000000000000 ) ;
#383 = DIRECTION ( 'NONE',  ( -1.000000000000000000, 0.0000000000000000000, 0.0000000000000000000 ) ) ;
#384 = LINE ( 'NONE', #1963, #1756 ) ;
#385 = VECTOR ( 'NONE', #1248, 1000.000000000000000 ) ;
#386 = DIRECTION ( 'NONE',  ( 0.9978188536779433200, 0.06601162961808540500, -0.0000000000000000000 ) ) ;
#387 = ORIENTED_EDGE ( 'NONE', *, *, #6298, .F. ) ;
#388 = VECTOR ( 'NONE', #5877, 1000.000000000000100 ) ;
#389 = CARTESIAN_POINT ( 'NONE',  ( 16.75380384057941200, 17.65570920656541200, 2.500000000000000000 ) ) ;
#390 = FACE_OUTER_BOUND ( 'NONE', #5077, .T. ) ;
#391 = CARTESIAN_POINT ( 'NONE',  ( -11.74999999895835500, 6.502519091575194000, 16.34081488719823500 ) ) ;
#392 = DIRECTION ( 'NONE',  ( 0.9969477838489077000, 0.07807122567727321800, 0.0000000000000000000 ) ) ;
#393 = CARTESIAN_POINT ( 'NONE',  ( -18.35575276356144100, 15.00155675722285900, 2.500000000000000000 ) ) ;
#394 = ORIENTED_EDGE ( 'NONE', *, *, #3898, .F. ) ;
#395 = ORIENTED_EDGE ( 'NONE', *, *, #847, .F. ) ;
#396 = VERTEX_POINT ( 'NONE', #2323 ) ;
#397 = CARTESIAN_POINT ( 'NONE',  ( 18.92827819273239200, 13.88940914888079800, 2.500000000000000000 ) ) ;
#398 = DIRECTION ( 'NONE',  ( 0.0000000000000000000, 0.0000000000000000000, 1.000000000000000000 ) ) ;
#399 = ORIENTED_EDGE ( 'NONE', *, *, #4853, .T. ) ;
#400 = VERTEX_POINT ( 'NONE', #2561 ) ;
#401 = CIRCLE ( 'NONE', #4871, 0.6000000001230610900 ) ;
#402 = EDGE_CURVE ( 'NONE', #293, #6373, #4053, .T. ) ;
#403 = CARTESIAN_POINT ( 'NONE',  ( 14.19462856805785800, 24.99962553122772800, -2.500000000000000000 ) ) ;
#404 = ORIENTED_EDGE ( 'NONE', *, *, #5282, .T. ) ;
#405 = CARTESIAN_POINT ( 'NONE',  ( -20.32312030118735500, -2.666971610699351300, 0.7500000000000000000 ) ) ;
#406 = VERTEX_POINT ( 'NONE', #2236 ) ;
#407 = CARTESIAN_POINT ( 'NONE',  ( 20.00000000008497000, -13.82648468384625100, 2.500000000000000000 ) ) ;
#408 = AXIS2_PLACEMENT_3D ( 'NONE', #747, #4289, #1247 ) ;
#409 = DIRECTION ( 'NONE',  ( 1.000000000000000000, 0.0000000000000000000, 0.0000000000000000000 ) ) ;
#410 = VERTEX_POINT ( 'NONE', #2381 ) ;
#411 = VERTEX_POINT ( 'NONE', #2225 ) ;
#412 = CYLINDRICAL_SURFACE ( 'NONE', #5344, 9.999999997365293300 ) ;
#413 = ADVANCED_FACE ( 'NONE', ( #484 ), #2248, .F. ) ;
#414 = AXIS2_PLACEMENT_3D ( 'NONE', #1091, #1085, #1072 ) ;
#415 = ORIENTED_EDGE ( 'NONE', *, *, #73, .F. ) ;
#416 = CARTESIAN_POINT ( 'NONE',  ( -15.82874028459418600, 19.25796628576226900, -2.500000000000000000 ) ) ;
#417 = CARTESIAN_POINT ( 'NONE',  ( -18.92827819273239200, 13.88940914888079800, -2.500000000000000000 ) ) ;
#418 = LINE ( 'NONE', #513, #265 ) ;
#419 = CARTESIAN_POINT ( 'NONE',  ( -22.09208908161787800, -2.562751632334589100, -2.500000000000000000 ) ) ;
#420 = PLANE ( 'NONE',  #4150 ) ;
#421 = CARTESIAN_POINT ( 'NONE',  ( -16.40000000215205500, -11.34522402732296900, -2.500000000000000000 ) ) ;
#422 = DIRECTION ( 'NONE',  ( 0.5720091515689449400, 0.8202472374359914800, 0.0000000000000000000 ) ) ;
#423 = DIRECTION ( 'NONE',  ( -0.4999999999999974500, 0.8660254037844401500, 0.0000000000000000000 ) ) ;
#424 = ORIENTED_EDGE ( 'NONE', *, *, #1682, .F. ) ;
#425 = ORIENTED_EDGE ( 'NONE', *, *, #2953, .T. ) ;
#426 = ORIENTED_EDGE ( 'NONE', *, *, #2415, .F. ) ;
#427 = DIRECTION ( 'NONE',  ( 1.000000000000000000, 0.0000000000000000000, 0.0000000000000000000 ) ) ;
#428 = DIRECTION ( 'NONE',  ( -0.7547095799501615200, 0.6560590293041098600, 0.0000000000000000000 ) ) ;
#429 = DIRECTION ( 'NONE',  ( -0.002562057422906024000, -0.9999967179254948300, 0.0000000000000000000 ) ) ;
#430 = EDGE_CURVE ( 'NONE', #438, #5590, #2860, .T. ) ;
#431 = DIRECTION ( 'NONE',  ( -1.000000000000000000, 0.0000000000000000000, 0.0000000000000000000 ) ) ;
#432 = VERTEX_POINT ( 'NONE', #2313 ) ;
#433 = VERTEX_POINT ( 'NONE', #2081 ) ;
#434 = EDGE_CURVE ( 'NONE', #882, #3191, #2556, .T. ) ;
#435 = ORIENTED_EDGE ( 'NONE', *, *, #6311, .F. ) ;
#436 = DIRECTION ( 'NONE',  ( -0.0000000000000000000, 1.000000000000000000, -0.0000000000000000000 ) ) ;
#437 = CARTESIAN_POINT ( 'NONE',  ( -21.58410135576308900, -2.666971610699351300, 0.7500000000000000000 ) ) ;
#438 = VERTEX_POINT ( 'NONE', #2023 ) ;
#439 = VERTEX_POINT ( 'NONE', #2041 ) ;
#440 = ORIENTED_EDGE ( 'NONE', *, *, #4429, .F. ) ;
#441 = DIRECTION ( 'NONE',  ( -0.0000000000000000000, -0.0000000000000000000, -1.000000000000000000 ) ) ;
#442 = CIRCLE ( 'NONE', #1421, 0.9999999988734784600 ) ;
#443 = PLANE ( 'NONE',  #6262 ) ;
#444 = LINE ( 'NONE', #1631, #3006 ) ;
#445 = DIRECTION ( 'NONE',  ( -1.000000000000000000, 0.0000000000000000000, 0.0000000000000000000 ) ) ;
#446 = DIRECTION ( 'NONE',  ( -3.654769042192353500E-015, 1.000000000000000000, 0.0000000000000000000 ) ) ;
#447 = DIRECTION ( 'NONE',  ( -0.0000000000000000000, -0.0000000000000000000, -1.000000000000000000 ) ) ;
#448 = CARTESIAN_POINT ( 'NONE',  ( -19.23986165434171600, -16.50401566570125000, 2.500000000000000000 ) ) ;
#449 = EDGE_CURVE ( 'NONE', #6168, #4911, #1336, .T. ) ;
#450 = DIRECTION ( 'NONE',  ( -1.000000000000000000, 0.0000000000000000000, 0.0000000000000000000 ) ) ;
#451 = DIRECTION ( 'NONE',  ( -1.000000000000000000, 0.0000000000000000000, 0.0000000000000000000 ) ) ;
#452 = LINE ( 'NONE', #3186, #5598 ) ;
#453 = VECTOR ( 'NONE', #4346, 1000.000000000000000 ) ;
#454 = ADVANCED_FACE ( 'NONE', ( #5167 ), #2379, .F. ) ;
#455 = VERTEX_POINT ( 'NONE', #1924 ) ;
#456 = ORIENTED_EDGE ( 'NONE', *, *, #3990, .F. ) ;
#457 = CARTESIAN_POINT ( 'NONE',  ( -20.77020092771723400, 13.71040011547356700, 2.500000000000000000 ) ) ;
#458 = EDGE_CURVE ( 'NONE', #675, #311, #6258, .T. ) ;
#459 = ORIENTED_EDGE ( 'NONE', *, *, #352, .F. ) ;
#460 = CARTESIAN_POINT ( 'NONE',  ( 17.46195718165978400, 18.44044636834895100, -2.500000000000000000 ) ) ;
#461 = CARTESIAN_POINT ( 'NONE',  ( -14.08718822782419800, 24.28571766019937800, 2.500000000000000000 ) ) ;
#462 = CARTESIAN_POINT ( 'NONE',  ( -8.745941614151837100, -9.301315623114677000, 2.500000000000000000 ) ) ;
#463 = VECTOR ( 'NONE', #3385, 1000.000000000000000 ) ;
#464 = VECTOR ( 'NONE', #543, 1000.000000000000000 ) ;
#465 = ORIENTED_EDGE ( 'NONE', *, *, #5808, .F. ) ;
#466 = EDGE_CURVE ( 'NONE', #6011, #882, #3762, .T. ) ;
#467 = CARTESIAN_POINT ( 'NONE',  ( 20.69999999925993400, 13.43199169057949400, 2.500000000000000000 ) ) ;
#468 = ORIENTED_EDGE ( 'NONE', *, *, #2948, .T. ) ;
#469 = AXIS2_PLACEMENT_3D ( 'NONE', #1562, #5520, #1040 ) ;
#470 = LINE ( 'NONE', #2549, #1981 ) ;
#471 = ORIENTED_EDGE ( 'NONE', *, *, #4020, .T. ) ;
#472 = FACE_OUTER_BOUND ( 'NONE', #5867, .T. ) ;
#473 = DIRECTION ( 'NONE',  ( -0.0000000000000000000, 1.000000000000000000, -0.0000000000000000000 ) ) ;
#474 = AXIS2_PLACEMENT_3D ( 'NONE', #3476, #428, #3986 ) ;
#475 = CARTESIAN_POINT ( 'NONE',  ( -23.20000000021519400, -16.50401566570125000, 2.500000000000000000 ) ) ;
#476 = CARTESIAN_POINT ( 'NONE',  ( 20.99999999895848300, -3.251124523280756400, 0.7500000000000000000 ) ) ;
#477 = LINE ( 'NONE', #5570, #301 ) ;
#478 = CARTESIAN_POINT ( 'NONE',  ( -16.20000000215205200, -11.34522402732296900, -2.500000000000000000 ) ) ;
#479 = PLANE ( 'NONE',  #5402 ) ;
#480 = DIRECTION ( 'NONE',  ( -1.000000000000000000, 0.0000000000000000000, 0.0000000000000000000 ) ) ;
#481 = CARTESIAN_POINT ( 'NONE',  ( -10.35797482499406300, -11.41005778916108900, -2.500000000000000000 ) ) ;
#482 = FACE_OUTER_BOUND ( 'NONE', #2095, .T. ) ;
#483 = CARTESIAN_POINT ( 'NONE',  ( -11.74999999895834100, 8.707139886832072400, 2.171729494138005600 ) ) ;
#484 = FACE_OUTER_BOUND ( 'NONE', #3927, .T. ) ;
#485 = CARTESIAN_POINT ( 'NONE',  ( 11.74999999895831800, 11.63392459979423100, -1.155781791775945000 ) ) ;
#486 = CARTESIAN_POINT ( 'NONE',  ( 14.36241927352164900, 23.80900350523104700, 2.500000000000000000 ) ) ;
#487 = DIRECTION ( 'NONE',  ( -1.000000000000000000, 0.0000000000000000000, 0.0000000000000000000 ) ) ;
#488 = EDGE_CURVE ( 'NONE', #1493, #2610, #6125, .T. ) ;
#489 = FACE_OUTER_BOUND ( 'NONE', #3166, .T. ) ;
#490 = EDGE_LOOP ( 'NONE', ( #5395, #380, #987, #180 ) ) ;
#491 = ORIENTED_EDGE ( 'NONE', *, *, #218, .T. ) ;
#492 = ORIENTED_EDGE ( 'NONE', *, *, #5782, .F. ) ;
#493 = LINE ( 'NONE', #3512, #4674 ) ;
#494 = DIRECTION ( 'NONE',  ( -0.0000000000000000000, -0.0000000000000000000, -1.000000000000000000 ) ) ;
#495 = EDGE_CURVE ( 'NONE', #2328, #4173, #3897, .T. ) ;
#496 = ORIENTED_EDGE ( 'NONE', *, *, #2199, .F. ) ;
#497 = FACE_OUTER_BOUND ( 'NONE', #2812, .T. ) ;
#498 = EDGE_CURVE ( 'NONE', #886, #6014, #3598, .T. ) ;
#499 = CARTESIAN_POINT ( 'NONE',  ( 16.60000000025540200, -11.91094532216122900, -2.500000000000000000 ) ) ;
#500 = CARTESIAN_POINT ( 'NONE',  ( -23.20000000021519400, -14.10401566570124200, -2.500000000000000000 ) ) ;
#501 = DIRECTION ( 'NONE',  ( -0.0000000000000000000, 1.000000000000000000, -0.0000000000000000000 ) ) ;
#502 = ORIENTED_EDGE ( 'NONE', *, *, #6357, .F. ) ;
#503 = CARTESIAN_POINT ( 'NONE',  ( -20.95884655956168500, -12.11820054734851100, 2.500000000000000000 ) ) ;
#504 = PLANE ( 'NONE',  #43 ) ;
#505 = DIRECTION ( 'NONE',  ( -0.9816271833683283300, 0.1908089957846906000, 0.0000000000000000000 ) ) ;
#506 = PLANE ( 'NONE',  #6049 ) ;
#507 = EDGE_LOOP ( 'NONE', ( #1276, #3220, #1865, #965 ) ) ;
#508 = VERTEX_POINT ( 'NONE', #1761 ) ;
#509 = EDGE_CURVE ( 'NONE', #4693, #2027, #4729, .T. ) ;
#510 = DIRECTION ( 'NONE',  ( 0.06601162961440677800, -0.9978188536781865700, 0.0000000000000000000 ) ) ;
#511 = CARTESIAN_POINT ( 'NONE',  ( 15.82874028459418600, 19.25796628576226900, 2.500000000000000000 ) ) ;
#512 = ORIENTED_EDGE ( 'NONE', *, *, #2509, .F. ) ;
#513 = CARTESIAN_POINT ( 'NONE',  ( 20.72020092779813200, 13.79700265571190000, 2.500000000000000000 ) ) ;
#514 = DIRECTION ( 'NONE',  ( 0.9388763158866081400, 0.3442546491584244100, -0.0000000000000000000 ) ) ;
#515 = CARTESIAN_POINT ( 'NONE',  ( -15.29999999999405900, -11.90364120424378800, 2.500000000000000000 ) ) ;
#516 = CARTESIAN_POINT ( 'NONE',  ( 7.649999999999990600, 14.99962553122773200, 1.734723475976807100E-015 ) ) ;
#517 = LINE ( 'NONE', #2044, #3072 ) ;
#518 = CARTESIAN_POINT ( 'NONE',  ( -21.59317965509344400, -2.529745817546354700, 2.500000000000000000 ) ) ;
#519 = ORIENTED_EDGE ( 'NONE', *, *, #640, .F. ) ;
#520 = DIRECTION ( 'NONE',  ( 0.06601162961808539100, -0.9978188536779432100, 0.0000000000000000000 ) ) ;
#521 = AXIS2_PLACEMENT_3D ( 'NONE', #486, #1499, #4998 ) ;
#522 = ORIENTED_EDGE ( 'NONE', *, *, #3458, .F. ) ;
#523 = CARTESIAN_POINT ( 'NONE',  ( -8.745941614151837100, -9.001315623416152400, -2.500000000000000000 ) ) ;
#524 = CARTESIAN_POINT ( 'NONE',  ( 3.150000002174445000, 17.40392322600979800, 2.500000000000000000 ) ) ;
#525 = CARTESIAN_POINT ( 'NONE',  ( 14.17379076806253100, 24.33571766011848300, -2.500000000000000000 ) ) ;
#526 = DIRECTION ( 'NONE',  ( 0.0000000000000000000, 1.000000000000000000, 0.0000000000000000000 ) ) ;
#527 = ORIENTED_EDGE ( 'NONE', *, *, #4409, .T. ) ;
#528 = PLANE ( 'NONE',  #5240 ) ;
#529 = ORIENTED_EDGE ( 'NONE', *, *, #3898, .T. ) ;
#530 = DIRECTION ( 'NONE',  ( 0.8660254037844518100, -0.4999999999999773500, 0.0000000000000000000 ) ) ;
#531 = ORIENTED_EDGE ( 'NONE', *, *, #3678, .T. ) ;
#532 = DIRECTION ( 'NONE',  ( 0.5000000000000248700, 0.8660254037844243900, -0.0000000000000000000 ) ) ;
#533 = EDGE_CURVE ( 'NONE', #2138, #5755, #5983, .T. ) ;
#534 = CARTESIAN_POINT ( 'NONE',  ( 3.150000002174445400, 21.35528796400980800, 2.500000000000000000 ) ) ;
#535 = AXIS2_PLACEMENT_3D ( 'NONE', #3599, #540, #4092 ) ;
#536 = ORIENTED_EDGE ( 'NONE', *, *, #4706, .F. ) ;
#537 = DIRECTION ( 'NONE',  ( -0.0000000000000000000, -0.0000000000000000000, 1.000000000000000000 ) ) ;
#538 = CIRCLE ( 'NONE', #1096, 0.2999999996985258100 ) ;
#539 = FACE_OUTER_BOUND ( 'NONE', #5706, .T. ) ;
#540 = DIRECTION ( 'NONE',  ( 0.0000000000000000000, 0.0000000000000000000, 1.000000000000000000 ) ) ;
#541 = VECTOR ( 'NONE', #2634, 1000.000000000000000 ) ;
#542 = CARTESIAN_POINT ( 'NONE',  ( 3.400000002045663100, 22.21300528677813800, -2.299999999999999400 ) ) ;
#543 = DIRECTION ( 'NONE',  ( 1.000000000000000000, 0.0000000000000000000, 0.0000000000000000000 ) ) ;
#544 = DIRECTION ( 'NONE',  ( 0.8660254037844523600, -0.4999999999999764600, 0.0000000000000000000 ) ) ;
#545 = CIRCLE ( 'NONE', #3553, 1.300676720527752700 ) ;
#546 = EDGE_LOOP ( 'NONE', ( #5338, #1039, #2161, #120 ) ) ;
#547 = CARTESIAN_POINT ( 'NONE',  ( 9.894158132113068000, -11.57887325953805300, -2.500000000000000000 ) ) ;
#548 = CARTESIAN_POINT ( 'NONE',  ( -16.80598380949233600, 17.68583532566359300, -2.500000000000000000 ) ) ;
#549 = DIRECTION ( 'NONE',  ( 1.000000000000000000, 0.0000000000000000000, 0.0000000000000000000 ) ) ;
#550 = EDGE_CURVE ( 'NONE', #3921, #6154, #2073, .T. ) ;
#551 = ORIENTED_EDGE ( 'NONE', *, *, #3550, .F. ) ;
#552 = DIRECTION ( 'NONE',  ( -0.0000000000000000000, -0.0000000000000000000, -1.000000000000000000 ) ) ;
#553 = FACE_OUTER_BOUND ( 'NONE', #4671, .T. ) ;
#554 = LINE ( 'NONE', #3404, #4268 ) ;
#555 = CARTESIAN_POINT ( 'NONE',  ( -21.38826631739767600, -5.627175663125189700, 0.7500000000000000000 ) ) ;
#556 = CARTESIAN_POINT ( 'NONE',  ( 14.47020092941525800, 24.62232020021711400, -2.500000000000000000 ) ) ;
#557 = CARTESIAN_POINT ( 'NONE',  ( -20.77020092771723400, 13.71040011547356700, 2.500000000000000000 ) ) ;
#558 = DIRECTION ( 'NONE',  ( 0.0000000000000000000, 0.0000000000000000000, 1.000000000000000000 ) ) ;
#559 = VECTOR ( 'NONE', #1573, 1000.000000000000100 ) ;
#560 = AXIS2_PLACEMENT_3D ( 'NONE', #3234, #3150, #3133 ) ;
#561 = CARTESIAN_POINT ( 'NONE',  ( 14.33115129943800300, 21.97237097330118500, -2.500000000000000000 ) ) ;
#562 = ORIENTED_EDGE ( 'NONE', *, *, #5171, .F. ) ;
#563 = VECTOR ( 'NONE', #2572, 1000.000000000000000 ) ;
#564 = FACE_OUTER_BOUND ( 'NONE', #3859, .T. ) ;
#565 = LINE ( 'NONE', #1465, #4420 ) ;
#566 = CARTESIAN_POINT ( 'NONE',  ( -21.39999999942491700, -2.161487752421908000, 2.500000000000000000 ) ) ;
#567 = ORIENTED_EDGE ( 'NONE', *, *, #2551, .T. ) ;
#568 = PLANE ( 'NONE',  #3642 ) ;
#569 = LINE ( 'NONE', #3964, #4586 ) ;
#570 = CARTESIAN_POINT ( 'NONE',  ( -15.49999999999406200, -11.00364120398717200, -2.500000000000000000 ) ) ;
#571 = CARTESIAN_POINT ( 'NONE',  ( -21.19999999943866700, -0.1968120246770748100, -2.500000000000000000 ) ) ;
#572 = VECTOR ( 'NONE', #1752, 1000.000000000000200 ) ;
#573 = EDGE_CURVE ( 'NONE', #1319, #6396, #5023, .T. ) ;
#574 = ORIENTED_EDGE ( 'NONE', *, *, #4750, .F. ) ;
#575 = ORIENTED_EDGE ( 'NONE', *, *, #586, .T. ) ;
#576 = DIRECTION ( 'NONE',  ( -0.0000000000000000000, 1.000000000000000000, -0.0000000000000000000 ) ) ;
#577 = EDGE_LOOP ( 'NONE', ( #1068, #4567, #4654, #1269 ) ) ;
#578 = EDGE_CURVE ( 'NONE', #111, #3852, #5828, .T. ) ;
#579 = DIRECTION ( 'NONE',  ( -1.000000000000000000, 0.0000000000000000000, 0.0000000000000000000 ) ) ;
#580 = EDGE_LOOP ( 'NONE', ( #1530, #110, #2262, #5847, #4577, #2516, #512 ) ) ;
#581 = ORIENTED_EDGE ( 'NONE', *, *, #711, .T. ) ;
#582 = DIRECTION ( 'NONE',  ( -0.0000000000000000000, -0.0000000000000000000, -1.000000000000000000 ) ) ;
#583 = DIRECTION ( 'NONE',  ( -0.0000000000000000000, -0.0000000000000000000, 1.000000000000000000 ) ) ;
#584 = VECTOR ( 'NONE', #5603, 1000.000000000000100 ) ;
#585 = CARTESIAN_POINT ( 'NONE',  ( -11.74999999895837100, 4.355040764844140700, 16.34081488719823500 ) ) ;
#586 = EDGE_CURVE ( 'NONE', #1164, #321, #3290, .T. ) ;
#587 = ORIENTED_EDGE ( 'NONE', *, *, #4111, .T. ) ;
#588 = CARTESIAN_POINT ( 'NONE',  ( 3.400000002045663100, 24.99962553122773200, 2.500000000000000000 ) ) ;
#589 = ORIENTED_EDGE ( 'NONE', *, *, #1132, .T. ) ;
#590 = DIRECTION ( 'NONE',  ( -0.0000000000000000000, -0.0000000000000000000, -1.000000000000000000 ) ) ;
#591 = ORIENTED_EDGE ( 'NONE', *, *, #498, .F. ) ;
#592 = EDGE_CURVE ( 'NONE', #3099, #1731, #565, .T. ) ;
#593 = VERTEX_POINT ( 'NONE', #1294 ) ;
#594 = CARTESIAN_POINT ( 'NONE',  ( 14.36241927352164900, 23.80900350523104700, -2.500000000000000000 ) ) ;
#595 = CARTESIAN_POINT ( 'NONE',  ( -15.82874028459418600, 19.25796628576226900, 2.500000000000000000 ) ) ;
#596 = DIRECTION ( 'NONE',  ( -0.0000000000000000000, -0.0000000000000000000, -1.000000000000000000 ) ) ;
#597 = DIRECTION ( 'NONE',  ( 0.6560590293043437900, -0.7547095799499581300, 0.0000000000000000000 ) ) ;
#598 = FACE_OUTER_BOUND ( 'NONE', #3117, .T. ) ;
#599 = DIRECTION ( 'NONE',  ( -0.4999999999999741300, 0.8660254037844535800, -0.0000000000000000000 ) ) ;
#600 = CARTESIAN_POINT ( 'NONE',  ( -10.35797482499406300, -11.90364120424378800, -2.500000000000000000 ) ) ;
#601 = EDGE_LOOP ( 'NONE', ( #2508, #2670, #6323, #2897 ) ) ;
#602 = EDGE_CURVE ( 'NONE', #3623, #6280, #1757, .T. ) ;
#603 = CYLINDRICAL_SURFACE ( 'NONE', #1143, 0.2000000000000005100 ) ;
#604 = DIRECTION ( 'NONE',  ( 1.000000000000000000, 0.0000000000000000000, 0.0000000000000000000 ) ) ;
#605 = EDGE_CURVE ( 'NONE', #4523, #3079, #857, .T. ) ;
#606 = DIRECTION ( 'NONE',  ( -0.9816271833683269900, 0.1908089957846979500, 0.0000000000000000000 ) ) ;
#607 = CARTESIAN_POINT ( 'NONE',  ( 4.150000002045662700, 23.18800528677813900, -2.299999999999999400 ) ) ;
#608 = ORIENTED_EDGE ( 'NONE', *, *, #65, .F. ) ;
#609 = ORIENTED_EDGE ( 'NONE', *, *, #5373, .F. ) ;
#610 = AXIS2_PLACEMENT_3D ( 'NONE', #3424, #348, #3918 ) ;
#611 = DIRECTION ( 'NONE',  ( 1.000000000000000000, 0.0000000000000000000, 0.0000000000000000000 ) ) ;
#612 = ORIENTED_EDGE ( 'NONE', *, *, #3739, .T. ) ;
#613 = ORIENTED_EDGE ( 'NONE', *, *, #2168, .T. ) ;
#614 = CARTESIAN_POINT ( 'NONE',  ( -21.59317965509344400, -2.529745817546354700, -2.500000000000000000 ) ) ;
#615 = CARTESIAN_POINT ( 'NONE',  ( -16.80598380949233600, 17.68583532566359300, -2.500000000000000000 ) ) ;
#616 = DIRECTION ( 'NONE',  ( -1.000000000000000000, 0.0000000000000000000, 0.0000000000000000000 ) ) ;
#617 = CARTESIAN_POINT ( 'NONE',  ( 18.30357279464852000, 14.97143063812468000, 2.500000000000000000 ) ) ;
#618 = ORIENTED_EDGE ( 'NONE', *, *, #5782, .T. ) ;
#619 = ORIENTED_EDGE ( 'NONE', *, *, #1237, .T. ) ;
#620 = ORIENTED_EDGE ( 'NONE', *, *, #721, .T. ) ;
#621 = VECTOR ( 'NONE', #4265, 1000.000000000000200 ) ;
#622 = VECTOR ( 'NONE', #2121, 999.9999999999998900 ) ;
#623 = EDGE_CURVE ( 'NONE', #4933, #4684, #3130, .T. ) ;
#624 = DIRECTION ( 'NONE',  ( 0.8660254037844670200, -0.4999999999999509300, 0.0000000000000000000 ) ) ;
#625 = DIRECTION ( 'NONE',  ( 1.000000000000000000, 0.0000000000000000000, 0.0000000000000000000 ) ) ;
#626 = DIRECTION ( 'NONE',  ( -1.000000000000000000, 0.0000000000000000000, 0.0000000000000000000 ) ) ;
#627 = PLANE ( 'NONE',  #4086 ) ;
#628 = LINE ( 'NONE', #3690, #5740 ) ;
#629 = LINE ( 'NONE', #2829, #3190 ) ;
#630 = ORIENTED_EDGE ( 'NONE', *, *, #937, .F. ) ;
#631 = AXIS2_PLACEMENT_3D ( 'NONE', #6279, #3430, #359 ) ;
#632 = ORIENTED_EDGE ( 'NONE', *, *, #4677, .F. ) ;
#633 = VERTEX_POINT ( 'NONE', #1192 ) ;
#634 = FACE_OUTER_BOUND ( 'NONE', #3159, .T. ) ;
#635 = VECTOR ( 'NONE', #5454, 1000.000000000000000 ) ;
#636 = ORIENTED_EDGE ( 'NONE', *, *, #5765, .F. ) ;
#637 = DIRECTION ( 'NONE',  ( 0.0000000000000000000, 0.0000000000000000000, 1.000000000000000000 ) ) ;
#638 = ORIENTED_EDGE ( 'NONE', *, *, #4812, .T. ) ;
#639 = DIRECTION ( 'NONE',  ( -0.0000000000000000000, -0.0000000000000000000, -1.000000000000000000 ) ) ;
#640 = EDGE_CURVE ( 'NONE', #3657, #4639, #4283, .T. ) ;
#641 = CARTESIAN_POINT ( 'NONE',  ( 11.74999999895839400, 1.428256051881970700, -1.172439306139857300 ) ) ;
#642 = VECTOR ( 'NONE', #3539, 1000.000000000000000 ) ;
#643 = ORIENTED_EDGE ( 'NONE', *, *, #6027, .F. ) ;
#644 = CARTESIAN_POINT ( 'NONE',  ( 19.35742502281804500, 4.778234821548482900, 2.218184435118832500 ) ) ;
#645 = FACE_OUTER_BOUND ( 'NONE', #6040, .T. ) ;
#646 = LINE ( 'NONE', #4602, #4497 ) ;
#647 = CARTESIAN_POINT ( 'NONE',  ( -20.24999999895820900, 11.63392459979429300, -1.155781791775945000 ) ) ;
#648 = LINE ( 'NONE', #3942, #4658 ) ;
#649 = CARTESIAN_POINT ( 'NONE',  ( 14.50680346973448400, 24.75892274037454800, 2.500000000000000000 ) ) ;
#650 = DIRECTION ( 'NONE',  ( -0.0000000000000000000, -0.0000000000000000000, -1.000000000000000000 ) ) ;
#651 =( BOUNDED_CURVE ( )  B_SPLINE_CURVE ( 3, ( #3884, #316, #1333, #4839 ),
 .UNSPECIFIED., .F., .T. ) 
 B_SPLINE_CURVE_WITH_KNOTS ( ( 4, 4 ),
 ( 1.279461932422967900, 1.447097500656897800 ),
 .UNSPECIFIED. ) 
 CURVE ( )  GEOMETRIC_REPRESENTATION_ITEM ( )  RATIONAL_B_SPLINE_CURVE ( ( 1.000000000000000000, 0.9976595637158629500, 0.9976595637158629500, 1.000000000000000000 ) ) 
 REPRESENTATION_ITEM ( '' )  );
#652 = LINE ( 'NONE', #5081, #3213 ) ;
#653 = AXIS2_PLACEMENT_3D ( 'NONE', #4950, #2484, #5904 ) ;
#654 = DIRECTION ( 'NONE',  ( -0.0000000000000000000, -0.0000000000000000000, -1.000000000000000000 ) ) ;
#655 = LINE ( 'NONE', #3106, #4666 ) ;
#656 = LINE ( 'NONE', #3587, #5626 ) ;
#657 = EDGE_LOOP ( 'NONE', ( #5380, #2985, #2920, #5613 ) ) ;
#658 = EDGE_LOOP ( 'NONE', ( #4143, #4066, #2669, #4760 ) ) ;
#659 = CARTESIAN_POINT ( 'NONE',  ( -14.42020092949615200, 24.70892274045544600, 2.500000000000000000 ) ) ;
#660 = VECTOR ( 'NONE', #2445, 1000.000000000000000 ) ;
#661 = DIRECTION ( 'NONE',  ( -0.0000000000000000000, -0.0000000000000000000, -1.000000000000000000 ) ) ;
#662 = DIRECTION ( 'NONE',  ( 0.0000000000000000000, 0.0000000000000000000, 1.000000000000000000 ) ) ;
#663 = ORIENTED_EDGE ( 'NONE', *, *, #4808, .T. ) ;
#664 = VECTOR ( 'NONE', #2559, 1000.000000000000000 ) ;
#665 = EDGE_CURVE ( 'NONE', #2019, #3373, #2937, .T. ) ;
#666 = ADVANCED_FACE ( 'NONE', ( #4133 ), #1066, .F. ) ;
#667 = ORIENTED_EDGE ( 'NONE', *, *, #5787, .F. ) ;
#668 = CARTESIAN_POINT ( 'NONE',  ( -18.92827819273239200, 13.88940914888079800, -2.500000000000000000 ) ) ;
#669 = AXIS2_PLACEMENT_3D ( 'NONE', #3080, #530, #4079 ) ;
#670 = EDGE_CURVE ( 'NONE', #3800, #6165, #1595, .T. ) ;
#671 = ORIENTED_EDGE ( 'NONE', *, *, #1253, .F. ) ;
#672 = DIRECTION ( 'NONE',  ( 0.0000000000000000000, 0.0000000000000000000, 1.000000000000000000 ) ) ;
#673 = VERTEX_POINT ( 'NONE', #911 ) ;
#674 = DIRECTION ( 'NONE',  ( 0.3420201433408081600, 0.9396926207803980600, 0.0000000000000000000 ) ) ;
#675 = VERTEX_POINT ( 'NONE', #936 ) ;
#676 = LINE ( 'NONE', #5932, #2183 ) ;
#677 = DIRECTION ( 'NONE',  ( -1.000000000000000000, 0.0000000000000000000, 0.0000000000000000000 ) ) ;
#678 = EDGE_CURVE ( 'NONE', #6247, #3179, #5239, .T. ) ;
#679 = CARTESIAN_POINT ( 'NONE',  ( -7.650000000000008300, 14.99962553122773200, 2.000000000000004000 ) ) ;
#680 = EDGE_LOOP ( 'NONE', ( #1919, #4217 ) ) ;
#681 = CARTESIAN_POINT ( 'NONE',  ( 14.42020092949615200, 24.70892274045544600, -2.500000000000000000 ) ) ;
#682 = DIRECTION ( 'NONE',  ( -0.0000000000000000000, 1.000000000000000000, -0.0000000000000000000 ) ) ;
#683 = ORIENTED_EDGE ( 'NONE', *, *, #3163, .T. ) ;
#684 = DIRECTION ( 'NONE',  ( -1.000000000000000000, 0.0000000000000000000, 0.0000000000000000000 ) ) ;
#685 = ORIENTED_EDGE ( 'NONE', *, *, #1046, .T. ) ;
#686 = CARTESIAN_POINT ( 'NONE',  ( 19.43499448267302300, 8.803016345548146000, -1.752061897691610900 ) ) ;
#687 = AXIS2_PLACEMENT_3D ( 'NONE', #2712, #2588, #2506 ) ;
#688 = VERTEX_POINT ( 'NONE', #859 ) ;
#689 = AXIS2_PLACEMENT_3D ( 'NONE', #2318, #4818, #286 ) ;
#690 = ORIENTED_EDGE ( 'NONE', *, *, #2542, .T. ) ;
#691 = ADVANCED_FACE ( 'NONE', ( #77 ), #890, .F. ) ;
#692 = CARTESIAN_POINT ( 'NONE',  ( 18.20540227523570200, -14.95874432905403000, 2.500000000000000000 ) ) ;
#693 = VERTEX_POINT ( 'NONE', #811 ) ;
#694 = CARTESIAN_POINT ( 'NONE',  ( 3.150000002174445000, 17.40392322600979800, 2.500000000000000000 ) ) ;
#695 = DIRECTION ( 'NONE',  ( 0.0000000000000000000, 0.0000000000000000000, 1.000000000000000000 ) ) ;
#696 = VECTOR ( 'NONE', #4080, 1000.000000000000000 ) ;
#697 = CYLINDRICAL_SURFACE ( 'NONE', #3772, 0.2999999996985205900 ) ;
#698 = CARTESIAN_POINT ( 'NONE',  ( -19.36700958265328900, 4.728933736095456200, 2.213000833523103500 ) ) ;
#699 = DIRECTION ( 'NONE',  ( -1.000000000000000000, -0.0000000000000000000, -0.0000000000000000000 ) ) ;
#700 = VECTOR ( 'NONE', #4134, 1000.000000000000100 ) ;
#701 = EDGE_CURVE ( 'NONE', #5839, #3303, #1412, .T. ) ;
#702 = VECTOR ( 'NONE', #5129, 1000.000000000000000 ) ;
#703 = EDGE_LOOP ( 'NONE', ( #1213, #4641, #5040, #206 ) ) ;
#704 = DIRECTION ( 'NONE',  ( -0.0000000000000000000, 1.000000000000000000, -0.0000000000000000000 ) ) ;
#705 = DIRECTION ( 'NONE',  ( 7.283486810990422900E-015, -1.000000000000000000, 0.0000000000000000000 ) ) ;
#706 = ORIENTED_EDGE ( 'NONE', *, *, #4271, .T. ) ;
#707 = LINE ( 'NONE', #2166, #1007 ) ;
#708 = AXIS2_PLACEMENT_3D ( 'NONE', #1660, #3214, #4664 ) ;
#709 = VECTOR ( 'NONE', #3874, 1000.000000000000000 ) ;
#710 = EDGE_CURVE ( 'NONE', #2734, #1930, #2633, .T. ) ;
#711 = EDGE_CURVE ( 'NONE', #1082, #4923, #2781, .T. ) ;
#712 = CIRCLE ( 'NONE', #4983, 0.5326494769548433300 ) ;
#713 = DIRECTION ( 'NONE',  ( -0.0000000000000000000, -0.0000000000000000000, -1.000000000000000000 ) ) ;
#714 = EDGE_CURVE ( 'NONE', #3256, #3723, #6331, .T. ) ;
#715 = DIRECTION ( 'NONE',  ( -0.0000000000000000000, 0.0000000000000000000, 1.000000000000000000 ) ) ;
#716 = DIRECTION ( 'NONE',  ( 0.0000000000000000000, 0.0000000000000000000, 1.000000000000000000 ) ) ;
#717 = VECTOR ( 'NONE', #2544, 1000.000000000000000 ) ;
#718 = CARTESIAN_POINT ( 'NONE',  ( -20.95980762013418500, 13.58199169042875300, -2.500000000000000000 ) ) ;
#719 = LINE ( 'NONE', #5343, #5827 ) ;
#720 = VECTOR ( 'NONE', #1623, 1000.000000000000000 ) ;
#721 = EDGE_CURVE ( 'NONE', #2116, #757, #5101, .T. ) ;
#722 = CARTESIAN_POINT ( 'NONE',  ( 15.70564659430954400, -13.63572638207688900, 2.500000000000000000 ) ) ;
#723 = ADVANCED_FACE ( 'NONE', ( #3825 ), #2306, .T. ) ;
#724 = ORIENTED_EDGE ( 'NONE', *, *, #5936, .F. ) ;
#725 = LINE ( 'NONE', #5372, #3293 ) ;
#726 = AXIS2_PLACEMENT_3D ( 'NONE', #4300, #2288, #5724 ) ;
#727 = CARTESIAN_POINT ( 'NONE',  ( -19.22293838517222000, 7.417309972571327800, -1.875293993794435300 ) ) ;
#728 = DIRECTION ( 'NONE',  ( -0.0000000000000000000, -0.0000000000000000000, -1.000000000000000000 ) ) ;
#729 = CIRCLE ( 'NONE', #1340, 0.1982033569999965000 ) ;
#730 = ORIENTED_EDGE ( 'NONE', *, *, #3196, .T. ) ;
#731 = ORIENTED_EDGE ( 'NONE', *, *, #121, .F. ) ;
#732 = VERTEX_POINT ( 'NONE', #534 ) ;
#733 = ORIENTED_EDGE ( 'NONE', *, *, #3448, .T. ) ;
#734 = ORIENTED_EDGE ( 'NONE', *, *, #4112, .T. ) ;
#735 = VECTOR ( 'NONE', #104, 1000.000000000000000 ) ;
#736 = VERTEX_POINT ( 'NONE', #351 ) ;
#737 = DIRECTION ( 'NONE',  ( 1.000000000000000000, 0.0000000000000000000, 0.0000000000000000000 ) ) ;
#738 = CARTESIAN_POINT ( 'NONE',  ( -21.58410135576258100, -2.666971610699351300, 0.7500000000000000000 ) ) ;
#739 = ORIENTED_EDGE ( 'NONE', *, *, #1592, .F. ) ;
#740 = CARTESIAN_POINT ( 'NONE',  ( -21.19999999943866700, -0.1968120246770748100, 2.500000000000000000 ) ) ;
#741 = CARTESIAN_POINT ( 'NONE',  ( 16.65176380926822800, -12.10413048742109900, 2.500000000000000000 ) ) ;
#742 = ORIENTED_EDGE ( 'NONE', *, *, #1330, .F. ) ;
#743 = CARTESIAN_POINT ( 'NONE',  ( -17.20000000210718100, -12.00364120103817500, 2.500000000000000000 ) ) ;
#744 = ORIENTED_EDGE ( 'NONE', *, *, #2752, .F. ) ;
#745 = VECTOR ( 'NONE', #2426, 1000.000000000000000 ) ;
#746 = DIRECTION ( 'NONE',  ( -0.9999192818693876100, 0.01270550061225474500, 0.0000000000000000000 ) ) ;
#747 = CARTESIAN_POINT ( 'NONE',  ( 20.49999999927367600, 12.48269861298670900, -2.500000000000000000 ) ) ;
#748 = VERTEX_POINT ( 'NONE', #374 ) ;
#749 = VECTOR ( 'NONE', #1529, 1000.000000000000000 ) ;
#750 = ORIENTED_EDGE ( 'NONE', *, *, #6093, .F. ) ;
#751 = ADVANCED_FACE ( 'NONE', ( #3677 ), #360, .F. ) ;
#752 = EDGE_CURVE ( 'NONE', #1930, #4756, #1098, .T. ) ;
#753 = ORIENTED_EDGE ( 'NONE', *, *, #3984, .F. ) ;
#754 = CARTESIAN_POINT ( 'NONE',  ( -15.49999999999406200, -11.00364120398717200, 2.500000000000000000 ) ) ;
#755 = AXIS2_PLACEMENT_3D ( 'NONE', #6145, #2257, #5695 ) ;
#756 = CARTESIAN_POINT ( 'NONE',  ( 13.70644590135413000, 23.05439246254506000, 2.500000000000000000 ) ) ;
#757 = VERTEX_POINT ( 'NONE', #193 ) ;
#758 = DIRECTION ( 'NONE',  ( -0.0000000000000000000, -0.0000000000000000000, -1.000000000000000000 ) ) ;
#759 = ORIENTED_EDGE ( 'NONE', *, *, #3236, .F. ) ;
#760 = CARTESIAN_POINT ( 'NONE',  ( 3.400000002045663100, 23.46300528677814200, -2.300000000000000300 ) ) ;
#761 = CARTESIAN_POINT ( 'NONE',  ( -19.49959095023150700, -12.57044518914671200, -2.500000000000000000 ) ) ;
#762 = ORIENTED_EDGE ( 'NONE', *, *, #5263, .F. ) ;
#763 = DIRECTION ( 'NONE',  ( 0.0000000000000000000, 0.0000000000000000000, 1.000000000000000000 ) ) ;
#764 = VERTEX_POINT ( 'NONE', #188 ) ;
#765 = FACE_OUTER_BOUND ( 'NONE', #3225, .T. ) ;
#766 = FACE_OUTER_BOUND ( 'NONE', #3923, .T. ) ;
#767 = AXIS2_PLACEMENT_3D ( 'NONE', #2038, #5486, #2557 ) ;
#768 = VECTOR ( 'NONE', #2808, 999.9999999999998900 ) ;
#769 = ORIENTED_EDGE ( 'NONE', *, *, #2706, .F. ) ;
#770 = ORIENTED_EDGE ( 'NONE', *, *, #4232, .F. ) ;
#771 = ORIENTED_EDGE ( 'NONE', *, *, #5320, .T. ) ;
#772 = EDGE_CURVE ( 'NONE', #778, #1980, #939, .T. ) ;
#773 = LINE ( 'NONE', #5771, #463 ) ;
#774 = DIRECTION ( 'NONE',  ( 0.0000000000000000000, 1.000000000000000000, -0.0000000000000000000 ) ) ;
#775 = VECTOR ( 'NONE', #1487, 1000.000000000000200 ) ;
#776 = EDGE_CURVE ( 'NONE', #38, #2598, #4943, .T. ) ;
#777 = CARTESIAN_POINT ( 'NONE',  ( 0.0000000000000000000, 0.0000000000000000000, -2.299999999999999400 ) ) ;
#778 = VERTEX_POINT ( 'NONE', #79 ) ;
#779 = DIRECTION ( 'NONE',  ( -0.0000000000000000000, -0.0000000000000000000, -1.000000000000000000 ) ) ;
#780 = VECTOR ( 'NONE', #3022, 1000.000000000000200 ) ;
#781 = ORIENTED_EDGE ( 'NONE', *, *, #2354, .F. ) ;
#782 = ADVANCED_FACE ( 'NONE', ( #2155 ), #55, .F. ) ;
#783 = FACE_OUTER_BOUND ( 'NONE', #2797, .T. ) ;
#784 = DIRECTION ( 'NONE',  ( -0.0000000000000000000, -0.0000000000000000000, -1.000000000000000000 ) ) ;
#785 = LINE ( 'NONE', #1084, #3363 ) ;
#786 = FACE_OUTER_BOUND ( 'NONE', #4373, .T. ) ;
#787 = EDGE_CURVE ( 'NONE', #4177, #5953, #5907, .T. ) ;
#788 = LINE ( 'NONE', #1069, #1997 ) ;
#789 = CARTESIAN_POINT ( 'NONE',  ( -16.86241927253320600, 19.47887648802062800, -2.500000000000000000 ) ) ;
#790 = CYLINDRICAL_SURFACE ( 'NONE', #5990, 0.4999999996847734300 ) ;
#791 = EDGE_CURVE ( 'NONE', #5749, #5216, #4791, .T. ) ;
#792 = ADVANCED_FACE ( 'NONE', ( #786 ), #4828, .T. ) ;
#793 = VERTEX_POINT ( 'NONE', #1505 ) ;
#794 = VERTEX_POINT ( 'NONE', #5001 ) ;
#795 = EDGE_CURVE ( 'NONE', #5854, #4923, #5760, .T. ) ;
#796 = DIRECTION ( 'NONE',  ( 0.4999999999999766300, -0.8660254037844520300, 0.0000000000000000000 ) ) ;
#797 = CIRCLE ( 'NONE', #6329, 18.23354649640247500 ) ;
#798 = CARTESIAN_POINT ( 'NONE',  ( -20.24999999895820600, 11.63392459979429300, 1.565301008999729700 ) ) ;
#799 = AXIS2_PLACEMENT_3D ( 'NONE', #3627, #6001, #45 ) ;
#800 = CARTESIAN_POINT ( 'NONE',  ( -4.150000002045662700, 22.48800528677813300, -2.299999999999999400 ) ) ;
#801 = DIRECTION ( 'NONE',  ( -0.0000000000000000000, -0.0000000000000000000, -1.000000000000000000 ) ) ;
#802 = SURFACE_SIDE_STYLE ('',( #5140 ) ) ;
#803 = CARTESIAN_POINT ( 'NONE',  ( -3.400000002045663100, 24.99962553122773200, 2.500000000000000000 ) ) ;
#804 = EDGE_LOOP ( 'NONE', ( #3126, #609, #976, #2251 ) ) ;
#805 = ORIENTED_EDGE ( 'NONE', *, *, #4105, .T. ) ;
#806 = LINE ( 'NONE', #4055, #2171 ) ;
#807 = VERTEX_POINT ( 'NONE', #6413 ) ;
#808 = ORIENTED_EDGE ( 'NONE', *, *, #2488, .T. ) ;
#809 = VERTEX_POINT ( 'NONE', #3066 ) ;
#810 = ORIENTED_EDGE ( 'NONE', *, *, #3946, .T. ) ;
#811 = CARTESIAN_POINT ( 'NONE',  ( 20.24999999895830500, 1.428256051882033500, -1.172439306139857300 ) ) ;
#812 = CARTESIAN_POINT ( 'NONE',  ( -20.69999999925993400, 13.43199169057949400, 2.500000000000000000 ) ) ;
#813 = ADVANCED_FACE ( 'NONE', ( #5398 ), #2537, .F. ) ;
#814 = EDGE_LOOP ( 'NONE', ( #967, #914, #1902, #42 ) ) ;
#815 = EDGE_CURVE ( 'NONE', #4177, #3847, #94, .T. ) ;
#816 = CIRCLE ( 'NONE', #6418, 0.2999999996985205900 ) ;
#817 = ORIENTED_EDGE ( 'NONE', *, *, #5457, .F. ) ;
#818 = DIRECTION ( 'NONE',  ( 0.8660254037844420400, 0.4999999999999941200, -0.0000000000000000000 ) ) ;
#819 = AXIS2_PLACEMENT_3D ( 'NONE', #557, #5528, #1554 ) ;
#820 = DIRECTION ( 'NONE',  ( -0.0000000000000000000, -0.0000000000000000000, -1.000000000000000000 ) ) ;
#821 = EDGE_CURVE ( 'NONE', #882, #1307, #3989, .T. ) ;
#822 = ORIENTED_EDGE ( 'NONE', *, *, #8, .F. ) ;
#823 = CARTESIAN_POINT ( 'NONE',  ( -16.50000000185057300, -12.00364120103817500, 2.500000000000000000 ) ) ;
#824 = EDGE_CURVE ( 'NONE', #3646, #4628, #1432, .T. ) ;
#825 = ADVANCED_FACE ( 'NONE', ( #5256 ), #4088, .F. ) ;
#826 = ORIENTED_EDGE ( 'NONE', *, *, #4597, .F. ) ;
#827 = EDGE_CURVE ( 'NONE', #5794, #4805, #3842, .T. ) ;
#828 = CARTESIAN_POINT ( 'NONE',  ( -10.35797482499406300, -11.90364120424378800, 2.500000000000000000 ) ) ;
#829 = ORIENTED_EDGE ( 'NONE', *, *, #5445, .T. ) ;
#830 = ORIENTED_EDGE ( 'NONE', *, *, #908, .T. ) ;
#831 = DIRECTION ( 'NONE',  ( -0.4999999999996762000, 0.8660254037846256700, -0.0000000000000000000 ) ) ;
#832 = DIRECTION ( 'NONE',  ( -1.000000000000000000, 0.0000000000000000000, 0.0000000000000000000 ) ) ;
#833 = FACE_OUTER_BOUND ( 'NONE', #4975, .T. ) ;
#834 = DIRECTION ( 'NONE',  ( -0.2588190459156119400, -0.9659258260712012500, 0.0000000000000000000 ) ) ;
#835 = DIRECTION ( 'NONE',  ( -0.0000000000000000000, -0.0000000000000000000, -1.000000000000000000 ) ) ;
#836 = ADVANCED_FACE ( 'NONE', ( #1118 ), #5047, .F. ) ;
#837 = CARTESIAN_POINT ( 'NONE',  ( 15.20403488651030700, 20.33998777500599400, 2.500000000000000000 ) ) ;
#838 = VECTOR ( 'NONE', #921, 1000.000000000000100 ) ;
#839 = LINE ( 'NONE', #3691, #702 ) ;
#840 = ADVANCED_FACE ( 'NONE', ( #2486 ), #5422, .F. ) ;
#841 = EDGE_LOOP ( 'NONE', ( #3858, #3619, #3495, #2347 ) ) ;
#842 = ORIENTED_EDGE ( 'NONE', *, *, #5506, .T. ) ;
#843 = ORIENTED_EDGE ( 'NONE', *, *, #1746, .T. ) ;
#844 = VECTOR ( 'NONE', #4640, 1000.000000000000000 ) ;
#845 = DIRECTION ( 'NONE',  ( 0.5000000000001487700, -0.8660254037843527800, 0.0000000000000000000 ) ) ;
#846 = VECTOR ( 'NONE', #1302, 1000.000000000000000 ) ;
#847 = EDGE_CURVE ( 'NONE', #3703, #4968, #6204, .T. ) ;
#848 = ADVANCED_FACE ( 'NONE', ( #961 ), #4807, .F. ) ;
#849 = FACE_BOUND ( 'NONE', #6346, .T. ) ;
#850 = AXIS2_PLACEMENT_3D ( 'NONE', #566, #4113, #1062 ) ;
#851 = CARTESIAN_POINT ( 'NONE',  ( -20.73817910963255100, -15.47136618964875700, -2.299999999999999400 ) ) ;
#852 = LINE ( 'NONE', #3557, #5980 ) ;
#853 = DIRECTION ( 'NONE',  ( -0.9816271833683279900, 0.1908089957846929300, 0.0000000000000000000 ) ) ;
#854 = DIRECTION ( 'NONE',  ( -0.0000000000000000000, -0.0000000000000000000, -1.000000000000000000 ) ) ;
#855 = DIRECTION ( 'NONE',  ( -0.0000000000000000000, -0.0000000000000000000, -1.000000000000000000 ) ) ;
#856 = CIRCLE ( 'NONE', #6162, 9.999999997365286200 ) ;
#857 = LINE ( 'NONE', #1414, #5687 ) ;
#858 = DIRECTION ( 'NONE',  ( -1.000000000000000000, 0.0000000000000000000, 0.0000000000000000000 ) ) ;
#859 = CARTESIAN_POINT ( 'NONE',  ( 19.19999999805115100, 6.603923229867603200, 2.500000000000000000 ) ) ;
#860 = DIRECTION ( 'NONE',  ( -0.9659258260712011400, 0.2588190459156118300, -0.0000000000000000000 ) ) ;
#861 = ORIENTED_EDGE ( 'NONE', *, *, #4339, .T. ) ;
#862 = CARTESIAN_POINT ( 'NONE',  ( -15.31265031846410100, 22.16315505646136000, 2.500000000000000000 ) ) ;
#863 = VECTOR ( 'NONE', #5212, 1000.000000000000000 ) ;
#864 = CARTESIAN_POINT ( 'NONE',  ( 15.70564659430954000, -14.03538993896371800, 2.500000000000000000 ) ) ;
#865 = LINE ( 'NONE', #2686, #3438 ) ;
#866 = EDGE_CURVE ( 'NONE', #3912, #4101, #6070, .T. ) ;
#867 = ORIENTED_EDGE ( 'NONE', *, *, #5245, .T. ) ;
#868 = VERTEX_POINT ( 'NONE', #978 ) ;
#869 = ORIENTED_EDGE ( 'NONE', *, *, #8, .T. ) ;
#870 = VECTOR ( 'NONE', #4612, 1000.000000000000000 ) ;
#871 = EDGE_LOOP ( 'NONE', ( #4121, #297, #1842, #733 ) ) ;
#872 = ADVANCED_FACE ( 'NONE', ( #3532 ), #3033, .F. ) ;
#873 = VERTEX_POINT ( 'NONE', #4516 ) ;
#874 = VERTEX_POINT ( 'NONE', #5464 ) ;
#875 = DIRECTION ( 'NONE',  ( 0.8660254037780924500, 0.5000000000109917600, 0.0000000000000000000 ) ) ;
#876 = AXIS2_PLACEMENT_3D ( 'NONE', #1460, #3535, #3019 ) ;
#877 = DIRECTION ( 'NONE',  ( 0.8660254037844533600, -0.4999999999999744100, 0.0000000000000000000 ) ) ;
#878 = DIRECTION ( 'NONE',  ( -1.000000000000000000, 0.0000000000000000000, 0.0000000000000000000 ) ) ;
#879 = CARTESIAN_POINT ( 'NONE',  ( -3.150000002174445000, 17.40392322600979800, 2.500000000000000000 ) ) ;
#880 = ORIENTED_EDGE ( 'NONE', *, *, #6259, .F. ) ;
#881 = DIRECTION ( 'NONE',  ( -0.0000000000000000000, -0.0000000000000000000, -1.000000000000000000 ) ) ;
#882 = VERTEX_POINT ( 'NONE', #5950 ) ;
#883 = AXIS2_PLACEMENT_3D ( 'NONE', #6312, #3961, #904 ) ;
#884 = CARTESIAN_POINT ( 'NONE',  ( 17.43068920757620800, 16.60381383641971500, 2.500000000000000000 ) ) ;
#885 = FACE_OUTER_BOUND ( 'NONE', #6141, .T. ) ;
#886 = VERTEX_POINT ( 'NONE', #3056 ) ;
#887 = CARTESIAN_POINT ( 'NONE',  ( -19.23986165434171600, -16.50401566570125000, -2.500000000000000000 ) ) ;
#888 = CARTESIAN_POINT ( 'NONE',  ( -11.74999999895837100, 4.355040764844140700, 2.164871000852651900 ) ) ;
#889 = EDGE_CURVE ( 'NONE', #5854, #3461, #3698, .T. ) ;
#890 = PLANE ( 'NONE',  #2139 ) ;
#891 = VECTOR ( 'NONE', #2974, 1000.000000000000000 ) ;
#892 = ORIENTED_EDGE ( 'NONE', *, *, #4948, .F. ) ;
#893 = EDGE_CURVE ( 'NONE', #793, #3751, #806, .T. ) ;
#894 = PLANE ( 'NONE',  #6106 ) ;
#895 = EDGE_LOOP ( 'NONE', ( #6071, #3840, #3409, #830 ) ) ;
#896 = DIRECTION ( 'NONE',  ( -0.4999999999999741300, 0.8660254037844535800, -0.0000000000000000000 ) ) ;
#897 = ORIENTED_EDGE ( 'NONE', *, *, #3896, .F. ) ;
#898 = DIRECTION ( 'NONE',  ( -7.325711850767406400E-015, -1.000000000000000000, 0.0000000000000000000 ) ) ;
#899 = DIRECTION ( 'NONE',  ( -0.0000000000000000000, 0.0000000000000000000, 1.000000000000000000 ) ) ;
#900 = DIRECTION ( 'NONE',  ( -0.0000000000000000000, -0.0000000000000000000, -1.000000000000000000 ) ) ;
#901 = CARTESIAN_POINT ( 'NONE',  ( -22.25668631384427300, -12.20406033727681300, -2.500000000000000000 ) ) ;
#902 = EDGE_CURVE ( 'NONE', #1720, #5609, #5927, .T. ) ;
#903 = CARTESIAN_POINT ( 'NONE',  ( -16.50000000185057300, -11.70364120133965200, 2.500000000000000000 ) ) ;
#904 = DIRECTION ( 'NONE',  ( 0.4999999999999823500, 0.8660254037844488100, 0.0000000000000000000 ) ) ;
#905 = ADVANCED_FACE ( 'NONE', ( #5778 ), #2039, .F. ) ;
#906 = CARTESIAN_POINT ( 'NONE',  ( 14.50680346973448400, 24.75892274037454800, 2.500000000000000000 ) ) ;
#907 = ORIENTED_EDGE ( 'NONE', *, *, #2072, .F. ) ;
#908 = EDGE_CURVE ( 'NONE', #5246, #2013, #2326, .T. ) ;
#909 = DIRECTION ( 'NONE',  ( -1.000000000000000000, 0.0000000000000000000, 0.0000000000000000000 ) ) ;
#910 = CARTESIAN_POINT ( 'NONE',  ( -21.38826631739767600, -5.627175663125189700, 2.500000000000000000 ) ) ;
#911 = CARTESIAN_POINT ( 'NONE',  ( -18.35575276356144100, 15.00155675722285900, 2.500000000000000000 ) ) ;
#912 = VECTOR ( 'NONE', #5174, 1000.000000000000000 ) ;
#913 = VECTOR ( 'NONE', #6020, 1000.000000000000100 ) ;
#914 = ORIENTED_EDGE ( 'NONE', *, *, #1105, .F. ) ;
#915 = EDGE_CURVE ( 'NONE', #4981, #2338, #3381, .T. ) ;
#916 = ORIENTED_EDGE ( 'NONE', *, *, #3014, .T. ) ;
#917 = CARTESIAN_POINT ( 'NONE',  ( 10.35797482500586300, -11.90364120424349400, 2.500000000000000000 ) ) ;
#918 = VECTOR ( 'NONE', #253, 1000.000000000000000 ) ;
#919 = AXIS2_PLACEMENT_3D ( 'NONE', #5733, #271, #3838 ) ;
#920 = ORIENTED_EDGE ( 'NONE', *, *, #466, .T. ) ;
#921 = DIRECTION ( 'NONE',  ( -0.8660254037844669100, 0.4999999999999509300, 0.0000000000000000000 ) ) ;
#922 = ORIENTED_EDGE ( 'NONE', *, *, #5367, .F. ) ;
#923 = DIRECTION ( 'NONE',  ( -1.000000000000000000, 7.309538116125158200E-015, 0.0000000000000000000 ) ) ;
#924 = AXIS2_PLACEMENT_3D ( 'NONE', #6304, #4893, #3465 ) ;
#925 = VECTOR ( 'NONE', #3834, 1000.000000000000000 ) ;
#926 = PLANE ( 'NONE',  #3994 ) ;
#927 = LINE ( 'NONE', #3537, #635 ) ;
#928 = DIRECTION ( 'NONE',  ( 1.000000000000000000, 0.0000000000000000000, 0.0000000000000000000 ) ) ;
#929 = DIRECTION ( 'NONE',  ( -0.0000000000000000000, -0.0000000000000000000, 1.000000000000000000 ) ) ;
#930 = CARTESIAN_POINT ( 'NONE',  ( -16.50000000185057300, -12.00364120103817500, 2.500000000000000000 ) ) ;
#931 = ORIENTED_EDGE ( 'NONE', *, *, #1654, .F. ) ;
#932 = LINE ( 'NONE', #478, #642 ) ;
#933 = FACE_OUTER_BOUND ( 'NONE', #4436, .T. ) ;
#934 = CARTESIAN_POINT ( 'NONE',  ( -19.49959095023150700, -12.57044518914671200, 2.500000000000000000 ) ) ;
#935 = CARTESIAN_POINT ( 'NONE',  ( 7.649999999999990600, 24.99962553122773200, 1.999999999999998700 ) ) ;
#936 = CARTESIAN_POINT ( 'NONE',  ( -19.49959095023151100, -7.601762011296005800, 2.500000000000000000 ) ) ;
#937 = EDGE_CURVE ( 'NONE', #5915, #5246, #3226, .T. ) ;
#938 = LINE ( 'NONE', #24, #6052 ) ;
#939 = LINE ( 'NONE', #201, #6053 ) ;
#940 = CARTESIAN_POINT ( 'NONE',  ( 15.31265031846410100, 22.16315505646136000, -2.500000000000000000 ) ) ;
#941 = LINE ( 'NONE', #5036, #6193 ) ;
#942 = ADVANCED_FACE ( 'NONE', ( #497 ), #5986, .F. ) ;
#943 = AXIS2_PLACEMENT_3D ( 'NONE', #4884, #1899, #5349 ) ;
#944 = VECTOR ( 'NONE', #3501, 999.9999999999998900 ) ;
#945 = CARTESIAN_POINT ( 'NONE',  ( -17.10000000081374000, -10.95060435621951600, 2.500000000000000000 ) ) ;
#946 = DIRECTION ( 'NONE',  ( 0.7547095799499564700, 0.6560590293043456800, -0.0000000000000000000 ) ) ;
#947 = DIRECTION ( 'NONE',  ( 1.445602896647335600E-015, 1.000000000000000000, 0.0000000000000000000 ) ) ;
#948 = ORIENTED_EDGE ( 'NONE', *, *, #2635, .T. ) ;
#949 = DIRECTION ( 'NONE',  ( 0.0000000000000000000, 0.0000000000000000000, 1.000000000000000000 ) ) ;
#950 = ORIENTED_EDGE ( 'NONE', *, *, #2330, .T. ) ;
#951 = CARTESIAN_POINT ( 'NONE',  ( 14.33115129943800300, 21.97237097330118500, 2.500000000000000000 ) ) ;
#952 = CYLINDRICAL_SURFACE ( 'NONE', #4443, 0.09999999983820173600 ) ;
#953 = CARTESIAN_POINT ( 'NONE',  ( 15.91218822759062800, 21.12472493679034700, 2.500000000000000000 ) ) ;
#954 = EDGE_CURVE ( 'NONE', #4684, #3863, #4518, .T. ) ;
#955 = DIRECTION ( 'NONE',  ( -0.0000000000000000000, -0.0000000000000000000, -1.000000000000000000 ) ) ;
#956 = DIRECTION ( 'NONE',  ( -1.000000000000000000, 0.0000000000000000000, 0.0000000000000000000 ) ) ;
#957 = ORIENTED_EDGE ( 'NONE', *, *, #1833, .F. ) ;
#958 = CARTESIAN_POINT ( 'NONE',  ( -15.29999999999405900, -11.70364120424378600, 2.500000000000000000 ) ) ;
#959 = ORIENTED_EDGE ( 'NONE', *, *, #4023, .F. ) ;
#960 = DIRECTION ( 'NONE',  ( 0.4999999999999752400, 0.8660254037844529200, 0.0000000000000000000 ) ) ;
#961 = FACE_OUTER_BOUND ( 'NONE', #2756, .T. ) ;
#962 = ORIENTED_EDGE ( 'NONE', *, *, #2751, .T. ) ;
#963 = EDGE_LOOP ( 'NONE', ( #2229, #1968, #2365, #2535 ) ) ;
#964 = DIRECTION ( 'NONE',  ( 1.000000000000000000, 0.0000000000000000000, 0.0000000000000000000 ) ) ;
#965 = ORIENTED_EDGE ( 'NONE', *, *, #5770, .T. ) ;
#966 = VERTEX_POINT ( 'NONE', #4104 ) ;
#967 = ORIENTED_EDGE ( 'NONE', *, *, #6341, .T. ) ;
#968 = CARTESIAN_POINT ( 'NONE',  ( -14.33115129943800300, 21.97237097330118500, -2.500000000000000000 ) ) ;
#969 = DIRECTION ( 'NONE',  ( -1.000000000000000000, 0.0000000000000000000, 0.0000000000000000000 ) ) ;
#970 = DIRECTION ( 'NONE',  ( 0.8660254037844551400, 0.4999999999999713000, -0.0000000000000000000 ) ) ;
#971 = LINE ( 'NONE', #3480, #6083 ) ;
#972 = CARTESIAN_POINT ( 'NONE',  ( 3.150000002174445400, 21.35528796400980800, -2.500000000000000000 ) ) ;
#973 = DIRECTION ( 'NONE',  ( 1.000000000000000000, 0.0000000000000000000, 0.0000000000000000000 ) ) ;
#974 = ORIENTED_EDGE ( 'NONE', *, *, #5180, .T. ) ;
#975 = PRODUCT_DEFINITION_CONTEXT ( 'detailed design', #3390, 'design' ) ;
#976 = ORIENTED_EDGE ( 'NONE', *, *, #2245, .F. ) ;
#977 = DIRECTION ( 'NONE',  ( 7.309538116125158200E-015, -1.000000000000000000, 0.0000000000000000000 ) ) ;
#978 = CARTESIAN_POINT ( 'NONE',  ( 15.88092025350647200, 19.28809240486096900, 2.500000000000000000 ) ) ;
#979 = DIRECTION ( 'NONE',  ( 1.000000000000000000, 3.214049404976714400E-016, 0.0000000000000000000 ) ) ;
#980 = EDGE_CURVE ( 'NONE', #868, #2435, #1695, .T. ) ;
#981 = CARTESIAN_POINT ( 'NONE',  ( -22.30000000033826500, -14.10401566582430500, -2.299999999999999400 ) ) ;
#982 = EDGE_LOOP ( 'NONE', ( #4118, #2844, #4341, #4149 ) ) ;
#983 = ORIENTED_EDGE ( 'NONE', *, *, #488, .F. ) ;
#984 = EDGE_CURVE ( 'NONE', #5008, #2362, #3057, .T. ) ;
#985 = DIRECTION ( 'NONE',  ( -0.0000000000000000000, -0.0000000000000000000, -1.000000000000000000 ) ) ;
#986 = EDGE_LOOP ( 'NONE', ( #3774, #4361, #3081, #5933 ) ) ;
#987 = ORIENTED_EDGE ( 'NONE', *, *, #2703, .F. ) ;
#988 = DIRECTION ( 'NONE',  ( 1.000000000000000000, 0.0000000000000000000, 0.0000000000000000000 ) ) ;
#989 = DIRECTION ( 'NONE',  ( -0.8660254037780925600, -0.5000000000109917600, -0.0000000000000000000 ) ) ;
#990 = PLANE ( 'NONE',  #1231 ) ;
#991 = CARTESIAN_POINT ( 'NONE',  ( -22.30000000033826500, -14.10401566582430500, -2.299999999999999400 ) ) ;
#992 = CARTESIAN_POINT ( 'NONE',  ( -17.20000000210718100, -13.10364119968240200, -2.500000000000000000 ) ) ;
#993 = EDGE_CURVE ( 'NONE', #874, #2246, #4224, .T. ) ;
#994 = CARTESIAN_POINT ( 'NONE',  ( 15.88092025350647200, 19.28809240486096900, -2.500000000000000000 ) ) ;
#995 = LINE ( 'NONE', #3813, #5959 ) ;
#996 = DIRECTION ( 'NONE',  ( -0.8660254037846256700, -0.4999999999996760900, 0.0000000000000000000 ) ) ;
#997 = DIRECTION ( 'NONE',  ( 0.0000000000000000000, 0.0000000000000000000, 1.000000000000000000 ) ) ;
#998 = DIRECTION ( 'NONE',  ( 0.8660254037844492500, 0.4999999999999816300, 0.0000000000000000000 ) ) ;
#999 = VECTOR ( 'NONE', #896, 1000.000000000000000 ) ;
#1000 = CYLINDRICAL_SURFACE ( 'NONE', #2514, 17.86290880652651200 ) ;
#1001 = EDGE_LOOP ( 'NONE', ( #4973, #5604, #3559, #3395 ) ) ;
#1002 = ORIENTED_EDGE ( 'NONE', *, *, #3292, .T. ) ;
#1003 = AXIS2_PLACEMENT_3D ( 'NONE', #2303, #2278, #2285 ) ;
#1004 = CARTESIAN_POINT ( 'NONE',  ( -7.650000000000008300, 24.99962553122773200, 3.469446951953614200E-015 ) ) ;
#1005 = ORIENTED_EDGE ( 'NONE', *, *, #3887, .T. ) ;
#1006 = DIRECTION ( 'NONE',  ( 0.4999999999999766300, 0.8660254037844520300, 0.0000000000000000000 ) ) ;
#1007 = VECTOR ( 'NONE', #1129, 1000.000000000000000 ) ;
#1008 = ORIENTED_EDGE ( 'NONE', *, *, #1366, .T. ) ;
#1009 = CYLINDRICAL_SURFACE ( 'NONE', #919, 0.9999999988735199800 ) ;
#1010 = DIRECTION ( 'NONE',  ( 0.0000000000000000000, 0.0000000000000000000, 1.000000000000000000 ) ) ;
#1011 = AXIS2_PLACEMENT_3D ( 'NONE', #3064, #6411, #3570 ) ;
#1012 = PLANE ( 'NONE',  #2260 ) ;
#1013 = CARTESIAN_POINT ( 'NONE',  ( -4.150000002045662700, 23.18800528677813900, -2.299999999999999400 ) ) ;
#1014 = VECTOR ( 'NONE', #4951, 1000.000000000000000 ) ;
#1015 = DIRECTION ( 'NONE',  ( 1.000000000000000000, 0.0000000000000000000, 0.0000000000000000000 ) ) ;
#1016 = DIRECTION ( 'NONE',  ( -0.0000000000000000000, -0.0000000000000000000, -1.000000000000000000 ) ) ;
#1017 = DIRECTION ( 'NONE',  ( 0.4999999999999816300, -0.8660254037844492500, 0.0000000000000000000 ) ) ;
#1018 = CARTESIAN_POINT ( 'NONE',  ( -23.20000000021519100, -14.10401566570124200, -2.500000000000000000 ) ) ;
#1019 = VECTOR ( 'NONE', #3534, 1000.000000000000000 ) ;
#1020 = CIRCLE ( 'NONE', #5531, 0.2999999996987374200 ) ;
#1021 = VECTOR ( 'NONE', #1974, 1000.000000000000000 ) ;
#1022 = DIRECTION ( 'NONE',  ( 1.000000000000000000, 7.309538116125158200E-015, -0.0000000000000000000 ) ) ;
#1023 = PLANE ( 'NONE',  #141 ) ;
#1024 = DIRECTION ( 'NONE',  ( -0.9659258260712007000, 0.2588190459156135000, -0.0000000000000000000 ) ) ;
#1025 = ORIENTED_EDGE ( 'NONE', *, *, #3398, .T. ) ;
#1026 = EDGE_CURVE ( 'NONE', #5563, #3076, #1532, .T. ) ;
#1027 = VECTOR ( 'NONE', #2745, 1000.000000000000000 ) ;
#1028 = LINE ( 'NONE', #3362, #6131 ) ;
#1029 = LINE ( 'NONE', #2410, #3607 ) ;
#1030 = DIRECTION ( 'NONE',  ( -0.4999999999999713600, 0.8660254037844552500, 0.0000000000000000000 ) ) ;
#1031 = AXIS2_PLACEMENT_3D ( 'NONE', #4687, #2188, #5635 ) ;
#1032 = ORIENTED_EDGE ( 'NONE', *, *, #623, .F. ) ;
#1033 = EDGE_CURVE ( 'NONE', #5482, #4907, #5315, .T. ) ;
#1034 = ORIENTED_EDGE ( 'NONE', *, *, #3903, .T. ) ;
#1035 = VERTEX_POINT ( 'NONE', #5556 ) ;
#1036 = LINE ( 'NONE', #5533, #6140 ) ;
#1037 = EDGE_CURVE ( 'NONE', #16, #1357, #319, .T. ) ;
#1038 = CARTESIAN_POINT ( 'NONE',  ( 14.33115129943800300, 21.97237097330118500, -2.500000000000000000 ) ) ;
#1039 = ORIENTED_EDGE ( 'NONE', *, *, #4303, .F. ) ;
#1040 = DIRECTION ( 'NONE',  ( -1.000000000000000000, 0.0000000000000000000, 0.0000000000000000000 ) ) ;
#1041 = CARTESIAN_POINT ( 'NONE',  ( -17.10000000081374000, -10.95060435621951600, 2.500000000000000000 ) ) ;
#1042 = DIRECTION ( 'NONE',  ( 0.0000000000000000000, -1.000000000000000000, 0.0000000000000000000 ) ) ;
#1043 = CARTESIAN_POINT ( 'NONE',  ( 14.27897133052508100, 21.94224485420300400, 2.500000000000000000 ) ) ;
#1044 = ORIENTED_EDGE ( 'NONE', *, *, #6385, .F. ) ;
#1045 = ORIENTED_EDGE ( 'NONE', *, *, #1619, .F. ) ;
#1046 = EDGE_CURVE ( 'NONE', #1356, #508, #7, .T. ) ;
#1047 = EDGE_LOOP ( 'NONE', ( #4448, #1815, #4876, #2277 ) ) ;
#1048 = EDGE_CURVE ( 'NONE', #215, #5358, #2725, .T. ) ;
#1049 = CARTESIAN_POINT ( 'NONE',  ( 3.400000002045663100, 24.99962553122773200, 2.500000000000000000 ) ) ;
#1050 = ORIENTED_EDGE ( 'NONE', *, *, #5510, .T. ) ;
#1051 = CARTESIAN_POINT ( 'NONE',  ( 20.55713668712320800, 11.63392459979429500, -1.155781791775945000 ) ) ;
#1052 = CARTESIAN_POINT ( 'NONE',  ( 15.88092025350647200, 19.28809240486096900, 2.500000000000000000 ) ) ;
#1053 = CARTESIAN_POINT ( 'NONE',  ( 19.96195718067141600, 14.11031935113915400, 2.500000000000000000 ) ) ;
#1054 = CARTESIAN_POINT ( 'NONE',  ( -16.30000000210718300, -13.34479547368240300, 2.500000000000000000 ) ) ;
#1055 = VERTEX_POINT ( 'NONE', #5084 ) ;
#1056 = LINE ( 'NONE', #3403, #2253 ) ;
#1057 = EDGE_LOOP ( 'NONE', ( #2502, #18, #770, #2570 ) ) ;
#1058 = DIRECTION ( 'NONE',  ( 0.0000000000000000000, 0.0000000000000000000, 1.000000000000000000 ) ) ;
#1059 = AXIS2_PLACEMENT_3D ( 'NONE', #3095, #544, #4096 ) ;
#1060 = VECTOR ( 'NONE', #3025, 1000.000000000000000 ) ;
#1061 = ORIENTED_EDGE ( 'NONE', *, *, #1359, .T. ) ;
#1062 = DIRECTION ( 'NONE',  ( -1.000000000000000000, 0.0000000000000000000, 0.0000000000000000000 ) ) ;
#1063 = CARTESIAN_POINT ( 'NONE',  ( -22.20000000134171400, -16.50401566570125000, 2.500000000000000000 ) ) ;
#1064 = ORIENTED_EDGE ( 'NONE', *, *, #915, .F. ) ;
#1065 = DIRECTION ( 'NONE',  ( -0.0000000000000000000, -0.0000000000000000000, -1.000000000000000000 ) ) ;
#1066 = PLANE ( 'NONE',  #1428 ) ;
#1067 = ORIENTED_EDGE ( 'NONE', *, *, #1048, .T. ) ;
#1068 = ORIENTED_EDGE ( 'NONE', *, *, #3007, .T. ) ;
#1069 = CARTESIAN_POINT ( 'NONE',  ( -17.46195718165985900, 18.44044636834958000, 2.500000000000000000 ) ) ;
#1070 = DIRECTION ( 'NONE',  ( -1.000000000000000000, 3.214049404976714400E-016, -0.0000000000000000000 ) ) ;
#1071 = CARTESIAN_POINT ( 'NONE',  ( -21.79873547088101700, -15.40044519969748500, -2.299999999999999400 ) ) ;
#1072 = DIRECTION ( 'NONE',  ( -1.000000000000000000, 0.0000000000000000000, 0.0000000000000000000 ) ) ;
#1073 = AXIS2_PLACEMENT_3D ( 'NONE', #1892, #878, #4421 ) ;
#1074 = CARTESIAN_POINT ( 'NONE',  ( -15.49999999999406200, -11.70364120424378600, 2.500000000000000000 ) ) ;
#1075 = EDGE_LOOP ( 'NONE', ( #5785, #3488, #4423, #5068 ) ) ;
#1076 = VECTOR ( 'NONE', #1156, 1000.000000000000000 ) ;
#1077 = LINE ( 'NONE', #6419, #6173 ) ;
#1078 = DIRECTION ( 'NONE',  ( 0.9659258262993569700, 0.2588190450641229000, 0.0000000000000000000 ) ) ;
#1079 = EDGE_CURVE ( 'NONE', #1953, #3179, #5179, .T. ) ;
#1080 = DIRECTION ( 'NONE',  ( -0.8660254037844669100, 0.4999999999999509300, 0.0000000000000000000 ) ) ;
#1081 = VECTOR ( 'NONE', #244, 1000.000000000000200 ) ;
#1082 = VERTEX_POINT ( 'NONE', #5067 ) ;
#1083 = CARTESIAN_POINT ( 'NONE',  ( 17.37850923866328400, 16.57368771732153300, 2.500000000000000000 ) ) ;
#1084 = CARTESIAN_POINT ( 'NONE',  ( -15.25621485542323300, 20.37011389410433200, 2.500000000000000000 ) ) ;
#1085 = DIRECTION ( 'NONE',  ( 0.0000000000000000000, 0.0000000000000000000, 1.000000000000000000 ) ) ;
#1086 = ORIENTED_EDGE ( 'NONE', *, *, #4076, .F. ) ;
#1087 = AXIS2_PLACEMENT_3D ( 'NONE', #2276, #5718, #2788 ) ;
#1088 = VECTOR ( 'NONE', #2250, 1000.000000000000000 ) ;
#1089 = VECTOR ( 'NONE', #2965, 1000.000000000000000 ) ;
#1090 = CARTESIAN_POINT ( 'NONE',  ( 8.745941614163726300, -9.001315623416147100, -2.500000000000000000 ) ) ;
#1091 = CARTESIAN_POINT ( 'NONE',  ( -21.39999999942491700, -2.161487752421908000, -2.500000000000000000 ) ) ;
#1092 = ORIENTED_EDGE ( 'NONE', *, *, #791, .T. ) ;
#1093 = FACE_OUTER_BOUND ( 'NONE', #986, .T. ) ;
#1094 = VECTOR ( 'NONE', #5784, 1000.000000000000100 ) ;
#1095 = PLANE ( 'NONE',  #3596 ) ;
#1096 = AXIS2_PLACEMENT_3D ( 'NONE', #54, #3637, #579 ) ;
#1097 = LINE ( 'NONE', #3098, #3675 ) ;
#1098 = CIRCLE ( 'NONE', #2810, 0.9999999988735199800 ) ;
#1099 = CARTESIAN_POINT ( 'NONE',  ( -9.894158132101130900, -11.57887325953808500, 2.500000000000000000 ) ) ;
#1100 = AXIS2_PLACEMENT_3D ( 'NONE', #2945, #6315, #3475 ) ;
#1101 = DIRECTION ( 'NONE',  ( -0.0000000000000000000, -0.0000000000000000000, -1.000000000000000000 ) ) ;
#1102 = LINE ( 'NONE', #1550, #4793 ) ;
#1103 = CARTESIAN_POINT ( 'NONE',  ( -14.42020092949615200, 24.70892274045544600, 2.500000000000000000 ) ) ;
#1104 = FACE_OUTER_BOUND ( 'NONE', #5178, .T. ) ;
#1105 = EDGE_CURVE ( 'NONE', #6109, #1627, #1203, .T. ) ;
#1106 = VERTEX_POINT ( 'NONE', #41 ) ;
#1107 = PLANE ( 'NONE',  #5018 ) ;
#1108 = ORIENTED_EDGE ( 'NONE', *, *, #3125, .T. ) ;
#1109 = EDGE_CURVE ( 'NONE', #1547, #4087, #1036, .T. ) ;
#1110 = CARTESIAN_POINT ( 'NONE',  ( 14.08718822782419800, 24.28571766019937800, 2.500000000000000000 ) ) ;
#1111 = CARTESIAN_POINT ( 'NONE',  ( 9.894158132113068000, -11.57887325953805300, 2.500000000000000000 ) ) ;
#1112 = FACE_OUTER_BOUND ( 'NONE', #841, .T. ) ;
#1113 = CARTESIAN_POINT ( 'NONE',  ( -18.96961294896893300, -16.49504807949889000, 2.500000000000000000 ) ) ;
#1114 = B_SPLINE_CURVE_WITH_KNOTS ( 'NONE', 3,
 ( #5114, #3671, #3194, #115, #3694, #644, #4183, #1130, #4665, #3250, #1719, #4859 ),
 .UNSPECIFIED., .F., .F.,
 ( 4, 2, 2, 2, 2, 4 ),
 ( 0.005317265134793234600, 0.006000822538959281100, 0.006684379943125327700, 0.008051494751457421600, 0.009418609559789514800, 0.01078572436812161000 ),
 .UNSPECIFIED. ) ;
#1115 = CARTESIAN_POINT ( 'NONE',  ( -14.27897133052508100, 21.94224485420300400, 2.500000000000000000 ) ) ;
#1116 = EDGE_LOOP ( 'NONE', ( #4599, #1688, #1790, #3554 ) ) ;
#1117 = VERTEX_POINT ( 'NONE', #59 ) ;
#1118 = FACE_OUTER_BOUND ( 'NONE', #2314, .T. ) ;
#1119 = ORIENTED_EDGE ( 'NONE', *, *, #1804, .F. ) ;
#1120 = DIRECTION ( 'NONE',  ( -1.000000000000000000, 0.0000000000000000000, 0.0000000000000000000 ) ) ;
#1121 = VERTEX_POINT ( 'NONE', #1074 ) ;
#1122 = EDGE_CURVE ( 'NONE', #6216, #4834, #2394, .T. ) ;
#1123 = ORIENTED_EDGE ( 'NONE', *, *, #97, .F. ) ;
#1124 = DIRECTION ( 'NONE',  ( 0.0000000000000000000, 0.0000000000000000000, 1.000000000000000000 ) ) ;
#1125 = DIRECTION ( 'NONE',  ( -0.8660254037844564700, -0.4999999999999691900, -0.0000000000000000000 ) ) ;
#1126 = CARTESIAN_POINT ( 'NONE',  ( 18.30357279464852000, 14.97143063812468000, 2.500000000000000000 ) ) ;
#1127 = PLANE ( 'NONE',  #5385 ) ;
#1128 = CYLINDRICAL_SURFACE ( 'NONE', #3316, 12.52227804597077400 ) ;
#1129 = DIRECTION ( 'NONE',  ( -0.0000000000000000000, -0.0000000000000000000, -1.000000000000000000 ) ) ;
#1130 = CARTESIAN_POINT ( 'NONE',  ( 19.69469015679180800, 3.464974536566662900, 2.036849787825398800 ) ) ;
#1131 = ORIENTED_EDGE ( 'NONE', *, *, #3371, .F. ) ;
#1132 = EDGE_CURVE ( 'NONE', #2482, #3193, #2571, .T. ) ;
#1133 = ORIENTED_EDGE ( 'NONE', *, *, #2420, .T. ) ;
#1134 = LINE ( 'NONE', #917, #4979 ) ;
#1135 = CARTESIAN_POINT ( 'NONE',  ( -22.27265755500289400, -13.50463899725039800, 0.1000000000000002600 ) ) ;
#1136 = EDGE_CURVE ( 'NONE', #5627, #4506, #2240, .T. ) ;
#1137 = DIRECTION ( 'NONE',  ( 0.4999999999999741900, 0.8660254037844535800, 0.0000000000000000000 ) ) ;
#1138 = DIRECTION ( 'NONE',  ( 1.000000000000000000, 0.0000000000000000000, 0.0000000000000000000 ) ) ;
#1139 = VERTEX_POINT ( 'NONE', #4151 ) ;
#1140 = ORIENTED_EDGE ( 'NONE', *, *, #4904, .T. ) ;
#1141 = EDGE_LOOP ( 'NONE', ( #1025, #4779, #1172, #6398 ) ) ;
#1142 = ADVANCED_FACE ( 'NONE', ( #5997 ), #1095, .F. ) ;
#1143 = AXIS2_PLACEMENT_3D ( 'NONE', #958, #4494, #5396 ) ;
#1144 = ORIENTED_EDGE ( 'NONE', *, *, #1109, .T. ) ;
#1145 = DIRECTION ( 'NONE',  ( 1.000000000000000000, 0.0000000000000000000, 0.0000000000000000000 ) ) ;
#1146 = ORIENTED_EDGE ( 'NONE', *, *, #3786, .T. ) ;
#1147 = CARTESIAN_POINT ( 'NONE',  ( 3.400000002045662700, 23.46300528677814200, -2.299999999999999400 ) ) ;
#1148 = CARTESIAN_POINT ( 'NONE',  ( -4.150000002045662700, 22.48800528677813300, 2.500000000000000000 ) ) ;
#1149 = DIRECTION ( 'NONE',  ( -0.0000000000000000000, 1.000000000000000000, -0.0000000000000000000 ) ) ;
#1150 = CARTESIAN_POINT ( 'NONE',  ( -4.150000002045662700, 22.48800528677813300, 2.500000000000000000 ) ) ;
#1151 = DIRECTION ( 'NONE',  ( -0.0000000000000000000, -0.0000000000000000000, -1.000000000000000000 ) ) ;
#1152 = ORIENTED_EDGE ( 'NONE', *, *, #4105, .F. ) ;
#1153 = ORIENTED_EDGE ( 'NONE', *, *, #2396, .T. ) ;
#1154 = EDGE_CURVE ( 'NONE', #368, #2422, #5042, .T. ) ;
#1155 = DIRECTION ( 'NONE',  ( 1.224323820077161300E-015, -1.000000000000000000, 0.0000000000000000000 ) ) ;
#1156 = DIRECTION ( 'NONE',  ( -0.0000000000000000000, 1.000000000000000000, -0.0000000000000000000 ) ) ;
#1157 = CARTESIAN_POINT ( 'NONE',  ( 14.17379076806253100, 24.33571766011848300, -2.500000000000000000 ) ) ;
#1158 = ORIENTED_EDGE ( 'NONE', *, *, #3236, .T. ) ;
#1159 = VECTOR ( 'NONE', #3274, 1000.000000000000000 ) ;
#1160 = PRESENTATION_STYLE_ASSIGNMENT (( #2403 ) ) ;
#1161 = AXIS2_PLACEMENT_3D ( 'NONE', #6010, #4126, #2607 ) ;
#1162 = CARTESIAN_POINT ( 'NONE',  ( 19.82060002651170900, 3.017982304551882800, -1.578655234093709700 ) ) ;
#1163 = EDGE_CURVE ( 'NONE', #3461, #3657, #3447, .T. ) ;
#1164 = VERTEX_POINT ( 'NONE', #6031 ) ;
#1165 = EDGE_CURVE ( 'NONE', #3193, #2569, #2091, .T. ) ;
#1166 = VECTOR ( 'NONE', #5359, 1000.000000000000000 ) ;
#1167 = LINE ( 'NONE', #5094, #292 ) ;
#1168 = VERTEX_POINT ( 'NONE', #4656 ) ;
#1169 = ORIENTED_EDGE ( 'NONE', *, *, #4954, .F. ) ;
#1170 = CARTESIAN_POINT ( 'NONE',  ( 16.80598380949233600, 17.68583532566359300, 2.500000000000000000 ) ) ;
#1171 = EDGE_CURVE ( 'NONE', #4958, #6202, #5843, .T. ) ;
#1172 = ORIENTED_EDGE ( 'NONE', *, *, #5245, .F. ) ;
#1173 = DIRECTION ( 'NONE',  ( 1.000000000000000000, 0.0000000000000000000, 0.0000000000000000000 ) ) ;
#1174 = EDGE_CURVE ( 'NONE', #357, #4253, #1916, .T. ) ;
#1175 = CARTESIAN_POINT ( 'NONE',  ( -20.32312030118735500, -2.666971610699351300, 0.7500000000000000000 ) ) ;
#1176 = VECTOR ( 'NONE', #5505, 1000.000000000000200 ) ;
#1177 = DIRECTION ( 'NONE',  ( -1.000000000000000000, 0.0000000000000000000, 0.0000000000000000000 ) ) ;
#1178 = ORIENTED_EDGE ( 'NONE', *, *, #2455, .F. ) ;
#1179 = DIRECTION ( 'NONE',  ( -0.0000000000000000000, -0.0000000000000000000, -1.000000000000000000 ) ) ;
#1180 = LINE ( 'NONE', #1814, #6117 ) ;
#1181 = CARTESIAN_POINT ( 'NONE',  ( -14.62810663303341300, 9.698151474936329600, -1.638251443502664100 ) ) ;
#1182 = ADVANCED_FACE ( 'NONE', ( #4595 ), #4192, .F. ) ;
#1183 = CARTESIAN_POINT ( 'NONE',  ( 19.80713421823161000, 10.06304833792546900, -1.546494469251904500 ) ) ;
#1184 = LINE ( 'NONE', #2485, #1014 ) ;
#1185 = DIRECTION ( 'NONE',  ( -0.0000000000000000000, -0.0000000000000000000, -1.000000000000000000 ) ) ;
#1186 = LINE ( 'NONE', #1459, #2554 ) ;
#1187 = AXIS2_PLACEMENT_3D ( 'NONE', #5488, #5963, #3084 ) ;
#1188 = CIRCLE ( 'NONE', #3618, 9.999999997365286200 ) ;
#1189 = VECTOR ( 'NONE', #2125, 1000.000000000000000 ) ;
#1190 = ORIENTED_EDGE ( 'NONE', *, *, #5625, .T. ) ;
#1191 = VECTOR ( 'NONE', #183, 1000.000000000000200 ) ;
#1192 = CARTESIAN_POINT ( 'NONE',  ( 7.649999999999990600, 14.99962553122773200, -1.999999999999995300 ) ) ;
#1193 = ORIENTED_EDGE ( 'NONE', *, *, #2881, .F. ) ;
#1194 = CIRCLE ( 'NONE', #3684, 2.000000000000000400 ) ;
#1195 = PLANE ( 'NONE',  #5845 ) ;
#1196 = DIRECTION ( 'NONE',  ( -0.0000000000000000000, -0.0000000000000000000, -1.000000000000000000 ) ) ;
#1197 = CARTESIAN_POINT ( 'NONE',  ( -22.20000000134171400, -17.50401566457473400, -2.500000000000000000 ) ) ;
#1198 = CARTESIAN_POINT ( 'NONE',  ( -19.70479120538090000, 3.435439706115672300, 2.031471731481496500 ) ) ;
#1199 = CARTESIAN_POINT ( 'NONE',  ( 3.400000002045663100, 24.99962553122773200, 2.500000000000000000 ) ) ;
#1200 = ORIENTED_EDGE ( 'NONE', *, *, #5064, .F. ) ;
#1201 = CARTESIAN_POINT ( 'NONE',  ( -20.85680346795562600, 13.76040011539258500, -2.500000000000000000 ) ) ;
#1202 = ORIENTED_EDGE ( 'NONE', *, *, #1609, .T. ) ;
#1203 = LINE ( 'NONE', #2609, #3775 ) ;
#1204 = EDGE_CURVE ( 'NONE', #4446, #1547, #4740, .T. ) ;
#1205 = ORIENTED_EDGE ( 'NONE', *, *, #4603, .F. ) ;
#1206 = CARTESIAN_POINT ( 'NONE',  ( -14.52020092933435400, 24.70892274045544600, -2.500000000000000000 ) ) ;
#1207 = DIRECTION ( 'NONE',  ( 0.0000000000000000000, -1.000000000000000000, 0.0000000000000000000 ) ) ;
#1208 = CARTESIAN_POINT ( 'NONE',  ( 17.50000000030953000, -11.87684628507657800, 2.500000000000000000 ) ) ;
#1209 = ORIENTED_EDGE ( 'NONE', *, *, #4186, .T. ) ;
#1210 = ORIENTED_EDGE ( 'NONE', *, *, #2532, .F. ) ;
#1211 = VERTEX_POINT ( 'NONE', #6087 ) ;
#1212 = ORIENTED_EDGE ( 'NONE', *, *, #6025, .F. ) ;
#1213 = ORIENTED_EDGE ( 'NONE', *, *, #315, .F. ) ;
#1214 = ADVANCED_FACE ( 'NONE', ( #4438 ), #5580, .F. ) ;
#1215 = DIRECTION ( 'NONE',  ( -0.0000000000000000000, -0.0000000000000000000, -1.000000000000000000 ) ) ;
#1216 = LINE ( 'NONE', #3366, #6283 ) ;
#1217 = CARTESIAN_POINT ( 'NONE',  ( 15.25621485542343300, 20.37011389410426400, 2.500000000000000000 ) ) ;
#1218 = ORIENTED_EDGE ( 'NONE', *, *, #4931, .F. ) ;
#1219 = EDGE_CURVE ( 'NONE', #5281, #1533, #4635, .T. ) ;
#1220 = CARTESIAN_POINT ( 'NONE',  ( 20.37379076652629800, 13.59700265585159900, -2.500000000000000000 ) ) ;
#1221 = DIRECTION ( 'NONE',  ( -0.0000000000000000000, -0.0000000000000000000, -1.000000000000000000 ) ) ;
#1222 = LINE ( 'NONE', #5435, #1060 ) ;
#1223 = ORIENTED_EDGE ( 'NONE', *, *, #3492, .T. ) ;
#1224 = ORIENTED_EDGE ( 'NONE', *, *, #3739, .F. ) ;
#1225 = DIRECTION ( 'NONE',  ( 0.0000000000000000000, 0.0000000000000000000, 1.000000000000000000 ) ) ;
#1226 = CARTESIAN_POINT ( 'NONE',  ( -19.42297423581831200, 8.750532619055533700, -1.758846426637131300 ) ) ;
#1227 = AXIS2_PLACEMENT_3D ( 'NONE', #3172, #2939, #2922 ) ;
#1228 = ORIENTED_EDGE ( 'NONE', *, *, #2086, .F. ) ;
#1229 = CARTESIAN_POINT ( 'NONE',  ( 19.68651551726444600, -3.234434698222926800, 0.7500000000000000000 ) ) ;
#1230 = EDGE_LOOP ( 'NONE', ( #4592, #1875 ) ) ;
#1231 = AXIS2_PLACEMENT_3D ( 'NONE', #4047, #4528, #1512 ) ;
#1232 = AXIS2_PLACEMENT_3D ( 'NONE', #2480, #5898, #2995 ) ;
#1233 = CARTESIAN_POINT ( 'NONE',  ( 19.43525746481334300, 8.804991485287954900, 2.164838102544839800 ) ) ;
#1234 = ORIENTED_EDGE ( 'NONE', *, *, #4015, .T. ) ;
#1235 = DIRECTION ( 'NONE',  ( 1.000000000000000000, 0.0000000000000000000, 0.0000000000000000000 ) ) ;
#1236 = CARTESIAN_POINT ( 'NONE',  ( -13.70644590135413000, 23.05439246254506000, 2.500000000000000000 ) ) ;
#1237 = EDGE_CURVE ( 'NONE', #4215, #5794, #401, .T. ) ;
#1238 = FACE_OUTER_BOUND ( 'NONE', #4107, .T. ) ;
#1239 = LINE ( 'NONE', #2099, #913 ) ;
#1240 = EDGE_CURVE ( 'NONE', #103, #5262, #1772, .T. ) ;
#1241 = DIRECTION ( 'NONE',  ( -1.000000000000000000, 0.0000000000000000000, 0.0000000000000000000 ) ) ;
#1242 = ADVANCED_FACE ( 'NONE', ( #3145 ), #504, .F. ) ;
#1243 = LINE ( 'NONE', #6171, #1081 ) ;
#1244 = ORIENTED_EDGE ( 'NONE', *, *, #3712, .T. ) ;
#1245 = CARTESIAN_POINT ( 'NONE',  ( -20.73934089607965300, -15.43620512966736800, 2.500000000000000000 ) ) ;
#1246 = CARTESIAN_POINT ( 'NONE',  ( 20.99999999895844700, 0.5739978569335471000, 2.500000000000000000 ) ) ;
#1247 = DIRECTION ( 'NONE',  ( -1.000000000000000000, 0.0000000000000000000, 0.0000000000000000000 ) ) ;
#1248 = DIRECTION ( 'NONE',  ( -0.0000000000000000000, -1.000000000000000000, -0.0000000000000000000 ) ) ;
#1249 = ORIENTED_EDGE ( 'NONE', *, *, #5332, .F. ) ;
#1250 = VECTOR ( 'NONE', #5668, 1000.000000000000100 ) ;
#1251 = AXIS2_PLACEMENT_3D ( 'NONE', #2355, #3401, #324 ) ;
#1252 = LINE ( 'NONE', #4445, #5229 ) ;
#1253 = EDGE_CURVE ( 'NONE', #1279, #2967, #5558, .T. ) ;
#1254 = ORIENTED_EDGE ( 'NONE', *, *, #4944, .T. ) ;
#1255 = CYLINDRICAL_SURFACE ( 'NONE', #1506, 0.7997967875070961500 ) ;
#1256 = LINE ( 'NONE', #1217, #6325 ) ;
#1257 = EDGE_CURVE ( 'NONE', #4372, #757, #1608, .T. ) ;
#1258 = DIRECTION ( 'NONE',  ( -0.0000000000000000000, -0.0000000000000000000, -1.000000000000000000 ) ) ;
#1259 = VECTOR ( 'NONE', #4049, 1000.000000000000000 ) ;
#1260 = VECTOR ( 'NONE', #699, 1000.000000000000000 ) ;
#1261 = EDGE_CURVE ( 'NONE', #439, #3402, #2957, .T. ) ;
#1262 = CARTESIAN_POINT ( 'NONE',  ( 7.649999999999990600, 14.99962553122773200, 1.734723475976807100E-015 ) ) ;
#1263 = LINE ( 'NONE', #1528, #3828 ) ;
#1264 = CARTESIAN_POINT ( 'NONE',  ( -20.24999999895830900, 1.428256051882032400, 1.548643494635817200 ) ) ;
#1265 = CARTESIAN_POINT ( 'NONE',  ( -15.31265031846410100, 22.16315505646136000, 2.500000000000000000 ) ) ;
#1266 = LINE ( 'NONE', #3823, #5105 ) ;
#1267 = DIRECTION ( 'NONE',  ( 0.8660254037844554700, 0.4999999999999708000, 0.0000000000000000000 ) ) ;
#1268 = AXIS2_PLACEMENT_3D ( 'NONE', #3483, #3974, #923 ) ;
#1269 = ORIENTED_EDGE ( 'NONE', *, *, #222, .T. ) ;
#1270 = ORIENTED_EDGE ( 'NONE', *, *, #1452, .T. ) ;
#1271 = FACE_OUTER_BOUND ( 'NONE', #4296, .T. ) ;
#1272 = ADVANCED_FACE ( 'NONE', ( #2794 ), #3579, .F. ) ;
#1273 = DIRECTION ( 'NONE',  ( 0.4999999999999708600, -0.8660254037844555800, 0.0000000000000000000 ) ) ;
#1274 = CARTESIAN_POINT ( 'NONE',  ( -21.27082858658739500, -15.47136618964875700, -2.299999999999999400 ) ) ;
#1275 = VERTEX_POINT ( 'NONE', #3604 ) ;
#1276 = ORIENTED_EDGE ( 'NONE', *, *, #3990, .T. ) ;
#1277 = VECTOR ( 'NONE', #2504, 1000.000000000000000 ) ;
#1278 = EDGE_CURVE ( 'NONE', #5641, #3330, #4298, .T. ) ;
#1279 = VERTEX_POINT ( 'NONE', #2078 ) ;
#1280 = CARTESIAN_POINT ( 'NONE',  ( -22.60000000021520000, -13.50401566570124400, -2.500000000000000000 ) ) ;
#1281 = EDGE_LOOP ( 'NONE', ( #5629, #3167, #4826, #744 ) ) ;
#1282 = DIRECTION ( 'NONE',  ( -0.0000000000000000000, -0.0000000000000000000, -1.000000000000000000 ) ) ;
#1283 = FACE_OUTER_BOUND ( 'NONE', #3708, .T. ) ;
#1284 = CARTESIAN_POINT ( 'NONE',  ( 20.49999999927367600, 12.48269861298670900, 2.500000000000000000 ) ) ;
#1285 = CARTESIAN_POINT ( 'NONE',  ( -14.19462856805785800, 24.99962553122772800, 2.500000000000000000 ) ) ;
#1286 = CARTESIAN_POINT ( 'NONE',  ( 18.50167583387964500, -14.00364120572362800, 2.500000000000000000 ) ) ;
#1287 = EDGE_LOOP ( 'NONE', ( #3833, #5582, #1456, #2878 ) ) ;
#1288 = ORIENTED_EDGE ( 'NONE', *, *, #1976, .T. ) ;
#1289 = ADVANCED_FACE ( 'NONE', ( #3979 ), #5521, .F. ) ;
#1290 = VECTOR ( 'NONE', #1927, 1000.000000000000000 ) ;
#1291 = EDGE_CURVE ( 'NONE', #3921, #5191, #5392, .T. ) ;
#1292 = ORIENTED_EDGE ( 'NONE', *, *, #3896, .T. ) ;
#1293 = ORIENTED_EDGE ( 'NONE', *, *, #5111, .F. ) ;
#1294 = CARTESIAN_POINT ( 'NONE',  ( 18.41218822660231100, 16.79459791957988600, 2.500000000000000000 ) ) ;
#1295 = DIRECTION ( 'NONE',  ( -0.0000000000000000000, -0.0000000000000000000, -1.000000000000000000 ) ) ;
#1296 = ORIENTED_EDGE ( 'NONE', *, *, #5657, .T. ) ;
#1297 = VERTEX_POINT ( 'NONE', #570 ) ;
#1298 = ORIENTED_EDGE ( 'NONE', *, *, #4379, .T. ) ;
#1299 = ORIENTED_EDGE ( 'NONE', *, *, #2156, .F. ) ;
#1300 = DIRECTION ( 'NONE',  ( -0.8660254037844533600, 0.4999999999999744100, -0.0000000000000000000 ) ) ;
#1301 = CARTESIAN_POINT ( 'NONE',  ( -18.96961294896893300, -16.49504807949889000, -2.500000000000000000 ) ) ;
#1302 = DIRECTION ( 'NONE',  ( -0.0000000000000000000, -0.0000000000000000000, -1.000000000000000000 ) ) ;
#1303 = ADVANCED_FACE ( 'NONE', ( #2648, #87 ), #3835, .F. ) ;
#1304 =( LENGTH_UNIT ( ) NAMED_UNIT ( * ) SI_UNIT ( .MILLI., .METRE. ) );
#1305 = EDGE_LOOP ( 'NONE', ( #5993, #5925, #4059, #2741 ) ) ;
#1306 = PLANE ( 'NONE',  #2371 ) ;
#1307 = VERTEX_POINT ( 'NONE', #6023 ) ;
#1308 = UNCERTAINTY_MEASURE_WITH_UNIT (LENGTH_MEASURE( 1.000000000000000100E-005 ), #5826, 'distance_accuracy_value', 'NONE');
#1309 = ORIENTED_EDGE ( 'NONE', *, *, #32, .T. ) ;
#1310 = DIRECTION ( 'NONE',  ( 1.000000000000000000, 0.0000000000000000000, 0.0000000000000000000 ) ) ;
#1311 = VECTOR ( 'NONE', #5187, 1000.000000000000100 ) ;
#1312 = VECTOR ( 'NONE', #346, 1000.000000000000200 ) ;
#1313 = PLANE ( 'NONE',  #3136 ) ;
#1314 = ORIENTED_EDGE ( 'NONE', *, *, #3652, .F. ) ;
#1315 = EDGE_CURVE ( 'NONE', #4301, #5561, #5109, .T. ) ;
#1316 = ADVANCED_FACE ( 'NONE', ( #1112 ), #5543, .T. ) ;
#1317 = LINE ( 'NONE', #3936, #5149 ) ;
#1318 = CYLINDRICAL_SURFACE ( 'NONE', #799, 2.000000000000000400 ) ;
#1319 = VERTEX_POINT ( 'NONE', #68 ) ;
#1320 = AXIS2_PLACEMENT_3D ( 'NONE', #5960, #30, #3609 ) ;
#1321 = ORIENTED_EDGE ( 'NONE', *, *, #5367, .T. ) ;
#1322 = EDGE_CURVE ( 'NONE', #1624, #2969, #6199, .T. ) ;
#1323 = ORIENTED_EDGE ( 'NONE', *, *, #866, .F. ) ;
#1324 = LINE ( 'NONE', #3123, #1176 ) ;
#1325 = PLANE ( 'NONE',  #1713 ) ;
#1326 = ORIENTED_EDGE ( 'NONE', *, *, #5860, .F. ) ;
#1327 = LINE ( 'NONE', #2787, #2702 ) ;
#1328 = DIRECTION ( 'NONE',  ( -0.0000000000000000000, -0.0000000000000000000, 1.000000000000000000 ) ) ;
#1329 = VECTOR ( 'NONE', #3966, 1000.000000000000000 ) ;
#1330 = EDGE_CURVE ( 'NONE', #2979, #2701, #1427, .T. ) ;
#1331 = CYLINDRICAL_SURFACE ( 'NONE', #5656, 0.2999999996985205900 ) ;
#1332 = DIRECTION ( 'NONE',  ( 0.0000000000000000000, 0.0000000000000000000, 1.000000000000000000 ) ) ;
#1333 = CARTESIAN_POINT ( 'NONE',  ( 14.63007020074749100, 3.363353066155417600, 2.041570865957304200 ) ) ;
#1334 = ADVANCED_FACE ( 'NONE', ( #1271 ), #952, .T. ) ;
#1335 = LINE ( 'NONE', #3212, #6414 ) ;
#1336 = LINE ( 'NONE', #2057, #155 ) ;
#1337 = VECTOR ( 'NONE', #1155, 1000.000000000000000 ) ;
#1338 = ORIENTED_EDGE ( 'NONE', *, *, #2455, .T. ) ;
#1339 = ADVANCED_FACE ( 'NONE', ( #2478 ), #6058, .F. ) ;
#1340 = AXIS2_PLACEMENT_3D ( 'NONE', #2105, #1877, #1766 ) ;
#1341 = CARTESIAN_POINT ( 'NONE',  ( -14.50680346973448200, 24.75892274037451600, 2.500000000000000000 ) ) ;
#1342 = VECTOR ( 'NONE', #1511, 1000.000000000000000 ) ;
#1343 = DIRECTION ( 'NONE',  ( -0.0000000000000000000, -0.0000000000000000000, -1.000000000000000000 ) ) ;
#1344 = ORIENTED_EDGE ( 'NONE', *, *, #3678, .F. ) ;
#1345 = STYLED_ITEM ( 'NONE', ( #1160 ), #5730 ) ;
#1346 = CARTESIAN_POINT ( 'NONE',  ( 20.24999999895820600, 11.63392459979429300, -1.155781791775945000 ) ) ;
#1347 = ORIENTED_EDGE ( 'NONE', *, *, #196, .F. ) ;
#1348 = EDGE_LOOP ( 'NONE', ( #6232, #4348, #5900, #4248, #6128, #1002, #5923, #6276 ) ) ;
#1349 = VECTOR ( 'NONE', #582, 1000.000000000000000 ) ;
#1350 = DIRECTION ( 'NONE',  ( -0.5000000000000324200, 0.8660254037844199400, -0.0000000000000000000 ) ) ;
#1351 = AXIS2_PLACEMENT_3D ( 'NONE', #4499, #5446, #2511 ) ;
#1352 = ADVANCED_FACE ( 'NONE', ( #2316 ), #1127, .T. ) ;
#1353 = ORIENTED_EDGE ( 'NONE', *, *, #1616, .T. ) ;
#1354 = VERTEX_POINT ( 'NONE', #5588 ) ;
#1355 = ORIENTED_EDGE ( 'NONE', *, *, #6298, .T. ) ;
#1356 = VERTEX_POINT ( 'NONE', #5341 ) ;
#1357 = VERTEX_POINT ( 'NONE', #3692 ) ;
#1358 = EDGE_LOOP ( 'NONE', ( #5702, #125, #2444, #2562 ) ) ;
#1359 = EDGE_CURVE ( 'NONE', #4805, #1055, #3529, .T. ) ;
#1360 = LINE ( 'NONE', #4794, #22 ) ;
#1361 = EDGE_LOOP ( 'NONE', ( #4785, #5208, #6000, #5255 ) ) ;
#1362 = CARTESIAN_POINT ( 'NONE',  ( 14.27897133052508100, 21.94224485420300400, 2.500000000000000000 ) ) ;
#1363 = CARTESIAN_POINT ( 'NONE',  ( 8.745941614163726300, -9.001315623416147100, 2.500000000000000000 ) ) ;
#1364 = ADVANCED_FACE ( 'NONE', ( #4803 ), #5825, .F. ) ;
#1365 = VECTOR ( 'NONE', #3543, 1000.000000000000000 ) ;
#1366 = EDGE_CURVE ( 'NONE', #3912, #1354, #3688, .T. ) ;
#1367 = ORIENTED_EDGE ( 'NONE', *, *, #3252, .F. ) ;
#1368 = CARTESIAN_POINT ( 'NONE',  ( -18.96961294896893300, -16.49504807949889000, -2.500000000000000000 ) ) ;
#1369 = CARTESIAN_POINT ( 'NONE',  ( 20.77020092771723400, 13.71040011547356700, 2.500000000000000000 ) ) ;
#1370 = EDGE_CURVE ( 'NONE', #807, #3256, #797, .T. ) ;
#1371 = CARTESIAN_POINT ( 'NONE',  ( 16.86241927253306700, 19.47887648802093400, 2.500000000000000000 ) ) ;
#1372 = DIRECTION ( 'NONE',  ( -0.0000000000000000000, -0.0000000000000000000, -1.000000000000000000 ) ) ;
#1373 = ORIENTED_EDGE ( 'NONE', *, *, #5078, .T. ) ;
#1374 = ADVANCED_FACE ( 'NONE', ( #4956 ), #2006, .T. ) ;
#1375 = VERTEX_POINT ( 'NONE', #1408 ) ;
#1376 = DIRECTION ( 'NONE',  ( 0.0000000000000000000, 0.0000000000000000000, 1.000000000000000000 ) ) ;
#1377 = EDGE_CURVE ( 'NONE', #1117, #4295, #3375, .T. ) ;
#1378 = CARTESIAN_POINT ( 'NONE',  ( -21.69999999912344500, -0.1968120246770748100, -2.500000000000000000 ) ) ;
#1379 = EDGE_LOOP ( 'NONE', ( #6158, #3455, #5388, #5139 ) ) ;
#1380 = EDGE_CURVE ( 'NONE', #2490, #1442, #5918, .T. ) ;
#1381 = ADVANCED_FACE ( 'NONE', ( #3223 ), #2962, .F. ) ;
#1382 = CARTESIAN_POINT ( 'NONE',  ( 17.50000000030953000, -13.00364120407689400, 2.500000000000000000 ) ) ;
#1383 = ORIENTED_EDGE ( 'NONE', *, *, #1380, .F. ) ;
#1384 = CARTESIAN_POINT ( 'NONE',  ( -13.70644590135413000, 23.05439246254506000, 2.500000000000000000 ) ) ;
#1385 = FACE_OUTER_BOUND ( 'NONE', #2656, .T. ) ;
#1386 = AXIS2_PLACEMENT_3D ( 'NONE', #1585, #5074, #2101 ) ;
#1387 = VECTOR ( 'NONE', #5955, 1000.000000000000000 ) ;
#1388 = CARTESIAN_POINT ( 'NONE',  ( -22.60000000021520000, -13.50401566570124400, 2.500000000000000000 ) ) ;
#1389 = DIRECTION ( 'NONE',  ( -0.0000000000000000000, -0.0000000000000000000, -1.000000000000000000 ) ) ;
#1390 = CARTESIAN_POINT ( 'NONE',  ( -18.30357279464852000, 14.97143063812468000, 2.500000000000000000 ) ) ;
#1391 = CARTESIAN_POINT ( 'NONE',  ( -18.96961294896893300, -16.49504807949889000, 2.500000000000000000 ) ) ;
#1392 = PLANE ( 'NONE',  #883 ) ;
#1393 = VECTOR ( 'NONE', #2778, 1000.000000000000000 ) ;
#1394 = VERTEX_POINT ( 'NONE', #5868 ) ;
#1395 = DIRECTION ( 'NONE',  ( 1.000000000000000000, 0.0000000000000000000, 0.0000000000000000000 ) ) ;
#1396 = ORIENTED_EDGE ( 'NONE', *, *, #984, .F. ) ;
#1397 = DIRECTION ( 'NONE',  ( 0.0000000000000000000, -1.000000000000000000, 0.0000000000000000000 ) ) ;
#1398 = DIRECTION ( 'NONE',  ( 0.8660254037844400400, 0.4999999999999974500, -0.0000000000000000000 ) ) ;
#1399 = LINE ( 'NONE', #1201, #1250 ) ;
#1400 = FACE_OUTER_BOUND ( 'NONE', #5088, .T. ) ;
#1401 = CARTESIAN_POINT ( 'NONE',  ( -3.150000002174445000, 17.40392322600979800, 2.500000000000000000 ) ) ;
#1402 = ORIENTED_EDGE ( 'NONE', *, *, #3574, .F. ) ;
#1403 = ADVANCED_FACE ( 'NONE', ( #1845 ), #4459, .F. ) ;
#1404 = FACE_OUTER_BOUND ( 'NONE', #5601, .T. ) ;
#1405 = LINE ( 'NONE', #6130, #2928 ) ;
#1406 = DIRECTION ( 'NONE',  ( -0.0000000000000000000, -0.0000000000000000000, -1.000000000000000000 ) ) ;
#1407 = CYLINDRICAL_SURFACE ( 'NONE', #3911, 1.300676720527752700 ) ;
#1408 = CARTESIAN_POINT ( 'NONE',  ( -20.32312030118735500, -5.543763817130849400, 0.7500000000000000000 ) ) ;
#1409 = CARTESIAN_POINT ( 'NONE',  ( 18.92413112117181100, -11.17008545127961100, 2.500000000000000000 ) ) ;
#1410 = DIRECTION ( 'NONE',  ( -0.0000000000000000000, -0.0000000000000000000, -1.000000000000000000 ) ) ;
#1411 = FACE_OUTER_BOUND ( 'NONE', #658, .T. ) ;
#1412 = LINE ( 'NONE', #879, #1260 ) ;
#1413 = CARTESIAN_POINT ( 'NONE',  ( -4.150000002045662700, 23.18800528677813900, 2.500000000000000000 ) ) ;
#1414 = CARTESIAN_POINT ( 'NONE',  ( -18.41218822660231100, 16.79459791957988600, 2.500000000000000000 ) ) ;
#1415 = DIRECTION ( 'NONE',  ( -1.000000000000000000, 0.0000000000000000000, 0.0000000000000000000 ) ) ;
#1416 = EDGE_CURVE ( 'NONE', #5550, #3938, #493, .T. ) ;
#1417 = CARTESIAN_POINT ( 'NONE',  ( -20.23718822636886100, 13.63360519617082300, -2.500000000000000000 ) ) ;
#1418 = FACE_OUTER_BOUND ( 'NONE', #4269, .T. ) ;
#1419 = LINE ( 'NONE', #49, #2469 ) ;
#1420 = CARTESIAN_POINT ( 'NONE',  ( -19.49959095023151100, -7.601762011296005800, 2.500000000000000000 ) ) ;
#1421 = AXIS2_PLACEMENT_3D ( 'NONE', #6195, #3349, #272 ) ;
#1422 = CARTESIAN_POINT ( 'NONE',  ( 3.400000002045663100, 22.21300528677813800, -2.299999999999999400 ) ) ;
#1423 = VERTEX_POINT ( 'NONE', #6349 ) ;
#1424 = EDGE_LOOP ( 'NONE', ( #1453, #3636, #739, #5822 ) ) ;
#1425 = DIRECTION ( 'NONE',  ( 1.000000000000000000, -4.966886529384738700E-014, 0.0000000000000000000 ) ) ;
#1426 = ORIENTED_EDGE ( 'NONE', *, *, #4742, .T. ) ;
#1427 = CIRCLE ( 'NONE', #3466, 0.09999999983821041000 ) ;
#1428 = AXIS2_PLACEMENT_3D ( 'NONE', #1043, #1017, #998 ) ;
#1429 = CARTESIAN_POINT ( 'NONE',  ( 15.83589132026820100, -13.44953778094068800, 2.500000000000000000 ) ) ;
#1430 = ORIENTED_EDGE ( 'NONE', *, *, #1859, .T. ) ;
#1431 = ORIENTED_EDGE ( 'NONE', *, *, #150, .T. ) ;
#1432 = LINE ( 'NONE', #1538, #6348 ) ;
#1433 = CARTESIAN_POINT ( 'NONE',  ( 3.400000002045663100, 24.99962553122773200, 2.500000000000000000 ) ) ;
#1434 = DIRECTION ( 'NONE',  ( -0.0000000000000000000, -0.0000000000000000000, -1.000000000000000000 ) ) ;
#1435 = AXIS2_PLACEMENT_3D ( 'NONE', #1552, #2584, #5984 ) ;
#1436 = PLANE ( 'NONE',  #5992 ) ;
#1437 = CARTESIAN_POINT ( 'NONE',  ( 18.98045816164531600, 13.91953526797897900, -2.500000000000000000 ) ) ;
#1438 = CARTESIAN_POINT ( 'NONE',  ( 15.31265031846410100, 22.16315505646136000, 2.500000000000000000 ) ) ;
#1439 = DIRECTION ( 'NONE',  ( -0.0000000000000000000, -0.0000000000000000000, -1.000000000000000000 ) ) ;
#1440 = EDGE_LOOP ( 'NONE', ( #3880, #574, #496, #4314 ) ) ;
#1441 = DIRECTION ( 'NONE',  ( 0.5000000000000324200, -0.8660254037844199400, 0.0000000000000000000 ) ) ;
#1442 = VERTEX_POINT ( 'NONE', #2986 ) ;
#1443 = AXIS2_PLACEMENT_3D ( 'NONE', #457, #4009, #956 ) ;
#1444 = PLANE ( 'NONE',  #2614 ) ;
#1445 = FACE_OUTER_BOUND ( 'NONE', #3055, .T. ) ;
#1446 = ADVANCED_FACE ( 'NONE', ( #5772, #4510 ), #3997, .F. ) ;
#1447 = VERTEX_POINT ( 'NONE', #5891 ) ;
#1448 = CARTESIAN_POINT ( 'NONE',  ( -15.88092025350710700, 19.28809240486044600, 2.500000000000000000 ) ) ;
#1449 = EDGE_CURVE ( 'NONE', #4372, #5641, #3051, .T. ) ;
#1450 = CARTESIAN_POINT ( 'NONE',  ( 17.50000000030953000, -13.00364120407689400, 2.500000000000000000 ) ) ;
#1451 = FACE_OUTER_BOUND ( 'NONE', #5400, .T. ) ;
#1452 = EDGE_CURVE ( 'NONE', #105, #3546, #1691, .T. ) ;
#1453 = ORIENTED_EDGE ( 'NONE', *, *, #573, .T. ) ;
#1454 = VERTEX_POINT ( 'NONE', #968 ) ;
#1455 = ORIENTED_EDGE ( 'NONE', *, *, #4409, .F. ) ;
#1456 = ORIENTED_EDGE ( 'NONE', *, *, #4386, .F. ) ;
#1457 = EDGE_LOOP ( 'NONE', ( #5186, #3141, #4185, #1133 ) ) ;
#1458 = DIRECTION ( 'NONE',  ( -3.214049404976714400E-016, -1.000000000000000000, 0.0000000000000000000 ) ) ;
#1459 = CARTESIAN_POINT ( 'NONE',  ( -18.30357279464852000, 14.97143063812468000, -2.500000000000000000 ) ) ;
#1460 = CARTESIAN_POINT ( 'NONE',  ( -16.40000000215205500, -11.34522402732296900, 2.500000000000000000 ) ) ;
#1461 = DIRECTION ( 'NONE',  ( -0.9816271833683853900, -0.1908089957843970600, -0.0000000000000000000 ) ) ;
#1462 = ORIENTED_EDGE ( 'NONE', *, *, #2396, .F. ) ;
#1463 = CARTESIAN_POINT ( 'NONE',  ( 29.19999999541644400, 6.603923229867603200, 2.500000000000000000 ) ) ;
#1464 = PLANE ( 'NONE',  #4780 ) ;
#1465 = CARTESIAN_POINT ( 'NONE',  ( 18.35575276356144100, 15.00155675722285900, -2.500000000000000000 ) ) ;
#1466 = ORIENTED_EDGE ( 'NONE', *, *, #3542, .T. ) ;
#1467 = EDGE_CURVE ( 'NONE', #2589, #2663, #5630, .T. ) ;
#1468 = CARTESIAN_POINT ( 'NONE',  ( 18.35575276356144100, 15.00155675722285900, -2.500000000000000000 ) ) ;
#1469 = DIRECTION ( 'NONE',  ( -1.000000000000000000, 0.0000000000000000000, 0.0000000000000000000 ) ) ;
#1470 = ORIENTED_EDGE ( 'NONE', *, *, #795, .F. ) ;
#1471 = EDGE_CURVE ( 'NONE', #2644, #368, #5470, .T. ) ;
#1472 = VERTEX_POINT ( 'NONE', #2010 ) ;
#1473 = CARTESIAN_POINT ( 'NONE',  ( -15.49999999999406200, -11.00364120398717200, 2.500000000000000000 ) ) ;
#1474 = PLANE ( 'NONE',  #4675 ) ;
#1475 = CARTESIAN_POINT ( 'NONE',  ( -19.49959095023150700, -10.43552779699717400, 2.500000000000000000 ) ) ;
#1476 = EDGE_CURVE ( 'NONE', #2739, #1980, #4062, .T. ) ;
#1477 = DIRECTION ( 'NONE',  ( -0.0000000000000000000, -0.0000000000000000000, -1.000000000000000000 ) ) ;
#1478 = DIRECTION ( 'NONE',  ( -1.000000000000000000, 0.0000000000000000000, 0.0000000000000000000 ) ) ;
#1479 = VECTOR ( 'NONE', #4698, 1000.000000000000100 ) ;
#1480 = FACE_OUTER_BOUND ( 'NONE', #2489, .T. ) ;
#1481 = AXIS2_PLACEMENT_3D ( 'NONE', #3120, #4115, #4600 ) ;
#1482 = ORIENTED_EDGE ( 'NONE', *, *, #3984, .T. ) ;
#1483 = CARTESIAN_POINT ( 'NONE',  ( 11.74999999895834100, 8.707139886832070600, 1.565301008999729700 ) ) ;
#1484 = AXIS2_PLACEMENT_3D ( 'NONE', #485, #977, #4514 ) ;
#1485 = VECTOR ( 'NONE', #3914, 1000.000000000000000 ) ;
#1486 = DIRECTION ( 'NONE',  ( 0.8660254037844400400, -0.4999999999999974500, 0.0000000000000000000 ) ) ;
#1487 = DIRECTION ( 'NONE',  ( -0.8660254037844491400, -0.4999999999999815700, -0.0000000000000000000 ) ) ;
#1488 = FACE_OUTER_BOUND ( 'NONE', #199, .T. ) ;
#1489 = CARTESIAN_POINT ( 'NONE',  ( -11.74999999895834100, 8.707139886832070600, 16.34081488719823500 ) ) ;
#1490 = ORIENTED_EDGE ( 'NONE', *, *, #3710, .F. ) ;
#1491 = DIRECTION ( 'NONE',  ( 0.9816271833683276600, -0.1908089957846946200, 0.0000000000000000000 ) ) ;
#1492 = CARTESIAN_POINT ( 'NONE',  ( -14.27897133052508100, 21.94224485420300400, 2.500000000000000000 ) ) ;
#1493 = VERTEX_POINT ( 'NONE', #5939 ) ;
#1494 = DIRECTION ( 'NONE',  ( -0.8660254037844555800, 0.4999999999999708000, 0.0000000000000000000 ) ) ;
#1495 = VECTOR ( 'NONE', #23, 1000.000000000000000 ) ;
#1496 = ORIENTED_EDGE ( 'NONE', *, *, #4123, .F. ) ;
#1497 = FACE_OUTER_BOUND ( 'NONE', #895, .T. ) ;
#1498 = DIRECTION ( 'NONE',  ( 0.4999999999999667500, -0.8660254037844578000, 0.0000000000000000000 ) ) ;
#1499 = DIRECTION ( 'NONE',  ( -0.7547095799499581300, 0.6560590293043437900, 0.0000000000000000000 ) ) ;
#1500 = DIRECTION ( 'NONE',  ( -1.000000000000000000, 0.0000000000000000000, 0.0000000000000000000 ) ) ;
#1501 = EDGE_CURVE ( 'NONE', #433, #2173, #2715, .T. ) ;
#1502 = FACE_OUTER_BOUND ( 'NONE', #4970, .T. ) ;
#1503 = DIRECTION ( 'NONE',  ( 0.0000000000000000000, 0.0000000000000000000, -1.000000000000000000 ) ) ;
#1504 = CIRCLE ( 'NONE', #5319, 0.9999999988734819000 ) ;
#1505 = CARTESIAN_POINT ( 'NONE',  ( 3.400000002045663100, 22.21300528677813800, -2.299999999999999400 ) ) ;
#1506 = AXIS2_PLACEMENT_3D ( 'NONE', #6029, #3154, #5085 ) ;
#1507 = FACE_OUTER_BOUND ( 'NONE', #2126, .T. ) ;
#1508 = EDGE_CURVE ( 'NONE', #4506, #3373, #5310, .T. ) ;
#1509 = VECTOR ( 'NONE', #2521, 1000.000000000000000 ) ;
#1510 = EDGE_CURVE ( 'NONE', #3497, #2351, #1, .T. ) ;
#1511 = DIRECTION ( 'NONE',  ( 0.0000000000000000000, 0.0000000000000000000, 1.000000000000000000 ) ) ;
#1512 = DIRECTION ( 'NONE',  ( 0.0000000000000000000, -0.0000000000000000000, -1.000000000000000000 ) ) ;
#1513 = DIRECTION ( 'NONE',  ( 0.0000000000000000000, 0.0000000000000000000, 1.000000000000000000 ) ) ;
#1514 = CYLINDRICAL_SURFACE ( 'NONE', #5875, 0.09999999983820173600 ) ;
#1515 = VERTEX_POINT ( 'NONE', #331 ) ;
#1516 = DIRECTION ( 'NONE',  ( 1.000000000000000000, 0.0000000000000000000, 0.0000000000000000000 ) ) ;
#1517 = ORIENTED_EDGE ( 'NONE', *, *, #5365, .F. ) ;
#1518 = DIRECTION ( 'NONE',  ( 0.4999999999999714100, 0.8660254037844551400, 0.0000000000000000000 ) ) ;
#1519 = ORIENTED_EDGE ( 'NONE', *, *, #6231, .T. ) ;
#1520 = DIRECTION ( 'NONE',  ( -0.8660254037844552500, -0.4999999999999713600, 0.0000000000000000000 ) ) ;
#1521 = CARTESIAN_POINT ( 'NONE',  ( -15.31265031846410100, 22.16315505646136000, -2.500000000000000000 ) ) ;
#1522 = EDGE_CURVE ( 'NONE', #2999, #6343, #4218, .T. ) ;
#1523 = CIRCLE ( 'NONE', #3352, 0.5326494769548433300 ) ;
#1524 = EDGE_CURVE ( 'NONE', #2128, #1720, #1523, .T. ) ;
#1525 = CARTESIAN_POINT ( 'NONE',  ( -21.70000000021520500, -14.10401566582430500, -2.299999999999999400 ) ) ;
#1526 = ORIENTED_EDGE ( 'NONE', *, *, #2199, .T. ) ;
#1527 = ORIENTED_EDGE ( 'NONE', *, *, #6169, .F. ) ;
#1528 = CARTESIAN_POINT ( 'NONE',  ( -18.41218822660231100, 16.79459791957988600, -2.500000000000000000 ) ) ;
#1529 = DIRECTION ( 'NONE',  ( 1.000000000000000000, -4.966886529384738700E-014, 0.0000000000000000000 ) ) ;
#1530 = ORIENTED_EDGE ( 'NONE', *, *, #3115, .F. ) ;
#1531 = CARTESIAN_POINT ( 'NONE',  ( -18.35575276356144100, 15.00155675722285900, 2.500000000000000000 ) ) ;
#1532 = LINE ( 'NONE', #4125, #4067 ) ;
#1533 = VERTEX_POINT ( 'NONE', #3899 ) ;
#1534 = AXIS2_PLACEMENT_3D ( 'NONE', #1629, #5108, #2144 ) ;
#1535 = ORIENTED_EDGE ( 'NONE', *, *, #2269, .T. ) ;
#1536 = DIRECTION ( 'NONE',  ( 0.0000000000000000000, 0.0000000000000000000, 1.000000000000000000 ) ) ;
#1537 = ORIENTED_EDGE ( 'NONE', *, *, #3786, .F. ) ;
#1538 = CARTESIAN_POINT ( 'NONE',  ( 15.91218822759062800, 21.12472493679034700, -2.500000000000000000 ) ) ;
#1539 = AXIS2_PLACEMENT_3D ( 'NONE', #5972, #5515, #2593 ) ;
#1540 = EDGE_LOOP ( 'NONE', ( #5278, #3320, #4782, #2674 ) ) ;
#1541 = CARTESIAN_POINT ( 'NONE',  ( -22.30000000017734500, -13.50401566570124600, -2.500000000000000000 ) ) ;
#1542 = CARTESIAN_POINT ( 'NONE',  ( -21.69999999912344200, -0.1968120246770747600, 2.500000000000000000 ) ) ;
#1543 = CARTESIAN_POINT ( 'NONE',  ( -10.35797482499406300, -11.41005778916108900, 2.500000000000000000 ) ) ;
#1544 = LINE ( 'NONE', #5251, #184 ) ;
#1545 = CARTESIAN_POINT ( 'NONE',  ( -21.38826631739767600, -5.627175663125189700, 0.7500000000000000000 ) ) ;
#1546 = DIRECTION ( 'NONE',  ( -0.4999999999999765200, -0.8660254037844522500, 0.0000000000000000000 ) ) ;
#1547 = VERTEX_POINT ( 'NONE', #1874 ) ;
#1548 = DIRECTION ( 'NONE',  ( -1.000000000000000000, 0.0000000000000000000, -0.0000000000000000000 ) ) ;
#1549 = FACE_OUTER_BOUND ( 'NONE', #279, .T. ) ;
#1550 = CARTESIAN_POINT ( 'NONE',  ( 3.400000002045663100, 21.49962553123286200, 2.500000000000000000 ) ) ;
#1551 = ORIENTED_EDGE ( 'NONE', *, *, #1278, .T. ) ;
#1552 = CARTESIAN_POINT ( 'NONE',  ( 3.150000002174445400, 21.35528796400980800, 2.500000000000000000 ) ) ;
#1553 = CARTESIAN_POINT ( 'NONE',  ( 15.90384995130953200, -13.63572638207689600, 2.500000000000000000 ) ) ;
#1554 = DIRECTION ( 'NONE',  ( -1.000000000000000000, 0.0000000000000000000, 0.0000000000000000000 ) ) ;
#1555 = CARTESIAN_POINT ( 'NONE',  ( -19.01172613572896400, 15.75616779990884600, -2.500000000000000000 ) ) ;
#1556 = ORIENTED_EDGE ( 'NONE', *, *, #1204, .T. ) ;
#1557 = ORIENTED_EDGE ( 'NONE', *, *, #3625, .F. ) ;
#1558 = CARTESIAN_POINT ( 'NONE',  ( -21.70000000021520500, -14.10401566582430500, -2.299999999999999400 ) ) ;
#1559 = VERTEX_POINT ( 'NONE', #2382 ) ;
#1560 = CARTESIAN_POINT ( 'NONE',  ( 20.91428571323091700, 12.20275692817411600, -2.500000000000000000 ) ) ;
#1561 = CARTESIAN_POINT ( 'NONE',  ( -14.08718822782419400, 24.28571766019937800, -2.500000000000000000 ) ) ;
#1562 = CARTESIAN_POINT ( 'NONE',  ( -14.39990571184790200, -7.104015669058178200, 2.500000000000000000 ) ) ;
#1563 = CARTESIAN_POINT ( 'NONE',  ( -4.150000002045662700, 22.48800528677813300, -2.299999999999999400 ) ) ;
#1564 = ORIENTED_EDGE ( 'NONE', *, *, #2034, .T. ) ;
#1565 = DIRECTION ( 'NONE',  ( 1.000000000000000000, 0.0000000000000000000, 0.0000000000000000000 ) ) ;
#1566 = ORIENTED_EDGE ( 'NONE', *, *, #150, .F. ) ;
#1567 = EDGE_CURVE ( 'NONE', #757, #3330, #3904, .T. ) ;
#1568 = CARTESIAN_POINT ( 'NONE',  ( -20.23718822636886100, 13.63360519617082300, 2.500000000000000000 ) ) ;
#1569 = FACE_OUTER_BOUND ( 'NONE', #3463, .T. ) ;
#1570 = CYLINDRICAL_SURFACE ( 'NONE', #876, 0.2000000000000022600 ) ;
#1571 = DIRECTION ( 'NONE',  ( 0.0000000000000000000, 0.0000000000000000000, -1.000000000000000000 ) ) ;
#1572 = DIRECTION ( 'NONE',  ( -0.4999999999999667500, -0.8660254037844578000, 0.0000000000000000000 ) ) ;
#1573 = DIRECTION ( 'NONE',  ( 0.6560590293046151300, 0.7547095799497222100, -0.0000000000000000000 ) ) ;
#1574 = FACE_OUTER_BOUND ( 'NONE', #1782, .T. ) ;
#1575 = VECTOR ( 'NONE', #5188, 1000.000000000000200 ) ;
#1576 = EDGE_LOOP ( 'NONE', ( #1205, #4953, #275, #2672 ) ) ;
#1577 = ORIENTED_EDGE ( 'NONE', *, *, #3848, .T. ) ;
#1578 = FACE_OUTER_BOUND ( 'NONE', #4081, .T. ) ;
#1579 = LINE ( 'NONE', #1363, #4122 ) ;
#1580 = EDGE_LOOP ( 'NONE', ( #99, #3541, #3844, #3915 ) ) ;
#1581 = CARTESIAN_POINT ( 'NONE',  ( 17.46921666266651500, 10.67642411053326300, 1.849020048975132300 ) ) ;
#1582 = AXIS2_PLACEMENT_3D ( 'NONE', #6334, #423, #3981 ) ;
#1583 = DIRECTION ( 'NONE',  ( -1.000000000000000000, 3.510146983370655300E-016, 0.0000000000000000000 ) ) ;
#1584 = PLANE ( 'NONE',  #1835 ) ;
#1585 = CARTESIAN_POINT ( 'NONE',  ( 15.90384995130953200, -13.63572638207689600, 2.500000000000000000 ) ) ;
#1586 = CYLINDRICAL_SURFACE ( 'NONE', #819, 0.09999999983821561400 ) ;
#1587 = CARTESIAN_POINT ( 'NONE',  ( 17.43068920757620800, 16.60381383641971500, -2.500000000000000000 ) ) ;
#1588 = CARTESIAN_POINT ( 'NONE',  ( 20.91428571323091700, 12.20275692817411600, 2.500000000000000000 ) ) ;
#1589 = DIRECTION ( 'NONE',  ( 0.0000000000000000000, -1.000000000000000000, 0.0000000000000000000 ) ) ;
#1590 = CIRCLE ( 'NONE', #5196, 1.999999999999997100 ) ;
#1591 = ORIENTED_EDGE ( 'NONE', *, *, #4352, .T. ) ;
#1592 = EDGE_CURVE ( 'NONE', #5783, #673, #6265, .T. ) ;
#1593 = LINE ( 'NONE', #3049, #2780 ) ;
#1594 = DIRECTION ( 'NONE',  ( -0.0000000000000000000, -0.0000000000000000000, -1.000000000000000000 ) ) ;
#1595 = LINE ( 'NONE', #992, #5377 ) ;
#1596 = EDGE_CURVE ( 'NONE', #3861, #6281, #1194, .T. ) ;
#1597 = CARTESIAN_POINT ( 'NONE',  ( -16.75380384057941200, 17.65570920656541200, 2.500000000000000000 ) ) ;
#1598 = DIRECTION ( 'NONE',  ( 0.0000000000000000000, 0.0000000000000000000, 1.000000000000000000 ) ) ;
#1599 = ORIENTED_EDGE ( 'NONE', *, *, #4686, .F. ) ;
#1600 = CYLINDRICAL_SURFACE ( 'NONE', #1798, 0.5326494769548433300 ) ;
#1601 = CARTESIAN_POINT ( 'NONE',  ( -16.80598380949233600, 17.68583532566359300, 2.500000000000000000 ) ) ;
#1602 = CIRCLE ( 'NONE', #2043, 1.300676720527752700 ) ;
#1603 = ORIENTED_EDGE ( 'NONE', *, *, #5290, .F. ) ;
#1604 = VERTEX_POINT ( 'NONE', #5327 ) ;
#1605 = VERTEX_POINT ( 'NONE', #1371 ) ;
#1606 = CARTESIAN_POINT ( 'NONE',  ( -21.65953340518653300, -2.311961707353948500, -2.500000000000000000 ) ) ;
#1607 = ORIENTED_EDGE ( 'NONE', *, *, #5575, .F. ) ;
#1608 = LINE ( 'NONE', #4552, #250 ) ;
#1609 = EDGE_CURVE ( 'NONE', #3623, #26, #1029, .T. ) ;
#1610 = DIRECTION ( 'NONE',  ( -0.0000000000000000000, -0.0000000000000000000, -1.000000000000000000 ) ) ;
#1611 = ORIENTED_EDGE ( 'NONE', *, *, #2552, .F. ) ;
#1612 = DIRECTION ( 'NONE',  ( 0.4999999999999667500, 0.8660254037844578000, 0.0000000000000000000 ) ) ;
#1613 = DIRECTION ( 'NONE',  ( -0.5720091515689448300, -0.8202472374359915900, 0.0000000000000000000 ) ) ;
#1614 = CARTESIAN_POINT ( 'NONE',  ( -17.91891975059718700, -14.98837953933072400, -2.500000000000000000 ) ) ;
#1615 = CARTESIAN_POINT ( 'NONE',  ( -21.27082858658739500, -15.47136618964875700, 2.500000000000000000 ) ) ;
#1616 = EDGE_CURVE ( 'NONE', #5482, #1700, #3770, .T. ) ;
#1617 = ORIENTED_EDGE ( 'NONE', *, *, #3528, .T. ) ;
#1618 = PLANE ( 'NONE',  #3745 ) ;
#1619 = EDGE_CURVE ( 'NONE', #2663, #966, #648, .T. ) ;
#1620 = DIRECTION ( 'NONE',  ( 0.0000000000000000000, -1.000000000000000000, 0.0000000000000000000 ) ) ;
#1621 = EDGE_LOOP ( 'NONE', ( #6291, #5046, #395, #126 ) ) ;
#1622 = DIRECTION ( 'NONE',  ( 0.9659258262992741500, 0.2588190450644318200, -0.0000000000000000000 ) ) ;
#1623 = DIRECTION ( 'NONE',  ( -0.0000000000000000000, -0.0000000000000000000, -1.000000000000000000 ) ) ;
#1624 = VERTEX_POINT ( 'NONE', #4899 ) ;
#1625 = LINE ( 'NONE', #108, #2859 ) ;
#1626 = AXIS2_PLACEMENT_3D ( 'NONE', #2430, #5850, #2935 ) ;
#1627 = VERTEX_POINT ( 'NONE', #2433 ) ;
#1628 = VECTOR ( 'NONE', #1022, 1000.000000000000000 ) ;
#1629 = CARTESIAN_POINT ( 'NONE',  ( -20.32379076660719600, 13.68360519608992700, 2.500000000000000000 ) ) ;
#1630 = PLANE ( 'NONE',  #3284 ) ;
#1631 = CARTESIAN_POINT ( 'NONE',  ( 18.98045816164531600, 13.91953526797897900, 2.500000000000000000 ) ) ;
#1632 = ORIENTED_EDGE ( 'NONE', *, *, #6301, .F. ) ;
#1633 = EDGE_LOOP ( 'NONE', ( #4622, #5677, #4491, #6197 ) ) ;
#1634 = ORIENTED_EDGE ( 'NONE', *, *, #2022, .T. ) ;
#1635 = CARTESIAN_POINT ( 'NONE',  ( -8.745941614151837100, -9.301315623114677000, 2.500000000000000000 ) ) ;
#1636 = DIRECTION ( 'NONE',  ( 0.0000000000000000000, 0.0000000000000000000, 1.000000000000000000 ) ) ;
#1637 = CARTESIAN_POINT ( 'NONE',  ( -17.10000000081374000, -7.804015668233099700, 2.500000000000000000 ) ) ;
#1638 = CARTESIAN_POINT ( 'NONE',  ( -19.49959095023150700, -12.57044518914671200, 2.500000000000000000 ) ) ;
#1639 = CARTESIAN_POINT ( 'NONE',  ( 15.83589132026820100, -13.44953778094068800, 2.500000000000000000 ) ) ;
#1640 = ORIENTED_EDGE ( 'NONE', *, *, #3244, .F. ) ;
#1641 = EDGE_LOOP ( 'NONE', ( #4331, #2956, #1152, #3177 ) ) ;
#1642 = EDGE_CURVE ( 'NONE', #1700, #1685, #1991, .T. ) ;
#1643 = ORIENTED_EDGE ( 'NONE', *, *, #5616, .F. ) ;
#1644 = CARTESIAN_POINT ( 'NONE',  ( -20.37379076652629800, 13.59700265585159900, 2.500000000000000000 ) ) ;
#1646 = ORIENTED_EDGE ( 'NONE', *, *, #714, .F. ) ;
#1645 = DIRECTION ( 'NONE',  ( -0.8660254037844529200, -0.4999999999999752400, 0.0000000000000000000 ) ) ;
#1647 = DIRECTION ( 'NONE',  ( -0.3420201433408672200, 0.9396926207803765200, 0.0000000000000000000 ) ) ;
#1648 = AXIS2_PLACEMENT_3D ( 'NONE', #6318, #3477, #409 ) ;
#1649 = DIRECTION ( 'NONE',  ( -0.0000000000000000000, -0.0000000000000000000, -1.000000000000000000 ) ) ;
#1650 = ORIENTED_EDGE ( 'NONE', *, *, #4986, .F. ) ;
#1651 = ORIENTED_EDGE ( 'NONE', *, *, #5332, .T. ) ;
#1652 = CARTESIAN_POINT ( 'NONE',  ( -11.74999999895837100, 4.355040764844139800, -1.765829050116358900 ) ) ;
#1653 = CARTESIAN_POINT ( 'NONE',  ( -11.74999999895837100, 4.355040764844139800, -1.765829050116358900 ) ) ;
#1654 = EDGE_CURVE ( 'NONE', #4810, #1515, #1714, .T. ) ;
#1655 = CARTESIAN_POINT ( 'NONE',  ( -21.65953340518653300, -2.311961707353948500, 2.500000000000000000 ) ) ;
#1656 = DIRECTION ( 'NONE',  ( -0.4999999999999735800, 0.8660254037844539200, -0.0000000000000000000 ) ) ;
#1657 = DIRECTION ( 'NONE',  ( 1.000000000000000000, 0.0000000000000000000, 0.0000000000000000000 ) ) ;
#1658 = VECTOR ( 'NONE', #6077, 1000.000000000000000 ) ;
#1659 = CYLINDRICAL_SURFACE ( 'NONE', #689, 0.09999999983821387900 ) ;
#1660 = CARTESIAN_POINT ( 'NONE',  ( -21.27082858658739500, -15.47136618964875700, -2.299999999999999400 ) ) ;
#1661 = VERTEX_POINT ( 'NONE', #4919 ) ;
#1662 = ORIENTED_EDGE ( 'NONE', *, *, #550, .F. ) ;
#1663 = LINE ( 'NONE', #4381, #2840 ) ;
#1664 = LINE ( 'NONE', #3602, #464 ) ;
#1665 = DIRECTION ( 'NONE',  ( -2.975191613162611600E-016, 1.000000000000000000, 0.0000000000000000000 ) ) ;
#1666 = ORIENTED_EDGE ( 'NONE', *, *, #2795, .T. ) ;
#1667 = CARTESIAN_POINT ( 'NONE',  ( 20.77020092771723400, 13.71040011547356700, 2.500000000000000000 ) ) ;
#1668 = DIRECTION ( 'NONE',  ( -0.4999999999999741300, -0.8660254037844535800, 0.0000000000000000000 ) ) ;
#1669 = ORIENTED_EDGE ( 'NONE', *, *, #5770, .F. ) ;
#1670 = LINE ( 'NONE', #1545, #4202 ) ;
#1671 = ORIENTED_EDGE ( 'NONE', *, *, #3398, .F. ) ;
#1672 = LINE ( 'NONE', #4264, #5451 ) ;
#1673 = DIRECTION ( 'NONE',  ( 0.8660254037844492500, -0.4999999999999816300, 0.0000000000000000000 ) ) ;
#1674 = VECTOR ( 'NONE', #2151, 1000.000000000000000 ) ;
#1675 = CARTESIAN_POINT ( 'NONE',  ( -3.150000002174445000, 17.40392322600979800, 2.500000000000000000 ) ) ;
#1676 = CARTESIAN_POINT ( 'NONE',  ( -16.80598380949233600, 17.68583532566359300, 2.500000000000000000 ) ) ;
#1677 = CARTESIAN_POINT ( 'NONE',  ( -17.20000000210718100, -13.10364119968240200, 2.500000000000000000 ) ) ;
#1678 = VECTOR ( 'NONE', #5118, 1000.000000000000000 ) ;
#1679 = PLANE ( 'NONE',  #1031 ) ;
#1680 = CARTESIAN_POINT ( 'NONE',  ( 20.37379076652629800, 13.59700265585159900, 2.500000000000000000 ) ) ;
#1681 = CYLINDRICAL_SURFACE ( 'NONE', #2608, 0.4999999996847734300 ) ;
#1682 = EDGE_CURVE ( 'NONE', #4487, #3812, #5496, .T. ) ;
#1683 = VECTOR ( 'NONE', #3100, 1000.000000000000000 ) ;
#1684 = EDGE_LOOP ( 'NONE', ( #1218, #2443, #2540, #753 ) ) ;
#1685 = VERTEX_POINT ( 'NONE', #3959 ) ;
#1686 = DIRECTION ( 'NONE',  ( 0.0000000000000000000, 1.000000000000000000, 0.0000000000000000000 ) ) ;
#1687 = AXIS2_PLACEMENT_3D ( 'NONE', #3129, #53, #3635 ) ;
#1688 = ORIENTED_EDGE ( 'NONE', *, *, #4410, .F. ) ;
#1689 = EDGE_CURVE ( 'NONE', #2019, #4747, #5334, .T. ) ;
#1690 = CARTESIAN_POINT ( 'NONE',  ( -16.86241927253320600, 19.47887648802062800, 2.500000000000000000 ) ) ;
#1691 = LINE ( 'NONE', #1985, #4364 ) ;
#1692 = ORIENTED_EDGE ( 'NONE', *, *, #6300, .T. ) ;
#1693 = CARTESIAN_POINT ( 'NONE',  ( 20.64357146418749900, 1.428256051882035700, -1.172439306139857300 ) ) ;
#1694 = ORIENTED_EDGE ( 'NONE', *, *, #3325, .T. ) ;
#1695 = LINE ( 'NONE', #1052, #5474 ) ;
#1696 = ADVANCED_FACE ( 'NONE', ( #2740 ), #6333, .F. ) ;
#1697 = ORIENTED_EDGE ( 'NONE', *, *, #578, .F. ) ;
#1698 = DIRECTION ( 'NONE',  ( 1.000000000000000000, 0.0000000000000000000, 0.0000000000000000000 ) ) ;
#1699 = DIRECTION ( 'NONE',  ( -0.0000000000000000000, -0.0000000000000000000, -1.000000000000000000 ) ) ;
#1700 = VERTEX_POINT ( 'NONE', #930 ) ;
#1701 = EDGE_CURVE ( 'NONE', #2312, #1106, #2892, .T. ) ;
#1702 = ORIENTED_EDGE ( 'NONE', *, *, #2968, .T. ) ;
#1703 = CARTESIAN_POINT ( 'NONE',  ( -22.25668631384427300, -12.20406033727681300, 2.500000000000000000 ) ) ;
#1704 = CARTESIAN_POINT ( 'NONE',  ( -19.77357672598779500, 10.06017695449230800, 1.976735682729735500 ) ) ;
#1705 = DIRECTION ( 'NONE',  ( 0.0000000000000000000, 0.0000000000000000000, 1.000000000000000000 ) ) ;
#1706 = ORIENTED_EDGE ( 'NONE', *, *, #1171, .T. ) ;
#1707 = CARTESIAN_POINT ( 'NONE',  ( 20.22495105353403800, -14.80085474768197100, -2.500000000000000000 ) ) ;
#1708 = CARTESIAN_POINT ( 'NONE',  ( 20.33900008853888900, 11.25910863744240800, -1.265707895067346400 ) ) ;
#1709 = CIRCLE ( 'NONE', #2049, 0.9999999988734819000 ) ;
#1710 = CARTESIAN_POINT ( 'NONE',  ( -16.30000000210718300, -13.54479547261122200, -2.500000000000000000 ) ) ;
#1711 = EDGE_LOOP ( 'NONE', ( #734, #1650, #192, #5591 ) ) ;
#1712 = CARTESIAN_POINT ( 'NONE',  ( 15.90641658462219400, -14.03538993896371800, -2.500000000000000000 ) ) ;
#1713 = AXIS2_PLACEMENT_3D ( 'NONE', #328, #834, #4384 ) ;
#1714 = LINE ( 'NONE', #5853, #338 ) ;
#1715 = ORIENTED_EDGE ( 'NONE', *, *, #3376, .T. ) ;
#1716 = AXIS2_PLACEMENT_3D ( 'NONE', #1004, #4542, #1536 ) ;
#1717 = CARTESIAN_POINT ( 'NONE',  ( 20.64357146418749900, 1.428256051882035300, 1.548643494635817200 ) ) ;
#1718 = DIRECTION ( 'NONE',  ( -0.7547095799499564700, 0.6560590293043456800, 0.0000000000000000000 ) ) ;
#1719 = CARTESIAN_POINT ( 'NONE',  ( 20.41204661421438300, 1.811013629576499600, 1.663419703789798900 ) ) ;
#1720 = VERTEX_POINT ( 'NONE', #2994 ) ;
#1721 = CARTESIAN_POINT ( 'NONE',  ( -18.92827819273239200, 13.88940914888079800, 2.500000000000000000 ) ) ;
#1722 = DIRECTION ( 'NONE',  ( 1.000000000000000000, 0.0000000000000000000, 0.0000000000000000000 ) ) ;
#1723 = VERTEX_POINT ( 'NONE', #5412 ) ;
#1724 = CARTESIAN_POINT ( 'NONE',  ( -20.21187792089728000, 2.198041198652344300, 1.765895872977025800 ) ) ;
#1725 = ADVANCED_FACE ( 'NONE', ( #1549 ), #2594, .T. ) ;
#1726 = EDGE_CURVE ( 'NONE', #1720, #1423, #189, .T. ) ;
#1727 = CARTESIAN_POINT ( 'NONE',  ( 20.23718822636886500, 13.63360519617082500, 2.500000000000000000 ) ) ;
#1728 = PLANE ( 'NONE',  #5087 ) ;
#1729 = ORIENTED_EDGE ( 'NONE', *, *, #5078, .F. ) ;
#1730 = DIRECTION ( 'NONE',  ( -0.2588190450644318200, 0.9659258262992742600, 0.0000000000000000000 ) ) ;
#1731 = VERTEX_POINT ( 'NONE', #1468 ) ;
#1732 = CARTESIAN_POINT ( 'NONE',  ( -16.75380384057941200, 17.65570920656541200, -2.500000000000000000 ) ) ;
#1733 = FACE_OUTER_BOUND ( 'NONE', #3987, .T. ) ;
#1734 = FACE_OUTER_BOUND ( 'NONE', #4521, .T. ) ;
#1735 = EDGE_CURVE ( 'NONE', #2013, #5745, #6290, .T. ) ;
#1736 = EDGE_CURVE ( 'NONE', #368, #4628, #3930, .T. ) ;
#1737 = VECTOR ( 'NONE', #109, 999.9999999999998900 ) ;
#1738 = DIRECTION ( 'NONE',  ( 0.6560590293043456800, -0.7547095799499564700, 0.0000000000000000000 ) ) ;
#1739 = VECTOR ( 'NONE', #4220, 1000.000000000000000 ) ;
#1740 = ORIENTED_EDGE ( 'NONE', *, *, #4351, .T. ) ;
#1741 = EDGE_CURVE ( 'NONE', #3843, #5133, #1222, .T. ) ;
#1742 = ORIENTED_EDGE ( 'NONE', *, *, #6189, .T. ) ;
#1743 = CARTESIAN_POINT ( 'NONE',  ( 20.37379076652629800, 13.59700265585159900, 2.500000000000000000 ) ) ;
#1744 = VECTOR ( 'NONE', #3738, 1000.000000000000100 ) ;
#1745 = LINE ( 'NONE', #2891, #221 ) ;
#1746 = EDGE_CURVE ( 'NONE', #2885, #4233, #2418, .T. ) ;
#1747 = DIRECTION ( 'NONE',  ( -1.097547044502174700E-016, -1.000000000000000000, 0.0000000000000000000 ) ) ;
#1748 = ORIENTED_EDGE ( 'NONE', *, *, #5154, .F. ) ;
#1749 = AXIS2_PLACEMENT_3D ( 'NONE', #4317, #6187, #3829 ) ;
#1750 = VECTOR ( 'NONE', #583, 1000.000000000000000 ) ;
#1751 = CARTESIAN_POINT ( 'NONE',  ( -19.79617934030841700, 10.03416277371939800, -1.552399387297584800 ) ) ;
#1752 = DIRECTION ( 'NONE',  ( -0.8660254037844373800, -0.5000000000000021100, 0.0000000000000000000 ) ) ;
#1753 = ORIENTED_EDGE ( 'NONE', *, *, #3943, .T. ) ;
#1754 = VECTOR ( 'NONE', #4596, 1000.000000000000100 ) ;
#1755 = AXIS2_PLACEMENT_3D ( 'NONE', #1563, #3121, #46 ) ;
#1756 = VECTOR ( 'NONE', #447, 1000.000000000000000 ) ;
#1757 = LINE ( 'NONE', #1450, #385 ) ;
#1758 = ADVANCED_FACE ( 'NONE', ( #3792 ), #4452, .T. ) ;
#1759 = ORIENTED_EDGE ( 'NONE', *, *, #1780, .T. ) ;
#1760 = VECTOR ( 'NONE', #2481, 1000.000000000000000 ) ;
#1761 = CARTESIAN_POINT ( 'NONE',  ( -17.37850923866328400, 16.57368771732153300, 2.500000000000000000 ) ) ;
#1762 = CARTESIAN_POINT ( 'NONE',  ( 19.22937579530405100, 7.488423573339184200, 2.282586302572261700 ) ) ;
#1763 = VECTOR ( 'NONE', #1439, 1000.000000000000000 ) ;
#1764 = CARTESIAN_POINT ( 'NONE',  ( -14.36241927352164900, 23.80900350523104700, 2.500000000000000000 ) ) ;
#1765 = ORIENTED_EDGE ( 'NONE', *, *, #6388, .T. ) ;
#1766 = DIRECTION ( 'NONE',  ( 1.000000000000000000, 0.0000000000000000000, 0.0000000000000000000 ) ) ;
#1767 = ORIENTED_EDGE ( 'NONE', *, *, #4318, .F. ) ;
#1768 = ORIENTED_EDGE ( 'NONE', *, *, #1862, .T. ) ;
#1769 = ORIENTED_EDGE ( 'NONE', *, *, #6316, .F. ) ;
#1770 = DIRECTION ( 'NONE',  ( -0.0000000000000000000, 1.000000000000000000, -0.0000000000000000000 ) ) ;
#1771 = ORIENTED_EDGE ( 'NONE', *, *, #6081, .T. ) ;
#1772 = CIRCLE ( 'NONE', #5518, 0.09999999983821214500 ) ;
#1773 = ORIENTED_EDGE ( 'NONE', *, *, #5490, .F. ) ;
#1774 = AXIS2_PLACEMENT_3D ( 'NONE', #2431, #5851, #2938 ) ;
#1775 = CARTESIAN_POINT ( 'NONE',  ( -20.24999999895820600, 11.63392459979429300, 1.565301008999729700 ) ) ;
#1776 = CARTESIAN_POINT ( 'NONE',  ( 14.17379076806253100, 24.33571766011848300, 2.500000000000000000 ) ) ;
#1777 = VERTEX_POINT ( 'NONE', #1492 ) ;
#1778 = VERTEX_POINT ( 'NONE', #4993 ) ;
#1779 = ORIENTED_EDGE ( 'NONE', *, *, #821, .F. ) ;
#1780 = EDGE_CURVE ( 'NONE', #4985, #1447, #2261, .T. ) ;
#1781 = LINE ( 'NONE', #2932, #745 ) ;
#1782 = EDGE_LOOP ( 'NONE', ( #3195, #983, #3720, #1092 ) ) ;
#1783 = AXIS2_PLACEMENT_3D ( 'NONE', #1793, #5253, #2301 ) ;
#1784 = CARTESIAN_POINT ( 'NONE',  ( -21.79873547088101700, -15.40044519969748500, 2.500000000000000000 ) ) ;
#1785 = FACE_OUTER_BOUND ( 'NONE', #5559, .T. ) ;
#1786 = DIRECTION ( 'NONE',  ( -0.0000000000000000000, 1.000000000000000000, -0.0000000000000000000 ) ) ;
#1787 = ADVANCED_FACE ( 'NONE', ( #6157 ), #3498, .F. ) ;
#1788 = ORIENTED_EDGE ( 'NONE', *, *, #1524, .T. ) ;
#1789 = ORIENTED_EDGE ( 'NONE', *, *, #592, .T. ) ;
#1790 = ORIENTED_EDGE ( 'NONE', *, *, #4984, .F. ) ;
#1791 = CARTESIAN_POINT ( 'NONE',  ( 20.99999999895848300, -13.82648468384631500, -2.500000000000000000 ) ) ;
#1792 = AXIS2_PLACEMENT_3D ( 'NONE', #571, #558, #549 ) ;
#1793 = CARTESIAN_POINT ( 'NONE',  ( -15.29999999999405900, -11.70364120424378600, -2.500000000000000000 ) ) ;
#1794 = CARTESIAN_POINT ( 'NONE',  ( -14.39990571184791600, -6.804015669358979500, 2.500000000000000000 ) ) ;
#1795 = VERTEX_POINT ( 'NONE', #6339 ) ;
#1796 = VERTEX_POINT ( 'NONE', #935 ) ;
#1797 = VERTEX_POINT ( 'NONE', #4949 ) ;
#1798 = AXIS2_PLACEMENT_3D ( 'NONE', #3496, #5394, #427 ) ;
#1799 = DIRECTION ( 'NONE',  ( 1.000000000000000000, 0.0000000000000000000, 0.0000000000000000000 ) ) ;
#1800 = DIRECTION ( 'NONE',  ( 1.000000000000000000, 0.0000000000000000000, 0.0000000000000000000 ) ) ;
#1801 = VERTEX_POINT ( 'NONE', #4469 ) ;
#1802 = ORIENTED_EDGE ( 'NONE', *, *, #4643, .T. ) ;
#1803 = ORIENTED_EDGE ( 'NONE', *, *, #4028, .T. ) ;
#1804 = EDGE_CURVE ( 'NONE', #321, #5525, #4896, .T. ) ;
#1805 = CIRCLE ( 'NONE', #1783, 0.2000000000000005100 ) ;
#1806 = VECTOR ( 'NONE', #6038, 1000.000000000000000 ) ;
#1807 = DIRECTION ( 'NONE',  ( -0.0000000000000000000, -0.0000000000000000000, -1.000000000000000000 ) ) ;
#1808 = EDGE_CURVE ( 'NONE', #3303, #105, #6016, .T. ) ;
#1809 = CARTESIAN_POINT ( 'NONE',  ( 18.41218822660231100, 16.79459791957988600, 2.500000000000000000 ) ) ;
#1810 = LINE ( 'NONE', #1175, #5436 ) ;
#1811 = FACE_OUTER_BOUND ( 'NONE', #3611, .T. ) ;
#1812 = ORIENTED_EDGE ( 'NONE', *, *, #3410, .T. ) ;
#1813 = DIRECTION ( 'NONE',  ( -0.9816271833683283300, 0.1908089957846906000, 0.0000000000000000000 ) ) ;
#1814 = CARTESIAN_POINT ( 'NONE',  ( -21.70000000021520500, -14.66549868070125000, 2.500000000000000000 ) ) ;
#1815 = ORIENTED_EDGE ( 'NONE', *, *, #5572, .F. ) ;
#1816 = DIRECTION ( 'NONE',  ( 1.000000000000000000, 0.0000000000000000000, 0.0000000000000000000 ) ) ;
#1817 = CARTESIAN_POINT ( 'NONE',  ( -22.09208908161787800, -2.562751632334589100, 2.500000000000000000 ) ) ;
#1818 = ORIENTED_EDGE ( 'NONE', *, *, #772, .F. ) ;
#1819 = CIRCLE ( 'NONE', #6308, 0.09999999983820173600 ) ;
#1820 = FACE_OUTER_BOUND ( 'NONE', #1684, .T. ) ;
#1821 = ORIENTED_EDGE ( 'NONE', *, *, #5584, .T. ) ;
#1822 = EDGE_CURVE ( 'NONE', #4226, #4337, #4759, .T. ) ;
#1823 = ORIENTED_EDGE ( 'NONE', *, *, #2641, .F. ) ;
#1824 = B_SPLINE_CURVE_WITH_KNOTS ( 'NONE', 3,
 ( #6153, #4733, #4273, #1233, #4755, #1762, #5222, #2266 ),
 .UNSPECIFIED., .F., .F.,
 ( 4, 2, 2, 4 ),
 ( 3.529906531158615100E-018, 0.002658632567396621200, 0.003987948851094927900, 0.005317265134793234600 ),
 .UNSPECIFIED. ) ;
#1825 = DIRECTION ( 'NONE',  ( -0.0000000000000000000, -0.0000000000000000000, -1.000000000000000000 ) ) ;
#1826 = CIRCLE ( 'NONE', #4849, 0.09999999983821214500 ) ;
#1827 = ORIENTED_EDGE ( 'NONE', *, *, #1322, .T. ) ;
#1828 = CARTESIAN_POINT ( 'NONE',  ( -19.01172613572896400, 15.75616779990884600, 2.500000000000000000 ) ) ;
#1829 = ADVANCED_FACE ( 'NONE', ( #3468 ), #603, .T. ) ;
#1830 = FACE_OUTER_BOUND ( 'NONE', #2585, .T. ) ;
#1831 = EDGE_CURVE ( 'NONE', #3097, #3174, #4613, .T. ) ;
#1832 = VECTOR ( 'NONE', #2124, 1000.000000000000000 ) ;
#1833 = EDGE_CURVE ( 'NONE', #2610, #6303, #1935, .T. ) ;
#1834 = FACE_OUTER_BOUND ( 'NONE', #4508, .T. ) ;
#1835 = AXIS2_PLACEMENT_3D ( 'NONE', #6022, #4618, #1612 ) ;
#1836 = CARTESIAN_POINT ( 'NONE',  ( -17.37850923866328400, 16.57368771732153300, 2.500000000000000000 ) ) ;
#1837 =( NAMED_UNIT ( * ) SI_UNIT ( $, .STERADIAN. ) SOLID_ANGLE_UNIT ( ) );
#1838 = FACE_OUTER_BOUND ( 'NONE', #5995, .T. ) ;
#1839 = CARTESIAN_POINT ( 'NONE',  ( 16.80598380949233600, 17.68583532566359300, 2.500000000000000000 ) ) ;
#1840 = ADVANCED_FACE ( 'NONE', ( #1785 ), #6382, .T. ) ;
#1841 = FACE_OUTER_BOUND ( 'NONE', #6220, .T. ) ;
#1842 = ORIENTED_EDGE ( 'NONE', *, *, #937, .T. ) ;
#1843 = ORIENTED_EDGE ( 'NONE', *, *, #3332, .T. ) ;
#1844 = EDGE_LOOP ( 'NONE', ( #2391, #3697, #4216, #2893 ) ) ;
#1845 = FACE_OUTER_BOUND ( 'NONE', #158, .T. ) ;
#1846 = DIRECTION ( 'NONE',  ( -0.0000000000000000000, -0.0000000000000000000, -1.000000000000000000 ) ) ;
#1847 = ORIENTED_EDGE ( 'NONE', *, *, #1046, .F. ) ;
#1848 = VECTOR ( 'NONE', #3591, 1000.000000000000200 ) ;
#1849 = EDGE_CURVE ( 'NONE', #2805, #5812, #5721, .T. ) ;
#1850 = ORIENTED_EDGE ( 'NONE', *, *, #6017, .F. ) ;
#1851 = VERTEX_POINT ( 'NONE', #5949 ) ;
#1852 = EDGE_LOOP ( 'NONE', ( #1244, #2697, #2842, #4874 ) ) ;
#1853 = DIRECTION ( 'NONE',  ( 0.6560590293043437900, -0.7547095799499581300, 0.0000000000000000000 ) ) ;
#1854 = CARTESIAN_POINT ( 'NONE',  ( 14.62730145530242800, 3.364306421666322800, -1.648326296050603800 ) ) ;
#1855 = DIRECTION ( 'NONE',  ( -1.000000000000000000, 0.0000000000000000000, 0.0000000000000000000 ) ) ;
#1856 = ADVANCED_FACE ( 'NONE', ( #5573 ), #2527, .F. ) ;
#1857 = EDGE_CURVE ( 'NONE', #4237, #2739, #2976, .T. ) ;
#1858 = EDGE_LOOP ( 'NONE', ( #3505, #3935, #4743, #3221 ) ) ;
#1859 = EDGE_CURVE ( 'NONE', #321, #5262, #418, .T. ) ;
#1860 = LINE ( 'NONE', #518, #333 ) ;
#1861 = ADVANCED_FACE ( 'NONE', ( #4312 ), #2558, .F. ) ;
#1862 = EDGE_CURVE ( 'NONE', #1035, #2592, #2815, .T. ) ;
#1863 = EDGE_CURVE ( 'NONE', #1121, #3843, #5409, .T. ) ;
#1864 = EDGE_LOOP ( 'NONE', ( #2058, #2150, #85, #2723 ) ) ;
#1865 = ORIENTED_EDGE ( 'NONE', *, *, #4541, .F. ) ;
#1866 = ADVANCED_FACE ( 'NONE', ( #4164 ), #2666, .T. ) ;
#1867 = AXIS2_PLACEMENT_3D ( 'NONE', #3687, #637, #4176 ) ;
#1868 = CARTESIAN_POINT ( 'NONE',  ( -21.69999999912344500, -0.1968120246770748100, 2.500000000000000000 ) ) ;
#1869 = ORIENTED_EDGE ( 'NONE', *, *, #1136, .T. ) ;
#1870 = CARTESIAN_POINT ( 'NONE',  ( 11.74999999895835500, 6.502519091575194000, 16.34081488719823500 ) ) ;
#1871 = AXIS2_PLACEMENT_3D ( 'NONE', #4083, #3105, #35 ) ;
#1872 = DIRECTION ( 'NONE',  ( -1.000000000000000000, 0.0000000000000000000, 0.0000000000000000000 ) ) ;
#1873 = ORIENTED_EDGE ( 'NONE', *, *, #5356, .F. ) ;
#1874 = CARTESIAN_POINT ( 'NONE',  ( 9.027849400114544000, -9.198709580215522800, -2.500000000000000000 ) ) ;
#1875 = ORIENTED_EDGE ( 'NONE', *, *, #5510, .F. ) ;
#1876 = DIRECTION ( 'NONE',  ( -0.0000000000000000000, -0.0000000000000000000, -1.000000000000000000 ) ) ;
#1877 = DIRECTION ( 'NONE',  ( 0.0000000000000000000, 0.0000000000000000000, 1.000000000000000000 ) ) ;
#1878 = LINE ( 'NONE', #555, #3412 ) ;
#1879 = VECTOR ( 'NONE', #4916, 1000.000000000000000 ) ;
#1880 = ADVANCED_FACE ( 'NONE', ( #106 ), #5985, .F. ) ;
#1881 = LINE ( 'NONE', #2117, #3107 ) ;
#1882 = LINE ( 'NONE', #4718, #1575 ) ;
#1883 = ADVANCED_FACE ( 'NONE', ( #4002 ), #3610, .F. ) ;
#1884 = VERTEX_POINT ( 'NONE', #1051 ) ;
#1885 = PLANE ( 'NONE',  #2631 ) ;
#1886 = ORIENTED_EDGE ( 'NONE', *, *, #5171, .T. ) ;
#1887 = CARTESIAN_POINT ( 'NONE',  ( 15.70564659430953600, -13.63572638207688900, -2.500000000000000000 ) ) ;
#1888 = CARTESIAN_POINT ( 'NONE',  ( -21.70000000021520500, -14.10401566582430500, 2.500000000000000000 ) ) ;
#1889 = VECTOR ( 'NONE', #4182, 1000.000000000000200 ) ;
#1890 = FILL_AREA_STYLE ('',( #4399 ) ) ;
#1891 = VECTOR ( 'NONE', #3855, 1000.000000000000000 ) ;
#1892 = CARTESIAN_POINT ( 'NONE',  ( -16.30000000210718300, -13.34479547368240300, 2.500000000000000000 ) ) ;
#1893 = CARTESIAN_POINT ( 'NONE',  ( 3.400000002045663100, 21.49962553123286200, -2.500000000000000000 ) ) ;
#1894 = ADVANCED_FACE ( 'NONE', ( #1451 ), #3460, .F. ) ;
#1895 = PLANE ( 'NONE',  #5998 ) ;
#1896 = CIRCLE ( 'NONE', #5621, 1.999999999999997100 ) ;
#1897 = EDGE_CURVE ( 'NONE', #5358, #1394, #5126, .T. ) ;
#1898 = ORIENTED_EDGE ( 'NONE', *, *, #4057, .T. ) ;
#1899 = DIRECTION ( 'NONE',  ( 0.0000000000000000000, 0.0000000000000000000, 1.000000000000000000 ) ) ;
#1900 = LINE ( 'NONE', #5366, #5686 ) ;
#1901 = VECTOR ( 'NONE', #1546, 1000.000000000000000 ) ;
#1902 = ORIENTED_EDGE ( 'NONE', *, *, #5185, .F. ) ;
#1903 = FACE_OUTER_BOUND ( 'NONE', #1633, .T. ) ;
#1904 = AXIS2_PLACEMENT_3D ( 'NONE', #2882, #2819, #2813 ) ;
#1905 = LINE ( 'NONE', #1893, #572 ) ;
#1906 = DIRECTION ( 'NONE',  ( -1.000000000000000000, 0.0000000000000000000, 0.0000000000000000000 ) ) ;
#1907 = CARTESIAN_POINT ( 'NONE',  ( 3.400000002045663100, 24.99962553122773200, 2.500000000000000000 ) ) ;
#1908 = AXIS2_PLACEMENT_3D ( 'NONE', #5005, #5477, #969 ) ;
#1909 = PLANE ( 'NONE',  #4089 ) ;
#1910 = CARTESIAN_POINT ( 'NONE',  ( -15.25621485542323300, 20.37011389410433200, -2.500000000000000000 ) ) ;
#1911 = ORIENTED_EDGE ( 'NONE', *, *, #5034, .F. ) ;
#1912 = ORIENTED_EDGE ( 'NONE', *, *, #6054, .T. ) ;
#1913 = VERTEX_POINT ( 'NONE', #4435 ) ;
#1914 = ORIENTED_EDGE ( 'NONE', *, *, #3007, .F. ) ;
#1915 = ORIENTED_EDGE ( 'NONE', *, *, #1257, .F. ) ;
#1916 = LINE ( 'NONE', #6067, #584 ) ;
#1917 = DIRECTION ( 'NONE',  ( -0.4999999999999667500, 0.8660254037844578000, -0.0000000000000000000 ) ) ;
#1918 = PLANE ( 'NONE',  #212 ) ;
#1919 = ORIENTED_EDGE ( 'NONE', *, *, #3699, .T. ) ;
#1920 = ADVANCED_FACE ( 'NONE', ( #5265 ), #894, .F. ) ;
#1921 = ORIENTED_EDGE ( 'NONE', *, *, #578, .T. ) ;
#1922 = DIRECTION ( 'NONE',  ( -0.0000000000000000000, -0.0000000000000000000, -1.000000000000000000 ) ) ;
#1923 = EDGE_CURVE ( 'NONE', #3303, #1913, #2496, .T. ) ;
#1924 = CARTESIAN_POINT ( 'NONE',  ( -20.95884655956168500, -12.11820054734851100, -2.500000000000000000 ) ) ;
#1925 = EDGE_CURVE ( 'NONE', #5852, #2097, #1134, .T. ) ;
#1926 = EDGE_LOOP ( 'NONE', ( #5971, #3583, #245, #169 ) ) ;
#1927 = DIRECTION ( 'NONE',  ( 3.654769042192353500E-015, -1.000000000000000000, 0.0000000000000000000 ) ) ;
#1928 = VERTEX_POINT ( 'NONE', #5379 ) ;
#1929 = VECTOR ( 'NONE', #3439, 1000.000000000000000 ) ;
#1930 = VERTEX_POINT ( 'NONE', #4454 ) ;
#1931 = DIRECTION ( 'NONE',  ( -0.0000000000000000000, -0.0000000000000000000, -1.000000000000000000 ) ) ;
#1932 = CARTESIAN_POINT ( 'NONE',  ( -22.25668631384427300, -12.20406033727681300, -2.299999999999999400 ) ) ;
#1933 = AXIS2_PLACEMENT_3D ( 'NONE', #1868, #3420, #342 ) ;
#1934 = CARTESIAN_POINT ( 'NONE',  ( 16.40013342010392000, -11.90364120424379400, 2.500000000000000000 ) ) ;
#1935 = LINE ( 'NONE', #460, #4453 ) ;
#1936 = CARTESIAN_POINT ( 'NONE',  ( -19.49959095023151100, -7.601762011296005800, 2.500000000000000000 ) ) ;
#1937 = EDGE_CURVE ( 'NONE', #3778, #4251, #971, .T. ) ;
#1938 = CARTESIAN_POINT ( 'NONE',  ( 13.65426593244120400, 23.02426634344688200, 2.500000000000000000 ) ) ;
#1939 = EDGE_LOOP ( 'NONE', ( #3746, #394, #318, #4168 ) ) ;
#1940 = ORIENTED_EDGE ( 'NONE', *, *, #3795, .T. ) ;
#1941 = CARTESIAN_POINT ( 'NONE',  ( 15.83589132026820100, -13.44953778094068800, -2.500000000000000000 ) ) ;
#1942 = EDGE_CURVE ( 'NONE', #6109, #4193, #6219, .T. ) ;
#1943 = DIRECTION ( 'NONE',  ( -1.224323820077161300E-015, 1.000000000000000000, 0.0000000000000000000 ) ) ;
#1944 = CARTESIAN_POINT ( 'NONE',  ( -17.91891975059718700, -14.98837953933072400, 2.500000000000000000 ) ) ;
#1945 = CARTESIAN_POINT ( 'NONE',  ( -15.31265031846410100, 22.16315505646136000, -2.500000000000000000 ) ) ;
#1946 = ORIENTED_EDGE ( 'NONE', *, *, #349, .T. ) ;
#1947 = EDGE_CURVE ( 'NONE', #3608, #1796, #4822, .T. ) ;
#1948 = ORIENTED_EDGE ( 'NONE', *, *, #300, .T. ) ;
#1949 = CARTESIAN_POINT ( 'NONE',  ( 20.99999999895845100, 13.43199169057949400, 2.500000000000000000 ) ) ;
#1950 = ADVANCED_FACE ( 'NONE', ( #2336 ), #4474, .F. ) ;
#1951 = AXIS2_PLACEMENT_3D ( 'NONE', #2404, #3940, #877 ) ;
#1952 = CARTESIAN_POINT ( 'NONE',  ( 16.86241927253306700, 19.47887648802093400, 2.500000000000000000 ) ) ;
#1953 = VERTEX_POINT ( 'NONE', #940 ) ;
#1954 = ORIENTED_EDGE ( 'NONE', *, *, #902, .T. ) ;
#1955 = ORIENTED_EDGE ( 'NONE', *, *, #3454, .F. ) ;
#1956 = CIRCLE ( 'NONE', #2461, 0.9999999988735199800 ) ;
#1957 = CARTESIAN_POINT ( 'NONE',  ( -16.30000000210718300, -13.34479547368240300, 2.500000000000000000 ) ) ;
#1958 = AXIS2_PLACEMENT_3D ( 'NONE', #4937, #5405, #2470 ) ;
#1959 = LINE ( 'NONE', #3164, #1806 ) ;
#1960 = DIRECTION ( 'NONE',  ( 0.0000000000000000000, 0.0000000000000000000, 1.000000000000000000 ) ) ;
#1961 = DIRECTION ( 'NONE',  ( 0.0000000000000000000, 0.0000000000000000000, 1.000000000000000000 ) ) ;
#1962 = DIRECTION ( 'NONE',  ( -0.8660254037844921100, -0.4999999999999073500, 0.0000000000000000000 ) ) ;
#1963 = CARTESIAN_POINT ( 'NONE',  ( 17.46195718165978400, 18.44044636834895100, 2.500000000000000000 ) ) ;
#1964 = DIRECTION ( 'NONE',  ( -0.0000000000000000000, -0.0000000000000000000, -1.000000000000000000 ) ) ;
#1965 = CARTESIAN_POINT ( 'NONE',  ( 20.00000000008497000, -13.82648468384625100, 2.500000000000000000 ) ) ;
#1966 = CARTESIAN_POINT ( 'NONE',  ( 14.33115129943800300, 21.97237097330118500, 2.500000000000000000 ) ) ;
#1967 = LINE ( 'NONE', #5271, #4638 ) ;
#1968 = ORIENTED_EDGE ( 'NONE', *, *, #3369, .F. ) ;
#1969 = ORIENTED_EDGE ( 'NONE', *, *, #984, .T. ) ;
#1970 = CARTESIAN_POINT ( 'NONE',  ( 3.400000002045663100, 24.99962553122773200, -2.500000000000000000 ) ) ;
#1971 = ORIENTED_EDGE ( 'NONE', *, *, #1136, .F. ) ;
#1972 = CARTESIAN_POINT ( 'NONE',  ( 20.37379076652629800, 13.59700265585159900, 2.500000000000000000 ) ) ;
#1973 = CARTESIAN_POINT ( 'NONE',  ( 15.70564659430954400, -13.63572638207688900, -2.500000000000000000 ) ) ;
#1974 = DIRECTION ( 'NONE',  ( -0.0000000000000000000, -0.0000000000000000000, -1.000000000000000000 ) ) ;
#1975 = VECTOR ( 'NONE', #4792, 1000.000000000000200 ) ;
#1976 = EDGE_CURVE ( 'NONE', #4193, #4985, #816, .T. ) ;
#1977 = VECTOR ( 'NONE', #970, 1000.000000000000000 ) ;
#1978 = ORIENTED_EDGE ( 'NONE', *, *, #2665, .F. ) ;
#1979 = DIRECTION ( 'NONE',  ( -0.8660254037844813400, 0.4999999999999259500, 0.0000000000000000000 ) ) ;
#1980 = VERTEX_POINT ( 'NONE', #3008 ) ;
#1981 = VECTOR ( 'NONE', #5958, 1000.000000000000000 ) ;
#1982 = AXIS2_PLACEMENT_3D ( 'NONE', #5836, #6297, #3456 ) ;
#1983 = ORIENTED_EDGE ( 'NONE', *, *, #5154, .T. ) ;
#1984 = CYLINDRICAL_SURFACE ( 'NONE', #2765, 0.2999999996985240900 ) ;
#1985 = CARTESIAN_POINT ( 'NONE',  ( -3.150000002174445000, 21.35528796400981800, -2.500000000000000000 ) ) ;
#1986 = CARTESIAN_POINT ( 'NONE',  ( 15.84693374505634700, -14.22714598399836200, 2.500000000000000000 ) ) ;
#1987 = PLANE ( 'NONE',  #210 ) ;
#1988 = DIRECTION ( 'NONE',  ( -0.0000000000000000000, -0.0000000000000000000, -1.000000000000000000 ) ) ;
#1989 = VECTOR ( 'NONE', #1065, 1000.000000000000000 ) ;
#1990 = CARTESIAN_POINT ( 'NONE',  ( -20.32379076660719600, 13.68360519608992700, -2.500000000000000000 ) ) ;
#1991 = CIRCLE ( 'NONE', #3999, 0.2999999996985205900 ) ;
#1992 = DIRECTION ( 'NONE',  ( 0.0000000000000000000, 0.0000000000000000000, 1.000000000000000000 ) ) ;
#1993 = DIRECTION ( 'NONE',  ( -0.5000000000000324200, 0.8660254037844199400, -0.0000000000000000000 ) ) ;
#1994 = DIRECTION ( 'NONE',  ( -0.06601162960377628100, 0.9978188536788898900, 0.0000000000000000000 ) ) ;
#1995 = EDGE_CURVE ( 'NONE', #6343, #4911, #4691, .T. ) ;
#1996 = CARTESIAN_POINT ( 'NONE',  ( 11.74999999895835500, 6.502519091575194000, 16.34081488719823500 ) ) ;
#1997 = VECTOR ( 'NONE', #1594, 1000.000000000000000 ) ;
#1998 = ADVANCED_FACE ( 'NONE', ( #3714 ), #2005, .F. ) ;
#1999 = CARTESIAN_POINT ( 'NONE',  ( -15.20403488651030900, 20.33998777500614700, 2.500000000000000000 ) ) ;
#2000 = VECTOR ( 'NONE', #3004, 1000.000000000000100 ) ;
#2001 = DIRECTION ( 'NONE',  ( -0.0000000000000000000, -0.0000000000000000000, -1.000000000000000000 ) ) ;
#2002 = VECTOR ( 'NONE', #510, 1000.000000000000100 ) ;
#2003 = ORIENTED_EDGE ( 'NONE', *, *, #97, .T. ) ;
#2004 = ORIENTED_EDGE ( 'NONE', *, *, #3903, .F. ) ;
#2005 = PLANE ( 'NONE',  #1351 ) ;
#2006 = CYLINDRICAL_SURFACE ( 'NONE', #924, 0.2999999996985188700 ) ;
#2007 = CARTESIAN_POINT ( 'NONE',  ( 16.75380384057941200, 17.65570920656541200, 2.500000000000000000 ) ) ;
#2008 = ORIENTED_EDGE ( 'NONE', *, *, #889, .T. ) ;
#2009 = VECTOR ( 'NONE', #6407, 1000.000000000000000 ) ;
#2010 = CARTESIAN_POINT ( 'NONE',  ( -4.150000002045662700, 22.48800528677813300, -2.299999999999999400 ) ) ;
#2011 = CARTESIAN_POINT ( 'NONE',  ( 4.150000002045662700, 22.48800528677813700, 2.500000000000000000 ) ) ;
#2012 = CARTESIAN_POINT ( 'NONE',  ( -20.37379076652630200, 13.59700265585159500, -2.500000000000000000 ) ) ;
#2013 = VERTEX_POINT ( 'NONE', #4980 ) ;
#2014 = CARTESIAN_POINT ( 'NONE',  ( 14.47020092941525800, 24.62232020021711400, 2.500000000000000000 ) ) ;
#2015 = DIRECTION ( 'NONE',  ( -1.000000000000000000, 0.0000000000000000000, 0.0000000000000000000 ) ) ;
#2016 = ORIENTED_EDGE ( 'NONE', *, *, #5413, .T. ) ;
#2017 = ORIENTED_EDGE ( 'NONE', *, *, #3867, .T. ) ;
#2018 = CARTESIAN_POINT ( 'NONE',  ( -15.88092025350710700, 19.28809240486044600, 2.500000000000000000 ) ) ;
#2019 = VERTEX_POINT ( 'NONE', #5426 ) ;
#2020 = DIRECTION ( 'NONE',  ( -0.0000000000000000000, -0.0000000000000000000, -1.000000000000000000 ) ) ;
#2021 = CARTESIAN_POINT ( 'NONE',  ( 14.17379076806253100, 24.33571766011848300, 2.500000000000000000 ) ) ;
#2022 = EDGE_CURVE ( 'NONE', #1624, #215, #2024, .T. ) ;
#2023 = CARTESIAN_POINT ( 'NONE',  ( 14.27897133052508100, 21.94224485420300400, -2.500000000000000000 ) ) ;
#2024 = LINE ( 'NONE', #3551, #5786 ) ;
#2025 = AXIS2_PLACEMENT_3D ( 'NONE', #5509, #4580, #1571 ) ;
#2026 = EDGE_CURVE ( 'NONE', #3725, #4810, #676, .T. ) ;
#2027 = VERTEX_POINT ( 'NONE', #3037 ) ;
#2028 = ORIENTED_EDGE ( 'NONE', *, *, #5316, .F. ) ;
#2029 = PLANE ( 'NONE',  #6212 ) ;
#2030 = ORIENTED_EDGE ( 'NONE', *, *, #15, .F. ) ;
#2031 = CARTESIAN_POINT ( 'NONE',  ( 13.70644590135413000, 23.05439246254506000, 2.500000000000000000 ) ) ;
#2032 = PLANE ( 'NONE',  #270 ) ;
#2033 = CARTESIAN_POINT ( 'NONE',  ( -19.19959095023151000, -16.30240821100000300, 2.500000000000000000 ) ) ;
#2034 = EDGE_CURVE ( 'NONE', #2864, #311, #4531, .T. ) ;
#2035 = ORIENTED_EDGE ( 'NONE', *, *, #2843, .T. ) ;
#2036 = PLANE ( 'NONE',  #4615 ) ;
#2037 = ORIENTED_EDGE ( 'NONE', *, *, #5223, .F. ) ;
#2038 = CARTESIAN_POINT ( 'NONE',  ( 15.70564659430954400, -13.63572638207688900, 2.500000000000000000 ) ) ;
#2039 = PLANE ( 'NONE',  #1187 ) ;
#2040 = DIRECTION ( 'NONE',  ( 0.8660254037844400400, -0.4999999999999974500, 0.0000000000000000000 ) ) ;
#2041 = CARTESIAN_POINT ( 'NONE',  ( -4.150000002045662700, 23.18800528677813900, -2.299999999999999400 ) ) ;
#2042 = ORIENTED_EDGE ( 'NONE', *, *, #2196, .F. ) ;
#2043 = AXIS2_PLACEMENT_3D ( 'NONE', #901, #784, #480 ) ;
#2044 = CARTESIAN_POINT ( 'NONE',  ( -14.33115129943800300, 21.97237097330118500, 2.500000000000000000 ) ) ;
#2045 = CARTESIAN_POINT ( 'NONE',  ( -14.47020092941525800, 24.62232020021711400, 2.500000000000000000 ) ) ;
#2046 = LINE ( 'NONE', #3082, #4558 ) ;
#2047 = CIRCLE ( 'NONE', #3091, 1.300676720527752700 ) ;
#2048 = PRESENTATION_LAYER_ASSIGNMENT (  '', '', ( #1345 ) ) ;
#2049 = AXIS2_PLACEMENT_3D ( 'NONE', #3836, #779, #4324 ) ;
#2050 = VECTOR ( 'NONE', #5404, 1000.000000000000000 ) ;
#2051 = DIRECTION ( 'NONE',  ( -0.8660254037844491400, 0.4999999999999815700, 0.0000000000000000000 ) ) ;
#2052 = DIRECTION ( 'NONE',  ( 1.000000000000000000, 0.0000000000000000000, 0.0000000000000000000 ) ) ;
#2053 = FACE_OUTER_BOUND ( 'NONE', #2695, .T. ) ;
#2054 = ORIENTED_EDGE ( 'NONE', *, *, #5441, .F. ) ;
#2055 = CARTESIAN_POINT ( 'NONE',  ( 20.99999999895845100, 13.43199169057949400, 2.500000000000000000 ) ) ;
#2056 = DIRECTION ( 'NONE',  ( 0.0000000000000000000, -1.000000000000000000, 0.0000000000000000000 ) ) ;
#2057 = CARTESIAN_POINT ( 'NONE',  ( 15.20403488651030700, 20.33998777500599400, -2.500000000000000000 ) ) ;
#2058 = ORIENTED_EDGE ( 'NONE', *, *, #3550, .T. ) ;
#2059 = CARTESIAN_POINT ( 'NONE',  ( -19.96195718067141600, 14.11031935113915400, 2.500000000000000000 ) ) ;
#2060 = CYLINDRICAL_SURFACE ( 'NONE', #347, 0.4935834150825418300 ) ;
#2061 = LINE ( 'NONE', #305, #1891 ) ;
#2062 = DIRECTION ( 'NONE',  ( -0.4999999999999741300, -0.8660254037844535800, 0.0000000000000000000 ) ) ;
#2063 = PLANE ( 'NONE',  #1435 ) ;
#2064 = CARTESIAN_POINT ( 'NONE',  ( -15.29999999999405900, -11.70364120424378600, 2.500000000000000000 ) ) ;
#2065 = DIRECTION ( 'NONE',  ( 0.0000000000000000000, 1.000000000000000000, 0.0000000000000000000 ) ) ;
#2066 = CARTESIAN_POINT ( 'NONE',  ( -18.35575276356144100, 15.00155675722285900, 2.500000000000000000 ) ) ;
#2067 = EDGE_CURVE ( 'NONE', #6281, #3861, #3238, .T. ) ;
#2068 = FACE_OUTER_BOUND ( 'NONE', #376, .T. ) ;
#2069 = LINE ( 'NONE', #4046, #717 ) ;
#2070 = AXIS2_PLACEMENT_3D ( 'NONE', #4190, #156, #684 ) ;
#2071 = FACE_OUTER_BOUND ( 'NONE', #2244, .T. ) ;
#2072 = EDGE_CURVE ( 'NONE', #4907, #6026, #5941, .T. ) ;
#2073 = LINE ( 'NONE', #1639, #720 ) ;
#2074 = EDGE_CURVE ( 'NONE', #4441, #5708, #517, .T. ) ;
#2075 = CARTESIAN_POINT ( 'NONE',  ( -4.150000002045662700, 22.48800528677813300, -2.299999999999999400 ) ) ;
#2076 = ORIENTED_EDGE ( 'NONE', *, *, #3827, .F. ) ;
#2077 = VECTOR ( 'NONE', #5347, 1000.000000000000000 ) ;
#2078 = CARTESIAN_POINT ( 'NONE',  ( -10.35797482499406300, -11.90364120424378800, 2.500000000000000000 ) ) ;
#2079 = CARTESIAN_POINT ( 'NONE',  ( 17.37850923866328400, 16.57368771732153300, 2.500000000000000000 ) ) ;
#2080 = DIRECTION ( 'NONE',  ( 0.8660254037844242700, -0.5000000000000247600, 0.0000000000000000000 ) ) ;
#2081 = CARTESIAN_POINT ( 'NONE',  ( 11.74999999895834100, 8.707139886832070600, -1.758960387251772700 ) ) ;
#2082 = LINE ( 'NONE', #1199, #4428 ) ;
#2083 = EDGE_CURVE ( 'NONE', #5552, #5609, #1860, .T. ) ;
#2084 = ORIENTED_EDGE ( 'NONE', *, *, #2543, .T. ) ;
#2085 = ORIENTED_EDGE ( 'NONE', *, *, #2823, .F. ) ;
#2086 = EDGE_CURVE ( 'NONE', #2172, #1106, #4377, .T. ) ;
#2087 = ORIENTED_EDGE ( 'NONE', *, *, #4355, .F. ) ;
#2088 = ORIENTED_EDGE ( 'NONE', *, *, #2597, .T. ) ;
#2089 = DIRECTION ( 'NONE',  ( 0.6560590293043456800, -0.7547095799499564700, 0.0000000000000000000 ) ) ;
#2090 = DIRECTION ( 'NONE',  ( -0.0000000000000000000, -0.0000000000000000000, 1.000000000000000000 ) ) ;
#2091 = LINE ( 'NONE', #4171, #3307 ) ;
#2092 = ORIENTED_EDGE ( 'NONE', *, *, #3332, .F. ) ;
#2093 = AXIS2_PLACEMENT_3D ( 'NONE', #4804, #2332, #5762 ) ;
#2094 = DIRECTION ( 'NONE',  ( -0.9816271833683276600, -0.1908089957846946200, -0.0000000000000000000 ) ) ;
#2095 = EDGE_LOOP ( 'NONE', ( #1140, #5193, #5888, #1202 ) ) ;
#2096 = AXIS2_PLACEMENT_3D ( 'NONE', #90, #3668, #616 ) ;
#2097 = VERTEX_POINT ( 'NONE', #11 ) ;
#2098 = ORIENTED_EDGE ( 'NONE', *, *, #4321, .F. ) ;
#2099 = CARTESIAN_POINT ( 'NONE',  ( -17.91891975059718700, -14.98837953933072400, -2.500000000000000000 ) ) ;
#2100 = DIRECTION ( 'NONE',  ( 0.0000000000000000000, 0.0000000000000000000, 1.000000000000000000 ) ) ;
#2101 = DIRECTION ( 'NONE',  ( 1.000000000000000000, 0.0000000000000000000, 0.0000000000000000000 ) ) ;
#2102 = VECTOR ( 'NONE', #853, 1000.000000000000000 ) ;
#2103 = CARTESIAN_POINT ( 'NONE',  ( 20.99999999895845100, 13.43199169057949400, 2.500000000000000000 ) ) ;
#2104 = DIRECTION ( 'NONE',  ( -0.0000000000000000000, -0.0000000000000000000, -1.000000000000000000 ) ) ;
#2105 = CARTESIAN_POINT ( 'NONE',  ( 15.90384995130953200, -13.63572638207689600, -2.500000000000000000 ) ) ;
#2106 = VERTEX_POINT ( 'NONE', #1791 ) ;
#2107 = VECTOR ( 'NONE', #3522, 1000.000000000000000 ) ;
#2108 = DIRECTION ( 'NONE',  ( -0.0000000000000000000, -0.0000000000000000000, -1.000000000000000000 ) ) ;
#2109 = ORIENTED_EDGE ( 'NONE', *, *, #4422, .T. ) ;
#2110 = DIRECTION ( 'NONE',  ( -0.6560590293043437900, 0.7547095799499581300, 0.0000000000000000000 ) ) ;
#2111 = DIRECTION ( 'NONE',  ( -0.4999999999999741300, -0.8660254037844535800, 0.0000000000000000000 ) ) ;
#2112 = CARTESIAN_POINT ( 'NONE',  ( -3.400000002045663500, 23.46300528677813800, 2.500000000000000000 ) ) ;
#2113 = CARTESIAN_POINT ( 'NONE',  ( -16.10000000194025600, -6.804015669359618100, 2.500000000000000000 ) ) ;
#2114 = EDGE_LOOP ( 'NONE', ( #2392, #5184, #3700, #5254 ) ) ;
#2115 = DIRECTION ( 'NONE',  ( -0.0000000000000000000, -0.0000000000000000000, -1.000000000000000000 ) ) ;
#2116 = VERTEX_POINT ( 'NONE', #2297 ) ;
#2117 = CARTESIAN_POINT ( 'NONE',  ( 3.400000002045663100, 21.49962553123286200, 2.500000000000000000 ) ) ;
#2118 = ORIENTED_EDGE ( 'NONE', *, *, #847, .T. ) ;
#2119 = DIRECTION ( 'NONE',  ( 0.6560590293043437900, 0.7547095799499581300, -0.0000000000000000000 ) ) ;
#2120 = EDGE_CURVE ( 'NONE', #1851, #4813, #1709, .T. ) ;
#2121 = DIRECTION ( 'NONE',  ( 0.3420201433408304700, 0.9396926207803900600, -0.0000000000000000000 ) ) ;
#2122 = DIRECTION ( 'NONE',  ( -1.000000000000000000, 0.0000000000000000000, 0.0000000000000000000 ) ) ;
#2123 = CARTESIAN_POINT ( 'NONE',  ( 10.35797482500594100, -11.41005778916108500, 2.500000000000000000 ) ) ;
#2124 = DIRECTION ( 'NONE',  ( -0.0000000000000000000, 1.000000000000000000, -0.0000000000000000000 ) ) ;
#2125 = DIRECTION ( 'NONE',  ( -0.0000000000000000000, -0.0000000000000000000, -1.000000000000000000 ) ) ;
#2126 = EDGE_LOOP ( 'NONE', ( #706, #781, #742, #2719 ) ) ;
#2127 = AXIS2_PLACEMENT_3D ( 'NONE', #1776, #2768, #6164 ) ;
#2128 = VERTEX_POINT ( 'NONE', #4777 ) ;
#2129 = VECTOR ( 'NONE', #2233, 1000.000000000000000 ) ;
#2130 = LINE ( 'NONE', #2615, #5883 ) ;
#2131 = ORIENTED_EDGE ( 'NONE', *, *, #3848, .F. ) ;
#2132 = DIRECTION ( 'NONE',  ( 1.000000000000000000, 0.0000000000000000000, -0.0000000000000000000 ) ) ;
#2133 = DIRECTION ( 'NONE',  ( -0.0000000000000000000, -0.0000000000000000000, -1.000000000000000000 ) ) ;
#2134 = CARTESIAN_POINT ( 'NONE',  ( 15.83589132026820100, -13.44953778094068800, 2.500000000000000000 ) ) ;
#2135 = CARTESIAN_POINT ( 'NONE',  ( 13.65426593244120400, 23.02426634344688200, -2.500000000000000000 ) ) ;
#2136 = LINE ( 'NONE', #3347, #2439 ) ;
#2137 = EDGE_LOOP ( 'NONE', ( #2827, #4890, #3659, #5013 ) ) ;
#2138 = VERTEX_POINT ( 'NONE', #2806 ) ;
#2139 = AXIS2_PLACEMENT_3D ( 'NONE', #823, #774, #763 ) ;
#2140 = DIRECTION ( 'NONE',  ( -0.8660254037844420400, 0.4999999999999941700, 0.0000000000000000000 ) ) ;
#2141 = ORIENTED_EDGE ( 'NONE', *, *, #776, .F. ) ;
#2142 = LINE ( 'NONE', #266, #925 ) ;
#2143 = LINE ( 'NONE', #4504, #775 ) ;
#2144 = DIRECTION ( 'NONE',  ( 1.000000000000000000, 0.0000000000000000000, 0.0000000000000000000 ) ) ;
#2145 = ORIENTED_EDGE ( 'NONE', *, *, #3712, .F. ) ;
#2146 = DIRECTION ( 'NONE',  ( -0.9816271833683279900, -0.1908089957846929300, -0.0000000000000000000 ) ) ;
#2147 = CARTESIAN_POINT ( 'NONE',  ( -21.65953340518653300, -2.311961707353948500, 2.500000000000000000 ) ) ;
#2148 = CARTESIAN_POINT ( 'NONE',  ( -18.92827819273239200, 13.88940914888079800, 2.500000000000000000 ) ) ;
#2149 = LINE ( 'NONE', #4966, #780 ) ;
#2150 = ORIENTED_EDGE ( 'NONE', *, *, #5664, .F. ) ;
#2151 = DIRECTION ( 'NONE',  ( 0.0000000000000000000, -1.000000000000000000, 0.0000000000000000000 ) ) ;
#2152 = FACE_BOUND ( 'NONE', #4593, .T. ) ;
#2153 = EDGE_CURVE ( 'NONE', #4883, #4981, #1544, .T. ) ;
#2154 = CIRCLE ( 'NONE', #6345, 0.09999999983821214500 ) ;
#2155 = FACE_OUTER_BOUND ( 'NONE', #507, .T. ) ;
#2156 = EDGE_CURVE ( 'NONE', #593, #4253, #5491, .T. ) ;
#2157 = CARTESIAN_POINT ( 'NONE',  ( -21.59317965509344400, -2.529745817546354700, 2.500000000000000000 ) ) ;
#2158 = LINE ( 'NONE', #4605, #5761 ) ;
#2159 = VECTOR ( 'NONE', #3215, 1000.000000000000100 ) ;
#2160 = VERTEX_POINT ( 'NONE', #2317 ) ;
#2161 = ORIENTED_EDGE ( 'NONE', *, *, #358, .T. ) ;
#2162 = VECTOR ( 'NONE', #2906, 1000.000000000000000 ) ;
#2163 = EDGE_CURVE ( 'NONE', #693, #5281, #1360, .T. ) ;
#2164 = DIRECTION ( 'NONE',  ( -0.0000000000000000000, -0.0000000000000000000, -1.000000000000000000 ) ) ;
#2165 = DIRECTION ( 'NONE',  ( 0.8660254037844420400, 0.4999999999999941200, -0.0000000000000000000 ) ) ;
#2166 = CARTESIAN_POINT ( 'NONE',  ( -17.43068920757620800, 16.60381383641971500, 2.500000000000000000 ) ) ;
#2167 = DIRECTION ( 'NONE',  ( 0.9816271833683853900, 0.1908089957843970600, 0.0000000000000000000 ) ) ;
#2168 = EDGE_CURVE ( 'NONE', #5887, #2138, #5329, .T. ) ;
#2169 = ORIENTED_EDGE ( 'NONE', *, *, #3747, .T. ) ;
#2170 = EDGE_LOOP ( 'NONE', ( #1426, #5264, #5145, #4730 ) ) ;
#2171 = VECTOR ( 'NONE', #514, 1000.000000000000100 ) ;
#2172 = VERTEX_POINT ( 'NONE', #798 ) ;
#2173 = VERTEX_POINT ( 'NONE', #4817 ) ;
#2174 = CARTESIAN_POINT ( 'NONE',  ( -21.39999999942491700, -2.161487752421908000, 2.500000000000000000 ) ) ;
#2175 = EDGE_CURVE ( 'NONE', #1884, #2592, #1216, .T. ) ;
#2176 = CARTESIAN_POINT ( 'NONE',  ( 17.37850923866328400, 16.57368771732153300, -2.500000000000000000 ) ) ;
#2177 = EDGE_LOOP ( 'NONE', ( #1702, #731, #249, #6098 ) ) ;
#2178 = EDGE_LOOP ( 'NONE', ( #4806, #1517, #190, #325 ) ) ;
#2179 = AXIS2_PLACEMENT_3D ( 'NONE', #5634, #2699, #6096 ) ;
#2180 = VERTEX_POINT ( 'NONE', #5284 ) ;
#2181 = VERTEX_POINT ( 'NONE', #2845 ) ;
#2182 = AXIS2_PLACEMENT_3D ( 'NONE', #5463, #6406, #3566 ) ;
#2183 = VECTOR ( 'NONE', #1503, 1000.000000000000000 ) ;
#2184 = DIRECTION ( 'NONE',  ( 0.3442546491584242400, 0.9388763158866082500, 0.0000000000000000000 ) ) ;
#2185 = DIRECTION ( 'NONE',  ( 0.0000000000000000000, 0.0000000000000000000, 1.000000000000000000 ) ) ;
#2186 = EDGE_LOOP ( 'NONE', ( #2729, #343, #2510, #4162 ) ) ;
#2187 = PLANE ( 'NONE',  #3873 ) ;
#2188 = DIRECTION ( 'NONE',  ( -0.0000000000000000000, 0.0000000000000000000, -1.000000000000000000 ) ) ;
#2189 = ORIENTED_EDGE ( 'NONE', *, *, #5592, .T. ) ;
#2190 = ADVANCED_FACE ( 'NONE', ( #5054 ), #5773, .F. ) ;
#2191 = EDGE_CURVE ( 'NONE', #4617, #2980, #2737, .T. ) ;
#2192 = ORIENTED_EDGE ( 'NONE', *, *, #5688, .F. ) ;
#2193 = DIRECTION ( 'NONE',  ( -0.0000000000000000000, -0.0000000000000000000, -1.000000000000000000 ) ) ;
#2194 = AXIS2_PLACEMENT_3D ( 'NONE', #419, #3976, #928 ) ;
#2195 = CARTESIAN_POINT ( 'NONE',  ( 19.45700875187517600, 4.339715837526701300, -1.765410663114258800 ) ) ;
#2196 = EDGE_CURVE ( 'NONE', #5216, #2610, #3925, .T. ) ;
#2197 = ORIENTED_EDGE ( 'NONE', *, *, #2953, .F. ) ;
#2198 = ORIENTED_EDGE ( 'NONE', *, *, #2120, .T. ) ;
#2199 = EDGE_CURVE ( 'NONE', #2328, #3703, #3787, .T. ) ;
#2200 = DIRECTION ( 'NONE',  ( 0.1908089957843970800, -0.9816271833683855000, 0.0000000000000000000 ) ) ;
#2201 = DIRECTION ( 'NONE',  ( -0.4999999999999941700, 0.8660254037844420400, 0.0000000000000000000 ) ) ;
#2202 = EDGE_CURVE ( 'NONE', #3706, #1168, #5195, .T. ) ;
#2203 = EDGE_CURVE ( 'NONE', #5852, #4237, #1056, .T. ) ;
#2204 = DIRECTION ( 'NONE',  ( -1.000000000000000000, 0.0000000000000000000, 0.0000000000000000000 ) ) ;
#2205 = LINE ( 'NONE', #5961, #696 ) ;
#2206 = CARTESIAN_POINT ( 'NONE',  ( -19.43202420102925400, 8.757399703511119100, 2.166965730579034000 ) ) ;
#2207 = CARTESIAN_POINT ( 'NONE',  ( 15.88092025350647200, 19.28809240486096900, 2.500000000000000000 ) ) ;
#2208 = LINE ( 'NONE', #1429, #4711 ) ;
#2209 = CARTESIAN_POINT ( 'NONE',  ( 18.92827819273239200, 13.88940914888079800, 2.500000000000000000 ) ) ;
#2210 = CYLINDRICAL_SURFACE ( 'NONE', #2846, 0.2999999996985258100 ) ;
#2211 = AXIS2_PLACEMENT_3D ( 'NONE', #659, #4197, #1145 ) ;
#2212 = ORIENTED_EDGE ( 'NONE', *, *, #2706, .T. ) ;
#2213 = ORIENTED_EDGE ( 'NONE', *, *, #4057, .F. ) ;
#2214 = CARTESIAN_POINT ( 'NONE',  ( 20.85680346795556500, 13.76040011539267000, -2.500000000000000000 ) ) ;
#2215 = ORIENTED_EDGE ( 'NONE', *, *, #2823, .T. ) ;
#2216 = AXIS2_PLACEMENT_3D ( 'NONE', #4106, #1058, #4588 ) ;
#2217 = VECTOR ( 'NONE', #5569, 999.9999999999998900 ) ;
#2218 = LINE ( 'NONE', #3389, #709 ) ;
#2219 = ADVANCED_FACE ( 'NONE', ( #885 ), #6248, .T. ) ;
#2220 = VECTOR ( 'NONE', #3523, 1000.000000000000000 ) ;
#2221 = CARTESIAN_POINT ( 'NONE',  ( -14.11799792589666300, -7.206621711956799500, 2.500000000000000000 ) ) ;
#2222 = CARTESIAN_POINT ( 'NONE',  ( 17.37850923866328400, 16.57368771732153300, 2.500000000000000000 ) ) ;
#2223 = CIRCLE ( 'NONE', #185, 0.7997967875070961500 ) ;
#2224 = CARTESIAN_POINT ( 'NONE',  ( -20.64357146418749900, 1.428256051882035300, 1.548643494635817200 ) ) ;
#2225 = CARTESIAN_POINT ( 'NONE',  ( -20.91428571323091700, 12.20275692817411800, 2.500000000000000000 ) ) ;
#2226 = FACE_OUTER_BOUND ( 'NONE', #2178, .T. ) ;
#2227 = VECTOR ( 'NONE', #1846, 1000.000000000000000 ) ;
#2228 = PLANE ( 'NONE',  #3113 ) ;
#2229 = ORIENTED_EDGE ( 'NONE', *, *, #670, .T. ) ;
#2230 = CIRCLE ( 'NONE', #6185, 12.52227804597077400 ) ;
#2231 = CARTESIAN_POINT ( 'NONE',  ( -19.52460898431575100, 4.066804134669999000, -1.730623237383035000 ) ) ;
#2232 = DIRECTION ( 'NONE',  ( 4.966886529384738700E-014, 1.000000000000000000, -0.0000000000000000000 ) ) ;
#2233 = DIRECTION ( 'NONE',  ( 3.654769042192353500E-015, 1.000000000000000000, -0.0000000000000000000 ) ) ;
#2234 = VECTOR ( 'NONE', #3035, 1000.000000000000000 ) ;
#2235 = LINE ( 'NONE', #6378, #4870 ) ;
#2236 = CARTESIAN_POINT ( 'NONE',  ( -13.65426593244120400, 23.02426634344688200, 2.500000000000000000 ) ) ;
#2237 = ORIENTED_EDGE ( 'NONE', *, *, #4823, .T. ) ;
#2238 = ORIENTED_EDGE ( 'NONE', *, *, #6044, .F. ) ;
#2239 = ORIENTED_EDGE ( 'NONE', *, *, #3246, .T. ) ;
#2240 = LINE ( 'NONE', #3160, #870 ) ;
#2241 = EDGE_CURVE ( 'NONE', #6003, #873, #6152, .T. ) ;
#2242 = ORIENTED_EDGE ( 'NONE', *, *, #1370, .F. ) ;
#2243 = CARTESIAN_POINT ( 'NONE',  ( 7.649999999999990600, 24.99962553122773200, 1.734723475976807100E-015 ) ) ;
#2244 = EDGE_LOOP ( 'NONE', ( #5838, #5391, #2197, #1309 ) ) ;
#2245 = EDGE_CURVE ( 'NONE', #3706, #2490, #4754, .T. ) ;
#2246 = VERTEX_POINT ( 'NONE', #4383 ) ;
#2247 = CARTESIAN_POINT ( 'NONE',  ( -13.70644590135413000, 23.05439246254506000, 2.500000000000000000 ) ) ;
#2248 = PLANE ( 'NONE',  #4909 ) ;
#2249 = EDGE_LOOP ( 'NONE', ( #4387, #6376, #5571, #4644 ) ) ;
#2250 = DIRECTION ( 'NONE',  ( -8.680918968391333600E-015, -1.000000000000000000, 0.0000000000000000000 ) ) ;
#2251 = ORIENTED_EDGE ( 'NONE', *, *, #2202, .T. ) ;
#2252 = ADVANCED_FACE ( 'NONE', ( #6013 ), #5339, .F. ) ;
#2253 = VECTOR ( 'NONE', #1343, 1000.000000000000000 ) ;
#2254 = CARTESIAN_POINT ( 'NONE',  ( -20.33517081543736500, 11.25252894062871800, -1.267637589915531000 ) ) ;
#2255 = CARTESIAN_POINT ( 'NONE',  ( 15.20403488651030700, 20.33998777500599400, -2.500000000000000000 ) ) ;
#2256 = AXIS2_PLACEMENT_3D ( 'NONE', #2668, #2662, #2649 ) ;
#2257 = DIRECTION ( 'NONE',  ( 0.3255681544571541500, -0.9455185755993177300, 0.0000000000000000000 ) ) ;
#2258 = VERTEX_POINT ( 'NONE', #1887 ) ;
#2259 = DIRECTION ( 'NONE',  ( -0.0000000000000000000, -0.0000000000000000000, 1.000000000000000000 ) ) ;
#2260 = AXIS2_PLACEMENT_3D ( 'NONE', #3577, #3069, #4550 ) ;
#2261 = LINE ( 'NONE', #6377, #891 ) ;
#2262 = ORIENTED_EDGE ( 'NONE', *, *, #1689, .F. ) ;
#2263 = AXIS2_PLACEMENT_3D ( 'NONE', #481, #4029, #973 ) ;
#2264 = ORIENTED_EDGE ( 'NONE', *, *, #2364, .F. ) ;
#2265 = DIRECTION ( 'NONE',  ( -0.4999999999999772400, 0.8660254037844517000, -0.0000000000000000000 ) ) ;
#2266 = CARTESIAN_POINT ( 'NONE',  ( 19.19999999805115100, 6.603923229867603200, 2.301304169282771400 ) ) ;
#2267 = DIRECTION ( 'NONE',  ( -0.0000000000000000000, -0.0000000000000000000, -1.000000000000000000 ) ) ;
#2268 = CARTESIAN_POINT ( 'NONE',  ( -20.64357146418749900, 1.428256051882035300, -1.172439306139857300 ) ) ;
#2269 = EDGE_CURVE ( 'NONE', #410, #334, #3462, .T. ) ;
#2270 = ORIENTED_EDGE ( 'NONE', *, *, #993, .F. ) ;
#2271 = CARTESIAN_POINT ( 'NONE',  ( 19.68651551726444600, -7.846338741309435400, 0.7500000000000000000 ) ) ;
#2272 = EDGE_CURVE ( 'NONE', #5326, #4756, #4609, .T. ) ;
#2273 = CARTESIAN_POINT ( 'NONE',  ( -16.10000000194025600, -7.804015668233099700, 2.500000000000000000 ) ) ;
#2274 = DIRECTION ( 'NONE',  ( 0.0000000000000000000, -0.0000000000000000000, 1.000000000000000000 ) ) ;
#2275 = DIRECTION ( 'NONE',  ( -0.4999999999999752400, -0.8660254037844530300, 0.0000000000000000000 ) ) ;
#2276 = CARTESIAN_POINT ( 'NONE',  ( 29.19999999541644400, 6.603923229867603200, -2.500000000000000000 ) ) ;
#2277 = ORIENTED_EDGE ( 'NONE', *, *, #4410, .T. ) ;
#2278 = DIRECTION ( 'NONE',  ( 0.0000000000000000000, 0.0000000000000000000, 1.000000000000000000 ) ) ;
#2279 = LINE ( 'NONE', #4725, #4631 ) ;
#2280 = LINE ( 'NONE', #5999, #6035 ) ;
#2281 = AXIS2_PLACEMENT_3D ( 'NONE', #5866, #2960, #6326 ) ;
#2282 = ORIENTED_EDGE ( 'NONE', *, *, #3400, .F. ) ;
#2283 = EDGE_CURVE ( 'NONE', #5561, #2980, #3318, .T. ) ;
#2284 = ADVANCED_FACE ( 'NONE', ( #598 ), #412, .F. ) ;
#2285 = DIRECTION ( 'NONE',  ( -1.000000000000000000, 0.0000000000000000000, 0.0000000000000000000 ) ) ;
#2286 = FACE_OUTER_BOUND ( 'NONE', #680, .T. ) ;
#2287 = ORIENTED_EDGE ( 'NONE', *, *, #4386, .T. ) ;
#2288 = DIRECTION ( 'NONE',  ( -0.9910962220627069800, 0.1331475820772929100, 0.0000000000000000000 ) ) ;
#2289 = EDGE_CURVE ( 'NONE', #4441, #1454, #1781, .T. ) ;
#2290 = ORIENTED_EDGE ( 'NONE', *, *, #3569, .F. ) ;
#2291 = CARTESIAN_POINT ( 'NONE',  ( -23.20000000021519400, -16.50401566570125000, 2.500000000000000000 ) ) ;
#2292 = FACE_OUTER_BOUND ( 'NONE', #2177, .T. ) ;
#2293 = CARTESIAN_POINT ( 'NONE',  ( -20.32312030118735500, -5.543763817130849400, 2.500000000000000000 ) ) ;
#2294 = FACE_OUTER_BOUND ( 'NONE', #4748, .T. ) ;
#2295 = EDGE_CURVE ( 'NONE', #1778, #4446, #3157, .T. ) ;
#2296 = ORIENTED_EDGE ( 'NONE', *, *, #1567, .F. ) ;
#2297 = CARTESIAN_POINT ( 'NONE',  ( -16.20000000215205200, -11.34522402732296900, -2.500000000000000000 ) ) ;
#2298 = VECTOR ( 'NONE', #3489, 1000.000000000000100 ) ;
#2299 = CARTESIAN_POINT ( 'NONE',  ( 14.08718822782419800, 24.28571766019937800, 2.500000000000000000 ) ) ;
#2300 = DIRECTION ( 'NONE',  ( -2.409257427401266800E-016, 1.000000000000000000, 0.0000000000000000000 ) ) ;
#2301 = DIRECTION ( 'NONE',  ( -1.000000000000000000, 0.0000000000000000000, 0.0000000000000000000 ) ) ;
#2302 = CYLINDRICAL_SURFACE ( 'NONE', #1749, 0.4935834150827430600 ) ;
#2303 = CARTESIAN_POINT ( 'NONE',  ( 20.00000000008497000, -13.82648468384625100, -2.500000000000000000 ) ) ;
#2304 = AXIS2_PLACEMENT_3D ( 'NONE', #499, #4045, #988 ) ;
#2305 = LINE ( 'NONE', #548, #5906 ) ;
#2306 = CYLINDRICAL_SURFACE ( 'NONE', #3509, 0.9999999988734819000 ) ;
#2307 =( BOUNDED_CURVE ( )  B_SPLINE_CURVE ( 3, ( #19, #3118, #1581, #5072 ),
 .UNSPECIFIED., .F., .F. ) 
 B_SPLINE_CURVE_WITH_KNOTS ( ( 4, 4 ),
 ( 4.832935999812646000, 5.000459012506610200 ),
 .UNSPECIFIED. ) 
 CURVE ( )  GEOMETRIC_REPRESENTATION_ITEM ( )  RATIONAL_B_SPLINE_CURVE ( ( 1.000000000000000000, 0.9976627037016196900, 0.9976627037016196900, 1.000000000000000000 ) ) 
 REPRESENTATION_ITEM ( '' )  );
#2308 = FACE_OUTER_BOUND ( 'NONE', #5138, .T. ) ;
#2309 = CARTESIAN_POINT ( 'NONE',  ( -20.24999999895830500, 1.428256051882033500, -1.172439306139857300 ) ) ;
#2310 = LINE ( 'NONE', #3471, #3683 ) ;
#2311 = EDGE_CURVE ( 'NONE', #5708, #111, #5568, .T. ) ;
#2312 = VERTEX_POINT ( 'NONE', #2384 ) ;
#2313 = CARTESIAN_POINT ( 'NONE',  ( 20.91428571323091700, 12.20275692817411600, 2.500000000000000000 ) ) ;
#2314 = EDGE_LOOP ( 'NONE', ( #3065, #3001, #1607, #4995 ) ) ;
#2315 = PLANE ( 'NONE',  #5363 ) ;
#2316 = FACE_OUTER_BOUND ( 'NONE', #3441, .T. ) ;
#2317 = CARTESIAN_POINT ( 'NONE',  ( -20.64357146418749900, 1.428256051882035300, 1.548643494635817200 ) ) ;
#2318 = CARTESIAN_POINT ( 'NONE',  ( -14.17379076806253100, 24.33571766011847600, 2.500000000000000000 ) ) ;
#2319 = AXIS2_PLACEMENT_3D ( 'NONE', #5905, #3003, #6364 ) ;
#2320 = CARTESIAN_POINT ( 'NONE',  ( 15.25621485542343300, 20.37011389410426400, 2.500000000000000000 ) ) ;
#2321 = ADVANCED_FACE ( 'NONE', ( #4450 ), #1895, .T. ) ;
#2322 =( NAMED_UNIT ( * ) PLANE_ANGLE_UNIT ( ) SI_UNIT ( $, .RADIAN. ) );
#2323 = CARTESIAN_POINT ( 'NONE',  ( -3.400000002045663100, 22.21300528677813800, 2.500000000000000000 ) ) ;
#2324 = EDGE_LOOP ( 'NONE', ( #3399, #6244, #4651, #5066 ) ) ;
#2325 = EDGE_LOOP ( 'NONE', ( #2951, #2683, #6080, #6036 ) ) ;
#2326 = LINE ( 'NONE', #6, #664 ) ;
#2327 = ORIENTED_EDGE ( 'NONE', *, *, #4597, .T. ) ;
#2328 = VERTEX_POINT ( 'NONE', #3924 ) ;
#2329 = ORIENTED_EDGE ( 'NONE', *, *, #5019, .F. ) ;
#2330 = EDGE_CURVE ( 'NONE', #406, #1777, #260, .T. ) ;
#2331 = DIRECTION ( 'NONE',  ( 0.9816271833683279900, 0.1908089957846929300, 0.0000000000000000000 ) ) ;
#2332 = DIRECTION ( 'NONE',  ( -0.0000000000000000000, 0.0000000000000000000, -1.000000000000000000 ) ) ;
#2333 = VERTEX_POINT ( 'NONE', #884 ) ;
#2334 = ORIENTED_EDGE ( 'NONE', *, *, #3625, .T. ) ;
#2335 = ADVANCED_FACE ( 'NONE', ( #5401 ), #1918, .T. ) ;
#2336 = FACE_OUTER_BOUND ( 'NONE', #93, .T. ) ;
#2337 = CARTESIAN_POINT ( 'NONE',  ( -3.400000002045663100, 21.49962553123286200, -2.500000000000000000 ) ) ;
#2338 = VERTEX_POINT ( 'NONE', #4901 ) ;
#2339 = CARTESIAN_POINT ( 'NONE',  ( 15.88092025350647200, 19.28809240486096900, 2.500000000000000000 ) ) ;
#2340 = CARTESIAN_POINT ( 'NONE',  ( -15.82874028459418600, 19.25796628576226900, 2.500000000000000000 ) ) ;
#2341 = CARTESIAN_POINT ( 'NONE',  ( 0.0000000000000000000, 0.0000000000000000000, 0.0000000000000000000 ) ) ;
#2342 = ORIENTED_EDGE ( 'NONE', *, *, #2645, .F. ) ;
#2343 = DIRECTION ( 'NONE',  ( 0.1908089957846929300, -0.9816271833683279900, 0.0000000000000000000 ) ) ;
#2344 = ORIENTED_EDGE ( 'NONE', *, *, #4994, .F. ) ;
#2345 = CLOSED_SHELL ( 'NONE', ( #2726, #4247, #3932, #5857, #3826, #2753, #1334, #3982, #2284, #4270, #4825, #337, #3803, #1374, #2350, #2492, #3393, #5669, #840, #6214, #1950, #2834, #1182, #3450, #1272, #905, #1880, #2190, #2896, #251, #4426, #836, #1142, #6253, #2252, #1883, #813, #2996, #3866, #6127, #1339, #4336, #5328, #5232, #2916, #3885, #4019, #4837, #5204, #341, #1303, #278, #4457, #3360, #3740, #1894, #4690, #751, #4888, #5792, #5921, #320, #723, #2386, #3379, #5418, #4353, #691, #6243, #782, #5798, #5705, #3437, #4368, #4489, #5301, #1214, #2887, #1829, #5886, #4809, #3247, #5354, #3344, #2959, #3919, #4212, #4865, #4308, #6302, #2884, #3217, #1866, #6160, #3926, #2851, #4957, #5779, #1725, #3408, #792, #5645, #5832, #5731, #3474, #6268, #147, #848, #2783, #378, #3405, #3713, #2359, #4741, #4390, #5289, #942, #6224, #4710, #1861, #2821, #413, #1364, #1696, #4400, #1787, #3951, #2377, #666, #3415, #1242, #872, #6238, #6368, #825, #3280, #4856, #3856, #1446, #290, #354, #6184, #1920, #4851, #5141, #3901, #1758, #5819, #306, #454, #1316, #3776, #5318, #1381, #5382, #4769, #2423, #5313, #5615, #4376, #211, #6274, #182, #3888, #4797, #2457, #1289, #6282, #1403, #4389, #2692, #3315, #1856, #1998, #2861, #5763, #3507, #2335, #5169, #4922, #5816, #6100, #2395, #1352, #5346, #1840, #2219, #5795, #2321, #6336, #5276 ) ) ;
#2346 = VERTEX_POINT ( 'NONE', #3472 ) ;
#2347 = ORIENTED_EDGE ( 'NONE', *, *, #4900, .T. ) ;
#2348 = PLANE ( 'NONE',  #4288 ) ;
#2349 = CARTESIAN_POINT ( 'NONE',  ( 20.85680346795556500, 13.76040011539267000, 2.500000000000000000 ) ) ;
#2350 = ADVANCED_FACE ( 'NONE', ( #1445 ), #1392, .F. ) ;
#2351 = VERTEX_POINT ( 'NONE', #403 ) ;
#2352 = ORIENTED_EDGE ( 'NONE', *, *, #4808, .F. ) ;
#2353 = EDGE_CURVE ( 'NONE', #5953, #3473, #4309, .T. ) ;
#2354 = EDGE_CURVE ( 'NONE', #2701, #2515, #102, .T. ) ;
#2355 = CARTESIAN_POINT ( 'NONE',  ( -16.86241927253320600, 19.47887648802062800, 2.500000000000000000 ) ) ;
#2356 = DIRECTION ( 'NONE',  ( -0.0000000000000000000, -0.0000000000000000000, -1.000000000000000000 ) ) ;
#2357 = VECTOR ( 'NONE', #3298, 1000.000000000000100 ) ;
#2358 = CARTESIAN_POINT ( 'NONE',  ( 17.46699327665961100, 2.386522114340229100, -1.450085825127386900 ) ) ;
#2359 = ADVANCED_FACE ( 'NONE', ( #1283 ), #5876, .F. ) ;
#2360 = LINE ( 'NONE', #2442, #3576 ) ;
#2361 = LINE ( 'NONE', #2637, #6108 ) ;
#2362 = VERTEX_POINT ( 'NONE', #1417 ) ;
#2363 = ORIENTED_EDGE ( 'NONE', *, *, #263, .T. ) ;
#2364 = EDGE_CURVE ( 'NONE', #433, #3174, #6359, .T. ) ;
#2365 = ORIENTED_EDGE ( 'NONE', *, *, #6084, .F. ) ;
#2366 = CARTESIAN_POINT ( 'NONE',  ( -3.150000002174445000, 17.40392322600979800, -2.500000000000000000 ) ) ;
#2367 = LINE ( 'NONE', #3148, #2217 ) ;
#2368 = ORIENTED_EDGE ( 'NONE', *, *, #5710, .T. ) ;
#2369 = VECTOR ( 'NONE', #801, 1000.000000000000000 ) ;
#2370 = CIRCLE ( 'NONE', #2319, 0.09999999983821387900 ) ;
#2371 = AXIS2_PLACEMENT_3D ( 'NONE', #1680, #1273, #1267 ) ;
#2372 = CARTESIAN_POINT ( 'NONE',  ( 9.027849400114544000, -9.198709580215522800, 2.500000000000000000 ) ) ;
#2373 = CIRCLE ( 'NONE', #5969, 3.856762655405302700 ) ;
#2374 = DIRECTION ( 'NONE',  ( -1.000000000000000000, 5.782411585859678300E-015, 0.0000000000000000000 ) ) ;
#2375 = MECHANICAL_DESIGN_GEOMETRIC_PRESENTATION_REPRESENTATION (  '', ( #1345 ), #2733 ) ;
#2376 = DIRECTION ( 'NONE',  ( -0.4999999999999772400, -0.8660254037844517000, 0.0000000000000000000 ) ) ;
#2377 = ADVANCED_FACE ( 'NONE', ( #2660 ), #1444, .F. ) ;
#2378 = LINE ( 'NONE', #176, #6123 ) ;
#2379 = CYLINDRICAL_SURFACE ( 'NONE', #5560, 0.2999999999999981600 ) ;
#2380 = CARTESIAN_POINT ( 'NONE',  ( -17.20000000210718100, -13.10364119968240200, 2.500000000000000000 ) ) ;
#2381 = CARTESIAN_POINT ( 'NONE',  ( -8.745941614151837100, -9.001315623416150700, 2.500000000000000000 ) ) ;
#2382 = CARTESIAN_POINT ( 'NONE',  ( -19.23986165434171600, -17.50401566457473400, -2.500000000000000000 ) ) ;
#2383 = ORIENTED_EDGE ( 'NONE', *, *, #821, .T. ) ;
#2384 = CARTESIAN_POINT ( 'NONE',  ( -20.55713668712321200, 11.63392459979429500, -1.155781791775945000 ) ) ;
#2385 = CIRCLE ( 'NONE', #5566, 3.856762655405302700 ) ;
#2386 = ADVANCED_FACE ( 'NONE', ( #3993 ), #1128, .T. ) ;
#2387 = VECTOR ( 'NONE', #3240, 1000.000000000000000 ) ;
#2388 = VECTOR ( 'NONE', #3922, 1000.000000000000200 ) ;
#2389 = CARTESIAN_POINT ( 'NONE',  ( -18.98045816164531600, 13.91953526797897900, 2.500000000000000000 ) ) ;
#2390 = CARTESIAN_POINT ( 'NONE',  ( 15.91218822759062800, 21.12472493679034700, 2.500000000000000000 ) ) ;
#2391 = ORIENTED_EDGE ( 'NONE', *, *, #2835, .T. ) ;
#2392 = ORIENTED_EDGE ( 'NONE', *, *, #4419, .T. ) ;
#2393 = ORIENTED_EDGE ( 'NONE', *, *, #2503, .F. ) ;
#2394 = LINE ( 'NONE', #588, #3615 ) ;
#2395 = ADVANCED_FACE ( 'NONE', ( #3845 ), #4972, .F. ) ;
#2396 = EDGE_CURVE ( 'NONE', #2507, #4380, #6211, .T. ) ;
#2397 = ORIENTED_EDGE ( 'NONE', *, *, #6201, .F. ) ;
#2398 = EDGE_LOOP ( 'NONE', ( #6314, #1323, #1490, #2237 ) ) ;
#2399 = ORIENTED_EDGE ( 'NONE', *, *, #2364, .T. ) ;
#2400 = DIRECTION ( 'NONE',  ( -3.754957844866309700E-013, 1.000000000000000000, 0.0000000000000000000 ) ) ;
#2401 = VERTEX_POINT ( 'NONE', #2500 ) ;
#2402 = DIRECTION ( 'NONE',  ( -0.4999999999999692500, -0.8660254037844564700, 0.0000000000000000000 ) ) ;
#2403 = SURFACE_STYLE_USAGE ( .BOTH. , #5342 ) ;
#2404 = CARTESIAN_POINT ( 'NONE',  ( -3.400000002045663100, 21.49962553123286200, 2.500000000000000000 ) ) ;
#2405 = EDGE_CURVE ( 'NONE', #5812, #4566, #2235, .T. ) ;
#2406 = CARTESIAN_POINT ( 'NONE',  ( -14.39990571184790200, -7.104015669058178200, -2.500000000000000000 ) ) ;
#2407 = DIRECTION ( 'NONE',  ( 1.000000000000000000, 0.0000000000000000000, 0.0000000000000000000 ) ) ;
#2408 = ORIENTED_EDGE ( 'NONE', *, *, #2245, .T. ) ;
#2409 = EDGE_CURVE ( 'NONE', #809, #5968, #5123, .T. ) ;
#2410 = CARTESIAN_POINT ( 'NONE',  ( 17.50000000030953000, -11.87684628507657800, 2.500000000000000000 ) ) ;
#2411 = VERTEX_POINT ( 'NONE', #4488 ) ;
#2412 = VECTOR ( 'NONE', #818, 1000.000000000000100 ) ;
#2413 = ORIENTED_EDGE ( 'NONE', *, *, #5881, .F. ) ;
#2414 = DIRECTION ( 'NONE',  ( 0.3420201433408672800, -0.9396926207803765200, -0.0000000000000000000 ) ) ;
#2415 = EDGE_CURVE ( 'NONE', #4801, #3975, #3372, .T. ) ;
#2416 = PLANE ( 'NONE',  #1982 ) ;
#2417 = DIRECTION ( 'NONE',  ( 0.0000000000000000000, 0.0000000000000000000, 1.000000000000000000 ) ) ;
#2418 = CIRCLE ( 'NONE', #5275, 0.9999999988735131000 ) ;
#2419 = ORIENTED_EDGE ( 'NONE', *, *, #4020, .F. ) ;
#2420 = EDGE_CURVE ( 'NONE', #3812, #5590, #5766, .T. ) ;
#2421 = DIRECTION ( 'NONE',  ( 0.9816271833683283300, -0.1908089957846906000, 0.0000000000000000000 ) ) ;
#2422 = VERTEX_POINT ( 'NONE', #4534 ) ;
#2423 = ADVANCED_FACE ( 'NONE', ( #1841 ), #2036, .T. ) ;
#2424 = ORIENTED_EDGE ( 'NONE', *, *, #2067, .T. ) ;
#2425 = DIRECTION ( 'NONE',  ( 1.000000000000000000, 7.309538116125158200E-015, -0.0000000000000000000 ) ) ;
#2426 = DIRECTION ( 'NONE',  ( -0.0000000000000000000, -0.0000000000000000000, -1.000000000000000000 ) ) ;
#2427 = EDGE_LOOP ( 'NONE', ( #5307, #5701, #4881, #4519 ) ) ;
#2428 = CARTESIAN_POINT ( 'NONE',  ( -27.95583320798447600, -8.967787745135785500, 2.500000000000000000 ) ) ;
#2429 = CARTESIAN_POINT ( 'NONE',  ( 19.68651551726444600, -3.234434698222926800, 2.500000000000000000 ) ) ;
#2430 = CARTESIAN_POINT ( 'NONE',  ( 29.19999999541644400, 6.603923229867603200, -2.500000000000000000 ) ) ;
#2431 = CARTESIAN_POINT ( 'NONE',  ( -14.47020092941525800, 24.62232020021711400, 2.500000000000000000 ) ) ;
#2432 = CARTESIAN_POINT ( 'NONE',  ( -19.19959095023151000, -16.30240821100000300, 2.500000000000000000 ) ) ;
#2433 = CARTESIAN_POINT ( 'NONE',  ( 20.99999999895844700, 12.48269861298670900, -2.500000000000000000 ) ) ;
#2434 = DIRECTION ( 'NONE',  ( 1.000000000000000000, 0.0000000000000000000, -0.0000000000000000000 ) ) ;
#2435 = VERTEX_POINT ( 'NONE', #994 ) ;
#2436 = LINE ( 'NONE', #4692, #1076 ) ;
#2437 = LINE ( 'NONE', #542, #5080 ) ;
#2438 = DIRECTION ( 'NONE',  ( -0.0000000000000000000, 1.000000000000000000, -0.0000000000000000000 ) ) ;
#2439 = VECTOR ( 'NONE', #3837, 1000.000000000000000 ) ;
#2440 = ORIENTED_EDGE ( 'NONE', *, *, #2272, .F. ) ;
#2441 = AXIS2_PLACEMENT_3D ( 'NONE', #397, #2451, #5872 ) ;
#2442 = CARTESIAN_POINT ( 'NONE',  ( -16.20000000215205200, -11.34522402732296900, 2.500000000000000000 ) ) ;
#2443 = ORIENTED_EDGE ( 'NONE', *, *, #2919, .F. ) ;
#2444 = ORIENTED_EDGE ( 'NONE', *, *, #3342, .F. ) ;
#2445 = DIRECTION ( 'NONE',  ( 0.0000000000000000000, -1.000000000000000000, 0.0000000000000000000 ) ) ;
#2446 = CARTESIAN_POINT ( 'NONE',  ( -20.99999999895845400, 13.43199169057949400, 2.500000000000000000 ) ) ;
#2447 = LINE ( 'NONE', #3818, #3502 ) ;
#2448 = DIRECTION ( 'NONE',  ( 1.000000000000000000, 0.0000000000000000000, 0.0000000000000000000 ) ) ;
#2449 = CARTESIAN_POINT ( 'NONE',  ( 15.70564659430953600, -13.63572638207688900, 2.500000000000000000 ) ) ;
#2450 = CIRCLE ( 'NONE', #2650, 0.4999999996847734300 ) ;
#2451 = DIRECTION ( 'NONE',  ( 0.4999999999999692500, -0.8660254037844564700, 0.0000000000000000000 ) ) ;
#2452 = CARTESIAN_POINT ( 'NONE',  ( 20.64357146418749900, 1.428256051882035300, 2.500000000000000000 ) ) ;
#2453 = DIRECTION ( 'NONE',  ( -0.4999999999999772400, 0.8660254037844517000, -0.0000000000000000000 ) ) ;
#2454 = VERTEX_POINT ( 'NONE', #3078 ) ;
#2455 = EDGE_CURVE ( 'NONE', #2589, #3875, #656, .T. ) ;
#2456 = CARTESIAN_POINT ( 'NONE',  ( 14.50680346973448400, 24.75892274037454800, 2.500000000000000000 ) ) ;
#2457 = ADVANCED_FACE ( 'NONE', ( #489 ), #528, .F. ) ;
#2458 = LINE ( 'NONE', #649, #2298 ) ;
#2459 = CIRCLE ( 'NONE', #366, 0.5326494769548433300 ) ;
#2460 = DIRECTION ( 'NONE',  ( 0.8660254037844420400, -0.4999999999999941200, 0.0000000000000000000 ) ) ;
#2461 = AXIS2_PLACEMENT_3D ( 'NONE', #1286, #4798, #1816 ) ;
#2462 = CARTESIAN_POINT ( 'NONE',  ( 7.649999999999990600, 24.99962553122773200, -1.999999999999995300 ) ) ;
#2463 = CARTESIAN_POINT ( 'NONE',  ( 18.98045816164531600, 13.91953526797897900, 2.500000000000000000 ) ) ;
#2464 = LINE ( 'NONE', #5031, #5100 ) ;
#2465 = VECTOR ( 'NONE', #672, 1000.000000000000000 ) ;
#2466 = CARTESIAN_POINT ( 'NONE',  ( 7.649999999999990600, 14.99962553122773200, 1.999999999999998700 ) ) ;
#2467 = FACE_OUTER_BOUND ( 'NONE', #1057, .T. ) ;
#2468 = AXIS2_PLACEMENT_3D ( 'NONE', #421, #398, #383 ) ;
#2469 = VECTOR ( 'NONE', #4281, 1000.000000000000000 ) ;
#2470 = DIRECTION ( 'NONE',  ( -0.9388763158866095800, -0.3442546491584208600, 0.0000000000000000000 ) ) ;
#2471 = DIRECTION ( 'NONE',  ( -0.0000000000000000000, -0.0000000000000000000, -1.000000000000000000 ) ) ;
#2472 = AXIS2_PLACEMENT_3D ( 'NONE', #4124, #5083, #2110 ) ;
#2473 = CARTESIAN_POINT ( 'NONE',  ( -23.20000000021519100, -14.10401566570124200, 2.500000000000000000 ) ) ;
#2474 = CARTESIAN_POINT ( 'NONE',  ( -20.99999999895845100, 13.43199169057949400, 2.500000000000000000 ) ) ;
#2475 = ORIENTED_EDGE ( 'NONE', *, *, #181, .T. ) ;
#2476 = ORIENTED_EDGE ( 'NONE', *, *, #1642, .T. ) ;
#2477 = DIRECTION ( 'NONE',  ( -0.0000000000000000000, -0.0000000000000000000, -1.000000000000000000 ) ) ;
#2478 = FACE_OUTER_BOUND ( 'NONE', #3443, .T. ) ;
#2479 = AXIS2_PLACEMENT_3D ( 'NONE', #3520, #4493, #1469 ) ;
#2480 = CARTESIAN_POINT ( 'NONE',  ( 11.74999999895835500, 6.502519091575194000, 16.34081488719823500 ) ) ;
#2481 = DIRECTION ( 'NONE',  ( -1.000000000000000000, 3.214049404976714400E-016, -0.0000000000000000000 ) ) ;
#2482 = VERTEX_POINT ( 'NONE', #2582 ) ;
#2483 = ORIENTED_EDGE ( 'NONE', *, *, #1171, .F. ) ;
#2484 = DIRECTION ( 'NONE',  ( 0.7547095799499564700, 0.6560590293043456800, -0.0000000000000000000 ) ) ;
#2485 = CARTESIAN_POINT ( 'NONE',  ( 14.08718822782419800, 24.28571766019937800, 2.500000000000000000 ) ) ;
#2486 = FACE_OUTER_BOUND ( 'NONE', #2170, .T. ) ;
#2487 = EDGE_CURVE ( 'NONE', #3090, #1723, #4359, .T. ) ;
#2488 = EDGE_CURVE ( 'NONE', #3696, #4958, #3045, .T. ) ;
#2489 = EDGE_LOOP ( 'NONE', ( #5170, #3952, #4040, #4196 ) ) ;
#2490 = VERTEX_POINT ( 'NONE', #2059 ) ;
#2491 = FACE_OUTER_BOUND ( 'NONE', #1540, .T. ) ;
#2492 = ADVANCED_FACE ( 'NONE', ( #3218 ), #1514, .T. ) ;
#2493 = EDGE_LOOP ( 'NONE', ( #1466, #5858, #922, #2368 ) ) ;
#2494 = EDGE_LOOP ( 'NONE', ( #6260, #2440, #5156, #5295 ) ) ;
#2495 = DIRECTION ( 'NONE',  ( 0.0000000000000000000, 0.0000000000000000000, -1.000000000000000000 ) ) ;
#2496 = LINE ( 'NONE', #6322, #3849 ) ;
#2497 = DIRECTION ( 'NONE',  ( 1.000000000000000000, 0.0000000000000000000, 0.0000000000000000000 ) ) ;
#2498 = DIRECTION ( 'NONE',  ( -0.9999192818693876100, 0.01270550061225474500, 0.0000000000000000000 ) ) ;
#2499 = EDGE_CURVE ( 'NONE', #1356, #4693, #5465, .T. ) ;
#2500 = CARTESIAN_POINT ( 'NONE',  ( -15.82874028459418600, 19.25796628576226900, 2.500000000000000000 ) ) ;
#2501 = EDGE_LOOP ( 'NONE', ( #5579, #822, #5564, #4335 ) ) ;
#2502 = ORIENTED_EDGE ( 'NONE', *, *, #4434, .T. ) ;
#2503 = EDGE_CURVE ( 'NONE', #1442, #2362, #4214, .T. ) ;
#2504 = DIRECTION ( 'NONE',  ( -0.0000000000000000000, -0.0000000000000000000, -1.000000000000000000 ) ) ;
#2505 = CARTESIAN_POINT ( 'NONE',  ( 16.86241927253306700, 19.47887648802093400, -2.500000000000000000 ) ) ;
#2506 = DIRECTION ( 'NONE',  ( 1.000000000000000000, 0.0000000000000000000, 0.0000000000000000000 ) ) ;
#2507 = VERTEX_POINT ( 'NONE', #133 ) ;
#2508 = ORIENTED_EDGE ( 'NONE', *, *, #4157, .T. ) ;
#2509 = EDGE_CURVE ( 'NONE', #675, #3392, #2711, .T. ) ;
#2510 = ORIENTED_EDGE ( 'NONE', *, *, #5082, .T. ) ;
#2511 = DIRECTION ( 'NONE',  ( -1.000000000000000000, 0.0000000000000000000, 0.0000000000000000000 ) ) ;
#2512 =( BOUNDED_CURVE ( )  B_SPLINE_CURVE ( 3, ( #4832, #1854, #2358, #5790 ),
 .UNSPECIFIED., .F., .F. ) 
 B_SPLINE_CURVE_WITH_KNOTS ( ( 4, 4 ),
 ( 4.830439205733044100, 4.994405120994548100 ),
 .UNSPECIFIED. ) 
 CURVE ( )  GEOMETRIC_REPRESENTATION_ITEM ( )  RATIONAL_B_SPLINE_CURVE ( ( 1.000000000000000000, 0.9977608527883028400, 0.9977608527883028400, 1.000000000000000000 ) ) 
 REPRESENTATION_ITEM ( '' )  );
#2513 = CARTESIAN_POINT ( 'NONE',  ( 20.00000000008497000, 0.5739978569335469900, 2.500000000000000000 ) ) ;
#2514 = AXIS2_PLACEMENT_3D ( 'NONE', #6039, #67, #3168 ) ;
#2515 = VERTEX_POINT ( 'NONE', #3726 ) ;
#2516 = ORIENTED_EDGE ( 'NONE', *, *, #5082, .F. ) ;
#2517 = DIRECTION ( 'NONE',  ( 0.0000000000000000000, 0.0000000000000000000, 1.000000000000000000 ) ) ;
#2518 = AXIS2_PLACEMENT_3D ( 'NONE', #2064, #5511, #2586 ) ;
#2519 = CARTESIAN_POINT ( 'NONE',  ( 20.37379076652629800, 13.59700265585159900, -2.500000000000000000 ) ) ;
#2520 = CARTESIAN_POINT ( 'NONE',  ( -21.69999999912344200, -2.161487752421908000, 2.500000000000000000 ) ) ;
#2521 = DIRECTION ( 'NONE',  ( -0.0000000000000000000, -0.0000000000000000000, -1.000000000000000000 ) ) ;
#2522 = CARTESIAN_POINT ( 'NONE',  ( -21.58410135576308900, -2.666971610699351300, 0.7500000000000000000 ) ) ;
#2523 = ORIENTED_EDGE ( 'NONE', *, *, #2168, .F. ) ;
#2524 = LINE ( 'NONE', #243, #4838 ) ;
#2525 = CIRCLE ( 'NONE', #4727, 0.4999999996847734300 ) ;
#2526 = ORIENTED_EDGE ( 'NONE', *, *, #533, .F. ) ;
#2527 = PLANE ( 'NONE',  #2182 ) ;
#2528 = CARTESIAN_POINT ( 'NONE',  ( -21.69999999912344500, -0.1968120246770748100, 2.500000000000000000 ) ) ;
#2529 = CARTESIAN_POINT ( 'NONE',  ( -14.12379076814342600, 24.42232020035681500, 2.500000000000000000 ) ) ;
#2530 = DIRECTION ( 'NONE',  ( 0.0000000000000000000, 1.000000000000000000, 0.0000000000000000000 ) ) ;
#2531 = VECTOR ( 'NONE', #2425, 1000.000000000000000 ) ;
#2532 = EDGE_CURVE ( 'NONE', #1375, #2346, #157, .T. ) ;
#2533 = FACE_OUTER_BOUND ( 'NONE', #92, .T. ) ;
#2534 = VERTEX_POINT ( 'NONE', #668 ) ;
#2535 = ORIENTED_EDGE ( 'NONE', *, *, #2977, .T. ) ;
#2536 = ORIENTED_EDGE ( 'NONE', *, *, #1822, .T. ) ;
#2537 = PLANE ( 'NONE',  #5756 ) ;
#2538 = LINE ( 'NONE', #4140, #6115 ) ;
#2539 = AXIS2_PLACEMENT_3D ( 'NONE', #1111, #4650, #1647 ) ;
#2540 = ORIENTED_EDGE ( 'NONE', *, *, #4313, .F. ) ;
#2541 = LINE ( 'NONE', #4347, #2369 ) ;
#2542 = EDGE_CURVE ( 'NONE', #1533, #1884, #3506, .T. ) ;
#2543 = EDGE_CURVE ( 'NONE', #4266, #5181, #3902, .T. ) ;
#2544 = DIRECTION ( 'NONE',  ( -0.0000000000000000000, -0.0000000000000000000, -1.000000000000000000 ) ) ;
#2545 = CARTESIAN_POINT ( 'NONE',  ( -8.745941614151837100, -9.001315623416152400, 2.500000000000000000 ) ) ;
#2546 = CARTESIAN_POINT ( 'NONE',  ( -11.74999999895835500, 6.559030876661861200, -15.56154822631480500 ) ) ;
#2547 = DIRECTION ( 'NONE',  ( 0.0000000000000000000, 0.0000000000000000000, 1.000000000000000000 ) ) ;
#2548 = CYLINDRICAL_SURFACE ( 'NONE', #3012, 0.4999999996847769300 ) ;
#2549 = CARTESIAN_POINT ( 'NONE',  ( 19.68651551726444600, -3.234434698222926800, 2.500000000000000000 ) ) ;
#2550 = CARTESIAN_POINT ( 'NONE',  ( -17.37850923866328400, 16.57368771732153300, -2.500000000000000000 ) ) ;
#2551 = EDGE_CURVE ( 'NONE', #2817, #1454, #4058, .T. ) ;
#2552 = EDGE_CURVE ( 'NONE', #4880, #6146, #5172, .T. ) ;
#2553 = DIRECTION ( 'NONE',  ( -7.309538116125158200E-015, -1.000000000000000000, 0.0000000000000000000 ) ) ;
#2554 = VECTOR ( 'NONE', #5912, 1000.000000000000100 ) ;
#2555 = LINE ( 'NONE', #2698, #5166 ) ;
#2556 = LINE ( 'NONE', #2157, #1189 ) ;
#2557 = DIRECTION ( 'NONE',  ( 8.680918968391333600E-015, 1.000000000000000000, 0.0000000000000000000 ) ) ;
#2558 = PLANE ( 'NONE',  #2855 ) ;
#2559 = DIRECTION ( 'NONE',  ( -0.0000000000000000000, -0.0000000000000000000, 1.000000000000000000 ) ) ;
#2560 = DIRECTION ( 'NONE',  ( -0.0000000000000000000, -0.0000000000000000000, -1.000000000000000000 ) ) ;
#2561 = CARTESIAN_POINT ( 'NONE',  ( -20.24999999895820900, 11.63392459979429300, -1.155781791775945000 ) ) ;
#2562 = ORIENTED_EDGE ( 'NONE', *, *, #1937, .T. ) ;
#2563 = LINE ( 'NONE', #5692, #3603 ) ;
#2564 = DIRECTION ( 'NONE',  ( -0.9816271833683276600, 0.1908089957846946200, 0.0000000000000000000 ) ) ;
#2565 = ORIENTED_EDGE ( 'NONE', *, *, #5938, .F. ) ;
#2566 = VECTOR ( 'NONE', #1350, 1000.000000000000000 ) ;
#2567 = AXIS2_PLACEMENT_3D ( 'NONE', #82, #3658, #611 ) ;
#2568 = ORIENTED_EDGE ( 'NONE', *, *, #2074, .T. ) ;
#2569 = VERTEX_POINT ( 'NONE', #1206 ) ;
#2570 = ORIENTED_EDGE ( 'NONE', *, *, #3435, .T. ) ;
#2571 = CIRCLE ( 'NONE', #2567, 0.09999999983820173600 ) ;
#2572 = DIRECTION ( 'NONE',  ( -1.000000000000000000, 5.782411585859678300E-015, 0.0000000000000000000 ) ) ;
#2573 = VERTEX_POINT ( 'NONE', #3258 ) ;
#2574 = DIRECTION ( 'NONE',  ( 0.9816271833683283300, 0.1908089957846906000, 0.0000000000000000000 ) ) ;
#2575 = DIRECTION ( 'NONE',  ( -0.0000000000000000000, -0.0000000000000000000, 1.000000000000000000 ) ) ;
#2576 = DIRECTION ( 'NONE',  ( -0.0000000000000000000, -0.0000000000000000000, 1.000000000000000000 ) ) ;
#2577 = DIRECTION ( 'NONE',  ( -0.4999999999999735800, 0.8660254037844539200, -0.0000000000000000000 ) ) ;
#2578 = DIRECTION ( 'NONE',  ( 0.8660254037844374900, 0.5000000000000021100, 0.0000000000000000000 ) ) ;
#2579 = ORIENTED_EDGE ( 'NONE', *, *, #1315, .T. ) ;
#2580 = ORIENTED_EDGE ( 'NONE', *, *, #146, .T. ) ;
#2581 = ORIENTED_EDGE ( 'NONE', *, *, #4245, .F. ) ;
#2582 = CARTESIAN_POINT ( 'NONE',  ( -14.50680346973448200, 24.75892274037451600, 2.500000000000000000 ) ) ;
#2583 = PLANE ( 'NONE',  #2025 ) ;
#2584 = DIRECTION ( 'NONE',  ( 1.000000000000000000, -1.097547044502174700E-016, 0.0000000000000000000 ) ) ;
#2585 = EDGE_LOOP ( 'NONE', ( #6275, #2899, #4992, #3846 ) ) ;
#2586 = DIRECTION ( 'NONE',  ( -1.000000000000000000, 0.0000000000000000000, 0.0000000000000000000 ) ) ;
#2587 = DIRECTION ( 'NONE',  ( 0.0000000000000000000, 1.000000000000000000, 0.0000000000000000000 ) ) ;
#2588 = DIRECTION ( 'NONE',  ( 0.0000000000000000000, 0.0000000000000000000, 1.000000000000000000 ) ) ;
#2589 = VERTEX_POINT ( 'NONE', #1727 ) ;
#2590 = VECTOR ( 'NONE', #1853, 1000.000000000000000 ) ;
#2591 = AXIS2_PLACEMENT_3D ( 'NONE', #3643, #4135, #1078 ) ;
#2592 = VERTEX_POINT ( 'NONE', #5194 ) ;
#2593 = DIRECTION ( 'NONE',  ( 1.000000000000000000, 0.0000000000000000000, 0.0000000000000000000 ) ) ;
#2594 = CYLINDRICAL_SURFACE ( 'NONE', #5605, 0.9999999988735131000 ) ;
#2595 = ORIENTED_EDGE ( 'NONE', *, *, #533, .T. ) ;
#2596 = CARTESIAN_POINT ( 'NONE',  ( -14.52020092933435400, 24.70892274045544600, 2.500000000000000000 ) ) ;
#2597 = EDGE_CURVE ( 'NONE', #6003, #5660, #3764, .T. ) ;
#2598 = VERTEX_POINT ( 'NONE', #5671 ) ;
#2599 = DIRECTION ( 'NONE',  ( -0.4999999999999741300, -0.8660254037844535800, 0.0000000000000000000 ) ) ;
#2600 = CARTESIAN_POINT ( 'NONE',  ( 18.35575276356144100, 15.00155675722285900, 2.500000000000000000 ) ) ;
#2601 = DIRECTION ( 'NONE',  ( 0.5000000000000021100, -0.8660254037844374900, 0.0000000000000000000 ) ) ;
#2602 = ORIENTED_EDGE ( 'NONE', *, *, #711, .F. ) ;
#2603 = EDGE_CURVE ( 'NONE', #5326, #2885, #2385, .T. ) ;
#2604 = ORIENTED_EDGE ( 'NONE', *, *, #5664, .T. ) ;
#2605 = CARTESIAN_POINT ( 'NONE',  ( -17.90000000020996400, -7.603811136592260500, -2.500000000000000000 ) ) ;
#2606 = CARTESIAN_POINT ( 'NONE',  ( -15.91218822759075600, 21.12472493679031500, 2.500000000000000000 ) ) ;
#2607 = DIRECTION ( 'NONE',  ( 1.000000000000000000, 0.0000000000000000000, 0.0000000000000000000 ) ) ;
#2608 = AXIS2_PLACEMENT_3D ( 'NONE', #2796, #2774, #2754 ) ;
#2609 = CARTESIAN_POINT ( 'NONE',  ( 20.99999999895844700, 12.48269861298670900, 2.500000000000000000 ) ) ;
#2610 = VERTEX_POINT ( 'NONE', #2704 ) ;
#2611 = FACE_OUTER_BOUND ( 'NONE', #3686, .T. ) ;
#2612 = LINE ( 'NONE', #2545, #1387 ) ;
#2613 = AXIS2_PLACEMENT_3D ( 'NONE', #3119, #44, #3626 ) ;
#2614 = AXIS2_PLACEMENT_3D ( 'NONE', #1966, #6358, #3518 ) ;
#2615 = CARTESIAN_POINT ( 'NONE',  ( -3.400000002045663100, 24.99962553122773200, 2.500000000000000000 ) ) ;
#2616 = DIRECTION ( 'NONE',  ( -0.9816271833683269900, 0.1908089957846979500, 0.0000000000000000000 ) ) ;
#2617 = VECTOR ( 'NONE', #3299, 1000.000000000000200 ) ;
#2618 = VERTEX_POINT ( 'NONE', #3281 ) ;
#2619 = DIRECTION ( 'NONE',  ( -0.9816271833683283300, -0.1908089957846906000, -0.0000000000000000000 ) ) ;
#2620 = CARTESIAN_POINT ( 'NONE',  ( 19.68651551726444600, -3.234434698222926800, 0.7500000000000000000 ) ) ;
#2621 = CARTESIAN_POINT ( 'NONE',  ( 3.400000002045663100, 21.49962553123286200, 2.500000000000000000 ) ) ;
#2622 = ORIENTED_EDGE ( 'NONE', *, *, #4520, .T. ) ;
#2623 = EDGE_CURVE ( 'NONE', #2411, #4805, #6129, .T. ) ;
#2624 = LINE ( 'NONE', #3279, #3815 ) ;
#2625 = FACE_OUTER_BOUND ( 'NONE', #5269, .T. ) ;
#2626 = EDGE_CURVE ( 'NONE', #1700, #6026, #2563, .T. ) ;
#2627 = PLANE ( 'NONE',  #3310 ) ;
#2628 = ORIENTED_EDGE ( 'NONE', *, *, #3115, .T. ) ;
#2629 = FACE_OUTER_BOUND ( 'NONE', #5487, .T. ) ;
#2630 = VECTOR ( 'NONE', #4770, 1000.000000000000000 ) ;
#2631 = AXIS2_PLACEMENT_3D ( 'NONE', #4363, #2400, #5821 ) ;
#2632 = FACE_OUTER_BOUND ( 'NONE', #490, .T. ) ;
#2633 = LINE ( 'NONE', #692, #5537 ) ;
#2634 = DIRECTION ( 'NONE',  ( -0.0000000000000000000, -0.0000000000000000000, -1.000000000000000000 ) ) ;
#2635 = EDGE_CURVE ( 'NONE', #736, #5713, #6261, .T. ) ;
#2636 = CARTESIAN_POINT ( 'NONE',  ( -17.43068920757620800, 16.60381383641971500, 2.500000000000000000 ) ) ;
#2637 = CARTESIAN_POINT ( 'NONE',  ( -3.400000002045663100, 24.99962553122773200, 2.500000000000000000 ) ) ;
#2638 = VECTOR ( 'NONE', #4974, 1000.000000000000200 ) ;
#2639 = CARTESIAN_POINT ( 'NONE',  ( -21.69999999912344200, -2.161487752421908000, -2.500000000000000000 ) ) ;
#2640 = VECTOR ( 'NONE', #220, 1000.000000000000000 ) ;
#2641 = EDGE_CURVE ( 'NONE', #4101, #6299, #2230, .T. ) ;
#2642 = ORIENTED_EDGE ( 'NONE', *, *, #902, .F. ) ;
#2643 = CARTESIAN_POINT ( 'NONE',  ( -15.82874028459418600, 19.25796628576226900, 2.500000000000000000 ) ) ;
#2644 = VERTEX_POINT ( 'NONE', #3429 ) ;
#2645 = EDGE_CURVE ( 'NONE', #16, #886, #3436, .T. ) ;
#2646 = CARTESIAN_POINT ( 'NONE',  ( -16.86241927253320600, 19.47887648802062800, 2.500000000000000000 ) ) ;
#2647 = CARTESIAN_POINT ( 'NONE',  ( 14.62810663303341500, 9.698151474936329600, -1.638251443502664100 ) ) ;
#2648 = FACE_BOUND ( 'NONE', #4077, .T. ) ;
#2649 = DIRECTION ( 'NONE',  ( 1.000000000000000000, 0.0000000000000000000, 0.0000000000000000000 ) ) ;
#2650 = AXIS2_PLACEMENT_3D ( 'NONE', #4940, #1961, #5408 ) ;
#2651 = ORIENTED_EDGE ( 'NONE', *, *, #4984, .T. ) ;
#2652 = ORIENTED_EDGE ( 'NONE', *, *, #3747, .F. ) ;
#2653 = VECTOR ( 'NONE', #520, 1000.000000000000200 ) ;
#2654 = AXIS2_PLACEMENT_3D ( 'NONE', #1433, #1458, #4961 ) ;
#2655 = CARTESIAN_POINT ( 'NONE',  ( -20.24999999895830500, 1.428256051882033500, -1.172439306139857300 ) ) ;
#2656 = EDGE_LOOP ( 'NONE', ( #1740, #1669, #3200, #4299 ) ) ;
#2657 = VERTEX_POINT ( 'NONE', #5834 ) ;
#2658 = DIRECTION ( 'NONE',  ( -0.3420201433408304700, -0.9396926207803900600, 0.0000000000000000000 ) ) ;
#2659 = CARTESIAN_POINT ( 'NONE',  ( -21.70000000021520500, -14.66549868070125000, -2.299999999999999400 ) ) ;
#2660 = FACE_OUTER_BOUND ( 'NONE', #1641, .T. ) ;
#2661 = CARTESIAN_POINT ( 'NONE',  ( 20.99999999895848300, -13.82648468384631500, 2.500000000000000000 ) ) ;
#2662 = DIRECTION ( 'NONE',  ( 0.0000000000000000000, 0.0000000000000000000, 1.000000000000000000 ) ) ;
#2663 = VERTEX_POINT ( 'NONE', #3928 ) ;
#2664 = VERTEX_POINT ( 'NONE', #2918 ) ;
#2665 = EDGE_CURVE ( 'NONE', #1559, #4101, #4732, .T. ) ;
#2666 = CYLINDRICAL_SURFACE ( 'NONE', #3876, 0.1982033569999965000 ) ;
#2667 = DIRECTION ( 'NONE',  ( -0.4999999999999708600, -0.8660254037844555800, 0.0000000000000000000 ) ) ;
#2668 = CARTESIAN_POINT ( 'NONE',  ( 10.35797482500594100, -11.41005778916108500, 2.500000000000000000 ) ) ;
#2669 = ORIENTED_EDGE ( 'NONE', *, *, #2074, .F. ) ;
#2670 = ORIENTED_EDGE ( 'NONE', *, *, #5657, .F. ) ;
#2671 = EDGE_CURVE ( 'NONE', #4446, #4607, #4866, .T. ) ;
#2672 = ORIENTED_EDGE ( 'NONE', *, *, #132, .T. ) ;
#2673 = ORIENTED_EDGE ( 'NONE', *, *, #402, .T. ) ;
#2674 = ORIENTED_EDGE ( 'NONE', *, *, #4667, .T. ) ;
#2675 = CARTESIAN_POINT ( 'NONE',  ( 3.150000002174445000, 17.40392322600979800, -2.500000000000000000 ) ) ;
#2676 = ORIENTED_EDGE ( 'NONE', *, *, #2757, .F. ) ;
#2677 = DIRECTION ( 'NONE',  ( -0.0000000000000000000, -0.0000000000000000000, -1.000000000000000000 ) ) ;
#2678 = EDGE_CURVE ( 'NONE', #4034, #764, #725, .T. ) ;
#2679 = CARTESIAN_POINT ( 'NONE',  ( -14.19462856805785800, 24.99962553122772800, -2.500000000000000000 ) ) ;
#2680 = DIRECTION ( 'NONE',  ( -0.0000000000000000000, -0.0000000000000000000, 1.000000000000000000 ) ) ;
#2681 = CARTESIAN_POINT ( 'NONE',  ( 19.01172613572896400, 15.75616779990884600, -2.500000000000000000 ) ) ;
#2682 = ORIENTED_EDGE ( 'NONE', *, *, #1165, .F. ) ;
#2683 = ORIENTED_EDGE ( 'NONE', *, *, #5506, .F. ) ;
#2684 = CARTESIAN_POINT ( 'NONE',  ( -16.75380384057941200, 17.65570920656541200, 2.500000000000000000 ) ) ;
#2685 = DIRECTION ( 'NONE',  ( -0.0000000000000000000, -0.0000000000000000000, -1.000000000000000000 ) ) ;
#2686 = CARTESIAN_POINT ( 'NONE',  ( 18.41218822660231100, 16.79459791957988600, 2.500000000000000000 ) ) ;
#2687 = ORIENTED_EDGE ( 'NONE', *, *, #352, .T. ) ;
#2688 = VECTOR ( 'NONE', #3253, 1000.000000000000000 ) ;
#2689 = LINE ( 'NONE', #3917, #1312 ) ;
#2690 = CARTESIAN_POINT ( 'NONE',  ( 20.17852525034087900, 2.197071850050482200, -1.395194800116666300 ) ) ;
#2691 = ORIENTED_EDGE ( 'NONE', *, *, #4321, .T. ) ;
#2692 = ADVANCED_FACE ( 'NONE', ( #1903 ), #3453, .F. ) ;
#2693 = LINE ( 'NONE', #2904, #5293 ) ;
#2694 = CIRCLE ( 'NONE', #5910, 0.5999999999999928700 ) ;
#2695 = EDGE_LOOP ( 'NONE', ( #5439, #4695, #5651, #5897, #1228, #5844 ) ) ;
#2696 = VERTEX_POINT ( 'NONE', #5859 ) ;
#2697 = ORIENTED_EDGE ( 'NONE', *, *, #1163, .F. ) ;
#2698 = CARTESIAN_POINT ( 'NONE',  ( -14.19462856805785800, 24.99962553122772800, 2.500000000000000000 ) ) ;
#2699 = DIRECTION ( 'NONE',  ( 0.0000000000000000000, 0.0000000000000000000, 1.000000000000000000 ) ) ;
#2700 = LINE ( 'NONE', #6002, #6402 ) ;
#2701 = VERTEX_POINT ( 'NONE', #906 ) ;
#2702 = VECTOR ( 'NONE', #2809, 1000.000000000000000 ) ;
#2703 = EDGE_CURVE ( 'NONE', #2346, #4801, #5989, .T. ) ;
#2704 = CARTESIAN_POINT ( 'NONE',  ( 16.80598380949233600, 17.68583532566359300, -2.500000000000000000 ) ) ;
#2705 = LINE ( 'NONE', #4430, #5455 ) ;
#2706 = EDGE_CURVE ( 'NONE', #13, #1356, #569, .T. ) ;
#2707 = VECTOR ( 'NONE', #2471, 1000.000000000000000 ) ;
#2708 = FACE_OUTER_BOUND ( 'NONE', #2114, .T. ) ;
#2709 = CARTESIAN_POINT ( 'NONE',  ( 19.32464787990366500, 5.013510851923799200, -1.833241932531652700 ) ) ;
#2710 = VECTOR ( 'NONE', #2259, 1000.000000000000000 ) ;
#2711 = LINE ( 'NONE', #5617, #1337 ) ;
#2712 = CARTESIAN_POINT ( 'NONE',  ( -14.42020092949615200, 24.70892274045544600, -2.500000000000000000 ) ) ;
#2713 = ORIENTED_EDGE ( 'NONE', *, *, #5881, .T. ) ;
#2714 = CARTESIAN_POINT ( 'NONE',  ( 11.74999999895831800, 11.63392459979423100, -1.155781791775945000 ) ) ;
#2715 = LINE ( 'NONE', #1483, #1342 ) ;
#2716 = EDGE_CURVE ( 'NONE', #6285, #6154, #5691, .T. ) ;
#2717 = DIRECTION ( 'NONE',  ( -0.0000000000000000000, -0.0000000000000000000, -1.000000000000000000 ) ) ;
#2718 = CARTESIAN_POINT ( 'NONE',  ( -18.92827819273239200, 13.88940914888079800, 2.500000000000000000 ) ) ;
#2719 = ORIENTED_EDGE ( 'NONE', *, *, #5248, .T. ) ;
#2720 = CARTESIAN_POINT ( 'NONE',  ( -19.30898318376765100, 8.093246608143534400, 2.236750904532786700 ) ) ;
#2721 = CARTESIAN_POINT ( 'NONE',  ( -16.10000000194025600, -6.804015669359618100, -2.500000000000000000 ) ) ;
#2722 = ORIENTED_EDGE ( 'NONE', *, *, #4858, .T. ) ;
#2723 = ORIENTED_EDGE ( 'NONE', *, *, #1261, .T. ) ;
#2724 = DIRECTION ( 'NONE',  ( -0.8660254037844564700, 0.4999999999999691900, 0.0000000000000000000 ) ) ;
#2725 = CIRCLE ( 'NONE', #2216, 0.2999999996985240900 ) ;
#2726 = ADVANCED_FACE ( 'NONE', ( #5542 ), #1600, .F. ) ;
#2727 = ORIENTED_EDGE ( 'NONE', *, *, #3222, .T. ) ;
#2728 = DIRECTION ( 'NONE',  ( -0.8660254037844564700, -0.4999999999999691900, -0.0000000000000000000 ) ) ;
#2729 = ORIENTED_EDGE ( 'NONE', *, *, #3801, .F. ) ;
#2730 = ORIENTED_EDGE ( 'NONE', *, *, #5071, .F. ) ;
#2731 = DIRECTION ( 'NONE',  ( 1.000000000000000000, 3.754957844866309200E-013, 0.0000000000000000000 ) ) ;
#2732 = ORIENTED_EDGE ( 'NONE', *, *, #2623, .T. ) ;
#2733 =( GEOMETRIC_REPRESENTATION_CONTEXT ( 3 ) GLOBAL_UNCERTAINTY_ASSIGNED_CONTEXT ( ( #1308 ) ) GLOBAL_UNIT_ASSIGNED_CONTEXT ( ( #5826, #2909, #6288 ) ) REPRESENTATION_CONTEXT ( 'NONE', 'WORKASPACE' ) );
#2734 = VERTEX_POINT ( 'NONE', #3983 ) ;
#2735 = VERTEX_POINT ( 'NONE', #934 ) ;
#2736 = AXIS2_PLACEMENT_3D ( 'NONE', #326, #3891, #832 ) ;
#2737 = LINE ( 'NONE', #4831, #2590 ) ;
#2738 = CARTESIAN_POINT ( 'NONE',  ( -17.91891975059718700, -14.98837953933072200, 2.500000000000000000 ) ) ;
#2739 = VERTEX_POINT ( 'NONE', #6337 ) ;
#2740 = FACE_OUTER_BOUND ( 'NONE', #187, .T. ) ;
#2741 = ORIENTED_EDGE ( 'NONE', *, *, #2272, .T. ) ;
#2742 = CARTESIAN_POINT ( 'NONE',  ( -18.98045816164531600, 13.91953526797897900, 2.500000000000000000 ) ) ;
#2743 = ORIENTED_EDGE ( 'NONE', *, *, #3058, .F. ) ;
#2744 = EDGE_CURVE ( 'NONE', #2351, #4834, #2944, .T. ) ;
#2745 = DIRECTION ( 'NONE',  ( -0.0000000000000000000, -0.0000000000000000000, -1.000000000000000000 ) ) ;
#2746 = CARTESIAN_POINT ( 'NONE',  ( -19.37505676771906200, 4.727409553406126000, -1.807473507128249100 ) ) ;
#2747 = DIRECTION ( 'NONE',  ( -1.000000000000000000, 0.0000000000000000000, 0.0000000000000000000 ) ) ;
#2748 = ORIENTED_EDGE ( 'NONE', *, *, #4123, .T. ) ;
#2749 = ORIENTED_EDGE ( 'NONE', *, *, #6192, .T. ) ;
#2750 = AXIS2_PLACEMENT_3D ( 'NONE', #6159, #3305, #223 ) ;
#2751 = EDGE_CURVE ( 'NONE', #4156, #259, #3135, .T. ) ;
#2752 = EDGE_CURVE ( 'NONE', #2160, #1515, #4286, .T. ) ;
#2753 = ADVANCED_FACE ( 'NONE', ( #1418 ), #5241, .T. ) ;
#2754 = DIRECTION ( 'NONE',  ( -1.000000000000000000, 0.0000000000000000000, 0.0000000000000000000 ) ) ;
#2755 = DIRECTION ( 'NONE',  ( 0.0000000000000000000, 0.0000000000000000000, 1.000000000000000000 ) ) ;
#2756 = EDGE_LOOP ( 'NONE', ( #4278, #5120, #5205, #276 ) ) ;
#2757 = EDGE_CURVE ( 'NONE', #3142, #2181, #2784, .T. ) ;
#2758 = DIRECTION ( 'NONE',  ( 0.0000000000000000000, 1.000000000000000000, 0.0000000000000000000 ) ) ;
#2759 = DIRECTION ( 'NONE',  ( 0.0000000000000000000, 1.000000000000000000, 0.0000000000000000000 ) ) ;
#2760 = LINE ( 'NONE', #5658, #3484 ) ;
#2761 = VECTOR ( 'NONE', #5453, 1000.000000000000000 ) ;
#2762 = EDGE_CURVE ( 'NONE', #4883, #2401, #5381, .T. ) ;
#2763 = CARTESIAN_POINT ( 'NONE',  ( -22.30000000033826500, -14.10401566582430500, 2.500000000000000000 ) ) ;
#2764 = CIRCLE ( 'NONE', #4525, 1.999999999999997100 ) ;
#2765 = AXIS2_PLACEMENT_3D ( 'NONE', #812, #4357, #3378 ) ;
#2766 = ORIENTED_EDGE ( 'NONE', *, *, #6235, .F. ) ;
#2767 = PLANE ( 'NONE',  #6030 ) ;
#2768 = DIRECTION ( 'NONE',  ( -0.0000000000000000000, -0.0000000000000000000, -1.000000000000000000 ) ) ;
#2769 = ORIENTED_EDGE ( 'NONE', *, *, #592, .F. ) ;
#2770 = AXIS2_PLACEMENT_3D ( 'NONE', #4116, #3628, #4601 ) ;
#2771 = VECTOR ( 'NONE', #2782, 1000.000000000000200 ) ;
#2772 = LINE ( 'NONE', #393, #3817 ) ;
#2773 = EDGE_LOOP ( 'NONE', ( #2419, #5415, #1694, #1765, #5009, #1812, #3434, #3869, #1288, #280, #575, #175, #31, #1338, #3380, #2084, #1321, #2536, #2287, #3763, #6240, #6380, #5555, #5593, #2017, #339, #312, #4147, #4591, #4230, #4091, #5308, #805, #867, #135, #6400, #3810, #1190, #4776, #5280, #4437, #3181, #810, #4385, #5628, #3841, #252, #5608, #4199, #4261, #1802, #861, #4964, #12, #3773, #2475, #643, #551, #897, #5538, #808, #1706, #5683, #589, #4479, #6360, #1146, #5507, #2579, #5424, #950, #6273, #2568, #1254, #4008, #3860, #5948, #4316, #1519, #587, #5751, #2212, #685, #5291, #1234, #4478, #3314, #1577, #5423, #3479, #2408, #3565, #231, #2651, #962, #3685, #1827, #6361, #5698, #5323, #3165, #2008, #730, #920, #2383, #4630, #1123, #2652, #3026, #3110, #2526, #762, #5996, #4439, #2981, #161, #5534, #2016, #4543, #123, #4611, #6042, #1008, #425, #63, #2722, #1353, #2476, #4320, #117, #5115, #4130, #2198, #6150, #1526, #2118, #119, #217, #3029, #5767, #3445, #5045, #5929, #4682, #2941, #1946, #4406, #3207, #4952, #1034, #3913, #2327, #3985, #1591, #4835, #5049, #4585, #5340, #843, #4844, #1603 ) ) ;
#2774 = DIRECTION ( 'NONE',  ( -0.0000000000000000000, -0.0000000000000000000, -1.000000000000000000 ) ) ;
#2775 = CYLINDRICAL_SURFACE ( 'NONE', #1161, 0.5326494769548433300 ) ;
#2776 = VECTOR ( 'NONE', #261, 1000.000000000000000 ) ;
#2777 = DIRECTION ( 'NONE',  ( -0.9816271833683279900, 0.1908089957846929300, 0.0000000000000000000 ) ) ;
#2778 = DIRECTION ( 'NONE',  ( -0.0000000000000000000, -0.0000000000000000000, -1.000000000000000000 ) ) ;
#2779 = VECTOR ( 'NONE', #3162, 1000.000000000000200 ) ;
#2780 = VECTOR ( 'NONE', #4991, 1000.000000000000000 ) ;
#2781 = CIRCLE ( 'NONE', #1792, 0.4999999996847734300 ) ;
#2782 = DIRECTION ( 'NONE',  ( -0.4999999999999074100, 0.8660254037844921100, -0.0000000000000000000 ) ) ;
#2783 = ADVANCED_FACE ( 'NONE', ( #3971 ), #4033, .F. ) ;
#2784 = LINE ( 'NONE', #3031, #238 ) ;
#2785 = CARTESIAN_POINT ( 'NONE',  ( -11.74999999895837100, 4.355040764844140700, 2.164871000852651900 ) ) ;
#2786 = AXIS2_PLACEMENT_3D ( 'NONE', #5411, #2477, #5894 ) ;
#2787 = CARTESIAN_POINT ( 'NONE',  ( -10.35797482499406300, -11.90364120424378800, 2.500000000000000000 ) ) ;
#2788 = DIRECTION ( 'NONE',  ( 1.000000000000000000, 0.0000000000000000000, 0.0000000000000000000 ) ) ;
#2789 = FACE_OUTER_BOUND ( 'NONE', #3581, .T. ) ;
#2790 = CARTESIAN_POINT ( 'NONE',  ( -3.400000002045663100, 22.21300528677813800, -2.299999999999999400 ) ) ;
#2791 = VERTEX_POINT ( 'NONE', #483 ) ;
#2792 = ORIENTED_EDGE ( 'NONE', *, *, #4853, .F. ) ;
#2793 = ORIENTED_EDGE ( 'NONE', *, *, #1746, .F. ) ;
#2794 = FACE_OUTER_BOUND ( 'NONE', #5309, .T. ) ;
#2795 = EDGE_CURVE ( 'NONE', #3780, #6086, #6335, .T. ) ;
#2796 = CARTESIAN_POINT ( 'NONE',  ( -20.49999999927367600, 12.48269861298670900, 2.500000000000000000 ) ) ;
#2797 = EDGE_LOOP ( 'NONE', ( #1067, #3146, #4153, #1634 ) ) ;
#2798 =( GEOMETRIC_REPRESENTATION_CONTEXT ( 3 ) GLOBAL_UNCERTAINTY_ASSIGNED_CONTEXT ( ( #139 ) ) GLOBAL_UNIT_ASSIGNED_CONTEXT ( ( #4328, #2322, #5757 ) ) REPRESENTATION_CONTEXT ( 'NONE', 'WORKASPACE' ) );
#2799 = ORIENTED_EDGE ( 'NONE', *, *, #218, .F. ) ;
#2800 = CARTESIAN_POINT ( 'NONE',  ( -17.20000000210718100, -13.10364119968240200, -2.500000000000000000 ) ) ;
#2801 = VECTOR ( 'NONE', #5494, 1000.000000000000000 ) ;
#2802 = CARTESIAN_POINT ( 'NONE',  ( -18.41218822660231100, 16.79459791957988600, 2.500000000000000000 ) ) ;
#2803 = VERTEX_POINT ( 'NONE', #6405 ) ;
#2804 = CARTESIAN_POINT ( 'NONE',  ( -9.894158132101130900, -11.57887325953808500, -2.500000000000000000 ) ) ;
#2805 = VERTEX_POINT ( 'NONE', #3054 ) ;
#2806 = CARTESIAN_POINT ( 'NONE',  ( -21.80347806354224000, -15.47136618964875700, 2.500000000000000000 ) ) ;
#2807 = VECTOR ( 'NONE', #2970, 1000.000000000000000 ) ;
#2808 = DIRECTION ( 'NONE',  ( -0.4999999999999752400, 0.8660254037844530300, -0.0000000000000000000 ) ) ;
#2809 = DIRECTION ( 'NONE',  ( -0.0000000000000000000, -0.0000000000000000000, -1.000000000000000000 ) ) ;
#2810 = AXIS2_PLACEMENT_3D ( 'NONE', #179, #172, #164 ) ;
#2811 = FILL_AREA_STYLE_COLOUR ( '', #6386 ) ;
#2812 = EDGE_LOOP ( 'NONE', ( #5043, #6063, #4175, #1296 ) ) ;
#2813 = DIRECTION ( 'NONE',  ( 0.0000000000000000000, 0.0000000000000000000, 1.000000000000000000 ) ) ;
#2814 = AXIS2_PLACEMENT_3D ( 'NONE', #98, #3679, #625 ) ;
#2815 = LINE ( 'NONE', #4082, #1628 ) ;
#2816 = ORIENTED_EDGE ( 'NONE', *, *, #5936, .T. ) ;
#2817 = VERTEX_POINT ( 'NONE', #5461 ) ;
#2818 = ORIENTED_EDGE ( 'NONE', *, *, #5016, .F. ) ;
#2819 = DIRECTION ( 'NONE',  ( -1.000000000000000000, 0.0000000000000000000, 0.0000000000000000000 ) ) ;
#2820 = CARTESIAN_POINT ( 'NONE',  ( -16.10000000194025600, -6.804015669359618100, 2.500000000000000000 ) ) ;
#2821 = ADVANCED_FACE ( 'NONE', ( #2467 ), #5438, .F. ) ;
#2822 = ORIENTED_EDGE ( 'NONE', *, *, #1923, .F. ) ;
#2823 = EDGE_CURVE ( 'NONE', #3079, #1319, #1263, .T. ) ;
#2824 = ORIENTED_EDGE ( 'NONE', *, *, #787, .F. ) ;
#2825 = ORIENTED_EDGE ( 'NONE', *, *, #349, .F. ) ;
#2826 = EDGE_CURVE ( 'NONE', #868, #2999, #5103, .T. ) ;
#2827 = ORIENTED_EDGE ( 'NONE', *, *, #3454, .T. ) ;
#2828 = DIRECTION ( 'NONE',  ( 1.000000000000000000, 0.0000000000000000000, -0.0000000000000000000 ) ) ;
#2829 = CARTESIAN_POINT ( 'NONE',  ( 17.43068920757620800, 16.60381383641971500, 2.500000000000000000 ) ) ;
#2830 = CARTESIAN_POINT ( 'NONE',  ( -20.37379076652629800, 13.59700265585159900, 2.500000000000000000 ) ) ;
#2831 = ORIENTED_EDGE ( 'NONE', *, *, #225, .F. ) ;
#2832 = DIRECTION ( 'NONE',  ( -0.4999999999999766300, 0.8660254037844520300, -0.0000000000000000000 ) ) ;
#2833 = ORIENTED_EDGE ( 'NONE', *, *, #5034, .T. ) ;
#2834 = ADVANCED_FACE ( 'NONE', ( #3681 ), #5485, .F. ) ;
#2835 = EDGE_CURVE ( 'NONE', #4824, #3552, #941, .T. ) ;
#2836 = CARTESIAN_POINT ( 'NONE',  ( -8.745941614151837100, -9.001315623416150700, -2.500000000000000000 ) ) ;
#2837 = LINE ( 'NONE', #5650, #2688 ) ;
#2838 = VECTOR ( 'NONE', #2848, 1000.000000000000100 ) ;
#2839 = ORIENTED_EDGE ( 'NONE', *, *, #5373, .T. ) ;
#2840 = VECTOR ( 'NONE', #831, 1000.000000000000100 ) ;
#2841 = VECTOR ( 'NONE', #3094, 1000.000000000000000 ) ;
#2842 = ORIENTED_EDGE ( 'NONE', *, *, #889, .F. ) ;
#2843 = EDGE_CURVE ( 'NONE', #4295, #3564, #1102, .T. ) ;
#2844 = ORIENTED_EDGE ( 'NONE', *, *, #1736, .F. ) ;
#2845 = CARTESIAN_POINT ( 'NONE',  ( -3.400000002045663100, 21.49962553123286200, -2.500000000000000000 ) ) ;
#2846 = AXIS2_PLACEMENT_3D ( 'NONE', #1635, #1101, #89 ) ;
#2847 = LINE ( 'NONE', #2079, #3882 ) ;
#2848 = DIRECTION ( 'NONE',  ( 0.5720091515689449400, 0.8202472374359914800, 0.0000000000000000000 ) ) ;
#2849 = DIRECTION ( 'NONE',  ( -0.0000000000000000000, -0.0000000000000000000, -1.000000000000000000 ) ) ;
#2850 = ORIENTED_EDGE ( 'NONE', *, *, #2354, .T. ) ;
#2851 = ADVANCED_FACE ( 'NONE', ( #2308 ), #5982, .F. ) ;
#2852 = DIRECTION ( 'NONE',  ( 1.000000000000000000, 0.0000000000000000000, 0.0000000000000000000 ) ) ;
#2853 = CYLINDRICAL_SURFACE ( 'NONE', #5715, 0.5999999999999928700 ) ;
#2854 = DIRECTION ( 'NONE',  ( -0.0000000000000000000, -0.0000000000000000000, -1.000000000000000000 ) ) ;
#2855 = AXIS2_PLACEMENT_3D ( 'NONE', #4054, #5962, #3083 ) ;
#2856 = CIRCLE ( 'NONE', #943, 0.9999999988734819000 ) ;
#2857 = VECTOR ( 'NONE', #3701, 1000.000000000000000 ) ;
#2858 = PRODUCT ( 'KN-T12', 'KN-T12', '', ( #6230 ) ) ;
#2859 = VECTOR ( 'NONE', #639, 1000.000000000000000 ) ;
#2860 = LINE ( 'NONE', #2135, #6415 ) ;
#2861 = ADVANCED_FACE ( 'NONE', ( #3519 ), #2583, .F. ) ;
#2862 = EDGE_CURVE ( 'NONE', #748, #5713, #6057, .T. ) ;
#2863 = VECTOR ( 'NONE', #1686, 1000.000000000000000 ) ;
#2864 = VERTEX_POINT ( 'NONE', #2605 ) ;
#2865 = ORIENTED_EDGE ( 'NONE', *, *, #4375, .F. ) ;
#2866 = EDGE_LOOP ( 'NONE', ( #1983, #3832, #5039, #1355 ) ) ;
#2867 = DIRECTION ( 'NONE',  ( 0.0000000000000000000, 0.0000000000000000000, 1.000000000000000000 ) ) ;
#2868 = VECTOR ( 'NONE', #4024, 1000.000000000000000 ) ;
#2869 = CARTESIAN_POINT ( 'NONE',  ( -18.98045816164531600, 13.91953526797897900, 2.500000000000000000 ) ) ;
#2870 = ORIENTED_EDGE ( 'NONE', *, *, #5807, .T. ) ;
#2871 = CARTESIAN_POINT ( 'NONE',  ( -20.32312030118735500, -2.666971610699351300, 2.500000000000000000 ) ) ;
#2872 = ORIENTED_EDGE ( 'NONE', *, *, #5704, .F. ) ;
#2873 = EDGE_CURVE ( 'NONE', #2181, #2664, #5909, .T. ) ;
#2874 = EDGE_LOOP ( 'NONE', ( #2682, #4796, #5025, #6176 ) ) ;
#2875 = VECTOR ( 'NONE', #1572, 1000.000000000000100 ) ;
#2876 = EDGE_CURVE ( 'NONE', #1211, #3552, #788, .T. ) ;
#2877 = ORIENTED_EDGE ( 'NONE', *, *, #1831, .F. ) ;
#2878 = ORIENTED_EDGE ( 'NONE', *, *, #3574, .T. ) ;
#2879 = EDGE_CURVE ( 'NONE', #3906, #1795, #2158, .T. ) ;
#2880 = ORIENTED_EDGE ( 'NONE', *, *, #95, .T. ) ;
#2881 = EDGE_CURVE ( 'NONE', #4880, #3090, #652, .T. ) ;
#2882 = CARTESIAN_POINT ( 'NONE',  ( -3.400000002045663100, 24.99962553122773200, 2.500000000000000000 ) ) ;
#2883 = PLANE ( 'NONE',  #4440 ) ;
#2884 = ADVANCED_FACE ( 'NONE', ( #482 ), #3152, .F. ) ;
#2885 = VERTEX_POINT ( 'NONE', #5551 ) ;
#2886 = VECTOR ( 'NONE', #4344, 1000.000000000000000 ) ;
#2887 = ADVANCED_FACE ( 'NONE', ( #4356 ), #1618, .F. ) ;
#2888 = VERTEX_POINT ( 'NONE', #1090 ) ;
#2889 = DIRECTION ( 'NONE',  ( 7.309538116125158200E-015, -1.000000000000000000, 0.0000000000000000000 ) ) ;
#2890 = CARTESIAN_POINT ( 'NONE',  ( 20.83636363536799500, 1.122172890406549600, -2.500000000000000000 ) ) ;
#2891 = CARTESIAN_POINT ( 'NONE',  ( 9.894158132113068000, -11.57887325953805300, 2.500000000000000000 ) ) ;
#2892 = LINE ( 'NONE', #4945, #29 ) ;
#2893 = ORIENTED_EDGE ( 'NONE', *, *, #6235, .T. ) ;
#2894 = CARTESIAN_POINT ( 'NONE',  ( -16.30000000210718300, -13.54479547261122200, 2.500000000000000000 ) ) ;
#2895 = DIRECTION ( 'NONE',  ( 0.0000000000000000000, 0.0000000000000000000, 1.000000000000000000 ) ) ;
#2896 = ADVANCED_FACE ( 'NONE', ( #1834 ), #96, .F. ) ;
#2897 = ORIENTED_EDGE ( 'NONE', *, *, #2156, .T. ) ;
#2898 = CARTESIAN_POINT ( 'NONE',  ( 9.894158132113068000, -11.57887325953805300, 2.500000000000000000 ) ) ;
#2899 = ORIENTED_EDGE ( 'NONE', *, *, #5180, .F. ) ;
#2900 = PLANE ( 'NONE',  #1904 ) ;
#2901 = ORIENTED_EDGE ( 'NONE', *, *, #4245, .T. ) ;
#2902 = AXIS2_PLACEMENT_3D ( 'NONE', #4179, #1124, #4660 ) ;
#2903 = ORIENTED_EDGE ( 'NONE', *, *, #5978, .T. ) ;
#2904 = CARTESIAN_POINT ( 'NONE',  ( -3.400000002045663100, 21.49962553123286200, 2.500000000000000000 ) ) ;
#2905 = VERTEX_POINT ( 'NONE', #4165 ) ;
#2906 = DIRECTION ( 'NONE',  ( 0.0000000000000000000, -1.000000000000000000, 0.0000000000000000000 ) ) ;
#2907 = LINE ( 'NONE', #4146, #4108 ) ;
#2908 = LINE ( 'NONE', #475, #2761 ) ;
#2909 =( NAMED_UNIT ( * ) PLANE_ANGLE_UNIT ( ) SI_UNIT ( $, .RADIAN. ) );
#2910 = DIRECTION ( 'NONE',  ( -1.000000000000000000, 0.0000000000000000000, 0.0000000000000000000 ) ) ;
#2911 = CARTESIAN_POINT ( 'NONE',  ( -7.650000000000008300, 24.99962553122773200, 3.469446951953614200E-015 ) ) ;
#2912 = EDGE_CURVE ( 'NONE', #2482, #4763, #3365, .T. ) ;
#2913 = CIRCLE ( 'NONE', #3259, 0.2999999996985205900 ) ;
#2914 = DIRECTION ( 'NONE',  ( 0.3255681544571679100, -0.9455185755993129600, 0.0000000000000000000 ) ) ;
#2915 = VECTOR ( 'NONE', #5652, 1000.000000000000100 ) ;
#2916 = ADVANCED_FACE ( 'NONE', ( #3038 ), #1107, .F. ) ;
#2917 = EDGE_LOOP ( 'NONE', ( #931, #40, #2242, #5769, #3327, #6222 ) ) ;
#2918 = CARTESIAN_POINT ( 'NONE',  ( -3.400000002045663100, 24.99962553122773200, -2.500000000000000000 ) ) ;
#2919 = EDGE_CURVE ( 'NONE', #400, #2172, #5460, .T. ) ;
#2920 = ORIENTED_EDGE ( 'NONE', *, *, #4188, .T. ) ;
#2921 = CARTESIAN_POINT ( 'NONE',  ( 14.45443618893210100, 24.84962553137846400, -2.500000000000000000 ) ) ;
#2922 = DIRECTION ( 'NONE',  ( 0.0000000000000000000, -0.0000000000000000000, 1.000000000000000000 ) ) ;
#2923 = FACE_BOUND ( 'NONE', #580, .T. ) ;
#2924 = CIRCLE ( 'NONE', #4764, 0.1999999999999987900 ) ;
#2925 = ORIENTED_EDGE ( 'NONE', *, *, #1501, .T. ) ;
#2926 = LINE ( 'NONE', #1071, #69 ) ;
#2927 = AXIS2_PLACEMENT_3D ( 'NONE', #2432, #2417, #2407 ) ;
#2928 = VECTOR ( 'NONE', #3272, 999.9999999999998900 ) ;
#2929 = CARTESIAN_POINT ( 'NONE',  ( -16.20000000215205200, -11.34522402732296900, 2.500000000000000000 ) ) ;
#2930 = ORIENTED_EDGE ( 'NONE', *, *, #5884, .T. ) ;
#2931 = VECTOR ( 'NONE', #3665, 1000.000000000000000 ) ;
#2932 = CARTESIAN_POINT ( 'NONE',  ( -14.33115129943800300, 21.97237097330118500, 2.500000000000000000 ) ) ;
#2933 = DIRECTION ( 'NONE',  ( 1.000000000000000000, 0.0000000000000000000, 0.0000000000000000000 ) ) ;
#2934 = AXIS2_PLACEMENT_3D ( 'NONE', #20, #5975, #3093 ) ;
#2935 = DIRECTION ( 'NONE',  ( 1.000000000000000000, 0.0000000000000000000, 0.0000000000000000000 ) ) ;
#2936 = LINE ( 'NONE', #5917, #4132 ) ;
#2937 = LINE ( 'NONE', #1113, #235 ) ;
#2938 = DIRECTION ( 'NONE',  ( -0.8660254037844551400, 0.4999999999999713000, 0.0000000000000000000 ) ) ;
#2939 = DIRECTION ( 'NONE',  ( 0.0000000000000000000, 1.000000000000000000, 0.0000000000000000000 ) ) ;
#2940 = DIRECTION ( 'NONE',  ( -1.000000000000000000, 7.309538116125158200E-015, -0.0000000000000000000 ) ) ;
#2941 = ORIENTED_EDGE ( 'NONE', *, *, #2671, .T. ) ;
#2942 = AXIS2_PLACEMENT_3D ( 'NONE', #5945, #3052, #6401 ) ;
#2943 = DIRECTION ( 'NONE',  ( 0.8660254037844551400, -0.4999999999999713000, 0.0000000000000000000 ) ) ;
#2944 = LINE ( 'NONE', #1970, #1760 ) ;
#2945 = CARTESIAN_POINT ( 'NONE',  ( 4.150000002045662700, 22.48800528677813700, -2.299999999999999400 ) ) ;
#2946 = LINE ( 'NONE', #803, #5383 ) ;
#2947 = CARTESIAN_POINT ( 'NONE',  ( -22.09208908161787800, -2.562751632334589100, 2.500000000000000000 ) ) ;
#2948 = EDGE_CURVE ( 'NONE', #2411, #4215, #303, .T. ) ;
#2949 = CARTESIAN_POINT ( 'NONE',  ( 20.72020092779813200, 13.79700265571190000, 2.500000000000000000 ) ) ;
#2950 = ORIENTED_EDGE ( 'NONE', *, *, #340, .F. ) ;
#2951 = ORIENTED_EDGE ( 'NONE', *, *, #5707, .T. ) ;
#2952 = ORIENTED_EDGE ( 'NONE', *, *, #3907, .F. ) ;
#2953 = EDGE_CURVE ( 'NONE', #1354, #174, #4209, .T. ) ;
#2954 = DIRECTION ( 'NONE',  ( 0.0000000000000000000, -0.0000000000000000000, -1.000000000000000000 ) ) ;
#2955 = ORIENTED_EDGE ( 'NONE', *, *, #248, .F. ) ;
#2956 = ORIENTED_EDGE ( 'NONE', *, *, #678, .F. ) ;
#2957 = LINE ( 'NONE', #1013, #4148 ) ;
#2958 = ORIENTED_EDGE ( 'NONE', *, *, #1701, .T. ) ;
#2959 = ADVANCED_FACE ( 'NONE', ( #5303 ), #1331, .F. ) ;
#2960 = DIRECTION ( 'NONE',  ( 0.0000000000000000000, 0.0000000000000000000, 1.000000000000000000 ) ) ;
#2961 = ORIENTED_EDGE ( 'NONE', *, *, #3292, .F. ) ;
#2962 = PLANE ( 'NONE',  #1268 ) ;
#2963 = CARTESIAN_POINT ( 'NONE',  ( -9.894158132101130900, -11.57887325953808500, 2.500000000000000000 ) ) ;
#2964 = DIRECTION ( 'NONE',  ( -1.000000000000000000, 0.0000000000000000000, 0.0000000000000000000 ) ) ;
#2965 = DIRECTION ( 'NONE',  ( -0.0000000000000000000, -0.0000000000000000000, -1.000000000000000000 ) ) ;
#2966 = CARTESIAN_POINT ( 'NONE',  ( 20.99999999895845100, -13.82648468384631500, 2.500000000000000000 ) ) ;
#2967 = VERTEX_POINT ( 'NONE', #2963 ) ;
#2968 = EDGE_CURVE ( 'NONE', #4319, #274, #1504, .T. ) ;
#2969 = VERTEX_POINT ( 'NONE', #2446 ) ;
#2970 = DIRECTION ( 'NONE',  ( -0.0000000000000000000, -0.0000000000000000000, -1.000000000000000000 ) ) ;
#2971 = VECTOR ( 'NONE', #355, 1000.000000000000000 ) ;
#2972 = ORIENTED_EDGE ( 'NONE', *, *, #2488, .F. ) ;
#2973 = EDGE_CURVE ( 'NONE', #2534, #1168, #6412, .T. ) ;
#2974 = DIRECTION ( 'NONE',  ( -0.0000000000000000000, -0.0000000000000000000, -1.000000000000000000 ) ) ;
#2975 = PLANE ( 'NONE',  #3368 ) ;
#2976 = LINE ( 'NONE', #4538, #749 ) ;
#2977 = EDGE_CURVE ( 'NONE', #174, #3800, #4050, .T. ) ;
#2978 = DIRECTION ( 'NONE',  ( 3.654769042192353500E-015, 1.000000000000000000, -0.0000000000000000000 ) ) ;
#2979 = VERTEX_POINT ( 'NONE', #6328 ) ;
#2980 = VERTEX_POINT ( 'NONE', #2987 ) ;
#2981 = ORIENTED_EDGE ( 'NONE', *, *, #2623, .F. ) ;
#2982 = AXIS2_PLACEMENT_3D ( 'NONE', #6309, #3957, #899 ) ;
#2983 = CARTESIAN_POINT ( 'NONE',  ( -14.36241927352164900, 23.80900350523104700, -2.500000000000000000 ) ) ;
#2984 = ORIENTED_EDGE ( 'NONE', *, *, #5707, .F. ) ;
#2985 = ORIENTED_EDGE ( 'NONE', *, *, #6025, .T. ) ;
#2986 = CARTESIAN_POINT ( 'NONE',  ( -20.23718822636886100, 13.63360519617082300, 2.500000000000000000 ) ) ;
#2987 = CARTESIAN_POINT ( 'NONE',  ( -13.70644590135413000, 23.05439246254506000, -2.500000000000000000 ) ) ;
#2988 = AXIS2_PLACEMENT_3D ( 'NONE', #5954, #3068, #1657 ) ;
#2989 = CARTESIAN_POINT ( 'NONE',  ( -21.70000000021520500, -14.10401566582430500, -2.299999999999999400 ) ) ;
#2990 = ORIENTED_EDGE ( 'NONE', *, *, #5132, .F. ) ;
#2991 = DIRECTION ( 'NONE',  ( -0.8660254037844518100, -0.4999999999999773500, 0.0000000000000000000 ) ) ;
#2992 = DIRECTION ( 'NONE',  ( -1.000000000000000000, 7.309538116125158200E-015, -0.0000000000000000000 ) ) ;
#2993 = ORIENTED_EDGE ( 'NONE', *, *, #4714, .T. ) ;
#2994 = CARTESIAN_POINT ( 'NONE',  ( -20.73934089607965300, -15.43620512966736800, -2.299999999999999400 ) ) ;
#2995 = DIRECTION ( 'NONE',  ( 7.325711850767406400E-015, -1.000000000000000000, 0.0000000000000000000 ) ) ;
#2996 = ADVANCED_FACE ( 'NONE', ( #4500 ), #443, .F. ) ;
#2997 = CARTESIAN_POINT ( 'NONE',  ( -20.64357146418749900, 1.428256051882035300, 2.500000000000000000 ) ) ;
#2998 = VERTEX_POINT ( 'NONE', #3998 ) ;
#2999 = VERTEX_POINT ( 'NONE', #4962 ) ;
#3000 = CARTESIAN_POINT ( 'NONE',  ( -3.150000002174445000, 17.40392322600979800, 2.500000000000000000 ) ) ;
#3001 = ORIENTED_EDGE ( 'NONE', *, *, #6019, .F. ) ;
#3002 = CARTESIAN_POINT ( 'NONE',  ( 20.32379076660719600, 13.68360519608992700, 2.500000000000000000 ) ) ;
#3003 = DIRECTION ( 'NONE',  ( -0.0000000000000000000, -0.0000000000000000000, -1.000000000000000000 ) ) ;
#3004 = DIRECTION ( 'NONE',  ( -0.4999999999999766300, -0.8660254037844520300, 0.0000000000000000000 ) ) ;
#3005 = SHAPE_DEFINITION_REPRESENTATION ( #4688, #5458 ) ;
#3006 = VECTOR ( 'NONE', #2146, 1000.000000000000000 ) ;
#3007 = EDGE_CURVE ( 'NONE', #3879, #2534, #1186, .T. ) ;
#3008 = CARTESIAN_POINT ( 'NONE',  ( 16.40000000025540300, -11.91094532216122900, -2.500000000000000000 ) ) ;
#3009 =( BOUNDED_CURVE ( )  B_SPLINE_CURVE ( 3, ( #2655, #3185, #4659, #1652 ),
 .UNSPECIFIED., .F., .T. ) 
 B_SPLINE_CURVE_WITH_KNOTS ( ( 4, 4 ),
 ( 1.288780186185038300, 1.452746101446542400 ),
 .UNSPECIFIED. ) 
 CURVE ( )  GEOMETRIC_REPRESENTATION_ITEM ( )  RATIONAL_B_SPLINE_CURVE ( ( 1.000000000000000000, 0.9977608527883028400, 0.9977608527883028400, 1.000000000000000000 ) ) 
 REPRESENTATION_ITEM ( '' )  );
#3010 = LINE ( 'NONE', #6095, #4191 ) ;
#3011 = LINE ( 'NONE', #2339, #4334 ) ;
#3012 = AXIS2_PLACEMENT_3D ( 'NONE', #2947, #1922, #381 ) ;
#3013 = ORIENTED_EDGE ( 'NONE', *, *, #3369, .T. ) ;
#3014 = EDGE_CURVE ( 'NONE', #1357, #6014, #6255, .T. ) ;
#3015 = ORIENTED_EDGE ( 'NONE', *, *, #980, .F. ) ;
#3016 = DIRECTION ( 'NONE',  ( -0.9659258260712011400, 0.2588190459156118300, -0.0000000000000000000 ) ) ;
#3017 = DIRECTION ( 'NONE',  ( -0.0000000000000000000, -0.0000000000000000000, -1.000000000000000000 ) ) ;
#3018 = VECTOR ( 'NONE', #4845, 1000.000000000000100 ) ;
#3019 = DIRECTION ( 'NONE',  ( -1.000000000000000000, 0.0000000000000000000, 0.0000000000000000000 ) ) ;
#3020 = DIRECTION ( 'NONE',  ( -0.0000000000000000000, -0.0000000000000000000, -1.000000000000000000 ) ) ;
#3021 = FACE_OUTER_BOUND ( 'NONE', #601, .T. ) ;
#3022 = DIRECTION ( 'NONE',  ( 0.9551031244063049600, -0.2962735589777027400, -0.0000000000000000000 ) ) ;
#3023 = ORIENTED_EDGE ( 'NONE', *, *, #5547, .F. ) ;
#3024 = CARTESIAN_POINT ( 'NONE',  ( -11.74999999895839400, 1.428256051881970200, 1.548643494635817200 ) ) ;
#3025 = DIRECTION ( 'NONE',  ( -0.0000000000000000000, -0.0000000000000000000, -1.000000000000000000 ) ) ;
#3026 = ORIENTED_EDGE ( 'NONE', *, *, #2083, .T. ) ;
#3027 = EDGE_CURVE ( 'NONE', #4307, #1394, #3890, .T. ) ;
#3028 = VECTOR ( 'NONE', #5481, 1000.000000000000200 ) ;
#3029 = ORIENTED_EDGE ( 'NONE', *, *, #4855, .T. ) ;
#3030 = VECTOR ( 'NONE', #1207, 1000.000000000000000 ) ;
#3031 = CARTESIAN_POINT ( 'NONE',  ( -3.400000002045663100, 21.49962553123286200, 2.500000000000000000 ) ) ;
#3032 = DIRECTION ( 'NONE',  ( 0.0000000000000000000, 0.0000000000000000000, -1.000000000000000000 ) ) ;
#3033 = PLANE ( 'NONE',  #521 ) ;
#3034 = CARTESIAN_POINT ( 'NONE',  ( -3.400000002045663100, 24.99962553122773200, 2.500000000000000000 ) ) ;
#3035 = DIRECTION ( 'NONE',  ( 3.654769042192353500E-015, -1.000000000000000000, 0.0000000000000000000 ) ) ;
#3036 = LINE ( 'NONE', #1378, #148 ) ;
#3037 = CARTESIAN_POINT ( 'NONE',  ( -17.37850923866328400, 16.57368771732153300, -2.500000000000000000 ) ) ;
#3038 = FACE_OUTER_BOUND ( 'NONE', #1116, .T. ) ;
#3039 = DIRECTION ( 'NONE',  ( -0.0000000000000000000, -0.0000000000000000000, -1.000000000000000000 ) ) ;
#3040 = LINE ( 'NONE', #2721, #308 ) ;
#3041 = CARTESIAN_POINT ( 'NONE',  ( 14.19462856805785800, 24.99962553122772800, 2.500000000000000000 ) ) ;
#3042 = CARTESIAN_POINT ( 'NONE',  ( -16.20000000215205200, -11.34522402732296900, 2.500000000000000000 ) ) ;
#3043 = CARTESIAN_POINT ( 'NONE',  ( -16.30000000210718300, -13.34479547368240300, -2.500000000000000000 ) ) ;
#3044 = CARTESIAN_POINT ( 'NONE',  ( 20.72020092779813200, 13.79700265571190000, -2.500000000000000000 ) ) ;
#3045 = LINE ( 'NONE', #5979, #4668 ) ;
#3046 = ORIENTED_EDGE ( 'NONE', *, *, #5978, .F. ) ;
#3047 = ORIENTED_EDGE ( 'NONE', *, *, #3322, .T. ) ;
#3048 = EDGE_LOOP ( 'NONE', ( #3538, #387, #2270, #1886 ) ) ;
#3049 = CARTESIAN_POINT ( 'NONE',  ( -21.58095238006636800, 0.1270325111404381500, 2.500000000000000000 ) ) ;
#3050 = PLANE ( 'NONE',  #1227 ) ;
#3051 = LINE ( 'NONE', #945, #314 ) ;
#3052 = DIRECTION ( 'NONE',  ( -0.0000000000000000000, -0.0000000000000000000, -1.000000000000000000 ) ) ;
#3053 = ORIENTED_EDGE ( 'NONE', *, *, #6341, .F. ) ;
#3054 = CARTESIAN_POINT ( 'NONE',  ( -20.37379076652630200, 13.59700265585159500, 2.500000000000000000 ) ) ;
#3055 = EDGE_LOOP ( 'NONE', ( #1715, #4685, #440, #1771 ) ) ;
#3056 = CARTESIAN_POINT ( 'NONE',  ( 15.70564659430954000, -14.03538993896371800, -2.500000000000000000 ) ) ;
#3057 = LINE ( 'NONE', #4583, #2875 ) ;
#3058 = EDGE_CURVE ( 'NONE', #4756, #4311, #2373, .T. ) ;
#3059 = CARTESIAN_POINT ( 'NONE',  ( 29.19999999541644400, 6.603923229867603200, 2.500000000000000000 ) ) ;
#3060 = ORIENTED_EDGE ( 'NONE', *, *, #1501, .F. ) ;
#3061 = AXIS2_PLACEMENT_3D ( 'NONE', #76, #604, #4144 ) ;
#3062 = EDGE_CURVE ( 'NONE', #1117, #1661, #6122, .T. ) ;
#3063 = VERTEX_POINT ( 'NONE', #3042 ) ;
#3064 = CARTESIAN_POINT ( 'NONE',  ( -18.69979416272441200, -7.601762011296004900, -2.500000000000000000 ) ) ;
#3065 = ORIENTED_EDGE ( 'NONE', *, *, #6311, .T. ) ;
#3066 = CARTESIAN_POINT ( 'NONE',  ( 14.08718822782419800, 24.28571766019937800, 2.500000000000000000 ) ) ;
#3067 = ORIENTED_EDGE ( 'NONE', *, *, #2311, .T. ) ;
#3068 = DIRECTION ( 'NONE',  ( 0.0000000000000000000, 0.0000000000000000000, 1.000000000000000000 ) ) ;
#3069 = DIRECTION ( 'NONE',  ( -1.000000000000000000, 3.654769042192353500E-015, 0.0000000000000000000 ) ) ;
#3070 = DIRECTION ( 'NONE',  ( -7.283486810990422900E-015, -1.000000000000000000, 0.0000000000000000000 ) ) ;
#3071 = DIRECTION ( 'NONE',  ( -0.4999999999999260000, 0.8660254037844814500, 0.0000000000000000000 ) ) ;
#3072 = VECTOR ( 'NONE', #2564, 1000.000000000000100 ) ;
#3073 = CARTESIAN_POINT ( 'NONE',  ( 18.20540227523570200, -14.95874432905403000, -2.500000000000000000 ) ) ;
#3074 = CARTESIAN_POINT ( 'NONE',  ( 14.19462856805785800, 24.99962553122772800, 2.500000000000000000 ) ) ;
#3075 = DIRECTION ( 'NONE',  ( 1.000000000000000000, 0.0000000000000000000, 0.0000000000000000000 ) ) ;
#3076 = VERTEX_POINT ( 'NONE', #4988 ) ;
#3077 = EDGE_CURVE ( 'NONE', #2435, #6168, #852, .T. ) ;
#3078 = CARTESIAN_POINT ( 'NONE',  ( 3.400000002045662700, 23.46300528677814200, 2.500000000000000000 ) ) ;
#3079 = VERTEX_POINT ( 'NONE', #6393 ) ;
#3080 = CARTESIAN_POINT ( 'NONE',  ( -13.65426593244120400, 23.02426634344688200, 2.500000000000000000 ) ) ;
#3081 = ORIENTED_EDGE ( 'NONE', *, *, #1037, .F. ) ;
#3082 = CARTESIAN_POINT ( 'NONE',  ( 18.98045816164531600, 13.91953526797897900, 2.500000000000000000 ) ) ;
#3083 = DIRECTION ( 'NONE',  ( -0.6560590293046151300, -0.7547095799497222100, 0.0000000000000000000 ) ) ;
#3084 = DIRECTION ( 'NONE',  ( -0.6560590293043456800, 0.7547095799499564700, 0.0000000000000000000 ) ) ;
#3085 = DIRECTION ( 'NONE',  ( -1.000000000000000000, 0.0000000000000000000, 0.0000000000000000000 ) ) ;
#3086 = CARTESIAN_POINT ( 'NONE',  ( -20.99999999895845100, 13.43199169057949400, 2.500000000000000000 ) ) ;
#3087 = AXIS2_PLACEMENT_3D ( 'NONE', #462, #281, #335 ) ;
#3088 = ORIENTED_EDGE ( 'NONE', *, *, #3116, .T. ) ;
#3089 = DIRECTION ( 'NONE',  ( 0.6560590293041098600, 0.7547095799501615200, -0.0000000000000000000 ) ) ;
#3090 = VERTEX_POINT ( 'NONE', #500 ) ;
#3091 = AXIS2_PLACEMENT_3D ( 'NONE', #1932, #5386, #2448 ) ;
#3092 = AXIS2_PLACEMENT_3D ( 'NONE', #3387, #304, #3870 ) ;
#3093 = DIRECTION ( 'NONE',  ( 0.0000000000000000000, 0.0000000000000000000, 1.000000000000000000 ) ) ;
#3094 = DIRECTION ( 'NONE',  ( -0.0000000000000000000, -0.0000000000000000000, -1.000000000000000000 ) ) ;
#3095 = CARTESIAN_POINT ( 'NONE',  ( -15.31265031846410100, 22.16315505646136000, 2.500000000000000000 ) ) ;
#3096 = CARTESIAN_POINT ( 'NONE',  ( -18.48341648714495400, -17.15807277847629600, -2.500000000000000000 ) ) ;
#3097 = VERTEX_POINT ( 'NONE', #5003 ) ;
#3098 = CARTESIAN_POINT ( 'NONE',  ( 18.30357279464852000, 14.97143063812468000, -2.500000000000000000 ) ) ;
#3099 = VERTEX_POINT ( 'NONE', #4527 ) ;
#3100 = DIRECTION ( 'NONE',  ( -1.445602896647335800E-015, -1.000000000000000000, 0.0000000000000000000 ) ) ;
#3101 = VECTOR ( 'NONE', #3103, 1000.000000000000000 ) ;
#3102 = CYLINDRICAL_SURFACE ( 'NONE', #5048, 3.856762655405302700 ) ;
#3103 = DIRECTION ( 'NONE',  ( 1.000000000000000000, 0.0000000000000000000, 0.0000000000000000000 ) ) ;
#3104 = CARTESIAN_POINT ( 'NONE',  ( -17.43068920757620800, 16.60381383641971500, 2.500000000000000000 ) ) ;
#3105 = DIRECTION ( 'NONE',  ( 0.4999999999999692500, -0.8660254037844564700, 0.0000000000000000000 ) ) ;
#3106 = CARTESIAN_POINT ( 'NONE',  ( -11.74999999895831800, 11.63392459979423100, -1.155781791775945000 ) ) ;
#3107 = VECTOR ( 'NONE', #3662, 1000.000000000000200 ) ;
#3108 = EDGE_CURVE ( 'NONE', #2735, #5627, #2069, .T. ) ;
#3109 = LINE ( 'NONE', #4699, #1739 ) ;
#3110 = ORIENTED_EDGE ( 'NONE', *, *, #4548, .F. ) ;
#3111 = EDGE_LOOP ( 'NONE', ( #2352, #613, #2595, #4897 ) ) ;
#3112 = LINE ( 'NONE', #6134, #1744 ) ;
#3113 = AXIS2_PLACEMENT_3D ( 'NONE', #2742, #202, #3784 ) ;
#3114 = VECTOR ( 'NONE', #1855, 1000.000000000000000 ) ;
#3115 = EDGE_CURVE ( 'NONE', #3452, #675, #2223, .T. ) ;
#3116 = EDGE_CURVE ( 'NONE', #2664, #6021, #3431, .T. ) ;
#3117 = EDGE_LOOP ( 'NONE', ( #3023, #5842, #948, #4244, #2961, #5508, #4917, #1344 ) ) ;
#3118 = CARTESIAN_POINT ( 'NONE',  ( 14.62924547518923100, 9.698543609737759800, 2.051636451923158700 ) ) ;
#3119 = CARTESIAN_POINT ( 'NONE',  ( -14.17379076806253100, 24.33571766011847600, -2.500000000000000000 ) ) ;
#3120 = CARTESIAN_POINT ( 'NONE',  ( -11.74999999895835500, 6.502519091575194000, 16.34081488719823500 ) ) ;
#3121 = DIRECTION ( 'NONE',  ( -0.3442546491584206300, -0.9388763158866096900, 0.0000000000000000000 ) ) ;
#3122 = CYLINDRICAL_SURFACE ( 'NONE', #5935, 0.2999999996985170900 ) ;
#3123 = CARTESIAN_POINT ( 'NONE',  ( 17.50000000030953000, -11.87684628507657800, -2.500000000000000000 ) ) ;
#3124 = DIRECTION ( 'NONE',  ( -0.0000000000000000000, -0.0000000000000000000, -1.000000000000000000 ) ) ;
#3125 = EDGE_CURVE ( 'NONE', #334, #2888, #5823, .T. ) ;
#3126 = ORIENTED_EDGE ( 'NONE', *, *, #6132, .T. ) ;
#3127 = CIRCLE ( 'NONE', #2902, 0.2999999996985205900 ) ;
#3128 = FACE_OUTER_BOUND ( 'NONE', #262, .T. ) ;
#3129 = CARTESIAN_POINT ( 'NONE',  ( 20.00000000008497000, 0.5739978569335469900, -2.500000000000000000 ) ) ;
#3130 = CIRCLE ( 'NONE', #81, 0.09999999983821214500 ) ;
#3131 = EDGE_CURVE ( 'NONE', #2573, #3497, #4860, .T. ) ;
#3132 = CARTESIAN_POINT ( 'NONE',  ( 3.400000002045663100, 24.99962553122773200, 2.500000000000000000 ) ) ;
#3133 = DIRECTION ( 'NONE',  ( -0.0000000000000000000, 0.0000000000000000000, -1.000000000000000000 ) ) ;
#3134 = ORIENTED_EDGE ( 'NONE', *, *, #5177, .T. ) ;
#3135 = CIRCLE ( 'NONE', #1443, 0.09999999983821561400 ) ;
#3136 = AXIS2_PLACEMENT_3D ( 'NONE', #5300, #6237, #3396 ) ;
#3137 = DIRECTION ( 'NONE',  ( -0.0000000000000000000, -0.0000000000000000000, -1.000000000000000000 ) ) ;
#3138 = LINE ( 'NONE', #1475, #1763 ) ;
#3139 = AXIS2_PLACEMENT_3D ( 'NONE', #4139, #4619, #1613 ) ;
#3140 = ORIENTED_EDGE ( 'NONE', *, *, #6126, .T. ) ;
#3141 = ORIENTED_EDGE ( 'NONE', *, *, #5595, .F. ) ;
#3142 = VERTEX_POINT ( 'NONE', #5500 ) ;
#3143 = ORIENTED_EDGE ( 'NONE', *, *, #1476, .F. ) ;
#3144 = ORIENTED_EDGE ( 'NONE', *, *, #710, .F. ) ;
#3145 = FACE_OUTER_BOUND ( 'NONE', #1457, .T. ) ;
#3146 = ORIENTED_EDGE ( 'NONE', *, *, #6166, .F. ) ;
#3147 = CARTESIAN_POINT ( 'NONE',  ( -14.36241927352164900, 23.80900350523104700, 2.500000000000000000 ) ) ;
#3148 = CARTESIAN_POINT ( 'NONE',  ( -9.027849400102658400, -9.198709580215531600, 2.500000000000000000 ) ) ;
#3149 = CARTESIAN_POINT ( 'NONE',  ( 7.649999999999990600, 14.99962553122773200, 1.999999999999998700 ) ) ;
#3150 = DIRECTION ( 'NONE',  ( 1.000000000000000000, 0.0000000000000000000, -0.0000000000000000000 ) ) ;
#3151 = ORIENTED_EDGE ( 'NONE', *, *, #5469, .F. ) ;
#3152 = PLANE ( 'NONE',  #3061 ) ;
#3153 = ORIENTED_EDGE ( 'NONE', *, *, #4714, .F. ) ;
#3154 = DIRECTION ( 'NONE',  ( -0.0000000000000000000, -0.0000000000000000000, -1.000000000000000000 ) ) ;
#3155 = PLANE ( 'NONE',  #560 ) ;
#3156 = ORIENTED_EDGE ( 'NONE', *, *, #721, .F. ) ;
#3157 = CIRCLE ( 'NONE', #5052, 0.2999999996985205900 ) ;
#3158 = AXIS2_PLACEMENT_3D ( 'NONE', #2966, #4918, #3978 ) ;
#3159 = EDGE_LOOP ( 'NONE', ( #5659, #1299, #415, #5890 ) ) ;
#3160 = CARTESIAN_POINT ( 'NONE',  ( -19.49959095023150700, -12.57044518914671200, -2.500000000000000000 ) ) ;
#3161 = VECTOR ( 'NONE', #4997, 1000.000000000000000 ) ;
#3162 = DIRECTION ( 'NONE',  ( 0.06601162961808539100, -0.9978188536779432100, 0.0000000000000000000 ) ) ;
#3163 = EDGE_CURVE ( 'NONE', #5660, #4388, #4726, .T. ) ;
#3164 = CARTESIAN_POINT ( 'NONE',  ( 14.36241927352164900, 23.80900350523104700, 2.500000000000000000 ) ) ;
#3165 = ORIENTED_EDGE ( 'NONE', *, *, #6119, .T. ) ;
#3166 = EDGE_LOOP ( 'NONE', ( #1061, #6004, #246, #6381 ) ) ;
#3167 = ORIENTED_EDGE ( 'NONE', *, *, #2026, .T. ) ;
#3168 = DIRECTION ( 'NONE',  ( -7.283486810990422900E-015, 1.000000000000000000, 0.0000000000000000000 ) ) ;
#3169 = DIRECTION ( 'NONE',  ( -0.0000000000000000000, -0.0000000000000000000, -1.000000000000000000 ) ) ;
#3170 = DIRECTION ( 'NONE',  ( -0.0000000000000000000, -0.0000000000000000000, -1.000000000000000000 ) ) ;
#3171 = CARTESIAN_POINT ( 'NONE',  ( -17.20000000210718100, -12.00364120103817500, -2.500000000000000000 ) ) ;
#3172 = CARTESIAN_POINT ( 'NONE',  ( -22.20000000134171400, -17.50401566457473400, 2.500000000000000000 ) ) ;
#3173 = EDGE_LOOP ( 'NONE', ( #1158, #724, #345, #3585 ) ) ;
#3174 = VERTEX_POINT ( 'NONE', #5051 ) ;
#3176 = VERTEX_POINT ( 'NONE', #1560 ) ;
#3175 = CARTESIAN_POINT ( 'NONE',  ( -16.50000000185057300, -11.70364120133965200, 2.500000000000000000 ) ) ;
#3177 = ORIENTED_EDGE ( 'NONE', *, *, #4634, .T. ) ;
#3178 = CARTESIAN_POINT ( 'NONE',  ( -21.69999999912344200, -2.161487752421908000, 2.500000000000000000 ) ) ;
#3179 = VERTEX_POINT ( 'NONE', #1038 ) ;
#3180 = ORIENTED_EDGE ( 'NONE', *, *, #5413, .F. ) ;
#3181 = ORIENTED_EDGE ( 'NONE', *, *, #1330, .T. ) ;
#3182 = CIRCLE ( 'NONE', #1087, 9.999999997365293300 ) ;
#3183 = LINE ( 'NONE', #3666, #5594 ) ;
#3184 = AXIS2_PLACEMENT_3D ( 'NONE', #6028, #78, #3653 ) ;
#3185 = CARTESIAN_POINT ( 'NONE',  ( -17.46699327665961100, 2.386522114340229100, -1.450085825127386900 ) ) ;
#3186 = CARTESIAN_POINT ( 'NONE',  ( 16.80598380949233600, 17.68583532566359300, 2.500000000000000000 ) ) ;
#3187 = CARTESIAN_POINT ( 'NONE',  ( 20.99999999895845100, -13.82648468384631500, -2.500000000000000000 ) ) ;
#3188 = DIRECTION ( 'NONE',  ( -7.309538116125158200E-015, 1.000000000000000000, 0.0000000000000000000 ) ) ;
#3189 = CIRCLE ( 'NONE', #3312, 0.4935834150825418300 ) ;
#3190 = VECTOR ( 'NONE', #3367, 1000.000000000000000 ) ;
#3191 = VERTEX_POINT ( 'NONE', #4572 ) ;
#3192 = DIRECTION ( 'NONE',  ( -0.4999999999996762000, 0.8660254037846256700, -0.0000000000000000000 ) ) ;
#3193 = VERTEX_POINT ( 'NONE', #2596 ) ;
#3194 = CARTESIAN_POINT ( 'NONE',  ( 19.20779216131107200, 6.147121961908696100, 2.298086311547033600 ) ) ;
#3195 = ORIENTED_EDGE ( 'NONE', *, *, #2196, .T. ) ;
#3196 = EDGE_CURVE ( 'NONE', #3461, #6011, #4414, .T. ) ;
#3197 = LINE ( 'NONE', #6228, #4338 ) ;
#3198 = VECTOR ( 'NONE', #4070, 1000.000000000000000 ) ;
#3199 = DIRECTION ( 'NONE',  ( -0.0000000000000000000, 1.000000000000000000, -0.0000000000000000000 ) ) ;
#3200 = ORIENTED_EDGE ( 'NONE', *, *, #1642, .F. ) ;
#3201 = EDGE_CURVE ( 'NONE', #2173, #1035, #2307, .T. ) ;
#3202 = DIRECTION ( 'NONE',  ( 0.0000000000000000000, 0.0000000000000000000, 1.000000000000000000 ) ) ;
#3203 = CARTESIAN_POINT ( 'NONE',  ( 7.649999999999990600, 14.99962553122773200, 1.734723475976807100E-015 ) ) ;
#3204 = DIRECTION ( 'NONE',  ( -0.0000000000000000000, -0.0000000000000000000, -1.000000000000000000 ) ) ;
#3205 = ORIENTED_EDGE ( 'NONE', *, *, #5572, .T. ) ;
#3206 = VECTOR ( 'NONE', #505, 1000.000000000000200 ) ;
#3207 = ORIENTED_EDGE ( 'NONE', *, *, #5136, .T. ) ;
#3208 = LINE ( 'NONE', #336, #3030 ) ;
#3209 = CARTESIAN_POINT ( 'NONE',  ( -14.19462856805785800, 24.69962553152921100, 2.500000000000000000 ) ) ;
#3210 = LINE ( 'NONE', #3171, #1832 ) ;
#3211 = EDGE_CURVE ( 'NONE', #1472, #38, #3288, .T. ) ;
#3212 = CARTESIAN_POINT ( 'NONE',  ( 14.27897133052508100, 21.94224485420300400, 2.500000000000000000 ) ) ;
#3213 = VECTOR ( 'NONE', #2108, 1000.000000000000000 ) ;
#3214 = DIRECTION ( 'NONE',  ( -0.0000000000000000000, -0.0000000000000000000, 1.000000000000000000 ) ) ;
#3215 = DIRECTION ( 'NONE',  ( -0.5000000000001486600, 0.8660254037843527800, 0.0000000000000000000 ) ) ;
#3216 = CIRCLE ( 'NONE', #2256, 0.4935834150825418300 ) ;
#3217 = ADVANCED_FACE ( 'NONE', ( #5535 ), #64, .F. ) ;
#3218 = FACE_OUTER_BOUND ( 'NONE', #2874, .T. ) ;
#3219 = ORIENTED_EDGE ( 'NONE', *, *, #1079, .F. ) ;
#3220 = ORIENTED_EDGE ( 'NONE', *, *, #4556, .F. ) ;
#3221 = ORIENTED_EDGE ( 'NONE', *, *, #550, .T. ) ;
#3222 = EDGE_CURVE ( 'NONE', #4226, #3099, #5685, .T. ) ;
#3223 = FACE_OUTER_BOUND ( 'NONE', #703, .T. ) ;
#3224 = AXIS2_PLACEMENT_3D ( 'NONE', #5611, #3721, #4661 ) ;
#3225 = EDGE_LOOP ( 'NONE', ( #2748, #3617, #2004, #4016 ) ) ;
#3226 = LINE ( 'NONE', #5041, #5637 ) ;
#3227 = ORIENTED_EDGE ( 'NONE', *, *, #1524, .F. ) ;
#3228 = PLANE ( 'NONE',  #4867 ) ;
#3229 = ORIENTED_EDGE ( 'NONE', *, *, #1808, .T. ) ;
#3230 = VERTEX_POINT ( 'NONE', #2636 ) ;
#3231 = CARTESIAN_POINT ( 'NONE',  ( -16.50000000185057300, -12.00364120103817500, -2.500000000000000000 ) ) ;
#3232 = DIRECTION ( 'NONE',  ( -0.2588190459156135500, -0.9659258260712008100, 0.0000000000000000000 ) ) ;
#3233 = CARTESIAN_POINT ( 'NONE',  ( -20.11349667450632600, 10.87163455151283000, 1.791176821186668800 ) ) ;
#3234 = CARTESIAN_POINT ( 'NONE',  ( -19.49959095023150700, -12.57044518914671200, 2.500000000000000000 ) ) ;
#3235 = VERTEX_POINT ( 'NONE', #5565 ) ;
#3236 = EDGE_CURVE ( 'NONE', #4329, #1801, #232, .T. ) ;
#3237 = CARTESIAN_POINT ( 'NONE',  ( -23.20000000021519100, -14.10401566570124200, 2.500000000000000000 ) ) ;
#3238 = CIRCLE ( 'NONE', #1716, 2.000000000000000400 ) ;
#3239 = CARTESIAN_POINT ( 'NONE',  ( -4.150000002045662700, 23.18800528677813900, -2.299999999999999400 ) ) ;
#3240 = DIRECTION ( 'NONE',  ( -0.0000000000000000000, -0.0000000000000000000, -1.000000000000000000 ) ) ;
#3241 = ORIENTED_EDGE ( 'NONE', *, *, #4511, .T. ) ;
#3242 = AXIS2_PLACEMENT_3D ( 'NONE', #5121, #5597, #626 ) ;
#3243 = CARTESIAN_POINT ( 'NONE',  ( 19.19999999805114800, 6.145984599159201700, -1.894996453896087100 ) ) ;
#3244 = EDGE_CURVE ( 'NONE', #732, #3996, #4280, .T. ) ;
#3245 = ORIENTED_EDGE ( 'NONE', *, *, #1452, .F. ) ;
#3246 = EDGE_CURVE ( 'NONE', #3191, #455, #4131, .T. ) ;
#3247 = ADVANCED_FACE ( 'NONE', ( #2491 ), #1630, .F. ) ;
#3248 = DIRECTION ( 'NONE',  ( -0.0000000000000000000, 1.000000000000000000, -0.0000000000000000000 ) ) ;
#3249 = EDGE_CURVE ( 'NONE', #5403, #1447, #3127, .T. ) ;
#3250 = CARTESIAN_POINT ( 'NONE',  ( 20.20617719711479800, 2.209041025636394800, 1.768812122159919800 ) ) ;
#3251 = ORIENTED_EDGE ( 'NONE', *, *, #4948, .T. ) ;
#3252 = EDGE_CURVE ( 'NONE', #257, #5864, #1625, .T. ) ;
#3253 = DIRECTION ( 'NONE',  ( -0.0000000000000000000, -0.0000000000000000000, -1.000000000000000000 ) ) ;
#3254 = CARTESIAN_POINT ( 'NONE',  ( -19.19687933592097600, 6.978348435412100600, 2.302110134297465500 ) ) ;
#3255 = CARTESIAN_POINT ( 'NONE',  ( -13.65426593244120400, 23.02426634344688200, 2.500000000000000000 ) ) ;
#3256 = VERTEX_POINT ( 'NONE', #1653 ) ;
#3257 = CARTESIAN_POINT ( 'NONE',  ( -20.24999999895820900, 11.63392459979429300, -1.155781791775945000 ) ) ;
#3258 = CARTESIAN_POINT ( 'NONE',  ( 14.45443618893210100, 24.84962553137846400, 2.500000000000000000 ) ) ;
#3259 = AXIS2_PLACEMENT_3D ( 'NONE', #4696, #1699, #5162 ) ;
#3260 = CARTESIAN_POINT ( 'NONE',  ( -22.60000000021520000, -14.10401566570124200, 2.500000000000000000 ) ) ;
#3261 = ORIENTED_EDGE ( 'NONE', *, *, #5655, .F. ) ;
#3262 = CARTESIAN_POINT ( 'NONE',  ( 17.46195718165978400, 18.44044636834895100, -2.500000000000000000 ) ) ;
#3263 = CARTESIAN_POINT ( 'NONE',  ( 17.50000000030953000, -11.87684628507657800, -2.500000000000000000 ) ) ;
#3264 = ORIENTED_EDGE ( 'NONE', *, *, #2744, .F. ) ;
#3265 = FACE_OUTER_BOUND ( 'NONE', #2137, .T. ) ;
#3266 = AXIS2_PLACEMENT_3D ( 'NONE', #3209, #124, #3709 ) ;
#3267 = FACE_OUTER_BOUND ( 'NONE', #4608, .T. ) ;
#3268 = LINE ( 'NONE', #1099, #364 ) ;
#3269 = CARTESIAN_POINT ( 'NONE',  ( 14.50680346973448400, 24.75892274037454800, -2.500000000000000000 ) ) ;
#3270 = CIRCLE ( 'NONE', #2179, 0.5999999999999928700 ) ;
#3271 = ORIENTED_EDGE ( 'NONE', *, *, #3524, .T. ) ;
#3272 = DIRECTION ( 'NONE',  ( -0.4999999999999752400, -0.8660254037844530300, 0.0000000000000000000 ) ) ;
#3273 = ORIENTED_EDGE ( 'NONE', *, *, #1859, .F. ) ;
#3274 = DIRECTION ( 'NONE',  ( -0.8660254037844564700, 0.4999999999999691900, 0.0000000000000000000 ) ) ;
#3275 = CARTESIAN_POINT ( 'NONE',  ( -20.18641199635274600, 2.184033457844462700, -1.391417076631488200 ) ) ;
#3276 = LINE ( 'NONE', #5589, #5678 ) ;
#3277 = CARTESIAN_POINT ( 'NONE',  ( -20.99999999895844700, 12.48269861298670900, 2.500000000000000000 ) ) ;
#3278 = LINE ( 'NONE', #2871, #3114 ) ;
#3279 = CARTESIAN_POINT ( 'NONE',  ( 3.150000002174445400, 21.35528796400980800, 2.500000000000000000 ) ) ;
#3280 = ADVANCED_FACE ( 'NONE', ( #1507 ), #4051, .T. ) ;
#3281 = CARTESIAN_POINT ( 'NONE',  ( -20.91428571323091700, 12.20275692817411800, -2.500000000000000000 ) ) ;
#3282 = VECTOR ( 'NONE', #2040, 1000.000000000000100 ) ;
#3283 = CARTESIAN_POINT ( 'NONE',  ( -19.23899334509966900, 5.614259912828834400, -1.876518214614085100 ) ) ;
#3284 = AXIS2_PLACEMENT_3D ( 'NONE', #5110, #5585, #2658 ) ;
#3285 = DIRECTION ( 'NONE',  ( 0.6560590293043456800, -0.7547095799499564700, 0.0000000000000000000 ) ) ;
#3286 = DIRECTION ( 'NONE',  ( -0.0000000000000000000, 0.0000000000000000000, -1.000000000000000000 ) ) ;
#3287 = ORIENTED_EDGE ( 'NONE', *, *, #1741, .T. ) ;
#3288 = LINE ( 'NONE', #2075, #1754 ) ;
#3289 = CIRCLE ( 'NONE', #2786, 9.999999997365293300 ) ;
#3290 = CIRCLE ( 'NONE', #6178, 0.09999999983821214500 ) ;
#3291 = ORIENTED_EDGE ( 'NONE', *, *, #4786, .F. ) ;
#3292 = EDGE_CURVE ( 'NONE', #1533, #4297, #5304, .T. ) ;
#3293 = VECTOR ( 'NONE', #4903, 1000.000000000000000 ) ;
#3294 = CARTESIAN_POINT ( 'NONE',  ( -16.80598380949233600, 17.68583532566359300, 2.500000000000000000 ) ) ;
#3295 = DIRECTION ( 'NONE',  ( 0.8660254037846431000, 0.4999999999996459500, -0.0000000000000000000 ) ) ;
#3296 = VECTOR ( 'NONE', #2193, 1000.000000000000000 ) ;
#3297 = EDGE_CURVE ( 'NONE', #4487, #438, #1335, .T. ) ;
#3298 = DIRECTION ( 'NONE',  ( -0.8660254037844555800, -0.4999999999999708000, -0.0000000000000000000 ) ) ;
#3299 = DIRECTION ( 'NONE',  ( 0.8660254037844813400, -0.4999999999999259500, 0.0000000000000000000 ) ) ;
#3300 = ORIENTED_EDGE ( 'NONE', *, *, #4466, .T. ) ;
#3301 = PLANE ( 'NONE',  #6284 ) ;
#3302 = ORIENTED_EDGE ( 'NONE', *, *, #4238, .F. ) ;
#3303 = VERTEX_POINT ( 'NONE', #1675 ) ;
#3304 = ORIENTED_EDGE ( 'NONE', *, *, #5190, .F. ) ;
#3305 = DIRECTION ( 'NONE',  ( 0.0000000000000000000, 0.0000000000000000000, 1.000000000000000000 ) ) ;
#3306 = ORIENTED_EDGE ( 'NONE', *, *, #118, .F. ) ;
#3307 = VECTOR ( 'NONE', #1649, 1000.000000000000000 ) ;
#3308 = ORIENTED_EDGE ( 'NONE', *, *, #2083, .F. ) ;
#3309 = PLANE ( 'NONE',  #5471 ) ;
#3310 = AXIS2_PLACEMENT_3D ( 'NONE', #2621, #2601, #2578 ) ;
#3311 = ORIENTED_EDGE ( 'NONE', *, *, #1976, .F. ) ;
#3312 = AXIS2_PLACEMENT_3D ( 'NONE', #5144, #2185, #5633 ) ;
#3313 = ORIENTED_EDGE ( 'NONE', *, *, #1947, .F. ) ;
#3314 = ORIENTED_EDGE ( 'NONE', *, *, #1592, .T. ) ;
#3315 = ADVANCED_FACE ( 'NONE', ( #2708 ), #127, .F. ) ;
#3316 = AXIS2_PLACEMENT_3D ( 'NONE', #4006, #955, #451 ) ;
#3317 = DIRECTION ( 'NONE',  ( 0.0000000000000000000, 0.0000000000000000000, 1.000000000000000000 ) ) ;
#3318 = LINE ( 'NONE', #1384, #5714 ) ;
#3319 = CARTESIAN_POINT ( 'NONE',  ( -11.74999999895839400, 1.428256051881970700, -1.172439306139857300 ) ) ;
#3320 = ORIENTED_EDGE ( 'NONE', *, *, #1026, .F. ) ;
#3321 = DIRECTION ( 'NONE',  ( 0.4999999999999735800, 0.8660254037844538100, 0.0000000000000000000 ) ) ;
#3322 = EDGE_CURVE ( 'NONE', #4958, #6021, #2555, .T. ) ;
#3323 = CARTESIAN_POINT ( 'NONE',  ( 19.68651551726444600, -7.846338741309435400, 0.7500000000000000000 ) ) ;
#3324 = VECTOR ( 'NONE', #3032, 1000.000000000000000 ) ;
#3325 = EDGE_CURVE ( 'NONE', #2013, #4925, #3895, .T. ) ;
#3326 = ORIENTED_EDGE ( 'NONE', *, *, #1467, .T. ) ;
#3327 = ORIENTED_EDGE ( 'NONE', *, *, #315, .T. ) ;
#3328 = CARTESIAN_POINT ( 'NONE',  ( -3.400000002045663500, 23.46300528677813800, -2.299999999999999400 ) ) ;
#3329 = CARTESIAN_POINT ( 'NONE',  ( -14.62924547518922900, 9.698543609737758000, 2.051636451923158200 ) ) ;
#3330 = VERTEX_POINT ( 'NONE', #4697 ) ;
#3331 = ORIENTED_EDGE ( 'NONE', *, *, #2405, .F. ) ;
#3332 = EDGE_CURVE ( 'NONE', #2618, #1082, #1188, .T. ) ;
#3333 = CARTESIAN_POINT ( 'NONE',  ( 3.400000002045663100, 24.99962553122773200, 2.500000000000000000 ) ) ;
#3334 = CARTESIAN_POINT ( 'NONE',  ( -21.70000000021520500, -14.10401566582430500, 2.500000000000000000 ) ) ;
#3335 = ORIENTED_EDGE ( 'NONE', *, *, #2626, .F. ) ;
#3336 = ORIENTED_EDGE ( 'NONE', *, *, #670, .F. ) ;
#3337 = EDGE_CURVE ( 'NONE', #4307, #411, #3761, .T. ) ;
#3338 = ORIENTED_EDGE ( 'NONE', *, *, #4561, .T. ) ;
#3339 = FACE_OUTER_BOUND ( 'NONE', #3451, .T. ) ;
#3340 = VECTOR ( 'NONE', #1080, 1000.000000000000100 ) ;
#3341 = DIRECTION ( 'NONE',  ( 0.0000000000000000000, 1.000000000000000000, 0.0000000000000000000 ) ) ;
#3342 = EDGE_CURVE ( 'NONE', #3778, #5044, #2378, .T. ) ;
#3343 = CARTESIAN_POINT ( 'NONE',  ( -17.43068920757620800, 16.60381383641971500, -2.500000000000000000 ) ) ;
#3344 = ADVANCED_FACE ( 'NONE', ( #3597 ), #1195, .F. ) ;
#3345 = FACE_OUTER_BOUND ( 'NONE', #814, .T. ) ;
#3346 = ORIENTED_EDGE ( 'NONE', *, *, #5632, .F. ) ;
#3347 = CARTESIAN_POINT ( 'NONE',  ( -16.10000000194025600, -6.804015669359618100, 2.500000000000000000 ) ) ;
#3348 = ORIENTED_EDGE ( 'NONE', *, *, #6136, .T. ) ;
#3349 = DIRECTION ( 'NONE',  ( 0.0000000000000000000, 0.0000000000000000000, 1.000000000000000000 ) ) ;
#3350 = CARTESIAN_POINT ( 'NONE',  ( -19.49959095023151100, -7.601762011296005800, -2.500000000000000000 ) ) ;
#3351 = ORIENTED_EDGE ( 'NONE', *, *, #5902, .T. ) ;
#3352 = AXIS2_PLACEMENT_3D ( 'NONE', #5809, #2895, #6272 ) ;
#3353 = LINE ( 'NONE', #5729, #1975 ) ;
#3354 = LINE ( 'NONE', #2014, #1977 ) ;
#3355 = ORIENTED_EDGE ( 'NONE', *, *, #466, .F. ) ;
#3356 = DIRECTION ( 'NONE',  ( -0.0000000000000000000, -0.0000000000000000000, -1.000000000000000000 ) ) ;
#3357 = CYLINDRICAL_SURFACE ( 'NONE', #5495, 9.999999997365293300 ) ;
#3358 = ORIENTED_EDGE ( 'NONE', *, *, #586, .F. ) ;
#3359 = CARTESIAN_POINT ( 'NONE',  ( 18.98045816164531600, 13.91953526797897900, -2.500000000000000000 ) ) ;
#3360 = ADVANCED_FACE ( 'NONE', ( #2226 ), #5981, .T. ) ;
#3361 = EDGE_CURVE ( 'NONE', #411, #1928, #856, .T. ) ;
#3362 = CARTESIAN_POINT ( 'NONE',  ( -7.650000000000008300, 14.99962553122773200, -1.999999999999997100 ) ) ;
#3363 = VECTOR ( 'NONE', #2080, 1000.000000000000200 ) ;
#3364 = VECTOR ( 'NONE', #494, 1000.000000000000000 ) ;
#3365 = LINE ( 'NONE', #4647, #1678 ) ;
#3366 = CARTESIAN_POINT ( 'NONE',  ( 20.55713668712320800, 11.63392459979429500, 2.500000000000000000 ) ) ;
#3367 = DIRECTION ( 'NONE',  ( -0.0000000000000000000, -0.0000000000000000000, -1.000000000000000000 ) ) ;
#3368 = AXIS2_PLACEMENT_3D ( 'NONE', #1944, #3500, #429 ) ;
#3369 = EDGE_CURVE ( 'NONE', #4229, #6165, #6257, .T. ) ;
#3370 = VECTOR ( 'NONE', #3204, 1000.000000000000000 ) ;
#3371 = EDGE_CURVE ( 'NONE', #4173, #4014, #1020, .T. ) ;
#3372 = LINE ( 'NONE', #2522, #2002 ) ;
#3373 = VERTEX_POINT ( 'NONE', #1368 ) ;
#3374 = ORIENTED_EDGE ( 'NONE', *, *, #3867, .F. ) ;
#3375 = LINE ( 'NONE', #1907, #660 ) ;
#3376 = EDGE_CURVE ( 'NONE', #5206, #4763, #719, .T. ) ;
#3377 = DIRECTION ( 'NONE',  ( 1.000000000000000000, 0.0000000000000000000, -0.0000000000000000000 ) ) ;
#3378 = DIRECTION ( 'NONE',  ( -1.000000000000000000, 0.0000000000000000000, 0.0000000000000000000 ) ) ;
#3379 = ADVANCED_FACE ( 'NONE', ( #2071 ), #3941, .F. ) ;
#3380 = ORIENTED_EDGE ( 'NONE', *, *, #5944, .T. ) ;
#3381 = LINE ( 'NONE', #4539, #1848 ) ;
#3382 = ORIENTED_EDGE ( 'NONE', *, *, #5704, .T. ) ;
#3383 = ORIENTED_EDGE ( 'NONE', *, *, #2532, .T. ) ;
#3384 = ORIENTED_EDGE ( 'NONE', *, *, #2543, .F. ) ;
#3385 = DIRECTION ( 'NONE',  ( -0.0000000000000000000, -0.0000000000000000000, -1.000000000000000000 ) ) ;
#3386 = VERTEX_POINT ( 'NONE', #1390 ) ;
#3387 = CARTESIAN_POINT ( 'NONE',  ( -15.20403488651030900, 20.33998777500614700, 2.500000000000000000 ) ) ;
#3388 = DIRECTION ( 'NONE',  ( 0.8660254037844813400, 0.4999999999999259500, -0.0000000000000000000 ) ) ;
#3389 = CARTESIAN_POINT ( 'NONE',  ( -3.150000002174445000, 17.40392322600979800, -2.500000000000000000 ) ) ;
#3390 = APPLICATION_CONTEXT ( 'automotive_design' ) ;
#3391 = DIRECTION ( 'NONE',  ( -0.3420201433408081600, -0.9396926207803980600, -0.0000000000000000000 ) ) ;
#3392 = VERTEX_POINT ( 'NONE', #4898 ) ;
#3393 = ADVANCED_FACE ( 'NONE', ( #3432 ), #6292, .F. ) ;
#3394 = VECTOR ( 'NONE', #1477, 1000.000000000000000 ) ;
#3395 = ORIENTED_EDGE ( 'NONE', *, *, #3798, .T. ) ;
#3396 = DIRECTION ( 'NONE',  ( 0.0000000000000000000, 0.0000000000000000000, 1.000000000000000000 ) ) ;
#3397 = ORIENTED_EDGE ( 'NONE', *, *, #1897, .T. ) ;
#3398 = EDGE_CURVE ( 'NONE', #3179, #438, #4861, .T. ) ;
#3399 = ORIENTED_EDGE ( 'NONE', *, *, #3970, .T. ) ;
#3400 = EDGE_CURVE ( 'NONE', #1121, #6371, #1900, .T. ) ;
#3401 = DIRECTION ( 'NONE',  ( 0.8660254037844535800, -0.4999999999999741900, 0.0000000000000000000 ) ) ;
#3402 = VERTEX_POINT ( 'NONE', #1413 ) ;
#3403 = CARTESIAN_POINT ( 'NONE',  ( 10.35797482500586300, -11.90364120424362700, 2.500000000000000000 ) ) ;
#3404 = CARTESIAN_POINT ( 'NONE',  ( 20.24999999895820900, 11.63392459979429300, -1.155781791775945000 ) ) ;
#3405 = ADVANCED_FACE ( 'NONE', ( #3128 ), #5390, .F. ) ;
#3406 = CARTESIAN_POINT ( 'NONE',  ( 15.70564659430954000, -14.03538993896371800, 2.500000000000000000 ) ) ;
#3407 = ORIENTED_EDGE ( 'NONE', *, *, #4028, .F. ) ;
#3408 = ADVANCED_FACE ( 'NONE', ( #4418 ), #3490, .F. ) ;
#3409 = ORIENTED_EDGE ( 'NONE', *, *, #3448, .F. ) ;
#3410 = EDGE_CURVE ( 'NONE', #688, #432, #3289, .T. ) ;
#3411 = CARTESIAN_POINT ( 'NONE',  ( 7.649999999999990600, 14.99962553122773200, 1.734723475976807100E-015 ) ) ;
#3412 = VECTOR ( 'NONE', #4102, 1000.000000000000000 ) ;
#3413 = LINE ( 'NONE', #1388, #4709 ) ;
#3414 = CARTESIAN_POINT ( 'NONE',  ( 14.50680346973448400, 24.75892274037454800, 2.500000000000000000 ) ) ;
#3415 = ADVANCED_FACE ( 'NONE', ( #564 ), #420, .F. ) ;
#3416 = LINE ( 'NONE', #3511, #700 ) ;
#3417 = LINE ( 'NONE', #6056, #4565 ) ;
#3418 = ORIENTED_EDGE ( 'NONE', *, *, #5813, .F. ) ;
#3419 = AXIS2_PLACEMENT_3D ( 'NONE', #981, #929, #737 ) ;
#3420 = DIRECTION ( 'NONE',  ( 1.000000000000000000, 1.765913276658659300E-015, -0.0000000000000000000 ) ) ;
#3421 = ORIENTED_EDGE ( 'NONE', *, *, #5292, .F. ) ;
#3422 = LINE ( 'NONE', #1637, #844 ) ;
#3423 = CARTESIAN_POINT ( 'NONE',  ( 19.01172613572896400, 15.75616779990884600, 2.500000000000000000 ) ) ;
#3424 = CARTESIAN_POINT ( 'NONE',  ( -20.15000000011575700, -11.50298649307194400, 2.500000000000000000 ) ) ;
#3425 = VECTOR ( 'NONE', #2849, 1000.000000000000000 ) ;
#3426 = CARTESIAN_POINT ( 'NONE',  ( -21.19999999943866700, -0.1968120246770748100, 2.500000000000000000 ) ) ;
#3427 = CARTESIAN_POINT ( 'NONE',  ( -17.10000000081374000, -10.95060435621951600, -2.500000000000000000 ) ) ;
#3428 = LINE ( 'NONE', #6408, #5977 ) ;
#3429 = CARTESIAN_POINT ( 'NONE',  ( 15.25621485542343300, 20.37011389410426400, 2.500000000000000000 ) ) ;
#3430 = DIRECTION ( 'NONE',  ( 0.0000000000000000000, 1.000000000000000000, 0.0000000000000000000 ) ) ;
#3431 = LINE ( 'NONE', #6416, #3758 ) ;
#3432 = FACE_OUTER_BOUND ( 'NONE', #5841, .T. ) ;
#3433 = VECTOR ( 'NONE', #1668, 1000.000000000000000 ) ;
#3434 = ORIENTED_EDGE ( 'NONE', *, *, #5185, .T. ) ;
#3435 = EDGE_CURVE ( 'NONE', #794, #6303, #384, .T. ) ;
#3436 = LINE ( 'NONE', #864, #2077 ) ;
#3437 = ADVANCED_FACE ( 'NONE', ( #4282 ), #1464, .F. ) ;
#3438 = VECTOR ( 'NONE', #2832, 1000.000000000000100 ) ;
#3439 = DIRECTION ( 'NONE',  ( -0.0000000000000000000, -0.0000000000000000000, -1.000000000000000000 ) ) ;
#3440 = DIRECTION ( 'NONE',  ( 0.0000000000000000000, 0.0000000000000000000, 1.000000000000000000 ) ) ;
#3441 = EDGE_LOOP ( 'NONE', ( #4464, #5648, #2622, #5299 ) ) ;
#3442 = EDGE_CURVE ( 'NONE', #3725, #2160, #234, .T. ) ;
#3443 = EDGE_LOOP ( 'NONE', ( #3908, #5322, #750, #1617 ) ) ;
#3444 = DIRECTION ( 'NONE',  ( -0.4999999999999823500, -0.8660254037844488100, -0.0000000000000000000 ) ) ;
#3445 = ORIENTED_EDGE ( 'NONE', *, *, #4198, .T. ) ;
#3446 = ORIENTED_EDGE ( 'NONE', *, *, #6166, .T. ) ;
#3447 = LINE ( 'NONE', #3178, #735 ) ;
#3448 = EDGE_CURVE ( 'NONE', #5246, #3620, #2936, .T. ) ;
#3449 = DIRECTION ( 'NONE',  ( 0.0000000000000000000, 0.0000000000000000000, 1.000000000000000000 ) ) ;
#3450 = ADVANCED_FACE ( 'NONE', ( #1411 ), #479, .F. ) ;
#3451 = EDGE_LOOP ( 'NONE', ( #5661, #6354, #37, #1646 ) ) ;
#3452 = VERTEX_POINT ( 'NONE', #3540 ) ;
#3453 = PLANE ( 'NONE',  #1100 ) ;
#3454 = EDGE_CURVE ( 'NONE', #3996, #4689, #5376, .T. ) ;
#3455 = ORIENTED_EDGE ( 'NONE', *, *, #2409, .F. ) ;
#3456 = DIRECTION ( 'NONE',  ( 0.4999999999999735800, -0.8660254037844538100, 0.0000000000000000000 ) ) ;
#3457 = CARTESIAN_POINT ( 'NONE',  ( -13.65426593244120400, 23.02426634344688200, -2.500000000000000000 ) ) ;
#3458 = EDGE_CURVE ( 'NONE', #1928, #1082, #1593, .T. ) ;
#3459 = EDGE_LOOP ( 'NONE', ( #1153, #5420, #671, #3251 ) ) ;
#3460 = PLANE ( 'NONE',  #5476 ) ;
#3461 = VERTEX_POINT ( 'NONE', #2520 ) ;
#3462 = LINE ( 'NONE', #6286, #5856 ) ;
#3463 = EDGE_LOOP ( 'NONE', ( #1209, #4250, #6227, #5124 ) ) ;
#3464 = DIRECTION ( 'NONE',  ( -0.0000000000000000000, 1.000000000000000000, -0.0000000000000000000 ) ) ;
#3465 = DIRECTION ( 'NONE',  ( -1.000000000000000000, 0.0000000000000000000, 0.0000000000000000000 ) ) ;
#3466 = AXIS2_PLACEMENT_3D ( 'NONE', #4637, #1636, #5112 ) ;
#3467 = DIRECTION ( 'NONE',  ( 0.07807122567727321800, -0.9969477838489077000, 0.0000000000000000000 ) ) ;
#3468 = FACE_OUTER_BOUND ( 'NONE', #1926, .T. ) ;
#3469 = ORIENTED_EDGE ( 'NONE', *, *, #1261, .F. ) ;
#3470 = CARTESIAN_POINT ( 'NONE',  ( 14.27897133052508100, 21.94224485420300400, -2.500000000000000000 ) ) ;
#3471 = CARTESIAN_POINT ( 'NONE',  ( -15.49999999999406200, -11.00364120398717200, -2.500000000000000000 ) ) ;
#3472 = CARTESIAN_POINT ( 'NONE',  ( -20.32312030118735500, -2.666971610699351300, 0.7500000000000000000 ) ) ;
#3473 = VERTEX_POINT ( 'NONE', #3560 ) ;
#3474 = ADVANCED_FACE ( 'NONE', ( #3968 ), #506, .F. ) ;
#3475 = DIRECTION ( 'NONE',  ( 0.9388763158866081400, 0.3442546491584244100, 0.0000000000000000000 ) ) ;
#3476 = CARTESIAN_POINT ( 'NONE',  ( 15.91218822759062800, 21.12472493679034700, 2.500000000000000000 ) ) ;
#3477 = DIRECTION ( 'NONE',  ( 0.0000000000000000000, 0.0000000000000000000, 1.000000000000000000 ) ) ;
#3478 = EDGE_LOOP ( 'NONE', ( #4547, #4155, #4095, #5583 ) ) ;
#3479 = ORIENTED_EDGE ( 'NONE', *, *, #6093, .T. ) ;
#3480 = CARTESIAN_POINT ( 'NONE',  ( -22.20000000134171400, -17.50401566457473400, 2.500000000000000000 ) ) ;
#3481 = ORIENTED_EDGE ( 'NONE', *, *, #3862, .T. ) ;
#3482 = ORIENTED_EDGE ( 'NONE', *, *, #2241, .F. ) ;
#3483 = CARTESIAN_POINT ( 'NONE',  ( -11.74999999895831800, 11.63392459979423100, -1.155781791775945000 ) ) ;
#3484 = VECTOR ( 'NONE', #1185, 1000.000000000000000 ) ;
#3485 = FACE_OUTER_BOUND ( 'NONE', #3622, .T. ) ;
#3486 = CARTESIAN_POINT ( 'NONE',  ( -19.01172613572896400, 15.75616779990884600, 2.500000000000000000 ) ) ;
#3487 = DIRECTION ( 'NONE',  ( -0.9816271833683279900, -0.1908089957846929300, -0.0000000000000000000 ) ) ;
#3488 = ORIENTED_EDGE ( 'NONE', *, *, #5248, .F. ) ;
#3489 = DIRECTION ( 'NONE',  ( -0.5000000000001486600, 0.8660254037843527800, 0.0000000000000000000 ) ) ;
#3490 = PLANE ( 'NONE',  #3158 ) ;
#3491 = CARTESIAN_POINT ( 'NONE',  ( 15.20403488651030700, 20.33998777500599400, 2.500000000000000000 ) ) ;
#3492 = EDGE_CURVE ( 'NONE', #2027, #4382, #75, .T. ) ;
#3493 = LINE ( 'NONE', #2299, #768 ) ;
#3494 = ORIENTED_EDGE ( 'NONE', *, *, #3862, .F. ) ;
#3495 = ORIENTED_EDGE ( 'NONE', *, *, #1689, .T. ) ;
#3496 = CARTESIAN_POINT ( 'NONE',  ( -21.27082858658739500, -15.47136618964875700, -2.299999999999999400 ) ) ;
#3497 = VERTEX_POINT ( 'NONE', #3074 ) ;
#3498 = PLANE ( 'NONE',  #474 ) ;
#3499 = STYLED_ITEM ( 'NONE', ( #3865 ), #5458 ) ;
#3500 = DIRECTION ( 'NONE',  ( -0.9999967179254948300, 0.002562057422906024000, 0.0000000000000000000 ) ) ;
#3501 = DIRECTION ( 'NONE',  ( -0.4999999999999752400, 0.8660254037844530300, -0.0000000000000000000 ) ) ;
#3502 = VECTOR ( 'NONE', #1786, 1000.000000000000000 ) ;
#3503 = FACE_OUTER_BOUND ( 'NONE', #2324, .T. ) ;
#3504 = CARTESIAN_POINT ( 'NONE',  ( -13.70644590135413000, 23.05439246254506000, 2.500000000000000000 ) ) ;
#3505 = ORIENTED_EDGE ( 'NONE', *, *, #107, .T. ) ;
#3506 = B_SPLINE_CURVE_WITH_KNOTS ( 'NONE', 3,
 ( #5639, #6101, #160, #3742, #686, #4227, #1183, #4705, #1708, #5173 ),
 .UNSPECIFIED., .F., .F.,
 ( 4, 2, 2, 2, 4 ),
 ( 0.005483117418930759000, 0.006807402518739172000, 0.008131687618547585000, 0.009455972718355997900, 0.01078025781816441100 ),
 .UNSPECIFIED. ) ;
#3507 = ADVANCED_FACE ( 'NONE', ( #2632 ), #2032, .F. ) ;
#3508 = VECTOR ( 'NONE', #4990, 1000.000000000000000 ) ;
#3509 = AXIS2_PLACEMENT_3D ( 'NONE', #448, #650, #431 ) ;
#3510 = VECTOR ( 'NONE', #6221, 1000.000000000000000 ) ;
#3511 = CARTESIAN_POINT ( 'NONE',  ( -17.91891975059718700, -14.98837953933072400, 2.500000000000000000 ) ) ;
#3512 = CARTESIAN_POINT ( 'NONE',  ( 16.65176380926822800, -12.10413048742109900, 2.500000000000000000 ) ) ;
#3513 = DIRECTION ( 'NONE',  ( -0.0000000000000000000, -0.0000000000000000000, -1.000000000000000000 ) ) ;
#3514 = DIRECTION ( 'NONE',  ( 1.000000000000000000, 3.654769042192353500E-015, -0.0000000000000000000 ) ) ;
#3515 = VECTOR ( 'NONE', #5524, 1000.000000000000000 ) ;
#3516 = VECTOR ( 'NONE', #116, 1000.000000000000000 ) ;
#3517 = CARTESIAN_POINT ( 'NONE',  ( -16.10000000194025600, -6.804015669359618100, -2.500000000000000000 ) ) ;
#3518 = DIRECTION ( 'NONE',  ( 0.9816271833683276600, 0.1908089957846946200, 0.0000000000000000000 ) ) ;
#3519 = FACE_OUTER_BOUND ( 'NONE', #4477, .T. ) ;
#3520 = CARTESIAN_POINT ( 'NONE',  ( 16.60000000025540200, -11.91094532216122900, 2.500000000000000000 ) ) ;
#3521 = FACE_OUTER_BOUND ( 'NONE', #4458, .T. ) ;
#3522 = DIRECTION ( 'NONE',  ( -0.0000000000000000000, -0.0000000000000000000, -1.000000000000000000 ) ) ;
#3523 = DIRECTION ( 'NONE',  ( -0.0000000000000000000, -0.0000000000000000000, -1.000000000000000000 ) ) ;
#3524 = EDGE_CURVE ( 'NONE', #5794, #6403, #2464, .T. ) ;
#3525 = CARTESIAN_POINT ( 'NONE',  ( -20.85680346795562200, 13.76040011539258100, 2.500000000000000000 ) ) ;
#3526 = ORIENTED_EDGE ( 'NONE', *, *, #402, .F. ) ;
#3527 = ORIENTED_EDGE ( 'NONE', *, *, #5928, .F. ) ;
#3528 = EDGE_CURVE ( 'NONE', #6075, #2534, #6330, .T. ) ;
#3529 = LINE ( 'NONE', #1888, #2162 ) ;
#3530 = EDGE_LOOP ( 'NONE', ( #2215, #6110, #2950, #4223 ) ) ;
#3531 = ORIENTED_EDGE ( 'NONE', *, *, #2641, .T. ) ;
#3532 = FACE_OUTER_BOUND ( 'NONE', #3173, .T. ) ;
#3533 = CARTESIAN_POINT ( 'NONE',  ( 15.91218822759062800, 21.12472493679034700, 2.500000000000000000 ) ) ;
#3534 = DIRECTION ( 'NONE',  ( -0.0000000000000000000, -0.0000000000000000000, -1.000000000000000000 ) ) ;
#3535 = DIRECTION ( 'NONE',  ( -0.0000000000000000000, -0.0000000000000000000, -1.000000000000000000 ) ) ;
#3536 = ORIENTED_EDGE ( 'NONE', *, *, #5064, .T. ) ;
#3537 = CARTESIAN_POINT ( 'NONE',  ( 14.47020092941525800, 24.62232020021711400, 2.500000000000000000 ) ) ;
#3538 = ORIENTED_EDGE ( 'NONE', *, *, #5497, .T. ) ;
#3539 = DIRECTION ( 'NONE',  ( -0.0000000000000000000, 1.000000000000000000, -0.0000000000000000000 ) ) ;
#3540 = CARTESIAN_POINT ( 'NONE',  ( -17.90000000020996400, -7.603811136592255200, 2.500000000000000000 ) ) ;
#3541 = ORIENTED_EDGE ( 'NONE', *, *, #15, .T. ) ;
#3542 = EDGE_CURVE ( 'NONE', #2180, #3099, #1097, .T. ) ;
#3543 = DIRECTION ( 'NONE',  ( -0.0000000000000000000, -0.0000000000000000000, -1.000000000000000000 ) ) ;
#3544 = ORIENTED_EDGE ( 'NONE', *, *, #5499, .F. ) ;
#3545 = ORIENTED_EDGE ( 'NONE', *, *, #5223, .T. ) ;
#3546 = VERTEX_POINT ( 'NONE', #3605 ) ;
#3547 = DIRECTION ( 'NONE',  ( 0.6560590293046151300, 0.7547095799497222100, -0.0000000000000000000 ) ) ;
#3548 = DIRECTION ( 'NONE',  ( -0.0000000000000000000, -0.0000000000000000000, -1.000000000000000000 ) ) ;
#3549 = VECTOR ( 'NONE', #436, 1000.000000000000000 ) ;
#3550 = EDGE_CURVE ( 'NONE', #3402, #4252, #938, .T. ) ;
#3551 = CARTESIAN_POINT ( 'NONE',  ( -20.95980762013418500, 13.58199169042875300, 2.500000000000000000 ) ) ;
#3552 = VERTEX_POINT ( 'NONE', #4098 ) ;
#3553 = AXIS2_PLACEMENT_3D ( 'NONE', #1703, #5163, #2204 ) ;
#3554 = ORIENTED_EDGE ( 'NONE', *, *, #1849, .T. ) ;
#3555 = ORIENTED_EDGE ( 'NONE', *, *, #6124, .F. ) ;
#3556 = DIRECTION ( 'NONE',  ( -0.0000000000000000000, -0.0000000000000000000, -1.000000000000000000 ) ) ;
#3557 = CARTESIAN_POINT ( 'NONE',  ( 15.82874028459418600, 19.25796628576226900, -2.500000000000000000 ) ) ;
#3558 = CARTESIAN_POINT ( 'NONE',  ( -11.74999999895834100, 8.707139886832070600, 16.34081488719823500 ) ) ;
#3559 = ORIENTED_EDGE ( 'NONE', *, *, #4623, .T. ) ;
#3560 = CARTESIAN_POINT ( 'NONE',  ( -14.12379076814342600, 24.42232020035681500, -2.500000000000000000 ) ) ;
#3561 = CARTESIAN_POINT ( 'NONE',  ( 14.08718822782419800, 24.28571766019937800, -2.500000000000000000 ) ) ;
#3562 = CARTESIAN_POINT ( 'NONE',  ( 13.65426593244120400, 23.02426634344688200, 2.500000000000000000 ) ) ;
#3563 = CARTESIAN_POINT ( 'NONE',  ( 16.86241927253306700, 19.47887648802093400, 2.500000000000000000 ) ) ;
#3564 = VERTEX_POINT ( 'NONE', #4575 ) ;
#3565 = ORIENTED_EDGE ( 'NONE', *, *, #1380, .T. ) ;
#3566 = DIRECTION ( 'NONE',  ( 0.0000000000000000000, 0.0000000000000000000, -1.000000000000000000 ) ) ;
#3567 = DIRECTION ( 'NONE',  ( 1.765913276658659300E-015, -1.000000000000000000, 0.0000000000000000000 ) ) ;
#3568 = CARTESIAN_POINT ( 'NONE',  ( -15.91218822759075600, 21.12472493679031500, -2.500000000000000000 ) ) ;
#3569 = EDGE_CURVE ( 'NONE', #2803, #4684, #3824, .T. ) ;
#3570 = DIRECTION ( 'NONE',  ( -1.000000000000000000, 0.0000000000000000000, 0.0000000000000000000 ) ) ;
#3571 = CARTESIAN_POINT ( 'NONE',  ( -18.41218822660231100, 16.79459791957988600, 2.500000000000000000 ) ) ;
#3572 = FACE_OUTER_BOUND ( 'NONE', #577, .T. ) ;
#3573 = AXIS2_PLACEMENT_3D ( 'NONE', #3203, #3704, #6065 ) ;
#3574 = EDGE_CURVE ( 'NONE', #4337, #1731, #4941, .T. ) ;
#3575 = EDGE_CURVE ( 'NONE', #5946, #4693, #2305, .T. ) ;
#3576 = VECTOR ( 'NONE', #1406, 1000.000000000000000 ) ;
#3577 = CARTESIAN_POINT ( 'NONE',  ( 20.99999999895845100, 13.43199169057949400, 2.500000000000000000 ) ) ;
#3578 = DIRECTION ( 'NONE',  ( 0.0000000000000000000, 0.0000000000000000000, -1.000000000000000000 ) ) ;
#3579 = PLANE ( 'NONE',  #1059 ) ;
#3580 = LINE ( 'NONE', #1126, #5967 ) ;
#3581 = EDGE_LOOP ( 'NONE', ( #2732, #4432, #5429, #5125 ) ) ;
#3582 = CARTESIAN_POINT ( 'NONE',  ( 19.96195718067141600, 14.11031935113915400, 2.500000000000000000 ) ) ;
#3583 = ORIENTED_EDGE ( 'NONE', *, *, #1741, .F. ) ;
#3584 = EDGE_CURVE ( 'NONE', #5968, #2803, #2154, .T. ) ;
#3585 = ORIENTED_EDGE ( 'NONE', *, *, #5595, .T. ) ;
#3586 = EDGE_CURVE ( 'NONE', #432, #3176, #4657, .T. ) ;
#3587 = CARTESIAN_POINT ( 'NONE',  ( 19.96195718067141600, 14.11031935113915400, 2.500000000000000000 ) ) ;
#3588 = VECTOR ( 'NONE', #5097, 1000.000000000000000 ) ;
#3589 = VECTOR ( 'NONE', #287, 1000.000000000000100 ) ;
#3590 = DIRECTION ( 'NONE',  ( -0.0000000000000000000, -0.0000000000000000000, -1.000000000000000000 ) ) ;
#3591 = DIRECTION ( 'NONE',  ( -0.4999999999999784600, -0.8660254037844510300, 0.0000000000000000000 ) ) ;
#3592 = DIRECTION ( 'NONE',  ( 0.9816271833683269900, -0.1908089957846979500, 0.0000000000000000000 ) ) ;
#3593 = AXIS2_PLACEMENT_3D ( 'NONE', #149, #3732, #677 ) ;
#3594 = CIRCLE ( 'NONE', #3707, 1.249999999998790300 ) ;
#3595 = VECTOR ( 'NONE', #5431, 1000.000000000000100 ) ;
#3596 = AXIS2_PLACEMENT_3D ( 'NONE', #1601, #5104, #2140 ) ;
#3597 = FACE_OUTER_BOUND ( 'NONE', #3783, .T. ) ;
#3598 = CIRCLE ( 'NONE', #4610, 0.2007699903126582100 ) ;
#3599 = CARTESIAN_POINT ( 'NONE',  ( 14.19462856805785800, 24.69962553152921100, 2.500000000000000000 ) ) ;
#3600 = ORIENTED_EDGE ( 'NONE', *, *, #495, .F. ) ;
#3601 = DIRECTION ( 'NONE',  ( 3.469446951953601400E-016, -1.000000000000000000, -0.0000000000000000000 ) ) ;
#3602 = CARTESIAN_POINT ( 'NONE',  ( 19.68651551726444600, -7.846338741309435400, 2.500000000000000000 ) ) ;
#3603 = VECTOR ( 'NONE', #203, 1000.000000000000000 ) ;
#3604 = CARTESIAN_POINT ( 'NONE',  ( -20.32312030118735500, -5.543763817130849400, 2.500000000000000000 ) ) ;
#3605 = CARTESIAN_POINT ( 'NONE',  ( -3.150000002174445000, 21.35528796400981800, -2.500000000000000000 ) ) ;
#3606 = LINE ( 'NONE', #3086, #2234 ) ;
#3607 = VECTOR ( 'NONE', #881, 1000.000000000000000 ) ;
#3608 = VERTEX_POINT ( 'NONE', #3149 ) ;
#3609 = DIRECTION ( 'NONE',  ( -0.9551031244063049600, 0.2962735589777027400, 0.0000000000000000000 ) ) ;
#3610 = PLANE ( 'NONE',  #4836 ) ;
#3611 = EDGE_LOOP ( 'NONE', ( #2713, #1367, #1537, #1912 ) ) ;
#3612 = ORIENTED_EDGE ( 'NONE', *, *, #4351, .F. ) ;
#3613 = DIRECTION ( 'NONE',  ( 0.8660254037844551400, 0.4999999999999713000, -0.0000000000000000000 ) ) ;
#3614 = DIRECTION ( 'NONE',  ( -0.8660254037844401500, 0.4999999999999974500, 0.0000000000000000000 ) ) ;
#3615 = VECTOR ( 'NONE', #2115, 1000.000000000000000 ) ;
#3616 = DIRECTION ( 'NONE',  ( -0.1908089957846979500, -0.9816271833683269900, 0.0000000000000000000 ) ) ;
#3617 = ORIENTED_EDGE ( 'NONE', *, *, #1609, .F. ) ;
#3618 = AXIS2_PLACEMENT_3D ( 'NONE', #5649, #2717, #6112 ) ;
#3619 = ORIENTED_EDGE ( 'NONE', *, *, #665, .F. ) ;
#3620 = VERTEX_POINT ( 'NONE', #2620 ) ;
#3621 = ORIENTED_EDGE ( 'NONE', *, *, #2283, .T. ) ;
#3622 = EDGE_LOOP ( 'NONE', ( #5268, #892, #4604, #3287 ) ) ;
#3623 = VERTEX_POINT ( 'NONE', #70 ) ;
#3624 = CARTESIAN_POINT ( 'NONE',  ( 18.30357279464852000, 14.97143063812468000, 2.500000000000000000 ) ) ;
#3625 = EDGE_CURVE ( 'NONE', #1297, #6371, #646, .T. ) ;
#3626 = DIRECTION ( 'NONE',  ( -1.000000000000000000, 0.0000000000000000000, 0.0000000000000000000 ) ) ;
#3627 = CARTESIAN_POINT ( 'NONE',  ( -7.650000000000008300, 14.99962553122773200, 3.469446951953614200E-015 ) ) ;
#3628 = DIRECTION ( 'NONE',  ( -0.0000000000000000000, -0.0000000000000000000, -1.000000000000000000 ) ) ;
#3629 = VECTOR ( 'NONE', #2374, 1000.000000000000000 ) ;
#3630 = DIRECTION ( 'NONE',  ( -0.0000000000000000000, -0.0000000000000000000, -1.000000000000000000 ) ) ;
#3631 = EDGE_LOOP ( 'NONE', ( #4099, #4879, #3374, #5277 ) ) ;
#3632 = EDGE_CURVE ( 'NONE', #2246, #4883, #785, .T. ) ;
#3633 = AXIS2_PLACEMENT_3D ( 'NONE', #122, #4189, #1137 ) ;
#3634 = VECTOR ( 'NONE', #5903, 1000.000000000000100 ) ;
#3635 = DIRECTION ( 'NONE',  ( -1.000000000000000000, 0.0000000000000000000, 0.0000000000000000000 ) ) ;
#3636 = ORIENTED_EDGE ( 'NONE', *, *, #5177, .F. ) ;
#3637 = DIRECTION ( 'NONE',  ( -0.0000000000000000000, -0.0000000000000000000, -1.000000000000000000 ) ) ;
#3638 = DIRECTION ( 'NONE',  ( -0.0000000000000000000, -0.0000000000000000000, -1.000000000000000000 ) ) ;
#3639 = CARTESIAN_POINT ( 'NONE',  ( 20.99999999895848300, -7.846338741309435400, 0.7500000000000000000 ) ) ;
#3640 = VERTEX_POINT ( 'NONE', #1614 ) ;
#3641 = ORIENTED_EDGE ( 'NONE', *, *, #1240, .T. ) ;
#3642 = AXIS2_PLACEMENT_3D ( 'NONE', #4114, #4598, #1583 ) ;
#3643 = CARTESIAN_POINT ( 'NONE',  ( 15.83589132026820100, -13.44953778094068800, 2.500000000000000000 ) ) ;
#3644 = AXIS2_PLACEMENT_3D ( 'NONE', #1996, #5414, #4971 ) ;
#3645 = CARTESIAN_POINT ( 'NONE',  ( -3.150000002174445000, 21.35528796400981800, 2.500000000000000000 ) ) ;
#3646 = VERTEX_POINT ( 'NONE', #5098 ) ;
#3647 = EDGE_CURVE ( 'NONE', #5133, #2507, #5759, .T. ) ;
#3648 = LINE ( 'NONE', #205, #2129 ) ;
#3649 = CYLINDRICAL_SURFACE ( 'NONE', #2934, 2.000000000000000400 ) ;
#3650 = ORIENTED_EDGE ( 'NONE', *, *, #605, .F. ) ;
#3651 = CARTESIAN_POINT ( 'NONE',  ( -15.49999999999406200, -11.00364120398717200, 2.500000000000000000 ) ) ;
#3652 = EDGE_CURVE ( 'NONE', #6165, #4907, #3210, .T. ) ;
#3653 = DIRECTION ( 'NONE',  ( 0.4999999999999741900, -0.8660254037844535800, 0.0000000000000000000 ) ) ;
#3654 = PLANE ( 'NONE',  #2539 ) ;
#3655 = PLANE ( 'NONE',  #5337 ) ;
#3656 = VECTOR ( 'NONE', #227, 1000.000000000000000 ) ;
#3657 = VERTEX_POINT ( 'NONE', #2639 ) ;
#3658 = DIRECTION ( 'NONE',  ( 0.0000000000000000000, 0.0000000000000000000, 1.000000000000000000 ) ) ;
#3659 = ORIENTED_EDGE ( 'NONE', *, *, #4339, .F. ) ;
#3660 = LINE ( 'NONE', #5712, #2771 ) ;
#3661 = VECTOR ( 'NONE', #3487, 1000.000000000000000 ) ;
#3662 = DIRECTION ( 'NONE',  ( -0.8660254037844373800, -0.5000000000000021100, 0.0000000000000000000 ) ) ;
#3663 = EDGE_CURVE ( 'NONE', #3386, #6075, #477, .T. ) ;
#3664 = EDGE_LOOP ( 'NONE', ( #3494, #6089, #1050, #3313 ) ) ;
#3665 = DIRECTION ( 'NONE',  ( -0.0000000000000000000, -0.0000000000000000000, -1.000000000000000000 ) ) ;
#3666 = CARTESIAN_POINT ( 'NONE',  ( -20.91428571323091700, 12.20275692817411800, 2.500000000000000000 ) ) ;
#3667 = CARTESIAN_POINT ( 'NONE',  ( 17.37850923866328400, 16.57368771732153300, -2.500000000000000000 ) ) ;
#3668 = DIRECTION ( 'NONE',  ( 0.0000000000000000000, 0.0000000000000000000, 1.000000000000000000 ) ) ;
#3669 = CYLINDRICAL_SURFACE ( 'NONE', #3573, 1.999999999999997100 ) ;
#3670 = CARTESIAN_POINT ( 'NONE',  ( 16.86241927253306700, 19.47887648802093400, 2.500000000000000000 ) ) ;
#3671 = CARTESIAN_POINT ( 'NONE',  ( 19.19999999805115100, 6.375858678689550800, 2.301877333868052500 ) ) ;
#3672 = CARTESIAN_POINT ( 'NONE',  ( -14.08718822782419400, 24.28571766019937800, 2.500000000000000000 ) ) ;
#3673 = LINE ( 'NONE', #5261, #2776 ) ;
#3674 = EDGE_CURVE ( 'NONE', #2735, #4751, #4354, .T. ) ;
#3675 = VECTOR ( 'NONE', #2577, 1000.000000000000100 ) ;
#3676 = DIRECTION ( 'NONE',  ( -0.4999999999999509300, -0.8660254037844670200, 0.0000000000000000000 ) ) ;
#3677 = FACE_OUTER_BOUND ( 'NONE', #4875, .T. ) ;
#3678 = EDGE_CURVE ( 'NONE', #1604, #130, #1114, .T. ) ;
#3679 = DIRECTION ( 'NONE',  ( 0.0000000000000000000, 0.0000000000000000000, 1.000000000000000000 ) ) ;
#3680 = CARTESIAN_POINT ( 'NONE',  ( 20.24999999895830900, 1.428256051882032900, 1.548643494635817200 ) ) ;
#3681 = FACE_OUTER_BOUND ( 'NONE', #2325, .T. ) ;
#3682 = AXIS2_PLACEMENT_3D ( 'NONE', #2546, #5956, #3070 ) ;
#3683 = VECTOR ( 'NONE', #3391, 1000.000000000000000 ) ;
#3684 = AXIS2_PLACEMENT_3D ( 'NONE', #2911, #6293, #3449 ) ;
#3685 = ORIENTED_EDGE ( 'NONE', *, *, #4304, .T. ) ;
#3686 = EDGE_LOOP ( 'NONE', ( #5153, #1911, #1847, #5577 ) ) ;
#3687 = CARTESIAN_POINT ( 'NONE',  ( -20.77020092771723400, 13.71040011547356700, -2.500000000000000000 ) ) ;
#3688 = CIRCLE ( 'NONE', #5720, 12.52227804597077400 ) ;
#3689 = CARTESIAN_POINT ( 'NONE',  ( 14.42020092949615200, 24.70892274045544600, 2.500000000000000000 ) ) ;
#3690 = CARTESIAN_POINT ( 'NONE',  ( 18.92827819273239200, 13.88940914888079800, -2.500000000000000000 ) ) ;
#3691 = CARTESIAN_POINT ( 'NONE',  ( -19.96195718067141600, 14.11031935113915400, 2.500000000000000000 ) ) ;
#3692 = CARTESIAN_POINT ( 'NONE',  ( 15.84693374505634700, -14.22714598399836200, 2.500000000000000000 ) ) ;
#3693 = CARTESIAN_POINT ( 'NONE',  ( 10.35797482500586300, -11.90364120424362700, -2.500000000000000000 ) ) ;
#3694 = CARTESIAN_POINT ( 'NONE',  ( 19.26321883673935900, 5.458176648414147200, 2.268855169748621700 ) ) ;
#3695 = DIRECTION ( 'NONE',  ( -1.000000000000000000, 0.0000000000000000000, 0.0000000000000000000 ) ) ;
#3696 = VERTEX_POINT ( 'NONE', #4161 ) ;
#3697 = ORIENTED_EDGE ( 'NONE', *, *, #2876, .F. ) ;
#3698 = LINE ( 'NONE', #2528, #4679 ) ;
#3699 = EDGE_CURVE ( 'NONE', #6047, #1797, #4206, .T. ) ;
#3700 = ORIENTED_EDGE ( 'NONE', *, *, #4188, .F. ) ;
#3701 = DIRECTION ( 'NONE',  ( 0.0000000000000000000, 0.0000000000000000000, -1.000000000000000000 ) ) ;
#3702 = CARTESIAN_POINT ( 'NONE',  ( 14.33115129943800300, 21.97237097330118500, 2.500000000000000000 ) ) ;
#3703 = VERTEX_POINT ( 'NONE', #5333 ) ;
#3704 = DIRECTION ( 'NONE',  ( -0.0000000000000000000, 1.000000000000000000, -0.0000000000000000000 ) ) ;
#3705 = DIRECTION ( 'NONE',  ( 0.0000000000000000000, -0.0000000000000000000, 1.000000000000000000 ) ) ;
#3706 = VERTEX_POINT ( 'NONE', #2389 ) ;
#3707 = AXIS2_PLACEMENT_3D ( 'NONE', #6384, #3548, #487 ) ;
#3708 = EDGE_LOOP ( 'NONE', ( #1789, #1402, #4065, #2727 ) ) ;
#3709 = DIRECTION ( 'NONE',  ( 1.000000000000000000, 0.0000000000000000000, 0.0000000000000000000 ) ) ;
#3710 = EDGE_CURVE ( 'NONE', #5044, #3912, #2856, .T. ) ;
#3711 = ORIENTED_EDGE ( 'NONE', *, *, #5655, .T. ) ;
#3712 = EDGE_CURVE ( 'NONE', #4923, #3657, #3036, .T. ) ;
#3713 = ADVANCED_FACE ( 'NONE', ( #4048 ), #2416, .F. ) ;
#3714 = FACE_OUTER_BOUND ( 'NONE', #657, .T. ) ;
#3715 = CARTESIAN_POINT ( 'NONE',  ( -22.25668631384427300, -12.20406033727681300, 2.500000000000000000 ) ) ;
#3716 =( BOUNDED_CURVE ( )  B_SPLINE_CURVE ( 3, ( #2785, #5716, #4310, #1264 ),
 .UNSPECIFIED., .F., .F. ) 
 B_SPLINE_CURVE_WITH_KNOTS ( ( 4, 4 ),
 ( 4.836087806522688700, 5.003723374756618500 ),
 .UNSPECIFIED. ) 
 CURVE ( )  GEOMETRIC_REPRESENTATION_ITEM ( )  RATIONAL_B_SPLINE_CURVE ( ( 1.000000000000000000, 0.9976595637158629500, 0.9976595637158629500, 1.000000000000000000 ) ) 
 REPRESENTATION_ITEM ( '' )  );
#3717 = DIRECTION ( 'NONE',  ( -0.0000000000000000000, -0.0000000000000000000, -1.000000000000000000 ) ) ;
#3718 = EDGE_CURVE ( 'NONE', #3620, #293, #2705, .T. ) ;
#3719 = CARTESIAN_POINT ( 'NONE',  ( 16.60000000025540200, -11.91094532216122900, 2.500000000000000000 ) ) ;
#3720 = ORIENTED_EDGE ( 'NONE', *, *, #6006, .F. ) ;
#3721 = DIRECTION ( 'NONE',  ( -1.000000000000000000, 7.309538116125158200E-015, -0.0000000000000000000 ) ) ;
#3722 = CARTESIAN_POINT ( 'NONE',  ( 18.98045816164531600, 13.91953526797897900, 2.500000000000000000 ) ) ;
#3723 = VERTEX_POINT ( 'NONE', #888 ) ;
#3724 = EDGE_LOOP ( 'NONE', ( #4959, #5467, #5498, #5642 ) ) ;
#3725 = VERTEX_POINT ( 'NONE', #4906 ) ;
#3726 = CARTESIAN_POINT ( 'NONE',  ( 14.50680346973448400, 24.75892274037454800, -2.500000000000000000 ) ) ;
#3728 = ORIENTED_EDGE ( 'NONE', *, *, #277, .F. ) ;
#3727 = CARTESIAN_POINT ( 'NONE',  ( 17.50000000030953000, -13.00364120407689400, -2.500000000000000000 ) ) ;
#3729 = DIRECTION ( 'NONE',  ( 0.9396926207803980600, -0.3420201433408081600, 0.0000000000000000000 ) ) ;
#3730 = VERTEX_POINT ( 'NONE', #2921 ) ;
#3731 = ORIENTED_EDGE ( 'NONE', *, *, #776, .T. ) ;
#3732 = DIRECTION ( 'NONE',  ( -0.0000000000000000000, -0.0000000000000000000, -1.000000000000000000 ) ) ;
#3733 = DIRECTION ( 'NONE',  ( -2.409257427401266800E-016, 1.000000000000000000, 0.0000000000000000000 ) ) ;
#3734 = DIRECTION ( 'NONE',  ( -0.0000000000000000000, 1.000000000000000000, -0.0000000000000000000 ) ) ;
#3735 = CARTESIAN_POINT ( 'NONE',  ( -17.10000000081374000, -7.804015668233099700, -2.500000000000000000 ) ) ;
#3736 = LINE ( 'NONE', #1764, #6104 ) ;
#3737 = CARTESIAN_POINT ( 'NONE',  ( -14.36241927352164900, 23.80900350523104700, 2.500000000000000000 ) ) ;
#3738 = DIRECTION ( 'NONE',  ( -0.4999999999999714700, -0.8660254037844551400, 0.0000000000000000000 ) ) ;
#3739 = EDGE_CURVE ( 'NONE', #1980, #3938, #6409, .T. ) ;
#3740 = ADVANCED_FACE ( 'NONE', ( #1502 ), #2548, .F. ) ;
#3741 = CIRCLE ( 'NONE', #2281, 0.5326494769548433300 ) ;
#3742 = CARTESIAN_POINT ( 'NONE',  ( 19.34773687290716300, 8.372783262616529500, -1.801897457326030500 ) ) ;
#3743 = VECTOR ( 'NONE', #112, 1000.000000000000000 ) ;
#3744 = ORIENTED_EDGE ( 'NONE', *, *, #434, .F. ) ;
#3745 = AXIS2_PLACEMENT_3D ( 'NONE', #3651, #2132, #5574 ) ;
#3746 = ORIENTED_EDGE ( 'NONE', *, *, #4978, .T. ) ;
#3747 = EDGE_CURVE ( 'NONE', #5552, #1275, #5161, .T. ) ;
#3748 = DIRECTION ( 'NONE',  ( -0.0000000000000000000, 0.0000000000000000000, 1.000000000000000000 ) ) ;
#3749 = ORIENTED_EDGE ( 'NONE', *, *, #121, .T. ) ;
#3750 = VECTOR ( 'NONE', #2619, 1000.000000000000200 ) ;
#3751 = VERTEX_POINT ( 'NONE', #5397 ) ;
#3752 = FACE_OUTER_BOUND ( 'NONE', #2494, .T. ) ;
#3753 = FACE_OUTER_BOUND ( 'NONE', #1001, .T. ) ;
#3754 = PLANE ( 'NONE',  #5513 ) ;
#3755 = EDGE_CURVE ( 'NONE', #793, #1117, #6254, .T. ) ;
#3756 = CARTESIAN_POINT ( 'NONE',  ( -20.49999999927367600, 12.48269861298670900, 2.500000000000000000 ) ) ;
#3757 = CARTESIAN_POINT ( 'NONE',  ( -15.88092025350710700, 19.28809240486044600, -2.500000000000000000 ) ) ;
#3758 = VECTOR ( 'NONE', #5475, 1000.000000000000000 ) ;
#3759 = CARTESIAN_POINT ( 'NONE',  ( -19.23817341448525700, 5.621427819852358200, 2.282351300760423500 ) ) ;
#3760 = CARTESIAN_POINT ( 'NONE',  ( -15.88092025350710700, 19.28809240486044600, 2.500000000000000000 ) ) ;
#3761 = CIRCLE ( 'NONE', #4889, 0.4999999996847734300 ) ;
#3762 = CIRCLE ( 'NONE', #5235, 0.4999999996847769300 ) ;
#3763 = ORIENTED_EDGE ( 'NONE', *, *, #73, .T. ) ;
#3764 = LINE ( 'NONE', #4722, #1027 ) ;
#3765 = DIRECTION ( 'NONE',  ( -1.445602896647335800E-015, -1.000000000000000000, 0.0000000000000000000 ) ) ;
#3766 = CARTESIAN_POINT ( 'NONE',  ( -17.20000000210718100, -12.00364120103817500, 2.500000000000000000 ) ) ;
#3767 = AXIS2_PLACEMENT_3D ( 'NONE', #25, #71, #4701 ) ;
#3768 = DIRECTION ( 'NONE',  ( -1.000000000000000000, -7.309538116125158200E-015, -0.0000000000000000000 ) ) ;
#3769 = LINE ( 'NONE', #2894, #2387 ) ;
#3770 = LINE ( 'NONE', #5830, #6133 ) ;
#3771 = DIRECTION ( 'NONE',  ( -1.000000000000000000, 0.0000000000000000000, 0.0000000000000000000 ) ) ;
#3772 = AXIS2_PLACEMENT_3D ( 'NONE', #371, #854, #4872 ) ;
#3773 = ORIENTED_EDGE ( 'NONE', *, *, #4496, .T. ) ;
#3774 = ORIENTED_EDGE ( 'NONE', *, *, #498, .T. ) ;
#3775 = VECTOR ( 'NONE', #3137, 1000.000000000000000 ) ;
#3776 = ADVANCED_FACE ( 'NONE', ( #3753 ), #2975, .T. ) ;
#3777 = ORIENTED_EDGE ( 'NONE', *, *, #6017, .T. ) ;
#3778 = VERTEX_POINT ( 'NONE', #6340 ) ;
#3779 = ORIENTED_EDGE ( 'NONE', *, *, #824, .F. ) ;
#3780 = VERTEX_POINT ( 'NONE', #1448 ) ;
#3781 = CARTESIAN_POINT ( 'NONE',  ( -22.20000000134171400, -16.50401566570125000, 2.500000000000000000 ) ) ;
#3782 = DIRECTION ( 'NONE',  ( -0.0000000000000000000, -0.0000000000000000000, -1.000000000000000000 ) ) ;
#3783 = EDGE_LOOP ( 'NONE', ( #1108, #2990, #5273, #1535 ) ) ;
#3784 = DIRECTION ( 'NONE',  ( 0.9816271833683279900, -0.1908089957846929300, 0.0000000000000000000 ) ) ;
#3785 = VERTEX_POINT ( 'NONE', #2462 ) ;
#3786 = EDGE_CURVE ( 'NONE', #3847, #257, #2370, .T. ) ;
#3787 = CIRCLE ( 'NONE', #2736, 0.2999999996987374200 ) ;
#3788 = CARTESIAN_POINT ( 'NONE',  ( -19.19624414362974500, 6.960527996406694000, -1.892526175854264000 ) ) ;
#3789 = DIRECTION ( 'NONE',  ( -0.0000000000000000000, -0.0000000000000000000, -1.000000000000000000 ) ) ;
#3790 = ORIENTED_EDGE ( 'NONE', *, *, #1619, .T. ) ;
#3791 = DIRECTION ( 'NONE',  ( 0.0000000000000000000, 0.0000000000000000000, 1.000000000000000000 ) ) ;
#3792 = FACE_OUTER_BOUND ( 'NONE', #1576, .T. ) ;
#3793 = EDGE_CURVE ( 'NONE', #809, #2998, #1184, .T. ) ;
#3794 = ORIENTED_EDGE ( 'NONE', *, *, #5539, .F. ) ;
#3795 = EDGE_CURVE ( 'NONE', #2258, #886, #5302, .T. ) ;
#3796 = EDGE_LOOP ( 'NONE', ( #3731, #330, #5930, #4285 ) ) ;
#3797 = ORIENTED_EDGE ( 'NONE', *, *, #5365, .T. ) ;
#3798 = EDGE_CURVE ( 'NONE', #3452, #2864, #6121, .T. ) ;
#3799 = CARTESIAN_POINT ( 'NONE',  ( 19.19999999805115100, 6.603923229867603200, 2.500000000000000000 ) ) ;
#3800 = VERTEX_POINT ( 'NONE', #4977 ) ;
#3801 = EDGE_CURVE ( 'NONE', #4360, #5627, #3594, .T. ) ;
#3802 = PLANE ( 'NONE',  #4110 ) ;
#3803 = ADVANCED_FACE ( 'NONE', ( #849, #4723 ), #1474, .F. ) ;
#3804 = DIRECTION ( 'NONE',  ( -0.0000000000000000000, -0.0000000000000000000, -1.000000000000000000 ) ) ;
#3805 = DIRECTION ( 'NONE',  ( 0.01270550061225474700, 0.9999192818693877200, 0.0000000000000000000 ) ) ;
#3806 = VERTEX_POINT ( 'NONE', #2505 ) ;
#3807 = FACE_OUTER_BOUND ( 'NONE', #6367, .T. ) ;
#3808 = CYLINDRICAL_SURFACE ( 'NONE', #1908, 1.249999999998790300 ) ;
#3809 = LINE ( 'NONE', #756, #6175 ) ;
#3810 = ORIENTED_EDGE ( 'NONE', *, *, #2678, .T. ) ;
#3811 = DIRECTION ( 'NONE',  ( 1.000000000000000000, -7.309538116125158200E-015, 0.0000000000000000000 ) ) ;
#3812 = VERTEX_POINT ( 'NONE', #4999 ) ;
#3813 = CARTESIAN_POINT ( 'NONE',  ( 15.70564659430953600, -13.63572638207688900, 2.500000000000000000 ) ) ;
#3814 = CARTESIAN_POINT ( 'NONE',  ( 13.65426593244120400, 23.02426634344688200, -2.500000000000000000 ) ) ;
#3815 = VECTOR ( 'NONE', #1747, 1000.000000000000000 ) ;
#3816 = CARTESIAN_POINT ( 'NONE',  ( -16.40000000215205500, -11.34522402732296900, 2.500000000000000000 ) ) ;
#3817 = VECTOR ( 'NONE', #1410, 1000.000000000000000 ) ;
#3818 = CARTESIAN_POINT ( 'NONE',  ( -17.10000000081374000, -7.804015668233099700, 2.500000000000000000 ) ) ;
#3819 = ORIENTED_EDGE ( 'NONE', *, *, #4303, .T. ) ;
#3820 = CIRCLE ( 'NONE', #2194, 0.4999999996847769300 ) ;
#3821 = CARTESIAN_POINT ( 'NONE',  ( 19.68651551726444600, -7.846338741309435400, 2.500000000000000000 ) ) ;
#3822 = FACE_OUTER_BOUND ( 'NONE', #1281, .T. ) ;
#3823 = CARTESIAN_POINT ( 'NONE',  ( -21.70000000021520500, -14.66549868070125000, -2.299999999999999400 ) ) ;
#3824 = LINE ( 'NONE', #5056, #3515 ) ;
#3825 = FACE_OUTER_BOUND ( 'NONE', #2398, .T. ) ;
#3826 = ADVANCED_FACE ( 'NONE', ( #2068 ), #5820, .F. ) ;
#3827 = EDGE_CURVE ( 'NONE', #2696, #5887, #712, .T. ) ;
#3828 = VECTOR ( 'NONE', #4052, 1000.000000000000100 ) ;
#3829 = DIRECTION ( 'NONE',  ( -1.000000000000000000, 0.0000000000000000000, 0.0000000000000000000 ) ) ;
#3830 = LINE ( 'NONE', #3680, #6196 ) ;
#3831 = PRESENTATION_LAYER_ASSIGNMENT (  '', '', ( #3499 ) ) ;
#3832 = ORIENTED_EDGE ( 'NONE', *, *, #2153, .F. ) ;
#3833 = ORIENTED_EDGE ( 'NONE', *, *, #4234, .T. ) ;
#3834 = DIRECTION ( 'NONE',  ( -0.0000000000000000000, -0.0000000000000000000, 1.000000000000000000 ) ) ;
#3835 = CYLINDRICAL_SURFACE ( 'NONE', #2770, 9.999999997365286200 ) ;
#3836 = CARTESIAN_POINT ( 'NONE',  ( -16.10000000194025600, -7.804015668233099700, 2.500000000000000000 ) ) ;
#3837 = DIRECTION ( 'NONE',  ( 1.000000000000000000, 3.754957844866309200E-013, 0.0000000000000000000 ) ) ;
#3838 = DIRECTION ( 'NONE',  ( -1.000000000000000000, 0.0000000000000000000, 0.0000000000000000000 ) ) ;
#3839 = AXIS2_PLACEMENT_3D ( 'NONE', #264, #256, #239 ) ;
#3840 = ORIENTED_EDGE ( 'NONE', *, *, #146, .F. ) ;
#3841 = ORIENTED_EDGE ( 'NONE', *, *, #145, .T. ) ;
#3842 = LINE ( 'NONE', #1558, #5117 ) ;
#3843 = VERTEX_POINT ( 'NONE', #515 ) ;
#3844 = ORIENTED_EDGE ( 'NONE', *, *, #1596, .T. ) ;
#3845 = FACE_OUTER_BOUND ( 'NONE', #3934, .T. ) ;
#3846 = ORIENTED_EDGE ( 'NONE', *, *, #2203, .T. ) ;
#3847 = VERTEX_POINT ( 'NONE', #2529 ) ;
#3848 = EDGE_CURVE ( 'NONE', #673, #3386, #4573, .T. ) ;
#3849 = VECTOR ( 'NONE', #2438, 1000.000000000000000 ) ;
#3850 = EDGE_CURVE ( 'NONE', #1454, #111, #3428, .T. ) ;
#3851 = DIRECTION ( 'NONE',  ( -0.8660254037844521400, -0.4999999999999766900, 0.0000000000000000000 ) ) ;
#3852 = VERTEX_POINT ( 'NONE', #3568 ) ;
#3853 = CARTESIAN_POINT ( 'NONE',  ( -21.80347806354224000, -15.47136618964875700, -2.299999999999999400 ) ) ;
#3854 = CARTESIAN_POINT ( 'NONE',  ( -22.30000000017734500, -13.50401566570124400, -2.500000000000000000 ) ) ;
#3855 = DIRECTION ( 'NONE',  ( -0.0000000000000000000, -0.0000000000000000000, -1.000000000000000000 ) ) ;
#3856 = ADVANCED_FACE ( 'NONE', ( #3889 ), #3122, .T. ) ;
#3857 = FILL_AREA_STYLE ('',( #2811 ) ) ;
#3858 = ORIENTED_EDGE ( 'NONE', *, *, #5699, .F. ) ;
#3859 = EDGE_LOOP ( 'NONE', ( #4590, #4515, #424, #3931 ) ) ;
#3860 = ORIENTED_EDGE ( 'NONE', *, *, #3632, .T. ) ;
#3861 = VERTEX_POINT ( 'NONE', #4563 ) ;
#3862 = EDGE_CURVE ( 'NONE', #633, #3608, #1896, .T. ) ;
#3863 = VERTEX_POINT ( 'NONE', #4084 ) ;
#3864 = ORIENTED_EDGE ( 'NONE', *, *, #5799, .T. ) ;
#3865 = PRESENTATION_STYLE_ASSIGNMENT (( #4349 ) ) ;
#3866 = ADVANCED_FACE ( 'NONE', ( #4411 ), #1023, .F. ) ;
#3867 = EDGE_CURVE ( 'NONE', #1493, #794, #379, .T. ) ;
#3868 = PLANE ( 'NONE',  #1251 ) ;
#3869 = ORIENTED_EDGE ( 'NONE', *, *, #1942, .T. ) ;
#3870 = DIRECTION ( 'NONE',  ( 0.4999999999999785700, 0.8660254037844510300, 0.0000000000000000000 ) ) ;
#3871 = CIRCLE ( 'NONE', #4915, 2.000000000000000400 ) ;
#3872 = FACE_OUTER_BOUND ( 'NONE', #5057, .T. ) ;
#3873 = AXIS2_PLACEMENT_3D ( 'NONE', #1677, #3232, #151 ) ;
#3874 = DIRECTION ( 'NONE',  ( -1.000000000000000000, -0.0000000000000000000, -0.0000000000000000000 ) ) ;
#3875 = VERTEX_POINT ( 'NONE', #1053 ) ;
#3876 = AXIS2_PLACEMENT_3D ( 'NONE', #1553, #3590, #5038 ) ;
#3877 = LINE ( 'NONE', #2929, #6241 ) ;
#3878 = CYLINDRICAL_SURFACE ( 'NONE', #1481, 18.23354649640247500 ) ;
#3879 = VERTEX_POINT ( 'NONE', #5063 ) ;
#3880 = ORIENTED_EDGE ( 'NONE', *, *, #3371, .T. ) ;
#3881 = ORIENTED_EDGE ( 'NONE', *, *, #2353, .T. ) ;
#3882 = VECTOR ( 'NONE', #3630, 1000.000000000000000 ) ;
#3883 = ORIENTED_EDGE ( 'NONE', *, *, #1831, .T. ) ;
#3884 = CARTESIAN_POINT ( 'NONE',  ( 20.24999999895830900, 1.428256051882032600, 1.548643494635817200 ) ) ;
#3885 = ADVANCED_FACE ( 'NONE', ( #5530 ), #1586, .T. ) ;
#3886 = VECTOR ( 'NONE', #5252, 1000.000000000000000 ) ;
#3887 = EDGE_CURVE ( 'NONE', #5915, #3235, #4272, .T. ) ;
#3888 = ADVANCED_FACE ( 'NONE', ( #5680 ), #2775, .F. ) ;
#3889 = FACE_OUTER_BOUND ( 'NONE', #2427, .T. ) ;
#3890 = LINE ( 'NONE', #4025, #1019 ) ;
#3891 = DIRECTION ( 'NONE',  ( -0.0000000000000000000, -0.0000000000000000000, -1.000000000000000000 ) ) ;
#3892 = CARTESIAN_POINT ( 'NONE',  ( 18.92827819273239200, 13.88940914888079800, 2.500000000000000000 ) ) ;
#3893 = AXIS2_PLACEMENT_3D ( 'NONE', #4003, #949, #4485 ) ;
#3894 = CARTESIAN_POINT ( 'NONE',  ( -15.29999999999405900, -11.90364120424378800, -2.500000000000000000 ) ) ;
#3895 = LINE ( 'NONE', #6094, #5022 ) ;
#3896 = EDGE_CURVE ( 'NONE', #2657, #3402, #226, .T. ) ;
#3897 = LINE ( 'NONE', #1794, #2227 ) ;
#3898 = EDGE_CURVE ( 'NONE', #2696, #6151, #2926, .T. ) ;
#3899 = CARTESIAN_POINT ( 'NONE',  ( 19.19999999805115100, 6.603923229867603200, -1.892449632278471200 ) ) ;
#3900 = ORIENTED_EDGE ( 'NONE', *, *, #3458, .T. ) ;
#3901 = ADVANCED_FACE ( 'NONE', ( #1404 ), #1255, .F. ) ;
#3902 = LINE ( 'NONE', #2209, #6421 ) ;
#3903 = EDGE_CURVE ( 'NONE', #5550, #3623, #5233, .T. ) ;
#3904 = LINE ( 'NONE', #3427, #5033 ) ;
#3905 = DIRECTION ( 'NONE',  ( -0.8660254037843527800, -0.5000000000001487700, 0.0000000000000000000 ) ) ;
#3906 = VERTEX_POINT ( 'NONE', #607 ) ;
#3907 = EDGE_CURVE ( 'NONE', #5723, #433, #6355, .T. ) ;
#3908 = ORIENTED_EDGE ( 'NONE', *, *, #2973, .T. ) ;
#3909 = VECTOR ( 'NONE', #2111, 1000.000000000000000 ) ;
#3910 = ORIENTED_EDGE ( 'NONE', *, *, #5902, .F. ) ;
#3911 = AXIS2_PLACEMENT_3D ( 'NONE', #3715, #4683, #1120 ) ;
#3912 = VERTEX_POINT ( 'NONE', #4167 ) ;
#3913 = ORIENTED_EDGE ( 'NONE', *, *, #602, .T. ) ;
#3914 = DIRECTION ( 'NONE',  ( -0.0000000000000000000, -0.0000000000000000000, 1.000000000000000000 ) ) ;
#3915 = ORIENTED_EDGE ( 'NONE', *, *, #4812, .F. ) ;
#3916 = CARTESIAN_POINT ( 'NONE',  ( -18.98045816164531600, 13.91953526797897900, 2.500000000000000000 ) ) ;
#3917 = CARTESIAN_POINT ( 'NONE',  ( -13.70644590135413000, 23.05439246254506000, -2.500000000000000000 ) ) ;
#3918 = DIRECTION ( 'NONE',  ( -1.000000000000000000, 0.0000000000000000000, 0.0000000000000000000 ) ) ;
#3919 = ADVANCED_FACE ( 'NONE', ( #2629 ), #3654, .F. ) ;
#3920 = DIRECTION ( 'NONE',  ( -0.0000000000000000000, -0.0000000000000000000, -1.000000000000000000 ) ) ;
#3921 = VERTEX_POINT ( 'NONE', #2134 ) ;
#3922 = DIRECTION ( 'NONE',  ( 0.6560590293043456800, -0.7547095799499564700, 0.0000000000000000000 ) ) ;
#3923 = EDGE_LOOP ( 'NONE', ( #491, #5654, #3544, #4471 ) ) ;
#3924 = CARTESIAN_POINT ( 'NONE',  ( -14.39990571184791600, -6.804015669358979500, 2.500000000000000000 ) ) ;
#3925 = LINE ( 'NONE', #4366, #2412 ) ;
#3926 = ADVANCED_FACE ( 'NONE', ( #1093 ), #6186, .T. ) ;
#3927 = EDGE_LOOP ( 'NONE', ( #3545, #3015, #2192, #4535 ) ) ;
#3928 = CARTESIAN_POINT ( 'NONE',  ( 20.23718822636886500, 13.63360519617082500, -2.500000000000000000 ) ) ;
#3929 = DIRECTION ( 'NONE',  ( 1.765913276658659300E-015, -1.000000000000000000, 0.0000000000000000000 ) ) ;
#3930 = LINE ( 'NONE', #953, #1365 ) ;
#3931 = ORIENTED_EDGE ( 'NONE', *, *, #3297, .T. ) ;
#3932 = ADVANCED_FACE ( 'NONE', ( #6324 ), #3669, .F. ) ;
#3933 = ORIENTED_EDGE ( 'NONE', *, *, #2191, .F. ) ;
#3934 = EDGE_LOOP ( 'NONE', ( #2399, #3382, #4736, #4554, #690, #3153, #191 ) ) ;
#3935 = ORIENTED_EDGE ( 'NONE', *, *, #6136, .F. ) ;
#3936 = CARTESIAN_POINT ( 'NONE',  ( 20.85680346795556500, 13.76040011539267000, -2.500000000000000000 ) ) ;
#3937 = DIRECTION ( 'NONE',  ( -0.0000000000000000000, -0.0000000000000000000, -1.000000000000000000 ) ) ;
#3938 = VERTEX_POINT ( 'NONE', #4673 ) ;
#3939 = DIRECTION ( 'NONE',  ( 0.5000000000109918700, -0.8660254037780925600, 0.0000000000000000000 ) ) ;
#3940 = DIRECTION ( 'NONE',  ( -0.4999999999999744100, -0.8660254037844533600, 0.0000000000000000000 ) ) ;
#3941 = PLANE ( 'NONE',  #1073 ) ;
#3942 = CARTESIAN_POINT ( 'NONE',  ( 19.96195718067141600, 14.11031935113915400, -2.500000000000000000 ) ) ;
#3943 = EDGE_CURVE ( 'NONE', #4639, #3191, #3820, .T. ) ;
#3944 = CARTESIAN_POINT ( 'NONE',  ( 0.0000000000000000000, 0.0000000000000000000, 0.7500000000000000000 ) ) ;
#3945 = ORIENTED_EDGE ( 'NONE', *, *, #5266, .T. ) ;
#3946 = EDGE_CURVE ( 'NONE', #2701, #2573, #2458, .T. ) ;
#3947 = FACE_OUTER_BOUND ( 'NONE', #5581, .T. ) ;
#3948 = FACE_OUTER_BOUND ( 'NONE', #5878, .T. ) ;
#3949 = DIRECTION ( 'NONE',  ( -0.06601162961808539100, 0.9978188536779432100, 0.0000000000000000000 ) ) ;
#3950 = LINE ( 'NONE', #3799, #6313 ) ;
#3951 = ADVANCED_FACE ( 'NONE', ( #6048 ), #4463, .F. ) ;
#3952 = ORIENTED_EDGE ( 'NONE', *, *, #1278, .F. ) ;
#3953 = ORIENTED_EDGE ( 'NONE', *, *, #1240, .F. ) ;
#3954 = DIRECTION ( 'NONE',  ( -1.000000000000000000, 7.309538116125158200E-015, 0.0000000000000000000 ) ) ;
#3955 = AXIS2_PLACEMENT_3D ( 'NONE', #3719, #662, #4200 ) ;
#3956 = CIRCLE ( 'NONE', #2750, 0.2999999996985205900 ) ;
#3957 = DIRECTION ( 'NONE',  ( -1.000000000000000000, 0.0000000000000000000, -0.0000000000000000000 ) ) ;
#3958 = VECTOR ( 'NONE', #4895, 1000.000000000000200 ) ;
#3959 = CARTESIAN_POINT ( 'NONE',  ( -16.20000000215205200, -11.70364120133965200, 2.500000000000000000 ) ) ;
#3960 = ORIENTED_EDGE ( 'NONE', *, *, #2757, .T. ) ;
#3961 = DIRECTION ( 'NONE',  ( 0.8660254037844488100, -0.4999999999999823500, 0.0000000000000000000 ) ) ;
#3962 = VECTOR ( 'NONE', #1622, 1000.000000000000200 ) ;
#3963 = VECTOR ( 'NONE', #713, 1000.000000000000000 ) ;
#3964 = CARTESIAN_POINT ( 'NONE',  ( -16.80598380949233600, 17.68583532566359300, 2.500000000000000000 ) ) ;
#3965 = DIRECTION ( 'NONE',  ( 0.0000000000000000000, 0.0000000000000000000, 1.000000000000000000 ) ) ;
#3966 = DIRECTION ( 'NONE',  ( 0.9969477838489077000, 0.07807122567727320400, 0.0000000000000000000 ) ) ;
#3967 = EDGE_CURVE ( 'NONE', #3730, #2351, #4934, .T. ) ;
#3968 = FACE_OUTER_BOUND ( 'NONE', #50, .T. ) ;
#3969 = VECTOR ( 'NONE', #1215, 1000.000000000000000 ) ;
#3970 = EDGE_CURVE ( 'NONE', #2362, #5812, #4787, .T. ) ;
#3971 = FACE_OUTER_BOUND ( 'NONE', #5516, .T. ) ;
#3972 = CARTESIAN_POINT ( 'NONE',  ( -20.72020092779813200, 13.79700265571189800, -2.500000000000000000 ) ) ;
#3973 = CIRCLE ( 'NONE', #3767, 0.9999999988734819000 ) ;
#3974 = DIRECTION ( 'NONE',  ( 7.309538116125158200E-015, 1.000000000000000000, -0.0000000000000000000 ) ) ;
#3975 = VERTEX_POINT ( 'NONE', #6352 ) ;
#3976 = DIRECTION ( 'NONE',  ( -0.0000000000000000000, -0.0000000000000000000, -1.000000000000000000 ) ) ;
#3977 = ORIENTED_EDGE ( 'NONE', *, *, #5895, .T. ) ;
#3978 = DIRECTION ( 'NONE',  ( 2.409257427401266800E-016, -1.000000000000000000, 0.0000000000000000000 ) ) ;
#3979 = FACE_OUTER_BOUND ( 'NONE', #5789, .T. ) ;
#3980 = EDGE_CURVE ( 'NONE', #1357, #2734, #2149, .T. ) ;
#3981 = DIRECTION ( 'NONE',  ( -0.8660254037844401500, -0.4999999999999974500, 0.0000000000000000000 ) ) ;
#3982 = ADVANCED_FACE ( 'NONE', ( #5096 ), #3357, .F. ) ;
#3983 = CARTESIAN_POINT ( 'NONE',  ( 18.20540227523570200, -14.95874432905403000, 2.500000000000000000 ) ) ;
#3984 = EDGE_CURVE ( 'NONE', #2791, #807, #5899, .T. ) ;
#3985 = ORIENTED_EDGE ( 'NONE', *, *, #1291, .T. ) ;
#3986 = DIRECTION ( 'NONE',  ( -0.6560590293041098600, -0.7547095799501615200, 0.0000000000000000000 ) ) ;
#3987 = EDGE_LOOP ( 'NONE', ( #5742, #6111, #6245, #3140 ) ) ;
#3988 = DIRECTION ( 'NONE',  ( -8.680918968391333600E-015, -1.000000000000000000, 0.0000000000000000000 ) ) ;
#3989 = LINE ( 'NONE', #4544, #2653 ) ;
#3990 = EDGE_CURVE ( 'NONE', #4767, #2116, #932, .T. ) ;
#3991 = ORIENTED_EDGE ( 'NONE', *, *, #1862, .F. ) ;
#3992 = ORIENTED_EDGE ( 'NONE', *, *, #5739, .F. ) ;
#3993 = FACE_OUTER_BOUND ( 'NONE', #5321, .T. ) ;
#3994 = AXIS2_PLACEMENT_3D ( 'NONE', #2474, #3514, #446 ) ;
#3995 = VERTEX_POINT ( 'NONE', #2519 ) ;
#3996 = VERTEX_POINT ( 'NONE', #4026 ) ;
#3997 = PLANE ( 'NONE',  #2654 ) ;
#3998 = CARTESIAN_POINT ( 'NONE',  ( 14.08718822782419800, 24.28571766019937800, -2.500000000000000000 ) ) ;
#3999 = AXIS2_PLACEMENT_3D ( 'NONE', #903, #4447, #1415 ) ;
#4000 = DIRECTION ( 'NONE',  ( 1.000000000000000000, -1.445602896647335600E-015, 0.0000000000000000000 ) ) ;
#4001 = CARTESIAN_POINT ( 'NONE',  ( 16.75380384057941200, 17.65570920656541200, -2.500000000000000000 ) ) ;
#4002 = FACE_OUTER_BOUND ( 'NONE', #86, .T. ) ;
#4003 = CARTESIAN_POINT ( 'NONE',  ( 14.19462856805785800, 24.69962553152921100, -2.500000000000000000 ) ) ;
#4004 = CARTESIAN_POINT ( 'NONE',  ( -17.10000000081374000, -7.804015668233099700, 2.500000000000000000 ) ) ;
#4005 = CARTESIAN_POINT ( 'NONE',  ( 20.99999999895848300, -3.251124523280756400, 2.500000000000000000 ) ) ;
#4006 = CARTESIAN_POINT ( 'NONE',  ( -27.95583320798447600, -8.967787745135785500, 2.500000000000000000 ) ) ;
#4007 = ORIENTED_EDGE ( 'NONE', *, *, #3249, .T. ) ;
#4008 = ORIENTED_EDGE ( 'NONE', *, *, #993, .T. ) ;
#4009 = DIRECTION ( 'NONE',  ( 0.0000000000000000000, 0.0000000000000000000, 1.000000000000000000 ) ) ;
#4010 = ORIENTED_EDGE ( 'NONE', *, *, #2067, .F. ) ;
#4011 = CARTESIAN_POINT ( 'NONE',  ( 18.35575276356144100, 15.00155675722285900, 2.500000000000000000 ) ) ;
#4012 = DIRECTION ( 'NONE',  ( 0.8660254037844529200, -0.4999999999999752400, 0.0000000000000000000 ) ) ;
#4013 = CARTESIAN_POINT ( 'NONE',  ( -17.90000000020996400, -7.603811136592255200, 2.500000000000000000 ) ) ;
#4014 = VERTEX_POINT ( 'NONE', #5942 ) ;
#4015 = EDGE_CURVE ( 'NONE', #3230, #4523, #4490, .T. ) ;
#4016 = ORIENTED_EDGE ( 'NONE', *, *, #1416, .T. ) ;
#4017 = ORIENTED_EDGE ( 'NONE', *, *, #1508, .T. ) ;
#4018 = DIRECTION ( 'NONE',  ( 0.0000000000000000000, 0.0000000000000000000, 1.000000000000000000 ) ) ;
#4019 = ADVANCED_FACE ( 'NONE', ( #5753 ), #5456, .F. ) ;
#4020 = EDGE_CURVE ( 'NONE', #5745, #6373, #470, .T. ) ;
#4021 = ORIENTED_EDGE ( 'NONE', *, *, #3980, .F. ) ;
#4022 = ORIENTED_EDGE ( 'NONE', *, *, #6301, .T. ) ;
#4023 = EDGE_CURVE ( 'NONE', #2998, #4933, #1826, .T. ) ;
#4024 = DIRECTION ( 'NONE',  ( -0.0000000000000000000, -0.0000000000000000000, -1.000000000000000000 ) ) ;
#4025 = CARTESIAN_POINT ( 'NONE',  ( -20.99999999895844700, 12.48269861298670900, 2.500000000000000000 ) ) ;
#4026 = CARTESIAN_POINT ( 'NONE',  ( 3.150000002174445400, 21.35528796400980800, -2.500000000000000000 ) ) ;
#4027 = CARTESIAN_POINT ( 'NONE',  ( -14.33115129943800300, 21.97237097330118500, 2.500000000000000000 ) ) ;
#4028 = EDGE_CURVE ( 'NONE', #6014, #1930, #4653, .T. ) ;
#4029 = DIRECTION ( 'NONE',  ( 0.0000000000000000000, 0.0000000000000000000, 1.000000000000000000 ) ) ;
#4030 = ORIENTED_EDGE ( 'NONE', *, *, #3575, .T. ) ;
#4031 = LINE ( 'NONE', #177, #6390 ) ;
#4032 = LINE ( 'NONE', #5324, #285 ) ;
#4033 = PLANE ( 'NONE',  #5768 ) ;
#4034 = VERTEX_POINT ( 'NONE', #4553 ) ;
#4035 = DIRECTION ( 'NONE',  ( 3.214049404976714400E-016, -1.000000000000000000, 0.0000000000000000000 ) ) ;
#4036 = LINE ( 'NONE', #4891, #2531 ) ;
#4037 = CYLINDRICAL_SURFACE ( 'NONE', #469, 0.2999999996987374200 ) ;
#4038 = ORIENTED_EDGE ( 'NONE', *, *, #6054, .F. ) ;
#4039 = DIRECTION ( 'NONE',  ( -0.0000000000000000000, -0.0000000000000000000, -1.000000000000000000 ) ) ;
#4040 = ORIENTED_EDGE ( 'NONE', *, *, #1449, .F. ) ;
#4041 = DIRECTION ( 'NONE',  ( -0.0000000000000000000, -0.0000000000000000000, -1.000000000000000000 ) ) ;
#4042 = VECTOR ( 'NONE', #5055, 1000.000000000000100 ) ;
#4043 = ORIENTED_EDGE ( 'NONE', *, *, #4561, .F. ) ;
#4044 = LINE ( 'NONE', #4287, #299 ) ;
#4045 = DIRECTION ( 'NONE',  ( 0.0000000000000000000, 0.0000000000000000000, 1.000000000000000000 ) ) ;
#4046 = CARTESIAN_POINT ( 'NONE',  ( -19.49959095023150700, -12.57044518914671200, 2.500000000000000000 ) ) ;
#4047 = CARTESIAN_POINT ( 'NONE',  ( 19.68651551726444600, -7.846338741309435400, 0.7500000000000000000 ) ) ;
#4048 = FACE_OUTER_BOUND ( 'NONE', #2493, .T. ) ;
#4049 = DIRECTION ( 'NONE',  ( -0.8660254037844564700, 0.4999999999999691900, 0.0000000000000000000 ) ) ;
#4050 = LINE ( 'NONE', #1957, #2707 ) ;
#4051 = CYLINDRICAL_SURFACE ( 'NONE', #4263, 0.09999999983821041000 ) ;
#4052 = DIRECTION ( 'NONE',  ( -0.4999999999999766300, -0.8660254037844520300, 0.0000000000000000000 ) ) ;
#4053 = LINE ( 'NONE', #2271, #2710 ) ;
#4054 = CARTESIAN_POINT ( 'NONE',  ( 17.46195718165978400, 18.44044636834895100, 2.500000000000000000 ) ) ;
#4055 = CARTESIAN_POINT ( 'NONE',  ( 4.150000002045662700, 22.48800528677813700, -2.299999999999999400 ) ) ;
#4056 = CARTESIAN_POINT ( 'NONE',  ( -21.27082858658739500, -15.47136618964875700, -2.299999999999999400 ) ) ;
#4057 = EDGE_CURVE ( 'NONE', #4193, #5403, #4345, .T. ) ;
#4058 = LINE ( 'NONE', #6120, #1191 ) ;
#4059 = ORIENTED_EDGE ( 'NONE', *, *, #2603, .F. ) ;
#4060 = EDGE_CURVE ( 'NONE', #3975, #5552, #1670, .T. ) ;
#4061 = CARTESIAN_POINT ( 'NONE',  ( -16.50000000185057300, -12.00364120103817500, -2.500000000000000000 ) ) ;
#4062 = CIRCLE ( 'NONE', #2304, 0.1999999999999987900 ) ;
#4063 = DIRECTION ( 'NONE',  ( 0.8660254037844521400, -0.4999999999999766900, 0.0000000000000000000 ) ) ;
#4064 = ORIENTED_EDGE ( 'NONE', *, *, #4157, .F. ) ;
#4065 = ORIENTED_EDGE ( 'NONE', *, *, #1822, .F. ) ;
#4066 = ORIENTED_EDGE ( 'NONE', *, *, #2311, .F. ) ;
#4067 = VECTOR ( 'NONE', #3638, 1000.000000000000000 ) ;
#4068 = CARTESIAN_POINT ( 'NONE',  ( -18.69979416272441200, -7.601762011296004900, 2.500000000000000000 ) ) ;
#4069 = ORIENTED_EDGE ( 'NONE', *, *, #4737, .T. ) ;
#4070 = DIRECTION ( 'NONE',  ( -0.0000000000000000000, -0.0000000000000000000, -1.000000000000000000 ) ) ;
#4071 = DIRECTION ( 'NONE',  ( -0.0000000000000000000, -0.0000000000000000000, -1.000000000000000000 ) ) ;
#4072 = DIRECTION ( 'NONE',  ( -0.0000000000000000000, -0.0000000000000000000, -1.000000000000000000 ) ) ;
#4073 = DIRECTION ( 'NONE',  ( 0.0000000000000000000, -0.0000000000000000000, 1.000000000000000000 ) ) ;
#4074 = ORIENTED_EDGE ( 'NONE', *, *, #1596, .F. ) ;
#4075 = ORIENTED_EDGE ( 'NONE', *, *, #6189, .F. ) ;
#4076 = EDGE_CURVE ( 'NONE', #3875, #966, #5612, .T. ) ;
#4077 = EDGE_LOOP ( 'NONE', ( #294, #1821, #2958, #6347 ) ) ;
#4078 = DIRECTION ( 'NONE',  ( -0.4999999999999667500, 0.8660254037844578000, -0.0000000000000000000 ) ) ;
#4079 = DIRECTION ( 'NONE',  ( 0.4999999999999773500, 0.8660254037844518100, 0.0000000000000000000 ) ) ;
#4080 = DIRECTION ( 'NONE',  ( -0.0000000000000000000, -0.0000000000000000000, -1.000000000000000000 ) ) ;
#4081 = EDGE_LOOP ( 'NONE', ( #1818, #6091, #974, #6183 ) ) ;
#4082 = CARTESIAN_POINT ( 'NONE',  ( 11.74999999895831800, 11.63392459979423100, 1.565301008999729700 ) ) ;
#4083 = CARTESIAN_POINT ( 'NONE',  ( 17.37850923866328400, 16.57368771732153300, 2.500000000000000000 ) ) ;
#4084 = CARTESIAN_POINT ( 'NONE',  ( 14.47020092941525800, 24.62232020021711400, -2.500000000000000000 ) ) ;
#4085 = VECTOR ( 'NONE', #5752, 1000.000000000000000 ) ;
#4086 = AXIS2_PLACEMENT_3D ( 'NONE', #516, #295, #309 ) ;
#4087 = VERTEX_POINT ( 'NONE', #547 ) ;
#4088 = PLANE ( 'NONE',  #6369 ) ;
#4089 = AXIS2_PLACEMENT_3D ( 'NONE', #6307, #3467, #392 ) ;
#4090 = VECTOR ( 'NONE', #422, 1000.000000000000100 ) ;
#4091 = ORIENTED_EDGE ( 'NONE', *, *, #1471, .T. ) ;
#4092 = DIRECTION ( 'NONE',  ( -1.000000000000000000, 0.0000000000000000000, 0.0000000000000000000 ) ) ;
#4093 = AXIS2_PLACEMENT_3D ( 'NONE', #1870, #5802, #2889 ) ;
#4094 = CARTESIAN_POINT ( 'NONE',  ( -21.80347806354224000, -15.47136618964875700, -2.299999999999999400 ) ) ;
#4095 = ORIENTED_EDGE ( 'NONE', *, *, #6206, .F. ) ;
#4096 = DIRECTION ( 'NONE',  ( 0.4999999999999764600, 0.8660254037844523600, 0.0000000000000000000 ) ) ;
#4097 = CARTESIAN_POINT ( 'NONE',  ( -16.86241927253320600, 19.47887648802062800, 2.500000000000000000 ) ) ;
#4098 = CARTESIAN_POINT ( 'NONE',  ( -17.46195718165985900, 18.44044636834958000, -2.500000000000000000 ) ) ;
#4099 = ORIENTED_EDGE ( 'NONE', *, *, #1833, .T. ) ;
#4100 = DIRECTION ( 'NONE',  ( -1.000000000000000000, 0.0000000000000000000, 0.0000000000000000000 ) ) ;
#4101 = VERTEX_POINT ( 'NONE', #3096 ) ;
#4102 = DIRECTION ( 'NONE',  ( 0.9969477838489077000, 0.07807122567727320400, 0.0000000000000000000 ) ) ;
#4103 = DIRECTION ( 'NONE',  ( -0.8660254037844242700, 0.5000000000000247600, 0.0000000000000000000 ) ) ;
#4104 = CARTESIAN_POINT ( 'NONE',  ( 19.96195718067141600, 14.11031935113915400, -2.500000000000000000 ) ) ;
#4105 = EDGE_CURVE ( 'NONE', #2422, #6247, #5298, .T. ) ;
#4106 = CARTESIAN_POINT ( 'NONE',  ( -20.69999999925993400, 13.43199169057949400, -2.500000000000000000 ) ) ;
#4107 = EDGE_LOOP ( 'NONE', ( #3641, #3273, #3358, #5106 ) ) ;
#4108 = VECTOR ( 'NONE', #606, 1000.000000000000000 ) ;
#4109 = LINE ( 'NONE', #3043, #5218 ) ;
#4110 = AXIS2_PLACEMENT_3D ( 'NONE', #743, #1241, #4762 ) ;
#4111 = EDGE_CURVE ( 'NONE', #6278, #1211, #5449, .T. ) ;
#4112 = EDGE_CURVE ( 'NONE', #4911, #3646, #2700, .T. ) ;
#4113 = DIRECTION ( 'NONE',  ( 0.0000000000000000000, 0.0000000000000000000, 1.000000000000000000 ) ) ;
#4114 = CARTESIAN_POINT ( 'NONE',  ( -10.35797482499406300, -11.90364120424378800, 2.500000000000000000 ) ) ;
#4115 = DIRECTION ( 'NONE',  ( -1.000000000000000000, 7.309538116125158200E-015, -0.0000000000000000000 ) ) ;
#4116 = CARTESIAN_POINT ( 'NONE',  ( -29.19999999541644400, 6.603923229867603200, 2.500000000000000000 ) ) ;
#4117 = LINE ( 'NONE', #198, #56 ) ;
#4118 = ORIENTED_EDGE ( 'NONE', *, *, #824, .T. ) ;
#4119 = CARTESIAN_POINT ( 'NONE',  ( -14.47020092941525200, 24.62232020021712100, 2.500000000000000000 ) ) ;
#4120 = EDGE_CURVE ( 'NONE', #6090, #5348, #2847, .T. ) ;
#4121 = ORIENTED_EDGE ( 'NONE', *, *, #3718, .T. ) ;
#4122 = VECTOR ( 'NONE', #855, 1000.000000000000000 ) ;
#4123 = EDGE_CURVE ( 'NONE', #3938, #26, #1324, .T. ) ;
#4124 = CARTESIAN_POINT ( 'NONE',  ( -14.36241927352164900, 23.80900350523104700, 2.500000000000000000 ) ) ;
#4125 = CARTESIAN_POINT ( 'NONE',  ( -9.027849400102658400, -9.198709580215531600, 2.500000000000000000 ) ) ;
#4126 = DIRECTION ( 'NONE',  ( -0.0000000000000000000, -0.0000000000000000000, 1.000000000000000000 ) ) ;
#4127 = ORIENTED_EDGE ( 'NONE', *, *, #1808, .F. ) ;
#4128 = FACE_OUTER_BOUND ( 'NONE', #1287, .T. ) ;
#4129 = DIRECTION ( 'NONE',  ( 0.3420201433408672800, -0.9396926207803765200, -0.0000000000000000000 ) ) ;
#4130 = ORIENTED_EDGE ( 'NONE', *, *, #4375, .T. ) ;
#4131 = LINE ( 'NONE', #614, #2779 ) ;
#4132 = VECTOR ( 'NONE', #2498, 1000.000000000000100 ) ;
#4133 = FACE_OUTER_BOUND ( 'NONE', #1141, .T. ) ;
#4134 = DIRECTION ( 'NONE',  ( 0.002562057422906024000, 0.9999967179254948300, 0.0000000000000000000 ) ) ;
#4135 = DIRECTION ( 'NONE',  ( 0.2588190450641229000, -0.9659258262993569700, 0.0000000000000000000 ) ) ;
#4136 = DIRECTION ( 'NONE',  ( -0.0000000000000000000, -0.0000000000000000000, -1.000000000000000000 ) ) ;
#4137 = CARTESIAN_POINT ( 'NONE',  ( 18.50167583793475900, -15.00364120459714600, 2.500000000000000000 ) ) ;
#4138 = VECTOR ( 'NONE', #5419, 1000.000000000000000 ) ;
#4139 = CARTESIAN_POINT ( 'NONE',  ( -18.96961294896893300, -16.49504807949889000, 2.500000000000000000 ) ) ;
#4140 = CARTESIAN_POINT ( 'NONE',  ( 3.400000002045662700, 23.46300528677814200, -2.299999999999999400 ) ) ;
#4141 = DIRECTION ( 'NONE',  ( 0.0000000000000000000, -1.000000000000000000, 0.0000000000000000000 ) ) ;
#4142 = FACE_OUTER_BOUND ( 'NONE', #5152, .T. ) ;
#4143 = ORIENTED_EDGE ( 'NONE', *, *, #3850, .T. ) ;
#4144 = DIRECTION ( 'NONE',  ( 0.0000000000000000000, 0.0000000000000000000, -1.000000000000000000 ) ) ;
#4145 = ORIENTED_EDGE ( 'NONE', *, *, #2843, .F. ) ;
#4146 = CARTESIAN_POINT ( 'NONE',  ( -15.88092025350710700, 19.28809240486044600, 2.500000000000000000 ) ) ;
#4147 = ORIENTED_EDGE ( 'NONE', *, *, #2826, .T. ) ;
#4148 = VECTOR ( 'NONE', #2575, 1000.000000000000000 ) ;
#4149 = ORIENTED_EDGE ( 'NONE', *, *, #4986, .T. ) ;
#4150 = AXIS2_PLACEMENT_3D ( 'NONE', #6332, #2991, #6353 ) ;
#4151 = CARTESIAN_POINT ( 'NONE',  ( -15.25621485542323300, 20.37011389410433200, -2.500000000000000000 ) ) ;
#4152 = EDGE_LOOP ( 'NONE', ( #2691, #4629, #4713, #3205 ) ) ;
#4153 = ORIENTED_EDGE ( 'NONE', *, *, #1322, .F. ) ;
#4154 = VECTOR ( 'NONE', #4041, 1000.000000000000000 ) ;
#4155 = ORIENTED_EDGE ( 'NONE', *, *, #1122, .F. ) ;
#4156 = VERTEX_POINT ( 'NONE', #5075 ) ;
#4157 = EDGE_CURVE ( 'NONE', #4253, #2905, #5012, .T. ) ;
#4158 = DIRECTION ( 'NONE',  ( -0.0000000000000000000, -0.0000000000000000000, -1.000000000000000000 ) ) ;
#4159 = VECTOR ( 'NONE', #4424, 1000.000000000000200 ) ;
#4160 = CARTESIAN_POINT ( 'NONE',  ( -22.27265755500290800, -13.50463899725039600, -2.299999999999999400 ) ) ;
#4161 = CARTESIAN_POINT ( 'NONE',  ( -3.400000002045663100, 24.99962553122773200, 2.500000000000000000 ) ) ;
#4162 = ORIENTED_EDGE ( 'NONE', *, *, #3108, .T. ) ;
#4163 = MECHANICAL_DESIGN_GEOMETRIC_PRESENTATION_REPRESENTATION (  '', ( #3499 ), #4470 ) ;
#4164 = FACE_OUTER_BOUND ( 'NONE', #1858, .T. ) ;
#4165 = CARTESIAN_POINT ( 'NONE',  ( 17.43068920757620800, 16.60381383641971500, -2.500000000000000000 ) ) ;
#4166 = PLANE ( 'NONE',  #4174 ) ;
#4167 = CARTESIAN_POINT ( 'NONE',  ( -18.48341648714495400, -17.15807277847629600, 2.500000000000000000 ) ) ;
#4168 = ORIENTED_EDGE ( 'NONE', *, *, #236, .T. ) ;
#4169 = EDGE_LOOP ( 'NONE', ( #2523, #2076, #529, #4846 ) ) ;
#4170 = ORIENTED_EDGE ( 'NONE', *, *, #449, .T. ) ;
#4171 = CARTESIAN_POINT ( 'NONE',  ( -14.52020092933435400, 24.70892274045544600, 2.500000000000000000 ) ) ;
#4172 = ORIENTED_EDGE ( 'NONE', *, *, #4603, .T. ) ;
#4173 = VERTEX_POINT ( 'NONE', #6024 ) ;
#4174 = AXIS2_PLACEMENT_3D ( 'NONE', #1110, #1645, #5119 ) ;
#4175 = ORIENTED_EDGE ( 'NONE', *, *, #4207, .F. ) ;
#4176 = DIRECTION ( 'NONE',  ( -1.000000000000000000, 0.0000000000000000000, 0.0000000000000000000 ) ) ;
#4177 = VERTEX_POINT ( 'NONE', #4119 ) ;
#4178 =( BOUNDED_CURVE ( )  B_SPLINE_CURVE ( 3, ( #5168, #1181, #6118, #3257 ),
 .UNSPECIFIED., .F., .T. ) 
 B_SPLINE_CURVE_WITH_KNOTS ( ( 4, 4 ),
 ( 4.833595685844889200, 4.997669483244556500 ),
 .UNSPECIFIED. ) 
 CURVE ( )  GEOMETRIC_REPRESENTATION_ITEM ( )  RATIONAL_B_SPLINE_CURVE ( ( 1.000000000000000000, 0.9977579069575229800, 0.9977579069575229800, 1.000000000000000000 ) ) 
 REPRESENTATION_ITEM ( '' )  );
#4179 = CARTESIAN_POINT ( 'NONE',  ( 20.69999999925993400, 13.43199169057949400, -2.500000000000000000 ) ) ;
#4180 = CARTESIAN_POINT ( 'NONE',  ( -22.30000000017734500, -13.50401566570124400, 2.500000000000000000 ) ) ;
#4181 = DIRECTION ( 'NONE',  ( -0.0000000000000000000, -0.0000000000000000000, -1.000000000000000000 ) ) ;
#4182 = DIRECTION ( 'NONE',  ( 0.6560590293043456800, 0.7547095799499564700, -0.0000000000000000000 ) ) ;
#4183 = CARTESIAN_POINT ( 'NONE',  ( 19.45046344992009000, 4.334462682631538200, 2.167752201222823900 ) ) ;
#4184 = ORIENTED_EDGE ( 'NONE', *, *, #6225, .F. ) ;
#4185 = ORIENTED_EDGE ( 'NONE', *, *, #5855, .F. ) ;
#4186 = EDGE_CURVE ( 'NONE', #5348, #5216, #5157, .T. ) ;
#4187 = DIRECTION ( 'NONE',  ( 0.0000000000000000000, 0.0000000000000000000, 1.000000000000000000 ) ) ;
#4188 = EDGE_CURVE ( 'NONE', #3906, #4371, #2538, .T. ) ;
#4189 = DIRECTION ( 'NONE',  ( 0.8660254037844535800, -0.4999999999999741900, 0.0000000000000000000 ) ) ;
#4190 = CARTESIAN_POINT ( 'NONE',  ( 16.60000000025540200, -11.91094532216122900, 2.500000000000000000 ) ) ;
#4191 = VECTOR ( 'NONE', #3734, 1000.000000000000000 ) ;
#4192 = PLANE ( 'NONE',  #4569 ) ;
#4193 = VERTEX_POINT ( 'NONE', #2103 ) ;
#4194 = FACE_OUTER_BOUND ( 'NONE', #1852, .T. ) ;
#4195 = FACE_OUTER_BOUND ( 'NONE', #1440, .T. ) ;
#4196 = ORIENTED_EDGE ( 'NONE', *, *, #1257, .T. ) ;
#4197 = DIRECTION ( 'NONE',  ( 0.0000000000000000000, 0.0000000000000000000, 1.000000000000000000 ) ) ;
#4198 = EDGE_CURVE ( 'NONE', #2967, #5563, #2367, .T. ) ;
#4199 = ORIENTED_EDGE ( 'NONE', *, *, #3062, .F. ) ;
#4200 = DIRECTION ( 'NONE',  ( 1.000000000000000000, 0.0000000000000000000, 0.0000000000000000000 ) ) ;
#4201 = CARTESIAN_POINT ( 'NONE',  ( 20.99999999895845100, 13.43199169057949400, -2.500000000000000000 ) ) ;
#4202 = VECTOR ( 'NONE', #2576, 1000.000000000000000 ) ;
#4203 = CARTESIAN_POINT ( 'NONE',  ( -22.20000000134171400, -17.50401566457473400, -2.500000000000000000 ) ) ;
#4204 = ORIENTED_EDGE ( 'NONE', *, *, #6132, .F. ) ;
#4205 = LINE ( 'NONE', #5214, #143 ) ;
#4206 = CIRCLE ( 'NONE', #631, 2.000000000000000400 ) ;
#4207 = EDGE_CURVE ( 'NONE', #2333, #6090, #4847, .T. ) ;
#4208 = DIRECTION ( 'NONE',  ( 1.000000000000000000, 0.0000000000000000000, -0.0000000000000000000 ) ) ;
#4209 = LINE ( 'NONE', #4670, #152 ) ;
#4210 = AXIS2_PLACEMENT_3D ( 'NONE', #3781, #716, #4255 ) ;
#4211 = FACE_OUTER_BOUND ( 'NONE', #4771, .T. ) ;
#4212 = ADVANCED_FACE ( 'NONE', ( #4719 ), #2060, .T. ) ;
#4213 = AXIS2_PLACEMENT_3D ( 'NONE', #34, #532, #4103 ) ;
#4214 = LINE ( 'NONE', #1568, #5306 ) ;
#4215 = VERTEX_POINT ( 'NONE', #4160 ) ;
#4216 = ORIENTED_EDGE ( 'NONE', *, *, #4111, .F. ) ;
#4217 = ORIENTED_EDGE ( 'NONE', *, *, #6102, .T. ) ;
#4218 = LINE ( 'NONE', #837, #2566 ) ;
#4219 = DIRECTION ( 'NONE',  ( -0.0000000000000000000, -0.0000000000000000000, 1.000000000000000000 ) ) ;
#4220 = DIRECTION ( 'NONE',  ( -0.0000000000000000000, -0.0000000000000000000, -1.000000000000000000 ) ) ;
#4221 = DIRECTION ( 'NONE',  ( 0.0000000000000000000, 0.0000000000000000000, 1.000000000000000000 ) ) ;
#4222 = ORIENTED_EDGE ( 'NONE', *, *, #1122, .T. ) ;
#4223 = ORIENTED_EDGE ( 'NONE', *, *, #605, .T. ) ;
#4224 = LINE ( 'NONE', #2606, #170 ) ;
#4225 = EDGE_CURVE ( 'NONE', #1851, #4319, #3422, .T. ) ;
#4226 = VERTEX_POINT ( 'NONE', #617 ) ;
#4227 = CARTESIAN_POINT ( 'NONE',  ( 19.66431402979969800, 9.647282617203050100, -1.624566832560010700 ) ) ;
#4228 = CARTESIAN_POINT ( 'NONE',  ( -15.25621485542323300, 20.37011389410433200, 2.500000000000000000 ) ) ;
#4229 = VERTEX_POINT ( 'NONE', #5113 ) ;
#4230 = ORIENTED_EDGE ( 'NONE', *, *, #4757, .T. ) ;
#4231 = AXIS2_PLACEMENT_3D ( 'NONE', #1438, #1962, #5410 ) ;
#4232 = EDGE_CURVE ( 'NONE', #794, #1605, #5815, .T. ) ;
#4233 = VERTEX_POINT ( 'NONE', #2661 ) ;
#4234 = EDGE_CURVE ( 'NONE', #1731, #357, #5973, .T. ) ;
#4235 = VECTOR ( 'NONE', #4522, 1000.000000000000000 ) ;
#4236 = CARTESIAN_POINT ( 'NONE',  ( 19.01172613572896400, 15.75616779990884600, 2.500000000000000000 ) ) ;
#4237 = VERTEX_POINT ( 'NONE', #3693 ) ;
#4238 = EDGE_CURVE ( 'NONE', #4233, #2106, #3276, .T. ) ;
#4239 = DIRECTION ( 'NONE',  ( 1.000000000000000000, 0.0000000000000000000, 0.0000000000000000000 ) ) ;
#4240 = CARTESIAN_POINT ( 'NONE',  ( 0.0000000000000000000, 0.0000000000000000000, 0.7500000000000000000 ) ) ;
#4241 = CARTESIAN_POINT ( 'NONE',  ( -17.20000000210718100, -12.00364120103817500, 2.500000000000000000 ) ) ;
#4242 = CARTESIAN_POINT ( 'NONE',  ( -19.46075385404235900, 4.291919249683876300, 2.162203574784037100 ) ) ;
#4243 = VECTOR ( 'NONE', #2453, 1000.000000000000200 ) ;
#4244 = ORIENTED_EDGE ( 'NONE', *, *, #5143, .T. ) ;
#4245 = EDGE_CURVE ( 'NONE', #3230, #4382, #707, .T. ) ;
#4246 = CARTESIAN_POINT ( 'NONE',  ( -17.10000000081374000, -7.804015668233099700, -2.500000000000000000 ) ) ;
#4247 = ADVANCED_FACE ( 'NONE', ( #553 ), #5526, .F. ) ;
#4248 = ORIENTED_EDGE ( 'NONE', *, *, #2175, .F. ) ;
#4249 = PLANE ( 'NONE',  #74 ) ;
#4250 = ORIENTED_EDGE ( 'NONE', *, *, #791, .F. ) ;
#4251 = VERTEX_POINT ( 'NONE', #4203 ) ;
#4252 = VERTEX_POINT ( 'NONE', #1150 ) ;
#4253 = VERTEX_POINT ( 'NONE', #6078 ) ;
#4254 = DIRECTION ( 'NONE',  ( 1.000000000000000000, 0.0000000000000000000, 0.0000000000000000000 ) ) ;
#4255 = DIRECTION ( 'NONE',  ( 1.000000000000000000, 0.0000000000000000000, 0.0000000000000000000 ) ) ;
#4256 = VECTOR ( 'NONE', #1070, 1000.000000000000000 ) ;
#4257 = LINE ( 'NONE', #4503, #5519 ) ;
#4258 = CIRCLE ( 'NONE', #2211, 0.09999999983820173600 ) ;
#4259 = CARTESIAN_POINT ( 'NONE',  ( 18.92413112117181100, -11.17008545127961100, 2.500000000000000000 ) ) ;
#4260 = CIRCLE ( 'NONE', #4210, 0.9999999988734819000 ) ;
#4261 = ORIENTED_EDGE ( 'NONE', *, *, #1377, .T. ) ;
#4262 = CARTESIAN_POINT ( 'NONE',  ( -19.33664459082703500, 8.312014717631688800, -1.808267478018367000 ) ) ;
#4263 = AXIS2_PLACEMENT_3D ( 'NONE', #3689, #2164, #5127 ) ;
#4264 = CARTESIAN_POINT ( 'NONE',  ( -17.91891975059718700, -14.98837953933072400, 2.500000000000000000 ) ) ;
#4265 = DIRECTION ( 'NONE',  ( -0.9816271833683283300, -0.1908089957846906000, -0.0000000000000000000 ) ) ;
#4266 = VERTEX_POINT ( 'NONE', #3722 ) ;
#4267 = FACE_OUTER_BOUND ( 'NONE', #2773, .T. ) ;
#4268 = VECTOR ( 'NONE', #4850, 1000.000000000000000 ) ;
#4269 = EDGE_LOOP ( 'NONE', ( #6217, #5374, #612, #4330 ) ) ;
#4270 = ADVANCED_FACE ( 'NONE', ( #4267, #2923 ), #1679, .F. ) ;
#4271 = EDGE_CURVE ( 'NONE', #3863, #2515, #370, .T. ) ;
#4272 = LINE ( 'NONE', #3639, #1750 ) ;
#4273 = CARTESIAN_POINT ( 'NONE',  ( 19.78318679106727600, 10.08289173337985600, 1.971515308434953900 ) ) ;
#4274 = VECTOR ( 'NONE', #6092, 1000.000000000000000 ) ;
#4275 = EDGE_CURVE ( 'NONE', #1106, #2160, #5267, .T. ) ;
#4276 = AXIS2_PLACEMENT_3D ( 'NONE', #1667, #2685, #4672 ) ;
#4277 = DIRECTION ( 'NONE',  ( 0.0000000000000000000, 0.0000000000000000000, 1.000000000000000000 ) ) ;
#4278 = ORIENTED_EDGE ( 'NONE', *, *, #5787, .T. ) ;
#4279 = DIRECTION ( 'NONE',  ( -0.0000000000000000000, -0.0000000000000000000, -1.000000000000000000 ) ) ;
#4280 = LINE ( 'NONE', #6037, #2931 ) ;
#4281 = DIRECTION ( 'NONE',  ( -0.0000000000000000000, -0.0000000000000000000, -1.000000000000000000 ) ) ;
#4282 = FACE_OUTER_BOUND ( 'NONE', #5931, .T. ) ;
#4283 = CIRCLE ( 'NONE', #414, 0.2999999996985205900 ) ;
#4284 = DIRECTION ( 'NONE',  ( -0.0000000000000000000, -0.0000000000000000000, -1.000000000000000000 ) ) ;
#4285 = ORIENTED_EDGE ( 'NONE', *, *, #3211, .T. ) ;
#4286 = LINE ( 'NONE', #2997, #4138 ) ;
#4287 = CARTESIAN_POINT ( 'NONE',  ( -14.08718822782419800, 24.28571766019937800, 2.500000000000000000 ) ) ;
#4288 = AXIS2_PLACEMENT_3D ( 'NONE', #2463, #2343, #2331 ) ;
#4289 = DIRECTION ( 'NONE',  ( 0.0000000000000000000, 0.0000000000000000000, 1.000000000000000000 ) ) ;
#4290 = VECTOR ( 'NONE', #1328, 1000.000000000000000 ) ;
#4291 = DIRECTION ( 'NONE',  ( -0.0000000000000000000, -0.0000000000000000000, 1.000000000000000000 ) ) ;
#4292 = AXIS2_PLACEMENT_3D ( 'NONE', #1063, #4136, #4616 ) ;
#4293 = ORIENTED_EDGE ( 'NONE', *, *, #4548, .T. ) ;
#4294 = ORIENTED_EDGE ( 'NONE', *, *, #6388, .F. ) ;
#4295 = VERTEX_POINT ( 'NONE', #4700 ) ;
#4296 = EDGE_LOOP ( 'NONE', ( #1599, #5158, #2109, #2824 ) ) ;
#4297 = VERTEX_POINT ( 'NONE', #6097 ) ;
#4298 = LINE ( 'NONE', #1041, #5250 ) ;
#4299 = ORIENTED_EDGE ( 'NONE', *, *, #2626, .T. ) ;
#4300 = CARTESIAN_POINT ( 'NONE',  ( -21.70000000021520500, -14.66549868070125000, -2.299999999999999400 ) ) ;
#4301 = VERTEX_POINT ( 'NONE', #3737 ) ;
#4302 = CARTESIAN_POINT ( 'NONE',  ( 15.83589132026820100, -13.44953778094068800, -2.500000000000000000 ) ) ;
#4303 = EDGE_CURVE ( 'NONE', #4751, #4506, #4407, .T. ) ;
#4304 = EDGE_CURVE ( 'NONE', #259, #1624, #3112, .T. ) ;
#4305 = EDGE_LOOP ( 'NONE', ( #2334, #2282, #3291, #2749 ) ) ;
#4306 = CARTESIAN_POINT ( 'NONE',  ( -16.34823619296893000, -11.15203886210872900, 2.500000000000000000 ) ) ;
#4307 = VERTEX_POINT ( 'NONE', #3277 ) ;
#4308 = ADVANCED_FACE ( 'NONE', ( #1578 ), #61, .T. ) ;
#4309 = LINE ( 'NONE', #4449, #5260 ) ;
#4310 = CARTESIAN_POINT ( 'NONE',  ( -17.47005032661361000, 2.385469487625863300, 1.835679822349320500 ) ) ;
#4311 = VERTEX_POINT ( 'NONE', #1707 ) ;
#4312 = FACE_OUTER_BOUND ( 'NONE', #3631, .T. ) ;
#4313 = EDGE_CURVE ( 'NONE', #807, #400, #4178, .T. ) ;
#4314 = ORIENTED_EDGE ( 'NONE', *, *, #495, .T. ) ;
#4315 = ORIENTED_EDGE ( 'NONE', *, *, #181, .F. ) ;
#4316 = ORIENTED_EDGE ( 'NONE', *, *, #5908, .T. ) ;
#4317 = CARTESIAN_POINT ( 'NONE',  ( -10.35797482499406300, -11.41005778916108900, 2.500000000000000000 ) ) ;
#4318 = EDGE_CURVE ( 'NONE', #508, #3230, #5361, .T. ) ;
#4319 = VERTEX_POINT ( 'NONE', #4246 ) ;
#4320 = ORIENTED_EDGE ( 'NONE', *, *, #4541, .T. ) ;
#4321 = EDGE_CURVE ( 'NONE', #5673, #215, #1399, .T. ) ;
#4322 = ORIENTED_EDGE ( 'NONE', *, *, #752, .F. ) ;
#4323 = PLANE ( 'NONE',  #6015 ) ;
#4324 = DIRECTION ( 'NONE',  ( -1.000000000000000000, 0.0000000000000000000, 0.0000000000000000000 ) ) ;
#4325 = AXIS2_PLACEMENT_3D ( 'NONE', #4529, #1513, #5006 ) ;
#4326 = CARTESIAN_POINT ( 'NONE',  ( -17.10000000081374000, -10.95060435621951600, 2.500000000000000000 ) ) ;
#4327 = CARTESIAN_POINT ( 'NONE',  ( -15.20403488651030900, 20.33998777500614700, -2.500000000000000000 ) ) ;
#4328 =( LENGTH_UNIT ( ) NAMED_UNIT ( * ) SI_UNIT ( .MILLI., .METRE. ) );
#4329 = VERTEX_POINT ( 'NONE', #6138 ) ;
#4330 = ORIENTED_EDGE ( 'NONE', *, *, #1416, .F. ) ;
#4331 = ORIENTED_EDGE ( 'NONE', *, *, #1079, .T. ) ;
#4332 = CYLINDRICAL_SURFACE ( 'NONE', #2127, 0.09999999983821214500 ) ;
#4333 = LINE ( 'NONE', #1676, #1658 ) ;
#4334 = VECTOR ( 'NONE', #6229, 1000.000000000000200 ) ;
#4335 = ORIENTED_EDGE ( 'NONE', *, *, #4752, .T. ) ;
#4336 = ADVANCED_FACE ( 'NONE', ( #6319 ), #2228, .F. ) ;
#4337 = VERTEX_POINT ( 'NONE', #5192 ) ;
#4338 = VECTOR ( 'NONE', #4814, 1000.000000000000000 ) ;
#4339 = EDGE_CURVE ( 'NONE', #732, #5839, #2624, .T. ) ;
#4340 = LINE ( 'NONE', #5976, #5443 ) ;
#4341 = ORIENTED_EDGE ( 'NONE', *, *, #1471, .F. ) ;
#4342 = PLANE ( 'NONE',  #233 ) ;
#4343 = ORIENTED_EDGE ( 'NONE', *, *, #5965, .T. ) ;
#4344 = DIRECTION ( 'NONE',  ( -0.0000000000000000000, -0.0000000000000000000, 1.000000000000000000 ) ) ;
#4345 = LINE ( 'NONE', #2055, #296 ) ;
#4346 = DIRECTION ( 'NONE',  ( -0.0000000000000000000, -0.0000000000000000000, 1.000000000000000000 ) ) ;
#4347 = CARTESIAN_POINT ( 'NONE',  ( 14.45443618893210100, 24.84962553137846400, 2.500000000000000000 ) ) ;
#4348 = ORIENTED_EDGE ( 'NONE', *, *, #5547, .T. ) ;
#4349 = SURFACE_STYLE_USAGE ( .BOTH. , #802 ) ;
#4350 = FACE_OUTER_BOUND ( 'NONE', #4753, .T. ) ;
#4351 = EDGE_CURVE ( 'NONE', #6026, #4767, #3956, .T. ) ;
#4352 = EDGE_CURVE ( 'NONE', #5191, #16, #5090, .T. ) ;
#4353 = ADVANCED_FACE ( 'NONE', ( #4929 ), #3802, .F. ) ;
#4354 = LINE ( 'NONE', #1638, #1674 ) ;
#4355 = EDGE_CURVE ( 'NONE', #4628, #1953, #3660, .T. ) ;
#4356 = FACE_OUTER_BOUND ( 'NONE', #4305, .T. ) ;
#4357 = DIRECTION ( 'NONE',  ( -0.0000000000000000000, -0.0000000000000000000, -1.000000000000000000 ) ) ;
#4358 = FACE_OUTER_BOUND ( 'NONE', #6356, .T. ) ;
#4359 = LINE ( 'NONE', #1018, #1683 ) ;
#4360 = VERTEX_POINT ( 'NONE', #5230 ) ;
#4361 = ORIENTED_EDGE ( 'NONE', *, *, #3014, .F. ) ;
#4362 = EDGE_LOOP ( 'NONE', ( #1651, #2766, #138, #1666 ) ) ;
#4363 = CARTESIAN_POINT ( 'NONE',  ( -16.10000000194025600, -6.804015669359618100, 2.500000000000000000 ) ) ;
#4364 = VECTOR ( 'NONE', #473, 1000.000000000000000 ) ;
#4365 = UNCERTAINTY_MEASURE_WITH_UNIT (LENGTH_MEASURE( 1.000000000000000100E-005 ), #1304, 'distance_accuracy_value', 'NONE');
#4366 = CARTESIAN_POINT ( 'NONE',  ( 16.80598380949233600, 17.68583532566359300, -2.500000000000000000 ) ) ;
#4367 = ORIENTED_EDGE ( 'NONE', *, *, #1857, .F. ) ;
#4368 = ADVANCED_FACE ( 'NONE', ( #2292 ), #4783, .F. ) ;
#4369 = ORIENTED_EDGE ( 'NONE', *, *, #5726, .T. ) ;
#4370 = VECTOR ( 'NONE', #3613, 1000.000000000000000 ) ;
#4371 = VERTEX_POINT ( 'NONE', #760 ) ;
#4372 = VERTEX_POINT ( 'NONE', #4306 ) ;
#4373 = EDGE_LOOP ( 'NONE', ( #5060, #6148, #4294, #4022 ) ) ;
#4374 = ORIENTED_EDGE ( 'NONE', *, *, #5297, .F. ) ;
#4375 = EDGE_CURVE ( 'NONE', #5641, #1851, #2447, .T. ) ;
#4376 = ADVANCED_FACE ( 'NONE', ( #6181 ), #5892, .F. ) ;
#4377 = LINE ( 'NONE', #5493, #4235 ) ;
#4378 = AXIS2_PLACEMENT_3D ( 'NONE', #2643, #3676, #624 ) ;
#4379 = EDGE_CURVE ( 'NONE', #38, #396, #2142, .T. ) ;
#4380 = VERTEX_POINT ( 'NONE', #2804 ) ;
#4381 = CARTESIAN_POINT ( 'NONE',  ( 16.86241927253306700, 19.47887648802093400, -2.500000000000000000 ) ) ;
#4382 = VERTEX_POINT ( 'NONE', #3343 ) ;
#4383 = CARTESIAN_POINT ( 'NONE',  ( -15.25621485542323300, 20.37011389410433200, 2.500000000000000000 ) ) ;
#4384 = DIRECTION ( 'NONE',  ( 0.9659258260712011400, -0.2588190459156118900, 0.0000000000000000000 ) ) ;
#4385 = ORIENTED_EDGE ( 'NONE', *, *, #3131, .T. ) ;
#4386 = EDGE_CURVE ( 'NONE', #4337, #5727, #3353, .T. ) ;
#4387 = ORIENTED_EDGE ( 'NONE', *, *, #4706, .T. ) ;
#4388 = VERTEX_POINT ( 'NONE', #1280 ) ;
#4389 = ADVANCED_FACE ( 'NONE', ( #6043 ), #2315, .T. ) ;
#4390 = ADVANCED_FACE ( 'NONE', ( #634 ), #4323, .F. ) ;
#4391 = ORIENTED_EDGE ( 'NONE', *, *, #4761, .T. ) ;
#4392 = AXIS2_PLACEMENT_3D ( 'NONE', #3816, #3791, #3771 ) ;
#4393 = CARTESIAN_POINT ( 'NONE',  ( -19.49959095023150700, -16.30240821100000300, -2.500000000000000000 ) ) ;
#4394 = ORIENTED_EDGE ( 'NONE', *, *, #2716, .T. ) ;
#4395 = ORIENTED_EDGE ( 'NONE', *, *, #4556, .T. ) ;
#4396 = VECTOR ( 'NONE', #1620, 1000.000000000000000 ) ;
#4397 = CIRCLE ( 'NONE', #4398, 0.09999999983820867500 ) ;
#4398 = AXIS2_PLACEMENT_3D ( 'NONE', #6350, #3513, #445 ) ;
#4399 = FILL_AREA_STYLE_COLOUR ( '', #5147 ) ;
#4400 = ADVANCED_FACE ( 'NONE', ( #4481 ), #4342, .F. ) ;
#4401 = CIRCLE ( 'NONE', #1867, 0.09999999983821561400 ) ;
#4402 = CARTESIAN_POINT ( 'NONE',  ( 8.745941614163726300, -9.301315623114666300, 2.500000000000000000 ) ) ;
#4403 = LINE ( 'NONE', #3735, #5522 ) ;
#4404 = EDGE_LOOP ( 'NONE', ( #1971, #4989, #5128, #3819 ) ) ;
#4405 = CARTESIAN_POINT ( 'NONE',  ( -27.95583320798447600, -8.967787745135785500, -2.500000000000000000 ) ) ;
#4406 = ORIENTED_EDGE ( 'NONE', *, *, #1925, .T. ) ;
#4407 = LINE ( 'NONE', #200, #219 ) ;
#4408 = LINE ( 'NONE', #329, #373 ) ;
#4409 = EDGE_CURVE ( 'NONE', #3546, #2181, #5747, .T. ) ;
#4410 = EDGE_CURVE ( 'NONE', #4156, #4566, #773, .T. ) ;
#4411 = FACE_OUTER_BOUND ( 'NONE', #5389, .T. ) ;
#4412 = DIRECTION ( 'NONE',  ( -0.4999999999999713600, 0.8660254037844552500, -0.0000000000000000000 ) ) ;
#4413 = ORIENTED_EDGE ( 'NONE', *, *, #5616, .T. ) ;
#4414 = CIRCLE ( 'NONE', #850, 0.2999999996985205900 ) ;
#4415 = DIRECTION ( 'NONE',  ( -0.0000000000000000000, -0.0000000000000000000, -1.000000000000000000 ) ) ;
#4416 = DIRECTION ( 'NONE',  ( -0.0000000000000000000, -0.0000000000000000000, -1.000000000000000000 ) ) ;
#4417 = PLANE ( 'NONE',  #2982 ) ;
#4418 = FACE_OUTER_BOUND ( 'NONE', #4467, .T. ) ;
#4419 = EDGE_CURVE ( 'NONE', #1795, #2454, #3197, .T. ) ;
#4420 = VECTOR ( 'NONE', #1398, 1000.000000000000100 ) ;
#4421 = DIRECTION ( 'NONE',  ( 0.0000000000000000000, 0.0000000000000000000, 1.000000000000000000 ) ) ;
#4422 = EDGE_CURVE ( 'NONE', #2569, #5953, #1819, .T. ) ;
#4423 = ORIENTED_EDGE ( 'NONE', *, *, #5258, .F. ) ;
#4424 = DIRECTION ( 'NONE',  ( -0.4999999999999772400, -0.8660254037844517000, 0.0000000000000000000 ) ) ;
#4425 = VECTOR ( 'NONE', #4924, 1000.000000000000000 ) ;
#4426 = ADVANCED_FACE ( 'NONE', ( #5606 ), #3868, .F. ) ;
#4427 = DIRECTION ( 'NONE',  ( 0.0000000000000000000, 0.0000000000000000000, 1.000000000000000000 ) ) ;
#4428 = VECTOR ( 'NONE', #1589, 1000.000000000000000 ) ;
#4429 = EDGE_CURVE ( 'NONE', #6202, #2482, #5442, .T. ) ;
#4430 = CARTESIAN_POINT ( 'NONE',  ( 19.68651551726444600, -3.234434698222926800, 0.7500000000000000000 ) ) ;
#4431 = ORIENTED_EDGE ( 'NONE', *, *, #4238, .T. ) ;
#4432 = ORIENTED_EDGE ( 'NONE', *, *, #827, .F. ) ;
#4433 = ORIENTED_EDGE ( 'NONE', *, *, #5143, .F. ) ;
#4434 = EDGE_CURVE ( 'NONE', #6303, #3806, #1663, .T. ) ;
#4435 = CARTESIAN_POINT ( 'NONE',  ( -3.150000002174445000, 21.35528796400981800, 2.500000000000000000 ) ) ;
#4436 = EDGE_LOOP ( 'NONE', ( #6072, #1455, #3245, #2329, #1955, #3306, #4184, #3264, #6417, #5221, #5296, #5444, #1032, #959, #165, #759, #5274, #5360, #1671, #3219, #2087, #3779, #4681, #5994, #5800, #2037, #5711, #957, #2042, #4702, #880, #4064, #4625, #6223, #2769, #5450, #3046, #3304, #1045, #667, #3555, #3953, #142, #6295, #1769, #3053, #502, #4433, #5662, #1873, #5257, #2743, #4322, #3407, #591, #2, #5728, #4827, #5224, #1496, #1224, #3143, #4367, #1850, #5700, #536, #195, #2397, #3527, #1462, #5131, #1044, #1557, #3728, #1131, #459, #4829, #817, #2296, #3156, #456, #3612, #907, #1314, #3336, #3418, #1823, #1978, #1773, #2799, #269, #2028, #6270, #1566, #289, #5951, #519, #2145, #2602, #2092, #492, #4456, #6088, #2098, #632, #3331, #4987, #1396, #4204, #5466, #1914, #6147, #5780, #2085, #3261, #5797, #258, #5336, #435, #5492, #1249, #4043, #1064, #1748, #5472, #1697, #247, #356, #2984, #6207, #3933, #5425, #2413, #6180, #6251, #608, #5368, #167, #5317 ) ) ;
#4437 = ORIENTED_EDGE ( 'NONE', *, *, #5258, .T. ) ;
#4438 = FACE_OUTER_BOUND ( 'NONE', #1621, .T. ) ;
#4439 = ORIENTED_EDGE ( 'NONE', *, *, #1359, .F. ) ;
#4440 = AXIS2_PLACEMENT_3D ( 'NONE', #3414, #3905, #845 ) ;
#4441 = VERTEX_POINT ( 'NONE', #5801 ) ;
#4442 = CARTESIAN_POINT ( 'NONE',  ( -19.96195718067141600, 14.11031935113915400, 2.500000000000000000 ) ) ;
#4443 = AXIS2_PLACEMENT_3D ( 'NONE', #1103, #3169, #2122 ) ;
#4444 = CARTESIAN_POINT ( 'NONE',  ( -16.20000000215205200, -11.70364120133965200, 2.500000000000000000 ) ) ;
#4445 = CARTESIAN_POINT ( 'NONE',  ( -15.91218822759075600, 21.12472493679031500, 2.500000000000000000 ) ) ;
#4446 = VERTEX_POINT ( 'NONE', #2372 ) ;
#4447 = DIRECTION ( 'NONE',  ( 0.0000000000000000000, 0.0000000000000000000, 1.000000000000000000 ) ) ;
#4448 = ORIENTED_EDGE ( 'NONE', *, *, #4677, .T. ) ;
#4449 = CARTESIAN_POINT ( 'NONE',  ( -14.47020092941525800, 24.62232020021711400, -2.500000000000000000 ) ) ;
#4450 = FACE_OUTER_BOUND ( 'NONE', #4669, .T. ) ;
#4451 = ORIENTED_EDGE ( 'NONE', *, *, #4496, .F. ) ;
#4452 = PLANE ( 'NONE',  #6218 ) ;
#4453 = VECTOR ( 'NONE', #3547, 1000.000000000000100 ) ;
#4454 = CARTESIAN_POINT ( 'NONE',  ( 18.20540227523570200, -14.95874432905403000, -2.500000000000000000 ) ) ;
#4455 = EDGE_LOOP ( 'NONE', ( #2169, #1200, #4075, #5862 ) ) ;
#4456 = ORIENTED_EDGE ( 'NONE', *, *, #1897, .F. ) ;
#4457 = ADVANCED_FACE ( 'NONE', ( #4194 ), #6263, .F. ) ;
#4458 = EDGE_LOOP ( 'NONE', ( #5330, #6317, #1326, #6161, #5529, #4222, #5478, #4145 ) ) ;
#4459 = PLANE ( 'NONE',  #1958 ) ;
#4460 = CARTESIAN_POINT ( 'NONE',  ( -16.10000000194025600, -7.804015668233099700, -2.500000000000000000 ) ) ;
#4461 = CARTESIAN_POINT ( 'NONE',  ( 4.150000002045662700, 22.48800528677813700, -2.299999999999999400 ) ) ;
#4462 = ORIENTED_EDGE ( 'NONE', *, *, #5320, .F. ) ;
#4463 = PLANE ( 'NONE',  #4231 ) ;
#4464 = ORIENTED_EDGE ( 'NONE', *, *, #2163, .F. ) ;
#4465 = DIRECTION ( 'NONE',  ( -0.8660254037844199400, -0.5000000000000324200, 0.0000000000000000000 ) ) ;
#4466 = EDGE_CURVE ( 'NONE', #2128, #5755, #291, .T. ) ;
#4467 = EDGE_LOOP ( 'NONE', ( #6389, #5988, #630, #1005, #1169, #4431, #5636, #1632 ) ) ;
#4468 = ORIENTED_EDGE ( 'NONE', *, *, #3337, .F. ) ;
#4469 = CARTESIAN_POINT ( 'NONE',  ( 14.36241927352164900, 23.80900350523104700, -2.500000000000000000 ) ) ;
#4470 =( GEOMETRIC_REPRESENTATION_CONTEXT ( 3 ) GLOBAL_UNCERTAINTY_ASSIGNED_CONTEXT ( ( #4365 ) ) GLOBAL_UNIT_ASSIGNED_CONTEXT ( ( #1304, #4819, #1837 ) ) REPRESENTATION_CONTEXT ( 'NONE', 'WORKASPACE' ) );
#4471 = ORIENTED_EDGE ( 'NONE', *, *, #5808, .T. ) ;
#4472 = CIRCLE ( 'NONE', #408, 0.4999999996847734300 ) ;
#4473 = CYLINDRICAL_SURFACE ( 'NONE', #4292, 0.9999999988734819000 ) ;
#4474 = PLANE ( 'NONE',  #332 ) ;
#4475 = CIRCLE ( 'NONE', #3955, 0.1999999999999987900 ) ;
#4476 = LINE ( 'NONE', #1301, #2838 ) ;
#4477 = EDGE_LOOP ( 'NONE', ( #2003, #2238, #1210, #3536 ) ) ;
#4478 = ORIENTED_EDGE ( 'NONE', *, *, #340, .T. ) ;
#4479 = ORIENTED_EDGE ( 'NONE', *, *, #4686, .T. ) ;
#4480 = DIRECTION ( 'NONE',  ( -0.6560590293043456800, 0.7547095799499564700, 0.0000000000000000000 ) ) ;
#4481 = FACE_OUTER_BOUND ( 'NONE', #1711, .T. ) ;
#4482 = CARTESIAN_POINT ( 'NONE',  ( 20.24999999895830900, 1.428256051882032900, -1.172439306139857300 ) ) ;
#4483 = CARTESIAN_POINT ( 'NONE',  ( 15.82874028459418600, 19.25796628576226900, 2.500000000000000000 ) ) ;
#4484 = CIRCLE ( 'NONE', #3682, 17.86290880652651200 ) ;
#4485 = DIRECTION ( 'NONE',  ( -1.000000000000000000, 0.0000000000000000000, 0.0000000000000000000 ) ) ;
#4486 = ORIENTED_EDGE ( 'NONE', *, *, #3827, .T. ) ;
#4487 = VERTEX_POINT ( 'NONE', #1362 ) ;
#4488 = CARTESIAN_POINT ( 'NONE',  ( -22.27265755500290800, -13.50463899725039600, 2.500000000000000000 ) ) ;
#4489 = ADVANCED_FACE ( 'NONE', ( #131 ), #1885, .F. ) ;
#4490 = LINE ( 'NONE', #4507, #3206 ) ;
#4491 = ORIENTED_EDGE ( 'NONE', *, *, #893, .F. ) ;
#4492 = VECTOR ( 'NONE', #6256, 1000.000000000000000 ) ;
#4493 = DIRECTION ( 'NONE',  ( -0.0000000000000000000, -0.0000000000000000000, -1.000000000000000000 ) ) ;
#4494 = DIRECTION ( 'NONE',  ( -0.0000000000000000000, -0.0000000000000000000, -1.000000000000000000 ) ) ;
#4495 = DIRECTION ( 'NONE',  ( -0.3420201433408081600, -0.9396926207803980600, -0.0000000000000000000 ) ) ;
#4496 = EDGE_CURVE ( 'NONE', #1913, #3142, #2693, .T. ) ;
#4497 = VECTOR ( 'NONE', #4141, 1000.000000000000000 ) ;
#4498 = EDGE_CURVE ( 'NONE', #1447, #103, #1317, .T. ) ;
#4499 = CARTESIAN_POINT ( 'NONE',  ( 0.0000000000000000000, 0.0000000000000000000, -2.300000000000000300 ) ) ;
#4500 = FACE_OUTER_BOUND ( 'NONE', #1424, .T. ) ;
#4501 = CARTESIAN_POINT ( 'NONE',  ( -16.20000000215205200, -11.34522402732296900, 2.500000000000000000 ) ) ;
#4502 = FACE_OUTER_BOUND ( 'NONE', #1358, .T. ) ;
#4503 = CARTESIAN_POINT ( 'NONE',  ( -18.35575276356144100, 15.00155675722285900, -2.500000000000000000 ) ) ;
#4504 = CARTESIAN_POINT ( 'NONE',  ( 14.27897133052508100, 21.94224485420300400, 2.500000000000000000 ) ) ;
#4505 = VECTOR ( 'NONE', #5459, 1000.000000000000000 ) ;
#4506 = VERTEX_POINT ( 'NONE', #4393 ) ;
#4507 = CARTESIAN_POINT ( 'NONE',  ( -17.43068920757620800, 16.60381383641971500, 2.500000000000000000 ) ) ;
#4508 = EDGE_LOOP ( 'NONE', ( #3338, #4594, #5428, #5503 ) ) ;
#4509 = DIRECTION ( 'NONE',  ( -0.1908089957846946200, -0.9816271833683276600, 0.0000000000000000000 ) ) ;
#4510 = FACE_OUTER_BOUND ( 'NONE', #3478, .T. ) ;
#4511 = EDGE_CURVE ( 'NONE', #6280, #6285, #6394, .T. ) ;
#4512 = CARTESIAN_POINT ( 'NONE',  ( -11.74999999895835500, 6.502519091575194000, 16.34081488719823500 ) ) ;
#4513 = DIRECTION ( 'NONE',  ( -0.8660254037844578000, -0.4999999999999667500, 0.0000000000000000000 ) ) ;
#4514 = DIRECTION ( 'NONE',  ( 1.000000000000000000, 7.309538116125158200E-015, 0.0000000000000000000 ) ) ;
#4515 = ORIENTED_EDGE ( 'NONE', *, *, #2420, .F. ) ;
#4516 = CARTESIAN_POINT ( 'NONE',  ( -22.60000000021520000, -13.50401566570124400, 2.500000000000000000 ) ) ;
#4517 = DIRECTION ( 'NONE',  ( -0.0000000000000000000, -0.0000000000000000000, -1.000000000000000000 ) ) ;
#4518 = LINE ( 'NONE', #556, #4370 ) ;
#4519 = ORIENTED_EDGE ( 'NONE', *, *, #4994, .T. ) ;
#4520 = EDGE_CURVE ( 'NONE', #6296, #130, #4036, .T. ) ;
#4521 = EDGE_LOOP ( 'NONE', ( #620, #1915, #2831, #4395 ) ) ;
#4522 = DIRECTION ( 'NONE',  ( -1.000000000000000000, 7.309538116125158200E-015, -0.0000000000000000000 ) ) ;
#4523 = VERTEX_POINT ( 'NONE', #5846 ) ;
#4524 = CARTESIAN_POINT ( 'NONE',  ( -21.69999999912344200, -0.1968120246770747600, 2.500000000000000000 ) ) ;
#4525 = AXIS2_PLACEMENT_3D ( 'NONE', #5684, #2759, #6156 ) ;
#4526 = ORIENTED_EDGE ( 'NONE', *, *, #222, .F. ) ;
#4527 = CARTESIAN_POINT ( 'NONE',  ( 18.30357279464852000, 14.97143063812468000, -2.500000000000000000 ) ) ;
#4528 = DIRECTION ( 'NONE',  ( 0.0000000000000000000, -1.000000000000000000, 0.0000000000000000000 ) ) ;
#4529 = CARTESIAN_POINT ( 'NONE',  ( -21.27082858658739500, -15.47136618964875700, 2.500000000000000000 ) ) ;
#4530 = DIRECTION ( 'NONE',  ( -0.0000000000000000000, -0.0000000000000000000, -1.000000000000000000 ) ) ;
#4531 = CIRCLE ( 'NONE', #1011, 0.7997967875070961500 ) ;
#4532 = DIRECTION ( 'NONE',  ( 0.8660254037844551400, -0.4999999999999714100, 0.0000000000000000000 ) ) ;
#4533 = CARTESIAN_POINT ( 'NONE',  ( 20.85680346795556500, 13.76040011539267000, 2.500000000000000000 ) ) ;
#4534 = CARTESIAN_POINT ( 'NONE',  ( 15.31265031846410100, 22.16315505646136000, 2.500000000000000000 ) ) ;
#4535 = ORIENTED_EDGE ( 'NONE', *, *, #4621, .T. ) ;
#4536 = DIRECTION ( 'NONE',  ( 0.4999999999996760900, -0.8660254037846256700, 0.0000000000000000000 ) ) ;
#4537 = ORIENTED_EDGE ( 'NONE', *, *, #2762, .F. ) ;
#4538 = CARTESIAN_POINT ( 'NONE',  ( 10.35797482500586300, -11.90364120424349400, -2.500000000000000000 ) ) ;
#4539 = CARTESIAN_POINT ( 'NONE',  ( -15.20403488651030900, 20.33998777500614700, -2.500000000000000000 ) ) ;
#4540 = DIRECTION ( 'NONE',  ( 1.000000000000000000, 0.0000000000000000000, 0.0000000000000000000 ) ) ;
#4541 = EDGE_CURVE ( 'NONE', #1685, #3063, #3877, .T. ) ;
#4542 = DIRECTION ( 'NONE',  ( 0.0000000000000000000, 1.000000000000000000, 0.0000000000000000000 ) ) ;
#4543 = ORIENTED_EDGE ( 'NONE', *, *, #2552, .T. ) ;
#4544 = CARTESIAN_POINT ( 'NONE',  ( -21.59317965509344400, -2.529745817546354700, 2.500000000000000000 ) ) ;
#4545 = AXIS2_PLACEMENT_3D ( 'NONE', #1990, #5434, #2497 ) ;
#4546 = EDGE_CURVE ( 'NONE', #6090, #5749, #5004, .T. ) ;
#4547 = ORIENTED_EDGE ( 'NONE', *, *, #2744, .T. ) ;
#4548 = EDGE_CURVE ( 'NONE', #5755, #5609, #3741, .T. ) ;
#4549 = DIRECTION ( 'NONE',  ( -1.000000000000000000, 0.0000000000000000000, 0.0000000000000000000 ) ) ;
#4550 = DIRECTION ( 'NONE',  ( -3.654769042192353500E-015, -1.000000000000000000, 0.0000000000000000000 ) ) ;
#4551 = CARTESIAN_POINT ( 'NONE',  ( 20.64357146418749900, 1.428256051882035700, -1.172439306139857300 ) ) ;
#4552 = CARTESIAN_POINT ( 'NONE',  ( -16.34823619296893000, -11.15203886210872900, 2.500000000000000000 ) ) ;
#4553 = CARTESIAN_POINT ( 'NONE',  ( 13.70644590135413000, 23.05439246254506000, 2.500000000000000000 ) ) ;
#4554 = ORIENTED_EDGE ( 'NONE', *, *, #1219, .T. ) ;
#4555 = CARTESIAN_POINT ( 'NONE',  ( -18.92827819273239200, 13.88940914888079800, 2.500000000000000000 ) ) ;
#4556 = EDGE_CURVE ( 'NONE', #3063, #2116, #2360, .T. ) ;
#4557 = CARTESIAN_POINT ( 'NONE',  ( -14.42020092949615200, 24.70892274045544600, 2.500000000000000000 ) ) ;
#4558 = VECTOR ( 'NONE', #5037, 1000.000000000000000 ) ;
#4559 = FACE_OUTER_BOUND ( 'NONE', #4455, .T. ) ;
#4560 = DIRECTION ( 'NONE',  ( -0.0000000000000000000, -0.0000000000000000000, -1.000000000000000000 ) ) ;
#4561 = EDGE_CURVE ( 'NONE', #2338, #6086, #4840, .T. ) ;
#4562 = CARTESIAN_POINT ( 'NONE',  ( -15.49999999999406200, -11.00364120398717200, 2.500000000000000000 ) ) ;
#4563 = CARTESIAN_POINT ( 'NONE',  ( -7.650000000000008300, 24.99962553122773200, -1.999999999999997100 ) ) ;
#4564 = VECTOR ( 'NONE', #590, 1000.000000000000000 ) ;
#4565 = VECTOR ( 'NONE', #2680, 1000.000000000000000 ) ;
#4566 = VERTEX_POINT ( 'NONE', #3972 ) ;
#4567 = ORIENTED_EDGE ( 'NONE', *, *, #3528, .F. ) ;
#4568 = DIRECTION ( 'NONE',  ( -0.8660254037844551400, -0.4999999999999713000, 0.0000000000000000000 ) ) ;
#4569 = AXIS2_PLACEMENT_3D ( 'NONE', #1115, #4676, #1673 ) ;
#4570 = VECTOR ( 'NONE', #3192, 1000.000000000000100 ) ;
#4571 = VECTOR ( 'NONE', #820, 1000.000000000000000 ) ;
#4572 = CARTESIAN_POINT ( 'NONE',  ( -21.59317965509344400, -2.529745817546354700, -2.500000000000000000 ) ) ;
#4573 = LINE ( 'NONE', #1531, #3282 ) ;
#4574 = CARTESIAN_POINT ( 'NONE',  ( 14.33115129943800300, 21.97237097330118500, 2.500000000000000000 ) ) ;
#4575 = CARTESIAN_POINT ( 'NONE',  ( 3.400000002045663100, 21.49962553123286200, -2.500000000000000000 ) ) ;
#4576 = DIRECTION ( 'NONE',  ( -0.0000000000000000000, -0.0000000000000000000, -1.000000000000000000 ) ) ;
#4577 = ORIENTED_EDGE ( 'NONE', *, *, #3674, .F. ) ;
#4578 = VECTOR ( 'NONE', #5024, 1000.000000000000000 ) ;
#4579 = VECTOR ( 'NONE', #6310, 1000.000000000000200 ) ;
#4580 = DIRECTION ( 'NONE',  ( 1.000000000000000000, -0.0000000000000000000, 0.0000000000000000000 ) ) ;
#4581 = VECTOR ( 'NONE', #1738, 1000.000000000000200 ) ;
#4582 = DIRECTION ( 'NONE',  ( -0.0000000000000000000, -0.0000000000000000000, -1.000000000000000000 ) ) ;
#4583 = CARTESIAN_POINT ( 'NONE',  ( -19.96195718067141600, 14.11031935113915400, -2.500000000000000000 ) ) ;
#4584 = CARTESIAN_POINT ( 'NONE',  ( 17.46195718165978400, 18.44044636834895100, 2.500000000000000000 ) ) ;
#4585 = ORIENTED_EDGE ( 'NONE', *, *, #6399, .T. ) ;
#4586 = VECTOR ( 'NONE', #2460, 1000.000000000000100 ) ;
#4587 = AXIS2_PLACEMENT_3D ( 'NONE', #1147, #2184, #5631 ) ;
#4588 = DIRECTION ( 'NONE',  ( -1.000000000000000000, 0.0000000000000000000, 0.0000000000000000000 ) ) ;
#4589 = LINE ( 'NONE', #2113, #3296 ) ;
#4590 = ORIENTED_EDGE ( 'NONE', *, *, #430, .T. ) ;
#4591 = ORIENTED_EDGE ( 'NONE', *, *, #1522, .T. ) ;
#4592 = ORIENTED_EDGE ( 'NONE', *, *, #4752, .F. ) ;
#4593 = EDGE_LOOP ( 'NONE', ( #3977, #1564, #4172, #5781, #1869, #4017, #5719 ) ) ;
#4594 = ORIENTED_EDGE ( 'NONE', *, *, #2795, .F. ) ;
#4595 = FACE_OUTER_BOUND ( 'NONE', #6203, .T. ) ;
#4596 = DIRECTION ( 'NONE',  ( 0.9388763158866095800, -0.3442546491584206300, 0.0000000000000000000 ) ) ;
#4597 = EDGE_CURVE ( 'NONE', #6280, #3921, #2208, .T. ) ;
#4598 = DIRECTION ( 'NONE',  ( 3.510146983370655300E-016, 1.000000000000000000, -0.0000000000000000000 ) ) ;
#4599 = ORIENTED_EDGE ( 'NONE', *, *, #2405, .T. ) ;
#4600 = DIRECTION ( 'NONE',  ( -7.325711850767406400E-015, -1.000000000000000000, 0.0000000000000000000 ) ) ;
#4601 = DIRECTION ( 'NONE',  ( -1.000000000000000000, 0.0000000000000000000, 0.0000000000000000000 ) ) ;
#4602 = CARTESIAN_POINT ( 'NONE',  ( -15.49999999999406200, -11.00364120398717200, -2.500000000000000000 ) ) ;
#4603 = EDGE_CURVE ( 'NONE', #311, #4360, #6107, .T. ) ;
#4604 = ORIENTED_EDGE ( 'NONE', *, *, #4855, .F. ) ;
#4605 = CARTESIAN_POINT ( 'NONE',  ( 4.150000002045662700, 23.18800528677813900, -2.299999999999999400 ) ) ;
#4606 = PLANE ( 'NONE',  #2472 ) ;
#4607 = VERTEX_POINT ( 'NONE', #5889 ) ;
#4608 = EDGE_LOOP ( 'NONE', ( #5447, #465, #1611, #5116 ) ) ;
#4609 = LINE ( 'NONE', #369, #1929 ) ;
#4610 = AXIS2_PLACEMENT_3D ( 'NONE', #1712, #1705, #1698 ) ;
#4611 = ORIENTED_EDGE ( 'NONE', *, *, #3342, .T. ) ;
#4612 = DIRECTION ( 'NONE',  ( 0.0000000000000000000, -1.000000000000000000, 0.0000000000000000000 ) ) ;
#4613 = LINE ( 'NONE', #5924, #3324 ) ;
#4614 = CARTESIAN_POINT ( 'NONE',  ( 15.91218822759062800, 21.12472493679034700, -2.500000000000000000 ) ) ;
#4615 = AXIS2_PLACEMENT_3D ( 'NONE', #4512, #5484, #2553 ) ;
#4616 = DIRECTION ( 'NONE',  ( -1.000000000000000000, 0.0000000000000000000, 0.0000000000000000000 ) ) ;
#4617 = VERTEX_POINT ( 'NONE', #2983 ) ;
#4618 = DIRECTION ( 'NONE',  ( 0.8660254037844578000, -0.4999999999999667500, 0.0000000000000000000 ) ) ;
#4619 = DIRECTION ( 'NONE',  ( -0.8202472374359915900, 0.5720091515689448300, 0.0000000000000000000 ) ) ;
#4620 = DIRECTION ( 'NONE',  ( -0.9388763158866082500, 0.3442546491584243000, -0.0000000000000000000 ) ) ;
#4621 = EDGE_CURVE ( 'NONE', #1605, #3806, #5966, .T. ) ;
#4622 = ORIENTED_EDGE ( 'NONE', *, *, #3062, .T. ) ;
#4623 = EDGE_CURVE ( 'NONE', #4747, #3452, #3416, .T. ) ;
#4625 = ORIENTED_EDGE ( 'NONE', *, *, #1174, .F. ) ;
#4624 = CARTESIAN_POINT ( 'NONE',  ( 3.400000002045663100, 24.99962553122773200, -2.500000000000000000 ) ) ;
#4626 = CARTESIAN_POINT ( 'NONE',  ( 17.50000000030953000, -11.87684628507657800, 2.500000000000000000 ) ) ;
#4627 = DIRECTION ( 'NONE',  ( -0.4999999999999074100, 0.8660254037844921100, -0.0000000000000000000 ) ) ;
#4628 = VERTEX_POINT ( 'NONE', #4614 ) ;
#4629 = ORIENTED_EDGE ( 'NONE', *, *, #2022, .F. ) ;
#4630 = ORIENTED_EDGE ( 'NONE', *, *, #5070, .F. ) ;
#4631 = VECTOR ( 'NONE', #3285, 1000.000000000000200 ) ;
#4632 = LINE ( 'NONE', #5567, #622 ) ;
#4633 = DIRECTION ( 'NONE',  ( -0.0000000000000000000, -0.0000000000000000000, -1.000000000000000000 ) ) ;
#4634 = EDGE_CURVE ( 'NONE', #2422, #1953, #5810, .T. ) ;
#4635 = B_SPLINE_CURVE_WITH_KNOTS ( 'NONE', 3,
 ( #1693, #2690, #1162, #5160, #2195, #5643, #2709, #6105, #3243, #168 ),
 .UNSPECIFIED., .F., .F.,
 ( 4, 2, 2, 2, 4 ),
 ( 5.790086258895599900E-018, 0.002741558709465386500, 0.003426948386831729800, 0.004112338064198073200, 0.005483117418930759000 ),
 .UNSPECIFIED. ) ;
#4636 = DIRECTION ( 'NONE',  ( -0.0000000000000000000, 1.000000000000000000, -0.0000000000000000000 ) ) ;
#4637 = CARTESIAN_POINT ( 'NONE',  ( 14.42020092949615200, 24.70892274045544600, 2.500000000000000000 ) ) ;
#4638 = VECTOR ( 'NONE', #1813, 1000.000000000000200 ) ;
#4639 = VERTEX_POINT ( 'NONE', #1606 ) ;
#4640 = DIRECTION ( 'NONE',  ( -0.0000000000000000000, -0.0000000000000000000, -1.000000000000000000 ) ) ;
#4641 = ORIENTED_EDGE ( 'NONE', *, *, #2919, .T. ) ;
#4642 = DIRECTION ( 'NONE',  ( -0.4999999999999735800, -0.8660254037844539200, 0.0000000000000000000 ) ) ;
#4643 = EDGE_CURVE ( 'NONE', #4295, #732, #1881, .T. ) ;
#4644 = ORIENTED_EDGE ( 'NONE', *, *, #5132, .T. ) ;
#4645 = VECTOR ( 'NONE', #1300, 1000.000000000000100 ) ;
#4646 = CYLINDRICAL_SURFACE ( 'NONE', #4652, 0.09999999983820867500 ) ;
#4647 = CARTESIAN_POINT ( 'NONE',  ( -14.50680346973448200, 24.75892274037451600, 2.500000000000000000 ) ) ;
#4648 = EDGE_CURVE ( 'NONE', #1442, #2805, #5670, .T. ) ;
#4649 = PLANE ( 'NONE',  #3633 ) ;
#4650 = DIRECTION ( 'NONE',  ( 0.9396926207803766300, 0.3420201433408672800, -0.0000000000000000000 ) ) ;
#4651 = ORIENTED_EDGE ( 'NONE', *, *, #4648, .F. ) ;
#4652 = AXIS2_PLACEMENT_3D ( 'NONE', #5914, #3020, #4965 ) ;
#4653 = LINE ( 'NONE', #3073, #3028 ) ;
#4654 = ORIENTED_EDGE ( 'NONE', *, *, #3663, .F. ) ;
#4655 = VECTOR ( 'NONE', #704, 1000.000000000000000 ) ;
#4656 = CARTESIAN_POINT ( 'NONE',  ( -18.98045816164531600, 13.91953526797897900, -2.500000000000000000 ) ) ;
#4657 = LINE ( 'NONE', #1588, #1989 ) ;
#4658 = VECTOR ( 'NONE', #1917, 1000.000000000000100 ) ;
#4659 = CARTESIAN_POINT ( 'NONE',  ( -14.62730145530243000, 3.364306421666321900, -1.648326296050603800 ) ) ;
#4660 = DIRECTION ( 'NONE',  ( 1.000000000000000000, 0.0000000000000000000, 0.0000000000000000000 ) ) ;
#4661 = DIRECTION ( 'NONE',  ( -7.283486810990422900E-015, -1.000000000000000000, 0.0000000000000000000 ) ) ;
#4662 = VECTOR ( 'NONE', #576, 1000.000000000000000 ) ;
#4663 = DIRECTION ( 'NONE',  ( -1.000000000000000000, -7.309538116125158200E-015, 0.0000000000000000000 ) ) ;
#4664 = DIRECTION ( 'NONE',  ( 1.000000000000000000, 0.0000000000000000000, 0.0000000000000000000 ) ) ;
#4665 = CARTESIAN_POINT ( 'NONE',  ( 19.84673141573100000, 3.037383591424263500, 1.955923106911013500 ) ) ;
#4666 = VECTOR ( 'NONE', #2992, 1000.000000000000000 ) ;
#4667 = EDGE_CURVE ( 'NONE', #2967, #4380, #3268, .T. ) ;
#4668 = VECTOR ( 'NONE', #28, 1000.000000000000000 ) ;
#4669 = EDGE_LOOP ( 'NONE', ( #317, #3060, #2952, #1729 ) ) ;
#4670 = CARTESIAN_POINT ( 'NONE',  ( -16.30000000210718300, -13.34479547368240300, 2.500000000000000000 ) ) ;
#4671 = EDGE_LOOP ( 'NONE', ( #3227, #3300, #4293, #2642 ) ) ;
#4672 = DIRECTION ( 'NONE',  ( -1.000000000000000000, 0.0000000000000000000, 0.0000000000000000000 ) ) ;
#4673 = CARTESIAN_POINT ( 'NONE',  ( 16.65176380926822800, -12.10413048742109900, -2.500000000000000000 ) ) ;
#4674 = VECTOR ( 'NONE', #441, 1000.000000000000000 ) ;
#4675 = AXIS2_PLACEMENT_3D ( 'NONE', #3034, #4035, #979 ) ;
#4676 = DIRECTION ( 'NONE',  ( -0.4999999999999816300, -0.8660254037844492500, 0.0000000000000000000 ) ) ;
#4677 = EDGE_CURVE ( 'NONE', #4566, #5673, #4401, .T. ) ;
#4678 = ORIENTED_EDGE ( 'NONE', *, *, #787, .T. ) ;
#4679 = VECTOR ( 'NONE', #3567, 1000.000000000000000 ) ;
#4680 = EDGE_CURVE ( 'NONE', #4810, #3256, #3009, .T. ) ;
#4681 = ORIENTED_EDGE ( 'NONE', *, *, #4112, .F. ) ;
#4682 = ORIENTED_EDGE ( 'NONE', *, *, #2295, .T. ) ;
#4683 = DIRECTION ( 'NONE',  ( -0.0000000000000000000, -0.0000000000000000000, -1.000000000000000000 ) ) ;
#4684 = VERTEX_POINT ( 'NONE', #6073 ) ;
#4685 = ORIENTED_EDGE ( 'NONE', *, *, #2912, .F. ) ;
#4686 = EDGE_CURVE ( 'NONE', #3193, #4177, #4258, .T. ) ;
#4687 = CARTESIAN_POINT ( 'NONE',  ( 14.19462856805785800, 24.69962553152921100, 2.500000000000000000 ) ) ;
#4688 = PRODUCT_DEFINITION_SHAPE ( 'NONE', 'NONE',  #5746 ) ;
#4689 = VERTEX_POINT ( 'NONE', #2675 ) ;
#4690 = ADVANCED_FACE ( 'NONE', ( #213 ), #1407, .F. ) ;
#4691 = LINE ( 'NONE', #6366, #3394 ) ;
#4692 = CARTESIAN_POINT ( 'NONE',  ( 7.649999999999990600, 14.99962553122773200, -1.999999999999995300 ) ) ;
#4693 = VERTEX_POINT ( 'NONE', #5142 ) ;
#4694 = ORIENTED_EDGE ( 'NONE', *, *, #1033, .F. ) ;
#4695 = ORIENTED_EDGE ( 'NONE', *, *, #5623, .T. ) ;
#4696 = CARTESIAN_POINT ( 'NONE',  ( 8.745941614163726300, -9.301315623114666300, -2.500000000000000000 ) ) ;
#4697 = CARTESIAN_POINT ( 'NONE',  ( -17.10000000081374000, -10.95060435621951600, -2.500000000000000000 ) ) ;
#4698 = DIRECTION ( 'NONE',  ( 0.9388763158866095800, -0.3442546491584206300, 0.0000000000000000000 ) ) ;
#4699 = CARTESIAN_POINT ( 'NONE',  ( 20.22495105353403800, -14.80085474768197100, 2.500000000000000000 ) ) ;
#4700 = CARTESIAN_POINT ( 'NONE',  ( 3.400000002045663100, 21.49962553123286200, 2.500000000000000000 ) ) ;
#4701 = DIRECTION ( 'NONE',  ( 1.000000000000000000, 0.0000000000000000000, 0.0000000000000000000 ) ) ;
#4702 = ORIENTED_EDGE ( 'NONE', *, *, #4186, .F. ) ;
#4703 = CARTESIAN_POINT ( 'NONE',  ( -17.37850923866328400, 16.57368771732153300, 2.500000000000000000 ) ) ;
#4704 = EDGE_CURVE ( 'NONE', #5525, #2589, #5355, .T. ) ;
#4705 = CARTESIAN_POINT ( 'NONE',  ( 20.14518381436902300, 10.87027740513812000, -1.366694588777386000 ) ) ;
#4706 = EDGE_CURVE ( 'NONE', #2888, #1547, #2913, .T. ) ;
#4707 = CARTESIAN_POINT ( 'NONE',  ( 20.24999999895830900, 1.428256051882032600, 1.548643494635817200 ) ) ;
#4708 = LINE ( 'NONE', #4562, #5666 ) ;
#4709 = VECTOR ( 'NONE', #4416, 1000.000000000000000 ) ;
#4710 = ADVANCED_FACE ( 'NONE', ( #1574 ), #3228, .F. ) ;
#4711 = VECTOR ( 'NONE', #4910, 1000.000000000000100 ) ;
#4712 = VECTOR ( 'NONE', #4181, 1000.000000000000000 ) ;
#4713 = ORIENTED_EDGE ( 'NONE', *, *, #4304, .F. ) ;
#4714 = EDGE_CURVE ( 'NONE', #5723, #1884, #5532, .T. ) ;
#4715 = ORIENTED_EDGE ( 'NONE', *, *, #6316, .T. ) ;
#4716 = CARTESIAN_POINT ( 'NONE',  ( -8.745941614151837100, -9.001315623416152400, 2.500000000000000000 ) ) ;
#4717 = CARTESIAN_POINT ( 'NONE',  ( -17.20000000210718100, -13.10364119968240200, 2.500000000000000000 ) ) ;
#4718 = CARTESIAN_POINT ( 'NONE',  ( -15.91218822759075600, 21.12472493679031500, -2.500000000000000000 ) ) ;
#4719 = FACE_OUTER_BOUND ( 'NONE', #5644, .T. ) ;
#4720 = CARTESIAN_POINT ( 'NONE',  ( -19.85596797782191200, 3.014048503137897400, 1.951065797787746400 ) ) ;
#4721 = LINE ( 'NONE', #1836, #4571 ) ;
#4722 = CARTESIAN_POINT ( 'NONE',  ( -22.30000000017734500, -13.50401566570124400, 2.500000000000000000 ) ) ;
#4723 = FACE_OUTER_BOUND ( 'NONE', #5050, .T. ) ;
#4724 = CARTESIAN_POINT ( 'NONE',  ( -23.20000000021519400, -14.10401566570124200, 2.500000000000000000 ) ) ;
#4725 = CARTESIAN_POINT ( 'NONE',  ( -17.46195718165985900, 18.44044636834958000, -2.500000000000000000 ) ) ;
#4726 = LINE ( 'NONE', #1541, #563 ) ;
#4727 = AXIS2_PLACEMENT_3D ( 'NONE', #4939, #1960, #5407 ) ;
#4728 = VECTOR ( 'NONE', #5325, 1000.000000000000000 ) ;
#4729 = LINE ( 'NONE', #1732, #3433 ) ;
#4730 = ORIENTED_EDGE ( 'NONE', *, *, #3252, .T. ) ;
#4731 = AXIS2_PLACEMENT_3D ( 'NONE', #6266, #2402, #5824 ) ;
#4732 = CIRCLE ( 'NONE', #88, 0.9999999988734819000 ) ;
#4733 = CARTESIAN_POINT ( 'NONE',  ( 20.11971561256670800, 10.88232032028816800, 1.788010497939482400 ) ) ;
#4734 = LINE ( 'NONE', #2293, #5835 ) ;
#4735 = ORIENTED_EDGE ( 'NONE', *, *, #815, .F. ) ;
#4736 = ORIENTED_EDGE ( 'NONE', *, *, #2163, .T. ) ;
#4737 = EDGE_CURVE ( 'NONE', #5839, #4689, #230, .T. ) ;
#4738 = ORIENTED_EDGE ( 'NONE', *, *, #242, .T. ) ;
#4739 = ORIENTED_EDGE ( 'NONE', *, *, #2072, .T. ) ;
#4740 = LINE ( 'NONE', #5622, #5703 ) ;
#4741 = ADVANCED_FACE ( 'NONE', ( #4128 ), #3754, .F. ) ;
#4742 = EDGE_CURVE ( 'NONE', #5864, #4617, #1405, .T. ) ;
#4743 = ORIENTED_EDGE ( 'NONE', *, *, #1291, .F. ) ;
#4744 = DIRECTION ( 'NONE',  ( -1.000000000000000000, 0.0000000000000000000, 0.0000000000000000000 ) ) ;
#4745 = CARTESIAN_POINT ( 'NONE',  ( -19.65238441645491500, 9.610782277107141200, -1.631107783032406800 ) ) ;
#4746 = CARTESIAN_POINT ( 'NONE',  ( -17.20000000210718100, -12.00364120103817500, -2.500000000000000000 ) ) ;
#4747 = VERTEX_POINT ( 'NONE', #2738 ) ;
#4748 = EDGE_LOOP ( 'NONE', ( #3397, #5259, #4772, #3446 ) ) ;
#4749 = AXIS2_PLACEMENT_3D ( 'NONE', #2273, #4284, #6174 ) ;
#4750 = EDGE_CURVE ( 'NONE', #3703, #4014, #5236, .T. ) ;
#4751 = VERTEX_POINT ( 'NONE', #194 ) ;
#4752 = EDGE_CURVE ( 'NONE', #1796, #3785, #1590, .T. ) ;
#4753 = EDGE_LOOP ( 'NONE', ( #5734, #1193, #3180, #5523 ) ) ;
#4754 = LINE ( 'NONE', #3916, #2102 ) ;
#4755 = CARTESIAN_POINT ( 'NONE',  ( 19.34642395682443100, 8.365379175712851300, 2.215234769834202800 ) ) ;
#4756 = VERTEX_POINT ( 'NONE', #5663 ) ;
#4757 = EDGE_CURVE ( 'NONE', #6343, #2644, #1256, .T. ) ;
#4758 = CARTESIAN_POINT ( 'NONE',  ( -21.38826631739767600, -5.627175663125189700, 2.500000000000000000 ) ) ;
#4759 = LINE ( 'NONE', #4011, #5861 ) ;
#4760 = ORIENTED_EDGE ( 'NONE', *, *, #2289, .T. ) ;
#4761 = EDGE_CURVE ( 'NONE', #2592, #1604, #1824, .T. ) ;
#4762 = DIRECTION ( 'NONE',  ( 0.0000000000000000000, 0.0000000000000000000, 1.000000000000000000 ) ) ;
#4763 = VERTEX_POINT ( 'NONE', #216 ) ;
#4764 = AXIS2_PLACEMENT_3D ( 'NONE', #6289, #3440, #372 ) ;
#4765 = CARTESIAN_POINT ( 'NONE',  ( -7.650000000000008300, 14.99962553122773200, 3.469446951953614200E-015 ) ) ;
#4766 = CARTESIAN_POINT ( 'NONE',  ( -17.46921666266651500, 10.67642411053326700, 1.849020048975130100 ) ) ;
#4767 = VERTEX_POINT ( 'NONE', #5207 ) ;
#4768 = AXIS2_PLACEMENT_3D ( 'NONE', #2148, #5095, #113 ) ;
#4769 = ADVANCED_FACE ( 'NONE', ( #3822 ), #6167, .F. ) ;
#4770 = DIRECTION ( 'NONE',  ( 0.0000000000000000000, -1.000000000000000000, 0.0000000000000000000 ) ) ;
#4771 = EDGE_LOOP ( 'NONE', ( #5514, #1640, #6074, #2035 ) ) ;
#4772 = ORIENTED_EDGE ( 'NONE', *, *, #27, .F. ) ;
#4773 = CIRCLE ( 'NONE', #5225, 17.86290880652651200 ) ;
#4774 = LINE ( 'NONE', #595, #3340 ) ;
#4775 = ORIENTED_EDGE ( 'NONE', *, *, #4379, .F. ) ;
#4776 = ORIENTED_EDGE ( 'NONE', *, *, #2409, .T. ) ;
#4777 = CARTESIAN_POINT ( 'NONE',  ( -20.73817910963255100, -15.47136618964875700, -2.299999999999999400 ) ) ;
#4778 = LINE ( 'NONE', #3328, #918 ) ;
#4779 = ORIENTED_EDGE ( 'NONE', *, *, #3297, .F. ) ;
#4780 = AXIS2_PLACEMENT_3D ( 'NONE', #4004, #4967, #1992 ) ;
#4781 = CARTESIAN_POINT ( 'NONE',  ( -18.35575276356144100, 15.00155675722285900, -2.500000000000000000 ) ) ;
#4782 = ORIENTED_EDGE ( 'NONE', *, *, #4198, .F. ) ;
#4783 = CYLINDRICAL_SURFACE ( 'NONE', #4749, 0.9999999988734819000 ) ;
#4784 = VECTOR ( 'NONE', #1988, 1000.000000000000000 ) ;
#4785 = ORIENTED_EDGE ( 'NONE', *, *, #3077, .T. ) ;
#4786 = EDGE_CURVE ( 'NONE', #4968, #1121, #72, .T. ) ;
#4787 = CIRCLE ( 'NONE', #4545, 0.09999999983820867500 ) ;
#4788 = DIRECTION ( 'NONE',  ( 0.0000000000000000000, 0.0000000000000000000, 1.000000000000000000 ) ) ;
#4789 = VECTOR ( 'NONE', #1295, 1000.000000000000000 ) ;
#4790 = VECTOR ( 'NONE', #3124, 1000.000000000000000 ) ;
#4791 = LINE ( 'NONE', #2007, #3364 ) ;
#4792 = DIRECTION ( 'NONE',  ( 0.6560590293043456800, 0.7547095799499564700, -0.0000000000000000000 ) ) ;
#4793 = VECTOR ( 'NONE', #4560, 1000.000000000000000 ) ;
#4794 = CARTESIAN_POINT ( 'NONE',  ( 11.74999999895839400, 1.428256051881970700, -1.172439306139857300 ) ) ;
#4795 = AXIS2_PLACEMENT_3D ( 'NONE', #4501, #1478, #4982 ) ;
#4796 = ORIENTED_EDGE ( 'NONE', *, *, #1132, .F. ) ;
#4797 = ADVANCED_FACE ( 'NONE', ( #5099 ), #5242, .F. ) ;
#4798 = DIRECTION ( 'NONE',  ( 0.0000000000000000000, 0.0000000000000000000, 1.000000000000000000 ) ) ;
#4799 = FACE_OUTER_BOUND ( 'NONE', #4404, .T. ) ;
#4800 = AXIS2_PLACEMENT_3D ( 'NONE', #3175, #6064, #5596 ) ;
#4801 = VERTEX_POINT ( 'NONE', #738 ) ;
#4802 = ORIENTED_EDGE ( 'NONE', *, *, #2203, .F. ) ;
#4803 = FACE_OUTER_BOUND ( 'NONE', #1361, .T. ) ;
#4804 = CARTESIAN_POINT ( 'NONE',  ( 14.19462856805785800, 24.69962553152921100, -2.500000000000000000 ) ) ;
#4805 = VERTEX_POINT ( 'NONE', #3334 ) ;
#4806 = ORIENTED_EDGE ( 'NONE', *, *, #640, .T. ) ;
#4807 = CYLINDRICAL_SURFACE ( 'NONE', #166, 0.09999999983820867500 ) ;
#4808 = EDGE_CURVE ( 'NONE', #5887, #2128, #2459, .T. ) ;
#4809 = ADVANCED_FACE ( 'NONE', ( #6188 ), #2302, .T. ) ;
#4810 = VERTEX_POINT ( 'NONE', #2309 ) ;
#4811 = ORIENTED_EDGE ( 'NONE', *, *, #4841, .F. ) ;
#4812 = EDGE_CURVE ( 'NONE', #6047, #6281, #3673, .T. ) ;
#4813 = VERTEX_POINT ( 'NONE', #2820 ) ;
#4814 = DIRECTION ( 'NONE',  ( -0.9388763158866082500, 0.3442546491584243000, -0.0000000000000000000 ) ) ;
#4816 = ORIENTED_EDGE ( 'NONE', *, *, #3361, .F. ) ;
#4815 = B_SPLINE_CURVE_WITH_KNOTS ( 'NONE', 3,
 ( #2268, #3275, #5197, #2231, #5674, #2746, #6143, #3283, #204, #3788, #727, #4262, #1226, #4745, #1751, #5213, #2254, #5693 ),
 .UNSPECIFIED., .F., .F.,
 ( 4, 2, 2, 2, 2, 2, 2, 2, 4 ),
 ( 6.857096618313869600E-019, 0.002695064454541102700, 0.003368830568176378100, 0.004042596681811653900, 0.005390128909082203700, 0.006737661136352754400, 0.008085193363623304300, 0.009432725590893855900, 0.01078025781816440600 ),
 .UNSPECIFIED. ) ;
#4817 = CARTESIAN_POINT ( 'NONE',  ( 11.74999999895834100, 8.707139886832068900, 2.171729494138005600 ) ) ;
#4818 = DIRECTION ( 'NONE',  ( -0.0000000000000000000, -0.0000000000000000000, -1.000000000000000000 ) ) ;
#4819 =( NAMED_UNIT ( * ) PLANE_ANGLE_UNIT ( ) SI_UNIT ( $, .RADIAN. ) );
#4820 = VERTEX_POINT ( 'NONE', #3359 ) ;
#4821 = EDGE_LOOP ( 'NONE', ( #4394, #1662, #826, #3241 ) ) ;
#4822 = LINE ( 'NONE', #2466, #3549 ) ;
#4823 = EDGE_CURVE ( 'NONE', #5044, #1559, #6050, .T. ) ;
#4824 = VERTEX_POINT ( 'NONE', #789 ) ;
#4825 = ADVANCED_FACE ( 'NONE', ( #933, #2152 ), #5279, .T. ) ;
#4826 = ORIENTED_EDGE ( 'NONE', *, *, #1654, .T. ) ;
#4827 = ORIENTED_EDGE ( 'NONE', *, *, #2716, .F. ) ;
#4828 = CYLINDRICAL_SURFACE ( 'NONE', #5427, 0.9999999988734784600 ) ;
#4829 = ORIENTED_EDGE ( 'NONE', *, *, #2968, .F. ) ;
#4830 = EDGE_CURVE ( 'NONE', #5783, #1319, #4935, .T. ) ;
#4831 = CARTESIAN_POINT ( 'NONE',  ( -14.36241927352164900, 23.80900350523104700, -2.500000000000000000 ) ) ;
#4832 = CARTESIAN_POINT ( 'NONE',  ( 11.74999999895837100, 4.355040764844139800, -1.765829050116358900 ) ) ;
#4833 = CARTESIAN_POINT ( 'NONE',  ( -19.23986165434171600, -17.50401566457473400, 2.500000000000000000 ) ) ;
#4834 = VERTEX_POINT ( 'NONE', #298 ) ;
#4835 = ORIENTED_EDGE ( 'NONE', *, *, #1037, .T. ) ;
#4836 = AXIS2_PLACEMENT_3D ( 'NONE', #3104, #5353, #2421 ) ;
#4837 = ADVANCED_FACE ( 'NONE', ( #783 ), #1984, .T. ) ;
#4838 = VECTOR ( 'NONE', #2777, 1000.000000000000000 ) ;
#4839 = CARTESIAN_POINT ( 'NONE',  ( 11.74999999895837100, 4.355040764844140700, 2.164871000852650200 ) ) ;
#4840 = LINE ( 'NONE', #416, #838 ) ;
#4841 = EDGE_CURVE ( 'NONE', #4985, #1164, #5901, .T. ) ;
#4842 = LINE ( 'NONE', #3187, #3743 ) ;
#4843 = ORIENTED_EDGE ( 'NONE', *, *, #3699, .F. ) ;
#4844 = ORIENTED_EDGE ( 'NONE', *, *, #4954, .T. ) ;
#4845 = DIRECTION ( 'NONE',  ( -0.4999999999999823500, -0.8660254037844488100, -0.0000000000000000000 ) ) ;
#4846 = ORIENTED_EDGE ( 'NONE', *, *, #5263, .T. ) ;
#4847 = LINE ( 'NONE', #1083, #3588 ) ;
#4848 = CARTESIAN_POINT ( 'NONE',  ( -15.31265031846410100, 22.16315505646136000, 2.500000000000000000 ) ) ;
#4849 = AXIS2_PLACEMENT_3D ( 'NONE', #525, #4072, #1015 ) ;
#4850 = DIRECTION ( 'NONE',  ( 0.0000000000000000000, 0.0000000000000000000, -1.000000000000000000 ) ) ;
#4851 = ADVANCED_FACE ( 'NONE', ( #645 ), #1313, .F. ) ;
#4852 = LINE ( 'NONE', #2320, #846 ) ;
#4853 = EDGE_CURVE ( 'NONE', #6296, #3097, #651, .T. ) ;
#4854 = DIRECTION ( 'NONE',  ( -0.0000000000000000000, -0.0000000000000000000, -1.000000000000000000 ) ) ;
#4855 = EDGE_CURVE ( 'NONE', #3843, #1279, #5758, .T. ) ;
#4856 = ADVANCED_FACE ( 'NONE', ( #472 ), #2883, .F. ) ;
#4857 = VECTOR ( 'NONE', #3988, 1000.000000000000000 ) ;
#4858 = EDGE_CURVE ( 'NONE', #4229, #5482, #5614, .T. ) ;
#4859 = CARTESIAN_POINT ( 'NONE',  ( 20.64357146418749900, 1.428256051882035300, 1.548643494635817200 ) ) ;
#4860 = CIRCLE ( 'NONE', #535, 0.2999999996985170900 ) ;
#4861 = LINE ( 'NONE', #3470, #4579 ) ;
#4862 = VECTOR ( 'NONE', #1825, 1000.000000000000000 ) ;
#4863 = EDGE_CURVE ( 'NONE', #439, #1472, #3208, .T. ) ;
#4864 = ORIENTED_EDGE ( 'NONE', *, *, #2499, .F. ) ;
#4865 = ADVANCED_FACE ( 'NONE', ( #1830 ), #1728, .F. ) ;
#4866 = LINE ( 'NONE', #2898, #5833 ) ;
#4867 = AXIS2_PLACEMENT_3D ( 'NONE', #1170, #2201, #5647 ) ;
#4868 = DIRECTION ( 'NONE',  ( -0.8660254037844533600, 0.4999999999999744100, -0.0000000000000000000 ) ) ;
#4869 = CIRCLE ( 'NONE', #687, 0.09999999983820173600 ) ;
#4870 = VECTOR ( 'NONE', #1494, 1000.000000000000100 ) ;
#4871 = AXIS2_PLACEMENT_3D ( 'NONE', #991, #4530, #1516 ) ;
#4872 = DIRECTION ( 'NONE',  ( -1.000000000000000000, 0.0000000000000000000, 0.0000000000000000000 ) ) ;
#4873 = PLANE ( 'NONE',  #1951 ) ;
#4874 = ORIENTED_EDGE ( 'NONE', *, *, #795, .T. ) ;
#4875 = EDGE_LOOP ( 'NONE', ( #683, #3992, #3482, #2088 ) ) ;
#4876 = ORIENTED_EDGE ( 'NONE', *, *, #2751, .F. ) ;
#4877 = VECTOR ( 'NONE', #4627, 1000.000000000000200 ) ;
#4878 = DIRECTION ( 'NONE',  ( -1.000000000000000000, 0.0000000000000000000, 0.0000000000000000000 ) ) ;
#4879 = ORIENTED_EDGE ( 'NONE', *, *, #3435, .F. ) ;
#4880 = VERTEX_POINT ( 'NONE', #4724 ) ;
#4881 = ORIENTED_EDGE ( 'NONE', *, *, #3131, .F. ) ;
#4882 = DIRECTION ( 'NONE',  ( 1.000000000000000000, 0.0000000000000000000, 0.0000000000000000000 ) ) ;
#4883 = VERTEX_POINT ( 'NONE', #6144 ) ;
#4884 = CARTESIAN_POINT ( 'NONE',  ( -19.23986165434171600, -16.50401566570125000, 2.500000000000000000 ) ) ;
#4885 = ORIENTED_EDGE ( 'NONE', *, *, #5290, .T. ) ;
#4886 = ORIENTED_EDGE ( 'NONE', *, *, #4352, .F. ) ;
#4887 = VECTOR ( 'NONE', #2356, 1000.000000000000000 ) ;
#4888 = ADVANCED_FACE ( 'NONE', ( #4350 ), #2853, .T. ) ;
#4889 = AXIS2_PLACEMENT_3D ( 'NONE', #3756, #695, #4239 ) ;
#4890 = ORIENTED_EDGE ( 'NONE', *, *, #4737, .F. ) ;
#4891 = CARTESIAN_POINT ( 'NONE',  ( 11.74999999895839400, 1.428256051881970200, 1.548643494635817200 ) ) ;
#4892 = CARTESIAN_POINT ( 'NONE',  ( 29.19999999541644400, 6.603923229867603200, 2.500000000000000000 ) ) ;
#4893 = DIRECTION ( 'NONE',  ( -0.0000000000000000000, -0.0000000000000000000, -1.000000000000000000 ) ) ;
#4894 = CARTESIAN_POINT ( 'NONE',  ( -20.73817910963255100, -15.47136618964875700, 2.500000000000000000 ) ) ;
#4895 = DIRECTION ( 'NONE',  ( 0.8660254037844242700, -0.5000000000000247600, 0.0000000000000000000 ) ) ;
#4896 = LINE ( 'NONE', #1972, #3634 ) ;
#4897 = ORIENTED_EDGE ( 'NONE', *, *, #4466, .F. ) ;
#4898 = CARTESIAN_POINT ( 'NONE',  ( -19.49959095023150700, -10.43552779699717400, 2.500000000000000000 ) ) ;
#4899 = CARTESIAN_POINT ( 'NONE',  ( -20.95980762013418500, 13.58199169042875300, 2.500000000000000000 ) ) ;
#4900 = EDGE_CURVE ( 'NONE', #4747, #3640, #1672, .T. ) ;
#4901 = CARTESIAN_POINT ( 'NONE',  ( -15.82874028459418600, 19.25796628576226900, -2.500000000000000000 ) ) ;
#4902 = EDGE_LOOP ( 'NONE', ( #2930, #6099, #1212, #2870 ) ) ;
#4903 = DIRECTION ( 'NONE',  ( 0.6560590293043437900, 0.7547095799499581300, -0.0000000000000000000 ) ) ;
#4904 = EDGE_CURVE ( 'NONE', #26, #6285, #4205, .T. ) ;
#4905 = AXIS2_PLACEMENT_3D ( 'NONE', #136, #3202, #4208 ) ;
#4906 = CARTESIAN_POINT ( 'NONE',  ( -20.24999999895830900, 1.428256051882032400, 1.548643494635817200 ) ) ;
#4907 = VERTEX_POINT ( 'NONE', #4746 ) ;
#4908 = CARTESIAN_POINT ( 'NONE',  ( -20.99999999895845100, 13.43199169057949400, -2.500000000000000000 ) ) ;
#4909 = AXIS2_PLACEMENT_3D ( 'NONE', #2207, #2200, #2167 ) ;
#4910 = DIRECTION ( 'NONE',  ( -0.9659258262993569700, -0.2588190450641229000, -0.0000000000000000000 ) ) ;
#4911 = VERTEX_POINT ( 'NONE', #2255 ) ;
#4912 = LINE ( 'NONE', #4228, #912 ) ;
#4913 = CARTESIAN_POINT ( 'NONE',  ( 8.745941614163726300, -9.301315623114666300, 2.500000000000000000 ) ) ;
#4914 = CIRCLE ( 'NONE', #2613, 0.09999999983821387900 ) ;
#4915 = AXIS2_PLACEMENT_3D ( 'NONE', #5682, #2758, #6155 ) ;
#4916 = DIRECTION ( 'NONE',  ( -0.0000000000000000000, -0.0000000000000000000, -1.000000000000000000 ) ) ;
#4917 = ORIENTED_EDGE ( 'NONE', *, *, #363, .F. ) ;
#4918 = DIRECTION ( 'NONE',  ( -1.000000000000000000, -2.409257427401266800E-016, 0.0000000000000000000 ) ) ;
#4919 = CARTESIAN_POINT ( 'NONE',  ( 4.150000002045662700, 22.48800528677813700, 2.500000000000000000 ) ) ;
#4920 = AXIS2_PLACEMENT_3D ( 'NONE', #2763, #1876, #5331 ) ;
#4921 = LINE ( 'NONE', #437, #3656 ) ;
#4922 = ADVANCED_FACE ( 'NONE', ( #1497 ), #2767, .F. ) ;
#4923 = VERTEX_POINT ( 'NONE', #6163 ) ;
#4924 = DIRECTION ( 'NONE',  ( -1.000000000000000000, 0.0000000000000000000, 0.0000000000000000000 ) ) ;
#4925 = VERTEX_POINT ( 'NONE', #1246 ) ;
#4926 = DIRECTION ( 'NONE',  ( 1.000000000000000000, 1.224323820077161300E-015, -0.0000000000000000000 ) ) ;
#4927 = ORIENTED_EDGE ( 'NONE', *, *, #6119, .F. ) ;
#4928 = EDGE_CURVE ( 'NONE', #257, #4301, #4044, .T. ) ;
#4929 = FACE_OUTER_BOUND ( 'NONE', #5183, .T. ) ;
#4930 = LINE ( 'NONE', #5433, #6045 ) ;
#4931 = EDGE_CURVE ( 'NONE', #2172, #2791, #5920, .T. ) ;
#4932 = DIRECTION ( 'NONE',  ( -0.0000000000000000000, -0.0000000000000000000, -1.000000000000000000 ) ) ;
#4933 = VERTEX_POINT ( 'NONE', #5717 ) ;
#4934 = CIRCLE ( 'NONE', #3893, 0.2999999996985170900 ) ;
#4935 = LINE ( 'NONE', #1828, #3510 ) ;
#4936 = CARTESIAN_POINT ( 'NONE',  ( -19.49959095023151100, -7.601762011296005800, -2.500000000000000000 ) ) ;
#4937 = CARTESIAN_POINT ( 'NONE',  ( -3.400000002045663500, 23.46300528677813800, -2.299999999999999400 ) ) ;
#4938 = DIRECTION ( 'NONE',  ( -1.000000000000000000, 0.0000000000000000000, 0.0000000000000000000 ) ) ;
#4939 = CARTESIAN_POINT ( 'NONE',  ( -20.49999999927367600, 12.48269861298670900, -2.500000000000000000 ) ) ;
#4940 = CARTESIAN_POINT ( 'NONE',  ( 20.49999999927367600, 12.48269861298670900, 2.500000000000000000 ) ) ;
#4941 = LINE ( 'NONE', #2600, #4790 ) ;
#4942 = DIRECTION ( 'NONE',  ( -0.0000000000000000000, -0.0000000000000000000, -1.000000000000000000 ) ) ;
#4943 = LINE ( 'NONE', #137, #3516 ) ;
#4944 = EDGE_CURVE ( 'NONE', #5708, #874, #6404, .T. ) ;
#4945 = CARTESIAN_POINT ( 'NONE',  ( -20.55713668712321200, 11.63392459979429500, 2.500000000000000000 ) ) ;
#4946 = VECTOR ( 'NONE', #5015, 999.9999999999998900 ) ;
#4947 = LINE ( 'NONE', #3561, #944 ) ;
#4948 = EDGE_CURVE ( 'NONE', #1279, #2507, #1327, .T. ) ;
#4949 = CARTESIAN_POINT ( 'NONE',  ( -7.650000000000008300, 14.99962553122773200, -1.999999999999997100 ) ) ;
#4950 = CARTESIAN_POINT ( 'NONE',  ( -17.46195718165985900, 18.44044636834958000, 2.500000000000000000 ) ) ;
#4951 = DIRECTION ( 'NONE',  ( -0.0000000000000000000, -0.0000000000000000000, -1.000000000000000000 ) ) ;
#4952 = ORIENTED_EDGE ( 'NONE', *, *, #6012, .T. ) ;
#4953 = ORIENTED_EDGE ( 'NONE', *, *, #458, .F. ) ;
#4954 = EDGE_CURVE ( 'NONE', #4233, #3235, #5159, .T. ) ;
#4955 = DIRECTION ( 'NONE',  ( 0.4999999999999260000, 0.8660254037844814500, -0.0000000000000000000 ) ) ;
#4956 = FACE_OUTER_BOUND ( 'NONE', #5554, .T. ) ;
#4957 = ADVANCED_FACE ( 'NONE', ( #3752 ), #1009, .T. ) ;
#4958 = VERTEX_POINT ( 'NONE', #1285 ) ;
#4959 = ORIENTED_EDGE ( 'NONE', *, *, #4355, .T. ) ;
#4960 = VECTOR ( 'NONE', #4495, 1000.000000000000000 ) ;
#4961 = DIRECTION ( 'NONE',  ( 1.000000000000000000, -3.214049404976714400E-016, 0.0000000000000000000 ) ) ;
#4962 = CARTESIAN_POINT ( 'NONE',  ( 15.82874028459418600, 19.25796628576226900, 2.500000000000000000 ) ) ;
#4963 = AXIS2_PLACEMENT_3D ( 'NONE', #3491, #4465, #1441 ) ;
#4964 = ORIENTED_EDGE ( 'NONE', *, *, #701, .T. ) ;
#4965 = DIRECTION ( 'NONE',  ( -1.000000000000000000, 0.0000000000000000000, 0.0000000000000000000 ) ) ;
#4966 = CARTESIAN_POINT ( 'NONE',  ( 18.20540227523570200, -14.95874432905403000, 2.500000000000000000 ) ) ;
#4967 = DIRECTION ( 'NONE',  ( -1.000000000000000000, 0.0000000000000000000, 0.0000000000000000000 ) ) ;
#4968 = VERTEX_POINT ( 'NONE', #5272 ) ;
#4969 = CARTESIAN_POINT ( 'NONE',  ( -20.73934089607965300, -15.43620512966736800, -2.299999999999999400 ) ) ;
#4970 = EDGE_LOOP ( 'NONE', ( #1753, #3744, #3355, #3797 ) ) ;
#4971 = DIRECTION ( 'NONE',  ( -7.325711850767406400E-015, 1.000000000000000000, 0.0000000000000000000 ) ) ;
#4972 = CYLINDRICAL_SURFACE ( 'NONE', #3644, 18.23354649640247500 ) ;
#4973 = ORIENTED_EDGE ( 'NONE', *, *, #5895, .F. ) ;
#4974 = DIRECTION ( 'NONE',  ( -0.4999999999999784600, -0.8660254037844510300, 0.0000000000000000000 ) ) ;
#4975 = EDGE_LOOP ( 'NONE', ( #1940, #2342, #4886, #3348 ) ) ;
#4976 = CARTESIAN_POINT ( 'NONE',  ( -20.37379076652630200, 13.59700265585159500, 2.500000000000000000 ) ) ;
#4977 = CARTESIAN_POINT ( 'NONE',  ( -16.30000000210718300, -13.34479547368240300, -2.500000000000000000 ) ) ;
#4978 = EDGE_CURVE ( 'NONE', #1055, #6151, #1180, .T. ) ;
#4979 = VECTOR ( 'NONE', #1425, 1000.000000000000000 ) ;
#4980 = CARTESIAN_POINT ( 'NONE',  ( 20.99999999895848300, -3.251124523280756400, 2.500000000000000000 ) ) ;
#4981 = VERTEX_POINT ( 'NONE', #4327 ) ;
#4982 = DIRECTION ( 'NONE',  ( 0.0000000000000000000, 0.0000000000000000000, 1.000000000000000000 ) ) ;
#4983 = AXIS2_PLACEMENT_3D ( 'NONE', #4056, #997, #4540 ) ;
#4984 = EDGE_CURVE ( 'NONE', #2805, #4156, #5014, .T. ) ;
#4985 = VERTEX_POINT ( 'NONE', #6213 ) ;
#4986 = EDGE_CURVE ( 'NONE', #2644, #3646, #4852, .T. ) ;
#4987 = ORIENTED_EDGE ( 'NONE', *, *, #3970, .F. ) ;
#4988 = CARTESIAN_POINT ( 'NONE',  ( -9.027849400102658400, -9.198709580215531600, -2.500000000000000000 ) ) ;
#4989 = ORIENTED_EDGE ( 'NONE', *, *, #3108, .F. ) ;
#4990 = DIRECTION ( 'NONE',  ( 0.0000000000000000000, 0.0000000000000000000, -1.000000000000000000 ) ) ;
#4991 = DIRECTION ( 'NONE',  ( -0.0000000000000000000, -0.0000000000000000000, -1.000000000000000000 ) ) ;
#4992 = ORIENTED_EDGE ( 'NONE', *, *, #1925, .F. ) ;
#4993 = CARTESIAN_POINT ( 'NONE',  ( 8.745941614163726300, -9.001315623416147100, 2.500000000000000000 ) ) ;
#4994 = EDGE_CURVE ( 'NONE', #2573, #3730, #2541, .T. ) ;
#4995 = ORIENTED_EDGE ( 'NONE', *, *, #2876, .T. ) ;
#4996 = ORIENTED_EDGE ( 'NONE', *, *, #4944, .F. ) ;
#4997 = DIRECTION ( 'NONE',  ( -0.0000000000000000000, -0.0000000000000000000, -1.000000000000000000 ) ) ;
#4998 = DIRECTION ( 'NONE',  ( -0.6560590293043437900, -0.7547095799499581300, 0.0000000000000000000 ) ) ;
#4999 = CARTESIAN_POINT ( 'NONE',  ( 13.65426593244120400, 23.02426634344688200, 2.500000000000000000 ) ) ;
#5000 = DIRECTION ( 'NONE',  ( 1.000000000000000000, -0.0000000000000000000, -0.0000000000000000000 ) ) ;
#5001 = CARTESIAN_POINT ( 'NONE',  ( 17.46195718165978400, 18.44044636834895100, 2.500000000000000000 ) ) ;
#5002 = CIRCLE ( 'NONE', #5562, 0.4999999996847734300 ) ;
#5003 = CARTESIAN_POINT ( 'NONE',  ( 11.74999999895837100, 4.355040764844140700, 2.164871000852650200 ) ) ;
#5004 = LINE ( 'NONE', #389, #999 ) ;
#5005 = CARTESIAN_POINT ( 'NONE',  ( -20.15000000011575700, -11.50298649307194400, 2.500000000000000000 ) ) ;
#5006 = DIRECTION ( 'NONE',  ( 1.000000000000000000, 0.0000000000000000000, 0.0000000000000000000 ) ) ;
#5007 = FACE_OUTER_BOUND ( 'NONE', #6342, .T. ) ;
#5008 = VERTEX_POINT ( 'NONE', #5775 ) ;
#5009 = ORIENTED_EDGE ( 'NONE', *, *, #17, .T. ) ;
#5010 = DIRECTION ( 'NONE',  ( 0.4999999999999713600, -0.8660254037844552500, 0.0000000000000000000 ) ) ;
#5011 = ORIENTED_EDGE ( 'NONE', *, *, #6019, .T. ) ;
#5012 = LINE ( 'NONE', #1587, #3750 ) ;
#5013 = ORIENTED_EDGE ( 'NONE', *, *, #3244, .T. ) ;
#5014 = LINE ( 'NONE', #2830, #3589 ) ;
#5015 = DIRECTION ( 'NONE',  ( -0.8660254037780925600, -0.5000000000109917600, -0.0000000000000000000 ) ) ;
#5016 = EDGE_CURVE ( 'NONE', #2401, #2338, #5974, .T. ) ;
#5017 = VECTOR ( 'NONE', #5880, 1000.000000000000000 ) ;
#5018 = AXIS2_PLACEMENT_3D ( 'NONE', #1644, #2667, #6062 ) ;
#5019 = EDGE_CURVE ( 'NONE', #4689, #105, #2218, .T. ) ;
#5020 = VECTOR ( 'NONE', #3017, 1000.000000000000000 ) ;
#5021 = CARTESIAN_POINT ( 'NONE',  ( 14.47020092941525800, 24.62232020021711400, 2.500000000000000000 ) ) ;
#5022 = VECTOR ( 'NONE', #3733, 1000.000000000000000 ) ;
#5023 = LINE ( 'NONE', #1555, #4581 ) ;
#5024 = DIRECTION ( 'NONE',  ( 1.000000000000000000, 2.975191613162611600E-016, 0.0000000000000000000 ) ) ;
#5025 = ORIENTED_EDGE ( 'NONE', *, *, #2912, .T. ) ;
#5026 = CARTESIAN_POINT ( 'NONE',  ( 10.35797482500586300, -11.90364120424362700, 2.500000000000000000 ) ) ;
#5027 = CARTESIAN_POINT ( 'NONE',  ( 17.43068920757620800, 16.60381383641971500, 2.500000000000000000 ) ) ;
#5028 = VECTOR ( 'NONE', #3765, 1000.000000000000000 ) ;
#5029 = DIRECTION ( 'NONE',  ( 0.0000000000000000000, 0.0000000000000000000, 1.000000000000000000 ) ) ;
#5030 = DIRECTION ( 'NONE',  ( -0.0000000000000000000, -0.0000000000000000000, -1.000000000000000000 ) ) ;
#5031 = CARTESIAN_POINT ( 'NONE',  ( -21.70000000021520500, -14.10401566582430500, -2.299999999999999400 ) ) ;
#5032 = CIRCLE ( 'NONE', #6410, 1.999999999999997100 ) ;
#5033 = VECTOR ( 'NONE', #860, 1000.000000000000100 ) ;
#5034 = EDGE_CURVE ( 'NONE', #508, #2027, #4721, .T. ) ;
#5035 = DIRECTION ( 'NONE',  ( -0.0000000000000000000, 0.0000000000000000000, 1.000000000000000000 ) ) ;
#5036 = CARTESIAN_POINT ( 'NONE',  ( -16.86241927253320600, 19.47887648802062800, -2.500000000000000000 ) ) ;
#5037 = DIRECTION ( 'NONE',  ( -0.0000000000000000000, -0.0000000000000000000, -1.000000000000000000 ) ) ;
#5038 = DIRECTION ( 'NONE',  ( -1.000000000000000000, 0.0000000000000000000, 0.0000000000000000000 ) ) ;
#5039 = ORIENTED_EDGE ( 'NONE', *, *, #3632, .F. ) ;
#5040 = ORIENTED_EDGE ( 'NONE', *, *, #2086, .T. ) ;
#5041 = CARTESIAN_POINT ( 'NONE',  ( 20.99999999895848300, -7.846338741309435400, 0.7500000000000000000 ) ) ;
#5042 = LINE ( 'NONE', #6051, #4877 ) ;
#5043 = ORIENTED_EDGE ( 'NONE', *, *, #6259, .T. ) ;
#5044 = VERTEX_POINT ( 'NONE', #4833 ) ;
#5045 = ORIENTED_EDGE ( 'NONE', *, *, #196, .T. ) ;
#5046 = ORIENTED_EDGE ( 'NONE', *, *, #6192, .F. ) ;
#5047 = PLANE ( 'NONE',  #653 ) ;
#5048 = AXIS2_PLACEMENT_3D ( 'NONE', #1409, #5870, #2964 ) ;
#5049 = ORIENTED_EDGE ( 'NONE', *, *, #3980, .T. ) ;
#5050 = EDGE_LOOP ( 'NONE', ( #3088, #5137, #2972, #3351 ) ) ;
#5051 = CARTESIAN_POINT ( 'NONE',  ( 11.74999999895837100, 4.355040764844139800, -1.765829050116358900 ) ) ;
#5052 = AXIS2_PLACEMENT_3D ( 'NONE', #4402, #1372, #4878 ) ;
#5053 = DIRECTION ( 'NONE',  ( -0.0000000000000000000, 1.000000000000000000, -0.0000000000000000000 ) ) ;
#5054 = FACE_OUTER_BOUND ( 'NONE', #5468, .T. ) ;
#5055 = DIRECTION ( 'NONE',  ( -0.9816271833683276600, -0.1908089957846946200, -0.0000000000000000000 ) ) ;
#5056 = CARTESIAN_POINT ( 'NONE',  ( 14.12379076814342600, 24.42232020035681500, 2.500000000000000000 ) ) ;
#5057 = EDGE_LOOP ( 'NONE', ( #4007, #6018, #3311, #1898 ) ) ;
#5058 = VECTOR ( 'NONE', #5919, 1000.000000000000100 ) ;
#5059 = CARTESIAN_POINT ( 'NONE',  ( -3.400000002045663100, 24.99962553122773200, -2.500000000000000000 ) ) ;
#5060 = ORIENTED_EDGE ( 'NONE', *, *, #2862, .T. ) ;
#5061 = EDGE_CURVE ( 'NONE', #5727, #357, #2061, .T. ) ;
#5062 = DIRECTION ( 'NONE',  ( -0.0000000000000000000, -0.0000000000000000000, -1.000000000000000000 ) ) ;
#5063 = CARTESIAN_POINT ( 'NONE',  ( -18.30357279464852000, 14.97143063812468000, -2.500000000000000000 ) ) ;
#5064 = EDGE_CURVE ( 'NONE', #1375, #1275, #5817, .T. ) ;
#5065 = ORIENTED_EDGE ( 'NONE', *, *, #4520, .F. ) ;
#5066 = ORIENTED_EDGE ( 'NONE', *, *, #2503, .T. ) ;
#5067 = CARTESIAN_POINT ( 'NONE',  ( -21.58095238006636800, 0.1270325111404381500, -2.500000000000000000 ) ) ;
#5068 = ORIENTED_EDGE ( 'NONE', *, *, #3569, .T. ) ;
#5069 = AXIS2_PLACEMENT_3D ( 'NONE', #1262, #1770, #5249 ) ;
#5070 = EDGE_CURVE ( 'NONE', #6068, #1307, #3278, .T. ) ;
#5071 = EDGE_CURVE ( 'NONE', #5525, #3995, #4408, .T. ) ;
#5072 = CARTESIAN_POINT ( 'NONE',  ( 20.24999999895820900, 11.63392459979429300, 1.565301008999729700 ) ) ;
#5073 = CARTESIAN_POINT ( 'NONE',  ( -22.60000000021520000, -14.10401566570124200, -2.500000000000000000 ) ) ;
#5074 = DIRECTION ( 'NONE',  ( 0.0000000000000000000, 0.0000000000000000000, 1.000000000000000000 ) ) ;
#5075 = CARTESIAN_POINT ( 'NONE',  ( -20.72020092779813200, 13.79700265571189800, 2.500000000000000000 ) ) ;
#5076 = CARTESIAN_POINT ( 'NONE',  ( 14.17379076806253100, 24.33571766011848300, 2.500000000000000000 ) ) ;
#5077 = EDGE_LOOP ( 'NONE', ( #6269, #2730, #1119, #1430 ) ) ;
#5078 = EDGE_CURVE ( 'NONE', #1035, #5723, #554, .T. ) ;
#5079 = LINE ( 'NONE', #2176, #5217 ) ;
#5080 = VECTOR ( 'NONE', #3601, 1000.000000000000000 ) ;
#5081 = CARTESIAN_POINT ( 'NONE',  ( -23.20000000021519400, -14.10401566570124200, 2.500000000000000000 ) ) ;
#5082 = EDGE_CURVE ( 'NONE', #3392, #2735, #5527, .T. ) ;
#5083 = DIRECTION ( 'NONE',  ( 0.7547095799499581300, 0.6560590293043437900, -0.0000000000000000000 ) ) ;
#5084 = CARTESIAN_POINT ( 'NONE',  ( -21.70000000021520500, -14.66549868070125000, 2.500000000000000000 ) ) ;
#5085 = DIRECTION ( 'NONE',  ( -1.000000000000000000, 0.0000000000000000000, 0.0000000000000000000 ) ) ;
#5086 = LINE ( 'NONE', #5227, #1393 ) ;
#5087 = AXIS2_PLACEMENT_3D ( 'NONE', #5198, #2232, #5675 ) ;
#5088 = EDGE_LOOP ( 'NONE', ( #527, #2676, #4451, #771 ) ) ;
#5089 = ORIENTED_EDGE ( 'NONE', *, *, #6300, .F. ) ;
#5090 = LINE ( 'NONE', #722, #1088 ) ;
#5091 = LINE ( 'NONE', #1934, #1089 ) ;
#5092 = CARTESIAN_POINT ( 'NONE',  ( 15.31265031846410100, 22.16315505646136000, 2.500000000000000000 ) ) ;
#5093 = ORIENTED_EDGE ( 'NONE', *, *, #2671, .F. ) ;
#5094 = CARTESIAN_POINT ( 'NONE',  ( -15.88092025350710700, 19.28809240486044600, -2.500000000000000000 ) ) ;
#5095 = DIRECTION ( 'NONE',  ( -0.4999999999999692500, -0.8660254037844564700, 0.0000000000000000000 ) ) ;
#5096 = FACE_OUTER_BOUND ( 'NONE', #1348, .T. ) ;
#5097 = DIRECTION ( 'NONE',  ( -0.8660254037844564700, -0.4999999999999691900, -0.0000000000000000000 ) ) ;
#5098 = CARTESIAN_POINT ( 'NONE',  ( 15.25621485542343300, 20.37011389410426400, -2.500000000000000000 ) ) ;
#5099 = FACE_OUTER_BOUND ( 'NONE', #1939, .T. ) ;
#5100 = VECTOR ( 'NONE', #2056, 1000.000000000000000 ) ;
#5101 = CIRCLE ( 'NONE', #2468, 0.2000000000000022600 ) ;
#5102 = CARTESIAN_POINT ( 'NONE',  ( 20.24999999895820600, 11.63392459979429300, -1.155781791775945000 ) ) ;
#5103 = LINE ( 'NONE', #511, #4946 ) ;
#5104 = DIRECTION ( 'NONE',  ( 0.4999999999999941700, 0.8660254037844420400, -0.0000000000000000000 ) ) ;
#5105 = VECTOR ( 'NONE', #4291, 1000.000000000000000 ) ;
#5106 = ORIENTED_EDGE ( 'NONE', *, *, #5297, .T. ) ;
#5107 = EDGE_LOOP ( 'NONE', ( #1223, #2581, #1767, #2833 ) ) ;
#5108 = DIRECTION ( 'NONE',  ( -0.0000000000000000000, -0.0000000000000000000, -1.000000000000000000 ) ) ;
#5109 = LINE ( 'NONE', #3147, #6344 ) ;
#5110 = CARTESIAN_POINT ( 'NONE',  ( -9.027849400102658400, -9.198709580215531600, 2.500000000000000000 ) ) ;
#5111 = EDGE_CURVE ( 'NONE', #4607, #4087, #1745, .T. ) ;
#5112 = DIRECTION ( 'NONE',  ( -1.000000000000000000, 0.0000000000000000000, 0.0000000000000000000 ) ) ;
#5113 = CARTESIAN_POINT ( 'NONE',  ( -17.20000000210718100, -13.10364119968240200, 2.500000000000000000 ) ) ;
#5114 = CARTESIAN_POINT ( 'NONE',  ( 19.19999999805115100, 6.603923229867603200, 2.301304169282771400 ) ) ;
#5115 = ORIENTED_EDGE ( 'NONE', *, *, #1449, .T. ) ;
#5116 = ORIENTED_EDGE ( 'NONE', *, *, #2881, .T. ) ;
#5117 = VECTOR ( 'NONE', #537, 1000.000000000000000 ) ;
#5118 = DIRECTION ( 'NONE',  ( -0.0000000000000000000, -0.0000000000000000000, -1.000000000000000000 ) ) ;
#5119 = DIRECTION ( 'NONE',  ( 0.4999999999999752400, -0.8660254037844529200, 0.0000000000000000000 ) ) ;
#5120 = ORIENTED_EDGE ( 'NONE', *, *, #1467, .F. ) ;
#5121 = CARTESIAN_POINT ( 'NONE',  ( 15.90641658462219400, -14.03538993896371800, 2.500000000000000000 ) ) ;
#5122 = ORIENTED_EDGE ( 'NONE', *, *, #1522, .F. ) ;
#5123 = CIRCLE ( 'NONE', #2942, 0.09999999983821214500 ) ;
#5124 = ORIENTED_EDGE ( 'NONE', *, *, #4120, .T. ) ;
#5125 = ORIENTED_EDGE ( 'NONE', *, *, #2948, .F. ) ;
#5126 = LINE ( 'NONE', #4908, #1290 ) ;
#5127 = DIRECTION ( 'NONE',  ( -1.000000000000000000, 0.0000000000000000000, 0.0000000000000000000 ) ) ;
#5128 = ORIENTED_EDGE ( 'NONE', *, *, #3674, .T. ) ;
#5129 = DIRECTION ( 'NONE',  ( -0.0000000000000000000, -0.0000000000000000000, -1.000000000000000000 ) ) ;
#5130 = DIRECTION ( 'NONE',  ( -0.0000000000000000000, -0.0000000000000000000, -1.000000000000000000 ) ) ;
#5131 = ORIENTED_EDGE ( 'NONE', *, *, #3647, .F. ) ;
#5132 = EDGE_CURVE ( 'NONE', #1778, #2888, #1579, .T. ) ;
#5133 = VERTEX_POINT ( 'NONE', #3894 ) ;
#5134 = ORIENTED_EDGE ( 'NONE', *, *, #2034, .F. ) ;
#5135 = DIRECTION ( 'NONE',  ( -1.000000000000000000, -2.975191613162611600E-016, 0.0000000000000000000 ) ) ;
#5136 = EDGE_CURVE ( 'NONE', #2097, #778, #2924, .T. ) ;
#5137 = ORIENTED_EDGE ( 'NONE', *, *, #3322, .F. ) ;
#5138 = EDGE_LOOP ( 'NONE', ( #1803, #3144, #4021, #916 ) ) ;
#5139 = ORIENTED_EDGE ( 'NONE', *, *, #4023, .T. ) ;
#5140 = SURFACE_STYLE_FILL_AREA ( #3857 ) ;
#5141 = ADVANCED_FACE ( 'NONE', ( #1400 ), #4873, .F. ) ;
#5142 = CARTESIAN_POINT ( 'NONE',  ( -16.75380384057941200, 17.65570920656541200, -2.500000000000000000 ) ) ;
#5143 = EDGE_CURVE ( 'NONE', #5713, #4297, #62, .T. ) ;
#5144 = CARTESIAN_POINT ( 'NONE',  ( 10.35797482500594100, -11.41005778916108500, -2.500000000000000000 ) ) ;
#5145 = ORIENTED_EDGE ( 'NONE', *, *, #4928, .F. ) ;
#5146 = FACE_OUTER_BOUND ( 'NONE', #871, .T. ) ;
#5147 = COLOUR_RGB ( '',0.003921568627450980300, 0.2352941176470588200, 0.8235294117647058400 ) ;
#5148 = ORIENTED_EDGE ( 'NONE', *, *, #5765, .T. ) ;
#5149 = VECTOR ( 'NONE', #4412, 1000.000000000000100 ) ;
#5150 = CARTESIAN_POINT ( 'NONE',  ( -20.32312030118735500, -5.543763817130849400, 0.7500000000000000000 ) ) ;
#5151 = FACE_OUTER_BOUND ( 'NONE', #6008, .T. ) ;
#5152 = EDGE_LOOP ( 'NONE', ( #869, #3481 ) ) ;
#5153 = ORIENTED_EDGE ( 'NONE', *, *, #509, .T. ) ;
#5154 = EDGE_CURVE ( 'NONE', #1139, #4981, #5364, .T. ) ;
#5155 = CARTESIAN_POINT ( 'NONE',  ( 17.50000000030953000, -13.00364120407689400, 2.500000000000000000 ) ) ;
#5156 = ORIENTED_EDGE ( 'NONE', *, *, #6399, .F. ) ;
#5157 = LINE ( 'NONE', #5544, #6249 ) ;
#5158 = ORIENTED_EDGE ( 'NONE', *, *, #1165, .T. ) ;
#5159 = LINE ( 'NONE', #6177, #6252 ) ;
#5160 = CARTESIAN_POINT ( 'NONE',  ( 19.51183993649668100, 4.115638302576306800, -1.737188796804014700 ) ) ;
#5161 = LINE ( 'NONE', #910, #1329 ) ;
#5162 = DIRECTION ( 'NONE',  ( -1.000000000000000000, 0.0000000000000000000, 0.0000000000000000000 ) ) ;
#5163 = DIRECTION ( 'NONE',  ( -0.0000000000000000000, -0.0000000000000000000, -1.000000000000000000 ) ) ;
#5164 = VECTOR ( 'NONE', #5406, 1000.000000000000000 ) ;
#5165 = CARTESIAN_POINT ( 'NONE',  ( -19.48336258580518200, 8.978192378933293600, 2.138142120202636500 ) ) ;
#5166 = VECTOR ( 'NONE', #3717, 1000.000000000000000 ) ;
#5167 = FACE_OUTER_BOUND ( 'NONE', #546, .T. ) ;
#5168 = CARTESIAN_POINT ( 'NONE',  ( -11.74999999895834100, 8.707139886832070600, -1.758960387251772700 ) ) ;
#5169 = ADVANCED_FACE ( 'NONE', ( #2625 ), #4417, .F. ) ;
#5170 = ORIENTED_EDGE ( 'NONE', *, *, #1567, .T. ) ;
#5171 = EDGE_CURVE ( 'NONE', #874, #3852, #1252, .T. ) ;
#5172 = LINE ( 'NONE', #3237, #5028 ) ;
#5173 = CARTESIAN_POINT ( 'NONE',  ( 20.55713668712320800, 11.63392459979429500, -1.155781791775945000 ) ) ;
#5174 = DIRECTION ( 'NONE',  ( -0.0000000000000000000, -0.0000000000000000000, -1.000000000000000000 ) ) ;
#5175 = VECTOR ( 'NONE', #3556, 1000.000000000000000 ) ;
#5176 = ORIENTED_EDGE ( 'NONE', *, *, #458, .T. ) ;
#5177 = EDGE_CURVE ( 'NONE', #673, #6396, #2772, .T. ) ;
#5178 = EDGE_LOOP ( 'NONE', ( #581, #1470, #4927, #3900 ) ) ;
#5179 = LINE ( 'NONE', #561, #6271 ) ;
#5180 = EDGE_CURVE ( 'NONE', #2097, #2739, #5091, .T. ) ;
#5181 = VERTEX_POINT ( 'NONE', #5871 ) ;
#5182 = DIRECTION ( 'NONE',  ( -0.6560590293043456800, -0.7547095799499564700, 0.0000000000000000000 ) ) ;
#5183 = EDGE_LOOP ( 'NONE', ( #5697, #4694, #101, #3013 ) ) ;
#5184 = ORIENTED_EDGE ( 'NONE', *, *, #5378, .F. ) ;
#5185 = EDGE_CURVE ( 'NONE', #432, #6109, #2450, .T. ) ;
#5186 = ORIENTED_EDGE ( 'NONE', *, *, #5690, .T. ) ;
#5187 = DIRECTION ( 'NONE',  ( -0.9659258260712007000, 0.2588190459156135000, -0.0000000000000000000 ) ) ;
#5188 = DIRECTION ( 'NONE',  ( 0.6560590293043456800, -0.7547095799499564700, 0.0000000000000000000 ) ) ;
#5189 = CARTESIAN_POINT ( 'NONE',  ( -20.41524725899260800, 1.805722314011386100, 1.661833015041113100 ) ) ;
#5190 = EDGE_CURVE ( 'NONE', #966, #4820, #6182, .T. ) ;
#5191 = VERTEX_POINT ( 'NONE', #2449 ) ;
#5192 = CARTESIAN_POINT ( 'NONE',  ( 18.35575276356144100, 15.00155675722285900, 2.500000000000000000 ) ) ;
#5193 = ORIENTED_EDGE ( 'NONE', *, *, #4511, .F. ) ;
#5194 = CARTESIAN_POINT ( 'NONE',  ( 20.55713668712320800, 11.63392459979429500, 1.565301008999729700 ) ) ;
#5195 = LINE ( 'NONE', #2869, #4887 ) ;
#5196 = AXIS2_PLACEMENT_3D ( 'NONE', #2243, #5681, #2755 ) ;
#5197 = CARTESIAN_POINT ( 'NONE',  ( -19.83284743287499200, 2.990187490365355600, -1.572409028274331000 ) ) ;
#5198 = CARTESIAN_POINT ( 'NONE',  ( 10.35797482500586300, -11.90364120424349400, 2.500000000000000000 ) ) ;
#5199 = DIRECTION ( 'NONE',  ( -0.9659258262992741500, -0.2588190450644317600, 0.0000000000000000000 ) ) ;
#5200 = ORIENTED_EDGE ( 'NONE', *, *, #2175, .T. ) ;
#5201 = AXIS2_PLACEMENT_3D ( 'NONE', #144, #3729, #674 ) ;
#5202 = VECTOR ( 'NONE', #1994, 1000.000000000000000 ) ;
#5203 = ORIENTED_EDGE ( 'NONE', *, *, #1726, .T. ) ;
#5204 = ADVANCED_FACE ( 'NONE', ( #2294 ), #926, .F. ) ;
#5205 = ORIENTED_EDGE ( 'NONE', *, *, #4704, .F. ) ;
#5206 = VERTEX_POINT ( 'NONE', #6351 ) ;
#5207 = CARTESIAN_POINT ( 'NONE',  ( -16.20000000215205200, -11.70364120133965200, -2.500000000000000000 ) ) ;
#5208 = ORIENTED_EDGE ( 'NONE', *, *, #5219, .F. ) ;
#5209 = CARTESIAN_POINT ( 'NONE',  ( 20.99999999895844700, 12.48269861298670900, 2.500000000000000000 ) ) ;
#5210 = CARTESIAN_POINT ( 'NONE',  ( -9.027849400102658400, -9.198709580215531600, 2.500000000000000000 ) ) ;
#5211 = ORIENTED_EDGE ( 'NONE', *, *, #2289, .F. ) ;
#5212 = DIRECTION ( 'NONE',  ( -0.0000000000000000000, -0.0000000000000000000, -1.000000000000000000 ) ) ;
#5213 = CARTESIAN_POINT ( 'NONE',  ( -20.13838193275218200, 10.85662405734626600, -1.370237992788822900 ) ) ;
#5214 = CARTESIAN_POINT ( 'NONE',  ( 17.50000000030953000, -13.00364120407689400, -2.500000000000000000 ) ) ;
#5215 = PLANE ( 'NONE',  #755 ) ;
#5216 = VERTEX_POINT ( 'NONE', #4001 ) ;
#5217 = VECTOR ( 'NONE', #5619, 1000.000000000000000 ) ;
#5218 = VECTOR ( 'NONE', #501, 1000.000000000000000 ) ;
#5219 = EDGE_CURVE ( 'NONE', #2999, #6168, #6320, .T. ) ;
#5220 = LINE ( 'NONE', #2247, #2617 ) ;
#5221 = ORIENTED_EDGE ( 'NONE', *, *, #300, .F. ) ;
#5222 = CARTESIAN_POINT ( 'NONE',  ( 19.19999999805115100, 7.047441096498287600, 2.300189534269237300 ) ) ;
#5223 = EDGE_CURVE ( 'NONE', #3806, #2435, #4930, .T. ) ;
#5224 = ORIENTED_EDGE ( 'NONE', *, *, #4904, .F. ) ;
#5225 = AXIS2_PLACEMENT_3D ( 'NONE', #186, #3768, #705 ) ;
#5226 = PLANE ( 'NONE',  #84 ) ;
#5227 = CARTESIAN_POINT ( 'NONE',  ( -20.85680346795562200, 13.76040011539258100, 2.500000000000000000 ) ) ;
#5228 = VECTOR ( 'NONE', #2724, 1000.000000000000000 ) ;
#5229 = VECTOR ( 'NONE', #1389, 1000.000000000000000 ) ;
#5230 = CARTESIAN_POINT ( 'NONE',  ( -19.49959095023150700, -10.43552779699717400, -2.500000000000000000 ) ) ;
#5231 = ORIENTED_EDGE ( 'NONE', *, *, #2269, .F. ) ;
#5232 = ADVANCED_FACE ( 'NONE', ( #3503 ), #4646, .F. ) ;
#5233 = LINE ( 'NONE', #4626, #3962 ) ;
#5234 = DIRECTION ( 'NONE',  ( 0.0000000000000000000, 1.000000000000000000, 0.0000000000000000000 ) ) ;
#5235 = AXIS2_PLACEMENT_3D ( 'NONE', #1817, #1807, #1799 ) ;
#5236 = LINE ( 'NONE', #2221, #3963 ) ;
#5237 = AXIS2_PLACEMENT_3D ( 'NONE', #4240, #715, #4254 ) ;
#5238 = VECTOR ( 'NONE', #5943, 1000.000000000000000 ) ;
#5239 = LINE ( 'NONE', #951, #3969 ) ;
#5240 = AXIS2_PLACEMENT_3D ( 'NONE', #1525, #1548, #5035 ) ;
#5241 = CYLINDRICAL_SURFACE ( 'NONE', #2479, 0.1999999999999987900 ) ;
#5242 = PLANE ( 'NONE',  #726 ) ;
#5243 = LINE ( 'NONE', #100, #2640 ) ;
#5244 = PLANE ( 'NONE',  #767 ) ;
#5245 = EDGE_CURVE ( 'NONE', #6247, #4487, #2143, .T. ) ;
#5246 = VERTEX_POINT ( 'NONE', #476 ) ;
#5247 = ORIENTED_EDGE ( 'NONE', *, *, #4076, .T. ) ;
#5248 = EDGE_CURVE ( 'NONE', #2979, #3863, #927, .T. ) ;
#5249 = DIRECTION ( 'NONE',  ( 0.0000000000000000000, 0.0000000000000000000, 1.000000000000000000 ) ) ;
#5250 = VECTOR ( 'NONE', #5504, 1000.000000000000000 ) ;
#5251 = CARTESIAN_POINT ( 'NONE',  ( -15.20403488651030900, 20.33998777500614700, 2.500000000000000000 ) ) ;
#5252 = DIRECTION ( 'NONE',  ( -0.4999999999999765200, -0.8660254037844522500, 0.0000000000000000000 ) ) ;
#5253 = DIRECTION ( 'NONE',  ( 0.0000000000000000000, 0.0000000000000000000, 1.000000000000000000 ) ) ;
#5254 = ORIENTED_EDGE ( 'NONE', *, *, #2879, .T. ) ;
#5255 = ORIENTED_EDGE ( 'NONE', *, *, #980, .T. ) ;
#5256 = FACE_OUTER_BOUND ( 'NONE', #1075, .T. ) ;
#5257 = ORIENTED_EDGE ( 'NONE', *, *, #95, .F. ) ;
#5258 = EDGE_CURVE ( 'NONE', #2803, #2979, #3354, .T. ) ;
#5259 = ORIENTED_EDGE ( 'NONE', *, *, #3027, .F. ) ;
#5260 = VECTOR ( 'NONE', #2943, 1000.000000000000000 ) ;
#5261 = CARTESIAN_POINT ( 'NONE',  ( -7.650000000000008300, 14.99962553122773200, 2.000000000000004000 ) ) ;
#5262 = VERTEX_POINT ( 'NONE', #3044 ) ;
#5263 = EDGE_CURVE ( 'NONE', #6151, #2138, #5748, .T. ) ;
#5264 = ORIENTED_EDGE ( 'NONE', *, *, #6126, .F. ) ;
#5265 = FACE_OUTER_BOUND ( 'NONE', #57, .T. ) ;
#5266 = EDGE_CURVE ( 'NONE', #3723, #2791, #4484, .T. ) ;
#5267 = B_SPLINE_CURVE_WITH_KNOTS ( 'NONE', 3,
 ( #153, #3233, #1704, #5165, #2206, #5653, #2720, #6116, #3254, #178, #3759, #698, #4242, #1198, #4720, #1724, #5189, #2224 ),
 .UNSPECIFIED., .F., .F.,
 ( 4, 2, 2, 2, 2, 2, 2, 2, 4 ),
 ( 1.788112030672749000E-018, 0.002696431092030402800, 0.003370538865038004500, 0.004044646638045606600, 0.005392862184060805700, 0.006741077730076004700, 0.008089293276091204600, 0.009437508822106404500, 0.01078572436812160400 ),
 .UNSPECIFIED. ) ;
#5268 = ORIENTED_EDGE ( 'NONE', *, *, #3647, .T. ) ;
#5269 = EDGE_LOOP ( 'NONE', ( #471, #3526, #6137, #2580 ) ) ;
#5270 = CARTESIAN_POINT ( 'NONE',  ( 18.41218822660231100, 16.79459791957988600, 2.500000000000000000 ) ) ;
#5271 = CARTESIAN_POINT ( 'NONE',  ( -17.43068920757620800, 16.60381383641971500, -2.500000000000000000 ) ) ;
#5272 = CARTESIAN_POINT ( 'NONE',  ( -15.49999999999406200, -11.00364120398717200, 2.500000000000000000 ) ) ;
#5273 = ORIENTED_EDGE ( 'NONE', *, *, #5818, .F. ) ;
#5274 = ORIENTED_EDGE ( 'NONE', *, *, #5690, .F. ) ;
#5275 = AXIS2_PLACEMENT_3D ( 'NONE', #407, #3965, #909 ) ;
#5276 = ADVANCED_FACE ( 'NONE', ( #1820 ), #5479, .F. ) ;
#5277 = ORIENTED_EDGE ( 'NONE', *, *, #488, .T. ) ;
#5278 = ORIENTED_EDGE ( 'NONE', *, *, #5928, .T. ) ;
#5279 = PLANE ( 'NONE',  #2093 ) ;
#5280 = ORIENTED_EDGE ( 'NONE', *, *, #3584, .T. ) ;
#5281 = VERTEX_POINT ( 'NONE', #4551 ) ;
#5282 = EDGE_CURVE ( 'NONE', #1423, #455, #5893, .T. ) ;
#5283 = DIRECTION ( 'NONE',  ( -0.8660254037846431000, -0.4999999999996457800, 0.0000000000000000000 ) ) ;
#5284 = CARTESIAN_POINT ( 'NONE',  ( 18.92827819273239200, 13.88940914888079800, -2.500000000000000000 ) ) ;
#5285 = LINE ( 'NONE', #4717, #1311 ) ;
#5286 = LINE ( 'NONE', #3892, #6391 ) ;
#5287 = CARTESIAN_POINT ( 'NONE',  ( -20.85680346795562200, 13.76040011539258100, -2.500000000000000000 ) ) ;
#5288 = AXIS2_PLACEMENT_3D ( 'NONE', #2021, #4517, #1500 ) ;
#5289 = ADVANCED_FACE ( 'NONE', ( #3021 ), #2029, .F. ) ;
#5290 = EDGE_CURVE ( 'NONE', #6373, #3235, #1664, .T. ) ;
#5291 = ORIENTED_EDGE ( 'NONE', *, *, #4318, .T. ) ;
#5292 = EDGE_CURVE ( 'NONE', #1777, #4441, #4340, .T. ) ;
#5293 = VECTOR ( 'NONE', #4868, 1000.000000000000100 ) ;
#5294 = FACE_OUTER_BOUND ( 'NONE', #2917, .T. ) ;
#5295 = ORIENTED_EDGE ( 'NONE', *, *, #710, .T. ) ;
#5296 = ORIENTED_EDGE ( 'NONE', *, *, #4271, .F. ) ;
#5297 = EDGE_CURVE ( 'NONE', #1164, #103, #5607, .T. ) ;
#5298 = LINE ( 'NONE', #4574, #4042 ) ;
#5299 = ORIENTED_EDGE ( 'NONE', *, *, #363, .T. ) ;
#5300 = CARTESIAN_POINT ( 'NONE',  ( -3.150000002174445000, 21.35528796400981800, 2.500000000000000000 ) ) ;
#5301 = ADVANCED_FACE ( 'NONE', ( #4195 ), #4037, .F. ) ;
#5302 = LINE ( 'NONE', #1973, #4857 ) ;
#5303 = FACE_OUTER_BOUND ( 'NONE', #2249, .T. ) ;
#5304 = LINE ( 'NONE', #6076, #154 ) ;
#5305 = FACE_OUTER_BOUND ( 'NONE', #6079, .T. ) ;
#5306 = VECTOR ( 'NONE', #4576, 1000.000000000000000 ) ;
#5307 = ORIENTED_EDGE ( 'NONE', *, *, #3967, .T. ) ;
#5308 = ORIENTED_EDGE ( 'NONE', *, *, #1154, .T. ) ;
#5309 = EDGE_LOOP ( 'NONE', ( #1921, #562, #4996, #3067 ) ) ;
#5310 = CIRCLE ( 'NONE', #2988, 0.2999999999999981600 ) ;
#5311 = ORIENTED_EDGE ( 'NONE', *, *, #3887, .F. ) ;
#5312 = ORIENTED_EDGE ( 'NONE', *, *, #701, .F. ) ;
#5313 = ADVANCED_FACE ( 'NONE', ( #1488 ), #1318, .F. ) ;
#5314 = ORIENTED_EDGE ( 'NONE', *, *, #1105, .T. ) ;
#5315 = LINE ( 'NONE', #6009, #1349 ) ;
#5316 = EDGE_CURVE ( 'NONE', #4388, #3090, #2694, .T. ) ;
#5317 = ORIENTED_EDGE ( 'NONE', *, *, #3116, .F. ) ;
#5318 = ADVANCED_FACE ( 'NONE', ( #5294 ), #3878, .F. ) ;
#5319 = AXIS2_PLACEMENT_3D ( 'NONE', #4460, #1434, #4938 ) ;
#5320 = EDGE_CURVE ( 'NONE', #1913, #3546, #134, .T. ) ;
#5321 = EDGE_LOOP ( 'NONE', ( #3531, #159, #5335, #5483 ) ) ;
#5322 = ORIENTED_EDGE ( 'NONE', *, *, #2202, .F. ) ;
#5323 = ORIENTED_EDGE ( 'NONE', *, *, #3361, .T. ) ;
#5324 = CARTESIAN_POINT ( 'NONE',  ( -13.65426593244120400, 23.02426634344688200, -2.500000000000000000 ) ) ;
#5325 = DIRECTION ( 'NONE',  ( -0.0000000000000000000, -0.0000000000000000000, -1.000000000000000000 ) ) ;
#5326 = VERTEX_POINT ( 'NONE', #4137 ) ;
#5327 = CARTESIAN_POINT ( 'NONE',  ( 19.19999999805115100, 6.603923229867603200, 2.301304169282771400 ) ) ;
#5328 = ADVANCED_FACE ( 'NONE', ( #2533 ), #1584, .F. ) ;
#5329 = LINE ( 'NONE', #3853, #2886 ) ;
#5330 = ORIENTED_EDGE ( 'NONE', *, *, #1377, .F. ) ;
#5331 = DIRECTION ( 'NONE',  ( 1.000000000000000000, 0.0000000000000000000, 0.0000000000000000000 ) ) ;
#5332 = EDGE_CURVE ( 'NONE', #6086, #4824, #1167, .T. ) ;
#5333 = CARTESIAN_POINT ( 'NONE',  ( -14.11799792589666300, -7.206621711956799500, 2.500000000000000000 ) ) ;
#5334 = LINE ( 'NONE', #1391, #4090 ) ;
#5335 = ORIENTED_EDGE ( 'NONE', *, *, #1366, .F. ) ;
#5336 = ORIENTED_EDGE ( 'NONE', *, *, #3575, .F. ) ;
#5337 = AXIS2_PLACEMENT_3D ( 'NONE', #3760, #3616, #3592 ) ;
#5338 = ORIENTED_EDGE ( 'NONE', *, *, #1508, .F. ) ;
#5339 = PLANE ( 'NONE',  #4731 ) ;
#5340 = ORIENTED_EDGE ( 'NONE', *, *, #2603, .T. ) ;
#5341 = CARTESIAN_POINT ( 'NONE',  ( -16.75380384057941200, 17.65570920656541200, 2.500000000000000000 ) ) ;
#5342 = SURFACE_SIDE_STYLE ('',( #129 ) ) ;
#5343 = CARTESIAN_POINT ( 'NONE',  ( -14.50680346973448200, 24.75892274037451600, -2.500000000000000000 ) ) ;
#5344 = AXIS2_PLACEMENT_3D ( 'NONE', #4892, #5848, #1906 ) ;
#5345 = CARTESIAN_POINT ( 'NONE',  ( 20.24999999895820900, 11.63392459979429300, -1.155781791775945000 ) ) ;
#5346 = ADVANCED_FACE ( 'NONE', ( #5007 ), #1000, .F. ) ;
#5347 = DIRECTION ( 'NONE',  ( -0.0000000000000000000, -0.0000000000000000000, -1.000000000000000000 ) ) ;
#5348 = VERTEX_POINT ( 'NONE', #3667 ) ;
#5349 = DIRECTION ( 'NONE',  ( 1.000000000000000000, 0.0000000000000000000, 0.0000000000000000000 ) ) ;
#5350 = CIRCLE ( 'NONE', #2814, 0.2999999996985188700 ) ;
#5351 = VECTOR ( 'NONE', #5913, 1000.000000000000000 ) ;
#5352 = EDGE_CURVE ( 'NONE', #2657, #3696, #2361, .T. ) ;
#5353 = DIRECTION ( 'NONE',  ( -0.1908089957846906500, -0.9816271833683285500, 0.0000000000000000000 ) ) ;
#5354 = ADVANCED_FACE ( 'NONE', ( #5151 ), #2210, .F. ) ;
#5355 = CIRCLE ( 'NONE', #3593, 0.09999999983820867500 ) ;
#5356 = EDGE_CURVE ( 'NONE', #2106, #748, #4842, .T. ) ;
#5357 = VECTOR ( 'NONE', #1722, 1000.000000000000000 ) ;
#5358 = VERTEX_POINT ( 'NONE', #5587 ) ;
#5359 = DIRECTION ( 'NONE',  ( -0.0000000000000000000, -0.0000000000000000000, -1.000000000000000000 ) ) ;
#5360 = ORIENTED_EDGE ( 'NONE', *, *, #430, .F. ) ;
#5361 = LINE ( 'NONE', #4703, #5228 ) ;
#5362 = CARTESIAN_POINT ( 'NONE',  ( 16.75380384057941200, 17.65570920656541200, 2.500000000000000000 ) ) ;
#5363 = AXIS2_PLACEMENT_3D ( 'NONE', #777, #5750, #2828 ) ;
#5364 = LINE ( 'NONE', #1910, #3958 ) ;
#5365 = EDGE_CURVE ( 'NONE', #6011, #4639, #6242, .T. ) ;
#5366 = CARTESIAN_POINT ( 'NONE',  ( -15.49999999999406200, -11.70364120424378600, 2.500000000000000000 ) ) ;
#5367 = EDGE_CURVE ( 'NONE', #5181, #4226, #3580, .T. ) ;
#5368 = ORIENTED_EDGE ( 'NONE', *, *, #3376, .F. ) ;
#5369 = DIRECTION ( 'NONE',  ( 0.0000000000000000000, -0.0000000000000000000, 1.000000000000000000 ) ) ;
#5370 = VECTOR ( 'NONE', #5557, 1000.000000000000100 ) ;
#5371 = VECTOR ( 'NONE', #173, 1000.000000000000000 ) ;
#5372 = CARTESIAN_POINT ( 'NONE',  ( 14.36241927352164900, 23.80900350523104700, 2.500000000000000000 ) ) ;
#5373 = EDGE_CURVE ( 'NONE', #2490, #5008, #839, .T. ) ;
#5374 = ORIENTED_EDGE ( 'NONE', *, *, #772, .T. ) ;
#5375 = VECTOR ( 'NONE', #2119, 1000.000000000000000 ) ;
#5376 = LINE ( 'NONE', #972, #5238 ) ;
#5377 = VECTOR ( 'NONE', #1024, 1000.000000000000100 ) ;
#5378 = EDGE_CURVE ( 'NONE', #4371, #2454, #3417, .T. ) ;
#5379 = CARTESIAN_POINT ( 'NONE',  ( -21.58095238006636800, 0.1270325111404381500, 2.500000000000000000 ) ) ;
#5380 = ORIENTED_EDGE ( 'NONE', *, *, #893, .T. ) ;
#5381 = LINE ( 'NONE', #1999, #2638 ) ;
#5382 = ADVANCED_FACE ( 'NONE', ( #2053 ), #5672, .F. ) ;
#5383 = VECTOR ( 'NONE', #682, 1000.000000000000000 ) ;
#5384 = DIRECTION ( 'NONE',  ( -1.000000000000000000, 0.0000000000000000000, 0.0000000000000000000 ) ) ;
#5385 = AXIS2_PLACEMENT_3D ( 'NONE', #641, #3188, #4663 ) ;
#5386 = DIRECTION ( 'NONE',  ( -0.0000000000000000000, -0.0000000000000000000, -1.000000000000000000 ) ) ;
#5387 = ORIENTED_EDGE ( 'NONE', *, *, #1942, .F. ) ;
#5388 = ORIENTED_EDGE ( 'NONE', *, *, #3793, .T. ) ;
#5389 = EDGE_LOOP ( 'NONE', ( #3864, #4526, #2131, #3134 ) ) ;
#5390 = PLANE ( 'NONE',  #2441 ) ;
#5391 = ORIENTED_EDGE ( 'NONE', *, *, #2977, .F. ) ;
#5392 = CIRCLE ( 'NONE', #1386, 0.1982033569999965000 ) ;
#5393 = ORIENTED_EDGE ( 'NONE', *, *, #6081, .F. ) ;
#5394 = DIRECTION ( 'NONE',  ( -0.0000000000000000000, -0.0000000000000000000, 1.000000000000000000 ) ) ;
#5395 = ORIENTED_EDGE ( 'NONE', *, *, #5070, .T. ) ;
#5396 = DIRECTION ( 'NONE',  ( -1.000000000000000000, 0.0000000000000000000, 0.0000000000000000000 ) ) ;
#5397 = CARTESIAN_POINT ( 'NONE',  ( 4.150000002045662700, 22.48800528677813700, -2.299999999999999400 ) ) ;
#5398 = FACE_OUTER_BOUND ( 'NONE', #3530, .T. ) ;
#5399 = EDGE_LOOP ( 'NONE', ( #2687, #3600, #3346, #3749 ) ) ;
#5400 = EDGE_LOOP ( 'NONE', ( #3308, #313, #426, #2189, #1779, #5602, #2239, #6032, #6392, #1954 ) ) ;
#5401 = FACE_OUTER_BOUND ( 'NONE', #6061, .T. ) ;
#5402 = AXIS2_PLACEMENT_3D ( 'NONE', #4027, #4509, #1491 ) ;
#5403 = VERTEX_POINT ( 'NONE', #4201 ) ;
#5404 = DIRECTION ( 'NONE',  ( 1.224323820077161300E-015, -1.000000000000000000, 0.0000000000000000000 ) ) ;
#5405 = DIRECTION ( 'NONE',  ( -0.3442546491584208600, 0.9388763158866095800, 0.0000000000000000000 ) ) ;
#5406 = DIRECTION ( 'NONE',  ( -0.8660254037844564700, 0.4999999999999691900, 0.0000000000000000000 ) ) ;
#5407 = DIRECTION ( 'NONE',  ( 1.000000000000000000, 0.0000000000000000000, 0.0000000000000000000 ) ) ;
#5408 = DIRECTION ( 'NONE',  ( -1.000000000000000000, 0.0000000000000000000, 0.0000000000000000000 ) ) ;
#5409 = CIRCLE ( 'NONE', #2518, 0.2000000000000005100 ) ;
#5410 = DIRECTION ( 'NONE',  ( 0.4999999999999073500, -0.8660254037844921100, 0.0000000000000000000 ) ) ;
#5411 = CARTESIAN_POINT ( 'NONE',  ( 29.19999999541644400, 6.603923229867603200, 2.500000000000000000 ) ) ;
#5412 = CARTESIAN_POINT ( 'NONE',  ( -23.20000000021519400, -16.50401566570125000, -2.500000000000000000 ) ) ;
#5413 = EDGE_CURVE ( 'NONE', #873, #4880, #3270, .T. ) ;
#5414 = DIRECTION ( 'NONE',  ( 1.000000000000000000, 7.309538116125158200E-015, -0.0000000000000000000 ) ) ;
#5415 = ORIENTED_EDGE ( 'NONE', *, *, #1735, .F. ) ;
#5416 = ORIENTED_EDGE ( 'NONE', *, *, #3798, .F. ) ;
#5417 = ORIENTED_EDGE ( 'NONE', *, *, #2597, .F. ) ;
#5418 = ADVANCED_FACE ( 'NONE', ( #5811 ), #2187, .F. ) ;
#5419 = DIRECTION ( 'NONE',  ( -0.0000000000000000000, -0.0000000000000000000, -1.000000000000000000 ) ) ;
#5420 = ORIENTED_EDGE ( 'NONE', *, *, #4667, .F. ) ;
#5421 = AXIS2_PLACEMENT_3D ( 'NONE', #2341, #5776, #2852 ) ;
#5422 = PLANE ( 'NONE',  #5952 ) ;
#5423 = ORIENTED_EDGE ( 'NONE', *, *, #3663, .T. ) ;
#5424 = ORIENTED_EDGE ( 'NONE', *, *, #5539, .T. ) ;
#5425 = ORIENTED_EDGE ( 'NONE', *, *, #4742, .F. ) ;
#5426 = CARTESIAN_POINT ( 'NONE',  ( -18.96961294896893300, -16.49504807949889000, 2.500000000000000000 ) ) ;
#5427 = AXIS2_PLACEMENT_3D ( 'NONE', #2513, #985, #5448 ) ;
#5428 = ORIENTED_EDGE ( 'NONE', *, *, #5908, .F. ) ;
#5429 = ORIENTED_EDGE ( 'NONE', *, *, #1237, .F. ) ;
#5430 = DIRECTION ( 'NONE',  ( 0.6560590293041098600, 0.7547095799501615200, -0.0000000000000000000 ) ) ;
#5431 = DIRECTION ( 'NONE',  ( 0.9388763158866081400, 0.3442546491584244100, -0.0000000000000000000 ) ) ;
#5432 = DIRECTION ( 'NONE',  ( 0.3255681544571541500, 0.9455185755993177300, 0.0000000000000000000 ) ) ;
#5433 = CARTESIAN_POINT ( 'NONE',  ( 15.88092025350647200, 19.28809240486096900, -2.500000000000000000 ) ) ;
#5434 = DIRECTION ( 'NONE',  ( -0.0000000000000000000, -0.0000000000000000000, -1.000000000000000000 ) ) ;
#5435 = CARTESIAN_POINT ( 'NONE',  ( -15.29999999999405900, -11.90364120424378800, 2.500000000000000000 ) ) ;
#5436 = VECTOR ( 'NONE', #4219, 1000.000000000000000 ) ;
#5437 = VECTOR ( 'NONE', #3388, 1000.000000000000200 ) ;
#5438 = PLANE ( 'NONE',  #6387 ) ;
#5439 = ORIENTED_EDGE ( 'NONE', *, *, #5266, .F. ) ;
#5440 = DIRECTION ( 'NONE',  ( -1.000000000000000000, 0.0000000000000000000, 0.0000000000000000000 ) ) ;
#5441 = EDGE_CURVE ( 'NONE', #2411, #6003, #545, .T. ) ;
#5442 = LINE ( 'NONE', #1341, #3018 ) ;
#5443 = VECTOR ( 'NONE', #2051, 1000.000000000000200 ) ;
#5444 = ORIENTED_EDGE ( 'NONE', *, *, #954, .F. ) ;
#5445 = EDGE_CURVE ( 'NONE', #2885, #4311, #3109, .T. ) ;
#5446 = DIRECTION ( 'NONE',  ( 0.0000000000000000000, 0.0000000000000000000, -1.000000000000000000 ) ) ;
#5447 = ORIENTED_EDGE ( 'NONE', *, *, #2487, .T. ) ;
#5448 = DIRECTION ( 'NONE',  ( -1.000000000000000000, 0.0000000000000000000, 0.0000000000000000000 ) ) ;
#5449 = LINE ( 'NONE', #4097, #140 ) ;
#5450 = ORIENTED_EDGE ( 'NONE', *, *, #3542, .F. ) ;
#5451 = VECTOR ( 'NONE', #728, 1000.000000000000000 ) ;
#5452 = CARTESIAN_POINT ( 'NONE',  ( 18.92413112117181100, -11.17008545127961100, -2.500000000000000000 ) ) ;
#5453 = DIRECTION ( 'NONE',  ( -0.0000000000000000000, -0.0000000000000000000, -1.000000000000000000 ) ) ;
#5454 = DIRECTION ( 'NONE',  ( -0.0000000000000000000, -0.0000000000000000000, -1.000000000000000000 ) ) ;
#5455 = VECTOR ( 'NONE', #1397, 1000.000000000000000 ) ;
#5456 = PLANE ( 'NONE',  #5805 ) ;
#5457 = EDGE_CURVE ( 'NONE', #3330, #4319, #4403, .T. ) ;
#5458 = ADVANCED_BREP_SHAPE_REPRESENTATION ( 'KN-T12', ( #5730, #5421 ), #2798 ) ;
#5459 = DIRECTION ( 'NONE',  ( -0.0000000000000000000, -0.0000000000000000000, -1.000000000000000000 ) ) ;
#5460 = LINE ( 'NONE', #647, #5620 ) ;
#5461 = CARTESIAN_POINT ( 'NONE',  ( -14.27897133052508100, 21.94224485420300400, -2.500000000000000000 ) ) ;
#5462 = CIRCLE ( 'NONE', #2927, 0.2999999999999981600 ) ;
#5463 = CARTESIAN_POINT ( 'NONE',  ( 4.150000002045662700, 23.18800528677813900, -2.299999999999999400 ) ) ;
#5464 = CARTESIAN_POINT ( 'NONE',  ( -15.91218822759075600, 21.12472493679031500, 2.500000000000000000 ) ) ;
#5465 = LINE ( 'NONE', #2684, #310 ) ;
#5466 = ORIENTED_EDGE ( 'NONE', *, *, #2973, .F. ) ;
#5467 = ORIENTED_EDGE ( 'NONE', *, *, #4634, .F. ) ;
#5468 = EDGE_LOOP ( 'NONE', ( #6205, #2818, #4537, #6209 ) ) ;
#5469 = EDGE_CURVE ( 'NONE', #2598, #439, #365, .T. ) ;
#5470 = LINE ( 'NONE', #3533, #163 ) ;
#5471 = AXIS2_PLACEMENT_3D ( 'NONE', #4765, #5234, #2274 ) ;
#5472 = ORIENTED_EDGE ( 'NONE', *, *, #5497, .F. ) ;
#5473 = ORIENTED_EDGE ( 'NONE', *, *, #5625, .F. ) ;
#5474 = VECTOR ( 'NONE', #5062, 1000.000000000000000 ) ;
#5475 = DIRECTION ( 'NONE',  ( -1.000000000000000000, -3.214049404976714400E-016, 0.0000000000000000000 ) ) ;
#5476 = AXIS2_PLACEMENT_3D ( 'NONE', #5840, #386, #3949 ) ;
#5477 = DIRECTION ( 'NONE',  ( -0.0000000000000000000, -0.0000000000000000000, -1.000000000000000000 ) ) ;
#5478 = ORIENTED_EDGE ( 'NONE', *, *, #6225, .T. ) ;
#5479 = PLANE ( 'NONE',  #5600 ) ;
#5480 = CARTESIAN_POINT ( 'NONE',  ( 20.77020092771723400, 13.71040011547356700, -2.500000000000000000 ) ) ;
#5481 = DIRECTION ( 'NONE',  ( 0.9551031244063049600, -0.2962735589777027400, -0.0000000000000000000 ) ) ;
#5482 = VERTEX_POINT ( 'NONE', #4241 ) ;
#5483 = ORIENTED_EDGE ( 'NONE', *, *, #866, .T. ) ;
#5484 = DIRECTION ( 'NONE',  ( -1.000000000000000000, 7.309538116125158200E-015, 0.0000000000000000000 ) ) ;
#5485 = PLANE ( 'NONE',  #669 ) ;
#5486 = DIRECTION ( 'NONE',  ( 1.000000000000000000, -8.680918968391333600E-015, 0.0000000000000000000 ) ) ;
#5487 = EDGE_LOOP ( 'NONE', ( #1144, #1293, #5093, #1556 ) ) ;
#5488 = CARTESIAN_POINT ( 'NONE',  ( -15.91218822759075600, 21.12472493679031500, 2.500000000000000000 ) ) ;
#5489 = CARTESIAN_POINT ( 'NONE',  ( 14.19462856805785800, 24.69962553152921100, 2.500000000000000000 ) ) ;
#5490 = EDGE_CURVE ( 'NONE', #4251, #1559, #214, .T. ) ;
#5491 = LINE ( 'NONE', #5270, #4085 ) ;
#5492 = ORIENTED_EDGE ( 'NONE', *, *, #2835, .F. ) ;
#5493 = CARTESIAN_POINT ( 'NONE',  ( -11.74999999895831800, 11.63392459979423100, 1.565301008999729700 ) ) ;
#5494 = DIRECTION ( 'NONE',  ( 0.8660254037844551400, -0.4999999999999713000, 0.0000000000000000000 ) ) ;
#5495 = AXIS2_PLACEMENT_3D ( 'NONE', #1463, #4942, #6374 ) ;
#5496 = LINE ( 'NONE', #1938, #4243 ) ;
#5497 = EDGE_CURVE ( 'NONE', #3852, #1139, #1882, .T. ) ;
#5498 = ORIENTED_EDGE ( 'NONE', *, *, #1154, .F. ) ;
#5499 = EDGE_CURVE ( 'NONE', #6146, #3778, #4260, .T. ) ;
#5500 = CARTESIAN_POINT ( 'NONE',  ( -3.400000002045663100, 21.49962553123286200, 2.500000000000000000 ) ) ;
#5501 = DIRECTION ( 'NONE',  ( 0.8660254037844813400, 0.4999999999999259500, -0.0000000000000000000 ) ) ;
#5502 = DIRECTION ( 'NONE',  ( 0.1908089957846906500, -0.9816271833683285500, 0.0000000000000000000 ) ) ;
#5503 = ORIENTED_EDGE ( 'NONE', *, *, #5016, .T. ) ;
#5504 = DIRECTION ( 'NONE',  ( -0.0000000000000000000, -0.0000000000000000000, -1.000000000000000000 ) ) ;
#5505 = DIRECTION ( 'NONE',  ( 0.9659258262992741500, 0.2588190450644318200, -0.0000000000000000000 ) ) ;
#5506 = EDGE_CURVE ( 'NONE', #1777, #2817, #4117, .T. ) ;
#5507 = ORIENTED_EDGE ( 'NONE', *, *, #4928, .T. ) ;
#5508 = ORIENTED_EDGE ( 'NONE', *, *, #1219, .F. ) ;
#5509 = CARTESIAN_POINT ( 'NONE',  ( -20.32312030118735500, -5.543763817130849400, 0.7500000000000000000 ) ) ;
#5510 = EDGE_CURVE ( 'NONE', #3785, #1796, #2764, .T. ) ;
#5511 = DIRECTION ( 'NONE',  ( 0.0000000000000000000, 0.0000000000000000000, 1.000000000000000000 ) ) ;
#5512 = CARTESIAN_POINT ( 'NONE',  ( 7.649999999999990600, 14.99962553122773200, 1.734723475976807100E-015 ) ) ;
#5513 = AXIS2_PLACEMENT_3D ( 'NONE', #4236, #1718, #5182 ) ;
#5514 = ORIENTED_EDGE ( 'NONE', *, *, #118, .T. ) ;
#5515 = DIRECTION ( 'NONE',  ( 0.0000000000000000000, 0.0000000000000000000, 1.000000000000000000 ) ) ;
#5516 = EDGE_LOOP ( 'NONE', ( #3790, #1086, #1178, #3326 ) ) ;
#5517 = LINE ( 'NONE', #3132, #4256 ) ;
#5518 = AXIS2_PLACEMENT_3D ( 'NONE', #5480, #2547, #5957 ) ;
#5519 = VECTOR ( 'NONE', #1486, 1000.000000000000100 ) ;
#5520 = DIRECTION ( 'NONE',  ( -0.0000000000000000000, -0.0000000000000000000, -1.000000000000000000 ) ) ;
#5521 = PLANE ( 'NONE',  #1755 ) ;
#5522 = VECTOR ( 'NONE', #1149, 1000.000000000000000 ) ;
#5523 = ORIENTED_EDGE ( 'NONE', *, *, #5739, .T. ) ;
#5524 = DIRECTION ( 'NONE',  ( -0.0000000000000000000, -0.0000000000000000000, -1.000000000000000000 ) ) ;
#5525 = VERTEX_POINT ( 'NONE', #1743 ) ;
#5526 = CYLINDRICAL_SURFACE ( 'NONE', #708, 0.5326494769548433300 ) ;
#5527 = CIRCLE ( 'NONE', #610, 1.249999999998790300 ) ;
#5528 = DIRECTION ( 'NONE',  ( -0.0000000000000000000, -0.0000000000000000000, -1.000000000000000000 ) ) ;
#5529 = ORIENTED_EDGE ( 'NONE', *, *, #145, .F. ) ;
#5530 = FACE_OUTER_BOUND ( 'NONE', #1047, .T. ) ;
#5531 = AXIS2_PLACEMENT_3D ( 'NONE', #2406, #5829, #2910 ) ;
#5532 = LINE ( 'NONE', #2714, #4274 ) ;
#5533 = CARTESIAN_POINT ( 'NONE',  ( 9.894158132113068000, -11.57887325953805300, -2.500000000000000000 ) ) ;
#5534 = ORIENTED_EDGE ( 'NONE', *, *, #2241, .T. ) ;
#5535 = FACE_OUTER_BOUND ( 'NONE', #4821, .T. ) ;
#5536 = VECTOR ( 'NONE', #6375, 1000.000000000000000 ) ;
#5537 = VECTOR ( 'NONE', #758, 1000.000000000000000 ) ;
#5538 = ORIENTED_EDGE ( 'NONE', *, *, #5352, .T. ) ;
#5539 = EDGE_CURVE ( 'NONE', #5561, #406, #5220, .T. ) ;
#5540 = DIRECTION ( 'NONE',  ( -0.0000000000000000000, -0.0000000000000000000, -1.000000000000000000 ) ) ;
#5541 = DIRECTION ( 'NONE',  ( 1.000000000000000000, 0.0000000000000000000, 0.0000000000000000000 ) ) ;
#5542 = FACE_OUTER_BOUND ( 'NONE', #3111, .T. ) ;
#5543 = PLANE ( 'NONE',  #3139 ) ;
#5544 = CARTESIAN_POINT ( 'NONE',  ( 16.75380384057941200, 17.65570920656541200, -2.500000000000000000 ) ) ;
#5545 = DIRECTION ( 'NONE',  ( 1.000000000000000000, 0.0000000000000000000, 0.0000000000000000000 ) ) ;
#5546 = CIRCLE ( 'NONE', #4392, 0.2000000000000022600 ) ;
#5547 = EDGE_CURVE ( 'NONE', #688, #1604, #3950, .T. ) ;
#5548 = AXIS2_PLACEMENT_3D ( 'NONE', #3239, #162, #3748 ) ;
#5549 = ORIENTED_EDGE ( 'NONE', *, *, #3793, .F. ) ;
#5550 = VERTEX_POINT ( 'NONE', #741 ) ;
#5551 = CARTESIAN_POINT ( 'NONE',  ( 20.22495105353403800, -14.80085474768197100, 2.500000000000000000 ) ) ;
#5552 = VERTEX_POINT ( 'NONE', #4758 ) ;
#5553 = PLANE ( 'NONE',  #3184 ) ;
#5554 = EDGE_LOOP ( 'NONE', ( #6226, #5393, #2483, #3047 ) ) ;
#5555 = ORIENTED_EDGE ( 'NONE', *, *, #4546, .T. ) ;
#5556 = CARTESIAN_POINT ( 'NONE',  ( 20.24999999895820900, 11.63392459979429300, 1.565301008999729700 ) ) ;
#5557 = DIRECTION ( 'NONE',  ( -0.9388763158866095800, -0.3442546491584208000, 0.0000000000000000000 ) ) ;
#5558 = CIRCLE ( 'NONE', #6149, 0.4935834150827430600 ) ;
#5559 = EDGE_LOOP ( 'NONE', ( #3991, #1373, #2993, #5200 ) ) ;
#5560 = AXIS2_PLACEMENT_3D ( 'NONE', #2033, #1964, #2015 ) ;
#5561 = VERTEX_POINT ( 'NONE', #1236 ) ;
#5562 = AXIS2_PLACEMENT_3D ( 'NONE', #740, #4277, #1235 ) ;
#5563 = VERTEX_POINT ( 'NONE', #5210 ) ;
#5564 = ORIENTED_EDGE ( 'NONE', *, *, #1947, .T. ) ;
#5565 = CARTESIAN_POINT ( 'NONE',  ( 20.99999999895848300, -7.846338741309435400, 2.500000000000000000 ) ) ;
#5566 = AXIS2_PLACEMENT_3D ( 'NONE', #4259, #1225, #4744 ) ;
#5567 = CARTESIAN_POINT ( 'NONE',  ( -9.027849400102658400, -9.198709580215531600, -2.500000000000000000 ) ) ;
#5568 = LINE ( 'NONE', #862, #2971 ) ;
#5569 = DIRECTION ( 'NONE',  ( 0.3420201433408304700, 0.9396926207803900600, -0.0000000000000000000 ) ) ;
#5570 = CARTESIAN_POINT ( 'NONE',  ( -18.30357279464852000, 14.97143063812468000, 2.500000000000000000 ) ) ;
#5571 = ORIENTED_EDGE ( 'NONE', *, *, #2295, .F. ) ;
#5572 = EDGE_CURVE ( 'NONE', #259, #5673, #5086, .T. ) ;
#5573 = FACE_OUTER_BOUND ( 'NONE', #4902, .T. ) ;
#5574 = DIRECTION ( 'NONE',  ( -0.0000000000000000000, 0.0000000000000000000, -1.000000000000000000 ) ) ;
#5575 = EDGE_CURVE ( 'NONE', #1211, #13, #1243, .T. ) ;
#5576 = CARTESIAN_POINT ( 'NONE',  ( 17.46780683843996600, 10.67593866912217700, -1.436740104506241600 ) ) ;
#5577 = ORIENTED_EDGE ( 'NONE', *, *, #2499, .T. ) ;
#5578 = ORIENTED_EDGE ( 'NONE', *, *, #6201, .T. ) ;
#5579 = ORIENTED_EDGE ( 'NONE', *, *, #6277, .F. ) ;
#5580 = PLANE ( 'NONE',  #5201 ) ;
#5581 = EDGE_LOOP ( 'NONE', ( #2363, #5549, #5473, #2816 ) ) ;
#5582 = ORIENTED_EDGE ( 'NONE', *, *, #5061, .F. ) ;
#5583 = ORIENTED_EDGE ( 'NONE', *, *, #1510, .T. ) ;
#5584 = EDGE_CURVE ( 'NONE', #1515, #2312, #4815, .T. ) ;
#5585 = DIRECTION ( 'NONE',  ( -0.9396926207803900600, 0.3420201433408304700, 0.0000000000000000000 ) ) ;
#5586 = CARTESIAN_POINT ( 'NONE',  ( -14.47020092941525200, 24.62232020021712100, -2.500000000000000000 ) ) ;
#5587 = CARTESIAN_POINT ( 'NONE',  ( -20.99999999895845400, 13.43199169057949400, -2.500000000000000000 ) ) ;
#5588 = CARTESIAN_POINT ( 'NONE',  ( -16.30000000210718300, -13.54479547261122200, 2.500000000000000000 ) ) ;
#5589 = CARTESIAN_POINT ( 'NONE',  ( 20.99999999895848300, -13.82648468384631500, 2.500000000000000000 ) ) ;
#5590 = VERTEX_POINT ( 'NONE', #3814 ) ;
#5591 = ORIENTED_EDGE ( 'NONE', *, *, #1995, .T. ) ;
#5592 = EDGE_CURVE ( 'NONE', #4801, #1307, #4921, .T. ) ;
#5593 = ORIENTED_EDGE ( 'NONE', *, *, #6006, .T. ) ;
#5594 = VECTOR ( 'NONE', #4158, 1000.000000000000000 ) ;
#5595 = EDGE_CURVE ( 'NONE', #4034, #4329, #3809, .T. ) ;
#5596 = DIRECTION ( 'NONE',  ( -1.000000000000000000, 0.0000000000000000000, 0.0000000000000000000 ) ) ;
#5597 = DIRECTION ( 'NONE',  ( -0.0000000000000000000, -0.0000000000000000000, -1.000000000000000000 ) ) ;
#5598 = VECTOR ( 'NONE', #2165, 1000.000000000000100 ) ;
#5599 = LINE ( 'NONE', #5774, #5437 ) ;
#5600 = AXIS2_PLACEMENT_3D ( 'NONE', #3558, #6420, #3578 ) ;
#5601 = EDGE_LOOP ( 'NONE', ( #5134, #5416, #2628, #5176 ) ) ;
#5602 = ORIENTED_EDGE ( 'NONE', *, *, #434, .T. ) ;
#5603 = DIRECTION ( 'NONE',  ( -0.4999999999999766300, 0.8660254037844520300, -0.0000000000000000000 ) ) ;
#5604 = ORIENTED_EDGE ( 'NONE', *, *, #4900, .F. ) ;
#5605 = AXIS2_PLACEMENT_3D ( 'NONE', #1965, #5896, #450 ) ;
#5606 = FACE_OUTER_BOUND ( 'NONE', #1844, .T. ) ;
#5607 = LINE ( 'NONE', #21, #2841 ) ;
#5608 = ORIENTED_EDGE ( 'NONE', *, *, #5884, .F. ) ;
#5609 = VERTEX_POINT ( 'NONE', #1245 ) ;
#5610 = CARTESIAN_POINT ( 'NONE',  ( 15.84693374505634700, -14.22714598399836200, -2.500000000000000000 ) ) ;
#5611 = CARTESIAN_POINT ( 'NONE',  ( -11.74999999895835500, 6.559030876661861200, -15.56154822631480500 ) ) ;
#5612 = LINE ( 'NONE', #3582, #1495 ) ;
#5613 = ORIENTED_EDGE ( 'NONE', *, *, #5860, .T. ) ;
#5614 = LINE ( 'NONE', #3766, #4655 ) ;
#5615 = ADVANCED_FACE ( 'NONE', ( #2286 ), #3309, .T. ) ;
#5616 = EDGE_CURVE ( 'NONE', #2598, #2657, #4778, .T. ) ;
#5617 = CARTESIAN_POINT ( 'NONE',  ( -19.49959095023151100, -7.601762011296005800, 2.500000000000000000 ) ) ;
#5618 = VECTOR ( 'NONE', #6041, 1000.000000000000000 ) ;
#5619 = DIRECTION ( 'NONE',  ( -0.8660254037844564700, -0.4999999999999691900, -0.0000000000000000000 ) ) ;
#5620 = VECTOR ( 'NONE', #4187, 1000.000000000000000 ) ;
#5621 = AXIS2_PLACEMENT_3D ( 'NONE', #5512, #2587, #5987 ) ;
#5622 = CARTESIAN_POINT ( 'NONE',  ( 9.027849400114544000, -9.198709580215522800, 2.500000000000000000 ) ) ;
#5623 = EDGE_CURVE ( 'NONE', #3723, #3725, #3716, .T. ) ;
#5624 = LINE ( 'NONE', #2452, #1509 ) ;
#5625 = EDGE_CURVE ( 'NONE', #764, #809, #3493, .T. ) ;
#5626 = VECTOR ( 'NONE', #4078, 1000.000000000000100 ) ;
#5627 = VERTEX_POINT ( 'NONE', #761 ) ;
#5628 = ORIENTED_EDGE ( 'NONE', *, *, #6206, .T. ) ;
#5629 = ORIENTED_EDGE ( 'NONE', *, *, #3442, .F. ) ;
#5630 = LINE ( 'NONE', #6372, #2868 ) ;
#5631 = DIRECTION ( 'NONE',  ( -0.9388763158866082500, 0.3442546491584242400, 0.0000000000000000000 ) ) ;
#5632 = EDGE_CURVE ( 'NONE', #4813, #2328, #2136, .T. ) ;
#5633 = DIRECTION ( 'NONE',  ( 1.000000000000000000, 0.0000000000000000000, 0.0000000000000000000 ) ) ;
#5634 = CARTESIAN_POINT ( 'NONE',  ( -22.60000000021520000, -14.10401566570124200, 2.500000000000000000 ) ) ;
#5635 = DIRECTION ( 'NONE',  ( -1.000000000000000000, 0.0000000000000000000, 0.0000000000000000000 ) ) ;
#5636 = ORIENTED_EDGE ( 'NONE', *, *, #5356, .T. ) ;
#5637 = VECTOR ( 'NONE', #2065, 1000.000000000000000 ) ;
#5638 = ORIENTED_EDGE ( 'NONE', *, *, #3201, .T. ) ;
#5639 = CARTESIAN_POINT ( 'NONE',  ( 19.19999999805115100, 6.603923229867603200, -1.892449632278471200 ) ) ;
#5640 = CARTESIAN_POINT ( 'NONE',  ( -7.650000000000008300, 24.99962553122773200, 2.000000000000004000 ) ) ;
#5641 = VERTEX_POINT ( 'NONE', #4326 ) ;
#5642 = ORIENTED_EDGE ( 'NONE', *, *, #1736, .T. ) ;
#5643 = CARTESIAN_POINT ( 'NONE',  ( 19.36351822953109500, 4.788395770241029600, -1.813383052500728600 ) ) ;
#5644 = EDGE_LOOP ( 'NONE', ( #3777, #4802, #2825, #6370 ) ) ;
#5645 = ADVANCED_FACE ( 'NONE', ( #3345 ), #5741, .T. ) ;
#5646 = VECTOR ( 'NONE', #5000, 1000.000000000000000 ) ;
#5647 = DIRECTION ( 'NONE',  ( -0.8660254037844420400, -0.4999999999999941700, 0.0000000000000000000 ) ) ;
#5648 = ORIENTED_EDGE ( 'NONE', *, *, #248, .T. ) ;
#5649 = CARTESIAN_POINT ( 'NONE',  ( -29.19999999541644400, 6.603923229867603200, -2.500000000000000000 ) ) ;
#5650 = CARTESIAN_POINT ( 'NONE',  ( -14.12379076814342600, 24.42232020035681500, 2.500000000000000000 ) ) ;
#5651 = ORIENTED_EDGE ( 'NONE', *, *, #3442, .T. ) ;
#5652 = DIRECTION ( 'NONE',  ( -0.9388763158866095800, -0.3442546491584208000, 0.0000000000000000000 ) ) ;
#5653 = CARTESIAN_POINT ( 'NONE',  ( -19.34490974707573900, 8.315065608318379400, 2.216229324320093200 ) ) ;
#5654 = ORIENTED_EDGE ( 'NONE', *, *, #1937, .F. ) ;
#5655 = EDGE_CURVE ( 'NONE', #4382, #3079, #1967, .T. ) ;
#5656 = AXIS2_PLACEMENT_3D ( 'NONE', #4913, #1931, #5384 ) ;
#5657 = EDGE_CURVE ( 'NONE', #2333, #2905, #629, .T. ) ;
#5658 = CARTESIAN_POINT ( 'NONE',  ( 20.99999999895844700, 0.5739978569335471000, 2.500000000000000000 ) ) ;
#5659 = ORIENTED_EDGE ( 'NONE', *, *, #1174, .T. ) ;
#5660 = VERTEX_POINT ( 'NONE', #3854 ) ;
#5661 = ORIENTED_EDGE ( 'NONE', *, *, #4680, .F. ) ;
#5662 = ORIENTED_EDGE ( 'NONE', *, *, #2862, .F. ) ;
#5663 = CARTESIAN_POINT ( 'NONE',  ( 18.50167583793475900, -15.00364120459714600, -2.500000000000000000 ) ) ;
#5664 = EDGE_CURVE ( 'NONE', #1472, #4252, #5885, .T. ) ;
#5665 = DIRECTION ( 'NONE',  ( -0.0000000000000000000, -0.0000000000000000000, -1.000000000000000000 ) ) ;
#5666 = VECTOR ( 'NONE', #4582, 1000.000000000000000 ) ;
#5667 = FACE_OUTER_BOUND ( 'NONE', #1305, .T. ) ;
#5668 = DIRECTION ( 'NONE',  ( -0.4999999999999714700, -0.8660254037844551400, 0.0000000000000000000 ) ) ;
#5669 = ADVANCED_FACE ( 'NONE', ( #1811 ), #1659, .F. ) ;
#5670 = CIRCLE ( 'NONE', #1534, 0.09999999983820867500 ) ;
#5671 = CARTESIAN_POINT ( 'NONE',  ( -3.400000002045663500, 23.46300528677813800, -2.299999999999999400 ) ) ;
#5672 = CYLINDRICAL_SURFACE ( 'NONE', #3224, 17.86290880652651200 ) ;
#5673 = VERTEX_POINT ( 'NONE', #5287 ) ;
#5674 = CARTESIAN_POINT ( 'NONE',  ( -19.46959325076125000, 4.286597704829685700, -1.758938644933299500 ) ) ;
#5675 = DIRECTION ( 'NONE',  ( -1.000000000000000000, 4.966886529384738700E-014, 0.0000000000000000000 ) ) ;
#5676 = CARTESIAN_POINT ( 'NONE',  ( 17.43068920757620800, 16.60381383641971500, 2.500000000000000000 ) ) ;
#5677 = ORIENTED_EDGE ( 'NONE', *, *, #5807, .F. ) ;
#5678 = VECTOR ( 'NONE', #5130, 1000.000000000000000 ) ;
#5679 = VECTOR ( 'NONE', #6250, 1000.000000000000000 ) ;
#5680 = FACE_OUTER_BOUND ( 'NONE', #4169, .T. ) ;
#5681 = DIRECTION ( 'NONE',  ( 0.0000000000000000000, 1.000000000000000000, 0.0000000000000000000 ) ) ;
#5682 = CARTESIAN_POINT ( 'NONE',  ( -7.650000000000008300, 14.99962553122773200, 3.469446951953614200E-015 ) ) ;
#5683 = ORIENTED_EDGE ( 'NONE', *, *, #4429, .T. ) ;
#5684 = CARTESIAN_POINT ( 'NONE',  ( 7.649999999999990600, 24.99962553122773200, 1.734723475976807100E-015 ) ) ;
#5685 = LINE ( 'NONE', #3624, #382 ) ;
#5686 = VECTOR ( 'NONE', #900, 1000.000000000000000 ) ;
#5687 = VECTOR ( 'NONE', #1221, 1000.000000000000000 ) ;
#5688 = EDGE_CURVE ( 'NONE', #1605, #868, #3011, .T. ) ;
#5689 = ORIENTED_EDGE ( 'NONE', *, *, #3211, .F. ) ;
#5690 = EDGE_CURVE ( 'NONE', #5590, #4329, #5599, .T. ) ;
#5691 = LINE ( 'NONE', #1941, #388 ) ;
#5692 = CARTESIAN_POINT ( 'NONE',  ( -16.50000000185057300, -12.00364120103817500, 2.500000000000000000 ) ) ;
#5693 = CARTESIAN_POINT ( 'NONE',  ( -20.55713668712321200, 11.63392459979429500, -1.155781791775945000 ) ) ;
#5694 = DIRECTION ( 'NONE',  ( -0.0000000000000000000, -1.000000000000000000, -0.0000000000000000000 ) ) ;
#5695 = DIRECTION ( 'NONE',  ( 0.0000000000000000000, 0.0000000000000000000, 1.000000000000000000 ) ) ;
#5696 = LINE ( 'NONE', #1229, #4290 ) ;
#5697 = ORIENTED_EDGE ( 'NONE', *, *, #3652, .T. ) ;
#5698 = ORIENTED_EDGE ( 'NONE', *, *, #3337, .T. ) ;
#5699 = EDGE_CURVE ( 'NONE', #3373, #3640, #4476, .T. ) ;
#5700 = ORIENTED_EDGE ( 'NONE', *, *, #1109, .F. ) ;
#5701 = ORIENTED_EDGE ( 'NONE', *, *, #1510, .F. ) ;
#5702 = ORIENTED_EDGE ( 'NONE', *, *, #5490, .T. ) ;
#5703 = VECTOR ( 'NONE', #654, 1000.000000000000000 ) ;
#5704 = EDGE_CURVE ( 'NONE', #3174, #693, #2512, .T. ) ;
#5705 = ADVANCED_FACE ( 'NONE', ( #1480 ), #1325, .F. ) ;
#5706 = EDGE_LOOP ( 'NONE', ( #2872, #2877, #2792, #2955 ) ) ;
#5707 = EDGE_CURVE ( 'NONE', #268, #2817, #4032, .T. ) ;
#5708 = VERTEX_POINT ( 'NONE', #4848 ) ;
#5709 = CARTESIAN_POINT ( 'NONE',  ( -18.30357279464852000, 14.97143063812468000, 2.500000000000000000 ) ) ;
#5710 = EDGE_CURVE ( 'NONE', #5181, #2180, #5286, .T. ) ;
#5711 = ORIENTED_EDGE ( 'NONE', *, *, #4434, .F. ) ;
#5712 = CARTESIAN_POINT ( 'NONE',  ( 15.31265031846410100, 22.16315505646136000, -2.500000000000000000 ) ) ;
#5713 = VERTEX_POINT ( 'NONE', #2890 ) ;
#5714 = VECTOR ( 'NONE', #4415, 1000.000000000000000 ) ;
#5715 = AXIS2_PLACEMENT_3D ( 'NONE', #3260, #3789, #2747 ) ;
#5716 = CARTESIAN_POINT ( 'NONE',  ( -14.63007020074749000, 3.363353066155417600, 2.041570865957304200 ) ) ;
#5717 = CARTESIAN_POINT ( 'NONE',  ( 14.07379076822431900, 24.33571766011848300, -2.500000000000000000 ) ) ;
#5718 = DIRECTION ( 'NONE',  ( -0.0000000000000000000, -0.0000000000000000000, -1.000000000000000000 ) ) ;
#5719 = ORIENTED_EDGE ( 'NONE', *, *, #5699, .T. ) ;
#5720 = AXIS2_PLACEMENT_3D ( 'NONE', #2428, #5849, #2933 ) ;
#5721 = LINE ( 'NONE', #4976, #3161 ) ;
#5722 = ORIENTED_EDGE ( 'NONE', *, *, #5019, .T. ) ;
#5723 = VERTEX_POINT ( 'NONE', #1346 ) ;
#5724 = DIRECTION ( 'NONE',  ( -0.1331475820772929100, -0.9910962220627069800, 0.0000000000000000000 ) ) ;
#5725 = ORIENTED_EDGE ( 'NONE', *, *, #2415, .T. ) ;
#5726 = EDGE_CURVE ( 'NONE', #2980, #268, #2689, .T. ) ;
#5727 = VERTEX_POINT ( 'NONE', #3423 ) ;
#5728 = ORIENTED_EDGE ( 'NONE', *, *, #107, .F. ) ;
#5729 = CARTESIAN_POINT ( 'NONE',  ( 19.01172613572896400, 15.75616779990884600, 2.500000000000000000 ) ) ;
#5730 = MANIFOLD_SOLID_BREP ( 'Chamfer1', #2345 ) ;
#5731 = ADVANCED_FACE ( 'NONE', ( #3872 ), #697, .T. ) ;
#5732 = DIRECTION ( 'NONE',  ( -0.0000000000000000000, -0.0000000000000000000, -1.000000000000000000 ) ) ;
#5733 = CARTESIAN_POINT ( 'NONE',  ( 18.50167583387964500, -14.00364120572362800, 2.500000000000000000 ) ) ;
#5734 = ORIENTED_EDGE ( 'NONE', *, *, #5316, .T. ) ;
#5735 = ORIENTED_EDGE ( 'NONE', *, *, #1033, .T. ) ;
#5736 = ORIENTED_EDGE ( 'NONE', *, *, #5938, .T. ) ;
#5737 = FACE_OUTER_BOUND ( 'NONE', #1379, .T. ) ;
#5738 = LINE ( 'NONE', #2659, #1737 ) ;
#5739 = EDGE_CURVE ( 'NONE', #873, #4388, #3413, .T. ) ;
#5740 = VECTOR ( 'NONE', #1125, 1000.000000000000000 ) ;
#5741 = CYLINDRICAL_SURFACE ( 'NONE', #327, 0.4999999996847734300 ) ;
#5742 = ORIENTED_EDGE ( 'NONE', *, *, #2191, .T. ) ;
#5743 = ORIENTED_EDGE ( 'NONE', *, *, #1370, .T. ) ;
#5744 = CARTESIAN_POINT ( 'NONE',  ( -19.23986165434171600, -17.50401566457473400, 2.500000000000000000 ) ) ;
#5745 = VERTEX_POINT ( 'NONE', #2429 ) ;
#5746 = PRODUCT_DEFINITION ( 'UNKNOWN', '', #6060, #975 ) ;
#5747 = LINE ( 'NONE', #2337, #4645 ) ;
#5748 = CIRCLE ( 'NONE', #4325, 0.5326494769548433300 ) ;
#5749 = VERTEX_POINT ( 'NONE', #5362 ) ;
#5750 = DIRECTION ( 'NONE',  ( 0.0000000000000000000, 0.0000000000000000000, 1.000000000000000000 ) ) ;
#5751 = ORIENTED_EDGE ( 'NONE', *, *, #5575, .T. ) ;
#5752 = DIRECTION ( 'NONE',  ( -0.0000000000000000000, -0.0000000000000000000, -1.000000000000000000 ) ) ;
#5753 = FACE_OUTER_BOUND ( 'NONE', #4152, .T. ) ;
#5754 = DIRECTION ( 'NONE',  ( -0.1331475820772929100, -0.9910962220627070900, 0.0000000000000000000 ) ) ;
#5755 = VERTEX_POINT ( 'NONE', #4894 ) ;
#5756 = AXIS2_PLACEMENT_3D ( 'NONE', #3571, #4063, #1006 ) ;
#5757 =( NAMED_UNIT ( * ) SI_UNIT ( $, .STERADIAN. ) SOLID_ANGLE_UNIT ( ) );
#5758 = LINE ( 'NONE', #828, #4492 ) ;
#5759 = LINE ( 'NONE', #600, #5618 ) ;
#5760 = LINE ( 'NONE', #4524, #4154 ) ;
#5761 = VECTOR ( 'NONE', #6005, 1000.000000000000000 ) ;
#5762 = DIRECTION ( 'NONE',  ( -1.000000000000000000, 0.0000000000000000000, 0.0000000000000000000 ) ) ;
#5763 = ADVANCED_FACE ( 'NONE', ( #4559 ), #1909, .F. ) ;
#5764 = LINE ( 'NONE', #2802, #2000 ) ;
#5765 = EDGE_CURVE ( 'NONE', #1423, #4215, #2047, .T. ) ;
#5766 = LINE ( 'NONE', #3562, #4505 ) ;
#5767 = ORIENTED_EDGE ( 'NONE', *, *, #1253, .T. ) ;
#5768 = AXIS2_PLACEMENT_3D ( 'NONE', #5922, #4513, #1498 ) ;
#5769 = ORIENTED_EDGE ( 'NONE', *, *, #4313, .T. ) ;
#5770 = EDGE_CURVE ( 'NONE', #1685, #4767, #5804, .T. ) ;
#5771 = CARTESIAN_POINT ( 'NONE',  ( -20.72020092779813200, 13.79700265571189800, 2.500000000000000000 ) ) ;
#5772 = FACE_BOUND ( 'NONE', #1230, .T. ) ;
#5773 = PLANE ( 'NONE',  #3092 ) ;
#5774 = CARTESIAN_POINT ( 'NONE',  ( 13.70644590135413000, 23.05439246254506000, -2.500000000000000000 ) ) ;
#5775 = CARTESIAN_POINT ( 'NONE',  ( -19.96195718067141600, 14.11031935113915400, -2.500000000000000000 ) ) ;
#5776 = DIRECTION ( 'NONE',  ( 0.0000000000000000000, 0.0000000000000000000, 1.000000000000000000 ) ) ;
#5777 = EDGE_LOOP ( 'NONE', ( #1843, #522, #4816, #5736 ) ) ;
#5778 = FACE_OUTER_BOUND ( 'NONE', #3048, .T. ) ;
#5779 = ADVANCED_FACE ( 'NONE', ( #5667 ), #3102, .T. ) ;
#5780 = ORIENTED_EDGE ( 'NONE', *, *, #573, .F. ) ;
#5781 = ORIENTED_EDGE ( 'NONE', *, *, #3801, .T. ) ;
#5782 = EDGE_CURVE ( 'NONE', #1394, #2618, #2525, .T. ) ;
#5783 = VERTEX_POINT ( 'NONE', #3486 ) ;
#5784 = DIRECTION ( 'NONE',  ( -0.4999999999999713600, 0.8660254037844552500, -0.0000000000000000000 ) ) ;
#5785 = ORIENTED_EDGE ( 'NONE', *, *, #954, .T. ) ;
#5786 = VECTOR ( 'NONE', #4039, 1000.000000000000000 ) ;
#5787 = EDGE_CURVE ( 'NONE', #3995, #2663, #4397, .T. ) ;
#5788 = CARTESIAN_POINT ( 'NONE',  ( -14.42020092949615200, 24.70892274045544600, -2.500000000000000000 ) ) ;
#5789 = EDGE_LOOP ( 'NONE', ( #5937, #4775, #5689, #2604 ) ) ;
#5790 = CARTESIAN_POINT ( 'NONE',  ( 20.24999999895830500, 1.428256051882033500, -1.172439306139857300 ) ) ;
#5791 = CARTESIAN_POINT ( 'NONE',  ( -20.32312030118735500, -5.543763817130849400, 0.7500000000000000000 ) ) ;
#5792 = ADVANCED_FACE ( 'NONE', ( #3267 ), #1436, .F. ) ;
#5793 = ORIENTED_EDGE ( 'NONE', *, *, #1995, .F. ) ;
#5794 = VERTEX_POINT ( 'NONE', #2989 ) ;
#5795 = ADVANCED_FACE ( 'NONE', ( #539 ), #1987, .T. ) ;
#5796 = ORIENTED_EDGE ( 'NONE', *, *, #6169, .T. ) ;
#5797 = ORIENTED_EDGE ( 'NONE', *, *, #3492, .F. ) ;
#5798 = ADVANCED_FACE ( 'NONE', ( #1734 ), #1570, .T. ) ;
#5799 = EDGE_CURVE ( 'NONE', #6396, #3879, #4257, .T. ) ;
#5800 = ORIENTED_EDGE ( 'NONE', *, *, #3077, .F. ) ;
#5801 = CARTESIAN_POINT ( 'NONE',  ( -14.33115129943800300, 21.97237097330118500, 2.500000000000000000 ) ) ;
#5802 = DIRECTION ( 'NONE',  ( 1.000000000000000000, 7.309538116125158200E-015, 0.0000000000000000000 ) ) ;
#5803 = LINE ( 'NONE', #33, #3101 ) ;
#5804 = LINE ( 'NONE', #4444, #1879 ) ;
#5805 = AXIS2_PLACEMENT_3D ( 'NONE', #6397, #4532, #1518 ) ;
#5806 = DIRECTION ( 'NONE',  ( -0.0000000000000000000, -0.0000000000000000000, -1.000000000000000000 ) ) ;
#5807 = EDGE_CURVE ( 'NONE', #3751, #1661, #362, .T. ) ;
#5808 = EDGE_CURVE ( 'NONE', #6146, #1723, #2908, .T. ) ;
#5809 = CARTESIAN_POINT ( 'NONE',  ( -21.27082858658739500, -15.47136618964875700, -2.299999999999999400 ) ) ;
#5810 = LINE ( 'NONE', #5092, #541 ) ;
#5811 = FACE_OUTER_BOUND ( 'NONE', #963, .T. ) ;
#5812 = VERTEX_POINT ( 'NONE', #2012 ) ;
#5813 = EDGE_CURVE ( 'NONE', #6299, #3800, #4109, .T. ) ;
#5814 = ORIENTED_EDGE ( 'NONE', *, *, #623, .T. ) ;
#5815 = LINE ( 'NONE', #3670, #4570 ) ;
#5816 = ADVANCED_FACE ( 'NONE', ( #209 ), #990, .F. ) ;
#5817 = LINE ( 'NONE', #5791, #5679 ) ;
#5818 = EDGE_CURVE ( 'NONE', #410, #1778, #2612, .T. ) ;
#5819 = ADVANCED_FACE ( 'NONE', ( #6306 ), #3808, .T. ) ;
#5820 = CYLINDRICAL_SURFACE ( 'NONE', #5288, 0.09999999983821214500 ) ;
#5821 = DIRECTION ( 'NONE',  ( -1.000000000000000000, -3.754957844866309700E-013, 0.0000000000000000000 ) ) ;
#5822 = ORIENTED_EDGE ( 'NONE', *, *, #4830, .T. ) ;
#5823 = LINE ( 'NONE', #523, #4578 ) ;
#5824 = DIRECTION ( 'NONE',  ( 0.8660254037844563600, -0.4999999999999691900, 0.0000000000000000000 ) ) ;
#5825 = PLANE ( 'NONE',  #6034 ) ;
#5826 =( LENGTH_UNIT ( ) NAMED_UNIT ( * ) SI_UNIT ( .MILLI., .METRE. ) );
#5827 = VECTOR ( 'NONE', #3444, 1000.000000000000100 ) ;
#5828 = LINE ( 'NONE', #1521, #1901 ) ;
#5829 = DIRECTION ( 'NONE',  ( -0.0000000000000000000, -0.0000000000000000000, -1.000000000000000000 ) ) ;
#5830 = CARTESIAN_POINT ( 'NONE',  ( -16.50000000185057300, -12.00364120103817500, 2.500000000000000000 ) ) ;
#5831 = ORIENTED_EDGE ( 'NONE', *, *, #4015, .F. ) ;
#5832 = ADVANCED_FACE ( 'NONE', ( #3948 ), #1012, .F. ) ;
#5833 = VECTOR ( 'NONE', #2414, 1000.000000000000100 ) ;
#5834 = CARTESIAN_POINT ( 'NONE',  ( -3.400000002045663500, 23.46300528677813800, 2.500000000000000000 ) ) ;
#5835 = VECTOR ( 'NONE', #2530, 1000.000000000000000 ) ;
#5836 = CARTESIAN_POINT ( 'NONE',  ( 18.30357279464852000, 14.97143063812468000, 2.500000000000000000 ) ) ;
#5837 = EDGE_LOOP ( 'NONE', ( #4885, #5311, #5873, #2673 ) ) ;
#5838 = ORIENTED_EDGE ( 'NONE', *, *, #5813, .T. ) ;
#5839 = VERTEX_POINT ( 'NONE', #524 ) ;
#5840 = CARTESIAN_POINT ( 'NONE',  ( -21.59317965509344400, -2.529745817546354700, 2.500000000000000000 ) ) ;
#5841 = EDGE_LOOP ( 'NONE', ( #3881, #4038, #4735, #4678 ) ) ;
#5842 = ORIENTED_EDGE ( 'NONE', *, *, #17, .F. ) ;
#5843 = CIRCLE ( 'NONE', #3266, 0.2999999996985188700 ) ;
#5844 = ORIENTED_EDGE ( 'NONE', *, *, #4931, .T. ) ;
#5845 = AXIS2_PLACEMENT_3D ( 'NONE', #4716, #1665, #5135 ) ;
#5846 = CARTESIAN_POINT ( 'NONE',  ( -18.41218822660231100, 16.79459791957988600, 2.500000000000000000 ) ) ;
#5847 = ORIENTED_EDGE ( 'NONE', *, *, #358, .F. ) ;
#5848 = DIRECTION ( 'NONE',  ( -0.0000000000000000000, -0.0000000000000000000, -1.000000000000000000 ) ) ;
#5849 = DIRECTION ( 'NONE',  ( 0.0000000000000000000, 0.0000000000000000000, 1.000000000000000000 ) ) ;
#5850 = DIRECTION ( 'NONE',  ( -0.0000000000000000000, -0.0000000000000000000, -1.000000000000000000 ) ) ;
#5851 = DIRECTION ( 'NONE',  ( 0.4999999999999713600, 0.8660254037844552500, -0.0000000000000000000 ) ) ;
#5852 = VERTEX_POINT ( 'NONE', #5026 ) ;
#5853 = CARTESIAN_POINT ( 'NONE',  ( -11.74999999895839400, 1.428256051881970700, -1.172439306139857300 ) ) ;
#5854 = VERTEX_POINT ( 'NONE', #1542 ) ;
#5855 = EDGE_CURVE ( 'NONE', #3812, #4034, #1077, .T. ) ;
#5856 = VECTOR ( 'NONE', #3937, 1000.000000000000000 ) ;
#5857 = ADVANCED_FACE ( 'NONE', ( #52 ), #3649, .F. ) ;
#5858 = ORIENTED_EDGE ( 'NONE', *, *, #3222, .F. ) ;
#5859 = CARTESIAN_POINT ( 'NONE',  ( -21.79873547088101700, -15.40044519969748500, -2.299999999999999400 ) ) ;
#5860 = EDGE_CURVE ( 'NONE', #4371, #793, #2437, .T. ) ;
#5861 = VECTOR ( 'NONE', #6362, 1000.000000000000100 ) ;
#5862 = ORIENTED_EDGE ( 'NONE', *, *, #4060, .T. ) ;
#5863 = DIRECTION ( 'NONE',  ( 0.0000000000000000000, -1.000000000000000000, 0.0000000000000000000 ) ) ;
#5864 = VERTEX_POINT ( 'NONE', #1561 ) ;
#5865 = AXIS2_PLACEMENT_3D ( 'NONE', #1615, #1598, #1565 ) ;
#5866 = CARTESIAN_POINT ( 'NONE',  ( -21.27082858658739500, -15.47136618964875700, 2.500000000000000000 ) ) ;
#5867 = EDGE_LOOP ( 'NONE', ( #1948, #2344, #60, #2850 ) ) ;
#5868 = CARTESIAN_POINT ( 'NONE',  ( -20.99999999895844700, 12.48269861298670900, -2.500000000000000000 ) ) ;
#5869 = CARTESIAN_POINT ( 'NONE',  ( -19.01172613572896400, 15.75616779990884600, 2.500000000000000000 ) ) ;
#5870 = DIRECTION ( 'NONE',  ( -0.0000000000000000000, -0.0000000000000000000, -1.000000000000000000 ) ) ;
#5871 = CARTESIAN_POINT ( 'NONE',  ( 18.92827819273239200, 13.88940914888079800, 2.500000000000000000 ) ) ;
#5872 = DIRECTION ( 'NONE',  ( 0.8660254037844563600, 0.4999999999999691900, 0.0000000000000000000 ) ) ;
#5873 = ORIENTED_EDGE ( 'NONE', *, *, #6200, .F. ) ;
#5874 = DIRECTION ( 'NONE',  ( 0.0000000000000000000, 0.0000000000000000000, 1.000000000000000000 ) ) ;
#5875 = AXIS2_PLACEMENT_3D ( 'NONE', #4557, #552, #4100 ) ;
#5876 = PLANE ( 'NONE',  #1582 ) ;
#5877 = DIRECTION ( 'NONE',  ( -0.9659258262993569700, -0.2588190450641229000, -0.0000000000000000000 ) ) ;
#5878 = EDGE_LOOP ( 'NONE', ( #4715, #2213, #5387, #5314 ) ) ;
#5879 = ORIENTED_EDGE ( 'NONE', *, *, #5219, .T. ) ;
#5880 = DIRECTION ( 'NONE',  ( -0.0000000000000000000, -0.0000000000000000000, 1.000000000000000000 ) ) ;
#5881 = EDGE_CURVE ( 'NONE', #3473, #5864, #4914, .T. ) ;
#5882 = LINE ( 'NONE', #5676, #621 ) ;
#5883 = VECTOR ( 'NONE', #5540, 1000.000000000000000 ) ;
#5884 = EDGE_CURVE ( 'NONE', #1661, #1795, #2280, .T. ) ;
#5885 = LINE ( 'NONE', #800, #453 ) ;
#5886 = ADVANCED_FACE ( 'NONE', ( #3485 ), #568, .F. ) ;
#5887 = VERTEX_POINT ( 'NONE', #4094 ) ;
#5888 = ORIENTED_EDGE ( 'NONE', *, *, #602, .F. ) ;
#5889 = CARTESIAN_POINT ( 'NONE',  ( 9.894158132113068000, -11.57887325953805300, 2.500000000000000000 ) ) ;
#5890 = ORIENTED_EDGE ( 'NONE', *, *, #5061, .T. ) ;
#5891 = CARTESIAN_POINT ( 'NONE',  ( 20.95980762013417800, 13.58199169042874700, -2.500000000000000000 ) ) ;
#5892 = CYLINDRICAL_SURFACE ( 'NONE', #5069, 1.999999999999997100 ) ;
#5893 = LINE ( 'NONE', #503, #3198 ) ;
#5894 = DIRECTION ( 'NONE',  ( 1.000000000000000000, 0.0000000000000000000, 0.0000000000000000000 ) ) ;
#5895 = EDGE_CURVE ( 'NONE', #3640, #2864, #1239, .T. ) ;
#5896 = DIRECTION ( 'NONE',  ( -0.0000000000000000000, -0.0000000000000000000, -1.000000000000000000 ) ) ;
#5897 = ORIENTED_EDGE ( 'NONE', *, *, #4275, .F. ) ;
#5898 = DIRECTION ( 'NONE',  ( -1.000000000000000000, -7.309538116125158200E-015, -0.0000000000000000000 ) ) ;
#5899 = LINE ( 'NONE', #1489, #3508 ) ;
#5900 = ORIENTED_EDGE ( 'NONE', *, *, #4761, .F. ) ;
#5901 = LINE ( 'NONE', #2349, #1094 ) ;
#5902 = EDGE_CURVE ( 'NONE', #3696, #2664, #2130, .T. ) ;
#5903 = DIRECTION ( 'NONE',  ( -0.8660254037844555800, -0.4999999999999708000, -0.0000000000000000000 ) ) ;
#5904 = DIRECTION ( 'NONE',  ( -0.6560590293043456800, 0.7547095799499564700, 0.0000000000000000000 ) ) ;
#5905 = CARTESIAN_POINT ( 'NONE',  ( -14.17379076806253100, 24.33571766011847600, 2.500000000000000000 ) ) ;
#5906 = VECTOR ( 'NONE', #48, 1000.000000000000100 ) ;
#5907 = LINE ( 'NONE', #5934, #6191 ) ;
#5908 = EDGE_CURVE ( 'NONE', #2401, #3780, #4774, .T. ) ;
#5909 = LINE ( 'NONE', #5059, #4662 ) ;
#5910 = AXIS2_PLACEMENT_3D ( 'NONE', #5073, #2100, #5541 ) ;
#5911 = LINE ( 'NONE', #3255, #3370 ) ;
#5912 = DIRECTION ( 'NONE',  ( -0.4999999999999735800, -0.8660254037844539200, 0.0000000000000000000 ) ) ;
#5913 = DIRECTION ( 'NONE',  ( -0.0000000000000000000, -0.0000000000000000000, 1.000000000000000000 ) ) ;
#5914 = CARTESIAN_POINT ( 'NONE',  ( -20.32379076660719600, 13.68360519608992700, 2.500000000000000000 ) ) ;
#5915 = VERTEX_POINT ( 'NONE', #66 ) ;
#5916 = EDGE_LOOP ( 'NONE', ( #4030, #4864, #769, #5011 ) ) ;
#5917 = CARTESIAN_POINT ( 'NONE',  ( 20.99999999895848300, -3.251124523280756400, 0.7500000000000000000 ) ) ;
#5918 = LINE ( 'NONE', #4442, #6066 ) ;
#5919 = DIRECTION ( 'NONE',  ( -0.9999192818693876100, 0.01270550061225474500, 0.0000000000000000000 ) ) ;
#5920 =( BOUNDED_CURVE ( )  B_SPLINE_CURVE ( 3, ( #1775, #4766, #3329, #254 ),
 .UNSPECIFIED., .F., .T. ) 
 B_SPLINE_CURVE_WITH_KNOTS ( ( 4, 4 ),
 ( 1.282726294672976100, 1.450249307366940700 ),
 .UNSPECIFIED. ) 
 CURVE ( )  GEOMETRIC_REPRESENTATION_ITEM ( )  RATIONAL_B_SPLINE_CURVE ( ( 1.000000000000000000, 0.9976627037016196900, 0.9976627037016196900, 1.000000000000000000 ) ) 
 REPRESENTATION_ITEM ( '' )  );
#5921 = ADVANCED_FACE ( 'NONE', ( #766 ), #4473, .T. ) ;
#5922 = CARTESIAN_POINT ( 'NONE',  ( 19.96195718067141600, 14.11031935113915400, 2.500000000000000000 ) ) ;
#5923 = ORIENTED_EDGE ( 'NONE', *, *, #6357, .T. ) ;
#5924 = CARTESIAN_POINT ( 'NONE',  ( 11.74999999895837100, 4.355040764844140700, -1.172439306139857300 ) ) ;
#5925 = ORIENTED_EDGE ( 'NONE', *, *, #5445, .F. ) ;
#5926 = CARTESIAN_POINT ( 'NONE',  ( -18.48341648714495400, -17.15807277847629600, 2.500000000000000000 ) ) ;
#5927 = LINE ( 'NONE', #6383, #2009 ) ;
#5928 = EDGE_CURVE ( 'NONE', #4380, #3076, #4632, .T. ) ;
#5929 = ORIENTED_EDGE ( 'NONE', *, *, #5818, .T. ) ;
#5930 = ORIENTED_EDGE ( 'NONE', *, *, #4863, .T. ) ;
#5931 = EDGE_LOOP ( 'NONE', ( #6135, #6069, #2865, #1551 ) ) ;
#5932 = CARTESIAN_POINT ( 'NONE',  ( -20.24999999895830900, 1.428256051882032900, -1.172439306139857300 ) ) ;
#5933 = ORIENTED_EDGE ( 'NONE', *, *, #2645, .T. ) ;
#5934 = CARTESIAN_POINT ( 'NONE',  ( -14.47020092941525200, 24.62232020021712100, 2.500000000000000000 ) ) ;
#5935 = AXIS2_PLACEMENT_3D ( 'NONE', #5489, #2560, #3085 ) ;
#5936 = EDGE_CURVE ( 'NONE', #764, #1801, #1959, .T. ) ;
#5937 = ORIENTED_EDGE ( 'NONE', *, *, #6027, .T. ) ;
#5938 = EDGE_CURVE ( 'NONE', #411, #2618, #3183, .T. ) ;
#5939 = CARTESIAN_POINT ( 'NONE',  ( 16.80598380949233600, 17.68583532566359300, 2.500000000000000000 ) ) ;
#5940 = DIRECTION ( 'NONE',  ( -1.000000000000000000, 0.0000000000000000000, 0.0000000000000000000 ) ) ;
#5941 = LINE ( 'NONE', #4061, #5646 ) ;
#5942 = CARTESIAN_POINT ( 'NONE',  ( -14.11799792589666300, -7.206621711956799500, -2.500000000000000000 ) ) ;
#5943 = DIRECTION ( 'NONE',  ( -1.097547044502174700E-016, -1.000000000000000000, 0.0000000000000000000 ) ) ;
#5944 = EDGE_CURVE ( 'NONE', #3875, #4266, #444, .T. ) ;
#5945 = CARTESIAN_POINT ( 'NONE',  ( 14.17379076806253100, 24.33571766011848300, 2.500000000000000000 ) ) ;
#5946 = VERTEX_POINT ( 'NONE', #615 ) ;
#5947 = DIRECTION ( 'NONE',  ( -0.0000000000000000000, -0.0000000000000000000, -1.000000000000000000 ) ) ;
#5948 = ORIENTED_EDGE ( 'NONE', *, *, #2762, .T. ) ;
#5949 = CARTESIAN_POINT ( 'NONE',  ( -17.10000000081374000, -7.804015668233099700, 2.500000000000000000 ) ) ;
#5950 = CARTESIAN_POINT ( 'NONE',  ( -21.59317965509344400, -2.529745817546354700, 2.500000000000000000 ) ) ;
#5951 = ORIENTED_EDGE ( 'NONE', *, *, #3943, .F. ) ;
#5952 = AXIS2_PLACEMENT_3D ( 'NONE', #461, #4012, #960 ) ;
#5953 = VERTEX_POINT ( 'NONE', #5586 ) ;
#5954 = CARTESIAN_POINT ( 'NONE',  ( -19.19959095023151000, -16.30240821100000300, -2.500000000000000000 ) ) ;
#5955 = DIRECTION ( 'NONE',  ( 1.000000000000000000, 2.975191613162611600E-016, 0.0000000000000000000 ) ) ;
#5956 = DIRECTION ( 'NONE',  ( -1.000000000000000000, 7.309538116125158200E-015, 0.0000000000000000000 ) ) ;
#5957 = DIRECTION ( 'NONE',  ( 1.000000000000000000, 0.0000000000000000000, 0.0000000000000000000 ) ) ;
#5958 = DIRECTION ( 'NONE',  ( 0.0000000000000000000, -1.000000000000000000, 0.0000000000000000000 ) ) ;
#5959 = VECTOR ( 'NONE', #1258, 1000.000000000000000 ) ;
#5960 = CARTESIAN_POINT ( 'NONE',  ( 18.20540227523570200, -14.95874432905403000, 2.500000000000000000 ) ) ;
#5961 = CARTESIAN_POINT ( 'NONE',  ( -20.99999999895845400, 13.43199169057949400, 2.500000000000000000 ) ) ;
#5962 = DIRECTION ( 'NONE',  ( -0.7547095799497222100, 0.6560590293046151300, 0.0000000000000000000 ) ) ;
#5963 = DIRECTION ( 'NONE',  ( 0.7547095799499564700, 0.6560590293043456800, -0.0000000000000000000 ) ) ;
#5964 = DIRECTION ( 'NONE',  ( -0.9816271833683276600, 0.1908089957846946200, 0.0000000000000000000 ) ) ;
#5965 = EDGE_CURVE ( 'NONE', #6403, #2696, #5738, .T. ) ;
#5966 = LINE ( 'NONE', #1952, #4564 ) ;
#5967 = VECTOR ( 'NONE', #1656, 1000.000000000000100 ) ;
#5968 = VERTEX_POINT ( 'NONE', #6055 ) ;
#5969 = AXIS2_PLACEMENT_3D ( 'NONE', #5452, #2517, #5940 ) ;
#5970 = DIRECTION ( 'NONE',  ( 0.06601162961808539100, -0.9978188536779432100, 0.0000000000000000000 ) ) ;
#5971 = ORIENTED_EDGE ( 'NONE', *, *, #6385, .T. ) ;
#5972 = CARTESIAN_POINT ( 'NONE',  ( 15.90641658462219400, -14.03538993896371800, 2.500000000000000000 ) ) ;
#5973 = LINE ( 'NONE', #114, #1889 ) ;
#5974 = LINE ( 'NONE', #2340, #3425 ) ;
#5975 = DIRECTION ( 'NONE',  ( -0.0000000000000000000, 1.000000000000000000, -0.0000000000000000000 ) ) ;
#5976 = CARTESIAN_POINT ( 'NONE',  ( -14.27897133052508100, 21.94224485420300400, 2.500000000000000000 ) ) ;
#5977 = VECTOR ( 'NONE', #5964, 1000.000000000000100 ) ;
#5978 = EDGE_CURVE ( 'NONE', #4820, #2180, #628, .T. ) ;
#5979 = CARTESIAN_POINT ( 'NONE',  ( -3.400000002045663100, 24.99962553122773200, 2.500000000000000000 ) ) ;
#5980 = VECTOR ( 'NONE', #989, 999.9999999999998900 ) ;
#5981 = CYLINDRICAL_SURFACE ( 'NONE', #58, 0.2999999996985205900 ) ;
#5982 = PLANE ( 'NONE',  #1320 ) ;
#5983 = CIRCLE ( 'NONE', #5865, 0.5326494769548433300 ) ;
#5984 = DIRECTION ( 'NONE',  ( 1.097547044502174700E-016, 1.000000000000000000, 0.0000000000000000000 ) ) ;
#5985 = PLANE ( 'NONE',  #4213 ) ;
#5986 = PLANE ( 'NONE',  #1871 ) ;
#5987 = DIRECTION ( 'NONE',  ( 0.0000000000000000000, 0.0000000000000000000, 1.000000000000000000 ) ) ;
#5988 = ORIENTED_EDGE ( 'NONE', *, *, #908, .F. ) ;
#5989 = LINE ( 'NONE', #405, #4425 ) ;
#5990 = AXIS2_PLACEMENT_3D ( 'NONE', #3426, #3356, #3695 ) ;
#5991 = CIRCLE ( 'NONE', #1003, 0.9999999988735131000 ) ;
#5992 = AXIS2_PLACEMENT_3D ( 'NONE', #2473, #4000, #947 ) ;
#5993 = ORIENTED_EDGE ( 'NONE', *, *, #3058, .T. ) ;
#5994 = ORIENTED_EDGE ( 'NONE', *, *, #449, .F. ) ;
#5995 = EDGE_LOOP ( 'NONE', ( #2141, #1298, #4315, #3960, #3, #3910, #6198, #1643 ) ) ;
#5996 = ORIENTED_EDGE ( 'NONE', *, *, #4978, .F. ) ;
#5997 = FACE_OUTER_BOUND ( 'NONE', #5916, .T. ) ;
#5998 = AXIS2_PLACEMENT_3D ( 'NONE', #5345, #2914, #6294 ) ;
#5999 = CARTESIAN_POINT ( 'NONE',  ( 4.150000002045662700, 23.18800528677813900, 2.500000000000000000 ) ) ;
#6000 = ORIENTED_EDGE ( 'NONE', *, *, #2826, .F. ) ;
#6001 = DIRECTION ( 'NONE',  ( -0.0000000000000000000, 1.000000000000000000, -0.0000000000000000000 ) ) ;
#6002 = CARTESIAN_POINT ( 'NONE',  ( 15.25621485542343300, 20.37011389410426400, -2.500000000000000000 ) ) ;
#6003 = VERTEX_POINT ( 'NONE', #4180 ) ;
#6004 = ORIENTED_EDGE ( 'NONE', *, *, #236, .F. ) ;
#6005 = DIRECTION ( 'NONE',  ( -0.0000000000000000000, -0.0000000000000000000, 1.000000000000000000 ) ) ;
#6006 = EDGE_CURVE ( 'NONE', #5749, #1493, #452, .T. ) ;
#6007 = CARTESIAN_POINT ( 'NONE',  ( -14.45443618893210500, 24.84962553137846100, 2.500000000000000000 ) ) ;
#6008 = EDGE_LOOP ( 'NONE', ( #5578, #5231, #1347, #9 ) ) ;
#6009 = CARTESIAN_POINT ( 'NONE',  ( -17.20000000210718100, -12.00364120103817500, 2.500000000000000000 ) ) ;
#6010 = CARTESIAN_POINT ( 'NONE',  ( -21.27082858658739500, -15.47136618964875700, -2.299999999999999400 ) ) ;
#6011 = VERTEX_POINT ( 'NONE', #1655 ) ;
#6012 = EDGE_CURVE ( 'NONE', #778, #5550, #4475, .T. ) ;
#6013 = FACE_OUTER_BOUND ( 'NONE', #5107, .T. ) ;
#6014 = VERTEX_POINT ( 'NONE', #5610 ) ;
#6015 = AXIS2_PLACEMENT_3D ( 'NONE', #1809, #3851, #796 ) ;
#6016 = LINE ( 'NONE', #3000, #2107 ) ;
#6017 = EDGE_CURVE ( 'NONE', #4087, #4237, #3189, .T. ) ;
#6018 = ORIENTED_EDGE ( 'NONE', *, *, #1780, .F. ) ;
#6019 = EDGE_CURVE ( 'NONE', #13, #5946, #4333, .T. ) ;
#6020 = DIRECTION ( 'NONE',  ( 0.002562057422906024000, 0.9999967179254948300, 0.0000000000000000000 ) ) ;
#6021 = VERTEX_POINT ( 'NONE', #2679 ) ;
#6022 = CARTESIAN_POINT ( 'NONE',  ( -19.96195718067141600, 14.11031935113915400, 2.500000000000000000 ) ) ;
#6023 = CARTESIAN_POINT ( 'NONE',  ( -21.58410135576308900, -2.666971610699351300, 2.500000000000000000 ) ) ;
#6024 = CARTESIAN_POINT ( 'NONE',  ( -14.39990571184791600, -6.804015669358979500, -2.500000000000000000 ) ) ;
#6025 = EDGE_CURVE ( 'NONE', #3751, #3906, #3010, .T. ) ;
#6026 = VERTEX_POINT ( 'NONE', #3231 ) ;
#6027 = EDGE_CURVE ( 'NONE', #4252, #396, #284, .T. ) ;
#6028 = CARTESIAN_POINT ( 'NONE',  ( 16.75380384057941200, 17.65570920656541200, 2.500000000000000000 ) ) ;
#6029 = CARTESIAN_POINT ( 'NONE',  ( -18.69979416272441200, -7.601762011296004900, 2.500000000000000000 ) ) ;
#6030 = AXIS2_PLACEMENT_3D ( 'NONE', #228, #3805, #746 ) ;
#6031 = CARTESIAN_POINT ( 'NONE',  ( 20.85680346795556500, 13.76040011539267000, 2.500000000000000000 ) ) ;
#6032 = ORIENTED_EDGE ( 'NONE', *, *, #5282, .F. ) ;
#6033 = FACE_OUTER_BOUND ( 'NONE', #1864, .T. ) ;
#6034 = AXIS2_PLACEMENT_3D ( 'NONE', #6287, #3939, #875 ) ;
#6035 = VECTOR ( 'NONE', #5053, 1000.000000000000000 ) ;
#6036 = ORIENTED_EDGE ( 'NONE', *, *, #302, .T. ) ;
#6037 = CARTESIAN_POINT ( 'NONE',  ( 3.150000002174445400, 21.35528796400980800, 2.500000000000000000 ) ) ;
#6038 = DIRECTION ( 'NONE',  ( -0.0000000000000000000, -0.0000000000000000000, -1.000000000000000000 ) ) ;
#6039 = CARTESIAN_POINT ( 'NONE',  ( 11.74999999895835500, 6.559030876661861200, -15.56154822631480500 ) ) ;
#6040 = EDGE_LOOP ( 'NONE', ( #1270, #4462, #2822, #3229 ) ) ;
#6041 = DIRECTION ( 'NONE',  ( 1.000000000000000000, -3.510146983370655300E-016, -0.0000000000000000000 ) ) ;
#6042 = ORIENTED_EDGE ( 'NONE', *, *, #3710, .T. ) ;
#6043 = FACE_OUTER_BOUND ( 'NONE', #3796, .T. ) ;
#6044 = EDGE_CURVE ( 'NONE', #2346, #6068, #1810, .T. ) ;
#6045 = VECTOR ( 'NONE', #1461, 1000.000000000000200 ) ;
#6046 = CARTESIAN_POINT ( 'NONE',  ( 11.74999999895834100, 8.707139886832070600, -1.758960387251772700 ) ) ;
#6047 = VERTEX_POINT ( 'NONE', #679 ) ;
#6048 = FACE_OUTER_BOUND ( 'NONE', #3724, .T. ) ;
#6049 = AXIS2_PLACEMENT_3D ( 'NONE', #4533, #1520, #5010 ) ;
#6050 = LINE ( 'NONE', #5744, #4789 ) ;
#6051 = CARTESIAN_POINT ( 'NONE',  ( 15.31265031846410100, 22.16315505646136000, 2.500000000000000000 ) ) ;
#6052 = VECTOR ( 'NONE', #1042, 1000.000000000000000 ) ;
#6053 = VECTOR ( 'NONE', #207, 1000.000000000000000 ) ;
#6054 = EDGE_CURVE ( 'NONE', #3847, #3473, #2837, .T. ) ;
#6055 = CARTESIAN_POINT ( 'NONE',  ( 14.07379076822431900, 24.33571766011848300, 2.500000000000000000 ) ) ;
#6056 = CARTESIAN_POINT ( 'NONE',  ( 3.400000002045662700, 23.46300528677814200, -2.299999999999999400 ) ) ;
#6057 = CIRCLE ( 'NONE', #1687, 0.9999999988734784600 ) ;
#6058 = PLANE ( 'NONE',  #4768 ) ;
#6059 = LINE ( 'NONE', #3269, #2159 ) ;
#6060 = PRODUCT_DEFINITION_FORMATION_WITH_SPECIFIED_SOURCE ( 'ANY', '', #2858, .NOT_KNOWN. ) ;
#6061 = EDGE_LOOP ( 'NONE', ( #3383, #237, #5725, #1742 ) ) ;
#6062 = DIRECTION ( 'NONE',  ( 0.8660254037844554700, -0.4999999999999708000, 0.0000000000000000000 ) ) ;
#6063 = ORIENTED_EDGE ( 'NONE', *, *, #4120, .F. ) ;
#6064 = DIRECTION ( 'NONE',  ( -0.0000000000000000000, -0.0000000000000000000, -1.000000000000000000 ) ) ;
#6065 = DIRECTION ( 'NONE',  ( 0.0000000000000000000, 0.0000000000000000000, 1.000000000000000000 ) ) ;
#6066 = VECTOR ( 'NONE', #6327, 1000.000000000000100 ) ;
#6067 = CARTESIAN_POINT ( 'NONE',  ( 18.41218822660231100, 16.79459791957988600, -2.500000000000000000 ) ) ;
#6068 = VERTEX_POINT ( 'NONE', #6113 ) ;
#6069 = ORIENTED_EDGE ( 'NONE', *, *, #4225, .F. ) ;
#6070 = LINE ( 'NONE', #5926, #1277 ) ;
#6071 = ORIENTED_EDGE ( 'NONE', *, *, #1735, .T. ) ;
#6072 = ORIENTED_EDGE ( 'NONE', *, *, #2873, .F. ) ;
#6073 = CARTESIAN_POINT ( 'NONE',  ( 14.12379076814342600, 24.42232020035681500, -2.500000000000000000 ) ) ;
#6074 = ORIENTED_EDGE ( 'NONE', *, *, #4643, .F. ) ;
#6075 = VERTEX_POINT ( 'NONE', #2718 ) ;
#6076 = CARTESIAN_POINT ( 'NONE',  ( 19.19999999805115100, 6.603923229867603200, 2.500000000000000000 ) ) ;
#6077 = DIRECTION ( 'NONE',  ( -0.0000000000000000000, -0.0000000000000000000, -1.000000000000000000 ) ) ;
#6078 = CARTESIAN_POINT ( 'NONE',  ( 18.41218822660231100, 16.79459791957988600, -2.500000000000000000 ) ) ;
#6079 = EDGE_LOOP ( 'NONE', ( #224, #1527, #171, #5247 ) ) ;
#6080 = ORIENTED_EDGE ( 'NONE', *, *, #2330, .F. ) ;
#6081 = EDGE_CURVE ( 'NONE', #6202, #5206, #4031, .T. ) ;
#6082 = DIRECTION ( 'NONE',  ( -0.0000000000000000000, -0.0000000000000000000, -1.000000000000000000 ) ) ;
#6083 = VECTOR ( 'NONE', #4932, 1000.000000000000000 ) ;
#6084 = EDGE_CURVE ( 'NONE', #174, #4229, #5285, .T. ) ;
#6085 = PLANE ( 'NONE',  #4905 ) ;
#6086 = VERTEX_POINT ( 'NONE', #3757 ) ;
#6087 = CARTESIAN_POINT ( 'NONE',  ( -17.46195718165985900, 18.44044636834958000, 2.500000000000000000 ) ) ;
#6088 = ORIENTED_EDGE ( 'NONE', *, *, #1048, .F. ) ;
#6089 = ORIENTED_EDGE ( 'NONE', *, *, #6277, .T. ) ;
#6090 = VERTEX_POINT ( 'NONE', #2222 ) ;
#6091 = ORIENTED_EDGE ( 'NONE', *, *, #5136, .F. ) ;
#6092 = DIRECTION ( 'NONE',  ( 1.000000000000000000, 7.309538116125158200E-015, -0.0000000000000000000 ) ) ;
#6093 = EDGE_CURVE ( 'NONE', #6075, #3706, #128, .T. ) ;
#6094 = CARTESIAN_POINT ( 'NONE',  ( 20.99999999895845100, -13.82648468384631500, 2.500000000000000000 ) ) ;
#6095 = CARTESIAN_POINT ( 'NONE',  ( 4.150000002045662700, 23.18800528677813900, -2.299999999999999400 ) ) ;
#6096 = DIRECTION ( 'NONE',  ( 1.000000000000000000, 0.0000000000000000000, 0.0000000000000000000 ) ) ;
#6097 = CARTESIAN_POINT ( 'NONE',  ( 19.19999999805115100, 6.603923229867603200, -2.500000000000000000 ) ) ;
#6098 = ORIENTED_EDGE ( 'NONE', *, *, #4225, .T. ) ;
#6099 = ORIENTED_EDGE ( 'NONE', *, *, #2879, .F. ) ;
#6100 = ADVANCED_FACE ( 'NONE', ( #5146 ), #197, .T. ) ;
#6101 = CARTESIAN_POINT ( 'NONE',  ( 19.19999999805114400, 7.046329444390774900, -1.889989194055198500 ) ) ;
#6102 = EDGE_CURVE ( 'NONE', #1797, #6047, #3871, .T. ) ;
#6103 = PLANE ( 'NONE',  #5548 ) ;
#6104 = VECTOR ( 'NONE', #2267, 1000.000000000000000 ) ;
#6105 = CARTESIAN_POINT ( 'NONE',  ( 19.23130776813370000, 5.691158646355884100, -1.880298910168858300 ) ) ;
#6106 = AXIS2_PLACEMENT_3D ( 'NONE', #1401, #5863, #2954 ) ;
#6107 = LINE ( 'NONE', #4936, #2050 ) ;
#6108 = VECTOR ( 'NONE', #4636, 1000.000000000000000 ) ;
#6109 = VERTEX_POINT ( 'NONE', #5209 ) ;
#6110 = ORIENTED_EDGE ( 'NONE', *, *, #4830, .F. ) ;
#6111 = ORIENTED_EDGE ( 'NONE', *, *, #2283, .F. ) ;
#6112 = DIRECTION ( 'NONE',  ( -1.000000000000000000, 0.0000000000000000000, 0.0000000000000000000 ) ) ;
#6113 = CARTESIAN_POINT ( 'NONE',  ( -20.32312030118735500, -2.666971610699351300, 2.500000000000000000 ) ) ;
#6114 = CARTESIAN_POINT ( 'NONE',  ( -3.400000002045663500, 23.46300528677813800, -2.299999999999999400 ) ) ;
#6115 = VECTOR ( 'NONE', #4620, 1000.000000000000000 ) ;
#6116 = CARTESIAN_POINT ( 'NONE',  ( -19.22374705453439600, 7.425852783550522100, 2.285893218842371100 ) ) ;
#6117 = VECTOR ( 'NONE', #5754, 999.9999999999998900 ) ;
#6118 = CARTESIAN_POINT ( 'NONE',  ( -17.46780683843996200, 10.67593866912217700, -1.436740104506241600 ) ) ;
#6119 = EDGE_CURVE ( 'NONE', #1928, #5854, #5002, .T. ) ;
#6120 = CARTESIAN_POINT ( 'NONE',  ( -14.27897133052508100, 21.94224485420300400, -2.500000000000000000 ) ) ;
#6121 = LINE ( 'NONE', #4013, #2220 ) ;
#6122 = LINE ( 'NONE', #2011, #3595 ) ;
#6123 = VECTOR ( 'NONE', #1173, 1000.000000000000000 ) ;
#6124 = EDGE_CURVE ( 'NONE', #5262, #3995, #6236, .T. ) ;
#6125 = LINE ( 'NONE', #1839, #4862 ) ;
#6126 = EDGE_CURVE ( 'NONE', #4301, #4617, #3736, .T. ) ;
#6127 = ADVANCED_FACE ( 'NONE', ( #3572 ), #5226, .F. ) ;
#6128 = ORIENTED_EDGE ( 'NONE', *, *, #2542, .F. ) ;
#6129 = CIRCLE ( 'NONE', #4920, 0.6000000001230610900 ) ;
#6130 = CARTESIAN_POINT ( 'NONE',  ( -14.08718822782419800, 24.28571766019937800, -2.500000000000000000 ) ) ;
#6131 = VECTOR ( 'NONE', #3248, 1000.000000000000000 ) ;
#6132 = EDGE_CURVE ( 'NONE', #1168, #5008, #2524, .T. ) ;
#6133 = VECTOR ( 'NONE', #375, 1000.000000000000000 ) ;
#6134 = CARTESIAN_POINT ( 'NONE',  ( -20.85680346795562600, 13.76040011539258500, 2.500000000000000000 ) ) ;
#6135 = ORIENTED_EDGE ( 'NONE', *, *, #5457, .T. ) ;
#6136 = EDGE_CURVE ( 'NONE', #5191, #2258, #995, .T. ) ;
#6137 = ORIENTED_EDGE ( 'NONE', *, *, #3718, .F. ) ;
#6138 = CARTESIAN_POINT ( 'NONE',  ( 13.70644590135413000, 23.05439246254506000, -2.500000000000000000 ) ) ;
#6139 = ORIENTED_EDGE ( 'NONE', *, *, #714, .T. ) ;
#6140 = VECTOR ( 'NONE', #4129, 1000.000000000000100 ) ;
#6141 = EDGE_LOOP ( 'NONE', ( #5089, #3883, #2264, #2925 ) ) ;
#6142 = CARTESIAN_POINT ( 'NONE',  ( 20.83636363536799500, 1.122172890406549600, 2.500000000000000000 ) ) ;
#6143 = CARTESIAN_POINT ( 'NONE',  ( -19.33541369742957300, 4.948565603179101700, -1.827755484765766200 ) ) ;
#6144 = CARTESIAN_POINT ( 'NONE',  ( -15.20403488651030900, 20.33998777500614700, 2.500000000000000000 ) ) ;
#6145 = CARTESIAN_POINT ( 'NONE',  ( -11.74999999895837100, 4.355040764844140700, 16.34081488719823500 ) ) ;
#6146 = VERTEX_POINT ( 'NONE', #2291 ) ;
#6147 = ORIENTED_EDGE ( 'NONE', *, *, #5799, .F. ) ;
#6148 = ORIENTED_EDGE ( 'NONE', *, *, #2635, .F. ) ;
#6149 = AXIS2_PLACEMENT_3D ( 'NONE', #1543, #5029, #2052 ) ;
#6150 = ORIENTED_EDGE ( 'NONE', *, *, #5632, .T. ) ;
#6151 = VERTEX_POINT ( 'NONE', #1784 ) ;
#6152 = LINE ( 'NONE', #344, #3629 ) ;
#6153 = CARTESIAN_POINT ( 'NONE',  ( 20.55713668712320800, 11.63392459979429500, 1.565301008999729700 ) ) ;
#6154 = VERTEX_POINT ( 'NONE', #4302 ) ;
#6155 = DIRECTION ( 'NONE',  ( 0.0000000000000000000, 0.0000000000000000000, 1.000000000000000000 ) ) ;
#6156 = DIRECTION ( 'NONE',  ( 0.0000000000000000000, 0.0000000000000000000, 1.000000000000000000 ) ) ;
#6157 = FACE_OUTER_BOUND ( 'NONE', #982, .T. ) ;
#6158 = ORIENTED_EDGE ( 'NONE', *, *, #242, .F. ) ;
#6159 = CARTESIAN_POINT ( 'NONE',  ( -16.50000000185057300, -11.70364120133965200, -2.500000000000000000 ) ) ;
#6160 = ADVANCED_FACE ( 'NONE', ( #833 ), #5244, .F. ) ;
#6161 = ORIENTED_EDGE ( 'NONE', *, *, #5378, .T. ) ;
#6162 = AXIS2_PLACEMENT_3D ( 'NONE', #350, #3920, #858 ) ;
#6163 = CARTESIAN_POINT ( 'NONE',  ( -21.69999999912344200, -0.1968120246770747600, -2.500000000000000000 ) ) ;
#6164 = DIRECTION ( 'NONE',  ( -1.000000000000000000, 0.0000000000000000000, 0.0000000000000000000 ) ) ;
#6165 = VERTEX_POINT ( 'NONE', #2800 ) ;
#6166 = EDGE_CURVE ( 'NONE', #2969, #5358, #2205, .T. ) ;
#6167 = PLANE ( 'NONE',  #39 ) ;
#6168 = VERTEX_POINT ( 'NONE', #4 ) ;
#6169 = EDGE_CURVE ( 'NONE', #4266, #4820, #2046, .T. ) ;
#6170 = DIRECTION ( 'NONE',  ( 0.8660254037844539200, -0.4999999999999736300, 0.0000000000000000000 ) ) ;
#6171 = CARTESIAN_POINT ( 'NONE',  ( -17.46195718165985900, 18.44044636834958000, 2.500000000000000000 ) ) ;
#6172 = CYLINDRICAL_SURFACE ( 'NONE', #4276, 0.09999999983821214500 ) ;
#6173 = VECTOR ( 'NONE', #5501, 1000.000000000000200 ) ;
#6174 = DIRECTION ( 'NONE',  ( -1.000000000000000000, 0.0000000000000000000, 0.0000000000000000000 ) ) ;
#6175 = VECTOR ( 'NONE', #3804, 1000.000000000000000 ) ;
#6176 = ORIENTED_EDGE ( 'NONE', *, *, #65, .T. ) ;
#6177 = CARTESIAN_POINT ( 'NONE',  ( 20.99999999895845100, -13.82648468384631500, 2.500000000000000000 ) ) ;
#6178 = AXIS2_PLACEMENT_3D ( 'NONE', #1369, #1332, #1310 ) ;
#6179 = CARTESIAN_POINT ( 'NONE',  ( -21.70000000021520500, -14.66549868070125000, -2.299999999999999400 ) ) ;
#6180 = ORIENTED_EDGE ( 'NONE', *, *, #2353, .F. ) ;
#6181 = FACE_OUTER_BOUND ( 'NONE', #2501, .T. ) ;
#6182 = LINE ( 'NONE', #1437, #3661 ) ;
#6183 = ORIENTED_EDGE ( 'NONE', *, *, #1476, .T. ) ;
#6184 = ADVANCED_FACE ( 'NONE', ( #3265 ), #2063, .F. ) ;
#6185 = AXIS2_PLACEMENT_3D ( 'NONE', #4405, #1376, #4882 ) ;
#6186 = CYLINDRICAL_SURFACE ( 'NONE', #3242, 0.2007699903126582100 ) ;
#6187 = DIRECTION ( 'NONE',  ( -0.0000000000000000000, -0.0000000000000000000, -1.000000000000000000 ) ) ;
#6188 = FACE_OUTER_BOUND ( 'NONE', #3459, .T. ) ;
#6189 = EDGE_CURVE ( 'NONE', #3975, #1375, #1878, .T. ) ;
#6190 = VECTOR ( 'NONE', #1016, 1000.000000000000000 ) ;
#6191 = VECTOR ( 'NONE', #3039, 1000.000000000000000 ) ;
#6192 = EDGE_CURVE ( 'NONE', #4968, #1297, #4708, .T. ) ;
#6193 = VECTOR ( 'NONE', #2062, 1000.000000000000000 ) ;
#6194 = DIRECTION ( 'NONE',  ( -1.000000000000000000, 0.0000000000000000000, 0.0000000000000000000 ) ) ;
#6195 = CARTESIAN_POINT ( 'NONE',  ( 20.00000000008497000, 0.5739978569335469900, 2.500000000000000000 ) ) ;
#6196 = VECTOR ( 'NONE', #3705, 1000.000000000000000 ) ;
#6197 = ORIENTED_EDGE ( 'NONE', *, *, #3755, .T. ) ;
#6198 = ORIENTED_EDGE ( 'NONE', *, *, #5352, .F. ) ;
#6199 = CIRCLE ( 'NONE', #2096, 0.2999999996985240900 ) ;
#6200 = EDGE_CURVE ( 'NONE', #293, #5915, #5803, .T. ) ;
#6201 = EDGE_CURVE ( 'NONE', #3076, #334, #538, .T. ) ;
#6202 = VERTEX_POINT ( 'NONE', #6007 ) ;
#6203 = EDGE_LOOP ( 'NONE', ( #567, #5211, #3421, #842 ) ) ;
#6204 = LINE ( 'NONE', #1473, #4960 ) ;
#6205 = ORIENTED_EDGE ( 'NONE', *, *, #915, .T. ) ;
#6206 = EDGE_CURVE ( 'NONE', #3497, #6216, #5517, .T. ) ;
#6207 = ORIENTED_EDGE ( 'NONE', *, *, #5726, .F. ) ;
#6208 = CARTESIAN_POINT ( 'NONE',  ( 15.25621485542343300, 20.37011389410426400, 2.500000000000000000 ) ) ;
#6209 = ORIENTED_EDGE ( 'NONE', *, *, #2153, .T. ) ;
#6210 = DIRECTION ( 'NONE',  ( 0.0000000000000000000, 0.0000000000000000000, 1.000000000000000000 ) ) ;
#6211 = CIRCLE ( 'NONE', #2263, 0.4935834150827430600 ) ;
#6212 = AXIS2_PLACEMENT_3D ( 'NONE', #5027, #5502, #2574 ) ;
#6213 = CARTESIAN_POINT ( 'NONE',  ( 20.95980762013417800, 13.58199169042874700, 2.500000000000000000 ) ) ;
#6214 = ADVANCED_FACE ( 'NONE', ( #1733 ), #4606, .F. ) ;
#6215 = APPLICATION_PROTOCOL_DEFINITION ( 'draft international standard', 'automotive_design', 1998, #288 ) ;
#6216 = VERTEX_POINT ( 'NONE', #1049 ) ;
#6217 = ORIENTED_EDGE ( 'NONE', *, *, #6012, .F. ) ;
#6218 = AXIS2_PLACEMENT_3D ( 'NONE', #1420, #4926, #1943 ) ;
#6219 = LINE ( 'NONE', #1949, #6365 ) ;
#6220 = EDGE_LOOP ( 'NONE', ( #5743, #6139, #3945, #1482 ) ) ;
#6221 = DIRECTION ( 'NONE',  ( -0.0000000000000000000, -0.0000000000000000000, -1.000000000000000000 ) ) ;
#6222 = ORIENTED_EDGE ( 'NONE', *, *, #5584, .F. ) ;
#6223 = ORIENTED_EDGE ( 'NONE', *, *, #4234, .F. ) ;
#6224 = ADVANCED_FACE ( 'NONE', ( #1569 ), #5553, .F. ) ;
#6225 = EDGE_CURVE ( 'NONE', #4834, #3564, #208, .T. ) ;
#6226 = ORIENTED_EDGE ( 'NONE', *, *, #6234, .T. ) ;
#6227 = ORIENTED_EDGE ( 'NONE', *, *, #4546, .F. ) ;
#6228 = CARTESIAN_POINT ( 'NONE',  ( 3.400000002045662700, 23.46300528677814200, 2.500000000000000000 ) ) ;
#6229 = DIRECTION ( 'NONE',  ( -0.9816271833683853900, -0.1908089957843970600, -0.0000000000000000000 ) ) ;
#6230 = PRODUCT_CONTEXT ( 'NONE', #288, 'mechanical' ) ;
#6231 = EDGE_CURVE ( 'NONE', #3780, #6278, #2907, .T. ) ;
#6232 = ORIENTED_EDGE ( 'NONE', *, *, #3410, .F. ) ;
#6233 = ORIENTED_EDGE ( 'NONE', *, *, #4498, .T. ) ;
#6234 = EDGE_CURVE ( 'NONE', #6021, #5206, #5350, .T. ) ;
#6235 = EDGE_CURVE ( 'NONE', #6278, #4824, #361, .T. ) ;
#6236 = LINE ( 'NONE', #1220, #2357 ) ;
#6237 = DIRECTION ( 'NONE',  ( -1.000000000000000000, 0.0000000000000000000, 0.0000000000000000000 ) ) ;
#6238 = ADVANCED_FACE ( 'NONE', ( #3947 ), #4166, .F. ) ;
#6239 = ORIENTED_EDGE ( 'NONE', *, *, #1616, .F. ) ;
#6240 = ORIENTED_EDGE ( 'NONE', *, *, #6321, .T. ) ;
#6241 = VECTOR ( 'NONE', #3464, 1000.000000000000000 ) ;
#6242 = LINE ( 'NONE', #2147, #4712 ) ;
#6243 = ADVANCED_FACE ( 'NONE', ( #1385 ), #6305, .T. ) ;
#6244 = ORIENTED_EDGE ( 'NONE', *, *, #1849, .F. ) ;
#6245 = ORIENTED_EDGE ( 'NONE', *, *, #1315, .F. ) ;
#6246 = DIRECTION ( 'NONE',  ( 1.000000000000000000, 0.0000000000000000000, 0.0000000000000000000 ) ) ;
#6247 = VERTEX_POINT ( 'NONE', #3702 ) ;
#6248 = PLANE ( 'NONE',  #4093 ) ;
#6249 = VECTOR ( 'NONE', #599, 1000.000000000000000 ) ;
#6250 = DIRECTION ( 'NONE',  ( -0.0000000000000000000, -0.0000000000000000000, 1.000000000000000000 ) ) ;
#6251 = ORIENTED_EDGE ( 'NONE', *, *, #4422, .F. ) ;
#6252 = VECTOR ( 'NONE', #2300, 1000.000000000000000 ) ;
#6253 = ADVANCED_FACE ( 'NONE', ( #2611 ), #4649, .F. ) ;
#6254 = LINE ( 'NONE', #1422, #5017 ) ;
#6255 = LINE ( 'NONE', #1986, #5020 ) ;
#6256 = DIRECTION ( 'NONE',  ( 1.000000000000000000, -3.510146983370655300E-016, -0.0000000000000000000 ) ) ;
#6257 = LINE ( 'NONE', #2380, #4728 ) ;
#6258 = LINE ( 'NONE', #1936, #1021 ) ;
#6259 = EDGE_CURVE ( 'NONE', #2905, #5348, #5079, .T. ) ;
#6260 = ORIENTED_EDGE ( 'NONE', *, *, #752, .T. ) ;
#6261 = LINE ( 'NONE', #6142, #863 ) ;
#6262 = AXIS2_PLACEMENT_3D ( 'NONE', #5869, #946, #4480 ) ;
#6263 = PLANE ( 'NONE',  #1933 ) ;
#6264 = CIRCLE ( 'NONE', #322, 9.999999997365293300 ) ;
#6265 = LINE ( 'NONE', #353, #2388 ) ;
#6266 = CARTESIAN_POINT ( 'NONE',  ( -17.37850923866328400, 16.57368771732153300, 2.500000000000000000 ) ) ;
#6267 = DIRECTION ( 'NONE',  ( -0.0000000000000000000, -0.0000000000000000000, -1.000000000000000000 ) ) ;
#6268 = ADVANCED_FACE ( 'NONE', ( #1238 ), #6172, .T. ) ;
#6269 = ORIENTED_EDGE ( 'NONE', *, *, #6124, .T. ) ;
#6270 = ORIENTED_EDGE ( 'NONE', *, *, #3163, .F. ) ;
#6271 = VECTOR ( 'NONE', #2094, 1000.000000000000100 ) ;
#6272 = DIRECTION ( 'NONE',  ( 1.000000000000000000, 0.0000000000000000000, 0.0000000000000000000 ) ) ;
#6273 = ORIENTED_EDGE ( 'NONE', *, *, #5292, .T. ) ;
#6274 = ADVANCED_FACE ( 'NONE', ( #3807 ), #6085, .T. ) ;
#6275 = ORIENTED_EDGE ( 'NONE', *, *, #1857, .T. ) ;
#6276 = ORIENTED_EDGE ( 'NONE', *, *, #3586, .F. ) ;
#6277 = EDGE_CURVE ( 'NONE', #633, #3785, #2436, .T. ) ;
#6278 = VERTEX_POINT ( 'NONE', #1690 ) ;
#6279 = CARTESIAN_POINT ( 'NONE',  ( -7.650000000000008300, 14.99962553122773200, 3.469446951953614200E-015 ) ) ;
#6280 = VERTEX_POINT ( 'NONE', #5155 ) ;
#6281 = VERTEX_POINT ( 'NONE', #5640 ) ;
#6282 = ADVANCED_FACE ( 'NONE', ( #6033 ), #6103, .F. ) ;
#6283 = VECTOR ( 'NONE', #6210, 1000.000000000000000 ) ;
#6284 = AXIS2_PLACEMENT_3D ( 'NONE', #3333, #3377, #3286 ) ;
#6285 = VERTEX_POINT ( 'NONE', #3727 ) ;
#6286 = CARTESIAN_POINT ( 'NONE',  ( -8.745941614151837100, -9.001315623416150700, 2.500000000000000000 ) ) ;
#6287 = CARTESIAN_POINT ( 'NONE',  ( 15.82874028459418600, 19.25796628576226900, 2.500000000000000000 ) ) ;
#6288 =( NAMED_UNIT ( * ) SI_UNIT ( $, .STERADIAN. ) SOLID_ANGLE_UNIT ( ) );
#6289 = CARTESIAN_POINT ( 'NONE',  ( 16.60000000025540200, -11.91094532216122900, 2.500000000000000000 ) ) ;
#6290 = LINE ( 'NONE', #4005, #5058 ) ;
#6291 = ORIENTED_EDGE ( 'NONE', *, *, #277, .T. ) ;
#6292 = PLANE ( 'NONE',  #1774 ) ;
#6293 = DIRECTION ( 'NONE',  ( 0.0000000000000000000, 1.000000000000000000, 0.0000000000000000000 ) ) ;
#6294 = DIRECTION ( 'NONE',  ( -0.0000000000000000000, 0.0000000000000000000, 1.000000000000000000 ) ) ;
#6295 = ORIENTED_EDGE ( 'NONE', *, *, #3249, .F. ) ;
#6296 = VERTEX_POINT ( 'NONE', #4707 ) ;
#6297 = DIRECTION ( 'NONE',  ( -0.8660254037844539200, -0.4999999999999736300, 0.0000000000000000000 ) ) ;
#6298 = EDGE_CURVE ( 'NONE', #2246, #1139, #4912, .T. ) ;
#6299 = VERTEX_POINT ( 'NONE', #1710 ) ;
#6300 = EDGE_CURVE ( 'NONE', #3097, #2173, #4773, .T. ) ;
#6301 = EDGE_CURVE ( 'NONE', #4925, #748, #2760, .T. ) ;
#6302 = ADVANCED_FACE ( 'NONE', ( #765 ), #4249, .F. ) ;
#6303 = VERTEX_POINT ( 'NONE', #3262 ) ;
#6304 = CARTESIAN_POINT ( 'NONE',  ( -14.19462856805785800, 24.69962553152921100, 2.500000000000000000 ) ) ;
#6305 = CYLINDRICAL_SURFACE ( 'NONE', #4800, 0.2999999996985205900 ) ;
#6306 = FACE_OUTER_BOUND ( 'NONE', #2186, .T. ) ;
#6307 = CARTESIAN_POINT ( 'NONE',  ( -21.38826631739767600, -5.627175663125189700, 0.7500000000000000000 ) ) ;
#6308 = AXIS2_PLACEMENT_3D ( 'NONE', #5788, #2867, #6246 ) ;
#6309 = CARTESIAN_POINT ( 'NONE',  ( 19.68651551726444600, -3.234434698222926800, 0.7500000000000000000 ) ) ;
#6310 = DIRECTION ( 'NONE',  ( -0.8660254037844491400, -0.4999999999999815700, -0.0000000000000000000 ) ) ;
#6311 = EDGE_CURVE ( 'NONE', #3552, #5946, #2279, .T. ) ;
#6312 = CARTESIAN_POINT ( 'NONE',  ( -14.50680346973448200, 24.75892274037451600, 2.500000000000000000 ) ) ;
#6313 = VECTOR ( 'NONE', #4279, 1000.000000000000000 ) ;
#6314 = ORIENTED_EDGE ( 'NONE', *, *, #2665, .T. ) ;
#6315 = DIRECTION ( 'NONE',  ( 0.3442546491584244600, -0.9388763158866082500, 0.0000000000000000000 ) ) ;
#6316 = EDGE_CURVE ( 'NONE', #1627, #5403, #3648, .T. ) ;
#6317 = ORIENTED_EDGE ( 'NONE', *, *, #3755, .F. ) ;
#6318 = CARTESIAN_POINT ( 'NONE',  ( 16.60000000025540200, -11.91094532216122900, -2.500000000000000000 ) ) ;
#6319 = FACE_OUTER_BOUND ( 'NONE', #804, .T. ) ;
#6320 = LINE ( 'NONE', #4483, #4784 ) ;
#6321 = EDGE_CURVE ( 'NONE', #593, #2333, #5882, .T. ) ;
#6322 = CARTESIAN_POINT ( 'NONE',  ( -3.150000002174445000, 21.35528796400981800, 2.500000000000000000 ) ) ;
#6323 = ORIENTED_EDGE ( 'NONE', *, *, #6321, .F. ) ;
#6324 = FACE_OUTER_BOUND ( 'NONE', #3664, .T. ) ;
#6325 = VECTOR ( 'NONE', #3295, 1000.000000000000000 ) ;
#6326 = DIRECTION ( 'NONE',  ( 1.000000000000000000, 0.0000000000000000000, 0.0000000000000000000 ) ) ;
#6327 = DIRECTION ( 'NONE',  ( -0.4999999999999667500, -0.8660254037844578000, 0.0000000000000000000 ) ) ;
#6328 = CARTESIAN_POINT ( 'NONE',  ( 14.47020092941525800, 24.62232020021711400, 2.500000000000000000 ) ) ;
#6329 = AXIS2_PLACEMENT_3D ( 'NONE', #391, #3954, #898 ) ;
#6330 = LINE ( 'NONE', #4555, #6190 ) ;
#6331 = LINE ( 'NONE', #585, #2465 ) ;
#6332 = CARTESIAN_POINT ( 'NONE',  ( 13.65426593244120400, 23.02426634344688200, 2.500000000000000000 ) ) ;
#6333 = PLANE ( 'NONE',  #4963 ) ;
#6334 = CARTESIAN_POINT ( 'NONE',  ( 18.35575276356144100, 15.00155675722285900, 2.500000000000000000 ) ) ;
#6335 = LINE ( 'NONE', #2018, #80 ) ;
#6336 = ADVANCED_FACE ( 'NONE', ( #3339 ), #5215, .F. ) ;
#6337 = CARTESIAN_POINT ( 'NONE',  ( 16.40013342010392000, -11.90364120424379400, -2.500000000000000000 ) ) ;
#6338 = FACE_OUTER_BOUND ( 'NONE', #4362, .T. ) ;
#6339 = CARTESIAN_POINT ( 'NONE',  ( 4.150000002045662700, 23.18800528677813900, 2.500000000000000000 ) ) ;
#6340 = CARTESIAN_POINT ( 'NONE',  ( -22.20000000134171400, -17.50401566457473400, 2.500000000000000000 ) ) ;
#6341 = EDGE_CURVE ( 'NONE', #3176, #1627, #4472, .T. ) ;
#6342 = EDGE_LOOP ( 'NONE', ( #5065, #399, #1692, #5638, #1768, #4391, #531 ) ) ;
#6343 = VERTEX_POINT ( 'NONE', #229 ) ;
#6344 = VECTOR ( 'NONE', #597, 1000.000000000000000 ) ;
#6345 = AXIS2_PLACEMENT_3D ( 'NONE', #5076, #2104, #5545 ) ;
#6346 = EDGE_LOOP ( 'NONE', ( #4010, #4074 ) ) ;
#6347 = ORIENTED_EDGE ( 'NONE', *, *, #4275, .T. ) ;
#6348 = VECTOR ( 'NONE', #3089, 1000.000000000000000 ) ;
#6349 = CARTESIAN_POINT ( 'NONE',  ( -20.95884655956168500, -12.11820054734851100, -2.299999999999999400 ) ) ;
#6350 = CARTESIAN_POINT ( 'NONE',  ( 20.32379076660719600, 13.68360519608992700, -2.500000000000000000 ) ) ;
#6351 = CARTESIAN_POINT ( 'NONE',  ( -14.45443618893210500, 24.84962553137846100, -2.500000000000000000 ) ) ;
#6352 = CARTESIAN_POINT ( 'NONE',  ( -21.38826631739767600, -5.627175663125189700, 0.7500000000000000000 ) ) ;
#6353 = DIRECTION ( 'NONE',  ( 0.4999999999999773500, -0.8660254037844518100, 0.0000000000000000000 ) ) ;
#6354 = ORIENTED_EDGE ( 'NONE', *, *, #2026, .F. ) ;
#6356 = EDGE_LOOP ( 'NONE', ( #618, #2565, #4468, #367 ) ) ;
#6355 =( BOUNDED_CURVE ( )  B_SPLINE_CURVE ( 3, ( #5102, #5576, #2647, #6046 ),
 .UNSPECIFIED., .F., .F. ) 
 B_SPLINE_CURVE_WITH_KNOTS ( ( 4, 4 ),
 ( 1.285515823935029900, 1.449589621334697300 ),
 .UNSPECIFIED. ) 
 CURVE ( )  GEOMETRIC_REPRESENTATION_ITEM ( )  RATIONAL_B_SPLINE_CURVE ( ( 1.000000000000000000, 0.9977579069575229800, 0.9977579069575229800, 1.000000000000000000 ) ) 
 REPRESENTATION_ITEM ( '' )  );
#6357 = EDGE_CURVE ( 'NONE', #4297, #3176, #3182, .T. ) ;
#6358 = DIRECTION ( 'NONE',  ( 0.1908089957846946200, -0.9816271833683276600, 0.0000000000000000000 ) ) ;
#6359 = CIRCLE ( 'NONE', #1232, 18.23354649640247500 ) ;
#6360 = ORIENTED_EDGE ( 'NONE', *, *, #815, .T. ) ;
#6361 = ORIENTED_EDGE ( 'NONE', *, *, #27, .T. ) ;
#6362 = DIRECTION ( 'NONE',  ( 0.8660254037844400400, 0.4999999999999974500, -0.0000000000000000000 ) ) ;
#6363 = PRODUCT_RELATED_PRODUCT_CATEGORY ( 'part', '', ( #2858 ) ) ;
#6364 = DIRECTION ( 'NONE',  ( -1.000000000000000000, 0.0000000000000000000, 0.0000000000000000000 ) ) ;
#6365 = VECTOR ( 'NONE', #2978, 1000.000000000000000 ) ;
#6366 = CARTESIAN_POINT ( 'NONE',  ( 15.20403488651030700, 20.33998777500599400, 2.500000000000000000 ) ) ;
#6367 = EDGE_LOOP ( 'NONE', ( #5148, #619, #3271, #4343, #4486, #663, #1788, #5203 ) ) ;
#6368 = ADVANCED_FACE ( 'NONE', ( #5737 ), #4332, .F. ) ;
#6369 = AXIS2_PLACEMENT_3D ( 'NONE', #5021, #1030, #4568 ) ;
#6370 = ORIENTED_EDGE ( 'NONE', *, *, #5111, .T. ) ;
#6371 = VERTEX_POINT ( 'NONE', #255 ) ;
#6372 = CARTESIAN_POINT ( 'NONE',  ( 20.23718822636886500, 13.63360519617082500, 2.500000000000000000 ) ) ;
#6373 = VERTEX_POINT ( 'NONE', #3821 ) ;
#6374 = DIRECTION ( 'NONE',  ( -1.000000000000000000, 0.0000000000000000000, 0.0000000000000000000 ) ) ;
#6375 = DIRECTION ( 'NONE',  ( -1.000000000000000000, 7.309538116125158200E-015, -0.0000000000000000000 ) ) ;
#6376 = ORIENTED_EDGE ( 'NONE', *, *, #1204, .F. ) ;
#6377 = CARTESIAN_POINT ( 'NONE',  ( 20.95980762013417800, 13.58199169042874700, 2.500000000000000000 ) ) ;
#6378 = CARTESIAN_POINT ( 'NONE',  ( -20.37379076652629800, 13.59700265585159900, -2.500000000000000000 ) ) ;
#6379 = DIRECTION ( 'NONE',  ( -0.0000000000000000000, -0.0000000000000000000, -1.000000000000000000 ) ) ;
#6380 = ORIENTED_EDGE ( 'NONE', *, *, #4207, .T. ) ;
#6381 = ORIENTED_EDGE ( 'NONE', *, *, #827, .T. ) ;
#6382 = PLANE ( 'NONE',  #1484 ) ;
#6383 = CARTESIAN_POINT ( 'NONE',  ( -20.73934089607965300, -15.43620512966736800, -2.299999999999999400 ) ) ;
#6384 = CARTESIAN_POINT ( 'NONE',  ( -20.15000000011575700, -11.50298649307194400, -2.500000000000000000 ) ) ;
#6385 = EDGE_CURVE ( 'NONE', #6371, #5133, #1805, .T. ) ;
#6386 = COLOUR_RGB ( '',0.003921568627450980300, 0.2352941176470588200, 0.8235294117647058400 ) ;
#6387 = AXIS2_PLACEMENT_3D ( 'NONE', #3563, #996, #4536 ) ;
#6388 = EDGE_CURVE ( 'NONE', #4925, #736, #442, .T. ) ;
#6389 = ORIENTED_EDGE ( 'NONE', *, *, #3325, .F. ) ;
#6390 = VECTOR ( 'NONE', #1196, 1000.000000000000000 ) ;
#6391 = VECTOR ( 'NONE', #6267, 1000.000000000000000 ) ;
#6392 = ORIENTED_EDGE ( 'NONE', *, *, #1726, .F. ) ;
#6393 = CARTESIAN_POINT ( 'NONE',  ( -18.41218822660231100, 16.79459791957988600, -2.500000000000000000 ) ) ;
#6394 = LINE ( 'NONE', #1382, #1166 ) ;
#6395 = VECTOR ( 'NONE', #596, 1000.000000000000000 ) ;
#6396 = VERTEX_POINT ( 'NONE', #4781 ) ;
#6397 = CARTESIAN_POINT ( 'NONE',  ( -20.85680346795562600, 13.76040011539258500, 2.500000000000000000 ) ) ;
#6398 = ORIENTED_EDGE ( 'NONE', *, *, #678, .T. ) ;
#6399 = EDGE_CURVE ( 'NONE', #2734, #5326, #1956, .T. ) ;
#6400 = ORIENTED_EDGE ( 'NONE', *, *, #5855, .T. ) ;
#6401 = DIRECTION ( 'NONE',  ( 1.000000000000000000, 0.0000000000000000000, 0.0000000000000000000 ) ) ;
#6402 = VECTOR ( 'NONE', #47, 1000.000000000000000 ) ;
#6403 = VERTEX_POINT ( 'NONE', #6179 ) ;
#6404 = LINE ( 'NONE', #1265, #3886 ) ;
#6405 = CARTESIAN_POINT ( 'NONE',  ( 14.12379076814342600, 24.42232020035681500, 2.500000000000000000 ) ) ;
#6406 = DIRECTION ( 'NONE',  ( 1.000000000000000000, 0.0000000000000000000, 0.0000000000000000000 ) ) ;
#6407 = DIRECTION ( 'NONE',  ( -0.0000000000000000000, -0.0000000000000000000, 1.000000000000000000 ) ) ;
#6408 = CARTESIAN_POINT ( 'NONE',  ( -14.33115129943800300, 21.97237097330118500, -2.500000000000000000 ) ) ;
#6409 = CIRCLE ( 'NONE', #1648, 0.1999999999999987900 ) ;
#6410 = AXIS2_PLACEMENT_3D ( 'NONE', #3411, #3341, #3317 ) ;
#6411 = DIRECTION ( 'NONE',  ( 0.0000000000000000000, 0.0000000000000000000, 1.000000000000000000 ) ) ;
#6412 = LINE ( 'NONE', #417, #5164 ) ;
#6413 = CARTESIAN_POINT ( 'NONE',  ( -11.74999999895834100, 8.707139886832070600, -1.758960387251772700 ) ) ;
#6414 = VECTOR ( 'NONE', #661, 1000.000000000000000 ) ;
#6415 = VECTOR ( 'NONE', #2265, 1000.000000000000200 ) ;
#6416 = CARTESIAN_POINT ( 'NONE',  ( -3.400000002045663100, 24.99962553122773200, -2.500000000000000000 ) ) ;
#6417 = ORIENTED_EDGE ( 'NONE', *, *, #3967, .F. ) ;
#6418 = AXIS2_PLACEMENT_3D ( 'NONE', #467, #4018, #964 ) ;
#6419 = CARTESIAN_POINT ( 'NONE',  ( 13.70644590135413000, 23.05439246254506000, 2.500000000000000000 ) ) ;
#6420 = DIRECTION ( 'NONE',  ( 0.3255681544571679100, 0.9455185755993129600, 0.0000000000000000000 ) ) ;
#6421 = VECTOR ( 'NONE', #2728, 1000.000000000000000 ) ;
#6422 = DIRECTION ( 'NONE',  ( -0.8660254037844813400, -0.4999999999999259500, 0.0000000000000000000 ) ) ;
#6423 = CARTESIAN_POINT ( 'NONE',  ( -20.32312030118735500, -2.666971610699351300, 0.7500000000000000000 ) ) ;
ENDSEC;
END-ISO-10303-21;
