999
LibreDWG 0.14
  0
SECTION
  2
HEADER
  9
$ACADVER
  1
AC1015
  9
$ACADMAINTVER
 70
    55
  9
$DWGCODEPAGE
  3
ANSI_1252
  9
$INSBASE
 10
0.0
 20
0.0
 30
0.0
  9
$EXTMIN
 10
0.0
 20
0.0
 30
0.0
  9
$EXTMAX
 10
279.4
 20
215.9
 30
0.0
  9
$LIMMIN
 10
0.0
 20
0.0
  9
$LIMMAX
 10
279.4
 20
215.9
  9
$ORTHOMODE
 70
     0
  9
$REGENMODE
 70
     1
  9
$FILLMODE
 70
     1
  9
$QTEXTMODE
 70
     0
  9
$MIRRTEXT
 70
     1
  9
$LTSCALE
 40
1.0
  9
$ATTMODE
 70
     1
  9
$TEXTSIZE
 40
2.822222222222222
  9
$TRACEWID
 40
1.0
  9
$TEXTSTYLE
  7
Standard
  9
$CLAYER
  8
0
  9
$CELTYPE
  6
ByLayer
  9
$CECOLOR
 62
   256
  9
$CELTSCALE
 40
1.0
  9
$DISPSILH
 70
     0
  9
$DIMSCALE
 40
1.0
  9
$DIMASZ
 40
3.302
  9
$DIMEXO
 40
1.27
  9
$DIMDLI
 40
3.75
  9
$DIMRND
 40
0.0
  9
$DIMDLE
 40
0.0
  9
$DIMEXE
 40
3.175
  9
$DIMTP
 40
0.0
  9
$DIMTM
 40
0.0
  9
$DIMTXT
 40
2.822222222222222
  9
$DIMCEN
 40
2.5
  9
$DIMTSZ
 40
0.0
  9
$DIMTOL
 70
     0
  9
$DIMLIM
 70
     0
  9
$DIMTIH
 70
     1
  9
$DIMTOH
 70
     1
  9
$DIMSE1
 70
     0
  9
$DIMSE2
 70
     0
  9
$DIMTAD
 70
     0
  9
$DIMZIN
 70
     1
  9
$DIMBLK
  1

  9
$DIMASO
 70
     1
  9
$DIMSHO
 70
     1
  9
$DIMPOST
  1

  9
$DIMAPOST
  1

  9
$DIMALT
 70
     0
  9
$DIMALTD
 70
     3
  9
$DIMALTF
 40
0.03937007874015748
  9
$DIMLFAC
 40
1.0
  9
$DIMTOFL
 70
     1
  9
$DIMTVP
 40
0.0
  9
$DIMTIX
 70
     0
  9
$DIMSOXD
 70
     0
  9
$DIMSAH
 70
     0
  9
$DIMBLK1
  1

  9
$DIMBLK2
  1

  9
$DIMSTYLE
  2
ISO-25
  9
$DIMCLRD
 70
     0
  9
$DIMCLRE
 70
     0
  9
$DIMCLRT
 70
     0
  9
$DIMTFAC
 40
1.0
  9
$DIMGAP
 40
1.524
  9
$DIMJUST
 70
     0
  9
$DIMSD1
 70
     0
  9
$DIMSD2
 70
     0
  9
$DIMTOLJ
 70
     0
  9
$DIMTZIN
 70
     1
  9
$DIMALTZ
 70
     0
  9
$DIMALTTZ
 70
     0
  9
$DIMUPT
 70
     0
  9
$DIMDEC
 70
     2
  9
$DIMTDEC
 70
     2
  9
$DIMALTU
 70
     2
  9
$DIMALTTD
 70
     3
  9
$DIMTXSTY
  7
Standard
  9
$DIMAUNIT
 70
     0
  9
$DIMADEC
 70
     0
  9
$DIMALTRND
 40
0.0
  9
$DIMAZIN
 70
     0
  9
$DIMDSEP
 70
    44
  9
$DIMATFIT
 70
     3
  9
$DIMFRAC
 70
     0
  9
$DIMLDRBLK
  1

  9
$DIMLUNIT
 70
     2
  9
$DIMLWD
 70
    -2
  9
$DIMLWE
 70
    -2
  9
$DIMTMOVE
 70
     0
  9
$LUNITS
 70
     2
  9
$LUPREC
 70
     1
  9
$AXISMODE
 70
     0
  9
$AXISUNIT
 10
0.0
 20
0.0
  9
$SKETCHINC
 40
1.0
  9
$FILLETRAD
 40
0.0
  9
$AUNITS
 70
     0
  9
$AUPREC
 70
     0
  9
$MENU
  1
.
  9
$ELEVATION
 40
0.0
  9
$PELEVATION
 40
0.0
  9
$THICKNESS
 40
0.0
  9
$LIMCHECK
 70
     0
  9
$CHAMFERA
 40
0.0
  9
$CHAMFERB
 40
0.0
  9
$CHAMFERC
 40
0.0
  9
$CHAMFERD
 40
0.0
  9
$SKPOLY
 70
     0
  9
$TDCREATE
 40
2460691.403138460
  9
$TDUCREATE
 40
2460691.655138460
  9
$TDUPDATE
 40
2460691.403139690
  9
$TDUUPDATE
 40
2460691.655139690
  9
$TDINDWG
 40
0.000000010
  9
$TDUSRTIMER
 40
0.000000010
  9
$USRTIMER
 70
     1
  9
$ANGBASE
 50
0.0
  9
$ANGDIR
 70
     0
  9
$PDMODE
 70
     0
  9
$PDSIZE
 40
-1.0
  9
$PLINEWID
 40
0.0
  9
$SPLFRAME
 70
     0
  9
$SPLINETYPE
 70
     6
  9
$SPLINESEGS
 70
     8
  9
$HANDSEED
  5
448
  9
$SURFTAB1
 70
     6
  9
$SURFTAB2
 70
     6
  9
$SURFTYPE
 70
     6
  9
$SURFU
 70
     6
  9
$SURFV
 70
     6
  9
$UCSBASE
  2

  9
$UCSORG
 10
0.0
 20
0.0
 30
0.0
  9
$UCSXDIR
 10
1.0
 20
0.0
 30
0.0
  9
$UCSYDIR
 10
0.0
 20
1.0
 30
0.0
  9
$UCSORTHOREF
  2

  9
$UCSORTHOVIEW
 70
     0
  9
$UCSORGTOP
 10
0.0
 20
0.0
 30
0.0
  9
$UCSORGBOTTOM
 10
0.0
 20
0.0
 30
0.0
  9
$UCSORGLEFT
 10
0.0
 20
0.0
 30
0.0
  9
$UCSORGRIGHT
 10
0.0
 20
0.0
 30
0.0
  9
$UCSORGFRONT
 10
0.0
 20
0.0
 30
0.0
  9
$UCSORGBACK
 10
0.0
 20
0.0
 30
0.0
  9
$PUCSBASE
  2

  9
$PUCSORG
 10
0.0
 20
0.0
 30
0.0
  9
$PUCSXDIR
 10
1.0
 20
0.0
 30
0.0
  9
$PUCSYDIR
 10
0.0
 20
1.0
 30
0.0
  9
$PUCSORTHOREF
  2

  9
$PUCSORTHOVIEW
 70
     0
  9
$PUCSORGTOP
 10
0.0
 20
0.0
 30
0.0
  9
$PUCSORGBOTTOM
 10
0.0
 20
0.0
 30
0.0
  9
$PUCSORGLEFT
 10
0.0
 20
0.0
 30
0.0
  9
$PUCSORGRIGHT
 10
0.0
 20
0.0
 30
0.0
  9
$PUCSORGFRONT
 10
0.0
 20
0.0
 30
0.0
  9
$PUCSORGBACK
 10
0.0
 20
0.0
 30
0.0
  9
$USERI1
 70
     0
  9
$USERI2
 70
     0
  9
$USERI3
 70
     0
  9
$USERI4
 70
     0
  9
$USERI5
 70
     0
  9
$USERR1
 40
0.0
  9
$USERR2
 40
0.0
  9
$USERR3
 40
0.0
  9
$USERR4
 40
0.0
  9
$USERR5
 40
0.0
  9
$WORLDVIEW
 70
     1
  9
$SHADEDGE
 70
     3
  9
$SHADEDIF
 70
    70
  9
$TILEMODE
 70
     1
  9
$MAXACTVP
 70
    64
  9
$PINSBASE
 10
0.0
 20
0.0
 30
0.0
  9
$PLIMCHECK
 70
     0
  9
$PEXTMIN
 10
1E+20
 20
1E+20
 30
1E+20
  9
$PEXTMAX
 10
-1E+20
 20
-1E+20
 30
-1E+20
  9
$PLIMMIN
 10
0.0
 20
0.0
  9
$PLIMMAX
 10
420.0
 20
297.0
  9
$UNITMODE
 70
     0
  9
$VISRETAIN
 70
     1
  9
$PLINEGEN
 70
     0
  9
$PSLTSCALE
 70
     1
  9
$TREEDEPTH
 70
  3020
  9
$CMLSTYLE
  2
Standard
  9
$CMLJUST
 70
     0
  9
$CMLSCALE
 40
20.0
  9
$PROXYGRAPHICS
 70
     1
  9
$MEASUREMENT
 70
     1
  9
$CELWEIGHT
370
    -1
  9
$ENDCAPS
280
     0
  9
$JOINSTYLE
280
     0
  9
$LWDISPLAY
290
     1
  9
$INSUNITS
 70
     4
  9
$HYPERLINKBASE
  1

  9
$STYLESHEET
  1

  9
$XEDIT
290
     1
  9
$CEPSNTYPE
380
     0
  9
$PSTYLEMODE
290
     1
  9
$FINGERPRINTGUID
  2
{ca31a941-1ce0-4368-9341-4b056c41c8e1}
  9
$VERSIONGUID
  2
{FAEB1C32-E019-11D5-929B-00C0DF256EC4}
  9
$EXTNAMES
290
     1
  9
$PSVPSCALE
 40
0.0
  9
$OLESTARTUP
290
     0
  0
ENDSEC
  0
SECTION
  2
CLASSES
  0
CLASS
  1
ACDBDICTIONARYWDFLT
  2
AcDbDictionaryWithDefault
  3
ObjectDBX Classes
 90
        0
280
     0
281
     0
  0
CLASS
  1
VISUALSTYLE
  2
AcDbVisualStyle
  3
ObjectDBX Classes
 90
     4095
280
     0
281
     0
  0
CLASS
  1
MATERIAL
  2
AcDbMaterial
  3
ObjectDBX Classes
 90
     1153
280
     0
281
     0
  0
CLASS
  1
SCALE
  2
AcDbScale
  3
ObjectDBX Classes
 90
     1153
280
     0
281
     0
  0
CLASS
  1
TABLESTYLE
  2
AcDbTableStyle
  3
ObjectDBX Classes
 90
     4095
280
     0
281
     0
  0
CLASS
  1
MLEADERSTYLE
  2
AcDbMLeaderStyle
  3
ACDB_MLEADERSTYLE_CLASS
 90
     4095
280
     0
281
     0
  0
CLASS
  1
SUN
  2
AcDbSun
  3
SCENEOE
 90
     1153
280
     0
281
     0
  0
CLASS
  1
ACDBPLACEHOLDER
  2
AcDbPlaceHolder
  3
ObjectDBX Classes
 90
        0
280
     0
281
     0
  0
CLASS
  1
LAYOUT
  2
AcDbLayout
  3
ObjectDBX Classes
 90
        0
280
     0
281
     0
  0
ENDSEC
  0
SECTION
  2
TABLES
  0
TABLE
  2
VPORT
  5
8
330
0
100
AcDbSymbolTable
 70
     1
  0
VPORT
  5
29
330
8
100
AcDbSymbolTableRecord
100
AcDbViewportTableRecord
  2
*Active
 70
     0
 10
0.0
 20
0.0
 11
1.0
 21
1.0
 12
139.7
 22
107.95
 13
0.0
 23
0.0
 14
10.0
 24
10.0
 15
10.0
 25
10.0
 16
0.0
 26
0.0
 36
1.0
 17
0.0
 27
0.0
 37
0.0
 40
215.9
 41
1.294117647058824
 42
50.0
 43
0.0
 44
0.0
 50
0.0
 51
0.0
 71
     0
 72
  2000
 73
     1
 74
     3
 75
     0
 76
     0
 77
     0
 78
     0
281
     0
 65
     1
110
0.0
120
0.0
130
0.0
111
1.0
121
0.0
131
0.0
112
0.0
122
1.0
132
0.0
 79
     0
146
0.0
  0
ENDTAB
  0
TABLE
  2
LTYPE
  5
5
330
0
100
AcDbSymbolTable
 70
     8
  0
LTYPE
  5
14
330
5
100
AcDbSymbolTableRecord
100
AcDbLinetypeTableRecord
  2
ByBlock
 70
     0
  3

 72
    65
 73
     0
 40
0.0
  0
LTYPE
  5
15
330
5
100
AcDbSymbolTableRecord
100
AcDbLinetypeTableRecord
  2
ByLayer
 70
     0
  3

 72
    65
 73
     0
 40
0.0
  0
LTYPE
  5
16
330
5
100
AcDbSymbolTableRecord
100
AcDbLinetypeTableRecord
  2
Continuous
 70
     0
  3
Solid line
 72
    65
 73
     0
 40
0.0
  0
LTYPE
  5
5E
330
5
100
AcDbSymbolTableRecord
100
AcDbLinetypeTableRecord
  2
SLD-Solid
 70
     0
  3
SolidWorks Line Style
 72
    65
 73
     0
 40
0.0
  0
LTYPE
  5
5F
330
5
100
AcDbSymbolTableRecord
100
AcDbLinetypeTableRecord
  2
SLD-Dashed
 70
     0
  3
SolidWorks Line Style
 72
    65
 73
     2
 40
1.905
 49
1.27
 74
     0
 49
-0.635
 74
     0
  0
LTYPE
  5
60
330
5
100
AcDbSymbolTableRecord
100
AcDbLinetypeTableRecord
  2
SLD-Phantom
 70
     0
  3
SolidWorks Line Style
 72
    65
 73
     6
 40
12.7
 49
6.35
 74
     0
 49
-1.27
 74
     0
 49
1.27
 74
     0
 49
-1.27
 74
     0
 49
1.27
 74
     0
 49
-1.27
 74
     0
  0
LTYPE
  5
61
330
5
100
AcDbSymbolTableRecord
100
AcDbLinetypeTableRecord
  2
SLD-Chain
 70
     0
  3
SolidWorks Line Style
 72
    65
 73
     4
 40
10.16
 49
6.35
 74
     0
 49
-1.27
 74
     0
 49
1.27
 74
     0
 49
-1.27
 74
     0
  0
LTYPE
  5
62
330
5
100
AcDbSymbolTableRecord
100
AcDbLinetypeTableRecord
  2
SLD-Center
 70
     0
  3
SolidWorks Line Style
 72
    65
 73
     4
 40
19.05
 49
15.24
 74
     0
 49
-1.27
 74
     0
 49
1.27
 74
     0
 49
-1.27
 74
     0
  0
LTYPE
  5
63
330
5
100
AcDbSymbolTableRecord
100
AcDbLinetypeTableRecord
  2
SLD-Stitch
 70
     0
  3
SolidWorks Line Style
 72
    65
 73
     2
 40
0.635
 49
0.0
 74
     0
 49
-0.635
 74
     0
  0
LTYPE
  5
64
330
5
100
AcDbSymbolTableRecord
100
AcDbLinetypeTableRecord
  2
SLD-Thin-Thick-Chain
 70
     0
  3
SolidWorks Line Style
 72
    65
 73
     4
 40
10.16
 49
6.35
 74
     0
 49
-1.27
 74
     0
 49
1.27
 74
     0
 49
-1.27
 74
     0
  0
ENDTAB
  0
TABLE
  2
LAYER
  5
2
330
0
100
AcDbSymbolTable
 70
     7
  0
LAYER
  5
10
330
2
100
AcDbSymbolTableRecord
100
AcDbLayerTableRecord
  2
0
 70
     0
 62
     7
  6
Continuous
370
    -3
390
F
  0
LAYER
  5
65
330
2
100
AcDbSymbolTableRecord
100
AcDbLayerTableRecord
  2
TEXT
 70
     0
 62
   140
  6
SLD-Solid
370
    25
390
F
  0
LAYER
  5
66
330
2
100
AcDbSymbolTableRecord
100
AcDbLayerTableRecord
  2
DIMENSIONS
 70
     0
 62
   140
  6
SLD-Solid
370
    25
390
F
  0
LAYER
  5
67
330
2
100
AcDbSymbolTableRecord
100
AcDbLayerTableRecord
  2
HATCH
 70
     0
 62
     6
  6
SLD-Solid
370
    -3
390
F
  0
LAYER
  5
68
330
2
100
AcDbSymbolTableRecord
100
AcDbLayerTableRecord
  2
HIDDEN
 70
     0
 62
   102
  6
SLD-Dashed
370
    -3
390
F
  0
LAYER
  5
69
330
2
100
AcDbSymbolTableRecord
100
AcDbLayerTableRecord
  2
CENTER
 70
     0
 62
    40
  6
SLD-Center
370
    -3
390
F
  0
LAYER
  5
6A
330
2
100
AcDbSymbolTableRecord
100
AcDbLayerTableRecord
  2
SLD-DEFPOINTS
 70
     0
 62
     7
  6
Continuous
370
    -1
390
F
  0
ENDTAB
  0
TABLE
  2
STYLE
  5
3
330
0
100
AcDbSymbolTable
 70
     3
  0
STYLE
  5
11
330
3
100
AcDbSymbolTableRecord
100
AcDbTextStyleTableRecord
  2
Standard
 70
     0
 40
0.0
 41
1.0
 50
0.0
 71
     0
 42
2.822222222222222
  3
txt
  4

  0
STYLE
  5
94
330
3
100
AcDbSymbolTableRecord
100
AcDbTextStyleTableRecord
  2
SLDTEXTSTYLE0
 70
     0
 40
0.0
 41
0.7
 50
0.0
 71
     0
 42
2.822222222222222
  3
TXT
  4

  0
STYLE
  5
9F
330
3
100
AcDbSymbolTableRecord
100
AcDbTextStyleTableRecord
  2
SLDTEXTSTYLE1
 70
     0
 40
0.0
 41
0.65
 50
0.0
 71
     0
 42
2.822222222222222
  3
TXT
  4

  0
ENDTAB
  0
TABLE
  2
VIEW
  5
6
330
0
100
AcDbSymbolTable
 70
     0
  0
ENDTAB
  0
TABLE
  2
UCS
  5
7
330
0
100
AcDbSymbolTable
 70
     0
  0
ENDTAB
  0
TABLE
  2
APPID
  5
9
330
0
100
AcDbSymbolTable
 70
     1
  0
APPID
  5
12
330
9
100
AcDbSymbolTableRecord
100
AcDbRegAppTableRecord
  2
ACAD
 70
     0
  0
ENDTAB
  0
TABLE
  2
DIMSTYLE
  5
A
330
0
100
AcDbSymbolTable
 70
     5
100
AcDbDimStyleTable
 71
     0
  0
DIMSTYLE
105
27
330
A
100
AcDbSymbolTableRecord
100
AcDbDimStyleTableRecord
  2
ISO-25
 70
     0
 41
2.5
 42
0.625
 43
3.75
 44
1.25
 73
     0
 74
     0
 77
     1
 78
     8
140
2.5
141
2.5
143
0.03937007874016
144
1.0
146
1.0
147
0.625
171
     3
172
     1
176
     0
177
     0
178
     0
271
     2
272
     2
273
     2
274
     3
277
     2
278
    44
283
     0
284
     8
289
     3
340
11
371
    -2
372
    -2
341
0
342
0
343
0
344
0
  0
DIMSTYLE
105
1AF
102
{ACAD_REACTORS
330
1AE
330
1C3
330
3E0
330
433
102
}
330
A
100
AcDbSymbolTableRecord
100
AcDbDimStyleTableRecord
  2
SLDDIMSTYLE0
 70
     0
 41
3.302
 42
0.0625
 43
0.38
 45
1E-09
 73
     1
 74
     1
 78
    12
 79
     3
140
2.1580078125
141
0.09
143
0.03937007874015748
144
1.0
146
1.0
147
0.539501953125
148
1E-09
170
     1
171
     2
173
     1
176
     0
177
     0
178
     0
271
     2
272
     2
273
     2
274
     2
276
     2
277
     2
278
    46
283
     1
284
    12
289
     3
340
94
371
    -2
372
    -2
341
0
342
0
343
0
344
0
  0
DIMSTYLE
105
397
330
A
100
AcDbSymbolTableRecord
100
AcDbDimStyleTableRecord
  2
SLDDIMSTYLE1
 70
     0
 41
1.016
 42
0.0625
 43
0.38
 45
1E-09
 73
     1
 74
     1
140
0.18
141
0.09
143
25.4
144
1.0
146
1.016
171
     2
173
     1
176
     0
177
     0
178
     0
273
     2
274
     2
276
     2
277
     2
278
    46
283
     1
289
     3
340
11
371
    -2
372
    -2
341
398
342
0
343
398
344
398
  0
DIMSTYLE
105
3F5
102
{ACAD_REACTORS
330
3F4
330
409
102
}
330
A
100
AcDbSymbolTableRecord
100
AcDbDimStyleTableRecord
  2
SLDDIMSTYLE2
 70
     0
 41
3.302
 42
0.0625
 43
0.38
 45
1E-09
 73
     1
 74
     1
 78
     4
 79
     1
140
2.1580078125
141
0.09
143
0.03937007874015748
144
1.0
146
1.0
147
0.539501953125
148
1E-09
170
     1
171
     2
172
     1
173
     1
176
     0
177
     0
178
     0
271
     2
272
     2
273
     2
274
     2
276
     2
277
     2
278
    46
283
     1
284
    12
340
94
371
    -2
372
    -2
341
0
342
0
343
0
344
0
  0
DIMSTYLE
105
41F
102
{ACAD_REACTORS
330
41E
102
}
330
A
100
AcDbSymbolTableRecord
100
AcDbDimStyleTableRecord
  2
SLDDIMSTYLE3
 70
     0
 41
3.302
 42
0.0625
 43
0.38
 45
1E-09
 73
     1
 74
     1
 78
    12
 79
     3
140
2.1580078125
141
0.09
143
0.03937007874015748
144
1.0
146
1.0
147
0.539501953125
148
1E-09
170
     1
171
     2
172
     1
173
     1
176
     0
177
     0
178
     0
271
     2
272
     2
273
     2
274
     2
276
     2
277
     2
278
    46
283
     1
284
    12
340
94
371
    -2
372
    -2
341
0
342
0
343
0
344
0
  0
ENDTAB
  0
TABLE
  2
BLOCK_RECORD
  5
1
330
0
100
AcDbSymbolTable
 70
    11
  0
BLOCK_RECORD
  5
1F
330
1
100
AcDbSymbolTableRecord
100
AcDbBlockTableRecord
  2
*Model_Space
340
22
310

  0
BLOCK_RECORD
  5
1B
330
1
100
AcDbSymbolTableRecord
100
AcDbBlockTableRecord
  2
*Paper_Space
340
1E
310

  0
BLOCK_RECORD
  5
23
330
1
100
AcDbSymbolTableRecord
100
AcDbBlockTableRecord
  2
*Paper_Space0
340
26
310

  0
BLOCK_RECORD
  5
6B
330
1
100
AcDbSymbolTableRecord
100
AcDbBlockTableRecord
  2
Block11
340
0
310

102
{BLKREFS
331
79
102
}
  0
BLOCK_RECORD
  5
76
330
1
100
AcDbSymbolTableRecord
100
AcDbBlockTableRecord
  2
Block12
340
0
310

102
{BLKREFS
331
93
102
}
  0
BLOCK_RECORD
  5
1B0
330
1
100
AcDbSymbolTableRecord
100
AcDbBlockTableRecord
  2
_D
340
0
310

  0
BLOCK_RECORD
  5
1C4
330
1
100
AcDbSymbolTableRecord
100
AcDbBlockTableRecord
  2
_D_1
340
0
310

  0
BLOCK_RECORD
  5
398
330
1
100
AcDbSymbolTableRecord
100
AcDbBlockTableRecord
  2
_Dot
340
0
310

  0
BLOCK_RECORD
  5
3E1
330
1
100
AcDbSymbolTableRecord
100
AcDbBlockTableRecord
  2
_D_2
340
0
310

  0
BLOCK_RECORD
  5
3F6
330
1
100
AcDbSymbolTableRecord
100
AcDbBlockTableRecord
  2
_D_3
340
0
310

  0
BLOCK_RECORD
  5
40A
330
1
100
AcDbSymbolTableRecord
100
AcDbBlockTableRecord
  2
_D_4
340
0
310

  0
BLOCK_RECORD
  5
420
330
1
100
AcDbSymbolTableRecord
100
AcDbBlockTableRecord
  2
_D_5
340
0
310

  0
BLOCK_RECORD
  5
434
330
1
100
AcDbSymbolTableRecord
100
AcDbBlockTableRecord
  2
_D_6
340
0
310

  0
ENDTAB
  0
ENDSEC
  0
SECTION
  2
BLOCKS
  0
BLOCK
  5
1C
330
1B
100
AcDbEntity
 67
     1
  8
0
100
AcDbBlockBegin
  2
*Paper_Space
 70
     0
 10
0.0
 20
0.0
 30
0.0
  3
*Paper_Space
  1

  0
ENDBLK
  5
1D
330
1B
100
AcDbEntity
 67
     1
  8
0
100
AcDbBlockEnd
  0
BLOCK
  5
20
330
1F
100
AcDbEntity
  8
0
100
AcDbBlockBegin
  2
*Model_Space
 70
     0
 10
0.0
 20
0.0
 30
0.0
  3
*Model_Space
  1

  0
ENDBLK
  5
21
330
1F
100
AcDbEntity
  8
0
100
AcDbBlockEnd
  0
BLOCK
  5
24
330
23
100
AcDbEntity
  8
0
100
AcDbBlockBegin
  2
*Paper_Space0
 70
     0
 10
0.0
 20
0.0
 30
0.0
  3
*Paper_Space0
  1

  0
ENDBLK
  5
25
330
23
100
AcDbEntity
  8
0
100
AcDbBlockEnd
  0
BLOCK
  5
6C
330
6B
100
AcDbEntity
  8
0
100
AcDbBlockBegin
  2
Block11
 70
     0
 10
0.0
 20
0.0
 30
0.0
  3
Block11
  1

  0
CIRCLE
  5
6E
330
6B
100
AcDbEntity
  8
0
  6
SLD-Solid
370
    18
 62
     7
100
AcDbCircle
 10
2.588397110770853
 20
2.881721276410065
 30
0.0
 40
1.285653254559609
  0
CIRCLE
  5
6F
330
6B
100
AcDbEntity
  8
0
  6
SLD-Solid
370
    18
 62
     7
100
AcDbCircle
 10
2.588397110770853
 20
2.881721276410065
 30
0.0
 40
2.15010286937989
  0
LINE
  5
70
330
6B
100
AcDbEntity
  8
0
  6
SLD-Solid
370
    18
 62
     7
100
AcDbLine
 10
2.588397110770853
 20
5.310668102986499
 30
0.0
 11
2.588397110770853
 21
0.0
 31
0.0
  0
LINE
  5
71
330
6B
100
AcDbEntity
  8
0
  6
SLD-Solid
370
    18
 62
     7
100
AcDbLine
 10
1.734723475976807E-15
 20
2.881721276410065
 30
0.0
 11
10.87374002986212
 21
2.881721276410065
 31
0.0
  0
LINE
  5
72
330
6B
100
AcDbEntity
  8
0
  6
SLD-Solid
370
    18
 62
     7
100
AcDbLine
 10
5.479586157470715
 20
1.596068021850458
 30
0.0
 11
5.479586157470715
 21
4.167374530969679
 31
0.0
  0
LINE
  5
73
330
6B
100
AcDbEntity
  8
0
  6
SLD-Solid
370
    18
 62
     7
100
AcDbLine
 10
5.479586157470715
 20
4.167374530969679
 30
0.0
 11
10.17501543499277
 21
5.031824145789954
 31
0.0
  0
LINE
  5
74
330
6B
100
AcDbEntity
  8
0
  6
SLD-Solid
370
    18
 62
     7
100
AcDbLine
 10
10.17501543499277
 20
5.031824145789954
 30
0.0
 11
10.17501543499277
 21
0.7316184070301768
 31
0.0
  0
LINE
  5
75
330
6B
100
AcDbEntity
  8
0
  6
SLD-Solid
370
    18
 62
     7
100
AcDbLine
 10
5.479586157470715
 20
1.596068021850458
 30
0.0
 11
10.17501543499277
 21
0.7316184070301768
 31
0.0
  0
ENDBLK
  5
6D
330
6B
100
AcDbEntity
  8
0
100
AcDbBlockEnd
  0
BLOCK
  5
77
330
76
100
AcDbEntity
  8
0
100
AcDbBlockBegin
  2
Block12
 70
     0
 10
0.0
 20
0.0
 30
0.0
  3
Block12
  1

  0
INSERT
  5
79
330
76
100
AcDbEntity
  8
SLD-DEFPOINTS
100
AcDbBlockReference
  2
Block11
 10
0.0
 20
0.0
 30
0.0
  0
ENDBLK
  5
78
330
76
100
AcDbEntity
  8
0
100
AcDbBlockEnd
  0
BLOCK
  5
1B1
330
1B0
100
AcDbEntity
  8
0
100
AcDbBlockBegin
  2
_D
 70
     0
 10
0.0
 20
0.0
 30
0.0
  3
_D
  1

  0
SOLID
  5
1B3
330
1B0
100
AcDbEntity
  8
DIMENSIONS
100
AcDbTrace
 38
0.0
 10
14.61174907635474
 20
36.81585144197198
 11
17.91374907635473
 21
36.30785144197198
 12
17.91374907635473
 22
37.32385144197198
 13
17.91374907635473
 23
37.32385144197198
  0
SOLID
  5
1B4
330
1B0
100
AcDbEntity
  8
DIMENSIONS
100
AcDbTrace
 38
0.0
 10
105.3117490763547
 20
36.81585144197199
 11
102.0097490763548
 21
37.32385144197199
 12
102.0097490763548
 22
36.30785144197198
 13
102.0097490763548
 23
36.30785144197198
  0
LINE
  5
1B5
330
1B0
100
AcDbEntity
  8
DIMENSIONS
100
AcDbLine
 10
52.58372722300909
 20
36.81585120914133
 30
0.0
 11
51.85906291580967
 21
36.81585120914133
 31
0.0
  0
LINE
  5
1B6
330
1B0
100
AcDbEntity
  8
DIMENSIONS
100
AcDbLine
 10
51.85906291580967
 20
36.81585120914133
 30
0.0
 11
51.85906291580967
 21
33.38606723529847
 31
0.0
  0
LINE
  5
1B7
330
1B0
100
AcDbEntity
  8
DIMENSIONS
100
AcDbLine
 10
51.85906291580967
 20
33.38606723529847
 30
0.0
 11
52.58372722300909
 21
33.38606723529847
 31
0.0
  0
LINE
  5
1B8
330
1B0
100
AcDbEntity
  8
DIMENSIONS
100
AcDbLine
 10
58.99644380542658
 20
36.81585120914133
 30
0.0
 11
59.721108112626
 21
36.81585120914133
 31
0.0
  0
LINE
  5
1B9
330
1B0
100
AcDbEntity
  8
DIMENSIONS
100
AcDbLine
 10
59.721108112626
 20
36.81585120914133
 30
0.0
 11
59.721108112626
 21
33.38606723529847
 31
0.0
  0
LINE
  5
1BA
330
1B0
100
AcDbEntity
  8
DIMENSIONS
100
AcDbLine
 10
59.721108112626
 20
33.38606723529847
 30
0.0
 11
58.99644380542658
 21
33.38606723529847
 31
0.0
  0
LINE
  5
1BB
330
1B0
100
AcDbEntity
  8
DIMENSIONS
100
AcDbLine
 10
14.61174907635474
 20
48.28692844827579
 30
0.0
 11
14.61174907635474
 21
33.64085144197198
 31
0.0
  0
LINE
  5
1BC
330
1B0
100
AcDbEntity
  8
DIMENSIONS
100
AcDbLine
 10
105.3117490763547
 20
48.28692844827579
 30
0.0
 11
105.3117490763547
 21
33.64085144197199
 31
0.0
  0
LINE
  5
1BD
330
1B0
100
AcDbEntity
  8
DIMENSIONS
100
AcDbLine
 10
14.61174907635474
 20
36.81585144197198
 30
0.0
 11
49.65982448788927
 21
36.81585144197199
 31
0.0
  0
LINE
  5
1BE
330
1B0
100
AcDbEntity
  8
DIMENSIONS
100
AcDbLine
 10
105.3117490763547
 20
36.81585144197199
 30
0.0
 11
61.92034677337706
 21
36.81585144197199
 31
0.0
  0
MTEXT
  5
1BF
330
1B0
100
AcDbEntity
  8
DIMENSIONS
100
AcDbMText
 10
51.06874273570153
 20
40.02748777356579
 30
0.0
210
0.0
220
0.0
230
1.0
 11
1.0
 21
0.0
 31
0.0
 40
2.116666666666666
 41
0.0
 71
     1
 72
     1
  1

  7
SLDTEXTSTYLE0
 73
     1
 44
1.0
  0
MTEXT
  5
1C0
330
1B0
100
AcDbEntity
  8
DIMENSIONS
100
AcDbMText
 10
52.58372745583974
 20
40.02748754073514
 30
0.0
210
0.0
220
0.0
230
1.0
 11
1.0
 21
0.0
 31
0.0
 40
2.116666666666666
 41
0.0
 71
     1
 72
     1
  1
90.7
  7
SLDTEXTSTYLE0
 73
     1
 44
1.0
  0
MTEXT
  5
1C1
330
1B0
100
AcDbEntity
  8
DIMENSIONS
100
AcDbMText
 10
52.58372722300909
 20
36.11459395114912
 30
0.0
210
0.0
220
0.0
230
1.0
 11
1.0
 21
0.0
 31
0.0
 40
2.116666666666666
 41
0.0
 71
     1
 72
     1
  1
3.57
  7
SLDTEXTSTYLE0
 73
     1
 44
1.0
  0
MTEXT
  5
1C2
330
1B0
100
AcDbEntity
  8
DIMENSIONS
100
AcDbMText
 10
61.37181443573805
 20
40.02748777356579
 30
0.0
210
0.0
220
0.0
230
1.0
 11
1.0
 21
0.0
 31
0.0
 40
2.116666666666666
 41
0.0
 71
     1
 72
     1
  1

  7
SLDTEXTSTYLE0
 73
     1
 44
1.0
  0
ENDBLK
  5
1B2
330
1B0
100
AcDbEntity
  8
0
100
AcDbBlockEnd
  0
BLOCK
  5
1C5
330
1C4
100
AcDbEntity
  8
0
100
AcDbBlockBegin
  2
_D_1
 70
     0
 10
0.0
 20
0.0
 30
0.0
  3
_D_1
  1

  0
SOLID
  5
1C7
330
1C4
100
AcDbEntity
  8
DIMENSIONS
100
AcDbTrace
 38
0.0
 10
8.811749076354737
 20
135.3569284482759
 11
12.11374907635474
 21
134.8489284482758
 12
12.11374907635474
 22
135.8649284482759
 13
12.11374907635474
 23
135.8649284482759
  0
SOLID
  5
1C8
330
1C4
100
AcDbEntity
  8
DIMENSIONS
100
AcDbTrace
 38
0.0
 10
99.51174907635473
 20
135.3569284482759
 11
96.20974907635474
 21
135.8649284482759
 12
96.20974907635474
 22
134.8489284482758
 13
96.20974907635474
 23
134.8489284482758
  0
LINE
  5
1C9
330
1C4
100
AcDbEntity
  8
DIMENSIONS
100
AcDbLine
 10
52.58372722300912
 20
135.3569282154452
 30
0.0
 11
51.8590629158097
 21
135.3569282154452
 31
0.0
  0
LINE
  5
1CA
330
1C4
100
AcDbEntity
  8
DIMENSIONS
100
AcDbLine
 10
51.8590629158097
 20
135.3569282154452
 30
0.0
 11
51.8590629158097
 21
131.9271442416023
 31
0.0
  0
LINE
  5
1CB
330
1C4
100
AcDbEntity
  8
DIMENSIONS
100
AcDbLine
 10
51.8590629158097
 20
131.9271442416023
 30
0.0
 11
52.58372722300912
 21
131.9271442416023
 31
0.0
  0
LINE
  5
1CC
330
1C4
100
AcDbEntity
  8
DIMENSIONS
100
AcDbLine
 10
58.99644380542661
 20
135.3569282154452
 30
0.0
 11
59.72110811262603
 21
135.3569282154452
 31
0.0
  0
LINE
  5
1CD
330
1C4
100
AcDbEntity
  8
DIMENSIONS
100
AcDbLine
 10
59.72110811262603
 20
135.3569282154452
 30
0.0
 11
59.72110811262603
 21
131.9271442416023
 31
0.0
  0
LINE
  5
1CE
330
1C4
100
AcDbEntity
  8
DIMENSIONS
100
AcDbLine
 10
59.72110811262603
 20
131.9271442416023
 30
0.0
 11
58.99644380542661
 21
131.9271442416023
 31
0.0
  0
LINE
  5
1CF
330
1C4
100
AcDbEntity
  8
DIMENSIONS
100
AcDbLine
 10
8.811749076354737
 20
120.6269284482758
 30
0.0
 11
8.811749076354737
 21
138.5319284482759
 31
0.0
  0
LINE
  5
1D0
330
1C4
100
AcDbEntity
  8
DIMENSIONS
100
AcDbLine
 10
99.51174907635473
 20
120.6269284482758
 30
0.0
 11
99.51174907635473
 21
138.5319284482759
 31
0.0
  0
LINE
  5
1D1
330
1C4
100
AcDbEntity
  8
DIMENSIONS
100
AcDbLine
 10
8.811749076354737
 20
135.3569284482759
 30
0.0
 11
49.65982448788931
 21
135.3569284482759
 31
0.0
  0
LINE
  5
1D2
330
1C4
100
AcDbEntity
  8
DIMENSIONS
100
AcDbLine
 10
99.51174907635473
 20
135.3569284482759
 30
0.0
 11
61.92034677337707
 21
135.3569284482759
 31
0.0
  0
MTEXT
  5
1D3
330
1C4
100
AcDbEntity
  8
DIMENSIONS
100
AcDbMText
 10
51.06874273570156
 20
138.5685647798696
 30
0.0
210
0.0
220
0.0
230
1.0
 11
1.0
 21
0.0
 31
0.0
 40
2.116666666666666
 41
0.0
 71
     1
 72
     1
  1

  7
SLDTEXTSTYLE0
 73
     1
 44
1.0
  0
MTEXT
  5
1D4
330
1C4
100
AcDbEntity
  8
DIMENSIONS
100
AcDbMText
 10
52.58372745583976
 20
138.568564547039
 30
0.0
210
0.0
220
0.0
230
1.0
 11
1.0
 21
0.0
 31
0.0
 40
2.116666666666666
 41
0.0
 71
     1
 72
     1
  1
90.7
  7
SLDTEXTSTYLE0
 73
     1
 44
1.0
  0
MTEXT
  5
1D5
330
1C4
100
AcDbEntity
  8
DIMENSIONS
100
AcDbMText
 10
52.58372722300912
 20
134.655670957453
 30
0.0
210
0.0
220
0.0
230
1.0
 11
1.0
 21
0.0
 31
0.0
 40
2.116666666666666
 41
0.0
 71
     1
 72
     1
  1
3.57
  7
SLDTEXTSTYLE0
 73
     1
 44
1.0
  0
MTEXT
  5
1D6
330
1C4
100
AcDbEntity
  8
DIMENSIONS
100
AcDbMText
 10
61.37181443573808
 20
138.5685647798696
 30
0.0
210
0.0
220
0.0
230
1.0
 11
1.0
 21
0.0
 31
0.0
 40
2.116666666666666
 41
0.0
 71
     1
 72
     1
  1

  7
SLDTEXTSTYLE0
 73
     1
 44
1.0
  0
ENDBLK
  5
1C6
330
1C4
100
AcDbEntity
  8
0
100
AcDbBlockEnd
  0
BLOCK
  5
399
330
398
100
AcDbEntity
  8
0
100
AcDbBlockBegin
  2
_Dot
 70
     0
 10
0.0
 20
0.0
 30
0.0
  3
_Dot
  1

  0
LWPOLYLINE
  5
39B
330
398
100
AcDbEntity
  8
0
  6
ByBlock
 62
     0
100
AcDbPolyline
 90
        2
 70
     1
 43
0.5
 43
0.5
 10
-0.25
 20
0.0
 42
1.0
 10
0.25
 20
0.0
 42
1.0
  0
LINE
  5
39C
330
398
100
AcDbEntity
  8
0
  6
ByBlock
370
    -2
 62
     0
100
AcDbLine
 10
-0.5
 20
0.0
 30
0.0
 11
-1.0
 21
0.0
 31
0.0
  0
ENDBLK
  5
39A
330
398
100
AcDbEntity
  8
0
100
AcDbBlockEnd
  0
BLOCK
  5
3E2
330
3E1
100
AcDbEntity
  8
0
100
AcDbBlockBegin
  2
_D_2
 70
     0
 10
0.0
 20
0.0
 30
0.0
  3
_D_2
  1

  0
SOLID
  5
3E4
330
3E1
100
AcDbEntity
  8
DIMENSIONS
100
AcDbTrace
 38
0.0
 10
133.9163748007414
 20
119.3569284482757
 11
133.4083748007414
 21
116.0549284482757
 12
134.4243748007414
 22
116.0549284482757
 13
134.4243748007414
 23
116.0549284482757
  0
SOLID
  5
3E5
330
3E1
100
AcDbEntity
  8
DIMENSIONS
100
AcDbTrace
 38
0.0
 10
133.9163748007415
 20
92.85692844827568
 11
134.4243748007415
 21
96.15892844827567
 12
133.4083748007415
 22
96.15892844827567
 13
133.4083748007415
 23
96.15892844827567
  0
LINE
  5
3E6
330
3E1
100
AcDbEntity
  8
DIMENSIONS
100
AcDbLine
 10
130.7100163931174
 20
104.4068421247108
 30
0.0
 11
129.985352085918
 21
104.4068421247108
 31
0.0
  0
LINE
  5
3E7
330
3E1
100
AcDbEntity
  8
DIMENSIONS
100
AcDbLine
 10
129.985352085918
 20
104.4068421247108
 30
0.0
 11
129.985352085918
 21
100.977058150868
 31
0.0
  0
LINE
  5
3E8
330
3E1
100
AcDbEntity
  8
DIMENSIONS
100
AcDbLine
 10
129.985352085918
 20
100.977058150868
 30
0.0
 11
130.7100163931174
 21
100.977058150868
 31
0.0
  0
LINE
  5
3E9
330
3E1
100
AcDbEntity
  8
DIMENSIONS
100
AcDbLine
 10
137.1227329755349
 20
104.4068421247108
 30
0.0
 11
137.8473972827343
 21
104.4068421247108
 31
0.0
  0
LINE
  5
3EA
330
3E1
100
AcDbEntity
  8
DIMENSIONS
100
AcDbLine
 10
137.8473972827343
 20
104.4068421247108
 30
0.0
 11
137.8473972827343
 21
100.977058150868
 31
0.0
  0
LINE
  5
3EB
330
3E1
100
AcDbEntity
  8
DIMENSIONS
100
AcDbLine
 10
137.8473972827343
 20
100.977058150868
 30
0.0
 11
137.1227329755349
 21
100.977058150868
 31
0.0
  0
LINE
  5
3EC
330
3E1
100
AcDbEntity
  8
DIMENSIONS
100
AcDbLine
 10
160.4444727170229
 20
119.3569284482758
 30
0.0
 11
130.7413748007414
 21
119.3569284482757
 31
0.0
  0
LINE
  5
3ED
330
3E1
100
AcDbEntity
  8
DIMENSIONS
100
AcDbLine
 10
161.444472717023
 20
92.85692844827578
 30
0.0
 11
130.7413748007415
 21
92.85692844827567
 31
0.0
  0
LINE
  5
3EE
330
3E1
100
AcDbEntity
  8
DIMENSIONS
100
AcDbLine
 10
133.9163748007414
 20
119.3569284482757
 30
0.0
 11
133.9163748007415
 21
108.3197359471275
 31
0.0
  0
LINE
  5
3EF
330
3E1
100
AcDbEntity
  8
DIMENSIONS
100
AcDbLine
 10
133.9163748007415
 20
92.85692844827568
 30
0.0
 11
133.9163748007415
 21
100.4939487679555
 31
0.0
  0
MTEXT
  5
3F0
330
3E1
100
AcDbEntity
  8
DIMENSIONS
100
AcDbMText
 10
129.1950319058098
 20
107.6184786891353
 30
0.0
210
0.0
220
0.0
230
1.0
 11
1.0
 21
0.0
 31
0.0
 40
2.116666666666666
 41
0.0
 71
     1
 72
     1
  1

  7
SLDTEXTSTYLE0
 73
     1
 44
1.0
  0
MTEXT
  5
3F1
330
3E1
100
AcDbEntity
  8
DIMENSIONS
100
AcDbMText
 10
130.710016625948
 20
107.6184784563047
 30
0.0
210
0.0
220
0.0
230
1.0
 11
1.0
 21
0.0
 31
0.0
 40
2.116666666666666
 41
0.0
 71
     1
 72
     1
  1
26.5
  7
SLDTEXTSTYLE0
 73
     1
 44
1.0
  0
MTEXT
  5
3F2
330
3E1
100
AcDbEntity
  8
DIMENSIONS
100
AcDbMText
 10
130.7100163931174
 20
103.7055848667186
 30
0.0
210
0.0
220
0.0
230
1.0
 11
1.0
 21
0.0
 31
0.0
 40
2.116666666666666
 41
0.0
 71
     1
 72
     1
  1
1.04
  7
SLDTEXTSTYLE0
 73
     1
 44
1.0
  0
MTEXT
  5
3F3
330
3E1
100
AcDbEntity
  8
DIMENSIONS
100
AcDbMText
 10
139.4981036058463
 20
107.6184786891353
 30
0.0
210
0.0
220
0.0
230
1.0
 11
1.0
 21
0.0
 31
0.0
 40
2.116666666666666
 41
0.0
 71
     1
 72
     1
  1

  7
SLDTEXTSTYLE0
 73
     1
 44
1.0
  0
ENDBLK
  5
3E3
330
3E1
100
AcDbEntity
  8
0
100
AcDbBlockEnd
  0
BLOCK
  5
3F7
330
3F6
100
AcDbEntity
  8
0
100
AcDbBlockBegin
  2
_D_3
 70
     0
 10
0.0
 20
0.0
 30
0.0
  3
_D_3
  1

  0
SOLID
  5
3F9
330
3F6
100
AcDbEntity
  8
DIMENSIONS
100
AcDbTrace
 38
0.0
 10
182.5572815855183
 20
105.3569284482759
 11
182.0492815855183
 21
102.0549284482759
 12
183.0652815855183
 22
102.0549284482759
 13
183.0652815855183
 23
102.0549284482759
  0
SOLID
  5
3FA
330
3F6
100
AcDbEntity
  8
DIMENSIONS
100
AcDbTrace
 38
0.0
 10
182.5572815855182
 20
119.3569284482759
 11
183.0652815855182
 21
122.6589284482758
 12
182.0492815855182
 22
122.6589284482758
 13
182.0492815855182
 23
122.6589284482758
  0
LINE
  5
3FB
330
3F6
100
AcDbEntity
  8
DIMENSIONS
100
AcDbLine
 10
179.3509231778942
 20
111.9292194893492
 30
0.0
 11
178.6262588706948
 21
111.9292194893492
 31
0.0
  0
LINE
  5
3FC
330
3F6
100
AcDbEntity
  8
DIMENSIONS
100
AcDbLine
 10
178.6262588706948
 20
111.9292194893492
 30
0.0
 11
178.6262588706948
 21
108.4994355155064
 31
0.0
  0
LINE
  5
3FD
330
3F6
100
AcDbEntity
  8
DIMENSIONS
100
AcDbLine
 10
178.6262588706948
 20
108.4994355155064
 30
0.0
 11
179.3509231778942
 21
108.4994355155064
 31
0.0
  0
LINE
  5
3FE
330
3F6
100
AcDbEntity
  8
DIMENSIONS
100
AcDbLine
 10
185.7636397603117
 20
111.9292194893492
 30
0.0
 11
186.4883040675111
 21
111.9292194893492
 31
0.0
  0
LINE
  5
3FF
330
3F6
100
AcDbEntity
  8
DIMENSIONS
100
AcDbLine
 10
186.4883040675111
 20
111.9292194893492
 30
0.0
 11
186.4883040675111
 21
108.4994355155064
 31
0.0
  0
LINE
  5
400
330
3F6
100
AcDbEntity
  8
DIMENSIONS
100
AcDbLine
 10
186.4883040675111
 20
108.4994355155064
 30
0.0
 11
185.7636397603117
 21
108.4994355155064
 31
0.0
  0
LINE
  5
401
330
3F6
100
AcDbEntity
  8
DIMENSIONS
100
AcDbLine
 10
174.484472717023
 20
105.3569284482758
 30
0.0
 11
185.7322815855183
 21
105.3569284482759
 31
0.0
  0
LINE
  5
402
330
3F6
100
AcDbEntity
  8
DIMENSIONS
100
AcDbLine
 10
174.4844727170229
 20
119.3569284482758
 30
0.0
 11
185.7322815855182
 21
119.3569284482759
 31
0.0
  0
LINE
  5
403
330
3F6
100
AcDbEntity
  8
DIMENSIONS
100
AcDbLine
 10
182.5572815855183
 20
105.3569284482759
 30
0.0
 11
182.5572815855183
 21
99.00692844827586
 31
0.0
  0
LINE
  5
404
330
3F6
100
AcDbEntity
  8
DIMENSIONS
100
AcDbLine
 10
182.5572815855182
 20
119.3569284482759
 30
0.0
 11
182.5572815855182
 21
125.7069284482759
 31
0.0
  0
MTEXT
  5
405
330
3F6
100
AcDbEntity
  8
DIMENSIONS
100
AcDbMText
 10
177.8359386905866
 20
115.1408560537737
 30
0.0
210
0.0
220
0.0
230
1.0
 11
1.0
 21
0.0
 31
0.0
 40
2.116666666666666
 41
0.0
 71
     1
 72
     1
  1

  7
SLDTEXTSTYLE0
 73
     1
 44
1.0
  0
MTEXT
  5
406
330
3F6
100
AcDbEntity
  8
DIMENSIONS
100
AcDbMText
 10
179.3509234107248
 20
115.1408558209431
 30
0.0
210
0.0
220
0.0
230
1.0
 11
1.0
 21
0.0
 31
0.0
 40
2.116666666666666
 41
0.0
 71
     1
 72
     1
  1
14.0
  7
SLDTEXTSTYLE0
 73
     1
 44
1.0
  0
MTEXT
  5
407
330
3F6
100
AcDbEntity
  8
DIMENSIONS
100
AcDbMText
 10
179.3509231778942
 20
111.227962231357
 30
0.0
210
0.0
220
0.0
230
1.0
 11
1.0
 21
0.0
 31
0.0
 40
2.116666666666666
 41
0.0
 71
     1
 72
     1
  1
0.55
  7
SLDTEXTSTYLE0
 73
     1
 44
1.0
  0
MTEXT
  5
408
330
3F6
100
AcDbEntity
  8
DIMENSIONS
100
AcDbMText
 10
188.1390103906231
 20
115.1408560537737
 30
0.0
210
0.0
220
0.0
230
1.0
 11
1.0
 21
0.0
 31
0.0
 40
2.116666666666666
 41
0.0
 71
     1
 72
     1
  1

  7
SLDTEXTSTYLE0
 73
     1
 44
1.0
  0
ENDBLK
  5
3F8
330
3F6
100
AcDbEntity
  8
0
100
AcDbBlockEnd
  0
BLOCK
  5
40B
330
40A
100
AcDbEntity
  8
0
100
AcDbBlockBegin
  2
_D_4
 70
     0
 10
0.0
 20
0.0
 30
0.0
  3
_D_4
  1

  0
SOLID
  5
40D
330
40A
100
AcDbEntity
  8
DIMENSIONS
100
AcDbTrace
 38
0.0
 10
136.5216147986165
 20
49.55692844827569
 11
136.0136147986165
 21
46.25492844827569
 12
137.0296147986165
 22
46.25492844827569
 13
137.0296147986165
 23
46.25492844827569
  0
SOLID
  5
40E
330
40A
100
AcDbEntity
  8
DIMENSIONS
100
AcDbTrace
 38
0.0
 10
136.5216147986164
 20
54.5569284482757
 11
137.0296147986164
 21
57.8589284482757
 12
136.0136147986164
 22
57.8589284482757
 13
136.0136147986164
 23
57.8589284482757
  0
LINE
  5
40F
330
40A
100
AcDbEntity
  8
DIMENSIONS
100
AcDbLine
 10
119.8692420859574
 20
62.54085378017868
 30
0.0
 11
119.1445777787579
 21
62.54085378017868
 31
0.0
  0
LINE
  5
410
330
40A
100
AcDbEntity
  8
DIMENSIONS
100
AcDbLine
 10
119.1445777787579
 20
62.54085378017868
 30
0.0
 11
119.1445777787579
 21
59.11106980633582
 31
0.0
  0
LINE
  5
411
330
40A
100
AcDbEntity
  8
DIMENSIONS
100
AcDbLine
 10
119.1445777787579
 20
59.11106980633582
 30
0.0
 11
119.8692420859574
 21
59.11106980633582
 31
0.0
  0
LINE
  5
412
330
40A
100
AcDbEntity
  8
DIMENSIONS
100
AcDbLine
 10
126.2819586683749
 20
62.54085378017868
 30
0.0
 11
127.0066229755743
 21
62.54085378017868
 31
0.0
  0
LINE
  5
413
330
40A
100
AcDbEntity
  8
DIMENSIONS
100
AcDbLine
 10
127.0066229755743
 20
62.54085378017868
 30
0.0
 11
127.0066229755743
 21
59.11106980633582
 31
0.0
  0
LINE
  5
414
330
40A
100
AcDbEntity
  8
DIMENSIONS
100
AcDbLine
 10
127.0066229755743
 20
59.11106980633582
 30
0.0
 11
126.2819586683749
 21
59.11106980633582
 31
0.0
  0
LINE
  5
415
330
40A
100
AcDbEntity
  8
DIMENSIONS
100
AcDbLine
 10
148.1444727170232
 20
49.55692844827573
 30
0.0
 11
133.3466147986165
 21
49.55692844827568
 31
0.0
  0
LINE
  5
416
330
40A
100
AcDbEntity
  8
DIMENSIONS
100
AcDbLine
 10
148.1444727170231
 20
54.55692844827573
 30
0.0
 11
133.3466147986164
 21
54.55692844827568
 31
0.0
  0
LINE
  5
417
330
40A
100
AcDbEntity
  8
DIMENSIONS
100
AcDbLine
 10
130.1716147986165
 20
62.54085401300932
 30
0.0
 11
136.5216147986165
 21
62.54085401300932
 31
0.0
  0
LINE
  5
418
330
40A
100
AcDbEntity
  8
DIMENSIONS
100
AcDbLine
 10
136.5216147986165
 20
62.54085401300932
 30
0.0
 11
136.5216147986164
 21
54.5569284482757
 31
0.0
  0
LINE
  5
419
330
40A
100
AcDbEntity
  8
DIMENSIONS
100
AcDbLine
 10
136.5216147986165
 20
49.55692844827569
 30
0.0
 11
136.5216147986165
 21
43.20692844827569
 31
0.0
  0
MTEXT
  5
41A
330
40A
100
AcDbEntity
  8
DIMENSIONS
100
AcDbMText
 10
118.3542575986498
 20
65.75249034460315
 30
0.0
210
0.0
220
0.0
230
1.0
 11
1.0
 21
0.0
 31
0.0
 40
2.116666666666666
 41
0.0
 71
     1
 72
     1
  1

  7
SLDTEXTSTYLE0
 73
     1
 44
1.0
  0
MTEXT
  5
41B
330
40A
100
AcDbEntity
  8
DIMENSIONS
100
AcDbMText
 10
120.7668659173636
 20
65.7524901117725
 30
0.0
210
0.0
220
0.0
230
1.0
 11
1.0
 21
0.0
 31
0.0
 40
2.116666666666666
 41
0.0
 71
     1
 72
     1
  1
5.0
  7
SLDTEXTSTYLE0
 73
     1
 44
1.0
  0
MTEXT
  5
41C
330
40A
100
AcDbEntity
  8
DIMENSIONS
100
AcDbMText
 10
119.8692420859574
 20
61.83959652218648
 30
0.0
210
0.0
220
0.0
230
1.0
 11
1.0
 21
0.0
 31
0.0
 40
2.116666666666666
 41
0.0
 71
     1
 72
     1
  1
0.20
  7
SLDTEXTSTYLE0
 73
     1
 44
1.0
  0
MTEXT
  5
41D
330
40A
100
AcDbEntity
  8
DIMENSIONS
100
AcDbMText
 10
128.6573292986863
 20
65.75249034460315
 30
0.0
210
0.0
220
0.0
230
1.0
 11
1.0
 21
0.0
 31
0.0
 40
2.116666666666666
 41
0.0
 71
     1
 72
     1
  1

  7
SLDTEXTSTYLE0
 73
     1
 44
1.0
  0
ENDBLK
  5
40C
330
40A
100
AcDbEntity
  8
0
100
AcDbBlockEnd
  0
BLOCK
  5
421
330
420
100
AcDbEntity
  8
0
100
AcDbBlockBegin
  2
_D_5
 70
     0
 10
0.0
 20
0.0
 30
0.0
  3
_D_5
  1

  0
SOLID
  5
423
330
420
100
AcDbEntity
  8
DIMENSIONS
100
AcDbTrace
 38
0.0
 10
149.4144727170232
 20
37.14264035160472
 11
146.1124727170233
 21
37.65064035160471
 12
146.1124727170233
 22
36.6346403516047
 13
146.1124727170233
 23
36.6346403516047
  0
SOLID
  5
424
330
420
100
AcDbEntity
  8
DIMENSIONS
100
AcDbTrace
 38
0.0
 10
172.2144727170232
 20
37.1426403516048
 11
175.5164727170232
 21
36.63464035160482
 12
175.5164727170232
 22
37.65064035160482
 13
175.5164727170232
 23
37.65064035160482
  0
LINE
  5
425
330
420
100
AcDbEntity
  8
DIMENSIONS
100
AcDbLine
 10
157.0467122808672
 20
37.14264011877411
 30
0.0
 11
156.3220479736678
 21
37.14264011877411
 31
0.0
  0
LINE
  5
426
330
420
100
AcDbEntity
  8
DIMENSIONS
100
AcDbLine
 10
156.3220479736678
 20
37.14264011877411
 30
0.0
 11
156.3220479736678
 21
33.71285614493125
 31
0.0
  0
LINE
  5
427
330
420
100
AcDbEntity
  8
DIMENSIONS
100
AcDbLine
 10
156.3220479736678
 20
33.71285614493125
 30
0.0
 11
157.0467122808672
 21
33.71285614493125
 31
0.0
  0
LINE
  5
428
330
420
100
AcDbEntity
  8
DIMENSIONS
100
AcDbLine
 10
163.4594288632847
 20
37.14264011877411
 30
0.0
 11
164.1840931704841
 21
37.14264011877411
 31
0.0
  0
LINE
  5
429
330
420
100
AcDbEntity
  8
DIMENSIONS
100
AcDbLine
 10
164.1840931704841
 20
37.14264011877411
 30
0.0
 11
164.1840931704841
 21
33.71285614493125
 31
0.0
  0
LINE
  5
42A
330
420
100
AcDbEntity
  8
DIMENSIONS
100
AcDbLine
 10
164.1840931704841
 20
33.71285614493125
 30
0.0
 11
163.4594288632847
 21
33.71285614493125
 31
0.0
  0
LINE
  5
42B
330
420
100
AcDbEntity
  8
DIMENSIONS
100
AcDbLine
 10
149.4144727170232
 20
48.28692844827574
 30
0.0
 11
149.4144727170232
 21
33.96764035160472
 31
0.0
  0
LINE
  5
42C
330
420
100
AcDbEntity
  8
DIMENSIONS
100
AcDbLine
 10
172.2144727170231
 20
48.28692844827582
 30
0.0
 11
172.2144727170232
 21
33.96764035160481
 31
0.0
  0
LINE
  5
42D
330
420
100
AcDbEntity
  8
DIMENSIONS
100
AcDbLine
 10
149.4144727170232
 20
37.14264035160472
 30
0.0
 11
143.0644727170232
 21
37.1426403516047
 31
0.0
  0
LINE
  5
42E
330
420
100
AcDbEntity
  8
DIMENSIONS
100
AcDbLine
 10
172.2144727170232
 20
37.1426403516048
 30
0.0
 11
178.5644727170232
 21
37.14264035160483
 31
0.0
  0
MTEXT
  5
42F
330
420
100
AcDbEntity
  8
DIMENSIONS
100
AcDbMText
 10
155.5317277935596
 20
40.35427668319858
 30
0.0
210
0.0
220
0.0
230
1.0
 11
1.0
 21
0.0
 31
0.0
 40
2.116666666666666
 41
0.0
 71
     1
 72
     1
  1

  7
SLDTEXTSTYLE0
 73
     1
 44
1.0
  0
MTEXT
  5
430
330
420
100
AcDbEntity
  8
DIMENSIONS
100
AcDbMText
 10
157.0467125136978
 20
40.35427645036793
 30
0.0
210
0.0
220
0.0
230
1.0
 11
1.0
 21
0.0
 31
0.0
 40
2.116666666666666
 41
0.0
 71
     1
 72
     1
  1
22.8
  7
SLDTEXTSTYLE0
 73
     1
 44
1.0
  0
MTEXT
  5
431
330
420
100
AcDbEntity
  8
DIMENSIONS
100
AcDbMText
 10
157.0467122808672
 20
36.44138286078191
 30
0.0
210
0.0
220
0.0
230
1.0
 11
1.0
 21
0.0
 31
0.0
 40
2.116666666666666
 41
0.0
 71
     1
 72
     1
  1
0.90
  7
SLDTEXTSTYLE0
 73
     1
 44
1.0
  0
MTEXT
  5
432
330
420
100
AcDbEntity
  8
DIMENSIONS
100
AcDbMText
 10
165.8347994935961
 20
40.35427668319858
 30
0.0
210
0.0
220
0.0
230
1.0
 11
1.0
 21
0.0
 31
0.0
 40
2.116666666666666
 41
0.0
 71
     1
 72
     1
  1

  7
SLDTEXTSTYLE0
 73
     1
 44
1.0
  0
ENDBLK
  5
422
330
420
100
AcDbEntity
  8
0
100
AcDbBlockEnd
  0
BLOCK
  5
435
330
434
100
AcDbEntity
  8
0
100
AcDbBlockBegin
  2
_D_6
 70
     0
 10
0.0
 20
0.0
 30
0.0
  3
_D_6
  1

  0
SOLID
  5
437
330
434
100
AcDbEntity
  8
DIMENSIONS
100
AcDbTrace
 38
0.0
 10
161.7144727170229
 20
132.0194671551928
 11
165.0164727170229
 21
131.5114671551927
 12
165.0164727170229
 22
132.5274671551928
 13
165.0164727170229
 23
132.5274671551928
  0
SOLID
  5
438
330
434
100
AcDbEntity
  8
DIMENSIONS
100
AcDbTrace
 38
0.0
 10
173.2144727170229
 20
132.0194671551928
 11
169.9124727170229
 21
132.5274671551928
 12
169.9124727170229
 22
131.5114671551928
 13
169.9124727170229
 23
131.5114671551928
  0
LINE
  5
439
330
434
100
AcDbEntity
  8
DIMENSIONS
100
AcDbLine
 10
145.3799505515671
 20
132.0194669223621
 30
0.0
 11
144.6552862443677
 21
132.0194669223621
 31
0.0
  0
LINE
  5
43A
330
434
100
AcDbEntity
  8
DIMENSIONS
100
AcDbLine
 10
144.6552862443677
 20
132.0194669223621
 30
0.0
 11
144.6552862443677
 21
128.5896829485192
 31
0.0
  0
LINE
  5
43B
330
434
100
AcDbEntity
  8
DIMENSIONS
100
AcDbLine
 10
144.6552862443677
 20
128.5896829485192
 30
0.0
 11
145.3799505515671
 21
128.5896829485192
 31
0.0
  0
LINE
  5
43C
330
434
100
AcDbEntity
  8
DIMENSIONS
100
AcDbLine
 10
151.7926671339846
 20
132.0194669223621
 30
0.0
 11
152.517331441184
 21
132.0194669223621
 31
0.0
  0
LINE
  5
43D
330
434
100
AcDbEntity
  8
DIMENSIONS
100
AcDbLine
 10
152.517331441184
 20
132.0194669223621
 30
0.0
 11
152.517331441184
 21
128.5896829485192
 31
0.0
  0
LINE
  5
43E
330
434
100
AcDbEntity
  8
DIMENSIONS
100
AcDbLine
 10
152.517331441184
 20
128.5896829485192
 30
0.0
 11
151.7926671339846
 21
128.5896829485192
 31
0.0
  0
LINE
  5
43F
330
434
100
AcDbEntity
  8
DIMENSIONS
100
AcDbLine
 10
161.7144727170229
 20
120.6269284482758
 30
0.0
 11
161.7144727170229
 21
135.1944671551928
 31
0.0
  0
LINE
  5
440
330
434
100
AcDbEntity
  8
DIMENSIONS
100
AcDbLine
 10
173.2144727170229
 20
120.6269284482758
 30
0.0
 11
173.2144727170229
 21
135.1944671551928
 31
0.0
  0
LINE
  5
441
330
434
100
AcDbEntity
  8
DIMENSIONS
100
AcDbLine
 10
161.7144727170229
 20
132.0194671551928
 30
0.0
 11
154.7165701019351
 21
132.0194671551927
 31
0.0
  0
LINE
  5
442
330
434
100
AcDbEntity
  8
DIMENSIONS
100
AcDbLine
 10
173.2144727170229
 20
132.0194671551928
 30
0.0
 11
161.7144727170229
 21
132.0194671551928
 31
0.0
  0
MTEXT
  5
443
330
434
100
AcDbEntity
  8
DIMENSIONS
100
AcDbMText
 10
143.8649660642595
 20
135.2311034867865
 30
0.0
210
0.0
220
0.0
230
1.0
 11
1.0
 21
0.0
 31
0.0
 40
2.116666666666666
 41
0.0
 71
     1
 72
     1
  1

  7
SLDTEXTSTYLE0
 73
     1
 44
1.0
  0
MTEXT
  5
444
330
434
100
AcDbEntity
  8
DIMENSIONS
100
AcDbMText
 10
145.3799507843977
 20
135.2311032539559
 30
0.0
210
0.0
220
0.0
230
1.0
 11
1.0
 21
0.0
 31
0.0
 40
2.116666666666666
 41
0.0
 71
     1
 72
     1
  1
11.5
  7
SLDTEXTSTYLE0
 73
     1
 44
1.0
  0
MTEXT
  5
445
330
434
100
AcDbEntity
  8
DIMENSIONS
100
AcDbMText
 10
145.3799505515671
 20
131.3182096643698
 30
0.0
210
0.0
220
0.0
230
1.0
 11
1.0
 21
0.0
 31
0.0
 40
2.116666666666666
 41
0.0
 71
     1
 72
     1
  1
0.45
  7
SLDTEXTSTYLE0
 73
     1
 44
1.0
  0
MTEXT
  5
446
330
434
100
AcDbEntity
  8
DIMENSIONS
100
AcDbMText
 10
154.168037764296
 20
135.2311034867865
 30
0.0
210
0.0
220
0.0
230
1.0
 11
1.0
 21
0.0
 31
0.0
 40
2.116666666666666
 41
0.0
 71
     1
 72
     1
  1

  7
SLDTEXTSTYLE0
 73
     1
 44
1.0
  0
ENDBLK
  5
436
330
434
100
AcDbEntity
  8
0
100
AcDbBlockEnd
  0
ENDSEC
  0
SECTION
  2
ENTITIES
  0
LINE
  5
7A
330
1F
100
AcDbEntity
  8
TEXT
100
AcDbLine
 10
155.7588954246279
 20
22.12610769635146
 30
0.0
 11
155.7588954246279
 21
13.96999999999996
 31
0.0
  0
LINE
  5
7B
330
1F
100
AcDbEntity
  8
TEXT
100
AcDbLine
 10
6.349999999999975
 20
209.55
 30
0.0
 11
273.05
 21
209.55
 31
0.0
  0
LINE
  5
7C
330
1F
100
AcDbEntity
  8
TEXT
100
AcDbLine
 10
6.349999999999975
 20
209.55
 30
0.0
 11
6.35
 21
6.35
 31
0.0
  0
LINE
  5
7D
330
1F
100
AcDbEntity
  8
TEXT
100
AcDbLine
 10
135.89
 20
201.93
 30
0.0
 11
143.51
 21
201.93
 31
0.0
  0
LINE
  5
7E
330
1F
100
AcDbEntity
  8
TEXT
100
AcDbLine
 10
273.05
 20
209.55
 30
0.0
 11
273.05
 21
6.35
 31
0.0
  0
LINE
  5
7F
330
1F
100
AcDbEntity
  8
TEXT
100
AcDbLine
 10
135.89
 20
201.93
 30
0.0
 11
135.89
 21
209.55
 31
0.0
  0
LINE
  5
80
330
1F
100
AcDbEntity
  8
TEXT
100
AcDbLine
 10
239.5753773966487
 20
22.12610769635148
 30
0.0
 11
239.5753773966487
 21
13.96999999999996
 31
0.0
  0
LINE
  5
81
330
1F
100
AcDbEntity
  8
TEXT
100
AcDbLine
 10
143.51
 20
201.93
 30
0.0
 11
143.51
 21
209.55
 31
0.0
  0
LINE
  5
82
330
1F
100
AcDbEntity
  8
TEXT
100
AcDbLine
 10
273.05
 20
6.35
 30
0.0
 11
273.05
 21
16.51
 31
0.0
  0
LINE
  5
83
330
1F
100
AcDbEntity
  8
TEXT
100
AcDbLine
 10
27.93999999999998
 20
201.93
 30
0.0
 11
35.55999999999997
 21
201.93
 31
0.0
  0
LINE
  5
84
330
1F
100
AcDbEntity
  8
TEXT
100
AcDbLine
 10
27.93999999999998
 20
201.93
 30
0.0
 11
27.93999999999998
 21
209.55
 31
0.0
  0
LINE
  5
85
330
1F
100
AcDbEntity
  8
TEXT
100
AcDbLine
 10
35.55999999999997
 20
201.93
 30
0.0
 11
35.55999999999997
 21
209.55
 31
0.0
  0
LINE
  5
86
330
1F
100
AcDbEntity
  8
TEXT
100
AcDbLine
 10
273.0499999999998
 20
13.96999999999996
 30
0.0
 11
6.350000000000001
 21
13.96999999999996
 31
0.0
  0
LINE
  5
87
330
1F
100
AcDbEntity
  8
TEXT
100
AcDbLine
 10
6.350000000000023
 20
6.349999999999967
 30
0.0
 11
273.05
 21
6.35
 31
0.0
  0
LINE
  5
88
330
1F
100
AcDbEntity
  8
TEXT
100
AcDbLine
 10
163.7801772782915
 20
13.96999999999996
 30
0.0
 11
163.7801772782915
 21
6.350000000000006
 31
0.0
  0
LINE
  5
89
330
1F
100
AcDbEntity
  8
TEXT
100
AcDbLine
 10
31.74999999999989
 20
13.96999999999996
 30
0.0
 11
31.74999999999988
 21
6.350000000000001
 31
0.0
  0
LINE
  5
8A
330
1F
100
AcDbEntity
  8
TEXT
100
AcDbLine
 10
273.05
 20
22.12610769635148
 30
0.0
 11
6.349999999999998
 21
22.12610769635145
 31
0.0
  0
LINE
  5
8B
330
1F
100
AcDbEntity
  8
TEXT
100
AcDbLine
 10
120.6464777075071
 20
13.96999999999996
 30
0.0
 11
120.6464777075071
 21
6.349999999999967
 31
0.0
  0
LINE
  5
8C
330
1F
100
AcDbEntity
  8
TEXT
100
AcDbLine
 10
243.84
 20
201.93
 30
0.0
 11
251.4599999999999
 21
201.93
 31
0.0
  0
LINE
  5
8D
330
1F
100
AcDbEntity
  8
TEXT
100
AcDbLine
 10
243.84
 20
201.93
 30
0.0
 11
243.84
 21
209.55
 31
0.0
  0
LINE
  5
8E
330
1F
100
AcDbEntity
  8
TEXT
100
AcDbLine
 10
203.0243045414288
 20
13.96999999999996
 30
0.0
 11
203.0243045414288
 21
6.349999999999967
 31
0.0
  0
LINE
  5
8F
330
1F
100
AcDbEntity
  8
TEXT
100
AcDbLine
 10
216.8120975084431
 20
13.96999999999996
 30
0.0
 11
216.8120975084431
 21
6.349999999999967
 31
0.0
  0
LINE
  5
90
330
1F
100
AcDbEntity
  8
TEXT
100
AcDbLine
 10
251.3487490474672
 20
13.96999999999996
 30
0.0
 11
251.3487490474672
 21
6.350000000000001
 31
0.0
  0
LINE
  5
91
330
1F
100
AcDbEntity
  8
TEXT
100
AcDbLine
 10
50.2116278935219
 20
13.96999999999996
 30
0.0
 11
50.2116278935219
 21
6.349999999999967
 31
0.0
  0
LINE
  5
92
330
1F
100
AcDbEntity
  8
TEXT
100
AcDbLine
 10
251.4599999999999
 20
201.93
 30
0.0
 11
251.4599999999999
 21
209.55
 31
0.0
  0
INSERT
  5
93
330
1F
100
AcDbEntity
  8
SLD-DEFPOINTS
100
AcDbBlockReference
  2
Block12
 10
6.837938529047218
 20
7.553855307597702
 30
0.0
  0
MTEXT
  5
95
330
1F
100
AcDbEntity
  8
TEXT
100
AcDbMText
 10
199.7378814655173
 20
26.93568168290802
 30
0.0
210
0.0
220
0.0
230
1.0
 11
1.0
 21
0.0
 31
0.0
 40
2.116666666666666
 41
0.0
 71
     1
 72
     1
  1
FOR USE WITH HMC-9 TO HMC-22 CONTACTORS
  7
SLDTEXTSTYLE0
 73
     1
 44
1.0
  0
MTEXT
  5
96
330
1F
100
AcDbEntity
  8
TEXT
100
AcDbMText
 10
222.6128085688059
 20
9.502975229041416
 30
0.0
210
0.0
220
0.0
230
1.0
 11
1.0
 21
0.0
 31
0.0
 40
2.116666666666666
 41
0.0
 71
     1
 72
     1
  1
1/15/2025
  7
SLDTEXTSTYLE0
 73
     1
 44
1.0
  0
MTEXT
  5
97
330
1F
100
AcDbEntity
  8
TEXT
100
AcDbMText
 10
7.965734247263295
 20
20.01076001082048
 30
0.0
210
0.0
220
0.0
230
1.0
 11
1.0
 21
0.0
 31
0.0
 40
3.704166666666666
 41
0.0
 71
     1
 72
     1
  1
IRONHORSE REVERSING CONNECTION KIT
  7
SLDTEXTSTYLE0
 73
     1
 44
1.0
  0
MTEXT
  5
98
330
1F
100
AcDbEntity
  8
TEXT
100
AcDbMText
 10
205.2992306017321
 20
13.36038727192009
 30
0.0
210
0.0
220
0.0
230
1.0
 11
1.0
 21
0.0
 31
0.0
 40
2.116666666666666
 41
0.0
 71
     1
 72
     1
  1
mm^J[inch]
  7
SLDTEXTSTYLE0
 73
     1
 44
1.0
  0
MTEXT
  5
99
330
1F
100
AcDbEntity
  8
TEXT
100
AcDbMText
 10
167.6079130460384
 20
13.33108358363098
 30
0.0
210
0.0
220
0.0
230
1.0
 11
1.0
 21
0.0
 31
0.0
 40
2.116666666666666
 41
0.0
 71
     1
 72
     1
  1
UNLESS OTHERWISE ^JSPECIFIED UNITS ARE:
  7
SLDTEXTSTYLE0
 73
     1
 44
1.0
  0
MTEXT
  5
9A
330
1F
100
AcDbEntity
  8
TEXT
100
AcDbMText
 10
234.5521314854726
 20
13.36399387215797
 30
0.0
210
0.0
220
0.0
230
1.0
 11
1.0
 21
0.0
 31
0.0
 40
2.116666666666666
 41
0.0
 71
     2
 72
     1
  1
LATEST VERSION
  7
SLDTEXTSTYLE0
 73
     1
 44
1.0
  0
MTEXT
  5
9B
330
1F
100
AcDbEntity
  8
TEXT
100
AcDbMText
 10
55.11928449008624
 20
13.33047194245268
 30
0.0
210
0.0
220
0.0
230
1.0
 11
1.0
 21
0.0
 31
0.0
 40
2.116666666666666
 41
0.0
 71
     1
 72
     1
  1
PART DIMENSIONS MAY DIFFER SLIGHTLY ^JDUE TO MANUFACTURER'S VARIANCES
  7
SLDTEXTSTYLE0
 73
     1
 44
1.0
  0
MTEXT
  5
9C
330
1F
100
AcDbEntity
  8
TEXT
100
AcDbMText
 10
35.61541879841093
 20
13.36746516625304
 30
0.0
210
0.0
220
0.0
230
1.0
 11
1.0
 21
0.0
 31
0.0
 40
2.116666666666666
 41
0.0
 71
     1
 72
     1
  1
NOT TO^JSCALE
  7
SLDTEXTSTYLE0
 73
     1
 44
1.0
  0
MTEXT
  5
9D
330
1F
100
AcDbEntity
  8
TEXT
100
AcDbMText
 10
19.495723701004
 20
13.36746493342237
 30
0.0
210
0.0
220
0.0
230
1.0
 11
1.0
 21
0.0
 31
0.0
 40
2.116666666666666
 41
0.0
 71
     1
 72
     1
  1
3rd^JANGLE
  7
SLDTEXTSTYLE0
 73
     1
 44
1.0
  0
MTEXT
  5
9E
330
1F
100
AcDbEntity
  8
TEXT
100
AcDbMText
 10
159.2077220703785
 20
20.01076001082046
 30
0.0
210
0.0
220
0.0
230
1.0
 11
1.0
 21
0.0
 31
0.0
 40
3.704166666666666
 41
0.0
 71
     1
 72
     1
  1
HMX1-BBREV
  7
SLDTEXTSTYLE0
 73
     1
 44
1.0
  0
MTEXT
  5
A0
330
1F
100
AcDbEntity
  8
TEXT
100
AcDbMText
 10
252.441285741197
 20
12.48347137596979
 30
0.0
210
0.0
220
0.0
230
1.0
 11
1.0
 21
0.0
 31
0.0
 40
2.116666666666666
 41
0.0
 71
     1
 72
     1
  1
SHEET 1 OF 1
  7
SLDTEXTSTYLE1
 73
     1
 44
1.0
  0
MTEXT
  5
A1
330
1F
100
AcDbEntity
  8
TEXT
100
AcDbMText
 10
127.6043345225531
 20
13.54558024304619
 30
0.0
210
0.0
220
0.0
230
1.0
 11
1.0
 21
0.0
 31
0.0
 40
2.116666666666666
 41
0.0
 71
     1
 72
     1
  1
METRIC UNITS USED ^JFOR PART DESIGN
  7
SLDTEXTSTYLE0
 73
     1
 44
1.0
  0
MTEXT
  5
A2
330
1F
100
AcDbEntity
  8
TEXT
100
AcDbMText
 10
244.6438982161733
 20
16.92446770099173
 30
0.0
210
0.0
220
0.0
230
1.0
 11
1.0
 21
0.0
 31
0.0
 40
2.116666666666666
 41
0.0
 71
     1
 72
     1
  1
1-800-633-0405
  7
SLDTEXTSTYLE0
 73
     1
 44
1.0
  0
MTEXT
  5
A3
330
1F
100
AcDbEntity
  8
TEXT
100
AcDbMText
 10
240.5771543282123
 20
20.90249532011309
 30
0.0
210
0.0
220
0.0
230
1.0
 11
1.0
 21
0.0
 31
0.0
 40
2.116666666666666
 41
0.0
 71
     1
 72
     1
  1
AutomationDirect.com
  7
SLDTEXTSTYLE0
 73
     1
 44
1.0
  0
ARC
  5
A4
330
1F
100
AcDbEntity
  8
0
100
AcDbCircle
 10
21.66174907635473
 20
55.05692844827582
 30
0.0
 40
0.500000000000008
100
AcDbArc
 50
299.9972165031881
 51
0.0
  0
ARC
  5
A5
330
1F
100
AcDbEntity
  8
0
100
AcDbCircle
 10
98.56174907635473
 20
55.05692844827582
 30
0.0
 40
0.5
100
AcDbArc
 50
180.0
 51
240.0254597054821
  0
ARC
  5
A6
330
1F
100
AcDbEntity
  8
0
100
AcDbCircle
 10
78.66174907635474
 20
55.05692844827582
 30
0.0
 40
0.5000000000000027
100
AcDbArc
 50
299.9972165031871
 51
0.0
  0
ARC
  5
A7
330
1F
100
AcDbEntity
  8
0
100
AcDbCircle
 10
41.56174907635474
 20
55.05692844827582
 30
0.0
 40
0.5
100
AcDbArc
 50
180.0
 51
240.0254567220638
  0
ARC
  5
A8
330
1F
100
AcDbEntity
  8
0
100
AcDbCircle
 10
30.66174907635473
 20
55.05692844827582
 30
0.0
 40
0.5000000000000023
100
AcDbArc
 50
180.0
 51
240.0000000000015
  0
ARC
  5
A9
330
1F
100
AcDbEntity
  8
0
100
AcDbCircle
 10
87.66174907635474
 20
55.05692844827582
 30
0.0
 40
0.5000000000000041
100
AcDbArc
 50
180.0
 51
240.0000000000011
  0
ARC
  5
AA
330
1F
100
AcDbEntity
  8
0
100
AcDbCircle
 10
86.66174907635474
 20
57.05692844827582
 30
0.0
 40
0.5
100
AcDbArc
 50
0.0
 51
90.0
  0
ARC
  5
AB
330
1F
100
AcDbEntity
  8
0
100
AcDbCircle
 10
40.56174907635474
 20
57.05692844827582
 30
0.0
 40
0.5
100
AcDbArc
 50
0.0
 51
90.0
  0
ARC
  5
AC
330
1F
100
AcDbEntity
  8
0
100
AcDbCircle
 10
97.56174907635473
 20
57.05692844827582
 30
0.0
 40
0.5
100
AcDbArc
 50
0.0
 51
90.0
  0
ARC
  5
AD
330
1F
100
AcDbEntity
  8
0
100
AcDbCircle
 10
29.66174907635473
 20
57.05692844827582
 30
0.0
 40
0.5000000000000036
100
AcDbArc
 50
0.0
 51
90.0
  0
LINE
  5
AE
330
1F
100
AcDbEntity
  8
0
100
AcDbLine
 10
79.16174907635474
 20
57.05692844827582
 30
0.0
 11
79.16174907635474
 21
55.05692844827582
 31
0.0
  0
ARC
  5
AF
330
1F
100
AcDbEntity
  8
0
100
AcDbCircle
 10
79.66174907635474
 20
57.05692844827582
 30
0.0
 40
0.5
100
AcDbArc
 50
90.0
 51
180.0
  0
ARC
  5
B0
330
1F
100
AcDbEntity
  8
0
100
AcDbCircle
 10
22.66174907635474
 20
57.05692844827582
 30
0.0
 40
0.5
100
AcDbArc
 50
90.0
 51
180.0
  0
LINE
  5
B1
330
1F
100
AcDbEntity
  8
0
100
AcDbLine
 10
22.16174907635474
 20
57.05692844827582
 30
0.0
 11
22.16174907635474
 21
55.05692844827582
 31
0.0
  0
LINE
  5
B2
330
1F
100
AcDbEntity
  8
0
100
AcDbLine
 10
84.41174907635474
 20
69.05692844827583
 30
0.0
 11
84.41174907635474
 21
57.55692844827582
 31
0.0
  0
LINE
  5
B3
330
1F
100
AcDbEntity
  8
0
100
AcDbLine
 10
79.91174907635474
 20
69.05692844827583
 30
0.0
 11
79.91174907635474
 21
57.55692844827582
 31
0.0
  0
LINE
  5
B4
330
1F
100
AcDbEntity
  8
0
100
AcDbLine
 10
81.91174907635474
 20
57.55692844827582
 30
0.0
 11
81.91174907635474
 21
69.05692844827583
 31
0.0
  0
LINE
  5
B5
330
1F
100
AcDbEntity
  8
0
100
AcDbLine
 10
27.41174907635473
 20
69.05692844827583
 30
0.0
 11
27.41174907635473
 21
57.55692844827582
 31
0.0
  0
LINE
  5
B6
330
1F
100
AcDbEntity
  8
0
100
AcDbLine
 10
38.31174907635474
 20
69.05692844827583
 30
0.0
 11
38.31174907635474
 21
57.55692844827582
 31
0.0
  0
LINE
  5
B7
330
1F
100
AcDbEntity
  8
0
100
AcDbLine
 10
29.41174907635473
 20
57.55692844827582
 30
0.0
 11
29.41174907635473
 21
69.05692844827583
 31
0.0
  0
LINE
  5
B8
330
1F
100
AcDbEntity
  8
0
100
AcDbLine
 10
40.31174907635474
 20
57.55692844827582
 30
0.0
 11
40.31174907635474
 21
69.05692844827583
 31
0.0
  0
LINE
  5
B9
330
1F
100
AcDbEntity
  8
0
100
AcDbLine
 10
97.31174907635473
 20
57.55692844827582
 30
0.0
 11
97.31174907635473
 21
69.05692844827583
 31
0.0
  0
LINE
  5
BA
330
1F
100
AcDbEntity
  8
0
100
AcDbLine
 10
86.41174907635474
 20
57.55692844827582
 30
0.0
 11
86.41174907635474
 21
69.05692844827583
 31
0.0
  0
LINE
  5
BB
330
1F
100
AcDbEntity
  8
0
100
AcDbLine
 10
24.91174907635474
 20
57.55692844827582
 30
0.0
 11
24.91174907635474
 21
69.05692844827583
 31
0.0
  0
LINE
  5
BC
330
1F
100
AcDbEntity
  8
0
100
AcDbLine
 10
22.91174907635474
 20
69.05692844827583
 30
0.0
 11
22.91174907635474
 21
57.55692844827582
 31
0.0
  0
LINE
  5
BD
330
1F
100
AcDbEntity
  8
0
100
AcDbLine
 10
95.31174907635473
 20
69.05692844827583
 30
0.0
 11
95.31174907635473
 21
57.55692844827582
 31
0.0
  0
LINE
  5
BE
330
1F
100
AcDbEntity
  8
0
100
AcDbLine
 10
97.31174907635473
 20
92.85692844827581
 30
0.0
 11
97.31174907635473
 21
104.2029892468558
 31
0.0
  0
LINE
  5
BF
330
1F
100
AcDbEntity
  8
0
100
AcDbLine
 10
95.31174907635473
 20
104.2029892468558
 30
0.0
 11
95.31174907635473
 21
92.85692844827581
 31
0.0
  0
LINE
  5
C0
330
1F
100
AcDbEntity
  8
0
100
AcDbLine
 10
18.51174907635474
 20
92.85692844827581
 30
0.0
 11
18.51174907635474
 21
104.2029892468558
 31
0.0
  0
LINE
  5
C1
330
1F
100
AcDbEntity
  8
0
100
AcDbLine
 10
16.51174907635474
 20
104.2029892468558
 30
0.0
 11
16.51174907635474
 21
92.85692844827581
 31
0.0
  0
LINE
  5
C2
330
1F
100
AcDbEntity
  8
0
100
AcDbLine
 10
29.41174907635474
 20
92.85692844827581
 30
0.0
 11
29.41174907635474
 21
104.2029892468558
 31
0.0
  0
LINE
  5
C3
330
1F
100
AcDbEntity
  8
0
100
AcDbLine
 10
27.41174907635474
 20
104.2029892468558
 30
0.0
 11
27.41174907635474
 21
92.85692844827581
 31
0.0
  0
LINE
  5
C4
330
1F
100
AcDbEntity
  8
0
100
AcDbLine
 10
40.31174907635474
 20
92.85692844827581
 30
0.0
 11
40.31174907635474
 21
104.2029892468558
 31
0.0
  0
LINE
  5
C5
330
1F
100
AcDbEntity
  8
0
100
AcDbLine
 10
38.31174907635474
 20
104.2029892468558
 30
0.0
 11
38.31174907635474
 21
92.85692844827581
 31
0.0
  0
LINE
  5
C6
330
1F
100
AcDbEntity
  8
0
100
AcDbLine
 10
73.51174907635475
 20
104.2029892468558
 30
0.0
 11
73.51174907635475
 21
92.85692844827581
 31
0.0
  0
LINE
  5
C7
330
1F
100
AcDbEntity
  8
0
100
AcDbLine
 10
75.51174907635475
 20
92.85692844827581
 30
0.0
 11
75.51174907635475
 21
104.2029892468558
 31
0.0
  0
LINE
  5
C8
330
1F
100
AcDbEntity
  8
0
100
AcDbLine
 10
84.41174907635474
 20
104.2029892468558
 30
0.0
 11
84.41174907635474
 21
92.85692844827581
 31
0.0
  0
LINE
  5
C9
330
1F
100
AcDbEntity
  8
0
100
AcDbLine
 10
86.41174907635474
 20
92.85692844827581
 30
0.0
 11
86.41174907635474
 21
104.2029892468558
 31
0.0
  0
LINE
  5
CA
330
1F
100
AcDbEntity
  8
0
100
AcDbLine
 10
22.41174907635474
 20
49.55692844827581
 30
0.0
 11
22.41174907635474
 21
54.55692844827582
 31
0.0
  0
LINE
  5
CB
330
1F
100
AcDbEntity
  8
0
100
AcDbLine
 10
21.91174907635474
 20
49.55692844827581
 30
0.0
 11
22.41174907635474
 21
49.55692844827581
 31
0.0
  0
LINE
  5
CC
330
1F
100
AcDbEntity
  8
0
100
AcDbLine
 10
21.91174907635474
 20
49.55692844827581
 30
0.0
 11
21.91174907635474
 21
54.55692844827582
 31
0.0
  0
LINE
  5
CD
330
1F
100
AcDbEntity
  8
0
100
AcDbLine
 10
21.91174907635474
 20
54.55692844827582
 30
0.0
 11
22.41174907635474
 21
54.55692844827582
 31
0.0
  0
LINE
  5
CE
330
1F
100
AcDbEntity
  8
0
100
AcDbLine
 10
98.31174907635473
 20
49.55692844827581
 30
0.0
 11
98.31174907635473
 21
54.55692844827582
 31
0.0
  0
LINE
  5
CF
330
1F
100
AcDbEntity
  8
0
100
AcDbLine
 10
97.81174907635473
 20
49.55692844827581
 30
0.0
 11
98.31174907635473
 21
49.55692844827581
 31
0.0
  0
LINE
  5
D0
330
1F
100
AcDbEntity
  8
0
100
AcDbLine
 10
97.81174907635473
 20
49.55692844827581
 30
0.0
 11
97.81174907635473
 21
54.55692844827582
 31
0.0
  0
LINE
  5
D1
330
1F
100
AcDbEntity
  8
0
100
AcDbLine
 10
97.81174907635473
 20
54.55692844827582
 30
0.0
 11
98.31174907635473
 21
54.55692844827582
 31
0.0
  0
LINE
  5
D2
330
1F
100
AcDbEntity
  8
0
100
AcDbLine
 10
22.41174907635474
 20
49.55692844827581
 30
0.0
 11
97.81174907635473
 21
49.55692844827581
 31
0.0
  0
LINE
  5
D3
330
1F
100
AcDbEntity
  8
0
100
AcDbLine
 10
22.41174907635474
 20
54.55692844827582
 30
0.0
 11
97.81174907635473
 21
54.55692844827582
 31
0.0
  0
SPLINE
  5
D4
330
1F
100
AcDbEntity
  8
0
100
AcDbSpline
210
0.0
220
0.0
230
1.0
 70
     8
 71
     3
 72
    17
 73
    13
 74
     0
 42
1E-08
 43
1E-08
 40
0.0
 40
0.0
 40
0.0
 40
0.0
 40
0.04601734811312645
 40
0.09299437193871905
 40
0.1421545582762647
 40
0.194568733716315
 40
0.2511231885935717
 40
0.3686768310588671
 40
0.5010538568302273
 40
0.6690985540166767
 40
0.8338084304786861
 40
1.0
 40
1.0
 40
1.0
 40
1.0
 10
25.41174907635474
 20
55.05692844827581
 30
0.0
 10
25.41174907635473
 20
55.04158373881457
 30
0.0
 10
25.41174907635473
 20
55.01057431133905
 30
0.0
 10
25.41174907635474
 20
54.96465158915142
 30
0.0
 10
25.41174907635474
 20
54.91930680377686
 30
0.0
 10
25.41174907635472
 20
54.87456719730189
 30
0.0
 10
25.41174907635475
 20
54.81577129005626
 30
0.0
 10
25.41174907635474
 20
54.7470958858071
 30
0.0
 10
25.41174907635473
 20
54.67229687680186
 30
0.0
 10
25.41174907635475
 20
54.60831366717226
 30
0.0
 10
25.41174907635474
 20
54.56471555207692
 30
0.0
 10
25.41174907635474
 20
54.55953188659091
 30
0.0
 10
25.41174907635474
 20
54.55692844827582
 30
0.0
  0
SPLINE
  5
D5
330
1F
100
AcDbEntity
  8
0
100
AcDbSpline
210
0.0
220
0.0
230
1.0
 70
     8
 71
     3
 72
     9
 73
     5
 74
     0
 42
1E-08
 43
1E-08
 40
0.0
 40
0.0
 40
0.0
 40
0.0
 40
0.5002258651249638
 40
1.0
 40
1.0
 40
1.0
 40
1.0
 10
21.91174907635474
 20
54.55692844827582
 30
0.0
 10
21.91174907635474
 20
54.56902616159783
 30
0.0
 10
21.91174907635474
 20
54.59321066337084
 30
0.0
 10
21.91174907635474
 20
54.61366519349683
 30
0.0
 10
21.91174907635474
 20
54.62388783859482
 30
0.0
  0
SPLINE
  5
D6
330
1F
100
AcDbEntity
  8
0
100
AcDbSpline
210
0.0
220
0.0
230
1.0
 70
     8
 71
     3
 72
    17
 73
    13
 74
     0
 42
1E-08
 43
1E-08
 40
0.0
 40
0.0
 40
0.0
 40
0.0
 40
0.08182754542477633
 40
0.1647603994444729
 40
0.2494039274094666
 40
0.3748022801880828
 40
0.4990999405785768
 40
0.7484164062230078
 40
0.8135322431412861
 40
0.8746873349871076
 40
0.9390307585862011
 40
1.0
 40
1.0
 40
1.0
 40
1.0
 10
94.81174907635473
 20
54.55692844827582
 30
0.0
 10
94.81174907635473
 20
54.55763014090252
 30
0.0
 10
94.81174907635473
 20
54.5590430044665
 30
0.0
 10
94.81174907635473
 20
54.57037802766322
 30
0.0
 10
94.81174907635473
 20
54.59113474376338
 30
0.0
 10
94.81174907635474
 20
54.62573458536311
 30
0.0
 10
94.81174907635473
 20
54.69625192758092
 30
0.0
 10
94.81174907635474
 20
54.78331304979567
 30
0.0
 10
94.81174907635473
 20
54.88101026164575
 30
0.0
 10
94.81174907635473
 20
54.93604622256334
 30
0.0
 10
94.81174907635473
 20
54.99476622069715
 30
0.0
 10
94.81174907635473
 20
55.03658302701208
 30
0.0
 10
94.81174907635474
 20
55.05692844827581
 30
0.0
  0
LINE
  5
D7
330
1F
100
AcDbEntity
  8
0
100
AcDbLine
 10
94.81174907635473
 20
55.05692844827582
 30
0.0
 11
98.06174907635473
 21
55.05692844827582
 31
0.0
  0
SPLINE
  5
D8
330
1F
100
AcDbEntity
  8
0
100
AcDbSpline
210
0.0
220
0.0
230
1.0
 70
     8
 71
     3
 72
    13
 73
     9
 74
     0
 42
1E-08
 43
1E-08
 40
0.0
 40
0.0
 40
0.0
 40
0.0
 40
2.652841163701282E-05
 40
0.2196381216270407
 40
0.4999821181157952
 40
0.7500048048023638
 40
0.8824908246720315
 40
1.0
 40
1.0
 40
1.0
 40
1.0
 10
98.31174907635473
 20
54.62391571468694
 30
0.0
 10
98.31174907635473
 20
54.62391571519642
 30
0.0
 10
98.31174907634691
 20
54.62391993334743
 30
0.0
 10
98.31174907635945
 20
54.6166214263943
 30
0.0
 10
98.31174907635348
 20
54.59396762323104
 30
0.0
 10
98.31174907635489
 20
54.57032774309899
 30
0.0
 10
98.3117490763547
 20
54.55884748154821
 30
0.0
 10
98.31174907635473
 20
54.55754205735192
 30
0.0
 10
98.31174907635474
 20
54.55692844827581
 30
0.0
  0
SPLINE
  5
D9
330
1F
100
AcDbEntity
  8
0
100
AcDbSpline
210
0.0
220
0.0
230
1.0
 70
     8
 71
     3
 72
    17
 73
    13
 74
     0
 42
1E-08
 43
1E-08
 40
0.0
 40
0.0
 40
0.0
 40
0.0
 40
0.04601734811312645
 40
0.09299437193871905
 40
0.1421545582762647
 40
0.194568733716315
 40
0.2511231885935717
 40
0.3686768310588671
 40
0.5010538568302273
 40
0.6690985540166767
 40
0.8338084304786861
 40
1.0
 40
1.0
 40
1.0
 40
1.0
 10
82.41174907635474
 20
55.05692844827581
 30
0.0
 10
82.41174907635475
 20
55.04158373881457
 30
0.0
 10
82.41174907635475
 20
55.01057431133905
 30
0.0
 10
82.41174907635474
 20
54.96465158915142
 30
0.0
 10
82.41174907635474
 20
54.91930680377686
 30
0.0
 10
82.41174907635475
 20
54.87456719730189
 30
0.0
 10
82.41174907635474
 20
54.81577129005626
 30
0.0
 10
82.41174907635474
 20
54.7470958858071
 30
0.0
 10
82.41174907635475
 20
54.67229687680186
 30
0.0
 10
82.41174907635474
 20
54.60831366717226
 30
0.0
 10
82.41174907635474
 20
54.56471555207692
 30
0.0
 10
82.41174907635474
 20
54.55953188659091
 30
0.0
 10
82.41174907635474
 20
54.55692844827582
 30
0.0
  0
SPLINE
  5
DA
330
1F
100
AcDbEntity
  8
0
100
AcDbSpline
210
0.0
220
0.0
230
1.0
 70
     8
 71
     3
 72
     9
 73
     5
 74
     0
 42
1E-08
 43
1E-08
 40
0.0
 40
0.0
 40
0.0
 40
0.0
 40
0.5002258651252495
 40
1.0
 40
1.0
 40
1.0
 40
1.0
 10
78.91174907635474
 20
54.55692844827582
 30
0.0
 10
78.91174907635475
 20
54.56902616159788
 30
0.0
 10
78.91174907635474
 20
54.59321066337097
 30
0.0
 10
78.91174907635474
 20
54.61366519349686
 30
0.0
 10
78.91174907635475
 20
54.62388783859478
 30
0.0
  0
SPLINE
  5
DB
330
1F
100
AcDbEntity
  8
0
100
AcDbSpline
210
0.0
220
0.0
230
1.0
 70
     8
 71
     3
 72
    17
 73
    13
 74
     0
 42
1E-08
 43
1E-08
 40
0.0
 40
0.0
 40
0.0
 40
0.0
 40
0.0818275454248457
 40
0.1647603994445422
 40
0.2494039274094743
 40
0.3748022801879602
 40
0.4990999405785743
 40
0.748416406223003
 40
0.8135322431411304
 40
0.8746873349870944
 40
0.9390307585861872
 40
1.0
 40
1.0
 40
1.0
 40
1.0
 10
37.81174907635474
 20
54.55692844827581
 30
0.0
 10
37.81174907635474
 20
54.5576301409025
 30
0.0
 10
37.81174907635474
 20
54.55904300446649
 30
0.0
 10
37.81174907635474
 20
54.57037802766322
 30
0.0
 10
37.81174907635474
 20
54.59113474376333
 30
0.0
 10
37.81174907635474
 20
54.62573458536319
 30
0.0
 10
37.81174907635474
 20
54.69625192758081
 30
0.0
 10
37.81174907635474
 20
54.78331304979567
 30
0.0
 10
37.81174907635474
 20
54.88101026164569
 30
0.0
 10
37.81174907635474
 20
54.93604622256327
 30
0.0
 10
37.81174907635474
 20
54.99476622069715
 30
0.0
 10
37.81174907635474
 20
55.03658302701208
 30
0.0
 10
37.81174907635474
 20
55.05692844827582
 30
0.0
  0
LINE
  5
DC
330
1F
100
AcDbEntity
  8
0
100
AcDbLine
 10
37.81174907635474
 20
55.05692844827582
 30
0.0
 11
41.06174907635474
 21
55.05692844827582
 31
0.0
  0
SPLINE
  5
DD
330
1F
100
AcDbEntity
  8
0
100
AcDbSpline
210
0.0
220
0.0
230
1.0
 70
     8
 71
     3
 72
    13
 73
     9
 74
     0
 42
1E-08
 43
1E-08
 40
0.0
 40
0.0
 40
0.0
 40
0.0
 40
2.580782392843516E-05
 40
0.2196362528653716
 40
0.4999783774510254
 40
0.7500003970654592
 40
0.8824878248409009
 40
1.0
 40
1.0
 40
1.0
 40
1.0
 10
41.31174907635474
 20
54.62391571482384
 30
0.0
 10
41.31174907635474
 20
54.62391571531964
 30
0.0
 10
41.3117490763571
 20
54.6239199348082
 30
0.0
 10
41.31174907635332
 20
54.61662149669485
 30
0.0
 10
41.31174907635511
 20
54.59396770205347
 30
0.0
 10
41.31174907635469
 20
54.57032773650351
 30
0.0
 10
41.31174907635474
 20
54.55884751422109
 30
0.0
 10
41.31174907635474
 20
54.5575420710954
 30
0.0
 10
41.31174907635474
 20
54.55692844827582
 30
0.0
  0
LINE
  5
DE
330
1F
100
AcDbEntity
  8
0
100
AcDbLine
 10
30.16174907635474
 20
55.05692844827582
 30
0.0
 11
26.91174907635473
 21
55.05692844827582
 31
0.0
  0
LINE
  5
DF
330
1F
100
AcDbEntity
  8
0
100
AcDbLine
 10
30.41174907635474
 20
54.6239157463836
 30
0.0
 11
26.91174907635473
 21
54.6239157463836
 31
0.0
  0
SPLINE
  5
E0
330
1F
100
AcDbEntity
  8
0
100
AcDbSpline
210
0.0
220
0.0
230
1.0
 70
     8
 71
     3
 72
    13
 73
     9
 74
     0
 42
1E-08
 43
1E-08
 40
0.0
 40
0.0
 40
0.0
 40
0.0
 40
0.1735815993296239
 40
0.3388602708055534
 40
0.4981676391478876
 40
0.6879749798118353
 40
0.850627890136928
 40
1.0
 40
1.0
 40
1.0
 40
1.0
 10
26.91174907635473
 20
54.6239157463836
 30
0.0
 10
26.91174907635474
 20
54.63806216028471
 30
0.0
 10
26.91174907635474
 20
54.66567832273493
 30
0.0
 10
26.91174907635473
 20
54.71969059168107
 30
0.0
 10
26.91174907635475
 20
54.78601611304163
 30
0.0
 10
26.91174907635472
 20
54.86452958766106
 30
0.0
 10
26.91174907635475
 20
54.95845463527156
 30
0.0
 10
26.91174907635473
 20
55.02504866347292
 30
0.0
 10
26.91174907635473
 20
55.05692844827582
 30
0.0
  0
LINE
  5
E1
330
1F
100
AcDbEntity
  8
0
100
AcDbLine
 10
87.16174907635474
 20
55.05692844827582
 30
0.0
 11
83.91174907635474
 21
55.05692844827582
 31
0.0
  0
LINE
  5
E2
330
1F
100
AcDbEntity
  8
0
100
AcDbLine
 10
87.41174907635474
 20
54.6239157463836
 30
0.0
 11
83.91174907635474
 21
54.6239157463836
 31
0.0
  0
SPLINE
  5
E3
330
1F
100
AcDbEntity
  8
0
100
AcDbSpline
210
0.0
220
0.0
230
1.0
 70
     8
 71
     3
 72
    13
 73
     9
 74
     0
 42
1E-08
 43
1E-08
 40
0.0
 40
0.0
 40
0.0
 40
0.0
 40
0.1735815993296249
 40
0.3388602708055541
 40
0.4981676391478881
 40
0.6879749798118356
 40
0.8506278901369281
 40
1.0
 40
1.0
 40
1.0
 40
1.0
 10
83.91174907635474
 20
54.62391574638358
 30
0.0
 10
83.91174907635474
 20
54.6380621602847
 30
0.0
 10
83.91174907635474
 20
54.66567832273493
 30
0.0
 10
83.91174907635475
 20
54.71969059168107
 30
0.0
 10
83.91174907635474
 20
54.7860161130416
 30
0.0
 10
83.91174907635475
 20
54.86452958766109
 30
0.0
 10
83.91174907635474
 20
54.95845463527154
 30
0.0
 10
83.91174907635474
 20
55.02504866347293
 30
0.0
 10
83.91174907635474
 20
55.05692844827582
 30
0.0
  0
LINE
  5
E4
330
1F
100
AcDbEntity
  8
0
100
AcDbLine
 10
83.91174907635474
 20
54.55692844827583
 30
0.0
 11
83.91174907635474
 21
54.6239157463836
 31
0.0
  0
LINE
  5
E5
330
1F
100
AcDbEntity
  8
0
100
AcDbLine
 10
87.41174907635474
 20
54.55692844827583
 30
0.0
 11
87.41174907635474
 21
54.6239157463836
 31
0.0
  0
LINE
  5
E6
330
1F
100
AcDbEntity
  8
0
100
AcDbLine
 10
26.91174907635473
 20
54.55692844827583
 30
0.0
 11
26.91174907635473
 21
54.6239157463836
 31
0.0
  0
LINE
  5
E7
330
1F
100
AcDbEntity
  8
0
100
AcDbLine
 10
30.41174907635474
 20
54.55692844827583
 30
0.0
 11
30.41174907635474
 21
54.6239157463836
 31
0.0
  0
LINE
  5
E8
330
1F
100
AcDbEntity
  8
0
100
AcDbLine
 10
86.66174907635474
 20
57.55692844827582
 30
0.0
 11
84.41174907635474
 21
57.55692844827582
 31
0.0
  0
LINE
  5
E9
330
1F
100
AcDbEntity
  8
0
100
AcDbLine
 10
87.16174907635474
 20
57.05692844827582
 30
0.0
 11
83.91174907635474
 21
57.05692844827582
 31
0.0
  0
SPLINE
  5
EA
330
1F
100
AcDbEntity
  8
0
100
AcDbSpline
210
0.0
220
0.0
230
1.0
 70
     8
 71
     3
 72
    16
 73
    12
 74
     0
 42
1E-08
 43
1E-08
 40
0.0
 40
0.0
 40
0.0
 40
0.0
 40
0.08063941714250211
 40
0.1622392895275576
 40
0.2449035695421281
 40
0.3287322483199649
 40
0.4138212105525249
 40
0.500262145570319
 40
0.6471710916252532
 40
0.8136802901091513
 40
0.9999999999999999
 40
0.9999999999999999
 40
0.9999999999999999
 40
0.9999999999999999
 10
83.91174907635474
 20
57.05692844827582
 30
0.0
 10
83.91255780493934
 20
57.07850686730908
 30
0.0
 10
83.91418489446498
 20
57.12192071499224
 30
0.0
 10
83.92737554959281
 20
57.18626620843234
 30
0.0
 10
83.94850379923463
 20
57.24903873696141
 30
0.0
 10
83.97823734277956
 20
57.30905930590639
 30
0.0
 10
84.01608344113664
 20
57.36511833824962
 30
0.0
 10
84.07198179281436
 20
57.42771172421767
 30
0.0
 10
84.1550832400732
 20
57.49147397761173
 30
0.0
 10
84.27417802184416
 20
57.54567676424272
 30
0.0
 10
84.36420708496794
 20
57.55304007606487
 30
0.0
 10
84.41174907635474
 20
57.55692844827581
 30
0.0
  0
LINE
  5
EB
330
1F
100
AcDbEntity
  8
0
100
AcDbLine
 10
40.56174907635474
 20
57.55692844827582
 30
0.0
 11
38.31174907635474
 21
57.55692844827582
 31
0.0
  0
LINE
  5
EC
330
1F
100
AcDbEntity
  8
0
100
AcDbLine
 10
41.06174907635474
 20
57.05692844827582
 30
0.0
 11
37.81174907635474
 21
57.05692844827582
 31
0.0
  0
SPLINE
  5
ED
330
1F
100
AcDbEntity
  8
0
100
AcDbSpline
210
0.0
220
0.0
230
1.0
 70
     8
 71
     3
 72
    16
 73
    12
 74
     0
 42
1E-08
 43
1E-08
 40
0.0
 40
0.0
 40
0.0
 40
0.0
 40
0.08063941714250934
 40
0.1622392895275558
 40
0.2449035695421248
 40
0.3287322483199659
 40
0.4138212105525173
 40
0.50026214557031
 40
0.6471710916268172
 40
0.8136802901107133
 40
1.0
 40
1.0
 40
1.0
 40
1.0
 10
37.81174907635474
 20
57.05692844827582
 30
0.0
 10
37.81255780493933
 20
57.07850686730907
 30
0.0
 10
37.81418489446497
 20
57.12192071499224
 30
0.0
 10
37.82737554959282
 20
57.18626620843234
 30
0.0
 10
37.84850379923461
 20
57.2490387369614
 30
0.0
 10
37.87823734277959
 20
57.30905930590639
 30
0.0
 10
37.91608344113666
 20
57.36511833824958
 30
0.0
 10
37.97198179281464
 20
57.42771172421801
 30
0.0
 10
38.05508324007393
 20
57.49147397761218
 30
0.0
 10
38.17417802184503
 20
57.54567676424288
 30
0.0
 10
38.26420708496836
 20
57.55304007606496
 30
0.0
 10
38.31174907635474
 20
57.55692844827582
 30
0.0
  0
LINE
  5
EE
330
1F
100
AcDbEntity
  8
0
100
AcDbLine
 10
97.56174907635473
 20
57.55692844827582
 30
0.0
 11
95.31174907635473
 21
57.55692844827582
 31
0.0
  0
LINE
  5
EF
330
1F
100
AcDbEntity
  8
0
100
AcDbLine
 10
98.06174907635473
 20
57.05692844827582
 30
0.0
 11
94.81174907635473
 21
57.05692844827582
 31
0.0
  0
SPLINE
  5
F0
330
1F
100
AcDbEntity
  8
0
100
AcDbSpline
210
0.0
220
0.0
230
1.0
 70
     8
 71
     3
 72
    16
 73
    12
 74
     0
 42
1E-08
 43
1E-08
 40
0.0
 40
0.0
 40
0.0
 40
0.0
 40
0.08063941714030327
 40
0.1622392895240301
 40
0.2449035695381659
 40
0.3287322483164538
 40
0.4138212105503209
 40
0.5002621455702989
 40
0.6471710916213851
 40
0.8136802901052872
 40
1.0
 40
1.0
 40
1.0
 40
1.0
 10
94.81174907635474
 20
57.05692844827581
 30
0.0
 10
94.81255780493929
 20
57.07850686730848
 30
0.0
 10
94.81418489446486
 20
57.12192071499069
 30
0.0
 10
94.82737554959216
 20
57.18626620842983
 30
0.0
 10
94.8485037992335
 20
57.24903873695865
 30
0.0
 10
94.87823734277823
 20
57.30905930590414
 30
0.0
 10
94.91608344113564
 20
57.36511833824841
 30
0.0
 10
94.97198179281324
 20
57.42771172421661
 30
0.0
 10
95.05508324007161
 20
57.49147397761063
 30
0.0
 10
95.17417802184222
 20
57.54567676424235
 30
0.0
 10
95.26420708496697
 20
57.55304007606473
 30
0.0
 10
95.31174907635473
 20
57.55692844827582
 30
0.0
  0
LINE
  5
F1
330
1F
100
AcDbEntity
  8
0
100
AcDbLine
 10
29.66174907635473
 20
57.55692844827582
 30
0.0
 11
27.41174907635473
 21
57.55692844827582
 31
0.0
  0
LINE
  5
F2
330
1F
100
AcDbEntity
  8
0
100
AcDbLine
 10
30.16174907635474
 20
57.05692844827582
 30
0.0
 11
26.91174907635473
 21
57.05692844827582
 31
0.0
  0
SPLINE
  5
F3
330
1F
100
AcDbEntity
  8
0
100
AcDbSpline
210
0.0
220
0.0
230
1.0
 70
     8
 71
     3
 72
    16
 73
    12
 74
     0
 42
1E-08
 43
1E-08
 40
0.0
 40
0.0
 40
0.0
 40
0.0
 40
0.08063941714029485
 40
0.1622392895240219
 40
0.244903569538147
 40
0.3287322483164351
 40
0.4138212105503071
 40
0.5002621455702762
 40
0.6471710916213587
 40
0.8136802901052683
 40
1.0
 40
1.0
 40
1.0
 40
1.0
 10
26.91174907635473
 20
57.05692844827582
 30
0.0
 10
26.91255780493929
 20
57.07850686730848
 30
0.0
 10
26.91418489446484
 20
57.12192071499069
 30
0.0
 10
26.92737554959216
 20
57.18626620842979
 30
0.0
 10
26.94850379923347
 20
57.24903873695865
 30
0.0
 10
26.97823734277824
 20
57.30905930590413
 30
0.0
 10
27.01608344113562
 20
57.36511833824839
 30
0.0
 10
27.07198179281324
 20
57.42771172421661
 30
0.0
 10
27.15508324007159
 20
57.49147397761062
 30
0.0
 10
27.27417802184222
 20
57.54567676424234
 30
0.0
 10
27.36420708496696
 20
57.55304007606472
 30
0.0
 10
27.41174907635473
 20
57.55692844827582
 30
0.0
  0
LINE
  5
F4
330
1F
100
AcDbEntity
  8
0
100
AcDbLine
 10
82.41174907635474
 20
55.05692844827582
 30
0.0
 11
82.41174907635474
 21
57.05692844827582
 31
0.0
  0
LINE
  5
F5
330
1F
100
AcDbEntity
  8
0
100
AcDbLine
 10
81.91174907635474
 20
57.55692844827582
 30
0.0
 11
79.66174907635474
 21
57.55692844827582
 31
0.0
  0
SPLINE
  5
F6
330
1F
100
AcDbEntity
  8
0
100
AcDbSpline
210
0.0
220
0.0
230
1.0
 70
     8
 71
     3
 72
    19
 73
    15
 74
     0
 42
1E-08
 43
1E-08
 40
0.0
 40
0.0
 40
0.0
 40
0.0
 40
0.08320309665010787
 40
0.1662043348702812
 40
0.2491119030068904
 40
0.3320212984580021
 40
0.4150099372446737
 40
0.4981334600883743
 40
0.5814239432385769
 40
0.6648900093453806
 40
0.7485186533646631
 40
0.8322784687132532
 40
0.916123884406001
 40
1.0
 40
1.0
 40
1.0
 40
1.0
 10
82.41174907635474
 20
57.05692844827582
 30
0.0
 10
82.41088703080669
 20
57.07921660963341
 30
0.0
 10
82.40916503111306
 20
57.12373885920182
 30
0.0
 10
82.39535029969929
 20
57.18918828665848
 30
0.0
 10
82.37368375333331
 20
57.25204904855269
 30
0.0
 10
82.34383772810331
 20
57.31124670134542
 30
0.0
 10
82.3066510858955
 20
57.36579344778765
 30
0.0
 10
82.26280658454479
 20
57.4148016182386
 30
0.0
 10
82.21316156315874
 20
57.457502267239
 30
0.0
 10
82.15863411545988
 20
57.49323222115985
 30
0.0
 10
82.10020529501476
 20
57.52152676819988
 30
0.0
 10
82.03889539899669
 20
57.54180488503015
 30
0.0
 10
81.97572296784527
 20
57.55456674095248
 30
0.0
 10
81.93307630887929
 20
57.55614111644301
 30
0.0
 10
81.91174907635474
 20
57.55692844827582
 30
0.0
  0
LINE
  5
F7
330
1F
100
AcDbEntity
  8
0
100
AcDbLine
 10
83.91174907635474
 20
55.05692844827582
 30
0.0
 11
83.91174907635474
 21
57.05692844827582
 31
0.0
  0
LINE
  5
F8
330
1F
100
AcDbEntity
  8
0
100
AcDbLine
 10
87.16174907635474
 20
55.05692844827582
 30
0.0
 11
87.16174907635474
 21
57.05692844827582
 31
0.0
  0
LINE
  5
F9
330
1F
100
AcDbEntity
  8
0
100
AcDbLine
 10
24.91174907635474
 20
57.55692844827582
 30
0.0
 11
22.66174907635474
 21
57.55692844827582
 31
0.0
  0
SPLINE
  5
FA
330
1F
100
AcDbEntity
  8
0
100
AcDbSpline
210
0.0
220
0.0
230
1.0
 70
     8
 71
     3
 72
    19
 73
    15
 74
     0
 42
1E-08
 43
1E-08
 40
0.0
 40
0.0
 40
0.0
 40
0.0
 40
0.08320309664988342
 40
0.1662043348698661
 40
0.2491119030063271
 40
0.332021298457333
 40
0.4150099372439536
 40
0.4981334600876303
 40
0.5814239432378602
 40
0.6648900093447266
 40
0.7485186533641108
 40
0.8322784687128493
 40
0.9161238844057789
 40
1.0
 40
1.0
 40
1.0
 40
1.0
 10
25.41174907635474
 20
57.05692844827582
 30
0.0
 10
25.41088703080669
 20
57.07921660963334
 30
0.0
 10
25.40916503111308
 20
57.12373885920164
 30
0.0
 10
25.39535029969936
 20
57.18918828665817
 30
0.0
 10
25.37368375333347
 20
57.25204904855227
 30
0.0
 10
25.34383772810354
 20
57.31124670134496
 30
0.0
 10
25.30665108589579
 20
57.36579344778721
 30
0.0
 10
25.26280658454516
 20
57.41480161823815
 30
0.0
 10
25.21316156315912
 20
57.45750226723868
 30
0.0
 10
25.15863411546026
 20
57.49323222115959
 30
0.0
 10
25.10020529501512
 20
57.5215267681997
 30
0.0
 10
25.03889539899692
 20
57.5418048850301
 30
0.0
 10
24.97572296784542
 20
57.55456674095247
 30
0.0
 10
24.93307630887935
 20
57.55614111644299
 30
0.0
 10
24.91174907635474
 20
57.55692844827581
 30
0.0
  0
LINE
  5
FB
330
1F
100
AcDbEntity
  8
0
100
AcDbLine
 10
98.06174907635473
 20
55.05692844827582
 30
0.0
 11
98.06174907635473
 21
57.05692844827582
 31
0.0
  0
LINE
  5
FC
330
1F
100
AcDbEntity
  8
0
100
AcDbLine
 10
94.81174907635473
 20
55.05692844827582
 30
0.0
 11
94.81174907635473
 21
57.05692844827582
 31
0.0
  0
LINE
  5
FD
330
1F
100
AcDbEntity
  8
0
100
AcDbLine
 10
25.41174907635474
 20
55.05692844827582
 30
0.0
 11
25.41174907635474
 21
57.05692844827582
 31
0.0
  0
LINE
  5
FE
330
1F
100
AcDbEntity
  8
0
100
AcDbLine
 10
26.91174907635473
 20
55.05692844827582
 30
0.0
 11
26.91174907635473
 21
57.05692844827582
 31
0.0
  0
LINE
  5
FF
330
1F
100
AcDbEntity
  8
0
100
AcDbLine
 10
30.16174907635474
 20
55.05692844827582
 30
0.0
 11
30.16174907635474
 21
57.05692844827582
 31
0.0
  0
LINE
  5
100
330
1F
100
AcDbEntity
  8
0
100
AcDbLine
 10
41.06174907635474
 20
55.05692844827582
 30
0.0
 11
41.06174907635474
 21
57.05692844827582
 31
0.0
  0
LINE
  5
101
330
1F
100
AcDbEntity
  8
0
100
AcDbLine
 10
37.81174907635474
 20
55.05692844827582
 30
0.0
 11
37.81174907635474
 21
57.05692844827582
 31
0.0
  0
LINE
  5
102
330
1F
100
AcDbEntity
  8
0
100
AcDbLine
 10
85.41174907635474
 20
69.05692844827583
 30
0.0
 11
84.41174907635474
 21
69.05692844827583
 31
0.0
  0
LINE
  5
103
330
1F
100
AcDbEntity
  8
0
100
AcDbLine
 10
85.41174907635474
 20
69.05692844827583
 30
0.0
 11
85.41174907635474
 21
57.55692844827582
 31
0.0
  0
LINE
  5
104
330
1F
100
AcDbEntity
  8
0
100
AcDbLine
 10
79.91174907635474
 20
69.05692844827583
 30
0.0
 11
80.91174907635474
 21
69.05692844827583
 31
0.0
  0
LINE
  5
105
330
1F
100
AcDbEntity
  8
0
100
AcDbLine
 10
80.91174907635474
 20
57.55692844827582
 30
0.0
 11
80.91174907635474
 21
69.05692844827583
 31
0.0
  0
LINE
  5
106
330
1F
100
AcDbEntity
  8
0
100
AcDbLine
 10
80.91174907635474
 20
69.05692844827583
 30
0.0
 11
81.91174907635474
 21
69.05692844827583
 31
0.0
  0
LINE
  5
107
330
1F
100
AcDbEntity
  8
0
100
AcDbLine
 10
27.41174907635473
 20
69.05692844827583
 30
0.0
 11
28.41174907635473
 21
69.05692844827583
 31
0.0
  0
LINE
  5
108
330
1F
100
AcDbEntity
  8
0
100
AcDbLine
 10
28.41174907635473
 20
57.55692844827582
 30
0.0
 11
28.41174907635473
 21
69.05692844827583
 31
0.0
  0
LINE
  5
109
330
1F
100
AcDbEntity
  8
0
100
AcDbLine
 10
39.31174907635474
 20
69.05692844827583
 30
0.0
 11
38.31174907635474
 21
69.05692844827583
 31
0.0
  0
LINE
  5
10A
330
1F
100
AcDbEntity
  8
0
100
AcDbLine
 10
39.31174907635474
 20
69.05692844827583
 30
0.0
 11
39.31174907635474
 21
57.55692844827582
 31
0.0
  0
LINE
  5
10B
330
1F
100
AcDbEntity
  8
0
100
AcDbLine
 10
28.41174907635473
 20
69.05692844827583
 30
0.0
 11
29.41174907635473
 21
69.05692844827583
 31
0.0
  0
LINE
  5
10C
330
1F
100
AcDbEntity
  8
0
100
AcDbLine
 10
40.31174907635474
 20
69.05692844827583
 30
0.0
 11
39.31174907635474
 21
69.05692844827583
 31
0.0
  0
LINE
  5
10D
330
1F
100
AcDbEntity
  8
0
100
AcDbLine
 10
96.31174907635473
 20
57.55692844827582
 30
0.0
 11
96.31174907635473
 21
69.05692844827583
 31
0.0
  0
LINE
  5
10E
330
1F
100
AcDbEntity
  8
0
100
AcDbLine
 10
96.31174907635473
 20
69.05692844827583
 30
0.0
 11
97.31174907635473
 21
69.05692844827583
 31
0.0
  0
LINE
  5
10F
330
1F
100
AcDbEntity
  8
0
100
AcDbLine
 10
86.41174907635474
 20
69.05692844827583
 30
0.0
 11
85.41174907635474
 21
69.05692844827583
 31
0.0
  0
LINE
  5
110
330
1F
100
AcDbEntity
  8
0
100
AcDbLine
 10
23.91174907635474
 20
69.05692844827583
 30
0.0
 11
23.91174907635474
 21
57.55692844827582
 31
0.0
  0
LINE
  5
111
330
1F
100
AcDbEntity
  8
0
100
AcDbLine
 10
24.91174907635474
 20
69.05692844827583
 30
0.0
 11
23.91174907635474
 21
69.05692844827583
 31
0.0
  0
LINE
  5
112
330
1F
100
AcDbEntity
  8
0
100
AcDbLine
 10
23.91174907635474
 20
69.05692844827583
 30
0.0
 11
22.91174907635474
 21
69.05692844827583
 31
0.0
  0
LINE
  5
113
330
1F
100
AcDbEntity
  8
0
100
AcDbLine
 10
95.31174907635473
 20
69.05692844827583
 30
0.0
 11
96.31174907635473
 21
69.05692844827583
 31
0.0
  0
LINE
  5
114
330
1F
100
AcDbEntity
  8
0
100
AcDbLine
 10
21.41174907635473
 20
49.55692844827581
 30
0.0
 11
21.41174907635473
 21
54.55692844827582
 31
0.0
  0
LINE
  5
115
330
1F
100
AcDbEntity
  8
0
100
AcDbLine
 10
21.41174907635473
 20
54.55692844827582
 30
0.0
 11
21.91174907635474
 21
54.55692844827582
 31
0.0
  0
LINE
  5
116
330
1F
100
AcDbEntity
  8
0
100
AcDbLine
 10
21.41174907635473
 20
49.55692844827581
 30
0.0
 11
21.91174907635474
 21
49.55692844827581
 31
0.0
  0
LINE
  5
117
330
1F
100
AcDbEntity
  8
0
100
AcDbLine
 10
98.81174907635473
 20
49.55692844827581
 30
0.0
 11
98.81174907635473
 21
54.55692844827582
 31
0.0
  0
LINE
  5
118
330
1F
100
AcDbEntity
  8
0
100
AcDbLine
 10
98.31174907635473
 20
54.55692844827582
 30
0.0
 11
98.81174907635473
 21
54.55692844827582
 31
0.0
  0
LINE
  5
119
330
1F
100
AcDbEntity
  8
0
100
AcDbLine
 10
98.31174907635473
 20
49.55692844827581
 30
0.0
 11
98.81174907635473
 21
49.55692844827581
 31
0.0
  0
LINE
  5
11A
330
1F
100
AcDbEntity
  8
0
100
AcDbLine
 10
15.11174907635474
 20
49.55692844827581
 30
0.0
 11
15.11174907635474
 21
54.55692844827582
 31
0.0
  0
LINE
  5
11B
330
1F
100
AcDbEntity
  8
0
100
AcDbLine
 10
15.11174907635474
 20
54.55692844827582
 30
0.0
 11
21.41174907635473
 21
54.55692844827582
 31
0.0
  0
LINE
  5
11C
330
1F
100
AcDbEntity
  8
0
100
AcDbLine
 10
15.11174907635474
 20
49.55692844827581
 30
0.0
 11
21.41174907635473
 21
49.55692844827581
 31
0.0
  0
LINE
  5
11D
330
1F
100
AcDbEntity
  8
0
100
AcDbLine
 10
105.3117490763547
 20
49.55692844827581
 30
0.0
 11
105.3117490763547
 21
54.55692844827582
 31
0.0
  0
LINE
  5
11E
330
1F
100
AcDbEntity
  8
0
100
AcDbLine
 10
104.8117490763547
 20
49.55692844827581
 30
0.0
 11
104.8117490763547
 21
54.55692844827582
 31
0.0
  0
LINE
  5
11F
330
1F
100
AcDbEntity
  8
0
100
AcDbLine
 10
104.8117490763547
 20
54.55692844827582
 30
0.0
 11
105.3117490763547
 21
54.55692844827582
 31
0.0
  0
LINE
  5
120
330
1F
100
AcDbEntity
  8
0
100
AcDbLine
 10
104.8117490763547
 20
49.55692844827581
 30
0.0
 11
105.3117490763547
 21
49.55692844827581
 31
0.0
  0
LINE
  5
121
330
1F
100
AcDbEntity
  8
0
100
AcDbLine
 10
14.61174907635474
 20
49.55692844827581
 30
0.0
 11
14.61174907635474
 21
54.55692844827582
 31
0.0
  0
LINE
  5
122
330
1F
100
AcDbEntity
  8
0
100
AcDbLine
 10
14.61174907635474
 20
54.55692844827582
 30
0.0
 11
15.11174907635474
 21
54.55692844827582
 31
0.0
  0
LINE
  5
123
330
1F
100
AcDbEntity
  8
0
100
AcDbLine
 10
14.61174907635474
 20
49.55692844827581
 30
0.0
 11
15.11174907635474
 21
49.55692844827581
 31
0.0
  0
LINE
  5
124
330
1F
100
AcDbEntity
  8
0
100
AcDbLine
 10
98.81174907635473
 20
54.55692844827582
 30
0.0
 11
104.8117490763547
 21
54.55692844827582
 31
0.0
  0
LINE
  5
125
330
1F
100
AcDbEntity
  8
0
100
AcDbLine
 10
98.81174907635473
 20
49.55692844827581
 30
0.0
 11
104.8117490763547
 21
49.55692844827581
 31
0.0
  0
LINE
  5
126
330
1F
100
AcDbEntity
  8
0
100
AcDbLine
 10
30.41174907635474
 20
105.3569284482758
 30
0.0
 11
30.41174907635474
 21
115.3569284482758
 31
0.0
  0
LINE
  5
127
330
1F
100
AcDbEntity
  8
0
100
AcDbLine
 10
26.41174907635474
 20
105.3569284482758
 30
0.0
 11
30.41174907635474
 21
105.3569284482758
 31
0.0
  0
LINE
  5
128
330
1F
100
AcDbEntity
  8
0
100
AcDbLine
 10
26.41174907635474
 20
105.3569284482758
 30
0.0
 11
26.41174907635474
 21
115.3569284482758
 31
0.0
  0
SPLINE
  5
129
330
1F
100
AcDbEntity
  8
0
100
AcDbSpline
210
0.0
220
0.0
230
1.0
 70
     8
 71
     3
 72
    17
 73
    13
 74
     0
 42
1E-08
 43
1E-08
 40
0.0
 40
0.0
 40
0.0
 40
0.0
 40
0.05783760440270563
 40
0.1188159811322983
 40
0.1831953818990268
 40
0.2511970086415651
 40
0.3697241437085546
 40
0.5016973419511863
 40
0.6178681210375541
 40
0.750626663601082
 40
0.8541580625238867
 40
0.9999999999999999
 40
0.9999999999999999
 40
0.9999999999999999
 40
0.9999999999999999
 10
26.91174907635473
 20
115.8569284482758
 30
0.0
 10
26.89237004116132
 20
115.8562540061462
 30
0.0
 10
26.85255962536554
 20
115.854868497459
 30
0.0
 10
26.79568458220701
 20
115.844299117554
 30
0.0
 10
26.73972469215369
 20
115.8276389930091
 30
0.0
 10
26.673269953984
 20
115.7988318478762
 30
0.0
 10
26.59975998005892
 20
115.7518025976185
 30
0.0
 10
26.53166090115914
 20
115.6862521773811
 30
0.0
 10
26.47720844590127
 20
115.6096802129168
 30
0.0
 10
26.44173313676648
 20
115.5337360563698
 30
0.0
 10
26.41691082636243
 20
115.4476139460064
 30
0.0
 10
26.4136538600806
 20
115.390393118202
 30
0.0
 10
26.41174907635474
 20
115.3569284482758
 30
0.0
  0
LINE
  5
12A
330
1F
100
AcDbEntity
  8
0
100
AcDbLine
 10
29.91174907635474
 20
115.8569284482758
 30
0.0
 11
26.91174907635474
 21
115.8569284482758
 31
0.0
  0
SPLINE
  5
12B
330
1F
100
AcDbEntity
  8
0
100
AcDbSpline
210
0.0
220
0.0
230
1.0
 70
     8
 71
     3
 72
    16
 73
    12
 74
     0
 42
1E-08
 43
1E-08
 40
0.0
 40
0.0
 40
0.0
 40
0.0
 40
0.101910010061343
 40
0.1850301487105585
 40
0.2493606220153635
 40
0.3820393519873432
 40
0.4982002975589797
 40
0.6303426597038962
 40
0.7490637716252927
 40
0.8813026259743497
 40
1.0
 40
1.0
 40
1.0
 40
1.0
 10
30.41174907635474
 20
115.3569284482758
 30
0.0
 10
30.41081314058653
 20
115.3803152112277
 30
0.0
 10
30.40911383416639
 20
115.4227767537614
 30
0.0
 10
30.39732694596286
 20
115.4794144224287
 30
0.0
 10
30.37804507114268
 20
115.5421161515566
 30
0.0
 10
30.34629161561709
 20
115.6095792299992
 30
0.0
 10
30.29192583828796
 20
115.6861379964554
 30
0.0
 10
30.22381504790197
 20
115.7518856419604
 30
0.0
 10
30.13524576122177
 20
115.8079624899162
 30
0.0
 10
30.03365321853789
 20
115.8480895880241
 30
0.0
 10
29.95089514280006
 20
115.8540900983681
 30
0.0
 10
29.91174907635474
 20
115.8569284482758
 30
0.0
  0
LINE
  5
12C
330
1F
100
AcDbEntity
  8
0
100
AcDbLine
 10
83.41174907635474
 20
105.3569284482758
 30
0.0
 11
87.41174907635474
 21
105.3569284482758
 31
0.0
  0
LINE
  5
12D
330
1F
100
AcDbEntity
  8
0
100
AcDbLine
 10
83.41174907635474
 20
105.3569284482758
 30
0.0
 11
83.41174907635474
 21
115.3569284482758
 31
0.0
  0
SPLINE
  5
12E
330
1F
100
AcDbEntity
  8
0
100
AcDbSpline
210
0.0
220
0.0
230
1.0
 70
     8
 71
     3
 72
    17
 73
    13
 74
     0
 42
1E-08
 43
1E-08
 40
0.0
 40
0.0
 40
0.0
 40
0.0
 40
0.05783760440115725
 40
0.1188159811302404
 40
0.1831953818974873
 40
0.2511970086415495
 40
0.3697241437193114
 40
0.5016973419512892
 40
0.6178681210592161
 40
0.7506266636011346
 40
0.8541580624212302
 40
1.0
 40
1.0
 40
1.0
 40
1.0
 10
83.91174907635474
 20
115.8569284482758
 30
0.0
 10
83.89237004116181
 20
115.8562540061462
 30
0.0
 10
83.85255962536672
 20
115.8548684974589
 30
0.0
 10
83.79568458220859
 20
115.8442991175539
 30
0.0
 10
83.7397246921547
 20
115.8276389930089
 30
0.0
 10
83.67326995398152
 20
115.7988318478751
 30
0.0
 10
83.59975998005626
 20
115.7518025976195
 30
0.0
 10
83.53166090115366
 20
115.6862521773749
 30
0.0
 10
83.47720844589878
 20
115.6096802129106
 30
0.0
 10
83.44173313677534
 20
115.5337360563883
 30
0.0
 10
83.41691082636697
 20
115.4476139460268
 30
0.0
 10
83.41365386008312
 20
115.3903931182244
 30
0.0
 10
83.41174907635474
 20
115.3569284482758
 30
0.0
  0
LINE
  5
12F
330
1F
100
AcDbEntity
  8
0
100
AcDbLine
 10
86.91174907635474
 20
115.8569284482758
 30
0.0
 11
83.91174907635474
 21
115.8569284482758
 31
0.0
  0
SPLINE
  5
130
330
1F
100
AcDbEntity
  8
0
100
AcDbSpline
210
0.0
220
0.0
230
1.0
 70
     8
 71
     3
 72
    16
 73
    12
 74
     0
 42
1E-08
 43
1E-08
 40
0.0
 40
0.0
 40
0.0
 40
0.0
 40
0.101910009966532
 40
0.185030148615736
 40
0.2493606220153886
 40
0.3820393520419216
 40
0.4982002975588085
 40
0.6303426597045407
 40
0.7490637716251872
 40
0.8813026259701398
 40
1.0
 40
1.0
 40
1.0
 40
1.0
 10
87.41174907635474
 20
115.3569284482758
 30
0.0
 10
87.41081314058826
 20
115.3803152112076
 30
0.0
 10
87.40911383417051
 20
115.4227767537228
 30
0.0
 10
87.39732694597491
 20
115.4794144223901
 30
0.0
 10
87.37804507114841
 20
115.5421161515464
 30
0.0
 10
87.34629161561023
 20
115.6095792300081
 30
0.0
 10
87.29192583827795
 20
115.6861379964666
 30
0.0
 10
87.22381504790155
 20
115.7518856419581
 30
0.0
 10
87.13524576122259
 20
115.807962489916
 30
0.0
 10
87.03365321853924
 20
115.848089588025
 30
0.0
 10
86.95089514280144
 20
115.8540900983683
 30
0.0
 10
86.91174907635474
 20
115.8569284482758
 30
0.0
  0
LINE
  5
131
330
1F
100
AcDbEntity
  8
0
100
AcDbLine
 10
87.41174907635474
 20
105.3569284482758
 30
0.0
 11
87.41174907635474
 21
115.3569284482758
 31
0.0
  0
LINE
  5
132
330
1F
100
AcDbEntity
  8
0
100
AcDbLine
 10
76.51174907635473
 20
105.3569284482758
 30
0.0
 11
76.51174907635473
 21
111.8569284482758
 31
0.0
  0
LINE
  5
133
330
1F
100
AcDbEntity
  8
0
100
AcDbLine
 10
72.51174907635475
 20
105.3569284482758
 30
0.0
 11
76.51174907635473
 21
105.3569284482758
 31
0.0
  0
LINE
  5
134
330
1F
100
AcDbEntity
  8
0
100
AcDbLine
 10
72.51174907635475
 20
105.3569284482758
 30
0.0
 11
72.51174907635475
 21
111.8569284482758
 31
0.0
  0
SPLINE
  5
135
330
1F
100
AcDbEntity
  8
0
100
AcDbSpline
210
0.0
220
0.0
230
1.0
 70
     8
 71
     3
 72
    17
 73
    13
 74
     0
 42
1E-08
 43
1E-08
 40
0.0
 40
0.0
 40
0.0
 40
0.0
 40
0.05783760440417854
 40
0.1188159811342609
 40
0.1831953819005067
 40
0.2511970086416106
 40
0.3697241437203182
 40
0.5016973419512657
 40
0.6178681210382153
 40
0.7506266636011149
 40
0.854158062465724
 40
1.0
 40
1.0
 40
1.0
 40
1.0
 10
73.01174907635475
 20
112.3569284482758
 30
0.0
 10
72.99237004116083
 20
112.3562540061462
 30
0.0
 10
72.95255962536442
 20
112.354868497459
 30
0.0
 10
72.8956845822055
 20
112.3442991175541
 30
0.0
 10
72.83972469215271
 20
112.3276389930093
 30
0.0
 10
72.7732699539806
 20
112.2988318478742
 30
0.0
 10
72.69975998005631
 20
112.2518025976176
 30
0.0
 10
72.63166090115733
 20
112.186252177379
 30
0.0
 10
72.57720844590142
 20
112.1096802129146
 30
0.0
 10
72.54173313677222
 20
112.0337360563828
 30
0.0
 10
72.51691082636495
 20
111.947613946019
 30
0.0
 10
72.51365386008202
 20
111.8903931182151
 30
0.0
 10
72.51174907635475
 20
111.8569284482758
 30
0.0
  0
SPLINE
  5
136
330
1F
100
AcDbEntity
  8
0
100
AcDbSpline
210
0.0
220
0.0
230
1.0
 70
     8
 71
     3
 72
    16
 73
    12
 74
     0
 42
1E-08
 43
1E-08
 40
0.0
 40
0.0
 40
0.0
 40
0.0
 40
0.1019100099529117
 40
0.1850301486021257
 40
0.2493606220154112
 40
0.3820393520559004
 40
0.4982002975589321
 40
0.6303426597317776
 40
0.7490637716251973
 40
0.881302625971392
 40
1.0
 40
1.0
 40
1.0
 40
1.0
 10
76.51174907635475
 20
111.8569284482758
 30
0.0
 10
76.51081314058848
 20
111.8803152112042
 30
0.0
 10
76.50911383417106
 20
111.9227767537156
 30
0.0
 10
76.49732694597652
 20
111.9794144223827
 30
0.0
 10
76.4780450711488
 20
112.0421161515467
 30
0.0
 10
76.44629161560908
 20
112.1095792300157
 30
0.0
 10
76.39192583827149
 20
112.1861379964741
 30
0.0
 10
76.32381504789532
 20
112.2518856419588
 30
0.0
 10
76.23524576121497
 20
112.3079624899204
 30
0.0
 10
76.1336532185388
 20
112.3480895880245
 30
0.0
 10
76.050895142801
 20
112.3540900983682
 30
0.0
 10
76.01174907635475
 20
112.3569284482758
 30
0.0
  0
LINE
  5
137
330
1F
100
AcDbEntity
  8
0
100
AcDbLine
 10
76.01174907635475
 20
112.3569284482758
 30
0.0
 11
73.01174907635475
 21
112.3569284482758
 31
0.0
  0
LINE
  5
138
330
1F
100
AcDbEntity
  8
0
100
AcDbLine
 10
19.51174907635474
 20
105.3569284482758
 30
0.0
 11
19.51174907635474
 21
111.8569284482758
 31
0.0
  0
LINE
  5
139
330
1F
100
AcDbEntity
  8
0
100
AcDbLine
 10
15.51174907635474
 20
105.3569284482758
 30
0.0
 11
19.51174907635474
 21
105.3569284482758
 31
0.0
  0
LINE
  5
13A
330
1F
100
AcDbEntity
  8
0
100
AcDbLine
 10
15.51174907635474
 20
105.3569284482758
 30
0.0
 11
15.51174907635474
 21
111.8569284482758
 31
0.0
  0
SPLINE
  5
13B
330
1F
100
AcDbEntity
  8
0
100
AcDbSpline
210
0.0
220
0.0
230
1.0
 70
     8
 71
     3
 72
    17
 73
    13
 74
     0
 42
1E-08
 43
1E-08
 40
0.0
 40
0.0
 40
0.0
 40
0.0
 40
0.05783760440489524
 40
0.1188159811352201
 40
0.1831953819012384
 40
0.2511970086416502
 40
0.3697241437310918
 40
0.501697341951392
 40
0.6178681210735966
 40
0.7506266636012056
 40
0.8541580623364325
 40
0.9999999999999999
 40
0.9999999999999999
 40
0.9999999999999999
 40
0.9999999999999999
 10
16.01174907635473
 20
112.3569284482758
 30
0.0
 10
15.99237004116059
 20
112.3562540061462
 30
0.0
 10
15.95255962536384
 20
112.354868497459
 30
0.0
 10
15.89568458220478
 20
112.3442991175541
 30
0.0
 10
15.8397246921522
 20
112.3276389930094
 30
0.0
 10
15.77326995397765
 20
112.2988318478725
 30
0.0
 10
15.69975998005384
 20
112.2518025976174
 30
0.0
 10
15.63166090114932
 20
112.18625217737
 30
0.0
 10
15.57720844589704
 20
112.1096802129075
 30
0.0
 10
15.54173313678292
 20
112.0337360564044
 30
0.0
 10
15.51691082637076
 20
111.9476139460431
 30
0.0
 10
15.51365386008521
 20
111.8903931182427
 30
0.0
 10
15.51174907635473
 20
111.8569284482758
 30
0.0
  0
SPLINE
  5
13C
330
1F
100
AcDbEntity
  8
0
100
AcDbSpline
210
0.0
220
0.0
230
1.0
 70
     8
 71
     3
 72
    16
 73
    12
 74
     0
 42
1E-08
 43
1E-08
 40
0.0
 40
0.0
 40
0.0
 40
0.0
 40
0.1019100098583126
 40
0.1850301485075071
 40
0.2493606220153946
 40
0.3820393520148026
 40
0.4982002975587372
 40
0.6303426596969908
 40
0.7490637716251544
 40
0.8813026259675296
 40
1.0
 40
1.0
 40
1.0
 40
1.0
 10
19.51174907635473
 20
111.8569284482758
 30
0.0
 10
19.51081314059017
 20
111.8803152111835
 30
0.0
 10
19.50911383417512
 20
111.9227767536752
 30
0.0
 10
19.49732694598837
 20
111.9794144223418
 30
0.0
 10
19.47804507116122
 20
112.0421161515166
 30
0.0
 10
19.44629161561369
 20
112.109579230004
 30
0.0
 10
19.391925838284
 20
112.1861379964596
 30
0.0
 10
19.32381504790316
 20
112.2518856419571
 30
0.0
 10
19.23524576122523
 20
112.3079624899145
 30
0.0
 10
19.1336532185401
 20
112.3480895880257
 30
0.0
 10
19.05089514280229
 20
112.3540900983685
 30
0.0
 10
19.01174907635473
 20
112.3569284482758
 30
0.0
  0
LINE
  5
13D
330
1F
100
AcDbEntity
  8
0
100
AcDbLine
 10
19.01174907635474
 20
112.3569284482758
 30
0.0
 11
16.01174907635473
 21
112.3569284482758
 31
0.0
  0
LINE
  5
13E
330
1F
100
AcDbEntity
  8
0
100
AcDbLine
 10
94.31174907635473
 20
105.3569284482758
 30
0.0
 11
98.01174907635473
 21
105.3569284482758
 31
0.0
  0
LINE
  5
13F
330
1F
100
AcDbEntity
  8
0
100
AcDbLine
 10
94.31174907635473
 20
105.3569284482758
 30
0.0
 11
94.31174907635473
 21
119.3569284482758
 31
0.0
  0
LINE
  5
140
330
1F
100
AcDbEntity
  8
0
100
AcDbLine
 10
94.31174907635473
 20
119.3569284482758
 30
0.0
 11
98.31174907635473
 21
119.3569284482758
 31
0.0
  0
LINE
  5
141
330
1F
100
AcDbEntity
  8
0
100
AcDbLine
 10
98.31174907635473
 20
107.3569284482758
 30
0.0
 11
98.31174907635473
 21
119.3569284482758
 31
0.0
  0
LINE
  5
142
330
1F
100
AcDbEntity
  8
0
100
AcDbLine
 10
98.01174907635473
 20
107.3569284482758
 30
0.0
 11
98.31174907635473
 21
107.3569284482758
 31
0.0
  0
LINE
  5
143
330
1F
100
AcDbEntity
  8
0
100
AcDbLine
 10
98.01174907635473
 20
107.3569284482758
 30
0.0
 11
98.01174907635473
 21
105.3569284482758
 31
0.0
  0
LINE
  5
144
330
1F
100
AcDbEntity
  8
0
100
AcDbLine
 10
41.31174907635474
 20
105.3569284482758
 30
0.0
 11
41.31174907635474
 21
119.3569284482758
 31
0.0
  0
LINE
  5
145
330
1F
100
AcDbEntity
  8
0
100
AcDbLine
 10
37.31174907635474
 20
105.3569284482758
 30
0.0
 11
41.31174907635474
 21
105.3569284482758
 31
0.0
  0
LINE
  5
146
330
1F
100
AcDbEntity
  8
0
100
AcDbLine
 10
37.31174907635474
 20
105.3569284482758
 30
0.0
 11
37.31174907635474
 21
119.3569284482758
 31
0.0
  0
LINE
  5
147
330
1F
100
AcDbEntity
  8
0
100
AcDbLine
 10
37.31174907635474
 20
119.3569284482758
 30
0.0
 11
41.31174907635474
 21
119.3569284482758
 31
0.0
  0
LINE
  5
148
330
1F
100
AcDbEntity
  8
0
100
AcDbLine
 10
99.51174907635473
 20
107.3569284482758
 30
0.0
 11
99.51174907635473
 21
119.3569284482758
 31
0.0
  0
LINE
  5
149
330
1F
100
AcDbEntity
  8
0
100
AcDbLine
 10
98.31174907635473
 20
107.3569284482758
 30
0.0
 11
99.51174907635473
 21
107.3569284482758
 31
0.0
  0
LINE
  5
14A
330
1F
100
AcDbEntity
  8
0
100
AcDbLine
 10
98.31174907635473
 20
119.3569284482758
 30
0.0
 11
99.51174907635473
 21
119.3569284482758
 31
0.0
  0
LINE
  5
14B
330
1F
100
AcDbEntity
  8
0
100
AcDbLine
 10
77.81174907635474
 20
105.3569284482758
 30
0.0
 11
77.81174907635474
 21
107.3569284482758
 31
0.0
  0
LINE
  5
14C
330
1F
100
AcDbEntity
  8
0
100
AcDbLine
 10
76.51174907635473
 20
107.3569284482758
 30
0.0
 11
77.81174907635474
 21
107.3569284482758
 31
0.0
  0
LINE
  5
14D
330
1F
100
AcDbEntity
  8
0
100
AcDbLine
 10
66.91174907635474
 20
105.3569284482758
 30
0.0
 11
66.91174907635474
 21
107.3569284482758
 31
0.0
  0
LINE
  5
14E
330
1F
100
AcDbEntity
  8
0
100
AcDbLine
 10
65.71174907635474
 20
107.3569284482758
 30
0.0
 11
66.91174907635474
 21
107.3569284482758
 31
0.0
  0
LINE
  5
14F
330
1F
100
AcDbEntity
  8
0
100
AcDbLine
 10
65.71174907635474
 20
105.3569284482758
 30
0.0
 11
65.71174907635474
 21
107.3569284482758
 31
0.0
  0
LINE
  5
150
330
1F
100
AcDbEntity
  8
0
100
AcDbLine
 10
42.61174907635474
 20
105.3569284482758
 30
0.0
 11
42.61174907635474
 21
107.3569284482758
 31
0.0
  0
LINE
  5
151
330
1F
100
AcDbEntity
  8
0
100
AcDbLine
 10
41.31174907635474
 20
107.3569284482758
 30
0.0
 11
42.61174907635474
 21
107.3569284482758
 31
0.0
  0
LINE
  5
152
330
1F
100
AcDbEntity
  8
0
100
AcDbLine
 10
88.71174907635474
 20
105.3569284482758
 30
0.0
 11
88.71174907635474
 21
107.3569284482758
 31
0.0
  0
LINE
  5
153
330
1F
100
AcDbEntity
  8
0
100
AcDbLine
 10
87.41174907635474
 20
107.3569284482758
 30
0.0
 11
88.71174907635474
 21
107.3569284482758
 31
0.0
  0
LINE
  5
154
330
1F
100
AcDbEntity
  8
0
100
AcDbLine
 10
88.71174907635474
 20
105.3569284482758
 30
0.0
 11
94.31174907635473
 21
105.3569284482758
 31
0.0
  0
LINE
  5
155
330
1F
100
AcDbEntity
  8
0
100
AcDbLine
 10
42.61174907635474
 20
105.3569284482758
 30
0.0
 11
65.71174907635474
 21
105.3569284482758
 31
0.0
  0
LINE
  5
156
330
1F
100
AcDbEntity
  8
0
100
AcDbLine
 10
66.91174907635474
 20
105.3569284482758
 30
0.0
 11
72.51174907635475
 21
105.3569284482758
 31
0.0
  0
LINE
  5
157
330
1F
100
AcDbEntity
  8
0
100
AcDbLine
 10
77.81174907635474
 20
105.3569284482758
 30
0.0
 11
83.41174907635474
 21
105.3569284482758
 31
0.0
  0
LINE
  5
158
330
1F
100
AcDbEntity
  8
0
100
AcDbLine
 10
41.31174907635474
 20
119.3569284482758
 30
0.0
 11
94.31174907635473
 21
119.3569284482758
 31
0.0
  0
LINE
  5
159
330
1F
100
AcDbEntity
  8
0
100
AcDbLine
 10
20.81174907635474
 20
105.3569284482758
 30
0.0
 11
20.81174907635474
 21
107.3569284482758
 31
0.0
  0
LINE
  5
15A
330
1F
100
AcDbEntity
  8
0
100
AcDbLine
 10
19.51174907635474
 20
107.3569284482758
 30
0.0
 11
20.81174907635474
 21
107.3569284482758
 31
0.0
  0
LINE
  5
15B
330
1F
100
AcDbEntity
  8
0
100
AcDbLine
 10
10.01174907635474
 20
105.3569284482758
 30
0.0
 11
10.01174907635474
 21
107.3569284482758
 31
0.0
  0
LINE
  5
15C
330
1F
100
AcDbEntity
  8
0
100
AcDbLine
 10
8.811749076354737
 20
107.3569284482758
 30
0.0
 11
10.01174907635474
 21
107.3569284482758
 31
0.0
  0
LINE
  5
15D
330
1F
100
AcDbEntity
  8
0
100
AcDbLine
 10
8.811749076354737
 20
107.3569284482758
 30
0.0
 11
8.811749076354737
 21
119.3569284482758
 31
0.0
  0
LINE
  5
15E
330
1F
100
AcDbEntity
  8
0
100
AcDbLine
 10
31.71174907635474
 20
105.3569284482758
 30
0.0
 11
31.71174907635474
 21
107.3569284482758
 31
0.0
  0
LINE
  5
15F
330
1F
100
AcDbEntity
  8
0
100
AcDbLine
 10
30.41174907635474
 20
107.3569284482758
 30
0.0
 11
31.71174907635474
 21
107.3569284482758
 31
0.0
  0
LINE
  5
160
330
1F
100
AcDbEntity
  8
0
100
AcDbLine
 10
10.01174907635474
 20
105.3569284482758
 30
0.0
 11
15.51174907635474
 21
105.3569284482758
 31
0.0
  0
LINE
  5
161
330
1F
100
AcDbEntity
  8
0
100
AcDbLine
 10
20.81174907635474
 20
105.3569284482758
 30
0.0
 11
26.41174907635474
 21
105.3569284482758
 31
0.0
  0
LINE
  5
162
330
1F
100
AcDbEntity
  8
0
100
AcDbLine
 10
31.71174907635474
 20
105.3569284482758
 30
0.0
 11
37.31174907635474
 21
105.3569284482758
 31
0.0
  0
LINE
  5
163
330
1F
100
AcDbEntity
  8
0
100
AcDbLine
 10
8.811749076354737
 20
119.3569284482758
 30
0.0
 11
37.31174907635474
 21
119.3569284482758
 31
0.0
  0
LINE
  5
164
330
1F
100
AcDbEntity
  8
0
100
AcDbLine
 10
65.71174907635474
 20
105.3569284482758
 30
0.0
 11
66.91174907635474
 21
105.3569284482758
 31
0.0
  0
LINE
  5
165
330
1F
100
AcDbEntity
  8
0
100
AcDbLine
 10
99.51174907635473
 20
105.3569284482758
 30
0.0
 11
99.51174907635473
 21
107.3569284482758
 31
0.0
  0
LINE
  5
166
330
1F
100
AcDbEntity
  8
0
100
AcDbLine
 10
99.51174907635473
 20
105.3569284482758
 30
0.0
 11
98.01174907635473
 21
105.3569284482758
 31
0.0
  0
LINE
  5
167
330
1F
100
AcDbEntity
  8
0
100
AcDbLine
 10
76.51174907635475
 20
105.3569284482758
 30
0.0
 11
77.81174907635474
 21
105.3569284482758
 31
0.0
  0
LINE
  5
168
330
1F
100
AcDbEntity
  8
0
100
AcDbLine
 10
87.41174907635474
 20
105.3569284482758
 30
0.0
 11
88.71174907635474
 21
105.3569284482758
 31
0.0
  0
LINE
  5
169
330
1F
100
AcDbEntity
  8
0
100
AcDbLine
 10
8.811749076354737
 20
107.3569284482758
 30
0.0
 11
8.811749076354737
 21
105.3569284482758
 31
0.0
  0
LINE
  5
16A
330
1F
100
AcDbEntity
  8
0
100
AcDbLine
 10
8.811749076354737
 20
105.3569284482758
 30
0.0
 11
10.01174907635474
 21
105.3569284482758
 31
0.0
  0
LINE
  5
16B
330
1F
100
AcDbEntity
  8
0
100
AcDbLine
 10
30.41174907635474
 20
105.3569284482758
 30
0.0
 11
31.71174907635474
 21
105.3569284482758
 31
0.0
  0
LINE
  5
16C
330
1F
100
AcDbEntity
  8
0
100
AcDbLine
 10
19.51174907635474
 20
105.3569284482758
 30
0.0
 11
20.81174907635474
 21
105.3569284482758
 31
0.0
  0
LINE
  5
16D
330
1F
100
AcDbEntity
  8
0
100
AcDbLine
 10
41.31174907635474
 20
105.3569284482758
 30
0.0
 11
42.61174907635474
 21
105.3569284482758
 31
0.0
  0
LINE
  5
16E
330
1F
100
AcDbEntity
  8
0
100
AcDbLine
 10
98.01174907635473
 20
105.1569284482758
 30
0.0
 11
94.61174907635474
 21
105.1569284482758
 31
0.0
  0
LINE
  5
16F
330
1F
100
AcDbEntity
  8
0
100
AcDbLine
 10
94.61174907635474
 20
105.3569284482758
 30
0.0
 11
94.61174907635474
 21
105.1569284482758
 31
0.0
  0
LINE
  5
170
330
1F
100
AcDbEntity
  8
0
100
AcDbLine
 10
98.01174907635473
 20
105.3569284482758
 30
0.0
 11
98.01174907635473
 21
105.1569284482758
 31
0.0
  0
LINE
  5
171
330
1F
100
AcDbEntity
  8
0
100
AcDbLine
 10
97.31174907635473
 20
104.2029892468558
 30
0.0
 11
96.31174907635473
 21
104.2029892468558
 31
0.0
  0
LINE
  5
172
330
1F
100
AcDbEntity
  8
0
100
AcDbLine
 10
96.31174907635473
 20
104.2029892468558
 30
0.0
 11
95.31174907635473
 21
104.2029892468558
 31
0.0
  0
ARC
  5
173
330
1F
100
AcDbEntity
  8
0
100
AcDbCircle
 10
95.61174907635474
 20
105.1569284482758
 30
0.0
 40
1.00000000000293
100
AcDbArc
 50
180.0
 51
252.5423968763308
  0
ARC
  5
174
330
1F
100
AcDbEntity
  8
0
100
AcDbCircle
 10
97.01174907635473
 20
105.1569284482758
 30
0.0
 40
1.000000000002925
100
AcDbArc
 50
287.45760312367
 51
0.0
  0
LINE
  5
175
330
1F
100
AcDbEntity
  8
0
100
AcDbLine
 10
97.31174907635473
 20
92.85692844827581
 30
0.0
 11
96.31174907635473
 21
92.85692844827581
 31
0.0
  0
LINE
  5
176
330
1F
100
AcDbEntity
  8
0
100
AcDbLine
 10
96.31174907635473
 20
104.2029892468558
 30
0.0
 11
96.31174907635473
 21
92.85692844827581
 31
0.0
  0
LINE
  5
177
330
1F
100
AcDbEntity
  8
0
100
AcDbLine
 10
96.31174907635473
 20
92.85692844827581
 30
0.0
 11
95.31174907635473
 21
92.85692844827581
 31
0.0
  0
LINE
  5
178
330
1F
100
AcDbEntity
  8
0
100
AcDbLine
 10
19.21174907635474
 20
105.1569284482758
 30
0.0
 11
15.81174907635473
 21
105.1569284482758
 31
0.0
  0
LINE
  5
179
330
1F
100
AcDbEntity
  8
0
100
AcDbLine
 10
15.81174907635473
 20
105.3569284482758
 30
0.0
 11
15.81174907635473
 21
105.1569284482758
 31
0.0
  0
LINE
  5
17A
330
1F
100
AcDbEntity
  8
0
100
AcDbLine
 10
19.21174907635474
 20
105.3569284482758
 30
0.0
 11
19.21174907635474
 21
105.1569284482758
 31
0.0
  0
LINE
  5
17B
330
1F
100
AcDbEntity
  8
0
100
AcDbLine
 10
16.51174907635474
 20
104.2029892468558
 30
0.0
 11
17.51174907635474
 21
104.2029892468558
 31
0.0
  0
ARC
  5
17C
330
1F
100
AcDbEntity
  8
0
100
AcDbCircle
 10
16.81174907635474
 20
105.1569284482758
 30
0.0
 40
1.000000000002927
100
AcDbArc
 50
180.0
 51
252.5423968763314
  0
ARC
  5
17D
330
1F
100
AcDbEntity
  8
0
100
AcDbCircle
 10
18.21174907635474
 20
105.1569284482758
 30
0.0
 40
1.000000000002927
100
AcDbArc
 50
287.4576031236702
 51
0.0
  0
LINE
  5
17E
330
1F
100
AcDbEntity
  8
0
100
AcDbLine
 10
17.51174907635474
 20
104.2029892468558
 30
0.0
 11
18.51174907635474
 21
104.2029892468558
 31
0.0
  0
LINE
  5
17F
330
1F
100
AcDbEntity
  8
0
100
AcDbLine
 10
17.51174907635474
 20
92.85692844827581
 30
0.0
 11
18.51174907635474
 21
92.85692844827581
 31
0.0
  0
LINE
  5
180
330
1F
100
AcDbEntity
  8
0
100
AcDbLine
 10
17.51174907635474
 20
92.85692844827581
 30
0.0
 11
17.51174907635474
 21
104.2029892468558
 31
0.0
  0
LINE
  5
181
330
1F
100
AcDbEntity
  8
0
100
AcDbLine
 10
16.51174907635474
 20
92.85692844827581
 30
0.0
 11
17.51174907635474
 21
92.85692844827581
 31
0.0
  0
LINE
  5
182
330
1F
100
AcDbEntity
  8
0
100
AcDbLine
 10
30.11174907635474
 20
105.1569284482758
 30
0.0
 11
26.71174907635474
 21
105.1569284482758
 31
0.0
  0
LINE
  5
183
330
1F
100
AcDbEntity
  8
0
100
AcDbLine
 10
26.71174907635474
 20
105.3569284482758
 30
0.0
 11
26.71174907635474
 21
105.1569284482758
 31
0.0
  0
LINE
  5
184
330
1F
100
AcDbEntity
  8
0
100
AcDbLine
 10
30.11174907635474
 20
105.3569284482758
 30
0.0
 11
30.11174907635474
 21
105.1569284482758
 31
0.0
  0
LINE
  5
185
330
1F
100
AcDbEntity
  8
0
100
AcDbLine
 10
27.41174907635474
 20
104.2029892468558
 30
0.0
 11
28.41174907635474
 21
104.2029892468558
 31
0.0
  0
ARC
  5
186
330
1F
100
AcDbEntity
  8
0
100
AcDbCircle
 10
27.71174907635474
 20
105.1569284482758
 30
0.0
 40
1.000000000002925
100
AcDbArc
 50
180.0
 51
252.5423968763316
  0
ARC
  5
187
330
1F
100
AcDbEntity
  8
0
100
AcDbCircle
 10
29.11174907635474
 20
105.1569284482758
 30
0.0
 40
1.000000000002925
100
AcDbArc
 50
287.45760312367
 51
0.0
  0
LINE
  5
188
330
1F
100
AcDbEntity
  8
0
100
AcDbLine
 10
28.41174907635474
 20
104.2029892468558
 30
0.0
 11
29.41174907635473
 21
104.2029892468558
 31
0.0
  0
LINE
  5
189
330
1F
100
AcDbEntity
  8
0
100
AcDbLine
 10
28.41174907635474
 20
92.85692844827581
 30
0.0
 11
29.41174907635474
 21
92.85692844827581
 31
0.0
  0
LINE
  5
18A
330
1F
100
AcDbEntity
  8
0
100
AcDbLine
 10
28.41174907635474
 20
92.85692844827581
 30
0.0
 11
28.41174907635474
 21
104.2029892468558
 31
0.0
  0
LINE
  5
18B
330
1F
100
AcDbEntity
  8
0
100
AcDbLine
 10
27.41174907635474
 20
92.85692844827581
 30
0.0
 11
28.41174907635474
 21
92.85692844827581
 31
0.0
  0
LINE
  5
18C
330
1F
100
AcDbEntity
  8
0
100
AcDbLine
 10
41.01174907635473
 20
105.1569284482758
 30
0.0
 11
37.61174907635474
 21
105.1569284482758
 31
0.0
  0
LINE
  5
18D
330
1F
100
AcDbEntity
  8
0
100
AcDbLine
 10
37.61174907635474
 20
105.3569284482758
 30
0.0
 11
37.61174907635474
 21
105.1569284482758
 31
0.0
  0
LINE
  5
18E
330
1F
100
AcDbEntity
  8
0
100
AcDbLine
 10
41.01174907635473
 20
105.3569284482758
 30
0.0
 11
41.01174907635473
 21
105.1569284482758
 31
0.0
  0
LINE
  5
18F
330
1F
100
AcDbEntity
  8
0
100
AcDbLine
 10
38.31174907635474
 20
104.2029892468558
 30
0.0
 11
39.31174907635474
 21
104.2029892468558
 31
0.0
  0
ARC
  5
190
330
1F
100
AcDbEntity
  8
0
100
AcDbCircle
 10
38.61174907635473
 20
105.1569284482758
 30
0.0
 40
1.000000000002925
100
AcDbArc
 50
180.0
 51
252.5423968763316
  0
ARC
  5
191
330
1F
100
AcDbEntity
  8
0
100
AcDbCircle
 10
40.01174907635474
 20
105.1569284482758
 30
0.0
 40
1.000000000002925
100
AcDbArc
 50
287.45760312367
 51
0.0
  0
LINE
  5
192
330
1F
100
AcDbEntity
  8
0
100
AcDbLine
 10
39.31174907635474
 20
104.2029892468558
 30
0.0
 11
40.31174907635474
 21
104.2029892468558
 31
0.0
  0
LINE
  5
193
330
1F
100
AcDbEntity
  8
0
100
AcDbLine
 10
39.31174907635474
 20
92.85692844827581
 30
0.0
 11
40.31174907635474
 21
92.85692844827581
 31
0.0
  0
LINE
  5
194
330
1F
100
AcDbEntity
  8
0
100
AcDbLine
 10
39.31174907635474
 20
92.85692844827581
 30
0.0
 11
39.31174907635474
 21
104.2029892468558
 31
0.0
  0
LINE
  5
195
330
1F
100
AcDbEntity
  8
0
100
AcDbLine
 10
38.31174907635474
 20
92.85692844827581
 30
0.0
 11
39.31174907635474
 21
92.85692844827581
 31
0.0
  0
LINE
  5
196
330
1F
100
AcDbEntity
  8
0
100
AcDbLine
 10
76.21174907635474
 20
105.1569284482758
 30
0.0
 11
72.81174907635474
 21
105.1569284482758
 31
0.0
  0
LINE
  5
197
330
1F
100
AcDbEntity
  8
0
100
AcDbLine
 10
72.81174907635474
 20
105.3569284482758
 30
0.0
 11
72.81174907635474
 21
105.1569284482758
 31
0.0
  0
LINE
  5
198
330
1F
100
AcDbEntity
  8
0
100
AcDbLine
 10
76.21174907635474
 20
105.3569284482758
 30
0.0
 11
76.21174907635474
 21
105.1569284482758
 31
0.0
  0
LINE
  5
199
330
1F
100
AcDbEntity
  8
0
100
AcDbLine
 10
75.51174907635475
 20
104.2029892468558
 30
0.0
 11
74.51174907635475
 21
104.2029892468558
 31
0.0
  0
LINE
  5
19A
330
1F
100
AcDbEntity
  8
0
100
AcDbLine
 10
74.51174907635475
 20
104.2029892468558
 30
0.0
 11
73.51174907635475
 21
104.2029892468558
 31
0.0
  0
ARC
  5
19B
330
1F
100
AcDbEntity
  8
0
100
AcDbCircle
 10
73.81174907635474
 20
105.1569284482758
 30
0.0
 40
1.000000000002925
100
AcDbArc
 50
180.0
 51
252.5423968763316
  0
ARC
  5
19C
330
1F
100
AcDbEntity
  8
0
100
AcDbCircle
 10
75.21174907635474
 20
105.1569284482758
 30
0.0
 40
1.00000000000293
100
AcDbArc
 50
287.4576031236708
 51
0.0
  0
LINE
  5
19D
330
1F
100
AcDbEntity
  8
0
100
AcDbLine
 10
74.51174907635475
 20
104.2029892468558
 30
0.0
 11
74.51174907635475
 21
92.85692844827581
 31
0.0
  0
LINE
  5
19E
330
1F
100
AcDbEntity
  8
0
100
AcDbLine
 10
74.51174907635475
 20
92.85692844827581
 30
0.0
 11
73.51174907635475
 21
92.85692844827581
 31
0.0
  0
LINE
  5
19F
330
1F
100
AcDbEntity
  8
0
100
AcDbLine
 10
75.51174907635475
 20
92.85692844827581
 30
0.0
 11
74.51174907635475
 21
92.85692844827581
 31
0.0
  0
LINE
  5
1A0
330
1F
100
AcDbEntity
  8
0
100
AcDbLine
 10
87.11174907635474
 20
105.1569284482758
 30
0.0
 11
83.71174907635474
 21
105.1569284482758
 31
0.0
  0
LINE
  5
1A1
330
1F
100
AcDbEntity
  8
0
100
AcDbLine
 10
83.71174907635474
 20
105.3569284482758
 30
0.0
 11
83.71174907635474
 21
105.1569284482758
 31
0.0
  0
LINE
  5
1A2
330
1F
100
AcDbEntity
  8
0
100
AcDbLine
 10
87.11174907635474
 20
105.3569284482758
 30
0.0
 11
87.11174907635474
 21
105.1569284482758
 31
0.0
  0
LINE
  5
1A3
330
1F
100
AcDbEntity
  8
0
100
AcDbLine
 10
86.41174907635474
 20
104.2029892468558
 30
0.0
 11
85.41174907635474
 21
104.2029892468558
 31
0.0
  0
LINE
  5
1A4
330
1F
100
AcDbEntity
  8
0
100
AcDbLine
 10
85.41174907635474
 20
104.2029892468558
 30
0.0
 11
84.41174907635474
 21
104.2029892468558
 31
0.0
  0
ARC
  5
1A5
330
1F
100
AcDbEntity
  8
0
100
AcDbCircle
 10
84.71174907635474
 20
105.1569284482758
 30
0.0
 40
1.000000000002925
100
AcDbArc
 50
180.0
 51
252.5423968763316
  0
ARC
  5
1A6
330
1F
100
AcDbEntity
  8
0
100
AcDbCircle
 10
86.11174907635474
 20
105.1569284482758
 30
0.0
 40
1.000000000002925
100
AcDbArc
 50
287.45760312367
 51
0.0
  0
LINE
  5
1A7
330
1F
100
AcDbEntity
  8
0
100
AcDbLine
 10
85.41174907635474
 20
104.2029892468558
 30
0.0
 11
85.41174907635474
 21
92.85692844827581
 31
0.0
  0
LINE
  5
1A8
330
1F
100
AcDbEntity
  8
0
100
AcDbLine
 10
85.41174907635474
 20
92.85692844827581
 30
0.0
 11
84.41174907635474
 21
92.85692844827581
 31
0.0
  0
LINE
  5
1A9
330
1F
100
AcDbEntity
  8
0
100
AcDbLine
 10
86.41174907635474
 20
92.85692844827581
 30
0.0
 11
85.41174907635474
 21
92.85692844827581
 31
0.0
  0
LINE
  5
1AA
330
1F
100
AcDbEntity
  8
0
100
AcDbLine
 10
22.16174907635474
 20
55.05692844827582
 30
0.0
 11
25.41174907635474
 21
55.05692844827582
 31
0.0
  0
LINE
  5
1AB
330
1F
100
AcDbEntity
  8
0
100
AcDbLine
 10
79.16174907635474
 20
55.05692844827582
 30
0.0
 11
82.41174907635474
 21
55.05692844827582
 31
0.0
  0
LINE
  5
1AC
330
1F
100
AcDbEntity
  8
0
100
AcDbLine
 10
82.41174907635474
 20
57.05692844827582
 30
0.0
 11
79.16174907635474
 21
57.05692844827582
 31
0.0
  0
LINE
  5
1AD
330
1F
100
AcDbEntity
  8
0
100
AcDbLine
 10
25.41174907635474
 20
57.05692844827582
 30
0.0
 11
22.16174907635474
 21
57.05692844827582
 31
0.0
  0
DIMENSION
  5
1AE
330
1F
100
AcDbEntity
  8
DIMENSIONS
100
AcDbDimension
  2
_D
 10
105.3117490763547
 20
36.81585144197199
 30
0.0
 11
55.79008563063317
 21
36.81585144197199
 31
0.0
 70
   160
  1
<>
 71
     2
 42
-1.0
  3
SLDDIMSTYLE0
100
AcDbAlignedDimension
 13
14.61174907635474
 23
49.55692844827579
 33
0.0
 14
105.3117490763547
 24
49.55692844827579
 34
0.0
 52
0.0
100
AcDbRotatedDimension
  0
DIMENSION
  5
1C3
330
1F
100
AcDbEntity
  8
DIMENSIONS
100
AcDbDimension
  2
_D_1
 10
99.51174907635473
 20
135.3569284482759
 30
0.0
 11
55.79008563063319
 21
135.3569284482759
 31
0.0
 70
   160
  1
<>
 71
     2
 42
-1.0
  3
SLDDIMSTYLE0
100
AcDbAlignedDimension
 13
8.811749076354737
 23
119.3569284482758
 33
0.0
 14
99.51174907635473
 24
119.3569284482758
 34
0.0
 52
0.0
100
AcDbRotatedDimension
  0
LINE
  5
1D7
330
1F
100
AcDbEntity
  8
0
100
AcDbLine
 10
258.4258365917295
 20
114.1388851408271
 30
0.0
 11
258.4258365917294
 21
123.5291044775132
 31
0.0
  0
LINE
  5
1D8
330
1F
100
AcDbEntity
  8
0
100
AcDbLine
 10
256.4258365917294
 20
123.5291044775132
 30
0.0
 11
256.4258365917295
 21
114.138885140827
 31
0.0
  0
SPLINE
  5
1D9
330
1F
100
AcDbEntity
  8
0
100
AcDbSpline
210
0.0
220
0.0
230
1.0
 70
     8
 71
     3
 72
    13
 73
     9
 74
     0
 42
1E-08
 43
1E-08
 40
0.0
 40
0.0
 40
0.0
 40
0.0
 40
0.1353938882398541
 40
0.3339863160062122
 40
0.5326701800507294
 40
0.7404623985337817
 40
0.9619824850329238
 40
1.0
 40
1.0
 40
1.0
 40
1.0
 10
259.167082140845
 20
113.7360288053859
 30
0.0
 10
259.1669251589133
 20
113.7947320831349
 30
0.0
 10
259.1665379197424
 20
113.9395398859666
 30
0.0
 10
259.082225947939
 20
114.158375995449
 30
0.0
 10
258.9384494266366
 20
114.3784016391061
 30
0.0
 10
258.7333307463569
 20
114.5660700840056
 30
0.0
 10
258.5586429780843
 20
114.6875613996132
 30
0.0
 10
258.4428047717477
 20
114.7327006511152
 30
0.0
 10
258.4258365917295
 20
114.7393127264364
 30
0.0
  0
SPLINE
  5
1DA
330
1F
100
AcDbEntity
  8
0
100
AcDbSpline
210
0.0
220
0.0
230
1.0
 70
     8
 71
     3
 72
     9
 73
     5
 74
     0
 42
1E-08
 43
1E-08
 40
0.0
 40
0.0
 40
0.0
 40
0.0
 40
0.4699555448904258
 40
1.0
 40
1.0
 40
1.0
 40
1.0
 10
255.7739267983351
 20
114.1468122470706
 30
0.0
 10
255.747295842125
 20
114.0860105176029
 30
0.0
 10
255.6906288733028
 20
113.9566328985309
 30
0.0
 10
255.6850410873359
 20
113.8153487277924
 30
0.0
 10
255.6820793123678
 20
113.7404618364977
 30
0.0
  0
LINE
  5
1DB
330
1F
100
AcDbEntity
  8
0
100
AcDbLine
 10
255.6758365917294
 20
113.7306147348842
 30
0.0
 11
255.6758365917294
 21
112.0975331111127
 31
0.0
  0
LINE
  5
1DC
330
1F
100
AcDbEntity
  8
0
100
AcDbLine
 10
250.7183726767961
 20
118.5883093502608
 30
0.0
 11
250.7183726767961
 21
127.9785286869469
 31
0.0
  0
LINE
  5
1DD
330
1F
100
AcDbEntity
  8
0
100
AcDbLine
 10
248.7183726767961
 20
127.9785286869469
 30
0.0
 11
248.7183726767961
 21
118.5883093502608
 31
0.0
  0
LINE
  5
1DE
330
1F
100
AcDbEntity
  8
0
100
AcDbLine
 10
259.1758365917294
 20
112.0975331111127
 30
0.0
 11
259.1758365917294
 21
113.7306147348842
 31
0.0
  0
LINE
  5
1DF
330
1F
100
AcDbEntity
  8
0
100
AcDbLine
 10
256.4258365917295
 20
114.5470697651704
 30
0.0
 11
255.8608762091499
 21
114.2209250784921
 31
0.0
  0
LINE
  5
1E0
330
1F
100
AcDbEntity
  8
0
100
AcDbLine
 10
247.5363921614567
 20
120.4252276018619
 30
0.0
 11
247.5363921614566
 21
129.815446938548
 31
0.0
  0
LINE
  5
1E1
330
1F
100
AcDbEntity
  8
0
100
AcDbLine
 10
269.5930984813075
 20
107.4024566177854
 30
0.0
 11
269.5930984813075
 21
111.4851606772141
 31
0.0
  0
LINE
  5
1E2
330
1F
100
AcDbEntity
  8
0
100
AcDbLine
 10
245.5363921614566
 20
129.815446938548
 30
0.0
 11
245.5363921614566
 21
120.4252276018619
 31
0.0
  0
SPLINE
  5
1E3
330
1F
100
AcDbEntity
  8
0
100
AcDbSpline
210
0.0
220
0.0
230
1.0
 70
     8
 71
     3
 72
    13
 73
     9
 74
     0
 42
1E-08
 43
1E-08
 40
0.0
 40
0.0
 40
0.0
 40
0.0
 40
0.1353938882398824
 40
0.3339863160062116
 40
0.5326701800507526
 40
0.7404623985337996
 40
0.9619824850329357
 40
1.0
 40
1.0
 40
1.0
 40
1.0
 10
251.4596182259116
 20
118.1854530148197
 30
0.0
 10
251.4594612439799
 20
118.2441562925686
 30
0.0
 10
251.459074004809
 20
118.3889640954005
 30
0.0
 10
251.3747620330057
 20
118.6078002048828
 30
0.0
 10
251.2309855117032
 20
118.8278258485399
 30
0.0
 10
251.0258668314235
 20
119.0154942934394
 30
0.0
 10
250.8511790631509
 20
119.136985609047
 30
0.0
 10
250.7353408568142
 20
119.182124860549
 30
0.0
 10
250.7183726767961
 20
119.1887369358702
 30
0.0
  0
SPLINE
  5
1E4
330
1F
100
AcDbEntity
  8
0
100
AcDbSpline
210
0.0
220
0.0
230
1.0
 70
     8
 71
     3
 72
     9
 73
     5
 74
     0
 42
1E-08
 43
1E-08
 40
0.0
 40
0.0
 40
0.0
 40
0.0
 40
0.4699555448904278
 40
1.0
 40
1.0
 40
1.0
 40
1.0
 10
248.0664628834017
 20
118.5962364565044
 30
0.0
 10
248.0398319271916
 20
118.5354347270367
 30
0.0
 10
247.9831649583695
 20
118.4060571079646
 30
0.0
 10
247.9775771724025
 20
118.2647729372261
 30
0.0
 10
247.9746153974345
 20
118.1898860459314
 30
0.0
  0
LINE
  5
1E5
330
1F
100
AcDbEntity
  8
0
100
AcDbLine
 10
247.9683726767961
 20
118.1800389443179
 30
0.0
 11
247.9683726767961
 21
116.5469573205465
 31
0.0
  0
LINE
  5
1E6
330
1F
100
AcDbEntity
  8
0
100
AcDbLine
 10
251.4683726767961
 20
116.5469573205465
 30
0.0
 11
251.4683726767961
 21
118.180038944318
 31
0.0
  0
LINE
  5
1E7
330
1F
100
AcDbEntity
  8
0
100
AcDbLine
 10
247.7183726767962
 20
116.1933847773865
 30
0.0
 11
247.7183726767962
 21
112.0559828551748
 31
0.0
  0
LINE
  5
1E8
330
1F
100
AcDbEntity
  8
0
100
AcDbLine
 10
248.7183726767961
 20
118.9964939746042
 30
0.0
 11
248.1534122942166
 21
118.6703492879259
 31
0.0
  0
SPLINE
  5
1E9
330
1F
100
AcDbEntity
  8
0
100
AcDbSpline
210
0.0
220
0.0
230
1.0
 70
     8
 71
     3
 72
    13
 73
     9
 74
     0
 42
1E-08
 43
1E-08
 40
0.0
 40
0.0
 40
0.0
 40
0.0
 40
0.03713184922207447
 40
0.2371934059824842
 40
0.4327698129476294
 40
0.6329696789698304
 40
0.8450823448259154
 40
1.0
 40
1.0
 40
1.0
 40
1.0
 10
248.2804197225102
 20
120.0096844559809
 30
0.0
 10
248.2824386102033
 20
120.0257411109159
 30
0.0
 10
248.2953350012602
 20
120.1283089267537
 30
0.0
 10
248.2445894800552
 20
120.3166224708857
 30
0.0
 10
248.134409459785
 20
120.5512963323997
 30
0.0
 10
247.9592356698093
 20
120.7560413971525
 30
0.0
 10
247.7602782624372
 20
120.9173437752563
 30
0.0
 10
247.6028430557434
 20
120.9918621528854
 30
0.0
 10
247.5363921614567
 20
121.0233151737075
 30
0.0
  0
SPLINE
  5
1EA
330
1F
100
AcDbEntity
  8
0
100
AcDbSpline
210
0.0
220
0.0
230
1.0
 70
     8
 71
     3
 72
    13
 73
     9
 74
     0
 42
1E-08
 43
1E-08
 40
0.0
 40
0.0
 40
0.0
 40
0.0
 40
0.1084144267035581
 40
0.3305205881322153
 40
0.540261958763593
 40
0.7382229009360527
 40
0.9299037538057204
 40
1.0
 40
1.0
 40
1.0
 40
1.0
 10
245.5363921614566
 20
121.0212971556955
 30
0.0
 10
245.4888000808842
 20
121.0008003710936
 30
0.0
 10
245.3437071911321
 20
120.9383122917169
 30
0.0
 10
245.1495499212282
 20
120.7890996646704
 30
0.0
 10
244.9602632423741
 20
120.5841877007492
 30
0.0
 10
244.8404941924222
 20
120.3522890174173
 30
0.0
 10
244.782855043089
 20
120.1555443208203
 30
0.0
 10
244.7925504627053
 20
120.0419581719689
 30
0.0
 10
244.7951466123411
 20
120.0115431254173
 30
0.0
  0
LINE
  5
1EB
330
1F
100
AcDbEntity
  8
0
100
AcDbLine
 10
246.8242601271007
 20
111.7294196104457
 30
0.0
 11
246.8242601271007
 21
115.8121236698745
 31
0.0
  0
LINE
  5
1EC
330
1F
100
AcDbEntity
  8
0
100
AcDbLine
 10
244.7863921614566
 20
120.016957195919
 30
0.0
 11
244.7863921614566
 21
118.3838755721475
 31
0.0
  0
LINE
  5
1ED
330
1F
100
AcDbEntity
  8
0
100
AcDbLine
 10
248.2863921614567
 20
118.7471169312384
 30
0.0
 11
248.2863921614567
 21
120.0169571959191
 31
0.0
  0
LINE
  5
1EE
330
1F
100
AcDbEntity
  8
0
100
AcDbLine
 10
218.1207500640963
 20
137.4065163277743
 30
0.0
 11
218.1207500640963
 21
146.7967356644604
 31
0.0
  0
LINE
  5
1EF
330
1F
100
AcDbEntity
  8
0
100
AcDbLine
 10
216.1207500640963
 20
146.7967356644604
 30
0.0
 11
216.1207500640963
 21
137.4065163277743
 31
0.0
  0
SPLINE
  5
1F0
330
1F
100
AcDbEntity
  8
0
100
AcDbSpline
210
0.0
220
0.0
230
1.0
 70
     8
 71
     3
 72
    13
 73
     9
 74
     0
 42
1E-08
 43
1E-08
 40
0.0
 40
0.0
 40
0.0
 40
0.0
 40
0.1353938882398505
 40
0.3339863160062105
 40
0.5326701800507249
 40
0.7404623985337767
 40
0.9619824850329047
 40
1.0
 40
1.0
 40
1.0
 40
1.0
 10
218.8619956132118
 20
137.0036599923332
 30
0.0
 10
218.8618386312802
 20
137.0623632700821
 30
0.0
 10
218.8614513921092
 20
137.2071710729139
 30
0.0
 10
218.7771394203059
 20
137.4260071823963
 30
0.0
 10
218.6333628990034
 20
137.6460328260534
 30
0.0
 10
218.4282442187238
 20
137.8337012709528
 30
0.0
 10
218.2535564504511
 20
137.9551925865605
 30
0.0
 10
218.1377182441145
 20
138.0003318380624
 30
0.0
 10
218.1207500640963
 20
138.0069439133837
 30
0.0
  0
SPLINE
  5
1F1
330
1F
100
AcDbEntity
  8
0
100
AcDbSpline
210
0.0
220
0.0
230
1.0
 70
     8
 71
     3
 72
     9
 73
     5
 74
     0
 42
1E-08
 43
1E-08
 40
0.0
 40
0.0
 40
0.0
 40
0.0
 40
0.4699555448904354
 40
1.0
 40
1.0
 40
1.0
 40
1.0
 10
215.4688402707019
 20
137.4144434340178
 30
0.0
 10
215.4422093144918
 20
137.3536417045502
 30
0.0
 10
215.3855423456697
 20
137.2242640854781
 30
0.0
 10
215.3799545597028
 20
137.0829799147396
 30
0.0
 10
215.3769927847347
 20
137.0080930234449
 30
0.0
  0
LINE
  5
1F2
330
1F
100
AcDbEntity
  8
0
100
AcDbLine
 10
215.3707500640963
 20
136.9982459218314
 30
0.0
 11
215.3707500640963
 21
135.3651642980599
 31
0.0
  0
LINE
  5
1F3
330
1F
100
AcDbEntity
  8
0
100
AcDbLine
 10
210.4132861491629
 20
141.8559405372081
 30
0.0
 11
210.4132861491629
 21
151.2461598738942
 31
0.0
  0
LINE
  5
1F4
330
1F
100
AcDbEntity
  8
0
100
AcDbLine
 10
208.4132861491629
 20
151.2461598738942
 30
0.0
 11
208.413286149163
 21
141.8559405372081
 31
0.0
  0
LINE
  5
1F5
330
1F
100
AcDbEntity
  8
0
100
AcDbLine
 10
218.8707500640963
 20
135.3651642980599
 30
0.0
 11
218.8707500640963
 21
136.9982459218314
 31
0.0
  0
LINE
  5
1F6
330
1F
100
AcDbEntity
  8
0
100
AcDbLine
 10
216.1207500640963
 20
137.8147009521177
 30
0.0
 11
215.5557896815168
 21
137.4885562654394
 31
0.0
  0
LINE
  5
1F7
330
1F
100
AcDbEntity
  8
0
100
AcDbLine
 10
207.2313056338235
 20
143.6928587888092
 30
0.0
 11
207.2313056338235
 21
153.0830781254953
 31
0.0
  0
LINE
  5
1F8
330
1F
100
AcDbEntity
  8
0
100
AcDbLine
 10
205.2313056338235
 20
153.0830781254953
 30
0.0
 11
205.2313056338235
 21
143.6928587888092
 31
0.0
  0
LINE
  5
1F9
330
1F
100
AcDbEntity
  8
0
100
AcDbLine
 10
194.9125718816693
 20
136.2223264654423
 30
0.0
 11
194.9125718816693
 21
132.1396224060135
 31
0.0
  0
SPLINE
  5
1FA
330
1F
100
AcDbEntity
  8
0
100
AcDbSpline
210
0.0
220
0.0
230
1.0
 70
     8
 71
     3
 72
    13
 73
     9
 74
     0
 42
1E-08
 43
1E-08
 40
0.0
 40
0.0
 40
0.0
 40
0.0
 40
0.1353938882398585
 40
0.3339863160062133
 40
0.532670180050737
 40
0.7404623985337873
 40
0.9619824850329082
 40
1.0
 40
1.0
 40
1.0
 40
1.0
 10
211.1545316982785
 20
141.453084201767
 30
0.0
 10
211.1543747163468
 20
141.5117874795159
 30
0.0
 10
211.1539874771758
 20
141.6565952823477
 30
0.0
 10
211.0696755053726
 20
141.8754313918301
 30
0.0
 10
210.92589898407
 20
142.0954570354872
 30
0.0
 10
210.7207803037904
 20
142.2831254803866
 30
0.0
 10
210.5460925355178
 20
142.4046167959943
 30
0.0
 10
210.4302543291811
 20
142.4497560474962
 30
0.0
 10
210.4132861491629
 20
142.4563681228174
 30
0.0
  0
SPLINE
  5
1FB
330
1F
100
AcDbEntity
  8
0
100
AcDbSpline
210
0.0
220
0.0
230
1.0
 70
     8
 71
     3
 72
     9
 73
     5
 74
     0
 42
1E-08
 43
1E-08
 40
0.0
 40
0.0
 40
0.0
 40
0.0
 40
0.4699555448904219
 40
1.0
 40
1.0
 40
1.0
 40
1.0
 10
207.7613763557686
 20
141.8638676434516
 30
0.0
 10
207.7347453995585
 20
141.8030659139839
 30
0.0
 10
207.6780784307363
 20
141.6736882949119
 30
0.0
 10
207.6724906447694
 20
141.5324041241734
 30
0.0
 10
207.6695288698013
 20
141.4575172328787
 30
0.0
  0
LINE
  5
1FC
330
1F
100
AcDbEntity
  8
0
100
AcDbLine
 10
207.663286149163
 20
141.4476701312652
 30
0.0
 11
207.663286149163
 21
139.8145885074937
 31
0.0
  0
LINE
  5
1FD
330
1F
100
AcDbEntity
  8
0
100
AcDbLine
 10
211.163286149163
 20
139.8145885074937
 30
0.0
 11
211.163286149163
 21
141.4476701312652
 31
0.0
  0
LINE
  5
1FE
330
1F
100
AcDbEntity
  8
0
100
AcDbLine
 10
207.4132861491631
 20
139.4610159643338
 30
0.0
 11
207.4132861491631
 21
135.3236140421221
 31
0.0
  0
LINE
  5
1FF
330
1F
100
AcDbEntity
  8
0
100
AcDbLine
 10
208.413286149163
 20
142.2641251615514
 30
0.0
 11
207.8483257665835
 21
141.9379804748732
 31
0.0
  0
SPLINE
  5
200
330
1F
100
AcDbEntity
  8
0
100
AcDbSpline
210
0.0
220
0.0
230
1.0
 70
     8
 71
     3
 72
    13
 73
     9
 74
     0
 42
1E-08
 43
1E-08
 40
0.0
 40
0.0
 40
0.0
 40
0.0
 40
0.03713184922207106
 40
0.2371934059824801
 40
0.4327698129476389
 40
0.6329696789698338
 40
0.8450823448259094
 40
1.0
 40
1.0
 40
1.0
 40
1.0
 10
207.9753331948771
 20
143.2773156429281
 30
0.0
 10
207.9773520825702
 20
143.2933722978632
 30
0.0
 10
207.990248473627
 20
143.395940113701
 30
0.0
 10
207.939502952422
 20
143.5842536578329
 30
0.0
 10
207.8293229321518
 20
143.818927519347
 30
0.0
 10
207.6541491421762
 20
144.0236725840998
 30
0.0
 10
207.455191734804
 20
144.1849749622035
 30
0.0
 10
207.2977565281103
 20
144.2594933398327
 30
0.0
 10
207.2313056338235
 20
144.2909463606547
 30
0.0
  0
SPLINE
  5
201
330
1F
100
AcDbEntity
  8
0
100
AcDbSpline
210
0.0
220
0.0
230
1.0
 70
     8
 71
     3
 72
    13
 73
     9
 74
     0
 42
1E-08
 43
1E-08
 40
0.0
 40
0.0
 40
0.0
 40
0.0
 40
0.1084144267035191
 40
0.3305205881321812
 40
0.5402619587635571
 40
0.7382229009360292
 40
0.929903753805687
 40
1.0
 40
1.0
 40
1.0
 40
1.0
 10
205.2313056338235
 20
144.2889283426427
 30
0.0
 10
205.1837135532511
 20
144.2684315580409
 30
0.0
 10
205.038620663499
 20
144.2059434786642
 30
0.0
 10
204.844463393595
 20
144.0567308516177
 30
0.0
 10
204.655176714741
 20
143.8518188876965
 30
0.0
 10
204.5354076647891
 20
143.6199202043646
 30
0.0
 10
204.4777685154559
 20
143.4231755077676
 30
0.0
 10
204.4874639350722
 20
143.3095893589161
 30
0.0
 10
204.4900600847079
 20
143.2791743123645
 30
0.0
  0
LINE
  5
202
330
1F
100
AcDbEntity
  8
0
100
AcDbLine
 10
206.5191735994675
 20
134.997050797393
 30
0.0
 11
206.5191735994675
 21
139.0797548568218
 31
0.0
  0
LINE
  5
203
330
1F
100
AcDbEntity
  8
0
100
AcDbLine
 10
204.4813056338235
 20
143.2845883828663
 30
0.0
 11
204.4813056338235
 21
141.6515067590948
 31
0.0
  0
LINE
  5
204
330
1F
100
AcDbEntity
  8
0
100
AcDbLine
 10
207.9813056338235
 20
142.0147481181856
 30
0.0
 11
207.9813056338235
 21
143.2845883828663
 31
0.0
  0
LINE
  5
205
330
1F
100
AcDbEntity
  8
0
100
AcDbLine
 10
202.3371930841281
 20
146.4682482688173
 30
0.0
 11
202.3371930841281
 21
142.3855442093885
 31
0.0
  0
LINE
  5
206
330
1F
100
AcDbEntity
  8
0
100
AcDbLine
 10
255.4258365917293
 20
164.6011073153663
 30
0.0
 11
255.4258365917293
 21
153.1695359489658
 31
0.0
  0
LINE
  5
207
330
1F
100
AcDbEntity
  8
0
100
AcDbLine
 10
247.718372676796
 20
166.1926386831999
 30
0.0
 11
247.718372676796
 21
157.6189601583996
 31
0.0
  0
LINE
  5
208
330
1F
100
AcDbEntity
  8
0
100
AcDbLine
 10
250.88260655601
 20
168.2584129880042
 30
0.0
 11
247.879692225849
 21
166.5248674447566
 31
0.0
  0
LINE
  5
209
330
1F
100
AcDbEntity
  8
0
100
AcDbLine
 10
240.0109087618626
 20
167.7841700510336
 30
0.0
 11
240.0109087618626
 21
162.0683843678334
 31
0.0
  0
LINE
  5
20A
330
1F
100
AcDbEntity
  8
0
100
AcDbLine
 10
243.1751426410767
 20
169.8499443558379
 30
0.0
 11
240.1722283109156
 21
168.1163988125903
 31
0.0
  0
LINE
  5
20B
330
1F
100
AcDbEntity
  8
0
100
AcDbLine
 10
215.1207500640961
 20
187.8687385023136
 30
0.0
 11
215.1207500640962
 21
176.4371671359131
 31
0.0
  0
LINE
  5
20C
330
1F
100
AcDbEntity
  8
0
100
AcDbLine
 10
207.4132861491628
 20
189.4602698701472
 30
0.0
 11
207.4132861491628
 21
180.8865913453469
 31
0.0
  0
LINE
  5
20D
330
1F
100
AcDbEntity
  8
0
100
AcDbLine
 10
210.5775200283769
 20
191.5260441749514
 30
0.0
 11
207.5746056982158
 21
189.7924986317039
 31
0.0
  0
LINE
  5
20E
330
1F
100
AcDbEntity
  8
0
100
AcDbLine
 10
199.7058222342295
 20
191.0518012379808
 30
0.0
 11
199.7058222342295
 21
185.3360155547806
 31
0.0
  0
LINE
  5
20F
330
1F
100
AcDbEntity
  8
0
100
AcDbLine
 10
202.8700561134436
 20
193.1175755427851
 30
0.0
 11
199.8671417832825
 21
191.3840299995375
 31
0.0
  0
SPLINE
  5
210
330
1F
100
AcDbEntity
  8
0
100
AcDbSpline
210
0.0
220
0.0
230
1.0
 70
     8
 71
     3
 72
    16
 73
    12
 74
     0
 42
1E-08
 43
1E-08
 40
0.0
 40
0.0
 40
0.0
 40
0.0
 40
0.02030403047789664
 40
0.162160633806915
 40
0.2638910950132926
 40
0.3584637312720479
 40
0.4533746387318675
 40
0.5845194517594353
 40
0.7641622771417802
 40
0.8746648841600798
 40
1.0
 40
1.0
 40
1.0
 40
1.0
 10
255.8360941839607
 20
152.5076516489615
 30
0.0
 10
255.8427019030009
 20
152.4889954360464
 30
0.0
 10
255.8954752628881
 20
152.3399952996436
 30
0.0
 10
256.0644400279904
 20
152.1297770852742
 30
0.0
 10
256.317177698279
 20
151.9153956324753
 30
0.0
 10
256.5700298888895
 20
151.7746993270006
 30
0.0
 10
256.8692564749865
 20
151.6651233215198
 30
0.0
 10
257.2697620265537
 20
151.5926260692872
 30
0.0
 10
257.7107642116521
 20
151.609737946083
 30
0.0
 10
258.1206545564524
 20
151.7055525806447
 30
0.0
 10
258.3166088303517
 20
151.8027616064188
 30
0.0
 10
258.4207480296318
 20
151.8544229961169
 30
0.0
  0
SPLINE
  5
211
330
1F
100
AcDbEntity
  8
0
100
AcDbSpline
210
0.0
220
0.0
230
1.0
 70
     8
 71
     3
 72
    11
 73
     7
 74
     0
 42
1E-08
 43
1E-08
 40
0.0
 40
0.0
 40
0.0
 40
0.0
 40
0.2940249980535492
 40
0.6031356882175996
 40
0.9228153720145932
 40
1.0
 40
1.0
 40
1.0
 40
1.0
 10
258.420748012999
 20
151.8544229865108
 30
0.0
 10
258.5179805422961
 20
151.9194341562306
 30
0.0
 10
258.717434360383
 20
152.0527920572605
 30
0.0
 10
258.9370480386903
 20
152.3334054529396
 30
0.0
 10
259.0657576743907
 20
152.5701903160412
 30
0.0
 10
259.0831600023119
 20
152.7126432983943
 30
0.0
 10
259.0865445147682
 20
152.7403484362007
 30
0.0
  0
LINE
  5
212
330
1F
100
AcDbEntity
  8
0
100
AcDbLine
 10
258.4258365917294
 20
142.962775800394
 30
0.0
 11
258.4258365917294
 21
151.8582050684412
 31
0.0
  0
LINE
  5
213
330
1F
100
AcDbEntity
  8
0
100
AcDbLine
 10
256.4258365917294
 20
151.864251860325
 30
0.0
 11
256.4258365917294
 21
142.962775800394
 31
0.0
  0
SPLINE
  5
214
330
1F
100
AcDbEntity
  8
0
100
AcDbSpline
210
0.0
220
0.0
230
1.0
 70
     8
 71
     3
 72
    16
 73
    12
 74
     0
 42
1E-08
 43
1E-08
 40
0.0
 40
0.0
 40
0.0
 40
0.0
 40
0.02030403047787286
 40
0.1621606338068952
 40
0.2638910950132793
 40
0.3584637312720372
 40
0.4533746387318529
 40
0.5845194517594203
 40
0.7641622771417688
 40
0.874664884160074
 40
1.0
 40
1.0
 40
1.0
 40
1.0
 10
200.116079826461
 20
184.6741312547762
 30
0.0
 10
200.1226875455012
 20
184.6554750418612
 30
0.0
 10
200.1754609053883
 20
184.5064749054584
 30
0.0
 10
200.3444256704908
 20
184.296256691089
 30
0.0
 10
200.5971633407793
 20
184.0818752382901
 30
0.0
 10
200.8500155313897
 20
183.9411789328154
 30
0.0
 10
201.1492421174867
 20
183.8316029273347
 30
0.0
 10
201.5497476690539
 20
183.759105675102
 30
0.0
 10
201.9907498541523
 20
183.7762175518979
 30
0.0
 10
202.4006401989526
 20
183.8720321864595
 30
0.0
 10
202.5965944728519
 20
183.9692412122337
 30
0.0
 10
202.7007336721319
 20
184.0209026019318
 30
0.0
  0
SPLINE
  5
215
330
1F
100
AcDbEntity
  8
0
100
AcDbSpline
210
0.0
220
0.0
230
1.0
 70
     8
 71
     3
 72
    10
 73
     6
 74
     0
 42
1E-08
 43
1E-08
 40
0.0
 40
0.0
 40
0.0
 40
0.0
 40
0.4232913001885514
 40
0.8683006252728463
 40
1.0
 40
1.0
 40
1.0
 40
1.0
 10
202.7007336554991
 20
184.0209025923256
 30
0.0
 10
202.7964121128184
 20
184.0863402445762
 30
0.0
 10
202.9926780513775
 20
184.220572992427
 30
0.0
 10
203.1769064942511
 20
184.426601893753
 30
0.0
 10
203.235173682572
 20
184.5626810392717
 30
0.0
 10
203.2484797975508
 20
184.5937565863964
 30
0.0
  0
LINE
  5
216
330
1F
100
AcDbEntity
  8
0
100
AcDbLine
 10
202.7058222342295
 20
175.1292554062088
 30
0.0
 11
202.7058222342295
 21
184.0246846742559
 31
0.0
  0
LINE
  5
217
330
1F
100
AcDbEntity
  8
0
100
AcDbLine
 10
200.7058222342295
 20
184.0307314661399
 30
0.0
 11
200.7058222342295
 21
175.1292554062088
 31
0.0
  0
SPLINE
  5
218
330
1F
100
AcDbEntity
  8
0
100
AcDbSpline
210
0.0
220
0.0
230
1.0
 70
     8
 71
     3
 72
    16
 73
    12
 74
     0
 42
1E-08
 43
1E-08
 40
0.0
 40
0.0
 40
0.0
 40
0.0
 40
0.02030403047786052
 40
0.1621606338068816
 40
0.2638910950132615
 40
0.3584637312720231
 40
0.4533746387318464
 40
0.5845194517594177
 40
0.7641622771417708
 40
0.8746648841600747
 40
1.0
 40
1.0
 40
1.0
 40
1.0
 10
207.8235437413944
 20
180.2247070453424
 30
0.0
 10
207.8301514604345
 20
180.2060508324274
 30
0.0
 10
207.8829248203217
 20
180.0570506960246
 30
0.0
 10
208.051889585424
 20
179.8468324816553
 30
0.0
 10
208.3046272557126
 20
179.6324510288563
 30
0.0
 10
208.557479446323
 20
179.4917547233817
 30
0.0
 10
208.85670603242
 20
179.3821787179009
 30
0.0
 10
209.2572115839872
 20
179.3096814656683
 30
0.0
 10
209.6982137690856
 20
179.3267933424641
 30
0.0
 10
210.108104113886
 20
179.4226079770258
 30
0.0
 10
210.3040583877852
 20
179.5198170027999
 30
0.0
 10
210.4081975870653
 20
179.571478392498
 30
0.0
  0
SPLINE
  5
219
330
1F
100
AcDbEntity
  8
0
100
AcDbSpline
210
0.0
220
0.0
230
1.0
 70
     8
 71
     3
 72
    10
 73
     6
 74
     0
 42
1E-08
 43
1E-08
 40
0.0
 40
0.0
 40
0.0
 40
0.0
 40
0.4232913001885507
 40
0.8683006252728422
 40
0.9999999999999999
 40
0.9999999999999999
 40
0.9999999999999999
 40
0.9999999999999999
 10
210.4081975704325
 20
179.5714783828918
 30
0.0
 10
210.5038760277517
 20
179.6369160351425
 30
0.0
 10
210.7001419663109
 20
179.7711487829932
 30
0.0
 10
210.8843704091844
 20
179.9771776843193
 30
0.0
 10
210.9426375975054
 20
180.113256829838
 30
0.0
 10
210.9559437124842
 20
180.1443323769627
 30
0.0
  0
LINE
  5
21A
330
1F
100
AcDbEntity
  8
0
100
AcDbLine
 10
210.4132861491629
 20
170.679831196775
 30
0.0
 11
210.4132861491628
 21
179.5752604648222
 31
0.0
  0
LINE
  5
21B
330
1F
100
AcDbEntity
  8
0
100
AcDbLine
 10
208.4132861491628
 20
179.5813072567061
 30
0.0
 11
208.4132861491629
 21
170.679831196775
 31
0.0
  0
SPLINE
  5
21C
330
1F
100
AcDbEntity
  8
0
100
AcDbSpline
210
0.0
220
0.0
230
1.0
 70
     8
 71
     3
 72
    16
 73
    12
 74
     0
 42
1E-08
 43
1E-08
 40
0.0
 40
0.0
 40
0.0
 40
0.0
 40
0.02030403047786679
 40
0.1621606338068881
 40
0.263891095013269
 40
0.3584637312720291
 40
0.453374638731849
 40
0.5845194517594209
 40
0.7641622771417715
 40
0.8746648841600753
 40
1.0
 40
1.0
 40
1.0
 40
1.0
 10
215.5310076563277
 20
175.7752828359086
 30
0.0
 10
215.5376153753679
 20
175.7566266229936
 30
0.0
 10
215.590388735255
 20
175.6076264865909
 30
0.0
 10
215.7593535003574
 20
175.3974082722215
 30
0.0
 10
216.012091170646
 20
175.1830268194225
 30
0.0
 10
216.2649433612564
 20
175.0423305139479
 30
0.0
 10
216.5641699473533
 20
174.9327545084672
 30
0.0
 10
216.9646754989206
 20
174.8602572562345
 30
0.0
 10
217.405677684019
 20
174.8773691330303
 30
0.0
 10
217.8155680288193
 20
174.973183767592
 30
0.0
 10
218.0115223027186
 20
175.0703927933661
 30
0.0
 10
218.1156615019987
 20
175.1220541830642
 30
0.0
  0
SPLINE
  5
21D
330
1F
100
AcDbEntity
  8
0
100
AcDbSpline
210
0.0
220
0.0
230
1.0
 70
     8
 71
     3
 72
    10
 73
     6
 74
     0
 42
1E-08
 43
1E-08
 40
0.0
 40
0.0
 40
0.0
 40
0.0
 40
0.4232913001885394
 40
0.8683006252728198
 40
1.0
 40
1.0
 40
1.0
 40
1.0
 10
218.1156614853658
 20
175.1220541734581
 30
0.0
 10
218.2113399426851
 20
175.1874918257087
 30
0.0
 10
218.4076058812443
 20
175.3217245735595
 30
0.0
 10
218.5918343241178
 20
175.5277534748855
 30
0.0
 10
218.6501015124387
 20
175.6638326204042
 30
0.0
 10
218.6634076274176
 20
175.6949081675289
 30
0.0
  0
LINE
  5
21E
330
1F
100
AcDbEntity
  8
0
100
AcDbLine
 10
218.1207500640962
 20
166.2304069873412
 30
0.0
 11
218.1207500640962
 21
175.1258362553884
 31
0.0
  0
LINE
  5
21F
330
1F
100
AcDbEntity
  8
0
100
AcDbLine
 10
216.1207500640962
 20
175.1318830472724
 30
0.0
 11
216.1207500640962
 21
166.2304069873412
 31
0.0
  0
SPLINE
  5
220
330
1F
100
AcDbEntity
  8
0
100
AcDbSpline
210
0.0
220
0.0
230
1.0
 70
     8
 71
     3
 72
    16
 73
    12
 74
     0
 42
1E-08
 43
1E-08
 40
0.0
 40
0.0
 40
0.0
 40
0.0
 40
0.02030403047785427
 40
0.1621606338068811
 40
0.263891095013267
 40
0.3584637312720276
 40
0.4533746387318439
 40
0.5845194517594118
 40
0.764162277141765
 40
0.8746648841600716
 40
1.0
 40
1.0
 40
1.0
 40
1.0
 10
240.4211663540942
 20
161.4065000678289
 30
0.0
 10
240.4277740731344
 20
161.3878438549139
 30
0.0
 10
240.4805474330215
 20
161.2388437185111
 30
0.0
 10
240.6495121981239
 20
161.0286255041418
 30
0.0
 10
240.9022498684125
 20
160.8142440513429
 30
0.0
 10
241.1551020590229
 20
160.6735477458682
 30
0.0
 10
241.4543286451199
 20
160.5639717403875
 30
0.0
 10
241.8548341966871
 20
160.4914744881548
 30
0.0
 10
242.2958363817855
 20
160.5085863649506
 30
0.0
 10
242.7057267265858
 20
160.6044009995123
 30
0.0
 10
242.9016810004851
 20
160.7016100252865
 30
0.0
 10
243.0058201997651
 20
160.7532714149845
 30
0.0
  0
SPLINE
  5
221
330
1F
100
AcDbEntity
  8
0
100
AcDbSpline
210
0.0
220
0.0
230
1.0
 70
     8
 71
     3
 72
    10
 73
     6
 74
     0
 42
1E-08
 43
1E-08
 40
0.0
 40
0.0
 40
0.0
 40
0.0
 40
0.4232913001885483
 40
0.8683006252728375
 40
0.9999999999999999
 40
0.9999999999999999
 40
0.9999999999999999
 40
0.9999999999999999
 10
243.0058201831322
 20
160.7532714053784
 30
0.0
 10
243.1014986404515
 20
160.818709057629
 30
0.0
 10
243.2977645790107
 20
160.9529418054798
 30
0.0
 10
243.4819930218842
 20
161.1589707068058
 30
0.0
 10
243.5402602102051
 20
161.2950498523245
 30
0.0
 10
243.553566325184
 20
161.3261253994492
 30
0.0
  0
LINE
  5
222
330
1F
100
AcDbEntity
  8
0
100
AcDbLine
 10
243.0109087618627
 20
151.8616242192615
 30
0.0
 11
243.0109087618626
 21
160.7570534873087
 31
0.0
  0
LINE
  5
223
330
1F
100
AcDbEntity
  8
0
100
AcDbLine
 10
241.0109087618626
 20
160.7631002791927
 30
0.0
 11
241.0109087618627
 21
151.8616242192615
 31
0.0
  0
SPLINE
  5
224
330
1F
100
AcDbEntity
  8
0
100
AcDbSpline
210
0.0
220
0.0
230
1.0
 70
     8
 71
     3
 72
    16
 73
    12
 74
     0
 42
1E-08
 43
1E-08
 40
0.0
 40
0.0
 40
0.0
 40
0.0
 40
0.02030403047784711
 40
0.1621606338068732
 40
0.2638910950132584
 40
0.3584637312720205
 40
0.4533746387318394
 40
0.584519451759409
 40
0.7641622771417645
 40
0.8746648841600716
 40
1.0
 40
1.0
 40
1.0
 40
1.0
 10
248.1286302690276
 20
156.9570758583951
 30
0.0
 10
248.1352379880677
 20
156.9384196454801
 30
0.0
 10
248.1880113479549
 20
156.7894195090774
 30
0.0
 10
248.3569761130573
 20
156.579201294708
 30
0.0
 10
248.6097137833459
 20
156.3648198419091
 30
0.0
 10
248.8625659739563
 20
156.2241235364344
 30
0.0
 10
249.1617925600532
 20
156.1145475309537
 30
0.0
 10
249.5622981116205
 20
156.042050278721
 30
0.0
 10
250.0033002967189
 20
156.0591621555169
 30
0.0
 10
250.4131906415192
 20
156.1549767900786
 30
0.0
 10
250.6091449154184
 20
156.2521858158527
 30
0.0
 10
250.7132841146985
 20
156.3038472055508
 30
0.0
  0
SPLINE
  5
225
330
1F
100
AcDbEntity
  8
0
100
AcDbSpline
210
0.0
220
0.0
230
1.0
 70
     8
 71
     3
 72
    10
 73
     6
 74
     0
 42
1E-08
 43
1E-08
 40
0.0
 40
0.0
 40
0.0
 40
0.0
 40
0.4232913001885465
 40
0.8683006252728385
 40
0.9999999999999999
 40
0.9999999999999999
 40
0.9999999999999999
 40
0.9999999999999999
 10
250.7132840980656
 20
156.3038471959446
 30
0.0
 10
250.8089625553849
 20
156.3692848481952
 30
0.0
 10
251.005228493944
 20
156.503517596046
 30
0.0
 10
251.1894569368176
 20
156.709546497372
 30
0.0
 10
251.2477241251385
 20
156.8456256428907
 30
0.0
 10
251.2610302401173
 20
156.8767011900154
 30
0.0
  0
LINE
  5
226
330
1F
100
AcDbEntity
  8
0
100
AcDbLine
 10
250.718372676796
 20
147.4122000098278
 30
0.0
 11
250.718372676796
 21
156.3076292778749
 31
0.0
  0
LINE
  5
227
330
1F
100
AcDbEntity
  8
0
100
AcDbLine
 10
248.718372676796
 20
156.313676069759
 30
0.0
 11
248.718372676796
 21
147.4122000098278
 31
0.0
  0
LWPOLYLINE
  5
228
330
1F
100
AcDbEntity
  8
0
100
AcDbPolyline
 90
       11
 70
   128
 43
0.0
 10
256.7187298105429
 20
123.1209004216018
 10
256.9718460919898
 20
123.0147373597112
 10
257.2694021266892
 20
122.9589241351174
 10
257.5822710567697
 20
122.9589241351174
 10
257.8798270914689
 20
123.0147373597112
 10
258.132943372916
 20
123.1209004216018
 10
258.3168431159178
 20
123.26702134061
 10
258.4135249323245
 20
123.4387967830988
 10
258.4135249323245
 20
123.6194121719276
 10
258.3168431159178
 20
123.7911876144164
 10
258.132943372916
 20
123.9373085334245
  0
LWPOLYLINE
  5
229
330
1F
100
AcDbEntity
  8
0
100
AcDbPolyline
 90
       11
 70
   128
 43
0.0
 10
258.132943372916
 20
123.9373085334245
 10
257.8798270914689
 20
124.0434715953152
 10
257.5822710567697
 20
124.0992848199089
 10
257.2694021266892
 20
124.0992848199089
 10
256.9718460919898
 20
124.0434715953152
 10
256.7187298105429
 20
123.9373085334245
 10
256.5348300675411
 20
123.7911876144164
 10
256.4381482511342
 20
123.6194121719276
 10
256.4381482511343
 20
123.4387967830988
 10
256.5348300675411
 20
123.2670213406099
 10
256.7187298105429
 20
123.1209004216018
  0
LWPOLYLINE
  5
22A
330
1F
100
AcDbEntity
  8
0
100
AcDbPolyline
 90
        9
 70
   128
 43
0.0
 10
256.7187298105429
 20
113.7306810849157
 10
256.9718460919899
 20
113.6245180230251
 10
257.2694021266892
 20
113.5687047984313
 10
257.5822710567697
 20
113.5687047984313
 10
257.879827091469
 20
113.6245180230251
 10
258.132943372916
 20
113.7306810849157
 10
258.3168431159178
 20
113.8768020039238
 10
258.4135249323246
 20
114.0485774464127
 10
258.4258365917295
 20
114.1388851408271
  0
LINE
  5
22B
330
1F
100
AcDbEntity
  8
0
100
AcDbLine
 10
256.7187298105429
 20
113.7306810849157
 30
0.0
 11
256.7187298105429
 21
123.1209004216018
 31
0.0
  0
LINE
  5
22C
330
1F
100
AcDbEntity
  8
0
100
AcDbLine
 10
206.1061116830401
 20
139.9463512560032
 30
0.0
 11
206.0191735994675
 21
139.8961629686444
 31
0.0
  0
ARC
  5
22D
330
1F
100
AcDbEntity
  8
0
100
AcDbCircle
 10
206.0966371128655
 20
139.6920609406888
 30
0.0
 40
0.2183076584171128
100
AcDbArc
 50
110.7834207994694
 51
249.2165792005314
  0
LINE
  5
22E
330
1F
100
AcDbEntity
  8
0
100
AcDbLine
 10
206.0191735994675
 20
139.4879589127331
 30
0.0
 11
206.3727269900608
 21
139.2838568847774
 31
0.0
  0
ARC
  5
22F
330
1F
100
AcDbEntity
  8
0
100
AcDbCircle
 10
206.2952634766628
 20
139.0797548568217
 30
0.0
 40
0.2183076584171595
100
AcDbArc
 50
290.7834207994815
 51
69.21657920051929
  0
LINE
  5
230
330
1F
100
AcDbEntity
  8
0
100
AcDbLine
 10
206.3727269900608
 20
138.875652828866
 30
0.0
 11
202.4836396935348
 21
136.6305305213536
 31
0.0
  0
ARC
  5
231
330
1F
100
AcDbEntity
  8
0
100
AcDbCircle
 10
202.5611032069328
 20
136.426428493398
 30
0.0
 40
0.2183076584171861
100
AcDbArc
 50
110.783420799486
 51
249.2165792005227
  0
LINE
  5
232
330
1F
100
AcDbEntity
  8
0
100
AcDbLine
 10
202.4836396935348
 20
136.2223264654423
 30
0.0
 11
208.4233366555018
 21
132.7934123957868
 31
0.0
  0
ARC
  5
233
330
1F
100
AcDbEntity
  8
0
100
AcDbCircle
 10
208.776890046095
 20
133.4757679382649
 30
0.0
 40
0.7685109539560623
100
AcDbArc
 50
242.6096722366075
 51
297.390327763394
  0
LINE
  5
234
330
1F
100
AcDbEntity
  8
0
100
AcDbLine
 10
209.1304434366883
 20
132.7934123957868
 30
0.0
 11
213.0195307332143
 21
135.0385347032993
 31
0.0
  0
ARC
  5
235
330
1F
100
AcDbEntity
  8
0
100
AcDbCircle
 10
213.3730841238076
 20
134.3561791608214
 30
0.0
 40
0.7685109539559745
100
AcDbArc
 50
62.60967223660101
 51
117.3903277633971
  0
LINE
  5
236
330
1F
100
AcDbEntity
  8
0
100
AcDbLine
 10
213.7266375144009
 20
135.0385347032993
 30
0.0
 11
214.0801909049942
 21
134.8344326753436
 31
0.0
  0
ARC
  5
237
330
1F
100
AcDbEntity
  8
0
100
AcDbCircle
 10
214.4337442955874
 20
135.5167882178215
 30
0.0
 40
0.7685109539559493
100
AcDbArc
 50
242.6096722366027
 51
297.3903277634008
  0
LINE
  5
238
330
1F
100
AcDbEntity
  8
0
100
AcDbLine
 10
214.7872976861807
 20
134.8344326753436
 30
0.0
 11
214.8742357697533
 21
134.8846209627024
 31
0.0
  0
LWPOLYLINE
  5
239
330
1F
100
AcDbEntity
  8
0
100
AcDbPolyline
 90
       10
 70
   128
 43
0.0
 10
217.8060839658812
 20
133.719716699969
 10
217.3605342555503
 20
133.6653936023799
 10
216.9051625366683
 20
133.663972770001
 10
216.4586216857642
 20
133.7155124027814
 10
216.0392028505127
 20
133.8179013410538
 10
215.6640862101464
 20
133.966945542579
 10
215.3486372432109
 20
134.1565398783532
 10
215.1057773288506
 20
134.3789182101007
 10
214.9454544629744
 20
134.6249715058091
 10
214.8742357697533
 20
134.8846209627024
  0
LINE
  5
23A
330
1F
100
AcDbEntity
  8
0
100
AcDbLine
 10
217.8060857250883
 20
133.7197135242164
 30
0.0
 11
214.7872976861807
 21
131.9770042839641
 31
0.0
  0
ARC
  5
23B
330
1F
100
AcDbEntity
  8
0
100
AcDbCircle
 10
214.8647611995786
 20
131.7729022560085
 30
0.0
 40
0.2183076584171192
100
AcDbArc
 50
110.7834207994528
 51
249.2165792005453
  0
LINE
  5
23C
330
1F
100
AcDbEntity
  8
0
100
AcDbLine
 10
214.7872976861807
 20
131.5688002280528
 30
0.0
 11
240.6674058776083
 21
116.6285317816972
 31
0.0
  0
ARC
  5
23D
330
1F
100
AcDbEntity
  8
0
100
AcDbCircle
 10
241.0209592682016
 20
117.3108873241749
 30
0.0
 40
0.7685109539557721
100
AcDbArc
 50
242.6096722365964
 51
297.3903277634015
  0
LINE
  5
23E
330
1F
100
AcDbEntity
  8
0
100
AcDbLine
 10
241.3745126587948
 20
116.6285317816972
 30
0.0
 11
244.3932997870929
 21
118.3712404962657
 31
0.0
  0
LWPOLYLINE
  5
23F
330
1F
100
AcDbEntity
  8
0
100
AcDbPolyline
 90
       10
 70
   128
 43
0.0
 10
246.4111982106733
 20
116.6787200690559
 10
245.9614237243221
 20
116.7198336998722
 10
245.5352009877168
 20
116.8123860069756
 10
245.1499888569968
 20
116.9525858800471
 10
244.8215663195218
 20
117.1346904780682
 10
244.5633861579386
 20
117.3512404665031
 10
244.3860238998106
 20
117.5933655651664
 10
244.2967446248327
 20
117.8511478909838
 10
244.2992053739934
 20
118.1140282124662
 10
244.3933053505453
 20
118.3712384749784
  0
LINE
  5
240
330
1F
100
AcDbEntity
  8
0
100
AcDbLine
 10
246.4111982106733
 20
116.6787200690559
 30
0.0
 11
246.3242601271007
 21
116.6285317816972
 31
0.0
  0
ARC
  5
241
330
1F
100
AcDbEntity
  8
0
100
AcDbCircle
 10
246.4017236404986
 20
116.4244297537415
 30
0.0
 40
0.2183076584171494
100
AcDbArc
 50
110.7834207994737
 51
249.2165792005271
  0
LINE
  5
242
330
1F
100
AcDbEntity
  8
0
100
AcDbLine
 10
246.3242601271007
 20
116.2203277257859
 30
0.0
 11
246.6778135176939
 21
116.0162256978302
 31
0.0
  0
ARC
  5
243
330
1F
100
AcDbEntity
  8
0
100
AcDbCircle
 10
246.600350004296
 20
115.8121236698745
 30
0.0
 40
0.2183076584171627
100
AcDbArc
 50
290.7834207994732
 51
69.21657920052625
  0
LINE
  5
244
330
1F
100
AcDbEntity
  8
0
100
AcDbLine
 10
246.6778135176939
 20
115.6080216419188
 30
0.0
 11
242.7887262211679
 21
113.3628993344064
 31
0.0
  0
ARC
  5
245
330
1F
100
AcDbEntity
  8
0
100
AcDbCircle
 10
242.8661897345659
 20
113.1587973064507
 30
0.0
 40
0.2183076584171526
100
AcDbArc
 50
110.7834207994694
 51
249.2165792005353
  0
LINE
  5
246
330
1F
100
AcDbEntity
  8
0
100
AcDbLine
 10
242.7887262211679
 20
112.954695278495
 30
0.0
 11
248.7284231831349
 21
109.5257812088396
 31
0.0
  0
ARC
  5
247
330
1F
100
AcDbEntity
  8
0
100
AcDbCircle
 10
249.0819765737282
 20
110.2081367513173
 30
0.0
 40
0.7685109539557968
100
AcDbArc
 50
242.6096722365997
 51
297.3903277634019
  0
LINE
  5
248
330
1F
100
AcDbEntity
  8
0
100
AcDbLine
 10
249.4355299643214
 20
109.5257812088396
 30
0.0
 11
253.3246172608475
 21
111.7709035163521
 31
0.0
  0
ARC
  5
249
330
1F
100
AcDbEntity
  8
0
100
AcDbCircle
 10
253.6781706514407
 20
111.0885479738743
 30
0.0
 40
0.7685109539558478
100
AcDbArc
 50
62.60967223659851
 51
117.3903277633996
  0
LINE
  5
24A
330
1F
100
AcDbEntity
  8
0
100
AcDbLine
 10
254.031724042034
 20
111.7709035163521
 30
0.0
 11
254.3852774326273
 21
111.5668014883964
 31
0.0
  0
ARC
  5
24B
330
1F
100
AcDbEntity
  8
0
100
AcDbCircle
 10
254.7388308232206
 20
112.2491570308744
 30
0.0
 40
0.7685109539560502
100
AcDbArc
 50
242.6096722366047
 51
297.390327763395
  0
LINE
  5
24C
330
1F
100
AcDbEntity
  8
0
100
AcDbLine
 10
255.0923842138139
 20
111.5668014883964
 30
0.0
 11
255.1793222973864
 21
111.6169897757551
 31
0.0
  0
LWPOLYLINE
  5
24D
330
1F
100
AcDbEntity
  8
0
100
AcDbPolyline
 90
       10
 70
   128
 43
0.0
 10
258.1111751540365
 20
110.4520863734033
 10
257.6656251077717
 20
110.3977626830162
 10
257.2102528524798
 20
110.3963413725485
 10
256.7637113309724
 20
110.4478806616713
 10
256.3442917618444
 20
110.550269399779
 10
255.9691743952013
 20
110.6993135428685
 10
255.653724775839
 20
110.8889079498269
 10
255.4108643403219
 20
111.111286461014
 10
255.2505411295378
 20
111.3573400154285
 10
255.1793222973865
 20
111.6169897757551
  0
LINE
  5
24E
330
1F
100
AcDbEntity
  8
0
100
AcDbLine
 10
249.0819765737282
 20
105.2396386217704
 30
0.0
 11
258.1111761451166
 21
110.452084584301
 31
0.0
  0
ARC
  5
24F
330
1F
100
AcDbEntity
  8
0
100
AcDbCircle
 10
248.7284231831349
 20
105.9219941642482
 30
0.0
 40
0.7685109539559493
100
AcDbArc
 50
242.6096722366046
 51
297.3903277634008
  0
LINE
  5
250
330
1F
100
AcDbEntity
  8
0
100
AcDbLine
 10
195.059018491076
 20
136.0182244374866
 30
0.0
 11
248.3748697925416
 21
105.2396386217704
 31
0.0
  0
ARC
  5
251
330
1F
100
AcDbEntity
  8
0
100
AcDbCircle
 10
195.136482004474
 20
136.2223264654423
 30
0.0
 40
0.218307658417176
100
AcDbArc
 50
110.7834207994737
 51
249.2165792005297
  0
LINE
  5
252
330
1F
100
AcDbEntity
  8
0
100
AcDbLine
 10
204.0882132594591
 20
141.6388716832125
 30
0.0
 11
195.059018491076
 21
136.4264284933979
 31
0.0
  0
LWPOLYLINE
  5
253
330
1F
100
AcDbEntity
  8
0
100
AcDbPolyline
 90
       10
 70
   128
 43
0.0
 10
206.1061116830402
 20
139.9463512560032
 10
205.656337196689
 20
139.9874648868194
 10
205.2301144600838
 20
140.0800171939228
 10
204.8449023293639
 20
140.2202170669942
 10
204.5164797918889
 20
140.4023216650153
 10
204.2582996303057
 20
140.61887165345
 10
204.0809373721777
 20
140.8609967521133
 10
203.9916580971996
 20
141.1187790779306
 10
203.9941188463602
 20
141.381659399413
 10
204.0882188229119
 20
141.6388696619251
  0
LINE
  5
254
330
1F
100
AcDbEntity
  8
0
100
AcDbLine
 10
249.0819765737282
 20
101.1569345623416
 30
0.0
 11
249.0819765737282
 21
105.2396386217704
 31
0.0
  0
LINE
  5
255
330
1F
100
AcDbEntity
  8
0
100
AcDbLine
 10
248.3748697925416
 20
101.1569345623416
 30
0.0
 11
248.3748697925416
 21
105.2396386217704
 31
0.0
  0
ARC
  5
256
330
1F
100
AcDbEntity
  8
0
100
AcDbCircle
 10
248.7284231831349
 20
101.8392901048195
 30
0.0
 40
0.7685109539559618
100
AcDbArc
 50
242.6096722366051
 51
297.3903277634003
  0
LINE
  5
257
330
1F
100
AcDbEntity
  8
0
100
AcDbLine
 10
259.5689289660932
 20
111.2936273751088
 30
0.0
 11
260.9613704976624
 21
112.0974667610813
 31
0.0
  0
LINE
  5
258
330
1F
100
AcDbEntity
  8
0
100
AcDbLine
 10
260.9613704976624
 20
108.0147627016525
 30
0.0
 11
260.9613704976624
 21
112.0974667610813
 31
0.0
  0
SPLINE
  5
259
330
1F
100
AcDbEntity
  8
0
100
AcDbSpline
210
0.0
220
0.0
230
1.0
 70
     8
 71
     3
 72
    17
 73
    13
 74
     0
 42
1E-08
 43
1E-08
 40
0.0
 40
0.0
 40
0.0
 40
0.0
 40
0.05869423696633524
 40
0.1250709243254677
 40
0.2501294338218512
 40
0.3901130672327145
 40
0.5002227388426103
 40
0.6099825311711676
 40
0.7500958029007826
 40
0.8750547714431631
 40
0.9412700281808566
 40
1.0
 40
1.0
 40
1.0
 40
1.0
 10
259.5689289660932
 20
111.2936273751088
 30
0.0
 10
259.5403379137855
 20
111.2776260080951
 30
0.0
 10
259.4794135449821
 20
111.2435288655763
 30
0.0
 10
259.3577960824388
 20
111.1826891872768
 30
0.0
 10
259.1972235151113
 20
111.1093230075465
 30
0.0
 10
259.0151749932896
 20
111.0227188096333
 30
0.0
 10
258.8398968599348
 20
110.9300764609319
 30
0.0
 10
258.6645568214876
 20
110.8202920567156
 30
0.0
 10
258.4826656235266
 20
110.6967833370811
 30
0.0
 10
258.3221551765636
 20
110.5848214528259
 30
0.0
 10
258.2006480332199
 20
110.505302544013
 30
0.0
 10
258.1397846968218
 20
110.4691009766487
 30
0.0
 10
258.1111761451166
 20
110.452084584301
 30
0.0
  0
LINE
  5
25A
330
1F
100
AcDbEntity
  8
0
100
AcDbLine
 10
249.0819765737282
 20
101.1569345623416
 30
0.0
 11
260.9613704976624
 21
108.0147627016525
 31
0.0
  0
LINE
  5
25B
330
1F
100
AcDbEntity
  8
0
100
AcDbLine
 10
195.059018491076
 20
131.9355203780578
 30
0.0
 11
195.059018491076
 21
136.0182244374866
 31
0.0
  0
LINE
  5
25C
330
1F
100
AcDbEntity
  8
0
100
AcDbLine
 10
195.059018491076
 20
131.9355203780578
 30
0.0
 11
248.3748697925416
 21
101.1569345623416
 31
0.0
  0
ARC
  5
25D
330
1F
100
AcDbEntity
  8
0
100
AcDbCircle
 10
256.9262936542198
 20
114.1887915177261
 30
0.0
 40
0.502939278493632
100
AcDbArc
 50
185.6947992511878
 51
245.6253417064256
  0
LINE
  5
25E
330
1F
100
AcDbEntity
  8
0
100
AcDbLine
 10
202.4836396935348
 20
146.2641462408616
 30
0.0
 11
205.2313056338235
 21
144.677952456617
 31
0.0
  0
ARC
  5
25F
330
1F
100
AcDbEntity
  8
0
100
AcDbCircle
 10
202.5611032069328
 20
146.4682482688173
 30
0.0
 40
0.2183076584171494
100
AcDbArc
 50
110.7834207994737
 51
249.2165792005271
  0
LINE
  5
260
330
1F
100
AcDbEntity
  8
0
100
AcDbLine
 10
205.2313056338235
 20
148.2585440810176
 30
0.0
 11
202.4836396935348
 21
146.6723502967729
 31
0.0
  0
LINE
  5
261
330
1F
100
AcDbEntity
  8
0
100
AcDbLine
 10
269.4466518719008
 20
111.6892627051698
 30
0.0
 11
258.4258365917295
 21
118.0514439435773
 31
0.0
  0
LINE
  5
262
330
1F
100
AcDbEntity
  8
0
100
AcDbLine
 10
256.4258365917295
 20
119.2060193677484
 30
0.0
 11
250.7183726767961
 21
122.5008681530111
 31
0.0
  0
LINE
  5
263
330
1F
100
AcDbEntity
  8
0
100
AcDbLine
 10
248.7183726767961
 20
123.6554435771822
 30
0.0
 11
247.5363921614566
 21
124.3377864046122
 31
0.0
  0
LINE
  5
264
330
1F
100
AcDbEntity
  8
0
100
AcDbLine
 10
245.5363921614566
 20
125.4923618287833
 30
0.0
 11
218.1207500640963
 21
141.3190751305246
 31
0.0
  0
LINE
  5
265
330
1F
100
AcDbEntity
  8
0
100
AcDbLine
 10
216.1207500640963
 20
142.4736505546957
 30
0.0
 11
210.4132861491629
 21
145.7684993399583
 31
0.0
  0
LINE
  5
266
330
1F
100
AcDbEntity
  8
0
100
AcDbLine
 10
208.4132861491629
 20
146.9230747641295
 30
0.0
 11
207.2313056338235
 21
147.6054175915594
 31
0.0
  0
ARC
  5
267
330
1F
100
AcDbEntity
  8
0
100
AcDbCircle
 10
269.3691883585029
 20
111.4851606772141
 30
0.0
 40
0.2183076584171293
100
AcDbArc
 50
290.7834207994619
 51
69.21657920054021
  0
LINE
  5
268
330
1F
100
AcDbEntity
  8
0
100
AcDbLine
 10
266.6182247471546
 20
109.648242425613
 30
0.0
 11
269.4466518719008
 21
111.2810586492585
 31
0.0
  0
ARC
  5
269
330
1F
100
AcDbEntity
  8
0
100
AcDbCircle
 10
266.2646713565613
 20
110.3305979680908
 30
0.0
 40
0.7685109539558865
100
AcDbArc
 50
242.6096722365961
 51
297.3903277633971
  0
LINE
  5
26A
330
1F
100
AcDbEntity
  8
0
100
AcDbLine
 10
261.6684772788487
 20
112.0974667610812
 30
0.0
 11
265.911117965968
 21
109.648242425613
 31
0.0
  0
ARC
  5
26B
330
1F
100
AcDbEntity
  8
0
100
AcDbCircle
 10
261.3149238882555
 20
111.4151112186032
 30
0.0
 40
0.7685109539560749
100
AcDbArc
 50
62.60967223660727
 51
117.3903277633785
  0
LINE
  5
26C
330
1F
100
AcDbEntity
  8
0
100
AcDbLine
 10
256.4258365917295
 20
115.1239788086349
 30
0.0
 11
253.9610133639154
 21
116.5468909705149
 31
0.0
  0
ARC
  5
26D
330
1F
100
AcDbEntity
  8
0
100
AcDbCircle
 10
253.6074599733221
 20
115.864535428037
 30
0.0
 40
0.7685109539560502
100
AcDbArc
 50
62.60967223660581
 51
117.3903277633961
  0
LINE
  5
26E
330
1F
100
AcDbEntity
  8
0
100
AcDbLine
 10
253.2539065827288
 20
116.5468909705149
 30
0.0
 11
251.861455226018
 21
115.7430459126089
 31
0.0
  0
LINE
  5
26F
330
1F
100
AcDbEntity
  8
0
100
AcDbLine
 10
245.5363921614566
 20
121.4103212696697
 30
0.0
 11
221.3633907512156
 21
135.3650979480284
 31
0.0
  0
ARC
  5
270
330
1F
100
AcDbEntity
  8
0
100
AcDbCircle
 10
221.0098373606223
 20
134.6827424055506
 30
0.0
 40
0.768510953955911
100
AcDbArc
 50
62.60967223660094
 51
117.3903277633972
  0
LINE
  5
271
330
1F
100
AcDbEntity
  8
0
100
AcDbLine
 10
220.6562839700291
 20
135.3650979480284
 30
0.0
 11
219.2638424384601
 21
134.5612585620561
 31
0.0
  0
LINE
  5
272
330
1F
100
AcDbEntity
  8
0
100
AcDbLine
 10
216.1207500640963
 20
138.3916099955821
 30
0.0
 11
213.6559268362822
 21
139.8145221574622
 31
0.0
  0
ARC
  5
273
330
1F
100
AcDbEntity
  8
0
100
AcDbCircle
 10
213.302373445689
 20
139.1321666149843
 30
0.0
 40
0.7685109539559362
100
AcDbArc
 50
62.60967223660192
 51
117.3903277633981
  0
LINE
  5
274
330
1F
100
AcDbEntity
  8
0
100
AcDbLine
 10
212.9488200550957
 20
139.8145221574622
 30
0.0
 11
211.5563686983849
 21
139.0106770995562
 31
0.0
  0
SPLINE
  5
275
330
1F
100
AcDbEntity
  8
0
100
AcDbSpline
210
0.0
220
0.0
230
1.0
 70
     8
 71
     3
 72
    13
 73
     9
 74
     0
 42
1E-08
 43
1E-08
 40
0.0
 40
0.0
 40
0.0
 40
0.0
 40
0.05350029774692552
 40
0.2116609732130351
 40
0.3735032688483041
 40
0.6583096925977614
 40
0.822127108652279
 40
1.0
 40
1.0
 40
1.0
 40
1.0
 10
255.7533052298101
 20
114.0962060814183
 30
0.0
 10
255.7560731076571
 20
114.1042688212425
 30
0.0
 10
255.7670235461314
 20
114.136167099006
 30
0.0
 10
255.803854463245
 20
114.1805514184634
 30
0.0
 10
255.8770432052857
 20
114.2374502879561
 30
0.0
 10
255.9761786489364
 20
114.2651820736842
 30
0.0
 10
256.0894097584417
 20
114.2645491579156
 30
0.0
 10
256.1545104277459
 20
114.249020085974
 30
0.0
 10
256.188399724653
 20
114.2409361548049
 30
0.0
  0
LINE
  5
276
330
1F
100
AcDbEntity
  8
0
100
AcDbLine
 10
258.6632734588059
 20
111.3831760132678
 30
0.0
 11
258.6632734588059
 21
113.0162576370393
 31
0.0
  0
LWPOLYLINE
  5
277
330
1F
100
AcDbEntity
  8
0
100
AcDbPolyline
 90
       11
 70
   128
 43
0.0
 10
250.4254794579826
 20
128.3867327428583
 10
250.6093792009844
 20
128.2406118238501
 10
250.7060610173912
 20
128.0688363813613
 10
250.7060610173912
 20
127.8882209925325
 10
250.6093792009844
 20
127.7164455500437
 10
250.4254794579826
 20
127.5703246310356
 10
250.1723631765356
 20
127.4641615691449
 10
249.8748071418363
 20
127.4083483445512
 10
249.5619382117558
 20
127.4083483445512
 10
249.2643821770565
 20
127.4641615691449
 10
249.0112658956095
 20
127.5703246310356
  0
LWPOLYLINE
  5
278
330
1F
100
AcDbEntity
  8
0
100
AcDbPolyline
 90
       11
 70
   128
 43
0.0
 10
249.0112658956095
 20
127.5703246310356
 10
248.8273661526077
 20
127.7164455500437
 10
248.7306843362009
 20
127.8882209925325
 10
248.7306843362009
 20
128.0688363813613
 10
248.8273661526077
 20
128.2406118238501
 10
249.0112658956095
 20
128.3867327428583
 10
249.2643821770565
 20
128.4928958047489
 10
249.5619382117559
 20
128.5487090293427
 10
249.8748071418363
 20
128.5487090293427
 10
250.1723631765356
 20
128.4928958047489
 10
250.4254794579826
 20
128.3867327428583
  0
LWPOLYLINE
  5
279
330
1F
100
AcDbEntity
  8
0
100
AcDbPolyline
 90
        9
 70
   128
 43
0.0
 10
250.7183726767961
 20
118.5883093502608
 10
250.7060610173912
 20
118.4980016558464
 10
250.6093792009845
 20
118.3262262133576
 10
250.4254794579826
 20
118.1801052943495
 10
250.1723631765356
 20
118.0739422324588
 10
249.8748071418363
 20
118.0181290078651
 10
249.5619382117559
 20
118.0181290078651
 10
249.2643821770565
 20
118.0739422324588
 10
249.0112658956095
 20
118.1801052943495
  0
LINE
  5
27A
330
1F
100
AcDbEntity
  8
0
100
AcDbLine
 10
249.0112658956095
 20
127.5703246310356
 30
0.0
 11
249.0112658956095
 21
118.1801052943495
 31
0.0
  0
LINE
  5
27B
330
1F
100
AcDbEntity
  8
0
100
AcDbLine
 10
266.6182247471546
 20
105.5655383661843
 30
0.0
 11
266.6182247471546
 21
109.648242425613
 31
0.0
  0
LINE
  5
27C
330
1F
100
AcDbEntity
  8
0
100
AcDbLine
 10
265.9111179659681
 20
105.5655383661843
 30
0.0
 11
265.911117965968
 21
109.648242425613
 31
0.0
  0
ARC
  5
27D
330
1F
100
AcDbEntity
  8
0
100
AcDbCircle
 10
266.2646713565613
 20
106.2478939086621
 30
0.0
 40
0.7685109539558604
100
AcDbArc
 50
242.6096722365998
 51
297.390327763398
  0
LINE
  5
27E
330
1F
100
AcDbEntity
  8
0
100
AcDbLine
 10
269.4466518719008
 20
107.1983545898297
 30
0.0
 11
269.4466518719008
 21
111.2810586492585
 31
0.0
  0
LINE
  5
27F
330
1F
100
AcDbEntity
  8
0
100
AcDbLine
 10
266.6182247471546
 20
105.5655383661843
 30
0.0
 11
269.4466518719008
 21
107.1983545898297
 31
0.0
  0
LINE
  5
280
330
1F
100
AcDbEntity
  8
0
100
AcDbLine
 10
261.6684772788488
 20
108.0147627016524
 30
0.0
 11
261.6684772788487
 21
112.0974667610812
 31
0.0
  0
LINE
  5
281
330
1F
100
AcDbEntity
  8
0
100
AcDbLine
 10
261.6684772788488
 20
108.0147627016524
 30
0.0
 11
265.9111179659681
 21
105.5655383661843
 31
0.0
  0
SPLINE
  5
282
330
1F
100
AcDbEntity
  8
0
100
AcDbSpline
210
0.0
220
0.0
230
1.0
 70
     8
 71
     3
 72
    11
 73
     7
 74
     0
 42
1E-08
 43
1E-08
 40
0.0
 40
0.0
 40
0.0
 40
0.0
 40
0.3133615997513287
 40
0.6272592653694304
 40
0.9412731642927443
 40
1.0
 40
1.0
 40
1.0
 40
1.0
 10
255.1793222973864
 20
111.6169897757551
 30
0.0
 10
255.2382044099725
 20
111.6562411878676
 30
0.0
 10
255.3560693644324
 20
111.7348111592553
 30
0.0
 10
255.5184681503919
 20
111.9087190600807
 30
0.0
 10
255.6317360049084
 20
112.0559106446125
 30
0.0
 10
255.6698340828623
 20
112.1455503122289
 30
0.0
 10
255.6758365917294
 20
112.1596734105219
 30
0.0
  0
ARC
  5
283
330
1F
100
AcDbEntity
  8
0
100
AcDbCircle
 10
249.2188297392866
 20
118.63821572716
 30
0.0
 40
0.5029392784937813
100
AcDbArc
 50
185.6947992511971
 51
245.6253417064156
  0
LWPOLYLINE
  5
284
330
1F
100
AcDbEntity
  8
0
100
AcDbPolyline
 90
       11
 70
   128
 43
0.0
 10
245.8292853802701
 20
129.4072428826367
 10
246.0824016617171
 20
129.3010798207461
 10
246.3799576964164
 20
129.2452665961523
 10
246.6928266264968
 20
129.2452665961523
 10
246.9903826611962
 20
129.3010798207461
 10
247.2434989426432
 20
129.4072428826367
 10
247.427398685645
 20
129.5533638016448
 10
247.5240805020517
 20
129.7251392441337
 10
247.5240805020517
 20
129.9057546329624
 10
247.427398685645
 20
130.0775300754513
 10
247.2434989426432
 20
130.2236509944594
  0
LWPOLYLINE
  5
285
330
1F
100
AcDbEntity
  8
0
100
AcDbPolyline
 90
       11
 70
   128
 43
0.0
 10
247.2434989426432
 20
130.2236509944594
 10
246.9903826611962
 20
130.32981405635
 10
246.6928266264968
 20
130.3856272809438
 10
246.3799576964164
 20
130.3856272809438
 10
246.0824016617171
 20
130.32981405635
 10
245.8292853802701
 20
130.2236509944594
 10
245.6453856372682
 20
130.0775300754513
 10
245.5487038208615
 20
129.9057546329624
 10
245.5487038208615
 20
129.7251392441336
 10
245.6453856372682
 20
129.5533638016448
 10
245.8292853802701
 20
129.4072428826367
  0
ARC
  5
286
330
1F
100
AcDbEntity
  8
0
100
AcDbCircle
 10
246.5363921614567
 20
121.3817346309061
 30
0.0
 40
1.537021907911683
100
AcDbArc
 50
242.6096722365991
 51
297.3903277634016
  0
LINE
  5
287
330
1F
100
AcDbEntity
  8
0
100
AcDbLine
 10
245.8292853802701
 20
120.0170235459506
 30
0.0
 11
245.8292853802701
 21
129.4072428826367
 31
0.0
  0
ARC
  5
288
330
1F
100
AcDbEntity
  8
0
100
AcDbCircle
 10
247.035935098966
 20
120.4751339787612
 30
0.0
 40
0.5029392784939509
100
AcDbArc
 50
294.3746582935889
 51
354.3052007487919
  0
ARC
  5
289
330
1F
100
AcDbEntity
  8
0
100
AcDbCircle
 10
269.3428699500622
 20
107.4274098062351
 30
0.0
 40
0.2514696392470349
100
AcDbArc
 50
294.3746582935797
 51
354.3052007487867
  0
ARC
  5
28A
330
1F
100
AcDbEntity
  8
0
100
AcDbCircle
 10
246.0205270526623
 20
120.4634225486162
 30
0.0
 40
0.4856392146853967
100
AcDbArc
 50
184.5109035713736
 51
246.8092373862456
  0
ARC
  5
28B
330
1F
100
AcDbEntity
  8
0
100
AcDbCircle
 10
261.3149238882555
 20
107.3324071591744
 30
0.0
 40
0.7685109539561011
100
AcDbArc
 50
62.60967223660352
 51
117.3903277633776
  0
LINE
  5
28C
330
1F
100
AcDbEntity
  8
0
100
AcDbLine
 10
246.677813517694
 20
111.5253175824901
 30
0.0
 11
246.6778135176939
 21
115.6080216419188
 31
0.0
  0
LINE
  5
28D
330
1F
100
AcDbEntity
  8
0
100
AcDbLine
 10
246.677813517694
 20
111.5253175824901
 30
0.0
 11
245.9712814069025
 21
111.1174452767363
 31
0.0
  0
SPLINE
  5
28E
330
1F
100
AcDbEntity
  8
0
100
AcDbSpline
210
0.0
220
0.0
230
1.0
 70
     8
 71
     3
 72
    13
 73
     9
 74
     0
 42
1E-08
 43
1E-08
 40
0.0
 40
0.0
 40
0.0
 40
0.0
 40
0.05350029775197773
 40
0.2116609732168343
 40
0.3735032688484121
 40
0.6583096926032419
 40
0.8221271086563897
 40
0.9999999999999999
 40
0.9999999999999999
 40
0.9999999999999999
 40
0.9999999999999999
 10
248.0458413148766
 20
118.5456302908519
 30
0.0
 10
248.0486091927239
 20
118.5536930306769
 30
0.0
 10
248.0595596311985
 20
118.5855913084408
 30
0.0
 10
248.0963905483123
 20
118.6299756278979
 30
0.0
 10
248.1695792903537
 20
118.6868744973906
 30
0.0
 10
248.2687147340048
 20
118.7146062831185
 30
0.0
 10
248.3819458435102
 20
118.7139733673491
 30
0.0
 10
248.4470465128134
 20
118.6984442954077
 30
0.0
 10
248.4809358097196
 20
118.6903603642387
 30
0.0
  0
LINE
  5
28F
330
1F
100
AcDbEntity
  8
0
100
AcDbLine
 10
250.9558095438725
 20
115.8326002227016
 30
0.0
 11
250.9558095438725
 21
117.4656818464731
 31
0.0
  0
LINE
  5
290
330
1F
100
AcDbEntity
  8
0
100
AcDbLine
 10
253.9610133639154
 20
112.4641869110862
 30
0.0
 11
253.9610133639154
 21
116.5468909705149
 31
0.0
  0
LINE
  5
291
330
1F
100
AcDbEntity
  8
0
100
AcDbLine
 10
255.2894451025754
 20
111.6972995920133
 30
0.0
 11
253.9610133639154
 21
112.4641869110862
 31
0.0
  0
SPLINE
  5
292
330
1F
100
AcDbEntity
  8
0
100
AcDbSpline
210
0.0
220
0.0
230
1.0
 70
     8
 71
     3
 72
    12
 73
     8
 74
     0
 42
1E-08
 43
1E-08
 40
0.0
 40
0.0
 40
0.0
 40
0.0
 40
0.1173303853769666
 40
0.2500163492883846
 40
0.5000307062062795
 40
0.7800936387802645
 40
1.0
 40
1.0
 40
1.0
 40
1.0
 10
251.861455226018
 20
115.7430459126089
 30
0.0
 10
251.8328786157888
 20
115.7270510602864
 30
0.0
 10
251.7719854401498
 20
115.6929680342038
 30
0.0
 10
251.6504245784693
 20
115.6321897758748
 30
0.0
 10
251.4898710778233
 20
115.5585495023333
 30
0.0
 10
251.3079033260525
 20
115.473166713725
 30
0.0
 10
251.1861417975044
 20
115.406360633933
 30
0.0
 10
251.1325862391692
 20
115.3769766655638
 30
0.0
  0
LWPOLYLINE
  5
293
330
1F
100
AcDbEntity
  8
0
100
AcDbPolyline
 90
       12
 70
   128
 43
0.0
 10
251.1325862391692
 20
115.3769766655638
 10
250.790052047413
 20
115.2185539497685
 10
250.3959059748445
 20
115.1070789068188
 10
249.9691300236166
 20
115.0479201542209
 10
249.5302776448192
 20
115.0439267665879
 10
249.1004838880668
 20
115.0952910647316
 10
248.7004475414068
 20
115.1995393535278
 10
248.3494342815057
 20
115.3516510546171
 10
248.0643488422141
 20
115.5443004965329
 10
247.8589208857028
 20
115.7682097176878
 10
247.7430437844652
 20
116.012595291292
 10
247.7222981583229
 20
116.2656876531989
  0
SPLINE
  5
294
330
1F
100
AcDbEntity
  8
0
100
AcDbSpline
210
0.0
220
0.0
230
1.0
 70
     8
 71
     3
 72
     9
 73
     5
 74
     0
 42
1E-08
 43
1E-08
 40
0.0
 40
0.0
 40
0.0
 40
0.0
 40
0.7289559060486924
 40
0.9999999999999999
 40
0.9999999999999999
 40
0.9999999999999999
 40
0.9999999999999999
 10
247.7222981583229
 20
116.265687653199
 30
0.0
 10
247.7925395249868
 20
116.3415944219789
 30
0.0
 10
247.8888983939953
 20
116.4457252317441
 30
0.0
 10
247.9514251648438
 20
116.576491000129
 30
0.0
 10
247.9683726767961
 20
116.6119342893407
 30
0.0
  0
LINE
  5
295
330
1F
100
AcDbEntity
  8
0
100
AcDbLine
 10
251.1325862391692
 20
111.2395747433521
 30
0.0
 11
251.1325862391692
 21
115.3769766655638
 31
0.0
  0
LWPOLYLINE
  5
296
330
1F
100
AcDbEntity
  8
0
100
AcDbPolyline
 90
       12
 70
   128
 43
0.0
 10
251.1325862391692
 20
111.2395747433521
 10
250.790052047413
 20
111.0811520275568
 10
250.3959059748445
 20
110.9696769846071
 10
249.9691300236165
 20
110.9105182320092
 10
249.5302776448192
 20
110.9065248443763
 10
249.1004838880667
 20
110.9578891425199
 10
248.7004475414067
 20
111.0621374313161
 10
248.3494342815056
 20
111.2142491324054
 10
248.064348842214
 20
111.4068985743213
 10
247.8589208857028
 20
111.6308077954761
 10
247.7430437844652
 20
111.8751933690803
 10
247.7183726767962
 20
112.0559828551748
  0
LINE
  5
297
330
1F
100
AcDbEntity
  8
0
100
AcDbLine
 10
253.2539065827288
 20
112.4641869110862
 30
0.0
 11
253.2539065827288
 21
116.5468909705149
 31
0.0
  0
LINE
  5
298
330
1F
100
AcDbEntity
  8
0
100
AcDbLine
 10
253.2539065827288
 20
112.4641869110862
 30
0.0
 11
251.1325862391692
 21
111.2395747433521
 31
0.0
  0
SPLINE
  5
299
330
1F
100
AcDbEntity
  8
0
100
AcDbSpline
210
0.0
220
0.0
230
1.0
 70
     8
 71
     3
 72
    19
 73
    15
 74
     0
 42
1E-08
 43
1E-08
 40
0.0
 40
0.0
 40
0.0
 40
0.0
 40
0.08320309665010787
 40
0.1662043348702812
 40
0.2491119030068904
 40
0.3320212984580021
 40
0.4150099372446737
 40
0.4981334600883743
 40
0.5814239432385769
 40
0.6648900093453806
 40
0.7485186533646631
 40
0.8322784687132532
 40
0.916123884406001
 40
1.0
 40
1.0
 40
1.0
 40
1.0
 10
246.9596748940374
 20
119.0367009484418
 30
0.0
 10
246.9592341569573
 20
119.0553494906898
 30
0.0
 10
246.9583537520662
 20
119.0926013320925
 30
0.0
 10
246.951282961294
 20
119.1532400388868
 30
0.0
 10
246.9402061898235
 20
119.2158626765885
 30
0.0
 10
246.924993346042
 20
119.2797843253841
 30
0.0
 10
246.9061276406293
 20
119.3437925064451
 30
0.0
 10
246.884023667981
 20
119.4068443324976
 30
0.0
 10
246.8591893799243
 20
119.4679052239381
 30
0.0
 10
246.8321611313519
 20
119.5259937643595
 30
0.0
 10
246.8034935449366
 20
119.5802497343744
 30
0.0
 10
246.7737514284854
 20
119.62969178244
 30
0.0
 10
246.7434357804235
 20
119.6741859927615
 30
0.0
 10
246.7232590623649
 20
119.6986408415193
 30
0.0
 10
246.7131688567533
 20
119.7108705040171
 30
0.0
  0
SPLINE
  5
29A
330
1F
100
AcDbEntity
  8
0
100
AcDbSpline
210
0.0
220
0.0
230
1.0
 70
     8
 71
     3
 72
    16
 73
    12
 74
     0
 42
1E-08
 43
1E-08
 40
0.0
 40
0.0
 40
0.0
 40
0.0
 40
0.08063941713165242
 40
0.1622392895102115
 40
0.2449035695226413
 40
0.3287322483026566
 40
0.4138212105416755
 40
0.5002621455701733
 40
0.6471710916011528
 40
0.8136802900850904
 40
1.0
 40
1.0
 40
1.0
 40
1.0
 10
248.2344297724356
 20
119.7726012756622
 30
0.0
 10
248.2336941229674
 20
119.7904565066346
 30
0.0
 10
248.232214062083
 20
119.8263796331905
 30
0.0
 10
248.2202552137485
 20
119.8827856162916
 30
0.0
 10
248.2011247276425
 20
119.9402474275389
 30
0.0
 10
248.1741948888071
 20
119.9979851127315
 30
0.0
 10
248.1398466112126
 20
120.0548286236332
 30
0.0
 10
248.0889801739341
 20
120.1222099763775
 30
0.0
 10
248.0126164486271
 20
120.1980353139054
 30
0.0
 10
247.9027107134653
 20
120.2760768168264
 30
0.0
 10
247.8183681358112
 20
120.3068997851948
 30
0.0
 10
247.7738290285331
 20
120.3231765878841
 30
0.0
  0
SPLINE
  5
29B
330
1F
100
AcDbEntity
  8
0
100
AcDbSpline
210
0.0
220
0.0
230
1.0
 70
     8
 71
     3
 72
    17
 73
    13
 74
     0
 42
1E-08
 43
1E-08
 40
0.0
 40
0.0
 40
0.0
 40
0.0
 40
0.04601734811312645
 40
0.09299437193871905
 40
0.1421545582762647
 40
0.194568733716315
 40
0.2511231885935717
 40
0.3686768310588671
 40
0.5010538568302273
 40
0.6690985540166767
 40
0.8338084304786861
 40
1.0
 40
1.0
 40
1.0
 40
1.0
 10
246.9596748940374
 20
117.4036193246703
 30
0.0
 10
246.9590133807283
 20
117.390707859644
 30
0.0
 10
246.9576765584813
 20
117.3646156655006
 30
0.0
 10
246.9485438242196
 20
117.3218456733745
 30
0.0
 10
246.9342643820592
 20
117.2765764590153
 30
0.0
 10
246.9143475909485
 20
117.2285470256484
 30
0.0
 10
246.8807063266617
 20
117.1611170793187
 30
0.0
 10
246.8266043334173
 20
117.0738083930772
 30
0.0
 10
246.7431229869011
 20
116.9645391940036
 30
0.0
 10
246.642880198344
 20
116.8544253620064
 30
0.0
 10
246.5284988513419
 20
116.7527947755937
 30
0.0
 10
246.4504149708581
 20
116.7034852364539
 30
0.0
 10
246.4111982106733
 20
116.6787200690559
 30
0.0
  0
LINE
  5
29C
330
1F
100
AcDbEntity
  8
0
100
AcDbLine
 10
246.9596748940374
 20
117.4036193246703
 30
0.0
 11
246.9596748940374
 21
119.0367009484418
 31
0.0
  0
LINE
  5
29D
330
1F
100
AcDbEntity
  8
0
100
AcDbLine
 10
246.9596748940374
 20
119.0367009484418
 30
0.0
 11
248.2344297724356
 21
119.7726012756622
 31
0.0
  0
LINE
  5
29E
330
1F
100
AcDbEntity
  8
0
100
AcDbLine
 10
248.2344297724356
 20
118.7171196825659
 30
0.0
 11
248.2344297724356
 21
119.7726012756622
 31
0.0
  0
LINE
  5
29F
330
1F
100
AcDbEntity
  8
0
100
AcDbLine
 10
247.7183726767962
 20
113.3506317664719
 30
0.0
 11
246.8242601271007
 21
112.8344715783112
 31
0.0
  0
ARC
  5
2A0
330
1F
100
AcDbEntity
  8
0
100
AcDbCircle
 10
246.5740315958555
 20
111.7543727988952
 30
0.0
 40
0.2514696392467707
100
AcDbArc
 50
294.3746582935807
 51
354.3052007488196
  0
LINE
  5
2A1
330
1F
100
AcDbEntity
  8
0
100
AcDbLine
 10
246.7131688567533
 20
119.7108705040171
 30
0.0
 11
247.2434989426432
 21
120.0170235459506
 31
0.0
  0
LINE
  5
2A2
330
1F
100
AcDbEntity
  8
0
100
AcDbLine
 10
247.2434989426432
 20
120.0170235459506
 30
0.0
 11
247.7738290285331
 21
120.3231765878841
 31
0.0
  0
SPLINE
  5
2A3
330
1F
100
AcDbEntity
  8
0
100
AcDbSpline
210
0.0
220
0.0
230
1.0
 70
     8
 71
     3
 72
     9
 73
     5
 74
     0
 42
1E-08
 43
1E-08
 40
0.0
 40
0.0
 40
0.0
 40
0.0
 40
0.9273440280176567
 40
1.0
 40
1.0
 40
1.0
 40
1.0
 10
244.3932997870929
 20
118.3712404962657
 30
0.0
 10
244.5147797664899
 20
118.4514645806865
 30
0.0
 10
244.6457775146036
 20
118.5379740981871
 30
0.0
 10
244.776867678203
 20
118.6228940752357
 30
0.0
 10
244.7863921614566
 20
118.6290640187088
 30
0.0
  0
ARC
  5
2A4
330
1F
100
AcDbEntity
  8
0
100
AcDbCircle
 10
253.6074599733221
 20
111.7818313686083
 30
0.0
 40
0.7685109539559618
100
AcDbArc
 50
62.60967223660241
 51
117.3903277633995
  0
LINE
  5
2A5
330
1F
100
AcDbEntity
  8
0
100
AcDbLine
 10
221.3633907512156
 20
131.2823938885997
 30
0.0
 11
221.3633907512156
 21
135.3650979480284
 31
0.0
  0
LINE
  5
2A6
330
1F
100
AcDbEntity
  8
0
100
AcDbLine
 10
244.0609437569086
 20
118.1793754440028
 30
0.0
 11
221.3633907512156
 21
131.2823938885997
 31
0.0
  0
LWPOLYLINE
  5
2A7
330
1F
100
AcDbEntity
  8
0
100
AcDbPolyline
 90
        9
 70
   128
 43
0.0
 10
218.1207500640963
 20
137.4065163277743
 10
218.1084384046914
 20
137.3162086333599
 10
218.0117565882847
 20
137.1444331908711
 10
217.8278568452829
 20
136.9983122718629
 10
217.5747405638359
 20
136.8921492099723
 10
217.2771845291365
 20
136.8363359853786
 10
216.9643155990561
 20
136.8363359853786
 10
216.6667595643567
 20
136.8921492099723
 10
216.4136432829098
 20
136.9983122718629
  0
LINE
  5
2A8
330
1F
100
AcDbEntity
  8
0
100
AcDbLine
 10
216.4136432829097
 20
146.3885316085491
 30
0.0
 11
216.4136432829098
 21
136.9983122718629
 31
0.0
  0
LWPOLYLINE
  5
2A9
330
1F
100
AcDbEntity
  8
0
100
AcDbPolyline
 90
       11
 70
   128
 43
0.0
 10
217.8278568452828
 20
147.2049397203718
 10
218.0117565882846
 20
147.0588188013636
 10
218.1084384046914
 20
146.8870433588748
 10
218.1084384046914
 20
146.706427970046
 10
218.0117565882846
 20
146.5346525275572
 10
217.8278568452828
 20
146.3885316085491
 10
217.5747405638358
 20
146.2823685466584
 10
217.2771845291365
 20
146.2265553220647
 10
216.9643155990561
 20
146.2265553220647
 10
216.6667595643567
 20
146.2823685466584
 10
216.4136432829097
 20
146.3885316085491
  0
LWPOLYLINE
  5
2AA
330
1F
100
AcDbEntity
  8
0
100
AcDbPolyline
 90
       11
 70
   128
 43
0.0
 10
216.4136432829097
 20
146.3885316085491
 10
216.2297435399079
 20
146.5346525275572
 10
216.1330617235011
 20
146.706427970046
 10
216.1330617235011
 20
146.8870433588748
 10
216.2297435399079
 20
147.0588188013636
 10
216.4136432829097
 20
147.2049397203718
 10
216.6667595643567
 20
147.3111027822624
 10
216.9643155990561
 20
147.3669160068561
 10
217.2771845291365
 20
147.3669160068561
 10
217.5747405638358
 20
147.3111027822624
 10
217.8278568452828
 20
147.2049397203718
  0
ARC
  5
2AB
330
1F
100
AcDbEntity
  8
0
100
AcDbCircle
 10
216.6212071265868
 20
137.4564227046734
 30
0.0
 40
0.5029392784937672
100
AcDbArc
 50
185.6947992511955
 51
245.6253417064158
  0
LINE
  5
2AC
330
1F
100
AcDbEntity
  8
0
100
AcDbLine
 10
220.6562839700291
 20
131.2823938885997
 30
0.0
 11
220.6562839700291
 21
135.3650979480284
 31
0.0
  0
SPLINE
  5
2AD
330
1F
100
AcDbEntity
  8
0
100
AcDbSpline
210
0.0
220
0.0
230
1.0
 70
     8
 71
     3
 72
    17
 73
    13
 74
     0
 42
1E-08
 43
1E-08
 40
0.0
 40
0.0
 40
0.0
 40
0.0
 40
0.05869404215877379
 40
0.1250705016485905
 40
0.2501285883955262
 40
0.3901117840975118
 40
0.5002210480600587
 40
0.6099805587720621
 40
0.7500932679862261
 40
0.8750522358300756
 40
0.9412683725233016
 40
1.0
 40
1.0
 40
1.0
 40
1.0
 10
219.2638424384601
 20
134.5612585620561
 30
0.0
 10
219.235251405009
 20
134.5452572052371
 30
0.0
 10
219.1743270800714
 20
134.5111600865042
 30
0.0
 10
219.0527097048973
 20
134.4503204468523
 30
0.0
 10
218.89213723723
 20
134.3769543062698
 30
0.0
 10
218.7100888477075
 20
134.290350183915
 30
0.0
 10
218.5348107990237
 20
134.1977079133078
 30
0.0
 10
218.3594709016915
 20
134.0879236491173
 30
0.0
 10
218.1775796288946
 20
133.9644148968362
 30
0.0
 10
218.017068599664
 20
133.8524526058556
 30
0.0
 10
217.8955598924479
 20
133.7729328264074
 30
0.0
 10
217.8346951592716
 20
133.7367304372344
 30
0.0
 10
217.8060857250883
 20
133.7197135242164
 30
0.0
  0
LINE
  5
2AE
330
1F
100
AcDbEntity
  8
0
100
AcDbLine
 10
220.6562839700291
 20
131.2823938885997
 30
0.0
 11
217.9698528719153
 21
129.7315502262941
 31
0.0
  0
SPLINE
  5
2AF
330
1F
100
AcDbEntity
  8
0
100
AcDbSpline
210
0.0
220
0.0
230
1.0
 70
     8
 71
     3
 72
    13
 73
     9
 74
     0
 42
1E-08
 43
1E-08
 40
0.0
 40
0.0
 40
0.0
 40
0.0
 40
0.05350029775197856
 40
0.2116609732168471
 40
0.3735032688484157
 40
0.6583096926054531
 40
0.8221271086580445
 40
1.0
 40
1.0
 40
1.0
 40
1.0
 10
215.4482187021768
 20
137.3638372683654
 30
0.0
 10
215.4509865800241
 20
137.3719000081903
 30
0.0
 10
215.4619370184987
 20
137.4037982859542
 30
0.0
 10
215.4987679356125
 20
137.4481826054114
 30
0.0
 10
215.5719566776542
 20
137.5050814749042
 30
0.0
 10
215.6710921213057
 20
137.5328132606321
 30
0.0
 10
215.7843232308111
 20
137.5321803448624
 30
0.0
 10
215.8494239001139
 20
137.5166512729211
 30
0.0
 10
215.8833131970198
 20
137.5085673417522
 30
0.0
  0
LINE
  5
2B0
330
1F
100
AcDbEntity
  8
0
100
AcDbLine
 10
218.3581869311728
 20
134.650807200215
 30
0.0
 11
218.3581869311728
 21
136.2838888239866
 31
0.0
  0
LWPOLYLINE
  5
2B1
330
1F
100
AcDbEntity
  8
0
100
AcDbPolyline
 90
        9
 70
   128
 43
0.0
 10
208.7061793679764
 20
141.4477364812967
 10
208.9592956494234
 20
141.3415734194061
 10
209.2568516841227
 20
141.2857601948124
 10
209.5697206142032
 20
141.2857601948124
 10
209.8672766489025
 20
141.3415734194061
 10
210.1203929303495
 20
141.4477364812967
 10
210.3042926733513
 20
141.5938574003049
 10
210.4009744897581
 20
141.7656328427937
 10
210.4132861491629
 20
141.8559405372081
  0
LINE
  5
2B2
330
1F
100
AcDbEntity
  8
0
100
AcDbLine
 10
208.7061793679764
 20
141.4477364812967
 30
0.0
 11
208.7061793679764
 21
150.8379558179828
 31
0.0
  0
LWPOLYLINE
  5
2B3
330
1F
100
AcDbEntity
  8
0
100
AcDbPolyline
 90
       11
 70
   128
 43
0.0
 10
208.7061793679764
 20
150.8379558179828
 10
208.9592956494234
 20
150.7317927560922
 10
209.2568516841227
 20
150.6759795314985
 10
209.5697206142031
 20
150.6759795314985
 10
209.8672766489025
 20
150.7317927560922
 10
210.1203929303495
 20
150.8379558179828
 10
210.3042926733513
 20
150.984076736991
 10
210.4009744897581
 20
151.1558521794798
 10
210.4009744897581
 20
151.3364675683086
 10
210.3042926733513
 20
151.5082430107974
 10
210.1203929303495
 20
151.6543639298055
  0
LWPOLYLINE
  5
2B4
330
1F
100
AcDbEntity
  8
0
100
AcDbPolyline
 90
       11
 70
   128
 43
0.0
 10
210.1203929303495
 20
151.6543639298055
 10
209.8672766489025
 20
151.7605269916962
 10
209.5697206142031
 20
151.8163402162899
 10
209.2568516841227
 20
151.8163402162899
 10
208.9592956494234
 20
151.7605269916962
 10
208.7061793679764
 20
151.6543639298055
 10
208.5222796249745
 20
151.5082430107974
 10
208.4255978085678
 20
151.3364675683086
 10
208.4255978085678
 20
151.1558521794798
 10
208.5222796249745
 20
150.984076736991
 10
208.7061793679764
 20
150.8379558179828
  0
SPLINE
  5
2B5
330
1F
100
AcDbEntity
  8
0
100
AcDbSpline
210
0.0
220
0.0
230
1.0
 70
     8
 71
     3
 72
    11
 73
     7
 74
     0
 42
1E-08
 43
1E-08
 40
0.0
 40
0.0
 40
0.0
 40
0.0
 40
0.3133615997513322
 40
0.6272592653694303
 40
0.9412731642927428
 40
1.0
 40
1.0
 40
1.0
 40
1.0
 10
214.8742357697533
 20
134.8846209627024
 30
0.0
 10
214.9331178823394
 20
134.9238723748149
 30
0.0
 10
215.0509828367992
 20
135.0024423462025
 30
0.0
 10
215.2133816227588
 20
135.176350247028
 30
0.0
 10
215.3266494772753
 20
135.3235418315597
 30
0.0
 10
215.3647475552292
 20
135.4131814991762
 30
0.0
 10
215.3707500640963
 20
135.4273045974691
 30
0.0
  0
ARC
  5
2B6
330
1F
100
AcDbEntity
  8
0
100
AcDbCircle
 10
208.9137432116535
 20
141.9058469141073
 30
0.0
 40
0.5029392784938604
100
AcDbArc
 50
185.6947992512042
 51
245.6253417064212
  0
ARC
  5
2B7
330
1F
100
AcDbEntity
  8
0
100
AcDbCircle
 10
206.7308485713331
 20
143.7427651657083
 30
0.0
 40
0.5029392784936826
100
AcDbArc
 50
294.3746582935769
 51
354.3052007488051
  0
ARC
  5
2B8
330
1F
100
AcDbEntity
  8
0
100
AcDbCircle
 10
206.2313056338235
 20
144.6493658178532
 30
0.0
 40
1.537021907911569
100
AcDbArc
 50
242.6096722365969
 51
297.3903277634047
  0
LINE
  5
2B9
330
1F
100
AcDbEntity
  8
0
100
AcDbLine
 10
205.5241988526369
 20
152.6748740695839
 30
0.0
 11
205.5241988526369
 21
143.2846547328978
 31
0.0
  0
LWPOLYLINE
  5
2BA
330
1F
100
AcDbEntity
  8
0
100
AcDbPolyline
 90
       11
 70
   128
 43
0.0
 10
206.93841241501
 20
153.4912821814066
 10
207.1223121580118
 20
153.3451612623985
 10
207.2189939744186
 20
153.1733858199097
 10
207.2189939744186
 20
152.9927704310809
 10
207.1223121580118
 20
152.820994988592
 10
206.93841241501
 20
152.6748740695839
 10
206.685296133563
 20
152.5687110076933
 10
206.3877400988637
 20
152.5128977830995
 10
206.0748711687832
 20
152.5128977830995
 10
205.7773151340839
 20
152.5687110076933
 10
205.5241988526369
 20
152.6748740695839
  0
LWPOLYLINE
  5
2BB
330
1F
100
AcDbEntity
  8
0
100
AcDbPolyline
 90
       11
 70
   128
 43
0.0
 10
205.5241988526369
 20
152.6748740695839
 10
205.3402991096351
 20
152.820994988592
 10
205.2436172932283
 20
152.9927704310809
 10
205.2436172932283
 20
153.1733858199097
 10
205.3402991096351
 20
153.3451612623985
 10
205.5241988526369
 20
153.4912821814066
 10
205.7773151340839
 20
153.5974452432973
 10
206.0748711687833
 20
153.653258467891
 10
206.3877400988637
 20
153.653258467891
 10
206.685296133563
 20
153.5974452432973
 10
206.93841241501
 20
153.4912821814066
  0
ARC
  5
2BC
330
1F
100
AcDbEntity
  8
0
100
AcDbCircle
 10
205.7154405250291
 20
143.7310537355634
 30
0.0
 40
0.4856392146853367
100
AcDbArc
 50
184.5109035713691
 51
246.8092373862447
  0
ARC
  5
2BD
330
1F
100
AcDbEntity
  8
0
100
AcDbCircle
 10
221.0098373606223
 20
130.6000383461219
 30
0.0
 40
0.7685109539558604
100
AcDbArc
 50
62.609672236599
 51
117.3903277633991
  0
ARC
  5
2BE
330
1F
100
AcDbEntity
  8
0
100
AcDbCircle
 10
195.1628004129146
 20
132.1645755944631
 30
0.0
 40
0.2514696392469353
100
AcDbArc
 50
185.694799251211
 51
245.6253417064166
  0
LINE
  5
2BF
330
1F
100
AcDbEntity
  8
0
100
AcDbLine
 10
206.3727269900608
 20
134.7929487694373
 30
0.0
 11
206.3727269900608
 21
138.875652828866
 31
0.0
  0
LINE
  5
2C0
330
1F
100
AcDbEntity
  8
0
100
AcDbLine
 10
206.3727269900608
 20
134.7929487694373
 30
0.0
 11
205.6661948792694
 21
134.3850764636836
 31
0.0
  0
SPLINE
  5
2C1
330
1F
100
AcDbEntity
  8
0
100
AcDbSpline
210
0.0
220
0.0
230
1.0
 70
     8
 71
     3
 72
    13
 73
     9
 74
     0
 42
1E-08
 43
1E-08
 40
0.0
 40
0.0
 40
0.0
 40
0.0
 40
0.05350029774689033
 40
0.2116609732129994
 40
0.373503268848267
 40
0.6583096925977138
 40
0.8221271086522502
 40
1.0
 40
1.0
 40
1.0
 40
1.0
 10
207.7407547872436
 20
141.8132614777994
 30
0.0
 10
207.7435226650906
 20
141.8213242176236
 30
0.0
 10
207.7544731035649
 20
141.853222495387
 30
0.0
 10
207.7913040206785
 20
141.8976068148444
 30
0.0
 10
207.8644927627192
 20
141.9545056843371
 30
0.0
 10
207.9636282063699
 20
141.9822374700653
 30
0.0
 10
208.0768593158751
 20
141.9816045542966
 30
0.0
 10
208.1419599851794
 20
141.9660754823551
 30
0.0
 10
208.1758492820865
 20
141.9579915511859
 30
0.0
  0
LINE
  5
2C2
330
1F
100
AcDbEntity
  8
0
100
AcDbLine
 10
210.6507230162394
 20
139.1002314096488
 30
0.0
 11
210.6507230162394
 21
140.7333130334203
 31
0.0
  0
LINE
  5
2C3
330
1F
100
AcDbEntity
  8
0
100
AcDbLine
 10
213.6559268362822
 20
135.7318180980334
 30
0.0
 11
213.6559268362822
 21
139.8145221574622
 31
0.0
  0
LINE
  5
2C4
330
1F
100
AcDbEntity
  8
0
100
AcDbLine
 10
214.9843585749423
 20
134.9649307789606
 30
0.0
 11
213.6559268362822
 21
135.7318180980334
 31
0.0
  0
SPLINE
  5
2C5
330
1F
100
AcDbEntity
  8
0
100
AcDbSpline
210
0.0
220
0.0
230
1.0
 70
     8
 71
     3
 72
    12
 73
     8
 74
     0
 42
1E-08
 43
1E-08
 40
0.0
 40
0.0
 40
0.0
 40
0.0
 40
0.1173303853769623
 40
0.2500163492883762
 40
0.5000307062062778
 40
0.7800936387790364
 40
1.0
 40
1.0
 40
1.0
 40
1.0
 10
211.5563686983848
 20
139.0106770995562
 30
0.0
 10
211.5277920881556
 20
138.9946822472337
 30
0.0
 10
211.4668989125166
 20
138.9605992211511
 30
0.0
 10
211.3453380508361
 20
138.8998209628221
 30
0.0
 10
211.1847845501904
 20
138.8261806892807
 30
0.0
 10
211.0028167984196
 20
138.7407979006725
 30
0.0
 10
210.8810552698715
 20
138.6739918208805
 30
0.0
 10
210.827499711536
 20
138.6446078525111
 30
0.0
  0
LWPOLYLINE
  5
2C6
330
1F
100
AcDbEntity
  8
0
100
AcDbPolyline
 90
       12
 70
   128
 43
0.0
 10
210.8274997115361
 20
138.6446078525111
 10
210.4849655197798
 20
138.4861851367158
 10
210.0908194472114
 20
138.3747100937661
 10
209.6640434959834
 20
138.3155513411682
 10
209.2251911171861
 20
138.3115579535352
 10
208.7953973604336
 20
138.3629222516789
 10
208.3953610137737
 20
138.467170540475
 10
208.0443477538725
 20
138.6192822415643
 10
207.7592623145809
 20
138.8119316834802
 10
207.5538343580697
 20
139.035840904635
 10
207.437957256832
 20
139.2802264782392
 10
207.4172116306897
 20
139.5333188401462
  0
SPLINE
  5
2C7
330
1F
100
AcDbEntity
  8
0
100
AcDbSpline
210
0.0
220
0.0
230
1.0
 70
     8
 71
     3
 72
     9
 73
     5
 74
     0
 42
1E-08
 43
1E-08
 40
0.0
 40
0.0
 40
0.0
 40
0.0
 40
0.7289559060486648
 40
1.0
 40
1.0
 40
1.0
 40
1.0
 10
207.4172116306898
 20
139.5333188401462
 30
0.0
 10
207.4874529973537
 20
139.6092256089262
 30
0.0
 10
207.5838118663622
 20
139.7133564186914
 30
0.0
 10
207.6463386372106
 20
139.8441221870763
 30
0.0
 10
207.663286149163
 20
139.879565476288
 30
0.0
  0
LINE
  5
2C8
330
1F
100
AcDbEntity
  8
0
100
AcDbLine
 10
210.8274997115361
 20
134.5072059302994
 30
0.0
 11
210.8274997115361
 21
138.6446078525111
 31
0.0
  0
LWPOLYLINE
  5
2C9
330
1F
100
AcDbEntity
  8
0
100
AcDbPolyline
 90
       12
 70
   128
 43
0.0
 10
210.8274997115361
 20
134.5072059302994
 10
210.4849655197798
 20
134.3487832145041
 10
210.0908194472114
 20
134.2373081715543
 10
209.6640434959834
 20
134.1781494189565
 10
209.225191117186
 20
134.1741560313235
 10
208.7953973604336
 20
134.2255203294672
 10
208.3953610137736
 20
134.3297686182634
 10
208.0443477538724
 20
134.4818803193527
 10
207.7592623145809
 20
134.6745297612685
 10
207.5538343580696
 20
134.8984389824234
 10
207.437957256832
 20
135.1428245560276
 10
207.4132861491631
 20
135.3236140421221
  0
LINE
  5
2CA
330
1F
100
AcDbEntity
  8
0
100
AcDbLine
 10
212.9488200550957
 20
135.7318180980334
 30
0.0
 11
212.9488200550957
 21
139.8145221574622
 31
0.0
  0
LINE
  5
2CB
330
1F
100
AcDbEntity
  8
0
100
AcDbLine
 10
212.9488200550957
 20
135.7318180980334
 30
0.0
 11
210.8274997115361
 21
134.5072059302994
 31
0.0
  0
SPLINE
  5
2CC
330
1F
100
AcDbEntity
  8
0
100
AcDbSpline
210
0.0
220
0.0
230
1.0
 70
     8
 71
     3
 72
    19
 73
    15
 74
     0
 42
1E-08
 43
1E-08
 40
0.0
 40
0.0
 40
0.0
 40
0.0
 40
0.08320309664988342
 40
0.1662043348698661
 40
0.2491119030063271
 40
0.332021298457333
 40
0.4150099372439536
 40
0.4981334600876303
 40
0.5814239432378602
 40
0.6648900093447266
 40
0.7485186533641108
 40
0.8322784687128493
 40
0.9161238844057789
 40
1.0
 40
1.0
 40
1.0
 40
1.0
 10
206.6545883664042
 20
142.3043321353891
 30
0.0
 10
206.6541476293242
 20
142.322980677637
 30
0.0
 10
206.6532672244331
 20
142.3602325190396
 30
0.0
 10
206.6461964336609
 20
142.4208712258337
 30
0.0
 10
206.6351196621904
 20
142.4834938635353
 30
0.0
 10
206.6199068184089
 20
142.5474155123308
 30
0.0
 10
206.6010411129962
 20
142.6114236933918
 30
0.0
 10
206.578937140348
 20
142.6744755194442
 30
0.0
 10
206.5541028522913
 20
142.7355364108848
 30
0.0
 10
206.5270746037188
 20
142.7936249513063
 30
0.0
 10
206.4984070173035
 20
142.8478809213213
 30
0.0
 10
206.4686649008522
 20
142.897322969387
 30
0.0
 10
206.4383492527904
 20
142.9418171797087
 30
0.0
 10
206.4181725347318
 20
142.9662720284665
 30
0.0
 10
206.4080823291201
 20
142.9785016909643
 30
0.0
  0
SPLINE
  5
2CD
330
1F
100
AcDbEntity
  8
0
100
AcDbSpline
210
0.0
220
0.0
230
1.0
 70
     8
 71
     3
 72
    16
 73
    12
 74
     0
 42
1E-08
 43
1E-08
 40
0.0
 40
0.0
 40
0.0
 40
0.0
 40
0.08063941713722847
 40
0.162239289519123
 40
0.2449035695326567
 40
0.3287322483115583
 40
0.4138212105472529
 40
0.500262145570245
 40
0.6471710916145993
 40
0.8136802900985136
 40
1.0
 40
1.0
 40
1.0
 40
1.0
 10
207.9293432448024
 20
143.0402324626095
 30
0.0
 10
207.9286075953342
 20
143.0580876935832
 30
0.0
 10
207.9271275344496
 20
143.094010820141
 30
0.0
 10
207.9151686861143
 20
143.1504168032448
 30
0.0
 10
207.8960382000073
 20
143.2078786144931
 30
0.0
 10
207.8691083611716
 20
143.2656162996848
 30
0.0
 10
207.8347600835778
 20
143.322459810584
 30
0.0
 10
207.7838936462977
 20
143.3898411633284
 30
0.0
 10
207.707529920988
 20
143.4656665008571
 30
0.0
 10
207.5976241858257
 20
143.5437080037767
 30
0.0
 10
207.5132816081749
 20
143.5745309721434
 30
0.0
 10
207.4687425008999
 20
143.5908077748313
 30
0.0
  0
SPLINE
  5
2CE
330
1F
100
AcDbEntity
  8
0
100
AcDbSpline
210
0.0
220
0.0
230
1.0
 70
     8
 71
     3
 72
    17
 73
    13
 74
     0
 42
1E-08
 43
1E-08
 40
0.0
 40
0.0
 40
0.0
 40
0.0
 40
0.04601734811312645
 40
0.09299437193871905
 40
0.1421545582762647
 40
0.194568733716315
 40
0.2511231885935717
 40
0.3686768310588671
 40
0.5010538568302273
 40
0.6690985540166767
 40
0.8338084304786861
 40
1.0
 40
1.0
 40
1.0
 40
1.0
 10
206.6545883664042
 20
140.6712505116176
 30
0.0
 10
206.6539268530952
 20
140.6583390465912
 30
0.0
 10
206.6525900308482
 20
140.6322468524478
 30
0.0
 10
206.6434572965865
 20
140.5894768603217
 30
0.0
 10
206.629177854426
 20
140.5442076459625
 30
0.0
 10
206.6092610633153
 20
140.4961782125956
 30
0.0
 10
206.5756197990286
 20
140.428748266266
 30
0.0
 10
206.5215178057842
 20
140.3414395800244
 30
0.0
 10
206.4380364592679
 20
140.2321703809509
 30
0.0
 10
206.3377936707109
 20
140.1220565489537
 30
0.0
 10
206.2234123237088
 20
140.0204259625409
 30
0.0
 10
206.1453284432249
 20
139.9711164234012
 30
0.0
 10
206.1061116830401
 20
139.9463512560032
 30
0.0
  0
LINE
  5
2CF
330
1F
100
AcDbEntity
  8
0
100
AcDbLine
 10
206.6545883664042
 20
140.6712505116176
 30
0.0
 11
206.6545883664042
 21
142.3043321353891
 31
0.0
  0
LINE
  5
2D0
330
1F
100
AcDbEntity
  8
0
100
AcDbLine
 10
206.6545883664042
 20
142.3043321353891
 30
0.0
 11
207.9293432448024
 21
143.0402324626095
 31
0.0
  0
LINE
  5
2D1
330
1F
100
AcDbEntity
  8
0
100
AcDbLine
 10
207.9293432448024
 20
141.9847508695131
 30
0.0
 11
207.9293432448024
 21
143.0402324626095
 31
0.0
  0
LINE
  5
2D2
330
1F
100
AcDbEntity
  8
0
100
AcDbLine
 10
207.4132861491631
 20
136.6182629534192
 30
0.0
 11
206.5191735994675
 21
136.1021027652585
 31
0.0
  0
ARC
  5
2D3
330
1F
100
AcDbEntity
  8
0
100
AcDbCircle
 10
206.2689450682223
 20
135.0220039858426
 30
0.0
 40
0.2514696392468977
100
AcDbArc
 50
294.3746582935818
 51
354.3052007488029
  0
LINE
  5
2D4
330
1F
100
AcDbEntity
  8
0
100
AcDbLine
 10
206.4080823291201
 20
142.9785016909643
 30
0.0
 11
206.93841241501
 21
143.2846547328978
 31
0.0
  0
LINE
  5
2D5
330
1F
100
AcDbEntity
  8
0
100
AcDbLine
 10
206.93841241501
 20
143.2846547328978
 30
0.0
 11
207.4687425008999
 21
143.5908077748313
 31
0.0
  0
SPLINE
  5
2D6
330
1F
100
AcDbEntity
  8
0
100
AcDbSpline
210
0.0
220
0.0
230
1.0
 70
     8
 71
     3
 72
     9
 73
     5
 74
     0
 42
1E-08
 43
1E-08
 40
0.0
 40
0.0
 40
0.0
 40
0.0
 40
0.9273440280164428
 40
1.0
 40
1.0
 40
1.0
 40
1.0
 10
204.0882132594591
 20
141.6388716832125
 30
0.0
 10
204.2096932388561
 20
141.7190957676334
 30
0.0
 10
204.3406909869701
 20
141.8056052851341
 30
0.0
 10
204.4717811505697
 20
141.8905252621828
 30
0.0
 10
204.4813056338235
 20
141.8966952056561
 30
0.0
  0
ARC
  5
2D7
330
1F
100
AcDbEntity
  8
0
100
AcDbCircle
 10
213.302373445689
 20
135.0494625555557
 30
0.0
 40
0.7685109539558604
100
AcDbArc
 50
62.60967223660088
 51
117.390327763401
  0
LINE
  5
2D8
330
1F
100
AcDbEntity
  8
0
100
AcDbLine
 10
202.4836396935348
 20
142.1814421814329
 30
0.0
 11
202.4836396935348
 21
146.2641462408616
 31
0.0
  0
LINE
  5
2D9
330
1F
100
AcDbEntity
  8
0
100
AcDbLine
 10
202.4836396935348
 20
142.1814421814329
 30
0.0
 11
203.7558572292755
 21
141.44700663095
 31
0.0
  0
ARC
  5
2DA
330
1F
100
AcDbEntity
  8
0
100
AcDbCircle
 10
202.5874216153733
 20
142.410497397838
 30
0.0
 40
0.2514696392467849
100
AcDbArc
 50
185.694799251182
 51
245.6253417064295
  0
LINE
  5
2DB
330
1F
100
AcDbEntity
  8
0
100
AcDbLine
 10
202.2715076591787
 20
204.1969007387678
 30
0.0
 11
266.4060927127985
 21
167.1727928676079
 31
0.0
  0
LINE
  5
2DC
330
1F
100
AcDbEntity
  8
0
100
AcDbLine
 10
262.1634520256791
 20
164.7235685321397
 30
0.0
 11
266.4060927127985
 21
167.1727928676079
 31
0.0
  0
LINE
  5
2DD
330
1F
100
AcDbEntity
  8
0
100
AcDbLine
 10
261.3149238882554
 20
165.2134133992333
 30
0.0
 11
262.1634520256791
 21
164.7235685321397
 31
0.0
  0
LINE
  5
2DE
330
1F
100
AcDbEntity
  8
0
100
AcDbLine
 10
258.8400501541024
 20
163.7846992035436
 30
0.0
 11
261.3149238882554
 21
165.2134133992333
 31
0.0
  0
LWPOLYLINE
  5
2DF
330
1F
100
AcDbEntity
  8
0
100
AcDbPolyline
 90
       16
 70
   128
 43
0.0
 10
256.0116230293562
 20
165.417515427189
 10
255.7484954558385
 20
165.2299341602389
 10
255.5586757387349
 20
165.0148701427219
 10
255.4504599105391
 20
164.7817227041951
 10
255.4285775222201
 20
164.5406815064877
 10
255.4939849391511
 20
164.3022812065835
 10
255.6438235433526
 20
164.0769410415599
 10
255.8715446688153
 20
163.8745094579304
 10
256.1671958096296
 20
163.7038336872743
 10
256.5178555922502
 20
163.5723730797623
 10
256.9081985015242
 20
163.4858730947608
 10
257.3211646792435
 20
163.4481141966873
 10
257.7387055218098
 20
163.4607466305748
 10
258.1425724908199
 20
163.5232182984455
 10
258.5151146617594
 20
163.6327988886409
 10
258.8400501541024
 20
163.7846992035436
  0
LINE
  5
2E0
330
1F
100
AcDbEntity
  8
0
100
AcDbLine
 10
258.4864967635091
 20
166.8462296228788
 30
0.0
 11
256.0116230293562
 21
165.417515427189
 31
0.0
  0
LINE
  5
2E1
330
1F
100
AcDbEntity
  8
0
100
AcDbLine
 10
221.0098373606222
 20
188.4810445861806
 30
0.0
 11
258.4864967635091
 21
166.8462296228788
 31
0.0
  0
LINE
  5
2E2
330
1F
100
AcDbEntity
  8
0
100
AcDbLine
 10
218.5349636264692
 20
187.0523303904909
 30
0.0
 11
221.0098373606222
 21
188.4810445861806
 31
0.0
  0
LWPOLYLINE
  5
2E3
330
1F
100
AcDbEntity
  8
0
100
AcDbPolyline
 90
       16
 70
   128
 43
0.0
 10
215.7065365017231
 20
188.6851466141363
 10
215.4434089282053
 20
188.4975653471862
 10
215.2535892111018
 20
188.2825013296691
 10
215.1453733829059
 20
188.0493538911423
 10
215.123490994587
 20
187.8083126934349
 10
215.188898411518
 20
187.5699123935308
 10
215.3387370157194
 20
187.3445722285071
 10
215.5664581411822
 20
187.1421406448777
 10
215.8621092819965
 20
186.9714648742215
 10
216.212769064617
 20
186.8400042667095
 10
216.6031119738911
 20
186.753504281708
 10
217.0160781516103
 20
186.7157453836345
 10
217.4336189941766
 20
186.7283778175221
 10
217.8374859631868
 20
186.7908494853927
 10
218.2100281341262
 20
186.9004300755882
 10
218.5349636264692
 20
187.0523303904909
  0
LINE
  5
2E4
330
1F
100
AcDbEntity
  8
0
100
AcDbLine
 10
218.181410235876
 20
190.113860809826
 30
0.0
 11
215.7065365017231
 21
188.6851466141363
 31
0.0
  0
LINE
  5
2E5
330
1F
100
AcDbEntity
  8
0
100
AcDbLine
 10
198.0288669720594
 20
201.7476764032997
 30
0.0
 11
218.181410235876
 21
190.113860809826
 31
0.0
  0
LINE
  5
2E6
330
1F
100
AcDbEntity
  8
0
100
AcDbLine
 10
198.0288669720594
 20
201.7476764032997
 30
0.0
 11
202.2715076591787
 21
204.1969007387678
 31
0.0
  0
LWPOLYLINE
  5
2E7
330
1F
100
AcDbEntity
  8
0
100
AcDbPolyline
 90
       10
 70
   128
 43
0.0
 10
255.4258365917293
 20
153.1695359489658
 10
255.4317415087373
 20
153.080879891945
 10
255.5107427909241
 20
152.8366977990361
 10
255.678391206235
 20
152.6079223393549
 10
255.9269265335342
 20
152.4051432232442
 10
256.2448444046095
 20
152.2377468250388
 10
256.6174288260053
 20
152.1134817003395
 10
257.0274333626959
 20
152.0380999157277
 10
257.455879452519
 20
152.0150907932892
 10
257.8829348984589
 20
152.0455193945573
  0
LINE
  5
2E8
330
1F
100
AcDbEntity
  8
0
100
AcDbLine
 10
258.8400501541024
 20
153.9862094609146
 30
0.0
 11
258.8400501541024
 21
163.7846992035436
 31
0.0
  0
ARC
  5
2E9
330
1F
100
AcDbEntity
  8
0
100
AcDbCircle
 10
257.5680044093881
 20
156.3013218124757
 30
0.0
 40
2.641561200691029
100
AcDbArc
 50
276.8471665445741
 51
298.7867321988295
  0
LINE
  5
2EA
330
1F
100
AcDbEntity
  8
0
100
AcDbLine
 10
257.8829348984591
 20
153.6786010183289
 30
0.0
 11
257.8829348984589
 21
152.0455193945573
 31
0.0
  0
LINE
  5
2EB
330
1F
100
AcDbEntity
  8
0
100
AcDbLine
 10
261.3149238882554
 20
155.4149236566044
 30
0.0
 11
261.3149238882554
 21
165.2134133992333
 31
0.0
  0
LINE
  5
2EC
330
1F
100
AcDbEntity
  8
0
100
AcDbLine
 10
258.8400501541024
 20
153.9862094609146
 30
0.0
 11
261.3149238882554
 21
155.4149236566044
 31
0.0
  0
LINE
  5
2ED
330
1F
100
AcDbEntity
  8
0
100
AcDbLine
 10
262.1634520256792
 20
154.9250787895107
 30
0.0
 11
262.1634520256791
 21
164.7235685321397
 31
0.0
  0
LINE
  5
2EE
330
1F
100
AcDbEntity
  8
0
100
AcDbLine
 10
266.4060927127985
 20
155.7412215012074
 30
0.0
 11
266.4060927127985
 21
167.1727928676079
 31
0.0
  0
LINE
  5
2EF
330
1F
100
AcDbEntity
  8
0
100
AcDbLine
 10
265.698985931612
 20
155.333017445296
 30
0.0
 11
266.4060927127985
 21
155.7412215012074
 31
0.0
  0
LINE
  5
2F0
330
1F
100
AcDbEntity
  8
0
100
AcDbLine
 10
265.698985931612
 20
155.333017445296
 30
0.0
 11
263.1534015193404
 21
155.4965644677866
 31
0.0
  0
LINE
  5
2F1
330
1F
100
AcDbEntity
  8
0
100
AcDbLine
 10
263.1534015193404
 20
155.4965644677866
 30
0.0
 11
262.1634520256792
 21
154.9250787895107
 31
0.0
  0
LINE
  5
2F2
330
1F
100
AcDbEntity
  8
0
100
AcDbLine
 10
261.3149238882554
 20
155.4149236566044
 30
0.0
 11
262.1634520256792
 21
154.9250787895107
 31
0.0
  0
ARC
  5
2F3
330
1F
100
AcDbEntity
  8
0
100
AcDbCircle
 10
252.8398519226384
 20
166.3617439349939
 30
0.0
 40
0.7684024037858833
100
AcDbArc
 50
2.605478485649151
 51
57.39452165998215
  0
LINE
  5
2F4
330
1F
100
AcDbEntity
  8
0
100
AcDbLine
 10
251.1325862391691
 20
168.2336589627567
 30
0.0
 11
253.2539065827287
 21
167.0090467950227
 31
0.0
  0
ARC
  5
2F5
330
1F
100
AcDbEntity
  8
0
100
AcDbCircle
 10
250.9861262117438
 20
168.0292182981974
 30
0.0
 40
0.2514886179509569
100
AcDbArc
 50
54.38242252481576
 51
114.307119046106
  0
LINE
  5
2F6
330
1F
100
AcDbEntity
  8
0
100
AcDbLine
 10
246.8192348739312
 20
162.1500251790157
 30
0.0
 11
247.718372676796
 21
161.6309639739502
 31
0.0
  0
LINE
  5
2F7
330
1F
100
AcDbEntity
  8
0
100
AcDbLine
 10
246.8192348739312
 20
162.1500251790157
 30
0.0
 11
246.8192348739312
 21
163.7831068027872
 31
0.0
  0
LINE
  5
2F8
330
1F
100
AcDbEntity
  8
0
100
AcDbLine
 10
245.8999960583886
 20
164.3137720754719
 30
0.0
 11
246.8192348739312
 21
163.7831068027872
 31
0.0
  0
LINE
  5
2F9
330
1F
100
AcDbEntity
  8
0
100
AcDbLine
 10
245.8999960583886
 20
164.3137720754719
 30
0.0
 11
245.8999960583886
 21
167.9882057289578
 31
0.0
  0
ARC
  5
2FA
330
1F
100
AcDbEntity
  8
0
100
AcDbCircle
 10
245.1323880077047
 20
167.9532753028274
 30
0.0
 40
0.768402403786317
100
AcDbArc
 50
2.605478485662718
 51
57.39452165996565
  0
LINE
  5
2FB
330
1F
100
AcDbEntity
  8
0
100
AcDbLine
 10
243.4251223242357
 20
169.8251903305904
 30
0.0
 11
245.5464426677954
 21
168.6005781628564
 31
0.0
  0
ARC
  5
2FC
330
1F
100
AcDbEntity
  8
0
100
AcDbCircle
 10
243.2786622968104
 20
169.6207496660311
 30
0.0
 40
0.2514886179509413
100
AcDbArc
 50
54.38242252481049
 51
114.3071190460942
  0
LINE
  5
2FD
330
1F
100
AcDbEntity
  8
0
100
AcDbLine
 10
239.1117709589978
 20
166.5994493884494
 30
0.0
 11
240.0109087618626
 21
166.080388183384
 31
0.0
  0
LINE
  5
2FE
330
1F
100
AcDbEntity
  8
0
100
AcDbLine
 10
239.1117709589978
 20
166.5994493884494
 30
0.0
 11
239.1117709589978
 21
168.2325310122209
 31
0.0
  0
LINE
  5
2FF
330
1F
100
AcDbEntity
  8
0
100
AcDbLine
 10
238.2632428215739
 20
168.7223758793145
 30
0.0
 11
239.1117709589978
 21
168.2325310122209
 31
0.0
  0
LINE
  5
300
330
1F
100
AcDbEntity
  8
0
100
AcDbLine
 10
238.2632428215739
 20
167.0892942555431
 30
0.0
 11
238.2632428215739
 21
168.7223758793145
 31
0.0
  0
LINE
  5
301
330
1F
100
AcDbEntity
  8
0
100
AcDbLine
 10
221.9290761761647
 20
176.5188079470954
 30
0.0
 11
238.2632428215739
 21
167.0892942555431
 31
0.0
  0
LINE
  5
302
330
1F
100
AcDbEntity
  8
0
100
AcDbLine
 10
221.9290761761647
 20
176.5188079470954
 30
0.0
 11
221.9290761761647
 21
178.1518895708669
 31
0.0
  0
LINE
  5
303
330
1F
100
AcDbEntity
  8
0
100
AcDbLine
 10
221.0098373606222
 20
178.6825548435516
 30
0.0
 11
221.9290761761647
 21
178.1518895708669
 31
0.0
  0
LINE
  5
304
330
1F
100
AcDbEntity
  8
0
100
AcDbLine
 10
221.0098373606222
 20
178.6825548435516
 30
0.0
 11
221.0098373606222
 21
188.4810445861806
 31
0.0
  0
LINE
  5
305
330
1F
100
AcDbEntity
  8
0
100
AcDbLine
 10
254.5266987888645
 20
157.7006009695819
 30
0.0
 11
255.4258365917293
 21
157.1815397645164
 31
0.0
  0
LINE
  5
306
330
1F
100
AcDbEntity
  8
0
100
AcDbLine
 10
254.5266987888645
 20
157.7006009695819
 30
0.0
 11
254.5266987888645
 21
159.3336825933534
 31
0.0
  0
LINE
  5
307
330
1F
100
AcDbEntity
  8
0
100
AcDbLine
 10
253.607459973322
 20
159.8643478660381
 30
0.0
 11
254.5266987888645
 21
159.3336825933534
 31
0.0
  0
LINE
  5
308
330
1F
100
AcDbEntity
  8
0
100
AcDbLine
 10
253.607459973322
 20
159.8643478660381
 30
0.0
 11
253.607459973322
 21
166.3966743611241
 31
0.0
  0
LINE
  5
309
330
1F
100
AcDbEntity
  8
0
100
AcDbLine
 10
257.8829348984589
 20
152.0455193945573
 30
0.0
 11
263.7901078939897
 21
155.4556577780408
 31
0.0
  0
SPLINE
  5
30A
330
1F
100
AcDbEntity
  8
0
100
AcDbSpline
210
0.0
220
0.0
230
1.0
 70
     8
 71
     3
 72
     9
 73
     5
 74
     0
 42
1E-08
 43
1E-08
 40
0.0
 40
0.0
 40
0.0
 40
0.0
 40
0.5540412404731287
 40
1.0
 40
1.0
 40
1.0
 40
1.0
 10
247.7222981583226
 20
166.2649415590123
 30
0.0
 10
247.7365009869897
 20
166.3300649258171
 30
0.0
 10
247.7621359535402
 20
166.4476073794243
 30
0.0
 10
247.8453112508728
 20
166.4971902879876
 30
0.0
 10
247.8824040032945
 20
166.5193022203842
 30
0.0
  0
LWPOLYLINE
  5
30B
330
1F
100
AcDbEntity
  8
0
100
AcDbPolyline
 90
        9
 70
   128
 43
0.0
 10
249.8436185018823
 20
165.0403293912782
 10
249.4207787046899
 20
165.0509162638093
 10
249.0112658956094
 20
165.1126322670906
 10
248.6334190628254
 20
165.2227136070969
 10
248.3041591144228
 20
165.3762305713773
 10
248.0382311186133
 20
165.566308293672
 10
247.847543983409
 20
165.7844346272886
 10
247.7406371465073
 20
166.0208413399124
 10
247.7222981583226
 20
166.2649415590123
  0
SPLINE
  5
30C
330
1F
100
AcDbEntity
  8
0
100
AcDbSpline
210
0.0
220
0.0
230
1.0
 70
     8
 71
     3
 72
    16
 73
    12
 74
     0
 42
1E-08
 43
1E-08
 40
0.0
 40
0.0
 40
0.0
 40
0.0
 40
0.101910009966532
 40
0.185030148615736
 40
0.2493606220153886
 40
0.3820393520419216
 40
0.4982002975588085
 40
0.6303426597045407
 40
0.7490637716251872
 40
0.8813026259701398
 40
1.0
 40
1.0
 40
1.0
 40
1.0
 10
251.1325862391691
 20
164.9679601654344
 30
0.0
 10
251.098781655601
 20
164.968305546672
 30
0.0
 10
251.0374052792907
 20
164.9689326287589
 30
0.0
 10
250.9481372545487
 20
164.9732691740862
 30
0.0
 10
250.8438773938962
 20
164.9800216375191
 30
0.0
 10
250.7203700338081
 20
164.9897324917274
 30
0.0
 10
250.5602955941256
 20
165.0042215036202
 30
0.0
 10
250.3964110493276
 20
165.0189048073028
 30
0.0
 10
250.2157938021
 20
165.0327344089502
 30
0.0
 10
250.0330100373313
 20
165.0429219767964
 30
0.0
 10
249.9044362353758
 20
165.04116192677
 30
0.0
 10
249.8436185018823
 20
165.0403293912782
 30
0.0
  0
LINE
  5
30D
330
1F
100
AcDbEntity
  8
0
100
AcDbLine
 10
251.1325862391691
 20
156.8025520465769
 30
0.0
 11
251.1325862391691
 21
164.9679601654344
 31
0.0
  0
LWPOLYLINE
  5
30E
330
1F
100
AcDbEntity
  8
0
100
AcDbPolyline
 90
       13
 70
   128
 43
0.0
 10
247.718372676796
 20
157.6189601583996
 10
247.7211136072868
 20
157.558534349521
 10
247.7865210242178
 20
157.3201340496168
 10
247.9363596284193
 20
157.0947938845932
 10
248.164080753882
 20
156.8923623009637
 10
248.4597318946963
 20
156.7216865303076
 10
248.8103916773169
 20
156.5902259227956
 10
249.200734586591
 20
156.5037259377941
 10
249.6137007643101
 20
156.4659670397206
 10
250.0312416068764
 20
156.4785994736081
 10
250.4351085758866
 20
156.5410711414788
 10
250.807650746826
 20
156.6506517316742
 10
251.1325862391691
 20
156.8025520465769
  0
LINE
  5
30F
330
1F
100
AcDbEntity
  8
0
100
AcDbLine
 10
247.7222981583226
 20
166.2649415590123
 30
0.0
 11
251.1325862391691
 21
168.2336589627567
 31
0.0
  0
LINE
  5
310
330
1F
100
AcDbEntity
  8
0
100
AcDbLine
 10
249.8436185018823
 20
165.0403293912782
 30
0.0
 11
253.2539065827287
 21
167.0090467950227
 31
0.0
  0
LINE
  5
311
330
1F
100
AcDbEntity
  8
0
100
AcDbLine
 10
251.1325862391691
 20
164.9679601654344
 30
0.0
 11
253.607459973322
 21
166.3966743611241
 31
0.0
  0
LINE
  5
312
330
1F
100
AcDbEntity
  8
0
100
AcDbLine
 10
253.607459973322
 20
158.2312662422666
 30
0.0
 11
253.607459973322
 21
159.8643478660381
 31
0.0
  0
LINE
  5
313
330
1F
100
AcDbEntity
  8
0
100
AcDbLine
 10
251.1325862391691
 20
156.8025520465769
 30
0.0
 11
253.607459973322
 21
158.2312662422666
 31
0.0
  0
LINE
  5
314
330
1F
100
AcDbEntity
  8
0
100
AcDbLine
 10
254.5266987888645
 20
158.925213137316
 30
0.0
 11
253.607459973322
 21
158.3945478646312
 31
0.0
  0
LINE
  5
315
330
1F
100
AcDbEntity
  8
0
100
AcDbLine
 10
243.4251223242357
 20
161.2519762560107
 30
0.0
 11
243.4251223242357
 21
166.559491533268
 31
0.0
  0
SPLINE
  5
316
330
1F
100
AcDbEntity
  8
0
100
AcDbSpline
210
0.0
220
0.0
230
1.0
 70
     8
 71
     3
 72
     9
 73
     5
 74
     0
 42
1E-08
 43
1E-08
 40
0.0
 40
0.0
 40
0.0
 40
0.0
 40
0.5540412404731139
 40
1.0
 40
1.0
 40
1.0
 40
1.0
 10
240.0148342433893
 20
167.856472926846
 30
0.0
 10
240.0290370720564
 20
167.9215962936507
 30
0.0
 10
240.0546720386068
 20
168.039138747258
 30
0.0
 10
240.1378473359395
 20
168.0887216558212
 30
0.0
 10
240.1749400883612
 20
168.1108335882178
 30
0.0
  0
LWPOLYLINE
  5
317
330
1F
100
AcDbEntity
  8
0
100
AcDbPolyline
 90
        9
 70
   128
 43
0.0
 10
242.1361545869489
 20
166.6318607591119
 10
241.7133147897565
 20
166.642447631643
 10
241.303801980676
 20
166.7041636349243
 10
240.9259551478921
 20
166.8142449749305
 10
240.5966951994895
 20
166.9677619392109
 10
240.33076720368
 20
167.1578396615056
 10
240.1400800684756
 20
167.3759659951222
 10
240.033173231574
 20
167.6123727077461
 10
240.0148342433893
 20
167.856472926846
  0
SPLINE
  5
318
330
1F
100
AcDbEntity
  8
0
100
AcDbSpline
210
0.0
220
0.0
230
1.0
 70
     8
 71
     3
 72
    16
 73
    12
 74
     0
 42
1E-08
 43
1E-08
 40
0.0
 40
0.0
 40
0.0
 40
0.0
 40
0.1019100099529117
 40
0.1850301486021257
 40
0.2493606220154112
 40
0.3820393520559004
 40
0.4982002975589321
 40
0.6303426597317776
 40
0.7490637716251973
 40
0.881302625971392
 40
1.0
 40
1.0
 40
1.0
 40
1.0
 10
243.4251223242357
 20
166.559491533268
 30
0.0
 10
243.3913177406721
 20
166.5598369145052
 30
0.0
 10
243.3299413643663
 20
166.5604639965914
 30
0.0
 10
243.2406733396249
 20
166.5648005419179
 30
0.0
 10
243.1364134789631
 20
166.5715530053529
 30
0.0
 10
243.0129061188708
 20
166.5812638595659
 30
0.0
 10
242.8528316791744
 20
166.5957528714551
 30
0.0
 10
242.6889471343804
 20
166.6104361751341
 30
0.0
 10
242.508329887153
 20
166.6242657767858
 30
0.0
 10
242.3255461223971
 20
166.6344533446295
 30
0.0
 10
242.1969723204417
 20
166.6326932946035
 30
0.0
 10
242.1361545869489
 20
166.6318607591119
 30
0.0
  0
LWPOLYLINE
  5
319
330
1F
100
AcDbEntity
  8
0
100
AcDbPolyline
 90
       13
 70
   128
 43
0.0
 10
240.0109087618626
 20
162.0683843678334
 10
240.0136496923535
 20
162.0079585589548
 10
240.0790571092845
 20
161.7695582590506
 10
240.2288957134859
 20
161.5442180940269
 10
240.4566168389487
 20
161.3417865103975
 10
240.752267979763
 20
161.1711107397413
 10
241.1029277623835
 20
161.0396501322294
 10
241.4932706716576
 20
160.9531501472279
 10
241.9062368493767
 20
160.9153912491543
 10
242.3237776919431
 20
160.9280236830419
 10
242.7276446609532
 20
160.9904953509125
 10
243.1001868318927
 20
161.100075941108
 10
243.4251223242357
 20
161.2519762560107
  0
LINE
  5
31A
330
1F
100
AcDbEntity
  8
0
100
AcDbLine
 10
240.0148342433893
 20
167.856472926846
 30
0.0
 11
243.4251223242357
 21
169.8251903305904
 31
0.0
  0
LINE
  5
31B
330
1F
100
AcDbEntity
  8
0
100
AcDbLine
 10
242.1361545869489
 20
166.6318607591119
 30
0.0
 11
245.5464426677954
 21
168.6005781628564
 31
0.0
  0
LINE
  5
31C
330
1F
100
AcDbEntity
  8
0
100
AcDbLine
 10
243.4251223242357
 20
166.559491533268
 30
0.0
 11
245.8999960583886
 21
167.9882057289578
 31
0.0
  0
LINE
  5
31D
330
1F
100
AcDbEntity
  8
0
100
AcDbLine
 10
245.8999960583886
 20
162.6806904517004
 30
0.0
 11
245.8999960583886
 21
164.3137720754719
 31
0.0
  0
LINE
  5
31E
330
1F
100
AcDbEntity
  8
0
100
AcDbLine
 10
243.4251223242357
 20
161.2519762560107
 30
0.0
 11
245.8999960583886
 21
162.6806904517004
 31
0.0
  0
LINE
  5
31F
330
1F
100
AcDbEntity
  8
0
100
AcDbLine
 10
246.8192348739312
 20
163.3746373467497
 30
0.0
 11
245.8999960583886
 21
162.843972074065
 31
0.0
  0
LINE
  5
320
330
1F
100
AcDbEntity
  8
0
100
AcDbLine
 10
239.1117709589978
 20
167.5791391226367
 30
0.0
 11
238.2632428215739
 21
167.0892942555431
 31
0.0
  0
LINE
  5
321
330
1F
100
AcDbEntity
  8
0
100
AcDbLine
 10
218.5349636264693
 20
175.6207590240903
 30
0.0
 11
218.5349636264692
 21
187.0523303904909
 31
0.0
  0
LWPOLYLINE
  5
322
330
1F
100
AcDbEntity
  8
0
100
AcDbPolyline
 90
       13
 70
   128
 43
0.0
 10
215.1207500640962
 20
176.4371671359131
 10
215.1234909945871
 20
176.3767413270345
 10
215.1888984115181
 20
176.1383410271303
 10
215.3387370157195
 20
175.9130008621067
 10
215.5664581411822
 20
175.7105692784772
 10
215.8621092819965
 20
175.539893507821
 10
216.2127690646171
 20
175.4084329003091
 10
216.6031119738911
 20
175.3219329153076
 10
217.0160781516103
 20
175.284174017234
 10
217.4336189941766
 20
175.2968064511216
 10
217.8374859631868
 20
175.3592781189923
 10
218.2100281341263
 20
175.4688587091877
 10
218.5349636264693
 20
175.6207590240903
  0
LINE
  5
323
330
1F
100
AcDbEntity
  8
0
100
AcDbLine
 10
221.0098373606222
 20
177.0494732197801
 30
0.0
 11
221.0098373606222
 21
178.6825548435516
 31
0.0
  0
LINE
  5
324
330
1F
100
AcDbEntity
  8
0
100
AcDbLine
 10
218.5349636264693
 20
175.6207590240903
 30
0.0
 11
221.0098373606222
 21
177.0494732197801
 31
0.0
  0
ARC
  5
325
330
1F
100
AcDbEntity
  8
0
100
AcDbCircle
 10
212.5347653950051
 20
189.6293751219411
 30
0.0
 40
0.7684024037860355
100
AcDbArc
 50
2.605478485657138
 51
57.39452165997486
  0
LINE
  5
326
330
1F
100
AcDbEntity
  8
0
100
AcDbLine
 10
210.8274997115359
 20
191.501290149704
 30
0.0
 11
212.9488200550956
 21
190.2766779819699
 31
0.0
  0
ARC
  5
327
330
1F
100
AcDbEntity
  8
0
100
AcDbCircle
 10
210.6810396841107
 20
191.2968494851448
 30
0.0
 40
0.2514886179508158
100
AcDbArc
 50
54.38242252479691
 51
114.3071190461134
  0
LINE
  5
328
330
1F
100
AcDbEntity
  8
0
100
AcDbLine
 10
206.514148346298
 20
185.4176563659629
 30
0.0
 11
206.514148346298
 21
187.0507379897344
 31
0.0
  0
LINE
  5
329
330
1F
100
AcDbEntity
  8
0
100
AcDbLine
 10
205.5949095307555
 20
187.5814032624191
 30
0.0
 11
206.514148346298
 21
187.0507379897344
 31
0.0
  0
LINE
  5
32A
330
1F
100
AcDbEntity
  8
0
100
AcDbLine
 10
205.5949095307555
 20
187.5814032624191
 30
0.0
 11
205.5949095307555
 21
191.255836915905
 31
0.0
  0
ARC
  5
32B
330
1F
100
AcDbEntity
  8
0
100
AcDbCircle
 10
204.8273014800718
 20
191.2209064897747
 30
0.0
 40
0.7684024037859896
100
AcDbArc
 50
2.605478485655213
 51
57.39452165998022
  0
LINE
  5
32C
330
1F
100
AcDbEntity
  8
0
100
AcDbLine
 10
203.1200357966026
 20
193.0928215175377
 30
0.0
 11
205.2413561401622
 21
191.8682093498036
 31
0.0
  0
ARC
  5
32D
330
1F
100
AcDbEntity
  8
0
100
AcDbCircle
 10
202.9735757691773
 20
192.8883808529782
 30
0.0
 40
0.2514886179510372
100
AcDbArc
 50
54.38242252482181
 51
114.3071190460835
  0
LINE
  5
32E
330
1F
100
AcDbEntity
  8
0
100
AcDbLine
 10
198.8773951094833
 20
189.8262601698055
 30
0.0
 11
198.8773951094833
 21
191.459341793577
 31
0.0
  0
LINE
  5
32F
330
1F
100
AcDbEntity
  8
0
100
AcDbLine
 10
198.0288669720594
 20
191.9491866606706
 30
0.0
 11
198.8773951094833
 21
191.459341793577
 31
0.0
  0
LINE
  5
330
330
1F
100
AcDbEntity
  8
0
100
AcDbLine
 10
198.0288669720594
 20
191.9491866606706
 30
0.0
 11
198.0288669720594
 21
201.7476764032997
 31
0.0
  0
LINE
  5
331
330
1F
100
AcDbEntity
  8
0
100
AcDbLine
 10
214.2216122612313
 20
180.9682321565291
 30
0.0
 11
214.2216122612313
 21
182.6013137803006
 31
0.0
  0
LINE
  5
332
330
1F
100
AcDbEntity
  8
0
100
AcDbLine
 10
213.3023734456888
 20
183.1319790529854
 30
0.0
 11
214.2216122612313
 21
182.6013137803006
 31
0.0
  0
LINE
  5
333
330
1F
100
AcDbEntity
  8
0
100
AcDbLine
 10
213.3023734456888
 20
183.1319790529854
 30
0.0
 11
213.3023734456888
 21
189.6643055480714
 31
0.0
  0
LINE
  5
334
330
1F
100
AcDbEntity
  8
0
100
AcDbLine
 10
198.8773951094833
 20
189.8262601698055
 30
0.0
 11
199.7058222342295
 21
189.3480193703312
 31
0.0
  0
LINE
  5
335
330
1F
100
AcDbEntity
  8
0
100
AcDbLine
 10
206.514148346298
 20
185.4176563659629
 30
0.0
 11
207.4132861491628
 21
184.8985951608974
 31
0.0
  0
LINE
  5
336
330
1F
100
AcDbEntity
  8
0
100
AcDbLine
 10
214.2216122612313
 20
180.9682321565291
 30
0.0
 11
215.1207500640962
 21
180.4491709514637
 31
0.0
  0
LINE
  5
337
330
1F
100
AcDbEntity
  8
0
100
AcDbLine
 10
210.8274997115359
 20
180.0701832335241
 30
0.0
 11
210.8274997115359
 21
188.2355913523816
 31
0.0
  0
SPLINE
  5
338
330
1F
100
AcDbEntity
  8
0
100
AcDbSpline
210
0.0
220
0.0
230
1.0
 70
     8
 71
     3
 72
     9
 73
     5
 74
     0
 42
1E-08
 43
1E-08
 40
0.0
 40
0.0
 40
0.0
 40
0.0
 40
0.5540412404730836
 40
1.0
 40
1.0
 40
1.0
 40
1.0
 10
207.4172116306895
 20
189.5325727459596
 30
0.0
 10
207.4314144593566
 20
189.5976961127643
 30
0.0
 10
207.4570494259071
 20
189.7152385663715
 30
0.0
 10
207.5402247232396
 20
189.7648214749348
 30
0.0
 10
207.5773174756614
 20
189.7869334073314
 30
0.0
  0
LWPOLYLINE
  5
339
330
1F
100
AcDbEntity
  8
0
100
AcDbPolyline
 90
        9
 70
   128
 43
0.0
 10
209.5385319742492
 20
188.3079605782255
 10
209.1156921770568
 20
188.3185474507566
 10
208.7061793679763
 20
188.3802634540378
 10
208.3283325351923
 20
188.4903447940441
 10
207.9990725867897
 20
188.6438617583245
 10
207.7331445909802
 20
188.8339394806192
 10
207.5424574557759
 20
189.0520658142359
 10
207.4355506188741
 20
189.2884725268597
 10
207.4172116306895
 20
189.5325727459596
  0
SPLINE
  5
33A
330
1F
100
AcDbEntity
  8
0
100
AcDbSpline
210
0.0
220
0.0
230
1.0
 70
     8
 71
     3
 72
    16
 73
    12
 74
     0
 42
1E-08
 43
1E-08
 40
0.0
 40
0.0
 40
0.0
 40
0.0
 40
0.101910010061343
 40
0.1850301487105585
 40
0.2493606220153635
 40
0.3820393519873432
 40
0.4982002975589797
 40
0.6303426597038962
 40
0.7490637716252927
 40
0.8813026259743497
 40
1.0
 40
1.0
 40
1.0
 40
1.0
 10
210.8274997115359
 20
188.2355913523816
 30
0.0
 10
210.7936951279352
 20
188.2359367336181
 30
0.0
 10
210.7323187515912
 20
188.2365638157028
 30
0.0
 10
210.6430507268441
 20
188.2409003610335
 30
0.0
 10
210.5387908662468
 20
188.24765282447
 30
0.0
 10
210.4152835061981
 20
188.2573636786751
 30
0.0
 10
210.2552090665165
 20
188.2718526905641
 30
0.0
 10
210.0913245216954
 20
188.2865359942521
 30
0.0
 10
209.9107072744651
 20
188.3003655958973
 30
0.0
 10
209.7279235096958
 20
188.3105531637427
 30
0.0
 10
209.5993497077404
 20
188.3087931137169
 30
0.0
 10
209.5385319742492
 20
188.3079605782255
 30
0.0
  0
LWPOLYLINE
  5
33B
330
1F
100
AcDbEntity
  8
0
100
AcDbPolyline
 90
       13
 70
   128
 43
0.0
 10
207.4132861491628
 20
180.8865913453469
 10
207.4160270796537
 20
180.8261655364682
 10
207.4814344965847
 20
180.5877652365641
 10
207.6312731007861
 20
180.3624250715404
 10
207.8589942262489
 20
180.159993487911
 10
208.1546453670632
 20
179.9893177172548
 10
208.5053051496837
 20
179.8578571097429
 10
208.8956480589578
 20
179.7713571247413
 10
209.308614236677
 20
179.7335982266678
 10
209.7261550792433
 20
179.7462306605554
 10
210.1300220482535
 20
179.808702328426
 10
210.5025642191929
 20
179.9182829186214
 10
210.8274997115359
 20
180.0701832335241
  0
LINE
  5
33C
330
1F
100
AcDbEntity
  8
0
100
AcDbLine
 10
207.4172116306895
 20
189.5325727459596
 30
0.0
 11
210.8274997115359
 21
191.501290149704
 31
0.0
  0
LINE
  5
33D
330
1F
100
AcDbEntity
  8
0
100
AcDbLine
 10
209.5385319742492
 20
188.3079605782255
 30
0.0
 11
212.9488200550956
 21
190.2766779819699
 31
0.0
  0
LINE
  5
33E
330
1F
100
AcDbEntity
  8
0
100
AcDbLine
 10
210.8274997115359
 20
188.2355913523816
 30
0.0
 11
213.3023734456888
 21
189.6643055480714
 31
0.0
  0
LINE
  5
33F
330
1F
100
AcDbEntity
  8
0
100
AcDbLine
 10
213.3023734456889
 20
181.4988974292139
 30
0.0
 11
213.3023734456888
 21
183.1319790529854
 31
0.0
  0
LINE
  5
340
330
1F
100
AcDbEntity
  8
0
100
AcDbLine
 10
210.8274997115359
 20
180.0701832335241
 30
0.0
 11
213.3023734456889
 21
181.4988974292139
 31
0.0
  0
LINE
  5
341
330
1F
100
AcDbEntity
  8
0
100
AcDbLine
 10
221.9290761761647
 20
177.7434201148294
 30
0.0
 11
221.0098373606222
 21
177.2127548421446
 31
0.0
  0
LINE
  5
342
330
1F
100
AcDbEntity
  8
0
100
AcDbLine
 10
214.2216122612313
 20
182.1928443242632
 30
0.0
 11
213.3023734456888
 21
181.6621790515784
 31
0.0
  0
LINE
  5
343
330
1F
100
AcDbEntity
  8
0
100
AcDbLine
 10
203.1200357966026
 20
184.5196074429579
 30
0.0
 11
203.1200357966026
 21
189.8271227202153
 31
0.0
  0
SPLINE
  5
344
330
1F
100
AcDbEntity
  8
0
100
AcDbSpline
210
0.0
220
0.0
230
1.0
 70
     8
 71
     3
 72
     9
 73
     5
 74
     0
 42
1E-08
 43
1E-08
 40
0.0
 40
0.0
 40
0.0
 40
0.0
 40
0.5540412404731511
 40
1.0
 40
1.0
 40
1.0
 40
1.0
 10
199.7097477157562
 20
191.1241041137932
 30
0.0
 10
199.7239505444233
 20
191.189227480598
 30
0.0
 10
199.7495855109737
 20
191.3067699342052
 30
0.0
 10
199.8327608083063
 20
191.3563528427685
 30
0.0
 10
199.8698535607281
 20
191.3784647751651
 30
0.0
  0
LWPOLYLINE
  5
345
330
1F
100
AcDbEntity
  8
0
100
AcDbPolyline
 90
        9
 70
   128
 43
0.0
 10
201.8310680593158
 20
189.8994919460592
 10
201.4082282621234
 20
189.9100788185902
 10
200.9987154530429
 20
189.9717948218715
 10
200.6208686202589
 20
190.0818761618778
 10
200.2916086718564
 20
190.2353931261581
 10
200.0256806760468
 20
190.4254708484529
 10
199.8349935408425
 20
190.6435971820695
 10
199.7280867039408
 20
190.8800038946933
 10
199.7097477157562
 20
191.1241041137932
  0
SPLINE
  5
346
330
1F
100
AcDbEntity
  8
0
100
AcDbSpline
210
0.0
220
0.0
230
1.0
 70
     8
 71
     3
 72
    16
 73
    12
 74
     0
 42
1E-08
 43
1E-08
 40
0.0
 40
0.0
 40
0.0
 40
0.0
 40
0.1019100098583126
 40
0.1850301485075071
 40
0.2493606220153946
 40
0.3820393520148026
 40
0.4982002975587372
 40
0.6303426596969908
 40
0.7490637716251544
 40
0.8813026259675296
 40
1.0
 40
1.0
 40
1.0
 40
1.0
 10
203.1200357966026
 20
189.8271227202153
 30
0.0
 10
203.0862312130714
 20
189.8274681014529
 30
0.0
 10
203.0248548367986
 20
189.8280951835401
 30
0.0
 10
202.935586812062
 20
189.8324317288627
 30
0.0
 10
202.8313269513824
 20
189.8391841922956
 30
0.0
 10
202.7078195912533
 20
189.8488950465088
 30
0.0
 10
202.5477451515742
 20
189.8633840583993
 30
0.0
 10
202.3838606067647
 20
189.8780673620836
 30
0.0
 10
202.2032433595384
 20
189.8918969637306
 30
0.0
 10
202.0204595947662
 20
189.902084531578
 30
0.0
 10
201.8918857928106
 20
189.9003244815511
 30
0.0
 10
201.8310680593158
 20
189.8994919460592
 30
0.0
  0
LWPOLYLINE
  5
347
330
1F
100
AcDbEntity
  8
0
100
AcDbPolyline
 90
       13
 70
   128
 43
0.0
 10
199.7058222342295
 20
185.3360155547806
 10
199.7085631647203
 20
185.275589745902
 10
199.7739705816514
 20
185.0371894459978
 10
199.9238091858527
 20
184.8118492809742
 10
200.1515303113156
 20
184.6094176973447
 10
200.4471814521298
 20
184.4387419266886
 10
200.7978412347504
 20
184.3072813191766
 10
201.1881841440245
 20
184.2207813341751
 10
201.6011503217436
 20
184.1830224361016
 10
202.01869116431
 20
184.1956548699891
 10
202.4225581333201
 20
184.2581265378598
 10
202.7951003042595
 20
184.3677071280552
 10
203.1200357966026
 20
184.5196074429579
  0
LINE
  5
348
330
1F
100
AcDbEntity
  8
0
100
AcDbLine
 10
199.7097477157562
 20
191.1241041137932
 30
0.0
 11
203.1200357966026
 21
193.0928215175377
 31
0.0
  0
LINE
  5
349
330
1F
100
AcDbEntity
  8
0
100
AcDbLine
 10
201.8310680593158
 20
189.8994919460592
 30
0.0
 11
205.2413561401622
 21
191.8682093498036
 31
0.0
  0
LINE
  5
34A
330
1F
100
AcDbEntity
  8
0
100
AcDbLine
 10
203.1200357966026
 20
189.8271227202153
 30
0.0
 11
205.5949095307555
 21
191.255836915905
 31
0.0
  0
LINE
  5
34B
330
1F
100
AcDbEntity
  8
0
100
AcDbLine
 10
205.5949095307555
 20
185.9483216386477
 30
0.0
 11
205.5949095307555
 21
187.5814032624191
 31
0.0
  0
LINE
  5
34C
330
1F
100
AcDbEntity
  8
0
100
AcDbLine
 10
203.1200357966026
 20
184.5196074429579
 30
0.0
 11
205.5949095307555
 21
185.9483216386477
 31
0.0
  0
LINE
  5
34D
330
1F
100
AcDbEntity
  8
0
100
AcDbLine
 10
206.514148346298
 20
186.642268533697
 30
0.0
 11
205.5949095307555
 21
186.1116032610122
 31
0.0
  0
LINE
  5
34E
330
1F
100
AcDbEntity
  8
0
100
AcDbLine
 10
258.6279181197464
 20
152.4755890539165
 30
0.0
 11
258.6279181197464
 21
152.3122808915394
 31
0.0
  0
LWPOLYLINE
  5
34F
330
1F
100
AcDbEntity
  8
0
100
AcDbPolyline
 90
        9
 70
   128
 43
0.0
 10
258.4258365917294
 20
142.962775800394
 10
258.4135249323245
 20
142.8724681059796
 10
258.3168431159177
 20
142.7006926634908
 10
258.1329433729159
 20
142.5545717444826
 10
257.8798270914689
 20
142.448408682592
 10
257.5822710567696
 20
142.3925954579982
 10
257.2694021266892
 20
142.3925954579982
 10
256.9718460919898
 20
142.448408682592
 10
256.7187298105428
 20
142.5545717444826
  0
ARC
  5
350
330
1F
100
AcDbEntity
  8
0
100
AcDbCircle
 10
256.9099714829347
 20
143.0009707471481
 30
0.0
 40
0.4856392146851424
100
AcDbArc
 50
184.5109035713609
 51
246.8092373862623
  0
LWPOLYLINE
  5
351
330
1F
100
AcDbEntity
  8
0
100
AcDbPolyline
 90
        9
 70
   128
 43
0.0
 10
200.998715453043
 20
174.7210513502974
 10
201.25183173449
 20
174.6148882884068
 10
201.5493877691893
 20
174.559075063813
 10
201.8622566992698
 20
174.559075063813
 10
202.159812733969
 20
174.6148882884068
 10
202.412929015416
 20
174.7210513502974
 10
202.5968287584179
 20
174.8671722693056
 10
202.6935105748246
 20
175.0389477117944
 10
202.7058222342295
 20
175.1292554062088
  0
ARC
  5
352
330
1F
100
AcDbEntity
  8
0
100
AcDbCircle
 10
201.1899571254351
 20
175.167450352963
 30
0.0
 40
0.4856392146853625
100
AcDbArc
 50
184.5109035713657
 51
246.8092373862442
  0
LWPOLYLINE
  5
353
330
1F
100
AcDbEntity
  8
0
100
AcDbPolyline
 90
        9
 70
   128
 43
0.0
 10
208.7061793679763
 20
170.2716271408636
 10
208.9592956494233
 20
170.165464078973
 10
209.2568516841226
 20
170.1096508543793
 10
209.5697206142031
 20
170.1096508543793
 10
209.8672766489024
 20
170.165464078973
 10
210.1203929303494
 20
170.2716271408636
 10
210.3042926733512
 20
170.4177480598718
 10
210.400974489758
 20
170.5895235023606
 10
210.4132861491629
 20
170.679831196775
  0
ARC
  5
354
330
1F
100
AcDbEntity
  8
0
100
AcDbCircle
 10
208.8974210403685
 20
170.7180261435293
 30
0.0
 40
0.4856392146853775
100
AcDbArc
 50
184.5109035713755
 51
246.8092373862486
  0
LWPOLYLINE
  5
355
330
1F
100
AcDbEntity
  8
0
100
AcDbPolyline
 90
        9
 70
   128
 43
0.0
 10
216.4136432829097
 20
165.8222029314298
 10
216.6667595643567
 20
165.7160398695392
 10
216.964315599056
 20
165.6602266449455
 10
217.2771845291364
 20
165.6602266449455
 10
217.5747405638358
 20
165.7160398695392
 10
217.8278568452828
 20
165.8222029314299
 10
218.0117565882846
 20
165.968323850438
 10
218.1084384046914
 20
166.1400992929268
 10
218.1207500640962
 20
166.2304069873412
  0
ARC
  5
356
330
1F
100
AcDbEntity
  8
0
100
AcDbCircle
 10
216.6048849553019
 20
166.2686019340955
 30
0.0
 40
0.4856392146854239
100
AcDbArc
 50
184.5109035713716
 51
246.8092373862394
  0
LWPOLYLINE
  5
357
330
1F
100
AcDbEntity
  8
0
100
AcDbPolyline
 90
        9
 70
   128
 43
0.0
 10
243.0109087618627
 20
151.8616242192615
 10
242.9985971024578
 20
151.7713165248471
 10
242.901915286051
 20
151.5995410823583
 10
242.7180155430492
 20
151.4534201633502
 10
242.4648992616022
 20
151.3472571014595
 10
242.1673432269029
 20
151.2914438768658
 10
241.8544742968224
 20
151.2914438768658
 10
241.5569182621231
 20
151.3472571014595
 10
241.3038019806761
 20
151.4534201633502
  0
ARC
  5
358
330
1F
100
AcDbEntity
  8
0
100
AcDbCircle
 10
241.4950436530683
 20
151.8998191660158
 30
0.0
 40
0.485639214685365
100
AcDbArc
 50
184.5109035713688
 51
246.8092373862442
  0
LWPOLYLINE
  5
359
330
1F
100
AcDbEntity
  8
0
100
AcDbPolyline
 90
        9
 70
   128
 43
0.0
 10
250.718372676796
 20
147.4122000098278
 10
250.7060610173911
 20
147.3218923154134
 10
250.6093792009844
 20
147.1501168729245
 10
250.4254794579825
 20
147.0039959539164
 10
250.1723631765356
 20
146.8978328920258
 10
249.8748071418362
 20
146.842019667432
 10
249.5619382117558
 20
146.842019667432
 10
249.2643821770565
 20
146.8978328920258
 10
249.0112658956095
 20
147.0039959539164
  0
ARC
  5
35A
330
1F
100
AcDbEntity
  8
0
100
AcDbCircle
 10
249.2025075680017
 20
147.4503949565821
 30
0.0
 40
0.485639214685523
100
AcDbArc
 50
184.5109035713809
 51
246.8092373862341
  0
ARC
  5
35B
330
1F
100
AcDbEntity
  8
0
100
AcDbCircle
 10
258.7459552822984
 20
111.6964893159272
 30
0.0
 40
0.916281966353388
100
AcDbArc
 50
333.9172956731553
 51
62.02032477012569
  0
ARC
  5
35C
330
1F
100
AcDbEntity
  8
0
100
AcDbCircle
 10
251.0384927778207
 20
116.1459143193282
 30
0.0
 40
0.9162806034631911
100
AcDbArc
 50
333.9166630665156
 51
62.02037936559508
  0
LWPOLYLINE
  5
35D
330
1F
100
AcDbEntity
  8
0
100
AcDbPolyline
 90
        3
 70
   128
 43
0.0
 10
248.2863921614567
 20
118.7920132780274
 10
248.3085056184723
 20
118.7759587105717
 10
248.320666619947
 20
118.7669031549632
  0
ARC
  5
35E
330
1F
100
AcDbEntity
  8
0
100
AcDbCircle
 10
218.4408687546651
 20
134.9641205028744
 30
0.0
 40
0.9162819663535684
100
AcDbArc
 50
333.9172956731647
 51
62.02032477011959
  0
ARC
  5
35F
330
1F
100
AcDbEntity
  8
0
100
AcDbCircle
 10
210.7334062501875
 20
139.4135455062754
 30
0.0
 40
0.9162806034632714
100
AcDbArc
 50
333.9166630665171
 51
62.0203793655912
  0
LWPOLYLINE
  5
360
330
1F
100
AcDbEntity
  8
0
100
AcDbPolyline
 90
        3
 70
   128
 43
0.0
 10
207.9813056338235
 20
142.0596444649747
 10
208.0034190908392
 20
142.0435898975189
 10
208.0155800923139
 20
142.0345343419105
  0
LWPOLYLINE
  5
361
330
1F
100
AcDbEntity
  8
0
100
AcDbPolyline
 90
       17
 70
   128
 43
0.0
 10
258.4258365917295
 20
114.5718509248912
 10
258.5781784697715
 20
114.4185023543479
 10
258.6644714385202
 20
114.235972021933
 10
258.6656096632995
 20
114.0467670763141
 10
258.5815148924441
 20
113.8638951433816
 10
258.4179685462811
 20
113.6999284615707
 10
258.1862142510261
 20
113.5661395546969
 10
257.9021848522043
 20
113.4717262587006
 10
257.5854070495522
 20
113.4231793808351
 10
257.2576589585087
 20
113.4238364640138
 10
256.9414728894245
 20
113.4736523345118
 10
256.6585862767255
 20
113.5692022076083
 10
256.4284472548956
 20
113.7039171376606
 10
256.2668776212398
 20
113.8685356256827
 10
256.1849851052258
 20
114.0517403369198
 10
256.188399724653
 20
114.2409361548049
 10
256.188399724653
 20
114.2409361548049
  0
ARC
  5
362
330
1F
100
AcDbEntity
  8
0
100
AcDbCircle
 10
258.327482014204
 20
113.7979196791897
 30
0.0
 40
0.8507358240996747
100
AcDbArc
 50
293.2477060317726
 51
355.7023707757857
  0
LWPOLYLINE
  5
363
330
1F
100
AcDbEntity
  8
0
100
AcDbPolyline
 90
       11
 70
   128
 43
0.0
 10
258.6632734588059
 20
113.0162576370393
 10
258.3390314870184
 20
112.8688158086299
 10
257.9639892600654
 20
112.7693151213514
 10
257.5590100579821
 20
112.7232907137914
 10
257.1466225292625
 20
112.7333028845891
 10
256.7497674413091
 20
112.7987946652006
 10
256.3905215050581
 20
112.9161228035845
 10
256.088869266331
 20
113.0787604352143
 10
255.861591382551
 20
113.2776601669991
 10
255.7213311290464
 20
113.5017573760645
 10
255.6758702456688
 20
113.7368800396535
  0
LWPOLYLINE
  5
364
330
1F
100
AcDbEntity
  8
0
100
AcDbPolyline
 90
       11
 70
   128
 43
0.0
 10
255.6758365917294
 20
112.0975331111127
 10
255.7213311290464
 20
111.868675752293
 10
255.861591382551
 20
111.6445785432276
 10
256.088869266331
 20
111.4456788114428
 10
256.3905215050581
 20
111.283041179813
 10
256.7497674413091
 20
111.1657130414291
 10
257.1466225292625
 20
111.1002212608176
 10
257.5590100579821
 20
111.0902090900199
 10
257.9639892600654
 20
111.1362334975799
 10
258.3390314870184
 20
111.2357341848584
 10
258.6632734588059
 20
111.3831760132678
  0
LINE
  5
365
330
1F
100
AcDbEntity
  8
0
100
AcDbLine
 10
256.4258365917295
 20
114.3780055405642
 30
0.0
 11
256.188399724653
 21
114.2409361548049
 31
0.0
  0
ARC
  5
366
330
1F
100
AcDbEntity
  8
0
100
AcDbCircle
 10
258.3263957299321
 20
112.1660291816938
 30
0.0
 40
0.8522591668769448
100
AcDbArc
 50
293.2831984226361
 51
355.3387330902212
  0
LINE
  5
367
330
1F
100
AcDbEntity
  8
0
100
AcDbLine
 10
242.7887262211679
 20
112.954695278495
 30
0.0
 11
242.7887262211679
 21
113.3628993344064
 31
0.0
  0
LWPOLYLINE
  5
368
330
1F
100
AcDbEntity
  8
0
100
AcDbPolyline
 90
       17
 70
   128
 43
0.0
 10
250.7183726767961
 20
119.021275134325
 10
250.8707145548382
 20
118.8679265637817
 10
250.9570075235868
 20
118.6853962313668
 10
250.9581457483662
 20
118.4961912857479
 10
250.8740509775107
 20
118.3133193528154
 10
250.7105046313478
 20
118.1493526710045
 10
250.4787503360927
 20
118.0155637641307
 10
250.1947209372709
 20
117.9211504681344
 10
249.8779431346188
 20
117.8726035902689
 10
249.5501950435753
 20
117.8732606734476
 10
249.2340089744912
 20
117.9230765439456
 10
248.9511223617922
 20
118.0186264170421
 10
248.7209833399622
 20
118.1533413470944
 10
248.5594137063064
 20
118.3179598351165
 10
248.4775211902925
 20
118.5011645463536
 10
248.4809358097196
 20
118.6903603642387
 10
248.4809358097196
 20
118.6903603642387
  0
ARC
  5
369
330
1F
100
AcDbEntity
  8
0
100
AcDbCircle
 10
250.6200180992701
 20
118.2473438886239
 30
0.0
 40
0.8507358241002784
100
AcDbArc
 50
293.24770603179
 51
355.7023707757591
  0
LWPOLYLINE
  5
36A
330
1F
100
AcDbEntity
  8
0
100
AcDbPolyline
 90
       11
 70
   128
 43
0.0
 10
250.9558095438725
 20
117.4656818464731
 10
250.631567572085
 20
117.3182400180637
 10
250.2565253451321
 20
117.2187393307852
 10
249.8515461430487
 20
117.1727149232251
 10
249.4391586143291
 20
117.1827270940229
 10
249.0423035263757
 20
117.2482188746343
 10
248.6830575901248
 20
117.3655470130183
 10
248.3814053513977
 20
117.5281846446481
 10
248.1541274676177
 20
117.7270843764328
 10
248.013867214113
 20
117.9511815854983
 10
247.9684063307355
 20
118.1863042490872
  0
LWPOLYLINE
  5
36B
330
1F
100
AcDbEntity
  8
0
100
AcDbPolyline
 90
       11
 70
   128
 43
0.0
 10
250.9558095438725
 20
115.8326002227016
 10
250.631567572085
 20
115.6851583942922
 10
250.2565253451321
 20
115.5856577070137
 10
249.8515461430488
 20
115.5396332994536
 10
249.4391586143291
 20
115.5496454702514
 10
249.0423035263757
 20
115.6151372508628
 10
248.6830575901248
 20
115.7324653892468
 10
248.3814053513977
 20
115.8951030208766
 10
248.1541274676177
 20
116.0940027526614
 10
248.013867214113
 20
116.3180999617268
 10
247.9683726767961
 20
116.5469573205465
  0
LINE
  5
36C
330
1F
100
AcDbEntity
  8
0
100
AcDbLine
 10
248.7183726767961
 20
118.827429749998
 30
0.0
 11
248.4809358097196
 21
118.6903603642387
 31
0.0
  0
ARC
  5
36D
330
1F
100
AcDbEntity
  8
0
100
AcDbCircle
 10
250.6179946036742
 20
116.6164807474933
 30
0.0
 40
0.8535734361898339
100
AcDbArc
 50
293.3137265294277
 51
355.0275526311534
  0
LWPOLYLINE
  5
36E
330
1F
100
AcDbEntity
  8
0
100
AcDbPolyline
 90
       10
 70
   128
 43
0.0
 10
246.7131688567533
 20
119.7108705040171
 10
246.3854365771217
 20
119.7088992861803
 10
246.0680823230787
 20
119.7561748293869
 10
245.7829238404437
 20
119.8494469935426
 10
245.5495654521877
 20
119.9823034229164
 10
245.3840502834146
 20
120.1456103883411
 10
245.2977573146659
 20
120.328140720756
 10
245.2966190898866
 20
120.5173456663749
 10
245.380713860742
 20
120.7002175993074
 10
245.5363921614566
 20
120.8581933859261
  0
ARC
  5
36F
330
1F
100
AcDbEntity
  8
0
100
AcDbCircle
 10
247.2598959391972
 20
120.4152913730247
 30
0.0
 40
0.5221229299272532
100
AcDbArc
 50
349.8384889502116
 51
58.02416543691732
  0
LWPOLYLINE
  5
370
330
1F
100
AcDbEntity
  8
0
100
AcDbPolyline
 90
       10
 70
   128
 43
0.0
 10
246.9596748940374
 20
119.0367009484418
 10
246.5681858126265
 20
119.0068704402005
 10
246.1750778882248
 20
119.0284706989331
 10
245.8003670669291
 20
119.1004019004243
 10
245.4631325662655
 20
119.2190015108957
 10
245.1805454152779
 20
119.3782307728891
 10
244.966994154188
 20
119.5699821817545
 10
244.8333522105347
 20
119.7844922969058
 10
244.7864242549296
 20
120.0108388686615
 10
244.7864029839867
 20
120.0134042379898
  0
LWPOLYLINE
  5
371
330
1F
100
AcDbEntity
  8
0
100
AcDbPolyline
 90
        3
 70
   128
 43
0.0
 10
248.28637350209
 20
120.0122919598191
 10
248.2861033272624
 20
119.9986031117764
 10
248.2344297724356
 20
119.7726012756622
  0
LINE
  5
372
330
1F
100
AcDbEntity
  8
0
100
AcDbLine
 10
246.3242601271007
 20
116.2203277257859
 30
0.0
 11
246.3242601271007
 21
116.6285317816972
 31
0.0
  0
LWPOLYLINE
  5
373
330
1F
100
AcDbEntity
  8
0
100
AcDbPolyline
 90
       10
 70
   128
 43
0.0
 10
244.7863921614566
 20
118.3838755721475
 10
244.7864242549296
 20
118.37775724489
 10
244.8333522105347
 20
118.1514106731343
 10
244.9669941541881
 20
117.936900557983
 10
245.1805454152779
 20
117.7451491491176
 10
245.4631325662655
 20
117.5859198871242
 10
245.8003670669291
 20
117.4673202766528
 10
246.1750778882248
 20
117.3953890751616
 10
246.5681858126265
 20
117.373788816429
 10
246.9596748940374
 20
117.4036193246703
  0
LINE
  5
374
330
1F
100
AcDbEntity
  8
0
100
AcDbLine
 10
214.7872976861807
 20
131.5688002280528
 30
0.0
 11
214.7872976861807
 21
131.9770042839641
 31
0.0
  0
LWPOLYLINE
  5
375
330
1F
100
AcDbEntity
  8
0
100
AcDbPolyline
 90
       17
 70
   128
 43
0.0
 10
218.1207500640963
 20
137.8394821118385
 10
218.2730919421384
 20
137.6861335412952
 10
218.359384910887
 20
137.5036032088803
 10
218.3605231356664
 20
137.3143982632614
 10
218.2764283648109
 20
137.1315263303289
 10
218.112882018648
 20
136.967559648518
 10
217.881127723393
 20
136.8337707416442
 10
217.5970983245711
 20
136.7393574456479
 10
217.280320521919
 20
136.6908105677824
 10
216.9525724308755
 20
136.6914676509611
 10
216.6363863617914
 20
136.741283521459
 10
216.3534997490924
 20
136.8368333945556
 10
216.1233607272624
 20
136.9715483246079
 10
215.9617910936067
 20
137.1361668126299
 10
215.8798985775927
 20
137.3193715238671
 10
215.8833131970199
 20
137.5085673417522
 10
215.8833131970199
 20
137.5085673417522
  0
ARC
  5
376
330
1F
100
AcDbEntity
  8
0
100
AcDbCircle
 10
218.0223954865704
 20
137.0655508661372
 30
0.0
 40
0.8507358241000951
100
AcDbArc
 50
293.2477060317854
 51
355.7023707757668
  0
LWPOLYLINE
  5
377
330
1F
100
AcDbEntity
  8
0
100
AcDbPolyline
 90
       11
 70
   128
 43
0.0
 10
218.3581869311728
 20
136.2838888239866
 10
218.0339449593853
 20
136.1364469955772
 10
217.6589027324323
 20
136.0369463082987
 10
217.2539235303489
 20
135.9909219007386
 10
216.8415360016293
 20
136.0009340715364
 10
216.4446809136759
 20
136.0664258521478
 10
216.085434977425
 20
136.1837539905318
 10
215.7837827386979
 20
136.3463916221616
 10
215.5565048549179
 20
136.5452913539463
 10
215.4162446014133
 20
136.7693885630118
 10
215.3707837180357
 20
137.0045112266007
  0
LWPOLYLINE
  5
378
330
1F
100
AcDbEntity
  8
0
100
AcDbPolyline
 90
       11
 70
   128
 43
0.0
 10
215.3707500640963
 20
135.3651642980599
 10
215.4162446014133
 20
135.1363069392403
 10
215.5565048549179
 20
134.9122097301748
 10
215.7837827386979
 20
134.7133099983901
 10
216.085434977425
 20
134.5506723667603
 10
216.4446809136759
 20
134.4333442283763
 10
216.8415360016293
 20
134.3678524477648
 10
217.2539235303489
 20
134.3578402769671
 10
217.6589027324323
 20
134.4038646845272
 10
218.0339449593853
 20
134.5033653718057
 10
218.3581869311728
 20
134.650807200215
  0
LINE
  5
379
330
1F
100
AcDbEntity
  8
0
100
AcDbLine
 10
216.1207500640963
 20
137.6456367275115
 30
0.0
 11
215.8833131970199
 21
137.5085673417522
 31
0.0
  0
ARC
  5
37A
330
1F
100
AcDbEntity
  8
0
100
AcDbCircle
 10
218.0213092022986
 20
135.4336603686413
 30
0.0
 40
0.8522591668773015
100
AcDbArc
 50
293.2831984226507
 51
355.3387330902052
  0
LINE
  5
37B
330
1F
100
AcDbEntity
  8
0
100
AcDbLine
 10
202.4836396935348
 20
136.2223264654423
 30
0.0
 11
202.4836396935348
 21
136.6305305213536
 31
0.0
  0
LWPOLYLINE
  5
37C
330
1F
100
AcDbEntity
  8
0
100
AcDbPolyline
 90
       17
 70
   128
 43
0.0
 10
210.4132861491629
 20
142.2889063212722
 10
210.565628027205
 20
142.1355577507289
 10
210.6519209959537
 20
141.9530274183141
 10
210.653059220733
 20
141.7638224726952
 10
210.5689644498775
 20
141.5809505397626
 10
210.4054181037146
 20
141.4169838579517
 10
210.1736638084596
 20
141.283194951078
 10
209.8896344096378
 20
141.1887816550816
 10
209.5728566069857
 20
141.1402347772161
 10
209.2451085159421
 20
141.1408918603948
 10
208.9289224468581
 20
141.1907077308928
 10
208.6460358341591
 20
141.2862576039893
 10
208.415896812329
 20
141.4209725340416
 10
208.2543271786733
 20
141.5855910220637
 10
208.1724346626594
 20
141.7687957333008
 10
208.1758492820865
 20
141.9579915511859
 10
208.1758492820865
 20
141.9579915511859
  0
ARC
  5
37D
330
1F
100
AcDbEntity
  8
0
100
AcDbCircle
 10
210.3149315716368
 20
141.5149750755713
 30
0.0
 40
0.8507358241004632
100
AcDbArc
 50
293.2477060317972
 51
355.7023707757513
  0
LWPOLYLINE
  5
37E
330
1F
100
AcDbEntity
  8
0
100
AcDbPolyline
 90
       11
 70
   128
 43
0.0
 10
210.6507230162394
 20
140.7333130334203
 10
210.3264810444519
 20
140.585871205011
 10
209.9514388174989
 20
140.4863705177324
 10
209.5464596154156
 20
140.4403461101724
 10
209.134072086696
 20
140.4503582809701
 10
208.7372169987426
 20
140.5158500615816
 10
208.3779710624916
 20
140.6331781999656
 10
208.0763188237646
 20
140.7958158315954
 10
207.8490409399845
 20
140.9947155633801
 10
207.7087806864799
 20
141.2188127724455
 10
207.6633198031023
 20
141.4539354360345
  0
LWPOLYLINE
  5
37F
330
1F
100
AcDbEntity
  8
0
100
AcDbPolyline
 90
       11
 70
   128
 43
0.0
 10
210.6507230162394
 20
139.1002314096488
 10
210.3264810444519
 20
138.9527895812395
 10
209.9514388174989
 20
138.853288893961
 10
209.5464596154156
 20
138.8072644864009
 10
209.134072086696
 20
138.8172766571986
 10
208.7372169987426
 20
138.8827684378101
 10
208.3779710624916
 20
139.0000965761941
 10
208.0763188237646
 20
139.1627342078239
 10
207.8490409399845
 20
139.3616339396086
 10
207.7087806864799
 20
139.585731148674
 10
207.663286149163
 20
139.8145885074937
  0
LINE
  5
380
330
1F
100
AcDbEntity
  8
0
100
AcDbLine
 10
208.413286149163
 20
142.0950609369452
 30
0.0
 11
208.1758492820865
 21
141.9579915511859
 31
0.0
  0
ARC
  5
381
330
1F
100
AcDbEntity
  8
0
100
AcDbCircle
 10
210.3129080760413
 20
139.8841119344403
 30
0.0
 40
0.8535734361895861
100
AcDbArc
 50
293.3137265294211
 51
355.0275526311664
  0
LWPOLYLINE
  5
382
330
1F
100
AcDbEntity
  8
0
100
AcDbPolyline
 90
       10
 70
   128
 43
0.0
 10
206.4080823291201
 20
142.9785016909643
 10
206.0803500494886
 20
142.9765304731276
 10
205.7629957954455
 20
143.0238060163342
 10
205.4778373128106
 20
143.1170781804898
 10
205.2444789245546
 20
143.2499346098637
 10
205.0789637557814
 20
143.4132415752883
 10
204.9926707870328
 20
143.5957719077032
 10
204.9915325622534
 20
143.7849768533221
 10
205.0756273331089
 20
143.9678487862546
 10
205.2313056338235
 20
144.1258245728733
  0
ARC
  5
383
330
1F
100
AcDbEntity
  8
0
100
AcDbCircle
 10
206.9548094115642
 20
143.682922559972
 30
0.0
 40
0.5221229299271568
100
AcDbArc
 50
349.8384889502047
 51
58.02416543692543
  0
LWPOLYLINE
  5
384
330
1F
100
AcDbEntity
  8
0
100
AcDbPolyline
 90
       10
 70
   128
 43
0.0
 10
206.6545883664042
 20
142.3043321353891
 10
206.2630992849933
 20
142.2745016271478
 10
205.8699913605917
 20
142.2961018858803
 10
205.4952805392959
 20
142.3680330873716
 10
205.1580460386324
 20
142.4866326978429
 10
204.8754588876447
 20
142.6458619598363
 10
204.6619076265549
 20
142.8376133687017
 10
204.5282656829015
 20
143.052123483853
 10
204.4813377272965
 20
143.2784700556087
 10
204.4813164563536
 20
143.281035424937
  0
LWPOLYLINE
  5
385
330
1F
100
AcDbEntity
  8
0
100
AcDbPolyline
 90
        3
 70
   128
 43
0.0
 10
207.9812869744568
 20
143.2799231467664
 10
207.9810167996292
 20
143.2662342987236
 10
207.9293432448024
 20
143.0402324626095
  0
LINE
  5
386
330
1F
100
AcDbEntity
  8
0
100
AcDbLine
 10
206.0191735994675
 20
139.4879589127331
 30
0.0
 11
206.0191735994675
 21
139.8961629686444
 31
0.0
  0
LWPOLYLINE
  5
387
330
1F
100
AcDbEntity
  8
0
100
AcDbPolyline
 90
       10
 70
   128
 43
0.0
 10
204.4813056338235
 20
141.6515067590948
 10
204.4813377272965
 20
141.6453884318372
 10
204.5282656829016
 20
141.4190418600815
 10
204.6619076265549
 20
141.2045317449302
 10
204.8754588876448
 20
141.0127803360648
 10
205.1580460386324
 20
140.8535510740714
 10
205.495280539296
 20
140.7349514636001
 10
205.8699913605917
 20
140.6630202621089
 10
206.2630992849933
 20
140.6414200033763
 10
206.6545883664042
 20
140.6712505116176
  0
ARC
  5
388
330
1F
100
AcDbEntity
  8
0
100
AcDbCircle
 10
257.5495295554179
 20
154.2824604984343
 30
0.0
 40
2.246003022949746
100
AcDbArc
 50
279.5134053943433
 51
298.6943329491691
  0
ARC
  5
389
330
1F
100
AcDbEntity
  8
0
100
AcDbCircle
 10
258.1200826980696
 20
152.2663223566709
 30
0.0
 40
0.5099107788985622
100
AcDbArc
 50
306.07462820668
 51
5.171117117676412
  0
ARC
  5
38A
330
1F
100
AcDbEntity
  8
0
100
AcDbCircle
 10
258.1625900540417
 20
153.2204935003701
 30
0.0
 40
1.020480451342246
100
AcDbArc
 50
297.1285992445489
 51
330.6636060360239
  0
LINE
  5
38B
330
1F
100
AcDbEntity
  8
0
100
AcDbLine
 10
256.7187298105428
 20
151.727785551052
 30
0.0
 11
256.7187298105428
 21
142.5545717444826
 31
0.0
  0
ARC
  5
38C
330
1F
100
AcDbEntity
  8
0
100
AcDbCircle
 10
202.4181762501177
 20
184.4179832920983
 30
0.0
 40
0.4873067819400833
100
AcDbArc
 50
305.3797431898957
 51
359.3192409867768
  0
LINE
  5
38D
330
1F
100
AcDbEntity
  8
0
100
AcDbLine
 10
200.998715453043
 20
174.7210513502974
 30
0.0
 11
200.9987154530429
 21
183.8942651568669
 31
0.0
  0
ARC
  5
38E
330
1F
100
AcDbEntity
  8
0
100
AcDbCircle
 10
210.1256401650509
 20
179.9685590826647
 30
0.0
 40
0.4873067819402151
100
AcDbArc
 50
305.3797431898888
 51
359.3192409868003
  0
LINE
  5
38F
330
1F
100
AcDbEntity
  8
0
100
AcDbLine
 10
208.7061793679763
 20
170.2716271408636
 30
0.0
 11
208.7061793679763
 21
179.4448409474331
 31
0.0
  0
ARC
  5
390
330
1F
100
AcDbEntity
  8
0
100
AcDbCircle
 10
217.8331040799845
 20
175.5191348732307
 30
0.0
 40
0.4873067819398856
100
AcDbArc
 50
305.3797431898863
 51
359.3192409867631
  0
LINE
  5
391
330
1F
100
AcDbEntity
  8
0
100
AcDbLine
 10
216.4136432829097
 20
165.8222029314298
 30
0.0
 11
216.4136432829096
 21
174.9954167379993
 31
0.0
  0
ARC
  5
392
330
1F
100
AcDbEntity
  8
0
100
AcDbCircle
 10
242.7232627777512
 20
161.1503521051509
 30
0.0
 40
0.4873067819396341
100
AcDbArc
 50
305.3797431898676
 51
359.3192409867427
  0
LINE
  5
393
330
1F
100
AcDbEntity
  8
0
100
AcDbLine
 10
241.3038019806761
 20
160.6266339699196
 30
0.0
 11
241.3038019806761
 21
151.4534201633502
 31
0.0
  0
ARC
  5
394
330
1F
100
AcDbEntity
  8
0
100
AcDbCircle
 10
250.4307266926841
 20
156.7009278957173
 30
0.0
 40
0.4873067819401432
100
AcDbArc
 50
305.3797431898965
 51
359.3192409867468
  0
LINE
  5
395
330
1F
100
AcDbEntity
  8
0
100
AcDbLine
 10
249.0112658956094
 20
156.1772097604859
 30
0.0
 11
249.0112658956095
 21
147.0039959539164
 31
0.0
  0
MTEXT
  5
396
330
1F
100
AcDbEntity
  8
TEXT
100
AcDbMText
 10
168.4137693965517
 20
184.9800653035976
 30
0.0
210
0.0
220
0.0
230
1.0
 11
1.0
 21
0.0
 31
0.0
 40
2.116666666666666
 41
0.0
 71
     1
 72
     1
  1
LINE
  7
SLDTEXTSTYLE0
 73
     1
 44
1.0
  0
LEADER
  5
39D
330
1F
100
AcDbEntity
  8
TEXT
100
AcDbLeader
  3
SLDDIMSTYLE1
 71
     1
 73
     3
 72
     0
 74
     1
 40
0.0
 41
0.0
 76
     3
 10
199.2632737068966
 20
195.5151314655171
 30
0.0
 10
181.8270829227346
 20
183.849030751946
 30
0.0
 10
175.4770829227346
 20
183.849030751946
 30
0.0
210
0.0
220
0.0
230
1.0
211
1.0
221
0.0
231
0.0
212
0.0
222
0.0
232
0.0
213
0.0
223
0.0
233
0.0
340
0
  0
MTEXT
  5
39E
330
1F
100
AcDbEntity
  8
TEXT
100
AcDbMText
 10
171.4987198275862
 20
149.8590911656666
 30
0.0
210
0.0
220
0.0
230
1.0
 11
1.0
 21
0.0
 31
0.0
 40
2.116666666666666
 41
0.0
 71
     1
 72
     1
  1
LOAD
  7
SLDTEXTSTYLE0
 73
     1
 44
1.0
  0
LEADER
  5
39F
330
1F
100
AcDbEntity
  8
TEXT
100
AcDbLeader
  3
SLDDIMSTYLE1
 71
     1
 73
     3
 72
     0
 74
     1
 40
0.0
 41
0.0
 76
     3
 10
197.8394504310345
 20
135.9518577586205
 30
0.0
 10
186.1683504814962
 20
148.7654985323755
 30
0.0
 10
179.8183504814962
 20
148.7654985323755
 30
0.0
210
0.0
220
0.0
230
1.0
211
1.0
221
0.0
231
0.0
212
0.0
222
0.0
232
0.0
213
0.0
223
0.0
233
0.0
340
0
  0
ARC
  5
3A0
330
1F
100
AcDbEntity
  8
0
100
AcDbCircle
 10
161.4644727170231
 20
55.05692844827582
 30
0.0
 40
0.5
100
AcDbArc
 50
269.9999999999976
 51
0.0
  0
ARC
  5
3A1
330
1F
100
AcDbEntity
  8
0
100
AcDbCircle
 10
165.9644727170231
 20
55.05692844827582
 30
0.0
 40
0.5
100
AcDbArc
 50
180.0
 51
270.0000000000008
  0
LINE
  5
3A2
330
1F
100
AcDbEntity
  8
0
100
AcDbLine
 10
165.4644727170231
 20
55.05692844827582
 30
0.0
 11
165.4644727170231
 21
57.05692844827582
 31
0.0
  0
ARC
  5
3A3
330
1F
100
AcDbEntity
  8
0
100
AcDbCircle
 10
162.4644727170231
 20
57.05692844827582
 30
0.0
 40
0.5
100
AcDbArc
 50
90.0
 51
180.0
  0
ARC
  5
3A4
330
1F
100
AcDbEntity
  8
0
100
AcDbCircle
 10
164.9644727170231
 20
57.05692844827582
 30
0.0
 40
0.5
100
AcDbArc
 50
0.0
 51
90.0
  0
LINE
  5
3A5
330
1F
100
AcDbEntity
  8
0
100
AcDbLine
 10
161.9644727170231
 20
57.05692844827582
 30
0.0
 11
161.9644727170231
 21
55.05692844827582
 31
0.0
  0
LINE
  5
3A6
330
1F
100
AcDbEntity
  8
0
100
AcDbLine
 10
161.7144727170231
 20
119.3569284482758
 30
0.0
 11
161.7144727170231
 21
105.3569284482758
 31
0.0
  0
ARC
  5
3A7
330
1F
100
AcDbEntity
  8
0
100
AcDbCircle
 10
164.4144727170079
 20
105.1569284482807
 30
0.0
 40
1.000000000010753
100
AcDbArc
 50
287.4576031244176
 51
359.9999999997215
  0
LINE
  5
3A8
330
1F
100
AcDbEntity
  8
0
100
AcDbLine
 10
165.4144727170231
 20
105.1569284482758
 30
0.0
 11
165.4144727170231
 21
105.3569284482758
 31
0.0
  0
LINE
  5
3A9
330
1F
100
AcDbEntity
  8
0
100
AcDbLine
 10
162.0144727170231
 20
105.3569284482758
 30
0.0
 11
162.0144727170231
 21
105.1569284482758
 31
0.0
  0
ARC
  5
3AA
330
1F
100
AcDbEntity
  8
0
100
AcDbCircle
 10
163.0144727170381
 20
105.1569284482807
 30
0.0
 40
1.000000000010715
100
AcDbArc
 50
180.0000000002785
 51
252.54239687581
  0
LINE
  5
3AB
330
1F
100
AcDbEntity
  8
0
100
AcDbLine
 10
171.7144727170231
 20
49.55692844827581
 30
0.0
 11
171.7144727170231
 21
54.55692844827582
 31
0.0
  0
LINE
  5
3AC
330
1F
100
AcDbEntity
  8
0
100
AcDbLine
 10
167.7144727170231
 20
49.55692844827581
 30
0.0
 11
167.7144727170231
 21
54.55692844827582
 31
0.0
  0
LINE
  5
3AD
330
1F
100
AcDbEntity
  8
0
100
AcDbLine
 10
167.7144727170231
 20
49.55692844827581
 30
0.0
 11
171.7144727170231
 21
49.55692844827581
 31
0.0
  0
LINE
  5
3AE
330
1F
100
AcDbEntity
  8
0
100
AcDbLine
 10
167.7144727170231
 20
54.55692844827582
 30
0.0
 11
171.7144727170231
 21
54.55692844827582
 31
0.0
  0
LINE
  5
3AF
330
1F
100
AcDbEntity
  8
0
100
AcDbLine
 10
172.2144727170231
 20
49.55692844827581
 30
0.0
 11
172.2144727170231
 21
54.55692844827582
 31
0.0
  0
LINE
  5
3B0
330
1F
100
AcDbEntity
  8
0
100
AcDbLine
 10
171.7144727170231
 20
49.55692844827581
 30
0.0
 11
172.2144727170231
 21
49.55692844827581
 31
0.0
  0
LINE
  5
3B1
330
1F
100
AcDbEntity
  8
0
100
AcDbLine
 10
171.7144727170231
 20
54.55692844827582
 30
0.0
 11
172.2144727170231
 21
54.55692844827582
 31
0.0
  0
LINE
  5
3B2
330
1F
100
AcDbEntity
  8
0
100
AcDbLine
 10
167.2144727170231
 20
49.55692844827581
 30
0.0
 11
167.2144727170231
 21
54.55692844827582
 31
0.0
  0
LINE
  5
3B3
330
1F
100
AcDbEntity
  8
0
100
AcDbLine
 10
167.2144727170231
 20
49.55692844827581
 30
0.0
 11
167.7144727170231
 21
49.55692844827581
 31
0.0
  0
LINE
  5
3B4
330
1F
100
AcDbEntity
  8
0
100
AcDbLine
 10
167.2144727170231
 20
54.55692844827582
 30
0.0
 11
167.7144727170231
 21
54.55692844827582
 31
0.0
  0
LINE
  5
3B5
330
1F
100
AcDbEntity
  8
0
100
AcDbLine
 10
166.7144727170233
 20
49.55692844827581
 30
0.0
 11
166.7144727170233
 21
54.55692844827582
 31
0.0
  0
LINE
  5
3B6
330
1F
100
AcDbEntity
  8
0
100
AcDbLine
 10
166.7144727170233
 20
49.55692844827581
 30
0.0
 11
167.2144727170231
 21
49.55692844827581
 31
0.0
  0
LINE
  5
3B7
330
1F
100
AcDbEntity
  8
0
100
AcDbLine
 10
166.7144727170233
 20
54.55692844827582
 30
0.0
 11
167.2144727170231
 21
54.55692844827582
 31
0.0
  0
SPLINE
  5
3B8
330
1F
100
AcDbEntity
  8
0
100
AcDbSpline
210
0.0
220
0.0
230
1.0
 70
     8
 71
     3
 72
    17
 73
    13
 74
     0
 42
1E-08
 43
1E-08
 40
0.0
 40
0.0
 40
0.0
 40
0.0
 40
0.05869423696633524
 40
0.1250709243254677
 40
0.2501294338218512
 40
0.3901130672327145
 40
0.5002227388426103
 40
0.6099825311711676
 40
0.7500958029007826
 40
0.8750547714431631
 40
0.9412700281808566
 40
1.0
 40
1.0
 40
1.0
 40
1.0
 10
164.7452630182667
 20
54.55692844827582
 30
0.0
 10
164.7048291643305
 20
54.55754555908255
 30
0.0
 10
164.6186690956898
 20
54.558860553927
 30
0.0
 10
164.4466760307397
 20
54.57033406298545
 30
0.0
 10
164.2195921282801
 20
54.59400757691704
 30
0.0
 10
163.9621366397098
 20
54.61665209935693
 30
0.0
 10
163.714255926332
 20
54.62711521860011
 30
0.0
 10
163.466287665933
 20
54.61662859691566
 30
0.0
 10
163.2090546669002
 20
54.59396571730724
 30
0.0
 10
162.9820586159026
 20
54.57032798202059
 30
0.0
 10
162.8102215658607
 20
54.55884744376271
 30
0.0
 10
162.7241478100752
 20
54.55754204527005
 30
0.0
 10
162.6836892082539
 20
54.55692844827582
 30
0.0
  0
LINE
  5
3B9
330
1F
100
AcDbEntity
  8
0
100
AcDbLine
 10
149.9144727170231
 20
49.55692844827581
 30
0.0
 11
149.9144727170231
 21
54.55692844827582
 31
0.0
  0
LINE
  5
3BA
330
1F
100
AcDbEntity
  8
0
100
AcDbLine
 10
149.9144727170231
 20
54.55692844827582
 30
0.0
 11
162.6836892082539
 21
54.55692844827582
 31
0.0
  0
LINE
  5
3BB
330
1F
100
AcDbEntity
  8
0
100
AcDbLine
 10
149.9144727170231
 20
49.55692844827581
 30
0.0
 11
166.7144727170233
 21
49.55692844827581
 31
0.0
  0
LINE
  5
3BC
330
1F
100
AcDbEntity
  8
0
100
AcDbLine
 10
164.7452630182667
 20
54.55692844827582
 30
0.0
 11
166.7144727170233
 21
54.55692844827582
 31
0.0
  0
LINE
  5
3BD
330
1F
100
AcDbEntity
  8
0
100
AcDbLine
 10
149.4144727170231
 20
49.55692844827581
 30
0.0
 11
149.4144727170231
 21
54.55692844827582
 31
0.0
  0
LINE
  5
3BE
330
1F
100
AcDbEntity
  8
0
100
AcDbLine
 10
149.4144727170231
 20
54.55692844827582
 30
0.0
 11
149.9144727170231
 21
54.55692844827582
 31
0.0
  0
LINE
  5
3BF
330
1F
100
AcDbEntity
  8
0
100
AcDbLine
 10
149.4144727170231
 20
49.55692844827581
 30
0.0
 11
149.9144727170231
 21
49.55692844827581
 31
0.0
  0
LINE
  5
3C0
330
1F
100
AcDbEntity
  8
0
100
AcDbLine
 10
163.7144727170231
 20
55.05692844827582
 30
0.0
 11
163.7144727170231
 21
57.05692844827582
 31
0.0
  0
LINE
  5
3C1
330
1F
100
AcDbEntity
  8
0
100
AcDbLine
 10
164.9644727170231
 20
57.55692844827582
 30
0.0
 11
162.4644727170231
 21
57.55692844827582
 31
0.0
  0
LINE
  5
3C2
330
1F
100
AcDbEntity
  8
0
100
AcDbLine
 10
162.7144727170231
 20
57.55692844827582
 30
0.0
 11
162.7144727170231
 21
69.05692844827583
 31
0.0
  0
LINE
  5
3C3
330
1F
100
AcDbEntity
  8
0
100
AcDbLine
 10
162.7144727170231
 20
69.05692844827583
 30
0.0
 11
164.7144727170231
 21
69.05692844827583
 31
0.0
  0
LINE
  5
3C4
330
1F
100
AcDbEntity
  8
0
100
AcDbLine
 10
164.7144727170231
 20
57.55692844827582
 30
0.0
 11
164.7144727170231
 21
69.05692844827583
 31
0.0
  0
LINE
  5
3C5
330
1F
100
AcDbEntity
  8
0
100
AcDbLine
 10
167.2144727170231
 20
107.3569284482758
 30
0.0
 11
167.2144727170231
 21
119.3569284482758
 31
0.0
  0
LINE
  5
3C6
330
1F
100
AcDbEntity
  8
0
100
AcDbLine
 10
172.2144727170231
 20
105.3569284482758
 30
0.0
 11
168.6144727170231
 21
107.3569284482758
 31
0.0
  0
LINE
  5
3C7
330
1F
100
AcDbEntity
  8
0
100
AcDbLine
 10
168.6144727170231
 20
107.3569284482758
 30
0.0
 11
167.2144727170231
 21
107.3569284482758
 31
0.0
  0
LINE
  5
3C8
330
1F
100
AcDbEntity
  8
0
100
AcDbLine
 10
173.2144727170231
 20
105.3569284482758
 30
0.0
 11
173.2144727170231
 21
119.3569284482758
 31
0.0
  0
LINE
  5
3C9
330
1F
100
AcDbEntity
  8
0
100
AcDbLine
 10
172.2144727170231
 20
105.3569284482758
 30
0.0
 11
173.2144727170231
 21
105.3569284482758
 31
0.0
  0
LINE
  5
3CA
330
1F
100
AcDbEntity
  8
0
100
AcDbLine
 10
167.2144727170231
 20
119.3569284482758
 30
0.0
 11
173.2144727170231
 21
119.3569284482758
 31
0.0
  0
LINE
  5
3CB
330
1F
100
AcDbEntity
  8
0
100
AcDbLine
 10
163.7144727170231
 20
107.3569284482758
 30
0.0
 11
163.7144727170231
 21
119.3569284482758
 31
0.0
  0
LINE
  5
3CC
330
1F
100
AcDbEntity
  8
0
100
AcDbLine
 10
163.7144727170231
 20
107.3569284482758
 30
0.0
 11
167.2144727170231
 21
107.3569284482758
 31
0.0
  0
LINE
  5
3CD
330
1F
100
AcDbEntity
  8
0
100
AcDbLine
 10
163.7144727170231
 20
119.3569284482758
 30
0.0
 11
167.2144727170231
 21
119.3569284482758
 31
0.0
  0
LINE
  5
3CE
330
1F
100
AcDbEntity
  8
0
100
AcDbLine
 10
162.6609073417381
 20
107.3569284482758
 30
0.0
 11
162.6609073417378
 21
105.3569284482758
 31
0.0
  0
LINE
  5
3CF
330
1F
100
AcDbEntity
  8
0
100
AcDbLine
 10
162.6609073417381
 20
107.3569284482758
 30
0.0
 11
163.7144727170231
 21
107.3569284482758
 31
0.0
  0
LINE
  5
3D0
330
1F
100
AcDbEntity
  8
0
100
AcDbLine
 10
161.7144727170231
 20
105.3569284482758
 30
0.0
 11
162.6609073417378
 21
105.3569284482758
 31
0.0
  0
LINE
  5
3D1
330
1F
100
AcDbEntity
  8
0
100
AcDbLine
 10
161.7144727170231
 20
119.3569284482758
 30
0.0
 11
163.7144727170231
 21
119.3569284482758
 31
0.0
  0
LINE
  5
3D2
330
1F
100
AcDbEntity
  8
0
100
AcDbLine
 10
162.6609073417378
 20
105.3569284482758
 30
0.0
 11
172.2144727170231
 21
105.3569284482758
 31
0.0
  0
LINE
  5
3D3
330
1F
100
AcDbEntity
  8
0
100
AcDbLine
 10
164.7144727170231
 20
104.2029892468558
 30
0.0
 11
163.7144727036431
 21
104.2029892468558
 31
0.0
  0
LWPOLYLINE
  5
3D4
330
1F
100
AcDbEntity
  8
0
100
AcDbPolyline
 90
        9
 70
   128
 43
0.0
 10
163.7144727036431
 20
104.2029892468558
 10
163.7144727016816
 20
104.2621920014804
 10
163.7144726998696
 20
104.3437586290065
 10
163.7144726982521
 20
104.4456503774669
 10
163.7144726968698
 20
104.5653204699638
 10
163.7144726957571
 20
104.6997777611736
 10
163.7144726949418
 20
104.8456615008083
 10
163.7144726944443
 20
104.9993253353262
 10
163.7144727170231
 20
105.1569284482758
  0
LINE
  5
3D5
330
1F
100
AcDbEntity
  8
0
100
AcDbLine
 10
163.7144727170231
 20
105.3569284482758
 30
0.0
 11
163.7144727170231
 21
105.1569284482758
 31
0.0
  0
LINE
  5
3D6
330
1F
100
AcDbEntity
  8
0
100
AcDbLine
 10
163.7144727036431
 20
104.2029892468558
 30
0.0
 11
162.7144727170231
 21
104.2029892468558
 31
0.0
  0
LINE
  5
3D7
330
1F
100
AcDbEntity
  8
0
100
AcDbLine
 10
164.7144727170231
 20
104.2029892468558
 30
0.0
 11
164.7144727170231
 21
92.85692844827581
 31
0.0
  0
LINE
  5
3D8
330
1F
100
AcDbEntity
  8
0
100
AcDbLine
 10
164.7144727170231
 20
92.85692844827581
 30
0.0
 11
162.7144727170231
 21
92.85692844827581
 31
0.0
  0
LINE
  5
3D9
330
1F
100
AcDbEntity
  8
0
100
AcDbLine
 10
162.7144727170231
 20
104.2029892468558
 30
0.0
 11
162.7144727170231
 21
92.85692844827581
 31
0.0
  0
LINE
  5
3DA
330
1F
100
AcDbEntity
  8
0
100
AcDbLine
 10
161.9644727170231
 20
55.05692844827582
 30
0.0
 11
163.7144727170231
 21
55.05692844827582
 31
0.0
  0
LINE
  5
3DB
330
1F
100
AcDbEntity
  8
0
100
AcDbLine
 10
163.7144727170231
 20
55.05692844827582
 30
0.0
 11
165.4644727170231
 21
55.05692844827582
 31
0.0
  0
LINE
  5
3DC
330
1F
100
AcDbEntity
  8
0
100
AcDbLine
 10
165.4644727170231
 20
57.05692844827582
 30
0.0
 11
163.7144727170231
 21
57.05692844827582
 31
0.0
  0
LINE
  5
3DD
330
1F
100
AcDbEntity
  8
0
100
AcDbLine
 10
163.7144727170231
 20
57.05692844827582
 30
0.0
 11
161.9644727170231
 21
57.05692844827582
 31
0.0
  0
LINE
  5
3DE
330
1F
100
AcDbEntity
  8
0
100
AcDbLine
 10
165.4144727170231
 20
105.1569284482758
 30
0.0
 11
163.7144727170231
 21
105.1569284482758
 31
0.0
  0
LINE
  5
3DF
330
1F
100
AcDbEntity
  8
0
100
AcDbLine
 10
163.7144727170231
 20
105.1569284482758
 30
0.0
 11
162.0144727170231
 21
105.1569284482758
 31
0.0
  0
DIMENSION
  5
3E0
330
1F
100
AcDbEntity
  8
DIMENSIONS
100
AcDbDimension
  2
_D_2
 10
133.9163748007415
 20
92.85692844827568
 30
0.0
 11
133.9163748007415
 21
104.4068423575415
 31
0.0
 70
   160
  1
<>
 71
     2
 42
-1.0
  3
SLDDIMSTYLE0
100
AcDbAlignedDimension
 13
161.7144727170229
 23
119.3569284482758
 33
0.0
 14
162.714472717023
 24
92.85692844827578
 34
0.0
 52
0.0
 50
90.0000000000002
100
AcDbRotatedDimension
  0
DIMENSION
  5
3F4
330
1F
100
AcDbEntity
  8
DIMENSIONS
100
AcDbDimension
  2
_D_3
 10
182.5572815855182
 20
119.3569284482759
 30
0.0
 11
182.5572815855183
 21
111.9292197221799
 31
0.0
 70
   160
  1
<>
 71
     2
 42
-1.0
  3
SLDDIMSTYLE2
100
AcDbAlignedDimension
 13
173.214472717023
 23
105.3569284482758
 33
0.0
 14
173.2144727170229
 24
119.3569284482758
 34
0.0
 52
0.0
 50
90.0000000000002
100
AcDbRotatedDimension
  0
DIMENSION
  5
409
330
1F
100
AcDbEntity
  8
DIMENSIONS
100
AcDbDimension
  2
_D_4
 10
136.5216147986164
 20
54.5569284482757
 30
0.0
 11
136.5216147986164
 21
62.54085401300932
 31
0.0
 70
   160
  1
<>
 71
     2
 42
-1.0
  3
SLDDIMSTYLE2
100
AcDbAlignedDimension
 13
149.4144727170232
 23
49.55692844827573
 33
0.0
 14
149.4144727170232
 24
54.55692844827574
 34
0.0
 52
0.0
 50
90.0000000000002
100
AcDbRotatedDimension
  0
DIMENSION
  5
41E
330
1F
100
AcDbEntity
  8
DIMENSIONS
100
AcDbDimension
  2
_D_5
 10
172.2144727170232
 20
37.1426403516048
 30
0.0
 11
160.2530706884912
 21
37.14264035160476
 31
0.0
 70
   160
  1
<>
 71
     2
 42
-1.0
  3
SLDDIMSTYLE3
100
AcDbAlignedDimension
 13
149.4144727170232
 23
49.55692844827573
 33
0.0
 14
172.2144727170231
 24
49.55692844827582
 34
0.0
 52
0.0
 50
1.96413201381607E-13
100
AcDbRotatedDimension
  0
DIMENSION
  5
433
330
1F
100
AcDbEntity
  8
DIMENSIONS
100
AcDbDimension
  2
_D_6
 10
173.2144727170229
 20
132.0194671551928
 30
0.0
 11
148.5863089591911
 21
132.0194671551927
 31
0.0
 70
   160
  1
<>
 71
     2
 42
-1.0
  3
SLDDIMSTYLE0
100
AcDbAlignedDimension
 13
161.7144727170229
 23
119.3569284482758
 33
0.0
 14
173.2144727170229
 24
119.3569284482758
 34
0.0
 52
0.0
 50
1.416038258182021E-13
100
AcDbRotatedDimension
  0
ENDSEC
  0
SECTION
  2
OBJECTS
  0
DICTIONARY
  5
C
330
0
100
AcDbDictionary
281
     1
  3
ACAD_GROUP
350
D
  3
ACAD_PLOTSTYLENAME
350
E
  3
ACAD_MLINESTYLE
350
17
  3
ACAD_PLOTSETTINGS
350
19
  3
ACAD_LAYOUT
350
1A
  3
ACAD_SCALELIST
350
47
  3
DWGPROPS
350
447
  0
DICTIONARY
  5
D
102
{ACAD_REACTORS
330
C
102
}
330
C
100
AcDbDictionary
281
     1
  0
ACDBDICTIONARYWDFLT
  5
E
102
{ACAD_REACTORS
330
C
102
}
330
C
100
AcDbDictionary
281
     1
  3
Normal
350
F
100
AcDbDictionaryWithDefault
340
F
  0
ACDBPLACEHOLDER
  5
F
102
{ACAD_REACTORS
330
E
102
}
330
E
  0
DICTIONARY
  5
17
102
{ACAD_REACTORS
330
C
102
}
330
C
100
AcDbDictionary
281
     1
  3
Standard
350
18
  0
MLINESTYLE
  5
18
102
{ACAD_REACTORS
330
17
102
}
330
17
100
AcDbMlineStyle
  2
Standard
 70
     0
  3

 62
   256
 51
90.0
 52
90.0
 71
     2
 49
0.5
 62
   256
  6
BYLAYER
 49
-0.5
 62
   256
  6
BYLAYER
  0
DICTIONARY
  5
19
102
{ACAD_REACTORS
330
C
102
}
330
C
100
AcDbDictionary
281
     1
  0
DICTIONARY
  5
1A
102
{ACAD_REACTORS
330
C
102
}
330
C
100
AcDbDictionary
281
     1
  3
Layout1
350
1E
  3
Model
350
22
  3
Layout2
350
26
  0
LAYOUT
  5
1E
102
{ACAD_REACTORS
330
1A
102
}
330
1A
100
AcDbPlotSettings
  1

  2
none_device
  4

  6

 40
0.0
 41
0.0
 42
0.0
 43
0.0
 44
0.0
 45
0.0
 46
0.0
 47
0.0
 48
0.0
 49
0.0
140
0.0
141
0.0
  6

142
1.0
143
1.0
 70
   688
 72
     1
 73
     0
 74
     5
  7

 75
    16
147
1.0
148
0.0
149
0.0
100
AcDbLayout
  1
Layout1
 70
     1
 71
     1
 10
0.0
 20
0.0
 11
420.0
 21
297.0
 12
0.0
 22
0.0
 32
0.0
 14
1E+20
 24
1E+20
 34
1E+20
 15
-1E+20
 25
-1E+20
 35
-1E+20
146
0.0
 13
0.0
 23
0.0
 33
0.0
 16
1.0
 26
0.0
 36
0.0
 17
0.0
 27
1.0
 37
0.0
 76
     0
330
1B
  0
LAYOUT
  5
22
102
{ACAD_REACTORS
330
1A
102
}
330
1A
100
AcDbPlotSettings
  1

  2
none_device
  4
Letter_(8.50_x_11.00_Inches)
  6

 40
6.35
 41
6.35
 42
6.35000508
 43
6.35000508
 44
215.9
 45
279.4
 46
0.0
 47
0.0
 48
0.0
 49
0.0
140
0.0
141
0.0
  6

142
1.0
143
1.0
 70
  1712
 72
     1
 73
     0
 74
     0
  7

 75
     0
147
1.0
148
0.0
149
0.0
100
AcDbLayout
  1
Model
 70
     1
 71
     0
 10
0.0
 20
0.0
 11
279.4
 21
215.9
 12
0.0
 22
0.0
 32
0.0
 14
0.0
 24
0.0
 34
0.0
 15
279.4
 25
215.9
 35
0.0
146
0.0
 13
0.0
 23
0.0
 33
0.0
 16
1.0
 26
0.0
 36
0.0
 17
0.0
 27
1.0
 37
0.0
 76
     0
330
1F
  0
LAYOUT
  5
26
102
{ACAD_REACTORS
330
1A
102
}
330
1A
100
AcDbPlotSettings
  1

  2
none_device
  4

  6

 40
0.0
 41
0.0
 42
0.0
 43
0.0
 44
0.0
 45
0.0
 46
0.0
 47
0.0
 48
0.0
 49
0.0
140
0.0
141
0.0
  6

142
1.0
143
1.0
 70
   688
 72
     1
 73
     0
 74
     5
  7

 75
    16
147
1.0
148
0.0
149
0.0
100
AcDbLayout
  1
Layout2
 70
     1
 71
     2
 10
0.0
 20
0.0
 11
0.0
 21
0.0
 12
0.0
 22
0.0
 32
0.0
 14
0.0
 24
0.0
 34
0.0
 15
0.0
 25
0.0
 35
0.0
146
0.0
 13
0.0
 23
0.0
 33
0.0
 16
1.0
 26
0.0
 36
0.0
 17
0.0
 27
1.0
 37
0.0
 76
     0
330
23
  0
DICTIONARY
  5
47
102
{ACAD_REACTORS
330
C
102
}
330
C
100
AcDbDictionary
281
     1
  3
A0
350
48
  3
A1
350
49
  3
A2
350
4A
  3
A3
350
4B
  3
A4
350
4C
  3
A5
350
4D
  3
A6
350
4E
  3
A7
350
4F
  3
A8
350
50
  3
A9
350
51
  3
B0
350
52
  3
B1
350
53
  3
B2
350
54
  3
B3
350
55
  3
B4
350
56
  3
B5
350
57
  3
B6
350
58
  0
SCALE
  5
48
102
{ACAD_REACTORS
330
47
102
}
330
47
100
AcDbScale
 70
     0
300
1:1
140
1.0
141
1.0
290
     1
  0
SCALE
  5
49
102
{ACAD_REACTORS
330
47
102
}
330
47
100
AcDbScale
 70
     0
300
1:2
140
1.0
141
2.0
290
     0
  0
SCALE
  5
4A
102
{ACAD_REACTORS
330
47
102
}
330
47
100
AcDbScale
 70
     0
300
1:4
140
1.0
141
4.0
290
     0
  0
SCALE
  5
4B
102
{ACAD_REACTORS
330
47
102
}
330
47
100
AcDbScale
 70
     0
300
1:5
140
1.0
141
5.0
290
     0
  0
SCALE
  5
4C
102
{ACAD_REACTORS
330
47
102
}
330
47
100
AcDbScale
 70
     0
300
1:8
140
1.0
141
8.0
290
     0
  0
SCALE
  5
4D
102
{ACAD_REACTORS
330
47
102
}
330
47
100
AcDbScale
 70
     0
300
1:10
140
1.0
141
10.0
290
     0
  0
SCALE
  5
4E
102
{ACAD_REACTORS
330
47
102
}
330
47
100
AcDbScale
 70
     0
300
1:16
140
1.0
141
16.0
290
     0
  0
SCALE
  5
4F
102
{ACAD_REACTORS
330
47
102
}
330
47
100
AcDbScale
 70
     0
300
1:20
140
1.0
141
20.0
290
     0
  0
SCALE
  5
50
102
{ACAD_REACTORS
330
47
102
}
330
47
100
AcDbScale
 70
     0
300
1:30
140
1.0
141
30.0
290
     0
  0
SCALE
  5
51
102
{ACAD_REACTORS
330
47
102
}
330
47
100
AcDbScale
 70
     0
300
1:40
140
1.0
141
40.0
290
     0
  0
SCALE
  5
52
102
{ACAD_REACTORS
330
47
102
}
330
47
100
AcDbScale
 70
     0
300
1:50
140
1.0
141
50.0
290
     0
  0
SCALE
  5
53
102
{ACAD_REACTORS
330
47
102
}
330
47
100
AcDbScale
 70
     0
300
1:100
140
1.0
141
100.0
290
     0
  0
SCALE
  5
54
102
{ACAD_REACTORS
330
47
102
}
330
47
100
AcDbScale
 70
     0
300
2:1
140
2.0
141
1.0
290
     0
  0
SCALE
  5
55
102
{ACAD_REACTORS
330
47
102
}
330
47
100
AcDbScale
 70
     0
300
4:1
140
4.0
141
1.0
290
     0
  0
SCALE
  5
56
102
{ACAD_REACTORS
330
47
102
}
330
47
100
AcDbScale
 70
     0
300
8:1
140
8.0
141
1.0
290
     0
  0
SCALE
  5
57
102
{ACAD_REACTORS
330
47
102
}
330
47
100
AcDbScale
 70
     0
300
10:1
140
10.0
141
1.0
290
     0
  0
SCALE
  5
58
102
{ACAD_REACTORS
330
47
102
}
330
47
100
AcDbScale
 70
     0
300
100:1
140
100.0
141
1.0
290
     0
  0
SUN
  5
5D
330
29
100
AcDbSun
 90
        1
290
     0
 63
     7
 40
1.0
291
     1
 91
  2455826
 92
 54000000
292
     0
 70
     2
 71
   256
280
     1
1001
ACAD
1000
AcDbSavedByObjectVersion
1070
     0
  0
XRECORD
  5
447
102
{ACAD_REACTORS
330
C
102
}
330
C
100
AcDbXrecord
280
     1
  1
DWGPROPS COOKIE
  2

  3

  4

  6

  7

  8
wastin
  9

300
=
301
=
302
=
303
=
304
=
305
=
306
=
307
=
308
=
309
=
 40
0.0
 41
2460691.758262107
 42
2460691.75826353
  1

 90
        0
  0
ENDSEC
  0
SECTION
  2
THUMBNAILIMAGE
 90
     1943
310
93070000020103010000500000000253010000300700000000000000000000000000000000000000000000000000000000000000000000000000000000000000000000000000000000000000000000000000000000000000000000000000000000000000000000280000000700000061000000010008000000000008030000
310
0200030004000500000100000000000000000000000080000080000000808000800000008000800080800000C0C0C000C0DCC000F0CAA6000020400000206000002080000020A0000020C0000020E00000400000004020000040400000406000004080000040A0000040C0000040E000006000000060200000604000006060
310
00006080000060A0000060C0000060E00000800000008020000080400000806000008080000080A0000080C0000080E00000A0000000A0200000A0400000A0600000A0800000A0A00000A0C00000A0E00000C0000000C0200000C0400000C0600000C0800000C0A00000C0C00000C0E00000E0000000E0200000E0400000E0
310
600000E0800000E0A00000E0C00000E0E00040000000400020004000400040006000400080004000A0004000C0004000E00040200000402020004020400040206000402080004020A0004020C0004020E00040400000404020004040400040406000404080004040A0004040C0004040E00040600000406020004060400040
310
606000406080004060A0004060C0004060E00040800000408020004080400040806000408080004080A0004080C0004080E00040A0000040A0200040A0400040A0600040A0800040A0A00040A0C00040A0E00040C0000040C0200040C0400040C0600040C0800040C0A00040C0C00040C0E00040E0000040E0200040E04000
310
40E0600040E0800040E0A00040E0C00040E0E00080000000800020008000400080006000800080008000A0008000C0008000E00080200000802020008020400080206000802080008020A0008020C0008020E00080400000804020008040400080406000804080008040A0008040C0008040E0008060000080602000806040
310
0080606000806080008060A0008060C0008060E00080800000808020008080400080806000808080008080A0008080C0008080E00080A0000080A0200080A0400080A0600080A0800080A0A00080A0C00080A0E00080C0000080C0200080C0400080C0600080C0800080C0A00080C0C00080C0E00080E0000080E0200080E0
310
400080E0600080E0800080E0A00080E0C00080E0E000C0000000C0002000C0004000C0006000C0008000C000A000C000C000C000E000C0200000C0202000C0204000C0206000C0208000C020A000C020C000C020E000C0400000C0402000C0404000C0406000C0408000C040A000C040C000C040E000C0600000C0602000C0
310
604000C0606000C0608000C060A000C060C000C060E000C0800000C0802000C0804000C0806000C0808000C080A000C080C000C080E000C0A00000C0A02000C0A04000C0A06000C0A08000C0A0A000C0A0C000C0A0E000C0C00000C0C02000C0C04000C0C06000C0C08000C0C0A000F0FBFF00A4A0A000808080000000FF00
310
00FF000000FFFF00FF000000FF00FF00FFFF0000FFFFFF00FFFFFFFFFFFFFF00FFFFFFFFFFFFFF00FFFFFFFFFFFFFF00FFFFFFFFFFFFFF00FFFFFFFFFFFFFF00FFFFFFFFFFFFFF00FFFFFFFFFFFFFF00FFFFFFFFFFFFFF00FFFFFFFFFFFFFF00FFFFFFFFFFFFFF00FFFFFFFFFFFFFF00FFFFFFFFFFFFFF00FFFFFFFFFFFFFF
310
00FFFFFFFFFFFFFF00FFFFFFFFFFFFFF00FFFFFFFFFFFFFF00FFFFFFFFFFFFFF00FFFFFFFFFFFFFF00FFFFFFFFFFFFFF00FFFFFFFFFFFFFF00FFFFFFFFFFFFFF00FFFFFFFFFFFFFF00FFFFFFFFFFFFFF00FFFFFFFFFFFFFF00FFFFFFFFFFFFFF00FFFFFFFFFFFFFF00FFFFFFFFFFFFFF00FFFFFFFFFFFFFF00FFFFFFFFFFFF
310
FF00FFFFFFFFFFFFFF00FFFFFFFFFFFFFF00FFFFFFFFFFFFFF00FFFFFFFFFFFFFF00FFFFFFFFFFFFFF00FFFFFFFFFFFFFF00FFFFFFFFFFFFFF00FFFFFFFFFFFFFF00FFFFFFFFFFFFFF00FFFFFFFFFFFFFF00FFFFFFFFFFFFFF00FFFFFFFFFFFFFF00FFFFFFFFFFFFFF00FFFFFFFFFFFFFF00FFFFFFFFFFFFFF00FFFFFFFFFF
310
FFFF00FFFFFFFFFFFFFF00FFFFFFFFFFFFFF00FFFFFFFFFFFFFF00FFFFFFFFFFFFFF00FFFFFFFFFFFFFF00FFFFFFFFFFFFFF00FFFFFFFFFFFFFF00FFFFFFFFFFFFFF00FFFFFFFFFFFFFF00FFFFFFFFFFFFFF00FFFFFFFFFFFFFF00FFFFFFFFFFFFFF00FFFFFFFFFFFFFF00FFFFFFFFFFFFFF00FFFFFFFFFFFFFF00FFFFFFFF
310
FFFFFF00FFFFFFFFFFFFFF00FFFFFFFFFFFFFF00FFFFFFFFFFFFFF00FFFFFFFFFFFFFF00FFFFFFFFFFFFFF00FFFFFFFFFFFFFF00FFFFFFFFFFFFFF00FFFFFFFFFFFFFF00FFFFFFFFFFFFFF00FFFFFFFFFFFFFF00FFFFFFFFFFFFFF00FFFFFFFFFFFFFF00FFFFFFFFFFFFFF00FFFFFFFFFFFFFF00FFFFFFFFFFFFFF00FFFFFF
310
FFFFFFFF00FFFFFFFFFFFFFF00FFFFFFFFFFFFFF00FFFFFFFFFFFFFF00FFFFFFFFFFFFFF00FFFFFFFFFFFFFF00FFFFFFFFFFFFFF00FFFFFFFFFFFFFF00FFFFFFFFFFFFFF00FFFFFFFFFFFFFF00FFFFFFFFFFFFFF00FFFFFFFFFFFFFF00FFFFFFFFFFFFFF00FFFFFFFFFFFFFF00FFFFFFFFFFFFFF00FFFFFFFFFFFFFF00FFFF
310
FFFFFFFFFF00FFFFFFFFFFFFFF00FFFFFFFFFFFFFF00FFFFFFFFFFFFFF00FFFFFFFFFFFFFF00
  0
ENDSEC
  0
EOF
