999
LibreDWG 0.14
  0
SECTION
  2
HEADER
  9
$ACADVER
  1
AC1015
  9
$ACADMAINTVER
 70
    55
  9
$DWGCODEPAGE
  3
ANSI_1252
  9
$INSBASE
 10
0.0
 20
0.0
 30
0.0
  9
$EXTMIN
 10
0.0
 20
0.0
 30
0.0
  9
$EXTMAX
 10
558.8
 20
431.8
 30
0.0
  9
$LIMMIN
 10
0.0
 20
0.0
  9
$LIMMAX
 10
558.8
 20
431.8
  9
$ORTHOMODE
 70
     0
  9
$REGENMODE
 70
     1
  9
$FILLMODE
 70
     1
  9
$QTEXTMODE
 70
     0
  9
$MIRRTEXT
 70
     1
  9
$LTSCALE
 40
2.0
  9
$ATTMODE
 70
     1
  9
$TEXTSIZE
 40
5.644444444444444
  9
$TRACEWID
 40
1.0
  9
$TEXTSTYLE
  7
Standard
  9
$CLAYER
  8
0
  9
$CELTYPE
  6
ByLayer
  9
$CECOLOR
 62
   256
  9
$CELTSCALE
 40
1.0
  9
$DISPSILH
 70
     0
  9
$DIMSCALE
 40
1.0
  9
$DIMASZ
 40
6.603999999999999
  9
$DIMEXO
 40
2.54
  9
$DIMDLI
 40
3.75
  9
$DIMRND
 40
0.0
  9
$DIMDLE
 40
0.0
  9
$DIMEXE
 40
6.35
  9
$DIMTP
 40
0.0
  9
$DIMTM
 40
0.0
  9
$DIMTXT
 40
5.644444444444444
  9
$DIMCEN
 40
2.5
  9
$DIMTSZ
 40
0.0
  9
$DIMTOL
 70
     0
  9
$DIMLIM
 70
     0
  9
$DIMTIH
 70
     1
  9
$DIMTOH
 70
     1
  9
$DIMSE1
 70
     0
  9
$DIMSE2
 70
     0
  9
$DIMTAD
 70
     0
  9
$DIMZIN
 70
     1
  9
$DIMBLK
  1

  9
$DIMASO
 70
     1
  9
$DIMSHO
 70
     1
  9
$DIMPOST
  1

  9
$DIMAPOST
  1

  9
$DIMALT
 70
     0
  9
$DIMALTD
 70
     3
  9
$DIMALTF
 40
0.03937007874015748
  9
$DIMLFAC
 40
1.0
  9
$DIMTOFL
 70
     1
  9
$DIMTVP
 40
0.0
  9
$DIMTIX
 70
     0
  9
$DIMSOXD
 70
     0
  9
$DIMSAH
 70
     0
  9
$DIMBLK1
  1

  9
$DIMBLK2
  1

  9
$DIMSTYLE
  2
ISO-25
  9
$DIMCLRD
 70
     0
  9
$DIMCLRE
 70
     0
  9
$DIMCLRT
 70
     0
  9
$DIMTFAC
 40
1.0
  9
$DIMGAP
 40
3.048
  9
$DIMJUST
 70
     0
  9
$DIMSD1
 70
     0
  9
$DIMSD2
 70
     0
  9
$DIMTOLJ
 70
     0
  9
$DIMTZIN
 70
     1
  9
$DIMALTZ
 70
     0
  9
$DIMALTTZ
 70
     0
  9
$DIMUPT
 70
     0
  9
$DIMDEC
 70
     2
  9
$DIMTDEC
 70
     2
  9
$DIMALTU
 70
     2
  9
$DIMALTTD
 70
     3
  9
$DIMTXSTY
  7
Standard
  9
$DIMAUNIT
 70
     0
  9
$DIMADEC
 70
     0
  9
$DIMALTRND
 40
0.0
  9
$DIMAZIN
 70
     0
  9
$DIMDSEP
 70
    44
  9
$DIMATFIT
 70
     3
  9
$DIMFRAC
 70
     0
  9
$DIMLDRBLK
  1

  9
$DIMLUNIT
 70
     2
  9
$DIMLWD
 70
    -2
  9
$DIMLWE
 70
    -2
  9
$DIMTMOVE
 70
     0
  9
$LUNITS
 70
     2
  9
$LUPREC
 70
     1
  9
$AXISMODE
 70
     0
  9
$AXISUNIT
 10
0.0
 20
0.0
  9
$SKETCHINC
 40
1.0
  9
$FILLETRAD
 40
0.0
  9
$AUNITS
 70
     0
  9
$AUPREC
 70
     0
  9
$MENU
  1
.
  9
$ELEVATION
 40
0.0
  9
$PELEVATION
 40
0.0
  9
$THICKNESS
 40
0.0
  9
$LIMCHECK
 70
     0
  9
$CHAMFERA
 40
0.0
  9
$CHAMFERB
 40
0.0
  9
$CHAMFERC
 40
0.0
  9
$CHAMFERD
 40
0.0
  9
$SKPOLY
 70
     0
  9
$TDCREATE
 40
2460691.409437860
  9
$TDUCREATE
 40
2460691.661437860
  9
$TDUPDATE
 40
2460691.409439260
  9
$TDUUPDATE
 40
2460691.661439260
  9
$TDINDWG
 40
0.000000010
  9
$TDUSRTIMER
 40
0.000000010
  9
$USRTIMER
 70
     1
  9
$ANGBASE
 50
0.0
  9
$ANGDIR
 70
     0
  9
$PDMODE
 70
     0
  9
$PDSIZE
 40
-1.0
  9
$PLINEWID
 40
0.0
  9
$SPLFRAME
 70
     0
  9
$SPLINETYPE
 70
     6
  9
$SPLINESEGS
 70
     8
  9
$HANDSEED
  5
672
  9
$SURFTAB1
 70
     6
  9
$SURFTAB2
 70
     6
  9
$SURFTYPE
 70
     6
  9
$SURFU
 70
     6
  9
$SURFV
 70
     6
  9
$UCSBASE
  2

  9
$UCSORG
 10
0.0
 20
0.0
 30
0.0
  9
$UCSXDIR
 10
1.0
 20
0.0
 30
0.0
  9
$UCSYDIR
 10
0.0
 20
1.0
 30
0.0
  9
$UCSORTHOREF
  2

  9
$UCSORTHOVIEW
 70
     0
  9
$UCSORGTOP
 10
0.0
 20
0.0
 30
0.0
  9
$UCSORGBOTTOM
 10
0.0
 20
0.0
 30
0.0
  9
$UCSORGLEFT
 10
0.0
 20
0.0
 30
0.0
  9
$UCSORGRIGHT
 10
0.0
 20
0.0
 30
0.0
  9
$UCSORGFRONT
 10
0.0
 20
0.0
 30
0.0
  9
$UCSORGBACK
 10
0.0
 20
0.0
 30
0.0
  9
$PUCSBASE
  2

  9
$PUCSORG
 10
0.0
 20
0.0
 30
0.0
  9
$PUCSXDIR
 10
1.0
 20
0.0
 30
0.0
  9
$PUCSYDIR
 10
0.0
 20
1.0
 30
0.0
  9
$PUCSORTHOREF
  2

  9
$PUCSORTHOVIEW
 70
     0
  9
$PUCSORGTOP
 10
0.0
 20
0.0
 30
0.0
  9
$PUCSORGBOTTOM
 10
0.0
 20
0.0
 30
0.0
  9
$PUCSORGLEFT
 10
0.0
 20
0.0
 30
0.0
  9
$PUCSORGRIGHT
 10
0.0
 20
0.0
 30
0.0
  9
$PUCSORGFRONT
 10
0.0
 20
0.0
 30
0.0
  9
$PUCSORGBACK
 10
0.0
 20
0.0
 30
0.0
  9
$USERI1
 70
     0
  9
$USERI2
 70
     0
  9
$USERI3
 70
     0
  9
$USERI4
 70
     0
  9
$USERI5
 70
     0
  9
$USERR1
 40
0.0
  9
$USERR2
 40
0.0
  9
$USERR3
 40
0.0
  9
$USERR4
 40
0.0
  9
$USERR5
 40
0.0
  9
$WORLDVIEW
 70
     1
  9
$SHADEDGE
 70
     3
  9
$SHADEDIF
 70
    70
  9
$TILEMODE
 70
     1
  9
$MAXACTVP
 70
    64
  9
$PINSBASE
 10
0.0
 20
0.0
 30
0.0
  9
$PLIMCHECK
 70
     0
  9
$PEXTMIN
 10
1E+20
 20
1E+20
 30
1E+20
  9
$PEXTMAX
 10
-1E+20
 20
-1E+20
 30
-1E+20
  9
$PLIMMIN
 10
0.0
 20
0.0
  9
$PLIMMAX
 10
420.0
 20
297.0
  9
$UNITMODE
 70
     0
  9
$VISRETAIN
 70
     1
  9
$PLINEGEN
 70
     0
  9
$PSLTSCALE
 70
     1
  9
$TREEDEPTH
 70
  3020
  9
$CMLSTYLE
  2
Standard
  9
$CMLJUST
 70
     0
  9
$CMLSCALE
 40
20.0
  9
$PROXYGRAPHICS
 70
     1
  9
$MEASUREMENT
 70
     1
  9
$CELWEIGHT
370
    -1
  9
$ENDCAPS
280
     0
  9
$JOINSTYLE
280
     0
  9
$LWDISPLAY
290
     1
  9
$INSUNITS
 70
     4
  9
$HYPERLINKBASE
  1

  9
$STYLESHEET
  1

  9
$XEDIT
290
     1
  9
$CEPSNTYPE
380
     0
  9
$PSTYLEMODE
290
     1
  9
$FINGERPRINTGUID
  2
{87ddc2c4-aaac-4442-a556-093b641619a6}
  9
$VERSIONGUID
  2
{FAEB1C32-E019-11D5-929B-00C0DF256EC4}
  9
$EXTNAMES
290
     1
  9
$PSVPSCALE
 40
0.0
  9
$OLESTARTUP
290
     0
  0
ENDSEC
  0
SECTION
  2
CLASSES
  0
CLASS
  1
ACDBDICTIONARYWDFLT
  2
AcDbDictionaryWithDefault
  3
ObjectDBX Classes
 90
        0
280
     0
281
     0
  0
CLASS
  1
VISUALSTYLE
  2
AcDbVisualStyle
  3
ObjectDBX Classes
 90
     4095
280
     0
281
     0
  0
CLASS
  1
MATERIAL
  2
AcDbMaterial
  3
ObjectDBX Classes
 90
     1153
280
     0
281
     0
  0
CLASS
  1
SCALE
  2
AcDbScale
  3
ObjectDBX Classes
 90
     1153
280
     0
281
     0
  0
CLASS
  1
TABLESTYLE
  2
AcDbTableStyle
  3
ObjectDBX Classes
 90
     4095
280
     0
281
     0
  0
CLASS
  1
MLEADERSTYLE
  2
AcDbMLeaderStyle
  3
ACDB_MLEADERSTYLE_CLASS
 90
     4095
280
     0
281
     0
  0
CLASS
  1
SUN
  2
AcDbSun
  3
SCENEOE
 90
     1153
280
     0
281
     0
  0
CLASS
  1
ACDBPLACEHOLDER
  2
AcDbPlaceHolder
  3
ObjectDBX Classes
 90
        0
280
     0
281
     0
  0
CLASS
  1
LAYOUT
  2
AcDbLayout
  3
ObjectDBX Classes
 90
        0
280
     0
281
     0
  0
ENDSEC
  0
SECTION
  2
TABLES
  0
TABLE
  2
VPORT
  5
8
330
0
100
AcDbSymbolTable
 70
     1
  0
VPORT
  5
29
330
8
100
AcDbSymbolTableRecord
100
AcDbViewportTableRecord
  2
*Active
 70
     0
 10
0.0
 20
0.0
 11
1.0
 21
1.0
 12
279.4
 22
215.9
 13
0.0
 23
0.0
 14
10.0
 24
10.0
 15
10.0
 25
10.0
 16
0.0
 26
0.0
 36
1.0
 17
0.0
 27
0.0
 37
0.0
 40
431.8
 41
1.294117647058824
 42
50.0
 43
0.0
 44
0.0
 50
0.0
 51
0.0
 71
     0
 72
  2000
 73
     1
 74
     3
 75
     0
 76
     0
 77
     0
 78
     0
281
     0
 65
     1
110
0.0
120
0.0
130
0.0
111
1.0
121
0.0
131
0.0
112
0.0
122
1.0
132
0.0
 79
     0
146
0.0
  0
ENDTAB
  0
TABLE
  2
LTYPE
  5
5
330
0
100
AcDbSymbolTable
 70
     8
  0
LTYPE
  5
14
330
5
100
AcDbSymbolTableRecord
100
AcDbLinetypeTableRecord
  2
ByBlock
 70
     0
  3

 72
    65
 73
     0
 40
0.0
  0
LTYPE
  5
15
330
5
100
AcDbSymbolTableRecord
100
AcDbLinetypeTableRecord
  2
ByLayer
 70
     0
  3

 72
    65
 73
     0
 40
0.0
  0
LTYPE
  5
16
330
5
100
AcDbSymbolTableRecord
100
AcDbLinetypeTableRecord
  2
Continuous
 70
     0
  3
Solid line
 72
    65
 73
     0
 40
0.0
  0
LTYPE
  5
5E
330
5
100
AcDbSymbolTableRecord
100
AcDbLinetypeTableRecord
  2
SLD-Solid
 70
     0
  3
SolidWorks Line Style
 72
    65
 73
     0
 40
0.0
  0
LTYPE
  5
5F
330
5
100
AcDbSymbolTableRecord
100
AcDbLinetypeTableRecord
  2
SLD-Dashed
 70
     0
  3
SolidWorks Line Style
 72
    65
 73
     2
 40
1.905
 49
1.27
 74
     0
 49
-0.635
 74
     0
  0
LTYPE
  5
60
330
5
100
AcDbSymbolTableRecord
100
AcDbLinetypeTableRecord
  2
SLD-Phantom
 70
     0
  3
SolidWorks Line Style
 72
    65
 73
     6
 40
12.7
 49
6.35
 74
     0
 49
-1.27
 74
     0
 49
1.27
 74
     0
 49
-1.27
 74
     0
 49
1.27
 74
     0
 49
-1.27
 74
     0
  0
LTYPE
  5
61
330
5
100
AcDbSymbolTableRecord
100
AcDbLinetypeTableRecord
  2
SLD-Chain
 70
     0
  3
SolidWorks Line Style
 72
    65
 73
     4
 40
10.16
 49
6.35
 74
     0
 49
-1.27
 74
     0
 49
1.27
 74
     0
 49
-1.27
 74
     0
  0
LTYPE
  5
62
330
5
100
AcDbSymbolTableRecord
100
AcDbLinetypeTableRecord
  2
SLD-Center
 70
     0
  3
SolidWorks Line Style
 72
    65
 73
     4
 40
19.05
 49
15.24
 74
     0
 49
-1.27
 74
     0
 49
1.27
 74
     0
 49
-1.27
 74
     0
  0
LTYPE
  5
63
330
5
100
AcDbSymbolTableRecord
100
AcDbLinetypeTableRecord
  2
SLD-Stitch
 70
     0
  3
SolidWorks Line Style
 72
    65
 73
     2
 40
0.635
 49
0.0
 74
     0
 49
-0.635
 74
     0
  0
LTYPE
  5
64
330
5
100
AcDbSymbolTableRecord
100
AcDbLinetypeTableRecord
  2
SLD-Thin-Thick-Chain
 70
     0
  3
SolidWorks Line Style
 72
    65
 73
     4
 40
10.16
 49
6.35
 74
     0
 49
-1.27
 74
     0
 49
1.27
 74
     0
 49
-1.27
 74
     0
  0
ENDTAB
  0
TABLE
  2
LAYER
  5
2
330
0
100
AcDbSymbolTable
 70
     7
  0
LAYER
  5
10
330
2
100
AcDbSymbolTableRecord
100
AcDbLayerTableRecord
  2
0
 70
     0
 62
     7
  6
Continuous
370
    -3
390
F
  0
LAYER
  5
65
330
2
100
AcDbSymbolTableRecord
100
AcDbLayerTableRecord
  2
TEXT
 70
     0
 62
   140
  6
SLD-Solid
370
    25
390
F
  0
LAYER
  5
66
330
2
100
AcDbSymbolTableRecord
100
AcDbLayerTableRecord
  2
DIMENSIONS
 70
     0
 62
   140
  6
SLD-Solid
370
    25
390
F
  0
LAYER
  5
67
330
2
100
AcDbSymbolTableRecord
100
AcDbLayerTableRecord
  2
HATCH
 70
     0
 62
     6
  6
SLD-Solid
370
    -3
390
F
  0
LAYER
  5
68
330
2
100
AcDbSymbolTableRecord
100
AcDbLayerTableRecord
  2
HIDDEN
 70
     0
 62
   102
  6
SLD-Dashed
370
    -3
390
F
  0
LAYER
  5
69
330
2
100
AcDbSymbolTableRecord
100
AcDbLayerTableRecord
  2
CENTER
 70
     0
 62
    40
  6
SLD-Center
370
    -3
390
F
  0
LAYER
  5
6A
330
2
100
AcDbSymbolTableRecord
100
AcDbLayerTableRecord
  2
SLD-DEFPOINTS
 70
     0
 62
     7
  6
Continuous
370
    -1
390
F
  0
ENDTAB
  0
TABLE
  2
STYLE
  5
3
330
0
100
AcDbSymbolTable
 70
     3
  0
STYLE
  5
11
330
3
100
AcDbSymbolTableRecord
100
AcDbTextStyleTableRecord
  2
Standard
 70
     0
 40
0.0
 41
1.0
 50
0.0
 71
     0
 42
5.644444444444444
  3
txt
  4

  0
STYLE
  5
94
330
3
100
AcDbSymbolTableRecord
100
AcDbTextStyleTableRecord
  2
SLDTEXTSTYLE0
 70
     0
 40
0.0
 41
0.7
 50
0.0
 71
     0
 42
5.644444444444444
  3
TXT
  4

  0
STYLE
  5
9F
330
3
100
AcDbSymbolTableRecord
100
AcDbTextStyleTableRecord
  2
SLDTEXTSTYLE1
 70
     0
 40
0.0
 41
0.65
 50
0.0
 71
     0
 42
5.644444444444444
  3
TXT
  4

  0
ENDTAB
  0
TABLE
  2
VIEW
  5
6
330
0
100
AcDbSymbolTable
 70
     0
  0
ENDTAB
  0
TABLE
  2
UCS
  5
7
330
0
100
AcDbSymbolTable
 70
     0
  0
ENDTAB
  0
TABLE
  2
APPID
  5
9
330
0
100
AcDbSymbolTable
 70
     1
  0
APPID
  5
12
330
9
100
AcDbSymbolTableRecord
100
AcDbRegAppTableRecord
  2
ACAD
 70
     0
  0
ENDTAB
  0
TABLE
  2
DIMSTYLE
  5
A
330
0
100
AcDbSymbolTable
 70
     5
100
AcDbDimStyleTable
 71
     0
  0
DIMSTYLE
105
27
330
A
100
AcDbSymbolTableRecord
100
AcDbDimStyleTableRecord
  2
ISO-25
 70
     0
 41
2.5
 42
0.625
 43
3.75
 44
1.25
 73
     0
 74
     0
 77
     1
 78
     8
140
2.5
141
2.5
143
0.03937007874016
144
1.0
146
1.0
147
0.625
171
     3
172
     1
176
     0
177
     0
178
     0
271
     2
272
     2
273
     2
274
     3
277
     2
278
    44
283
     0
284
     8
289
     3
340
11
371
    -2
372
    -2
341
0
342
0
343
0
344
0
  0
DIMSTYLE
105
274
102
{ACAD_REACTORS
330
273
330
4D4
330
4FD
330
648
330
65C
102
}
330
A
100
AcDbSymbolTableRecord
100
AcDbDimStyleTableRecord
  2
SLDDIMSTYLE0
 70
     0
 41
6.603999999999999
 42
0.0625
 43
0.38
 45
1E-09
 73
     1
 74
     1
 78
    12
 79
     3
140
4.316015625
141
0.09
143
0.03937007874015748
144
1.0
146
1.0
147
1.07900390625
148
1E-09
170
     1
171
     2
173
     1
176
     0
177
     0
178
     0
271
     2
272
     2
273
     2
274
     2
276
     2
277
     2
278
    46
283
     1
284
    12
289
     3
340
94
371
    -2
372
    -2
341
0
342
0
343
0
344
0
  0
DIMSTYLE
105
289
102
{ACAD_REACTORS
330
288
102
}
330
A
100
AcDbSymbolTableRecord
100
AcDbDimStyleTableRecord
  2
SLDDIMSTYLE1
 70
     0
 41
6.603999999999999
 42
0.0625
 43
0.38
 45
1E-09
 73
     1
 74
     1
 78
     4
 79
     1
140
4.316015625
141
0.09
143
0.03937007874015748
144
1.0
146
1.0
147
1.07900390625
148
1E-09
170
     1
171
     2
173
     1
176
     0
177
     0
178
     0
271
     2
272
     2
273
     2
274
     2
276
     2
277
     2
278
    46
283
     1
284
    12
289
     3
340
94
371
    -2
372
    -2
341
0
342
0
343
0
344
0
  0
DIMSTYLE
105
29E
102
{ACAD_REACTORS
330
29D
102
}
330
A
100
AcDbSymbolTableRecord
100
AcDbDimStyleTableRecord
  2
SLDDIMSTYLE2
 70
     0
 41
6.603999999999999
 42
0.0625
 43
0.38
 45
1E-09
 73
     1
 74
     1
 78
     4
 79
     1
140
4.316015625
141
0.09
143
0.03937007874015748
144
1.0
146
1.0
147
1.07900390625
148
1E-09
170
     1
171
     2
172
     1
173
     1
176
     0
177
     0
178
     0
271
     2
272
     2
273
     2
274
     2
276
     2
277
     2
278
    46
283
     1
284
    12
340
94
371
    -2
372
    -2
341
0
342
0
343
0
344
0
  0
DIMSTYLE
105
4E9
102
{ACAD_REACTORS
330
4E8
102
}
330
A
100
AcDbSymbolTableRecord
100
AcDbDimStyleTableRecord
  2
SLDDIMSTYLE3
 70
     0
 41
6.603999999999999
 42
0.0625
 43
0.38
 45
1E-09
 73
     1
 74
     1
 78
    12
 79
     3
140
4.316015625
141
0.09
143
0.03937007874015748
144
1.0
146
1.0
147
1.07900390625
148
1E-09
170
     1
171
     2
172
     1
173
     1
176
     0
177
     0
178
     0
271
     2
272
     2
273
     2
274
     2
276
     2
277
     2
278
    46
283
     1
284
    12
340
94
371
    -2
372
    -2
341
0
342
0
343
0
344
0
  0
ENDTAB
  0
TABLE
  2
BLOCK_RECORD
  5
1
330
0
100
AcDbSymbolTable
 70
    11
  0
BLOCK_RECORD
  5
1F
330
1
100
AcDbSymbolTableRecord
100
AcDbBlockTableRecord
  2
*Model_Space
340
22
310

  0
BLOCK_RECORD
  5
1B
330
1
100
AcDbSymbolTableRecord
100
AcDbBlockTableRecord
  2
*Paper_Space
340
1E
310

  0
BLOCK_RECORD
  5
23
330
1
100
AcDbSymbolTableRecord
100
AcDbBlockTableRecord
  2
*Paper_Space0
340
26
310

  0
BLOCK_RECORD
  5
6B
330
1
100
AcDbSymbolTableRecord
100
AcDbBlockTableRecord
  2
Block11
340
0
310

102
{BLKREFS
331
79
102
}
  0
BLOCK_RECORD
  5
76
330
1
100
AcDbSymbolTableRecord
100
AcDbBlockTableRecord
  2
Block12
340
0
310

102
{BLKREFS
331
93
102
}
  0
BLOCK_RECORD
  5
275
330
1
100
AcDbSymbolTableRecord
100
AcDbBlockTableRecord
  2
_D
340
0
310

  0
BLOCK_RECORD
  5
28A
330
1
100
AcDbSymbolTableRecord
100
AcDbBlockTableRecord
  2
_D_1
340
0
310

  0
BLOCK_RECORD
  5
29F
330
1
100
AcDbSymbolTableRecord
100
AcDbBlockTableRecord
  2
_D_2
340
0
310

  0
BLOCK_RECORD
  5
4D5
330
1
100
AcDbSymbolTableRecord
100
AcDbBlockTableRecord
  2
_D_3
340
0
310

  0
BLOCK_RECORD
  5
4EA
330
1
100
AcDbSymbolTableRecord
100
AcDbBlockTableRecord
  2
_D_4
340
0
310

  0
BLOCK_RECORD
  5
4FE
330
1
100
AcDbSymbolTableRecord
100
AcDbBlockTableRecord
  2
_D_5
340
0
310

  0
BLOCK_RECORD
  5
649
330
1
100
AcDbSymbolTableRecord
100
AcDbBlockTableRecord
  2
_D_6
340
0
310

  0
BLOCK_RECORD
  5
65D
330
1
100
AcDbSymbolTableRecord
100
AcDbBlockTableRecord
  2
_D_7
340
0
310

  0
ENDTAB
  0
ENDSEC
  0
SECTION
  2
BLOCKS
  0
BLOCK
  5
1C
330
1B
100
AcDbEntity
 67
     1
  8
0
100
AcDbBlockBegin
  2
*Paper_Space
 70
     0
 10
0.0
 20
0.0
 30
0.0
  3
*Paper_Space
  1

  0
ENDBLK
  5
1D
330
1B
100
AcDbEntity
 67
     1
  8
0
100
AcDbBlockEnd
  0
BLOCK
  5
20
330
1F
100
AcDbEntity
  8
0
100
AcDbBlockBegin
  2
*Model_Space
 70
     0
 10
0.0
 20
0.0
 30
0.0
  3
*Model_Space
  1

  0
ENDBLK
  5
21
330
1F
100
AcDbEntity
  8
0
100
AcDbBlockEnd
  0
BLOCK
  5
24
330
23
100
AcDbEntity
  8
0
100
AcDbBlockBegin
  2
*Paper_Space0
 70
     0
 10
0.0
 20
0.0
 30
0.0
  3
*Paper_Space0
  1

  0
ENDBLK
  5
25
330
23
100
AcDbEntity
  8
0
100
AcDbBlockEnd
  0
BLOCK
  5
6C
330
6B
100
AcDbEntity
  8
0
100
AcDbBlockBegin
  2
Block11
 70
     0
 10
0.0
 20
0.0
 30
0.0
  3
Block11
  1

  0
CIRCLE
  5
6E
330
6B
100
AcDbEntity
  8
0
  6
SLD-Solid
370
    18
 62
     7
100
AcDbCircle
 10
5.176794221541707
 20
5.763442552820131
 30
0.0
 40
2.571306509119218
  0
CIRCLE
  5
6F
330
6B
100
AcDbEntity
  8
0
  6
SLD-Solid
370
    18
 62
     7
100
AcDbCircle
 10
5.176794221541707
 20
5.763442552820131
 30
0.0
 40
4.30020573875978
  0
LINE
  5
70
330
6B
100
AcDbEntity
  8
0
  6
SLD-Solid
370
    18
 62
     7
100
AcDbLine
 10
5.176794221541707
 20
10.621336205973
 30
0.0
 11
5.176794221541707
 21
0.0
 31
0.0
  0
LINE
  5
71
330
6B
100
AcDbEntity
  8
0
  6
SLD-Solid
370
    18
 62
     7
100
AcDbLine
 10
3.469446951953614E-15
 20
5.763442552820131
 30
0.0
 11
21.74748005972424
 21
5.763442552820131
 31
0.0
  0
LINE
  5
72
330
6B
100
AcDbEntity
  8
0
  6
SLD-Solid
370
    18
 62
     7
100
AcDbLine
 10
10.95917231494143
 20
3.192136043700916
 30
0.0
 11
10.95917231494143
 21
8.334749061939359
 31
0.0
  0
LINE
  5
73
330
6B
100
AcDbEntity
  8
0
  6
SLD-Solid
370
    18
 62
     7
100
AcDbLine
 10
10.95917231494143
 20
8.334749061939359
 30
0.0
 11
20.35003086998553
 21
10.06364829157991
 31
0.0
  0
LINE
  5
74
330
6B
100
AcDbEntity
  8
0
  6
SLD-Solid
370
    18
 62
     7
100
AcDbLine
 10
20.35003086998553
 20
10.06364829157991
 30
0.0
 11
20.35003086998553
 21
1.463236814060354
 31
0.0
  0
LINE
  5
75
330
6B
100
AcDbEntity
  8
0
  6
SLD-Solid
370
    18
 62
     7
100
AcDbLine
 10
10.95917231494143
 20
3.192136043700916
 30
0.0
 11
20.35003086998553
 21
1.463236814060354
 31
0.0
  0
ENDBLK
  5
6D
330
6B
100
AcDbEntity
  8
0
100
AcDbBlockEnd
  0
BLOCK
  5
77
330
76
100
AcDbEntity
  8
0
100
AcDbBlockBegin
  2
Block12
 70
     0
 10
0.0
 20
0.0
 30
0.0
  3
Block12
  1

  0
INSERT
  5
79
330
76
100
AcDbEntity
  8
SLD-DEFPOINTS
100
AcDbBlockReference
  2
Block11
 10
0.0
 20
0.0
 30
0.0
  0
ENDBLK
  5
78
330
76
100
AcDbEntity
  8
0
100
AcDbBlockEnd
  0
BLOCK
  5
276
330
275
100
AcDbEntity
  8
0
100
AcDbBlockBegin
  2
_D
 70
     0
 10
0.0
 20
0.0
 30
0.0
  3
_D
  1

  0
SOLID
  5
278
330
275
100
AcDbEntity
  8
DIMENSIONS
100
AcDbTrace
 38
0.0
 10
189.8600139445523
 20
111.9049938650194
 11
190.8760139445523
 21
118.5089938650194
 12
188.8440139445523
 22
118.5089938650194
 13
188.8440139445523
 23
118.5089938650194
  0
SOLID
  5
279
330
275
100
AcDbEntity
  8
DIMENSIONS
100
AcDbTrace
 38
0.0
 10
189.8600139445523
 20
199.5049938650326
 11
188.8440139445523
 21
192.9009938650326
 12
190.8760139445523
 22
192.9009938650326
 13
190.8760139445523
 23
192.9009938650326
  0
LINE
  5
27A
330
275
100
AcDbEntity
  8
DIMENSIONS
100
AcDbLine
 10
183.4472971293042
 20
152.999853179321
 30
0.0
 11
181.9979685149054
 21
152.999853179321
 31
0.0
  0
LINE
  5
27B
330
275
100
AcDbEntity
  8
DIMENSIONS
100
AcDbLine
 10
181.9979685149054
 20
152.999853179321
 30
0.0
 11
181.9979685149054
 21
146.1402852316352
 31
0.0
  0
LINE
  5
27C
330
275
100
AcDbEntity
  8
DIMENSIONS
100
AcDbLine
 10
181.9979685149054
 20
146.1402852316352
 30
0.0
 11
183.4472971293042
 21
146.1402852316352
 31
0.0
  0
LINE
  5
27D
330
275
100
AcDbEntity
  8
DIMENSIONS
100
AcDbLine
 10
196.2727302941392
 20
152.999853179321
 30
0.0
 11
197.722058908538
 21
152.999853179321
 31
0.0
  0
LINE
  5
27E
330
275
100
AcDbEntity
  8
DIMENSIONS
100
AcDbLine
 10
197.722058908538
 20
152.999853179321
 30
0.0
 11
197.722058908538
 21
146.1402852316352
 31
0.0
  0
LINE
  5
27F
330
275
100
AcDbEntity
  8
DIMENSIONS
100
AcDbLine
 10
197.722058908538
 20
146.1402852316352
 30
0.0
 11
196.2727302941392
 21
146.1402852316352
 31
0.0
  0
LINE
  5
280
330
275
100
AcDbEntity
  8
DIMENSIONS
100
AcDbLine
 10
168.1145714285706
 20
111.9049938650194
 30
0.0
 11
196.2100139445523
 21
111.9049938650194
 31
0.0
  0
LINE
  5
281
330
275
100
AcDbEntity
  8
DIMENSIONS
100
AcDbLine
 10
168.1145714285703
 20
199.5049938650326
 30
0.0
 11
196.2100139445523
 21
199.5049938650326
 31
0.0
  0
LINE
  5
282
330
275
100
AcDbEntity
  8
DIMENSIONS
100
AcDbLine
 10
189.8600139445523
 20
111.9049938650194
 30
0.0
 11
189.8600139445523
 21
145.17406646581
 31
0.0
  0
LINE
  5
283
330
275
100
AcDbEntity
  8
DIMENSIONS
100
AcDbLine
 10
189.8600139445523
 20
199.5049938650326
 30
0.0
 11
189.8600139445523
 21
160.8256408241541
 31
0.0
  0
MTEXT
  5
284
330
275
100
AcDbEntity
  8
DIMENSIONS
100
AcDbMText
 10
180.417328154689
 20
159.4231263081699
 30
0.0
210
0.0
220
0.0
230
1.0
 11
1.0
 21
0.0
 31
0.0
 40
4.233333333333333
 41
0.0
 71
     1
 72
     1
  1

  7
SLDTEXTSTYLE0
 73
     1
 44
1.0
  0
MTEXT
  5
285
330
275
100
AcDbEntity
  8
DIMENSIONS
100
AcDbMText
 10
183.4472975949655
 20
159.4231258425086
 30
0.0
210
0.0
220
0.0
230
1.0
 11
1.0
 21
0.0
 31
0.0
 40
4.233333333333333
 41
0.0
 71
     1
 72
     1
  1
87.6
  7
SLDTEXTSTYLE0
 73
     1
 44
1.0
  0
MTEXT
  5
286
330
275
100
AcDbEntity
  8
DIMENSIONS
100
AcDbMText
 10
183.4472971293042
 20
151.5973386633366
 30
0.0
210
0.0
220
0.0
230
1.0
 11
1.0
 21
0.0
 31
0.0
 40
4.233333333333333
 41
0.0
 71
     1
 72
     1
  1
3.45
  7
SLDTEXTSTYLE0
 73
     1
 44
1.0
  0
MTEXT
  5
287
330
275
100
AcDbEntity
  8
DIMENSIONS
100
AcDbMText
 10
201.0234715547621
 20
159.4231263081699
 30
0.0
210
0.0
220
0.0
230
1.0
 11
1.0
 21
0.0
 31
0.0
 40
4.233333333333333
 41
0.0
 71
     1
 72
     1
  1

  7
SLDTEXTSTYLE0
 73
     1
 44
1.0
  0
ENDBLK
  5
277
330
275
100
AcDbEntity
  8
0
100
AcDbBlockEnd
  0
BLOCK
  5
28B
330
28A
100
AcDbEntity
  8
0
100
AcDbBlockBegin
  2
_D_1
 70
     0
 10
0.0
 20
0.0
 30
0.0
  3
_D_1
  1

  0
SOLID
  5
28D
330
28A
100
AcDbEntity
  8
DIMENSIONS
100
AcDbTrace
 38
0.0
 10
79.52232588729805
 20
201.9049938650419
 11
78.50632588729805
 21
195.3009938650419
 12
80.53832588729806
 22
195.3009938650419
 13
80.53832588729806
 23
195.3009938650419
  0
SOLID
  5
28E
330
28A
100
AcDbEntity
  8
DIMENSIONS
100
AcDbTrace
 38
0.0
 10
79.52232588729805
 20
111.9049938650194
 11
80.53832588729806
 21
118.5089938650194
 12
78.50632588729805
 22
118.5089938650194
 13
78.50632588729805
 23
118.5089938650194
  0
LINE
  5
28F
330
28A
100
AcDbEntity
  8
DIMENSIONS
100
AcDbLine
 10
73.10960907204993
 20
155.6958258187852
 30
0.0
 11
71.6602804576511
 21
155.6958258187852
 31
0.0
  0
LINE
  5
290
330
28A
100
AcDbEntity
  8
DIMENSIONS
100
AcDbLine
 10
71.6602804576511
 20
155.6958258187852
 30
0.0
 11
71.6602804576511
 21
148.8362578710995
 31
0.0
  0
LINE
  5
291
330
28A
100
AcDbEntity
  8
DIMENSIONS
100
AcDbLine
 10
71.6602804576511
 20
148.8362578710995
 30
0.0
 11
73.10960907204993
 21
148.8362578710995
 31
0.0
  0
LINE
  5
292
330
28A
100
AcDbEntity
  8
DIMENSIONS
100
AcDbLine
 10
85.93504223688491
 20
155.6958258187852
 30
0.0
 11
87.38437085128375
 21
155.6958258187852
 31
0.0
  0
LINE
  5
293
330
28A
100
AcDbEntity
  8
DIMENSIONS
100
AcDbLine
 10
87.38437085128375
 20
155.6958258187852
 30
0.0
 11
87.38437085128375
 21
148.8362578710995
 31
0.0
  0
LINE
  5
294
330
28A
100
AcDbEntity
  8
DIMENSIONS
100
AcDbLine
 10
87.38437085128375
 20
148.8362578710995
 30
0.0
 11
85.93504223688491
 21
148.8362578710995
 31
0.0
  0
LINE
  5
295
330
28A
100
AcDbEntity
  8
DIMENSIONS
100
AcDbLine
 10
138.9845714285721
 20
201.9049938650419
 30
0.0
 11
73.17232588729806
 21
201.9049938650419
 31
0.0
  0
LINE
  5
296
330
28A
100
AcDbEntity
  8
DIMENSIONS
100
AcDbLine
 10
118.0345714285728
 20
111.9049938650194
 30
0.0
 11
73.17232588729806
 21
111.9049938650194
 31
0.0
  0
LINE
  5
297
330
28A
100
AcDbEntity
  8
DIMENSIONS
100
AcDbLine
 10
79.52232588729805
 20
201.9049938650419
 30
0.0
 11
79.52232588729805
 21
163.5216134636184
 31
0.0
  0
LINE
  5
298
330
28A
100
AcDbEntity
  8
DIMENSIONS
100
AcDbLine
 10
79.52232588729805
 20
111.9049938650194
 30
0.0
 11
79.52232588729805
 21
147.8700391052743
 31
0.0
  0
MTEXT
  5
299
330
28A
100
AcDbEntity
  8
DIMENSIONS
100
AcDbMText
 10
70.0796400974348
 20
162.1190989476341
 30
0.0
210
0.0
220
0.0
230
1.0
 11
1.0
 21
0.0
 31
0.0
 40
4.233333333333333
 41
0.0
 71
     1
 72
     1
  1

  7
SLDTEXTSTYLE0
 73
     1
 44
1.0
  0
MTEXT
  5
29A
330
28A
100
AcDbEntity
  8
DIMENSIONS
100
AcDbMText
 10
73.10960953771122
 20
162.1190984819728
 30
0.0
210
0.0
220
0.0
230
1.0
 11
1.0
 21
0.0
 31
0.0
 40
4.233333333333333
 41
0.0
 71
     1
 72
     1
  1
90.0
  7
SLDTEXTSTYLE0
 73
     1
 44
1.0
  0
MTEXT
  5
29B
330
28A
100
AcDbEntity
  8
DIMENSIONS
100
AcDbMText
 10
73.10960907204993
 20
154.2933113028008
 30
0.0
210
0.0
220
0.0
230
1.0
 11
1.0
 21
0.0
 31
0.0
 40
4.233333333333333
 41
0.0
 71
     1
 72
     1
  1
3.54
  7
SLDTEXTSTYLE0
 73
     1
 44
1.0
  0
MTEXT
  5
29C
330
28A
100
AcDbEntity
  8
DIMENSIONS
100
AcDbMText
 10
90.68578349750786
 20
162.1190989476341
 30
0.0
210
0.0
220
0.0
230
1.0
 11
1.0
 21
0.0
 31
0.0
 40
4.233333333333333
 41
0.0
 71
     1
 72
     1
  1

  7
SLDTEXTSTYLE0
 73
     1
 44
1.0
  0
ENDBLK
  5
28C
330
28A
100
AcDbEntity
  8
0
100
AcDbBlockEnd
  0
BLOCK
  5
2A0
330
29F
100
AcDbEntity
  8
0
100
AcDbBlockBegin
  2
_D_2
 70
     0
 10
0.0
 20
0.0
 30
0.0
  3
_D_2
  1

  0
SOLID
  5
2A2
330
29F
100
AcDbEntity
  8
DIMENSIONS
100
AcDbTrace
 38
0.0
 10
120.5745714285729
 20
85.38286637931031
 11
113.9705714285729
 21
86.39886637931032
 12
113.9705714285729
 22
84.36686637931031
 13
113.9705714285729
 23
84.36686637931031
  0
SOLID
  5
2A3
330
29F
100
AcDbEntity
  8
DIMENSIONS
100
AcDbTrace
 38
0.0
 10
165.5745714285707
 20
85.38286637931031
 11
172.1785714285706
 21
84.36686637931031
 12
172.1785714285706
 22
86.39886637931032
 13
172.1785714285706
 23
86.39886637931032
  0
LINE
  5
2A4
330
29F
100
AcDbEntity
  8
DIMENSIONS
100
AcDbLine
 10
136.3002487019932
 20
85.38286591364904
 30
0.0
 11
134.8509200875944
 21
85.38286591364904
 31
0.0
  0
LINE
  5
2A5
330
29F
100
AcDbEntity
  8
DIMENSIONS
100
AcDbLine
 10
134.8509200875944
 20
85.38286591364904
 30
0.0
 11
134.8509200875944
 21
78.52329796596332
 31
0.0
  0
LINE
  5
2A6
330
29F
100
AcDbEntity
  8
DIMENSIONS
100
AcDbLine
 10
134.8509200875944
 20
78.52329796596332
 30
0.0
 11
136.3002487019932
 21
78.52329796596332
 31
0.0
  0
LINE
  5
2A7
330
29F
100
AcDbEntity
  8
DIMENSIONS
100
AcDbLine
 10
149.1256818668282
 20
85.38286591364904
 30
0.0
 11
150.5750104812271
 21
85.38286591364904
 31
0.0
  0
LINE
  5
2A8
330
29F
100
AcDbEntity
  8
DIMENSIONS
100
AcDbLine
 10
150.5750104812271
 20
85.38286591364904
 30
0.0
 11
150.5750104812271
 21
78.52329796596332
 31
0.0
  0
LINE
  5
2A9
330
29F
100
AcDbEntity
  8
DIMENSIONS
100
AcDbLine
 10
150.5750104812271
 20
78.52329796596332
 30
0.0
 11
149.1256818668282
 21
78.52329796596332
 31
0.0
  0
LINE
  5
2AA
330
29F
100
AcDbEntity
  8
DIMENSIONS
100
AcDbLine
 10
120.5745714285729
 20
109.3649938650194
 30
0.0
 11
120.5745714285729
 21
79.03286637931032
 31
0.0
  0
LINE
  5
2AB
330
29F
100
AcDbEntity
  8
DIMENSIONS
100
AcDbLine
 10
165.5745714285707
 20
109.3649938650194
 30
0.0
 11
165.5745714285707
 21
79.03286637931032
 31
0.0
  0
LINE
  5
2AC
330
29F
100
AcDbEntity
  8
DIMENSIONS
100
AcDbLine
 10
120.5745714285729
 20
85.38286637931031
 30
0.0
 11
107.8745714285728
 21
85.38286637931031
 31
0.0
  0
LINE
  5
2AD
330
29F
100
AcDbEntity
  8
DIMENSIONS
100
AcDbLine
 10
165.5745714285707
 20
85.38286637931031
 30
0.0
 11
178.2745714285707
 21
85.38286637931031
 31
0.0
  0
MTEXT
  5
2AE
330
29F
100
AcDbEntity
  8
DIMENSIONS
100
AcDbMText
 10
133.2702797273781
 20
91.80613904249797
 30
0.0
210
0.0
220
0.0
230
1.0
 11
1.0
 21
0.0
 31
0.0
 40
4.233333333333333
 41
0.0
 71
     1
 72
     1
  1

  7
SLDTEXTSTYLE0
 73
     1
 44
1.0
  0
MTEXT
  5
2AF
330
29F
100
AcDbEntity
  8
DIMENSIONS
100
AcDbMText
 10
136.3002491676545
 20
91.80613857683669
 30
0.0
210
0.0
220
0.0
230
1.0
 11
1.0
 21
0.0
 31
0.0
 40
4.233333333333333
 41
0.0
 71
     1
 72
     1
  1
45.0
  7
SLDTEXTSTYLE0
 73
     1
 44
1.0
  0
MTEXT
  5
2B0
330
29F
100
AcDbEntity
  8
DIMENSIONS
100
AcDbMText
 10
136.3002487019932
 20
83.98035139766465
 30
0.0
210
0.0
220
0.0
230
1.0
 11
1.0
 21
0.0
 31
0.0
 40
4.233333333333333
 41
0.0
 71
     1
 72
     1
  1
1.77
  7
SLDTEXTSTYLE0
 73
     1
 44
1.0
  0
MTEXT
  5
2B1
330
29F
100
AcDbEntity
  8
DIMENSIONS
100
AcDbMText
 10
153.8764231274512
 20
91.80613904249797
 30
0.0
210
0.0
220
0.0
230
1.0
 11
1.0
 21
0.0
 31
0.0
 40
4.233333333333333
 41
0.0
 71
     1
 72
     1
  1

  7
SLDTEXTSTYLE0
 73
     1
 44
1.0
  0
ENDBLK
  5
2A1
330
29F
100
AcDbEntity
  8
0
100
AcDbBlockEnd
  0
BLOCK
  5
4D6
330
4D5
100
AcDbEntity
  8
0
100
AcDbBlockBegin
  2
_D_3
 70
     0
 10
0.0
 20
0.0
 30
0.0
  3
_D_3
  1

  0
SOLID
  5
4D8
330
4D5
100
AcDbEntity
  8
DIMENSIONS
100
AcDbTrace
 38
0.0
 10
297.1955836985064
 20
249.7132945896331
 11
303.7995836985064
 21
248.6972945896331
 12
303.7995836985064
 22
250.729294589633
 13
303.7995836985064
 23
250.729294589633
  0
SOLID
  5
4D9
330
4D5
100
AcDbEntity
  8
DIMENSIONS
100
AcDbTrace
 38
0.0
 10
355.0955836985165
 20
249.7132945896331
 11
348.4915836985165
 21
250.729294589633
 12
348.4915836985165
 22
248.6972945896331
 13
348.4915836985165
 23
248.6972945896331
  0
LINE
  5
4DA
330
4D5
100
AcDbEntity
  8
DIMENSIONS
100
AcDbLine
 10
316.1788269746118
 20
249.7132941239718
 30
0.0
 11
314.7294983602129
 21
249.7132941239718
 31
0.0
  0
LINE
  5
4DB
330
4D5
100
AcDbEntity
  8
DIMENSIONS
100
AcDbLine
 10
314.7294983602129
 20
249.7132941239718
 30
0.0
 11
314.7294983602129
 21
242.8537261762861
 31
0.0
  0
LINE
  5
4DC
330
4D5
100
AcDbEntity
  8
DIMENSIONS
100
AcDbLine
 10
314.7294983602129
 20
242.8537261762861
 30
0.0
 11
316.1788269746118
 21
242.8537261762861
 31
0.0
  0
LINE
  5
4DD
330
4D5
100
AcDbEntity
  8
DIMENSIONS
100
AcDbLine
 10
329.0042601394467
 20
249.7132941239718
 30
0.0
 11
330.4535887538456
 21
249.7132941239718
 31
0.0
  0
LINE
  5
4DE
330
4D5
100
AcDbEntity
  8
DIMENSIONS
100
AcDbLine
 10
330.4535887538456
 20
249.7132941239718
 30
0.0
 11
330.4535887538456
 21
242.8537261762861
 31
0.0
  0
LINE
  5
4DF
330
4D5
100
AcDbEntity
  8
DIMENSIONS
100
AcDbLine
 10
330.4535887538456
 20
242.8537261762861
 30
0.0
 11
329.0042601394467
 21
242.8537261762861
 31
0.0
  0
LINE
  5
4E0
330
4D5
100
AcDbEntity
  8
DIMENSIONS
100
AcDbLine
 10
297.1955836985064
 20
165.3643355035452
 30
0.0
 11
297.1955836985064
 21
256.0632945896331
 31
0.0
  0
LINE
  5
4E1
330
4D5
100
AcDbEntity
  8
DIMENSIONS
100
AcDbLine
 10
355.0955836985165
 20
200.7449938650316
 30
0.0
 11
355.0955836985165
 21
256.0632945896331
 31
0.0
  0
LINE
  5
4E2
330
4D5
100
AcDbEntity
  8
DIMENSIONS
100
AcDbLine
 10
297.1955836985064
 20
249.7132945896331
 30
0.0
 11
310.331021504372
 21
249.7132945896331
 31
0.0
  0
LINE
  5
4E3
330
4D5
100
AcDbEntity
  8
DIMENSIONS
100
AcDbLine
 10
355.0955836985165
 20
249.7132945896331
 30
0.0
 11
334.8520660753475
 21
249.7132945896331
 31
0.0
  0
MTEXT
  5
4E4
330
4D5
100
AcDbEntity
  8
DIMENSIONS
100
AcDbMText
 10
313.1488579999966
 20
256.1365672528207
 30
0.0
210
0.0
220
0.0
230
1.0
 11
1.0
 21
0.0
 31
0.0
 40
4.233333333333333
 41
0.0
 71
     1
 72
     1
  1

  7
SLDTEXTSTYLE0
 73
     1
 44
1.0
  0
MTEXT
  5
4E5
330
4D5
100
AcDbEntity
  8
DIMENSIONS
100
AcDbMText
 10
316.178827440273
 20
256.1365667871594
 30
0.0
210
0.0
220
0.0
230
1.0
 11
1.0
 21
0.0
 31
0.0
 40
4.233333333333333
 41
0.0
 71
     1
 72
     1
  1
57.9
  7
SLDTEXTSTYLE0
 73
     1
 44
1.0
  0
MTEXT
  5
4E6
330
4D5
100
AcDbEntity
  8
DIMENSIONS
100
AcDbMText
 10
316.1788269746118
 20
248.3107796079874
 30
0.0
210
0.0
220
0.0
230
1.0
 11
1.0
 21
0.0
 31
0.0
 40
4.233333333333333
 41
0.0
 71
     1
 72
     1
  1
2.28
  7
SLDTEXTSTYLE0
 73
     1
 44
1.0
  0
MTEXT
  5
4E7
330
4D5
100
AcDbEntity
  8
DIMENSIONS
100
AcDbMText
 10
333.7550014000697
 20
256.1365672528207
 30
0.0
210
0.0
220
0.0
230
1.0
 11
1.0
 21
0.0
 31
0.0
 40
4.233333333333333
 41
0.0
 71
     1
 72
     1
  1

  7
SLDTEXTSTYLE0
 73
     1
 44
1.0
  0
ENDBLK
  5
4D7
330
4D5
100
AcDbEntity
  8
0
100
AcDbBlockEnd
  0
BLOCK
  5
4EB
330
4EA
100
AcDbEntity
  8
0
100
AcDbBlockBegin
  2
_D_4
 70
     0
 10
0.0
 20
0.0
 30
0.0
  3
_D_4
  1

  0
SOLID
  5
4ED
330
4EA
100
AcDbEntity
  8
DIMENSIONS
100
AcDbTrace
 38
0.0
 10
355.0955836985165
 20
219.0826360325242
 11
361.6995836985165
 21
218.0666360325242
 12
361.6995836985165
 22
220.0986360325242
 13
361.6995836985165
 23
220.0986360325242
  0
SOLID
  5
4EE
330
4EA
100
AcDbEntity
  8
DIMENSIONS
100
AcDbTrace
 38
0.0
 10
314.4955836985135
 20
219.0826360325242
 11
307.8915836985135
 21
220.0986360325242
 12
307.8915836985135
 22
218.0666360325242
 13
307.8915836985135
 23
218.0666360325242
  0
LINE
  5
4EF
330
4EA
100
AcDbEntity
  8
DIMENSIONS
100
AcDbLine
 10
329.381697042331
 20
219.0826355668629
 30
0.0
 11
327.9323684279322
 21
219.0826355668629
 31
0.0
  0
LINE
  5
4F0
330
4EA
100
AcDbEntity
  8
DIMENSIONS
100
AcDbLine
 10
327.9323684279322
 20
219.0826355668629
 30
0.0
 11
327.9323684279322
 21
212.2230676191772
 31
0.0
  0
LINE
  5
4F1
330
4EA
100
AcDbEntity
  8
DIMENSIONS
100
AcDbLine
 10
327.9323684279322
 20
212.2230676191772
 30
0.0
 11
329.381697042331
 21
212.2230676191772
 31
0.0
  0
LINE
  5
4F2
330
4EA
100
AcDbEntity
  8
DIMENSIONS
100
AcDbLine
 10
342.207130207166
 20
219.0826355668629
 30
0.0
 11
343.6564588215649
 21
219.0826355668629
 31
0.0
  0
LINE
  5
4F3
330
4EA
100
AcDbEntity
  8
DIMENSIONS
100
AcDbLine
 10
343.6564588215649
 20
219.0826355668629
 30
0.0
 11
343.6564588215649
 21
212.2230676191772
 31
0.0
  0
LINE
  5
4F4
330
4EA
100
AcDbEntity
  8
DIMENSIONS
100
AcDbLine
 10
343.6564588215649
 20
212.2230676191772
 30
0.0
 11
342.207130207166
 21
212.2230676191772
 31
0.0
  0
LINE
  5
4F5
330
4EA
100
AcDbEntity
  8
DIMENSIONS
100
AcDbLine
 10
355.0955836985165
 20
200.7449938650316
 30
0.0
 11
355.0955836985165
 21
225.4326360325242
 31
0.0
  0
LINE
  5
4F6
330
4EA
100
AcDbEntity
  8
DIMENSIONS
100
AcDbLine
 10
314.4955836985135
 20
197.1520107154562
 30
0.0
 11
314.4955836985135
 21
225.4326360325242
 31
0.0
  0
LINE
  5
4F7
330
4EA
100
AcDbEntity
  8
DIMENSIONS
100
AcDbLine
 10
355.0955836985165
 20
219.0826360325242
 30
0.0
 11
367.7955836985165
 21
219.0826360325242
 31
0.0
  0
LINE
  5
4F8
330
4EA
100
AcDbEntity
  8
DIMENSIONS
100
AcDbLine
 10
314.4955836985135
 20
219.0826360325242
 30
0.0
 11
301.7955836985135
 21
219.0826360325242
 31
0.0
  0
MTEXT
  5
4F9
330
4EA
100
AcDbEntity
  8
DIMENSIONS
100
AcDbMText
 10
326.3517280677159
 20
225.5059086957118
 30
0.0
210
0.0
220
0.0
230
1.0
 11
1.0
 21
0.0
 31
0.0
 40
4.233333333333333
 41
0.0
 71
     1
 72
     1
  1

  7
SLDTEXTSTYLE0
 73
     1
 44
1.0
  0
MTEXT
  5
4FA
330
4EA
100
AcDbEntity
  8
DIMENSIONS
100
AcDbMText
 10
329.3816975079923
 20
225.5059082300506
 30
0.0
210
0.0
220
0.0
230
1.0
 11
1.0
 21
0.0
 31
0.0
 40
4.233333333333333
 41
0.0
 71
     1
 72
     1
  1
40.6
  7
SLDTEXTSTYLE0
 73
     1
 44
1.0
  0
MTEXT
  5
4FB
330
4EA
100
AcDbEntity
  8
DIMENSIONS
100
AcDbMText
 10
329.381697042331
 20
217.6801210508785
 30
0.0
210
0.0
220
0.0
230
1.0
 11
1.0
 21
0.0
 31
0.0
 40
4.233333333333333
 41
0.0
 71
     1
 72
     1
  1
1.60
  7
SLDTEXTSTYLE0
 73
     1
 44
1.0
  0
MTEXT
  5
4FC
330
4EA
100
AcDbEntity
  8
DIMENSIONS
100
AcDbMText
 10
346.9578714677889
 20
225.5059086957118
 30
0.0
210
0.0
220
0.0
230
1.0
 11
1.0
 21
0.0
 31
0.0
 40
4.233333333333333
 41
0.0
 71
     1
 72
     1
  1

  7
SLDTEXTSTYLE0
 73
     1
 44
1.0
  0
ENDBLK
  5
4EC
330
4EA
100
AcDbEntity
  8
0
100
AcDbBlockEnd
  0
BLOCK
  5
4FF
330
4FE
100
AcDbEntity
  8
0
100
AcDbBlockBegin
  2
_D_5
 70
     0
 10
0.0
 20
0.0
 30
0.0
  3
_D_5
  1

  0
SOLID
  5
501
330
4FE
100
AcDbEntity
  8
DIMENSIONS
100
AcDbTrace
 38
0.0
 10
393.9393443007928
 20
198.2049938650323
 11
392.9233443007929
 21
191.6009938650323
 12
394.9553443007929
 22
191.6009938650323
 13
394.9553443007929
 23
191.6009938650323
  0
SOLID
  5
502
330
4FE
100
AcDbEntity
  8
DIMENSIONS
100
AcDbTrace
 38
0.0
 10
393.9393443007943
 20
111.9049938650211
 11
394.9553443007943
 21
118.5089938650211
 12
392.9233443007942
 22
118.5089938650211
 13
392.9233443007942
 23
118.5089938650211
  0
LINE
  5
503
330
4FE
100
AcDbEntity
  8
DIMENSIONS
100
AcDbLine
 10
387.5266274855454
 20
157.5791227519229
 30
0.0
 11
386.0772988711466
 21
157.5791227519229
 31
0.0
  0
LINE
  5
504
330
4FE
100
AcDbEntity
  8
DIMENSIONS
100
AcDbLine
 10
386.0772988711466
 20
157.5791227519229
 30
0.0
 11
386.0772988711466
 21
150.7195548042372
 31
0.0
  0
LINE
  5
505
330
4FE
100
AcDbEntity
  8
DIMENSIONS
100
AcDbLine
 10
386.0772988711466
 20
150.7195548042372
 30
0.0
 11
387.5266274855454
 21
150.7195548042372
 31
0.0
  0
LINE
  5
506
330
4FE
100
AcDbEntity
  8
DIMENSIONS
100
AcDbLine
 10
400.3520606503804
 20
157.5791227519229
 30
0.0
 11
401.8013892647792
 21
157.5791227519229
 31
0.0
  0
LINE
  5
507
330
4FE
100
AcDbEntity
  8
DIMENSIONS
100
AcDbLine
 10
401.8013892647792
 20
157.5791227519229
 30
0.0
 11
401.8013892647792
 21
150.7195548042372
 31
0.0
  0
LINE
  5
508
330
4FE
100
AcDbEntity
  8
DIMENSIONS
100
AcDbLine
 10
401.8013892647792
 20
150.7195548042372
 30
0.0
 11
400.3520606503804
 21
150.7195548042372
 31
0.0
  0
LINE
  5
509
330
4FE
100
AcDbEntity
  8
DIMENSIONS
100
AcDbLine
 10
357.6355836985165
 20
198.2049938650317
 30
0.0
 11
400.2893443007928
 21
198.2049938650324
 31
0.0
  0
LINE
  5
50A
330
4FE
100
AcDbEntity
  8
DIMENSIONS
100
AcDbLine
 10
356.1355836985181
 20
111.9049938650205
 30
0.0
 11
400.2893443007944
 21
111.9049938650212
 31
0.0
  0
LINE
  5
50B
330
4FE
100
AcDbEntity
  8
DIMENSIONS
100
AcDbLine
 10
393.9393443007928
 20
198.2049938650323
 30
0.0
 11
393.9393443007934
 21
165.4049103967562
 31
0.0
  0
LINE
  5
50C
330
4FE
100
AcDbEntity
  8
DIMENSIONS
100
AcDbLine
 10
393.9393443007943
 20
111.9049938650211
 30
0.0
 11
393.9393443007937
 21
149.7533360384122
 31
0.0
  0
MTEXT
  5
50D
330
4FE
100
AcDbEntity
  8
DIMENSIONS
100
AcDbMText
 10
384.4966585109302
 20
164.0023958807719
 30
0.0
210
0.0
220
0.0
230
1.0
 11
1.0
 21
0.0
 31
0.0
 40
4.233333333333333
 41
0.0
 71
     1
 72
     1
  1

  7
SLDTEXTSTYLE0
 73
     1
 44
1.0
  0
MTEXT
  5
50E
330
4FE
100
AcDbEntity
  8
DIMENSIONS
100
AcDbMText
 10
387.5266279512067
 20
164.0023954151106
 30
0.0
210
0.0
220
0.0
230
1.0
 11
1.0
 21
0.0
 31
0.0
 40
4.233333333333333
 41
0.0
 71
     1
 72
     1
  1
86.3
  7
SLDTEXTSTYLE0
 73
     1
 44
1.0
  0
MTEXT
  5
50F
330
4FE
100
AcDbEntity
  8
DIMENSIONS
100
AcDbMText
 10
387.5266274855454
 20
156.1766082359385
 30
0.0
210
0.0
220
0.0
230
1.0
 11
1.0
 21
0.0
 31
0.0
 40
4.233333333333333
 41
0.0
 71
     1
 72
     1
  1
3.40
  7
SLDTEXTSTYLE0
 73
     1
 44
1.0
  0
MTEXT
  5
510
330
4FE
100
AcDbEntity
  8
DIMENSIONS
100
AcDbMText
 10
405.1028019110033
 20
164.0023958807719
 30
0.0
210
0.0
220
0.0
230
1.0
 11
1.0
 21
0.0
 31
0.0
 40
4.233333333333333
 41
0.0
 71
     1
 72
     1
  1

  7
SLDTEXTSTYLE0
 73
     1
 44
1.0
  0
ENDBLK
  5
500
330
4FE
100
AcDbEntity
  8
0
100
AcDbBlockEnd
  0
BLOCK
  5
64A
330
649
100
AcDbEntity
  8
0
100
AcDbBlockBegin
  2
_D_6
 70
     0
 10
0.0
 20
0.0
 30
0.0
  3
_D_6
  1

  0
SOLID
  5
64C
330
649
100
AcDbEntity
  8
DIMENSIONS
100
AcDbTrace
 38
0.0
 10
209.5745714285708
 20
301.5484094827552
 11
210.5905714285707
 21
308.1524094827552
 12
208.5585714285708
 22
308.1524094827552
 13
208.5585714285708
 23
308.1524094827552
  0
SOLID
  5
64D
330
649
100
AcDbEntity
  8
DIMENSIONS
100
AcDbTrace
 38
0.0
 10
209.5745714285704
 20
359.4484094827652
 11
208.5585714285704
 21
352.8444094827652
 12
210.5905714285704
 22
352.8444094827652
 13
210.5905714285704
 23
352.8444094827652
  0
LINE
  5
64E
330
649
100
AcDbEntity
  8
DIMENSIONS
100
AcDbLine
 10
203.1618546133225
 20
329.1730640010579
 30
0.0
 11
201.7125259989237
 21
329.1730640010579
 31
0.0
  0
LINE
  5
64F
330
649
100
AcDbEntity
  8
DIMENSIONS
100
AcDbLine
 10
201.7125259989237
 20
329.1730640010579
 30
0.0
 11
201.7125259989237
 21
322.3134960533721
 31
0.0
  0
LINE
  5
650
330
649
100
AcDbEntity
  8
DIMENSIONS
100
AcDbLine
 10
201.7125259989237
 20
322.3134960533721
 30
0.0
 11
203.1618546133225
 21
322.3134960533721
 31
0.0
  0
LINE
  5
651
330
649
100
AcDbEntity
  8
DIMENSIONS
100
AcDbLine
 10
215.9872877781575
 20
329.1730640010579
 30
0.0
 11
217.4366163925563
 21
329.1730640010579
 31
0.0
  0
LINE
  5
652
330
649
100
AcDbEntity
  8
DIMENSIONS
100
AcDbLine
 10
217.4366163925563
 20
329.1730640010579
 30
0.0
 11
217.4366163925563
 21
322.3134960533721
 31
0.0
  0
LINE
  5
653
330
649
100
AcDbEntity
  8
DIMENSIONS
100
AcDbLine
 10
217.4366163925563
 20
322.3134960533721
 30
0.0
 11
215.9872877781575
 21
322.3134960533721
 31
0.0
  0
LINE
  5
654
330
649
100
AcDbEntity
  8
DIMENSIONS
100
AcDbLine
 10
168.1145714285706
 20
301.5484094827548
 30
0.0
 11
215.9245714285708
 21
301.5484094827552
 31
0.0
  0
LINE
  5
655
330
649
100
AcDbEntity
  8
DIMENSIONS
100
AcDbLine
 10
168.1145714285702
 20
359.4484094827649
 30
0.0
 11
215.9245714285704
 21
359.4484094827653
 31
0.0
  0
LINE
  5
656
330
649
100
AcDbEntity
  8
DIMENSIONS
100
AcDbLine
 10
209.5745714285708
 20
301.5484094827552
 30
0.0
 11
209.5745714285707
 21
321.3472772875469
 31
0.0
  0
LINE
  5
657
330
649
100
AcDbEntity
  8
DIMENSIONS
100
AcDbLine
 10
209.5745714285704
 20
359.4484094827652
 30
0.0
 11
209.5745714285706
 21
336.9988516458911
 31
0.0
  0
MTEXT
  5
658
330
649
100
AcDbEntity
  8
DIMENSIONS
100
AcDbMText
 10
200.1318856387074
 20
335.5963371299068
 30
0.0
210
0.0
220
0.0
230
1.0
 11
1.0
 21
0.0
 31
0.0
 40
4.233333333333333
 41
0.0
 71
     1
 72
     1
  1

  7
SLDTEXTSTYLE0
 73
     1
 44
1.0
  0
MTEXT
  5
659
330
649
100
AcDbEntity
  8
DIMENSIONS
100
AcDbMText
 10
203.1618550789838
 20
335.5963366642455
 30
0.0
210
0.0
220
0.0
230
1.0
 11
1.0
 21
0.0
 31
0.0
 40
4.233333333333333
 41
0.0
 71
     1
 72
     1
  1
57.9
  7
SLDTEXTSTYLE0
 73
     1
 44
1.0
  0
MTEXT
  5
65A
330
649
100
AcDbEntity
  8
DIMENSIONS
100
AcDbMText
 10
203.1618546133225
 20
327.7705494850735
 30
0.0
210
0.0
220
0.0
230
1.0
 11
1.0
 21
0.0
 31
0.0
 40
4.233333333333333
 41
0.0
 71
     1
 72
     1
  1
2.28
  7
SLDTEXTSTYLE0
 73
     1
 44
1.0
  0
MTEXT
  5
65B
330
649
100
AcDbEntity
  8
DIMENSIONS
100
AcDbMText
 10
220.7380290387804
 20
335.5963371299068
 30
0.0
210
0.0
220
0.0
230
1.0
 11
1.0
 21
0.0
 31
0.0
 40
4.233333333333333
 41
0.0
 71
     1
 72
     1
  1

  7
SLDTEXTSTYLE0
 73
     1
 44
1.0
  0
ENDBLK
  5
64B
330
649
100
AcDbEntity
  8
0
100
AcDbBlockEnd
  0
BLOCK
  5
65E
330
65D
100
AcDbEntity
  8
0
100
AcDbBlockBegin
  2
_D_7
 70
     0
 10
0.0
 20
0.0
 30
0.0
  3
_D_7
  1

  0
SOLID
  5
660
330
65D
100
AcDbEntity
  8
DIMENSIONS
100
AcDbTrace
 38
0.0
 10
209.5745714285708
 20
359.4484094827652
 11
210.5905714285707
 21
366.0524094827652
 12
208.5585714285708
 22
366.0524094827652
 13
208.5585714285708
 23
366.0524094827652
  0
SOLID
  5
661
330
65D
100
AcDbEntity
  8
DIMENSIONS
100
AcDbTrace
 38
0.0
 10
209.5745714285707
 20
376.0984094827628
 11
208.5585714285708
 21
369.4944094827628
 12
210.5905714285707
 22
369.4944094827628
 13
210.5905714285707
 23
369.4944094827628
  0
LINE
  5
662
330
65D
100
AcDbEntity
  8
DIMENSIONS
100
AcDbLine
 10
230.0538832233928
 20
388.5127449004974
 30
0.0
 11
228.6045546089939
 21
388.5127449004974
 31
0.0
  0
LINE
  5
663
330
65D
100
AcDbEntity
  8
DIMENSIONS
100
AcDbLine
 10
228.6045546089939
 20
388.5127449004974
 30
0.0
 11
228.6045546089939
 21
381.6531769528116
 31
0.0
  0
LINE
  5
664
330
65D
100
AcDbEntity
  8
DIMENSIONS
100
AcDbLine
 10
228.6045546089939
 20
381.6531769528116
 30
0.0
 11
230.0538832233928
 21
381.6531769528116
 31
0.0
  0
LINE
  5
665
330
65D
100
AcDbEntity
  8
DIMENSIONS
100
AcDbLine
 10
242.8793163882277
 20
388.5127449004974
 30
0.0
 11
244.3286450026266
 21
388.5127449004974
 31
0.0
  0
LINE
  5
666
330
65D
100
AcDbEntity
  8
DIMENSIONS
100
AcDbLine
 10
244.3286450026266
 20
388.5127449004974
 30
0.0
 11
244.3286450026266
 21
381.6531769528116
 31
0.0
  0
LINE
  5
667
330
65D
100
AcDbEntity
  8
DIMENSIONS
100
AcDbLine
 10
244.3286450026266
 20
381.6531769528116
 30
0.0
 11
242.8793163882277
 21
381.6531769528116
 31
0.0
  0
LINE
  5
668
330
65D
100
AcDbEntity
  8
DIMENSIONS
100
AcDbLine
 10
168.1145714285702
 20
359.4484094827649
 30
0.0
 11
215.9245714285708
 21
359.4484094827653
 31
0.0
  0
LINE
  5
669
330
65D
100
AcDbEntity
  8
DIMENSIONS
100
AcDbLine
 10
156.764571428572
 20
376.0984094827624
 30
0.0
 11
215.9245714285707
 21
376.0984094827629
 31
0.0
  0
LINE
  5
66A
330
65D
100
AcDbEntity
  8
DIMENSIONS
100
AcDbLine
 10
222.2745714285708
 20
388.5127453661586
 30
0.0
 11
209.5745714285708
 21
388.5127453661586
 31
0.0
  0
LINE
  5
66B
330
65D
100
AcDbEntity
  8
DIMENSIONS
100
AcDbLine
 10
209.5745714285708
 20
388.5127453661586
 30
0.0
 11
209.5745714285707
 21
376.0984094827628
 31
0.0
  0
LINE
  5
66C
330
65D
100
AcDbEntity
  8
DIMENSIONS
100
AcDbLine
 10
209.5745714285708
 20
359.4484094827652
 30
0.0
 11
209.5745714285707
 21
376.0984094827628
 31
0.0
  0
MTEXT
  5
66D
330
65D
100
AcDbEntity
  8
DIMENSIONS
100
AcDbMText
 10
227.0239142487776
 20
394.9360180293463
 30
0.0
210
0.0
220
0.0
230
1.0
 11
1.0
 21
0.0
 31
0.0
 40
4.233333333333333
 41
0.0
 71
     1
 72
     1
  1

  7
SLDTEXTSTYLE0
 73
     1
 44
1.0
  0
MTEXT
  5
66E
330
65D
100
AcDbEntity
  8
DIMENSIONS
100
AcDbMText
 10
230.0538836890541
 20
394.936017563685
 30
0.0
210
0.0
220
0.0
230
1.0
 11
1.0
 21
0.0
 31
0.0
 40
4.233333333333333
 41
0.0
 71
     1
 72
     1
  1
16.7
  7
SLDTEXTSTYLE0
 73
     1
 44
1.0
  0
MTEXT
  5
66F
330
65D
100
AcDbEntity
  8
DIMENSIONS
100
AcDbMText
 10
230.0538832233928
 20
387.110230384513
 30
0.0
210
0.0
220
0.0
230
1.0
 11
1.0
 21
0.0
 31
0.0
 40
4.233333333333333
 41
0.0
 71
     1
 72
     1
  1
0.66
  7
SLDTEXTSTYLE0
 73
     1
 44
1.0
  0
MTEXT
  5
670
330
65D
100
AcDbEntity
  8
DIMENSIONS
100
AcDbMText
 10
247.6300576488507
 20
394.9360180293463
 30
0.0
210
0.0
220
0.0
230
1.0
 11
1.0
 21
0.0
 31
0.0
 40
4.233333333333333
 41
0.0
 71
     1
 72
     1
  1

  7
SLDTEXTSTYLE0
 73
     1
 44
1.0
  0
ENDBLK
  5
65F
330
65D
100
AcDbEntity
  8
0
100
AcDbBlockEnd
  0
ENDSEC
  0
SECTION
  2
ENTITIES
  0
LINE
  5
7A
330
1F
100
AcDbEntity
  8
TEXT
100
AcDbLine
 10
311.5177908492558
 20
44.25221539270293
 30
0.0
 11
311.5177908492558
 21
27.93999999999992
 31
0.0
  0
LINE
  5
7B
330
1F
100
AcDbEntity
  8
TEXT
100
AcDbLine
 10
12.69999999999995
 20
419.1
 30
0.0
 11
546.0999999999999
 21
419.1
 31
0.0
  0
LINE
  5
7C
330
1F
100
AcDbEntity
  8
TEXT
100
AcDbLine
 10
12.69999999999995
 20
419.1
 30
0.0
 11
12.7
 21
12.7
 31
0.0
  0
LINE
  5
7D
330
1F
100
AcDbEntity
  8
TEXT
100
AcDbLine
 10
271.7799999999999
 20
403.86
 30
0.0
 11
287.0199999999999
 21
403.86
 31
0.0
  0
LINE
  5
7E
330
1F
100
AcDbEntity
  8
TEXT
100
AcDbLine
 10
546.0999999999999
 20
419.1
 30
0.0
 11
546.0999999999999
 21
12.7
 31
0.0
  0
LINE
  5
7F
330
1F
100
AcDbEntity
  8
TEXT
100
AcDbLine
 10
271.7799999999999
 20
403.86
 30
0.0
 11
271.7799999999999
 21
419.1
 31
0.0
  0
LINE
  5
80
330
1F
100
AcDbEntity
  8
TEXT
100
AcDbLine
 10
479.1507547932975
 20
44.25221539270295
 30
0.0
 11
479.1507547932975
 21
27.93999999999992
 31
0.0
  0
LINE
  5
81
330
1F
100
AcDbEntity
  8
TEXT
100
AcDbLine
 10
287.0199999999999
 20
403.86
 30
0.0
 11
287.0199999999999
 21
419.1
 31
0.0
  0
LINE
  5
82
330
1F
100
AcDbEntity
  8
TEXT
100
AcDbLine
 10
546.0999999999999
 20
12.7
 30
0.0
 11
546.1
 21
33.02
 31
0.0
  0
LINE
  5
83
330
1F
100
AcDbEntity
  8
TEXT
100
AcDbLine
 10
55.87999999999996
 20
403.86
 30
0.0
 11
71.11999999999993
 21
403.86
 31
0.0
  0
LINE
  5
84
330
1F
100
AcDbEntity
  8
TEXT
100
AcDbLine
 10
55.87999999999996
 20
403.86
 30
0.0
 11
55.87999999999996
 21
419.1
 31
0.0
  0
LINE
  5
85
330
1F
100
AcDbEntity
  8
TEXT
100
AcDbLine
 10
71.11999999999993
 20
403.86
 30
0.0
 11
71.11999999999993
 21
419.1
 31
0.0
  0
LINE
  5
86
330
1F
100
AcDbEntity
  8
TEXT
100
AcDbLine
 10
546.0999999999997
 20
27.93999999999992
 30
0.0
 11
12.7
 21
27.93999999999992
 31
0.0
  0
LINE
  5
87
330
1F
100
AcDbEntity
  8
TEXT
100
AcDbLine
 10
12.70000000000005
 20
12.69999999999993
 30
0.0
 11
546.0999999999999
 21
12.7
 31
0.0
  0
LINE
  5
88
330
1F
100
AcDbEntity
  8
TEXT
100
AcDbLine
 10
327.5603545565831
 20
27.93999999999992
 30
0.0
 11
327.5603545565831
 21
12.70000000000001
 31
0.0
  0
LINE
  5
89
330
1F
100
AcDbEntity
  8
TEXT
100
AcDbLine
 10
63.49999999999978
 20
27.93999999999992
 30
0.0
 11
63.49999999999977
 21
12.7
 31
0.0
  0
LINE
  5
8A
330
1F
100
AcDbEntity
  8
TEXT
100
AcDbLine
 10
546.0999999999999
 20
44.25221539270296
 30
0.0
 11
12.7
 21
44.25221539270289
 31
0.0
  0
LINE
  5
8B
330
1F
100
AcDbEntity
  8
TEXT
100
AcDbLine
 10
241.2929554150143
 20
27.93999999999992
 30
0.0
 11
241.2929554150143
 21
12.69999999999993
 31
0.0
  0
LINE
  5
8C
330
1F
100
AcDbEntity
  8
TEXT
100
AcDbLine
 10
487.6799999999999
 20
403.86
 30
0.0
 11
502.9199999999998
 21
403.8600000000001
 31
0.0
  0
LINE
  5
8D
330
1F
100
AcDbEntity
  8
TEXT
100
AcDbLine
 10
487.6799999999999
 20
403.86
 30
0.0
 11
487.6799999999999
 21
419.0999999999999
 31
0.0
  0
LINE
  5
8E
330
1F
100
AcDbEntity
  8
TEXT
100
AcDbLine
 10
406.0486090828576
 20
27.93999999999992
 30
0.0
 11
406.0486090828576
 21
12.69999999999993
 31
0.0
  0
LINE
  5
8F
330
1F
100
AcDbEntity
  8
TEXT
100
AcDbLine
 10
433.6241950168863
 20
27.93999999999992
 30
0.0
 11
433.6241950168863
 21
12.69999999999993
 31
0.0
  0
LINE
  5
90
330
1F
100
AcDbEntity
  8
TEXT
100
AcDbLine
 10
502.6974980949345
 20
27.93999999999992
 30
0.0
 11
502.6974980949345
 21
12.7
 31
0.0
  0
LINE
  5
91
330
1F
100
AcDbEntity
  8
TEXT
100
AcDbLine
 10
100.4232557870438
 20
27.93999999999992
 30
0.0
 11
100.4232557870438
 21
12.69999999999993
 31
0.0
  0
LINE
  5
92
330
1F
100
AcDbEntity
  8
TEXT
100
AcDbLine
 10
502.9199999999998
 20
403.8600000000001
 30
0.0
 11
502.9199999999998
 21
419.0999999999999
 31
0.0
  0
INSERT
  5
93
330
1F
100
AcDbEntity
  8
SLD-DEFPOINTS
100
AcDbBlockReference
  2
Block12
 10
13.67587705809444
 20
15.1077106151954
 30
0.0
  0
MTEXT
  5
95
330
1F
100
AcDbEntity
  8
TEXT
100
AcDbMText
 10
346.3196939655173
 20
62.88891077960911
 30
0.0
210
0.0
220
0.0
230
1.0
 11
1.0
 21
0.0
 31
0.0
 40
4.233333333333333
 41
0.0
 71
     1
 72
     1
  1
4-6A ADJUSTABLE, BI-METALLIC, DIRECT MOUNT POWER ^JCONNECTION(s). FOR USE WITH HMC-9 TO HMC-40 CONTACTORS.
  7
SLDTEXTSTYLE0
 73
     1
 44
1.0
  0
MTEXT
  5
96
330
1F
100
AcDbEntity
  8
TEXT
100
AcDbMText
 10
445.2256171376118
 20
19.00595045808283
 30
0.0
210
0.0
220
0.0
230
1.0
 11
1.0
 21
0.0
 31
0.0
 40
4.233333333333333
 41
0.0
 71
     1
 72
     1
  1
1/15/2025
  7
SLDTEXTSTYLE0
 73
     1
 44
1.0
  0
MTEXT
  5
97
330
1F
100
AcDbEntity
  8
TEXT
100
AcDbMText
 10
15.93146849452659
 20
40.02152002164097
 30
0.0
210
0.0
220
0.0
230
1.0
 11
1.0
 21
0.0
 31
0.0
 40
7.408333333333332
 41
0.0
 71
     1
 72
     1
  1
IRONHORSE THERMAL OVERLOAD RELAY
  7
SLDTEXTSTYLE0
 73
     1
 44
1.0
  0
MTEXT
  5
98
330
1F
100
AcDbEntity
  8
TEXT
100
AcDbMText
 10
410.5984612034642
 20
26.72077454384019
 30
0.0
210
0.0
220
0.0
230
1.0
 11
1.0
 21
0.0
 31
0.0
 40
4.233333333333333
 41
0.0
 71
     1
 72
     1
  1
mm^J[inch]
  7
SLDTEXTSTYLE0
 73
     1
 44
1.0
  0
MTEXT
  5
99
330
1F
100
AcDbEntity
  8
TEXT
100
AcDbMText
 10
335.2158260920769
 20
26.66216716726197
 30
0.0
210
0.0
220
0.0
230
1.0
 11
1.0
 21
0.0
 31
0.0
 40
4.233333333333333
 41
0.0
 71
     1
 72
     1
  1
UNLESS OTHERWISE ^JSPECIFIED UNITS ARE:
  7
SLDTEXTSTYLE0
 73
     1
 44
1.0
  0
MTEXT
  5
9A
330
1F
100
AcDbEntity
  8
TEXT
100
AcDbMText
 10
469.1042629709452
 20
26.72798774431594
 30
0.0
210
0.0
220
0.0
230
1.0
 11
1.0
 21
0.0
 31
0.0
 40
4.233333333333333
 41
0.0
 71
     2
 72
     1
  1
LATEST VERSION
  7
SLDTEXTSTYLE0
 73
     1
 44
1.0
  0
MTEXT
  5
9B
330
1F
100
AcDbEntity
  8
TEXT
100
AcDbMText
 10
110.2385689801725
 20
26.66094388490536
 30
0.0
210
0.0
220
0.0
230
1.0
 11
1.0
 21
0.0
 31
0.0
 40
4.233333333333333
 41
0.0
 71
     1
 72
     1
  1
PART DIMENSIONS MAY DIFFER SLIGHTLY ^JDUE TO MANUFACTURER'S VARIANCES
  7
SLDTEXTSTYLE0
 73
     1
 44
1.0
  0
MTEXT
  5
9C
330
1F
100
AcDbEntity
  8
TEXT
100
AcDbMText
 10
71.23083759682186
 20
26.73493033250609
 30
0.0
210
0.0
220
0.0
230
1.0
 11
1.0
 21
0.0
 31
0.0
 40
4.233333333333333
 41
0.0
 71
     1
 72
     1
  1
NOT TO^JSCALE
  7
SLDTEXTSTYLE0
 73
     1
 44
1.0
  0
MTEXT
  5
9D
330
1F
100
AcDbEntity
  8
TEXT
100
AcDbMText
 10
38.99144740200799
 20
26.73492986684474
 30
0.0
210
0.0
220
0.0
230
1.0
 11
1.0
 21
0.0
 31
0.0
 40
4.233333333333333
 41
0.0
 71
     1
 72
     1
  1
3rd^JANGLE
  7
SLDTEXTSTYLE0
 73
     1
 44
1.0
  0
MTEXT
  5
9E
330
1F
100
AcDbEntity
  8
TEXT
100
AcDbMText
 10
318.415444140757
 20
40.02152002164091
 30
0.0
210
0.0
220
0.0
230
1.0
 11
1.0
 21
0.0
 31
0.0
 40
7.408333333333332
 41
0.0
 71
     1
 72
     1
  1
HTOR32-6-S
  7
SLDTEXTSTYLE0
 73
     1
 44
1.0
  0
MTEXT
  5
A0
330
1F
100
AcDbEntity
  8
TEXT
100
AcDbMText
 10
504.8825714823939
 20
24.96694275193958
 30
0.0
210
0.0
220
0.0
230
1.0
 11
1.0
 21
0.0
 31
0.0
 40
4.233333333333333
 41
0.0
 71
     1
 72
     1
  1
SHEET 1 OF 1
  7
SLDTEXTSTYLE1
 73
     1
 44
1.0
  0
MTEXT
  5
A1
330
1F
100
AcDbEntity
  8
TEXT
100
AcDbMText
 10
255.2086690451062
 20
27.09116048609238
 30
0.0
210
0.0
220
0.0
230
1.0
 11
1.0
 21
0.0
 31
0.0
 40
4.233333333333333
 41
0.0
 71
     1
 72
     1
  1
METRIC UNITS USED ^JFOR PART DESIGN
  7
SLDTEXTSTYLE0
 73
     1
 44
1.0
  0
MTEXT
  5
A2
330
1F
100
AcDbEntity
  8
TEXT
100
AcDbMText
 10
489.2877964323466
 20
33.84893540198346
 30
0.0
210
0.0
220
0.0
230
1.0
 11
1.0
 21
0.0
 31
0.0
 40
4.233333333333333
 41
0.0
 71
     1
 72
     1
  1
1-800-633-0405
  7
SLDTEXTSTYLE0
 73
     1
 44
1.0
  0
MTEXT
  5
A3
330
1F
100
AcDbEntity
  8
TEXT
100
AcDbMText
 10
481.1543086564247
 20
41.80499064022619
 30
0.0
210
0.0
220
0.0
230
1.0
 11
1.0
 21
0.0
 31
0.0
 40
4.233333333333333
 41
0.0
 71
     1
 72
     1
  1
AutomationDirect.com
  7
SLDTEXTSTYLE0
 73
     1
 44
1.0
  0
LINE
  5
A4
330
1F
100
AcDbEntity
  8
0
100
AcDbLine
 10
152.374571428572
 20
197.0549938650354
 30
0.0
 11
152.374571428572
 21
197.0049938650363
 31
0.0
  0
LINE
  5
A5
330
1F
100
AcDbEntity
  8
0
100
AcDbLine
 10
158.9745714285716
 20
197.0049938650363
 30
0.0
 11
158.9745714285716
 21
197.0549938650354
 31
0.0
  0
LINE
  5
A6
330
1F
100
AcDbEntity
  8
0
100
AcDbLine
 10
125.0745714285698
 20
186.9049938650252
 30
0.0
 11
125.0745714285698
 21
184.9049938650307
 31
0.0
  0
LINE
  5
A7
330
1F
100
AcDbEntity
  8
0
100
AcDbLine
 10
131.0745714285712
 20
184.9049938650307
 30
0.0
 11
131.0745714285712
 21
186.9049938650252
 31
0.0
  0
LINE
  5
A8
330
1F
100
AcDbEntity
  8
0
100
AcDbLine
 10
126.5245714285706
 20
184.9049938650307
 30
0.0
 11
126.5245714285706
 21
184.284993865032
 31
0.0
  0
LINE
  5
A9
330
1F
100
AcDbEntity
  8
0
100
AcDbLine
 10
129.6245714285704
 20
184.2849938650325
 30
0.0
 11
129.6245714285704
 21
184.9049938650307
 31
0.0
  0
LINE
  5
AA
330
1F
100
AcDbEntity
  8
0
100
AcDbLine
 10
126.5245714285706
 20
183.0849938650314
 30
0.0
 11
126.5245714285706
 21
182.604993865032
 31
0.0
  0
LINE
  5
AB
330
1F
100
AcDbEntity
  8
0
100
AcDbLine
 10
129.6245714285704
 20
182.6049938650316
 30
0.0
 11
129.6245714285704
 21
183.0849938650323
 31
0.0
  0
LINE
  5
AC
330
1F
100
AcDbEntity
  8
0
100
AcDbLine
 10
135.0745714285698
 20
186.9049938650252
 30
0.0
 11
135.0745714285698
 21
184.9049938650307
 31
0.0
  0
LINE
  5
AD
330
1F
100
AcDbEntity
  8
0
100
AcDbLine
 10
141.0745714285711
 20
184.9049938650307
 30
0.0
 11
141.0745714285711
 21
186.9049938650252
 31
0.0
  0
LINE
  5
AE
330
1F
100
AcDbEntity
  8
0
100
AcDbLine
 10
136.5245714285705
 20
184.9049938650307
 30
0.0
 11
136.5245714285705
 21
184.284993865032
 31
0.0
  0
LINE
  5
AF
330
1F
100
AcDbEntity
  8
0
100
AcDbLine
 10
139.6245714285704
 20
184.2849938650325
 30
0.0
 11
139.6245714285704
 21
184.9049938650307
 31
0.0
  0
LINE
  5
B0
330
1F
100
AcDbEntity
  8
0
100
AcDbLine
 10
136.5245714285705
 20
183.0849938650314
 30
0.0
 11
136.5245714285705
 21
182.604993865032
 31
0.0
  0
LINE
  5
B1
330
1F
100
AcDbEntity
  8
0
100
AcDbLine
 10
139.6245714285704
 20
182.6049938650316
 30
0.0
 11
139.6245714285704
 21
183.0849938650323
 31
0.0
  0
LINE
  5
B2
330
1F
100
AcDbEntity
  8
0
100
AcDbLine
 10
155.0745714285698
 20
186.9049938650252
 30
0.0
 11
155.0745714285698
 21
184.9049938650307
 31
0.0
  0
LINE
  5
B3
330
1F
100
AcDbEntity
  8
0
100
AcDbLine
 10
161.0745714285711
 20
184.9049938650307
 30
0.0
 11
161.0745714285711
 21
186.9049938650252
 31
0.0
  0
LINE
  5
B4
330
1F
100
AcDbEntity
  8
0
100
AcDbLine
 10
156.5245714285706
 20
184.9049938650307
 30
0.0
 11
156.5245714285706
 21
184.284993865032
 31
0.0
  0
LINE
  5
B5
330
1F
100
AcDbEntity
  8
0
100
AcDbLine
 10
159.6245714285703
 20
184.2849938650325
 30
0.0
 11
159.6245714285703
 21
184.9049938650307
 31
0.0
  0
LINE
  5
B6
330
1F
100
AcDbEntity
  8
0
100
AcDbLine
 10
156.5245714285706
 20
183.0849938650314
 30
0.0
 11
156.5245714285706
 21
182.604993865032
 31
0.0
  0
LINE
  5
B7
330
1F
100
AcDbEntity
  8
0
100
AcDbLine
 10
159.6245714285703
 20
182.6049938650316
 30
0.0
 11
159.6245714285703
 21
183.0849938650323
 31
0.0
  0
LINE
  5
B8
330
1F
100
AcDbEntity
  8
0
100
AcDbLine
 10
145.0745714285698
 20
186.9049938650252
 30
0.0
 11
145.0745714285698
 21
184.9049938650307
 31
0.0
  0
LINE
  5
B9
330
1F
100
AcDbEntity
  8
0
100
AcDbLine
 10
151.0745714285712
 20
184.9049938650307
 30
0.0
 11
151.0745714285712
 21
186.9049938650252
 31
0.0
  0
LINE
  5
BA
330
1F
100
AcDbEntity
  8
0
100
AcDbLine
 10
146.5245714285706
 20
184.9049938650307
 30
0.0
 11
146.5245714285706
 21
184.284993865032
 31
0.0
  0
LINE
  5
BB
330
1F
100
AcDbEntity
  8
0
100
AcDbLine
 10
149.6245714285704
 20
184.2849938650325
 30
0.0
 11
149.6245714285704
 21
184.9049938650307
 31
0.0
  0
LINE
  5
BC
330
1F
100
AcDbEntity
  8
0
100
AcDbLine
 10
146.5245714285706
 20
183.0849938650314
 30
0.0
 11
146.5245714285706
 21
182.604993865032
 31
0.0
  0
LINE
  5
BD
330
1F
100
AcDbEntity
  8
0
100
AcDbLine
 10
149.6245714285704
 20
182.6049938650316
 30
0.0
 11
149.6245714285704
 21
183.0849938650323
 31
0.0
  0
LINE
  5
BE
330
1F
100
AcDbEntity
  8
0
100
AcDbLine
 10
165.5745714285703
 20
198.7096944034077
 30
0.0
 11
120.5745714285725
 21
198.7096944034077
 31
0.0
  0
ARC
  5
BF
330
1F
100
AcDbEntity
  8
0
100
AcDbCircle
 10
138.0563541863426
 20
198.9026403184807
 30
0.0
 40
3.995258948669573
100
AcDbArc
 50
0.0
 51
29.76334473983347
  0
LINE
  5
C0
330
1F
100
AcDbEntity
  8
0
100
AcDbLine
 10
142.0516131350121
 20
198.9026403184807
 30
0.0
 11
142.046951377338
 21
198.7096944034077
 31
0.0
  0
LINE
  5
C1
330
1F
100
AcDbEntity
  8
0
100
AcDbLine
 10
141.59871168524
 20
197.0549938650354
 30
0.0
 11
141.5721801212623
 21
197.0049938650363
 31
0.0
  0
LINE
  5
C2
330
1F
100
AcDbEntity
  8
0
100
AcDbLine
 10
141.524571428572
 20
201.9049938650419
 30
0.0
 11
141.524571428572
 21
200.8859615803106
 31
0.0
  0
LINE
  5
C3
330
1F
100
AcDbEntity
  8
0
100
AcDbLine
 10
148.0769627358808
 20
197.0049938650363
 30
0.0
 11
148.050431171903
 21
197.0549938650354
 31
0.0
  0
LINE
  5
C4
330
1F
100
AcDbEntity
  8
0
100
AcDbLine
 10
147.602191479805
 20
198.7096944034077
 30
0.0
 11
147.5975297221309
 21
198.9026403184807
 31
0.0
  0
ARC
  5
C5
330
1F
100
AcDbEntity
  8
0
100
AcDbCircle
 10
151.5927886708005
 20
198.9026403184807
 30
0.0
 40
3.995258948669566
100
AcDbArc
 50
150.2366552601665
 51
180.0
  0
LINE
  5
C6
330
1F
100
AcDbEntity
  8
0
100
AcDbLine
 10
148.124571428571
 20
200.8859615803106
 30
0.0
 11
148.124571428571
 21
201.9049938650419
 31
0.0
  0
LINE
  5
C7
330
1F
100
AcDbEntity
  8
0
100
AcDbLine
 10
165.5745714285703
 20
199.5049938650326
 30
0.0
 11
158.8761335472865
 21
199.5049938650326
 31
0.0
  0
LINE
  5
C8
330
1F
100
AcDbEntity
  8
0
100
AcDbLine
 10
152.4730093098547
 20
199.5049938650326
 30
0.0
 11
147.6431982778761
 21
199.5049938650326
 31
0.0
  0
LINE
  5
C9
330
1F
100
AcDbEntity
  8
0
100
AcDbLine
 10
142.005944579267
 20
199.5049938650326
 30
0.0
 11
120.5745714285725
 21
199.5049938650326
 31
0.0
  0
LINE
  5
CA
330
1F
100
AcDbEntity
  8
0
100
AcDbLine
 10
134.5245714285723
 20
144.5049938650323
 30
0.0
 11
134.5245714285717
 21
146.3049938650315
 31
0.0
  0
LINE
  5
CB
330
1F
100
AcDbEntity
  8
0
100
AcDbLine
 10
123.0245714285707
 20
146.3049938650321
 30
0.0
 11
123.0245714285707
 21
144.5049938650321
 31
0.0
  0
LINE
  5
CC
330
1F
100
AcDbEntity
  8
0
100
AcDbLine
 10
134.5245714285717
 20
146.3049938650315
 30
0.0
 11
129.3105902143257
 21
148.2999084165696
 31
0.0
  0
LINE
  5
CD
330
1F
100
AcDbEntity
  8
0
100
AcDbLine
 10
128.8817751859833
 20
146.6639767752387
 30
0.0
 11
134.5245714285723
 21
144.5049938650323
 31
0.0
  0
ARC
  5
CE
330
1F
100
AcDbEntity
  8
0
100
AcDbCircle
 10
128.7745714285702
 20
146.3837851365405
 30
0.0
 40
0.2999999999997139
100
AcDbArc
 50
69.06271472606082
 51
110.937285274203
  0
ARC
  5
CF
330
1F
100
AcDbEntity
  8
0
100
AcDbCircle
 10
128.7745714285702
 20
146.8989502225761
 30
0.0
 40
1.500000000000105
100
AcDbArc
 50
69.06271477965134
 51
110.9372852861322
  0
LINE
  5
D0
330
1F
100
AcDbEntity
  8
0
100
AcDbLine
 10
128.2385526412062
 20
148.2999084159541
 30
0.0
 11
123.0245714285707
 21
146.3049938650321
 31
0.0
  0
LINE
  5
D1
330
1F
100
AcDbEntity
  8
0
100
AcDbLine
 10
123.0245714285707
 20
144.5049938650321
 30
0.0
 11
128.6673676711559
 21
146.6639767752381
 31
0.0
  0
LINE
  5
D2
330
1F
100
AcDbEntity
  8
0
100
AcDbLine
 10
132.2245714285691
 20
149.004993865032
 30
0.0
 11
132.2245714285691
 21
150.4049938650316
 31
0.0
  0
LINE
  5
D3
330
1F
100
AcDbEntity
  8
0
100
AcDbLine
 10
125.3245714285714
 20
149.004993865032
 30
0.0
 11
125.3245714285714
 21
150.4049938650316
 31
0.0
  0
LINE
  5
D4
330
1F
100
AcDbEntity
  8
0
100
AcDbLine
 10
125.3245714285714
 20
149.004993865032
 30
0.0
 11
132.2245714285691
 21
149.004993865032
 31
0.0
  0
LINE
  5
D5
330
1F
100
AcDbEntity
  8
0
100
AcDbLine
 10
130.5245714285703
 20
147.8354286476411
 30
0.0
 11
130.5245714285703
 21
149.004993865032
 31
0.0
  0
LINE
  5
D6
330
1F
100
AcDbEntity
  8
0
100
AcDbLine
 10
127.0245714285701
 20
147.835428647641
 30
0.0
 11
127.0245714285701
 21
149.004993865032
 31
0.0
  0
LINE
  5
D7
330
1F
100
AcDbEntity
  8
0
100
AcDbLine
 10
130.5245714285703
 20
144.5049938650323
 30
0.0
 11
130.5245714285703
 21
146.0354286476407
 31
0.0
  0
LINE
  5
D8
330
1F
100
AcDbEntity
  8
0
100
AcDbLine
 10
127.0245714285701
 20
144.5049938650323
 30
0.0
 11
127.0245714285701
 21
146.0354286476401
 31
0.0
  0
LINE
  5
D9
330
1F
100
AcDbEntity
  8
0
100
AcDbLine
 10
152.4730093098557
 20
201.6049938650426
 30
0.0
 11
152.4730093098557
 21
198.7096944034077
 31
0.0
  0
LINE
  5
DA
330
1F
100
AcDbEntity
  8
0
100
AcDbLine
 10
152.4730093098557
 20
201.6049938650426
 30
0.0
 11
154.8745714285725
 21
201.6049938650426
 31
0.0
  0
LINE
  5
DB
330
1F
100
AcDbEntity
  8
0
100
AcDbLine
 10
154.8745714285725
 20
201.6049938650426
 30
0.0
 11
154.8745714285725
 21
198.7096944034077
 31
0.0
  0
LINE
  5
DC
330
1F
100
AcDbEntity
  8
0
100
AcDbLine
 10
156.4745714285712
 20
201.6049938650426
 30
0.0
 11
156.4745714285712
 21
198.7096944034077
 31
0.0
  0
LINE
  5
DD
330
1F
100
AcDbEntity
  8
0
100
AcDbLine
 10
156.4745714285712
 20
201.6049938650426
 30
0.0
 11
158.8761335472864
 21
201.6049938650426
 31
0.0
  0
LINE
  5
DE
330
1F
100
AcDbEntity
  8
0
100
AcDbLine
 10
158.8761335472864
 20
201.6049938650426
 30
0.0
 11
158.8761335472864
 21
198.7096944034077
 31
0.0
  0
LINE
  5
DF
330
1F
100
AcDbEntity
  8
0
100
AcDbLine
 10
155.4745714285726
 20
201.6049938650426
 30
0.0
 11
155.4745714285726
 21
198.7096944034077
 31
0.0
  0
LINE
  5
E0
330
1F
100
AcDbEntity
  8
0
100
AcDbLine
 10
155.4745714285726
 20
201.6049938650426
 30
0.0
 11
154.8745714285725
 21
201.6049938650426
 31
0.0
  0
LINE
  5
E1
330
1F
100
AcDbEntity
  8
0
100
AcDbLine
 10
155.8745714285702
 20
201.6049938650426
 30
0.0
 11
155.8745714285702
 21
198.7096944034077
 31
0.0
  0
LINE
  5
E2
330
1F
100
AcDbEntity
  8
0
100
AcDbLine
 10
156.4745714285712
 20
201.6049938650426
 30
0.0
 11
155.8745714285702
 21
201.6049938650426
 31
0.0
  0
LINE
  5
E3
330
1F
100
AcDbEntity
  8
0
100
AcDbLine
 10
155.8745714285702
 20
201.6049938650426
 30
0.0
 11
155.4745714285726
 21
201.6049938650426
 31
0.0
  0
LINE
  5
E4
330
1F
100
AcDbEntity
  8
0
100
AcDbLine
 10
124.8245714285701
 20
183.6049938650301
 30
0.0
 11
124.8245714285733
 21
182.6049938650322
 31
0.0
  0
LINE
  5
E5
330
1F
100
AcDbEntity
  8
0
100
AcDbLine
 10
131.3245714285656
 20
182.6049938650314
 30
0.0
 11
131.3245714285657
 21
183.6049938650336
 31
0.0
  0
LINE
  5
E6
330
1F
100
AcDbEntity
  8
0
100
AcDbLine
 10
128.1859886314782
 20
183.6604269838689
 30
0.0
 11
130.8245714285735
 21
182.6049938650314
 31
0.0
  0
ARC
  5
E7
330
1F
100
AcDbEntity
  8
0
100
AcDbCircle
 10
128.0745714285705
 20
183.3818839766033
 30
0.0
 40
0.3000000000005907
100
AcDbArc
 50
68.19859051337603
 51
111.8014094861689
  0
LINE
  5
E8
330
1F
100
AcDbEntity
  8
0
100
AcDbLine
 10
125.3245714285722
 20
182.6049938650321
 30
0.0
 11
127.9631542256651
 21
183.6604269838693
 31
0.0
  0
LINE
  5
E9
330
1F
100
AcDbEntity
  8
0
100
AcDbLine
 10
131.3245714285657
 20
183.6049938650336
 30
0.0
 11
128.6316574425424
 21
184.6821594594441
 31
0.0
  0
ARC
  5
EA
330
1F
100
AcDbEntity
  8
0
100
AcDbCircle
 10
128.0745714285705
 20
183.2894444228924
 30
0.0
 40
1.500000000000146
100
AcDbArc
 50
68.19859053665517
 51
111.8014094863338
  0
LINE
  5
EB
330
1F
100
AcDbEntity
  8
0
100
AcDbLine
 10
127.5174854140397
 20
184.6821594592206
 30
0.0
 11
124.8245714285701
 21
183.6049938650301
 31
0.0
  0
LINE
  5
EC
330
1F
100
AcDbEntity
  8
0
100
AcDbLine
 10
127.4745714285708
 20
186.9049938650252
 30
0.0
 11
127.4745714285708
 21
186.1049938650284
 31
0.0
  0
LINE
  5
ED
330
1F
100
AcDbEntity
  8
0
100
AcDbLine
 10
127.4745714285708
 20
186.1049938650284
 30
0.0
 11
128.0745714285705
 21
186.1049938650284
 31
0.0
  0
LINE
  5
EE
330
1F
100
AcDbEntity
  8
0
100
AcDbLine
 10
128.0745714285705
 20
186.1049938650284
 30
0.0
 11
128.0745714285705
 21
184.9049938650307
 31
0.0
  0
LINE
  5
EF
330
1F
100
AcDbEntity
  8
0
100
AcDbLine
 10
128.0745714285705
 20
184.9049938650307
 30
0.0
 11
125.0745714285698
 21
184.9049938650307
 31
0.0
  0
LINE
  5
F0
330
1F
100
AcDbEntity
  8
0
100
AcDbLine
 10
131.0745714285712
 20
184.9049938650307
 30
0.0
 11
128.0745714285705
 21
184.9049938650307
 31
0.0
  0
LINE
  5
F1
330
1F
100
AcDbEntity
  8
0
100
AcDbLine
 10
128.6745714285701
 20
186.9049938650252
 30
0.0
 11
128.6745714285701
 21
186.1049938650284
 31
0.0
  0
LINE
  5
F2
330
1F
100
AcDbEntity
  8
0
100
AcDbLine
 10
128.0745714285705
 20
186.1049938650284
 30
0.0
 11
128.6745714285701
 21
186.1049938650284
 31
0.0
  0
LINE
  5
F3
330
1F
100
AcDbEntity
  8
0
100
AcDbLine
 10
128.0745714285705
 20
184.9049938650307
 30
0.0
 11
128.0745714285705
 21
184.7894444228925
 31
0.0
  0
LINE
  5
F4
330
1F
100
AcDbEntity
  8
0
100
AcDbLine
 10
163.1245714285723
 20
144.5049938650323
 30
0.0
 11
163.1245714285718
 21
146.3049938650315
 31
0.0
  0
LINE
  5
F5
330
1F
100
AcDbEntity
  8
0
100
AcDbLine
 10
151.6245714285707
 20
146.3049938650321
 30
0.0
 11
151.6245714285707
 21
144.5049938650321
 31
0.0
  0
LINE
  5
F6
330
1F
100
AcDbEntity
  8
0
100
AcDbLine
 10
163.1245714285718
 20
146.3049938650315
 30
0.0
 11
157.9105902143257
 21
148.2999084165696
 31
0.0
  0
ARC
  5
F7
330
1F
100
AcDbEntity
  8
0
100
AcDbCircle
 10
157.3745714285702
 20
146.3837851365405
 30
0.0
 40
0.2999999999997139
100
AcDbArc
 50
69.06271472606082
 51
110.937285274208
  0
ARC
  5
F8
330
1F
100
AcDbEntity
  8
0
100
AcDbCircle
 10
157.3745714285702
 20
146.8989502225761
 30
0.0
 40
1.500000000000105
100
AcDbArc
 50
69.06271477965134
 51
110.9372852861322
  0
LINE
  5
F9
330
1F
100
AcDbEntity
  8
0
100
AcDbLine
 10
157.4817751859833
 20
146.6639767752387
 30
0.0
 11
163.1245714285723
 21
144.5049938650323
 31
0.0
  0
LINE
  5
FA
330
1F
100
AcDbEntity
  8
0
100
AcDbLine
 10
151.6245714285707
 20
144.5049938650321
 30
0.0
 11
157.2673676711559
 21
146.6639767752381
 31
0.0
  0
LINE
  5
FB
330
1F
100
AcDbEntity
  8
0
100
AcDbLine
 10
156.8385526412062
 20
148.2999084159541
 30
0.0
 11
151.6245714285707
 21
146.3049938650321
 31
0.0
  0
LINE
  5
FC
330
1F
100
AcDbEntity
  8
0
100
AcDbLine
 10
160.8245714285691
 20
149.004993865032
 30
0.0
 11
160.8245714285691
 21
150.4049938650316
 31
0.0
  0
LINE
  5
FD
330
1F
100
AcDbEntity
  8
0
100
AcDbLine
 10
153.9245714285713
 20
149.004993865032
 30
0.0
 11
153.9245714285713
 21
150.4049938650316
 31
0.0
  0
LINE
  5
FE
330
1F
100
AcDbEntity
  8
0
100
AcDbLine
 10
153.9245714285713
 20
149.004993865032
 30
0.0
 11
160.8245714285691
 21
149.004993865032
 31
0.0
  0
LINE
  5
FF
330
1F
100
AcDbEntity
  8
0
100
AcDbLine
 10
159.1245714285703
 20
147.8354286476411
 30
0.0
 11
159.1245714285703
 21
149.004993865032
 31
0.0
  0
LINE
  5
100
330
1F
100
AcDbEntity
  8
0
100
AcDbLine
 10
155.6245714285701
 20
147.835428647641
 30
0.0
 11
155.6245714285701
 21
149.004993865032
 31
0.0
  0
LINE
  5
101
330
1F
100
AcDbEntity
  8
0
100
AcDbLine
 10
159.1245714285703
 20
144.5049938650323
 30
0.0
 11
159.1245714285703
 21
146.0354286476407
 31
0.0
  0
LINE
  5
102
330
1F
100
AcDbEntity
  8
0
100
AcDbLine
 10
155.6245714285701
 20
144.5049938650323
 30
0.0
 11
155.6245714285701
 21
146.0354286476401
 31
0.0
  0
LINE
  5
103
330
1F
100
AcDbEntity
  8
0
100
AcDbLine
 10
141.3245714285656
 20
182.6049938650314
 30
0.0
 11
141.3245714285657
 21
183.6049938650336
 31
0.0
  0
LINE
  5
104
330
1F
100
AcDbEntity
  8
0
100
AcDbLine
 10
138.1859886314782
 20
183.6604269838689
 30
0.0
 11
140.8245714285735
 21
182.6049938650314
 31
0.0
  0
ARC
  5
105
330
1F
100
AcDbEntity
  8
0
100
AcDbCircle
 10
138.0745714285705
 20
183.3818839766033
 30
0.0
 40
0.3000000000005801
100
AcDbArc
 50
68.19859051338108
 51
111.8014094861714
  0
LINE
  5
106
330
1F
100
AcDbEntity
  8
0
100
AcDbLine
 10
135.3245714285722
 20
182.6049938650321
 30
0.0
 11
137.9631542256651
 21
183.6604269838693
 31
0.0
  0
LINE
  5
107
330
1F
100
AcDbEntity
  8
0
100
AcDbLine
 10
134.82457142857
 20
183.6049938650301
 30
0.0
 11
134.8245714285733
 21
182.6049938650322
 31
0.0
  0
LINE
  5
108
330
1F
100
AcDbEntity
  8
0
100
AcDbLine
 10
141.3245714285657
 20
183.6049938650336
 30
0.0
 11
138.6316574425424
 21
184.6821594594441
 31
0.0
  0
ARC
  5
109
330
1F
100
AcDbEntity
  8
0
100
AcDbCircle
 10
138.0745714285705
 20
183.2894444228924
 30
0.0
 40
1.500000000000135
100
AcDbArc
 50
68.19859053665618
 51
111.8014094863333
  0
LINE
  5
10A
330
1F
100
AcDbEntity
  8
0
100
AcDbLine
 10
137.5174854140397
 20
184.6821594592206
 30
0.0
 11
134.82457142857
 21
183.6049938650301
 31
0.0
  0
LINE
  5
10B
330
1F
100
AcDbEntity
  8
0
100
AcDbLine
 10
137.4745714285708
 20
186.9049938650252
 30
0.0
 11
137.4745714285708
 21
186.1049938650284
 31
0.0
  0
LINE
  5
10C
330
1F
100
AcDbEntity
  8
0
100
AcDbLine
 10
137.4745714285708
 20
186.1049938650284
 30
0.0
 11
138.0745714285705
 21
186.1049938650284
 31
0.0
  0
LINE
  5
10D
330
1F
100
AcDbEntity
  8
0
100
AcDbLine
 10
138.0745714285705
 20
186.1049938650284
 30
0.0
 11
138.0745714285705
 21
184.9049938650307
 31
0.0
  0
LINE
  5
10E
330
1F
100
AcDbEntity
  8
0
100
AcDbLine
 10
138.0745714285705
 20
184.9049938650307
 30
0.0
 11
135.0745714285697
 21
184.9049938650307
 31
0.0
  0
LINE
  5
10F
330
1F
100
AcDbEntity
  8
0
100
AcDbLine
 10
141.0745714285711
 20
184.9049938650307
 30
0.0
 11
138.0745714285705
 21
184.9049938650307
 31
0.0
  0
LINE
  5
110
330
1F
100
AcDbEntity
  8
0
100
AcDbLine
 10
138.6745714285701
 20
186.9049938650252
 30
0.0
 11
138.6745714285701
 21
186.1049938650284
 31
0.0
  0
LINE
  5
111
330
1F
100
AcDbEntity
  8
0
100
AcDbLine
 10
138.0745714285705
 20
186.1049938650284
 30
0.0
 11
138.6745714285701
 21
186.1049938650284
 31
0.0
  0
LINE
  5
112
330
1F
100
AcDbEntity
  8
0
100
AcDbLine
 10
138.0745714285705
 20
184.9049938650307
 30
0.0
 11
138.0745714285705
 21
184.7894444228925
 31
0.0
  0
LINE
  5
113
330
1F
100
AcDbEntity
  8
0
100
AcDbLine
 10
154.82457142857
 20
183.6049938650301
 30
0.0
 11
154.8245714285733
 21
182.6049938650322
 31
0.0
  0
LINE
  5
114
330
1F
100
AcDbEntity
  8
0
100
AcDbLine
 10
161.3245714285656
 20
182.6049938650314
 30
0.0
 11
161.3245714285657
 21
183.6049938650336
 31
0.0
  0
LINE
  5
115
330
1F
100
AcDbEntity
  8
0
100
AcDbLine
 10
158.1859886314782
 20
183.6604269838689
 30
0.0
 11
160.8245714285735
 21
182.6049938650314
 31
0.0
  0
ARC
  5
116
330
1F
100
AcDbEntity
  8
0
100
AcDbCircle
 10
158.0745714285705
 20
183.3818839766033
 30
0.0
 40
0.3000000000005801
100
AcDbArc
 50
68.19859051338108
 51
111.8014094861714
  0
LINE
  5
117
330
1F
100
AcDbEntity
  8
0
100
AcDbLine
 10
155.3245714285722
 20
182.6049938650321
 30
0.0
 11
157.9631542256651
 21
183.6604269838693
 31
0.0
  0
LINE
  5
118
330
1F
100
AcDbEntity
  8
0
100
AcDbLine
 10
161.3245714285657
 20
183.6049938650336
 30
0.0
 11
158.6316574425424
 21
184.6821594594441
 31
0.0
  0
ARC
  5
119
330
1F
100
AcDbEntity
  8
0
100
AcDbCircle
 10
158.0745714285705
 20
183.2894444228924
 30
0.0
 40
1.500000000000146
100
AcDbArc
 50
68.19859053665517
 51
111.8014094863343
  0
LINE
  5
11A
330
1F
100
AcDbEntity
  8
0
100
AcDbLine
 10
157.5174854140397
 20
184.6821594592206
 30
0.0
 11
154.82457142857
 21
183.6049938650301
 31
0.0
  0
LINE
  5
11B
330
1F
100
AcDbEntity
  8
0
100
AcDbLine
 10
157.4745714285708
 20
186.9049938650252
 30
0.0
 11
157.4745714285708
 21
186.1049938650284
 31
0.0
  0
LINE
  5
11C
330
1F
100
AcDbEntity
  8
0
100
AcDbLine
 10
157.4745714285708
 20
186.1049938650284
 30
0.0
 11
158.0745714285705
 21
186.1049938650284
 31
0.0
  0
LINE
  5
11D
330
1F
100
AcDbEntity
  8
0
100
AcDbLine
 10
158.0745714285705
 20
186.1049938650284
 30
0.0
 11
158.0745714285705
 21
184.9049938650307
 31
0.0
  0
LINE
  5
11E
330
1F
100
AcDbEntity
  8
0
100
AcDbLine
 10
158.0745714285705
 20
184.9049938650307
 30
0.0
 11
155.0745714285698
 21
184.9049938650307
 31
0.0
  0
LINE
  5
11F
330
1F
100
AcDbEntity
  8
0
100
AcDbLine
 10
161.0745714285711
 20
184.9049938650307
 30
0.0
 11
158.0745714285705
 21
184.9049938650307
 31
0.0
  0
LINE
  5
120
330
1F
100
AcDbEntity
  8
0
100
AcDbLine
 10
158.6745714285701
 20
186.9049938650252
 30
0.0
 11
158.6745714285701
 21
186.1049938650284
 31
0.0
  0
LINE
  5
121
330
1F
100
AcDbEntity
  8
0
100
AcDbLine
 10
158.0745714285705
 20
186.1049938650284
 30
0.0
 11
158.6745714285701
 21
186.1049938650284
 31
0.0
  0
LINE
  5
122
330
1F
100
AcDbEntity
  8
0
100
AcDbLine
 10
158.0745714285705
 20
184.9049938650307
 30
0.0
 11
158.0745714285705
 21
184.7894444228925
 31
0.0
  0
LINE
  5
123
330
1F
100
AcDbEntity
  8
0
100
AcDbLine
 10
148.8245714285723
 20
144.5049938650323
 30
0.0
 11
148.8245714285717
 21
146.3049938650315
 31
0.0
  0
LINE
  5
124
330
1F
100
AcDbEntity
  8
0
100
AcDbLine
 10
137.3245714285707
 20
146.3049938650321
 30
0.0
 11
137.3245714285707
 21
144.5049938650321
 31
0.0
  0
LINE
  5
125
330
1F
100
AcDbEntity
  8
0
100
AcDbLine
 10
148.8245714285717
 20
146.3049938650315
 30
0.0
 11
143.6105902143257
 21
148.2999084165696
 31
0.0
  0
ARC
  5
126
330
1F
100
AcDbEntity
  8
0
100
AcDbCircle
 10
143.0745714285702
 20
146.3837851365405
 30
0.0
 40
0.2999999999997139
100
AcDbArc
 50
69.06271472606082
 51
110.937285274203
  0
LINE
  5
127
330
1F
100
AcDbEntity
  8
0
100
AcDbLine
 10
143.1817751859832
 20
146.6639767752387
 30
0.0
 11
148.8245714285723
 21
144.5049938650323
 31
0.0
  0
ARC
  5
128
330
1F
100
AcDbEntity
  8
0
100
AcDbCircle
 10
143.0745714285702
 20
146.8989502225761
 30
0.0
 40
1.500000000000095
100
AcDbArc
 50
69.06271477965134
 51
110.9372852861312
  0
LINE
  5
129
330
1F
100
AcDbEntity
  8
0
100
AcDbLine
 10
137.3245714285707
 20
144.5049938650321
 30
0.0
 11
142.9673676711559
 21
146.6639767752381
 31
0.0
  0
LINE
  5
12A
330
1F
100
AcDbEntity
  8
0
100
AcDbLine
 10
142.5385526412062
 20
148.2999084159541
 30
0.0
 11
137.3245714285707
 21
146.3049938650321
 31
0.0
  0
LINE
  5
12B
330
1F
100
AcDbEntity
  8
0
100
AcDbLine
 10
146.5245714285691
 20
149.004993865032
 30
0.0
 11
146.5245714285691
 21
150.4049938650316
 31
0.0
  0
LINE
  5
12C
330
1F
100
AcDbEntity
  8
0
100
AcDbLine
 10
139.6245714285713
 20
149.004993865032
 30
0.0
 11
139.6245714285713
 21
150.4049938650316
 31
0.0
  0
LINE
  5
12D
330
1F
100
AcDbEntity
  8
0
100
AcDbLine
 10
139.6245714285713
 20
149.004993865032
 30
0.0
 11
146.5245714285691
 21
149.004993865032
 31
0.0
  0
LINE
  5
12E
330
1F
100
AcDbEntity
  8
0
100
AcDbLine
 10
144.8245714285703
 20
147.8354286476411
 30
0.0
 11
144.8245714285703
 21
149.004993865032
 31
0.0
  0
LINE
  5
12F
330
1F
100
AcDbEntity
  8
0
100
AcDbLine
 10
141.3245714285701
 20
147.835428647641
 30
0.0
 11
141.3245714285701
 21
149.004993865032
 31
0.0
  0
LINE
  5
130
330
1F
100
AcDbEntity
  8
0
100
AcDbLine
 10
144.8245714285703
 20
144.5049938650323
 30
0.0
 11
144.8245714285703
 21
146.0354286476407
 31
0.0
  0
LINE
  5
131
330
1F
100
AcDbEntity
  8
0
100
AcDbLine
 10
141.3245714285701
 20
144.5049938650323
 30
0.0
 11
141.3245714285701
 21
146.0354286476401
 31
0.0
  0
LINE
  5
132
330
1F
100
AcDbEntity
  8
0
100
AcDbLine
 10
144.8245714285701
 20
183.6049938650301
 30
0.0
 11
144.8245714285733
 21
182.6049938650322
 31
0.0
  0
LINE
  5
133
330
1F
100
AcDbEntity
  8
0
100
AcDbLine
 10
151.3245714285656
 20
182.6049938650314
 30
0.0
 11
151.3245714285657
 21
183.6049938650336
 31
0.0
  0
LINE
  5
134
330
1F
100
AcDbEntity
  8
0
100
AcDbLine
 10
148.1859886314782
 20
183.6604269838689
 30
0.0
 11
150.8245714285735
 21
182.6049938650314
 31
0.0
  0
ARC
  5
135
330
1F
100
AcDbEntity
  8
0
100
AcDbCircle
 10
148.0745714285704
 20
183.3818839766033
 30
0.0
 40
0.3000000000005907
100
AcDbArc
 50
68.19859051337603
 51
111.8014094861663
  0
LINE
  5
136
330
1F
100
AcDbEntity
  8
0
100
AcDbLine
 10
145.3245714285722
 20
182.6049938650321
 30
0.0
 11
147.9631542256651
 21
183.6604269838693
 31
0.0
  0
LINE
  5
137
330
1F
100
AcDbEntity
  8
0
100
AcDbLine
 10
151.3245714285657
 20
183.6049938650336
 30
0.0
 11
148.6316574425424
 21
184.6821594594441
 31
0.0
  0
ARC
  5
138
330
1F
100
AcDbEntity
  8
0
100
AcDbCircle
 10
148.0745714285704
 20
183.2894444228924
 30
0.0
 40
1.500000000000156
100
AcDbArc
 50
68.19859053665415
 51
111.8014094863333
  0
LINE
  5
139
330
1F
100
AcDbEntity
  8
0
100
AcDbLine
 10
147.5174854140397
 20
184.6821594592206
 30
0.0
 11
144.8245714285701
 21
183.6049938650301
 31
0.0
  0
LINE
  5
13A
330
1F
100
AcDbEntity
  8
0
100
AcDbLine
 10
147.4745714285708
 20
186.9049938650252
 30
0.0
 11
147.4745714285708
 21
186.1049938650284
 31
0.0
  0
LINE
  5
13B
330
1F
100
AcDbEntity
  8
0
100
AcDbLine
 10
147.4745714285708
 20
186.1049938650284
 30
0.0
 11
148.0745714285704
 21
186.1049938650284
 31
0.0
  0
LINE
  5
13C
330
1F
100
AcDbEntity
  8
0
100
AcDbLine
 10
148.0745714285704
 20
186.1049938650284
 30
0.0
 11
148.0745714285704
 21
184.9049938650307
 31
0.0
  0
LINE
  5
13D
330
1F
100
AcDbEntity
  8
0
100
AcDbLine
 10
148.0745714285704
 20
184.9049938650307
 30
0.0
 11
145.0745714285698
 21
184.9049938650307
 31
0.0
  0
LINE
  5
13E
330
1F
100
AcDbEntity
  8
0
100
AcDbLine
 10
151.0745714285712
 20
184.9049938650307
 30
0.0
 11
148.0745714285704
 21
184.9049938650307
 31
0.0
  0
LINE
  5
13F
330
1F
100
AcDbEntity
  8
0
100
AcDbLine
 10
148.6745714285701
 20
186.9049938650252
 30
0.0
 11
148.6745714285701
 21
186.1049938650284
 31
0.0
  0
LINE
  5
140
330
1F
100
AcDbEntity
  8
0
100
AcDbLine
 10
148.0745714285704
 20
186.1049938650284
 30
0.0
 11
148.6745714285701
 21
186.1049938650284
 31
0.0
  0
LINE
  5
141
330
1F
100
AcDbEntity
  8
0
100
AcDbLine
 10
148.0745714285704
 20
184.9049938650307
 30
0.0
 11
148.0745714285704
 21
184.7894444228925
 31
0.0
  0
LINE
  5
142
330
1F
100
AcDbEntity
  8
0
100
AcDbLine
 10
165.5745714285703
 20
164.9049795909719
 30
0.0
 11
165.5745714285703
 21
162.8243355035452
 31
0.0
  0
LINE
  5
143
330
1F
100
AcDbEntity
  8
0
100
AcDbLine
 10
120.5745714285725
 20
162.8243355035452
 30
0.0
 11
165.5745714285703
 21
162.8243355035452
 31
0.0
  0
LINE
  5
144
330
1F
100
AcDbEntity
  8
0
100
AcDbLine
 10
120.5745714285725
 20
164.9049795909719
 30
0.0
 11
120.5745714285725
 21
162.8243355035452
 31
0.0
  0
LINE
  5
145
330
1F
100
AcDbEntity
  8
0
100
AcDbLine
 10
120.5745714285725
 20
164.9049795909719
 30
0.0
 11
124.6745714293148
 21
164.9049795909719
 31
0.0
  0
SPLINE
  5
146
330
1F
100
AcDbEntity
  8
0
100
AcDbSpline
210
0.0
220
0.0
230
1.0
 70
     8
 71
     3
 72
    14
 73
    10
 74
     0
 42
1E-08
 43
1E-08
 40
0.0
 40
0.0
 40
0.0
 40
0.0
 40
0.25
 40
0.25
 40
0.5
 40
0.5
 40
0.75
 40
0.75
 40
1.0
 40
1.0
 40
1.0
 40
1.0
 10
128.7745714285702
 20
164.1820529172487
 30
0.0
 10
128.2913863955999
 20
164.1820529172487
 30
0.0
 10
127.7700911224728
 20
164.1975804623534
 30
0.0
 10
126.760706935837
 20
164.2680409041483
 30
0.0
 10
126.2757470509831
 20
164.3232125741333
 30
0.0
 10
125.4751754105135
 20
164.4643722310179
 30
0.0
 10
125.1622720084403
 20
164.5498826713277
 30
0.0
 10
124.7626516643132
 20
164.7278629512086
 30
0.0
 10
124.6745806308641
 20
164.8197810541946
 30
0.0
 10
124.6745714293148
 20
164.9049795909719
 30
0.0
  0
SPLINE
  5
147
330
1F
100
AcDbEntity
  8
0
100
AcDbSpline
210
0.0
220
0.0
230
1.0
 70
     8
 71
     3
 72
    14
 73
    10
 74
     0
 42
1E-08
 43
1E-08
 40
0.0
 40
0.0
 40
0.0
 40
0.0
 40
0.25
 40
0.25
 40
0.5
 40
0.5
 40
0.75
 40
0.75
 40
1.0
 40
1.0
 40
1.0
 40
1.0
 10
132.8745714278256
 20
164.9049795909719
 30
0.0
 10
132.8745622262763
 20
164.8197810541946
 30
0.0
 10
132.7864911928272
 20
164.7278629512086
 30
0.0
 10
132.3868708487001
 20
164.5498826713277
 30
0.0
 10
132.0739674466269
 20
164.4643722310179
 30
0.0
 10
131.2733958061573
 20
164.3232125741333
 30
0.0
 10
130.7884359213035
 20
164.2680409041483
 30
0.0
 10
129.7790517346676
 20
164.1975804623534
 30
0.0
 10
129.2577564615405
 20
164.1820529172487
 30
0.0
 10
128.7745714285702
 20
164.1820529172487
 30
0.0
  0
LINE
  5
148
330
1F
100
AcDbEntity
  8
0
100
AcDbLine
 10
132.8745714278256
 20
164.9049795909719
 30
0.0
 11
138.974571429316
 21
164.9049795909719
 31
0.0
  0
SPLINE
  5
149
330
1F
100
AcDbEntity
  8
0
100
AcDbSpline
210
0.0
220
0.0
230
1.0
 70
     8
 71
     3
 72
    14
 73
    10
 74
     0
 42
1E-08
 43
1E-08
 40
0.0
 40
0.0
 40
0.0
 40
0.0
 40
0.25
 40
0.25
 40
0.5
 40
0.5
 40
0.75
 40
0.75
 40
1.0
 40
1.0
 40
1.0
 40
1.0
 10
143.0745714285714
 20
164.1820529172487
 30
0.0
 10
142.5913863956011
 20
164.1820529172487
 30
0.0
 10
142.070091122474
 20
164.1975804623534
 30
0.0
 10
141.0607069358382
 20
164.2680409041483
 30
0.0
 10
140.5757470509843
 20
164.3232125741333
 30
0.0
 10
139.7751754105147
 20
164.4643722310179
 30
0.0
 10
139.4622720084415
 20
164.5498826713277
 30
0.0
 10
139.0626516643144
 20
164.7278629512086
 30
0.0
 10
138.9745806308653
 20
164.8197810541946
 30
0.0
 10
138.974571429316
 20
164.9049795909719
 30
0.0
  0
SPLINE
  5
14A
330
1F
100
AcDbEntity
  8
0
100
AcDbSpline
210
0.0
220
0.0
230
1.0
 70
     8
 71
     3
 72
    14
 73
    10
 74
     0
 42
1E-08
 43
1E-08
 40
0.0
 40
0.0
 40
0.0
 40
0.0
 40
0.25
 40
0.25
 40
0.5
 40
0.5
 40
0.75
 40
0.75
 40
1.0
 40
1.0
 40
1.0
 40
1.0
 10
147.1745714278268
 20
164.9049795909719
 30
0.0
 10
147.1745622262775
 20
164.8197810541946
 30
0.0
 10
147.0864911928284
 20
164.7278629512086
 30
0.0
 10
146.6868708487013
 20
164.5498826713277
 30
0.0
 10
146.3739674466281
 20
164.4643722310179
 30
0.0
 10
145.5733958061585
 20
164.3232125741333
 30
0.0
 10
145.0884359213047
 20
164.2680409041483
 30
0.0
 10
144.0790517346688
 20
164.1975804623534
 30
0.0
 10
143.5577564615417
 20
164.1820529172487
 30
0.0
 10
143.0745714285714
 20
164.1820529172487
 30
0.0
  0
LINE
  5
14B
330
1F
100
AcDbEntity
  8
0
100
AcDbLine
 10
147.1745714278268
 20
164.9049795909719
 30
0.0
 11
153.2745714293172
 21
164.9049795909719
 31
0.0
  0
SPLINE
  5
14C
330
1F
100
AcDbEntity
  8
0
100
AcDbSpline
210
0.0
220
0.0
230
1.0
 70
     8
 71
     3
 72
    14
 73
    10
 74
     0
 42
1E-08
 43
1E-08
 40
0.0
 40
0.0
 40
0.0
 40
0.0
 40
0.25
 40
0.25
 40
0.5
 40
0.5
 40
0.75
 40
0.75
 40
1.0
 40
1.0
 40
1.0
 40
1.0
 10
157.3745714285726
 20
164.1820529172487
 30
0.0
 10
156.8913863956023
 20
164.1820529172487
 30
0.0
 10
156.3700911224752
 20
164.1975804623534
 30
0.0
 10
155.3607069358394
 20
164.2680409041483
 30
0.0
 10
154.8757470509855
 20
164.3232125741333
 30
0.0
 10
154.0751754105159
 20
164.4643722310179
 30
0.0
 10
153.7622720084427
 20
164.5498826713277
 30
0.0
 10
153.3626516643157
 20
164.7278629512086
 30
0.0
 10
153.2745806308665
 20
164.8197810541946
 30
0.0
 10
153.2745714293172
 20
164.9049795909719
 30
0.0
  0
SPLINE
  5
14D
330
1F
100
AcDbEntity
  8
0
100
AcDbSpline
210
0.0
220
0.0
230
1.0
 70
     8
 71
     3
 72
    14
 73
    10
 74
     0
 42
1E-08
 43
1E-08
 40
0.0
 40
0.0
 40
0.0
 40
0.0
 40
0.2500000000000002
 40
0.2500000000000002
 40
0.5000000000000004
 40
0.5000000000000004
 40
0.7500000000000007
 40
0.7500000000000007
 40
1.0
 40
1.0
 40
1.0
 40
1.0
 10
161.474571427828
 20
164.9049795909719
 30
0.0
 10
161.4745622262787
 20
164.8197810541946
 30
0.0
 10
161.3864911928296
 20
164.7278629512086
 30
0.0
 10
160.9868708487025
 20
164.5498826713277
 30
0.0
 10
160.6739674466293
 20
164.4643722310179
 30
0.0
 10
159.8733958061597
 20
164.3232125741333
 30
0.0
 10
159.3884359213059
 20
164.2680409041483
 30
0.0
 10
158.3790517346701
 20
164.1975804623534
 30
0.0
 10
157.8577564615429
 20
164.1820529172487
 30
0.0
 10
157.3745714285726
 20
164.1820529172487
 30
0.0
  0
LINE
  5
14E
330
1F
100
AcDbEntity
  8
0
100
AcDbLine
 10
161.474571427828
 20
164.9049795909719
 30
0.0
 11
165.5745714285703
 21
164.9049795909719
 31
0.0
  0
LINE
  5
14F
330
1F
100
AcDbEntity
  8
0
100
AcDbLine
 10
120.5745714285725
 20
111.9049938650194
 30
0.0
 11
165.5745714285703
 21
111.9049938650194
 31
0.0
  0
LINE
  5
150
330
1F
100
AcDbEntity
  8
0
100
AcDbLine
 10
120.5745714285725
 20
162.8243355035452
 30
0.0
 11
120.5745714285725
 21
111.9049938650194
 31
0.0
  0
LINE
  5
151
330
1F
100
AcDbEntity
  8
0
100
AcDbLine
 10
165.5745714285703
 20
162.8243355035452
 30
0.0
 11
165.5745714285703
 21
111.9049938650194
 31
0.0
  0
ARC
  5
152
330
1F
100
AcDbEntity
  8
0
100
AcDbCircle
 10
159.5745714285714
 20
124.9049938650192
 30
0.0
 40
3.000000000000739
100
AcDbArc
 50
0.0
 51
180.0
  0
ARC
  5
153
330
1F
100
AcDbEntity
  8
0
100
AcDbCircle
 10
159.5745714285714
 20
124.9049938650192
 30
0.0
 40
3.000000000000739
100
AcDbArc
 50
180.0
 51
0.0
  0
ARC
  5
154
330
1F
100
AcDbEntity
  8
0
100
AcDbCircle
 10
145.2745714285715
 20
124.9049938650192
 30
0.0
 40
3.000000000000711
100
AcDbArc
 50
0.0
 51
180.0
  0
ARC
  5
155
330
1F
100
AcDbEntity
  8
0
100
AcDbCircle
 10
145.2745714285715
 20
124.9049938650192
 30
0.0
 40
3.000000000000711
100
AcDbArc
 50
180.0
 51
0.0
  0
ARC
  5
156
330
1F
100
AcDbEntity
  8
0
100
AcDbCircle
 10
130.9745714285716
 20
124.9049938650192
 30
0.0
 40
3.000000000000711
100
AcDbArc
 50
0.0
 51
180.0
  0
ARC
  5
157
330
1F
100
AcDbEntity
  8
0
100
AcDbCircle
 10
130.9745714285716
 20
124.9049938650192
 30
0.0
 40
3.000000000000711
100
AcDbArc
 50
180.0
 51
0.0
  0
LINE
  5
158
330
1F
100
AcDbEntity
  8
0
100
AcDbLine
 10
148.974571428572
 20
136.9049938650267
 30
0.0
 11
148.974571428572
 21
145.3049938650316
 31
0.0
  0
LINE
  5
159
330
1F
100
AcDbEntity
  8
0
100
AcDbLine
 10
148.974571428572
 20
145.3049938650316
 30
0.0
 11
149.1745714285712
 21
146.3049938650327
 31
0.0
  0
LINE
  5
15A
330
1F
100
AcDbEntity
  8
0
100
AcDbLine
 10
149.1745714285712
 20
146.3049938650327
 30
0.0
 11
149.1745714285712
 21
152.6049938650329
 31
0.0
  0
LINE
  5
15B
330
1F
100
AcDbEntity
  8
0
100
AcDbLine
 10
149.1745714285712
 20
152.6049938650329
 30
0.0
 11
148.974571428572
 21
153.6049938650314
 31
0.0
  0
LINE
  5
15C
330
1F
100
AcDbEntity
  8
0
100
AcDbLine
 10
148.974571428572
 20
153.6049938650314
 30
0.0
 11
148.974571428572
 21
159.9049938650316
 31
0.0
  0
LINE
  5
15D
330
1F
100
AcDbEntity
  8
0
100
AcDbLine
 10
148.974571428572
 20
159.9049938650316
 30
0.0
 11
137.1745714147671
 21
159.9049938650316
 31
0.0
  0
LINE
  5
15E
330
1F
100
AcDbEntity
  8
0
100
AcDbLine
 10
137.1745714147671
 20
159.9049938650316
 30
0.0
 11
137.1745714200806
 21
153.6049938120216
 31
0.0
  0
LINE
  5
15F
330
1F
100
AcDbEntity
  8
0
100
AcDbLine
 10
137.1745714200806
 20
153.6049938120216
 30
0.0
 11
136.9745714285721
 21
152.6049938650379
 31
0.0
  0
LINE
  5
160
330
1F
100
AcDbEntity
  8
0
100
AcDbLine
 10
136.9745714285721
 20
152.6049938650379
 30
0.0
 11
136.9745714285717
 21
146.3049938650327
 31
0.0
  0
LINE
  5
161
330
1F
100
AcDbEntity
  8
0
100
AcDbLine
 10
136.9745714285717
 20
146.3049938650327
 30
0.0
 11
137.1745714285709
 21
145.3049938650316
 31
0.0
  0
LINE
  5
162
330
1F
100
AcDbEntity
  8
0
100
AcDbLine
 10
137.1745714285709
 20
145.3049938650316
 30
0.0
 11
137.1745714285709
 21
136.9049938650267
 31
0.0
  0
LINE
  5
163
330
1F
100
AcDbEntity
  8
0
100
AcDbLine
 10
137.1745714285709
 20
136.9049938650267
 30
0.0
 11
148.974571428572
 21
136.9049938650267
 31
0.0
  0
LINE
  5
164
330
1F
100
AcDbEntity
  8
0
100
AcDbLine
 10
163.274571428572
 20
136.9049938650267
 30
0.0
 11
163.274571428572
 21
145.3049938650316
 31
0.0
  0
LINE
  5
165
330
1F
100
AcDbEntity
  8
0
100
AcDbLine
 10
163.274571428572
 20
145.3049938650316
 30
0.0
 11
163.4745714285714
 21
146.3049938650327
 31
0.0
  0
LINE
  5
166
330
1F
100
AcDbEntity
  8
0
100
AcDbLine
 10
163.4745714285714
 20
146.3049938650327
 30
0.0
 11
163.4745714285714
 21
152.6049938650329
 31
0.0
  0
LINE
  5
167
330
1F
100
AcDbEntity
  8
0
100
AcDbLine
 10
163.4745714285714
 20
152.6049938650329
 30
0.0
 11
163.274571428572
 21
153.6049938650314
 31
0.0
  0
LINE
  5
168
330
1F
100
AcDbEntity
  8
0
100
AcDbLine
 10
163.274571428572
 20
153.6049938650314
 30
0.0
 11
163.274571428572
 21
159.9049938650316
 31
0.0
  0
LINE
  5
169
330
1F
100
AcDbEntity
  8
0
100
AcDbLine
 10
163.274571428572
 20
159.9049938650316
 30
0.0
 11
151.4745714147671
 21
159.9049938650316
 31
0.0
  0
LINE
  5
16A
330
1F
100
AcDbEntity
  8
0
100
AcDbLine
 10
151.4745714147671
 20
159.9049938650316
 30
0.0
 11
151.4745714200806
 21
153.6049938120216
 31
0.0
  0
LINE
  5
16B
330
1F
100
AcDbEntity
  8
0
100
AcDbLine
 10
151.4745714200806
 20
153.6049938120216
 30
0.0
 11
151.2745714285721
 21
152.6049938650379
 31
0.0
  0
LINE
  5
16C
330
1F
100
AcDbEntity
  8
0
100
AcDbLine
 10
151.2745714285721
 20
152.6049938650379
 30
0.0
 11
151.2745714285717
 21
146.3049938650327
 31
0.0
  0
LINE
  5
16D
330
1F
100
AcDbEntity
  8
0
100
AcDbLine
 10
151.2745714285717
 20
146.3049938650327
 30
0.0
 11
151.4745714285709
 21
145.3049938650316
 31
0.0
  0
LINE
  5
16E
330
1F
100
AcDbEntity
  8
0
100
AcDbLine
 10
151.4745714285709
 20
145.3049938650316
 30
0.0
 11
151.4745714285709
 21
136.9049938650267
 31
0.0
  0
LINE
  5
16F
330
1F
100
AcDbEntity
  8
0
100
AcDbLine
 10
151.4745714285709
 20
136.9049938650267
 30
0.0
 11
163.274571428572
 21
136.9049938650267
 31
0.0
  0
LINE
  5
170
330
1F
100
AcDbEntity
  8
0
100
AcDbLine
 10
134.674571428572
 20
136.9049938650267
 30
0.0
 11
134.674571428572
 21
145.3049938650316
 31
0.0
  0
LINE
  5
171
330
1F
100
AcDbEntity
  8
0
100
AcDbLine
 10
134.674571428572
 20
145.3049938650316
 30
0.0
 11
134.8745714285712
 21
146.3049938650327
 31
0.0
  0
LINE
  5
172
330
1F
100
AcDbEntity
  8
0
100
AcDbLine
 10
134.8745714285712
 20
146.3049938650327
 30
0.0
 11
134.8745714285712
 21
152.6049938650329
 31
0.0
  0
LINE
  5
173
330
1F
100
AcDbEntity
  8
0
100
AcDbLine
 10
134.8745714285712
 20
152.6049938650329
 30
0.0
 11
134.674571428572
 21
153.6049938650314
 31
0.0
  0
LINE
  5
174
330
1F
100
AcDbEntity
  8
0
100
AcDbLine
 10
134.674571428572
 20
153.6049938650314
 30
0.0
 11
134.674571428572
 21
159.9049938650316
 31
0.0
  0
LINE
  5
175
330
1F
100
AcDbEntity
  8
0
100
AcDbLine
 10
134.674571428572
 20
159.9049938650316
 30
0.0
 11
122.8745714147671
 21
159.9049938650316
 31
0.0
  0
LINE
  5
176
330
1F
100
AcDbEntity
  8
0
100
AcDbLine
 10
122.8745714147671
 20
159.9049938650316
 30
0.0
 11
122.8745714200806
 21
153.6049938120216
 31
0.0
  0
LINE
  5
177
330
1F
100
AcDbEntity
  8
0
100
AcDbLine
 10
122.8745714200806
 20
153.6049938120216
 30
0.0
 11
122.6745714285721
 21
152.6049938650379
 31
0.0
  0
LINE
  5
178
330
1F
100
AcDbEntity
  8
0
100
AcDbLine
 10
122.6745714285721
 20
152.6049938650379
 30
0.0
 11
122.6745714285717
 21
146.3049938650327
 31
0.0
  0
LINE
  5
179
330
1F
100
AcDbEntity
  8
0
100
AcDbLine
 10
122.6745714285717
 20
146.3049938650327
 30
0.0
 11
122.8745714285709
 21
145.3049938650316
 31
0.0
  0
LINE
  5
17A
330
1F
100
AcDbEntity
  8
0
100
AcDbLine
 10
122.8745714285709
 20
145.3049938650316
 30
0.0
 11
122.8745714285709
 21
136.9049938650267
 31
0.0
  0
LINE
  5
17B
330
1F
100
AcDbEntity
  8
0
100
AcDbLine
 10
122.8745714285709
 20
136.9049938650267
 30
0.0
 11
134.674571428572
 21
136.9049938650267
 31
0.0
  0
LINE
  5
17C
330
1F
100
AcDbEntity
  8
0
100
AcDbLine
 10
122.8745714285709
 20
138.9049938650287
 30
0.0
 11
134.674571428572
 21
138.9049938650287
 31
0.0
  0
LINE
  5
17D
330
1F
100
AcDbEntity
  8
0
100
AcDbLine
 10
137.1745714285709
 20
138.9049938650287
 30
0.0
 11
148.974571428572
 21
138.9049938650287
 31
0.0
  0
LINE
  5
17E
330
1F
100
AcDbEntity
  8
0
100
AcDbLine
 10
151.4745714285709
 20
138.9049938650287
 30
0.0
 11
163.274571428572
 21
138.9049938650287
 31
0.0
  0
LINE
  5
17F
330
1F
100
AcDbEntity
  8
0
100
AcDbLine
 10
123.0745714285727
 20
159.9049938645089
 30
0.0
 11
123.0745714285727
 21
150.4049938650316
 31
0.0
  0
LINE
  5
180
330
1F
100
AcDbEntity
  8
0
100
AcDbLine
 10
134.4745714285702
 20
150.4049938650316
 30
0.0
 11
134.4745714285702
 21
159.9049938650316
 31
0.0
  0
LINE
  5
181
330
1F
100
AcDbEntity
  8
0
100
AcDbLine
 10
123.0745714285727
 20
150.4049938650316
 30
0.0
 11
134.4745714285702
 21
150.4049938650316
 31
0.0
  0
LINE
  5
182
330
1F
100
AcDbEntity
  8
0
100
AcDbLine
 10
148.7745714285714
 20
150.4049938650316
 30
0.0
 11
148.7745714285714
 21
159.9049938650316
 31
0.0
  0
LINE
  5
183
330
1F
100
AcDbEntity
  8
0
100
AcDbLine
 10
137.3745714285714
 20
159.9049938645089
 30
0.0
 11
137.3745714285714
 21
150.4049938650316
 31
0.0
  0
LINE
  5
184
330
1F
100
AcDbEntity
  8
0
100
AcDbLine
 10
137.3745714285714
 20
150.4049938650316
 30
0.0
 11
148.7745714285714
 21
150.4049938650316
 31
0.0
  0
LINE
  5
185
330
1F
100
AcDbEntity
  8
0
100
AcDbLine
 10
163.0745714285702
 20
150.4049938650316
 30
0.0
 11
163.0745714285702
 21
159.9049938650316
 31
0.0
  0
LINE
  5
186
330
1F
100
AcDbEntity
  8
0
100
AcDbLine
 10
151.6745714285726
 20
150.4049938650316
 30
0.0
 11
163.0745714285702
 21
150.4049938650316
 31
0.0
  0
LINE
  5
187
330
1F
100
AcDbEntity
  8
0
100
AcDbLine
 10
151.6745714285726
 20
159.9049938639861
 30
0.0
 11
151.6745714285726
 21
150.4049938650316
 31
0.0
  0
LINE
  5
188
330
1F
100
AcDbEntity
  8
0
100
AcDbLine
 10
122.8745714285709
 20
144.5049938650323
 30
0.0
 11
134.674571428572
 21
144.5049938650323
 31
0.0
  0
LINE
  5
189
330
1F
100
AcDbEntity
  8
0
100
AcDbLine
 10
137.1745714285709
 20
144.5049938650323
 30
0.0
 11
148.974571428572
 21
144.5049938650323
 31
0.0
  0
LINE
  5
18A
330
1F
100
AcDbEntity
  8
0
100
AcDbLine
 10
151.4745714285709
 20
144.5049938650323
 30
0.0
 11
163.274571428572
 21
144.5049938650323
 31
0.0
  0
SPLINE
  5
18B
330
1F
100
AcDbEntity
  8
0
100
AcDbSpline
210
0.0
220
0.0
230
1.0
 70
     8
 71
     3
 72
    14
 73
    10
 74
     0
 42
1E-08
 43
1E-08
 40
0.0
 40
0.0
 40
0.0
 40
0.0
 40
0.25
 40
0.25
 40
0.5
 40
0.5
 40
0.75
 40
0.75
 40
1.0
 40
1.0
 40
1.0
 40
1.0
 10
124.6745714293148
 20
164.9049795909719
 30
0.0
 10
124.6745622275903
 20
164.904981058504
 30
0.0
 10
124.7626168521562
 20
164.9049826417955
 30
0.0
 10
125.1622170535916
 20
164.9049857075327
 30
0.0
 10
125.4751170431895
 20
164.9049871804741
 30
0.0
 10
126.2756949986643
 20
164.9049896119936
 30
0.0
 10
126.7606643098566
 20
164.904990562345
 30
0.0
 10
127.7700701094697
 20
164.9049917760481
 30
0.0
 10
128.291377193963
 20
164.9049920435131
 30
0.0
 10
128.7745714285702
 20
164.9049920435131
 30
0.0
  0
SPLINE
  5
18C
330
1F
100
AcDbEntity
  8
0
100
AcDbSpline
210
0.0
220
0.0
230
1.0
 70
     8
 71
     3
 72
    14
 73
    10
 74
     0
 42
1E-08
 43
1E-08
 40
0.0
 40
0.0
 40
0.0
 40
0.0
 40
0.25
 40
0.25
 40
0.5
 40
0.5
 40
0.75
 40
0.75
 40
1.0
 40
1.0
 40
1.0
 40
1.0
 10
128.7745714285702
 20
164.9049920435131
 30
0.0
 10
129.2577656631774
 20
164.9049920435131
 30
0.0
 10
129.7790727476708
 20
164.9049917760481
 30
0.0
 10
130.7884785472838
 20
164.904990562345
 30
0.0
 10
131.2734478584761
 20
164.9049896119936
 30
0.0
 10
132.0740258139509
 20
164.9049871804741
 30
0.0
 10
132.3869258035488
 20
164.9049857075327
 30
0.0
 10
132.7865260049842
 20
164.9049826417955
 30
0.0
 10
132.8745806295501
 20
164.904981058504
 30
0.0
 10
132.8745714278256
 20
164.9049795909719
 30
0.0
  0
SPLINE
  5
18D
330
1F
100
AcDbEntity
  8
0
100
AcDbSpline
210
0.0
220
0.0
230
1.0
 70
     8
 71
     3
 72
    14
 73
    10
 74
     0
 42
1E-08
 43
1E-08
 40
0.0
 40
0.0
 40
0.0
 40
0.0
 40
0.25
 40
0.25
 40
0.5
 40
0.5
 40
0.75
 40
0.75
 40
1.0
 40
1.0
 40
1.0
 40
1.0
 10
138.974571429316
 20
164.9049795909719
 30
0.0
 10
138.9745622275915
 20
164.904981058504
 30
0.0
 10
139.0626168521574
 20
164.9049826417955
 30
0.0
 10
139.4622170535928
 20
164.9049857075327
 30
0.0
 10
139.7751170431907
 20
164.9049871804741
 30
0.0
 10
140.5756949986655
 20
164.9049896119936
 30
0.0
 10
141.0606643098578
 20
164.904990562345
 30
0.0
 10
142.0700701094709
 20
164.9049917760481
 30
0.0
 10
142.5913771939642
 20
164.9049920435131
 30
0.0
 10
143.0745714285714
 20
164.9049920435131
 30
0.0
  0
SPLINE
  5
18E
330
1F
100
AcDbEntity
  8
0
100
AcDbSpline
210
0.0
220
0.0
230
1.0
 70
     8
 71
     3
 72
    14
 73
    10
 74
     0
 42
1E-08
 43
1E-08
 40
0.0
 40
0.0
 40
0.0
 40
0.0
 40
0.25
 40
0.25
 40
0.5
 40
0.5
 40
0.75
 40
0.75
 40
1.0
 40
1.0
 40
1.0
 40
1.0
 10
143.0745714285714
 20
164.9049920435131
 30
0.0
 10
143.5577656631786
 20
164.9049920435131
 30
0.0
 10
144.0790727476719
 20
164.9049917760481
 30
0.0
 10
145.088478547285
 20
164.904990562345
 30
0.0
 10
145.5734478584773
 20
164.9049896119936
 30
0.0
 10
146.3740258139521
 20
164.9049871804741
 30
0.0
 10
146.68692580355
 20
164.9049857075327
 30
0.0
 10
147.0865260049854
 20
164.9049826417955
 30
0.0
 10
147.1745806295513
 20
164.904981058504
 30
0.0
 10
147.1745714278268
 20
164.9049795909719
 30
0.0
  0
SPLINE
  5
18F
330
1F
100
AcDbEntity
  8
0
100
AcDbSpline
210
0.0
220
0.0
230
1.0
 70
     8
 71
     3
 72
    14
 73
    10
 74
     0
 42
1E-08
 43
1E-08
 40
0.0
 40
0.0
 40
0.0
 40
0.0
 40
0.25
 40
0.25
 40
0.5
 40
0.5
 40
0.75
 40
0.75
 40
1.0
 40
1.0
 40
1.0
 40
1.0
 10
153.2745714293172
 20
164.9049795909719
 30
0.0
 10
153.2745622275927
 20
164.904981058504
 30
0.0
 10
153.3626168521586
 20
164.9049826417955
 30
0.0
 10
153.762217053594
 20
164.9049857075327
 30
0.0
 10
154.0751170431919
 20
164.9049871804741
 30
0.0
 10
154.8756949986667
 20
164.9049896119936
 30
0.0
 10
155.3606643098591
 20
164.904990562345
 30
0.0
 10
156.3700701094721
 20
164.9049917760481
 30
0.0
 10
156.8913771939654
 20
164.9049920435131
 30
0.0
 10
157.3745714285726
 20
164.9049920435131
 30
0.0
  0
SPLINE
  5
190
330
1F
100
AcDbEntity
  8
0
100
AcDbSpline
210
0.0
220
0.0
230
1.0
 70
     8
 71
     3
 72
    14
 73
    10
 74
     0
 42
1E-08
 43
1E-08
 40
0.0
 40
0.0
 40
0.0
 40
0.0
 40
0.25
 40
0.25
 40
0.5
 40
0.5
 40
0.75
 40
0.75
 40
1.0
 40
1.0
 40
1.0
 40
1.0
 10
157.3745714285726
 20
164.9049920435131
 30
0.0
 10
157.8577656631799
 20
164.9049920435131
 30
0.0
 10
158.3790727476731
 20
164.9049917760481
 30
0.0
 10
159.3884785472862
 20
164.904990562345
 30
0.0
 10
159.8734478584785
 20
164.9049896119936
 30
0.0
 10
160.6740258139533
 20
164.9049871804741
 30
0.0
 10
160.9869258035512
 20
164.9049857075327
 30
0.0
 10
161.3865260049866
 20
164.9049826417955
 30
0.0
 10
161.4745806295525
 20
164.904981058504
 30
0.0
 10
161.474571427828
 20
164.9049795909719
 30
0.0
  0
LINE
  5
191
330
1F
100
AcDbEntity
  8
0
100
AcDbLine
 10
120.5745714285725
 20
164.9049962955193
 30
0.0
 11
165.5745714285703
 21
164.9049962955193
 31
0.0
  0
LINE
  5
192
330
1F
100
AcDbEntity
  8
0
100
AcDbLine
 10
165.5745714285703
 20
164.9049962955193
 30
0.0
 11
165.5745714285703
 21
164.9049795909719
 31
0.0
  0
LINE
  5
193
330
1F
100
AcDbEntity
  8
0
100
AcDbLine
 10
120.5745714285725
 20
164.9049962955193
 30
0.0
 11
120.5745714285725
 21
164.9049795909719
 31
0.0
  0
ARC
  5
194
330
1F
100
AcDbEntity
  8
0
100
AcDbCircle
 10
130.9745714285716
 20
124.9049938650192
 30
0.0
 40
0.6000000000002326
100
AcDbArc
 50
41.81031489747635
 51
48.18968510496166
  0
LINE
  5
195
330
1F
100
AcDbEntity
  8
0
100
AcDbLine
 10
131.3745714285725
 20
126.6549938650342
 30
0.0
 11
131.374571428565
 21
125.3522074605235
 31
0.0
  0
LINE
  5
196
330
1F
100
AcDbEntity
  8
0
100
AcDbLine
 10
130.5745714285706
 20
126.6549938650308
 30
0.0
 11
131.3745714285725
 21
126.6549938650342
 31
0.0
  0
LINE
  5
197
330
1F
100
AcDbEntity
  8
0
100
AcDbLine
 10
130.5745714285795
 20
125.3522074605219
 30
0.0
 11
130.5745714285706
 21
126.6549938650308
 31
0.0
  0
ARC
  5
198
330
1F
100
AcDbEntity
  8
0
100
AcDbCircle
 10
130.9745714285716
 20
124.9049938650192
 30
0.0
 40
0.5999999999987644
100
AcDbArc
 50
131.8103148950397
 51
138.1896851025257
  0
LINE
  5
199
330
1F
100
AcDbEntity
  8
0
100
AcDbLine
 10
129.2245714285709
 20
125.304993865043
 30
0.0
 11
130.5273578330844
 21
125.3049938650316
 31
0.0
  0
LINE
  5
19A
330
1F
100
AcDbEntity
  8
0
100
AcDbLine
 10
129.2245714285709
 20
124.5049938650208
 30
0.0
 11
129.2245714285709
 21
125.304993865043
 31
0.0
  0
LINE
  5
19B
330
1F
100
AcDbEntity
  8
0
100
AcDbLine
 10
130.5273578330783
 20
124.5049938650268
 30
0.0
 11
129.2245714285709
 21
124.5049938650208
 31
0.0
  0
ARC
  5
19C
330
1F
100
AcDbEntity
  8
0
100
AcDbCircle
 10
130.9745714285716
 20
124.9049938650192
 30
0.0
 40
0.5999999999899658
100
AcDbArc
 50
221.8103148956686
 51
228.1896851033423
  0
LINE
  5
19D
330
1F
100
AcDbEntity
  8
0
100
AcDbLine
 10
130.5745714285706
 20
123.1549938650262
 30
0.0
 11
130.5745714285727
 21
124.4577802695344
 31
0.0
  0
LINE
  5
19E
330
1F
100
AcDbEntity
  8
0
100
AcDbLine
 10
131.3745714285725
 20
123.1549938650262
 30
0.0
 11
130.5745714285706
 21
123.1549938650262
 31
0.0
  0
LINE
  5
19F
330
1F
100
AcDbEntity
  8
0
100
AcDbLine
 10
131.3745714285691
 20
124.4577802695358
 30
0.0
 11
131.3745714285725
 21
123.1549938650262
 31
0.0
  0
ARC
  5
1A0
330
1F
100
AcDbEntity
  8
0
100
AcDbCircle
 10
130.9745714285716
 20
124.9049938650192
 30
0.0
 40
0.5999999999894288
100
AcDbArc
 50
311.8103148966605
 51
318.1896851042234
  0
LINE
  5
1A1
330
1F
100
AcDbEntity
  8
0
100
AcDbLine
 10
132.7245714285688
 20
124.5049938650208
 30
0.0
 11
131.4217850240636
 21
124.5049938650263
 31
0.0
  0
LINE
  5
1A2
330
1F
100
AcDbEntity
  8
0
100
AcDbLine
 10
132.7245714285654
 20
125.304993865043
 30
0.0
 11
132.7245714285688
 21
124.5049938650208
 31
0.0
  0
LINE
  5
1A3
330
1F
100
AcDbEntity
  8
0
100
AcDbLine
 10
131.4217850240598
 20
125.3049938650326
 30
0.0
 11
132.7245714285654
 21
125.304993865043
 31
0.0
  0
ARC
  5
1A4
330
1F
100
AcDbEntity
  8
0
100
AcDbCircle
 10
145.2745714285715
 20
124.9049938650192
 30
0.0
 40
0.599999999997578
100
AcDbArc
 50
41.81031489757562
 51
48.18968510505076
  0
LINE
  5
1A5
330
1F
100
AcDbEntity
  8
0
100
AcDbLine
 10
145.6745714285712
 20
126.6549938650342
 30
0.0
 11
145.6745714285624
 21
125.352207460522
 31
0.0
  0
LINE
  5
1A6
330
1F
100
AcDbEntity
  8
0
100
AcDbLine
 10
144.8745714285713
 20
126.6549938650308
 30
0.0
 11
145.6745714285712
 21
126.6549938650342
 31
0.0
  0
LINE
  5
1A7
330
1F
100
AcDbEntity
  8
0
100
AcDbLine
 10
144.8745714285816
 20
125.3522074605203
 30
0.0
 11
144.8745714285713
 21
126.6549938650308
 31
0.0
  0
ARC
  5
1A8
330
1F
100
AcDbEntity
  8
0
100
AcDbCircle
 10
145.2745714285715
 20
124.9049938650192
 30
0.0
 40
0.5999999999963682
100
AcDbArc
 50
131.8103148949874
 51
138.1896851025413
  0
LINE
  5
1A9
330
1F
100
AcDbEntity
  8
0
100
AcDbLine
 10
143.5245714285714
 20
125.304993865043
 30
0.0
 11
144.827357833086
 21
125.3049938650299
 31
0.0
  0
LINE
  5
1AA
330
1F
100
AcDbEntity
  8
0
100
AcDbLine
 10
143.5245714285714
 20
124.5049938650208
 30
0.0
 11
143.5245714285714
 21
125.304993865043
 31
0.0
  0
LINE
  5
1AB
330
1F
100
AcDbEntity
  8
0
100
AcDbLine
 10
144.8273578330798
 20
124.5049938650284
 30
0.0
 11
143.5245714285714
 21
124.5049938650208
 31
0.0
  0
ARC
  5
1AC
330
1F
100
AcDbEntity
  8
0
100
AcDbCircle
 10
145.2745714285715
 20
124.9049938650192
 30
0.0
 40
0.5999999999877724
100
AcDbArc
 50
221.8103148956502
 51
228.1896851033952
  0
LINE
  5
1AD
330
1F
100
AcDbEntity
  8
0
100
AcDbLine
 10
144.8745714285713
 20
123.1549938650262
 30
0.0
 11
144.8745714285747
 21
124.4577802695358
 31
0.0
  0
LINE
  5
1AE
330
1F
100
AcDbEntity
  8
0
100
AcDbLine
 10
145.6745714285712
 20
123.1549938650262
 30
0.0
 11
144.8745714285713
 21
123.1549938650262
 31
0.0
  0
LINE
  5
1AF
330
1F
100
AcDbEntity
  8
0
100
AcDbLine
 10
145.6745714285665
 20
124.4577802695373
 30
0.0
 11
145.6745714285712
 21
123.1549938650262
 31
0.0
  0
ARC
  5
1B0
330
1F
100
AcDbEntity
  8
0
100
AcDbCircle
 10
145.2745714285715
 20
124.9049938650192
 30
0.0
 40
0.5999999999865542
100
AcDbArc
 50
311.8103148965658
 51
318.1896851041436
  0
LINE
  5
1B1
330
1F
100
AcDbEntity
  8
0
100
AcDbLine
 10
147.0245714285682
 20
124.5049938650208
 30
0.0
 11
145.7217850240609
 21
124.5049938650276
 31
0.0
  0
LINE
  5
1B2
330
1F
100
AcDbEntity
  8
0
100
AcDbLine
 10
147.0245714285654
 20
125.304993865043
 30
0.0
 11
147.0245714285682
 21
124.5049938650208
 31
0.0
  0
LINE
  5
1B3
330
1F
100
AcDbEntity
  8
0
100
AcDbLine
 10
145.7217850240571
 20
125.3049938650316
 30
0.0
 11
147.0245714285654
 21
125.304993865043
 31
0.0
  0
ARC
  5
1B4
330
1F
100
AcDbEntity
  8
0
100
AcDbCircle
 10
159.5745714285714
 20
124.9049938650192
 30
0.0
 40
0.600000000010226
100
AcDbArc
 50
41.81031489747667
 51
48.18968510497315
  0
LINE
  5
1B5
330
1F
100
AcDbEntity
  8
0
100
AcDbLine
 10
159.9745714285724
 20
126.6549938650342
 30
0.0
 11
159.9745714285714
 21
125.352207460531
 31
0.0
  0
LINE
  5
1B6
330
1F
100
AcDbEntity
  8
0
100
AcDbLine
 10
159.1745714285705
 20
126.6549938650308
 30
0.0
 11
159.9745714285724
 21
126.6549938650342
 31
0.0
  0
LINE
  5
1B7
330
1F
100
AcDbEntity
  8
0
100
AcDbLine
 10
159.1745714285728
 20
125.3522074605293
 30
0.0
 11
159.1745714285705
 21
126.6549938650308
 31
0.0
  0
ARC
  5
1B8
330
1F
100
AcDbEntity
  8
0
100
AcDbCircle
 10
159.5745714285714
 20
124.9049938650192
 30
0.0
 40
0.600000000008836
100
AcDbArc
 50
131.8103148950378
 51
138.1896851025211
  0
LINE
  5
1B9
330
1F
100
AcDbEntity
  8
0
100
AcDbLine
 10
157.8245714285708
 20
125.304993865043
 30
0.0
 11
159.1273578330768
 21
125.3049938650384
 31
0.0
  0
LINE
  5
1BA
330
1F
100
AcDbEntity
  8
0
100
AcDbLine
 10
157.8245714285708
 20
124.5049938650208
 30
0.0
 11
157.8245714285708
 21
125.304993865043
 31
0.0
  0
LINE
  5
1BB
330
1F
100
AcDbEntity
  8
0
100
AcDbLine
 10
159.1273578330708
 20
124.5049938650202
 30
0.0
 11
157.8245714285708
 21
124.5049938650208
 31
0.0
  0
ARC
  5
1BC
330
1F
100
AcDbEntity
  8
0
100
AcDbCircle
 10
159.5745714285714
 20
124.9049938650192
 30
0.0
 40
0.5999999999998579
100
AcDbArc
 50
221.8103148956703
 51
228.1896851033446
  0
LINE
  5
1BD
330
1F
100
AcDbEntity
  8
0
100
AcDbLine
 10
159.1745714285705
 20
123.1549938650262
 30
0.0
 11
159.1745714285659
 21
124.4577802695269
 31
0.0
  0
LINE
  5
1BE
330
1F
100
AcDbEntity
  8
0
100
AcDbLine
 10
159.9745714285724
 20
123.1549938650262
 30
0.0
 11
159.1745714285705
 21
123.1549938650262
 31
0.0
  0
LINE
  5
1BF
330
1F
100
AcDbEntity
  8
0
100
AcDbLine
 10
159.9745714285758
 20
124.4577802695282
 30
0.0
 11
159.9745714285724
 21
123.1549938650262
 31
0.0
  0
ARC
  5
1C0
330
1F
100
AcDbEntity
  8
0
100
AcDbCircle
 10
159.5745714285714
 20
124.9049938650192
 30
0.0
 40
0.5999999999996135
100
AcDbArc
 50
311.8103148966621
 51
318.1896851042231
  0
LINE
  5
1C1
330
1F
100
AcDbEntity
  8
0
100
AcDbLine
 10
161.3245714285694
 20
124.5049938650208
 30
0.0
 11
160.0217850240711
 21
124.5049938650195
 31
0.0
  0
LINE
  5
1C2
330
1F
100
AcDbEntity
  8
0
100
AcDbLine
 10
161.3245714285666
 20
125.304993865043
 30
0.0
 11
161.3245714285694
 21
124.5049938650208
 31
0.0
  0
LINE
  5
1C3
330
1F
100
AcDbEntity
  8
0
100
AcDbLine
 10
160.0217850240672
 20
125.3049938650393
 30
0.0
 11
161.3245714285666
 21
125.304993865043
 31
0.0
  0
LINE
  5
1C4
330
1F
100
AcDbEntity
  8
0
100
AcDbLine
 10
133.7745714285705
 20
178.3049938650347
 30
0.0
 11
132.374571428571
 21
178.3049938650347
 31
0.0
  0
LINE
  5
1C5
330
1F
100
AcDbEntity
  8
0
100
AcDbLine
 10
133.7745714285705
 20
177.3049938650073
 30
0.0
 11
133.7745714285705
 21
178.3049938650347
 31
0.0
  0
LINE
  5
1C6
330
1F
100
AcDbEntity
  8
0
100
AcDbLine
 10
133.7745714285705
 20
177.3049938650073
 30
0.0
 11
132.374571428571
 21
177.3049938650073
 31
0.0
  0
LINE
  5
1C7
330
1F
100
AcDbEntity
  8
0
100
AcDbLine
 10
132.374571428571
 20
177.3049938650073
 30
0.0
 11
132.374571428571
 21
178.3049938650347
 31
0.0
  0
LINE
  5
1C8
330
1F
100
AcDbEntity
  8
0
100
AcDbLine
 10
133.7745714285705
 20
193.1049938650258
 30
0.0
 11
132.374571428571
 21
193.1049938650258
 31
0.0
  0
LINE
  5
1C9
330
1F
100
AcDbEntity
  8
0
100
AcDbLine
 10
133.7745714285705
 20
189.8049938650412
 30
0.0
 11
133.7745714285705
 21
193.1049938650258
 31
0.0
  0
LINE
  5
1CA
330
1F
100
AcDbEntity
  8
0
100
AcDbLine
 10
133.7745714285705
 20
189.8049938650412
 30
0.0
 11
132.374571428571
 21
189.8049938650412
 31
0.0
  0
LINE
  5
1CB
330
1F
100
AcDbEntity
  8
0
100
AcDbLine
 10
132.374571428571
 20
189.8049938650412
 30
0.0
 11
132.374571428571
 21
193.1049938650258
 31
0.0
  0
LINE
  5
1CC
330
1F
100
AcDbEntity
  8
0
100
AcDbLine
 10
133.7745714285705
 20
178.3049938650347
 30
0.0
 11
133.7745714285705
 21
189.8049938650412
 31
0.0
  0
LINE
  5
1CD
330
1F
100
AcDbEntity
  8
0
100
AcDbLine
 10
132.374571428571
 20
178.3049938650347
 30
0.0
 11
132.374571428571
 21
189.8049938650412
 31
0.0
  0
LINE
  5
1CE
330
1F
100
AcDbEntity
  8
0
100
AcDbLine
 10
153.7745714285705
 20
189.8049938650634
 30
0.0
 11
152.374571428571
 21
189.8049938650634
 31
0.0
  0
LINE
  5
1CF
330
1F
100
AcDbEntity
  8
0
100
AcDbLine
 10
153.7745714285705
 20
178.3049938650569
 30
0.0
 11
153.7745714285705
 21
189.8049938650634
 31
0.0
  0
LINE
  5
1D0
330
1F
100
AcDbEntity
  8
0
100
AcDbLine
 10
153.7745714285705
 20
178.3049938650569
 30
0.0
 11
152.374571428571
 21
178.3049938650569
 31
0.0
  0
LINE
  5
1D1
330
1F
100
AcDbEntity
  8
0
100
AcDbLine
 10
152.374571428571
 20
178.3049938650569
 30
0.0
 11
152.374571428571
 21
189.8049938650634
 31
0.0
  0
LINE
  5
1D2
330
1F
100
AcDbEntity
  8
0
100
AcDbLine
 10
153.7745714285705
 20
177.3049938650295
 30
0.0
 11
153.7745714285705
 21
178.3049938650569
 31
0.0
  0
LINE
  5
1D3
330
1F
100
AcDbEntity
  8
0
100
AcDbLine
 10
153.7745714285705
 20
177.3049938650295
 30
0.0
 11
152.374571428571
 21
177.3049938650295
 31
0.0
  0
LINE
  5
1D4
330
1F
100
AcDbEntity
  8
0
100
AcDbLine
 10
152.374571428571
 20
177.3049938650295
 30
0.0
 11
152.374571428571
 21
178.3049938650569
 31
0.0
  0
LINE
  5
1D5
330
1F
100
AcDbEntity
  8
0
100
AcDbLine
 10
153.7745714285705
 20
193.104993865048
 30
0.0
 11
152.374571428571
 21
193.104993865048
 31
0.0
  0
LINE
  5
1D6
330
1F
100
AcDbEntity
  8
0
100
AcDbLine
 10
153.7745714285705
 20
189.8049938650634
 30
0.0
 11
153.7745714285705
 21
193.104993865048
 31
0.0
  0
LINE
  5
1D7
330
1F
100
AcDbEntity
  8
0
100
AcDbLine
 10
152.374571428571
 20
189.8049938650634
 30
0.0
 11
152.374571428571
 21
193.104993865048
 31
0.0
  0
SPLINE
  5
1D8
330
1F
100
AcDbEntity
  8
0
100
AcDbSpline
210
0.0
220
0.0
230
1.0
 70
     8
 71
     3
 72
     8
 73
     4
 74
     0
 42
1E-08
 43
1E-08
 40
0.0
 40
0.0
 40
0.0
 40
0.0
 40
1.0
 40
1.0
 40
1.0
 40
1.0
 10
142.374571428571
 20
190.7766374206463
 30
0.0
 10
142.8343862875533
 20
190.920052054793
 30
0.0
 10
143.3147565695887
 20
190.9200520547931
 30
0.0
 10
143.7745714285711
 20
190.7766374206464
 30
0.0
  0
LINE
  5
1D9
330
1F
100
AcDbEntity
  8
0
100
AcDbLine
 10
143.7745714285711
 20
190.7766374206464
 30
0.0
 11
143.7745714285705
 21
178.0350928773711
 31
0.0
  0
SPLINE
  5
1DA
330
1F
100
AcDbEntity
  8
0
100
AcDbSpline
210
0.0
220
0.0
230
1.0
 70
     8
 71
     3
 72
     8
 73
     4
 74
     0
 42
1E-08
 43
1E-08
 40
0.0
 40
0.0
 40
0.0
 40
0.0
 40
1.0
 40
1.0
 40
1.0
 40
1.0
 10
143.7745714285705
 20
178.0350928773711
 30
0.0
 10
143.3147565695883
 20
177.9952554789957
 30
0.0
 10
142.8343862875532
 20
177.9952554789957
 30
0.0
 10
142.374571428571
 20
178.0350928773712
 30
0.0
  0
LINE
  5
1DB
330
1F
100
AcDbEntity
  8
0
100
AcDbLine
 10
142.374571428571
 20
178.0350928773712
 30
0.0
 11
142.374571428571
 21
190.7766374206463
 31
0.0
  0
LINE
  5
1DC
330
1F
100
AcDbEntity
  8
0
100
AcDbLine
 10
143.7745714285705
 20
193.1049938650369
 30
0.0
 11
142.374571428571
 21
193.1049938650369
 31
0.0
  0
LINE
  5
1DD
330
1F
100
AcDbEntity
  8
0
100
AcDbLine
 10
143.7745714285711
 20
190.7766374206464
 30
0.0
 11
143.7745714285705
 21
193.1049938650369
 31
0.0
  0
LINE
  5
1DE
330
1F
100
AcDbEntity
  8
0
100
AcDbLine
 10
142.374571428571
 20
190.7766374206463
 30
0.0
 11
142.374571428571
 21
193.1049938650369
 31
0.0
  0
LINE
  5
1DF
330
1F
100
AcDbEntity
  8
0
100
AcDbLine
 10
143.7745714285705
 20
177.3049938650184
 30
0.0
 11
142.374571428571
 21
177.3049938650184
 31
0.0
  0
LINE
  5
1E0
330
1F
100
AcDbEntity
  8
0
100
AcDbLine
 10
143.7745714285705
 20
177.3049938650184
 30
0.0
 11
143.7745714285705
 21
178.0350928773711
 31
0.0
  0
LINE
  5
1E1
330
1F
100
AcDbEntity
  8
0
100
AcDbLine
 10
142.374571428571
 20
177.3049938650184
 30
0.0
 11
142.374571428571
 21
178.0350928773712
 31
0.0
  0
LINE
  5
1E2
330
1F
100
AcDbEntity
  8
0
100
AcDbLine
 10
120.5745714285725
 20
194.6120107154562
 30
0.0
 11
165.5745714285703
 21
194.6120107154562
 31
0.0
  0
LINE
  5
1E3
330
1F
100
AcDbEntity
  8
0
100
AcDbLine
 10
143.7745714285715
 20
193.4049938650246
 30
0.0
 11
152.3745714285723
 21
193.4049938650246
 31
0.0
  0
LINE
  5
1E4
330
1F
100
AcDbEntity
  8
0
100
AcDbLine
 10
133.7745714285709
 20
193.4049938650246
 30
0.0
 11
142.3745714285712
 21
193.4049938650246
 31
0.0
  0
LINE
  5
1E5
330
1F
100
AcDbEntity
  8
0
100
AcDbLine
 10
123.7745714285724
 20
193.4049938650246
 30
0.0
 11
132.374571428571
 21
193.4049938650246
 31
0.0
  0
LINE
  5
1E6
330
1F
100
AcDbEntity
  8
0
100
AcDbLine
 10
123.7745714285724
 20
186.9049938650252
 30
0.0
 11
123.7745714285724
 21
193.4049938650246
 31
0.0
  0
LINE
  5
1E7
330
1F
100
AcDbEntity
  8
0
100
AcDbLine
 10
124.1745714285708
 20
186.9049938650252
 30
0.0
 11
123.7745714285724
 21
186.9049938650252
 31
0.0
  0
LINE
  5
1E8
330
1F
100
AcDbEntity
  8
0
100
AcDbLine
 10
124.1745714285708
 20
183.36651718514
 30
0.0
 11
124.1745714285708
 21
186.9049938650252
 31
0.0
  0
LINE
  5
1E9
330
1F
100
AcDbEntity
  8
0
100
AcDbLine
 10
124.1745714285708
 20
183.36651718514
 30
0.0
 11
123.7745714285724
 21
183.36651718514
 31
0.0
  0
LINE
  5
1EA
330
1F
100
AcDbEntity
  8
0
100
AcDbLine
 10
123.7745714285724
 20
183.36651718514
 30
0.0
 11
123.7745714285724
 21
177.304993865039
 31
0.0
  0
LINE
  5
1EB
330
1F
100
AcDbEntity
  8
0
100
AcDbLine
 10
132.374571428571
 20
177.3049938650073
 30
0.0
 11
123.7745714285724
 21
177.304993865039
 31
0.0
  0
LINE
  5
1EC
330
1F
100
AcDbEntity
  8
0
100
AcDbLine
 10
142.374571428571
 20
177.3049938650184
 30
0.0
 11
133.7745714285705
 21
177.3049938650073
 31
0.0
  0
LINE
  5
1ED
330
1F
100
AcDbEntity
  8
0
100
AcDbLine
 10
152.374571428571
 20
177.3049938650295
 30
0.0
 11
143.7745714285705
 21
177.3049938650184
 31
0.0
  0
LINE
  5
1EE
330
1F
100
AcDbEntity
  8
0
100
AcDbLine
 10
162.3745714285704
 20
177.304993865039
 30
0.0
 11
153.7745714285705
 21
177.3049938650295
 31
0.0
  0
LINE
  5
1EF
330
1F
100
AcDbEntity
  8
0
100
AcDbLine
 10
162.3745714285704
 20
183.36651718514
 30
0.0
 11
162.3745714285704
 21
177.304993865039
 31
0.0
  0
LINE
  5
1F0
330
1F
100
AcDbEntity
  8
0
100
AcDbLine
 10
162.3745714285704
 20
183.36651718514
 30
0.0
 11
161.974571428572
 21
183.36651718514
 31
0.0
  0
LINE
  5
1F1
330
1F
100
AcDbEntity
  8
0
100
AcDbLine
 10
161.974571428572
 20
186.9049938650252
 30
0.0
 11
161.974571428572
 21
183.36651718514
 31
0.0
  0
LINE
  5
1F2
330
1F
100
AcDbEntity
  8
0
100
AcDbLine
 10
162.3745714285704
 20
186.9049938650252
 30
0.0
 11
161.974571428572
 21
186.9049938650252
 31
0.0
  0
LINE
  5
1F3
330
1F
100
AcDbEntity
  8
0
100
AcDbLine
 10
162.3745714285704
 20
193.4049938650246
 30
0.0
 11
162.3745714285704
 21
186.9049938650252
 31
0.0
  0
LINE
  5
1F4
330
1F
100
AcDbEntity
  8
0
100
AcDbLine
 10
153.7745714285718
 20
193.4049938650246
 30
0.0
 11
162.3745714285704
 21
193.4049938650246
 31
0.0
  0
LINE
  5
1F5
330
1F
100
AcDbEntity
  8
0
100
AcDbLine
 10
143.7745714285705
 20
193.1049938650369
 30
0.0
 11
143.7745714285715
 21
193.4049938650246
 31
0.0
  0
LINE
  5
1F6
330
1F
100
AcDbEntity
  8
0
100
AcDbLine
 10
142.3745714285712
 20
193.4049938650246
 30
0.0
 11
142.374571428571
 21
193.1049938650369
 31
0.0
  0
LINE
  5
1F7
330
1F
100
AcDbEntity
  8
0
100
AcDbLine
 10
153.7745714285705
 20
193.104993865048
 30
0.0
 11
153.7745714285718
 21
193.4049938650246
 31
0.0
  0
LINE
  5
1F8
330
1F
100
AcDbEntity
  8
0
100
AcDbLine
 10
152.3745714285723
 20
193.4049938650246
 30
0.0
 11
152.374571428571
 21
193.104993865048
 31
0.0
  0
LINE
  5
1F9
330
1F
100
AcDbEntity
  8
0
100
AcDbLine
 10
133.7745714285705
 20
193.1049938650258
 30
0.0
 11
133.7745714285709
 21
193.4049938650246
 31
0.0
  0
LINE
  5
1FA
330
1F
100
AcDbEntity
  8
0
100
AcDbLine
 10
132.374571428571
 20
193.4049938650246
 30
0.0
 11
132.374571428571
 21
193.1049938650258
 31
0.0
  0
LINE
  5
1FB
330
1F
100
AcDbEntity
  8
0
100
AcDbLine
 10
165.5745714285703
 20
194.6120107154562
 30
0.0
 11
165.5745714285703
 21
164.9049962955193
 31
0.0
  0
LINE
  5
1FC
330
1F
100
AcDbEntity
  8
0
100
AcDbLine
 10
120.5745714285725
 20
194.6120107154562
 30
0.0
 11
120.5745714285725
 21
164.9049962955193
 31
0.0
  0
LINE
  5
1FD
330
1F
100
AcDbEntity
  8
0
100
AcDbLine
 10
132.374571428571
 20
181.4049938650316
 30
0.0
 11
123.7745714285724
 21
181.4049938650316
 31
0.0
  0
LINE
  5
1FE
330
1F
100
AcDbEntity
  8
0
100
AcDbLine
 10
142.374571428571
 20
181.4049938650426
 30
0.0
 11
133.7745714285705
 21
181.4049938650316
 31
0.0
  0
LINE
  5
1FF
330
1F
100
AcDbEntity
  8
0
100
AcDbLine
 10
152.374571428571
 20
181.4049938650537
 30
0.0
 11
143.7745714285705
 21
181.4049938650426
 31
0.0
  0
LINE
  5
200
330
1F
100
AcDbEntity
  8
0
100
AcDbLine
 10
162.3745714285704
 20
181.4049938650316
 30
0.0
 11
153.7745714285705
 21
181.4049938650537
 31
0.0
  0
SPLINE
  5
201
330
1F
100
AcDbEntity
  8
0
100
AcDbSpline
210
0.0
220
0.0
230
1.0
 70
     8
 71
     3
 72
    14
 73
    10
 74
     0
 42
1E-08
 43
1E-08
 40
0.0
 40
0.0
 40
0.0
 40
0.0
 40
0.2500000000000002
 40
0.2500000000000002
 40
0.5000000000000003
 40
0.5000000000000003
 40
0.7500000000000001
 40
0.7500000000000001
 40
1.0
 40
1.0
 40
1.0
 40
1.0
 10
138.0745714285711
 20
195.431931212887
 30
0.0
 10
137.6915552758485
 20
195.431931212887
 30
0.0
 10
137.2783287578744
 20
195.4442398758804
 30
0.0
 10
136.4781986283424
 20
195.5000939534263
 30
0.0
 10
136.0937754922765
 20
195.5438286535966
 30
0.0
 10
135.4591735321949
 20
195.6557260943061
 30
0.0
 10
135.2111416924766
 20
195.7235102636099
 30
0.0
 10
134.8943774069698
 20
195.8645947939585
 30
0.0
 10
134.8245714694117
 20
195.9374577802093
 30
0.0
 10
134.8245714285714
 20
196.0049938650403
 30
0.0
  0
SPLINE
  5
202
330
1F
100
AcDbEntity
  8
0
100
AcDbSpline
210
0.0
220
0.0
230
1.0
 70
     8
 71
     3
 72
    14
 73
    10
 74
     0
 42
1E-08
 43
1E-08
 40
0.0
 40
0.0
 40
0.0
 40
0.0
 40
0.25
 40
0.25
 40
0.5
 40
0.5
 40
0.75
 40
0.75
 40
1.0
 40
1.0
 40
1.0
 40
1.0
 10
141.3245714285708
 20
196.0049938650403
 30
0.0
 10
141.3245713877305
 20
195.9374577802093
 30
0.0
 10
141.2547654501724
 20
195.8645947939586
 30
0.0
 10
140.9380011646656
 20
195.7235102636099
 30
0.0
 10
140.6899693249473
 20
195.6557260943061
 30
0.0
 10
140.0553673648656
 20
195.5438286535966
 30
0.0
 10
139.6709442287998
 20
195.5000939534263
 30
0.0
 10
138.8708140992678
 20
195.4442398758804
 30
0.0
 10
138.4575875812936
 20
195.431931212887
 30
0.0
 10
138.0745714285711
 20
195.431931212887
 30
0.0
  0
LINE
  5
203
330
1F
100
AcDbEntity
  8
0
100
AcDbLine
 10
141.3245714285708
 20
196.0049938650403
 30
0.0
 11
144.8245714285721
 21
196.0049938650403
 31
0.0
  0
SPLINE
  5
204
330
1F
100
AcDbEntity
  8
0
100
AcDbSpline
210
0.0
220
0.0
230
1.0
 70
     8
 71
     3
 72
    14
 73
    10
 74
     0
 42
1E-08
 43
1E-08
 40
0.0
 40
0.0
 40
0.0
 40
0.0
 40
0.2500000000000002
 40
0.2500000000000002
 40
0.5000000000000001
 40
0.5000000000000001
 40
0.75
 40
0.75
 40
1.0
 40
1.0
 40
1.0
 40
1.0
 10
148.0745714285717
 20
195.431931212887
 30
0.0
 10
147.6915552758492
 20
195.431931212887
 30
0.0
 10
147.278328757875
 20
195.4442398758804
 30
0.0
 10
146.4781986283431
 20
195.5000939534264
 30
0.0
 10
146.0937754922772
 20
195.5438286535966
 30
0.0
 10
145.4591735321956
 20
195.6557260943061
 30
0.0
 10
145.2111416924772
 20
195.7235102636099
 30
0.0
 10
144.8943774069704
 20
195.8645947939585
 30
0.0
 10
144.8245714694123
 20
195.9374577802093
 30
0.0
 10
144.8245714285721
 20
196.0049938650403
 30
0.0
  0
SPLINE
  5
205
330
1F
100
AcDbEntity
  8
0
100
AcDbSpline
210
0.0
220
0.0
230
1.0
 70
     8
 71
     3
 72
    14
 73
    10
 74
     0
 42
1E-08
 43
1E-08
 40
0.0
 40
0.0
 40
0.0
 40
0.0
 40
0.25
 40
0.25
 40
0.5
 40
0.5
 40
0.75
 40
0.75
 40
1.0
 40
1.0
 40
1.0
 40
1.0
 10
151.3245714285714
 20
196.0049938650403
 30
0.0
 10
151.3245713877312
 20
195.9374577802093
 30
0.0
 10
151.254765450173
 20
195.8645947939586
 30
0.0
 10
150.9380011646662
 20
195.7235102636099
 30
0.0
 10
150.6899693249479
 20
195.6557260943061
 30
0.0
 10
150.0553673648663
 20
195.5438286535966
 30
0.0
 10
149.6709442288004
 20
195.5000939534263
 30
0.0
 10
148.8708140992684
 20
195.4442398758804
 30
0.0
 10
148.4575875812943
 20
195.431931212887
 30
0.0
 10
148.0745714285717
 20
195.431931212887
 30
0.0
  0
LINE
  5
206
330
1F
100
AcDbEntity
  8
0
100
AcDbLine
 10
151.3245714285714
 20
196.0049938650403
 30
0.0
 11
154.8245714285727
 21
196.0049938650403
 31
0.0
  0
SPLINE
  5
207
330
1F
100
AcDbEntity
  8
0
100
AcDbSpline
210
0.0
220
0.0
230
1.0
 70
     8
 71
     3
 72
    14
 73
    10
 74
     0
 42
1E-08
 43
1E-08
 40
0.0
 40
0.0
 40
0.0
 40
0.0
 40
0.25
 40
0.25
 40
0.5
 40
0.5
 40
0.75
 40
0.75
 40
1.0
 40
1.0
 40
1.0
 40
1.0
 10
158.0745714285724
 20
195.431931212887
 30
0.0
 10
157.6915552758498
 20
195.431931212887
 30
0.0
 10
157.2783287578757
 20
195.4442398758804
 30
0.0
 10
156.4781986283437
 20
195.5000939534263
 30
0.0
 10
156.0937754922778
 20
195.5438286535966
 30
0.0
 10
155.4591735321962
 20
195.6557260943061
 30
0.0
 10
155.2111416924779
 20
195.7235102636099
 30
0.0
 10
154.8943774069711
 20
195.8645947939585
 30
0.0
 10
154.8245714694129
 20
195.9374577802093
 30
0.0
 10
154.8245714285727
 20
196.0049938650403
 30
0.0
  0
SPLINE
  5
208
330
1F
100
AcDbEntity
  8
0
100
AcDbSpline
210
0.0
220
0.0
230
1.0
 70
     8
 71
     3
 72
    14
 73
    10
 74
     0
 42
1E-08
 43
1E-08
 40
0.0
 40
0.0
 40
0.0
 40
0.0
 40
0.25
 40
0.25
 40
0.5
 40
0.5
 40
0.75
 40
0.75
 40
1.0
 40
1.0
 40
1.0
 40
1.0
 10
161.3245714285721
 20
196.0049938650403
 30
0.0
 10
161.3245713877318
 20
195.9374577802093
 30
0.0
 10
161.2547654501737
 20
195.8645947939586
 30
0.0
 10
160.9380011646669
 20
195.7235102636099
 30
0.0
 10
160.6899693249485
 20
195.6557260943061
 30
0.0
 10
160.055367364867
 20
195.5438286535966
 30
0.0
 10
159.6709442288011
 20
195.5000939534263
 30
0.0
 10
158.8708140992691
 20
195.4442398758804
 30
0.0
 10
158.4575875812949
 20
195.431931212887
 30
0.0
 10
158.0745714285724
 20
195.431931212887
 30
0.0
  0
LINE
  5
209
330
1F
100
AcDbEntity
  8
0
100
AcDbLine
 10
161.3245714285721
 20
196.0049938650403
 30
0.0
 11
165.5745714285703
 21
196.0049938650403
 31
0.0
  0
LINE
  5
20A
330
1F
100
AcDbEntity
  8
0
100
AcDbLine
 10
120.5745714285725
 20
196.0049938650403
 30
0.0
 11
124.8245714285708
 21
196.0049938650403
 31
0.0
  0
SPLINE
  5
20B
330
1F
100
AcDbEntity
  8
0
100
AcDbSpline
210
0.0
220
0.0
230
1.0
 70
     8
 71
     3
 72
    14
 73
    10
 74
     0
 42
1E-08
 43
1E-08
 40
0.0
 40
0.0
 40
0.0
 40
0.0
 40
0.25
 40
0.25
 40
0.5
 40
0.5
 40
0.75
 40
0.75
 40
1.0
 40
1.0
 40
1.0
 40
1.0
 10
128.0745714285705
 20
195.431931212887
 30
0.0
 10
127.6915552758479
 20
195.431931212887
 30
0.0
 10
127.2783287578738
 20
195.4442398758804
 30
0.0
 10
126.4781986283418
 20
195.5000939534263
 30
0.0
 10
126.0937754922759
 20
195.5438286535966
 30
0.0
 10
125.4591735321943
 20
195.6557260943061
 30
0.0
 10
125.2111416924759
 20
195.7235102636099
 30
0.0
 10
124.8943774069692
 20
195.8645947939585
 30
0.0
 10
124.824571469411
 20
195.9374577802093
 30
0.0
 10
124.8245714285708
 20
196.0049938650403
 30
0.0
  0
SPLINE
  5
20C
330
1F
100
AcDbEntity
  8
0
100
AcDbSpline
210
0.0
220
0.0
230
1.0
 70
     8
 71
     3
 72
    14
 73
    10
 74
     0
 42
1E-08
 43
1E-08
 40
0.0
 40
0.0
 40
0.0
 40
0.0
 40
0.25
 40
0.25
 40
0.5
 40
0.5
 40
0.75
 40
0.75
 40
1.0
 40
1.0
 40
1.0
 40
1.0
 10
131.3245714285701
 20
196.0049938650403
 30
0.0
 10
131.3245713877299
 20
195.9374577802093
 30
0.0
 10
131.2547654501717
 20
195.8645947939586
 30
0.0
 10
130.938001164665
 20
195.7235102636099
 30
0.0
 10
130.6899693249466
 20
195.6557260943061
 30
0.0
 10
130.055367364865
 20
195.5438286535966
 30
0.0
 10
129.6709442287992
 20
195.5000939534263
 30
0.0
 10
128.8708140992671
 20
195.4442398758804
 30
0.0
 10
128.457587581293
 20
195.431931212887
 30
0.0
 10
128.0745714285705
 20
195.431931212887
 30
0.0
  0
LINE
  5
20D
330
1F
100
AcDbEntity
  8
0
100
AcDbLine
 10
131.3245714285701
 20
196.0049938650403
 30
0.0
 11
134.8245714285714
 21
196.0049938650403
 31
0.0
  0
LINE
  5
20E
330
1F
100
AcDbEntity
  8
0
100
AcDbLine
 10
165.5745714285703
 20
196.0049938650403
 30
0.0
 11
165.5745714285703
 21
194.6120107154562
 31
0.0
  0
LINE
  5
20F
330
1F
100
AcDbEntity
  8
0
100
AcDbLine
 10
120.5745714285725
 20
196.0049938650403
 30
0.0
 11
120.5745714285725
 21
194.6120107154562
 31
0.0
  0
LINE
  5
210
330
1F
100
AcDbEntity
  8
0
100
AcDbLine
 10
132.374571428571
 20
183.36651718514
 30
0.0
 11
131.9745714285726
 21
183.36651718514
 31
0.0
  0
LINE
  5
211
330
1F
100
AcDbEntity
  8
0
100
AcDbLine
 10
131.9745714285726
 20
186.9049938650252
 30
0.0
 11
131.9745714285726
 21
183.36651718514
 31
0.0
  0
LINE
  5
212
330
1F
100
AcDbEntity
  8
0
100
AcDbLine
 10
132.374571428571
 20
186.9049938650252
 30
0.0
 11
131.9745714285726
 21
186.9049938650252
 31
0.0
  0
LINE
  5
213
330
1F
100
AcDbEntity
  8
0
100
AcDbLine
 10
134.1745714285714
 20
183.36651718514
 30
0.0
 11
134.1745714285714
 21
186.9049938650252
 31
0.0
  0
LINE
  5
214
330
1F
100
AcDbEntity
  8
0
100
AcDbLine
 10
134.1745714285714
 20
183.36651718514
 30
0.0
 11
133.7745714285705
 21
183.36651718514
 31
0.0
  0
LINE
  5
215
330
1F
100
AcDbEntity
  8
0
100
AcDbLine
 10
134.1745714285714
 20
186.9049938650252
 30
0.0
 11
133.7745714285705
 21
186.9049938650252
 31
0.0
  0
LINE
  5
216
330
1F
100
AcDbEntity
  8
0
100
AcDbLine
 10
141.9745714285715
 20
186.9049938650252
 30
0.0
 11
141.9745714285715
 21
183.36651718514
 31
0.0
  0
LINE
  5
217
330
1F
100
AcDbEntity
  8
0
100
AcDbLine
 10
142.374571428571
 20
186.9049938650252
 30
0.0
 11
141.9745714285715
 21
186.9049938650252
 31
0.0
  0
LINE
  5
218
330
1F
100
AcDbEntity
  8
0
100
AcDbLine
 10
142.374571428571
 20
183.36651718514
 30
0.0
 11
141.9745714285715
 21
183.36651718514
 31
0.0
  0
LINE
  5
219
330
1F
100
AcDbEntity
  8
0
100
AcDbLine
 10
144.1745714285713
 20
186.9049938650252
 30
0.0
 11
143.7745714285705
 21
186.9049938650252
 31
0.0
  0
LINE
  5
21A
330
1F
100
AcDbEntity
  8
0
100
AcDbLine
 10
144.1745714285713
 20
183.36651718514
 30
0.0
 11
144.1745714285713
 21
186.9049938650252
 31
0.0
  0
LINE
  5
21B
330
1F
100
AcDbEntity
  8
0
100
AcDbLine
 10
144.1745714285713
 20
183.36651718514
 30
0.0
 11
143.7745714285705
 21
183.36651718514
 31
0.0
  0
LINE
  5
21C
330
1F
100
AcDbEntity
  8
0
100
AcDbLine
 10
152.374571428571
 20
183.36651718514
 30
0.0
 11
151.9745714285714
 21
183.36651718514
 31
0.0
  0
LINE
  5
21D
330
1F
100
AcDbEntity
  8
0
100
AcDbLine
 10
152.374571428571
 20
186.9049938650252
 30
0.0
 11
151.9745714285714
 21
186.9049938650252
 31
0.0
  0
LINE
  5
21E
330
1F
100
AcDbEntity
  8
0
100
AcDbLine
 10
151.9745714285714
 20
186.9049938650252
 30
0.0
 11
151.9745714285714
 21
183.36651718514
 31
0.0
  0
LINE
  5
21F
330
1F
100
AcDbEntity
  8
0
100
AcDbLine
 10
154.1745714285702
 20
186.9049938650252
 30
0.0
 11
153.7745714285705
 21
186.9049938650252
 31
0.0
  0
LINE
  5
220
330
1F
100
AcDbEntity
  8
0
100
AcDbLine
 10
154.1745714285702
 20
183.36651718514
 30
0.0
 11
154.1745714285702
 21
186.9049938650252
 31
0.0
  0
LINE
  5
221
330
1F
100
AcDbEntity
  8
0
100
AcDbLine
 10
154.1745714285702
 20
183.36651718514
 30
0.0
 11
153.7745714285705
 21
183.36651718514
 31
0.0
  0
LINE
  5
222
330
1F
100
AcDbEntity
  8
0
100
AcDbLine
 10
124.1745714285708
 20
186.9049938650252
 30
0.0
 11
131.9745714285726
 21
186.9049938650252
 31
0.0
  0
LINE
  5
223
330
1F
100
AcDbEntity
  8
0
100
AcDbLine
 10
134.1745714285714
 20
186.9049938650252
 30
0.0
 11
141.9745714285715
 21
186.9049938650252
 31
0.0
  0
LINE
  5
224
330
1F
100
AcDbEntity
  8
0
100
AcDbLine
 10
144.1745714285713
 20
186.9049938650252
 30
0.0
 11
151.9745714285714
 21
186.9049938650252
 31
0.0
  0
LINE
  5
225
330
1F
100
AcDbEntity
  8
0
100
AcDbLine
 10
154.1745714285702
 20
186.9049938650252
 30
0.0
 11
161.974571428572
 21
186.9049938650252
 31
0.0
  0
LINE
  5
226
330
1F
100
AcDbEntity
  8
0
100
AcDbLine
 10
124.1745714285708
 20
182.6049938650323
 30
0.0
 11
131.9745714285726
 21
182.6049938650313
 31
0.0
  0
LINE
  5
227
330
1F
100
AcDbEntity
  8
0
100
AcDbLine
 10
131.9745714285726
 20
182.6049938650313
 30
0.0
 11
131.9745714285726
 21
183.36651718514
 31
0.0
  0
LINE
  5
228
330
1F
100
AcDbEntity
  8
0
100
AcDbLine
 10
124.1745714285708
 20
183.36651718514
 30
0.0
 11
124.1745714285708
 21
182.6049938650323
 31
0.0
  0
LINE
  5
229
330
1F
100
AcDbEntity
  8
0
100
AcDbLine
 10
134.1745714285714
 20
182.6049938650323
 30
0.0
 11
141.9745714285715
 21
182.6049938650313
 31
0.0
  0
LINE
  5
22A
330
1F
100
AcDbEntity
  8
0
100
AcDbLine
 10
141.9745714285715
 20
182.6049938650313
 30
0.0
 11
141.9745714285715
 21
183.36651718514
 31
0.0
  0
LINE
  5
22B
330
1F
100
AcDbEntity
  8
0
100
AcDbLine
 10
134.1745714285714
 20
183.36651718514
 30
0.0
 11
134.1745714285714
 21
182.6049938650323
 31
0.0
  0
LINE
  5
22C
330
1F
100
AcDbEntity
  8
0
100
AcDbLine
 10
144.1745714285713
 20
182.6049938650323
 30
0.0
 11
151.9745714285714
 21
182.6049938650313
 31
0.0
  0
LINE
  5
22D
330
1F
100
AcDbEntity
  8
0
100
AcDbLine
 10
151.9745714285714
 20
182.6049938650313
 30
0.0
 11
151.9745714285714
 21
183.36651718514
 31
0.0
  0
LINE
  5
22E
330
1F
100
AcDbEntity
  8
0
100
AcDbLine
 10
144.1745714285713
 20
183.36651718514
 30
0.0
 11
144.1745714285713
 21
182.6049938650323
 31
0.0
  0
LINE
  5
22F
330
1F
100
AcDbEntity
  8
0
100
AcDbLine
 10
154.1745714285702
 20
182.6049938650323
 30
0.0
 11
161.974571428572
 21
182.6049938650313
 31
0.0
  0
LINE
  5
230
330
1F
100
AcDbEntity
  8
0
100
AcDbLine
 10
161.974571428572
 20
182.6049938650313
 30
0.0
 11
161.974571428572
 21
183.36651718514
 31
0.0
  0
LINE
  5
231
330
1F
100
AcDbEntity
  8
0
100
AcDbLine
 10
154.1745714285702
 20
183.36651718514
 30
0.0
 11
154.1745714285702
 21
182.6049938650323
 31
0.0
  0
LINE
  5
232
330
1F
100
AcDbEntity
  8
0
100
AcDbLine
 10
128.0745714285705
 20
196.0049938650403
 30
0.0
 11
124.8245714285708
 21
196.0049938650403
 31
0.0
  0
LINE
  5
233
330
1F
100
AcDbEntity
  8
0
100
AcDbLine
 10
131.3245714285701
 20
196.0049938650403
 30
0.0
 11
128.0745714285705
 21
196.0049938650403
 31
0.0
  0
LINE
  5
234
330
1F
100
AcDbEntity
  8
0
100
AcDbLine
 10
138.0745714285711
 20
196.0049938650403
 30
0.0
 11
134.8245714285714
 21
196.0049938650403
 31
0.0
  0
LINE
  5
235
330
1F
100
AcDbEntity
  8
0
100
AcDbLine
 10
141.3245714285708
 20
196.0049938650403
 30
0.0
 11
138.0745714285711
 21
196.0049938650403
 31
0.0
  0
LINE
  5
236
330
1F
100
AcDbEntity
  8
0
100
AcDbLine
 10
148.0745714285717
 20
196.0049938650403
 30
0.0
 11
144.8245714285721
 21
196.0049938650403
 31
0.0
  0
LINE
  5
237
330
1F
100
AcDbEntity
  8
0
100
AcDbLine
 10
151.3245714285714
 20
196.0049938650403
 30
0.0
 11
148.0745714285717
 21
196.0049938650403
 31
0.0
  0
LINE
  5
238
330
1F
100
AcDbEntity
  8
0
100
AcDbLine
 10
158.0745714285724
 20
196.0049938650403
 30
0.0
 11
154.8245714285727
 21
196.0049938650403
 31
0.0
  0
LINE
  5
239
330
1F
100
AcDbEntity
  8
0
100
AcDbLine
 10
161.3245714285721
 20
196.0049938650403
 30
0.0
 11
158.0745714285724
 21
196.0049938650403
 31
0.0
  0
LINE
  5
23A
330
1F
100
AcDbEntity
  8
0
100
AcDbLine
 10
120.5745714285725
 20
197.6034766207727
 30
0.0
 11
165.5745714285703
 21
197.6034766207727
 31
0.0
  0
LINE
  5
23B
330
1F
100
AcDbEntity
  8
0
100
AcDbLine
 10
120.5745714285725
 20
198.286489322659
 30
0.0
 11
120.5745714285725
 21
197.6034766207727
 31
0.0
  0
LINE
  5
23C
330
1F
100
AcDbEntity
  8
0
100
AcDbLine
 10
120.5745714285725
 20
198.286489322659
 30
0.0
 11
165.5745714285703
 21
198.286489322659
 31
0.0
  0
LINE
  5
23D
330
1F
100
AcDbEntity
  8
0
100
AcDbLine
 10
165.5745714285703
 20
198.286489322659
 30
0.0
 11
165.5745714285703
 21
197.6034766207727
 31
0.0
  0
LINE
  5
23E
330
1F
100
AcDbEntity
  8
0
100
AcDbLine
 10
120.5745714285725
 20
198.4596944034076
 30
0.0
 11
165.5745714285703
 21
198.4596944034076
 31
0.0
  0
LINE
  5
23F
330
1F
100
AcDbEntity
  8
0
100
AcDbLine
 10
120.5745714285725
 20
198.4596944034076
 30
0.0
 11
120.5745714285725
 21
198.286489322659
 31
0.0
  0
LINE
  5
240
330
1F
100
AcDbEntity
  8
0
100
AcDbLine
 10
165.5745714285703
 20
198.4596944034076
 30
0.0
 11
165.5745714285703
 21
198.286489322659
 31
0.0
  0
LINE
  5
241
330
1F
100
AcDbEntity
  8
0
100
AcDbLine
 10
120.5745714285725
 20
198.7096944034077
 30
0.0
 11
120.5745714285725
 21
198.4596944034076
 31
0.0
  0
LINE
  5
242
330
1F
100
AcDbEntity
  8
0
100
AcDbLine
 10
165.5745714285703
 20
198.7096944034077
 30
0.0
 11
165.5745714285703
 21
198.4596944034076
 31
0.0
  0
LINE
  5
243
330
1F
100
AcDbEntity
  8
0
100
AcDbLine
 10
120.5745714285725
 20
197.0549938650354
 30
0.0
 11
165.5745714285703
 21
197.0549938650354
 31
0.0
  0
LINE
  5
244
330
1F
100
AcDbEntity
  8
0
100
AcDbLine
 10
120.5745714285725
 20
197.6034766207727
 30
0.0
 11
120.5745714285725
 21
197.0549938650354
 31
0.0
  0
LINE
  5
245
330
1F
100
AcDbEntity
  8
0
100
AcDbLine
 10
165.5745714285703
 20
197.6034766207727
 30
0.0
 11
165.5745714285703
 21
197.0549938650354
 31
0.0
  0
LINE
  5
246
330
1F
100
AcDbEntity
  8
0
100
AcDbLine
 10
120.5745714285725
 20
197.0049938650363
 30
0.0
 11
165.5745714285703
 21
197.0049938650363
 31
0.0
  0
LINE
  5
247
330
1F
100
AcDbEntity
  8
0
100
AcDbLine
 10
165.5745714285703
 20
197.0049938650363
 30
0.0
 11
165.5745714285703
 21
196.0049938650403
 31
0.0
  0
LINE
  5
248
330
1F
100
AcDbEntity
  8
0
100
AcDbLine
 10
120.5745714285725
 20
197.0049938650363
 30
0.0
 11
120.5745714285725
 21
196.0049938650403
 31
0.0
  0
LINE
  5
249
330
1F
100
AcDbEntity
  8
0
100
AcDbLine
 10
131.9745714285726
 20
184.2049938650309
 30
0.0
 11
129.8245714285742
 21
184.2049938650309
 31
0.0
  0
LINE
  5
24A
330
1F
100
AcDbEntity
  8
0
100
AcDbLine
 10
126.3245714285685
 20
184.2049938650309
 30
0.0
 11
124.1745714285708
 21
184.2049938650309
 31
0.0
  0
LINE
  5
24B
330
1F
100
AcDbEntity
  8
0
100
AcDbLine
 10
141.9745714285715
 20
184.2049938650309
 30
0.0
 11
139.8245714285742
 21
184.2049938650309
 31
0.0
  0
LINE
  5
24C
330
1F
100
AcDbEntity
  8
0
100
AcDbLine
 10
136.3245714285685
 20
184.2049938650309
 30
0.0
 11
134.1745714285714
 21
184.2049938650309
 31
0.0
  0
LINE
  5
24D
330
1F
100
AcDbEntity
  8
0
100
AcDbLine
 10
151.9745714285714
 20
184.2049938650309
 30
0.0
 11
149.8245714285742
 21
184.2049938650309
 31
0.0
  0
LINE
  5
24E
330
1F
100
AcDbEntity
  8
0
100
AcDbLine
 10
146.3245714285685
 20
184.2049938650309
 30
0.0
 11
144.1745714285713
 21
184.2049938650309
 31
0.0
  0
LINE
  5
24F
330
1F
100
AcDbEntity
  8
0
100
AcDbLine
 10
161.974571428572
 20
184.2049938650309
 30
0.0
 11
159.8245714285742
 21
184.2049938650309
 31
0.0
  0
LINE
  5
250
330
1F
100
AcDbEntity
  8
0
100
AcDbLine
 10
156.3245714285685
 20
184.2049938650309
 30
0.0
 11
154.1745714285702
 21
184.2049938650309
 31
0.0
  0
LINE
  5
251
330
1F
100
AcDbEntity
  8
0
100
AcDbLine
 10
141.524571428572
 20
200.8859615803106
 30
0.0
 11
144.8245714285715
 21
200.8859615803106
 31
0.0
  0
LINE
  5
252
330
1F
100
AcDbEntity
  8
0
100
AcDbLine
 10
144.8245714285715
 20
200.8859615803106
 30
0.0
 11
144.8245714285715
 21
198.9026403184807
 31
0.0
  0
LINE
  5
253
330
1F
100
AcDbEntity
  8
0
100
AcDbLine
 10
144.8245714285715
 20
200.8859615803106
 30
0.0
 11
144.8245714285715
 21
201.9049938650419
 31
0.0
  0
LINE
  5
254
330
1F
100
AcDbEntity
  8
0
100
AcDbLine
 10
141.524571428572
 20
201.9049938650419
 30
0.0
 11
144.8245714285715
 21
201.9049938650419
 31
0.0
  0
LINE
  5
255
330
1F
100
AcDbEntity
  8
0
100
AcDbLine
 10
144.8245714285715
 20
200.8859615803106
 30
0.0
 11
148.124571428571
 21
200.8859615803106
 31
0.0
  0
LINE
  5
256
330
1F
100
AcDbEntity
  8
0
100
AcDbLine
 10
144.8245714285715
 20
201.9049938650419
 30
0.0
 11
148.124571428571
 21
201.9049938650419
 31
0.0
  0
LINE
  5
257
330
1F
100
AcDbEntity
  8
0
100
AcDbLine
 10
165.5745714285703
 20
199.5049938650326
 30
0.0
 11
165.5745714285703
 21
198.7096944034077
 31
0.0
  0
LINE
  5
258
330
1F
100
AcDbEntity
  8
0
100
AcDbLine
 10
120.5745714285725
 20
199.5049938650326
 30
0.0
 11
120.5745714285725
 21
198.7096944034077
 31
0.0
  0
LINE
  5
259
330
1F
100
AcDbEntity
  8
0
100
AcDbLine
 10
165.5745714285703
 20
197.0549938650354
 30
0.0
 11
165.5745714285703
 21
197.0049938650363
 31
0.0
  0
LINE
  5
25A
330
1F
100
AcDbEntity
  8
0
100
AcDbLine
 10
120.5745714285725
 20
197.0549938650354
 30
0.0
 11
120.5745714285725
 21
197.0049938650363
 31
0.0
  0
LINE
  5
25B
330
1F
100
AcDbEntity
  8
0
100
AcDbLine
 10
155.6745714285718
 20
197.0549938650354
 30
0.0
 11
155.6745714285718
 21
197.0049938650363
 31
0.0
  0
LINE
  5
25C
330
1F
100
AcDbEntity
  8
0
100
AcDbLine
 10
128.0745714285705
 20
183.6818839766034
 30
0.0
 11
128.0745714285705
 21
182.6049938650318
 31
0.0
  0
LINE
  5
25D
330
1F
100
AcDbEntity
  8
0
100
AcDbLine
 10
138.0745714285705
 20
183.6818839766034
 30
0.0
 11
138.0745714285705
 21
182.6049938650318
 31
0.0
  0
LINE
  5
25E
330
1F
100
AcDbEntity
  8
0
100
AcDbLine
 10
158.0745714285705
 20
183.6818839766034
 30
0.0
 11
158.0745714285705
 21
182.6049938650318
 31
0.0
  0
LINE
  5
25F
330
1F
100
AcDbEntity
  8
0
100
AcDbLine
 10
148.0745714285704
 20
183.6818839766034
 30
0.0
 11
148.0745714285704
 21
182.6049938650318
 31
0.0
  0
LINE
  5
260
330
1F
100
AcDbEntity
  8
0
100
AcDbLine
 10
128.7745714285702
 20
164.9049920435131
 30
0.0
 11
128.7745714285702
 21
164.1820529172487
 31
0.0
  0
LINE
  5
261
330
1F
100
AcDbEntity
  8
0
100
AcDbLine
 10
143.0745714285714
 20
164.9049920435131
 30
0.0
 11
143.0745714285714
 21
164.1820529172487
 31
0.0
  0
LINE
  5
262
330
1F
100
AcDbEntity
  8
0
100
AcDbLine
 10
157.3745714285726
 20
164.9049920435131
 30
0.0
 11
157.3745714285726
 21
164.1820529172487
 31
0.0
  0
LINE
  5
263
330
1F
100
AcDbEntity
  8
0
100
AcDbLine
 10
128.0745714285705
 20
196.0049938650403
 30
0.0
 11
128.0745714285705
 21
195.431931212887
 31
0.0
  0
LINE
  5
264
330
1F
100
AcDbEntity
  8
0
100
AcDbLine
 10
138.0745714285711
 20
196.0049938650403
 30
0.0
 11
138.0745714285711
 21
195.431931212887
 31
0.0
  0
LINE
  5
265
330
1F
100
AcDbEntity
  8
0
100
AcDbLine
 10
148.0745714285717
 20
196.0049938650403
 30
0.0
 11
148.0745714285717
 21
195.431931212887
 31
0.0
  0
LINE
  5
266
330
1F
100
AcDbEntity
  8
0
100
AcDbLine
 10
158.0745714285724
 20
196.0049938650403
 30
0.0
 11
158.0745714285724
 21
195.431931212887
 31
0.0
  0
LINE
  5
267
330
1F
100
AcDbEntity
  8
0
100
AcDbLine
 10
131.9745714285726
 20
184.1049938650313
 30
0.0
 11
130.0745714285729
 21
184.1049938650313
 31
0.0
  0
LINE
  5
268
330
1F
100
AcDbEntity
  8
0
100
AcDbLine
 10
126.0745714285702
 20
184.1049938650313
 30
0.0
 11
124.1745714285708
 21
184.1049938650313
 31
0.0
  0
LINE
  5
269
330
1F
100
AcDbEntity
  8
0
100
AcDbLine
 10
141.9745714285715
 20
184.1049938650313
 30
0.0
 11
140.0745714285729
 21
184.1049938650313
 31
0.0
  0
LINE
  5
26A
330
1F
100
AcDbEntity
  8
0
100
AcDbLine
 10
136.0745714285701
 20
184.1049938650313
 30
0.0
 11
134.1745714285714
 21
184.1049938650313
 31
0.0
  0
LINE
  5
26B
330
1F
100
AcDbEntity
  8
0
100
AcDbLine
 10
151.9745714285714
 20
184.1049938650313
 30
0.0
 11
150.0745714285729
 21
184.1049938650313
 31
0.0
  0
LINE
  5
26C
330
1F
100
AcDbEntity
  8
0
100
AcDbLine
 10
146.0745714285701
 20
184.1049938650313
 30
0.0
 11
144.1745714285713
 21
184.1049938650313
 31
0.0
  0
LINE
  5
26D
330
1F
100
AcDbEntity
  8
0
100
AcDbLine
 10
161.974571428572
 20
184.1049938650313
 30
0.0
 11
160.0745714285729
 21
184.1049938650313
 31
0.0
  0
LINE
  5
26E
330
1F
100
AcDbEntity
  8
0
100
AcDbLine
 10
156.0745714285701
 20
184.1049938650313
 30
0.0
 11
154.1745714285702
 21
184.1049938650313
 31
0.0
  0
LINE
  5
26F
330
1F
100
AcDbEntity
  8
0
100
AcDbLine
 10
142.0516131350121
 20
198.9026403184807
 30
0.0
 11
144.8245714285715
 21
198.9026403184807
 31
0.0
  0
LINE
  5
270
330
1F
100
AcDbEntity
  8
0
100
AcDbLine
 10
144.8245714285715
 20
198.9026403184807
 30
0.0
 11
144.8245714285715
 21
198.7096944034077
 31
0.0
  0
LINE
  5
271
330
1F
100
AcDbEntity
  8
0
100
AcDbLine
 10
144.8245714285715
 20
197.0549938650354
 30
0.0
 11
144.8245714285715
 21
197.0049938650363
 31
0.0
  0
LINE
  5
272
330
1F
100
AcDbEntity
  8
0
100
AcDbLine
 10
144.8245714285715
 20
198.9026403184807
 30
0.0
 11
147.5975297221309
 21
198.9026403184807
 31
0.0
  0
DIMENSION
  5
273
330
1F
100
AcDbEntity
  8
DIMENSIONS
100
AcDbDimension
  2
_D
 10
189.8600139445523
 20
199.5049938650326
 30
0.0
 11
189.8600139445523
 21
152.9998536449821
 31
0.0
 70
   160
  1
<>
 71
     2
 42
-1.0
  3
SLDDIMSTYLE0
100
AcDbAlignedDimension
 13
165.5745714285707
 23
111.9049938650194
 33
0.0
 14
165.5745714285703
 24
199.5049938650326
 34
0.0
 52
0.0
 50
90.0000000000002
100
AcDbRotatedDimension
  0
DIMENSION
  5
288
330
1F
100
AcDbEntity
  8
DIMENSIONS
100
AcDbDimension
  2
_D_1
 10
79.52232588729807
 20
111.9049938650194
 30
0.0
 11
79.52232588729807
 21
155.6958262844464
 31
0.0
 70
   160
  1
<>
 71
     2
 42
-1.0
  3
SLDDIMSTYLE1
100
AcDbAlignedDimension
 13
141.5245714285721
 23
201.9049938650419
 33
0.0
 14
120.5745714285729
 24
111.9049938650194
 34
0.0
 52
0.0
 50
90.0000000000002
100
AcDbRotatedDimension
  0
DIMENSION
  5
29D
330
1F
100
AcDbEntity
  8
DIMENSIONS
100
AcDbDimension
  2
_D_2
 10
165.5745714285707
 20
85.3828663793103
 30
0.0
 11
142.7129655172414
 21
85.3828663793103
 31
0.0
 70
   160
  1
<>
 71
     2
 42
-1.0
  3
SLDDIMSTYLE2
100
AcDbAlignedDimension
 13
120.5745714285729
 23
111.9049938650194
 33
0.0
 14
165.5745714285707
 24
111.9049938650194
 34
0.0
 52
0.0
100
AcDbRotatedDimension
  0
LINE
  5
2B2
330
1F
100
AcDbEntity
  8
0
100
AcDbLine
 10
498.1096234252201
 20
359.8431754389467
 30
0.0
 11
498.1096234252201
 21
363.8835638765333
 31
0.0
  0
LINE
  5
2B3
330
1F
100
AcDbEntity
  8
0
100
AcDbLine
 10
491.5096234252206
 20
363.8835638765333
 30
0.0
 11
491.5096234252206
 21
359.8431754389478
 31
0.0
  0
LINE
  5
2B4
330
1F
100
AcDbEntity
  8
0
100
AcDbLine
 10
465.2854230009386
 20
372.2929866593389
 30
0.0
 11
497.1052281543318
 21
353.9238041433289
 31
0.0
  0
LINE
  5
2B5
330
1F
100
AcDbEntity
  8
0
100
AcDbLine
 10
511.3823228586173
 20
363.2351569941191
 30
0.0
 11
479.562517705224
 21
381.6043395101291
 31
0.0
  0
LINE
  5
2B6
330
1F
100
AcDbEntity
  8
0
100
AcDbLine
 10
494.7508662145842
 20
370.2155034186841
 30
0.0
 11
494.7508662145842
 21
371.0475848677964
 31
0.0
  0
SPLINE
  5
2B7
330
1F
100
AcDbEntity
  8
0
100
AcDbSpline
210
0.0
220
0.0
230
1.0
 70
     8
 71
     3
 72
    12
 73
     8
 74
     0
 42
1E-08
 43
1E-08
 40
0.0
 40
0.0
 40
0.0
 40
0.0
 40
0.2322144973394012
 40
0.4971928454110713
 40
0.7296162382066336
 40
0.9371212568434798
 40
1.0
 40
1.0
 40
1.0
 40
1.0
 10
494.2301979754483
 20
368.5940373277615
 30
0.0
 10
494.2315674721895
 20
368.6843810205203
 30
0.0
 10
494.2344996921385
 20
368.8778152728271
 30
0.0
 10
494.3055592291649
 20
369.1344372861811
 30
0.0
 10
494.3862999083158
 20
369.3213116294502
 30
0.0
 10
494.4494454019739
 20
369.4199781706088
 30
0.0
 10
494.4622065812111
 20
369.4354700053027
 30
0.0
 10
494.4651742406086
 20
369.4390726887194
 30
0.0
  0
SPLINE
  5
2B8
330
1F
100
AcDbEntity
  8
0
100
AcDbSpline
210
0.0
220
0.0
230
1.0
 70
     8
 71
     3
 72
    12
 73
     8
 74
     0
 42
1E-08
 43
1E-08
 40
0.0
 40
0.0
 40
0.0
 40
0.0
 40
0.1656334377522007
 40
0.3932326928115611
 40
0.6455519011831724
 40
0.9274556415402839
 40
1.0
 40
1.0
 40
1.0
 40
1.0
 10
494.4646612624749
 20
367.7544738784324
 30
0.0
 10
494.4517878864671
 20
367.7717588921442
 30
0.0
 10
494.4212250219765
 20
367.8127954882532
 30
0.0
 10
494.3396978314265
 20
367.965664201275
 30
0.0
 10
494.2635302544223
 20
368.2033151841993
 30
0.0
 10
494.218781058473
 20
368.4324855547492
 30
0.0
 10
494.2282582856401
 20
368.5665903095964
 30
0.0
 10
494.2301979754483
 20
368.5940373277615
 30
0.0
  0
LINE
  5
2B9
330
1F
100
AcDbEntity
  8
0
100
AcDbLine
 10
488.1508662145852
 20
371.0475848677964
 30
0.0
 11
488.1508662145852
 21
370.2155034186841
 31
0.0
  0
SPLINE
  5
2BA
330
1F
100
AcDbEntity
  8
0
100
AcDbSpline
210
0.0
220
0.0
230
1.0
 70
     8
 71
     3
 72
    12
 73
     8
 74
     0
 42
1E-08
 43
1E-08
 40
0.0
 40
0.0
 40
0.0
 40
0.0
 40
0.1656334377521869
 40
0.3932326928115504
 40
0.6455519011831561
 40
0.9274556415402712
 40
1.0
 40
1.0
 40
1.0
 40
1.0
 10
488.4370711666945
 20
369.4376074522062
 30
0.0
 10
488.4499445427023
 20
369.4203224384945
 30
0.0
 10
488.480507407193
 20
369.3792858423854
 30
0.0
 10
488.5620345977429
 20
369.2264171293637
 30
0.0
 10
488.6382021747472
 20
368.9887661464393
 30
0.0
 10
488.6829513706965
 20
368.7595957758894
 30
0.0
 10
488.6734741435293
 20
368.6254910210421
 30
0.0
 10
488.6715344537211
 20
368.5980440028771
 30
0.0
  0
LINE
  5
2BB
330
1F
100
AcDbEntity
  8
0
100
AcDbLine
 10
494.7508662145842
 20
366.9458131687214
 30
0.0
 11
494.7508662145842
 21
366.9765779119545
 31
0.0
  0
SPLINE
  5
2BC
330
1F
100
AcDbEntity
  8
0
100
AcDbSpline
210
0.0
220
0.0
230
1.0
 70
     8
 71
     3
 72
    12
 73
     8
 74
     0
 42
1E-08
 43
1E-08
 40
0.0
 40
0.0
 40
0.0
 40
0.0
 40
0.2322144973393884
 40
0.497192845411051
 40
0.7296162382066108
 40
0.9371212568434583
 40
1.0
 40
1.0
 40
1.0
 40
1.0
 10
488.6715344537211
 20
368.5980440028771
 30
0.0
 10
488.6701649569799
 20
368.5077003101184
 30
0.0
 10
488.6672327370309
 20
368.3142660578115
 30
0.0
 10
488.5961732000045
 20
368.0576440444576
 30
0.0
 10
488.5154325208536
 20
367.8707697011884
 30
0.0
 10
488.4522870271955
 20
367.7721031600298
 30
0.0
 10
488.4395258479584
 20
367.7566113253359
 30
0.0
 10
488.4365581885609
 20
367.7530086419193
 30
0.0
  0
LINE
  5
2BD
330
1F
100
AcDbEntity
  8
0
100
AcDbLine
 10
488.1508662145852
 20
366.9765779119545
 30
0.0
 11
488.1508662145852
 21
366.2984531383183
 31
0.0
  0
LINE
  5
2BE
330
1F
100
AcDbEntity
  8
0
100
AcDbLine
 10
520.2915550406768
 20
363.6723323519037
 30
0.0
 11
517.5784617794259
 21
362.1060969504414
 31
0.0
  0
LINE
  5
2BF
330
1F
100
AcDbEntity
  8
0
100
AcDbLine
 10
514.7500346546798
 20
357.8175414262699
 30
0.0
 11
521.4414615832085
 21
361.6804199684278
 31
0.0
  0
LINE
  5
2C0
330
1F
100
AcDbEntity
  8
0
100
AcDbLine
 10
451.7821757900099
 20
319.0755915666495
 30
0.0
 11
452.1535117676044
 21
319.0252884224837
 31
0.0
  0
LINE
  5
2C1
330
1F
100
AcDbEntity
  8
0
100
AcDbLine
 10
451.7821757900099
 20
319.2396561194042
 30
0.0
 11
451.7821757900099
 21
319.0755915666495
 31
0.0
  0
ARC
  5
2C2
330
1F
100
AcDbEntity
  8
0
100
AcDbCircle
 10
494.3015498858122
 20
363.2883539594919
 30
0.0
 40
3.685311369753873
100
AcDbArc
 50
240.3096758356705
 51
251.1599571428841
  0
LINE
  5
2C3
330
1F
100
AcDbEntity
  8
0
100
AcDbLine
 10
493.1114625656349
 20
362.2501099896923
 30
0.0
 11
493.1114625656349
 21
359.8004875540241
 31
0.0
  0
ARC
  5
2C4
330
1F
100
AcDbEntity
  8
0
100
AcDbCircle
 10
494.8096234252187
 20
367.3770999240987
 30
0.0
 40
5.400905117897057
100
AcDbArc
 50
251.6741042705776
 51
288.3258957294499
  0
LINE
  5
2C5
330
1F
100
AcDbEntity
  8
0
100
AcDbLine
 10
496.5077842848047
 20
362.250109989693
 30
0.0
 11
496.5077842848047
 21
359.8004875540249
 31
0.0
  0
ARC
  5
2C6
330
1F
100
AcDbEntity
  8
0
100
AcDbCircle
 10
495.5643206131092
 20
362.7412569650259
 30
0.0
 40
3.088405483172274
100
AcDbArc
 50
287.7873863962007
 51
312.2072370710148
  0
LINE
  5
2C7
330
1F
100
AcDbEntity
  8
0
100
AcDbLine
 10
497.6391551347032
 20
362.9032364791501
 30
0.0
 11
497.6391551347032
 21
360.4536140434819
 31
0.0
  0
LWPOLYLINE
  5
2C8
330
1F
100
AcDbEntity
  8
0
100
AcDbPolyline
 90
        9
 70
   128
 43
0.0
 10
497.6391551347032
 20
362.9032364791501
 10
497.8805490143786
 20
363.1861639956778
 10
498.0377766933964
 20
363.4882054557402
 10
498.1065289639961
 20
363.8010826769469
 10
498.0849215026293
 20
364.116220496463
 10
497.9735465144395
 20
364.4249817942468
 10
497.7754565024366
 20
364.7189042143767
 10
497.496080606212
 20
364.9899320965405
 10
497.1430758031358
 20
365.2306372610407
  0
LINE
  5
2C9
330
1F
100
AcDbEntity
  8
0
100
AcDbLine
 10
493.1114625656349
 20
362.2501099896923
 30
0.0
 11
494.8096234252204
 21
363.2304373870757
 31
0.0
  0
LINE
  5
2CA
330
1F
100
AcDbEntity
  8
0
100
AcDbLine
 10
494.8096234252204
 20
363.2304373870757
 30
0.0
 11
496.5077842848047
 21
362.250109989693
 31
0.0
  0
LINE
  5
2CB
330
1F
100
AcDbEntity
  8
0
100
AcDbLine
 10
495.9409942751179
 20
362.7052055007033
 30
0.0
 11
495.7342199168319
 21
362.6966791938309
 31
0.0
  0
LINE
  5
2CC
330
1F
100
AcDbEntity
  8
0
100
AcDbLine
 10
497.6391551347032
 20
360.4536140434819
 30
0.0
 11
496.5077842848047
 21
361.1067405329401
 31
0.0
  0
ARC
  5
2CD
330
1F
100
AcDbEntity
  8
0
100
AcDbCircle
 10
493.7390938650811
 20
362.3140459862625
 30
0.0
 40
2.560331145597171
100
AcDbArc
 50
226.6052173746253
 51
240.444564928873
  0
LINE
  5
2CE
330
1F
100
AcDbEntity
  8
0
100
AcDbLine
 10
493.1114625656349
 20
361.1067405329394
 30
0.0
 11
491.9800917157373
 21
360.4536140434818
 31
0.0
  0
LINE
  5
2CF
330
1F
100
AcDbEntity
  8
0
100
AcDbLine
 10
493.8193291293118
 20
362.6587526586992
 30
0.0
 11
493.6782525753228
 21
362.7401944197803
 31
0.0
  0
LINE
  5
2D0
330
1F
100
AcDbEntity
  8
0
100
AcDbLine
 10
493.1114625656343
 20
365.5170177633747
 30
0.0
 11
493.1114625656343
 21
364.2107647844593
 31
0.0
  0
ARC
  5
2D1
330
1F
100
AcDbEntity
  8
0
100
AcDbCircle
 10
492.7928479932264
 20
363.8835638765333
 30
0.0
 40
1.273426312221536
100
AcDbArc
 50
129.6609783992285
 51
230.33902160077
  0
LINE
  5
2D2
330
1F
100
AcDbEntity
  8
0
100
AcDbLine
 10
491.9800917157373
 20
362.9032364791499
 30
0.0
 11
491.9800917157373
 21
360.4536140434818
 31
0.0
  0
ARC
  5
2D3
330
1F
100
AcDbEntity
  8
0
100
AcDbCircle
 10
494.789901682543
 20
360.624428460091
 30
0.0
 40
5.17248373219054
100
AcDbArc
 50
62.93887183396237
 51
108.9349123635467
  0
LINE
  5
2D4
330
1F
100
AcDbEntity
  8
0
100
AcDbLine
 10
491.9800917157374
 20
364.8638912739166
 30
0.0
 11
493.6782525753228
 21
363.8835638765333
 31
0.0
  0
LINE
  5
2D5
330
1F
100
AcDbEntity
  8
0
100
AcDbLine
 10
493.6782525753228
 20
363.8835638765333
 30
0.0
 11
491.9800917157373
 21
362.9032364791499
 31
0.0
  0
LINE
  5
2D6
330
1F
100
AcDbEntity
  8
0
100
AcDbLine
 10
493.6782525753228
 20
363.8835638765333
 30
0.0
 11
493.6782525753228
 21
362.577310897618
 31
0.0
  0
LINE
  5
2D7
330
1F
100
AcDbEntity
  8
0
100
AcDbLine
 10
495.9409942751179
 20
363.8835638765333
 30
0.0
 11
495.9409942751179
 21
362.5773108976181
 31
0.0
  0
LINE
  5
2D8
330
1F
100
AcDbEntity
  8
0
100
AcDbLine
 10
497.6391551347032
 20
362.9032364791501
 30
0.0
 11
495.9409942751179
 21
363.8835638765333
 31
0.0
  0
LINE
  5
2D9
330
1F
100
AcDbEntity
  8
0
100
AcDbLine
 10
495.9409942751179
 20
363.8835638765333
 30
0.0
 11
496.4359690219483
 21
364.1693067156712
 31
0.0
  0
LINE
  5
2DA
330
1F
100
AcDbEntity
  8
0
100
AcDbLine
 10
496.4359690219483
 20
364.1693067156712
 30
0.0
 11
496.9309437687787
 21
363.8835638765333
 31
0.0
  0
LINE
  5
2DB
330
1F
100
AcDbEntity
  8
0
100
AcDbLine
 10
496.9309437687787
 20
363.8835638765333
 30
0.0
 11
497.0723651250163
 21
365.0265352330858
 31
0.0
  0
LINE
  5
2DC
330
1F
100
AcDbEntity
  8
0
100
AcDbLine
 10
497.0723651250163
 20
365.0265352330858
 30
0.0
 11
496.7895224125438
 21
365.1898168554496
 31
0.0
  0
LINE
  5
2DD
330
1F
100
AcDbEntity
  8
0
100
AcDbLine
 10
496.7895224125438
 20
365.1898168554496
 30
0.0
 11
494.8096234252186
 21
365.1081760442674
 31
0.0
  0
LINE
  5
2DE
330
1F
100
AcDbEntity
  8
0
100
AcDbLine
 10
494.8096234252186
 20
365.1081760442674
 30
0.0
 11
495.3045981720508
 21
364.8224332051288
 31
0.0
  0
LINE
  5
2DF
330
1F
100
AcDbEntity
  8
0
100
AcDbLine
 10
495.3045981720508
 20
364.8224332051288
 30
0.0
 11
494.8096234252204
 21
364.536690365991
 31
0.0
  0
LINE
  5
2E0
330
1F
100
AcDbEntity
  8
0
100
AcDbLine
 10
494.8096234252204
 20
364.536690365991
 30
0.0
 11
493.1114625656343
 21
365.5170177633747
 31
0.0
  0
LINE
  5
2E1
330
1F
100
AcDbEntity
  8
0
100
AcDbLine
 10
494.8096234252204
 20
364.536690365991
 30
0.0
 11
494.8096234252204
 21
363.2304373870757
 31
0.0
  0
LINE
  5
2E2
330
1F
100
AcDbEntity
  8
0
100
AcDbLine
 10
495.3045981720508
 20
364.8224332051288
 30
0.0
 11
495.3045981720508
 21
362.9446945479379
 31
0.0
  0
LINE
  5
2E3
330
1F
100
AcDbEntity
  8
0
100
AcDbLine
 10
496.7895224125438
 20
365.1898168554496
 30
0.0
 11
496.7895224125438
 21
363.9652046877142
 31
0.0
  0
LINE
  5
2E4
330
1F
100
AcDbEntity
  8
0
100
AcDbLine
 10
463.4494376795997
 20
356.2681696326446
 30
0.0
 11
463.4494376796021
 21
355.4516288207593
 31
0.0
  0
LINE
  5
2E5
330
1F
100
AcDbEntity
  8
0
100
AcDbLine
 10
463.4503857316238
 20
356.2680602440547
 30
0.0
 11
463.4494376795997
 21
356.2681696326446
 31
0.0
  0
LINE
  5
2E6
330
1F
100
AcDbEntity
  8
0
100
AcDbLine
 10
463.8029910701949
 20
355.2475267928038
 30
0.0
 11
464.3333211560828
 21
355.1863359944363
 31
0.0
  0
LINE
  5
2E7
330
1F
100
AcDbEntity
  8
0
100
AcDbLine
 10
463.4498169620484
 20
356.2683885877416
 30
0.0
 11
463.4494376795997
 21
356.2681696326446
 31
0.0
  0
LINE
  5
2E8
330
1F
100
AcDbEntity
  8
0
100
AcDbLine
 10
472.0054297319453
 20
307.4009555675848
 30
0.0
 11
472.3767657095397
 21
307.350652423419
 31
0.0
  0
LINE
  5
2E9
330
1F
100
AcDbEntity
  8
0
100
AcDbLine
 10
472.0054297319453
 20
307.5650201203395
 30
0.0
 11
472.0054297319453
 21
307.4009555675848
 31
0.0
  0
LINE
  5
2EA
330
1F
100
AcDbEntity
  8
0
100
AcDbLine
 10
470.5205054914653
 20
352.1861290735311
 30
0.0
 11
470.5205054914676
 21
351.3695882616457
 31
0.0
  0
LINE
  5
2EB
330
1F
100
AcDbEntity
  8
0
100
AcDbLine
 10
470.5214535434893
 20
352.1860196849412
 30
0.0
 11
470.5205054914653
 21
352.1861290735311
 31
0.0
  0
LINE
  5
2EC
330
1F
100
AcDbEntity
  8
0
100
AcDbLine
 10
470.8740588820605
 20
351.1654862336903
 30
0.0
 11
471.7860866052043
 21
351.0602542168813
 31
0.0
  0
LINE
  5
2ED
330
1F
100
AcDbEntity
  8
0
100
AcDbLine
 10
470.520884773914
 20
352.1863480286281
 30
0.0
 11
470.5205054914653
 21
352.1861290735311
 31
0.0
  0
LINE
  5
2EE
330
1F
100
AcDbEntity
  8
0
100
AcDbLine
 10
484.6626411151963
 20
344.022047955304
 30
0.0
 11
484.6626411151986
 21
343.2055071434187
 31
0.0
  0
LINE
  5
2EF
330
1F
100
AcDbEntity
  8
0
100
AcDbLine
 10
484.6635891672204
 20
344.0219385667141
 30
0.0
 11
484.6626411151963
 21
344.022047955304
 31
0.0
  0
LINE
  5
2F0
330
1F
100
AcDbEntity
  8
0
100
AcDbLine
 10
485.0161945057915
 20
343.0014051154632
 30
0.0
 11
486.7849095107779
 21
342.7973263989813
 31
0.0
  0
LINE
  5
2F1
330
1F
100
AcDbEntity
  8
0
100
AcDbLine
 10
484.663020397645
 20
344.0222669104011
 30
0.0
 11
484.6626411151963
 21
344.022047955304
 31
0.0
  0
LINE
  5
2F2
330
1F
100
AcDbEntity
  8
0
100
AcDbLine
 10
461.8938027609776
 20
313.2382735671171
 30
0.0
 11
462.265138738572
 21
313.1879704229513
 31
0.0
  0
LINE
  5
2F3
330
1F
100
AcDbEntity
  8
0
100
AcDbLine
 10
461.8938027609776
 20
313.4023381198719
 30
0.0
 11
461.8938027609776
 21
313.2382735671171
 31
0.0
  0
LINE
  5
2F4
330
1F
100
AcDbEntity
  8
0
100
AcDbLine
 10
477.5915733033308
 20
348.1040885144175
 30
0.0
 11
477.5915733033331
 21
347.2875477025322
 31
0.0
  0
LINE
  5
2F5
330
1F
100
AcDbEntity
  8
0
100
AcDbLine
 10
477.5925213553549
 20
348.1039791258277
 30
0.0
 11
477.5915733033308
 21
348.1040885144175
 31
0.0
  0
LINE
  5
2F6
330
1F
100
AcDbEntity
  8
0
100
AcDbLine
 10
477.9451266939259
 20
347.0834456745768
 30
0.0
 11
478.4754567798195
 21
347.0222548762086
 31
0.0
  0
LINE
  5
2F7
330
1F
100
AcDbEntity
  8
0
100
AcDbLine
 10
477.5919525857795
 20
348.1043074695146
 30
0.0
 11
477.5915733033308
 21
348.1040885144175
 31
0.0
  0
LINE
  5
2F8
330
1F
100
AcDbEntity
  8
0
100
AcDbLine
 10
489.2234798538433
 20
322.6092657161644
 30
0.0
 11
485.3343373474942
 21
320.3640978967548
 31
0.0
  0
LINE
  5
2F9
330
1F
100
AcDbEntity
  8
0
100
AcDbLine
 10
489.2234798538433
 20
346.8662553893213
 30
0.0
 11
489.2234798538433
 21
322.6092657161644
 31
0.0
  0
LINE
  5
2FA
330
1F
100
AcDbEntity
  8
0
100
AcDbLine
 10
494.8096231801773
 20
351.2284948814672
 30
0.0
 11
489.2234798538433
 21
346.8662553893213
 31
0.0
  0
LINE
  5
2FB
330
1F
100
AcDbEntity
  8
0
100
AcDbLine
 10
497.8501825843219
 20
352.983772463346
 30
0.0
 11
494.8096231801773
 21
351.2284948814672
 31
0.0
  0
LINE
  5
2FC
330
1F
100
AcDbEntity
  8
0
100
AcDbLine
 10
497.8501825843219
 20
353.8003132752285
 30
0.0
 11
497.8501825843219
 21
352.983772463346
 31
0.0
  0
LINE
  5
2FD
330
1F
100
AcDbEntity
  8
0
100
AcDbLine
 10
509.2699571004845
 20
360.3928087781969
 30
0.0
 11
497.8501825843219
 21
353.8003132752285
 31
0.0
  0
LINE
  5
2FE
330
1F
100
AcDbEntity
  8
0
100
AcDbLine
 10
509.2699571004843
 20
361.0052143871081
 30
0.0
 11
509.2699571004845
 21
360.3928087781969
 31
0.0
  0
LWPOLYLINE
  5
2FF
330
1F
100
AcDbEntity
  8
0
100
AcDbPolyline
 90
       14
 70
   128
 43
0.0
 10
511.7032200418714
 20
362.7773505487917
 10
511.6040094370131
 20
363.0146715048747
 10
511.451140823266
 20
363.1886224918877
 10
511.2520941474882
 20
363.2906919906453
 10
511.0166088749669
 20
363.3158856834268
 10
510.7562074319291
 20
363.2629708287394
 10
510.4836314067751
 20
363.1345365800484
 10
510.2122180970244
 20
362.9368672970497
 10
509.955247907881
 20
362.6796350484305
 10
509.7252945345708
 20
362.3754263521341
 10
509.5336097243955
 20
362.0391263099891
 10
509.3895727224365
 20
361.687190271344
 10
509.3002313398425
 20
361.3368386636104
 10
509.2699571004843
 20
361.0052143871081
  0
LINE
  5
300
330
1F
100
AcDbEntity
  8
0
100
AcDbLine
 10
517.9320151700191
 20
366.3731574373697
 30
0.0
 11
511.7032200418714
 21
362.7773505487917
 31
0.0
  0
LINE
  5
301
330
1F
100
AcDbEntity
  8
0
100
AcDbLine
 10
517.9320151700191
 20
362.4537615403124
 30
0.0
 11
517.9320151700191
 21
366.3731574373697
 31
0.0
  0
LINE
  5
302
330
1F
100
AcDbEntity
  8
0
100
AcDbLine
 10
517.5784617794259
 20
362.2496595123568
 30
0.0
 11
517.9320151700191
 21
362.4537615403124
 31
0.0
  0
LINE
  5
303
330
1F
100
AcDbEntity
  8
0
100
AcDbLine
 10
517.5784617794259
 20
361.2698105380978
 30
0.0
 11
517.5784617794259
 21
362.2496595123568
 31
0.0
  0
LINE
  5
304
330
1F
100
AcDbEntity
  8
0
100
AcDbLine
 10
514.7500346546798
 20
359.6369943144525
 30
0.0
 11
517.5784617794259
 21
361.2698105380978
 31
0.0
  0
LINE
  5
305
330
1F
100
AcDbEntity
  8
0
100
AcDbLine
 10
514.7500346546798
 20
294.0687671200186
 30
0.0
 11
514.7500346546798
 21
359.6369943144525
 31
0.0
  0
LINE
  5
306
330
1F
100
AcDbEntity
  8
0
100
AcDbLine
 10
476.990532539311
 20
272.2706705343479
 30
0.0
 11
514.7500346546798
 21
294.0687671200186
 31
0.0
  0
LINE
  5
307
330
1F
100
AcDbEntity
  8
0
100
AcDbLine
 10
476.990532539311
 20
313.8483910965576
 30
0.0
 11
476.990532539311
 21
272.2706705343479
 31
0.0
  0
LINE
  5
308
330
1F
100
AcDbEntity
  8
0
100
AcDbLine
 10
485.3343373474942
 20
320.3640978967548
 30
0.0
 11
476.990532539311
 21
313.8483910965576
 31
0.0
  0
LINE
  5
309
330
1F
100
AcDbEntity
  8
0
100
AcDbLine
 10
513.9368618563153
 20
299.6417344636932
 30
0.0
 11
513.9368618563153
 21
294.5791814300011
 31
0.0
  0
LINE
  5
30A
330
1F
100
AcDbEntity
  8
0
100
AcDbLine
 10
511.2145007487473
 20
298.0701488484346
 30
0.0
 11
513.9368618563153
 21
299.6417344636932
 31
0.0
  0
LINE
  5
30B
330
1F
100
AcDbEntity
  8
0
100
AcDbLine
 10
511.2145007487473
 20
293.0075958147424
 30
0.0
 11
511.2145007487473
 21
298.0701488484346
 31
0.0
  0
LINE
  5
30C
330
1F
100
AcDbEntity
  8
0
100
AcDbLine
 10
513.9368618563153
 20
294.5791814300011
 30
0.0
 11
511.2145007487473
 21
293.0075958147424
 31
0.0
  0
SPLINE
  5
30D
330
1F
100
AcDbEntity
  8
0
100
AcDbSpline
210
0.0
220
0.0
230
1.0
 70
     8
 71
     3
 72
    14
 73
    10
 74
     0
 42
1E-08
 43
1E-08
 40
0.0
 40
0.0
 40
0.0
 40
0.0
 40
0.2500000000000002
 40
0.2500000000000002
 40
0.5000000000000003
 40
0.5000000000000003
 40
0.7500000000000001
 40
0.7500000000000001
 40
1.0
 40
1.0
 40
1.0
 40
1.0
 10
473.066089903733
 20
360.659514335526
 30
0.0
 10
472.7952565848389
 20
360.8158630825469
 30
0.0
 10
472.5524215324716
 20
361.0230893977198
 30
0.0
 10
472.2106302060396
 20
361.5246173269634
 30
0.0
 10
472.114186966513
 20
361.8184991641121
 30
0.0
 10
472.1141869186657
 20
362.4279621515645
 30
0.0
 10
472.2106301105069
 20
362.7414813677014
 30
0.0
 10
472.5524213527279
 20
363.3126034611129
 30
0.0
 10
472.7952563686758
 20
363.5692748675093
 30
0.0
 10
473.0660896586916
 20
363.7807696007408
 30
0.0
  0
SPLINE
  5
30E
330
1F
100
AcDbEntity
  8
0
100
AcDbSpline
210
0.0
220
0.0
230
1.0
 70
     8
 71
     3
 72
    14
 73
    10
 74
     0
 42
1E-08
 43
1E-08
 40
0.0
 40
0.0
 40
0.0
 40
0.0
 40
0.25
 40
0.25
 40
0.5
 40
0.5
 40
0.75
 40
0.75
 40
1.0
 40
1.0
 40
1.0
 40
1.0
 10
477.6622837364037
 20
361.1274432373173
 30
0.0
 10
477.3914503886312
 20
360.9159485374281
 30
0.0
 10
477.0498948690543
 20
360.7162672647076
 30
0.0
 10
476.2601312781942
 20
360.4037541035195
 30
0.0
 10
475.8129180947229
 20
360.2927300933191
 30
0.0
 10
474.9154554439143
 20
360.2013612938558
 30
0.0
 10
474.4682422707266
 20
360.2213256233636
 30
0.0
 10
473.678478716311
 20
360.3730304223837
 30
0.0
 10
473.3369232226271
 20
360.5031655885052
 30
0.0
 10
473.066089903733
 20
360.659514335526
 30
0.0
  0
LINE
  5
30F
330
1F
100
AcDbEntity
  8
0
100
AcDbLine
 10
477.6622837364037
 20
361.1274432373173
 30
0.0
 11
480.1371574705575
 21
359.698729041627
 31
0.0
  0
SPLINE
  5
310
330
1F
100
AcDbEntity
  8
0
100
AcDbSpline
210
0.0
220
0.0
230
1.0
 70
     8
 71
     3
 72
    14
 73
    10
 74
     0
 42
1E-08
 43
1E-08
 40
0.0
 40
0.0
 40
0.0
 40
0.0
 40
0.2500000000000002
 40
0.2500000000000002
 40
0.5000000000000001
 40
0.5000000000000001
 40
0.75
 40
0.75
 40
1.0
 40
1.0
 40
1.0
 40
1.0
 10
480.137157715599
 20
356.5774737764123
 30
0.0
 10
479.8663243967048
 20
356.7338225234332
 30
0.0
 10
479.6234893443375
 20
356.941048838606
 30
0.0
 10
479.2816980179056
 20
357.4425767678496
 30
0.0
 10
479.185254778379
 20
357.7364586049983
 30
0.0
 10
479.1852547305317
 20
358.3459215924508
 30
0.0
 10
479.2816979223729
 20
358.6594408085876
 30
0.0
 10
479.6234891645939
 20
359.2305629019991
 30
0.0
 10
479.8663241805418
 20
359.4872343083954
 30
0.0
 10
480.1371574705575
 20
359.698729041627
 30
0.0
  0
SPLINE
  5
311
330
1F
100
AcDbEntity
  8
0
100
AcDbSpline
210
0.0
220
0.0
230
1.0
 70
     8
 71
     3
 72
    14
 73
    10
 74
     0
 42
1E-08
 43
1E-08
 40
0.0
 40
0.0
 40
0.0
 40
0.0
 40
0.25
 40
0.25
 40
0.5
 40
0.5
 40
0.75
 40
0.75
 40
1.0
 40
1.0
 40
1.0
 40
1.0
 10
484.7333515482696
 20
357.0454026782035
 30
0.0
 10
484.4625182004971
 20
356.8339079783142
 30
0.0
 10
484.1209626809202
 20
356.6342267055938
 30
0.0
 10
483.3311990900602
 20
356.3217135444057
 30
0.0
 10
482.8839859065889
 20
356.2106895342052
 30
0.0
 10
481.9865232557803
 20
356.119320734742
 30
0.0
 10
481.5393100825926
 20
356.1392850642498
 30
0.0
 10
480.7495465281769
 20
356.2909898632699
 30
0.0
 10
480.4079910344931
 20
356.4211250293913
 30
0.0
 10
480.137157715599
 20
356.5774737764123
 30
0.0
  0
LINE
  5
312
330
1F
100
AcDbEntity
  8
0
100
AcDbLine
 10
484.7333515482696
 20
357.0454026782035
 30
0.0
 11
487.2082252824235
 21
355.6166884825132
 31
0.0
  0
SPLINE
  5
313
330
1F
100
AcDbEntity
  8
0
100
AcDbSpline
210
0.0
220
0.0
230
1.0
 70
     8
 71
     3
 72
    14
 73
    10
 74
     0
 42
1E-08
 43
1E-08
 40
0.0
 40
0.0
 40
0.0
 40
0.0
 40
0.25
 40
0.25
 40
0.5
 40
0.5
 40
0.75
 40
0.75
 40
1.0
 40
1.0
 40
1.0
 40
1.0
 10
487.2082255274649
 20
352.4954332172985
 30
0.0
 10
486.9373922085708
 20
352.6517819643194
 30
0.0
 10
486.6945571562035
 20
352.8590082794923
 30
0.0
 10
486.3527658297716
 20
353.3605362087359
 30
0.0
 10
486.2563225902449
 20
353.6544180458845
 30
0.0
 10
486.2563225423976
 20
354.2638810333369
 30
0.0
 10
486.3527657342389
 20
354.5774002494738
 30
0.0
 10
486.6945569764599
 20
355.1485223428854
 30
0.0
 10
486.9373919924078
 20
355.4051937492817
 30
0.0
 10
487.2082252824235
 20
355.6166884825132
 30
0.0
  0
SPLINE
  5
314
330
1F
100
AcDbEntity
  8
0
100
AcDbSpline
210
0.0
220
0.0
230
1.0
 70
     8
 71
     3
 72
    14
 73
    10
 74
     0
 42
1E-08
 43
1E-08
 40
0.0
 40
0.0
 40
0.0
 40
0.0
 40
0.25
 40
0.25
 40
0.5
 40
0.5
 40
0.75
 40
0.75
 40
1.0
 40
1.0
 40
1.0
 40
1.0
 10
491.8044193601356
 20
352.9633621190897
 30
0.0
 10
491.5335860123631
 20
352.7518674192004
 30
0.0
 10
491.1920304927862
 20
352.55218614648
 30
0.0
 10
490.4022669019261
 20
352.2396729852919
 30
0.0
 10
489.9550537184549
 20
352.1286489750914
 30
0.0
 10
489.0575910676462
 20
352.0372801756282
 30
0.0
 10
488.6103778944586
 20
352.0572445051361
 30
0.0
 10
487.8206143400429
 20
352.2089493041561
 30
0.0
 10
487.479058846359
 20
352.3390844702776
 30
0.0
 10
487.2082255274649
 20
352.4954332172985
 30
0.0
  0
LINE
  5
315
330
1F
100
AcDbEntity
  8
0
100
AcDbLine
 10
491.8044193601356
 20
352.9633621190897
 30
0.0
 11
494.8096231801773
 21
351.2284948814672
 31
0.0
  0
LINE
  5
316
330
1F
100
AcDbEntity
  8
0
100
AcDbLine
 10
457.40367470045
 20
365.2354379053313
 30
0.0
 11
489.2234798538433
 21
346.8662553893213
 31
0.0
  0
LINE
  5
317
330
1F
100
AcDbEntity
  8
0
100
AcDbLine
 10
462.989818026784
 20
369.5976773974771
 30
0.0
 11
457.40367470045
 21
365.2354379053313
 31
0.0
  0
LINE
  5
318
330
1F
100
AcDbEntity
  8
0
100
AcDbLine
 10
462.989818026784
 20
369.5976773974771
 30
0.0
 11
465.9950218468256
 21
367.8628101598546
 31
0.0
  0
SPLINE
  5
319
330
1F
100
AcDbEntity
  8
0
100
AcDbSpline
210
0.0
220
0.0
230
1.0
 70
     8
 71
     3
 72
    14
 73
    10
 74
     0
 42
1E-08
 43
1E-08
 40
0.0
 40
0.0
 40
0.0
 40
0.0
 40
0.25
 40
0.25
 40
0.5
 40
0.5
 40
0.75
 40
0.75
 40
1.0
 40
1.0
 40
1.0
 40
1.0
 10
465.995022091867
 20
364.7415548946398
 30
0.0
 10
465.7241887729729
 20
364.8979036416608
 30
0.0
 10
465.4813537206056
 20
365.1051299568337
 30
0.0
 10
465.1395623941737
 20
365.6066578860772
 30
0.0
 10
465.0431191546471
 20
365.9005397232259
 30
0.0
 10
465.0431191067997
 20
366.5100027106784
 30
0.0
 10
465.139562298641
 20
366.8235219268152
 30
0.0
 10
465.481353540862
 20
367.3946440202267
 30
0.0
 10
465.7241885568099
 20
367.6513154266231
 30
0.0
 10
465.9950218468256
 20
367.8628101598546
 30
0.0
  0
SPLINE
  5
31A
330
1F
100
AcDbEntity
  8
0
100
AcDbSpline
210
0.0
220
0.0
230
1.0
 70
     8
 71
     3
 72
    14
 73
    10
 74
     0
 42
1E-08
 43
1E-08
 40
0.0
 40
0.0
 40
0.0
 40
0.0
 40
0.25
 40
0.25
 40
0.5
 40
0.5
 40
0.75
 40
0.75
 40
1.0
 40
1.0
 40
1.0
 40
1.0
 10
470.5912159245377
 20
365.209483796431
 30
0.0
 10
470.3203825767652
 20
364.9979890965418
 30
0.0
 10
469.9788270571883
 20
364.7983078238214
 30
0.0
 10
469.1890634663282
 20
364.4857946626333
 30
0.0
 10
468.741850282857
 20
364.3747706524328
 30
0.0
 10
467.8443876320483
 20
364.2834018529695
 30
0.0
 10
467.3971744588607
 20
364.3033661824774
 30
0.0
 10
466.607410904445
 20
364.4550709814975
 30
0.0
 10
466.2658554107612
 20
364.5852061476189
 30
0.0
 10
465.995022091867
 20
364.7415548946398
 30
0.0
  0
LINE
  5
31B
330
1F
100
AcDbEntity
  8
0
100
AcDbLine
 10
470.5912159245377
 20
365.209483796431
 30
0.0
 11
473.0660896586916
 21
363.7807696007408
 31
0.0
  0
LINE
  5
31C
330
1F
100
AcDbEntity
  8
0
100
AcDbLine
 10
457.40367470045
 20
340.9784482321744
 30
0.0
 11
489.2234798538433
 21
322.6092657161644
 31
0.0
  0
LINE
  5
31D
330
1F
100
AcDbEntity
  8
0
100
AcDbLine
 10
457.40367470045
 20
365.2354379053313
 30
0.0
 11
457.40367470045
 21
340.9784482321744
 31
0.0
  0
LINE
  5
31E
330
1F
100
AcDbEntity
  8
0
100
AcDbLine
 10
479.8896703421822
 20
351.2689704083392
 30
0.0
 11
479.8896703421813
 21
351.0240081647931
 31
0.0
  0
LINE
  5
31F
330
1F
100
AcDbEntity
  8
0
100
AcDbLine
 10
473.8085520239773
 20
354.7795252891772
 30
0.0
 11
479.8896703421822
 21
351.2689704083392
 31
0.0
  0
LINE
  5
320
330
1F
100
AcDbEntity
  8
0
100
AcDbLine
 10
473.8085520239766
 20
354.5345630456218
 30
0.0
 11
473.8085520239773
 21
354.7795252891772
 31
0.0
  0
LINE
  5
321
330
1F
100
AcDbEntity
  8
0
100
AcDbLine
 10
473.8085520239766
 20
354.5345630456218
 30
0.0
 11
472.8186025303158
 21
355.1060487238976
 31
0.0
  0
LINE
  5
322
330
1F
100
AcDbEntity
  8
0
100
AcDbLine
 10
472.818602530316
 20
355.3510109674531
 30
0.0
 11
472.8186025303158
 21
355.1060487238976
 31
0.0
  0
LINE
  5
323
330
1F
100
AcDbEntity
  8
0
100
AcDbLine
 10
466.7374842121114
 20
358.8615658482909
 30
0.0
 11
472.818602530316
 21
355.3510109674531
 31
0.0
  0
LINE
  5
324
330
1F
100
AcDbEntity
  8
0
100
AcDbLine
 10
466.7374842121111
 20
358.6166036047264
 30
0.0
 11
466.7374842121114
 21
358.8615658482909
 31
0.0
  0
LINE
  5
325
330
1F
100
AcDbEntity
  8
0
100
AcDbLine
 10
466.7374842121111
 20
358.6166036047264
 30
0.0
 11
465.7475347184503
 21
359.188089283002
 31
0.0
  0
LINE
  5
326
330
1F
100
AcDbEntity
  8
0
100
AcDbLine
 10
465.7475347184503
 20
359.4330515265667
 30
0.0
 11
465.7475347184503
 21
359.188089283002
 31
0.0
  0
LINE
  5
327
330
1F
100
AcDbEntity
  8
0
100
AcDbLine
 10
459.6664164002469
 20
362.9436064074038
 30
0.0
 11
465.7475347184503
 21
359.4330515265667
 31
0.0
  0
LINE
  5
328
330
1F
100
AcDbEntity
  8
0
100
AcDbLine
 10
459.6664164002469
 20
357.636091130147
 30
0.0
 11
459.6664164002469
 21
362.9436064074038
 31
0.0
  0
LINE
  5
329
330
1F
100
AcDbEntity
  8
0
100
AcDbLine
 10
459.9492591127204
 20
357.472809507783
 30
0.0
 11
459.6664164002469
 21
357.636091130147
 31
0.0
  0
LINE
  5
32A
330
1F
100
AcDbEntity
  8
0
100
AcDbLine
 10
459.9492591127206
 20
354.5834988867509
 30
0.0
 11
459.9492591127204
 21
357.472809507783
 31
0.0
  0
LINE
  5
32B
330
1F
100
AcDbEntity
  8
0
100
AcDbLine
 10
459.9492591127206
 20
354.5834988867509
 30
0.0
 11
459.6664164002472
 21
354.7467805091148
 31
0.0
  0
LINE
  5
32C
330
1F
100
AcDbEntity
  8
0
100
AcDbLine
 10
459.6664164002472
 20
354.7467805091148
 30
0.0
 11
459.6664164002472
 21
349.7972993360551
 31
0.0
  0
LINE
  5
32D
330
1F
100
AcDbEntity
  8
0
100
AcDbLine
 10
464.3333211560828
 20
347.1031525670106
 30
0.0
 11
459.6664164002472
 21
349.7972993360551
 31
0.0
  0
LINE
  5
32E
330
1F
100
AcDbEntity
  8
0
100
AcDbLine
 10
471.7860866052043
 20
342.8007626521791
 30
0.0
 11
466.7374842121032
 21
345.7152587769118
 31
0.0
  0
LINE
  5
32F
330
1F
100
AcDbEntity
  8
0
100
AcDbLine
 10
478.4754567798195
 20
338.9390714487939
 30
0.0
 11
473.8085520239715
 21
341.633218217809
 31
0.0
  0
LINE
  5
330
330
1F
100
AcDbEntity
  8
0
100
AcDbLine
 10
486.9607381540466
 20
334.0406227778777
 30
0.0
 11
480.8796198358399
 21
337.5511776587061
 31
0.0
  0
LINE
  5
331
330
1F
100
AcDbEntity
  8
0
100
AcDbLine
 10
486.9607381540466
 20
338.9901039509375
 30
0.0
 11
486.9607381540466
 21
334.0406227778777
 31
0.0
  0
LINE
  5
332
330
1F
100
AcDbEntity
  8
0
100
AcDbLine
 10
486.9607381540466
 20
338.9901039509375
 30
0.0
 11
486.6778954415729
 21
339.1533855733012
 31
0.0
  0
LINE
  5
333
330
1F
100
AcDbEntity
  8
0
100
AcDbLine
 10
486.6778954415729
 20
342.0426961943334
 30
0.0
 11
486.6778954415729
 21
339.1533855733012
 31
0.0
  0
LINE
  5
334
330
1F
100
AcDbEntity
  8
0
100
AcDbLine
 10
486.9607381540464
 20
341.8794145719696
 30
0.0
 11
486.6778954415729
 21
342.0426961943334
 31
0.0
  0
LINE
  5
335
330
1F
100
AcDbEntity
  8
0
100
AcDbLine
 10
486.9607381540464
 20
347.1869298492264
 30
0.0
 11
486.9607381540464
 21
341.8794145719696
 31
0.0
  0
LINE
  5
336
330
1F
100
AcDbEntity
  8
0
100
AcDbLine
 10
480.879619835843
 20
350.6974847300635
 30
0.0
 11
486.9607381540464
 21
347.1869298492264
 31
0.0
  0
LINE
  5
337
330
1F
100
AcDbEntity
  8
0
100
AcDbLine
 10
480.8796198358422
 20
350.4525224865174
 30
0.0
 11
480.879619835843
 21
350.6974847300635
 31
0.0
  0
LINE
  5
338
330
1F
100
AcDbEntity
  8
0
100
AcDbLine
 10
480.8796198358422
 20
350.4525224865174
 30
0.0
 11
479.8896703421813
 21
351.0240081647931
 31
0.0
  0
LINE
  5
339
330
1F
100
AcDbEntity
  8
0
100
AcDbLine
 10
481.8695693295009
 20
345.6348918863528
 30
0.0
 11
486.9607381540464
 21
342.6958226837898
 31
0.0
  0
LINE
  5
33A
330
1F
100
AcDbEntity
  8
0
100
AcDbLine
 10
481.5867266170274
 20
345.7981735087167
 30
0.0
 11
481.8695693295009
 21
345.6348918863528
 31
0.0
  0
LINE
  5
33B
330
1F
100
AcDbEntity
  8
0
100
AcDbLine
 10
481.5867266170274
 20
350.2892806741534
 30
0.0
 11
481.5867266170274
 21
345.7981735087167
 31
0.0
  0
LINE
  5
33C
330
1F
100
AcDbEntity
  8
0
100
AcDbLine
 10
466.0303774309286
 20
371.352954979356
 30
0.0
 11
462.989818026784
 21
369.5976773974771
 31
0.0
  0
LINE
  5
33D
330
1F
100
AcDbEntity
  8
0
100
AcDbLine
 10
466.0303774309286
 20
371.352954979356
 30
0.0
 11
497.8501825843219
 21
352.983772463346
 31
0.0
  0
ARC
  5
33E
330
1F
100
AcDbEntity
  8
0
100
AcDbCircle
 10
491.2868403556367
 20
354.2900254193309
 30
0.0
 40
1.424051803167671
100
AcDbArc
 50
291.3125427261332
 51
68.68744669104699
  0
ARC
  5
33F
330
1F
100
AcDbEntity
  8
0
100
AcDbCircle
 10
489.5063225795582
 20
351.2057439906935
 30
0.0
 40
4.973699075840092
100
AcDbArc
 50
62.48053864654608
 51
117.5194648802969
  0
ARC
  5
340
330
1F
100
AcDbEntity
  8
0
100
AcDbCircle
 10
484.2157725437707
 20
358.3720659784447
 30
0.0
 40
1.424051803167627
100
AcDbArc
 50
291.3125427261346
 51
68.68744669104616
  0
ARC
  5
341
330
1F
100
AcDbEntity
  8
0
100
AcDbCircle
 10
482.4352547676922
 20
355.2877845498072
 30
0.0
 40
4.973699075840234
100
AcDbArc
 50
62.48053864654785
 51
117.5194648802966
  0
ARC
  5
342
330
1F
100
AcDbEntity
  8
0
100
AcDbCircle
 10
477.1447047319048
 20
362.4541065375586
 30
0.0
 40
1.424051803167754
100
AcDbArc
 50
291.312542726135
 51
68.68744669104616
  0
ARC
  5
343
330
1F
100
AcDbEntity
  8
0
100
AcDbCircle
 10
475.3641869558263
 20
359.3698251089211
 30
0.0
 40
4.973699075840066
100
AcDbArc
 50
62.48053864654666
 51
117.5194648802972
  0
ARC
  5
344
330
1F
100
AcDbEntity
  8
0
100
AcDbCircle
 10
470.0736369200388
 20
366.5361470966723
 30
0.0
 40
1.424051803167713
100
AcDbArc
 50
291.3125427261337
 51
68.68744669104272
  0
ARC
  5
345
330
1F
100
AcDbEntity
  8
0
100
AcDbCircle
 10
468.2931191439604
 20
363.4518656680345
 30
0.0
 40
4.973699075840463
100
AcDbArc
 50
62.48053864654879
 51
117.519464880296
  0
LINE
  5
346
330
1F
100
AcDbEntity
  8
0
100
AcDbLine
 10
509.0931804051871
 20
361.3114337790712
 30
0.0
 11
498.1343856207941
 21
354.9850562107776
 31
0.0
  0
LINE
  5
347
330
1F
100
AcDbEntity
  8
0
100
AcDbLine
 10
509.0931804051871
 20
360.3315848048123
 30
0.0
 11
509.0931804051871
 21
361.3114337790712
 31
0.0
  0
LINE
  5
348
330
1F
100
AcDbEntity
  8
0
100
AcDbLine
 10
497.8501825843213
 20
353.8411403158217
 30
0.0
 11
509.0931804051871
 21
360.3315848048123
 31
0.0
  0
LINE
  5
349
330
1F
100
AcDbEntity
  8
0
100
AcDbLine
 10
497.1784311421948
 20
353.9012050173814
 30
0.0
 11
497.8501825843213
 21
353.8411403158217
 31
0.0
  0
LWPOLYLINE
  5
34A
330
1F
100
AcDbEntity
  8
0
100
AcDbPolyline
 90
        9
 70
   128
 43
0.0
 10
497.0490216196411
 20
354.3842062363108
 10
497.0204174795521
 20
354.2947924357369
 10
497.004679145166
 20
354.2077626491861
 10
497.002411431847
 20
354.1264613825486
 10
497.013701486546
 20
354.054012997907
 10
497.0381154387928
 20
353.9932016460535
 10
497.0747150740939
 20
353.9463642731364
 10
497.1220938889901
 20
353.9153008131302
 10
497.1784311421948
 20
353.9012050173814
  0
LINE
  5
34B
330
1F
100
AcDbEntity
  8
0
100
AcDbLine
 10
497.1197322977611
 20
354.5664556591599
 30
0.0
 11
497.0490216196411
 21
354.3842062363108
 31
0.0
  0
ARC
  5
34C
330
1F
100
AcDbEntity
  8
0
100
AcDbCircle
 10
497.6914018568467
 20
354.4082023398053
 30
0.0
 40
0.5931696198154084
100
AcDbArc
 50
98.60066655785265
 51
164.5264979295507
  0
LINE
  5
34D
330
1F
100
AcDbEntity
  8
0
100
AcDbLine
 10
498.0283196036168
 20
354.9566443200613
 30
0.0
 11
497.6026952109069
 21
354.9947015545004
 31
0.0
  0
ARC
  5
34E
330
1F
100
AcDbEntity
  8
0
100
AcDbCircle
 10
498.0358921857585
 20
355.1405611241779
 30
0.0
 40
0.1840726346764881
100
AcDbArc
 50
267.6422379411757
 51
302.349281590281
  0
LINE
  5
34F
330
1F
100
AcDbEntity
  8
0
100
AcDbLine
 10
465.2999271443679
 20
372.93563817517
 30
0.0
 11
497.1197322977611
 21
354.5664556591599
 31
0.0
  0
ARC
  5
350
330
1F
100
AcDbEntity
  8
0
100
AcDbCircle
 10
465.8715967034536
 20
372.7773848558152
 30
0.0
 40
0.5931696198155143
100
AcDbArc
 50
98.60066655786187
 51
164.5264979295363
  0
LINE
  5
351
330
1F
100
AcDbEntity
  8
0
100
AcDbLine
 10
465.7828900575136
 20
373.3638840705104
 30
0.0
 11
497.6026952109069
 21
354.9947015545004
 31
0.0
  0
LINE
  5
352
330
1F
100
AcDbEntity
  8
0
100
AcDbLine
 10
465.2292164662478
 20
372.7533887523208
 30
0.0
 11
497.0490216196411
 21
354.3842062363108
 31
0.0
  0
LINE
  5
353
330
1F
100
AcDbEntity
  8
0
100
AcDbLine
 10
465.2999271443679
 20
372.93563817517
 30
0.0
 11
465.2292164662478
 21
372.7533887523208
 31
0.0
  0
LWPOLYLINE
  5
354
330
1F
100
AcDbEntity
  8
0
100
AcDbPolyline
 90
        8
 70
   128
 43
0.0
 10
465.2292164662478
 20
372.7533887523208
 10
465.2006123261588
 20
372.6639749517469
 10
465.1848739917727
 20
372.576945165196
 10
465.1826062784536
 20
372.4956438985586
 10
465.1938963331528
 20
372.4231955139169
 10
465.2183102853996
 20
372.3623841620634
 10
465.2549099207007
 20
372.3155467891464
 10
465.2854230009387
 20
372.2929866593392
  0
LINE
  5
355
330
1F
100
AcDbEntity
  8
0
100
AcDbLine
 10
466.2085144502236
 20
373.3258268360713
 30
0.0
 11
465.7828900575136
 21
373.3638840705104
 31
0.0
  0
LINE
  5
356
330
1F
100
AcDbEntity
  8
0
100
AcDbLine
 10
466.2085144502236
 20
373.3258268360713
 30
0.0
 11
498.0283196036168
 21
354.9566443200613
 31
0.0
  0
ARC
  5
357
330
1F
100
AcDbEntity
  8
0
100
AcDbCircle
 10
466.2160870323656
 20
373.5097436401872
 30
0.0
 40
0.1840726346758202
100
AcDbArc
 50
267.6422379410431
 51
302.349281590271
  0
LINE
  5
358
330
1F
100
AcDbEntity
  8
0
100
AcDbLine
 10
466.3145804674009
 20
373.3542387267875
 30
0.0
 11
498.1343856207941
 21
354.9850562107776
 31
0.0
  0
LINE
  5
359
330
1F
100
AcDbEntity
  8
0
100
AcDbLine
 10
507.6082561646959
 20
362.1686622964847
 30
0.0
 11
507.836615604506
 21
362.3004913950258
 31
0.0
  0
LINE
  5
35A
330
1F
100
AcDbEntity
  8
0
100
AcDbLine
 10
507.6082561646959
 20
362.1686622964847
 30
0.0
 11
509.0931804051871
 21
361.3114337790712
 31
0.0
  0
LINE
  5
35B
330
1F
100
AcDbEntity
  8
0
100
AcDbLine
 10
477.2733752517939
 20
379.6806162950812
 30
0.0
 11
466.3145804674009
 21
373.3542387267875
 31
0.0
  0
LINE
  5
35C
330
1F
100
AcDbEntity
  8
0
100
AcDbLine
 10
477.2733752517939
 20
379.6806162950812
 30
0.0
 11
478.7582994922851
 21
378.8233877776677
 31
0.0
  0
LINE
  5
35D
330
1F
100
AcDbEntity
  8
0
100
AcDbLine
 10
478.9866589320951
 20
378.9552168762087
 30
0.0
 11
478.7582994922851
 21
378.8233877776677
 31
0.0
  0
LINE
  5
35E
330
1F
100
AcDbEntity
  8
0
100
AcDbLine
 10
478.9866589320951
 20
378.9552168762087
 30
0.0
 11
489.8172709783096
 21
372.7028376275634
 31
0.0
  0
LINE
  5
35F
330
1F
100
AcDbEntity
  8
0
100
AcDbLine
 10
494.7004668153087
 20
369.8838286751566
 30
0.0
 11
507.836615604506
 21
362.3004913950258
 31
0.0
  0
LWPOLYLINE
  5
360
330
1F
100
AcDbEntity
  8
0
100
AcDbPolyline
 90
       21
 70
   128
 43
0.0
 10
498.1096234252201
 20
362.4531288744695
 10
498.3460849992379
 20
362.2271459060879
 10
498.5851567464529
 20
361.9108163328111
 10
498.7398893181526
 20
361.5774501021047
 10
498.8068262443729
 20
361.2344940646917
 10
498.7844722647923
 20
360.88960929173
 10
498.6733267303757
 20
360.5504999391428
 10
498.4758724486994
 20
360.2247411495053
 10
498.1965202221327
 20
359.9196098358782
 10
497.8415103178015
 20
359.6419221275932
 10
497.4187730703322
 20
359.3978811091885
 10
496.9377517312812
 20
359.1929382537496
 10
496.409191522499
 20
359.031671646009
 10
495.8448996056302
 20
358.9176837154988
 10
495.2574813296335
 20
358.8535207642269
 10
494.6600586481151
 20
358.840616086499
 10
494.0659769965689
 20
358.8792579514909
 10
493.4885071774
 20
358.9685831637925
 10
492.9405489121286
 20
359.1065963457667
 10
492.434342682927
 20
359.2902145109878
 10
491.9811963004749
 20
359.5153359330646
  0
ARC
  5
361
330
1F
100
AcDbEntity
  8
0
100
AcDbCircle
 10
492.5584132509222
 20
361.1147352516376
 30
0.0
 40
1.700369838633827
100
AcDbArc
 50
128.0829014070997
 51
250.155685305334
  0
ARC
  5
362
330
1F
100
AcDbEntity
  8
0
100
AcDbCircle
 10
493.5151703788002
 20
368.0587117550177
 30
0.0
 40
1.70806700325604
100
AcDbArc
 50
290.1125910279601
 51
55.4357282595851
  0
LINE
  5
363
330
1F
100
AcDbEntity
  8
0
100
AcDbLine
 10
488.1628196820668
 20
369.5571557084813
 30
0.0
 11
488.3053556225427
 21
369.6394399554489
 31
0.0
  0
LWPOLYLINE
  5
364
330
1F
100
AcDbEntity
  8
0
100
AcDbPolyline
 90
       11
 70
   128
 43
0.0
 10
488.1628196820669
 20
366.2915232611917
 10
487.7551788293133
 20
366.567054670863
 10
487.4272207100596
 20
366.8760069372242
 10
487.1870207416325
 20
367.210772630124
 10
487.0404934444326
 20
367.5631087071793
 10
486.9912468068131
 20
367.9243394848368
 10
487.0404934444326
 20
368.2855702624942
 10
487.1870207416325
 20
368.6379063395495
 10
487.4272207100596
 20
368.9726720324491
 10
487.7551788293133
 20
369.2816242988102
 10
488.1628196820668
 20
369.5571557084813
  0
ARC
  5
365
330
1F
100
AcDbEntity
  8
0
100
AcDbCircle
 10
490.991246806814
 20
371.6997453252295
 30
0.0
 40
6.103184897571952
100
AcDbArc
 50
242.3910402157526
 51
297.6089597842271
  0
LINE
  5
366
330
1F
100
AcDbEntity
  8
0
100
AcDbLine
 10
494.1025166440348
 20
366.4548048835545
 30
0.0
 11
493.8196739315591
 21
366.2915232611906
 31
0.0
  0
LINE
  5
367
330
1F
100
AcDbEntity
  8
0
100
AcDbLine
 10
497.7664987763176
 20
353.8486229092899
 30
0.0
 11
497.8501825843219
 21
353.8003132752285
 31
0.0
  0
LINE
  5
368
330
1F
100
AcDbEntity
  8
0
100
AcDbLine
 10
509.0931804051871
 20
360.4948597921751
 30
0.0
 11
509.2699571004845
 21
360.3928087781969
 31
0.0
  0
ARC
  5
369
330
1F
100
AcDbEntity
  8
0
100
AcDbCircle
 10
496.838524657291
 20
359.8462943283696
 30
0.0
 40
2.032631536721579
100
AcDbArc
 50
22.91757172609492
 51
51.29238485403243
  0
ARC
  5
36A
330
1F
100
AcDbEntity
  8
0
100
AcDbCircle
 10
492.7845858667342
 20
359.8433717272311
 30
0.0
 40
2.037328660911282
100
AcDbArc
 50
128.7410075238822
 51
157.0490358959693
  0
LINE
  5
36B
330
1F
100
AcDbEntity
  8
0
100
AcDbLine
 10
488.4456623945421
 20
368.6997613159929
 30
0.0
 11
488.6414930963966
 21
368.8054761577475
 31
0.0
  0
ARC
  5
36C
330
1F
100
AcDbEntity
  8
0
100
AcDbCircle
 10
493.0949457056452
 20
366.6479945782933
 30
0.0
 40
2.278364774815022
100
AcDbArc
 50
24.07142881539902
 51
60.50816835424014
  0
LINE
  5
36D
330
1F
100
AcDbEntity
  8
0
100
AcDbLine
 10
488.1628196820668
 20
368.5364796936279
 30
0.0
 11
488.4456623945421
 21
368.6997613159929
 31
0.0
  0
ARC
  5
36E
330
1F
100
AcDbEntity
  8
0
100
AcDbCircle
 10
489.2200484412148
 20
366.4524039924005
 30
0.0
 40
2.336900549363593
100
AcDbArc
 50
116.8981810590583
 51
155.7019004402175
  0
LINE
  5
36F
330
1F
100
AcDbEntity
  8
0
100
AcDbLine
 10
466.0303774309286
 20
371.8629336208419
 30
0.0
 11
466.0303774309286
 21
371.352954979356
 31
0.0
  0
LINE
  5
370
330
1F
100
AcDbEntity
  8
0
100
AcDbLine
 10
486.6778954415729
 20
342.0426961943334
 30
0.0
 11
486.9607381540464
 21
342.2059778166973
 31
0.0
  0
LINE
  5
371
330
1F
100
AcDbEntity
  8
0
100
AcDbLine
 10
480.8796198358422
 20
345.3899694528071
 30
0.0
 11
481.5867266170274
 21
345.7981735087167
 31
0.0
  0
LINE
  5
372
330
1F
100
AcDbEntity
  8
0
100
AcDbLine
 10
480.8796198358423
 20
342.500658831775
 30
0.0
 11
480.8796198358422
 21
345.3899694528071
 31
0.0
  0
LINE
  5
373
330
1F
100
AcDbEntity
  8
0
100
AcDbLine
 10
482.2938333982159
 20
342.9905036988692
 30
0.0
 11
482.2938333982159
 21
341.7154030992823
 31
0.0
  0
LINE
  5
374
330
1F
100
AcDbEntity
  8
0
100
AcDbLine
 10
482.2938333982159
 20
341.7154030992823
 30
0.0
 11
482.0109906857443
 21
341.5521214769191
 31
0.0
  0
LINE
  5
375
330
1F
100
AcDbEntity
  8
0
100
AcDbLine
 10
482.0109906857443
 20
341.5521214769191
 30
0.0
 11
480.8796198358399
 21
337.5511776587061
 31
0.0
  0
LINE
  5
376
330
1F
100
AcDbEntity
  8
0
100
AcDbLine
 10
480.8796198358399
 20
337.5511776587061
 30
0.0
 11
479.4654062734803
 21
337.5513103587993
 31
0.0
  0
LINE
  5
377
330
1F
100
AcDbEntity
  8
0
100
AcDbLine
 10
479.4654062734803
 20
337.5513103587993
 30
0.0
 11
479.4654062734803
 21
346.9415296954908
 31
0.0
  0
LINE
  5
378
330
1F
100
AcDbEntity
  8
0
100
AcDbLine
 10
479.4654062734803
 20
346.9415296954908
 30
0.0
 11
480.7617687056477
 21
350.3844884772007
 31
0.0
  0
LINE
  5
379
330
1F
100
AcDbEntity
  8
0
100
AcDbLine
 10
480.7617687056477
 20
350.3844884772007
 30
0.0
 11
480.8796198358422
 21
350.4525224865174
 31
0.0
  0
LINE
  5
37A
330
1F
100
AcDbEntity
  8
0
100
AcDbLine
 10
480.7617687056477
 20
350.3844884772007
 30
0.0
 11
479.7718192119868
 21
350.9559741554764
 31
0.0
  0
LINE
  5
37B
330
1F
100
AcDbEntity
  8
0
100
AcDbLine
 10
479.4654062734803
 20
346.9415296954908
 30
0.0
 11
478.4754567798195
 21
347.5130153737665
 31
0.0
  0
LINE
  5
37C
330
1F
100
AcDbEntity
  8
0
100
AcDbLine
 10
478.4754567798195
 20
347.5130153737665
 30
0.0
 11
479.7718192119868
 21
350.9559741554764
 31
0.0
  0
LINE
  5
37D
330
1F
100
AcDbEntity
  8
0
100
AcDbLine
 10
445.1707273859178
 20
332.2175736125676
 30
0.0
 11
476.990532539311
 21
313.8483910965576
 31
0.0
  0
LINE
  5
37E
330
1F
100
AcDbEntity
  8
0
100
AcDbLine
 10
453.5145321941009
 20
338.7332804127647
 30
0.0
 11
445.1707273859178
 21
332.2175736125676
 31
0.0
  0
LINE
  5
37F
330
1F
100
AcDbEntity
  8
0
100
AcDbLine
 10
453.5145321941009
 20
338.7332804127647
 30
0.0
 11
456.4136699974907
 21
337.0596437832252
 31
0.0
  0
SPLINE
  5
380
330
1F
100
AcDbEntity
  8
0
100
AcDbSpline
210
0.0
220
0.0
230
1.0
 70
     8
 71
     3
 72
    14
 73
    10
 74
     0
 42
1E-08
 43
1E-08
 40
0.0
 40
0.0
 40
0.0
 40
0.0
 40
0.25
 40
0.25
 40
0.5
 40
0.5
 40
0.75
 40
0.75
 40
1.0
 40
1.0
 40
1.0
 40
1.0
 10
456.4137252067864
 20
333.1221032639121
 30
0.0
 10
456.0720617934052
 20
333.3193413541263
 30
0.0
 10
455.7657189761027
 20
333.580761973934
 30
0.0
 10
455.3345372360179
 20
334.2134493179715
 30
0.0
 10
455.2128683999589
 20
334.5841864980769
 30
0.0
 10
455.2128576197159
 20
335.3530360769877
 30
0.0
 10
455.3345157120016
 20
335.7485474387648
 30
0.0
 10
455.7656784788797
 20
336.4690338588206
 30
0.0
 10
456.0720130906494
 20
336.7928338545454
 30
0.0
 10
456.4136699974907
 20
337.0596437832252
 30
0.0
  0
SPLINE
  5
381
330
1F
100
AcDbEntity
  8
0
100
AcDbSpline
210
0.0
220
0.0
230
1.0
 70
     8
 71
     3
 72
    14
 73
    10
 74
     0
 42
1E-08
 43
1E-08
 40
0.0
 40
0.0
 40
0.0
 40
0.0
 40
0.25
 40
0.25
 40
0.5
 40
0.5
 40
0.75
 40
0.75
 40
1.0
 40
1.0
 40
1.0
 40
1.0
 10
462.2119456021674
 20
333.71237052536
 30
0.0
 10
461.8702756823703
 20
333.4455681088997
 30
0.0
 10
461.4393898206446
 20
333.1936700192994
 30
0.0
 10
460.4430785433018
 20
332.7994368898383
 30
0.0
 10
459.8789082160915
 20
332.6593824037307
 30
0.0
 10
458.7467397247311
 20
332.5441260061944
 30
0.0
 10
458.1825717144229
 20
332.5693140099924
 30
0.0
 10
457.1862686481223
 20
332.76069610387
 30
0.0
 10
456.7553886201676
 20
332.924865173698
 30
0.0
 10
456.4137252067864
 20
333.1221032639121
 30
0.0
  0
LINE
  5
382
330
1F
100
AcDbEntity
  8
0
100
AcDbLine
 10
462.2119456021674
 20
333.71237052536
 30
0.0
 11
466.5252969684593
 21
331.2223257836924
 31
0.0
  0
SPLINE
  5
383
330
1F
100
AcDbEntity
  8
0
100
AcDbSpline
210
0.0
220
0.0
230
1.0
 70
     8
 71
     3
 72
    14
 73
    10
 74
     0
 42
1E-08
 43
1E-08
 40
0.0
 40
0.0
 40
0.0
 40
0.0
 40
0.25
 40
0.25
 40
0.5
 40
0.5
 40
0.75
 40
0.75
 40
1.0
 40
1.0
 40
1.0
 40
1.0
 10
466.5253521777549
 20
327.2847852643793
 30
0.0
 10
466.1836887643738
 20
327.4820233545934
 30
0.0
 10
465.8773459470713
 20
327.7434439744013
 30
0.0
 10
465.4461642069864
 20
328.3761313184387
 30
0.0
 10
465.3244953709275
 20
328.7468684985441
 30
0.0
 10
465.3244845906844
 20
329.5157180774549
 30
0.0
 10
465.4461426829702
 20
329.9112294392319
 30
0.0
 10
465.8773054498482
 20
330.6317158592877
 30
0.0
 10
466.183640061618
 20
330.9555158550126
 30
0.0
 10
466.5252969684593
 20
331.2223257836924
 30
0.0
  0
SPLINE
  5
384
330
1F
100
AcDbEntity
  8
0
100
AcDbSpline
210
0.0
220
0.0
230
1.0
 70
     8
 71
     3
 72
    14
 73
    10
 74
     0
 42
1E-08
 43
1E-08
 40
0.0
 40
0.0
 40
0.0
 40
0.0
 40
0.25
 40
0.25
 40
0.5
 40
0.5
 40
0.75
 40
0.75
 40
1.0
 40
1.0
 40
1.0
 40
1.0
 10
472.3235725731359
 20
327.8750525258272
 30
0.0
 10
471.9819026533389
 20
327.6082501093669
 30
0.0
 10
471.5510167916131
 20
327.3563520197665
 30
0.0
 10
470.5547055142703
 20
326.9621188903055
 30
0.0
 10
469.99053518706
 20
326.8220644041979
 30
0.0
 10
468.8583666956997
 20
326.7068080066616
 30
0.0
 10
468.2941986853914
 20
326.7319960104596
 30
0.0
 10
467.2978956190909
 20
326.9233781043371
 30
0.0
 10
466.8670155911361
 20
327.0875471741651
 30
0.0
 10
466.5253521777549
 20
327.2847852643793
 30
0.0
  0
LINE
  5
385
330
1F
100
AcDbEntity
  8
0
100
AcDbLine
 10
472.3235725731359
 20
327.8750525258272
 30
0.0
 11
476.6369239394277
 21
325.3850077841595
 31
0.0
  0
SPLINE
  5
386
330
1F
100
AcDbEntity
  8
0
100
AcDbSpline
210
0.0
220
0.0
230
1.0
 70
     8
 71
     3
 72
    14
 73
    10
 74
     0
 42
1E-08
 43
1E-08
 40
0.0
 40
0.0
 40
0.0
 40
0.0
 40
0.25
 40
0.25
 40
0.5
 40
0.5
 40
0.75
 40
0.75
 40
1.0
 40
1.0
 40
1.0
 40
1.0
 10
476.6369791487235
 20
321.4474672648465
 30
0.0
 10
476.2953157353423
 20
321.6447053550606
 30
0.0
 10
475.9889729180398
 20
321.9061259748684
 30
0.0
 10
475.5577911779549
 20
322.5388133189059
 30
0.0
 10
475.436122341896
 20
322.9095504990112
 30
0.0
 10
475.436111561653
 20
323.678400077922
 30
0.0
 10
475.5577696539387
 20
324.0739114396991
 30
0.0
 10
475.9889324208168
 20
324.794397859755
 30
0.0
 10
476.2952670325865
 20
325.1181978554798
 30
0.0
 10
476.6369239394277
 20
325.3850077841595
 30
0.0
  0
SPLINE
  5
387
330
1F
100
AcDbEntity
  8
0
100
AcDbSpline
210
0.0
220
0.0
230
1.0
 70
     8
 71
     3
 72
    14
 73
    10
 74
     0
 42
1E-08
 43
1E-08
 40
0.0
 40
0.0
 40
0.0
 40
0.0
 40
0.2500000000000002
 40
0.2500000000000002
 40
0.5000000000000004
 40
0.5000000000000004
 40
0.7500000000000007
 40
0.7500000000000007
 40
1.0
 40
1.0
 40
1.0
 40
1.0
 10
482.4351995441045
 20
322.0377345262943
 30
0.0
 10
482.0935296243073
 20
321.7709321098341
 30
0.0
 10
481.6626437625816
 20
321.5190340202337
 30
0.0
 10
480.6663324852389
 20
321.1248008907727
 30
0.0
 10
480.1021621580286
 20
320.9847464046651
 30
0.0
 10
478.9699936666682
 20
320.8694900071288
 30
0.0
 10
478.4058256563599
 20
320.8946780109267
 30
0.0
 10
477.4095225900594
 20
321.0860601048043
 30
0.0
 10
476.9786425621047
 20
321.2502291746323
 30
0.0
 10
476.6369791487235
 20
321.4474672648465
 30
0.0
  0
LINE
  5
388
330
1F
100
AcDbEntity
  8
0
100
AcDbLine
 10
482.4351995441045
 20
322.0377345262943
 30
0.0
 11
485.3343373474942
 21
320.3640978967548
 31
0.0
  0
LINE
  5
389
330
1F
100
AcDbEntity
  8
0
100
AcDbLine
 10
479.7718192119868
 20
350.9559741554764
 30
0.0
 11
479.8896703421813
 21
351.0240081647931
 31
0.0
  0
LINE
  5
38A
330
1F
100
AcDbEntity
  8
0
100
AcDbLine
 10
445.1707273859178
 20
290.6398530503578
 30
0.0
 11
476.990532539311
 21
272.2706705343479
 31
0.0
  0
LINE
  5
38B
330
1F
100
AcDbEntity
  8
0
100
AcDbLine
 10
445.1707273859178
 20
332.2175736125676
 30
0.0
 11
445.1707273859178
 21
290.6398530503578
 31
0.0
  0
LWPOLYLINE
  5
38C
330
1F
100
AcDbEntity
  8
0
100
AcDbPolyline
 90
       19
 70
   128
 43
0.0
 10
474.8692121957527
 20
284.1103132565958
 10
474.8369845731531
 20
284.5542903390363
 10
474.741280925359
 20
285.021986623523
 10
474.5850091592804
 20
285.4991913951176
 10
474.372917513452
 20
285.9714050283124
 10
474.1114502852089
 20
286.4242795508144
 10
473.8085520239726
 20
286.844054599423
 10
473.4734261401366
 20
287.2179755217026
 10
473.1162552640995
 20
287.5346809196428
 10
472.7478918521925
 20
287.784547859988
 10
472.3795284402855
 20
287.9599842621945
 10
472.0223575642484
 20
288.0556595799563
 10
471.6872316804124
 20
288.0686667671574
 10
471.384333419176
 20
287.9986106069965
 10
471.1228661909329
 20
287.84761972045
 10
470.9107745451047
 20
287.6202818892006
 10
470.754502779026
 20
287.3235046582122
 10
470.6587991312319
 20
286.966305453472
 10
470.6265715086324
 20
286.5595375920645
  0
LWPOLYLINE
  5
38D
330
1F
100
AcDbEntity
  8
0
100
AcDbPolyline
 90
       19
 70
   128
 43
0.0
 10
470.6265715086324
 20
286.5595375920645
 10
470.658799131232
 20
286.115560509624
 10
470.754502779026
 20
285.6478642251373
 10
470.9107745451047
 20
285.1706594535427
 10
471.122866190933
 20
284.6984458203479
 10
471.3843334191761
 20
284.2455712978459
 10
471.6872316804124
 20
283.8257962492374
 10
472.0223575642484
 20
283.4518753269577
 10
472.3795284402855
 20
283.1351699290175
 10
472.7478918521925
 20
282.8853029886724
 10
473.1162552640995
 20
282.7098665864659
 10
473.4734261401366
 20
282.6141912687041
 10
473.8085520239725
 20
282.601184081503
 10
474.1114502852089
 20
282.6712402416639
 10
474.372917513452
 20
282.8222311282104
 10
474.5850091592803
 20
283.0495689594598
 10
474.741280925359
 20
283.3463461904481
 10
474.836984573153
 20
283.7035453951883
 10
474.8692121957527
 20
284.1103132565958
  0
LWPOLYLINE
  5
38E
330
1F
100
AcDbEntity
  8
0
100
AcDbPolyline
 90
       19
 70
   128
 43
0.0
 10
464.757585224785
 20
289.9476312561281
 10
464.7253576021854
 20
290.3916083385686
 10
464.6296539543914
 20
290.8593046230553
 10
464.4733821883127
 20
291.3365093946499
 10
464.2612905424844
 20
291.8087230278447
 10
463.9998233142413
 20
292.2615975503467
 10
463.696925053005
 20
292.6813725989552
 10
463.361799169169
 20
293.0552935212348
 10
463.0046282931319
 20
293.3719989191751
 10
462.6362648812249
 20
293.6218658595203
 10
462.2679014693178
 20
293.7973022617267
 10
461.9107305932807
 20
293.8929775794886
 10
461.5756047094448
 20
293.9059847666896
 10
461.2727064482084
 20
293.8359286065287
 10
461.0112392199654
 20
293.6849377199822
 10
460.799147574137
 20
293.4575998887328
 10
460.6428758080584
 20
293.1608226577445
 10
460.5471721602643
 20
292.8036234530043
 10
460.5149445376647
 20
292.3968555915968
  0
LWPOLYLINE
  5
38F
330
1F
100
AcDbEntity
  8
0
100
AcDbPolyline
 90
       19
 70
   128
 43
0.0
 10
460.5149445376647
 20
292.3968555915968
 10
460.5471721602643
 20
291.9528785091563
 10
460.6428758080584
 20
291.4851822246696
 10
460.799147574137
 20
291.007977453075
 10
461.0112392199654
 20
290.5357638198802
 10
461.2727064482085
 20
290.0828892973782
 10
461.5756047094448
 20
289.6631142487696
 10
461.9107305932808
 20
289.2891933264901
 10
462.2679014693179
 20
288.9724879285498
 10
462.6362648812249
 20
288.7226209882046
 10
463.0046282931319
 20
288.5471845859981
 10
463.361799169169
 20
288.4515092682363
 10
463.696925053005
 20
288.4385020810353
 10
463.9998233142413
 20
288.5085582411962
 10
464.2612905424844
 20
288.6595491277427
 10
464.4733821883127
 20
288.8868869589921
 10
464.6296539543914
 20
289.1836641899804
 10
464.7253576021854
 20
289.5408633947206
 10
464.757585224785
 20
289.9476312561281
  0
LWPOLYLINE
  5
390
330
1F
100
AcDbEntity
  8
0
100
AcDbPolyline
 90
       19
 70
   128
 43
0.0
 10
454.6459582538174
 20
295.7849492556604
 10
454.6137306312178
 20
296.228926338101
 10
454.5180269834237
 20
296.6966226225877
 10
454.3617552173451
 20
297.1738273941822
 10
454.1496635715167
 20
297.646041027377
 10
453.8881963432737
 20
298.098915549879
 10
453.5852980820373
 20
298.5186905984876
 10
453.2501721982013
 20
298.8926115207672
 10
452.8930013221643
 20
299.2093169187074
 10
452.5246379102572
 20
299.4591838590526
 10
452.1562744983502
 20
299.6346202612591
 10
451.7991036223131
 20
299.7302955790209
 10
451.4639777384771
 20
299.7433027662219
 10
451.1610794772408
 20
299.673246606061
 10
450.8996122489977
 20
299.5222557195146
 10
450.6875206031694
 20
299.2949178882651
 10
450.5312488370907
 20
298.9981406572768
 10
450.4355451892967
 20
298.6409414525366
 10
450.4033175666971
 20
298.2341735911291
  0
LWPOLYLINE
  5
391
330
1F
100
AcDbEntity
  8
0
100
AcDbPolyline
 90
       19
 70
   128
 43
0.0
 10
450.4033175666971
 20
298.2341735911291
 10
450.4355451892967
 20
297.7901965086887
 10
450.5312488370907
 20
297.3225002242019
 10
450.6875206031694
 20
296.8452954526073
 10
450.8996122489978
 20
296.3730818194125
 10
451.1610794772408
 20
295.9202072969105
 10
451.4639777384771
 20
295.500432248302
 10
451.7991036223131
 20
295.1265113260224
 10
452.1562744983502
 20
294.8098059280821
 10
452.5246379102572
 20
294.559938987737
 10
452.8930013221643
 20
294.3845025855305
 10
453.2501721982014
 20
294.2888272677687
 10
453.5852980820373
 20
294.2758200805677
 10
453.8881963432737
 20
294.3458762407285
 10
454.1496635715168
 20
294.496867127275
 10
454.3617552173451
 20
294.7242049585244
 10
454.5180269834237
 20
295.0209821895127
 10
454.6137306312178
 20
295.3781813942529
 10
454.6459582538174
 20
295.7849492556604
  0
LINE
  5
392
330
1F
100
AcDbEntity
  8
0
100
AcDbLine
 10
465.2525599716158
 20
299.4603781596256
 30
0.0
 11
465.2525599716155
 21
306.3193209794697
 31
0.0
  0
LINE
  5
393
330
1F
100
AcDbEntity
  8
0
100
AcDbLine
 10
465.2525599716155
 20
306.3193209794697
 30
0.0
 11
465.3939813278522
 21
307.0542209801743
 31
0.0
  0
LINE
  5
394
330
1F
100
AcDbEntity
  8
0
100
AcDbLine
 10
465.3939813278522
 20
307.0542209801743
 30
0.0
 11
465.3939813278522
 21
312.1984280950547
 31
0.0
  0
LINE
  5
395
330
1F
100
AcDbEntity
  8
0
100
AcDbLine
 10
465.3939813278522
 20
312.1984280950547
 30
0.0
 11
465.2525599716155
 21
313.0966097181212
 31
0.0
  0
LINE
  5
396
330
1F
100
AcDbEntity
  8
0
100
AcDbLine
 10
465.2525599716155
 20
313.0966097181212
 30
0.0
 11
465.2525599716155
 21
318.2408168330016
 31
0.0
  0
LINE
  5
397
330
1F
100
AcDbEntity
  8
0
100
AcDbLine
 10
465.2525599716155
 20
318.2408168330016
 30
0.0
 11
456.9086999438526
 21
323.0576246983908
 31
0.0
  0
LINE
  5
398
330
1F
100
AcDbEntity
  8
0
100
AcDbLine
 10
456.9086999438526
 20
323.0576246983908
 30
0.0
 11
456.9086999476098
 21
317.9134175380568
 31
0.0
  0
LINE
  5
399
330
1F
100
AcDbEntity
  8
0
100
AcDbLine
 10
456.9086999476098
 20
317.9134175380568
 30
0.0
 11
456.7672785973768
 21
317.178517577177
 31
0.0
  0
LINE
  5
39A
330
1F
100
AcDbEntity
  8
0
100
AcDbLine
 10
456.7672785973768
 20
317.178517577177
 30
0.0
 11
456.7672785973767
 21
312.0343104622926
 31
0.0
  0
LINE
  5
39B
330
1F
100
AcDbEntity
  8
0
100
AcDbLine
 10
456.7672785973767
 20
312.0343104622926
 30
0.0
 11
456.9086999536134
 21
311.1361288392241
 31
0.0
  0
LINE
  5
39C
330
1F
100
AcDbEntity
  8
0
100
AcDbLine
 10
456.9086999536134
 20
311.1361288392241
 30
0.0
 11
456.9086999536138
 21
304.2771860193799
 31
0.0
  0
LINE
  5
39D
330
1F
100
AcDbEntity
  8
0
100
AcDbLine
 10
456.9086999536138
 20
304.2771860193799
 30
0.0
 11
465.2525599716158
 21
299.4603781596256
 31
0.0
  0
LINE
  5
39E
330
1F
100
AcDbEntity
  8
0
100
AcDbLine
 10
475.3641869425836
 20
293.6230601600932
 30
0.0
 11
475.3641869425832
 21
300.4820029799373
 31
0.0
  0
LINE
  5
39F
330
1F
100
AcDbEntity
  8
0
100
AcDbLine
 10
475.3641869425832
 20
300.4820029799373
 30
0.0
 11
475.5056082988201
 21
301.2169029806419
 31
0.0
  0
LINE
  5
3A0
330
1F
100
AcDbEntity
  8
0
100
AcDbLine
 10
475.5056082988201
 20
301.2169029806419
 30
0.0
 11
475.5056082988201
 21
306.3611100955223
 31
0.0
  0
LINE
  5
3A1
330
1F
100
AcDbEntity
  8
0
100
AcDbLine
 10
475.5056082988201
 20
306.3611100955223
 30
0.0
 11
475.3641869425832
 21
307.2592917185889
 31
0.0
  0
LINE
  5
3A2
330
1F
100
AcDbEntity
  8
0
100
AcDbLine
 10
475.3641869425832
 20
307.2592917185889
 30
0.0
 11
475.3641869425832
 21
312.4034988334693
 31
0.0
  0
LINE
  5
3A3
330
1F
100
AcDbEntity
  8
0
100
AcDbLine
 10
475.3641869425832
 20
312.4034988334693
 30
0.0
 11
467.0203269148203
 21
317.2203066988585
 31
0.0
  0
LINE
  5
3A4
330
1F
100
AcDbEntity
  8
0
100
AcDbLine
 10
467.0203269148203
 20
317.2203066988585
 30
0.0
 11
467.0203269185775
 21
312.0760995385244
 31
0.0
  0
LINE
  5
3A5
330
1F
100
AcDbEntity
  8
0
100
AcDbLine
 10
467.0203269185775
 20
312.0760995385244
 30
0.0
 11
466.8789055683446
 21
311.3411995776446
 31
0.0
  0
LINE
  5
3A6
330
1F
100
AcDbEntity
  8
0
100
AcDbLine
 10
466.8789055683446
 20
311.3411995776446
 30
0.0
 11
466.8789055683444
 21
306.1969924627602
 31
0.0
  0
LINE
  5
3A7
330
1F
100
AcDbEntity
  8
0
100
AcDbLine
 10
466.8789055683444
 20
306.1969924627602
 30
0.0
 11
467.0203269245811
 21
305.2988108396917
 31
0.0
  0
LINE
  5
3A8
330
1F
100
AcDbEntity
  8
0
100
AcDbLine
 10
467.0203269245811
 20
305.2988108396917
 30
0.0
 11
467.0203269245815
 21
298.4398680198476
 31
0.0
  0
LINE
  5
3A9
330
1F
100
AcDbEntity
  8
0
100
AcDbLine
 10
467.0203269245815
 20
298.4398680198476
 30
0.0
 11
475.3641869425836
 21
293.6230601600932
 31
0.0
  0
LINE
  5
3AA
330
1F
100
AcDbEntity
  8
0
100
AcDbLine
 10
455.1409330006481
 20
305.2976961591579
 30
0.0
 11
455.1409330006478
 21
312.156638979002
 31
0.0
  0
LINE
  5
3AB
330
1F
100
AcDbEntity
  8
0
100
AcDbLine
 10
455.1409330006478
 20
312.156638979002
 30
0.0
 11
455.2823543568845
 21
312.8915389797067
 31
0.0
  0
LINE
  5
3AC
330
1F
100
AcDbEntity
  8
0
100
AcDbLine
 10
455.2823543568845
 20
312.8915389797067
 30
0.0
 11
455.2823543568845
 21
318.0357460945871
 31
0.0
  0
LINE
  5
3AD
330
1F
100
AcDbEntity
  8
0
100
AcDbLine
 10
455.2823543568845
 20
318.0357460945871
 30
0.0
 11
455.1409330006478
 21
318.9339277176535
 31
0.0
  0
LINE
  5
3AE
330
1F
100
AcDbEntity
  8
0
100
AcDbLine
 10
455.1409330006478
 20
318.9339277176535
 30
0.0
 11
455.1409330006478
 21
324.078134832534
 31
0.0
  0
LINE
  5
3AF
330
1F
100
AcDbEntity
  8
0
100
AcDbLine
 10
455.1409330006478
 20
324.078134832534
 30
0.0
 11
446.7970729728849
 21
328.8949426979231
 31
0.0
  0
LINE
  5
3B0
330
1F
100
AcDbEntity
  8
0
100
AcDbLine
 10
446.7970729728849
 20
328.8949426979231
 30
0.0
 11
446.7970729766421
 21
323.7507355375891
 31
0.0
  0
LINE
  5
3B1
330
1F
100
AcDbEntity
  8
0
100
AcDbLine
 10
446.7970729766421
 20
323.7507355375891
 30
0.0
 11
446.6556516264092
 21
323.0158355767093
 31
0.0
  0
LINE
  5
3B2
330
1F
100
AcDbEntity
  8
0
100
AcDbLine
 10
446.6556516264092
 20
323.0158355767093
 30
0.0
 11
446.6556516264089
 21
317.871628461825
 31
0.0
  0
LINE
  5
3B3
330
1F
100
AcDbEntity
  8
0
100
AcDbLine
 10
446.6556516264089
 20
317.871628461825
 30
0.0
 11
446.7970729826457
 21
316.9734468387564
 31
0.0
  0
LINE
  5
3B4
330
1F
100
AcDbEntity
  8
0
100
AcDbLine
 10
446.7970729826457
 20
316.9734468387564
 30
0.0
 11
446.7970729826461
 21
310.1145040189123
 31
0.0
  0
LINE
  5
3B5
330
1F
100
AcDbEntity
  8
0
100
AcDbLine
 10
446.7970729826461
 20
310.1145040189123
 30
0.0
 11
455.1409330006481
 21
305.2976961591579
 31
0.0
  0
LINE
  5
3B6
330
1F
100
AcDbEntity
  8
0
100
AcDbLine
 10
479.4654062734803
 20
337.5513103587993
 30
0.0
 11
478.4754567798195
 21
338.122796037075
 31
0.0
  0
LINE
  5
3B7
330
1F
100
AcDbEntity
  8
0
100
AcDbLine
 10
478.4754567798195
 20
338.122796037075
 30
0.0
 11
478.4754567798195
 21
347.5130153737665
 31
0.0
  0
LINE
  5
3B8
330
1F
100
AcDbEntity
  8
0
100
AcDbLine
 10
481.1624625483167
 20
342.3373772094106
 30
0.0
 11
481.1624625483165
 21
345.2266878304428
 31
0.0
  0
LINE
  5
3B9
330
1F
100
AcDbEntity
  8
0
100
AcDbLine
 10
481.1624625483165
 20
345.2266878304428
 30
0.0
 11
481.8695693295009
 21
345.6348918863528
 31
0.0
  0
LINE
  5
3BA
330
1F
100
AcDbEntity
  8
0
100
AcDbLine
 10
482.5766761106846
 20
342.5319704511596
 30
0.0
 11
484.6626411151971
 21
343.7361724161049
 31
0.0
  0
LINE
  5
3BB
330
1F
100
AcDbEntity
  8
0
100
AcDbLine
 10
482.5766761106846
 20
343.1537853212303
 30
0.0
 11
482.5766761106846
 21
342.5319704511596
 31
0.0
  0
LINE
  5
3BC
330
1F
100
AcDbEntity
  8
0
100
AcDbLine
 10
481.1624625483167
 20
342.3373772094106
 30
0.0
 11
482.5766761106846
 21
343.1537853212303
 31
0.0
  0
LINE
  5
3BD
330
1F
100
AcDbEntity
  8
0
100
AcDbLine
 10
474.7985015176362
 20
349.7169324454659
 30
0.0
 11
478.5005889284715
 21
347.5797628741241
 31
0.0
  0
LINE
  5
3BE
330
1F
100
AcDbEntity
  8
0
100
AcDbLine
 10
474.5156588051616
 20
349.8802140678304
 30
0.0
 11
474.7985015176362
 21
349.7169324454659
 31
0.0
  0
LINE
  5
3BF
330
1F
100
AcDbEntity
  8
0
100
AcDbLine
 10
474.5156588051616
 20
354.3713212332671
 30
0.0
 11
474.5156588051616
 21
349.8802140678304
 31
0.0
  0
ARC
  5
3C0
330
1F
100
AcDbEntity
  8
0
100
AcDbCircle
 10
496.8455072647239
 20
359.8938487226099
 30
0.0
 40
2.023015697418061
100
AcDbArc
 50
22.20003377421072
 51
51.32755882839388
  0
LINE
  5
3C1
330
1F
100
AcDbEntity
  8
0
100
AcDbLine
 10
486.9607381540466
 20
338.6946930855217
 30
0.0
 11
482.0109906857443
 21
341.5521214769191
 31
0.0
  0
LINE
  5
3C2
330
1F
100
AcDbEntity
  8
0
100
AcDbLine
 10
482.5766761106846
 20
342.5319704511596
 30
0.0
 11
486.6778954415729
 21
340.1643869268695
 31
0.0
  0
LINE
  5
3C3
330
1F
100
AcDbEntity
  8
0
100
AcDbLine
 10
486.6778954415729
 20
339.1845379526139
 30
0.0
 11
482.2938333982159
 21
341.7154030992823
 31
0.0
  0
ARC
  5
3C4
330
1F
100
AcDbEntity
  8
0
100
AcDbCircle
 10
487.985366232028
 20
343.6762363174342
 30
0.0
 40
1.811831210970311
100
AcDbArc
 50
207.3248800618878
 51
235.561541645672
  0
LINE
  5
3C5
330
1F
100
AcDbEntity
  8
0
100
AcDbLine
 10
481.1624625483165
 20
345.2266878304428
 30
0.0
 11
480.8796198358422
 21
345.3899694528071
 31
0.0
  0
LINE
  5
3C6
330
1F
100
AcDbEntity
  8
0
100
AcDbLine
 10
481.1624625483167
 20
342.3373772094106
 30
0.0
 11
480.8796198358423
 21
342.500658831775
 31
0.0
  0
ARC
  5
3C7
330
1F
100
AcDbEntity
  8
0
100
AcDbCircle
 10
492.7776297213625
 20
359.8909423612496
 30
0.0
 40
2.027715969818187
100
AcDbArc
 50
128.7069438232764
 51
157.7654635741007
  0
LINE
  5
3C8
330
1F
100
AcDbEntity
  8
0
100
AcDbLine
 10
468.0102764182587
 20
316.6488210149382
 30
0.0
 11
468.0102764182587
 21
309.8713730362286
 31
0.0
  0
LINE
  5
3C9
330
1F
100
AcDbEntity
  8
0
100
AcDbLine
 10
468.0102764182587
 20
309.8713730362286
 30
0.0
 11
475.5056082988201
 21
305.5444100435776
 31
0.0
  0
LINE
  5
3CA
330
1F
100
AcDbEntity
  8
0
100
AcDbLine
 10
473.6907008937793
 20
354.4665290363035
 30
0.0
 11
473.8085520239766
 21
354.5345630456218
 31
0.0
  0
LINE
  5
3CB
330
1F
100
AcDbEntity
  8
0
100
AcDbLine
 10
473.8085520239766
 20
349.4720100119207
 30
0.0
 11
474.5156588051616
 21
349.8802140678304
 31
0.0
  0
LINE
  5
3CC
330
1F
100
AcDbEntity
  8
0
100
AcDbLine
 10
473.8085520239768
 20
346.5826993908885
 30
0.0
 11
473.8085520239766
 21
349.4720100119207
 31
0.0
  0
LINE
  5
3CD
330
1F
100
AcDbEntity
  8
0
100
AcDbLine
 10
475.2227655863476
 20
347.0725442579801
 30
0.0
 11
475.2227655863476
 21
345.7974436583851
 31
0.0
  0
LINE
  5
3CE
330
1F
100
AcDbEntity
  8
0
100
AcDbLine
 10
475.2227655863476
 20
345.7974436583851
 30
0.0
 11
474.939922873876
 21
345.6341620360219
 31
0.0
  0
LINE
  5
3CF
330
1F
100
AcDbEntity
  8
0
100
AcDbLine
 10
474.939922873876
 20
345.6341620360219
 30
0.0
 11
473.8085520239715
 21
341.633218217809
 31
0.0
  0
LINE
  5
3D0
330
1F
100
AcDbEntity
  8
0
100
AcDbLine
 10
473.8085520239715
 20
341.633218217809
 30
0.0
 11
472.7760360988652
 21
341.633315102016
 31
0.0
  0
LINE
  5
3D1
330
1F
100
AcDbEntity
  8
0
100
AcDbLine
 10
472.7760360988656
 20
352.0373062280601
 30
0.0
 11
472.7760360988652
 21
341.633315102016
 31
0.0
  0
LINE
  5
3D2
330
1F
100
AcDbEntity
  8
0
100
AcDbLine
 10
472.7760360988656
 20
352.0373062280601
 30
0.0
 11
473.6907008937793
 21
354.4665290363035
 31
0.0
  0
LINE
  5
3D3
330
1F
100
AcDbEntity
  8
0
100
AcDbLine
 10
473.6907008937793
 20
354.4665290363035
 30
0.0
 11
472.7007514001185
 21
355.0380147145792
 31
0.0
  0
SPLINE
  5
3D4
330
1F
100
AcDbEntity
  8
0
100
AcDbSpline
210
0.0
220
0.0
230
1.0
 70
     8
 71
     3
 72
     8
 73
     4
 74
     0
 42
1E-08
 43
1E-08
 40
0.0
 40
0.0
 40
0.0
 40
0.0
 40
1.0
 40
1.0
 40
1.0
 40
1.0
 10
471.7860866052043
 20
352.6087919063359
 30
0.0
 10
472.1675633991512
 20
352.57072109292
 30
0.0
 10
472.507236483059
 20
352.3746319954539
 30
0.0
 10
472.7760360988656
 20
352.0373062280601
 30
0.0
  0
LINE
  5
3D5
330
1F
100
AcDbEntity
  8
0
100
AcDbLine
 10
471.7860866052043
 20
352.6087919063359
 30
0.0
 11
472.7007514001185
 21
355.0380147145792
 31
0.0
  0
LINE
  5
3D6
330
1F
100
AcDbEntity
  8
0
100
AcDbLine
 10
472.7007514001185
 20
355.0380147145792
 30
0.0
 11
472.8186025303158
 21
355.1060487238976
 31
0.0
  0
ARC
  5
3D7
330
1F
100
AcDbEntity
  8
0
100
AcDbCircle
 10
509.9494560882082
 20
361.8213546181907
 30
0.0
 40
2.16648723986247
100
AcDbArc
 50
167.2229215236191
 51
173.6710568284917
  0
LWPOLYLINE
  5
3D8
330
1F
100
AcDbEntity
  8
0
100
AcDbPolyline
 90
       12
 70
   128
 43
0.0
 10
479.562517705224
 20
381.6043395101291
 10
479.432288994095
 20
381.6598745066552
 10
479.1968037215736
 20
381.6850681994368
 10
478.9364022785359
 20
381.6321533447493
 10
478.6638262533818
 20
381.5037190960583
 10
478.3924129436312
 20
381.3060498130596
 10
478.1354427544877
 20
381.0488175644405
 10
477.9054893811776
 20
380.744608868144
 10
477.7138045710022
 20
380.408308825999
 10
477.5697675690432
 20
380.0563727873541
 10
477.4804261864493
 20
379.7060211796204
 10
477.4612918173469
 20
379.5721343708901
  0
SPLINE
  5
3D9
330
1F
100
AcDbEntity
  8
0
100
AcDbSpline
210
0.0
220
0.0
230
1.0
 70
     8
 71
     3
 72
     8
 73
     4
 74
     0
 42
1E-08
 43
1E-08
 40
0.0
 40
0.0
 40
0.0
 40
0.0
 40
1.0
 40
1.0
 40
1.0
 40
1.0
 10
472.7760360988652
 20
341.633315102016
 30
0.0
 10
472.5072364830587
 20
341.8210081059943
 30
0.0
 10
472.1675633991511
 20
342.0170972034604
 30
0.0
 10
471.7860866052043
 20
342.2048007802916
 30
0.0
  0
LINE
  5
3DA
330
1F
100
AcDbEntity
  8
0
100
AcDbLine
 10
471.7860866052043
 20
342.2048007802916
 30
0.0
 11
471.7860866052043
 21
352.6087919063359
 31
0.0
  0
SPLINE
  5
3DB
330
1F
100
AcDbEntity
  8
0
100
AcDbSpline
210
0.0
220
0.0
230
1.0
 70
     8
 71
     3
 72
    14
 73
    10
 74
     0
 42
1E-08
 43
1E-08
 40
0.0
 40
0.0
 40
0.0
 40
0.0
 40
0.25
 40
0.25
 40
0.5
 40
0.5
 40
0.75
 40
0.75
 40
1.0
 40
1.0
 40
1.0
 40
1.0
 10
472.3236277834829
 20
331.2223678239554
 30
0.0
 10
472.665297703404
 20
331.0251259775957
 30
0.0
 10
472.9716464359509
 20
330.776377785581
 30
0.0
 10
473.4028305171098
 20
330.2012069833178
 30
0.0
 10
473.5244953706986
 20
329.8755089526441
 30
0.0
 10
473.5244845901653
 20
329.2219024067438
 30
0.0
 10
473.4028089925176
 20
328.8962052869474
 30
0.0
 10
472.9716059377709
 20
328.3210377127909
 30
0.0
 10
472.6652489995968
 20
328.0722918142696
 30
0.0
 10
472.3235725731359
 20
327.8750525258272
 30
0.0
  0
SPLINE
  5
3DC
330
1F
100
AcDbEntity
  8
0
100
AcDbSpline
210
0.0
220
0.0
230
1.0
 70
     8
 71
     3
 72
    14
 73
    10
 74
     0
 42
1E-08
 43
1E-08
 40
0.0
 40
0.0
 40
0.0
 40
0.0
 40
0.25
 40
0.25
 40
0.5
 40
0.5
 40
0.75
 40
0.75
 40
1.0
 40
1.0
 40
1.0
 40
1.0
 10
466.5252969684593
 20
331.2223257836924
 30
0.0
 10
466.8669603817165
 20
331.4195725844974
 30
0.0
 10
467.2978453641813
 20
331.5964299732396
 30
0.0
 10
468.2941684433251
 20
331.8453607014582
 30
0.0
 10
468.8583514499285
 20
331.9156037315576
 30
0.0
 10
469.9905504328312
 20
331.9156119404619
 30
0.0
 10
470.5547357564653
 20
331.8453770914931
 30
0.0
 10
471.5510670470573
 20
331.5964608108313
 30
0.0
 10
471.9819578635619
 20
331.419609670315
 30
0.0
 10
472.3236277834829
 20
331.2223678239554
 30
0.0
  0
SPLINE
  5
3DD
330
1F
100
AcDbEntity
  8
0
100
AcDbSpline
210
0.0
220
0.0
230
1.0
 70
     8
 71
     3
 72
    14
 73
    10
 74
     0
 42
1E-08
 43
1E-08
 40
0.0
 40
0.0
 40
0.0
 40
0.0
 40
0.25
 40
0.25
 40
0.5
 40
0.5
 40
0.75
 40
0.75
 40
1.0
 40
1.0
 40
1.0
 40
1.0
 10
462.2120008125144
 20
337.0596858234882
 30
0.0
 10
462.5536707324354
 20
336.8624439771286
 30
0.0
 10
462.8600194649824
 20
336.6136957851138
 30
0.0
 10
463.2912035461413
 20
336.0385249828506
 30
0.0
 10
463.4128683997301
 20
335.712826952177
 30
0.0
 10
463.4128576191967
 20
335.0592204062766
 30
0.0
 10
463.2911820215491
 20
334.7335232864802
 30
0.0
 10
462.8599789668024
 20
334.1583557123238
 30
0.0
 10
462.5536220286282
 20
333.9096098138025
 30
0.0
 10
462.2119456021674
 20
333.71237052536
 30
0.0
  0
SPLINE
  5
3DE
330
1F
100
AcDbEntity
  8
0
100
AcDbSpline
210
0.0
220
0.0
230
1.0
 70
     8
 71
     3
 72
    14
 73
    10
 74
     0
 42
1E-08
 43
1E-08
 40
0.0
 40
0.0
 40
0.0
 40
0.0
 40
0.25
 40
0.25
 40
0.5
 40
0.5
 40
0.75
 40
0.75
 40
1.0
 40
1.0
 40
1.0
 40
1.0
 10
456.4136699974907
 20
337.0596437832252
 30
0.0
 10
456.755333410748
 20
337.2568905840302
 30
0.0
 10
457.1862183932128
 20
337.4337479727724
 30
0.0
 10
458.1825414723566
 20
337.682678700991
 30
0.0
 10
458.7467244789599
 20
337.7529217310903
 30
0.0
 10
459.8789234618627
 20
337.7529299399947
 30
0.0
 10
460.4431087854967
 20
337.6826950910259
 30
0.0
 10
461.4394400760887
 20
337.4337788103641
 30
0.0
 10
461.8703308925934
 20
337.2569276698479
 30
0.0
 10
462.2120008125144
 20
337.0596858234882
 30
0.0
  0
SPLINE
  5
3DF
330
1F
100
AcDbEntity
  8
0
100
AcDbSpline
210
0.0
220
0.0
230
1.0
 70
     8
 71
     3
 72
    14
 73
    10
 74
     0
 42
1E-08
 43
1E-08
 40
0.0
 40
0.0
 40
0.0
 40
0.0
 40
0.25
 40
0.25
 40
0.5
 40
0.5
 40
0.75
 40
0.75
 40
1.0
 40
1.0
 40
1.0
 40
1.0
 10
482.4352547544515
 20
325.3850498244225
 30
0.0
 10
482.7769246743725
 20
325.1878079780629
 30
0.0
 10
483.0832734069195
 20
324.9390597860481
 30
0.0
 10
483.5144574880784
 20
324.363888983785
 30
0.0
 10
483.6361223416671
 20
324.0381909531113
 30
0.0
 10
483.6361115611338
 20
323.3845844072109
 30
0.0
 10
483.5144359634862
 20
323.0588872874146
 30
0.0
 10
483.0832329087394
 20
322.483719713258
 30
0.0
 10
482.7768759705653
 20
322.2349738147367
 30
0.0
 10
482.4351995441045
 20
322.0377345262943
 30
0.0
  0
SPLINE
  5
3E0
330
1F
100
AcDbEntity
  8
0
100
AcDbSpline
210
0.0
220
0.0
230
1.0
 70
     8
 71
     3
 72
    14
 73
    10
 74
     0
 42
1E-08
 43
1E-08
 40
0.0
 40
0.0
 40
0.0
 40
0.0
 40
0.25
 40
0.25
 40
0.5
 40
0.5
 40
0.75
 40
0.75
 40
1.0
 40
1.0
 40
1.0
 40
1.0
 10
476.6369239394277
 20
325.3850077841595
 30
0.0
 10
476.9785873526851
 20
325.5822545849645
 30
0.0
 10
477.4094723351499
 20
325.7591119737067
 30
0.0
 10
478.4057954142937
 20
326.0080427019254
 30
0.0
 10
478.969978420897
 20
326.0782857320247
 30
0.0
 10
480.1021774037997
 20
326.078293940929
 30
0.0
 10
480.6663627274339
 20
326.0080590919602
 30
0.0
 10
481.6626940180258
 20
325.7591428112984
 30
0.0
 10
482.0935848345305
 20
325.5822916707822
 30
0.0
 10
482.4352547544515
 20
325.3850498244225
 30
0.0
  0
LINE
  5
3E1
330
1F
100
AcDbEntity
  8
0
100
AcDbLine
 10
457.40367470045
 20
340.9784482321744
 30
0.0
 11
453.5145321941009
 21
338.7332804127647
 31
0.0
  0
LINE
  5
3E2
330
1F
100
AcDbEntity
  8
0
100
AcDbLine
 10
474.091394736452
 20
346.4194177685237
 30
0.0
 11
474.0913947364518
 21
349.3087283895558
 31
0.0
  0
LINE
  5
3E3
330
1F
100
AcDbEntity
  8
0
100
AcDbLine
 10
474.0913947364518
 20
349.3087283895558
 30
0.0
 11
474.7985015176362
 21
349.7169324454659
 31
0.0
  0
LINE
  5
3E4
330
1F
100
AcDbEntity
  8
0
100
AcDbLine
 10
475.5056082988199
 20
346.6140110102727
 30
0.0
 11
477.5915733033316
 21
347.8182129752175
 31
0.0
  0
LINE
  5
3E5
330
1F
100
AcDbEntity
  8
0
100
AcDbLine
 10
475.5056082988199
 20
347.2358258803433
 30
0.0
 11
475.5056082988199
 21
346.6140110102727
 31
0.0
  0
LINE
  5
3E6
330
1F
100
AcDbEntity
  8
0
100
AcDbLine
 10
474.091394736452
 20
346.4194177685237
 30
0.0
 11
475.5056082988199
 21
347.2358258803433
 31
0.0
  0
LINE
  5
3E7
330
1F
100
AcDbEntity
  8
0
100
AcDbLine
 10
467.7274337057707
 20
353.7989730045794
 30
0.0
 11
471.7860866052043
 21
351.4559625581161
 31
0.0
  0
LINE
  5
3E8
330
1F
100
AcDbEntity
  8
0
100
AcDbLine
 10
467.4445909932957
 20
353.9622546269441
 30
0.0
 11
467.7274337057707
 21
353.7989730045794
 31
0.0
  0
LINE
  5
3E9
330
1F
100
AcDbEntity
  8
0
100
AcDbLine
 10
467.4445909932958
 20
358.4533617923808
 30
0.0
 11
467.4445909932957
 21
353.9622546269441
 31
0.0
  0
LINE
  5
3EA
330
1F
100
AcDbEntity
  8
0
100
AcDbLine
 10
478.4754567798195
 20
343.5931417564661
 30
0.0
 11
474.939922873876
 21
345.6341620360219
 31
0.0
  0
LINE
  5
3EB
330
1F
100
AcDbEntity
  8
0
100
AcDbLine
 10
475.5056082988199
 20
346.6140110102727
 30
0.0
 11
478.4754567798195
 21
344.8995539754353
 31
0.0
  0
LINE
  5
3EC
330
1F
100
AcDbEntity
  8
0
100
AcDbLine
 10
478.4754567798195
 20
343.9197050011783
 30
0.0
 11
475.2227655863476
 21
345.7974436583851
 31
0.0
  0
LINE
  5
3ED
330
1F
100
AcDbEntity
  8
0
100
AcDbLine
 10
486.1122100166259
 20
384.7423399533797
 30
0.0
 11
517.9320151700191
 21
366.3731574373697
 31
0.0
  0
LINE
  5
3EE
330
1F
100
AcDbEntity
  8
0
100
AcDbLine
 10
486.1122100166259
 20
384.7423399533797
 30
0.0
 11
480.1194812717441
 21
381.2828112870977
 31
0.0
  0
ARC
  5
3EF
330
1F
100
AcDbEntity
  8
0
100
AcDbCircle
 10
479.5495836906234
 20
315.5940756884951
 30
0.0
 40
6.415813339228629
100
AcDbArc
 50
69.7412104211992
 51
115.5122254426687
  0
LINE
  5
3F0
330
1F
100
AcDbEntity
  8
0
100
AcDbLine
 10
474.0913947364518
 20
349.3087283895558
 30
0.0
 11
473.8085520239766
 21
349.4720100119207
 31
0.0
  0
LINE
  5
3F1
330
1F
100
AcDbEntity
  8
0
100
AcDbLine
 10
474.091394736452
 20
346.4194177685237
 30
0.0
 11
473.8085520239768
 21
346.5826993908885
 31
0.0
  0
LWPOLYLINE
  5
3F2
330
1F
100
AcDbEntity
  8
0
100
AcDbPolyline
 90
       20
 70
   128
 43
0.0
 10
489.1174138366695
 20
369.7005114832891
 10
489.5333127237586
 20
369.4971628166737
 10
490.0015174713886
 20
369.3361056219641
 10
490.5092566745628
 20
369.2217331195875
 10
491.0426805313959
 20
369.1571650932618
 10
491.5872386296058
 20
369.1441627904287
 10
492.1280768438302
 20
369.1830808800153
 10
492.6504425174452
 20
369.2728577779894
 10
493.1400868765802
 20
369.4110446046051
 10
493.5836536995255
 20
369.5938719834587
 10
493.9690436396437
 20
369.8163528602503
 10
494.285744264005
 20
370.0724185366254
 10
494.5251168051535
 20
370.3550842084461
 10
494.6806318041645
 20
370.6566394930393
 10
494.7480472172624
 20
370.9688587483374
 10
494.7255241277165
 20
371.2832254469506
 10
494.6136769066965
 20
371.5911644848336
 10
494.4155564548278
 20
371.8842760877702
 10
494.1365669815759
 20
372.1545649353171
 10
493.7843185924999
 20
372.3946582523037
  0
LWPOLYLINE
  5
3F3
330
1F
100
AcDbEntity
  8
0
100
AcDbPolyline
 90
       20
 70
   128
 43
0.0
 10
493.7843185924999
 20
372.3946582523037
 10
493.3684197054108
 20
372.5980069189192
 10
492.9002149577808
 20
372.7590641136287
 10
492.3924757546066
 20
372.8734366160053
 10
491.8590518977734
 20
372.9380046423311
 10
491.3144937995636
 20
372.9510069451641
 10
490.7736555853392
 20
372.9120888555775
 10
490.2512899117243
 20
372.8223119576035
 10
489.7616455525893
 20
372.6841251309877
 10
489.318078729644
 20
372.5012977521341
 10
488.9326887895257
 20
372.2788168753426
 10
488.6159881651645
 20
372.0227511989673
 10
488.376615624016
 20
371.7400855271467
 10
488.221100625005
 20
371.4385302425535
 10
488.1536852119071
 20
371.1263109872555
 10
488.176208301453
 20
370.8119442886423
 10
488.288055522473
 20
370.5040052507592
 10
488.4861759743416
 20
370.2108936478227
 10
488.7651654475935
 20
369.9406048002758
 10
489.1174138366695
 20
369.7005114832891
  0
LWPOLYLINE
  5
3F4
330
1F
100
AcDbEntity
  8
0
100
AcDbPolyline
 90
       16
 70
   128
 43
0.0
 10
489.1174138366695
 20
368.8684300341769
 10
489.5333127237586
 20
368.6650813675614
 10
490.0015174713886
 20
368.5040241728519
 10
490.5092566745628
 20
368.3896516704752
 10
491.0426805313959
 20
368.3250836441495
 10
491.5872386296058
 20
368.3120813413165
 10
492.1280768438302
 20
368.3509994309031
 10
492.6504425174452
 20
368.4407763288771
 10
493.1400868765802
 20
368.5789631554929
 10
493.5836536995255
 20
368.7617905343465
 10
493.9690436396437
 20
368.984271411138
 10
494.285744264005
 20
369.2403370875132
 10
494.5251168051535
 20
369.5230027593338
 10
494.6806318041645
 20
369.824558043927
 10
494.7480472172624
 20
370.1367772992251
 10
494.7508662145842
 20
370.2155034186841
  0
LINE
  5
3F5
330
1F
100
AcDbEntity
  8
0
100
AcDbLine
 10
489.1174138366695
 20
368.8684300341769
 30
0.0
 11
489.1174138366695
 21
369.7005114832891
 31
0.0
  0
LINE
  5
3F6
330
1F
100
AcDbEntity
  8
0
100
AcDbLine
 10
466.7374842121111
 20
353.5540505710342
 30
0.0
 11
467.4445909932957
 21
353.9622546269441
 31
0.0
  0
LINE
  5
3F7
330
1F
100
AcDbEntity
  8
0
100
AcDbLine
 10
466.7374842121113
 20
350.6647399500021
 30
0.0
 11
466.7374842121111
 21
353.5540505710342
 31
0.0
  0
LINE
  5
3F8
330
1F
100
AcDbEntity
  8
0
100
AcDbLine
 10
468.1516977744792
 20
351.1545848170919
 30
0.0
 11
468.1516977744792
 21
349.8794842174879
 31
0.0
  0
LINE
  5
3F9
330
1F
100
AcDbEntity
  8
0
100
AcDbLine
 10
468.1516977744792
 20
349.8794842174879
 30
0.0
 11
467.8688550620076
 21
349.7162025951249
 31
0.0
  0
LINE
  5
3FA
330
1F
100
AcDbEntity
  8
0
100
AcDbLine
 10
467.8688550620076
 20
349.7162025951249
 30
0.0
 11
466.7374842121032
 21
345.7152587769118
 31
0.0
  0
LINE
  5
3FB
330
1F
100
AcDbEntity
  8
0
100
AcDbLine
 10
466.7374842121032
 20
345.7152587769118
 30
0.0
 11
465.3232706497437
 21
345.715391477005
 31
0.0
  0
LINE
  5
3FC
330
1F
100
AcDbEntity
  8
0
100
AcDbLine
 10
465.3232706497437
 20
345.715391477005
 30
0.0
 11
465.3232706497437
 21
355.1056108136964
 31
0.0
  0
LINE
  5
3FD
330
1F
100
AcDbEntity
  8
0
100
AcDbLine
 10
465.3232706497437
 20
355.1056108136964
 30
0.0
 11
466.6196330819109
 21
358.5485695954064
 31
0.0
  0
LINE
  5
3FE
330
1F
100
AcDbEntity
  8
0
100
AcDbLine
 10
466.6196330819109
 20
358.5485695954064
 30
0.0
 11
466.7374842121111
 21
358.6166036047264
 31
0.0
  0
LINE
  5
3FF
330
1F
100
AcDbEntity
  8
0
100
AcDbLine
 10
466.6196330819109
 20
358.5485695954064
 30
0.0
 11
465.6296835882501
 21
359.1200552736821
 31
0.0
  0
LINE
  5
400
330
1F
100
AcDbEntity
  8
0
100
AcDbLine
 10
465.3232706497437
 20
355.1056108136964
 30
0.0
 11
464.3333211560828
 21
355.6770964919722
 31
0.0
  0
LINE
  5
401
330
1F
100
AcDbEntity
  8
0
100
AcDbLine
 10
464.3333211560828
 20
355.6770964919722
 30
0.0
 11
465.6296835882501
 21
359.1200552736821
 31
0.0
  0
LINE
  5
402
330
1F
100
AcDbEntity
  8
0
100
AcDbLine
 10
467.0203269185775
 20
312.0760995385244
 30
0.0
 11
468.0102764182587
 21
312.6475852202757
 31
0.0
  0
LINE
  5
403
330
1F
100
AcDbEntity
  8
0
100
AcDbLine
 10
479.0411421965914
 20
321.9782787026921
 30
0.0
 11
479.0411421973761
 21
320.9038262689569
 31
0.0
  0
ARC
  5
404
330
1F
100
AcDbEntity
  8
0
100
AcDbCircle
 10
487.0316352653259
 20
367.5633016968353
 30
0.0
 40
2.460453662560713
100
AcDbArc
 50
357.6894789987592
 51
32.03533417135014
  0
LINE
  5
405
330
1F
100
AcDbEntity
  8
0
100
AcDbLine
 10
465.6296835882501
 20
359.1200552736821
 30
0.0
 11
465.7475347184503
 21
359.188089283002
 31
0.0
  0
ARC
  5
406
330
1F
100
AcDbEntity
  8
0
100
AcDbCircle
 10
493.4921808378379
 20
366.9535788536855
 30
0.0
 40
1.258269194381693
100
AcDbArc
 50
359.625918996218
 51
38.82934220036407
  0
ARC
  5
407
330
1F
100
AcDbEntity
  8
0
100
AcDbCircle
 10
489.8136344902626
 20
370.3882736783505
 30
0.0
 40
1.671720042717773
100
AcDbArc
 50
185.9320421667938
 51
245.3880987908265
  0
LINE
  5
408
330
1F
100
AcDbEntity
  8
0
100
AcDbLine
 10
465.3232706497437
 20
345.715391477005
 30
0.0
 11
464.3333211560828
 21
346.2868771552807
 31
0.0
  0
LINE
  5
409
330
1F
100
AcDbEntity
  8
0
100
AcDbLine
 10
464.3333211560828
 20
346.2868771552807
 30
0.0
 11
464.3333211560828
 21
355.6770964919722
 31
0.0
  0
LINE
  5
40A
330
1F
100
AcDbEntity
  8
0
100
AcDbLine
 10
467.0203269245866
 20
350.5014583276371
 30
0.0
 11
467.0203269245864
 21
353.3907689486693
 31
0.0
  0
LINE
  5
40B
330
1F
100
AcDbEntity
  8
0
100
AcDbLine
 10
467.0203269245864
 20
353.3907689486693
 30
0.0
 11
467.7274337057707
 21
353.7989730045794
 31
0.0
  0
LINE
  5
40C
330
1F
100
AcDbEntity
  8
0
100
AcDbLine
 10
468.4345404869545
 20
350.6960515693862
 30
0.0
 11
470.5205054914661
 21
351.9002535343309
 31
0.0
  0
LINE
  5
40D
330
1F
100
AcDbEntity
  8
0
100
AcDbLine
 10
468.4345404869545
 20
351.3178664394569
 30
0.0
 11
468.4345404869545
 21
350.6960515693862
 31
0.0
  0
LINE
  5
40E
330
1F
100
AcDbEntity
  8
0
100
AcDbLine
 10
467.0203269245866
 20
350.5014583276371
 30
0.0
 11
468.4345404869545
 21
351.3178664394569
 31
0.0
  0
LINE
  5
40F
330
1F
100
AcDbEntity
  8
0
100
AcDbLine
 10
457.8986494472903
 20
322.4861390144711
 30
0.0
 11
457.8986494472903
 21
315.7086910357614
 31
0.0
  0
LINE
  5
410
330
1F
100
AcDbEntity
  8
0
100
AcDbLine
 10
457.8986494472903
 20
315.7086910357614
 30
0.0
 11
465.3939813278522
 21
311.3817280431101
 31
0.0
  0
LINE
  5
411
330
1F
100
AcDbEntity
  8
0
100
AcDbLine
 10
460.6563658939048
 20
357.8810135636932
 30
0.0
 11
464.3584533047425
 21
355.74384399235
 31
0.0
  0
LINE
  5
412
330
1F
100
AcDbEntity
  8
0
100
AcDbLine
 10
460.3735231814313
 20
358.0442951860571
 30
0.0
 11
460.6563658939048
 21
357.8810135636932
 31
0.0
  0
LINE
  5
413
330
1F
100
AcDbEntity
  8
0
100
AcDbLine
 10
460.3735231814313
 20
362.5354023514938
 30
0.0
 11
460.3735231814313
 21
358.0442951860571
 31
0.0
  0
LINE
  5
414
330
1F
100
AcDbEntity
  8
0
100
AcDbLine
 10
471.7860866052043
 20
347.4548329598514
 30
0.0
 11
467.8688550620076
 21
349.7162025951249
 31
0.0
  0
LINE
  5
415
330
1F
100
AcDbEntity
  8
0
100
AcDbLine
 10
468.4345404869545
 20
350.6960515693862
 30
0.0
 11
471.7860866052043
 21
348.761245178832
 31
0.0
  0
LINE
  5
416
330
1F
100
AcDbEntity
  8
0
100
AcDbLine
 10
471.7860866052043
 20
347.7813962045694
 30
0.0
 11
468.1516977744792
 21
349.8794842174879
 31
0.0
  0
LINE
  5
417
330
1F
100
AcDbEntity
  8
0
100
AcDbLine
 10
488.1628196820668
 20
369.5571557084813
 30
0.0
 11
488.1628196820668
 21
368.5773067342215
 31
0.0
  0
ARC
  5
418
330
1F
100
AcDbEntity
  8
0
100
AcDbCircle
 10
489.2127803624716
 20
366.5024485309073
 30
0.0
 40
2.325393298832857
100
AcDbArc
 50
116.8412225624488
 51
156.373176207358
  0
ARC
  5
419
330
1F
100
AcDbEntity
  8
0
100
AcDbCircle
 10
493.0765910096334
 20
366.6691993233516
 30
0.0
 40
2.30199166711952
100
AcDbArc
 50
23.78747055057622
 51
58.69847184203878
  0
LINE
  5
41A
330
1F
100
AcDbEntity
  8
0
100
AcDbLine
 10
488.6410512961472
 20
368.8460802127979
 30
0.0
 11
488.4456623945418
 21
368.7405883565866
 31
0.0
  0
ARC
  5
41B
330
1F
100
AcDbEntity
  8
0
100
AcDbCircle
 10
489.4098357222867
 20
366.9741436891734
 30
0.0
 40
1.245895506188997
100
AcDbArc
 50
141.3477278989242
 51
223.6794819393842
  0
LINE
  5
41C
330
1F
100
AcDbEntity
  8
0
100
AcDbLine
 10
466.8789055683446
 20
311.3411995776446
 30
0.0
 11
468.0102764182587
 21
311.9943260671118
 31
0.0
  0
LINE
  5
41D
330
1F
100
AcDbEntity
  8
0
100
AcDbLine
 10
466.8789055683444
 20
306.1969924627602
 30
0.0
 11
470.6270427383716
 21
308.3607459942281
 31
0.0
  0
LINE
  5
41E
330
1F
100
AcDbEntity
  8
0
100
AcDbLine
 10
467.0203269245864
 20
353.3907689486693
 30
0.0
 11
466.7374842121111
 21
353.5540505710342
 31
0.0
  0
LINE
  5
41F
330
1F
100
AcDbEntity
  8
0
100
AcDbLine
 10
467.0203269245866
 20
350.5014583276371
 30
0.0
 11
466.7374842121113
 21
350.6647399500021
 31
0.0
  0
LINE
  5
420
330
1F
100
AcDbEntity
  8
0
100
AcDbLine
 10
471.687231680413
 20
302.767096412636
 30
0.0
 11
467.0203269245815
 21
298.4398680198476
 31
0.0
  0
LINE
  5
421
330
1F
100
AcDbEntity
  8
0
100
AcDbLine
 10
471.687231680413
 20
302.767096412636
 30
0.0
 11
475.3923195255015
 21
300.6281947274688
 31
0.0
  0
LINE
  5
422
330
1F
100
AcDbEntity
  8
0
100
AcDbLine
 10
471.6872316804124
 20
307.3397249591987
 30
0.0
 11
475.5056082988201
 21
305.1354230572773
 31
0.0
  0
LINE
  5
423
330
1F
100
AcDbEntity
  8
0
100
AcDbLine
 10
471.6872316804124
 20
307.3397249591987
 30
0.0
 11
472.0054297319453
 21
307.5234167843582
 31
0.0
  0
LINE
  5
424
330
1F
100
AcDbEntity
  8
0
100
AcDbLine
 10
471.6872316804124
 20
307.3397249591987
 30
0.0
 11
471.687231680413
 21
302.767096412636
 31
0.0
  0
ARC
  5
425
330
1F
100
AcDbEntity
  8
0
100
AcDbCircle
 10
469.4379567196549
 20
321.4313936880283
 30
0.0
 40
6.415813339228322
100
AcDbArc
 50
69.7412104211988
 51
115.51222544267
  0
LINE
  5
426
330
1F
100
AcDbEntity
  8
0
100
AcDbLine
 10
459.6664164002469
 20
357.636091130147
 30
0.0
 11
460.3735231814313
 21
358.0442951860571
 31
0.0
  0
LINE
  5
427
330
1F
100
AcDbEntity
  8
0
100
AcDbLine
 10
488.4456623945418
 20
368.7405883565866
 30
0.0
 11
488.1628196820668
 21
368.5773067342215
 31
0.0
  0
LINE
  5
428
330
1F
100
AcDbEntity
  8
0
100
AcDbLine
 10
467.0203269245811
 20
305.2988108396917
 30
0.0
 11
471.4756858098747
 21
307.8708347771029
 31
0.0
  0
LINE
  5
429
330
1F
100
AcDbEntity
  8
0
100
AcDbLine
 10
459.9492591127204
 20
357.472809507783
 30
0.0
 11
460.6563658939048
 21
357.8810135636932
 31
0.0
  0
LINE
  5
42A
330
1F
100
AcDbEntity
  8
0
100
AcDbLine
 10
461.3634726750885
 20
354.7780921284999
 30
0.0
 11
463.4494376796006
 21
355.982294093445
 31
0.0
  0
LINE
  5
42B
330
1F
100
AcDbEntity
  8
0
100
AcDbLine
 10
461.3634726750885
 20
355.3999069985706
 30
0.0
 11
461.3634726750885
 21
354.7780921284999
 31
0.0
  0
LINE
  5
42C
330
1F
100
AcDbEntity
  8
0
100
AcDbLine
 10
459.9492591127206
 20
354.5834988867509
 30
0.0
 11
461.3634726750885
 21
355.3999069985706
 31
0.0
  0
LINE
  5
42D
330
1F
100
AcDbEntity
  8
0
100
AcDbLine
 10
456.9086999476098
 20
317.9134175380568
 30
0.0
 11
457.8986494472903
 21
318.4849032198076
 31
0.0
  0
LINE
  5
42E
330
1F
100
AcDbEntity
  8
0
100
AcDbLine
 10
468.9295152256237
 20
327.815596702225
 30
0.0
 11
468.9295152264085
 21
326.7411442684897
 31
0.0
  0
LINE
  5
42F
330
1F
100
AcDbEntity
  8
0
100
AcDbLine
 10
459.6664164002472
 20
349.7972993360551
 30
0.0
 11
460.7977872501435
 21
353.7982431542376
 31
0.0
  0
LINE
  5
430
330
1F
100
AcDbEntity
  8
0
100
AcDbLine
 10
464.3333211560828
 20
351.757222874677
 30
0.0
 11
460.7977872501435
 21
353.7982431542376
 31
0.0
  0
LINE
  5
431
330
1F
100
AcDbEntity
  8
0
100
AcDbLine
 10
461.080629962615
 20
353.9615247766006
 30
0.0
 11
461.080629962615
 21
355.2366253762067
 31
0.0
  0
LINE
  5
432
330
1F
100
AcDbEntity
  8
0
100
AcDbLine
 10
461.3634726750885
 20
354.7780921284999
 30
0.0
 11
464.3333211560828
 21
353.0636350936655
 31
0.0
  0
LINE
  5
433
330
1F
100
AcDbEntity
  8
0
100
AcDbLine
 10
464.3333211560828
 20
352.0837861194029
 30
0.0
 11
461.080629962615
 21
353.9615247766006
 31
0.0
  0
LINE
  5
434
330
1F
100
AcDbEntity
  8
0
100
AcDbLine
 10
460.7977872501435
 20
353.7982431542376
 30
0.0
 11
461.080629962615
 21
353.9615247766006
 31
0.0
  0
LINE
  5
435
330
1F
100
AcDbEntity
  8
0
100
AcDbLine
 10
447.7870224763234
 20
328.3234570140029
 30
0.0
 11
447.7870224763234
 21
321.5460090352933
 31
0.0
  0
LINE
  5
436
330
1F
100
AcDbEntity
  8
0
100
AcDbLine
 10
447.7870224763234
 20
321.5460090352933
 30
0.0
 11
455.2823543568845
 21
317.2190460426423
 31
0.0
  0
LINE
  5
437
330
1F
100
AcDbEntity
  8
0
100
AcDbLine
 10
456.7672785973768
 20
317.178517577177
 30
0.0
 11
457.8986494472903
 21
317.8316440666437
 31
0.0
  0
LINE
  5
438
330
1F
100
AcDbEntity
  8
0
100
AcDbLine
 10
456.7672785973767
 20
312.0343104622926
 30
0.0
 11
460.515415767404
 21
314.1980639937605
 31
0.0
  0
LINE
  5
439
330
1F
100
AcDbEntity
  8
0
100
AcDbLine
 10
461.5756047094454
 20
308.6044144121683
 30
0.0
 11
456.9086999536138
 21
304.2771860193799
 31
0.0
  0
LINE
  5
43A
330
1F
100
AcDbEntity
  8
0
100
AcDbLine
 10
461.5756047094454
 20
308.6044144121683
 30
0.0
 11
465.2806925545338
 21
306.4655127270012
 31
0.0
  0
LINE
  5
43B
330
1F
100
AcDbEntity
  8
0
100
AcDbLine
 10
461.5756047094447
 20
313.1770429587311
 30
0.0
 11
465.3939813278522
 21
310.9727410568096
 31
0.0
  0
LINE
  5
43C
330
1F
100
AcDbEntity
  8
0
100
AcDbLine
 10
461.5756047094447
 20
313.1770429587311
 30
0.0
 11
461.8938027609776
 21
313.3607347838906
 31
0.0
  0
LINE
  5
43D
330
1F
100
AcDbEntity
  8
0
100
AcDbLine
 10
461.5756047094447
 20
313.1770429587311
 30
0.0
 11
461.5756047094454
 21
308.6044144121683
 31
0.0
  0
ARC
  5
43E
330
1F
100
AcDbEntity
  8
0
100
AcDbCircle
 10
459.3263297486863
 20
327.2687116875611
 30
0.0
 40
6.415813339228403
100
AcDbArc
 50
69.74121042119754
 51
115.5122254426689
  0
LINE
  5
43F
330
1F
100
AcDbEntity
  8
0
100
AcDbLine
 10
456.9086999536134
 20
311.1361288392241
 30
0.0
 11
461.364058838907
 21
313.7081527766352
 31
0.0
  0
LINE
  5
440
330
1F
100
AcDbEntity
  8
0
100
AcDbLine
 10
446.7970729766421
 20
323.7507355375891
 30
0.0
 11
447.7870224763234
 21
324.3222212193404
 31
0.0
  0
LINE
  5
441
330
1F
100
AcDbEntity
  8
0
100
AcDbLine
 10
458.8178882546561
 20
333.6529147017578
 30
0.0
 11
458.8178882554408
 21
332.5784622680225
 31
0.0
  0
LINE
  5
442
330
1F
100
AcDbEntity
  8
0
100
AcDbLine
 10
446.6556516264092
 20
323.0158355767093
 30
0.0
 11
447.7870224763234
 21
323.6689620661766
 31
0.0
  0
LINE
  5
443
330
1F
100
AcDbEntity
  8
0
100
AcDbLine
 10
446.6556516264089
 20
317.871628461825
 30
0.0
 11
450.4037887964363
 21
320.0353819932928
 31
0.0
  0
LINE
  5
444
330
1F
100
AcDbEntity
  8
0
100
AcDbLine
 10
451.4639777384776
 20
314.4417324117006
 30
0.0
 11
446.7970729826461
 21
310.1145040189123
 31
0.0
  0
LINE
  5
445
330
1F
100
AcDbEntity
  8
0
100
AcDbLine
 10
451.4639777384776
 20
314.4417324117006
 30
0.0
 11
455.1690655835661
 21
312.3028307265336
 31
0.0
  0
LWPOLYLINE
  5
446
330
1F
100
AcDbEntity
  8
0
100
AcDbPolyline
 90
       10
 70
   128
 43
0.0
 10
520.2915550406768
 20
363.6723323519037
 10
520.3339933763812
 20
363.6934559156468
 10
520.5287041233372
 20
363.7255507625434
 10
520.7507817566551
 20
363.672647722837
 10
520.9822348672302
 20
363.5390326861781
 10
521.2043125005481
 20
363.3355303481976
 10
521.3990232475041
 20
363.0786272580436
 10
521.5505928013691
 20
362.789136176219
 10
521.6467418983079
 20
362.4905099485033
 10
521.6796811103072
 20
362.2069414958676
  0
LINE
  5
447
330
1F
100
AcDbEntity
  8
0
100
AcDbLine
 10
451.463977738477
 20
319.0143609582634
 30
0.0
 11
455.2823543568845
 21
316.810059056342
 31
0.0
  0
LINE
  5
448
330
1F
100
AcDbEntity
  8
0
100
AcDbLine
 10
451.463977738477
 20
319.0143609582634
 30
0.0
 11
451.4639777384776
 21
314.4417324117006
 31
0.0
  0
LINE
  5
449
330
1F
100
AcDbEntity
  8
0
100
AcDbLine
 10
451.463977738477
 20
319.0143609582634
 30
0.0
 11
451.7821757900099
 21
319.1980527834229
 31
0.0
  0
ARC
  5
44A
330
1F
100
AcDbEntity
  8
0
100
AcDbCircle
 10
521.1144271534478
 20
362.1455343187712
 30
0.0
 40
0.5685797016639252
100
AcDbArc
 50
305.1120855532815
 51
6.200094840107995
  0
LINE
  5
44B
330
1F
100
AcDbEntity
  8
0
100
AcDbLine
 10
446.7970729826457
 20
316.9734468387564
 30
0.0
 11
451.2524318679393
 21
319.5454707761676
 31
0.0
  0
LINE
  5
44C
330
1F
100
AcDbEntity
  8
0
100
AcDbLine
 10
515.2980424101
 20
312.8584289143337
 30
0.0
 11
514.850208115348
 21
313.1170643097937
 31
0.0
  0
LINE
  5
44D
330
1F
100
AcDbEntity
  8
0
100
AcDbLine
 10
514.850208115348
 20
313.1170643097937
 30
0.0
 11
514.8502081153479
 21
313.9336051216755
 31
0.0
  0
LINE
  5
44E
330
1F
100
AcDbEntity
  8
0
100
AcDbLine
 10
514.8502081153479
 20
313.9336051216755
 30
0.0
 11
514.7500346546798
 21
313.8453399464281
 31
0.0
  0
LINE
  5
44F
330
1F
100
AcDbEntity
  8
0
100
AcDbLine
 10
514.7500346546798
 20
316.6058012780384
 30
0.0
 11
516.3056695732914
 21
317.665668632997
 31
0.0
  0
LINE
  5
450
330
1F
100
AcDbEntity
  8
0
100
AcDbLine
 10
516.3056695732913
 20
314.1610754683789
 30
0.0
 11
516.3056695732914
 21
317.665668632997
 31
0.0
  0
LINE
  5
451
330
1F
100
AcDbEntity
  8
0
100
AcDbLine
 10
516.0212947961242
 20
313.4957034796208
 30
0.0
 11
516.3056695732913
 21
314.1610754683789
 31
0.0
  0
LINE
  5
452
330
1F
100
AcDbEntity
  8
0
100
AcDbLine
 10
515.2980424101
 20
312.8584289143337
 30
0.0
 11
516.0212947961242
 21
313.4957034796208
 31
0.0
  0
LINE
  5
453
330
1F
100
AcDbEntity
  8
0
100
AcDbLine
 10
515.2450094015111
 20
318.2779747168643
 30
0.0
 11
514.7500346546798
 21
318.1409856323507
 31
0.0
  0
LINE
  5
454
330
1F
100
AcDbEntity
  8
0
100
AcDbLine
 10
516.3056695732914
 20
317.665668632997
 30
0.0
 11
515.2450094015111
 21
318.2779747168643
 31
0.0
  0
LINE
  5
455
330
1F
100
AcDbEntity
  8
0
100
AcDbLine
 10
512.4519376158242
 20
298.7845059462797
 30
0.0
 11
512.4519376158242
 21
295.4364099474146
 31
0.0
  0
LINE
  5
456
330
1F
100
AcDbEntity
  8
0
100
AcDbLine
 10
512.4519376158242
 20
295.4364099474146
 30
0.0
 11
511.2145007487473
 21
294.7220528495695
 31
0.0
  0
LINE
  5
457
330
1F
100
AcDbEntity
  8
0
100
AcDbLine
 10
513.9368618563153
 20
294.5791814300011
 30
0.0
 11
512.4519376158242
 21
295.4364099474146
 31
0.0
  0
LINE
  5
458
330
1F
100
AcDbEntity
  8
0
100
AcDbLine
 10
516.6592229638852
 20
302.4380914867578
 30
0.0
 11
516.6592229638852
 21
301.4582425124988
 31
0.0
  0
LINE
  5
459
330
1F
100
AcDbEntity
  8
0
100
AcDbLine
 10
514.7500346546798
 20
300.3560915615372
 30
0.0
 11
516.6592229638852
 21
301.4582425124988
 31
0.0
  0
LINE
  5
45A
330
1F
100
AcDbEntity
  8
0
100
AcDbLine
 10
514.7500346546798
 20
301.3359405357962
 30
0.0
 11
516.6592229638852
 21
302.4380914867578
 31
0.0
  0
LINE
  5
45B
330
1F
100
AcDbEntity
  8
0
100
AcDbLine
 10
514.7500346546798
 20
303.5402424377194
 30
0.0
 11
516.6592229638852
 21
302.4380914867578
 31
0.0
  0
LINE
  5
45C
330
1F
100
AcDbEntity
  8
0
100
AcDbLine
 10
515.9521161826981
 20
296.8038935347184
 30
0.0
 11
515.9521161826981
 21
301.0500384565872
 31
0.0
  0
LINE
  5
45D
330
1F
100
AcDbEntity
  8
0
100
AcDbLine
 10
514.7500346546798
 20
296.1099466396684
 30
0.0
 11
515.9521161826981
 21
296.8038935347184
 31
0.0
  0
LINE
  5
45E
330
1F
100
AcDbEntity
  8
0
100
AcDbLine
 10
514.850208115348
 20
313.1170643097937
 30
0.0
 11
514.7500346546798
 21
313.1748932177145
 31
0.0
  0
LINE
  5
45F
330
1F
100
AcDbEntity
  8
0
100
AcDbLine
 10
515.2980424101
 20
312.8584289143337
 30
0.0
 11
514.7500346546798
 21
313.1747870576654
 31
0.0
  0
LINE
  5
460
330
1F
100
AcDbEntity
  8
0
100
AcDbLine
 10
514.7500346546798
 20
295.293538527845
 30
0.0
 11
516.6592229638852
 21
296.3956894788067
 31
0.0
  0
LINE
  5
461
330
1F
100
AcDbEntity
  8
0
100
AcDbLine
 10
516.6592229638852
 20
296.3956894788067
 30
0.0
 11
516.6592229638852
 21
295.415840504527
 31
0.0
  0
LINE
  5
462
330
1F
100
AcDbEntity
  8
0
100
AcDbLine
 10
514.7500346546798
 20
294.3136895535646
 30
0.0
 11
516.6592229638852
 21
295.415840504527
 31
0.0
  0
LINE
  5
463
330
1F
100
AcDbEntity
  8
0
100
AcDbLine
 10
516.6592229638852
 20
296.3956894788067
 30
0.0
 11
515.9521161826981
 21
296.8038935347184
 31
0.0
  0
LINE
  5
464
330
1F
100
AcDbEntity
  8
0
100
AcDbLine
 10
492.4761710473049
 20
360.0868680563577
 30
0.0
 11
492.4761710473049
 21
359.2726333119234
 31
0.0
  0
LINE
  5
465
330
1F
100
AcDbEntity
  8
0
100
AcDbLine
 10
491.804419605177
 20
355.6166886239727
 30
0.0
 11
491.804419605177
 21
352.9633622605491
 31
0.0
  0
LINE
  5
466
330
1F
100
AcDbEntity
  8
0
100
AcDbLine
 10
484.733351793311
 20
359.6987291830864
 30
0.0
 11
484.733351793311
 21
357.0454028196629
 31
0.0
  0
LINE
  5
467
330
1F
100
AcDbEntity
  8
0
100
AcDbLine
 10
509.0931804051871
 20
361.1072654010862
 30
0.0
 11
509.2699571004843
 21
361.0052143871081
 31
0.0
  0
LINE
  5
468
330
1F
100
AcDbEntity
  8
0
100
AcDbLine
 10
482.4352547544515
 20
325.3850498244225
 30
0.0
 11
482.4352547544515
 21
322.0377741444372
 31
0.0
  0
LINE
  5
469
330
1F
100
AcDbEntity
  8
0
100
AcDbLine
 10
477.6622839814451
 20
363.7807697422002
 30
0.0
 11
477.6622839814451
 21
361.1274433787767
 31
0.0
  0
LWPOLYLINE
  5
46A
330
1F
100
AcDbEntity
  8
0
100
AcDbPolyline
 90
       14
 70
   128
 43
0.0
 10
489.4900886012614
 20
367.4641078430153
 10
489.8837665072192
 20
367.2753890400461
 10
490.3308101141824
 20
367.1316434442285
 10
490.8159958882855
 20
367.0377661394243
 10
491.3228014099078
 20
366.9969540046552
 10
491.8339680248565
 20
367.0105968482219
 10
492.3320885671364
 20
367.0782300794496
 10
492.8002001391098
 20
367.1975505297659
 10
493.2223617626313
 20
367.3644948843445
 10
493.5841972299387
 20
367.5733780534179
 10
493.8733846681668
 20
367.8170867711908
 10
494.0800761459487
 20
368.0873218295761
 10
494.1972330329078
 20
368.3748806977717
 10
494.2238240528649
 20
368.5969579790852
  0
ARC
  5
46B
330
1F
100
AcDbEntity
  8
0
100
AcDbCircle
 10
484.4016914430557
 20
367.5526301854736
 30
0.0
 40
5.089167107174864
100
AcDbArc
 50
340.5664681145304
 51
359.0033315263869
  0
ARC
  5
46C
330
1F
100
AcDbEntity
  8
0
100
AcDbCircle
 10
490.0523411554016
 20
368.7249807438031
 30
0.0
 40
1.380553659434601
100
AcDbArc
 50
185.3973243614636
 51
245.9667960553106
  0
LINE
  5
46D
330
1F
100
AcDbEntity
  8
0
100
AcDbLine
 10
488.4456623945418
 20
369.4251127702628
 30
0.0
 11
488.4456623945418
 21
368.7405883565866
 31
0.0
  0
LINE
  5
46E
330
1F
100
AcDbEntity
  8
0
100
AcDbLine
 10
470.5912161695792
 20
367.862810301314
 30
0.0
 11
470.5912161695792
 21
365.2094839378904
 31
0.0
  0
LINE
  5
46F
330
1F
100
AcDbEntity
  8
0
100
AcDbLine
 10
488.1628196820668
 20
368.5364796936279
 30
0.0
 11
488.1628196820668
 21
367.138578874364
 31
0.0
  0
LINE
  5
470
330
1F
100
AcDbEntity
  8
0
100
AcDbLine
 10
488.4456623945421
 20
368.6997613159929
 30
0.0
 11
488.4456623945418
 21
367.7646408566965
 31
0.0
  0
LINE
  5
471
330
1F
100
AcDbEntity
  8
0
100
AcDbLine
 10
472.3236277834829
 20
331.2223678239554
 30
0.0
 11
472.3236277834829
 21
327.87509214397
 31
0.0
  0
LINE
  5
472
330
1F
100
AcDbEntity
  8
0
100
AcDbLine
 10
470.6265715086324
 20
286.5595375920645
 30
0.0
 11
472.7482366264073
 21
287.7843487937164
 31
0.0
  0
LINE
  5
473
330
1F
100
AcDbEntity
  8
0
100
AcDbLine
 10
462.2120008125144
 20
337.0596858234882
 30
0.0
 11
462.2120008125144
 21
333.7124101435028
 31
0.0
  0
LINE
  5
474
330
1F
100
AcDbEntity
  8
0
100
AcDbLine
 10
460.5149445376647
 20
292.3968555915968
 30
0.0
 11
462.6366096554396
 21
293.6216667932488
 31
0.0
  0
LINE
  5
475
330
1F
100
AcDbEntity
  8
0
100
AcDbLine
 10
521.6796811103072
 20
362.2069414958676
 30
0.0
 11
514.7500346546798
 21
358.2065417479367
 31
0.0
  0
LINE
  5
476
330
1F
100
AcDbEntity
  8
0
100
AcDbLine
 10
450.4033175666971
 20
298.2341735911291
 30
0.0
 11
452.524982684472
 21
299.4589847927811
 31
0.0
  0
LINE
  5
477
330
1F
100
AcDbEntity
  8
0
100
AcDbLine
 10
371.7455836985139
 20
180.2549938650312
 30
0.0
 11
358.0955836985178
 21
180.2549938650312
 31
0.0
  0
LINE
  5
478
330
1F
100
AcDbEntity
  8
0
100
AcDbLine
 10
358.0955836985178
 20
177.9549938650309
 30
0.0
 11
371.7455836985139
 21
177.9549938650309
 31
0.0
  0
LINE
  5
479
330
1F
100
AcDbEntity
  8
0
100
AcDbLine
 10
350.5955836985173
 20
175.1549938650317
 30
0.0
 11
358.0955836985178
 21
175.1549938650317
 31
0.0
  0
LINE
  5
47A
330
1F
100
AcDbEntity
  8
0
100
AcDbLine
 10
328.995583698517
 20
198.6049938650292
 30
0.0
 11
328.995583698517
 21
198.2549938650346
 31
0.0
  0
LINE
  5
47B
330
1F
100
AcDbEntity
  8
0
100
AcDbLine
 10
328.995583698517
 20
197.0549938650354
 30
0.0
 11
328.995583698517
 21
197.0049938650363
 31
0.0
  0
LINE
  5
47C
330
1F
100
AcDbEntity
  8
0
100
AcDbLine
 10
328.995583698517
 20
198.6049938650292
 30
0.0
 11
329.0940215798005
 21
198.6049938650292
 31
0.0
  0
LINE
  5
47D
330
1F
100
AcDbEntity
  8
0
100
AcDbLine
 10
329.0940215798005
 20
201.6049938650426
 30
0.0
 11
329.0940215798005
 21
198.6049938650292
 31
0.0
  0
LINE
  5
47E
330
1F
100
AcDbEntity
  8
0
100
AcDbLine
 10
329.0940215798005
 20
201.6049938650426
 30
0.0
 11
331.4955836985175
 21
201.6049938650426
 31
0.0
  0
LINE
  5
47F
330
1F
100
AcDbEntity
  8
0
100
AcDbLine
 10
331.4955836985175
 20
201.6049938650426
 30
0.0
 11
331.4955836985175
 21
198.6049938650292
 31
0.0
  0
LINE
  5
480
330
1F
100
AcDbEntity
  8
0
100
AcDbLine
 10
331.4955836985175
 20
198.6049938650292
 30
0.0
 11
333.0955836985162
 21
198.6049938650292
 31
0.0
  0
LINE
  5
481
330
1F
100
AcDbEntity
  8
0
100
AcDbLine
 10
333.0955836985162
 20
201.6049938650426
 30
0.0
 11
333.0955836985162
 21
198.6049938650292
 31
0.0
  0
LINE
  5
482
330
1F
100
AcDbEntity
  8
0
100
AcDbLine
 10
333.0955836985162
 20
201.6049938650426
 30
0.0
 11
335.5955836985166
 21
201.6049938650426
 31
0.0
  0
LINE
  5
483
330
1F
100
AcDbEntity
  8
0
100
AcDbLine
 10
335.5955836985166
 20
201.6049938650426
 30
0.0
 11
335.5955836985166
 21
198.2549938650326
 31
0.0
  0
LINE
  5
484
330
1F
100
AcDbEntity
  8
0
100
AcDbLine
 10
335.5955836985166
 20
197.0549938650354
 30
0.0
 11
335.5955836985166
 21
197.0049938650363
 31
0.0
  0
LINE
  5
485
330
1F
100
AcDbEntity
  8
0
100
AcDbLine
 10
358.3955836985185
 20
118.5049938650423
 30
0.0
 11
353.595583698518
 21
119.1203784804266
 31
0.0
  0
LINE
  5
486
330
1F
100
AcDbEntity
  8
0
100
AcDbLine
 10
358.3955836985185
 20
118.5049938650423
 30
0.0
 11
358.3955836985164
 21
115.5049938650316
 31
0.0
  0
LINE
  5
487
330
1F
100
AcDbEntity
  8
0
100
AcDbLine
 10
358.3955836985164
 20
115.5049938650316
 30
0.0
 11
353.595583698518
 21
115.5049938650316
 31
0.0
  0
LINE
  5
488
330
1F
100
AcDbEntity
  8
0
100
AcDbLine
 10
356.1955836985173
 20
113.3049938650398
 30
0.0
 11
357.9955836985182
 21
113.3049938650402
 31
0.0
  0
LINE
  5
489
330
1F
100
AcDbEntity
  8
0
100
AcDbLine
 10
356.1955836985173
 20
113.3049938650398
 30
0.0
 11
355.7955836985169
 21
113.7049938650386
 31
0.0
  0
LINE
  5
48A
330
1F
100
AcDbEntity
  8
0
100
AcDbLine
 10
358.3955836985166
 20
113.7049938650386
 30
0.0
 11
355.7955836985169
 21
113.7049938650386
 31
0.0
  0
LINE
  5
48B
330
1F
100
AcDbEntity
  8
0
100
AcDbLine
 10
358.3955836985166
 20
113.7049938650386
 30
0.0
 11
357.9955836985182
 21
113.3049938650402
 31
0.0
  0
LINE
  5
48C
330
1F
100
AcDbEntity
  8
0
100
AcDbLine
 10
358.3955836985166
 20
113.7049938650386
 30
0.0
 11
358.3955836985164
 21
115.5049938650316
 31
0.0
  0
LINE
  5
48D
330
1F
100
AcDbEntity
  8
0
100
AcDbLine
 10
355.7955836985169
 20
115.5049938650316
 30
0.0
 11
355.7955836985169
 21
113.7049938650386
 31
0.0
  0
LINE
  5
48E
330
1F
100
AcDbEntity
  8
0
100
AcDbLine
 10
314.4955836985134
 20
164.9049962955193
 30
0.0
 11
308.9955056200328
 21
164.9049795909719
 31
0.0
  0
LINE
  5
48F
330
1F
100
AcDbEntity
  8
0
100
AcDbLine
 10
314.4955836985134
 20
194.6120107154562
 30
0.0
 11
314.4955836985134
 21
164.9049962955193
 31
0.0
  0
LINE
  5
490
330
1F
100
AcDbEntity
  8
0
100
AcDbLine
 10
322.3955833519749
 20
196.0049938650403
 30
0.0
 11
314.4955836985134
 21
194.6120107154562
 31
0.0
  0
LINE
  5
491
330
1F
100
AcDbEntity
  8
0
100
AcDbLine
 10
326.6955836985173
 20
196.0049938650403
 30
0.0
 11
322.3955833519749
 21
196.0049938650403
 31
0.0
  0
LINE
  5
492
330
1F
100
AcDbEntity
  8
0
100
AcDbLine
 10
326.6955836985173
 20
197.0049938650363
 30
0.0
 11
326.6955836985173
 21
196.0049938650403
 31
0.0
  0
LINE
  5
493
330
1F
100
AcDbEntity
  8
0
100
AcDbLine
 10
342.8455836985173
 20
197.0049938650363
 30
0.0
 11
326.6955836985173
 21
197.0049938650363
 31
0.0
  0
LINE
  5
494
330
1F
100
AcDbEntity
  8
0
100
AcDbLine
 10
342.8455836985169
 20
197.7549938650326
 30
0.0
 11
342.8455836985173
 21
197.0049938650363
 31
0.0
  0
ARC
  5
495
330
1F
100
AcDbEntity
  8
0
100
AcDbCircle
 10
344.5955836985169
 20
197.7549938650326
 30
0.0
 40
1.750000000000426
100
AcDbArc
 50
14.90059668779304
 51
180.0
  0
LINE
  5
496
330
1F
100
AcDbEntity
  8
0
100
AcDbLine
 10
355.0955836985165
 20
198.2049938650316
 30
0.0
 11
346.2867371510464
 21
198.2049938650316
 31
0.0
  0
LINE
  5
497
330
1F
100
AcDbEntity
  8
0
100
AcDbLine
 10
355.0955836985165
 20
193.4049938650246
 30
0.0
 11
355.0955836985165
 21
198.2049938650316
 31
0.0
  0
LINE
  5
498
330
1F
100
AcDbEntity
  8
0
100
AcDbLine
 10
354.5955836985165
 20
193.4049938650246
 30
0.0
 11
355.0955836985165
 21
193.4049938650246
 31
0.0
  0
LINE
  5
499
330
1F
100
AcDbEntity
  8
0
100
AcDbLine
 10
354.5955836985165
 20
192.2049938650294
 30
0.0
 11
354.5955836985165
 21
193.4049938650246
 31
0.0
  0
LINE
  5
49A
330
1F
100
AcDbEntity
  8
0
100
AcDbLine
 10
350.5955836985167
 20
192.2049938650294
 30
0.0
 11
354.5955836985165
 21
192.2049938650294
 31
0.0
  0
LINE
  5
49B
330
1F
100
AcDbEntity
  8
0
100
AcDbLine
 10
350.5955836985167
 20
111.9049938650194
 30
0.0
 11
350.5955836985167
 21
192.2049938650294
 31
0.0
  0
LINE
  5
49C
330
1F
100
AcDbEntity
  8
0
100
AcDbLine
 10
297.1955836985063
 20
111.9049938650194
 30
0.0
 11
350.5955836985167
 21
111.9049938650194
 31
0.0
  0
LINE
  5
49D
330
1F
100
AcDbEntity
  8
0
100
AcDbLine
 10
297.1955836985063
 20
162.8243355035452
 30
0.0
 11
297.1955836985063
 21
111.9049938650194
 31
0.0
  0
LINE
  5
49E
330
1F
100
AcDbEntity
  8
0
100
AcDbLine
 10
349.4455836985168
 20
119.3049938650416
 30
0.0
 11
349.4455836985168
 21
113.104993865041
 31
0.0
  0
LINE
  5
49F
330
1F
100
AcDbEntity
  8
0
100
AcDbLine
 10
345.595583698517
 20
119.3049938650416
 30
0.0
 11
349.4455836985168
 21
119.3049938650416
 31
0.0
  0
LINE
  5
4A0
330
1F
100
AcDbEntity
  8
0
100
AcDbLine
 10
345.595583698517
 20
113.104993865041
 30
0.0
 11
345.595583698517
 21
119.3049938650416
 31
0.0
  0
LINE
  5
4A1
330
1F
100
AcDbEntity
  8
0
100
AcDbLine
 10
349.4455836985168
 20
113.104993865041
 30
0.0
 11
345.595583698517
 21
113.104993865041
 31
0.0
  0
LINE
  5
4A2
330
1F
100
AcDbEntity
  8
0
100
AcDbLine
 10
308.9955056200328
 20
164.9049795909719
 30
0.0
 11
297.1955836985063
 21
162.8243355035452
 31
0.0
  0
LINE
  5
4A3
330
1F
100
AcDbEntity
  8
0
100
AcDbLine
 10
342.5955836985163
 20
198.2549938650306
 30
0.0
 11
327.097507487164
 21
198.2549938650351
 31
0.0
  0
LINE
  5
4A4
330
1F
100
AcDbEntity
  8
0
100
AcDbLine
 10
342.5955836985163
 20
197.0549938650354
 30
0.0
 11
342.5955836985163
 21
198.2549938650306
 31
0.0
  0
LINE
  5
4A5
330
1F
100
AcDbEntity
  8
0
100
AcDbLine
 10
326.6955836985164
 20
197.0549938650354
 30
0.0
 11
342.5955836985163
 21
197.0549938650354
 31
0.0
  0
ARC
  5
4A6
330
1F
100
AcDbEntity
  8
0
100
AcDbCircle
 10
325.9955836985166
 20
198.0364893226654
 30
0.0
 40
0.5000000000000047
100
AcDbArc
 50
150.0000000007867
 51
240.0000000001215
  0
LINE
  5
4A7
330
1F
100
AcDbEntity
  8
0
100
AcDbLine
 10
325.6625709966237
 20
198.4596944034076
 30
0.0
 11
325.5625709966218
 21
198.286489322659
 31
0.0
  0
ARC
  5
4A8
330
1F
100
AcDbEntity
  8
0
100
AcDbCircle
 10
326.0955836985162
 20
198.2096944034072
 30
0.0
 40
0.5000000000009238
100
AcDbArc
 50
59.9999999998731
 51
149.9999999999795
  0
LINE
  5
4A9
330
1F
100
AcDbEntity
  8
0
100
AcDbLine
 10
326.947507487165
 20
198.2951862439001
 30
0.0
 11
326.3455836985177
 21
198.6427071052997
 31
0.0
  0
ARC
  5
4AA
330
1F
100
AcDbEntity
  8
0
100
AcDbCircle
 10
327.097507487164
 20
198.5549938650294
 30
0.0
 40
0.2999999999942986
100
AcDbArc
 50
239.9999999995775
 51
270.0000000000008
  0
LINE
  5
4AB
330
1F
100
AcDbEntity
  8
0
100
AcDbLine
 10
325.7455836985175
 20
197.6034766207727
 30
0.0
 11
326.6955836985164
 21
197.0549938650354
 31
0.0
  0
LINE
  5
4AC
330
1F
100
AcDbEntity
  8
0
100
AcDbLine
 10
353.595583698518
 20
120.5049938650368
 30
0.0
 11
353.595583698518
 21
119.3049938650416
 31
0.0
  0
LINE
  5
4AD
330
1F
100
AcDbEntity
  8
0
100
AcDbLine
 10
350.5955836985167
 20
120.5049938650368
 30
0.0
 11
353.595583698518
 21
120.5049938650368
 31
0.0
  0
LINE
  5
4AE
330
1F
100
AcDbEntity
  8
0
100
AcDbLine
 10
350.5955836985167
 20
119.3049938650416
 30
0.0
 11
353.595583698518
 21
119.3049938650416
 31
0.0
  0
LINE
  5
4AF
330
1F
100
AcDbEntity
  8
0
100
AcDbLine
 10
353.595583698518
 20
113.104993865041
 30
0.0
 11
353.595583698518
 21
111.9049938650204
 31
0.0
  0
LINE
  5
4B0
330
1F
100
AcDbEntity
  8
0
100
AcDbLine
 10
350.5955836985167
 20
113.104993865041
 30
0.0
 11
353.595583698518
 21
113.104993865041
 31
0.0
  0
LINE
  5
4B1
330
1F
100
AcDbEntity
  8
0
100
AcDbLine
 10
350.5955836985167
 20
111.9049938650194
 30
0.0
 11
353.595583698518
 21
111.9049938650204
 31
0.0
  0
LINE
  5
4B2
330
1F
100
AcDbEntity
  8
0
100
AcDbLine
 10
353.595583698518
 20
113.104993865041
 30
0.0
 11
353.595583698518
 21
119.3049938650416
 31
0.0
  0
LINE
  5
4B3
330
1F
100
AcDbEntity
  8
0
100
AcDbLine
 10
342.5955836985163
 20
198.2549938650306
 30
0.0
 11
342.9185327153915
 21
198.2549938650306
 31
0.0
  0
LINE
  5
4B4
330
1F
100
AcDbEntity
  8
0
100
AcDbLine
 10
342.5955836985163
 20
197.0549938650354
 30
0.0
 11
342.8455836985173
 21
197.0549938650354
 31
0.0
  0
LINE
  5
4B5
330
1F
100
AcDbEntity
  8
0
100
AcDbLine
 10
358.3955836985166
 20
127.5049938650342
 30
0.0
 11
357.5955836985175
 21
128.3049938650316
 31
0.0
  0
LINE
  5
4B6
330
1F
100
AcDbEntity
  8
0
100
AcDbLine
 10
357.5955836985175
 20
128.3049938650316
 30
0.0
 11
357.5955836985173
 21
129.304993865027
 31
0.0
  0
LINE
  5
4B7
330
1F
100
AcDbEntity
  8
0
100
AcDbLine
 10
352.8955836985184
 20
133.3049938650363
 30
0.0
 11
360.1955836985169
 21
132.3049938650397
 31
0.0
  0
LINE
  5
4B8
330
1F
100
AcDbEntity
  8
0
100
AcDbLine
 10
360.1955836985168
 20
128.0129938650342
 30
0.0
 11
360.1955836985169
 21
132.3049938650397
 31
0.0
  0
LINE
  5
4B9
330
1F
100
AcDbEntity
  8
0
100
AcDbLine
 10
359.687583698517
 20
127.5049938650342
 30
0.0
 11
360.1955836985168
 21
128.0129938650342
 31
0.0
  0
LINE
  5
4BA
330
1F
100
AcDbEntity
  8
0
100
AcDbLine
 10
358.3955836985166
 20
127.5049938650342
 30
0.0
 11
359.687583698517
 21
127.5049938650342
 31
0.0
  0
LINE
  5
4BB
330
1F
100
AcDbEntity
  8
0
100
AcDbLine
 10
350.5955836985173
 20
133.3049938650364
 30
0.0
 11
352.8955836985184
 21
133.3049938650363
 31
0.0
  0
LINE
  5
4BC
330
1F
100
AcDbEntity
  8
0
100
AcDbLine
 10
357.5955836985173
 20
129.304993865027
 30
0.0
 11
350.5955836985173
 21
129.304993865027
 31
0.0
  0
LINE
  5
4BD
330
1F
100
AcDbEntity
  8
0
100
AcDbLine
 10
358.0955836985178
 20
176.2382779309957
 30
0.0
 11
350.5955836985173
 21
176.2382779309957
 31
0.0
  0
LINE
  5
4BE
330
1F
100
AcDbEntity
  8
0
100
AcDbLine
 10
358.0955836985178
 20
178.6049938650305
 30
0.0
 11
350.5955836985173
 21
178.6049938650305
 31
0.0
  0
LINE
  5
4BF
330
1F
100
AcDbEntity
  8
0
100
AcDbLine
 10
358.0955836985178
 20
178.6049938650305
 30
0.0
 11
358.0955836985178
 21
176.2382779309957
 31
0.0
  0
LINE
  5
4C0
330
1F
100
AcDbEntity
  8
0
100
AcDbLine
 10
358.0955836985178
 20
181.0549938650306
 30
0.0
 11
350.5955836985173
 21
181.0549938650306
 31
0.0
  0
LINE
  5
4C1
330
1F
100
AcDbEntity
  8
0
100
AcDbLine
 10
358.0955836985178
 20
181.0549938650306
 30
0.0
 11
358.0955836985178
 21
178.6049938650305
 31
0.0
  0
LINE
  5
4C2
330
1F
100
AcDbEntity
  8
0
100
AcDbLine
 10
371.7455836985139
 20
179.104993865031
 30
0.0
 11
358.0955836985178
 21
179.104993865031
 31
0.0
  0
LINE
  5
4C3
330
1F
100
AcDbEntity
  8
0
100
AcDbLine
 10
371.7455836985139
 20
180.2549938650312
 30
0.0
 11
371.7455836985139
 21
179.104993865031
 31
0.0
  0
LINE
  5
4C4
330
1F
100
AcDbEntity
  8
0
100
AcDbLine
 10
371.7455836985139
 20
179.104993865031
 30
0.0
 11
371.7455836985139
 21
177.9549938650309
 31
0.0
  0
LINE
  5
4C5
330
1F
100
AcDbEntity
  8
0
100
AcDbLine
 10
314.4955836985102
 20
177.3049938650295
 30
0.0
 11
312.4955836985293
 21
178.3049938650569
 31
0.0
  0
LINE
  5
4C6
330
1F
100
AcDbEntity
  8
0
100
AcDbLine
 10
312.4955836985293
 20
178.3049938650569
 30
0.0
 11
312.4955836985293
 21
189.8049938650634
 31
0.0
  0
LINE
  5
4C7
330
1F
100
AcDbEntity
  8
0
100
AcDbLine
 10
312.4955836985293
 20
189.8049938650634
 30
0.0
 11
314.3289170318515
 21
193.104993865048
 31
0.0
  0
LINE
  5
4C8
330
1F
100
AcDbEntity
  8
0
100
AcDbLine
 10
314.3289170318515
 20
193.104993865048
 30
0.0
 11
314.4955836985134
 21
193.104993865048
 31
0.0
  0
LINE
  5
4C9
330
1F
100
AcDbEntity
  8
0
100
AcDbLine
 10
358.0955836985178
 20
176.2382779309957
 30
0.0
 11
358.0955836985178
 21
175.1549938650317
 31
0.0
  0
ARC
  5
4CA
330
1F
100
AcDbEntity
  8
0
100
AcDbCircle
 10
345.1638009407468
 20
198.9026403184807
 30
0.0
 40
3.995258948669573
100
AcDbArc
 50
180.0
 51
189.3290264750821
  0
LINE
  5
4CB
330
1F
100
AcDbEntity
  8
0
100
AcDbLine
 10
341.6214434418493
 20
197.0549938650354
 30
0.0
 11
341.6479750058271
 21
197.0049938650363
 31
0.0
  0
LWPOLYLINE
  5
4CC
330
1F
100
AcDbEntity
  8
0
100
AcDbPolyline
 90
        3
 70
   128
 43
0.0
 10
335.6226254049584
 20
198.9026403184807
 10
335.6142056283876
 20
198.643396258292
 10
335.5955836985167
 20
198.4385864580181
  0
LINE
  5
4CD
330
1F
100
AcDbEntity
  8
0
100
AcDbLine
 10
335.6226254049584
 20
198.9026403184807
 30
0.0
 11
341.1685419920772
 21
198.9026403184807
 31
0.0
  0
LINE
  5
4CE
330
1F
100
AcDbEntity
  8
0
100
AcDbLine
 10
341.6955836985173
 20
200.8859615803106
 30
0.0
 11
341.6955836985173
 21
201.9049938650419
 31
0.0
  0
LINE
  5
4CF
330
1F
100
AcDbEntity
  8
0
100
AcDbLine
 10
335.5955836985167
 20
200.8859615803106
 30
0.0
 11
341.6955836985173
 21
200.8859615803106
 31
0.0
  0
LINE
  5
4D0
330
1F
100
AcDbEntity
  8
0
100
AcDbLine
 10
335.0955836985183
 20
201.6049938650426
 30
0.0
 11
335.0955836985183
 21
201.9049938650419
 31
0.0
  0
LINE
  5
4D1
330
1F
100
AcDbEntity
  8
0
100
AcDbLine
 10
335.0955836985183
 20
201.9049938650419
 30
0.0
 11
341.6955836985173
 21
201.9049938650419
 31
0.0
  0
ARC
  5
4D2
330
1F
100
AcDbEntity
  8
0
100
AcDbCircle
 10
345.1638009407468
 20
198.9026403184807
 30
0.0
 40
3.995258948669573
100
AcDbArc
 50
150.2366552601665
 51
180.0
  0
LWPOLYLINE
  5
4D3
330
1F
100
AcDbEntity
  8
0
100
AcDbPolyline
 90
        3
 70
   128
 43
0.0
 10
335.5955836985167
 20
199.3666941789434
 10
335.6142056283876
 20
199.1618843786695
 10
335.6226254049584
 20
198.9026403184807
  0
DIMENSION
  5
4D4
330
1F
100
AcDbEntity
  8
DIMENSIONS
100
AcDbDimension
  2
_D_3
 10
355.0955836985165
 20
249.713294589633
 30
0.0
 11
322.5915437898598
 21
249.713294589633
 31
0.0
 70
   160
  1
<>
 71
     2
 42
-1.0
  3
SLDDIMSTYLE0
100
AcDbAlignedDimension
 13
297.1955836985064
 23
162.8243355035452
 33
0.0
 14
355.0955836985165
 24
198.2049938650316
 34
0.0
 52
0.0
100
AcDbRotatedDimension
  0
DIMENSION
  5
4E8
330
1F
100
AcDbEntity
  8
DIMENSIONS
100
AcDbDimension
  2
_D_4
 10
314.4955836985135
 20
219.0826360325241
 30
0.0
 11
335.7944138575791
 21
219.0826360325241
 31
0.0
 70
   160
  1
<>
 71
     2
 42
-1.0
  3
SLDDIMSTYLE3
100
AcDbAlignedDimension
 13
355.0955836985165
 23
198.2049938650316
 33
0.0
 14
314.4955836985135
 24
194.6120107154562
 34
0.0
 52
0.0
100
AcDbRotatedDimension
  0
DIMENSION
  5
4FD
330
1F
100
AcDbEntity
  8
DIMENSIONS
100
AcDbDimension
  2
_D_5
 10
393.9393443007943
 20
111.9049938650211
 30
0.0
 11
393.9393443007936
 21
157.5791232175842
 31
0.0
 70
   160
  1
<>
 71
     2
 42
-1.0
  3
SLDDIMSTYLE0
100
AcDbAlignedDimension
 13
355.0955836985165
 23
198.2049938650316
 33
0.0
 14
353.5955836985181
 24
111.9049938650204
 34
0.0
 52
0.0
 50
90.0000000000002
100
AcDbRotatedDimension
  0
LINE
  5
511
330
1F
100
AcDbEntity
  8
0
100
AcDbLine
 10
120.5745714285725
 20
329.8484094827651
 30
0.0
 11
165.5745714285703
 21
329.8484094827651
 31
0.0
  0
LINE
  5
512
330
1F
100
AcDbEntity
  8
0
100
AcDbLine
 10
136.3245714285715
 20
362.4484094827662
 30
0.0
 11
136.3245714285715
 21
359.4484094827648
 31
0.0
  0
LINE
  5
513
330
1F
100
AcDbEntity
  8
0
100
AcDbLine
 10
129.3745714285703
 20
312.7484094827618
 30
0.0
 11
130.5245714285709
 21
312.7484094827618
 31
0.0
  0
LINE
  5
514
330
1F
100
AcDbEntity
  8
0
100
AcDbLine
 10
130.5245714285709
 20
312.7484094827618
 30
0.0
 11
130.5245714285712
 21
313.948409482757
 31
0.0
  0
LINE
  5
515
330
1F
100
AcDbEntity
  8
0
100
AcDbLine
 10
130.5245714285712
 20
313.948409482757
 30
0.0
 11
129.3745714285703
 21
313.948409482757
 31
0.0
  0
ARC
  5
516
330
1F
100
AcDbEntity
  8
0
100
AcDbCircle
 10
128.7745714285702
 20
313.3484094827595
 30
0.0
 40
3.450000000012943
100
AcDbArc
 50
0.0
 51
79.98458983179887
  0
ARC
  5
517
330
1F
100
AcDbEntity
  8
0
100
AcDbCircle
 10
128.7745714285702
 20
313.3484094827595
 30
0.0
 40
3.449999999998909
100
AcDbArc
 50
280.0154101682751
 51
0.0
  0
LINE
  5
518
330
1F
100
AcDbEntity
  8
0
100
AcDbLine
 10
129.3745714285708
 20
309.9509839868926
 30
0.0
 11
129.3745714285703
 21
312.7484094827618
 31
0.0
  0
LINE
  5
519
330
1F
100
AcDbEntity
  8
0
100
AcDbLine
 10
129.3745714285703
 20
313.948409482757
 30
0.0
 11
129.3745714285695
 21
316.7458349786446
 31
0.0
  0
LINE
  5
51A
330
1F
100
AcDbEntity
  8
0
100
AcDbLine
 10
128.1745714285726
 20
313.948409482757
 30
0.0
 11
127.0245714285721
 21
313.948409482757
 31
0.0
  0
LINE
  5
51B
330
1F
100
AcDbEntity
  8
0
100
AcDbLine
 10
127.0245714285721
 20
313.948409482757
 30
0.0
 11
127.0245714285721
 21
312.7484094827618
 31
0.0
  0
LINE
  5
51C
330
1F
100
AcDbEntity
  8
0
100
AcDbLine
 10
127.0245714285721
 20
312.7484094827618
 30
0.0
 11
128.1745714248371
 21
312.7484094827618
 31
0.0
  0
LINE
  5
51D
330
1F
100
AcDbEntity
  8
0
100
AcDbLine
 10
128.1745714248371
 20
312.7484094827618
 30
0.0
 11
128.1745714285723
 21
309.9509839868933
 31
0.0
  0
ARC
  5
51E
330
1F
100
AcDbEntity
  8
0
100
AcDbCircle
 10
128.7745714285702
 20
313.3484094827595
 30
0.0
 40
3.449999999998781
100
AcDbArc
 50
180.0
 51
259.9845898317681
  0
ARC
  5
51F
330
1F
100
AcDbEntity
  8
0
100
AcDbCircle
 10
128.7745714285702
 20
313.3484094827595
 30
0.0
 40
3.45000000001262
100
AcDbArc
 50
100.0154101681599
 51
180.0
  0
LINE
  5
520
330
1F
100
AcDbEntity
  8
0
100
AcDbLine
 10
128.1745714285734
 20
316.7458349786447
 30
0.0
 11
128.1745714285726
 21
313.948409482757
 31
0.0
  0
ARC
  5
521
330
1F
100
AcDbEntity
  8
0
100
AcDbCircle
 10
128.7745714285702
 20
313.3484094827595
 30
0.0
 40
3.449999999995192
100
AcDbArc
 50
259.9845898317681
 51
280.0154101682751
  0
ARC
  5
522
330
1F
100
AcDbEntity
  8
0
100
AcDbCircle
 10
128.7745714285702
 20
313.3484094827595
 30
0.0
 40
3.450000000012943
100
AcDbArc
 50
79.98458983179887
 51
100.0154101681599
  0
LINE
  5
523
330
1F
100
AcDbEntity
  8
0
100
AcDbLine
 10
158.8761335472878
 20
337.4484094827646
 30
0.0
 11
156.4745714285712
 21
337.4484094827646
 31
0.0
  0
LINE
  5
524
330
1F
100
AcDbEntity
  8
0
100
AcDbLine
 10
156.4745714285712
 20
337.4484094827646
 30
0.0
 11
156.4745714285712
 21
338.1484094827644
 31
0.0
  0
LINE
  5
525
330
1F
100
AcDbEntity
  8
0
100
AcDbLine
 10
156.4745714285712
 20
338.1484094827644
 30
0.0
 11
157.1745714285709
 21
338.1484094827644
 31
0.0
  0
LINE
  5
526
330
1F
100
AcDbEntity
  8
0
100
AcDbLine
 10
155.8745714285702
 20
339.6484094827654
 30
0.0
 11
155.4745714285726
 21
339.648409482766
 31
0.0
  0
LINE
  5
527
330
1F
100
AcDbEntity
  8
0
100
AcDbLine
 10
154.1745714285706
 20
338.148409482764
 30
0.0
 11
154.8745714285725
 21
338.1484094827644
 31
0.0
  0
LINE
  5
528
330
1F
100
AcDbEntity
  8
0
100
AcDbLine
 10
154.8745714285725
 20
338.1484094827644
 30
0.0
 11
154.8745714285725
 21
337.4484094827646
 31
0.0
  0
LINE
  5
529
330
1F
100
AcDbEntity
  8
0
100
AcDbLine
 10
154.8745714285725
 20
337.4484094827646
 30
0.0
 11
152.4730093098547
 21
337.4484094827646
 31
0.0
  0
ARC
  5
52A
330
1F
100
AcDbEntity
  8
0
100
AcDbCircle
 10
155.6745714285718
 20
336.6484094827653
 30
0.0
 40
3.300000000000554
100
AcDbArc
 50
90.0
 51
165.9703345987256
  0
LINE
  5
52B
330
1F
100
AcDbEntity
  8
0
100
AcDbLine
 10
155.4745714285726
 20
339.648409482766
 30
0.0
 11
154.1745714285706
 21
338.148409482764
 31
0.0
  0
ARC
  5
52C
330
1F
100
AcDbEntity
  8
0
100
AcDbCircle
 10
155.6745714285718
 20
336.6484094827653
 30
0.0
 40
3.299999999999784
100
AcDbArc
 50
14.02966540127931
 51
90.0
  0
LINE
  5
52D
330
1F
100
AcDbEntity
  8
0
100
AcDbLine
 10
157.1745714285709
 20
338.1484094827644
 30
0.0
 11
155.8745714285702
 21
339.6484094827654
 31
0.0
  0
LINE
  5
52E
330
1F
100
AcDbEntity
  8
0
100
AcDbLine
 10
156.4745714285712
 20
335.8484094827659
 30
0.0
 11
158.8761335472864
 21
335.8484094827659
 31
0.0
  0
LINE
  5
52F
330
1F
100
AcDbEntity
  8
0
100
AcDbLine
 10
156.4745714285712
 20
333.4468473640489
 30
0.0
 11
156.4745714285712
 21
335.8484094827659
 31
0.0
  0
ARC
  5
530
330
1F
100
AcDbEntity
  8
0
100
AcDbCircle
 10
155.6745714285718
 20
336.6484094827653
 30
0.0
 40
3.299999999999782
100
AcDbArc
 50
284.0296654012786
 51
345.9703345987156
  0
LINE
  5
531
330
1F
100
AcDbEntity
  8
0
100
AcDbLine
 10
152.4730093098557
 20
335.8484094827659
 30
0.0
 11
154.8745714285725
 21
335.8484094827659
 31
0.0
  0
LINE
  5
532
330
1F
100
AcDbEntity
  8
0
100
AcDbLine
 10
154.8745714285725
 20
335.8484094827659
 30
0.0
 11
154.8745714285725
 21
333.4468473640489
 31
0.0
  0
ARC
  5
533
330
1F
100
AcDbEntity
  8
0
100
AcDbCircle
 10
155.6745714285718
 20
336.6484094827653
 30
0.0
 40
3.299999999999789
100
AcDbArc
 50
194.0296654012795
 51
255.9703345987226
  0
ARC
  5
534
330
1F
100
AcDbEntity
  8
0
100
AcDbCircle
 10
155.6745714285718
 20
336.6484094827653
 30
0.0
 40
3.300000000000554
100
AcDbArc
 50
165.9703345987256
 51
194.0296654012795
  0
ARC
  5
535
330
1F
100
AcDbEntity
  8
0
100
AcDbCircle
 10
155.6745714285718
 20
336.6484094827653
 30
0.0
 40
3.299999999999841
100
AcDbArc
 50
255.9703345987226
 51
270.0000000000008
  0
ARC
  5
536
330
1F
100
AcDbEntity
  8
0
100
AcDbCircle
 10
155.6745714285718
 20
336.6484094827653
 30
0.0
 40
3.299999999999841
100
AcDbArc
 50
270.0000000000008
 51
284.0296654012786
  0
ARC
  5
537
330
1F
100
AcDbEntity
  8
0
100
AcDbCircle
 10
155.6745714285718
 20
336.6484094827653
 30
0.0
 40
3.299999999999423
100
AcDbArc
 50
345.9703345987156
 51
14.02966540127931
  0
LINE
  5
538
330
1F
100
AcDbEntity
  8
0
100
AcDbLine
 10
126.3245714285702
 20
326.1484094827666
 30
0.0
 11
126.3245714285717
 21
327.3484094827643
 31
0.0
  0
LINE
  5
539
330
1F
100
AcDbEntity
  8
0
100
AcDbLine
 10
127.4745714285703
 20
326.1484094827666
 30
0.0
 11
126.3245714285702
 21
326.1484094827666
 31
0.0
  0
LINE
  5
53A
330
1F
100
AcDbEntity
  8
0
100
AcDbLine
 10
127.4745714285708
 20
323.8090217914165
 30
0.0
 11
127.4745714285703
 21
326.1484094827666
 31
0.0
  0
LINE
  5
53B
330
1F
100
AcDbEntity
  8
0
100
AcDbLine
 10
126.3245714285717
 20
327.3484094827643
 30
0.0
 11
127.4745714285703
 21
327.3484094827643
 31
0.0
  0
LINE
  5
53C
330
1F
100
AcDbEntity
  8
0
100
AcDbLine
 10
127.4745714285703
 20
327.3484094827643
 30
0.0
 11
127.4745714285703
 21
329.6877971741043
 31
0.0
  0
ARC
  5
53D
330
1F
100
AcDbEntity
  8
0
100
AcDbCircle
 10
128.0745714285705
 20
326.7484094827643
 30
0.0
 40
3.000000000007712
100
AcDbArc
 50
101.5369590328181
 51
258.4630409672213
  0
LINE
  5
53E
330
1F
100
AcDbEntity
  8
0
100
AcDbLine
 10
129.8245714285711
 20
327.3484094827643
 30
0.0
 11
129.8245714285711
 21
326.1484094827666
 31
0.0
  0
LINE
  5
53F
330
1F
100
AcDbEntity
  8
0
100
AcDbLine
 10
128.6745714285842
 20
327.3484094827643
 30
0.0
 11
129.8245714285711
 21
327.3484094827643
 31
0.0
  0
ARC
  5
540
330
1F
100
AcDbEntity
  8
0
100
AcDbCircle
 10
128.0745714285705
 20
326.7484094827643
 30
0.0
 40
3.000000000007704
100
AcDbArc
 50
281.5369590327795
 51
78.46304096718252
  0
LINE
  5
541
330
1F
100
AcDbEntity
  8
0
100
AcDbLine
 10
128.6745714285706
 20
326.1484094827666
 30
0.0
 11
128.6745714285701
 21
323.8090217914165
 31
0.0
  0
LINE
  5
542
330
1F
100
AcDbEntity
  8
0
100
AcDbLine
 10
129.8245714285711
 20
326.1484094827666
 30
0.0
 11
128.6745714285706
 21
326.1484094827666
 31
0.0
  0
LINE
  5
543
330
1F
100
AcDbEntity
  8
0
100
AcDbLine
 10
128.6745714285706
 20
329.6877971741042
 30
0.0
 11
128.6745714285842
 21
327.3484094827643
 31
0.0
  0
ARC
  5
544
330
1F
100
AcDbEntity
  8
0
100
AcDbCircle
 10
128.0745714285705
 20
326.7484094827643
 30
0.0
 40
3.000000000007731
100
AcDbArc
 50
270.0000000000008
 51
281.5369590327795
  0
ARC
  5
545
330
1F
100
AcDbEntity
  8
0
100
AcDbCircle
 10
128.0745714285705
 20
326.7484094827643
 30
0.0
 40
3.000000000000284
100
AcDbArc
 50
78.46304096718252
 51
90.0
  0
ARC
  5
546
330
1F
100
AcDbEntity
  8
0
100
AcDbCircle
 10
128.0745714285705
 20
326.7484094827643
 30
0.0
 40
3.000000000007731
100
AcDbArc
 50
258.4630409672213
 51
270.0000000000008
  0
ARC
  5
547
330
1F
100
AcDbEntity
  8
0
100
AcDbCircle
 10
128.0745714285705
 20
326.7484094827643
 30
0.0
 40
3.000000000000293
100
AcDbArc
 50
90.0
 51
101.5369590328181
  0
LINE
  5
548
330
1F
100
AcDbEntity
  8
0
100
AcDbLine
 10
157.9745714285703
 20
312.7484094827618
 30
0.0
 11
159.1245714285709
 21
312.7484094827618
 31
0.0
  0
LINE
  5
549
330
1F
100
AcDbEntity
  8
0
100
AcDbLine
 10
159.1245714285709
 20
312.7484094827618
 30
0.0
 11
159.1245714285712
 21
313.948409482757
 31
0.0
  0
LINE
  5
54A
330
1F
100
AcDbEntity
  8
0
100
AcDbLine
 10
159.1245714285712
 20
313.948409482757
 30
0.0
 11
157.9745714285703
 21
313.948409482757
 31
0.0
  0
ARC
  5
54B
330
1F
100
AcDbEntity
  8
0
100
AcDbCircle
 10
157.3745714285702
 20
313.3484094827595
 30
0.0
 40
3.449999999998937
100
AcDbArc
 50
280.0154101682751
 51
0.0
  0
LINE
  5
54C
330
1F
100
AcDbEntity
  8
0
100
AcDbLine
 10
157.9745714285708
 20
309.9509839868926
 30
0.0
 11
157.9745714285703
 21
312.7484094827618
 31
0.0
  0
ARC
  5
54D
330
1F
100
AcDbEntity
  8
0
100
AcDbCircle
 10
157.3745714285702
 20
313.3484094827595
 30
0.0
 40
3.450000000012948
100
AcDbArc
 50
0.0
 51
79.9845898317984
  0
LINE
  5
54E
330
1F
100
AcDbEntity
  8
0
100
AcDbLine
 10
157.9745714285703
 20
313.948409482757
 30
0.0
 11
157.9745714285695
 21
316.7458349786446
 31
0.0
  0
LINE
  5
54F
330
1F
100
AcDbEntity
  8
0
100
AcDbLine
 10
156.7745714285726
 20
313.948409482757
 30
0.0
 11
155.6245714285721
 21
313.948409482757
 31
0.0
  0
LINE
  5
550
330
1F
100
AcDbEntity
  8
0
100
AcDbLine
 10
155.6245714285721
 20
313.948409482757
 30
0.0
 11
155.6245714285721
 21
312.7484094827618
 31
0.0
  0
LINE
  5
551
330
1F
100
AcDbEntity
  8
0
100
AcDbLine
 10
155.6245714285721
 20
312.7484094827618
 30
0.0
 11
156.7745714248371
 21
312.7484094827618
 31
0.0
  0
LINE
  5
552
330
1F
100
AcDbEntity
  8
0
100
AcDbLine
 10
156.7745714248371
 20
312.7484094827618
 30
0.0
 11
156.7745714285723
 21
309.9509839868933
 31
0.0
  0
ARC
  5
553
330
1F
100
AcDbEntity
  8
0
100
AcDbCircle
 10
157.3745714285702
 20
313.3484094827595
 30
0.0
 40
3.44999999999888
100
AcDbArc
 50
180.0
 51
259.9845898317685
  0
LINE
  5
554
330
1F
100
AcDbEntity
  8
0
100
AcDbLine
 10
156.7745714285734
 20
316.7458349786447
 30
0.0
 11
156.7745714285726
 21
313.948409482757
 31
0.0
  0
ARC
  5
555
330
1F
100
AcDbEntity
  8
0
100
AcDbCircle
 10
157.3745714285702
 20
313.3484094827595
 30
0.0
 40
3.450000000012615
100
AcDbArc
 50
100.0154101681594
 51
180.0
  0
ARC
  5
556
330
1F
100
AcDbEntity
  8
0
100
AcDbCircle
 10
157.3745714285702
 20
313.3484094827595
 30
0.0
 40
3.449999999995192
100
AcDbArc
 50
259.9845898317685
 51
280.0154101682751
  0
ARC
  5
557
330
1F
100
AcDbEntity
  8
0
100
AcDbCircle
 10
157.3745714285702
 20
313.3484094827595
 30
0.0
 40
3.450000000012948
100
AcDbArc
 50
79.9845898317984
 51
100.0154101681594
  0
LINE
  5
558
330
1F
100
AcDbEntity
  8
0
100
AcDbLine
 10
134.6745714285714
 20
362.7484094827669
 30
0.0
 11
132.4745714285723
 21
362.7484094827659
 31
0.0
  0
LINE
  5
559
330
1F
100
AcDbEntity
  8
0
100
AcDbLine
 10
132.0938021978027
 20
359.4484094827646
 30
0.0
 11
132.4745714285723
 21
362.7484094827659
 31
0.0
  0
LINE
  5
55A
330
1F
100
AcDbEntity
  8
0
100
AcDbLine
 10
135.0553406593407
 20
359.4484094827646
 30
0.0
 11
134.6745714285714
 21
362.7484094827669
 31
0.0
  0
LINE
  5
55B
330
1F
100
AcDbEntity
  8
0
100
AcDbLine
 10
136.3245714285702
 20
326.1484094827666
 30
0.0
 11
136.3245714285717
 21
327.3484094827643
 31
0.0
  0
LINE
  5
55C
330
1F
100
AcDbEntity
  8
0
100
AcDbLine
 10
137.4745714285703
 20
326.1484094827666
 30
0.0
 11
136.3245714285702
 21
326.1484094827666
 31
0.0
  0
LINE
  5
55D
330
1F
100
AcDbEntity
  8
0
100
AcDbLine
 10
137.4745714285708
 20
323.8090217914165
 30
0.0
 11
137.4745714285703
 21
326.1484094827666
 31
0.0
  0
ARC
  5
55E
330
1F
100
AcDbEntity
  8
0
100
AcDbCircle
 10
138.0745714285705
 20
326.7484094827643
 30
0.0
 40
3.000000000007709
100
AcDbArc
 50
101.5369590328181
 51
258.4630409672216
  0
LINE
  5
55F
330
1F
100
AcDbEntity
  8
0
100
AcDbLine
 10
137.4745714285703
 20
327.3484094827643
 30
0.0
 11
137.4745714285703
 21
329.6877971741043
 31
0.0
  0
LINE
  5
560
330
1F
100
AcDbEntity
  8
0
100
AcDbLine
 10
136.3245714285717
 20
327.3484094827643
 30
0.0
 11
137.4745714285703
 21
327.3484094827643
 31
0.0
  0
LINE
  5
561
330
1F
100
AcDbEntity
  8
0
100
AcDbLine
 10
139.8245714285711
 20
327.3484094827643
 30
0.0
 11
139.8245714285711
 21
326.1484094827666
 31
0.0
  0
LINE
  5
562
330
1F
100
AcDbEntity
  8
0
100
AcDbLine
 10
138.6745714285841
 20
327.3484094827643
 30
0.0
 11
139.8245714285711
 21
327.3484094827643
 31
0.0
  0
LINE
  5
563
330
1F
100
AcDbEntity
  8
0
100
AcDbLine
 10
138.6745714285706
 20
326.1484094827666
 30
0.0
 11
138.6745714285701
 21
323.8090217914165
 31
0.0
  0
LINE
  5
564
330
1F
100
AcDbEntity
  8
0
100
AcDbLine
 10
139.8245714285711
 20
326.1484094827666
 30
0.0
 11
138.6745714285706
 21
326.1484094827666
 31
0.0
  0
ARC
  5
565
330
1F
100
AcDbEntity
  8
0
100
AcDbCircle
 10
138.0745714285705
 20
326.7484094827643
 30
0.0
 40
3.000000000007704
100
AcDbArc
 50
281.5369590327795
 51
78.46304096718198
  0
LINE
  5
566
330
1F
100
AcDbEntity
  8
0
100
AcDbLine
 10
138.6745714285706
 20
329.6877971741042
 30
0.0
 11
138.6745714285841
 21
327.3484094827643
 31
0.0
  0
ARC
  5
567
330
1F
100
AcDbEntity
  8
0
100
AcDbCircle
 10
138.0745714285705
 20
326.7484094827643
 30
0.0
 40
3.000000000007731
100
AcDbArc
 50
258.4630409672216
 51
270.0000000000008
  0
ARC
  5
568
330
1F
100
AcDbEntity
  8
0
100
AcDbCircle
 10
138.0745714285705
 20
326.7484094827643
 30
0.0
 40
3.000000000000293
100
AcDbArc
 50
90.0
 51
101.5369590328181
  0
ARC
  5
569
330
1F
100
AcDbEntity
  8
0
100
AcDbCircle
 10
138.0745714285705
 20
326.7484094827643
 30
0.0
 40
3.000000000007731
100
AcDbArc
 50
270.0000000000008
 51
281.5369590327795
  0
ARC
  5
56A
330
1F
100
AcDbEntity
  8
0
100
AcDbCircle
 10
138.0745714285705
 20
326.7484094827643
 30
0.0
 40
3.000000000000284
100
AcDbArc
 50
78.46304096718198
 51
90.0
  0
LINE
  5
56B
330
1F
100
AcDbEntity
  8
0
100
AcDbLine
 10
159.8245714285711
 20
327.3484094827643
 30
0.0
 11
159.8245714285711
 21
326.1484094827666
 31
0.0
  0
LINE
  5
56C
330
1F
100
AcDbEntity
  8
0
100
AcDbLine
 10
158.6745714285842
 20
327.3484094827643
 30
0.0
 11
159.8245714285711
 21
327.3484094827643
 31
0.0
  0
ARC
  5
56D
330
1F
100
AcDbEntity
  8
0
100
AcDbCircle
 10
158.0745714285705
 20
326.7484094827643
 30
0.0
 40
3.000000000007704
100
AcDbArc
 50
281.5369590327795
 51
78.46304096718252
  0
LINE
  5
56E
330
1F
100
AcDbEntity
  8
0
100
AcDbLine
 10
158.6745714285706
 20
326.1484094827666
 30
0.0
 11
158.6745714285701
 21
323.8090217914165
 31
0.0
  0
LINE
  5
56F
330
1F
100
AcDbEntity
  8
0
100
AcDbLine
 10
159.8245714285711
 20
326.1484094827666
 30
0.0
 11
158.6745714285706
 21
326.1484094827666
 31
0.0
  0
LINE
  5
570
330
1F
100
AcDbEntity
  8
0
100
AcDbLine
 10
158.6745714285706
 20
329.6877971741042
 30
0.0
 11
158.6745714285842
 21
327.3484094827643
 31
0.0
  0
LINE
  5
571
330
1F
100
AcDbEntity
  8
0
100
AcDbLine
 10
156.3245714285702
 20
326.1484094827666
 30
0.0
 11
156.3245714285717
 21
327.3484094827643
 31
0.0
  0
LINE
  5
572
330
1F
100
AcDbEntity
  8
0
100
AcDbLine
 10
157.4745714285703
 20
326.1484094827666
 30
0.0
 11
156.3245714285702
 21
326.1484094827666
 31
0.0
  0
LINE
  5
573
330
1F
100
AcDbEntity
  8
0
100
AcDbLine
 10
157.4745714285708
 20
323.8090217914165
 30
0.0
 11
157.4745714285703
 21
326.1484094827666
 31
0.0
  0
LINE
  5
574
330
1F
100
AcDbEntity
  8
0
100
AcDbLine
 10
156.3245714285717
 20
327.3484094827643
 30
0.0
 11
157.4745714285703
 21
327.3484094827643
 31
0.0
  0
LINE
  5
575
330
1F
100
AcDbEntity
  8
0
100
AcDbLine
 10
157.4745714285703
 20
327.3484094827643
 30
0.0
 11
157.4745714285703
 21
329.6877971741043
 31
0.0
  0
ARC
  5
576
330
1F
100
AcDbEntity
  8
0
100
AcDbCircle
 10
158.0745714285705
 20
326.7484094827643
 30
0.0
 40
3.000000000007709
100
AcDbArc
 50
101.5369590328181
 51
258.4630409672216
  0
ARC
  5
577
330
1F
100
AcDbEntity
  8
0
100
AcDbCircle
 10
158.0745714285705
 20
326.7484094827643
 30
0.0
 40
3.000000000007731
100
AcDbArc
 50
270.0000000000008
 51
281.5369590327795
  0
ARC
  5
578
330
1F
100
AcDbEntity
  8
0
100
AcDbCircle
 10
158.0745714285705
 20
326.7484094827643
 30
0.0
 40
3.000000000000284
100
AcDbArc
 50
78.46304096718252
 51
90.0
  0
ARC
  5
579
330
1F
100
AcDbEntity
  8
0
100
AcDbCircle
 10
158.0745714285705
 20
326.7484094827643
 30
0.0
 40
3.000000000007731
100
AcDbArc
 50
258.4630409672216
 51
270.0000000000008
  0
ARC
  5
57A
330
1F
100
AcDbEntity
  8
0
100
AcDbCircle
 10
158.0745714285705
 20
326.7484094827643
 30
0.0
 40
3.000000000000293
100
AcDbArc
 50
90.0
 51
101.5369590328181
  0
LINE
  5
57B
330
1F
100
AcDbEntity
  8
0
100
AcDbLine
 10
151.4745714285725
 20
362.7484094827659
 30
0.0
 11
151.4399560439572
 21
362.448409482766
 31
0.0
  0
LINE
  5
57C
330
1F
100
AcDbEntity
  8
0
100
AcDbLine
 10
151.4745714285725
 20
362.7484094827659
 30
0.0
 11
151.9245714285719
 21
362.7484094827661
 31
0.0
  0
LINE
  5
57D
330
1F
100
AcDbEntity
  8
0
100
AcDbLine
 10
143.6745714285703
 20
312.7484094827618
 30
0.0
 11
144.8245714285709
 21
312.7484094827618
 31
0.0
  0
LINE
  5
57E
330
1F
100
AcDbEntity
  8
0
100
AcDbLine
 10
144.8245714285709
 20
312.7484094827618
 30
0.0
 11
144.8245714285712
 21
313.948409482757
 31
0.0
  0
LINE
  5
57F
330
1F
100
AcDbEntity
  8
0
100
AcDbLine
 10
144.8245714285712
 20
313.948409482757
 30
0.0
 11
143.6745714285703
 21
313.948409482757
 31
0.0
  0
LINE
  5
580
330
1F
100
AcDbEntity
  8
0
100
AcDbLine
 10
143.6745714285703
 20
313.948409482757
 30
0.0
 11
143.6745714285695
 21
316.7458349786446
 31
0.0
  0
ARC
  5
581
330
1F
100
AcDbEntity
  8
0
100
AcDbCircle
 10
143.0745714285702
 20
313.3484094827595
 30
0.0
 40
3.450000000012948
100
AcDbArc
 50
0.0
 51
79.9845898317984
  0
ARC
  5
582
330
1F
100
AcDbEntity
  8
0
100
AcDbCircle
 10
143.0745714285702
 20
313.3484094827595
 30
0.0
 40
3.449999999998909
100
AcDbArc
 50
280.0154101682755
 51
0.0
  0
LINE
  5
583
330
1F
100
AcDbEntity
  8
0
100
AcDbLine
 10
143.6745714285708
 20
309.9509839868926
 30
0.0
 11
143.6745714285703
 21
312.7484094827618
 31
0.0
  0
LINE
  5
584
330
1F
100
AcDbEntity
  8
0
100
AcDbLine
 10
142.4745714285726
 20
313.948409482757
 30
0.0
 11
141.3245714285721
 21
313.948409482757
 31
0.0
  0
LINE
  5
585
330
1F
100
AcDbEntity
  8
0
100
AcDbLine
 10
141.3245714285721
 20
313.948409482757
 30
0.0
 11
141.3245714285721
 21
312.7484094827618
 31
0.0
  0
LINE
  5
586
330
1F
100
AcDbEntity
  8
0
100
AcDbLine
 10
141.3245714285721
 20
312.7484094827618
 30
0.0
 11
142.4745714248371
 21
312.7484094827618
 31
0.0
  0
LINE
  5
587
330
1F
100
AcDbEntity
  8
0
100
AcDbLine
 10
142.4745714248371
 20
312.7484094827618
 30
0.0
 11
142.4745714285723
 21
309.9509839868933
 31
0.0
  0
ARC
  5
588
330
1F
100
AcDbEntity
  8
0
100
AcDbCircle
 10
143.0745714285702
 20
313.3484094827595
 30
0.0
 40
3.44999999999888
100
AcDbArc
 50
180.0
 51
259.9845898317685
  0
ARC
  5
589
330
1F
100
AcDbEntity
  8
0
100
AcDbCircle
 10
143.0745714285702
 20
313.3484094827595
 30
0.0
 40
3.450000000012615
100
AcDbArc
 50
100.0154101681594
 51
180.0
  0
LINE
  5
58A
330
1F
100
AcDbEntity
  8
0
100
AcDbLine
 10
142.4745714285734
 20
316.7458349786447
 30
0.0
 11
142.4745714285726
 21
313.948409482757
 31
0.0
  0
ARC
  5
58B
330
1F
100
AcDbEntity
  8
0
100
AcDbCircle
 10
143.0745714285702
 20
313.3484094827595
 30
0.0
 40
3.449999999995196
100
AcDbArc
 50
259.9845898317685
 51
280.0154101682755
  0
ARC
  5
58C
330
1F
100
AcDbEntity
  8
0
100
AcDbCircle
 10
143.0745714285702
 20
313.3484094827595
 30
0.0
 40
3.450000000012948
100
AcDbArc
 50
79.9845898317984
 51
100.0154101681594
  0
LINE
  5
58D
330
1F
100
AcDbEntity
  8
0
100
AcDbLine
 10
149.8245714285711
 20
327.3484094827643
 30
0.0
 11
149.8245714285711
 21
326.1484094827666
 31
0.0
  0
LINE
  5
58E
330
1F
100
AcDbEntity
  8
0
100
AcDbLine
 10
148.6745714285842
 20
327.3484094827643
 30
0.0
 11
149.8245714285711
 21
327.3484094827643
 31
0.0
  0
ARC
  5
58F
330
1F
100
AcDbEntity
  8
0
100
AcDbCircle
 10
148.0745714285704
 20
326.7484094827643
 30
0.0
 40
3.000000000007709
100
AcDbArc
 50
281.53695903278
 51
78.46304096718146
  0
LINE
  5
590
330
1F
100
AcDbEntity
  8
0
100
AcDbLine
 10
148.6745714285706
 20
326.1484094827666
 30
0.0
 11
148.6745714285701
 21
323.8090217914165
 31
0.0
  0
LINE
  5
591
330
1F
100
AcDbEntity
  8
0
100
AcDbLine
 10
149.8245714285711
 20
326.1484094827666
 30
0.0
 11
148.6745714285706
 21
326.1484094827666
 31
0.0
  0
LINE
  5
592
330
1F
100
AcDbEntity
  8
0
100
AcDbLine
 10
148.6745714285706
 20
329.6877971741042
 30
0.0
 11
148.6745714285842
 21
327.3484094827643
 31
0.0
  0
LINE
  5
593
330
1F
100
AcDbEntity
  8
0
100
AcDbLine
 10
146.3245714285702
 20
326.1484094827666
 30
0.0
 11
146.3245714285717
 21
327.3484094827643
 31
0.0
  0
LINE
  5
594
330
1F
100
AcDbEntity
  8
0
100
AcDbLine
 10
147.4745714285703
 20
326.1484094827666
 30
0.0
 11
146.3245714285702
 21
326.1484094827666
 31
0.0
  0
LINE
  5
595
330
1F
100
AcDbEntity
  8
0
100
AcDbLine
 10
147.4745714285708
 20
323.8090217914165
 30
0.0
 11
147.4745714285703
 21
326.1484094827666
 31
0.0
  0
LINE
  5
596
330
1F
100
AcDbEntity
  8
0
100
AcDbLine
 10
147.4745714285703
 20
327.3484094827643
 30
0.0
 11
147.4745714285703
 21
329.6877971741043
 31
0.0
  0
LINE
  5
597
330
1F
100
AcDbEntity
  8
0
100
AcDbLine
 10
146.3245714285717
 20
327.3484094827643
 30
0.0
 11
147.4745714285703
 21
327.3484094827643
 31
0.0
  0
ARC
  5
598
330
1F
100
AcDbEntity
  8
0
100
AcDbCircle
 10
148.0745714285704
 20
326.7484094827643
 30
0.0
 40
3.000000000007704
100
AcDbArc
 50
101.5369590328176
 51
258.4630409672221
  0
ARC
  5
599
330
1F
100
AcDbEntity
  8
0
100
AcDbCircle
 10
148.0745714285704
 20
326.7484094827643
 30
0.0
 40
3.000000000007731
100
AcDbArc
 50
258.4630409672221
 51
270.0000000000008
  0
ARC
  5
59A
330
1F
100
AcDbEntity
  8
0
100
AcDbCircle
 10
148.0745714285704
 20
326.7484094827643
 30
0.0
 40
3.000000000000287
100
AcDbArc
 50
90.0
 51
101.5369590328176
  0
ARC
  5
59B
330
1F
100
AcDbEntity
  8
0
100
AcDbCircle
 10
148.0745714285704
 20
326.7484094827643
 30
0.0
 40
3.000000000007731
100
AcDbArc
 50
270.0000000000008
 51
281.53695903278
  0
ARC
  5
59C
330
1F
100
AcDbEntity
  8
0
100
AcDbCircle
 10
148.0745714285704
 20
326.7484094827643
 30
0.0
 40
3.000000000000284
100
AcDbArc
 50
78.46304096718146
 51
90.0
  0
ARC
  5
59D
330
1F
100
AcDbEntity
  8
0
100
AcDbCircle
 10
144.8245714285715
 20
342.7484094827662
 30
0.0
 40
3.2999999999995
100
AcDbArc
 50
270.0000000000008
 51
90.0
  0
ARC
  5
59E
330
1F
100
AcDbEntity
  8
0
100
AcDbCircle
 10
144.8245714285715
 20
342.7484094827662
 30
0.0
 40
3.2999999999995
100
AcDbArc
 50
90.0
 51
270.0000000000008
  0
LINE
  5
59F
330
1F
100
AcDbEntity
  8
0
100
AcDbLine
 10
120.5745714285725
 20
347.1984094827654
 30
0.0
 11
122.6745714285717
 21
347.1984094827654
 31
0.0
  0
LINE
  5
5A0
330
1F
100
AcDbEntity
  8
0
100
AcDbLine
 10
120.5745714285725
 20
350.6395629352948
 30
0.0
 11
165.5745714285703
 21
350.6395629352948
 31
0.0
  0
LINE
  5
5A1
330
1F
100
AcDbEntity
  8
0
100
AcDbLine
 10
163.4745714285711
 20
347.1984094827654
 30
0.0
 11
165.5745714285703
 21
347.1984094827654
 31
0.0
  0
LINE
  5
5A2
330
1F
100
AcDbEntity
  8
0
100
AcDbLine
 10
122.6745714285717
 20
347.27135849964
 30
0.0
 11
163.4745714285711
 21
347.27135849964
 31
0.0
  0
LINE
  5
5A3
330
1F
100
AcDbEntity
  8
0
100
AcDbLine
 10
165.5745714285703
 20
350.6395629352948
 30
0.0
 11
165.5745714285703
 21
347.1984094827654
 31
0.0
  0
LINE
  5
5A4
330
1F
100
AcDbEntity
  8
0
100
AcDbLine
 10
120.5745714285725
 20
350.6395629352948
 30
0.0
 11
120.5745714285725
 21
347.1984094827654
 31
0.0
  0
LINE
  5
5A5
330
1F
100
AcDbEntity
  8
0
100
AcDbLine
 10
120.5745714285725
 20
330.0153967808722
 30
0.0
 11
165.5745714285703
 21
330.0153967808722
 31
0.0
  0
LINE
  5
5A6
330
1F
100
AcDbEntity
  8
0
100
AcDbLine
 10
120.5745714285725
 20
330.6984094827661
 30
0.0
 11
165.5745714285703
 21
330.6984094827661
 31
0.0
  0
LINE
  5
5A7
330
1F
100
AcDbEntity
  8
0
100
AcDbLine
 10
165.5745714285703
 20
330.6984094827661
 30
0.0
 11
165.5745714285703
 21
330.0153967808722
 31
0.0
  0
LINE
  5
5A8
330
1F
100
AcDbEntity
  8
0
100
AcDbLine
 10
120.5745714285725
 20
330.6984094827661
 30
0.0
 11
120.5745714285725
 21
330.0153967808722
 31
0.0
  0
LINE
  5
5A9
330
1F
100
AcDbEntity
  8
0
100
AcDbLine
 10
120.5745714285725
 20
331.3003332714134
 30
0.0
 11
165.5745714285703
 21
331.3003332714134
 31
0.0
  0
LINE
  5
5AA
330
1F
100
AcDbEntity
  8
0
100
AcDbLine
 10
165.5745714285703
 20
331.3003332714134
 30
0.0
 11
165.5745714285703
 21
330.6984094827661
 31
0.0
  0
LINE
  5
5AB
330
1F
100
AcDbEntity
  8
0
100
AcDbLine
 10
120.5745714285725
 20
331.3003332714134
 30
0.0
 11
120.5745714285725
 21
330.6984094827661
 31
0.0
  0
LINE
  5
5AC
330
1F
100
AcDbEntity
  8
0
100
AcDbLine
 10
120.5745714285725
 20
329.9153967808703
 30
0.0
 11
165.5745714285703
 21
329.9153967808703
 31
0.0
  0
LINE
  5
5AD
330
1F
100
AcDbEntity
  8
0
100
AcDbLine
 10
165.5745714285703
 20
330.0153967808722
 30
0.0
 11
165.5745714285703
 21
329.9153967808703
 31
0.0
  0
LINE
  5
5AE
330
1F
100
AcDbEntity
  8
0
100
AcDbLine
 10
120.5745714285725
 20
330.0153967808722
 30
0.0
 11
120.5745714285725
 21
329.9153967808703
 31
0.0
  0
LINE
  5
5AF
330
1F
100
AcDbEntity
  8
0
100
AcDbLine
 10
120.5745714285725
 20
331.4503332714125
 30
0.0
 11
165.5745714285703
 21
331.4503332714125
 31
0.0
  0
LINE
  5
5B0
330
1F
100
AcDbEntity
  8
0
100
AcDbLine
 10
165.5745714285703
 20
331.4503332714125
 30
0.0
 11
165.5745714285703
 21
331.3003332714134
 31
0.0
  0
LINE
  5
5B1
330
1F
100
AcDbEntity
  8
0
100
AcDbLine
 10
120.5745714285725
 20
331.4503332714125
 30
0.0
 11
120.5745714285725
 21
331.3003332714134
 31
0.0
  0
LINE
  5
5B2
330
1F
100
AcDbEntity
  8
0
100
AcDbLine
 10
165.5745714285703
 20
329.9153967808703
 30
0.0
 11
165.5745714285703
 21
329.8484094827651
 31
0.0
  0
LINE
  5
5B3
330
1F
100
AcDbEntity
  8
0
100
AcDbLine
 10
120.5745714285725
 20
329.9153967808703
 30
0.0
 11
120.5745714285725
 21
329.8484094827655
 31
0.0
  0
LINE
  5
5B4
330
1F
100
AcDbEntity
  8
0
100
AcDbLine
 10
163.4745714285711
 20
346.9484094827647
 30
0.0
 11
163.4745714285711
 21
347.27135849964
 31
0.0
  0
LINE
  5
5B5
330
1F
100
AcDbEntity
  8
0
100
AcDbLine
 10
163.4745714285711
 20
346.9484094827647
 30
0.0
 11
165.5745714285703
 21
346.9484094827647
 31
0.0
  0
LINE
  5
5B6
330
1F
100
AcDbEntity
  8
0
100
AcDbLine
 10
120.5745714285725
 20
346.9484094827647
 30
0.0
 11
122.6745714285717
 21
346.9484094827647
 31
0.0
  0
LINE
  5
5B7
330
1F
100
AcDbEntity
  8
0
100
AcDbLine
 10
122.6745714285717
 20
347.27135849964
 30
0.0
 11
122.6745714285717
 21
346.9484094827647
 31
0.0
  0
ARC
  5
5B8
330
1F
100
AcDbEntity
  8
0
100
AcDbCircle
 10
155.6745714285718
 20
336.6484094827653
 30
0.0
 40
3.999999999998977
100
AcDbArc
 50
270.0000000000008
 51
90.0
  0
ARC
  5
5B9
330
1F
100
AcDbEntity
  8
0
100
AcDbCircle
 10
155.6745714285718
 20
336.6484094827653
 30
0.0
 40
3.999999999998977
100
AcDbArc
 50
90.0
 51
270.0000000000008
  0
ARC
  5
5BA
330
1F
100
AcDbEntity
  8
0
100
AcDbCircle
 10
144.6745714285714
 20
342.6484094827666
 30
0.0
 40
4.000000000000512
100
AcDbArc
 50
0.0
 51
180.0
  0
LINE
  5
5BB
330
1F
100
AcDbEntity
  8
0
100
AcDbLine
 10
140.6745714285714
 20
342.2484094827657
 30
0.0
 11
140.6745714285714
 21
342.6484094827666
 31
0.0
  0
ARC
  5
5BC
330
1F
100
AcDbEntity
  8
0
100
AcDbCircle
 10
144.6745714285714
 20
342.2484094827657
 30
0.0
 40
4.0
100
AcDbArc
 50
180.0
 51
270.0000000000008
  0
ARC
  5
5BD
330
1F
100
AcDbEntity
  8
0
100
AcDbCircle
 10
144.6745714285714
 20
342.2484094827657
 30
0.0
 40
3.999999999999886
100
AcDbArc
 50
270.0000000000008
 51
0.0
  0
LINE
  5
5BE
330
1F
100
AcDbEntity
  8
0
100
AcDbLine
 10
148.6745714285719
 20
342.6484094827666
 30
0.0
 11
148.6745714285712
 21
342.2484094827657
 31
0.0
  0
LINE
  5
5BF
330
1F
100
AcDbEntity
  8
0
100
AcDbLine
 10
165.5745714285703
 20
346.9484094827647
 30
0.0
 11
165.5745714285703
 21
331.4503332714125
 31
0.0
  0
LINE
  5
5C0
330
1F
100
AcDbEntity
  8
0
100
AcDbLine
 10
120.5745714285725
 20
346.9484094827647
 30
0.0
 11
120.5745714285725
 21
331.4503332714125
 31
0.0
  0
LINE
  5
5C1
330
1F
100
AcDbEntity
  8
0
100
AcDbLine
 10
120.5745714285725
 20
359.4484094827649
 30
0.0
 11
165.5745714285703
 21
359.4484094827649
 31
0.0
  0
LINE
  5
5C2
330
1F
100
AcDbEntity
  8
0
100
AcDbLine
 10
165.5745714285703
 20
359.4484094827649
 30
0.0
 11
165.5745714285703
 21
350.6395629352948
 31
0.0
  0
LINE
  5
5C3
330
1F
100
AcDbEntity
  8
0
100
AcDbLine
 10
120.5745714285725
 20
359.4484094827649
 30
0.0
 11
120.5745714285725
 21
350.6395629352948
 31
0.0
  0
LINE
  5
5C4
330
1F
100
AcDbEntity
  8
0
100
AcDbLine
 10
165.5745714285703
 20
347.1984094827658
 30
0.0
 11
165.5745714285703
 21
346.9484094827647
 31
0.0
  0
LINE
  5
5C5
330
1F
100
AcDbEntity
  8
0
100
AcDbLine
 10
120.5745714285725
 20
347.1984094827658
 30
0.0
 11
120.5745714285725
 21
346.9484094827647
 31
0.0
  0
LINE
  5
5C6
330
1F
100
AcDbEntity
  8
0
100
AcDbLine
 10
161.3245714285721
 20
326.7484091362233
 30
0.0
 11
165.5745714285703
 21
326.7484091362233
 31
0.0
  0
LINE
  5
5C7
330
1F
100
AcDbEntity
  8
0
100
AcDbLine
 10
151.3245714285714
 20
326.7484091362233
 30
0.0
 11
154.8245714285727
 21
326.7484091362233
 31
0.0
  0
LINE
  5
5C8
330
1F
100
AcDbEntity
  8
0
100
AcDbLine
 10
141.3245714285708
 20
326.7484091362233
 30
0.0
 11
144.8245714285721
 21
326.7484091362233
 31
0.0
  0
LINE
  5
5C9
330
1F
100
AcDbEntity
  8
0
100
AcDbLine
 10
131.3245714285701
 20
326.7484091362233
 30
0.0
 11
134.8245714285714
 21
326.7484091362233
 31
0.0
  0
LINE
  5
5CA
330
1F
100
AcDbEntity
  8
0
100
AcDbLine
 10
120.5745714285725
 20
326.7484091362233
 30
0.0
 11
124.8245714285708
 21
326.7484091362233
 31
0.0
  0
ARC
  5
5CB
330
1F
100
AcDbEntity
  8
0
100
AcDbCircle
 10
148.0745714285717
 20
326.7484094827643
 30
0.0
 40
3.249999999999706
100
AcDbArc
 50
107.475365146436
 51
180.0000061093344
  0
ARC
  5
5CC
330
1F
100
AcDbEntity
  8
0
100
AcDbCircle
 10
128.0745714285705
 20
326.7484094827643
 30
0.0
 40
3.249999999999706
100
AcDbArc
 50
107.4753651464358
 51
180.0000061093344
  0
ARC
  5
5CD
330
1F
100
AcDbEntity
  8
0
100
AcDbCircle
 10
138.0745714285711
 20
326.7484094827643
 30
0.0
 40
3.249999999999706
100
AcDbArc
 50
107.475365146436
 51
180.0000061093344
  0
ARC
  5
5CE
330
1F
100
AcDbEntity
  8
0
100
AcDbCircle
 10
158.0745714285724
 20
326.7484094827643
 30
0.0
 40
3.24999999999969
100
AcDbArc
 50
107.475365146436
 51
180.0000061093344
  0
ARC
  5
5CF
330
1F
100
AcDbEntity
  8
0
100
AcDbCircle
 10
158.0745714285724
 20
326.7484094827643
 30
0.0
 40
3.249999999999706
100
AcDbArc
 50
359.9999938906672
 51
72.52463485356449
  0
ARC
  5
5D0
330
1F
100
AcDbEntity
  8
0
100
AcDbCircle
 10
148.0745714285717
 20
326.7484094827643
 30
0.0
 40
3.249999999999706
100
AcDbArc
 50
359.9999938906672
 51
72.52463485356449
  0
ARC
  5
5D1
330
1F
100
AcDbEntity
  8
0
100
AcDbCircle
 10
128.0745714285705
 20
326.7484094827643
 30
0.0
 40
3.24999999999969
100
AcDbArc
 50
359.9999938906672
 51
72.52463485356401
  0
ARC
  5
5D2
330
1F
100
AcDbEntity
  8
0
100
AcDbCircle
 10
138.0745714285711
 20
326.7484094827643
 30
0.0
 40
3.249999999999706
100
AcDbArc
 50
359.9999938906672
 51
72.52463485356401
  0
LINE
  5
5D3
330
1F
100
AcDbEntity
  8
0
100
AcDbLine
 10
165.5745714285703
 20
329.8484094827651
 30
0.0
 11
165.5745714285703
 21
326.7484091362233
 31
0.0
  0
LINE
  5
5D4
330
1F
100
AcDbEntity
  8
0
100
AcDbLine
 10
120.5745714285725
 20
329.8484094827651
 30
0.0
 11
120.5745714285725
 21
326.7484091362233
 31
0.0
  0
LINE
  5
5D5
330
1F
100
AcDbEntity
  8
0
100
AcDbLine
 10
120.5745714285725
 20
318.8484094827619
 30
0.0
 11
165.5745714285703
 21
318.8484094827619
 31
0.0
  0
SPLINE
  5
5D6
330
1F
100
AcDbEntity
  8
0
100
AcDbSpline
210
0.0
220
0.0
230
1.0
 70
     8
 71
     3
 72
    14
 73
    10
 74
     0
 42
1E-08
 43
1E-08
 40
0.0
 40
0.0
 40
0.0
 40
0.0
 40
0.2500000000000002
 40
0.2500000000000002
 40
0.5000000000000001
 40
0.5000000000000001
 40
0.75
 40
0.75
 40
1.0
 40
1.0
 40
1.0
 40
1.0
 10
148.0745714285717
 20
323.4984094827645
 30
0.0
 10
147.6915552758492
 20
323.4984094827645
 30
0.0
 10
147.278328757875
 20
323.5682153762612
 30
0.0
 10
146.4781986283431
 20
323.8849795764517
 30
0.0
 10
146.0937754922772
 20
324.1330113751798
 30
0.0
 10
145.4591735321956
 20
324.7676132675951
 30
0.0
 10
145.2111416924772
 20
325.1520363772138
 30
0.0
 10
144.8943774069704
 20
325.9521664729699
 30
0.0
 10
144.8245714694123
 20
326.3653929835008
 30
0.0
 10
144.8245714285721
 20
326.7484091362233
 30
0.0
  0
SPLINE
  5
5D7
330
1F
100
AcDbEntity
  8
0
100
AcDbSpline
210
0.0
220
0.0
230
1.0
 70
     8
 71
     3
 72
    14
 73
    10
 74
     0
 42
1E-08
 43
1E-08
 40
0.0
 40
0.0
 40
0.0
 40
0.0
 40
0.25
 40
0.25
 40
0.5
 40
0.5
 40
0.75
 40
0.75
 40
1.0
 40
1.0
 40
1.0
 40
1.0
 10
128.0745714285705
 20
323.4984094827645
 30
0.0
 10
127.6915552758479
 20
323.4984094827645
 30
0.0
 10
127.2783287578738
 20
323.5682153762612
 30
0.0
 10
126.4781986283418
 20
323.8849795764517
 30
0.0
 10
126.0937754922759
 20
324.1330113751798
 30
0.0
 10
125.4591735321943
 20
324.7676132675951
 30
0.0
 10
125.2111416924759
 20
325.1520363772138
 30
0.0
 10
124.8943774069692
 20
325.9521664729699
 30
0.0
 10
124.824571469411
 20
326.3653929835008
 30
0.0
 10
124.8245714285708
 20
326.7484091362233
 30
0.0
  0
SPLINE
  5
5D8
330
1F
100
AcDbEntity
  8
0
100
AcDbSpline
210
0.0
220
0.0
230
1.0
 70
     8
 71
     3
 72
    14
 73
    10
 74
     0
 42
1E-08
 43
1E-08
 40
0.0
 40
0.0
 40
0.0
 40
0.0
 40
0.2500000000000002
 40
0.2500000000000002
 40
0.5000000000000003
 40
0.5000000000000003
 40
0.7500000000000001
 40
0.7500000000000001
 40
1.0
 40
1.0
 40
1.0
 40
1.0
 10
138.0745714285711
 20
323.4984094827645
 30
0.0
 10
137.6915552758485
 20
323.4984094827645
 30
0.0
 10
137.2783287578744
 20
323.5682153762612
 30
0.0
 10
136.4781986283424
 20
323.8849795764517
 30
0.0
 10
136.0937754922765
 20
324.1330113751798
 30
0.0
 10
135.4591735321949
 20
324.7676132675951
 30
0.0
 10
135.2111416924766
 20
325.1520363772138
 30
0.0
 10
134.8943774069698
 20
325.9521664729699
 30
0.0
 10
134.8245714694117
 20
326.3653929835008
 30
0.0
 10
134.8245714285714
 20
326.7484091362233
 30
0.0
  0
SPLINE
  5
5D9
330
1F
100
AcDbEntity
  8
0
100
AcDbSpline
210
0.0
220
0.0
230
1.0
 70
     8
 71
     3
 72
    14
 73
    10
 74
     0
 42
1E-08
 43
1E-08
 40
0.0
 40
0.0
 40
0.0
 40
0.0
 40
0.25
 40
0.25
 40
0.5
 40
0.5
 40
0.75
 40
0.75
 40
1.0
 40
1.0
 40
1.0
 40
1.0
 10
158.0745714285724
 20
323.4984094827645
 30
0.0
 10
157.6915552758498
 20
323.4984094827645
 30
0.0
 10
157.2783287578757
 20
323.5682153762612
 30
0.0
 10
156.4781986283437
 20
323.8849795764517
 30
0.0
 10
156.0937754922778
 20
324.1330113751798
 30
0.0
 10
155.4591735321962
 20
324.7676132675951
 30
0.0
 10
155.2111416924779
 20
325.1520363772138
 30
0.0
 10
154.8943774069711
 20
325.9521664729699
 30
0.0
 10
154.8245714694129
 20
326.3653929835008
 30
0.0
 10
154.8245714285727
 20
326.7484091362233
 30
0.0
  0
SPLINE
  5
5DA
330
1F
100
AcDbEntity
  8
0
100
AcDbSpline
210
0.0
220
0.0
230
1.0
 70
     8
 71
     3
 72
    14
 73
    10
 74
     0
 42
1E-08
 43
1E-08
 40
0.0
 40
0.0
 40
0.0
 40
0.0
 40
0.25
 40
0.25
 40
0.5
 40
0.5
 40
0.75
 40
0.75
 40
1.0
 40
1.0
 40
1.0
 40
1.0
 10
161.3245714285721
 20
326.7484091362233
 30
0.0
 10
161.3245713877318
 20
326.3653929835008
 30
0.0
 10
161.2547654501737
 20
325.9521664729699
 30
0.0
 10
160.9380011646669
 20
325.1520363772138
 30
0.0
 10
160.6899693249485
 20
324.7676132675951
 30
0.0
 10
160.055367364867
 20
324.1330113751798
 30
0.0
 10
159.6709442288011
 20
323.8849795764517
 30
0.0
 10
158.8708140992691
 20
323.5682153762612
 30
0.0
 10
158.4575875812949
 20
323.4984094827645
 30
0.0
 10
158.0745714285724
 20
323.4984094827645
 30
0.0
  0
SPLINE
  5
5DB
330
1F
100
AcDbEntity
  8
0
100
AcDbSpline
210
0.0
220
0.0
230
1.0
 70
     8
 71
     3
 72
    14
 73
    10
 74
     0
 42
1E-08
 43
1E-08
 40
0.0
 40
0.0
 40
0.0
 40
0.0
 40
0.25
 40
0.25
 40
0.5
 40
0.5
 40
0.75
 40
0.75
 40
1.0
 40
1.0
 40
1.0
 40
1.0
 10
151.3245714285714
 20
326.7484091362233
 30
0.0
 10
151.3245713877312
 20
326.3653929835008
 30
0.0
 10
151.254765450173
 20
325.9521664729699
 30
0.0
 10
150.9380011646662
 20
325.1520363772138
 30
0.0
 10
150.6899693249479
 20
324.7676132675951
 30
0.0
 10
150.0553673648663
 20
324.1330113751798
 30
0.0
 10
149.6709442288004
 20
323.8849795764517
 30
0.0
 10
148.8708140992684
 20
323.5682153762612
 30
0.0
 10
148.4575875812943
 20
323.4984094827645
 30
0.0
 10
148.0745714285717
 20
323.4984094827645
 30
0.0
  0
SPLINE
  5
5DC
330
1F
100
AcDbEntity
  8
0
100
AcDbSpline
210
0.0
220
0.0
230
1.0
 70
     8
 71
     3
 72
    14
 73
    10
 74
     0
 42
1E-08
 43
1E-08
 40
0.0
 40
0.0
 40
0.0
 40
0.0
 40
0.25
 40
0.25
 40
0.5
 40
0.5
 40
0.75
 40
0.75
 40
1.0
 40
1.0
 40
1.0
 40
1.0
 10
131.3245714285701
 20
326.7484091362233
 30
0.0
 10
131.3245713877299
 20
326.3653929835008
 30
0.0
 10
131.2547654501717
 20
325.9521664729699
 30
0.0
 10
130.938001164665
 20
325.1520363772138
 30
0.0
 10
130.6899693249466
 20
324.7676132675951
 30
0.0
 10
130.055367364865
 20
324.1330113751798
 30
0.0
 10
129.6709442287992
 20
323.8849795764517
 30
0.0
 10
128.8708140992671
 20
323.5682153762612
 30
0.0
 10
128.457587581293
 20
323.4984094827645
 30
0.0
 10
128.0745714285705
 20
323.4984094827645
 30
0.0
  0
SPLINE
  5
5DD
330
1F
100
AcDbEntity
  8
0
100
AcDbSpline
210
0.0
220
0.0
230
1.0
 70
     8
 71
     3
 72
    14
 73
    10
 74
     0
 42
1E-08
 43
1E-08
 40
0.0
 40
0.0
 40
0.0
 40
0.0
 40
0.25
 40
0.25
 40
0.5
 40
0.5
 40
0.75
 40
0.75
 40
1.0
 40
1.0
 40
1.0
 40
1.0
 10
141.3245714285708
 20
326.7484091362233
 30
0.0
 10
141.3245713877305
 20
326.3653929835008
 30
0.0
 10
141.2547654501724
 20
325.9521664729699
 30
0.0
 10
140.9380011646656
 20
325.1520363772138
 30
0.0
 10
140.6899693249473
 20
324.7676132675951
 30
0.0
 10
140.0553673648656
 20
324.1330113751798
 30
0.0
 10
139.6709442287998
 20
323.8849795764517
 30
0.0
 10
138.8708140992678
 20
323.5682153762612
 30
0.0
 10
138.4575875812936
 20
323.4984094827645
 30
0.0
 10
138.0745714285711
 20
323.4984094827645
 30
0.0
  0
LINE
  5
5DE
330
1F
100
AcDbEntity
  8
0
100
AcDbLine
 10
165.5745714285703
 20
326.7484091362233
 30
0.0
 11
165.5745714285703
 21
318.8484094827619
 31
0.0
  0
LINE
  5
5DF
330
1F
100
AcDbEntity
  8
0
100
AcDbLine
 10
120.5745714285725
 20
326.7484091362233
 30
0.0
 11
120.5745714285725
 21
318.8484094827619
 31
0.0
  0
LINE
  5
5E0
330
1F
100
AcDbEntity
  8
0
100
AcDbLine
 10
153.7745714285705
 20
318.6817428160999
 30
0.0
 11
152.374571428571
 21
318.6817428160999
 31
0.0
  0
LINE
  5
5E1
330
1F
100
AcDbEntity
  8
0
100
AcDbLine
 10
153.7745714285705
 20
316.8484094827778
 30
0.0
 11
152.374571428571
 21
316.8484094827778
 31
0.0
  0
LINE
  5
5E2
330
1F
100
AcDbEntity
  8
0
100
AcDbLine
 10
152.374571428571
 20
316.8484094827778
 30
0.0
 11
152.374571428571
 21
318.6817428160999
 31
0.0
  0
LINE
  5
5E3
330
1F
100
AcDbEntity
  8
0
100
AcDbLine
 10
153.7745714285705
 20
316.8484094827778
 30
0.0
 11
153.7745714285705
 21
318.6817428160999
 31
0.0
  0
LINE
  5
5E4
330
1F
100
AcDbEntity
  8
0
100
AcDbLine
 10
152.374571428571
 20
318.6817428160999
 30
0.0
 11
152.374571428571
 21
318.8484094827619
 31
0.0
  0
LINE
  5
5E5
330
1F
100
AcDbEntity
  8
0
100
AcDbLine
 10
153.7745714285705
 20
318.6817428160999
 30
0.0
 11
153.7745714285705
 21
318.8484094827619
 31
0.0
  0
LINE
  5
5E6
330
1F
100
AcDbEntity
  8
0
100
AcDbLine
 10
143.7745714285705
 20
318.6817428160958
 30
0.0
 11
142.374571428571
 21
318.6817428160958
 31
0.0
  0
SPLINE
  5
5E7
330
1F
100
AcDbEntity
  8
0
100
AcDbSpline
210
0.0
220
0.0
230
1.0
 70
     8
 71
     3
 72
     8
 73
     4
 74
     0
 42
1E-08
 43
1E-08
 40
0.0
 40
0.0
 40
0.0
 40
0.0
 40
1.0
 40
1.0
 40
1.0
 40
1.0
 10
142.374571428571
 20
317.388211458103
 30
0.0
 10
142.8343862875533
 20
317.4678862548511
 30
0.0
 10
143.3147565695887
 20
317.4678862548511
 30
0.0
 10
143.7745714285711
 20
317.3882114581031
 30
0.0
  0
LINE
  5
5E8
330
1F
100
AcDbEntity
  8
0
100
AcDbLine
 10
142.374571428571
 20
317.388211458103
 30
0.0
 11
142.374571428571
 21
318.6817428160958
 31
0.0
  0
LINE
  5
5E9
330
1F
100
AcDbEntity
  8
0
100
AcDbLine
 10
143.7745714285711
 20
317.3882114581031
 30
0.0
 11
143.7745714285705
 21
318.6817428160958
 31
0.0
  0
LINE
  5
5EA
330
1F
100
AcDbEntity
  8
0
100
AcDbLine
 10
142.374571428571
 20
318.6817428160958
 30
0.0
 11
142.374571428571
 21
318.8484094827619
 31
0.0
  0
LINE
  5
5EB
330
1F
100
AcDbEntity
  8
0
100
AcDbLine
 10
143.7745714285705
 20
318.6817428160958
 30
0.0
 11
143.7745714285705
 21
318.8484094827619
 31
0.0
  0
LINE
  5
5EC
330
1F
100
AcDbEntity
  8
0
100
AcDbLine
 10
133.7745714285705
 20
318.6817428160918
 30
0.0
 11
132.374571428571
 21
318.6817428160918
 31
0.0
  0
LINE
  5
5ED
330
1F
100
AcDbEntity
  8
0
100
AcDbLine
 10
133.7745714285705
 20
316.8484094827698
 30
0.0
 11
132.374571428571
 21
316.8484094827698
 31
0.0
  0
LINE
  5
5EE
330
1F
100
AcDbEntity
  8
0
100
AcDbLine
 10
132.374571428571
 20
316.8484094827698
 30
0.0
 11
132.374571428571
 21
318.6817428160918
 31
0.0
  0
LINE
  5
5EF
330
1F
100
AcDbEntity
  8
0
100
AcDbLine
 10
133.7745714285705
 20
316.8484094827698
 30
0.0
 11
133.7745714285705
 21
318.6817428160918
 31
0.0
  0
LINE
  5
5F0
330
1F
100
AcDbEntity
  8
0
100
AcDbLine
 10
132.374571428571
 20
318.6817428160918
 30
0.0
 11
132.374571428571
 21
318.8484094827619
 31
0.0
  0
LINE
  5
5F1
330
1F
100
AcDbEntity
  8
0
100
AcDbLine
 10
133.7745714285705
 20
318.6817428160918
 30
0.0
 11
133.7745714285705
 21
318.8484094827619
 31
0.0
  0
LINE
  5
5F2
330
1F
100
AcDbEntity
  8
0
100
AcDbLine
 10
138.7745714285708
 20
362.4484094827662
 30
0.0
 11
141.1745714285714
 21
362.4484094827662
 31
0.0
  0
LINE
  5
5F3
330
1F
100
AcDbEntity
  8
0
100
AcDbLine
 10
143.6245714285716
 20
362.4484094827662
 30
0.0
 11
143.6245714285716
 21
359.4484094827648
 31
0.0
  0
LINE
  5
5F4
330
1F
100
AcDbEntity
  8
0
100
AcDbLine
 10
141.1745714285714
 20
362.4484094827662
 30
0.0
 11
143.6245714285716
 21
362.4484094827662
 31
0.0
  0
LINE
  5
5F5
330
1F
100
AcDbEntity
  8
0
100
AcDbLine
 10
149.2245714285723
 20
362.4484094827662
 30
0.0
 11
149.2245714285723
 21
359.4484094827648
 31
0.0
  0
LINE
  5
5F6
330
1F
100
AcDbEntity
  8
0
100
AcDbLine
 10
149.2245714285723
 20
362.4484094827662
 30
0.0
 11
151.6745714285726
 21
362.4484094827662
 31
0.0
  0
LINE
  5
5F7
330
1F
100
AcDbEntity
  8
0
100
AcDbLine
 10
123.0245714285703
 20
362.4484094827662
 30
0.0
 11
124.524571428572
 21
362.4484094827662
 31
0.0
  0
LINE
  5
5F8
330
1F
100
AcDbEntity
  8
0
100
AcDbLine
 10
120.8745714285714
 20
362.4484094827662
 30
0.0
 11
120.8745714285714
 21
359.4484094827648
 31
0.0
  0
LINE
  5
5F9
330
1F
100
AcDbEntity
  8
0
100
AcDbLine
 10
120.8745714285714
 20
362.4484094827662
 30
0.0
 11
123.0245714285703
 21
362.4484094827662
 31
0.0
  0
LINE
  5
5FA
330
1F
100
AcDbEntity
  8
0
100
AcDbLine
 10
151.6745714285726
 20
362.4484094827662
 30
0.0
 11
153.0745714285721
 21
362.4484094827662
 31
0.0
  0
LINE
  5
5FB
330
1F
100
AcDbEntity
  8
0
100
AcDbLine
 10
126.9745714285721
 20
362.4484094827662
 30
0.0
 11
126.9745714285721
 21
359.4484094827648
 31
0.0
  0
LINE
  5
5FC
330
1F
100
AcDbEntity
  8
0
100
AcDbLine
 10
124.524571428572
 20
362.4484094827662
 30
0.0
 11
126.9745714285721
 21
362.4484094827662
 31
0.0
  0
LINE
  5
5FD
330
1F
100
AcDbEntity
  8
0
100
AcDbLine
 10
155.5245714285722
 20
362.4484094827662
 30
0.0
 11
155.5245714285722
 21
359.4484094827648
 31
0.0
  0
LINE
  5
5FE
330
1F
100
AcDbEntity
  8
0
100
AcDbLine
 10
153.0745714285721
 20
362.4484094827662
 30
0.0
 11
155.5245714285722
 21
362.4484094827662
 31
0.0
  0
LINE
  5
5FF
330
1F
100
AcDbEntity
  8
0
100
AcDbLine
 10
136.3245714285716
 20
362.4484094827662
 30
0.0
 11
138.7745714285708
 21
362.4484094827662
 31
0.0
  0
LINE
  5
600
330
1F
100
AcDbEntity
  8
0
100
AcDbLine
 10
154.2245714285722
 20
376.0984094827624
 30
0.0
 11
154.2245714285722
 21
362.4484094827662
 31
0.0
  0
LINE
  5
601
330
1F
100
AcDbEntity
  8
0
100
AcDbLine
 10
151.9245714285719
 20
376.0984094827624
 30
0.0
 11
151.9245714285719
 21
362.4484094827662
 31
0.0
  0
LINE
  5
602
330
1F
100
AcDbEntity
  8
0
100
AcDbLine
 10
151.9245714285719
 20
376.0984094827624
 30
0.0
 11
154.2245714285722
 21
376.0984094827624
 31
0.0
  0
LINE
  5
603
330
1F
100
AcDbEntity
  8
0
100
AcDbLine
 10
125.6245714285721
 20
376.0984094827624
 30
0.0
 11
125.6245714285721
 21
362.4484094827662
 31
0.0
  0
LINE
  5
604
330
1F
100
AcDbEntity
  8
0
100
AcDbLine
 10
123.3245714285722
 20
376.0984094827624
 30
0.0
 11
123.3245714285722
 21
362.4484094827662
 31
0.0
  0
LINE
  5
605
330
1F
100
AcDbEntity
  8
0
100
AcDbLine
 10
123.3245714285722
 20
376.0984094827624
 30
0.0
 11
125.6245714285721
 21
376.0984094827624
 31
0.0
  0
LINE
  5
606
330
1F
100
AcDbEntity
  8
0
100
AcDbLine
 10
139.9245714285708
 20
376.0984094827624
 30
0.0
 11
139.9245714285708
 21
362.4484094827662
 31
0.0
  0
LINE
  5
607
330
1F
100
AcDbEntity
  8
0
100
AcDbLine
 10
137.6245714285709
 20
376.0984094827624
 30
0.0
 11
137.6245714285709
 21
362.4484094827662
 31
0.0
  0
LINE
  5
608
330
1F
100
AcDbEntity
  8
0
100
AcDbLine
 10
137.6245714285709
 20
376.0984094827624
 30
0.0
 11
139.9245714285708
 21
376.0984094827624
 31
0.0
  0
SPLINE
  5
609
330
1F
100
AcDbEntity
  8
0
100
AcDbSpline
210
0.0
220
0.0
230
1.0
 70
     8
 71
     3
 72
    14
 73
    10
 74
     0
 42
1E-08
 43
1E-08
 40
0.0
 40
0.0
 40
0.0
 40
0.0
 40
0.02520912402153508
 40
0.1817079572700523
 40
0.344661019259112
 40
0.5100941674459444
 40
0.6812942161765709
 40
0.8458027436253583
 40
1.0
 40
1.0
 40
1.0
 40
1.0
 10
143.7684592346704
 20
317.3767802110351
 30
0.0
 10
143.8164484529694
 20
317.3724560630833
 30
0.0
 10
144.1623558641374
 20
317.3412875032166
 30
0.0
 10
144.7885444415201
 20
317.0990804875482
 30
0.0
 10
145.5918107664022
 20
316.6337522259377
 30
0.0
 10
146.2840061697921
 20
315.9605324335205
 30
0.0
 10
146.7991525106375
 20
315.1460449230952
 30
0.0
 10
147.117715542744
 20
314.2530944731611
 30
0.0
 10
147.1560326984398
 20
313.6433432164953
 30
0.0
 10
147.1745714278268
 20
313.3483314042813
 30
0.0
  0
SPLINE
  5
60A
330
1F
100
AcDbEntity
  8
0
100
AcDbSpline
210
0.0
220
0.0
230
1.0
 70
     8
 71
     3
 72
    14
 73
    10
 74
     0
 42
1E-08
 43
1E-08
 40
0.0
 40
0.0
 40
0.0
 40
0.0
 40
0.1357308058012743
 40
0.2802641600228491
 40
0.4307582700493311
 40
0.5835428455664061
 40
0.7416533999531018
 40
0.8935840487413399
 40
1.0
 40
1.0
 40
1.0
 40
1.0
 10
138.974571429316
 20
313.3483314042813
 30
0.0
 10
138.9913970453024
 20
313.6294727269317
 30
0.0
 10
139.0261394687593
 20
314.2099882272648
 30
0.0
 10
139.3152299940016
 20
315.0637547331821
 30
0.0
 10
139.7915927422616
 20
315.8650656990077
 30
0.0
 10
140.4616312715242
 20
316.558404243083
 30
0.0
 10
141.2773662326262
 20
317.0710216934006
 30
0.0
 10
142.0977339554462
 20
317.3721373888537
 30
0.0
 10
142.6323728256197
 20
317.4091211237704
 30
0.0
 10
142.8525967571096
 20
317.424355151745
 30
0.0
  0
LINE
  5
60B
330
1F
100
AcDbEntity
  8
0
100
AcDbLine
 10
132.8745714278256
 20
313.3483314042813
 30
0.0
 11
138.974571429316
 21
313.3483314042813
 31
0.0
  0
SPLINE
  5
60C
330
1F
100
AcDbEntity
  8
0
100
AcDbSpline
210
0.0
220
0.0
230
1.0
 70
     8
 71
     3
 72
    14
 73
    10
 74
     0
 42
1E-08
 43
1E-08
 40
0.0
 40
0.0
 40
0.0
 40
0.0
 40
0.25
 40
0.25
 40
0.5
 40
0.5
 40
0.75
 40
0.75
 40
1.0
 40
1.0
 40
1.0
 40
1.0
 10
128.7745714285702
 20
317.4484094827583
 30
0.0
 10
129.2577656631774
 20
317.4484094827583
 30
0.0
 10
129.7790727476708
 20
317.3603449306486
 30
0.0
 10
130.7884785472838
 20
316.9607255064899
 30
0.0
 10
131.2734478584761
 20
316.647816281307
 30
0.0
 10
132.0740258139509
 20
315.8472230798557
 30
0.0
 10
132.3869258035488
 20
315.3622478098547
 30
0.0
 10
132.7865260049842
 20
314.3528344002597
 30
0.0
 10
132.8745806295501
 20
313.8315256388008
 30
0.0
 10
132.8745714278256
 20
313.3483314042813
 30
0.0
  0
SPLINE
  5
60D
330
1F
100
AcDbEntity
  8
0
100
AcDbSpline
210
0.0
220
0.0
230
1.0
 70
     8
 71
     3
 72
    14
 73
    10
 74
     0
 42
1E-08
 43
1E-08
 40
0.0
 40
0.0
 40
0.0
 40
0.0
 40
0.25
 40
0.25
 40
0.5
 40
0.5
 40
0.75
 40
0.75
 40
1.0
 40
1.0
 40
1.0
 40
1.0
 10
124.6745714293148
 20
313.3483314042813
 30
0.0
 10
124.6745622275903
 20
313.8315256388009
 30
0.0
 10
124.7626168521562
 20
314.3528344002597
 30
0.0
 10
125.1622170535916
 20
315.3622478098548
 30
0.0
 10
125.4751170431895
 20
315.8472230798557
 30
0.0
 10
126.2756949986643
 20
316.647816281307
 30
0.0
 10
126.7606643098566
 20
316.9607255064898
 30
0.0
 10
127.7700701094697
 20
317.3603449306486
 30
0.0
 10
128.291377193963
 20
317.4484094827583
 30
0.0
 10
128.7745714285702
 20
317.4484094827583
 30
0.0
  0
LINE
  5
60E
330
1F
100
AcDbEntity
  8
0
100
AcDbLine
 10
120.5745714285725
 20
313.3483314042813
 30
0.0
 11
124.6745714293148
 21
313.3483314042813
 31
0.0
  0
LINE
  5
60F
330
1F
100
AcDbEntity
  8
0
100
AcDbLine
 10
161.474571427828
 20
313.3483314042813
 30
0.0
 11
165.5745714285703
 21
313.3483314042813
 31
0.0
  0
SPLINE
  5
610
330
1F
100
AcDbEntity
  8
0
100
AcDbSpline
210
0.0
220
0.0
230
1.0
 70
     8
 71
     3
 72
    14
 73
    10
 74
     0
 42
1E-08
 43
1E-08
 40
0.0
 40
0.0
 40
0.0
 40
0.0
 40
0.25
 40
0.25
 40
0.5
 40
0.5
 40
0.75
 40
0.75
 40
1.0
 40
1.0
 40
1.0
 40
1.0
 10
157.3745714285726
 20
317.4484094827583
 30
0.0
 10
157.8577656631799
 20
317.4484094827583
 30
0.0
 10
158.3790727476731
 20
317.3603449306486
 30
0.0
 10
159.3884785472862
 20
316.9607255064899
 30
0.0
 10
159.8734478584785
 20
316.647816281307
 30
0.0
 10
160.6740258139533
 20
315.8472230798557
 30
0.0
 10
160.9869258035512
 20
315.3622478098547
 30
0.0
 10
161.3865260049866
 20
314.3528344002597
 30
0.0
 10
161.4745806295525
 20
313.8315256388008
 30
0.0
 10
161.474571427828
 20
313.3483314042813
 30
0.0
  0
SPLINE
  5
611
330
1F
100
AcDbEntity
  8
0
100
AcDbSpline
210
0.0
220
0.0
230
1.0
 70
     8
 71
     3
 72
    14
 73
    10
 74
     0
 42
1E-08
 43
1E-08
 40
0.0
 40
0.0
 40
0.0
 40
0.0
 40
0.25
 40
0.25
 40
0.5
 40
0.5
 40
0.75
 40
0.75
 40
1.0
 40
1.0
 40
1.0
 40
1.0
 10
153.2745714293172
 20
313.3483314042813
 30
0.0
 10
153.2745622275927
 20
313.8315256388009
 30
0.0
 10
153.3626168521586
 20
314.3528344002597
 30
0.0
 10
153.762217053594
 20
315.3622478098548
 30
0.0
 10
154.0751170431919
 20
315.8472230798557
 30
0.0
 10
154.8756949986667
 20
316.647816281307
 30
0.0
 10
155.3606643098591
 20
316.9607255064898
 30
0.0
 10
156.3700701094721
 20
317.3603449306486
 30
0.0
 10
156.8913771939654
 20
317.4484094827583
 30
0.0
 10
157.3745714285726
 20
317.4484094827583
 30
0.0
  0
LINE
  5
612
330
1F
100
AcDbEntity
  8
0
100
AcDbLine
 10
147.1745714278268
 20
313.3483314042813
 30
0.0
 11
153.2745714293172
 21
313.3483314042813
 31
0.0
  0
LINE
  5
613
330
1F
100
AcDbEntity
  8
0
100
AcDbLine
 10
165.5745714285703
 20
318.8484094827619
 30
0.0
 11
165.5745714285703
 21
313.3483314042813
 31
0.0
  0
LINE
  5
614
330
1F
100
AcDbEntity
  8
0
100
AcDbLine
 10
120.5745714285725
 20
318.8484094827619
 30
0.0
 11
120.5745714285725
 21
313.3483314042813
 31
0.0
  0
LINE
  5
615
330
1F
100
AcDbEntity
  8
0
100
AcDbLine
 10
120.5745714285725
 20
301.5484094827547
 30
0.0
 11
165.5745714285703
 21
301.5484094827547
 31
0.0
  0
SPLINE
  5
616
330
1F
100
AcDbEntity
  8
0
100
AcDbSpline
210
0.0
220
0.0
230
1.0
 70
     8
 71
     3
 72
    14
 73
    10
 74
     0
 42
1E-08
 43
1E-08
 40
0.0
 40
0.0
 40
0.0
 40
0.0
 40
0.2500000000000002
 40
0.2500000000000002
 40
0.5000000000000004
 40
0.5000000000000004
 40
0.7500000000000007
 40
0.7500000000000007
 40
1.0
 40
1.0
 40
1.0
 40
1.0
 10
161.474571427828
 20
313.3483314042813
 30
0.0
 10
161.4745622262787
 20
312.8651463713986
 30
0.0
 10
161.3864911928296
 20
312.3438527753603
 30
0.0
 10
160.9868708487025
 20
311.3344761987241
 30
0.0
 10
160.6739674466293
 20
310.849522272568
 30
0.0
 10
159.8733958061597
 20
310.0489658776643
 30
0.0
 10
159.3884359213059
 20
309.7360717108831
 30
0.0
 10
158.3790517346701
 20
309.3364705889229
 30
0.0
 10
157.8577564615429
 20
309.2484094827606
 30
0.0
 10
157.3745714285726
 20
309.2484094827606
 30
0.0
  0
SPLINE
  5
617
330
1F
100
AcDbEntity
  8
0
100
AcDbSpline
210
0.0
220
0.0
230
1.0
 70
     8
 71
     3
 72
    14
 73
    10
 74
     0
 42
1E-08
 43
1E-08
 40
0.0
 40
0.0
 40
0.0
 40
0.0
 40
0.25
 40
0.25
 40
0.5
 40
0.5
 40
0.75
 40
0.75
 40
1.0
 40
1.0
 40
1.0
 40
1.0
 10
128.7745714285702
 20
309.2484094827606
 30
0.0
 10
128.2913863955999
 20
309.2484094827606
 30
0.0
 10
127.7700911224728
 20
309.3364705889229
 30
0.0
 10
126.760706935837
 20
309.7360717108831
 30
0.0
 10
126.2757470509831
 20
310.0489658776643
 30
0.0
 10
125.4751754105135
 20
310.849522272568
 30
0.0
 10
125.1622720084403
 20
311.3344761987241
 30
0.0
 10
124.7626516643132
 20
312.3438527753604
 30
0.0
 10
124.6745806308641
 20
312.8651463713986
 30
0.0
 10
124.6745714293148
 20
313.3483314042813
 30
0.0
  0
SPLINE
  5
618
330
1F
100
AcDbEntity
  8
0
100
AcDbSpline
210
0.0
220
0.0
230
1.0
 70
     8
 71
     3
 72
    14
 73
    10
 74
     0
 42
1E-08
 43
1E-08
 40
0.0
 40
0.0
 40
0.0
 40
0.0
 40
0.25
 40
0.25
 40
0.5
 40
0.5
 40
0.75
 40
0.75
 40
1.0
 40
1.0
 40
1.0
 40
1.0
 10
147.1745714278268
 20
313.3483314042813
 30
0.0
 10
147.1745622262775
 20
312.8651463713986
 30
0.0
 10
147.0864911928284
 20
312.3438527753603
 30
0.0
 10
146.6868708487013
 20
311.3344761987241
 30
0.0
 10
146.3739674466281
 20
310.849522272568
 30
0.0
 10
145.5733958061585
 20
310.0489658776643
 30
0.0
 10
145.0884359213047
 20
309.7360717108831
 30
0.0
 10
144.0790517346688
 20
309.3364705889229
 30
0.0
 10
143.5577564615417
 20
309.2484094827606
 30
0.0
 10
143.0745714285714
 20
309.2484094827606
 30
0.0
  0
SPLINE
  5
619
330
1F
100
AcDbEntity
  8
0
100
AcDbSpline
210
0.0
220
0.0
230
1.0
 70
     8
 71
     3
 72
    14
 73
    10
 74
     0
 42
1E-08
 43
1E-08
 40
0.0
 40
0.0
 40
0.0
 40
0.0
 40
0.25
 40
0.25
 40
0.5
 40
0.5
 40
0.75
 40
0.75
 40
1.0
 40
1.0
 40
1.0
 40
1.0
 10
157.3745714285726
 20
309.2484094827606
 30
0.0
 10
156.8913863956023
 20
309.2484094827606
 30
0.0
 10
156.3700911224752
 20
309.3364705889229
 30
0.0
 10
155.3607069358394
 20
309.7360717108831
 30
0.0
 10
154.8757470509855
 20
310.0489658776643
 30
0.0
 10
154.0751754105159
 20
310.849522272568
 30
0.0
 10
153.7622720084427
 20
311.3344761987241
 30
0.0
 10
153.3626516643157
 20
312.3438527753604
 30
0.0
 10
153.2745806308665
 20
312.8651463713986
 30
0.0
 10
153.2745714293172
 20
313.3483314042813
 30
0.0
  0
SPLINE
  5
61A
330
1F
100
AcDbEntity
  8
0
100
AcDbSpline
210
0.0
220
0.0
230
1.0
 70
     8
 71
     3
 72
    14
 73
    10
 74
     0
 42
1E-08
 43
1E-08
 40
0.0
 40
0.0
 40
0.0
 40
0.0
 40
0.25
 40
0.25
 40
0.5
 40
0.5
 40
0.75
 40
0.75
 40
1.0
 40
1.0
 40
1.0
 40
1.0
 10
143.0745714285714
 20
309.2484094827606
 30
0.0
 10
142.5913863956011
 20
309.2484094827606
 30
0.0
 10
142.070091122474
 20
309.3364705889229
 30
0.0
 10
141.0607069358382
 20
309.7360717108831
 30
0.0
 10
140.5757470509843
 20
310.0489658776643
 30
0.0
 10
139.7751754105147
 20
310.849522272568
 30
0.0
 10
139.4622720084415
 20
311.3344761987241
 30
0.0
 10
139.0626516643144
 20
312.3438527753604
 30
0.0
 10
138.9745806308653
 20
312.8651463713986
 30
0.0
 10
138.974571429316
 20
313.3483314042813
 30
0.0
  0
SPLINE
  5
61B
330
1F
100
AcDbEntity
  8
0
100
AcDbSpline
210
0.0
220
0.0
230
1.0
 70
     8
 71
     3
 72
    14
 73
    10
 74
     0
 42
1E-08
 43
1E-08
 40
0.0
 40
0.0
 40
0.0
 40
0.0
 40
0.25
 40
0.25
 40
0.5
 40
0.5
 40
0.75
 40
0.75
 40
1.0
 40
1.0
 40
1.0
 40
1.0
 10
132.8745714278256
 20
313.3483314042813
 30
0.0
 10
132.8745622262763
 20
312.8651463713986
 30
0.0
 10
132.7864911928272
 20
312.3438527753603
 30
0.0
 10
132.3868708487001
 20
311.3344761987241
 30
0.0
 10
132.0739674466269
 20
310.849522272568
 30
0.0
 10
131.2733958061573
 20
310.0489658776643
 30
0.0
 10
130.7884359213035
 20
309.7360717108831
 30
0.0
 10
129.7790517346676
 20
309.3364705889229
 30
0.0
 10
129.2577564615405
 20
309.2484094827606
 30
0.0
 10
128.7745714285702
 20
309.2484094827606
 30
0.0
  0
LINE
  5
61C
330
1F
100
AcDbEntity
  8
0
100
AcDbLine
 10
165.5745714285703
 20
313.3483314042813
 30
0.0
 11
165.5745714285703
 21
301.5484094827547
 31
0.0
  0
LINE
  5
61D
330
1F
100
AcDbEntity
  8
0
100
AcDbLine
 10
120.5745714285725
 20
313.3483314042813
 30
0.0
 11
120.5745714285725
 21
301.5484094827547
 31
0.0
  0
LINE
  5
61E
330
1F
100
AcDbEntity
  8
0
100
AcDbLine
 10
129.4445714285726
 20
364.5484094827654
 30
0.0
 11
127.9745714285709
 21
364.5484094827654
 31
0.0
  0
LINE
  5
61F
330
1F
100
AcDbEntity
  8
0
100
AcDbLine
 10
129.9745714285705
 20
361.548409482763
 30
0.0
 11
129.4445714285726
 21
364.5484094827654
 31
0.0
  0
LINE
  5
620
330
1F
100
AcDbEntity
  8
0
100
AcDbLine
 10
129.9745714285705
 20
359.4484094827646
 30
0.0
 11
129.9745714285705
 21
361.548409482763
 31
0.0
  0
LINE
  5
621
330
1F
100
AcDbEntity
  8
0
100
AcDbLine
 10
127.9745714285709
 20
364.5484094827654
 30
0.0
 11
126.9745714285721
 21
359.7484094827662
 31
0.0
  0
LINE
  5
622
330
1F
100
AcDbEntity
  8
0
100
AcDbLine
 10
156.1745714285722
 20
361.548409482763
 30
0.0
 11
156.1745714285723
 21
359.4484094827646
 31
0.0
  0
LINE
  5
623
330
1F
100
AcDbEntity
  8
0
100
AcDbLine
 10
156.6745714285711
 20
364.5484094827654
 30
0.0
 11
156.1745714285722
 21
361.548409482763
 31
0.0
  0
LINE
  5
624
330
1F
100
AcDbEntity
  8
0
100
AcDbLine
 10
158.1745714285717
 20
364.5484094827654
 30
0.0
 11
156.6745714285711
 21
364.5484094827654
 31
0.0
  0
LINE
  5
625
330
1F
100
AcDbEntity
  8
0
100
AcDbLine
 10
159.2370714285709
 20
359.4484094827646
 30
0.0
 11
158.1745714285717
 21
364.5484094827654
 31
0.0
  0
LINE
  5
626
330
1F
100
AcDbEntity
  8
0
100
AcDbLine
 10
129.3105902143257
 20
317.3930768556157
 30
0.0
 11
129.3105902143257
 21
316.7565150945921
 31
0.0
  0
LINE
  5
627
330
1F
100
AcDbEntity
  8
0
100
AcDbLine
 10
128.2385526412062
 20
317.3903236964131
 30
0.0
 11
128.2385526412062
 21
316.7565150943391
 31
0.0
  0
LINE
  5
628
330
1F
100
AcDbEntity
  8
0
100
AcDbLine
 10
128.2385526412062
 20
309.9403038711976
 30
0.0
 11
128.2385526412062
 21
309.3037409475785
 31
0.0
  0
LINE
  5
629
330
1F
100
AcDbEntity
  8
0
100
AcDbLine
 10
129.3105902143257
 20
309.9403038709445
 30
0.0
 11
129.3105902143257
 21
309.3064940429179
 31
0.0
  0
LINE
  5
62A
330
1F
100
AcDbEntity
  8
0
100
AcDbLine
 10
127.5174854140397
 20
323.8005873761132
 30
0.0
 11
127.5174854140397
 21
323.5761938146552
 31
0.0
  0
LINE
  5
62B
330
1F
100
AcDbEntity
  8
0
100
AcDbLine
 10
128.6316574425424
 20
323.8005873760076
 30
0.0
 11
128.6316574425424
 21
323.5587775827968
 31
0.0
  0
LINE
  5
62C
330
1F
100
AcDbEntity
  8
0
100
AcDbLine
 10
128.6316574425424
 20
329.848409482765
 30
0.0
 11
128.6316574425424
 21
329.6962315895133
 31
0.0
  0
LINE
  5
62D
330
1F
100
AcDbEntity
  8
0
100
AcDbLine
 10
127.5174854140397
 20
329.848409482765
 30
0.0
 11
127.5174854140397
 21
329.6962315894078
 31
0.0
  0
LINE
  5
62E
330
1F
100
AcDbEntity
  8
0
100
AcDbLine
 10
157.9105902143257
 20
317.393076855616
 30
0.0
 11
157.9105902143257
 21
316.7565150945921
 31
0.0
  0
LINE
  5
62F
330
1F
100
AcDbEntity
  8
0
100
AcDbLine
 10
156.8385526412062
 20
317.3903236964129
 30
0.0
 11
156.8385526412062
 21
316.7565150943391
 31
0.0
  0
LINE
  5
630
330
1F
100
AcDbEntity
  8
0
100
AcDbLine
 10
156.8385526412062
 20
309.9403038711976
 30
0.0
 11
156.8385526412062
 21
309.3037409475788
 31
0.0
  0
LINE
  5
631
330
1F
100
AcDbEntity
  8
0
100
AcDbLine
 10
157.9105902143257
 20
309.9403038709445
 30
0.0
 11
157.9105902143257
 21
309.3064940429177
 31
0.0
  0
LINE
  5
632
330
1F
100
AcDbEntity
  8
0
100
AcDbLine
 10
137.5174854140397
 20
323.8005873761132
 30
0.0
 11
137.5174854140397
 21
323.5761938146553
 31
0.0
  0
LINE
  5
633
330
1F
100
AcDbEntity
  8
0
100
AcDbLine
 10
138.6316574425424
 20
323.8005873760076
 30
0.0
 11
138.6316574425424
 21
323.5587775827967
 31
0.0
  0
LINE
  5
634
330
1F
100
AcDbEntity
  8
0
100
AcDbLine
 10
138.6316574425424
 20
329.848409482765
 30
0.0
 11
138.6316574425424
 21
329.6962315895133
 31
0.0
  0
LINE
  5
635
330
1F
100
AcDbEntity
  8
0
100
AcDbLine
 10
137.5174854140397
 20
329.848409482765
 30
0.0
 11
137.5174854140397
 21
329.6962315894078
 31
0.0
  0
LINE
  5
636
330
1F
100
AcDbEntity
  8
0
100
AcDbLine
 10
157.5174854140397
 20
323.8005873761132
 30
0.0
 11
157.5174854140397
 21
323.5761938146554
 31
0.0
  0
LINE
  5
637
330
1F
100
AcDbEntity
  8
0
100
AcDbLine
 10
158.6316574425424
 20
323.8005873760076
 30
0.0
 11
158.6316574425424
 21
323.5587775827966
 31
0.0
  0
LINE
  5
638
330
1F
100
AcDbEntity
  8
0
100
AcDbLine
 10
158.6316574425424
 20
329.848409482765
 30
0.0
 11
158.6316574425424
 21
329.6962315895133
 31
0.0
  0
LINE
  5
639
330
1F
100
AcDbEntity
  8
0
100
AcDbLine
 10
157.5174854140397
 20
329.848409482765
 30
0.0
 11
157.5174854140397
 21
329.6962315894078
 31
0.0
  0
LINE
  5
63A
330
1F
100
AcDbEntity
  8
0
100
AcDbLine
 10
143.6105902143257
 20
317.3930768556158
 30
0.0
 11
143.6105902143257
 21
316.7565150945921
 31
0.0
  0
LINE
  5
63B
330
1F
100
AcDbEntity
  8
0
100
AcDbLine
 10
142.5385526412062
 20
317.390323696413
 30
0.0
 11
142.5385526412062
 21
316.7565150943391
 31
0.0
  0
LINE
  5
63C
330
1F
100
AcDbEntity
  8
0
100
AcDbLine
 10
142.5385526412062
 20
309.9403038711976
 30
0.0
 11
142.5385526412062
 21
309.3037409475787
 31
0.0
  0
LINE
  5
63D
330
1F
100
AcDbEntity
  8
0
100
AcDbLine
 10
143.6105902143257
 20
309.9403038709445
 30
0.0
 11
143.6105902143257
 21
309.3064940429178
 31
0.0
  0
LINE
  5
63E
330
1F
100
AcDbEntity
  8
0
100
AcDbLine
 10
147.5174854140397
 20
323.8005873761132
 30
0.0
 11
147.5174854140397
 21
323.5761938146554
 31
0.0
  0
LINE
  5
63F
330
1F
100
AcDbEntity
  8
0
100
AcDbLine
 10
148.6316574425424
 20
323.8005873760076
 30
0.0
 11
148.6316574425424
 21
323.5587775827967
 31
0.0
  0
LINE
  5
640
330
1F
100
AcDbEntity
  8
0
100
AcDbLine
 10
148.6316574425424
 20
329.848409482765
 30
0.0
 11
148.6316574425424
 21
329.6962315895133
 31
0.0
  0
LINE
  5
641
330
1F
100
AcDbEntity
  8
0
100
AcDbLine
 10
147.5174854140397
 20
329.848409482765
 30
0.0
 11
147.5174854140397
 21
329.6962315894078
 31
0.0
  0
LINE
  5
642
330
1F
100
AcDbEntity
  8
0
100
AcDbLine
 10
138.7745714285708
 20
362.4484094827662
 30
0.0
 11
138.7745714285708
 21
359.4484094827648
 31
0.0
  0
LINE
  5
643
330
1F
100
AcDbEntity
  8
0
100
AcDbLine
 10
141.1745714285714
 20
362.4484094827662
 30
0.0
 11
141.1745714285714
 21
359.4484094827648
 31
0.0
  0
LINE
  5
644
330
1F
100
AcDbEntity
  8
0
100
AcDbLine
 10
151.6745714285726
 20
362.4484094827662
 30
0.0
 11
151.6745714285726
 21
359.4484094827648
 31
0.0
  0
LINE
  5
645
330
1F
100
AcDbEntity
  8
0
100
AcDbLine
 10
123.0245714285703
 20
362.4484094827662
 30
0.0
 11
123.0245714285703
 21
359.4484094827648
 31
0.0
  0
LINE
  5
646
330
1F
100
AcDbEntity
  8
0
100
AcDbLine
 10
124.524571428572
 20
362.4484094827662
 30
0.0
 11
124.524571428572
 21
359.4484094827648
 31
0.0
  0
LINE
  5
647
330
1F
100
AcDbEntity
  8
0
100
AcDbLine
 10
153.0745714285721
 20
362.4484094827662
 30
0.0
 11
153.0745714285721
 21
359.4484094827648
 31
0.0
  0
DIMENSION
  5
648
330
1F
100
AcDbEntity
  8
DIMENSIONS
100
AcDbDimension
  2
_D_6
 10
209.5745714285704
 20
359.4484094827652
 30
0.0
 11
209.5745714285707
 21
329.173064466719
 31
0.0
 70
   160
  1
<>
 71
     2
 42
-1.0
  3
SLDDIMSTYLE0
100
AcDbAlignedDimension
 13
165.5745714285707
 23
301.5484094827548
 33
0.0
 14
165.5745714285702
 24
359.4484094827649
 34
0.0
 52
0.0
 50
90.0000000000002
100
AcDbRotatedDimension
  0
DIMENSION
  5
65C
330
1F
100
AcDbEntity
  8
DIMENSIONS
100
AcDbDimension
  2
_D_7
 10
209.5745714285707
 20
376.0984094827628
 30
0.0
 11
209.5745714285706
 21
388.5127453661586
 31
0.0
 70
   160
  1
<>
 71
     2
 42
-1.0
  3
SLDDIMSTYLE0
100
AcDbAlignedDimension
 13
165.5745714285702
 23
359.4484094827649
 33
0.0
 14
154.224571428572
 24
376.0984094827624
 34
0.0
 52
0.0
 50
90.0000000000002
100
AcDbRotatedDimension
  0
ENDSEC
  0
SECTION
  2
OBJECTS
  0
DICTIONARY
  5
C
330
0
100
AcDbDictionary
281
     1
  3
ACAD_GROUP
350
D
  3
ACAD_PLOTSTYLENAME
350
E
  3
ACAD_MLINESTYLE
350
17
  3
ACAD_PLOTSETTINGS
350
19
  3
ACAD_LAYOUT
350
1A
  3
ACAD_SCALELIST
350
47
  3
DWGPROPS
350
671
  0
DICTIONARY
  5
D
102
{ACAD_REACTORS
330
C
102
}
330
C
100
AcDbDictionary
281
     1
  0
ACDBDICTIONARYWDFLT
  5
E
102
{ACAD_REACTORS
330
C
102
}
330
C
100
AcDbDictionary
281
     1
  3
Normal
350
F
100
AcDbDictionaryWithDefault
340
F
  0
ACDBPLACEHOLDER
  5
F
102
{ACAD_REACTORS
330
E
102
}
330
E
  0
DICTIONARY
  5
17
102
{ACAD_REACTORS
330
C
102
}
330
C
100
AcDbDictionary
281
     1
  3
Standard
350
18
  0
MLINESTYLE
  5
18
102
{ACAD_REACTORS
330
17
102
}
330
17
100
AcDbMlineStyle
  2
Standard
 70
     0
  3

 62
   256
 51
90.0
 52
90.0
 71
     2
 49
0.5
 62
   256
  6
BYLAYER
 49
-0.5
 62
   256
  6
BYLAYER
  0
DICTIONARY
  5
19
102
{ACAD_REACTORS
330
C
102
}
330
C
100
AcDbDictionary
281
     1
  0
DICTIONARY
  5
1A
102
{ACAD_REACTORS
330
C
102
}
330
C
100
AcDbDictionary
281
     1
  3
Layout1
350
1E
  3
Model
350
22
  3
Layout2
350
26
  0
LAYOUT
  5
1E
102
{ACAD_REACTORS
330
1A
102
}
330
1A
100
AcDbPlotSettings
  1

  2
none_device
  4

  6

 40
0.0
 41
0.0
 42
0.0
 43
0.0
 44
0.0
 45
0.0
 46
0.0
 47
0.0
 48
0.0
 49
0.0
140
0.0
141
0.0
  6

142
1.0
143
1.0
 70
   688
 72
     1
 73
     0
 74
     5
  7

 75
    16
147
1.0
148
0.0
149
0.0
100
AcDbLayout
  1
Layout1
 70
     1
 71
     1
 10
0.0
 20
0.0
 11
420.0
 21
297.0
 12
0.0
 22
0.0
 32
0.0
 14
1E+20
 24
1E+20
 34
1E+20
 15
-1E+20
 25
-1E+20
 35
-1E+20
146
0.0
 13
0.0
 23
0.0
 33
0.0
 16
1.0
 26
0.0
 36
0.0
 17
0.0
 27
1.0
 37
0.0
 76
     0
330
1B
  0
LAYOUT
  5
22
102
{ACAD_REACTORS
330
1A
102
}
330
1A
100
AcDbPlotSettings
  1

  2
none_device
  4
Letter_(8.50_x_11.00_Inches)
  6

 40
6.35
 41
6.35
 42
6.35000508
 43
6.35000508
 44
215.9
 45
279.4
 46
0.0
 47
0.0
 48
0.0
 49
0.0
140
0.0
141
0.0
  6

142
1.0
143
1.0
 70
  1712
 72
     1
 73
     0
 74
     0
  7

 75
     0
147
1.0
148
0.0
149
0.0
100
AcDbLayout
  1
Model
 70
     1
 71
     0
 10
0.0
 20
0.0
 11
558.8
 21
431.8
 12
0.0
 22
0.0
 32
0.0
 14
0.0
 24
0.0
 34
0.0
 15
558.8
 25
431.8
 35
0.0
146
0.0
 13
0.0
 23
0.0
 33
0.0
 16
1.0
 26
0.0
 36
0.0
 17
0.0
 27
1.0
 37
0.0
 76
     0
330
1F
  0
LAYOUT
  5
26
102
{ACAD_REACTORS
330
1A
102
}
330
1A
100
AcDbPlotSettings
  1

  2
none_device
  4

  6

 40
0.0
 41
0.0
 42
0.0
 43
0.0
 44
0.0
 45
0.0
 46
0.0
 47
0.0
 48
0.0
 49
0.0
140
0.0
141
0.0
  6

142
1.0
143
1.0
 70
   688
 72
     1
 73
     0
 74
     5
  7

 75
    16
147
1.0
148
0.0
149
0.0
100
AcDbLayout
  1
Layout2
 70
     1
 71
     2
 10
0.0
 20
0.0
 11
0.0
 21
0.0
 12
0.0
 22
0.0
 32
0.0
 14
0.0
 24
0.0
 34
0.0
 15
0.0
 25
0.0
 35
0.0
146
0.0
 13
0.0
 23
0.0
 33
0.0
 16
1.0
 26
0.0
 36
0.0
 17
0.0
 27
1.0
 37
0.0
 76
     0
330
23
  0
DICTIONARY
  5
47
102
{ACAD_REACTORS
330
C
102
}
330
C
100
AcDbDictionary
281
     1
  3
A0
350
48
  3
A1
350
49
  3
A2
350
4A
  3
A3
350
4B
  3
A4
350
4C
  3
A5
350
4D
  3
A6
350
4E
  3
A7
350
4F
  3
A8
350
50
  3
A9
350
51
  3
B0
350
52
  3
B1
350
53
  3
B2
350
54
  3
B3
350
55
  3
B4
350
56
  3
B5
350
57
  3
B6
350
58
  0
SCALE
  5
48
102
{ACAD_REACTORS
330
47
102
}
330
47
100
AcDbScale
 70
     0
300
1:1
140
1.0
141
1.0
290
     1
  0
SCALE
  5
49
102
{ACAD_REACTORS
330
47
102
}
330
47
100
AcDbScale
 70
     0
300
1:2
140
1.0
141
2.0
290
     0
  0
SCALE
  5
4A
102
{ACAD_REACTORS
330
47
102
}
330
47
100
AcDbScale
 70
     0
300
1:4
140
1.0
141
4.0
290
     0
  0
SCALE
  5
4B
102
{ACAD_REACTORS
330
47
102
}
330
47
100
AcDbScale
 70
     0
300
1:5
140
1.0
141
5.0
290
     0
  0
SCALE
  5
4C
102
{ACAD_REACTORS
330
47
102
}
330
47
100
AcDbScale
 70
     0
300
1:8
140
1.0
141
8.0
290
     0
  0
SCALE
  5
4D
102
{ACAD_REACTORS
330
47
102
}
330
47
100
AcDbScale
 70
     0
300
1:10
140
1.0
141
10.0
290
     0
  0
SCALE
  5
4E
102
{ACAD_REACTORS
330
47
102
}
330
47
100
AcDbScale
 70
     0
300
1:16
140
1.0
141
16.0
290
     0
  0
SCALE
  5
4F
102
{ACAD_REACTORS
330
47
102
}
330
47
100
AcDbScale
 70
     0
300
1:20
140
1.0
141
20.0
290
     0
  0
SCALE
  5
50
102
{ACAD_REACTORS
330
47
102
}
330
47
100
AcDbScale
 70
     0
300
1:30
140
1.0
141
30.0
290
     0
  0
SCALE
  5
51
102
{ACAD_REACTORS
330
47
102
}
330
47
100
AcDbScale
 70
     0
300
1:40
140
1.0
141
40.0
290
     0
  0
SCALE
  5
52
102
{ACAD_REACTORS
330
47
102
}
330
47
100
AcDbScale
 70
     0
300
1:50
140
1.0
141
50.0
290
     0
  0
SCALE
  5
53
102
{ACAD_REACTORS
330
47
102
}
330
47
100
AcDbScale
 70
     0
300
1:100
140
1.0
141
100.0
290
     0
  0
SCALE
  5
54
102
{ACAD_REACTORS
330
47
102
}
330
47
100
AcDbScale
 70
     0
300
2:1
140
2.0
141
1.0
290
     0
  0
SCALE
  5
55
102
{ACAD_REACTORS
330
47
102
}
330
47
100
AcDbScale
 70
     0
300
4:1
140
4.0
141
1.0
290
     0
  0
SCALE
  5
56
102
{ACAD_REACTORS
330
47
102
}
330
47
100
AcDbScale
 70
     0
300
8:1
140
8.0
141
1.0
290
     0
  0
SCALE
  5
57
102
{ACAD_REACTORS
330
47
102
}
330
47
100
AcDbScale
 70
     0
300
10:1
140
10.0
141
1.0
290
     0
  0
SCALE
  5
58
102
{ACAD_REACTORS
330
47
102
}
330
47
100
AcDbScale
 70
     0
300
100:1
140
100.0
141
1.0
290
     0
  0
SUN
  5
5D
330
29
100
AcDbSun
 90
        1
290
     0
 63
     7
 40
1.0
291
     1
 91
  2455826
 92
 54000000
292
     0
 70
     2
 71
   256
280
     1
1001
ACAD
1000
AcDbSavedByObjectVersion
1070
     0
  0
XRECORD
  5
671
102
{ACAD_REACTORS
330
C
102
}
330
C
100
AcDbXrecord
280
     1
  1
DWGPROPS COOKIE
  2

  3

  4

  6

  7

  8
wastin
  9

300
=
301
=
302
=
303
=
304
=
305
=
306
=
307
=
308
=
309
=
 40
0.0
 41
2460691.765553079
 42
2460691.765554699
  1

 90
        0
  0
ENDSEC
  0
SECTION
  2
THUMBNAILIMAGE
 90
     1943
310
93070000020103010000500000000253010000300700000000000000000000000000000000000000000000000000000000000000000000000000000000000000000000000000000000000000000000000000000000000000000000000000000000000000000000280000000700000061000000010008000000000008030000
310
080009000A000B00000100000000000000000000000080000080000000808000800000008000800080800000C0C0C000C0DCC000F0CAA6000020400000206000002080000020A0000020C0000020E00000400000004020000040400000406000004080000040A0000040C0000040E000006000000060200000604000006060
310
00006080000060A0000060C0000060E00000800000008020000080400000806000008080000080A0000080C0000080E00000A0000000A0200000A0400000A0600000A0800000A0A00000A0C00000A0E00000C0000000C0200000C0400000C0600000C0800000C0A00000C0C00000C0E00000E0000000E0200000E0400000E0
310
600000E0800000E0A00000E0C00000E0E00040000000400020004000400040006000400080004000A0004000C0004000E00040200000402020004020400040206000402080004020A0004020C0004020E00040400000404020004040400040406000404080004040A0004040C0004040E00040600000406020004060400040
310
606000406080004060A0004060C0004060E00040800000408020004080400040806000408080004080A0004080C0004080E00040A0000040A0200040A0400040A0600040A0800040A0A00040A0C00040A0E00040C0000040C0200040C0400040C0600040C0800040C0A00040C0C00040C0E00040E0000040E0200040E04000
310
40E0600040E0800040E0A00040E0C00040E0E00080000000800020008000400080006000800080008000A0008000C0008000E00080200000802020008020400080206000802080008020A0008020C0008020E00080400000804020008040400080406000804080008040A0008040C0008040E0008060000080602000806040
310
0080606000806080008060A0008060C0008060E00080800000808020008080400080806000808080008080A0008080C0008080E00080A0000080A0200080A0400080A0600080A0800080A0A00080A0C00080A0E00080C0000080C0200080C0400080C0600080C0800080C0A00080C0C00080C0E00080E0000080E0200080E0
310
400080E0600080E0800080E0A00080E0C00080E0E000C0000000C0002000C0004000C0006000C0008000C000A000C000C000C000E000C0200000C0202000C0204000C0206000C0208000C020A000C020C000C020E000C0400000C0402000C0404000C0406000C0408000C040A000C040C000C040E000C0600000C0602000C0
310
604000C0606000C0608000C060A000C060C000C060E000C0800000C0802000C0804000C0806000C0808000C080A000C080C000C080E000C0A00000C0A02000C0A04000C0A06000C0A08000C0A0A000C0A0C000C0A0E000C0C00000C0C02000C0C04000C0C06000C0C08000C0C0A000F0FBFF00A4A0A000808080000000FF00
310
00FF000000FFFF00FF000000FF00FF00FFFF0000FFFFFF00FFFFFFFFFFFFFF00FFFFFFFFFFFFFF00FFFFFFFFFFFFFF00FFFFFFFFFFFFFF00FFFFFFFFFFFFFF00FFFFFFFFFFFFFF00FFFFFFFFFFFFFF00FFFFFFFFFFFFFF00FFFFFFFFFFFFFF00FFFFFFFFFFFFFF00FFFFFFFFFFFFFF00FFFFFFFFFFFFFF00FFFFFFFFFFFFFF
310
00FFFFFFFFFFFFFF00FFFFFFFFFFFFFF00FFFFFFFFFFFFFF00FFFFFFFFFFFFFF00FFFFFFFFFFFFFF00FFFFFFFFFFFFFF00FFFFFFFFFFFFFF00FFFFFFFFFFFFFF00FFFFFFFFFFFFFF00FFFFFFFFFFFFFF00FFFFFFFFFFFFFF00FFFFFFFFFFFFFF00FFFFFFFFFFFFFF00FFFFFFFFFFFFFF00FFFFFFFFFFFFFF00FFFFFFFFFFFF
310
FF00FFFFFFFFFFFFFF00FFFFFFFFFFFFFF00FFFFFFFFFFFFFF00FFFFFFFFFFFFFF00FFFFFFFFFFFFFF00FFFFFFFFFFFFFF00FFFFFFFFFFFFFF00FFFFFFFFFFFFFF00FFFFFFFFFFFFFF00FFFFFFFFFFFFFF00FFFFFFFFFFFFFF00FFFFFFFFFFFFFF00FFFFFFFFFFFFFF00FFFFFFFFFFFFFF00FFFFFFFFFFFFFF00FFFFFFFFFF
310
FFFF00FFFFFFFFFFFFFF00FFFFFFFFFFFFFF00FFFFFFFFFFFFFF00FFFFFFFFFFFFFF00FFFFFFFFFFFFFF00FFFFFFFFFFFFFF00FFFFFFFFFFFFFF00FFFFFFFFFFFFFF00FFFFFFFFFFFFFF00FFFFFFFFFFFFFF00FFFFFFFFFFFFFF00FFFFFFFFFFFFFF00FFFFFFFFFFFFFF00FFFFFFFFFFFFFF00FFFFFFFFFFFFFF00FFFFFFFF
310
FFFFFF00FFFFFFFFFFFFFF00FFFFFFFFFFFFFF00FFFFFFFFFFFFFF00FFFFFFFFFFFFFF00FFFFFFFFFFFFFF00FFFFFFFFFFFFFF00FFFFFFFFFFFFFF00FFFFFFFFFFFFFF00FFFFFFFFFFFFFF00FFFFFFFFFFFFFF00FFFFFFFFFFFFFF00FFFFFFFFFFFFFF00FFFFFFFFFFFFFF00FFFFFFFFFFFFFF00FFFFFFFFFFFFFF00FFFFFF
310
FFFFFFFF00FFFFFFFFFFFFFF00FFFFFFFFFFFFFF00FFFFFFFFFFFFFF00FFFFFFFFFFFFFF00FFFFFFFFFFFFFF00FFFFFFFFFFFFFF00FFFFFFFFFFFFFF00FFFFFFFFFFFFFF00FFFFFFFFFFFFFF00FFFFFFFFFFFFFF00FFFFFFFFFFFFFF00FFFFFFFFFFFFFF00FFFFFFFFFFFFFF00FFFFFFFFFFFFFF00FFFFFFFFFFFFFF00FFFF
310
FFFFFFFFFF00FFFFFFFFFFFFFF00FFFFFFFFFFFFFF00FFFFFFFFFFFFFF00FFFFFFFFFFFFFF00
  0
ENDSEC
  0
EOF
