ISO-10303-21;
HEADER;
/* Generated by software containing ST-Developer
 * from STEP Tools, Inc. (www.steptools.com) 
 */

FILE_DESCRIPTION(
/* description */ (''),
/* implementation_level */ '2;1');

FILE_NAME(
/* name */ 'DIN_Rail_35mm.step',
/* time_stamp */ '2026-09-25T12:18:56-07:00',
/* author */ (''),
/* organization */ (''),
/* preprocessor_version */ 'ST-DEVELOPER v20.2',
/* originating_system */ 'Autodesk Translation Framework v15.15.0.0',
/* authorisation */ '');

FILE_SCHEMA (('AUTOMOTIVE_DESIGN { 1 0 10303 214 3 1 1 }'));
ENDSEC;

DATA;
#10=MECHANICAL_DESIGN_GEOMETRIC_PRESENTATION_REPRESENTATION('',(#13),#3487);
#11=SHAPE_REPRESENTATION_RELATIONSHIP('SRR','None',#3494,#12);
#12=ADVANCED_BREP_SHAPE_REPRESENTATION('',(#14),#3486);
#13=STYLED_ITEM('',(#3503),#14);
#14=MANIFOLD_SOLID_BREP('Body1',#2067);
#15=FACE_BOUND('',#372,.T.);
#16=FACE_BOUND('',#373,.T.);
#17=FACE_BOUND('',#374,.T.);
#18=FACE_BOUND('',#375,.T.);
#19=FACE_BOUND('',#376,.T.);
#20=FACE_BOUND('',#377,.T.);
#21=FACE_BOUND('',#378,.T.);
#22=FACE_BOUND('',#379,.T.);
#23=FACE_BOUND('',#380,.T.);
#24=FACE_BOUND('',#381,.T.);
#25=FACE_BOUND('',#383,.T.);
#26=FACE_BOUND('',#384,.T.);
#27=FACE_BOUND('',#385,.T.);
#28=FACE_BOUND('',#386,.T.);
#29=FACE_BOUND('',#387,.T.);
#30=FACE_BOUND('',#388,.T.);
#31=FACE_BOUND('',#389,.T.);
#32=FACE_BOUND('',#390,.T.);
#33=FACE_BOUND('',#391,.T.);
#34=FACE_BOUND('',#392,.T.);
#35=CIRCLE('',#2083,3.149);
#36=CIRCLE('',#2084,3.149);
#37=CIRCLE('',#2086,3.14900000000002);
#38=CIRCLE('',#2087,3.14900000000002);
#39=CIRCLE('',#2090,3.149);
#40=CIRCLE('',#2091,3.149);
#41=CIRCLE('',#2093,3.14899999999998);
#42=CIRCLE('',#2094,3.14899999999998);
#43=CIRCLE('',#2097,3.149);
#44=CIRCLE('',#2098,3.149);
#45=CIRCLE('',#2100,3.14899999999998);
#46=CIRCLE('',#2101,3.14899999999998);
#47=CIRCLE('',#2104,3.149);
#48=CIRCLE('',#2105,3.149);
#49=CIRCLE('',#2107,3.149);
#50=CIRCLE('',#2108,3.149);
#51=CIRCLE('',#2111,3.149);
#52=CIRCLE('',#2112,3.149);
#53=CIRCLE('',#2114,3.14900000000002);
#54=CIRCLE('',#2115,3.14900000000002);
#55=CIRCLE('',#2118,3.149);
#56=CIRCLE('',#2119,3.149);
#57=CIRCLE('',#2121,3.149);
#58=CIRCLE('',#2122,3.149);
#59=CIRCLE('',#2125,3.149);
#60=CIRCLE('',#2126,3.149);
#61=CIRCLE('',#2128,3.14899999999998);
#62=CIRCLE('',#2129,3.14899999999998);
#63=CIRCLE('',#2132,3.149);
#64=CIRCLE('',#2133,3.149);
#65=CIRCLE('',#2135,3.14899999999998);
#66=CIRCLE('',#2136,3.14899999999998);
#67=CIRCLE('',#2139,3.149);
#68=CIRCLE('',#2140,3.149);
#69=CIRCLE('',#2142,3.149);
#70=CIRCLE('',#2143,3.149);
#71=CIRCLE('',#2145,3.149);
#72=CIRCLE('',#2146,3.149);
#73=CIRCLE('',#2149,3.149);
#74=CIRCLE('',#2150,3.149);
#75=CIRCLE('',#2152,0.249999999999999);
#76=CIRCLE('',#2153,0.249999999999999);
#77=CIRCLE('',#2156,1.25);
#78=CIRCLE('',#2157,1.25);
#79=CIRCLE('',#2162,0.249999999999999);
#80=CIRCLE('',#2163,0.249999999999999);
#81=CIRCLE('',#2166,1.25);
#82=CIRCLE('',#2167,1.25);
#83=CIRCLE('',#2169,1.25);
#84=CIRCLE('',#2170,0.249999999999999);
#85=CIRCLE('',#2171,1.25);
#86=CIRCLE('',#2172,0.249999999999999);
#87=CIRCLE('',#2175,3.149);
#88=CIRCLE('',#2176,3.149);
#89=CIRCLE('',#2180,3.14900000000002);
#90=CIRCLE('',#2181,3.14900000000002);
#91=CIRCLE('',#2184,3.149);
#92=CIRCLE('',#2185,3.149);
#93=CIRCLE('',#2189,3.14899999999998);
#94=CIRCLE('',#2190,3.14899999999998);
#95=CIRCLE('',#2193,3.149);
#96=CIRCLE('',#2194,3.149);
#97=CIRCLE('',#2198,3.14899999999998);
#98=CIRCLE('',#2199,3.14899999999998);
#99=CIRCLE('',#2202,3.149);
#100=CIRCLE('',#2203,3.149);
#101=CIRCLE('',#2207,3.149);
#102=CIRCLE('',#2208,3.149);
#103=CIRCLE('',#2211,3.149);
#104=CIRCLE('',#2212,3.149);
#105=CIRCLE('',#2216,3.14900000000002);
#106=CIRCLE('',#2217,3.14900000000002);
#107=CIRCLE('',#2220,3.149);
#108=CIRCLE('',#2221,3.149);
#109=CIRCLE('',#2225,3.149);
#110=CIRCLE('',#2226,3.149);
#111=CIRCLE('',#2229,3.149);
#112=CIRCLE('',#2230,3.149);
#113=CIRCLE('',#2234,3.14899999999998);
#114=CIRCLE('',#2235,3.14899999999998);
#115=CIRCLE('',#2238,3.149);
#116=CIRCLE('',#2239,3.149);
#117=CIRCLE('',#2243,3.14899999999998);
#118=CIRCLE('',#2244,3.14899999999998);
#119=CIRCLE('',#2247,3.149);
#120=CIRCLE('',#2248,3.149);
#121=CIRCLE('',#2252,3.149);
#122=CIRCLE('',#2253,3.149);
#123=CIRCLE('',#2255,3.149);
#124=CIRCLE('',#2256,3.149);
#125=CIRCLE('',#2259,3.149);
#126=CIRCLE('',#2260,3.149);
#127=CIRCLE('',#2266,0.249999999999999);
#128=CIRCLE('',#2269,1.25);
#129=CIRCLE('',#2274,0.249999999999999);
#130=CIRCLE('',#2277,1.25);
#131=CYLINDRICAL_SURFACE('',#2082,3.149);
#132=CYLINDRICAL_SURFACE('',#2085,3.14900000000002);
#133=CYLINDRICAL_SURFACE('',#2089,3.149);
#134=CYLINDRICAL_SURFACE('',#2092,3.14899999999998);
#135=CYLINDRICAL_SURFACE('',#2096,3.149);
#136=CYLINDRICAL_SURFACE('',#2099,3.14899999999998);
#137=CYLINDRICAL_SURFACE('',#2103,3.149);
#138=CYLINDRICAL_SURFACE('',#2106,3.149);
#139=CYLINDRICAL_SURFACE('',#2110,3.149);
#140=CYLINDRICAL_SURFACE('',#2113,3.14900000000002);
#141=CYLINDRICAL_SURFACE('',#2117,3.149);
#142=CYLINDRICAL_SURFACE('',#2120,3.149);
#143=CYLINDRICAL_SURFACE('',#2124,3.149);
#144=CYLINDRICAL_SURFACE('',#2127,3.14899999999998);
#145=CYLINDRICAL_SURFACE('',#2131,3.149);
#146=CYLINDRICAL_SURFACE('',#2134,3.14899999999998);
#147=CYLINDRICAL_SURFACE('',#2138,3.149);
#148=CYLINDRICAL_SURFACE('',#2141,3.149);
#149=CYLINDRICAL_SURFACE('',#2144,3.149);
#150=CYLINDRICAL_SURFACE('',#2148,3.149);
#151=CYLINDRICAL_SURFACE('',#2151,0.249999999999999);
#152=CYLINDRICAL_SURFACE('',#2155,1.25);
#153=CYLINDRICAL_SURFACE('',#2161,0.249999999999999);
#154=CYLINDRICAL_SURFACE('',#2165,1.25);
#155=CYLINDRICAL_SURFACE('',#2174,3.149);
#156=CYLINDRICAL_SURFACE('',#2179,3.14900000000002);
#157=CYLINDRICAL_SURFACE('',#2183,3.149);
#158=CYLINDRICAL_SURFACE('',#2188,3.14899999999998);
#159=CYLINDRICAL_SURFACE('',#2192,3.149);
#160=CYLINDRICAL_SURFACE('',#2197,3.14899999999998);
#161=CYLINDRICAL_SURFACE('',#2201,3.149);
#162=CYLINDRICAL_SURFACE('',#2206,3.149);
#163=CYLINDRICAL_SURFACE('',#2210,3.149);
#164=CYLINDRICAL_SURFACE('',#2215,3.14900000000002);
#165=CYLINDRICAL_SURFACE('',#2219,3.149);
#166=CYLINDRICAL_SURFACE('',#2224,3.149);
#167=CYLINDRICAL_SURFACE('',#2228,3.149);
#168=CYLINDRICAL_SURFACE('',#2233,3.14899999999998);
#169=CYLINDRICAL_SURFACE('',#2237,3.149);
#170=CYLINDRICAL_SURFACE('',#2242,3.14899999999998);
#171=CYLINDRICAL_SURFACE('',#2246,3.149);
#172=CYLINDRICAL_SURFACE('',#2251,3.149);
#173=CYLINDRICAL_SURFACE('',#2254,3.149);
#174=CYLINDRICAL_SURFACE('',#2258,3.149);
#175=CYLINDRICAL_SURFACE('',#2265,0.249999999999999);
#176=CYLINDRICAL_SURFACE('',#2268,1.25);
#177=CYLINDRICAL_SURFACE('',#2273,0.249999999999999);
#178=CYLINDRICAL_SURFACE('',#2276,1.25);
#179=FACE_OUTER_BOUND('',#281,.T.);
#180=FACE_OUTER_BOUND('',#282,.T.);
#181=FACE_OUTER_BOUND('',#283,.T.);
#182=FACE_OUTER_BOUND('',#284,.T.);
#183=FACE_OUTER_BOUND('',#285,.T.);
#184=FACE_OUTER_BOUND('',#286,.T.);
#185=FACE_OUTER_BOUND('',#287,.T.);
#186=FACE_OUTER_BOUND('',#288,.T.);
#187=FACE_OUTER_BOUND('',#289,.T.);
#188=FACE_OUTER_BOUND('',#290,.T.);
#189=FACE_OUTER_BOUND('',#291,.T.);
#190=FACE_OUTER_BOUND('',#292,.T.);
#191=FACE_OUTER_BOUND('',#293,.T.);
#192=FACE_OUTER_BOUND('',#294,.T.);
#193=FACE_OUTER_BOUND('',#295,.T.);
#194=FACE_OUTER_BOUND('',#296,.T.);
#195=FACE_OUTER_BOUND('',#297,.T.);
#196=FACE_OUTER_BOUND('',#298,.T.);
#197=FACE_OUTER_BOUND('',#299,.T.);
#198=FACE_OUTER_BOUND('',#300,.T.);
#199=FACE_OUTER_BOUND('',#301,.T.);
#200=FACE_OUTER_BOUND('',#302,.T.);
#201=FACE_OUTER_BOUND('',#303,.T.);
#202=FACE_OUTER_BOUND('',#304,.T.);
#203=FACE_OUTER_BOUND('',#305,.T.);
#204=FACE_OUTER_BOUND('',#306,.T.);
#205=FACE_OUTER_BOUND('',#307,.T.);
#206=FACE_OUTER_BOUND('',#308,.T.);
#207=FACE_OUTER_BOUND('',#309,.T.);
#208=FACE_OUTER_BOUND('',#310,.T.);
#209=FACE_OUTER_BOUND('',#311,.T.);
#210=FACE_OUTER_BOUND('',#312,.T.);
#211=FACE_OUTER_BOUND('',#313,.T.);
#212=FACE_OUTER_BOUND('',#314,.T.);
#213=FACE_OUTER_BOUND('',#315,.T.);
#214=FACE_OUTER_BOUND('',#316,.T.);
#215=FACE_OUTER_BOUND('',#317,.T.);
#216=FACE_OUTER_BOUND('',#318,.T.);
#217=FACE_OUTER_BOUND('',#319,.T.);
#218=FACE_OUTER_BOUND('',#320,.T.);
#219=FACE_OUTER_BOUND('',#321,.T.);
#220=FACE_OUTER_BOUND('',#322,.T.);
#221=FACE_OUTER_BOUND('',#323,.T.);
#222=FACE_OUTER_BOUND('',#324,.T.);
#223=FACE_OUTER_BOUND('',#325,.T.);
#224=FACE_OUTER_BOUND('',#326,.T.);
#225=FACE_OUTER_BOUND('',#327,.T.);
#226=FACE_OUTER_BOUND('',#328,.T.);
#227=FACE_OUTER_BOUND('',#329,.T.);
#228=FACE_OUTER_BOUND('',#330,.T.);
#229=FACE_OUTER_BOUND('',#331,.T.);
#230=FACE_OUTER_BOUND('',#332,.T.);
#231=FACE_OUTER_BOUND('',#333,.T.);
#232=FACE_OUTER_BOUND('',#334,.T.);
#233=FACE_OUTER_BOUND('',#335,.T.);
#234=FACE_OUTER_BOUND('',#336,.T.);
#235=FACE_OUTER_BOUND('',#337,.T.);
#236=FACE_OUTER_BOUND('',#338,.T.);
#237=FACE_OUTER_BOUND('',#339,.T.);
#238=FACE_OUTER_BOUND('',#340,.T.);
#239=FACE_OUTER_BOUND('',#341,.T.);
#240=FACE_OUTER_BOUND('',#342,.T.);
#241=FACE_OUTER_BOUND('',#343,.T.);
#242=FACE_OUTER_BOUND('',#344,.T.);
#243=FACE_OUTER_BOUND('',#345,.T.);
#244=FACE_OUTER_BOUND('',#346,.T.);
#245=FACE_OUTER_BOUND('',#347,.T.);
#246=FACE_OUTER_BOUND('',#348,.T.);
#247=FACE_OUTER_BOUND('',#349,.T.);
#248=FACE_OUTER_BOUND('',#350,.T.);
#249=FACE_OUTER_BOUND('',#351,.T.);
#250=FACE_OUTER_BOUND('',#352,.T.);
#251=FACE_OUTER_BOUND('',#353,.T.);
#252=FACE_OUTER_BOUND('',#354,.T.);
#253=FACE_OUTER_BOUND('',#355,.T.);
#254=FACE_OUTER_BOUND('',#356,.T.);
#255=FACE_OUTER_BOUND('',#357,.T.);
#256=FACE_OUTER_BOUND('',#358,.T.);
#257=FACE_OUTER_BOUND('',#359,.T.);
#258=FACE_OUTER_BOUND('',#360,.T.);
#259=FACE_OUTER_BOUND('',#361,.T.);
#260=FACE_OUTER_BOUND('',#362,.T.);
#261=FACE_OUTER_BOUND('',#363,.T.);
#262=FACE_OUTER_BOUND('',#364,.T.);
#263=FACE_OUTER_BOUND('',#365,.T.);
#264=FACE_OUTER_BOUND('',#366,.T.);
#265=FACE_OUTER_BOUND('',#367,.T.);
#266=FACE_OUTER_BOUND('',#368,.T.);
#267=FACE_OUTER_BOUND('',#369,.T.);
#268=FACE_OUTER_BOUND('',#370,.T.);
#269=FACE_OUTER_BOUND('',#371,.T.);
#270=FACE_OUTER_BOUND('',#382,.T.);
#271=FACE_OUTER_BOUND('',#393,.T.);
#272=FACE_OUTER_BOUND('',#394,.T.);
#273=FACE_OUTER_BOUND('',#395,.T.);
#274=FACE_OUTER_BOUND('',#396,.T.);
#275=FACE_OUTER_BOUND('',#397,.T.);
#276=FACE_OUTER_BOUND('',#398,.T.);
#277=FACE_OUTER_BOUND('',#399,.T.);
#278=FACE_OUTER_BOUND('',#400,.T.);
#279=FACE_OUTER_BOUND('',#401,.T.);
#280=FACE_OUTER_BOUND('',#402,.T.);
#281=EDGE_LOOP('',(#1311,#1312,#1313,#1314));
#282=EDGE_LOOP('',(#1315,#1316,#1317,#1318));
#283=EDGE_LOOP('',(#1319,#1320,#1321,#1322));
#284=EDGE_LOOP('',(#1323,#1324,#1325,#1326));
#285=EDGE_LOOP('',(#1327,#1328,#1329,#1330));
#286=EDGE_LOOP('',(#1331,#1332,#1333,#1334));
#287=EDGE_LOOP('',(#1335,#1336,#1337,#1338));
#288=EDGE_LOOP('',(#1339,#1340,#1341,#1342));
#289=EDGE_LOOP('',(#1343,#1344,#1345,#1346));
#290=EDGE_LOOP('',(#1347,#1348,#1349,#1350));
#291=EDGE_LOOP('',(#1351,#1352,#1353,#1354));
#292=EDGE_LOOP('',(#1355,#1356,#1357,#1358));
#293=EDGE_LOOP('',(#1359,#1360,#1361,#1362));
#294=EDGE_LOOP('',(#1363,#1364,#1365,#1366));
#295=EDGE_LOOP('',(#1367,#1368,#1369,#1370));
#296=EDGE_LOOP('',(#1371,#1372,#1373,#1374));
#297=EDGE_LOOP('',(#1375,#1376,#1377,#1378));
#298=EDGE_LOOP('',(#1379,#1380,#1381,#1382));
#299=EDGE_LOOP('',(#1383,#1384,#1385,#1386));
#300=EDGE_LOOP('',(#1387,#1388,#1389,#1390));
#301=EDGE_LOOP('',(#1391,#1392,#1393,#1394));
#302=EDGE_LOOP('',(#1395,#1396,#1397,#1398));
#303=EDGE_LOOP('',(#1399,#1400,#1401,#1402));
#304=EDGE_LOOP('',(#1403,#1404,#1405,#1406));
#305=EDGE_LOOP('',(#1407,#1408,#1409,#1410));
#306=EDGE_LOOP('',(#1411,#1412,#1413,#1414));
#307=EDGE_LOOP('',(#1415,#1416,#1417,#1418));
#308=EDGE_LOOP('',(#1419,#1420,#1421,#1422));
#309=EDGE_LOOP('',(#1423,#1424,#1425,#1426));
#310=EDGE_LOOP('',(#1427,#1428,#1429,#1430));
#311=EDGE_LOOP('',(#1431,#1432,#1433,#1434));
#312=EDGE_LOOP('',(#1435,#1436,#1437,#1438));
#313=EDGE_LOOP('',(#1439,#1440,#1441,#1442));
#314=EDGE_LOOP('',(#1443,#1444,#1445,#1446));
#315=EDGE_LOOP('',(#1447,#1448,#1449,#1450));
#316=EDGE_LOOP('',(#1451,#1452,#1453,#1454));
#317=EDGE_LOOP('',(#1455,#1456,#1457,#1458));
#318=EDGE_LOOP('',(#1459,#1460,#1461,#1462));
#319=EDGE_LOOP('',(#1463,#1464,#1465,#1466));
#320=EDGE_LOOP('',(#1467,#1468,#1469,#1470,#1471,#1472,#1473,#1474,#1475,
#1476,#1477,#1478,#1479,#1480,#1481,#1482,#1483,#1484,#1485,#1486));
#321=EDGE_LOOP('',(#1487,#1488,#1489,#1490));
#322=EDGE_LOOP('',(#1491,#1492,#1493,#1494));
#323=EDGE_LOOP('',(#1495,#1496,#1497,#1498));
#324=EDGE_LOOP('',(#1499,#1500,#1501,#1502));
#325=EDGE_LOOP('',(#1503,#1504,#1505,#1506));
#326=EDGE_LOOP('',(#1507,#1508,#1509,#1510));
#327=EDGE_LOOP('',(#1511,#1512,#1513,#1514));
#328=EDGE_LOOP('',(#1515,#1516,#1517,#1518));
#329=EDGE_LOOP('',(#1519,#1520,#1521,#1522));
#330=EDGE_LOOP('',(#1523,#1524,#1525,#1526));
#331=EDGE_LOOP('',(#1527,#1528,#1529,#1530));
#332=EDGE_LOOP('',(#1531,#1532,#1533,#1534));
#333=EDGE_LOOP('',(#1535,#1536,#1537,#1538));
#334=EDGE_LOOP('',(#1539,#1540,#1541,#1542));
#335=EDGE_LOOP('',(#1543,#1544,#1545,#1546));
#336=EDGE_LOOP('',(#1547,#1548,#1549,#1550));
#337=EDGE_LOOP('',(#1551,#1552,#1553,#1554));
#338=EDGE_LOOP('',(#1555,#1556,#1557,#1558));
#339=EDGE_LOOP('',(#1559,#1560,#1561,#1562));
#340=EDGE_LOOP('',(#1563,#1564,#1565,#1566));
#341=EDGE_LOOP('',(#1567,#1568,#1569,#1570));
#342=EDGE_LOOP('',(#1571,#1572,#1573,#1574));
#343=EDGE_LOOP('',(#1575,#1576,#1577,#1578));
#344=EDGE_LOOP('',(#1579,#1580,#1581,#1582));
#345=EDGE_LOOP('',(#1583,#1584,#1585,#1586));
#346=EDGE_LOOP('',(#1587,#1588,#1589,#1590));
#347=EDGE_LOOP('',(#1591,#1592,#1593,#1594));
#348=EDGE_LOOP('',(#1595,#1596,#1597,#1598));
#349=EDGE_LOOP('',(#1599,#1600,#1601,#1602));
#350=EDGE_LOOP('',(#1603,#1604,#1605,#1606));
#351=EDGE_LOOP('',(#1607,#1608,#1609,#1610));
#352=EDGE_LOOP('',(#1611,#1612,#1613,#1614));
#353=EDGE_LOOP('',(#1615,#1616,#1617,#1618));
#354=EDGE_LOOP('',(#1619,#1620,#1621,#1622));
#355=EDGE_LOOP('',(#1623,#1624,#1625,#1626));
#356=EDGE_LOOP('',(#1627,#1628,#1629,#1630));
#357=EDGE_LOOP('',(#1631,#1632,#1633,#1634));
#358=EDGE_LOOP('',(#1635,#1636,#1637,#1638));
#359=EDGE_LOOP('',(#1639,#1640,#1641,#1642));
#360=EDGE_LOOP('',(#1643,#1644,#1645,#1646));
#361=EDGE_LOOP('',(#1647,#1648,#1649,#1650));
#362=EDGE_LOOP('',(#1651,#1652,#1653,#1654));
#363=EDGE_LOOP('',(#1655,#1656,#1657,#1658));
#364=EDGE_LOOP('',(#1659,#1660,#1661,#1662));
#365=EDGE_LOOP('',(#1663,#1664,#1665,#1666));
#366=EDGE_LOOP('',(#1667,#1668,#1669,#1670));
#367=EDGE_LOOP('',(#1671,#1672,#1673,#1674));
#368=EDGE_LOOP('',(#1675,#1676,#1677,#1678));
#369=EDGE_LOOP('',(#1679,#1680,#1681,#1682));
#370=EDGE_LOOP('',(#1683,#1684,#1685,#1686));
#371=EDGE_LOOP('',(#1687,#1688,#1689,#1690));
#372=EDGE_LOOP('',(#1691,#1692,#1693,#1694,#1695,#1696,#1697,#1698));
#373=EDGE_LOOP('',(#1699,#1700,#1701,#1702,#1703,#1704,#1705,#1706));
#374=EDGE_LOOP('',(#1707,#1708,#1709,#1710,#1711,#1712,#1713,#1714));
#375=EDGE_LOOP('',(#1715,#1716,#1717,#1718,#1719,#1720,#1721,#1722));
#376=EDGE_LOOP('',(#1723,#1724,#1725,#1726,#1727,#1728,#1729,#1730));
#377=EDGE_LOOP('',(#1731,#1732,#1733,#1734,#1735,#1736,#1737,#1738));
#378=EDGE_LOOP('',(#1739,#1740,#1741,#1742,#1743,#1744,#1745,#1746));
#379=EDGE_LOOP('',(#1747,#1748,#1749,#1750,#1751,#1752,#1753,#1754));
#380=EDGE_LOOP('',(#1755,#1756,#1757,#1758,#1759,#1760,#1761,#1762));
#381=EDGE_LOOP('',(#1763,#1764,#1765,#1766,#1767,#1768,#1769,#1770));
#382=EDGE_LOOP('',(#1771,#1772,#1773,#1774));
#383=EDGE_LOOP('',(#1775,#1776,#1777,#1778,#1779,#1780,#1781,#1782));
#384=EDGE_LOOP('',(#1783,#1784,#1785,#1786,#1787,#1788,#1789,#1790));
#385=EDGE_LOOP('',(#1791,#1792,#1793,#1794,#1795,#1796,#1797,#1798));
#386=EDGE_LOOP('',(#1799,#1800,#1801,#1802,#1803,#1804,#1805,#1806));
#387=EDGE_LOOP('',(#1807,#1808,#1809,#1810,#1811,#1812,#1813,#1814));
#388=EDGE_LOOP('',(#1815,#1816,#1817,#1818,#1819,#1820,#1821,#1822));
#389=EDGE_LOOP('',(#1823,#1824,#1825,#1826,#1827,#1828,#1829,#1830));
#390=EDGE_LOOP('',(#1831,#1832,#1833,#1834,#1835,#1836,#1837,#1838));
#391=EDGE_LOOP('',(#1839,#1840,#1841,#1842,#1843,#1844,#1845,#1846));
#392=EDGE_LOOP('',(#1847,#1848,#1849,#1850,#1851,#1852,#1853,#1854));
#393=EDGE_LOOP('',(#1855,#1856,#1857,#1858));
#394=EDGE_LOOP('',(#1859,#1860,#1861,#1862));
#395=EDGE_LOOP('',(#1863,#1864,#1865,#1866));
#396=EDGE_LOOP('',(#1867,#1868,#1869,#1870));
#397=EDGE_LOOP('',(#1871,#1872,#1873,#1874));
#398=EDGE_LOOP('',(#1875,#1876,#1877,#1878));
#399=EDGE_LOOP('',(#1879,#1880,#1881,#1882));
#400=EDGE_LOOP('',(#1883,#1884,#1885,#1886));
#401=EDGE_LOOP('',(#1887,#1888,#1889,#1890));
#402=EDGE_LOOP('',(#1891,#1892,#1893,#1894,#1895,#1896,#1897,#1898,#1899,
#1900,#1901,#1902,#1903,#1904,#1905,#1906,#1907,#1908,#1909,#1910));
#403=LINE('',#2885,#607);
#404=LINE('',#2887,#608);
#405=LINE('',#2889,#609);
#406=LINE('',#2890,#610);
#407=LINE('',#2895,#611);
#408=LINE('',#2902,#612);
#409=LINE('',#2906,#613);
#410=LINE('',#2908,#614);
#411=LINE('',#2910,#615);
#412=LINE('',#2911,#616);
#413=LINE('',#2916,#617);
#414=LINE('',#2923,#618);
#415=LINE('',#2927,#619);
#416=LINE('',#2929,#620);
#417=LINE('',#2931,#621);
#418=LINE('',#2932,#622);
#419=LINE('',#2937,#623);
#420=LINE('',#2944,#624);
#421=LINE('',#2948,#625);
#422=LINE('',#2950,#626);
#423=LINE('',#2952,#627);
#424=LINE('',#2953,#628);
#425=LINE('',#2958,#629);
#426=LINE('',#2965,#630);
#427=LINE('',#2969,#631);
#428=LINE('',#2971,#632);
#429=LINE('',#2973,#633);
#430=LINE('',#2974,#634);
#431=LINE('',#2979,#635);
#432=LINE('',#2986,#636);
#433=LINE('',#2990,#637);
#434=LINE('',#2992,#638);
#435=LINE('',#2994,#639);
#436=LINE('',#2995,#640);
#437=LINE('',#3000,#641);
#438=LINE('',#3007,#642);
#439=LINE('',#3011,#643);
#440=LINE('',#3013,#644);
#441=LINE('',#3015,#645);
#442=LINE('',#3016,#646);
#443=LINE('',#3021,#647);
#444=LINE('',#3028,#648);
#445=LINE('',#3032,#649);
#446=LINE('',#3034,#650);
#447=LINE('',#3036,#651);
#448=LINE('',#3037,#652);
#449=LINE('',#3042,#653);
#450=LINE('',#3049,#654);
#451=LINE('',#3053,#655);
#452=LINE('',#3055,#656);
#453=LINE('',#3057,#657);
#454=LINE('',#3058,#658);
#455=LINE('',#3063,#659);
#456=LINE('',#3070,#660);
#457=LINE('',#3076,#661);
#458=LINE('',#3079,#662);
#459=LINE('',#3082,#663);
#460=LINE('',#3084,#664);
#461=LINE('',#3085,#665);
#462=LINE('',#3090,#666);
#463=LINE('',#3097,#667);
#464=LINE('',#3100,#668);
#465=LINE('',#3103,#669);
#466=LINE('',#3105,#670);
#467=LINE('',#3106,#671);
#468=LINE('',#3111,#672);
#469=LINE('',#3115,#673);
#470=LINE('',#3117,#674);
#471=LINE('',#3118,#675);
#472=LINE('',#3121,#676);
#473=LINE('',#3123,#677);
#474=LINE('',#3124,#678);
#475=LINE('',#3127,#679);
#476=LINE('',#3129,#680);
#477=LINE('',#3130,#681);
#478=LINE('',#3135,#682);
#479=LINE('',#3139,#683);
#480=LINE('',#3141,#684);
#481=LINE('',#3142,#685);
#482=LINE('',#3147,#686);
#483=LINE('',#3154,#687);
#484=LINE('',#3158,#688);
#485=LINE('',#3160,#689);
#486=LINE('',#3162,#690);
#487=LINE('',#3166,#691);
#488=LINE('',#3169,#692);
#489=LINE('',#3170,#693);
#490=LINE('',#3174,#694);
#491=LINE('',#3176,#695);
#492=LINE('',#3178,#696);
#493=LINE('',#3179,#697);
#494=LINE('',#3185,#698);
#495=LINE('',#3187,#699);
#496=LINE('',#3188,#700);
#497=LINE('',#3191,#701);
#498=LINE('',#3193,#702);
#499=LINE('',#3194,#703);
#500=LINE('',#3201,#704);
#501=LINE('',#3203,#705);
#502=LINE('',#3205,#706);
#503=LINE('',#3206,#707);
#504=LINE('',#3212,#708);
#505=LINE('',#3214,#709);
#506=LINE('',#3215,#710);
#507=LINE('',#3218,#711);
#508=LINE('',#3220,#712);
#509=LINE('',#3221,#713);
#510=LINE('',#3228,#714);
#511=LINE('',#3230,#715);
#512=LINE('',#3232,#716);
#513=LINE('',#3233,#717);
#514=LINE('',#3239,#718);
#515=LINE('',#3241,#719);
#516=LINE('',#3242,#720);
#517=LINE('',#3245,#721);
#518=LINE('',#3247,#722);
#519=LINE('',#3248,#723);
#520=LINE('',#3255,#724);
#521=LINE('',#3257,#725);
#522=LINE('',#3259,#726);
#523=LINE('',#3260,#727);
#524=LINE('',#3266,#728);
#525=LINE('',#3268,#729);
#526=LINE('',#3269,#730);
#527=LINE('',#3272,#731);
#528=LINE('',#3274,#732);
#529=LINE('',#3275,#733);
#530=LINE('',#3282,#734);
#531=LINE('',#3284,#735);
#532=LINE('',#3286,#736);
#533=LINE('',#3287,#737);
#534=LINE('',#3293,#738);
#535=LINE('',#3295,#739);
#536=LINE('',#3296,#740);
#537=LINE('',#3299,#741);
#538=LINE('',#3301,#742);
#539=LINE('',#3302,#743);
#540=LINE('',#3309,#744);
#541=LINE('',#3311,#745);
#542=LINE('',#3313,#746);
#543=LINE('',#3314,#747);
#544=LINE('',#3320,#748);
#545=LINE('',#3322,#749);
#546=LINE('',#3323,#750);
#547=LINE('',#3326,#751);
#548=LINE('',#3328,#752);
#549=LINE('',#3329,#753);
#550=LINE('',#3336,#754);
#551=LINE('',#3338,#755);
#552=LINE('',#3340,#756);
#553=LINE('',#3341,#757);
#554=LINE('',#3347,#758);
#555=LINE('',#3349,#759);
#556=LINE('',#3350,#760);
#557=LINE('',#3353,#761);
#558=LINE('',#3355,#762);
#559=LINE('',#3356,#763);
#560=LINE('',#3363,#764);
#561=LINE('',#3365,#765);
#562=LINE('',#3367,#766);
#563=LINE('',#3368,#767);
#564=LINE('',#3374,#768);
#565=LINE('',#3376,#769);
#566=LINE('',#3377,#770);
#567=LINE('',#3380,#771);
#568=LINE('',#3382,#772);
#569=LINE('',#3383,#773);
#570=LINE('',#3390,#774);
#571=LINE('',#3392,#775);
#572=LINE('',#3394,#776);
#573=LINE('',#3395,#777);
#574=LINE('',#3401,#778);
#575=LINE('',#3403,#779);
#576=LINE('',#3404,#780);
#577=LINE('',#3407,#781);
#578=LINE('',#3409,#782);
#579=LINE('',#3410,#783);
#580=LINE('',#3419,#784);
#581=LINE('',#3422,#785);
#582=LINE('',#3425,#786);
#583=LINE('',#3427,#787);
#584=LINE('',#3428,#788);
#585=LINE('',#3434,#789);
#586=LINE('',#3436,#790);
#587=LINE('',#3437,#791);
#588=LINE('',#3439,#792);
#589=LINE('',#3440,#793);
#590=LINE('',#3443,#794);
#591=LINE('',#3444,#795);
#592=LINE('',#3447,#796);
#593=LINE('',#3448,#797);
#594=LINE('',#3452,#798);
#595=LINE('',#3455,#799);
#596=LINE('',#3456,#800);
#597=LINE('',#3460,#801);
#598=LINE('',#3463,#802);
#599=LINE('',#3464,#803);
#600=LINE('',#3467,#804);
#601=LINE('',#3468,#805);
#602=LINE('',#3471,#806);
#603=LINE('',#3472,#807);
#604=LINE('',#3476,#808);
#605=LINE('',#3479,#809);
#606=LINE('',#3480,#810);
#607=VECTOR('',#2283,10.);
#608=VECTOR('',#2284,10.);
#609=VECTOR('',#2285,10.);
#610=VECTOR('',#2286,10.);
#611=VECTOR('',#2291,10.);
#612=VECTOR('',#2300,10.);
#613=VECTOR('',#2303,10.);
#614=VECTOR('',#2304,10.);
#615=VECTOR('',#2305,10.);
#616=VECTOR('',#2306,10.);
#617=VECTOR('',#2311,10.);
#618=VECTOR('',#2320,10.);
#619=VECTOR('',#2323,10.);
#620=VECTOR('',#2324,10.);
#621=VECTOR('',#2325,10.);
#622=VECTOR('',#2326,10.);
#623=VECTOR('',#2331,10.);
#624=VECTOR('',#2340,10.);
#625=VECTOR('',#2343,10.);
#626=VECTOR('',#2344,10.);
#627=VECTOR('',#2345,10.);
#628=VECTOR('',#2346,10.);
#629=VECTOR('',#2351,10.);
#630=VECTOR('',#2360,10.);
#631=VECTOR('',#2363,10.);
#632=VECTOR('',#2364,10.);
#633=VECTOR('',#2365,10.);
#634=VECTOR('',#2366,10.);
#635=VECTOR('',#2371,10.);
#636=VECTOR('',#2380,10.);
#637=VECTOR('',#2383,10.);
#638=VECTOR('',#2384,10.);
#639=VECTOR('',#2385,10.);
#640=VECTOR('',#2386,10.);
#641=VECTOR('',#2391,10.);
#642=VECTOR('',#2400,10.);
#643=VECTOR('',#2403,10.);
#644=VECTOR('',#2404,10.);
#645=VECTOR('',#2405,10.);
#646=VECTOR('',#2406,10.);
#647=VECTOR('',#2411,10.);
#648=VECTOR('',#2420,10.);
#649=VECTOR('',#2423,10.);
#650=VECTOR('',#2424,10.);
#651=VECTOR('',#2425,10.);
#652=VECTOR('',#2426,10.);
#653=VECTOR('',#2431,10.);
#654=VECTOR('',#2440,10.);
#655=VECTOR('',#2443,10.);
#656=VECTOR('',#2444,10.);
#657=VECTOR('',#2445,10.);
#658=VECTOR('',#2446,10.);
#659=VECTOR('',#2451,10.);
#660=VECTOR('',#2460,10.);
#661=VECTOR('',#2465,10.);
#662=VECTOR('',#2468,10.);
#663=VECTOR('',#2471,10.);
#664=VECTOR('',#2472,10.);
#665=VECTOR('',#2473,10.);
#666=VECTOR('',#2478,10.);
#667=VECTOR('',#2485,10.);
#668=VECTOR('',#2488,10.);
#669=VECTOR('',#2491,10.);
#670=VECTOR('',#2492,10.);
#671=VECTOR('',#2493,10.);
#672=VECTOR('',#2498,10.);
#673=VECTOR('',#2503,10.);
#674=VECTOR('',#2504,10.);
#675=VECTOR('',#2505,10.);
#676=VECTOR('',#2508,10.);
#677=VECTOR('',#2509,10.);
#678=VECTOR('',#2510,10.);
#679=VECTOR('',#2513,10.);
#680=VECTOR('',#2514,10.);
#681=VECTOR('',#2515,10.);
#682=VECTOR('',#2520,10.);
#683=VECTOR('',#2525,10.);
#684=VECTOR('',#2526,10.);
#685=VECTOR('',#2527,10.);
#686=VECTOR('',#2532,10.);
#687=VECTOR('',#2539,10.);
#688=VECTOR('',#2542,10.);
#689=VECTOR('',#2543,10.);
#690=VECTOR('',#2544,10.);
#691=VECTOR('',#2547,10.);
#692=VECTOR('',#2550,10.);
#693=VECTOR('',#2551,10.);
#694=VECTOR('',#2554,10.);
#695=VECTOR('',#2555,10.);
#696=VECTOR('',#2556,10.);
#697=VECTOR('',#2557,10.);
#698=VECTOR('',#2564,10.);
#699=VECTOR('',#2567,10.);
#700=VECTOR('',#2568,10.);
#701=VECTOR('',#2571,10.);
#702=VECTOR('',#2572,10.);
#703=VECTOR('',#2573,10.);
#704=VECTOR('',#2582,10.);
#705=VECTOR('',#2583,10.);
#706=VECTOR('',#2584,10.);
#707=VECTOR('',#2585,10.);
#708=VECTOR('',#2592,10.);
#709=VECTOR('',#2595,10.);
#710=VECTOR('',#2596,10.);
#711=VECTOR('',#2599,10.);
#712=VECTOR('',#2600,10.);
#713=VECTOR('',#2601,10.);
#714=VECTOR('',#2610,10.);
#715=VECTOR('',#2611,10.);
#716=VECTOR('',#2612,10.);
#717=VECTOR('',#2613,10.);
#718=VECTOR('',#2620,10.);
#719=VECTOR('',#2623,10.);
#720=VECTOR('',#2624,10.);
#721=VECTOR('',#2627,10.);
#722=VECTOR('',#2628,10.);
#723=VECTOR('',#2629,10.);
#724=VECTOR('',#2638,10.);
#725=VECTOR('',#2639,10.);
#726=VECTOR('',#2640,10.);
#727=VECTOR('',#2641,10.);
#728=VECTOR('',#2648,10.);
#729=VECTOR('',#2651,10.);
#730=VECTOR('',#2652,10.);
#731=VECTOR('',#2655,10.);
#732=VECTOR('',#2656,10.);
#733=VECTOR('',#2657,10.);
#734=VECTOR('',#2666,10.);
#735=VECTOR('',#2667,10.);
#736=VECTOR('',#2668,10.);
#737=VECTOR('',#2669,10.);
#738=VECTOR('',#2676,10.);
#739=VECTOR('',#2679,10.);
#740=VECTOR('',#2680,10.);
#741=VECTOR('',#2683,10.);
#742=VECTOR('',#2684,10.);
#743=VECTOR('',#2685,10.);
#744=VECTOR('',#2694,10.);
#745=VECTOR('',#2695,10.);
#746=VECTOR('',#2696,10.);
#747=VECTOR('',#2697,10.);
#748=VECTOR('',#2704,10.);
#749=VECTOR('',#2707,10.);
#750=VECTOR('',#2708,10.);
#751=VECTOR('',#2711,10.);
#752=VECTOR('',#2712,10.);
#753=VECTOR('',#2713,10.);
#754=VECTOR('',#2722,10.);
#755=VECTOR('',#2723,10.);
#756=VECTOR('',#2724,10.);
#757=VECTOR('',#2725,10.);
#758=VECTOR('',#2732,10.);
#759=VECTOR('',#2735,10.);
#760=VECTOR('',#2736,10.);
#761=VECTOR('',#2739,10.);
#762=VECTOR('',#2740,10.);
#763=VECTOR('',#2741,10.);
#764=VECTOR('',#2750,10.);
#765=VECTOR('',#2751,10.);
#766=VECTOR('',#2752,10.);
#767=VECTOR('',#2753,10.);
#768=VECTOR('',#2760,10.);
#769=VECTOR('',#2763,10.);
#770=VECTOR('',#2764,10.);
#771=VECTOR('',#2767,10.);
#772=VECTOR('',#2768,10.);
#773=VECTOR('',#2769,10.);
#774=VECTOR('',#2778,10.);
#775=VECTOR('',#2779,10.);
#776=VECTOR('',#2780,10.);
#777=VECTOR('',#2781,10.);
#778=VECTOR('',#2788,10.);
#779=VECTOR('',#2791,10.);
#780=VECTOR('',#2792,10.);
#781=VECTOR('',#2795,10.);
#782=VECTOR('',#2796,10.);
#783=VECTOR('',#2797,10.);
#784=VECTOR('',#2808,10.);
#785=VECTOR('',#2811,10.);
#786=VECTOR('',#2814,10.);
#787=VECTOR('',#2815,10.);
#788=VECTOR('',#2816,10.);
#789=VECTOR('',#2823,10.);
#790=VECTOR('',#2826,10.);
#791=VECTOR('',#2827,10.);
#792=VECTOR('',#2830,10.);
#793=VECTOR('',#2831,10.);
#794=VECTOR('',#2834,10.);
#795=VECTOR('',#2835,10.);
#796=VECTOR('',#2838,10.);
#797=VECTOR('',#2839,10.);
#798=VECTOR('',#2844,10.);
#799=VECTOR('',#2847,10.);
#800=VECTOR('',#2848,10.);
#801=VECTOR('',#2853,10.);
#802=VECTOR('',#2856,10.);
#803=VECTOR('',#2857,10.);
#804=VECTOR('',#2860,10.);
#805=VECTOR('',#2861,10.);
#806=VECTOR('',#2864,10.);
#807=VECTOR('',#2865,10.);
#808=VECTOR('',#2870,10.);
#809=VECTOR('',#2873,10.);
#810=VECTOR('',#2874,10.);
#811=VERTEX_POINT('',#2883);
#812=VERTEX_POINT('',#2884);
#813=VERTEX_POINT('',#2886);
#814=VERTEX_POINT('',#2888);
#815=VERTEX_POINT('',#2892);
#816=VERTEX_POINT('',#2894);
#817=VERTEX_POINT('',#2898);
#818=VERTEX_POINT('',#2900);
#819=VERTEX_POINT('',#2904);
#820=VERTEX_POINT('',#2905);
#821=VERTEX_POINT('',#2907);
#822=VERTEX_POINT('',#2909);
#823=VERTEX_POINT('',#2913);
#824=VERTEX_POINT('',#2915);
#825=VERTEX_POINT('',#2919);
#826=VERTEX_POINT('',#2921);
#827=VERTEX_POINT('',#2925);
#828=VERTEX_POINT('',#2926);
#829=VERTEX_POINT('',#2928);
#830=VERTEX_POINT('',#2930);
#831=VERTEX_POINT('',#2934);
#832=VERTEX_POINT('',#2936);
#833=VERTEX_POINT('',#2940);
#834=VERTEX_POINT('',#2942);
#835=VERTEX_POINT('',#2946);
#836=VERTEX_POINT('',#2947);
#837=VERTEX_POINT('',#2949);
#838=VERTEX_POINT('',#2951);
#839=VERTEX_POINT('',#2955);
#840=VERTEX_POINT('',#2957);
#841=VERTEX_POINT('',#2961);
#842=VERTEX_POINT('',#2963);
#843=VERTEX_POINT('',#2967);
#844=VERTEX_POINT('',#2968);
#845=VERTEX_POINT('',#2970);
#846=VERTEX_POINT('',#2972);
#847=VERTEX_POINT('',#2976);
#848=VERTEX_POINT('',#2978);
#849=VERTEX_POINT('',#2982);
#850=VERTEX_POINT('',#2984);
#851=VERTEX_POINT('',#2988);
#852=VERTEX_POINT('',#2989);
#853=VERTEX_POINT('',#2991);
#854=VERTEX_POINT('',#2993);
#855=VERTEX_POINT('',#2997);
#856=VERTEX_POINT('',#2999);
#857=VERTEX_POINT('',#3003);
#858=VERTEX_POINT('',#3005);
#859=VERTEX_POINT('',#3009);
#860=VERTEX_POINT('',#3010);
#861=VERTEX_POINT('',#3012);
#862=VERTEX_POINT('',#3014);
#863=VERTEX_POINT('',#3018);
#864=VERTEX_POINT('',#3020);
#865=VERTEX_POINT('',#3024);
#866=VERTEX_POINT('',#3026);
#867=VERTEX_POINT('',#3030);
#868=VERTEX_POINT('',#3031);
#869=VERTEX_POINT('',#3033);
#870=VERTEX_POINT('',#3035);
#871=VERTEX_POINT('',#3039);
#872=VERTEX_POINT('',#3041);
#873=VERTEX_POINT('',#3045);
#874=VERTEX_POINT('',#3047);
#875=VERTEX_POINT('',#3051);
#876=VERTEX_POINT('',#3052);
#877=VERTEX_POINT('',#3054);
#878=VERTEX_POINT('',#3056);
#879=VERTEX_POINT('',#3060);
#880=VERTEX_POINT('',#3062);
#881=VERTEX_POINT('',#3066);
#882=VERTEX_POINT('',#3068);
#883=VERTEX_POINT('',#3072);
#884=VERTEX_POINT('',#3073);
#885=VERTEX_POINT('',#3075);
#886=VERTEX_POINT('',#3077);
#887=VERTEX_POINT('',#3081);
#888=VERTEX_POINT('',#3083);
#889=VERTEX_POINT('',#3087);
#890=VERTEX_POINT('',#3089);
#891=VERTEX_POINT('',#3093);
#892=VERTEX_POINT('',#3094);
#893=VERTEX_POINT('',#3096);
#894=VERTEX_POINT('',#3098);
#895=VERTEX_POINT('',#3102);
#896=VERTEX_POINT('',#3104);
#897=VERTEX_POINT('',#3108);
#898=VERTEX_POINT('',#3110);
#899=VERTEX_POINT('',#3114);
#900=VERTEX_POINT('',#3116);
#901=VERTEX_POINT('',#3120);
#902=VERTEX_POINT('',#3122);
#903=VERTEX_POINT('',#3126);
#904=VERTEX_POINT('',#3128);
#905=VERTEX_POINT('',#3132);
#906=VERTEX_POINT('',#3134);
#907=VERTEX_POINT('',#3138);
#908=VERTEX_POINT('',#3140);
#909=VERTEX_POINT('',#3144);
#910=VERTEX_POINT('',#3146);
#911=VERTEX_POINT('',#3150);
#912=VERTEX_POINT('',#3151);
#913=VERTEX_POINT('',#3153);
#914=VERTEX_POINT('',#3155);
#915=VERTEX_POINT('',#3157);
#916=VERTEX_POINT('',#3159);
#917=VERTEX_POINT('',#3161);
#918=VERTEX_POINT('',#3163);
#919=VERTEX_POINT('',#3165);
#920=VERTEX_POINT('',#3167);
#921=VERTEX_POINT('',#3172);
#922=VERTEX_POINT('',#3173);
#923=VERTEX_POINT('',#3175);
#924=VERTEX_POINT('',#3177);
#925=VERTEX_POINT('',#3181);
#926=VERTEX_POINT('',#3183);
#927=VERTEX_POINT('',#3190);
#928=VERTEX_POINT('',#3192);
#929=VERTEX_POINT('',#3199);
#930=VERTEX_POINT('',#3200);
#931=VERTEX_POINT('',#3202);
#932=VERTEX_POINT('',#3204);
#933=VERTEX_POINT('',#3208);
#934=VERTEX_POINT('',#3210);
#935=VERTEX_POINT('',#3217);
#936=VERTEX_POINT('',#3219);
#937=VERTEX_POINT('',#3226);
#938=VERTEX_POINT('',#3227);
#939=VERTEX_POINT('',#3229);
#940=VERTEX_POINT('',#3231);
#941=VERTEX_POINT('',#3235);
#942=VERTEX_POINT('',#3237);
#943=VERTEX_POINT('',#3244);
#944=VERTEX_POINT('',#3246);
#945=VERTEX_POINT('',#3253);
#946=VERTEX_POINT('',#3254);
#947=VERTEX_POINT('',#3256);
#948=VERTEX_POINT('',#3258);
#949=VERTEX_POINT('',#3262);
#950=VERTEX_POINT('',#3264);
#951=VERTEX_POINT('',#3271);
#952=VERTEX_POINT('',#3273);
#953=VERTEX_POINT('',#3280);
#954=VERTEX_POINT('',#3281);
#955=VERTEX_POINT('',#3283);
#956=VERTEX_POINT('',#3285);
#957=VERTEX_POINT('',#3289);
#958=VERTEX_POINT('',#3291);
#959=VERTEX_POINT('',#3298);
#960=VERTEX_POINT('',#3300);
#961=VERTEX_POINT('',#3307);
#962=VERTEX_POINT('',#3308);
#963=VERTEX_POINT('',#3310);
#964=VERTEX_POINT('',#3312);
#965=VERTEX_POINT('',#3316);
#966=VERTEX_POINT('',#3318);
#967=VERTEX_POINT('',#3325);
#968=VERTEX_POINT('',#3327);
#969=VERTEX_POINT('',#3334);
#970=VERTEX_POINT('',#3335);
#971=VERTEX_POINT('',#3337);
#972=VERTEX_POINT('',#3339);
#973=VERTEX_POINT('',#3343);
#974=VERTEX_POINT('',#3345);
#975=VERTEX_POINT('',#3352);
#976=VERTEX_POINT('',#3354);
#977=VERTEX_POINT('',#3361);
#978=VERTEX_POINT('',#3362);
#979=VERTEX_POINT('',#3364);
#980=VERTEX_POINT('',#3366);
#981=VERTEX_POINT('',#3370);
#982=VERTEX_POINT('',#3372);
#983=VERTEX_POINT('',#3379);
#984=VERTEX_POINT('',#3381);
#985=VERTEX_POINT('',#3388);
#986=VERTEX_POINT('',#3389);
#987=VERTEX_POINT('',#3391);
#988=VERTEX_POINT('',#3393);
#989=VERTEX_POINT('',#3397);
#990=VERTEX_POINT('',#3399);
#991=VERTEX_POINT('',#3406);
#992=VERTEX_POINT('',#3408);
#993=VERTEX_POINT('',#3415);
#994=VERTEX_POINT('',#3416);
#995=VERTEX_POINT('',#3418);
#996=VERTEX_POINT('',#3420);
#997=VERTEX_POINT('',#3424);
#998=VERTEX_POINT('',#3426);
#999=VERTEX_POINT('',#3430);
#1000=VERTEX_POINT('',#3432);
#1001=VERTEX_POINT('',#3442);
#1002=VERTEX_POINT('',#3446);
#1003=VERTEX_POINT('',#3450);
#1004=VERTEX_POINT('',#3454);
#1005=VERTEX_POINT('',#3458);
#1006=VERTEX_POINT('',#3462);
#1007=VERTEX_POINT('',#3466);
#1008=VERTEX_POINT('',#3470);
#1009=VERTEX_POINT('',#3474);
#1010=VERTEX_POINT('',#3478);
#1011=EDGE_CURVE('',#811,#812,#403,.T.);
#1012=EDGE_CURVE('',#813,#812,#404,.T.);
#1013=EDGE_CURVE('',#813,#814,#405,.T.);
#1014=EDGE_CURVE('',#814,#811,#406,.T.);
#1015=EDGE_CURVE('',#812,#815,#35,.T.);
#1016=EDGE_CURVE('',#816,#815,#407,.T.);
#1017=EDGE_CURVE('',#816,#813,#36,.T.);
#1018=EDGE_CURVE('',#817,#811,#37,.T.);
#1019=EDGE_CURVE('',#814,#818,#38,.T.);
#1020=EDGE_CURVE('',#818,#817,#408,.T.);
#1021=EDGE_CURVE('',#819,#820,#409,.T.);
#1022=EDGE_CURVE('',#821,#820,#410,.T.);
#1023=EDGE_CURVE('',#821,#822,#411,.T.);
#1024=EDGE_CURVE('',#822,#819,#412,.T.);
#1025=EDGE_CURVE('',#820,#823,#39,.T.);
#1026=EDGE_CURVE('',#824,#823,#413,.T.);
#1027=EDGE_CURVE('',#824,#821,#40,.T.);
#1028=EDGE_CURVE('',#825,#819,#41,.T.);
#1029=EDGE_CURVE('',#822,#826,#42,.T.);
#1030=EDGE_CURVE('',#826,#825,#414,.T.);
#1031=EDGE_CURVE('',#827,#828,#415,.T.);
#1032=EDGE_CURVE('',#829,#828,#416,.T.);
#1033=EDGE_CURVE('',#829,#830,#417,.T.);
#1034=EDGE_CURVE('',#830,#827,#418,.T.);
#1035=EDGE_CURVE('',#828,#831,#43,.T.);
#1036=EDGE_CURVE('',#832,#831,#419,.T.);
#1037=EDGE_CURVE('',#832,#829,#44,.T.);
#1038=EDGE_CURVE('',#833,#827,#45,.T.);
#1039=EDGE_CURVE('',#830,#834,#46,.T.);
#1040=EDGE_CURVE('',#834,#833,#420,.T.);
#1041=EDGE_CURVE('',#835,#836,#421,.T.);
#1042=EDGE_CURVE('',#837,#836,#422,.T.);
#1043=EDGE_CURVE('',#837,#838,#423,.T.);
#1044=EDGE_CURVE('',#838,#835,#424,.T.);
#1045=EDGE_CURVE('',#836,#839,#47,.T.);
#1046=EDGE_CURVE('',#840,#839,#425,.T.);
#1047=EDGE_CURVE('',#840,#837,#48,.T.);
#1048=EDGE_CURVE('',#841,#835,#49,.T.);
#1049=EDGE_CURVE('',#838,#842,#50,.T.);
#1050=EDGE_CURVE('',#842,#841,#426,.T.);
#1051=EDGE_CURVE('',#843,#844,#427,.T.);
#1052=EDGE_CURVE('',#845,#844,#428,.T.);
#1053=EDGE_CURVE('',#845,#846,#429,.T.);
#1054=EDGE_CURVE('',#846,#843,#430,.T.);
#1055=EDGE_CURVE('',#844,#847,#51,.T.);
#1056=EDGE_CURVE('',#848,#847,#431,.T.);
#1057=EDGE_CURVE('',#848,#845,#52,.T.);
#1058=EDGE_CURVE('',#849,#843,#53,.T.);
#1059=EDGE_CURVE('',#846,#850,#54,.T.);
#1060=EDGE_CURVE('',#850,#849,#432,.T.);
#1061=EDGE_CURVE('',#851,#852,#433,.T.);
#1062=EDGE_CURVE('',#853,#852,#434,.T.);
#1063=EDGE_CURVE('',#853,#854,#435,.T.);
#1064=EDGE_CURVE('',#854,#851,#436,.T.);
#1065=EDGE_CURVE('',#852,#855,#55,.T.);
#1066=EDGE_CURVE('',#856,#855,#437,.T.);
#1067=EDGE_CURVE('',#856,#853,#56,.T.);
#1068=EDGE_CURVE('',#857,#851,#57,.T.);
#1069=EDGE_CURVE('',#854,#858,#58,.T.);
#1070=EDGE_CURVE('',#858,#857,#438,.T.);
#1071=EDGE_CURVE('',#859,#860,#439,.T.);
#1072=EDGE_CURVE('',#861,#860,#440,.T.);
#1073=EDGE_CURVE('',#861,#862,#441,.T.);
#1074=EDGE_CURVE('',#862,#859,#442,.T.);
#1075=EDGE_CURVE('',#860,#863,#59,.T.);
#1076=EDGE_CURVE('',#864,#863,#443,.T.);
#1077=EDGE_CURVE('',#864,#861,#60,.T.);
#1078=EDGE_CURVE('',#865,#859,#61,.T.);
#1079=EDGE_CURVE('',#862,#866,#62,.T.);
#1080=EDGE_CURVE('',#866,#865,#444,.T.);
#1081=EDGE_CURVE('',#867,#868,#445,.T.);
#1082=EDGE_CURVE('',#869,#868,#446,.T.);
#1083=EDGE_CURVE('',#869,#870,#447,.T.);
#1084=EDGE_CURVE('',#870,#867,#448,.T.);
#1085=EDGE_CURVE('',#868,#871,#63,.T.);
#1086=EDGE_CURVE('',#872,#871,#449,.T.);
#1087=EDGE_CURVE('',#872,#869,#64,.T.);
#1088=EDGE_CURVE('',#873,#867,#65,.T.);
#1089=EDGE_CURVE('',#870,#874,#66,.T.);
#1090=EDGE_CURVE('',#874,#873,#450,.T.);
#1091=EDGE_CURVE('',#875,#876,#451,.T.);
#1092=EDGE_CURVE('',#877,#876,#452,.T.);
#1093=EDGE_CURVE('',#877,#878,#453,.T.);
#1094=EDGE_CURVE('',#878,#875,#454,.T.);
#1095=EDGE_CURVE('',#876,#879,#67,.T.);
#1096=EDGE_CURVE('',#880,#879,#455,.T.);
#1097=EDGE_CURVE('',#880,#877,#68,.T.);
#1098=EDGE_CURVE('',#881,#875,#69,.T.);
#1099=EDGE_CURVE('',#878,#882,#70,.T.);
#1100=EDGE_CURVE('',#882,#881,#456,.T.);
#1101=EDGE_CURVE('',#883,#884,#71,.T.);
#1102=EDGE_CURVE('',#885,#884,#457,.T.);
#1103=EDGE_CURVE('',#885,#886,#72,.T.);
#1104=EDGE_CURVE('',#886,#883,#458,.T.);
#1105=EDGE_CURVE('',#884,#887,#459,.T.);
#1106=EDGE_CURVE('',#888,#887,#460,.T.);
#1107=EDGE_CURVE('',#888,#885,#461,.T.);
#1108=EDGE_CURVE('',#887,#889,#73,.T.);
#1109=EDGE_CURVE('',#890,#889,#462,.T.);
#1110=EDGE_CURVE('',#890,#888,#74,.T.);
#1111=EDGE_CURVE('',#891,#892,#75,.T.);
#1112=EDGE_CURVE('',#892,#893,#463,.T.);
#1113=EDGE_CURVE('',#893,#894,#76,.T.);
#1114=EDGE_CURVE('',#891,#894,#464,.T.);
#1115=EDGE_CURVE('',#895,#892,#465,.T.);
#1116=EDGE_CURVE('',#895,#896,#466,.T.);
#1117=EDGE_CURVE('',#896,#893,#467,.T.);
#1118=EDGE_CURVE('',#897,#895,#77,.T.);
#1119=EDGE_CURVE('',#897,#898,#468,.T.);
#1120=EDGE_CURVE('',#898,#896,#78,.T.);
#1121=EDGE_CURVE('',#899,#897,#469,.T.);
#1122=EDGE_CURVE('',#899,#900,#470,.T.);
#1123=EDGE_CURVE('',#900,#898,#471,.T.);
#1124=EDGE_CURVE('',#901,#899,#472,.T.);
#1125=EDGE_CURVE('',#901,#902,#473,.T.);
#1126=EDGE_CURVE('',#902,#900,#474,.T.);
#1127=EDGE_CURVE('',#903,#901,#475,.T.);
#1128=EDGE_CURVE('',#903,#904,#476,.T.);
#1129=EDGE_CURVE('',#904,#902,#477,.T.);
#1130=EDGE_CURVE('',#903,#905,#79,.T.);
#1131=EDGE_CURVE('',#905,#906,#478,.T.);
#1132=EDGE_CURVE('',#906,#904,#80,.T.);
#1133=EDGE_CURVE('',#907,#905,#479,.T.);
#1134=EDGE_CURVE('',#907,#908,#480,.T.);
#1135=EDGE_CURVE('',#908,#906,#481,.T.);
#1136=EDGE_CURVE('',#909,#907,#81,.T.);
#1137=EDGE_CURVE('',#909,#910,#482,.T.);
#1138=EDGE_CURVE('',#910,#908,#82,.T.);
#1139=EDGE_CURVE('',#911,#912,#83,.T.);
#1140=EDGE_CURVE('',#912,#913,#483,.T.);
#1141=EDGE_CURVE('',#913,#914,#84,.T.);
#1142=EDGE_CURVE('',#914,#915,#484,.T.);
#1143=EDGE_CURVE('',#915,#916,#485,.T.);
#1144=EDGE_CURVE('',#916,#917,#486,.T.);
#1145=EDGE_CURVE('',#917,#918,#85,.T.);
#1146=EDGE_CURVE('',#918,#919,#487,.T.);
#1147=EDGE_CURVE('',#919,#920,#86,.T.);
#1148=EDGE_CURVE('',#920,#894,#488,.T.);
#1149=EDGE_CURVE('',#911,#910,#489,.T.);
#1150=EDGE_CURVE('',#921,#922,#490,.T.);
#1151=EDGE_CURVE('',#923,#921,#491,.T.);
#1152=EDGE_CURVE('',#924,#923,#492,.T.);
#1153=EDGE_CURVE('',#924,#922,#493,.T.);
#1154=EDGE_CURVE('',#922,#925,#87,.T.);
#1155=EDGE_CURVE('',#926,#924,#88,.T.);
#1156=EDGE_CURVE('',#926,#925,#494,.T.);
#1157=EDGE_CURVE('',#925,#815,#495,.T.);
#1158=EDGE_CURVE('',#926,#816,#496,.T.);
#1159=EDGE_CURVE('',#817,#927,#497,.T.);
#1160=EDGE_CURVE('',#818,#928,#498,.T.);
#1161=EDGE_CURVE('',#928,#927,#499,.T.);
#1162=EDGE_CURVE('',#927,#921,#89,.T.);
#1163=EDGE_CURVE('',#923,#928,#90,.T.);
#1164=EDGE_CURVE('',#929,#930,#500,.T.);
#1165=EDGE_CURVE('',#931,#929,#501,.T.);
#1166=EDGE_CURVE('',#932,#931,#502,.T.);
#1167=EDGE_CURVE('',#932,#930,#503,.T.);
#1168=EDGE_CURVE('',#930,#933,#91,.T.);
#1169=EDGE_CURVE('',#934,#932,#92,.T.);
#1170=EDGE_CURVE('',#934,#933,#504,.T.);
#1171=EDGE_CURVE('',#933,#823,#505,.T.);
#1172=EDGE_CURVE('',#934,#824,#506,.T.);
#1173=EDGE_CURVE('',#825,#935,#507,.T.);
#1174=EDGE_CURVE('',#826,#936,#508,.T.);
#1175=EDGE_CURVE('',#936,#935,#509,.T.);
#1176=EDGE_CURVE('',#935,#929,#93,.T.);
#1177=EDGE_CURVE('',#931,#936,#94,.T.);
#1178=EDGE_CURVE('',#937,#938,#510,.T.);
#1179=EDGE_CURVE('',#939,#937,#511,.T.);
#1180=EDGE_CURVE('',#940,#939,#512,.T.);
#1181=EDGE_CURVE('',#940,#938,#513,.T.);
#1182=EDGE_CURVE('',#938,#941,#95,.T.);
#1183=EDGE_CURVE('',#942,#940,#96,.T.);
#1184=EDGE_CURVE('',#942,#941,#514,.T.);
#1185=EDGE_CURVE('',#941,#831,#515,.T.);
#1186=EDGE_CURVE('',#942,#832,#516,.T.);
#1187=EDGE_CURVE('',#833,#943,#517,.T.);
#1188=EDGE_CURVE('',#834,#944,#518,.T.);
#1189=EDGE_CURVE('',#944,#943,#519,.T.);
#1190=EDGE_CURVE('',#943,#937,#97,.T.);
#1191=EDGE_CURVE('',#939,#944,#98,.T.);
#1192=EDGE_CURVE('',#945,#946,#520,.T.);
#1193=EDGE_CURVE('',#947,#945,#521,.T.);
#1194=EDGE_CURVE('',#948,#947,#522,.T.);
#1195=EDGE_CURVE('',#948,#946,#523,.T.);
#1196=EDGE_CURVE('',#946,#949,#99,.T.);
#1197=EDGE_CURVE('',#950,#948,#100,.T.);
#1198=EDGE_CURVE('',#950,#949,#524,.T.);
#1199=EDGE_CURVE('',#949,#839,#525,.T.);
#1200=EDGE_CURVE('',#950,#840,#526,.T.);
#1201=EDGE_CURVE('',#841,#951,#527,.T.);
#1202=EDGE_CURVE('',#842,#952,#528,.T.);
#1203=EDGE_CURVE('',#952,#951,#529,.T.);
#1204=EDGE_CURVE('',#951,#945,#101,.T.);
#1205=EDGE_CURVE('',#947,#952,#102,.T.);
#1206=EDGE_CURVE('',#953,#954,#530,.T.);
#1207=EDGE_CURVE('',#955,#953,#531,.T.);
#1208=EDGE_CURVE('',#956,#955,#532,.T.);
#1209=EDGE_CURVE('',#956,#954,#533,.T.);
#1210=EDGE_CURVE('',#954,#957,#103,.T.);
#1211=EDGE_CURVE('',#958,#956,#104,.T.);
#1212=EDGE_CURVE('',#958,#957,#534,.T.);
#1213=EDGE_CURVE('',#957,#847,#535,.T.);
#1214=EDGE_CURVE('',#958,#848,#536,.T.);
#1215=EDGE_CURVE('',#849,#959,#537,.T.);
#1216=EDGE_CURVE('',#850,#960,#538,.T.);
#1217=EDGE_CURVE('',#960,#959,#539,.T.);
#1218=EDGE_CURVE('',#959,#953,#105,.T.);
#1219=EDGE_CURVE('',#955,#960,#106,.T.);
#1220=EDGE_CURVE('',#961,#962,#540,.T.);
#1221=EDGE_CURVE('',#963,#961,#541,.T.);
#1222=EDGE_CURVE('',#964,#963,#542,.T.);
#1223=EDGE_CURVE('',#964,#962,#543,.T.);
#1224=EDGE_CURVE('',#962,#965,#107,.T.);
#1225=EDGE_CURVE('',#966,#964,#108,.T.);
#1226=EDGE_CURVE('',#966,#965,#544,.T.);
#1227=EDGE_CURVE('',#965,#855,#545,.T.);
#1228=EDGE_CURVE('',#966,#856,#546,.T.);
#1229=EDGE_CURVE('',#857,#967,#547,.T.);
#1230=EDGE_CURVE('',#858,#968,#548,.T.);
#1231=EDGE_CURVE('',#968,#967,#549,.T.);
#1232=EDGE_CURVE('',#967,#961,#109,.T.);
#1233=EDGE_CURVE('',#963,#968,#110,.T.);
#1234=EDGE_CURVE('',#969,#970,#550,.T.);
#1235=EDGE_CURVE('',#971,#969,#551,.T.);
#1236=EDGE_CURVE('',#972,#971,#552,.T.);
#1237=EDGE_CURVE('',#972,#970,#553,.T.);
#1238=EDGE_CURVE('',#970,#973,#111,.T.);
#1239=EDGE_CURVE('',#974,#972,#112,.T.);
#1240=EDGE_CURVE('',#974,#973,#554,.T.);
#1241=EDGE_CURVE('',#973,#863,#555,.T.);
#1242=EDGE_CURVE('',#974,#864,#556,.T.);
#1243=EDGE_CURVE('',#865,#975,#557,.T.);
#1244=EDGE_CURVE('',#866,#976,#558,.T.);
#1245=EDGE_CURVE('',#976,#975,#559,.T.);
#1246=EDGE_CURVE('',#975,#969,#113,.T.);
#1247=EDGE_CURVE('',#971,#976,#114,.T.);
#1248=EDGE_CURVE('',#977,#978,#560,.T.);
#1249=EDGE_CURVE('',#979,#977,#561,.T.);
#1250=EDGE_CURVE('',#980,#979,#562,.T.);
#1251=EDGE_CURVE('',#980,#978,#563,.T.);
#1252=EDGE_CURVE('',#978,#981,#115,.T.);
#1253=EDGE_CURVE('',#982,#980,#116,.T.);
#1254=EDGE_CURVE('',#982,#981,#564,.T.);
#1255=EDGE_CURVE('',#981,#871,#565,.T.);
#1256=EDGE_CURVE('',#982,#872,#566,.T.);
#1257=EDGE_CURVE('',#873,#983,#567,.T.);
#1258=EDGE_CURVE('',#874,#984,#568,.T.);
#1259=EDGE_CURVE('',#984,#983,#569,.T.);
#1260=EDGE_CURVE('',#983,#977,#117,.T.);
#1261=EDGE_CURVE('',#979,#984,#118,.T.);
#1262=EDGE_CURVE('',#985,#986,#570,.T.);
#1263=EDGE_CURVE('',#987,#985,#571,.T.);
#1264=EDGE_CURVE('',#988,#987,#572,.T.);
#1265=EDGE_CURVE('',#988,#986,#573,.T.);
#1266=EDGE_CURVE('',#986,#989,#119,.T.);
#1267=EDGE_CURVE('',#990,#988,#120,.T.);
#1268=EDGE_CURVE('',#990,#989,#574,.T.);
#1269=EDGE_CURVE('',#989,#879,#575,.T.);
#1270=EDGE_CURVE('',#990,#880,#576,.T.);
#1271=EDGE_CURVE('',#881,#991,#577,.T.);
#1272=EDGE_CURVE('',#882,#992,#578,.T.);
#1273=EDGE_CURVE('',#992,#991,#579,.T.);
#1274=EDGE_CURVE('',#991,#985,#121,.T.);
#1275=EDGE_CURVE('',#987,#992,#122,.T.);
#1276=EDGE_CURVE('',#993,#994,#123,.T.);
#1277=EDGE_CURVE('',#995,#993,#580,.T.);
#1278=EDGE_CURVE('',#996,#995,#124,.T.);
#1279=EDGE_CURVE('',#996,#994,#581,.T.);
#1280=EDGE_CURVE('',#994,#997,#582,.T.);
#1281=EDGE_CURVE('',#998,#996,#583,.T.);
#1282=EDGE_CURVE('',#998,#997,#584,.T.);
#1283=EDGE_CURVE('',#997,#999,#125,.T.);
#1284=EDGE_CURVE('',#1000,#998,#126,.T.);
#1285=EDGE_CURVE('',#1000,#999,#585,.T.);
#1286=EDGE_CURVE('',#999,#889,#586,.T.);
#1287=EDGE_CURVE('',#1000,#890,#587,.T.);
#1288=EDGE_CURVE('',#883,#993,#588,.T.);
#1289=EDGE_CURVE('',#886,#995,#589,.T.);
#1290=EDGE_CURVE('',#1001,#920,#590,.T.);
#1291=EDGE_CURVE('',#1001,#891,#591,.T.);
#1292=EDGE_CURVE('',#1002,#909,#592,.T.);
#1293=EDGE_CURVE('',#1002,#911,#593,.T.);
#1294=EDGE_CURVE('',#1001,#1003,#127,.T.);
#1295=EDGE_CURVE('',#1003,#919,#594,.T.);
#1296=EDGE_CURVE('',#1004,#1003,#595,.T.);
#1297=EDGE_CURVE('',#1004,#918,#596,.T.);
#1298=EDGE_CURVE('',#1005,#1004,#128,.T.);
#1299=EDGE_CURVE('',#1005,#917,#597,.T.);
#1300=EDGE_CURVE('',#1006,#1005,#598,.T.);
#1301=EDGE_CURVE('',#1006,#916,#599,.T.);
#1302=EDGE_CURVE('',#1007,#1006,#600,.T.);
#1303=EDGE_CURVE('',#1007,#915,#601,.T.);
#1304=EDGE_CURVE('',#1008,#1007,#602,.T.);
#1305=EDGE_CURVE('',#1008,#914,#603,.T.);
#1306=EDGE_CURVE('',#1008,#1009,#129,.T.);
#1307=EDGE_CURVE('',#1009,#913,#604,.T.);
#1308=EDGE_CURVE('',#1010,#1009,#605,.T.);
#1309=EDGE_CURVE('',#1010,#912,#606,.T.);
#1310=EDGE_CURVE('',#1002,#1010,#130,.T.);
#1311=ORIENTED_EDGE('',*,*,#1011,.T.);
#1312=ORIENTED_EDGE('',*,*,#1012,.F.);
#1313=ORIENTED_EDGE('',*,*,#1013,.T.);
#1314=ORIENTED_EDGE('',*,*,#1014,.T.);
#1315=ORIENTED_EDGE('',*,*,#1015,.T.);
#1316=ORIENTED_EDGE('',*,*,#1016,.F.);
#1317=ORIENTED_EDGE('',*,*,#1017,.T.);
#1318=ORIENTED_EDGE('',*,*,#1012,.T.);
#1319=ORIENTED_EDGE('',*,*,#1018,.T.);
#1320=ORIENTED_EDGE('',*,*,#1014,.F.);
#1321=ORIENTED_EDGE('',*,*,#1019,.T.);
#1322=ORIENTED_EDGE('',*,*,#1020,.T.);
#1323=ORIENTED_EDGE('',*,*,#1021,.T.);
#1324=ORIENTED_EDGE('',*,*,#1022,.F.);
#1325=ORIENTED_EDGE('',*,*,#1023,.T.);
#1326=ORIENTED_EDGE('',*,*,#1024,.T.);
#1327=ORIENTED_EDGE('',*,*,#1025,.T.);
#1328=ORIENTED_EDGE('',*,*,#1026,.F.);
#1329=ORIENTED_EDGE('',*,*,#1027,.T.);
#1330=ORIENTED_EDGE('',*,*,#1022,.T.);
#1331=ORIENTED_EDGE('',*,*,#1028,.T.);
#1332=ORIENTED_EDGE('',*,*,#1024,.F.);
#1333=ORIENTED_EDGE('',*,*,#1029,.T.);
#1334=ORIENTED_EDGE('',*,*,#1030,.T.);
#1335=ORIENTED_EDGE('',*,*,#1031,.T.);
#1336=ORIENTED_EDGE('',*,*,#1032,.F.);
#1337=ORIENTED_EDGE('',*,*,#1033,.T.);
#1338=ORIENTED_EDGE('',*,*,#1034,.T.);
#1339=ORIENTED_EDGE('',*,*,#1035,.T.);
#1340=ORIENTED_EDGE('',*,*,#1036,.F.);
#1341=ORIENTED_EDGE('',*,*,#1037,.T.);
#1342=ORIENTED_EDGE('',*,*,#1032,.T.);
#1343=ORIENTED_EDGE('',*,*,#1038,.T.);
#1344=ORIENTED_EDGE('',*,*,#1034,.F.);
#1345=ORIENTED_EDGE('',*,*,#1039,.T.);
#1346=ORIENTED_EDGE('',*,*,#1040,.T.);
#1347=ORIENTED_EDGE('',*,*,#1041,.T.);
#1348=ORIENTED_EDGE('',*,*,#1042,.F.);
#1349=ORIENTED_EDGE('',*,*,#1043,.T.);
#1350=ORIENTED_EDGE('',*,*,#1044,.T.);
#1351=ORIENTED_EDGE('',*,*,#1045,.T.);
#1352=ORIENTED_EDGE('',*,*,#1046,.F.);
#1353=ORIENTED_EDGE('',*,*,#1047,.T.);
#1354=ORIENTED_EDGE('',*,*,#1042,.T.);
#1355=ORIENTED_EDGE('',*,*,#1048,.T.);
#1356=ORIENTED_EDGE('',*,*,#1044,.F.);
#1357=ORIENTED_EDGE('',*,*,#1049,.T.);
#1358=ORIENTED_EDGE('',*,*,#1050,.T.);
#1359=ORIENTED_EDGE('',*,*,#1051,.T.);
#1360=ORIENTED_EDGE('',*,*,#1052,.F.);
#1361=ORIENTED_EDGE('',*,*,#1053,.T.);
#1362=ORIENTED_EDGE('',*,*,#1054,.T.);
#1363=ORIENTED_EDGE('',*,*,#1055,.T.);
#1364=ORIENTED_EDGE('',*,*,#1056,.F.);
#1365=ORIENTED_EDGE('',*,*,#1057,.T.);
#1366=ORIENTED_EDGE('',*,*,#1052,.T.);
#1367=ORIENTED_EDGE('',*,*,#1058,.T.);
#1368=ORIENTED_EDGE('',*,*,#1054,.F.);
#1369=ORIENTED_EDGE('',*,*,#1059,.T.);
#1370=ORIENTED_EDGE('',*,*,#1060,.T.);
#1371=ORIENTED_EDGE('',*,*,#1061,.T.);
#1372=ORIENTED_EDGE('',*,*,#1062,.F.);
#1373=ORIENTED_EDGE('',*,*,#1063,.T.);
#1374=ORIENTED_EDGE('',*,*,#1064,.T.);
#1375=ORIENTED_EDGE('',*,*,#1065,.T.);
#1376=ORIENTED_EDGE('',*,*,#1066,.F.);
#1377=ORIENTED_EDGE('',*,*,#1067,.T.);
#1378=ORIENTED_EDGE('',*,*,#1062,.T.);
#1379=ORIENTED_EDGE('',*,*,#1068,.T.);
#1380=ORIENTED_EDGE('',*,*,#1064,.F.);
#1381=ORIENTED_EDGE('',*,*,#1069,.T.);
#1382=ORIENTED_EDGE('',*,*,#1070,.T.);
#1383=ORIENTED_EDGE('',*,*,#1071,.T.);
#1384=ORIENTED_EDGE('',*,*,#1072,.F.);
#1385=ORIENTED_EDGE('',*,*,#1073,.T.);
#1386=ORIENTED_EDGE('',*,*,#1074,.T.);
#1387=ORIENTED_EDGE('',*,*,#1075,.T.);
#1388=ORIENTED_EDGE('',*,*,#1076,.F.);
#1389=ORIENTED_EDGE('',*,*,#1077,.T.);
#1390=ORIENTED_EDGE('',*,*,#1072,.T.);
#1391=ORIENTED_EDGE('',*,*,#1078,.T.);
#1392=ORIENTED_EDGE('',*,*,#1074,.F.);
#1393=ORIENTED_EDGE('',*,*,#1079,.T.);
#1394=ORIENTED_EDGE('',*,*,#1080,.T.);
#1395=ORIENTED_EDGE('',*,*,#1081,.T.);
#1396=ORIENTED_EDGE('',*,*,#1082,.F.);
#1397=ORIENTED_EDGE('',*,*,#1083,.T.);
#1398=ORIENTED_EDGE('',*,*,#1084,.T.);
#1399=ORIENTED_EDGE('',*,*,#1085,.T.);
#1400=ORIENTED_EDGE('',*,*,#1086,.F.);
#1401=ORIENTED_EDGE('',*,*,#1087,.T.);
#1402=ORIENTED_EDGE('',*,*,#1082,.T.);
#1403=ORIENTED_EDGE('',*,*,#1088,.T.);
#1404=ORIENTED_EDGE('',*,*,#1084,.F.);
#1405=ORIENTED_EDGE('',*,*,#1089,.T.);
#1406=ORIENTED_EDGE('',*,*,#1090,.T.);
#1407=ORIENTED_EDGE('',*,*,#1091,.T.);
#1408=ORIENTED_EDGE('',*,*,#1092,.F.);
#1409=ORIENTED_EDGE('',*,*,#1093,.T.);
#1410=ORIENTED_EDGE('',*,*,#1094,.T.);
#1411=ORIENTED_EDGE('',*,*,#1095,.T.);
#1412=ORIENTED_EDGE('',*,*,#1096,.F.);
#1413=ORIENTED_EDGE('',*,*,#1097,.T.);
#1414=ORIENTED_EDGE('',*,*,#1092,.T.);
#1415=ORIENTED_EDGE('',*,*,#1098,.T.);
#1416=ORIENTED_EDGE('',*,*,#1094,.F.);
#1417=ORIENTED_EDGE('',*,*,#1099,.T.);
#1418=ORIENTED_EDGE('',*,*,#1100,.T.);
#1419=ORIENTED_EDGE('',*,*,#1101,.T.);
#1420=ORIENTED_EDGE('',*,*,#1102,.F.);
#1421=ORIENTED_EDGE('',*,*,#1103,.T.);
#1422=ORIENTED_EDGE('',*,*,#1104,.T.);
#1423=ORIENTED_EDGE('',*,*,#1105,.T.);
#1424=ORIENTED_EDGE('',*,*,#1106,.F.);
#1425=ORIENTED_EDGE('',*,*,#1107,.T.);
#1426=ORIENTED_EDGE('',*,*,#1102,.T.);
#1427=ORIENTED_EDGE('',*,*,#1108,.T.);
#1428=ORIENTED_EDGE('',*,*,#1109,.F.);
#1429=ORIENTED_EDGE('',*,*,#1110,.T.);
#1430=ORIENTED_EDGE('',*,*,#1106,.T.);
#1431=ORIENTED_EDGE('',*,*,#1111,.T.);
#1432=ORIENTED_EDGE('',*,*,#1112,.T.);
#1433=ORIENTED_EDGE('',*,*,#1113,.T.);
#1434=ORIENTED_EDGE('',*,*,#1114,.F.);
#1435=ORIENTED_EDGE('',*,*,#1115,.F.);
#1436=ORIENTED_EDGE('',*,*,#1116,.T.);
#1437=ORIENTED_EDGE('',*,*,#1117,.T.);
#1438=ORIENTED_EDGE('',*,*,#1112,.F.);
#1439=ORIENTED_EDGE('',*,*,#1118,.F.);
#1440=ORIENTED_EDGE('',*,*,#1119,.T.);
#1441=ORIENTED_EDGE('',*,*,#1120,.T.);
#1442=ORIENTED_EDGE('',*,*,#1116,.F.);
#1443=ORIENTED_EDGE('',*,*,#1121,.F.);
#1444=ORIENTED_EDGE('',*,*,#1122,.T.);
#1445=ORIENTED_EDGE('',*,*,#1123,.T.);
#1446=ORIENTED_EDGE('',*,*,#1119,.F.);
#1447=ORIENTED_EDGE('',*,*,#1124,.F.);
#1448=ORIENTED_EDGE('',*,*,#1125,.T.);
#1449=ORIENTED_EDGE('',*,*,#1126,.T.);
#1450=ORIENTED_EDGE('',*,*,#1122,.F.);
#1451=ORIENTED_EDGE('',*,*,#1127,.F.);
#1452=ORIENTED_EDGE('',*,*,#1128,.T.);
#1453=ORIENTED_EDGE('',*,*,#1129,.T.);
#1454=ORIENTED_EDGE('',*,*,#1125,.F.);
#1455=ORIENTED_EDGE('',*,*,#1130,.T.);
#1456=ORIENTED_EDGE('',*,*,#1131,.T.);
#1457=ORIENTED_EDGE('',*,*,#1132,.T.);
#1458=ORIENTED_EDGE('',*,*,#1128,.F.);
#1459=ORIENTED_EDGE('',*,*,#1133,.F.);
#1460=ORIENTED_EDGE('',*,*,#1134,.T.);
#1461=ORIENTED_EDGE('',*,*,#1135,.T.);
#1462=ORIENTED_EDGE('',*,*,#1131,.F.);
#1463=ORIENTED_EDGE('',*,*,#1136,.F.);
#1464=ORIENTED_EDGE('',*,*,#1137,.T.);
#1465=ORIENTED_EDGE('',*,*,#1138,.T.);
#1466=ORIENTED_EDGE('',*,*,#1134,.F.);
#1467=ORIENTED_EDGE('',*,*,#1139,.T.);
#1468=ORIENTED_EDGE('',*,*,#1140,.T.);
#1469=ORIENTED_EDGE('',*,*,#1141,.T.);
#1470=ORIENTED_EDGE('',*,*,#1142,.T.);
#1471=ORIENTED_EDGE('',*,*,#1143,.T.);
#1472=ORIENTED_EDGE('',*,*,#1144,.T.);
#1473=ORIENTED_EDGE('',*,*,#1145,.T.);
#1474=ORIENTED_EDGE('',*,*,#1146,.T.);
#1475=ORIENTED_EDGE('',*,*,#1147,.T.);
#1476=ORIENTED_EDGE('',*,*,#1148,.T.);
#1477=ORIENTED_EDGE('',*,*,#1113,.F.);
#1478=ORIENTED_EDGE('',*,*,#1117,.F.);
#1479=ORIENTED_EDGE('',*,*,#1120,.F.);
#1480=ORIENTED_EDGE('',*,*,#1123,.F.);
#1481=ORIENTED_EDGE('',*,*,#1126,.F.);
#1482=ORIENTED_EDGE('',*,*,#1129,.F.);
#1483=ORIENTED_EDGE('',*,*,#1132,.F.);
#1484=ORIENTED_EDGE('',*,*,#1135,.F.);
#1485=ORIENTED_EDGE('',*,*,#1138,.F.);
#1486=ORIENTED_EDGE('',*,*,#1149,.F.);
#1487=ORIENTED_EDGE('',*,*,#1150,.F.);
#1488=ORIENTED_EDGE('',*,*,#1151,.F.);
#1489=ORIENTED_EDGE('',*,*,#1152,.F.);
#1490=ORIENTED_EDGE('',*,*,#1153,.T.);
#1491=ORIENTED_EDGE('',*,*,#1154,.F.);
#1492=ORIENTED_EDGE('',*,*,#1153,.F.);
#1493=ORIENTED_EDGE('',*,*,#1155,.F.);
#1494=ORIENTED_EDGE('',*,*,#1156,.T.);
#1495=ORIENTED_EDGE('',*,*,#1157,.F.);
#1496=ORIENTED_EDGE('',*,*,#1156,.F.);
#1497=ORIENTED_EDGE('',*,*,#1158,.T.);
#1498=ORIENTED_EDGE('',*,*,#1016,.T.);
#1499=ORIENTED_EDGE('',*,*,#1159,.F.);
#1500=ORIENTED_EDGE('',*,*,#1020,.F.);
#1501=ORIENTED_EDGE('',*,*,#1160,.T.);
#1502=ORIENTED_EDGE('',*,*,#1161,.T.);
#1503=ORIENTED_EDGE('',*,*,#1162,.F.);
#1504=ORIENTED_EDGE('',*,*,#1161,.F.);
#1505=ORIENTED_EDGE('',*,*,#1163,.F.);
#1506=ORIENTED_EDGE('',*,*,#1151,.T.);
#1507=ORIENTED_EDGE('',*,*,#1164,.F.);
#1508=ORIENTED_EDGE('',*,*,#1165,.F.);
#1509=ORIENTED_EDGE('',*,*,#1166,.F.);
#1510=ORIENTED_EDGE('',*,*,#1167,.T.);
#1511=ORIENTED_EDGE('',*,*,#1168,.F.);
#1512=ORIENTED_EDGE('',*,*,#1167,.F.);
#1513=ORIENTED_EDGE('',*,*,#1169,.F.);
#1514=ORIENTED_EDGE('',*,*,#1170,.T.);
#1515=ORIENTED_EDGE('',*,*,#1171,.F.);
#1516=ORIENTED_EDGE('',*,*,#1170,.F.);
#1517=ORIENTED_EDGE('',*,*,#1172,.T.);
#1518=ORIENTED_EDGE('',*,*,#1026,.T.);
#1519=ORIENTED_EDGE('',*,*,#1173,.F.);
#1520=ORIENTED_EDGE('',*,*,#1030,.F.);
#1521=ORIENTED_EDGE('',*,*,#1174,.T.);
#1522=ORIENTED_EDGE('',*,*,#1175,.T.);
#1523=ORIENTED_EDGE('',*,*,#1176,.F.);
#1524=ORIENTED_EDGE('',*,*,#1175,.F.);
#1525=ORIENTED_EDGE('',*,*,#1177,.F.);
#1526=ORIENTED_EDGE('',*,*,#1165,.T.);
#1527=ORIENTED_EDGE('',*,*,#1178,.F.);
#1528=ORIENTED_EDGE('',*,*,#1179,.F.);
#1529=ORIENTED_EDGE('',*,*,#1180,.F.);
#1530=ORIENTED_EDGE('',*,*,#1181,.T.);
#1531=ORIENTED_EDGE('',*,*,#1182,.F.);
#1532=ORIENTED_EDGE('',*,*,#1181,.F.);
#1533=ORIENTED_EDGE('',*,*,#1183,.F.);
#1534=ORIENTED_EDGE('',*,*,#1184,.T.);
#1535=ORIENTED_EDGE('',*,*,#1185,.F.);
#1536=ORIENTED_EDGE('',*,*,#1184,.F.);
#1537=ORIENTED_EDGE('',*,*,#1186,.T.);
#1538=ORIENTED_EDGE('',*,*,#1036,.T.);
#1539=ORIENTED_EDGE('',*,*,#1187,.F.);
#1540=ORIENTED_EDGE('',*,*,#1040,.F.);
#1541=ORIENTED_EDGE('',*,*,#1188,.T.);
#1542=ORIENTED_EDGE('',*,*,#1189,.T.);
#1543=ORIENTED_EDGE('',*,*,#1190,.F.);
#1544=ORIENTED_EDGE('',*,*,#1189,.F.);
#1545=ORIENTED_EDGE('',*,*,#1191,.F.);
#1546=ORIENTED_EDGE('',*,*,#1179,.T.);
#1547=ORIENTED_EDGE('',*,*,#1192,.F.);
#1548=ORIENTED_EDGE('',*,*,#1193,.F.);
#1549=ORIENTED_EDGE('',*,*,#1194,.F.);
#1550=ORIENTED_EDGE('',*,*,#1195,.T.);
#1551=ORIENTED_EDGE('',*,*,#1196,.F.);
#1552=ORIENTED_EDGE('',*,*,#1195,.F.);
#1553=ORIENTED_EDGE('',*,*,#1197,.F.);
#1554=ORIENTED_EDGE('',*,*,#1198,.T.);
#1555=ORIENTED_EDGE('',*,*,#1199,.F.);
#1556=ORIENTED_EDGE('',*,*,#1198,.F.);
#1557=ORIENTED_EDGE('',*,*,#1200,.T.);
#1558=ORIENTED_EDGE('',*,*,#1046,.T.);
#1559=ORIENTED_EDGE('',*,*,#1201,.F.);
#1560=ORIENTED_EDGE('',*,*,#1050,.F.);
#1561=ORIENTED_EDGE('',*,*,#1202,.T.);
#1562=ORIENTED_EDGE('',*,*,#1203,.T.);
#1563=ORIENTED_EDGE('',*,*,#1204,.F.);
#1564=ORIENTED_EDGE('',*,*,#1203,.F.);
#1565=ORIENTED_EDGE('',*,*,#1205,.F.);
#1566=ORIENTED_EDGE('',*,*,#1193,.T.);
#1567=ORIENTED_EDGE('',*,*,#1206,.F.);
#1568=ORIENTED_EDGE('',*,*,#1207,.F.);
#1569=ORIENTED_EDGE('',*,*,#1208,.F.);
#1570=ORIENTED_EDGE('',*,*,#1209,.T.);
#1571=ORIENTED_EDGE('',*,*,#1210,.F.);
#1572=ORIENTED_EDGE('',*,*,#1209,.F.);
#1573=ORIENTED_EDGE('',*,*,#1211,.F.);
#1574=ORIENTED_EDGE('',*,*,#1212,.T.);
#1575=ORIENTED_EDGE('',*,*,#1213,.F.);
#1576=ORIENTED_EDGE('',*,*,#1212,.F.);
#1577=ORIENTED_EDGE('',*,*,#1214,.T.);
#1578=ORIENTED_EDGE('',*,*,#1056,.T.);
#1579=ORIENTED_EDGE('',*,*,#1215,.F.);
#1580=ORIENTED_EDGE('',*,*,#1060,.F.);
#1581=ORIENTED_EDGE('',*,*,#1216,.T.);
#1582=ORIENTED_EDGE('',*,*,#1217,.T.);
#1583=ORIENTED_EDGE('',*,*,#1218,.F.);
#1584=ORIENTED_EDGE('',*,*,#1217,.F.);
#1585=ORIENTED_EDGE('',*,*,#1219,.F.);
#1586=ORIENTED_EDGE('',*,*,#1207,.T.);
#1587=ORIENTED_EDGE('',*,*,#1220,.F.);
#1588=ORIENTED_EDGE('',*,*,#1221,.F.);
#1589=ORIENTED_EDGE('',*,*,#1222,.F.);
#1590=ORIENTED_EDGE('',*,*,#1223,.T.);
#1591=ORIENTED_EDGE('',*,*,#1224,.F.);
#1592=ORIENTED_EDGE('',*,*,#1223,.F.);
#1593=ORIENTED_EDGE('',*,*,#1225,.F.);
#1594=ORIENTED_EDGE('',*,*,#1226,.T.);
#1595=ORIENTED_EDGE('',*,*,#1227,.F.);
#1596=ORIENTED_EDGE('',*,*,#1226,.F.);
#1597=ORIENTED_EDGE('',*,*,#1228,.T.);
#1598=ORIENTED_EDGE('',*,*,#1066,.T.);
#1599=ORIENTED_EDGE('',*,*,#1229,.F.);
#1600=ORIENTED_EDGE('',*,*,#1070,.F.);
#1601=ORIENTED_EDGE('',*,*,#1230,.T.);
#1602=ORIENTED_EDGE('',*,*,#1231,.T.);
#1603=ORIENTED_EDGE('',*,*,#1232,.F.);
#1604=ORIENTED_EDGE('',*,*,#1231,.F.);
#1605=ORIENTED_EDGE('',*,*,#1233,.F.);
#1606=ORIENTED_EDGE('',*,*,#1221,.T.);
#1607=ORIENTED_EDGE('',*,*,#1234,.F.);
#1608=ORIENTED_EDGE('',*,*,#1235,.F.);
#1609=ORIENTED_EDGE('',*,*,#1236,.F.);
#1610=ORIENTED_EDGE('',*,*,#1237,.T.);
#1611=ORIENTED_EDGE('',*,*,#1238,.F.);
#1612=ORIENTED_EDGE('',*,*,#1237,.F.);
#1613=ORIENTED_EDGE('',*,*,#1239,.F.);
#1614=ORIENTED_EDGE('',*,*,#1240,.T.);
#1615=ORIENTED_EDGE('',*,*,#1241,.F.);
#1616=ORIENTED_EDGE('',*,*,#1240,.F.);
#1617=ORIENTED_EDGE('',*,*,#1242,.T.);
#1618=ORIENTED_EDGE('',*,*,#1076,.T.);
#1619=ORIENTED_EDGE('',*,*,#1243,.F.);
#1620=ORIENTED_EDGE('',*,*,#1080,.F.);
#1621=ORIENTED_EDGE('',*,*,#1244,.T.);
#1622=ORIENTED_EDGE('',*,*,#1245,.T.);
#1623=ORIENTED_EDGE('',*,*,#1246,.F.);
#1624=ORIENTED_EDGE('',*,*,#1245,.F.);
#1625=ORIENTED_EDGE('',*,*,#1247,.F.);
#1626=ORIENTED_EDGE('',*,*,#1235,.T.);
#1627=ORIENTED_EDGE('',*,*,#1248,.F.);
#1628=ORIENTED_EDGE('',*,*,#1249,.F.);
#1629=ORIENTED_EDGE('',*,*,#1250,.F.);
#1630=ORIENTED_EDGE('',*,*,#1251,.T.);
#1631=ORIENTED_EDGE('',*,*,#1252,.F.);
#1632=ORIENTED_EDGE('',*,*,#1251,.F.);
#1633=ORIENTED_EDGE('',*,*,#1253,.F.);
#1634=ORIENTED_EDGE('',*,*,#1254,.T.);
#1635=ORIENTED_EDGE('',*,*,#1255,.F.);
#1636=ORIENTED_EDGE('',*,*,#1254,.F.);
#1637=ORIENTED_EDGE('',*,*,#1256,.T.);
#1638=ORIENTED_EDGE('',*,*,#1086,.T.);
#1639=ORIENTED_EDGE('',*,*,#1257,.F.);
#1640=ORIENTED_EDGE('',*,*,#1090,.F.);
#1641=ORIENTED_EDGE('',*,*,#1258,.T.);
#1642=ORIENTED_EDGE('',*,*,#1259,.T.);
#1643=ORIENTED_EDGE('',*,*,#1260,.F.);
#1644=ORIENTED_EDGE('',*,*,#1259,.F.);
#1645=ORIENTED_EDGE('',*,*,#1261,.F.);
#1646=ORIENTED_EDGE('',*,*,#1249,.T.);
#1647=ORIENTED_EDGE('',*,*,#1262,.F.);
#1648=ORIENTED_EDGE('',*,*,#1263,.F.);
#1649=ORIENTED_EDGE('',*,*,#1264,.F.);
#1650=ORIENTED_EDGE('',*,*,#1265,.T.);
#1651=ORIENTED_EDGE('',*,*,#1266,.F.);
#1652=ORIENTED_EDGE('',*,*,#1265,.F.);
#1653=ORIENTED_EDGE('',*,*,#1267,.F.);
#1654=ORIENTED_EDGE('',*,*,#1268,.T.);
#1655=ORIENTED_EDGE('',*,*,#1269,.F.);
#1656=ORIENTED_EDGE('',*,*,#1268,.F.);
#1657=ORIENTED_EDGE('',*,*,#1270,.T.);
#1658=ORIENTED_EDGE('',*,*,#1096,.T.);
#1659=ORIENTED_EDGE('',*,*,#1271,.F.);
#1660=ORIENTED_EDGE('',*,*,#1100,.F.);
#1661=ORIENTED_EDGE('',*,*,#1272,.T.);
#1662=ORIENTED_EDGE('',*,*,#1273,.T.);
#1663=ORIENTED_EDGE('',*,*,#1274,.F.);
#1664=ORIENTED_EDGE('',*,*,#1273,.F.);
#1665=ORIENTED_EDGE('',*,*,#1275,.F.);
#1666=ORIENTED_EDGE('',*,*,#1263,.T.);
#1667=ORIENTED_EDGE('',*,*,#1276,.F.);
#1668=ORIENTED_EDGE('',*,*,#1277,.F.);
#1669=ORIENTED_EDGE('',*,*,#1278,.F.);
#1670=ORIENTED_EDGE('',*,*,#1279,.T.);
#1671=ORIENTED_EDGE('',*,*,#1280,.F.);
#1672=ORIENTED_EDGE('',*,*,#1279,.F.);
#1673=ORIENTED_EDGE('',*,*,#1281,.F.);
#1674=ORIENTED_EDGE('',*,*,#1282,.T.);
#1675=ORIENTED_EDGE('',*,*,#1283,.F.);
#1676=ORIENTED_EDGE('',*,*,#1282,.F.);
#1677=ORIENTED_EDGE('',*,*,#1284,.F.);
#1678=ORIENTED_EDGE('',*,*,#1285,.T.);
#1679=ORIENTED_EDGE('',*,*,#1286,.F.);
#1680=ORIENTED_EDGE('',*,*,#1285,.F.);
#1681=ORIENTED_EDGE('',*,*,#1287,.T.);
#1682=ORIENTED_EDGE('',*,*,#1109,.T.);
#1683=ORIENTED_EDGE('',*,*,#1288,.F.);
#1684=ORIENTED_EDGE('',*,*,#1104,.F.);
#1685=ORIENTED_EDGE('',*,*,#1289,.T.);
#1686=ORIENTED_EDGE('',*,*,#1277,.T.);
#1687=ORIENTED_EDGE('',*,*,#1148,.F.);
#1688=ORIENTED_EDGE('',*,*,#1290,.F.);
#1689=ORIENTED_EDGE('',*,*,#1291,.T.);
#1690=ORIENTED_EDGE('',*,*,#1114,.T.);
#1691=ORIENTED_EDGE('',*,*,#1172,.F.);
#1692=ORIENTED_EDGE('',*,*,#1169,.T.);
#1693=ORIENTED_EDGE('',*,*,#1166,.T.);
#1694=ORIENTED_EDGE('',*,*,#1177,.T.);
#1695=ORIENTED_EDGE('',*,*,#1174,.F.);
#1696=ORIENTED_EDGE('',*,*,#1029,.F.);
#1697=ORIENTED_EDGE('',*,*,#1023,.F.);
#1698=ORIENTED_EDGE('',*,*,#1027,.F.);
#1699=ORIENTED_EDGE('',*,*,#1158,.F.);
#1700=ORIENTED_EDGE('',*,*,#1155,.T.);
#1701=ORIENTED_EDGE('',*,*,#1152,.T.);
#1702=ORIENTED_EDGE('',*,*,#1163,.T.);
#1703=ORIENTED_EDGE('',*,*,#1160,.F.);
#1704=ORIENTED_EDGE('',*,*,#1019,.F.);
#1705=ORIENTED_EDGE('',*,*,#1013,.F.);
#1706=ORIENTED_EDGE('',*,*,#1017,.F.);
#1707=ORIENTED_EDGE('',*,*,#1228,.F.);
#1708=ORIENTED_EDGE('',*,*,#1225,.T.);
#1709=ORIENTED_EDGE('',*,*,#1222,.T.);
#1710=ORIENTED_EDGE('',*,*,#1233,.T.);
#1711=ORIENTED_EDGE('',*,*,#1230,.F.);
#1712=ORIENTED_EDGE('',*,*,#1069,.F.);
#1713=ORIENTED_EDGE('',*,*,#1063,.F.);
#1714=ORIENTED_EDGE('',*,*,#1067,.F.);
#1715=ORIENTED_EDGE('',*,*,#1242,.F.);
#1716=ORIENTED_EDGE('',*,*,#1239,.T.);
#1717=ORIENTED_EDGE('',*,*,#1236,.T.);
#1718=ORIENTED_EDGE('',*,*,#1247,.T.);
#1719=ORIENTED_EDGE('',*,*,#1244,.F.);
#1720=ORIENTED_EDGE('',*,*,#1079,.F.);
#1721=ORIENTED_EDGE('',*,*,#1073,.F.);
#1722=ORIENTED_EDGE('',*,*,#1077,.F.);
#1723=ORIENTED_EDGE('',*,*,#1256,.F.);
#1724=ORIENTED_EDGE('',*,*,#1253,.T.);
#1725=ORIENTED_EDGE('',*,*,#1250,.T.);
#1726=ORIENTED_EDGE('',*,*,#1261,.T.);
#1727=ORIENTED_EDGE('',*,*,#1258,.F.);
#1728=ORIENTED_EDGE('',*,*,#1089,.F.);
#1729=ORIENTED_EDGE('',*,*,#1083,.F.);
#1730=ORIENTED_EDGE('',*,*,#1087,.F.);
#1731=ORIENTED_EDGE('',*,*,#1188,.F.);
#1732=ORIENTED_EDGE('',*,*,#1039,.F.);
#1733=ORIENTED_EDGE('',*,*,#1033,.F.);
#1734=ORIENTED_EDGE('',*,*,#1037,.F.);
#1735=ORIENTED_EDGE('',*,*,#1186,.F.);
#1736=ORIENTED_EDGE('',*,*,#1183,.T.);
#1737=ORIENTED_EDGE('',*,*,#1180,.T.);
#1738=ORIENTED_EDGE('',*,*,#1191,.T.);
#1739=ORIENTED_EDGE('',*,*,#1270,.F.);
#1740=ORIENTED_EDGE('',*,*,#1267,.T.);
#1741=ORIENTED_EDGE('',*,*,#1264,.T.);
#1742=ORIENTED_EDGE('',*,*,#1275,.T.);
#1743=ORIENTED_EDGE('',*,*,#1272,.F.);
#1744=ORIENTED_EDGE('',*,*,#1099,.F.);
#1745=ORIENTED_EDGE('',*,*,#1093,.F.);
#1746=ORIENTED_EDGE('',*,*,#1097,.F.);
#1747=ORIENTED_EDGE('',*,*,#1202,.F.);
#1748=ORIENTED_EDGE('',*,*,#1049,.F.);
#1749=ORIENTED_EDGE('',*,*,#1043,.F.);
#1750=ORIENTED_EDGE('',*,*,#1047,.F.);
#1751=ORIENTED_EDGE('',*,*,#1200,.F.);
#1752=ORIENTED_EDGE('',*,*,#1197,.T.);
#1753=ORIENTED_EDGE('',*,*,#1194,.T.);
#1754=ORIENTED_EDGE('',*,*,#1205,.T.);
#1755=ORIENTED_EDGE('',*,*,#1287,.F.);
#1756=ORIENTED_EDGE('',*,*,#1284,.T.);
#1757=ORIENTED_EDGE('',*,*,#1281,.T.);
#1758=ORIENTED_EDGE('',*,*,#1278,.T.);
#1759=ORIENTED_EDGE('',*,*,#1289,.F.);
#1760=ORIENTED_EDGE('',*,*,#1103,.F.);
#1761=ORIENTED_EDGE('',*,*,#1107,.F.);
#1762=ORIENTED_EDGE('',*,*,#1110,.F.);
#1763=ORIENTED_EDGE('',*,*,#1216,.F.);
#1764=ORIENTED_EDGE('',*,*,#1059,.F.);
#1765=ORIENTED_EDGE('',*,*,#1053,.F.);
#1766=ORIENTED_EDGE('',*,*,#1057,.F.);
#1767=ORIENTED_EDGE('',*,*,#1214,.F.);
#1768=ORIENTED_EDGE('',*,*,#1211,.T.);
#1769=ORIENTED_EDGE('',*,*,#1208,.T.);
#1770=ORIENTED_EDGE('',*,*,#1219,.T.);
#1771=ORIENTED_EDGE('',*,*,#1149,.T.);
#1772=ORIENTED_EDGE('',*,*,#1137,.F.);
#1773=ORIENTED_EDGE('',*,*,#1292,.F.);
#1774=ORIENTED_EDGE('',*,*,#1293,.T.);
#1775=ORIENTED_EDGE('',*,*,#1187,.T.);
#1776=ORIENTED_EDGE('',*,*,#1190,.T.);
#1777=ORIENTED_EDGE('',*,*,#1178,.T.);
#1778=ORIENTED_EDGE('',*,*,#1182,.T.);
#1779=ORIENTED_EDGE('',*,*,#1185,.T.);
#1780=ORIENTED_EDGE('',*,*,#1035,.F.);
#1781=ORIENTED_EDGE('',*,*,#1031,.F.);
#1782=ORIENTED_EDGE('',*,*,#1038,.F.);
#1783=ORIENTED_EDGE('',*,*,#1201,.T.);
#1784=ORIENTED_EDGE('',*,*,#1204,.T.);
#1785=ORIENTED_EDGE('',*,*,#1192,.T.);
#1786=ORIENTED_EDGE('',*,*,#1196,.T.);
#1787=ORIENTED_EDGE('',*,*,#1199,.T.);
#1788=ORIENTED_EDGE('',*,*,#1045,.F.);
#1789=ORIENTED_EDGE('',*,*,#1041,.F.);
#1790=ORIENTED_EDGE('',*,*,#1048,.F.);
#1791=ORIENTED_EDGE('',*,*,#1215,.T.);
#1792=ORIENTED_EDGE('',*,*,#1218,.T.);
#1793=ORIENTED_EDGE('',*,*,#1206,.T.);
#1794=ORIENTED_EDGE('',*,*,#1210,.T.);
#1795=ORIENTED_EDGE('',*,*,#1213,.T.);
#1796=ORIENTED_EDGE('',*,*,#1055,.F.);
#1797=ORIENTED_EDGE('',*,*,#1051,.F.);
#1798=ORIENTED_EDGE('',*,*,#1058,.F.);
#1799=ORIENTED_EDGE('',*,*,#1157,.T.);
#1800=ORIENTED_EDGE('',*,*,#1015,.F.);
#1801=ORIENTED_EDGE('',*,*,#1011,.F.);
#1802=ORIENTED_EDGE('',*,*,#1018,.F.);
#1803=ORIENTED_EDGE('',*,*,#1159,.T.);
#1804=ORIENTED_EDGE('',*,*,#1162,.T.);
#1805=ORIENTED_EDGE('',*,*,#1150,.T.);
#1806=ORIENTED_EDGE('',*,*,#1154,.T.);
#1807=ORIENTED_EDGE('',*,*,#1171,.T.);
#1808=ORIENTED_EDGE('',*,*,#1025,.F.);
#1809=ORIENTED_EDGE('',*,*,#1021,.F.);
#1810=ORIENTED_EDGE('',*,*,#1028,.F.);
#1811=ORIENTED_EDGE('',*,*,#1173,.T.);
#1812=ORIENTED_EDGE('',*,*,#1176,.T.);
#1813=ORIENTED_EDGE('',*,*,#1164,.T.);
#1814=ORIENTED_EDGE('',*,*,#1168,.T.);
#1815=ORIENTED_EDGE('',*,*,#1241,.T.);
#1816=ORIENTED_EDGE('',*,*,#1075,.F.);
#1817=ORIENTED_EDGE('',*,*,#1071,.F.);
#1818=ORIENTED_EDGE('',*,*,#1078,.F.);
#1819=ORIENTED_EDGE('',*,*,#1243,.T.);
#1820=ORIENTED_EDGE('',*,*,#1246,.T.);
#1821=ORIENTED_EDGE('',*,*,#1234,.T.);
#1822=ORIENTED_EDGE('',*,*,#1238,.T.);
#1823=ORIENTED_EDGE('',*,*,#1255,.T.);
#1824=ORIENTED_EDGE('',*,*,#1085,.F.);
#1825=ORIENTED_EDGE('',*,*,#1081,.F.);
#1826=ORIENTED_EDGE('',*,*,#1088,.F.);
#1827=ORIENTED_EDGE('',*,*,#1257,.T.);
#1828=ORIENTED_EDGE('',*,*,#1260,.T.);
#1829=ORIENTED_EDGE('',*,*,#1248,.T.);
#1830=ORIENTED_EDGE('',*,*,#1252,.T.);
#1831=ORIENTED_EDGE('',*,*,#1227,.T.);
#1832=ORIENTED_EDGE('',*,*,#1065,.F.);
#1833=ORIENTED_EDGE('',*,*,#1061,.F.);
#1834=ORIENTED_EDGE('',*,*,#1068,.F.);
#1835=ORIENTED_EDGE('',*,*,#1229,.T.);
#1836=ORIENTED_EDGE('',*,*,#1232,.T.);
#1837=ORIENTED_EDGE('',*,*,#1220,.T.);
#1838=ORIENTED_EDGE('',*,*,#1224,.T.);
#1839=ORIENTED_EDGE('',*,*,#1269,.T.);
#1840=ORIENTED_EDGE('',*,*,#1095,.F.);
#1841=ORIENTED_EDGE('',*,*,#1091,.F.);
#1842=ORIENTED_EDGE('',*,*,#1098,.F.);
#1843=ORIENTED_EDGE('',*,*,#1271,.T.);
#1844=ORIENTED_EDGE('',*,*,#1274,.T.);
#1845=ORIENTED_EDGE('',*,*,#1262,.T.);
#1846=ORIENTED_EDGE('',*,*,#1266,.T.);
#1847=ORIENTED_EDGE('',*,*,#1286,.T.);
#1848=ORIENTED_EDGE('',*,*,#1108,.F.);
#1849=ORIENTED_EDGE('',*,*,#1105,.F.);
#1850=ORIENTED_EDGE('',*,*,#1101,.F.);
#1851=ORIENTED_EDGE('',*,*,#1288,.T.);
#1852=ORIENTED_EDGE('',*,*,#1276,.T.);
#1853=ORIENTED_EDGE('',*,*,#1280,.T.);
#1854=ORIENTED_EDGE('',*,*,#1283,.T.);
#1855=ORIENTED_EDGE('',*,*,#1294,.F.);
#1856=ORIENTED_EDGE('',*,*,#1290,.T.);
#1857=ORIENTED_EDGE('',*,*,#1147,.F.);
#1858=ORIENTED_EDGE('',*,*,#1295,.F.);
#1859=ORIENTED_EDGE('',*,*,#1296,.T.);
#1860=ORIENTED_EDGE('',*,*,#1295,.T.);
#1861=ORIENTED_EDGE('',*,*,#1146,.F.);
#1862=ORIENTED_EDGE('',*,*,#1297,.F.);
#1863=ORIENTED_EDGE('',*,*,#1298,.T.);
#1864=ORIENTED_EDGE('',*,*,#1297,.T.);
#1865=ORIENTED_EDGE('',*,*,#1145,.F.);
#1866=ORIENTED_EDGE('',*,*,#1299,.F.);
#1867=ORIENTED_EDGE('',*,*,#1300,.T.);
#1868=ORIENTED_EDGE('',*,*,#1299,.T.);
#1869=ORIENTED_EDGE('',*,*,#1144,.F.);
#1870=ORIENTED_EDGE('',*,*,#1301,.F.);
#1871=ORIENTED_EDGE('',*,*,#1302,.T.);
#1872=ORIENTED_EDGE('',*,*,#1301,.T.);
#1873=ORIENTED_EDGE('',*,*,#1143,.F.);
#1874=ORIENTED_EDGE('',*,*,#1303,.F.);
#1875=ORIENTED_EDGE('',*,*,#1304,.T.);
#1876=ORIENTED_EDGE('',*,*,#1303,.T.);
#1877=ORIENTED_EDGE('',*,*,#1142,.F.);
#1878=ORIENTED_EDGE('',*,*,#1305,.F.);
#1879=ORIENTED_EDGE('',*,*,#1306,.F.);
#1880=ORIENTED_EDGE('',*,*,#1305,.T.);
#1881=ORIENTED_EDGE('',*,*,#1141,.F.);
#1882=ORIENTED_EDGE('',*,*,#1307,.F.);
#1883=ORIENTED_EDGE('',*,*,#1308,.T.);
#1884=ORIENTED_EDGE('',*,*,#1307,.T.);
#1885=ORIENTED_EDGE('',*,*,#1140,.F.);
#1886=ORIENTED_EDGE('',*,*,#1309,.F.);
#1887=ORIENTED_EDGE('',*,*,#1310,.T.);
#1888=ORIENTED_EDGE('',*,*,#1309,.T.);
#1889=ORIENTED_EDGE('',*,*,#1139,.F.);
#1890=ORIENTED_EDGE('',*,*,#1293,.F.);
#1891=ORIENTED_EDGE('',*,*,#1310,.F.);
#1892=ORIENTED_EDGE('',*,*,#1292,.T.);
#1893=ORIENTED_EDGE('',*,*,#1136,.T.);
#1894=ORIENTED_EDGE('',*,*,#1133,.T.);
#1895=ORIENTED_EDGE('',*,*,#1130,.F.);
#1896=ORIENTED_EDGE('',*,*,#1127,.T.);
#1897=ORIENTED_EDGE('',*,*,#1124,.T.);
#1898=ORIENTED_EDGE('',*,*,#1121,.T.);
#1899=ORIENTED_EDGE('',*,*,#1118,.T.);
#1900=ORIENTED_EDGE('',*,*,#1115,.T.);
#1901=ORIENTED_EDGE('',*,*,#1111,.F.);
#1902=ORIENTED_EDGE('',*,*,#1291,.F.);
#1903=ORIENTED_EDGE('',*,*,#1294,.T.);
#1904=ORIENTED_EDGE('',*,*,#1296,.F.);
#1905=ORIENTED_EDGE('',*,*,#1298,.F.);
#1906=ORIENTED_EDGE('',*,*,#1300,.F.);
#1907=ORIENTED_EDGE('',*,*,#1302,.F.);
#1908=ORIENTED_EDGE('',*,*,#1304,.F.);
#1909=ORIENTED_EDGE('',*,*,#1306,.T.);
#1910=ORIENTED_EDGE('',*,*,#1308,.F.);
#1911=PLANE('',#2081);
#1912=PLANE('',#2088);
#1913=PLANE('',#2095);
#1914=PLANE('',#2102);
#1915=PLANE('',#2109);
#1916=PLANE('',#2116);
#1917=PLANE('',#2123);
#1918=PLANE('',#2130);
#1919=PLANE('',#2137);
#1920=PLANE('',#2147);
#1921=PLANE('',#2154);
#1922=PLANE('',#2158);
#1923=PLANE('',#2159);
#1924=PLANE('',#2160);
#1925=PLANE('',#2164);
#1926=PLANE('',#2168);
#1927=PLANE('',#2173);
#1928=PLANE('',#2177);
#1929=PLANE('',#2178);
#1930=PLANE('',#2182);
#1931=PLANE('',#2186);
#1932=PLANE('',#2187);
#1933=PLANE('',#2191);
#1934=PLANE('',#2195);
#1935=PLANE('',#2196);
#1936=PLANE('',#2200);
#1937=PLANE('',#2204);
#1938=PLANE('',#2205);
#1939=PLANE('',#2209);
#1940=PLANE('',#2213);
#1941=PLANE('',#2214);
#1942=PLANE('',#2218);
#1943=PLANE('',#2222);
#1944=PLANE('',#2223);
#1945=PLANE('',#2227);
#1946=PLANE('',#2231);
#1947=PLANE('',#2232);
#1948=PLANE('',#2236);
#1949=PLANE('',#2240);
#1950=PLANE('',#2241);
#1951=PLANE('',#2245);
#1952=PLANE('',#2249);
#1953=PLANE('',#2250);
#1954=PLANE('',#2257);
#1955=PLANE('',#2261);
#1956=PLANE('',#2262);
#1957=PLANE('',#2263);
#1958=PLANE('',#2264);
#1959=PLANE('',#2267);
#1960=PLANE('',#2270);
#1961=PLANE('',#2271);
#1962=PLANE('',#2272);
#1963=PLANE('',#2275);
#1964=PLANE('',#2278);
#1965=ADVANCED_FACE('',(#179),#1911,.T.);
#1966=ADVANCED_FACE('',(#180),#131,.F.);
#1967=ADVANCED_FACE('',(#181),#132,.F.);
#1968=ADVANCED_FACE('',(#182),#1912,.T.);
#1969=ADVANCED_FACE('',(#183),#133,.F.);
#1970=ADVANCED_FACE('',(#184),#134,.F.);
#1971=ADVANCED_FACE('',(#185),#1913,.T.);
#1972=ADVANCED_FACE('',(#186),#135,.F.);
#1973=ADVANCED_FACE('',(#187),#136,.F.);
#1974=ADVANCED_FACE('',(#188),#1914,.T.);
#1975=ADVANCED_FACE('',(#189),#137,.F.);
#1976=ADVANCED_FACE('',(#190),#138,.F.);
#1977=ADVANCED_FACE('',(#191),#1915,.T.);
#1978=ADVANCED_FACE('',(#192),#139,.F.);
#1979=ADVANCED_FACE('',(#193),#140,.F.);
#1980=ADVANCED_FACE('',(#194),#1916,.T.);
#1981=ADVANCED_FACE('',(#195),#141,.F.);
#1982=ADVANCED_FACE('',(#196),#142,.F.);
#1983=ADVANCED_FACE('',(#197),#1917,.T.);
#1984=ADVANCED_FACE('',(#198),#143,.F.);
#1985=ADVANCED_FACE('',(#199),#144,.F.);
#1986=ADVANCED_FACE('',(#200),#1918,.T.);
#1987=ADVANCED_FACE('',(#201),#145,.F.);
#1988=ADVANCED_FACE('',(#202),#146,.F.);
#1989=ADVANCED_FACE('',(#203),#1919,.T.);
#1990=ADVANCED_FACE('',(#204),#147,.F.);
#1991=ADVANCED_FACE('',(#205),#148,.F.);
#1992=ADVANCED_FACE('',(#206),#149,.F.);
#1993=ADVANCED_FACE('',(#207),#1920,.T.);
#1994=ADVANCED_FACE('',(#208),#150,.F.);
#1995=ADVANCED_FACE('',(#209),#151,.F.);
#1996=ADVANCED_FACE('',(#210),#1921,.F.);
#1997=ADVANCED_FACE('',(#211),#152,.T.);
#1998=ADVANCED_FACE('',(#212),#1922,.F.);
#1999=ADVANCED_FACE('',(#213),#1923,.F.);
#2000=ADVANCED_FACE('',(#214),#1924,.F.);
#2001=ADVANCED_FACE('',(#215),#153,.F.);
#2002=ADVANCED_FACE('',(#216),#1925,.F.);
#2003=ADVANCED_FACE('',(#217),#154,.T.);
#2004=ADVANCED_FACE('',(#218),#1926,.T.);
#2005=ADVANCED_FACE('',(#219),#1927,.F.);
#2006=ADVANCED_FACE('',(#220),#155,.F.);
#2007=ADVANCED_FACE('',(#221),#1928,.F.);
#2008=ADVANCED_FACE('',(#222),#1929,.F.);
#2009=ADVANCED_FACE('',(#223),#156,.F.);
#2010=ADVANCED_FACE('',(#224),#1930,.F.);
#2011=ADVANCED_FACE('',(#225),#157,.F.);
#2012=ADVANCED_FACE('',(#226),#1931,.F.);
#2013=ADVANCED_FACE('',(#227),#1932,.F.);
#2014=ADVANCED_FACE('',(#228),#158,.F.);
#2015=ADVANCED_FACE('',(#229),#1933,.F.);
#2016=ADVANCED_FACE('',(#230),#159,.F.);
#2017=ADVANCED_FACE('',(#231),#1934,.F.);
#2018=ADVANCED_FACE('',(#232),#1935,.F.);
#2019=ADVANCED_FACE('',(#233),#160,.F.);
#2020=ADVANCED_FACE('',(#234),#1936,.F.);
#2021=ADVANCED_FACE('',(#235),#161,.F.);
#2022=ADVANCED_FACE('',(#236),#1937,.F.);
#2023=ADVANCED_FACE('',(#237),#1938,.F.);
#2024=ADVANCED_FACE('',(#238),#162,.F.);
#2025=ADVANCED_FACE('',(#239),#1939,.F.);
#2026=ADVANCED_FACE('',(#240),#163,.F.);
#2027=ADVANCED_FACE('',(#241),#1940,.F.);
#2028=ADVANCED_FACE('',(#242),#1941,.F.);
#2029=ADVANCED_FACE('',(#243),#164,.F.);
#2030=ADVANCED_FACE('',(#244),#1942,.F.);
#2031=ADVANCED_FACE('',(#245),#165,.F.);
#2032=ADVANCED_FACE('',(#246),#1943,.F.);
#2033=ADVANCED_FACE('',(#247),#1944,.F.);
#2034=ADVANCED_FACE('',(#248),#166,.F.);
#2035=ADVANCED_FACE('',(#249),#1945,.F.);
#2036=ADVANCED_FACE('',(#250),#167,.F.);
#2037=ADVANCED_FACE('',(#251),#1946,.F.);
#2038=ADVANCED_FACE('',(#252),#1947,.F.);
#2039=ADVANCED_FACE('',(#253),#168,.F.);
#2040=ADVANCED_FACE('',(#254),#1948,.F.);
#2041=ADVANCED_FACE('',(#255),#169,.F.);
#2042=ADVANCED_FACE('',(#256),#1949,.F.);
#2043=ADVANCED_FACE('',(#257),#1950,.F.);
#2044=ADVANCED_FACE('',(#258),#170,.F.);
#2045=ADVANCED_FACE('',(#259),#1951,.F.);
#2046=ADVANCED_FACE('',(#260),#171,.F.);
#2047=ADVANCED_FACE('',(#261),#1952,.F.);
#2048=ADVANCED_FACE('',(#262),#1953,.F.);
#2049=ADVANCED_FACE('',(#263),#172,.F.);
#2050=ADVANCED_FACE('',(#264),#173,.F.);
#2051=ADVANCED_FACE('',(#265),#1954,.F.);
#2052=ADVANCED_FACE('',(#266),#174,.F.);
#2053=ADVANCED_FACE('',(#267),#1955,.F.);
#2054=ADVANCED_FACE('',(#268),#1956,.F.);
#2055=ADVANCED_FACE('',(#269,#15,#16,#17,#18,#19,#20,#21,#22,#23,#24),#1957,
 .T.);
#2056=ADVANCED_FACE('',(#270,#25,#26,#27,#28,#29,#30,#31,#32,#33,#34),#1958,
 .T.);
#2057=ADVANCED_FACE('',(#271),#175,.F.);
#2058=ADVANCED_FACE('',(#272),#1959,.T.);
#2059=ADVANCED_FACE('',(#273),#176,.T.);
#2060=ADVANCED_FACE('',(#274),#1960,.T.);
#2061=ADVANCED_FACE('',(#275),#1961,.T.);
#2062=ADVANCED_FACE('',(#276),#1962,.T.);
#2063=ADVANCED_FACE('',(#277),#177,.F.);
#2064=ADVANCED_FACE('',(#278),#1963,.T.);
#2065=ADVANCED_FACE('',(#279),#178,.T.);
#2066=ADVANCED_FACE('',(#280),#1964,.F.);
#2067=CLOSED_SHELL('',(#1965,#1966,#1967,#1968,#1969,#1970,#1971,#1972,
#1973,#1974,#1975,#1976,#1977,#1978,#1979,#1980,#1981,#1982,#1983,#1984,
#1985,#1986,#1987,#1988,#1989,#1990,#1991,#1992,#1993,#1994,#1995,#1996,
#1997,#1998,#1999,#2000,#2001,#2002,#2003,#2004,#2005,#2006,#2007,#2008,
#2009,#2010,#2011,#2012,#2013,#2014,#2015,#2016,#2017,#2018,#2019,#2020,
#2021,#2022,#2023,#2024,#2025,#2026,#2027,#2028,#2029,#2030,#2031,#2032,
#2033,#2034,#2035,#2036,#2037,#2038,#2039,#2040,#2041,#2042,#2043,#2044,
#2045,#2046,#2047,#2048,#2049,#2050,#2051,#2052,#2053,#2054,#2055,#2056,
#2057,#2058,#2059,#2060,#2061,#2062,#2063,#2064,#2065,#2066));
#2068=DERIVED_UNIT_ELEMENT(#2070,1.);
#2069=DERIVED_UNIT_ELEMENT(#3489,-3.);
#2070=(
MASS_UNIT()
NAMED_UNIT(*)
SI_UNIT(.KILO.,.GRAM.)
);
#2071=DERIVED_UNIT((#2068,#2069));
#2072=MEASURE_REPRESENTATION_ITEM('density measure',
POSITIVE_RATIO_MEASURE(952.),#2071);
#2073=PROPERTY_DEFINITION_REPRESENTATION(#2078,#2075);
#2074=PROPERTY_DEFINITION_REPRESENTATION(#2079,#2076);
#2075=REPRESENTATION('material name',(#2077),#3486);
#2076=REPRESENTATION('density',(#2072),#3486);
#2077=DESCRIPTIVE_REPRESENTATION_ITEM('Plastic, Opaque White',
'Plastic, Opaque White');
#2078=PROPERTY_DEFINITION('material property','material name',#3496);
#2079=PROPERTY_DEFINITION('material property','density of part',#3496);
#2080=AXIS2_PLACEMENT_3D('',#2881,#2279,#2280);
#2081=AXIS2_PLACEMENT_3D('',#2882,#2281,#2282);
#2082=AXIS2_PLACEMENT_3D('',#2891,#2287,#2288);
#2083=AXIS2_PLACEMENT_3D('',#2893,#2289,#2290);
#2084=AXIS2_PLACEMENT_3D('',#2896,#2292,#2293);
#2085=AXIS2_PLACEMENT_3D('',#2897,#2294,#2295);
#2086=AXIS2_PLACEMENT_3D('',#2899,#2296,#2297);
#2087=AXIS2_PLACEMENT_3D('',#2901,#2298,#2299);
#2088=AXIS2_PLACEMENT_3D('',#2903,#2301,#2302);
#2089=AXIS2_PLACEMENT_3D('',#2912,#2307,#2308);
#2090=AXIS2_PLACEMENT_3D('',#2914,#2309,#2310);
#2091=AXIS2_PLACEMENT_3D('',#2917,#2312,#2313);
#2092=AXIS2_PLACEMENT_3D('',#2918,#2314,#2315);
#2093=AXIS2_PLACEMENT_3D('',#2920,#2316,#2317);
#2094=AXIS2_PLACEMENT_3D('',#2922,#2318,#2319);
#2095=AXIS2_PLACEMENT_3D('',#2924,#2321,#2322);
#2096=AXIS2_PLACEMENT_3D('',#2933,#2327,#2328);
#2097=AXIS2_PLACEMENT_3D('',#2935,#2329,#2330);
#2098=AXIS2_PLACEMENT_3D('',#2938,#2332,#2333);
#2099=AXIS2_PLACEMENT_3D('',#2939,#2334,#2335);
#2100=AXIS2_PLACEMENT_3D('',#2941,#2336,#2337);
#2101=AXIS2_PLACEMENT_3D('',#2943,#2338,#2339);
#2102=AXIS2_PLACEMENT_3D('',#2945,#2341,#2342);
#2103=AXIS2_PLACEMENT_3D('',#2954,#2347,#2348);
#2104=AXIS2_PLACEMENT_3D('',#2956,#2349,#2350);
#2105=AXIS2_PLACEMENT_3D('',#2959,#2352,#2353);
#2106=AXIS2_PLACEMENT_3D('',#2960,#2354,#2355);
#2107=AXIS2_PLACEMENT_3D('',#2962,#2356,#2357);
#2108=AXIS2_PLACEMENT_3D('',#2964,#2358,#2359);
#2109=AXIS2_PLACEMENT_3D('',#2966,#2361,#2362);
#2110=AXIS2_PLACEMENT_3D('',#2975,#2367,#2368);
#2111=AXIS2_PLACEMENT_3D('',#2977,#2369,#2370);
#2112=AXIS2_PLACEMENT_3D('',#2980,#2372,#2373);
#2113=AXIS2_PLACEMENT_3D('',#2981,#2374,#2375);
#2114=AXIS2_PLACEMENT_3D('',#2983,#2376,#2377);
#2115=AXIS2_PLACEMENT_3D('',#2985,#2378,#2379);
#2116=AXIS2_PLACEMENT_3D('',#2987,#2381,#2382);
#2117=AXIS2_PLACEMENT_3D('',#2996,#2387,#2388);
#2118=AXIS2_PLACEMENT_3D('',#2998,#2389,#2390);
#2119=AXIS2_PLACEMENT_3D('',#3001,#2392,#2393);
#2120=AXIS2_PLACEMENT_3D('',#3002,#2394,#2395);
#2121=AXIS2_PLACEMENT_3D('',#3004,#2396,#2397);
#2122=AXIS2_PLACEMENT_3D('',#3006,#2398,#2399);
#2123=AXIS2_PLACEMENT_3D('',#3008,#2401,#2402);
#2124=AXIS2_PLACEMENT_3D('',#3017,#2407,#2408);
#2125=AXIS2_PLACEMENT_3D('',#3019,#2409,#2410);
#2126=AXIS2_PLACEMENT_3D('',#3022,#2412,#2413);
#2127=AXIS2_PLACEMENT_3D('',#3023,#2414,#2415);
#2128=AXIS2_PLACEMENT_3D('',#3025,#2416,#2417);
#2129=AXIS2_PLACEMENT_3D('',#3027,#2418,#2419);
#2130=AXIS2_PLACEMENT_3D('',#3029,#2421,#2422);
#2131=AXIS2_PLACEMENT_3D('',#3038,#2427,#2428);
#2132=AXIS2_PLACEMENT_3D('',#3040,#2429,#2430);
#2133=AXIS2_PLACEMENT_3D('',#3043,#2432,#2433);
#2134=AXIS2_PLACEMENT_3D('',#3044,#2434,#2435);
#2135=AXIS2_PLACEMENT_3D('',#3046,#2436,#2437);
#2136=AXIS2_PLACEMENT_3D('',#3048,#2438,#2439);
#2137=AXIS2_PLACEMENT_3D('',#3050,#2441,#2442);
#2138=AXIS2_PLACEMENT_3D('',#3059,#2447,#2448);
#2139=AXIS2_PLACEMENT_3D('',#3061,#2449,#2450);
#2140=AXIS2_PLACEMENT_3D('',#3064,#2452,#2453);
#2141=AXIS2_PLACEMENT_3D('',#3065,#2454,#2455);
#2142=AXIS2_PLACEMENT_3D('',#3067,#2456,#2457);
#2143=AXIS2_PLACEMENT_3D('',#3069,#2458,#2459);
#2144=AXIS2_PLACEMENT_3D('',#3071,#2461,#2462);
#2145=AXIS2_PLACEMENT_3D('',#3074,#2463,#2464);
#2146=AXIS2_PLACEMENT_3D('',#3078,#2466,#2467);
#2147=AXIS2_PLACEMENT_3D('',#3080,#2469,#2470);
#2148=AXIS2_PLACEMENT_3D('',#3086,#2474,#2475);
#2149=AXIS2_PLACEMENT_3D('',#3088,#2476,#2477);
#2150=AXIS2_PLACEMENT_3D('',#3091,#2479,#2480);
#2151=AXIS2_PLACEMENT_3D('',#3092,#2481,#2482);
#2152=AXIS2_PLACEMENT_3D('',#3095,#2483,#2484);
#2153=AXIS2_PLACEMENT_3D('',#3099,#2486,#2487);
#2154=AXIS2_PLACEMENT_3D('',#3101,#2489,#2490);
#2155=AXIS2_PLACEMENT_3D('',#3107,#2494,#2495);
#2156=AXIS2_PLACEMENT_3D('',#3109,#2496,#2497);
#2157=AXIS2_PLACEMENT_3D('',#3112,#2499,#2500);
#2158=AXIS2_PLACEMENT_3D('',#3113,#2501,#2502);
#2159=AXIS2_PLACEMENT_3D('',#3119,#2506,#2507);
#2160=AXIS2_PLACEMENT_3D('',#3125,#2511,#2512);
#2161=AXIS2_PLACEMENT_3D('',#3131,#2516,#2517);
#2162=AXIS2_PLACEMENT_3D('',#3133,#2518,#2519);
#2163=AXIS2_PLACEMENT_3D('',#3136,#2521,#2522);
#2164=AXIS2_PLACEMENT_3D('',#3137,#2523,#2524);
#2165=AXIS2_PLACEMENT_3D('',#3143,#2528,#2529);
#2166=AXIS2_PLACEMENT_3D('',#3145,#2530,#2531);
#2167=AXIS2_PLACEMENT_3D('',#3148,#2533,#2534);
#2168=AXIS2_PLACEMENT_3D('',#3149,#2535,#2536);
#2169=AXIS2_PLACEMENT_3D('',#3152,#2537,#2538);
#2170=AXIS2_PLACEMENT_3D('',#3156,#2540,#2541);
#2171=AXIS2_PLACEMENT_3D('',#3164,#2545,#2546);
#2172=AXIS2_PLACEMENT_3D('',#3168,#2548,#2549);
#2173=AXIS2_PLACEMENT_3D('',#3171,#2552,#2553);
#2174=AXIS2_PLACEMENT_3D('',#3180,#2558,#2559);
#2175=AXIS2_PLACEMENT_3D('',#3182,#2560,#2561);
#2176=AXIS2_PLACEMENT_3D('',#3184,#2562,#2563);
#2177=AXIS2_PLACEMENT_3D('',#3186,#2565,#2566);
#2178=AXIS2_PLACEMENT_3D('',#3189,#2569,#2570);
#2179=AXIS2_PLACEMENT_3D('',#3195,#2574,#2575);
#2180=AXIS2_PLACEMENT_3D('',#3196,#2576,#2577);
#2181=AXIS2_PLACEMENT_3D('',#3197,#2578,#2579);
#2182=AXIS2_PLACEMENT_3D('',#3198,#2580,#2581);
#2183=AXIS2_PLACEMENT_3D('',#3207,#2586,#2587);
#2184=AXIS2_PLACEMENT_3D('',#3209,#2588,#2589);
#2185=AXIS2_PLACEMENT_3D('',#3211,#2590,#2591);
#2186=AXIS2_PLACEMENT_3D('',#3213,#2593,#2594);
#2187=AXIS2_PLACEMENT_3D('',#3216,#2597,#2598);
#2188=AXIS2_PLACEMENT_3D('',#3222,#2602,#2603);
#2189=AXIS2_PLACEMENT_3D('',#3223,#2604,#2605);
#2190=AXIS2_PLACEMENT_3D('',#3224,#2606,#2607);
#2191=AXIS2_PLACEMENT_3D('',#3225,#2608,#2609);
#2192=AXIS2_PLACEMENT_3D('',#3234,#2614,#2615);
#2193=AXIS2_PLACEMENT_3D('',#3236,#2616,#2617);
#2194=AXIS2_PLACEMENT_3D('',#3238,#2618,#2619);
#2195=AXIS2_PLACEMENT_3D('',#3240,#2621,#2622);
#2196=AXIS2_PLACEMENT_3D('',#3243,#2625,#2626);
#2197=AXIS2_PLACEMENT_3D('',#3249,#2630,#2631);
#2198=AXIS2_PLACEMENT_3D('',#3250,#2632,#2633);
#2199=AXIS2_PLACEMENT_3D('',#3251,#2634,#2635);
#2200=AXIS2_PLACEMENT_3D('',#3252,#2636,#2637);
#2201=AXIS2_PLACEMENT_3D('',#3261,#2642,#2643);
#2202=AXIS2_PLACEMENT_3D('',#3263,#2644,#2645);
#2203=AXIS2_PLACEMENT_3D('',#3265,#2646,#2647);
#2204=AXIS2_PLACEMENT_3D('',#3267,#2649,#2650);
#2205=AXIS2_PLACEMENT_3D('',#3270,#2653,#2654);
#2206=AXIS2_PLACEMENT_3D('',#3276,#2658,#2659);
#2207=AXIS2_PLACEMENT_3D('',#3277,#2660,#2661);
#2208=AXIS2_PLACEMENT_3D('',#3278,#2662,#2663);
#2209=AXIS2_PLACEMENT_3D('',#3279,#2664,#2665);
#2210=AXIS2_PLACEMENT_3D('',#3288,#2670,#2671);
#2211=AXIS2_PLACEMENT_3D('',#3290,#2672,#2673);
#2212=AXIS2_PLACEMENT_3D('',#3292,#2674,#2675);
#2213=AXIS2_PLACEMENT_3D('',#3294,#2677,#2678);
#2214=AXIS2_PLACEMENT_3D('',#3297,#2681,#2682);
#2215=AXIS2_PLACEMENT_3D('',#3303,#2686,#2687);
#2216=AXIS2_PLACEMENT_3D('',#3304,#2688,#2689);
#2217=AXIS2_PLACEMENT_3D('',#3305,#2690,#2691);
#2218=AXIS2_PLACEMENT_3D('',#3306,#2692,#2693);
#2219=AXIS2_PLACEMENT_3D('',#3315,#2698,#2699);
#2220=AXIS2_PLACEMENT_3D('',#3317,#2700,#2701);
#2221=AXIS2_PLACEMENT_3D('',#3319,#2702,#2703);
#2222=AXIS2_PLACEMENT_3D('',#3321,#2705,#2706);
#2223=AXIS2_PLACEMENT_3D('',#3324,#2709,#2710);
#2224=AXIS2_PLACEMENT_3D('',#3330,#2714,#2715);
#2225=AXIS2_PLACEMENT_3D('',#3331,#2716,#2717);
#2226=AXIS2_PLACEMENT_3D('',#3332,#2718,#2719);
#2227=AXIS2_PLACEMENT_3D('',#3333,#2720,#2721);
#2228=AXIS2_PLACEMENT_3D('',#3342,#2726,#2727);
#2229=AXIS2_PLACEMENT_3D('',#3344,#2728,#2729);
#2230=AXIS2_PLACEMENT_3D('',#3346,#2730,#2731);
#2231=AXIS2_PLACEMENT_3D('',#3348,#2733,#2734);
#2232=AXIS2_PLACEMENT_3D('',#3351,#2737,#2738);
#2233=AXIS2_PLACEMENT_3D('',#3357,#2742,#2743);
#2234=AXIS2_PLACEMENT_3D('',#3358,#2744,#2745);
#2235=AXIS2_PLACEMENT_3D('',#3359,#2746,#2747);
#2236=AXIS2_PLACEMENT_3D('',#3360,#2748,#2749);
#2237=AXIS2_PLACEMENT_3D('',#3369,#2754,#2755);
#2238=AXIS2_PLACEMENT_3D('',#3371,#2756,#2757);
#2239=AXIS2_PLACEMENT_3D('',#3373,#2758,#2759);
#2240=AXIS2_PLACEMENT_3D('',#3375,#2761,#2762);
#2241=AXIS2_PLACEMENT_3D('',#3378,#2765,#2766);
#2242=AXIS2_PLACEMENT_3D('',#3384,#2770,#2771);
#2243=AXIS2_PLACEMENT_3D('',#3385,#2772,#2773);
#2244=AXIS2_PLACEMENT_3D('',#3386,#2774,#2775);
#2245=AXIS2_PLACEMENT_3D('',#3387,#2776,#2777);
#2246=AXIS2_PLACEMENT_3D('',#3396,#2782,#2783);
#2247=AXIS2_PLACEMENT_3D('',#3398,#2784,#2785);
#2248=AXIS2_PLACEMENT_3D('',#3400,#2786,#2787);
#2249=AXIS2_PLACEMENT_3D('',#3402,#2789,#2790);
#2250=AXIS2_PLACEMENT_3D('',#3405,#2793,#2794);
#2251=AXIS2_PLACEMENT_3D('',#3411,#2798,#2799);
#2252=AXIS2_PLACEMENT_3D('',#3412,#2800,#2801);
#2253=AXIS2_PLACEMENT_3D('',#3413,#2802,#2803);
#2254=AXIS2_PLACEMENT_3D('',#3414,#2804,#2805);
#2255=AXIS2_PLACEMENT_3D('',#3417,#2806,#2807);
#2256=AXIS2_PLACEMENT_3D('',#3421,#2809,#2810);
#2257=AXIS2_PLACEMENT_3D('',#3423,#2812,#2813);
#2258=AXIS2_PLACEMENT_3D('',#3429,#2817,#2818);
#2259=AXIS2_PLACEMENT_3D('',#3431,#2819,#2820);
#2260=AXIS2_PLACEMENT_3D('',#3433,#2821,#2822);
#2261=AXIS2_PLACEMENT_3D('',#3435,#2824,#2825);
#2262=AXIS2_PLACEMENT_3D('',#3438,#2828,#2829);
#2263=AXIS2_PLACEMENT_3D('',#3441,#2832,#2833);
#2264=AXIS2_PLACEMENT_3D('',#3445,#2836,#2837);
#2265=AXIS2_PLACEMENT_3D('',#3449,#2840,#2841);
#2266=AXIS2_PLACEMENT_3D('',#3451,#2842,#2843);
#2267=AXIS2_PLACEMENT_3D('',#3453,#2845,#2846);
#2268=AXIS2_PLACEMENT_3D('',#3457,#2849,#2850);
#2269=AXIS2_PLACEMENT_3D('',#3459,#2851,#2852);
#2270=AXIS2_PLACEMENT_3D('',#3461,#2854,#2855);
#2271=AXIS2_PLACEMENT_3D('',#3465,#2858,#2859);
#2272=AXIS2_PLACEMENT_3D('',#3469,#2862,#2863);
#2273=AXIS2_PLACEMENT_3D('',#3473,#2866,#2867);
#2274=AXIS2_PLACEMENT_3D('',#3475,#2868,#2869);
#2275=AXIS2_PLACEMENT_3D('',#3477,#2871,#2872);
#2276=AXIS2_PLACEMENT_3D('',#3481,#2875,#2876);
#2277=AXIS2_PLACEMENT_3D('',#3482,#2877,#2878);
#2278=AXIS2_PLACEMENT_3D('',#3483,#2879,#2880);
#2279=DIRECTION('axis',(0.,0.,1.));
#2280=DIRECTION('refdir',(1.,0.,0.));
#2281=DIRECTION('center_axis',(-1.,0.,0.));
#2282=DIRECTION('ref_axis',(0.,1.,0.));
#2283=DIRECTION('',(0.,-1.,0.));
#2284=DIRECTION('',(0.,0.,-1.));
#2285=DIRECTION('',(0.,1.,0.));
#2286=DIRECTION('',(0.,0.,-1.));
#2287=DIRECTION('center_axis',(0.,0.,1.));
#2288=DIRECTION('ref_axis',(1.,0.,0.));
#2289=DIRECTION('center_axis',(0.,0.,-1.));
#2290=DIRECTION('ref_axis',(1.,0.,0.));
#2291=DIRECTION('',(0.,0.,-1.));
#2292=DIRECTION('center_axis',(3.62521803959235E-16,0.,1.));
#2293=DIRECTION('ref_axis',(1.,0.,0.));
#2294=DIRECTION('center_axis',(0.,0.,1.));
#2295=DIRECTION('ref_axis',(0.,1.,0.));
#2296=DIRECTION('center_axis',(0.,0.,-1.));
#2297=DIRECTION('ref_axis',(0.,1.,0.));
#2298=DIRECTION('center_axis',(3.62521803959235E-16,0.,1.));
#2299=DIRECTION('ref_axis',(0.,1.,0.));
#2300=DIRECTION('',(0.,0.,-1.));
#2301=DIRECTION('center_axis',(-1.,0.,0.));
#2302=DIRECTION('ref_axis',(0.,1.,0.));
#2303=DIRECTION('',(0.,-1.,0.));
#2304=DIRECTION('',(0.,0.,-1.));
#2305=DIRECTION('',(0.,1.,0.));
#2306=DIRECTION('',(0.,0.,-1.));
#2307=DIRECTION('center_axis',(0.,0.,1.));
#2308=DIRECTION('ref_axis',(1.,0.,0.));
#2309=DIRECTION('center_axis',(0.,0.,-1.));
#2310=DIRECTION('ref_axis',(1.,0.,0.));
#2311=DIRECTION('',(0.,0.,-1.));
#2312=DIRECTION('center_axis',(3.62521803959235E-16,0.,1.));
#2313=DIRECTION('ref_axis',(1.,0.,0.));
#2314=DIRECTION('center_axis',(0.,0.,1.));
#2315=DIRECTION('ref_axis',(0.,1.,0.));
#2316=DIRECTION('center_axis',(0.,0.,-1.));
#2317=DIRECTION('ref_axis',(0.,1.,0.));
#2318=DIRECTION('center_axis',(3.62521803959235E-16,0.,1.));
#2319=DIRECTION('ref_axis',(0.,1.,0.));
#2320=DIRECTION('',(0.,0.,-1.));
#2321=DIRECTION('center_axis',(-1.,0.,0.));
#2322=DIRECTION('ref_axis',(0.,1.,0.));
#2323=DIRECTION('',(0.,-1.,0.));
#2324=DIRECTION('',(0.,0.,-1.));
#2325=DIRECTION('',(0.,1.,0.));
#2326=DIRECTION('',(0.,0.,-1.));
#2327=DIRECTION('center_axis',(0.,0.,1.));
#2328=DIRECTION('ref_axis',(1.,0.,0.));
#2329=DIRECTION('center_axis',(0.,0.,-1.));
#2330=DIRECTION('ref_axis',(1.,0.,0.));
#2331=DIRECTION('',(0.,0.,-1.));
#2332=DIRECTION('center_axis',(3.62521803959235E-16,0.,1.));
#2333=DIRECTION('ref_axis',(1.,0.,0.));
#2334=DIRECTION('center_axis',(0.,0.,1.));
#2335=DIRECTION('ref_axis',(0.,1.,0.));
#2336=DIRECTION('center_axis',(0.,0.,-1.));
#2337=DIRECTION('ref_axis',(0.,1.,0.));
#2338=DIRECTION('center_axis',(3.62521803959235E-16,0.,1.));
#2339=DIRECTION('ref_axis',(0.,1.,0.));
#2340=DIRECTION('',(0.,0.,-1.));
#2341=DIRECTION('center_axis',(-1.,0.,0.));
#2342=DIRECTION('ref_axis',(0.,1.,0.));
#2343=DIRECTION('',(0.,-1.,0.));
#2344=DIRECTION('',(0.,0.,-1.));
#2345=DIRECTION('',(0.,1.,0.));
#2346=DIRECTION('',(0.,0.,-1.));
#2347=DIRECTION('center_axis',(0.,0.,1.));
#2348=DIRECTION('ref_axis',(1.,0.,0.));
#2349=DIRECTION('center_axis',(0.,0.,-1.));
#2350=DIRECTION('ref_axis',(1.,0.,0.));
#2351=DIRECTION('',(0.,0.,-1.));
#2352=DIRECTION('center_axis',(3.62521803959235E-16,0.,1.));
#2353=DIRECTION('ref_axis',(1.,0.,0.));
#2354=DIRECTION('center_axis',(0.,0.,1.));
#2355=DIRECTION('ref_axis',(0.,1.,0.));
#2356=DIRECTION('center_axis',(0.,0.,-1.));
#2357=DIRECTION('ref_axis',(0.,1.,0.));
#2358=DIRECTION('center_axis',(3.62521803959235E-16,0.,1.));
#2359=DIRECTION('ref_axis',(0.,1.,0.));
#2360=DIRECTION('',(0.,0.,-1.));
#2361=DIRECTION('center_axis',(-1.,0.,0.));
#2362=DIRECTION('ref_axis',(0.,1.,0.));
#2363=DIRECTION('',(0.,-1.,0.));
#2364=DIRECTION('',(0.,0.,-1.));
#2365=DIRECTION('',(0.,1.,0.));
#2366=DIRECTION('',(0.,0.,-1.));
#2367=DIRECTION('center_axis',(0.,0.,1.));
#2368=DIRECTION('ref_axis',(1.,1.41025471530664E-15,0.));
#2369=DIRECTION('center_axis',(0.,0.,-1.));
#2370=DIRECTION('ref_axis',(1.,1.41025471530664E-15,0.));
#2371=DIRECTION('',(0.,0.,-1.));
#2372=DIRECTION('center_axis',(3.62521803959235E-16,0.,1.));
#2373=DIRECTION('ref_axis',(1.,1.41025471530664E-15,0.));
#2374=DIRECTION('center_axis',(0.,0.,1.));
#2375=DIRECTION('ref_axis',(0.,1.,0.));
#2376=DIRECTION('center_axis',(0.,0.,-1.));
#2377=DIRECTION('ref_axis',(0.,1.,0.));
#2378=DIRECTION('center_axis',(3.62521803959235E-16,0.,1.));
#2379=DIRECTION('ref_axis',(0.,1.,0.));
#2380=DIRECTION('',(0.,0.,-1.));
#2381=DIRECTION('center_axis',(-1.,0.,0.));
#2382=DIRECTION('ref_axis',(0.,1.,0.));
#2383=DIRECTION('',(0.,-1.,0.));
#2384=DIRECTION('',(0.,0.,-1.));
#2385=DIRECTION('',(0.,1.,0.));
#2386=DIRECTION('',(0.,0.,-1.));
#2387=DIRECTION('center_axis',(0.,0.,1.));
#2388=DIRECTION('ref_axis',(1.,0.,0.));
#2389=DIRECTION('center_axis',(0.,0.,-1.));
#2390=DIRECTION('ref_axis',(1.,0.,0.));
#2391=DIRECTION('',(0.,0.,-1.));
#2392=DIRECTION('center_axis',(3.62521803959235E-16,0.,1.));
#2393=DIRECTION('ref_axis',(1.,0.,0.));
#2394=DIRECTION('center_axis',(0.,0.,1.));
#2395=DIRECTION('ref_axis',(0.,1.,0.));
#2396=DIRECTION('center_axis',(0.,0.,-1.));
#2397=DIRECTION('ref_axis',(0.,1.,0.));
#2398=DIRECTION('center_axis',(3.62521803959235E-16,0.,1.));
#2399=DIRECTION('ref_axis',(0.,1.,0.));
#2400=DIRECTION('',(0.,0.,-1.));
#2401=DIRECTION('center_axis',(-1.,0.,0.));
#2402=DIRECTION('ref_axis',(0.,1.,0.));
#2403=DIRECTION('',(0.,-1.,0.));
#2404=DIRECTION('',(0.,0.,-1.));
#2405=DIRECTION('',(0.,1.,0.));
#2406=DIRECTION('',(0.,0.,-1.));
#2407=DIRECTION('center_axis',(0.,0.,1.));
#2408=DIRECTION('ref_axis',(1.,0.,0.));
#2409=DIRECTION('center_axis',(0.,0.,-1.));
#2410=DIRECTION('ref_axis',(1.,0.,0.));
#2411=DIRECTION('',(0.,0.,-1.));
#2412=DIRECTION('center_axis',(3.62521803959235E-16,0.,1.));
#2413=DIRECTION('ref_axis',(1.,0.,0.));
#2414=DIRECTION('center_axis',(0.,0.,1.));
#2415=DIRECTION('ref_axis',(0.,1.,0.));
#2416=DIRECTION('center_axis',(0.,0.,-1.));
#2417=DIRECTION('ref_axis',(0.,1.,0.));
#2418=DIRECTION('center_axis',(3.62521803959235E-16,0.,1.));
#2419=DIRECTION('ref_axis',(0.,1.,0.));
#2420=DIRECTION('',(0.,0.,-1.));
#2421=DIRECTION('center_axis',(-1.,0.,0.));
#2422=DIRECTION('ref_axis',(0.,1.,0.));
#2423=DIRECTION('',(0.,-1.,0.));
#2424=DIRECTION('',(0.,0.,-1.));
#2425=DIRECTION('',(0.,1.,0.));
#2426=DIRECTION('',(0.,0.,-1.));
#2427=DIRECTION('center_axis',(0.,0.,1.));
#2428=DIRECTION('ref_axis',(1.,0.,0.));
#2429=DIRECTION('center_axis',(0.,0.,-1.));
#2430=DIRECTION('ref_axis',(1.,0.,0.));
#2431=DIRECTION('',(0.,0.,-1.));
#2432=DIRECTION('center_axis',(3.62521803959235E-16,0.,1.));
#2433=DIRECTION('ref_axis',(1.,0.,0.));
#2434=DIRECTION('center_axis',(0.,0.,1.));
#2435=DIRECTION('ref_axis',(0.,1.,0.));
#2436=DIRECTION('center_axis',(0.,0.,-1.));
#2437=DIRECTION('ref_axis',(0.,1.,0.));
#2438=DIRECTION('center_axis',(3.62521803959235E-16,0.,1.));
#2439=DIRECTION('ref_axis',(0.,1.,0.));
#2440=DIRECTION('',(0.,0.,-1.));
#2441=DIRECTION('center_axis',(-1.,0.,0.));
#2442=DIRECTION('ref_axis',(0.,1.,0.));
#2443=DIRECTION('',(0.,-1.,0.));
#2444=DIRECTION('',(0.,0.,-1.));
#2445=DIRECTION('',(0.,1.,0.));
#2446=DIRECTION('',(0.,0.,-1.));
#2447=DIRECTION('center_axis',(0.,0.,1.));
#2448=DIRECTION('ref_axis',(1.,0.,0.));
#2449=DIRECTION('center_axis',(0.,0.,-1.));
#2450=DIRECTION('ref_axis',(1.,0.,0.));
#2451=DIRECTION('',(0.,0.,-1.));
#2452=DIRECTION('center_axis',(3.62521803959235E-16,0.,1.));
#2453=DIRECTION('ref_axis',(1.,0.,0.));
#2454=DIRECTION('center_axis',(0.,0.,1.));
#2455=DIRECTION('ref_axis',(0.,1.,0.));
#2456=DIRECTION('center_axis',(0.,0.,-1.));
#2457=DIRECTION('ref_axis',(0.,1.,0.));
#2458=DIRECTION('center_axis',(3.62521803959235E-16,0.,1.));
#2459=DIRECTION('ref_axis',(0.,1.,0.));
#2460=DIRECTION('',(0.,0.,-1.));
#2461=DIRECTION('center_axis',(0.,0.,1.));
#2462=DIRECTION('ref_axis',(0.,1.,0.));
#2463=DIRECTION('center_axis',(0.,0.,-1.));
#2464=DIRECTION('ref_axis',(0.,1.,0.));
#2465=DIRECTION('',(0.,0.,-1.));
#2466=DIRECTION('center_axis',(3.62521803959235E-16,0.,1.));
#2467=DIRECTION('ref_axis',(0.,1.,0.));
#2468=DIRECTION('',(0.,0.,-1.));
#2469=DIRECTION('center_axis',(-1.,0.,0.));
#2470=DIRECTION('ref_axis',(0.,1.,0.));
#2471=DIRECTION('',(0.,-1.,0.));
#2472=DIRECTION('',(0.,0.,-1.));
#2473=DIRECTION('',(0.,1.,0.));
#2474=DIRECTION('center_axis',(0.,0.,1.));
#2475=DIRECTION('ref_axis',(1.,1.41025471530664E-15,0.));
#2476=DIRECTION('center_axis',(0.,0.,-1.));
#2477=DIRECTION('ref_axis',(1.,1.41025471530664E-15,0.));
#2478=DIRECTION('',(0.,0.,-1.));
#2479=DIRECTION('center_axis',(3.62521803959235E-16,0.,1.));
#2480=DIRECTION('ref_axis',(1.,1.41025471530664E-15,0.));
#2481=DIRECTION('center_axis',(0.,-1.,0.));
#2482=DIRECTION('ref_axis',(0.,0.,-1.));
#2483=DIRECTION('center_axis',(0.,-1.,0.));
#2484=DIRECTION('ref_axis',(0.,0.,-1.));
#2485=DIRECTION('',(0.,1.,0.));
#2486=DIRECTION('center_axis',(0.,1.,0.));
#2487=DIRECTION('ref_axis',(0.,0.,-1.));
#2488=DIRECTION('',(0.,1.,0.));
#2489=DIRECTION('center_axis',(1.,0.,0.));
#2490=DIRECTION('ref_axis',(0.,0.,-1.));
#2491=DIRECTION('',(0.,0.,-1.));
#2492=DIRECTION('',(0.,1.,0.));
#2493=DIRECTION('',(0.,0.,-1.));
#2494=DIRECTION('center_axis',(0.,-1.,0.));
#2495=DIRECTION('ref_axis',(0.,0.,1.));
#2496=DIRECTION('center_axis',(0.,-1.,0.));
#2497=DIRECTION('ref_axis',(0.,0.,1.));
#2498=DIRECTION('',(0.,1.,0.));
#2499=DIRECTION('center_axis',(0.,-1.,0.));
#2500=DIRECTION('ref_axis',(0.,0.,1.));
#2501=DIRECTION('center_axis',(0.,0.,-1.));
#2502=DIRECTION('ref_axis',(-1.,0.,0.));
#2503=DIRECTION('',(-1.,0.,0.));
#2504=DIRECTION('',(0.,1.,0.));
#2505=DIRECTION('',(-1.,0.,0.));
#2506=DIRECTION('center_axis',(-1.,0.,0.));
#2507=DIRECTION('ref_axis',(0.,0.,1.));
#2508=DIRECTION('',(0.,0.,1.));
#2509=DIRECTION('',(0.,1.,0.));
#2510=DIRECTION('',(0.,0.,1.));
#2511=DIRECTION('center_axis',(0.,0.,1.));
#2512=DIRECTION('ref_axis',(1.,0.,0.));
#2513=DIRECTION('',(1.,0.,0.));
#2514=DIRECTION('',(0.,1.,0.));
#2515=DIRECTION('',(1.,0.,0.));
#2516=DIRECTION('center_axis',(0.,-1.,0.));
#2517=DIRECTION('ref_axis',(8.88178419700128E-15,0.,1.));
#2518=DIRECTION('center_axis',(0.,-1.,0.));
#2519=DIRECTION('ref_axis',(8.88178419700128E-15,0.,1.));
#2520=DIRECTION('',(0.,1.,0.));
#2521=DIRECTION('center_axis',(0.,1.,0.));
#2522=DIRECTION('ref_axis',(8.88178419700128E-15,0.,1.));
#2523=DIRECTION('center_axis',(-1.,0.,-4.44089209850063E-16));
#2524=DIRECTION('ref_axis',(-4.44089209850063E-16,0.,1.));
#2525=DIRECTION('',(-4.44089209850063E-16,0.,1.));
#2526=DIRECTION('',(0.,1.,0.));
#2527=DIRECTION('',(-4.44089209850063E-16,0.,1.));
#2528=DIRECTION('center_axis',(0.,-1.,0.));
#2529=DIRECTION('ref_axis',(0.,0.,-1.));
#2530=DIRECTION('center_axis',(0.,-1.,0.));
#2531=DIRECTION('ref_axis',(0.,0.,-1.));
#2532=DIRECTION('',(0.,1.,0.));
#2533=DIRECTION('center_axis',(0.,-1.,0.));
#2534=DIRECTION('ref_axis',(0.,0.,-1.));
#2535=DIRECTION('center_axis',(0.,1.,0.));
#2536=DIRECTION('ref_axis',(1.,0.,0.));
#2537=DIRECTION('center_axis',(0.,1.,0.));
#2538=DIRECTION('ref_axis',(0.,0.,-1.));
#2539=DIRECTION('',(4.44089209850063E-16,0.,1.));
#2540=DIRECTION('center_axis',(0.,-1.,0.));
#2541=DIRECTION('ref_axis',(-8.88178419700128E-15,0.,1.));
#2542=DIRECTION('',(-1.,0.,0.));
#2543=DIRECTION('',(0.,0.,1.));
#2544=DIRECTION('',(1.,0.,0.));
#2545=DIRECTION('center_axis',(0.,1.,0.));
#2546=DIRECTION('ref_axis',(0.,0.,1.));
#2547=DIRECTION('',(0.,0.,-1.));
#2548=DIRECTION('center_axis',(0.,-1.,0.));
#2549=DIRECTION('ref_axis',(0.,0.,-1.));
#2550=DIRECTION('',(1.,0.,3.62521803959235E-16));
#2551=DIRECTION('',(1.,0.,0.));
#2552=DIRECTION('center_axis',(-1.,0.,0.));
#2553=DIRECTION('ref_axis',(0.,1.,0.));
#2554=DIRECTION('',(0.,-1.,0.));
#2555=DIRECTION('',(0.,0.,-1.));
#2556=DIRECTION('',(0.,1.,0.));
#2557=DIRECTION('',(0.,0.,-1.));
#2558=DIRECTION('center_axis',(0.,0.,-1.));
#2559=DIRECTION('ref_axis',(-1.,0.,0.));
#2560=DIRECTION('center_axis',(0.,0.,1.));
#2561=DIRECTION('ref_axis',(-1.,0.,0.));
#2562=DIRECTION('center_axis',(3.62521803959235E-16,0.,-1.));
#2563=DIRECTION('ref_axis',(-1.,0.,0.));
#2564=DIRECTION('',(0.,0.,-1.));
#2565=DIRECTION('center_axis',(0.,-1.,0.));
#2566=DIRECTION('ref_axis',(-1.,0.,0.));
#2567=DIRECTION('',(1.,0.,0.));
#2568=DIRECTION('',(1.,0.,-3.62521803959235E-16));
#2569=DIRECTION('center_axis',(0.,1.,0.));
#2570=DIRECTION('ref_axis',(1.,0.,0.));
#2571=DIRECTION('',(-1.,0.,0.));
#2572=DIRECTION('',(-1.,0.,3.62521803959235E-16));
#2573=DIRECTION('',(0.,0.,-1.));
#2574=DIRECTION('center_axis',(0.,0.,-1.));
#2575=DIRECTION('ref_axis',(0.,1.,0.));
#2576=DIRECTION('center_axis',(0.,0.,1.));
#2577=DIRECTION('ref_axis',(0.,1.,0.));
#2578=DIRECTION('center_axis',(3.62521803959235E-16,0.,-1.));
#2579=DIRECTION('ref_axis',(0.,1.,0.));
#2580=DIRECTION('center_axis',(-1.,0.,0.));
#2581=DIRECTION('ref_axis',(0.,1.,0.));
#2582=DIRECTION('',(0.,-1.,0.));
#2583=DIRECTION('',(0.,0.,-1.));
#2584=DIRECTION('',(0.,1.,0.));
#2585=DIRECTION('',(0.,0.,-1.));
#2586=DIRECTION('center_axis',(0.,0.,-1.));
#2587=DIRECTION('ref_axis',(-1.,0.,0.));
#2588=DIRECTION('center_axis',(0.,0.,1.));
#2589=DIRECTION('ref_axis',(-1.,0.,0.));
#2590=DIRECTION('center_axis',(3.62521803959235E-16,0.,-1.));
#2591=DIRECTION('ref_axis',(-1.,0.,0.));
#2592=DIRECTION('',(0.,0.,-1.));
#2593=DIRECTION('center_axis',(0.,-1.,0.));
#2594=DIRECTION('ref_axis',(-1.,0.,0.));
#2595=DIRECTION('',(1.,0.,0.));
#2596=DIRECTION('',(1.,0.,-3.62521803959235E-16));
#2597=DIRECTION('center_axis',(0.,1.,0.));
#2598=DIRECTION('ref_axis',(1.,0.,0.));
#2599=DIRECTION('',(-1.,0.,0.));
#2600=DIRECTION('',(-1.,0.,3.62521803959235E-16));
#2601=DIRECTION('',(0.,0.,-1.));
#2602=DIRECTION('center_axis',(0.,0.,-1.));
#2603=DIRECTION('ref_axis',(0.,1.,0.));
#2604=DIRECTION('center_axis',(0.,0.,1.));
#2605=DIRECTION('ref_axis',(0.,1.,0.));
#2606=DIRECTION('center_axis',(3.62521803959235E-16,0.,-1.));
#2607=DIRECTION('ref_axis',(0.,1.,0.));
#2608=DIRECTION('center_axis',(-1.,0.,0.));
#2609=DIRECTION('ref_axis',(0.,1.,0.));
#2610=DIRECTION('',(0.,-1.,0.));
#2611=DIRECTION('',(0.,0.,-1.));
#2612=DIRECTION('',(0.,1.,0.));
#2613=DIRECTION('',(0.,0.,-1.));
#2614=DIRECTION('center_axis',(0.,0.,-1.));
#2615=DIRECTION('ref_axis',(-1.,0.,0.));
#2616=DIRECTION('center_axis',(0.,0.,1.));
#2617=DIRECTION('ref_axis',(-1.,0.,0.));
#2618=DIRECTION('center_axis',(3.62521803959235E-16,0.,-1.));
#2619=DIRECTION('ref_axis',(-1.,0.,0.));
#2620=DIRECTION('',(0.,0.,-1.));
#2621=DIRECTION('center_axis',(0.,-1.,0.));
#2622=DIRECTION('ref_axis',(-1.,0.,0.));
#2623=DIRECTION('',(1.,0.,0.));
#2624=DIRECTION('',(1.,0.,-3.62521803959235E-16));
#2625=DIRECTION('center_axis',(0.,1.,0.));
#2626=DIRECTION('ref_axis',(1.,0.,0.));
#2627=DIRECTION('',(-1.,0.,0.));
#2628=DIRECTION('',(-1.,0.,3.62521803959235E-16));
#2629=DIRECTION('',(0.,0.,-1.));
#2630=DIRECTION('center_axis',(0.,0.,-1.));
#2631=DIRECTION('ref_axis',(0.,1.,0.));
#2632=DIRECTION('center_axis',(0.,0.,1.));
#2633=DIRECTION('ref_axis',(0.,1.,0.));
#2634=DIRECTION('center_axis',(3.62521803959235E-16,0.,-1.));
#2635=DIRECTION('ref_axis',(0.,1.,0.));
#2636=DIRECTION('center_axis',(-1.,0.,0.));
#2637=DIRECTION('ref_axis',(0.,1.,0.));
#2638=DIRECTION('',(0.,-1.,0.));
#2639=DIRECTION('',(0.,0.,-1.));
#2640=DIRECTION('',(0.,1.,0.));
#2641=DIRECTION('',(0.,0.,-1.));
#2642=DIRECTION('center_axis',(0.,0.,-1.));
#2643=DIRECTION('ref_axis',(-1.,0.,0.));
#2644=DIRECTION('center_axis',(0.,0.,1.));
#2645=DIRECTION('ref_axis',(-1.,0.,0.));
#2646=DIRECTION('center_axis',(3.62521803959235E-16,0.,-1.));
#2647=DIRECTION('ref_axis',(-1.,0.,0.));
#2648=DIRECTION('',(0.,0.,-1.));
#2649=DIRECTION('center_axis',(0.,-1.,0.));
#2650=DIRECTION('ref_axis',(-1.,0.,0.));
#2651=DIRECTION('',(1.,0.,0.));
#2652=DIRECTION('',(1.,0.,-3.62521803959235E-16));
#2653=DIRECTION('center_axis',(0.,1.,0.));
#2654=DIRECTION('ref_axis',(1.,0.,0.));
#2655=DIRECTION('',(-1.,0.,0.));
#2656=DIRECTION('',(-1.,0.,3.62521803959235E-16));
#2657=DIRECTION('',(0.,0.,-1.));
#2658=DIRECTION('center_axis',(0.,0.,-1.));
#2659=DIRECTION('ref_axis',(0.,1.,0.));
#2660=DIRECTION('center_axis',(0.,0.,1.));
#2661=DIRECTION('ref_axis',(0.,1.,0.));
#2662=DIRECTION('center_axis',(3.62521803959235E-16,0.,-1.));
#2663=DIRECTION('ref_axis',(0.,1.,0.));
#2664=DIRECTION('center_axis',(-1.,0.,0.));
#2665=DIRECTION('ref_axis',(0.,1.,0.));
#2666=DIRECTION('',(0.,-1.,0.));
#2667=DIRECTION('',(0.,0.,-1.));
#2668=DIRECTION('',(0.,1.,0.));
#2669=DIRECTION('',(0.,0.,-1.));
#2670=DIRECTION('center_axis',(0.,0.,-1.));
#2671=DIRECTION('ref_axis',(-1.,1.41025471530664E-15,0.));
#2672=DIRECTION('center_axis',(0.,0.,1.));
#2673=DIRECTION('ref_axis',(-1.,1.41025471530664E-15,0.));
#2674=DIRECTION('center_axis',(3.62521803959235E-16,0.,-1.));
#2675=DIRECTION('ref_axis',(-1.,1.41025471530664E-15,0.));
#2676=DIRECTION('',(0.,0.,-1.));
#2677=DIRECTION('center_axis',(0.,-1.,0.));
#2678=DIRECTION('ref_axis',(-1.,0.,0.));
#2679=DIRECTION('',(1.,0.,0.));
#2680=DIRECTION('',(1.,0.,-3.62521803959235E-16));
#2681=DIRECTION('center_axis',(0.,1.,0.));
#2682=DIRECTION('ref_axis',(1.,0.,0.));
#2683=DIRECTION('',(-1.,0.,0.));
#2684=DIRECTION('',(-1.,0.,3.62521803959235E-16));
#2685=DIRECTION('',(0.,0.,-1.));
#2686=DIRECTION('center_axis',(0.,0.,-1.));
#2687=DIRECTION('ref_axis',(0.,1.,0.));
#2688=DIRECTION('center_axis',(0.,0.,1.));
#2689=DIRECTION('ref_axis',(0.,1.,0.));
#2690=DIRECTION('center_axis',(3.62521803959235E-16,0.,-1.));
#2691=DIRECTION('ref_axis',(0.,1.,0.));
#2692=DIRECTION('center_axis',(-1.,0.,0.));
#2693=DIRECTION('ref_axis',(0.,1.,0.));
#2694=DIRECTION('',(0.,-1.,0.));
#2695=DIRECTION('',(0.,0.,-1.));
#2696=DIRECTION('',(0.,1.,0.));
#2697=DIRECTION('',(0.,0.,-1.));
#2698=DIRECTION('center_axis',(0.,0.,-1.));
#2699=DIRECTION('ref_axis',(-1.,0.,0.));
#2700=DIRECTION('center_axis',(0.,0.,1.));
#2701=DIRECTION('ref_axis',(-1.,0.,0.));
#2702=DIRECTION('center_axis',(3.62521803959235E-16,0.,-1.));
#2703=DIRECTION('ref_axis',(-1.,0.,0.));
#2704=DIRECTION('',(0.,0.,-1.));
#2705=DIRECTION('center_axis',(0.,-1.,0.));
#2706=DIRECTION('ref_axis',(-1.,0.,0.));
#2707=DIRECTION('',(1.,0.,0.));
#2708=DIRECTION('',(1.,0.,-3.62521803959235E-16));
#2709=DIRECTION('center_axis',(0.,1.,0.));
#2710=DIRECTION('ref_axis',(1.,0.,0.));
#2711=DIRECTION('',(-1.,0.,0.));
#2712=DIRECTION('',(-1.,0.,3.62521803959235E-16));
#2713=DIRECTION('',(0.,0.,-1.));
#2714=DIRECTION('center_axis',(0.,0.,-1.));
#2715=DIRECTION('ref_axis',(0.,1.,0.));
#2716=DIRECTION('center_axis',(0.,0.,1.));
#2717=DIRECTION('ref_axis',(0.,1.,0.));
#2718=DIRECTION('center_axis',(3.62521803959235E-16,0.,-1.));
#2719=DIRECTION('ref_axis',(0.,1.,0.));
#2720=DIRECTION('center_axis',(-1.,0.,0.));
#2721=DIRECTION('ref_axis',(0.,1.,0.));
#2722=DIRECTION('',(0.,-1.,0.));
#2723=DIRECTION('',(0.,0.,-1.));
#2724=DIRECTION('',(0.,1.,0.));
#2725=DIRECTION('',(0.,0.,-1.));
#2726=DIRECTION('center_axis',(0.,0.,-1.));
#2727=DIRECTION('ref_axis',(-1.,0.,0.));
#2728=DIRECTION('center_axis',(0.,0.,1.));
#2729=DIRECTION('ref_axis',(-1.,0.,0.));
#2730=DIRECTION('center_axis',(3.62521803959235E-16,0.,-1.));
#2731=DIRECTION('ref_axis',(-1.,0.,0.));
#2732=DIRECTION('',(0.,0.,-1.));
#2733=DIRECTION('center_axis',(0.,-1.,0.));
#2734=DIRECTION('ref_axis',(-1.,0.,0.));
#2735=DIRECTION('',(1.,0.,0.));
#2736=DIRECTION('',(1.,0.,-3.62521803959235E-16));
#2737=DIRECTION('center_axis',(0.,1.,0.));
#2738=DIRECTION('ref_axis',(1.,0.,0.));
#2739=DIRECTION('',(-1.,0.,0.));
#2740=DIRECTION('',(-1.,0.,3.62521803959235E-16));
#2741=DIRECTION('',(0.,0.,-1.));
#2742=DIRECTION('center_axis',(0.,0.,-1.));
#2743=DIRECTION('ref_axis',(0.,1.,0.));
#2744=DIRECTION('center_axis',(0.,0.,1.));
#2745=DIRECTION('ref_axis',(0.,1.,0.));
#2746=DIRECTION('center_axis',(3.62521803959235E-16,0.,-1.));
#2747=DIRECTION('ref_axis',(0.,1.,0.));
#2748=DIRECTION('center_axis',(-1.,0.,0.));
#2749=DIRECTION('ref_axis',(0.,1.,0.));
#2750=DIRECTION('',(0.,-1.,0.));
#2751=DIRECTION('',(0.,0.,-1.));
#2752=DIRECTION('',(0.,1.,0.));
#2753=DIRECTION('',(0.,0.,-1.));
#2754=DIRECTION('center_axis',(0.,0.,-1.));
#2755=DIRECTION('ref_axis',(-1.,0.,0.));
#2756=DIRECTION('center_axis',(0.,0.,1.));
#2757=DIRECTION('ref_axis',(-1.,0.,0.));
#2758=DIRECTION('center_axis',(3.62521803959235E-16,0.,-1.));
#2759=DIRECTION('ref_axis',(-1.,0.,0.));
#2760=DIRECTION('',(0.,0.,-1.));
#2761=DIRECTION('center_axis',(0.,-1.,0.));
#2762=DIRECTION('ref_axis',(-1.,0.,0.));
#2763=DIRECTION('',(1.,0.,0.));
#2764=DIRECTION('',(1.,0.,-3.62521803959235E-16));
#2765=DIRECTION('center_axis',(0.,1.,0.));
#2766=DIRECTION('ref_axis',(1.,0.,0.));
#2767=DIRECTION('',(-1.,0.,0.));
#2768=DIRECTION('',(-1.,0.,3.62521803959235E-16));
#2769=DIRECTION('',(0.,0.,-1.));
#2770=DIRECTION('center_axis',(0.,0.,-1.));
#2771=DIRECTION('ref_axis',(0.,1.,0.));
#2772=DIRECTION('center_axis',(0.,0.,1.));
#2773=DIRECTION('ref_axis',(0.,1.,0.));
#2774=DIRECTION('center_axis',(3.62521803959235E-16,0.,-1.));
#2775=DIRECTION('ref_axis',(0.,1.,0.));
#2776=DIRECTION('center_axis',(-1.,0.,0.));
#2777=DIRECTION('ref_axis',(0.,1.,0.));
#2778=DIRECTION('',(0.,-1.,0.));
#2779=DIRECTION('',(0.,0.,-1.));
#2780=DIRECTION('',(0.,1.,0.));
#2781=DIRECTION('',(0.,0.,-1.));
#2782=DIRECTION('center_axis',(0.,0.,-1.));
#2783=DIRECTION('ref_axis',(-1.,0.,0.));
#2784=DIRECTION('center_axis',(0.,0.,1.));
#2785=DIRECTION('ref_axis',(-1.,0.,0.));
#2786=DIRECTION('center_axis',(3.62521803959235E-16,0.,-1.));
#2787=DIRECTION('ref_axis',(-1.,0.,0.));
#2788=DIRECTION('',(0.,0.,-1.));
#2789=DIRECTION('center_axis',(0.,-1.,0.));
#2790=DIRECTION('ref_axis',(-1.,0.,0.));
#2791=DIRECTION('',(1.,0.,0.));
#2792=DIRECTION('',(1.,0.,-3.62521803959235E-16));
#2793=DIRECTION('center_axis',(0.,1.,0.));
#2794=DIRECTION('ref_axis',(1.,0.,0.));
#2795=DIRECTION('',(-1.,0.,0.));
#2796=DIRECTION('',(-1.,0.,3.62521803959235E-16));
#2797=DIRECTION('',(0.,0.,-1.));
#2798=DIRECTION('center_axis',(0.,0.,-1.));
#2799=DIRECTION('ref_axis',(0.,1.,0.));
#2800=DIRECTION('center_axis',(0.,0.,1.));
#2801=DIRECTION('ref_axis',(0.,1.,0.));
#2802=DIRECTION('center_axis',(3.62521803959235E-16,0.,-1.));
#2803=DIRECTION('ref_axis',(0.,1.,0.));
#2804=DIRECTION('center_axis',(0.,0.,-1.));
#2805=DIRECTION('ref_axis',(0.,1.,0.));
#2806=DIRECTION('center_axis',(0.,0.,1.));
#2807=DIRECTION('ref_axis',(0.,1.,0.));
#2808=DIRECTION('',(0.,0.,-1.));
#2809=DIRECTION('center_axis',(3.62521803959235E-16,0.,-1.));
#2810=DIRECTION('ref_axis',(0.,1.,0.));
#2811=DIRECTION('',(0.,0.,-1.));
#2812=DIRECTION('center_axis',(-1.,0.,0.));
#2813=DIRECTION('ref_axis',(0.,1.,0.));
#2814=DIRECTION('',(0.,-1.,0.));
#2815=DIRECTION('',(0.,1.,0.));
#2816=DIRECTION('',(0.,0.,-1.));
#2817=DIRECTION('center_axis',(0.,0.,-1.));
#2818=DIRECTION('ref_axis',(-1.,1.41025471530664E-15,0.));
#2819=DIRECTION('center_axis',(0.,0.,1.));
#2820=DIRECTION('ref_axis',(-1.,1.41025471530664E-15,0.));
#2821=DIRECTION('center_axis',(3.62521803959235E-16,0.,-1.));
#2822=DIRECTION('ref_axis',(-1.,1.41025471530664E-15,0.));
#2823=DIRECTION('',(0.,0.,-1.));
#2824=DIRECTION('center_axis',(0.,-1.,0.));
#2825=DIRECTION('ref_axis',(-1.,0.,0.));
#2826=DIRECTION('',(1.,0.,0.));
#2827=DIRECTION('',(1.,0.,-3.62521803959235E-16));
#2828=DIRECTION('center_axis',(0.,1.,0.));
#2829=DIRECTION('ref_axis',(1.,0.,0.));
#2830=DIRECTION('',(-1.,0.,0.));
#2831=DIRECTION('',(-1.,0.,3.62521803959235E-16));
#2832=DIRECTION('center_axis',(-3.62521803959235E-16,0.,1.));
#2833=DIRECTION('ref_axis',(1.,0.,3.62521803959235E-16));
#2834=DIRECTION('',(0.,1.,0.));
#2835=DIRECTION('',(1.,0.,3.62521803959235E-16));
#2836=DIRECTION('center_axis',(0.,0.,-1.));
#2837=DIRECTION('ref_axis',(-1.,0.,0.));
#2838=DIRECTION('',(1.,0.,0.));
#2839=DIRECTION('',(0.,1.,0.));
#2840=DIRECTION('center_axis',(0.,1.,0.));
#2841=DIRECTION('ref_axis',(0.,0.,-1.));
#2842=DIRECTION('center_axis',(0.,1.,0.));
#2843=DIRECTION('ref_axis',(0.,0.,-1.));
#2844=DIRECTION('',(0.,1.,0.));
#2845=DIRECTION('center_axis',(1.,0.,0.));
#2846=DIRECTION('ref_axis',(0.,0.,-1.));
#2847=DIRECTION('',(0.,0.,-1.));
#2848=DIRECTION('',(0.,1.,0.));
#2849=DIRECTION('center_axis',(0.,1.,0.));
#2850=DIRECTION('ref_axis',(0.,0.,1.));
#2851=DIRECTION('center_axis',(0.,1.,0.));
#2852=DIRECTION('ref_axis',(0.,0.,1.));
#2853=DIRECTION('',(0.,1.,0.));
#2854=DIRECTION('center_axis',(0.,0.,1.));
#2855=DIRECTION('ref_axis',(1.,0.,0.));
#2856=DIRECTION('',(1.,0.,0.));
#2857=DIRECTION('',(0.,1.,0.));
#2858=DIRECTION('center_axis',(-1.,0.,0.));
#2859=DIRECTION('ref_axis',(0.,0.,1.));
#2860=DIRECTION('',(0.,0.,1.));
#2861=DIRECTION('',(0.,1.,0.));
#2862=DIRECTION('center_axis',(0.,0.,-1.));
#2863=DIRECTION('ref_axis',(-1.,0.,0.));
#2864=DIRECTION('',(-1.,0.,0.));
#2865=DIRECTION('',(0.,1.,0.));
#2866=DIRECTION('center_axis',(0.,1.,0.));
#2867=DIRECTION('ref_axis',(-8.88178419700128E-15,0.,1.));
#2868=DIRECTION('center_axis',(0.,1.,0.));
#2869=DIRECTION('ref_axis',(-8.88178419700128E-15,0.,1.));
#2870=DIRECTION('',(0.,1.,0.));
#2871=DIRECTION('center_axis',(-1.,0.,4.44089209850063E-16));
#2872=DIRECTION('ref_axis',(4.44089209850063E-16,0.,1.));
#2873=DIRECTION('',(4.44089209850063E-16,0.,1.));
#2874=DIRECTION('',(0.,1.,0.));
#2875=DIRECTION('center_axis',(0.,1.,0.));
#2876=DIRECTION('ref_axis',(0.,0.,-1.));
#2877=DIRECTION('center_axis',(0.,1.,0.));
#2878=DIRECTION('ref_axis',(0.,0.,-1.));
#2879=DIRECTION('center_axis',(0.,1.,0.));
#2880=DIRECTION('ref_axis',(1.,0.,0.));
#2881=CARTESIAN_POINT('',(0.,0.,0.));
#2882=CARTESIAN_POINT('Origin',(3.15,-68.351,1.00000000000001));
#2883=CARTESIAN_POINT('',(3.15,-56.649,0.));
#2884=CARTESIAN_POINT('',(3.15,-68.351,0.));
#2885=CARTESIAN_POINT('',(3.15,-99.4255,0.));
#2886=CARTESIAN_POINT('',(3.15,-68.351,1.00000000000001));
#2887=CARTESIAN_POINT('',(3.15,-68.351,1.00000000000001));
#2888=CARTESIAN_POINT('',(3.15,-56.649,1.00000000000001));
#2889=CARTESIAN_POINT('',(3.15,-99.4255,1.00000000000001));
#2890=CARTESIAN_POINT('',(3.15,-56.649,1.00000000000001));
#2891=CARTESIAN_POINT('Origin',(0.000999999999999565,-68.351,1.00000000000001));
#2892=CARTESIAN_POINT('',(0.000999999999999386,-71.5,0.));
#2893=CARTESIAN_POINT('Origin',(0.000999999999999565,-68.351,0.));
#2894=CARTESIAN_POINT('',(0.000999999999999386,-71.5,1.00000000000001));
#2895=CARTESIAN_POINT('',(0.000999999999999386,-71.5,1.00000000000001));
#2896=CARTESIAN_POINT('Origin',(0.000999999999999565,-68.351,1.));
#2897=CARTESIAN_POINT('Origin',(0.00100000000000042,-56.649,1.00000000000001));
#2898=CARTESIAN_POINT('',(0.00100000000000042,-53.5,0.));
#2899=CARTESIAN_POINT('Origin',(0.00100000000000042,-56.649,0.));
#2900=CARTESIAN_POINT('',(0.00100000000000042,-53.5,1.00000000000001));
#2901=CARTESIAN_POINT('Origin',(0.00100000000000042,-56.649,1.));
#2902=CARTESIAN_POINT('',(0.00100000000000042,-53.5,1.00000000000001));
#2903=CARTESIAN_POINT('Origin',(3.15,31.649,1.00000000000001));
#2904=CARTESIAN_POINT('',(3.15,43.351,0.));
#2905=CARTESIAN_POINT('',(3.15,31.649,0.));
#2906=CARTESIAN_POINT('',(3.15,-49.4255,0.));
#2907=CARTESIAN_POINT('',(3.15,31.649,1.00000000000001));
#2908=CARTESIAN_POINT('',(3.15,31.649,1.00000000000001));
#2909=CARTESIAN_POINT('',(3.15,43.351,1.00000000000001));
#2910=CARTESIAN_POINT('',(3.15,-49.4255,1.00000000000001));
#2911=CARTESIAN_POINT('',(3.15,43.351,1.00000000000001));
#2912=CARTESIAN_POINT('Origin',(0.000999999999999565,31.649,1.00000000000001));
#2913=CARTESIAN_POINT('',(0.000999999999999386,28.5,0.));
#2914=CARTESIAN_POINT('Origin',(0.000999999999999565,31.649,0.));
#2915=CARTESIAN_POINT('',(0.000999999999999386,28.5,1.00000000000001));
#2916=CARTESIAN_POINT('',(0.000999999999999386,28.5,1.00000000000001));
#2917=CARTESIAN_POINT('Origin',(0.000999999999999565,31.649,1.));
#2918=CARTESIAN_POINT('Origin',(0.00100000000000042,43.351,1.00000000000001));
#2919=CARTESIAN_POINT('',(0.00100000000000042,46.5,0.));
#2920=CARTESIAN_POINT('Origin',(0.00100000000000042,43.351,0.));
#2921=CARTESIAN_POINT('',(0.00100000000000042,46.5,1.00000000000001));
#2922=CARTESIAN_POINT('Origin',(0.00100000000000042,43.351,1.));
#2923=CARTESIAN_POINT('',(0.00100000000000042,46.5,1.00000000000001));
#2924=CARTESIAN_POINT('Origin',(3.15,106.649,1.00000000000001));
#2925=CARTESIAN_POINT('',(3.15,118.351,0.));
#2926=CARTESIAN_POINT('',(3.15,106.649,0.));
#2927=CARTESIAN_POINT('',(3.15,-11.9255,0.));
#2928=CARTESIAN_POINT('',(3.15,106.649,1.00000000000001));
#2929=CARTESIAN_POINT('',(3.15,106.649,1.00000000000001));
#2930=CARTESIAN_POINT('',(3.15,118.351,1.00000000000001));
#2931=CARTESIAN_POINT('',(3.15,-11.9255,1.00000000000001));
#2932=CARTESIAN_POINT('',(3.15,118.351,1.00000000000001));
#2933=CARTESIAN_POINT('Origin',(0.000999999999999565,106.649,1.00000000000001));
#2934=CARTESIAN_POINT('',(0.000999999999999386,103.5,0.));
#2935=CARTESIAN_POINT('Origin',(0.000999999999999565,106.649,0.));
#2936=CARTESIAN_POINT('',(0.000999999999999386,103.5,1.00000000000001));
#2937=CARTESIAN_POINT('',(0.000999999999999386,103.5,1.00000000000001));
#2938=CARTESIAN_POINT('Origin',(0.000999999999999565,106.649,1.));
#2939=CARTESIAN_POINT('Origin',(0.00100000000000042,118.351,1.00000000000001));
#2940=CARTESIAN_POINT('',(0.00100000000000042,121.5,0.));
#2941=CARTESIAN_POINT('Origin',(0.00100000000000042,118.351,0.));
#2942=CARTESIAN_POINT('',(0.00100000000000042,121.5,1.00000000000001));
#2943=CARTESIAN_POINT('Origin',(0.00100000000000042,118.351,1.));
#2944=CARTESIAN_POINT('',(0.00100000000000042,121.5,1.00000000000001));
#2945=CARTESIAN_POINT('Origin',(3.15,6.64899999999999,1.00000000000001));
#2946=CARTESIAN_POINT('',(3.15,18.351,0.));
#2947=CARTESIAN_POINT('',(3.15,6.64899999999999,0.));
#2948=CARTESIAN_POINT('',(3.15,-61.9255,0.));
#2949=CARTESIAN_POINT('',(3.15,6.64899999999999,1.00000000000001));
#2950=CARTESIAN_POINT('',(3.15,6.64899999999999,1.00000000000001));
#2951=CARTESIAN_POINT('',(3.15,18.351,1.00000000000001));
#2952=CARTESIAN_POINT('',(3.15,-61.9255,1.00000000000001));
#2953=CARTESIAN_POINT('',(3.15,18.351,1.00000000000001));
#2954=CARTESIAN_POINT('Origin',(0.000999999999999565,6.64899999999999,1.00000000000001));
#2955=CARTESIAN_POINT('',(0.000999999999999386,3.5,0.));
#2956=CARTESIAN_POINT('Origin',(0.000999999999999565,6.64899999999999,0.));
#2957=CARTESIAN_POINT('',(0.000999999999999386,3.5,1.00000000000001));
#2958=CARTESIAN_POINT('',(0.000999999999999386,3.5,1.00000000000001));
#2959=CARTESIAN_POINT('Origin',(0.000999999999999565,6.64899999999999,1.));
#2960=CARTESIAN_POINT('Origin',(0.00100000000000042,18.351,1.00000000000001));
#2961=CARTESIAN_POINT('',(0.00100000000000042,21.5,0.));
#2962=CARTESIAN_POINT('Origin',(0.00100000000000042,18.351,0.));
#2963=CARTESIAN_POINT('',(0.00100000000000042,21.5,1.00000000000001));
#2964=CARTESIAN_POINT('Origin',(0.00100000000000042,18.351,1.));
#2965=CARTESIAN_POINT('',(0.00100000000000042,21.5,1.00000000000001));
#2966=CARTESIAN_POINT('Origin',(3.15,-93.351,1.00000000000001));
#2967=CARTESIAN_POINT('',(3.15,-81.649,0.));
#2968=CARTESIAN_POINT('',(3.15,-93.351,0.));
#2969=CARTESIAN_POINT('',(3.15,-111.9255,0.));
#2970=CARTESIAN_POINT('',(3.15,-93.351,1.00000000000001));
#2971=CARTESIAN_POINT('',(3.15,-93.351,1.00000000000001));
#2972=CARTESIAN_POINT('',(3.15,-81.649,1.00000000000001));
#2973=CARTESIAN_POINT('',(3.15,-111.9255,1.00000000000001));
#2974=CARTESIAN_POINT('',(3.15,-81.649,1.00000000000001));
#2975=CARTESIAN_POINT('Origin',(0.000999999999999565,-93.351,1.00000000000001));
#2976=CARTESIAN_POINT('',(0.000999999999999386,-96.5,0.));
#2977=CARTESIAN_POINT('Origin',(0.000999999999999565,-93.351,0.));
#2978=CARTESIAN_POINT('',(0.000999999999999386,-96.5,1.00000000000001));
#2979=CARTESIAN_POINT('',(0.000999999999999386,-96.5,1.00000000000001));
#2980=CARTESIAN_POINT('Origin',(0.000999999999999565,-93.351,1.));
#2981=CARTESIAN_POINT('Origin',(0.00100000000000042,-81.649,1.00000000000001));
#2982=CARTESIAN_POINT('',(0.00100000000000042,-78.5,0.));
#2983=CARTESIAN_POINT('Origin',(0.00100000000000042,-81.649,0.));
#2984=CARTESIAN_POINT('',(0.00100000000000042,-78.5,1.00000000000001));
#2985=CARTESIAN_POINT('Origin',(0.00100000000000042,-81.649,1.));
#2986=CARTESIAN_POINT('',(0.00100000000000042,-78.5,1.00000000000001));
#2987=CARTESIAN_POINT('Origin',(3.15,-43.351,1.00000000000001));
#2988=CARTESIAN_POINT('',(3.15,-31.649,0.));
#2989=CARTESIAN_POINT('',(3.15,-43.351,0.));
#2990=CARTESIAN_POINT('',(3.15,-86.9255,0.));
#2991=CARTESIAN_POINT('',(3.15,-43.351,1.00000000000001));
#2992=CARTESIAN_POINT('',(3.15,-43.351,1.00000000000001));
#2993=CARTESIAN_POINT('',(3.15,-31.649,1.00000000000001));
#2994=CARTESIAN_POINT('',(3.15,-86.9255,1.00000000000001));
#2995=CARTESIAN_POINT('',(3.15,-31.649,1.00000000000001));
#2996=CARTESIAN_POINT('Origin',(0.000999999999999565,-43.351,1.00000000000001));
#2997=CARTESIAN_POINT('',(0.000999999999999386,-46.5,0.));
#2998=CARTESIAN_POINT('Origin',(0.000999999999999565,-43.351,0.));
#2999=CARTESIAN_POINT('',(0.000999999999999386,-46.5,1.00000000000001));
#3000=CARTESIAN_POINT('',(0.000999999999999386,-46.5,1.00000000000001));
#3001=CARTESIAN_POINT('Origin',(0.000999999999999565,-43.351,1.));
#3002=CARTESIAN_POINT('Origin',(0.00100000000000042,-31.649,1.00000000000001));
#3003=CARTESIAN_POINT('',(0.00100000000000042,-28.5,0.));
#3004=CARTESIAN_POINT('Origin',(0.00100000000000042,-31.649,0.));
#3005=CARTESIAN_POINT('',(0.00100000000000042,-28.5,1.00000000000001));
#3006=CARTESIAN_POINT('Origin',(0.00100000000000042,-31.649,1.));
#3007=CARTESIAN_POINT('',(0.00100000000000042,-28.5,1.00000000000001));
#3008=CARTESIAN_POINT('Origin',(3.15,56.649,1.00000000000001));
#3009=CARTESIAN_POINT('',(3.15,68.351,0.));
#3010=CARTESIAN_POINT('',(3.15,56.649,0.));
#3011=CARTESIAN_POINT('',(3.15,-36.9255,0.));
#3012=CARTESIAN_POINT('',(3.15,56.649,1.00000000000001));
#3013=CARTESIAN_POINT('',(3.15,56.649,1.00000000000001));
#3014=CARTESIAN_POINT('',(3.15,68.351,1.00000000000001));
#3015=CARTESIAN_POINT('',(3.15,-36.9255,1.00000000000001));
#3016=CARTESIAN_POINT('',(3.15,68.351,1.00000000000001));
#3017=CARTESIAN_POINT('Origin',(0.000999999999999565,56.649,1.00000000000001));
#3018=CARTESIAN_POINT('',(0.000999999999999386,53.5,0.));
#3019=CARTESIAN_POINT('Origin',(0.000999999999999565,56.649,0.));
#3020=CARTESIAN_POINT('',(0.000999999999999386,53.5,1.00000000000001));
#3021=CARTESIAN_POINT('',(0.000999999999999386,53.5,1.00000000000001));
#3022=CARTESIAN_POINT('Origin',(0.000999999999999565,56.649,1.));
#3023=CARTESIAN_POINT('Origin',(0.00100000000000042,68.351,1.00000000000001));
#3024=CARTESIAN_POINT('',(0.00100000000000042,71.5,0.));
#3025=CARTESIAN_POINT('Origin',(0.00100000000000042,68.351,0.));
#3026=CARTESIAN_POINT('',(0.00100000000000042,71.5,1.00000000000001));
#3027=CARTESIAN_POINT('Origin',(0.00100000000000042,68.351,1.));
#3028=CARTESIAN_POINT('',(0.00100000000000042,71.5,1.00000000000001));
#3029=CARTESIAN_POINT('Origin',(3.15,81.649,1.00000000000001));
#3030=CARTESIAN_POINT('',(3.15,93.351,0.));
#3031=CARTESIAN_POINT('',(3.15,81.649,0.));
#3032=CARTESIAN_POINT('',(3.15,-24.4255,0.));
#3033=CARTESIAN_POINT('',(3.15,81.649,1.00000000000001));
#3034=CARTESIAN_POINT('',(3.15,81.649,1.00000000000001));
#3035=CARTESIAN_POINT('',(3.15,93.351,1.00000000000001));
#3036=CARTESIAN_POINT('',(3.15,-24.4255,1.00000000000001));
#3037=CARTESIAN_POINT('',(3.15,93.351,1.00000000000001));
#3038=CARTESIAN_POINT('Origin',(0.000999999999999565,81.649,1.00000000000001));
#3039=CARTESIAN_POINT('',(0.000999999999999386,78.5,0.));
#3040=CARTESIAN_POINT('Origin',(0.000999999999999565,81.649,0.));
#3041=CARTESIAN_POINT('',(0.000999999999999386,78.5,1.00000000000001));
#3042=CARTESIAN_POINT('',(0.000999999999999386,78.5,1.00000000000001));
#3043=CARTESIAN_POINT('Origin',(0.000999999999999565,81.649,1.));
#3044=CARTESIAN_POINT('Origin',(0.00100000000000042,93.351,1.00000000000001));
#3045=CARTESIAN_POINT('',(0.00100000000000042,96.5,0.));
#3046=CARTESIAN_POINT('Origin',(0.00100000000000042,93.351,0.));
#3047=CARTESIAN_POINT('',(0.00100000000000042,96.5,1.00000000000001));
#3048=CARTESIAN_POINT('Origin',(0.00100000000000042,93.351,1.));
#3049=CARTESIAN_POINT('',(0.00100000000000042,96.5,1.00000000000001));
#3050=CARTESIAN_POINT('Origin',(3.15,-18.351,1.00000000000001));
#3051=CARTESIAN_POINT('',(3.15,-6.64899999999999,0.));
#3052=CARTESIAN_POINT('',(3.15,-18.351,0.));
#3053=CARTESIAN_POINT('',(3.15,-74.4255,0.));
#3054=CARTESIAN_POINT('',(3.15,-18.351,1.00000000000001));
#3055=CARTESIAN_POINT('',(3.15,-18.351,1.00000000000001));
#3056=CARTESIAN_POINT('',(3.15,-6.64899999999999,1.00000000000001));
#3057=CARTESIAN_POINT('',(3.15,-74.4255,1.00000000000001));
#3058=CARTESIAN_POINT('',(3.15,-6.64899999999999,1.00000000000001));
#3059=CARTESIAN_POINT('Origin',(0.000999999999999565,-18.351,1.00000000000001));
#3060=CARTESIAN_POINT('',(0.000999999999999386,-21.5,0.));
#3061=CARTESIAN_POINT('Origin',(0.000999999999999565,-18.351,0.));
#3062=CARTESIAN_POINT('',(0.000999999999999386,-21.5,1.00000000000001));
#3063=CARTESIAN_POINT('',(0.000999999999999386,-21.5,1.00000000000001));
#3064=CARTESIAN_POINT('Origin',(0.000999999999999565,-18.351,1.));
#3065=CARTESIAN_POINT('Origin',(0.00100000000000042,-6.64899999999999,1.00000000000001));
#3066=CARTESIAN_POINT('',(0.00100000000000042,-3.5,0.));
#3067=CARTESIAN_POINT('Origin',(0.00100000000000042,-6.64899999999999,0.));
#3068=CARTESIAN_POINT('',(0.00100000000000042,-3.5,1.00000000000001));
#3069=CARTESIAN_POINT('Origin',(0.00100000000000042,-6.64899999999999,1.));
#3070=CARTESIAN_POINT('',(0.00100000000000042,-3.5,1.00000000000001));
#3071=CARTESIAN_POINT('Origin',(0.00100000000000042,-106.649,1.00000000000001));
#3072=CARTESIAN_POINT('',(0.00100000000000042,-103.5,0.));
#3073=CARTESIAN_POINT('',(3.15,-106.649,0.));
#3074=CARTESIAN_POINT('Origin',(0.00100000000000042,-106.649,0.));
#3075=CARTESIAN_POINT('',(3.15,-106.649,1.00000000000001));
#3076=CARTESIAN_POINT('',(3.15,-106.649,1.00000000000001));
#3077=CARTESIAN_POINT('',(0.00100000000000042,-103.5,1.00000000000001));
#3078=CARTESIAN_POINT('Origin',(0.00100000000000042,-106.649,1.));
#3079=CARTESIAN_POINT('',(0.00100000000000042,-103.5,1.00000000000001));
#3080=CARTESIAN_POINT('Origin',(3.15,-118.351,1.00000000000001));
#3081=CARTESIAN_POINT('',(3.15,-118.351,0.));
#3082=CARTESIAN_POINT('',(3.15,-124.4255,0.));
#3083=CARTESIAN_POINT('',(3.15,-118.351,1.00000000000001));
#3084=CARTESIAN_POINT('',(3.15,-118.351,1.00000000000001));
#3085=CARTESIAN_POINT('',(3.15,-124.4255,1.00000000000001));
#3086=CARTESIAN_POINT('Origin',(0.000999999999999565,-118.351,1.00000000000001));
#3087=CARTESIAN_POINT('',(0.000999999999999305,-121.5,0.));
#3088=CARTESIAN_POINT('Origin',(0.000999999999999565,-118.351,0.));
#3089=CARTESIAN_POINT('',(0.000999999999999305,-121.5,1.00000000000001));
#3090=CARTESIAN_POINT('',(0.000999999999999305,-121.5,1.00000000000001));
#3091=CARTESIAN_POINT('Origin',(0.000999999999999565,-118.351,1.));
#3092=CARTESIAN_POINT('Origin',(12.25,-130.5,1.25));
#3093=CARTESIAN_POINT('',(12.25,-130.5,1.));
#3094=CARTESIAN_POINT('',(12.5,-130.5,1.25));
#3095=CARTESIAN_POINT('Origin',(12.25,-130.5,1.25));
#3096=CARTESIAN_POINT('',(12.5,130.5,1.25));
#3097=CARTESIAN_POINT('',(12.5,-130.5,1.25));
#3098=CARTESIAN_POINT('',(12.25,130.5,1.));
#3099=CARTESIAN_POINT('Origin',(12.25,130.5,1.25));
#3100=CARTESIAN_POINT('',(12.25,-130.5,1.));
#3101=CARTESIAN_POINT('Origin',(12.5,-130.5,6.25));
#3102=CARTESIAN_POINT('',(12.5,-130.5,6.25));
#3103=CARTESIAN_POINT('',(12.5,-130.5,6.25));
#3104=CARTESIAN_POINT('',(12.5,130.5,6.25));
#3105=CARTESIAN_POINT('',(12.5,-130.5,6.25));
#3106=CARTESIAN_POINT('',(12.5,130.5,6.25));
#3107=CARTESIAN_POINT('Origin',(13.75,-130.5,6.25));
#3108=CARTESIAN_POINT('',(13.75,-130.5,7.5));
#3109=CARTESIAN_POINT('Origin',(13.75,-130.5,6.25));
#3110=CARTESIAN_POINT('',(13.75,130.5,7.5));
#3111=CARTESIAN_POINT('',(13.75,-130.5,7.5));
#3112=CARTESIAN_POINT('Origin',(13.75,130.5,6.25));
#3113=CARTESIAN_POINT('Origin',(17.5,-130.5,7.5));
#3114=CARTESIAN_POINT('',(17.5,-130.5,7.5));
#3115=CARTESIAN_POINT('',(17.5,-130.5,7.5));
#3116=CARTESIAN_POINT('',(17.5,130.5,7.5));
#3117=CARTESIAN_POINT('',(17.5,-130.5,7.5));
#3118=CARTESIAN_POINT('',(17.5,130.5,7.5));
#3119=CARTESIAN_POINT('Origin',(17.5,-130.5,6.5));
#3120=CARTESIAN_POINT('',(17.5,-130.5,6.5));
#3121=CARTESIAN_POINT('',(17.5,-130.5,6.5));
#3122=CARTESIAN_POINT('',(17.5,130.5,6.5));
#3123=CARTESIAN_POINT('',(17.5,-130.5,6.5));
#3124=CARTESIAN_POINT('',(17.5,130.5,6.5));
#3125=CARTESIAN_POINT('Origin',(13.75,-130.5,6.5));
#3126=CARTESIAN_POINT('',(13.75,-130.5,6.5));
#3127=CARTESIAN_POINT('',(13.75,-130.5,6.5));
#3128=CARTESIAN_POINT('',(13.75,130.5,6.5));
#3129=CARTESIAN_POINT('',(13.75,-130.5,6.5));
#3130=CARTESIAN_POINT('',(13.75,130.5,6.5));
#3131=CARTESIAN_POINT('Origin',(13.75,-130.5,6.25));
#3132=CARTESIAN_POINT('',(13.5,-130.5,6.25));
#3133=CARTESIAN_POINT('Origin',(13.75,-130.5,6.25));
#3134=CARTESIAN_POINT('',(13.5,130.5,6.25));
#3135=CARTESIAN_POINT('',(13.5,-130.5,6.25));
#3136=CARTESIAN_POINT('Origin',(13.75,130.5,6.25));
#3137=CARTESIAN_POINT('Origin',(13.5,-130.5,1.25));
#3138=CARTESIAN_POINT('',(13.5,-130.5,1.25));
#3139=CARTESIAN_POINT('',(13.5,-130.5,1.25));
#3140=CARTESIAN_POINT('',(13.5,130.5,1.25));
#3141=CARTESIAN_POINT('',(13.5,-130.5,1.25));
#3142=CARTESIAN_POINT('',(13.5,130.5,1.25));
#3143=CARTESIAN_POINT('Origin',(12.25,-130.5,1.25));
#3144=CARTESIAN_POINT('',(12.25,-130.5,0.));
#3145=CARTESIAN_POINT('Origin',(12.25,-130.5,1.25));
#3146=CARTESIAN_POINT('',(12.25,130.5,0.));
#3147=CARTESIAN_POINT('',(12.25,-130.5,0.));
#3148=CARTESIAN_POINT('Origin',(12.25,130.5,1.25));
#3149=CARTESIAN_POINT('Origin',(-8.75000000000001,130.5,3.75));
#3150=CARTESIAN_POINT('',(-12.25,130.5,0.));
#3151=CARTESIAN_POINT('',(-13.5,130.5,1.25));
#3152=CARTESIAN_POINT('Origin',(-12.25,130.5,1.25));
#3153=CARTESIAN_POINT('',(-13.5,130.5,6.25));
#3154=CARTESIAN_POINT('',(-13.5,130.5,1.25));
#3155=CARTESIAN_POINT('',(-13.75,130.5,6.5));
#3156=CARTESIAN_POINT('Origin',(-13.75,130.5,6.25));
#3157=CARTESIAN_POINT('',(-17.5,130.5,6.5));
#3158=CARTESIAN_POINT('',(-13.75,130.5,6.5));
#3159=CARTESIAN_POINT('',(-17.5,130.5,7.5));
#3160=CARTESIAN_POINT('',(-17.5,130.5,6.5));
#3161=CARTESIAN_POINT('',(-13.75,130.5,7.5));
#3162=CARTESIAN_POINT('',(-17.5,130.5,7.5));
#3163=CARTESIAN_POINT('',(-12.5,130.5,6.25));
#3164=CARTESIAN_POINT('Origin',(-13.75,130.5,6.25));
#3165=CARTESIAN_POINT('',(-12.5,130.5,1.25));
#3166=CARTESIAN_POINT('',(-12.5,130.5,6.25));
#3167=CARTESIAN_POINT('',(-12.25,130.5,1.));
#3168=CARTESIAN_POINT('Origin',(-12.25,130.5,1.25));
#3169=CARTESIAN_POINT('',(-12.25,130.5,1.));
#3170=CARTESIAN_POINT('',(8.95686519744587E-15,130.5,0.));
#3171=CARTESIAN_POINT('Origin',(-3.15,-68.351,1.00000000000001));
#3172=CARTESIAN_POINT('',(-3.15,-56.649,0.));
#3173=CARTESIAN_POINT('',(-3.15,-68.351,0.));
#3174=CARTESIAN_POINT('',(-3.15,-99.4255,0.));
#3175=CARTESIAN_POINT('',(-3.15,-56.649,1.00000000000001));
#3176=CARTESIAN_POINT('',(-3.15,-56.649,1.00000000000001));
#3177=CARTESIAN_POINT('',(-3.15,-68.351,1.00000000000001));
#3178=CARTESIAN_POINT('',(-3.15,-99.4255,1.00000000000001));
#3179=CARTESIAN_POINT('',(-3.15,-68.351,1.00000000000001));
#3180=CARTESIAN_POINT('Origin',(-0.00099999999999949,-68.351,1.00000000000001));
#3181=CARTESIAN_POINT('',(-0.000999999999999311,-71.5,0.));
#3182=CARTESIAN_POINT('Origin',(-0.00099999999999949,-68.351,0.));
#3183=CARTESIAN_POINT('',(-0.000999999999999311,-71.5,1.00000000000001));
#3184=CARTESIAN_POINT('Origin',(-0.00099999999999949,-68.351,1.));
#3185=CARTESIAN_POINT('',(-0.000999999999999311,-71.5,1.00000000000001));
#3186=CARTESIAN_POINT('Origin',(3.75405002223106E-17,-71.5,1.00000000000001));
#3187=CARTESIAN_POINT('',(-4.42212184838947E-15,-71.5,0.));
#3188=CARTESIAN_POINT('',(6.12500000000001,-71.5,1.00000000000001));
#3189=CARTESIAN_POINT('Origin',(-0.00100000000000035,-53.5,1.00000000000001));
#3190=CARTESIAN_POINT('',(-0.00100000000000035,-53.5,0.));
#3191=CARTESIAN_POINT('',(-0.000500000000004615,-53.5,0.));
#3192=CARTESIAN_POINT('',(-0.00100000000000035,-53.5,1.00000000000001));
#3193=CARTESIAN_POINT('',(6.12550000000001,-53.5,1.));
#3194=CARTESIAN_POINT('',(-0.00100000000000035,-53.5,1.00000000000001));
#3195=CARTESIAN_POINT('Origin',(-0.00100000000000035,-56.649,1.00000000000001));
#3196=CARTESIAN_POINT('Origin',(-0.00100000000000035,-56.649,0.));
#3197=CARTESIAN_POINT('Origin',(-0.00100000000000035,-56.649,1.));
#3198=CARTESIAN_POINT('Origin',(-3.15,31.649,1.00000000000001));
#3199=CARTESIAN_POINT('',(-3.15,43.351,0.));
#3200=CARTESIAN_POINT('',(-3.15,31.649,0.));
#3201=CARTESIAN_POINT('',(-3.15,-49.4255,0.));
#3202=CARTESIAN_POINT('',(-3.15,43.351,1.00000000000001));
#3203=CARTESIAN_POINT('',(-3.15,43.351,1.00000000000001));
#3204=CARTESIAN_POINT('',(-3.15,31.649,1.00000000000001));
#3205=CARTESIAN_POINT('',(-3.15,-49.4255,1.00000000000001));
#3206=CARTESIAN_POINT('',(-3.15,31.649,1.00000000000001));
#3207=CARTESIAN_POINT('Origin',(-0.00099999999999949,31.649,1.00000000000001));
#3208=CARTESIAN_POINT('',(-0.000999999999999311,28.5,0.));
#3209=CARTESIAN_POINT('Origin',(-0.00099999999999949,31.649,0.));
#3210=CARTESIAN_POINT('',(-0.000999999999999311,28.5,1.00000000000001));
#3211=CARTESIAN_POINT('Origin',(-0.00099999999999949,31.649,1.));
#3212=CARTESIAN_POINT('',(-0.000999999999999311,28.5,1.00000000000001));
#3213=CARTESIAN_POINT('Origin',(3.75405002223106E-17,28.5,1.00000000000001));
#3214=CARTESIAN_POINT('',(-4.42212184838947E-15,28.5,0.));
#3215=CARTESIAN_POINT('',(6.12500000000001,28.5,1.00000000000001));
#3216=CARTESIAN_POINT('Origin',(-0.00100000000000035,46.5,1.00000000000001));
#3217=CARTESIAN_POINT('',(-0.00100000000000035,46.5,0.));
#3218=CARTESIAN_POINT('',(-0.000500000000004615,46.5,0.));
#3219=CARTESIAN_POINT('',(-0.00100000000000035,46.5,1.00000000000001));
#3220=CARTESIAN_POINT('',(6.12550000000001,46.5,1.));
#3221=CARTESIAN_POINT('',(-0.00100000000000035,46.5,1.00000000000001));
#3222=CARTESIAN_POINT('Origin',(-0.00100000000000035,43.351,1.00000000000001));
#3223=CARTESIAN_POINT('Origin',(-0.00100000000000035,43.351,0.));
#3224=CARTESIAN_POINT('Origin',(-0.00100000000000035,43.351,1.));
#3225=CARTESIAN_POINT('Origin',(-3.15,106.649,1.00000000000001));
#3226=CARTESIAN_POINT('',(-3.15,118.351,0.));
#3227=CARTESIAN_POINT('',(-3.15,106.649,0.));
#3228=CARTESIAN_POINT('',(-3.15,-11.9255,0.));
#3229=CARTESIAN_POINT('',(-3.15,118.351,1.00000000000001));
#3230=CARTESIAN_POINT('',(-3.15,118.351,1.00000000000001));
#3231=CARTESIAN_POINT('',(-3.15,106.649,1.00000000000001));
#3232=CARTESIAN_POINT('',(-3.15,-11.9255,1.00000000000001));
#3233=CARTESIAN_POINT('',(-3.15,106.649,1.00000000000001));
#3234=CARTESIAN_POINT('Origin',(-0.00099999999999949,106.649,1.00000000000001));
#3235=CARTESIAN_POINT('',(-0.000999999999999311,103.5,0.));
#3236=CARTESIAN_POINT('Origin',(-0.00099999999999949,106.649,0.));
#3237=CARTESIAN_POINT('',(-0.000999999999999311,103.5,1.00000000000001));
#3238=CARTESIAN_POINT('Origin',(-0.00099999999999949,106.649,1.));
#3239=CARTESIAN_POINT('',(-0.000999999999999311,103.5,1.00000000000001));
#3240=CARTESIAN_POINT('Origin',(3.75405002223106E-17,103.5,1.00000000000001));
#3241=CARTESIAN_POINT('',(-4.42212184838947E-15,103.5,0.));
#3242=CARTESIAN_POINT('',(6.12500000000001,103.5,1.00000000000001));
#3243=CARTESIAN_POINT('Origin',(-0.00100000000000035,121.5,1.00000000000001));
#3244=CARTESIAN_POINT('',(-0.00100000000000035,121.5,0.));
#3245=CARTESIAN_POINT('',(-0.000500000000004615,121.5,0.));
#3246=CARTESIAN_POINT('',(-0.00100000000000035,121.5,1.00000000000001));
#3247=CARTESIAN_POINT('',(6.12550000000001,121.5,1.));
#3248=CARTESIAN_POINT('',(-0.00100000000000035,121.5,1.00000000000001));
#3249=CARTESIAN_POINT('Origin',(-0.00100000000000035,118.351,1.00000000000001));
#3250=CARTESIAN_POINT('Origin',(-0.00100000000000035,118.351,0.));
#3251=CARTESIAN_POINT('Origin',(-0.00100000000000035,118.351,1.));
#3252=CARTESIAN_POINT('Origin',(-3.15,6.64899999999999,1.00000000000001));
#3253=CARTESIAN_POINT('',(-3.15,18.351,0.));
#3254=CARTESIAN_POINT('',(-3.15,6.64899999999999,0.));
#3255=CARTESIAN_POINT('',(-3.15,-61.9255,0.));
#3256=CARTESIAN_POINT('',(-3.15,18.351,1.00000000000001));
#3257=CARTESIAN_POINT('',(-3.15,18.351,1.00000000000001));
#3258=CARTESIAN_POINT('',(-3.15,6.64899999999999,1.00000000000001));
#3259=CARTESIAN_POINT('',(-3.15,-61.9255,1.00000000000001));
#3260=CARTESIAN_POINT('',(-3.15,6.64899999999999,1.00000000000001));
#3261=CARTESIAN_POINT('Origin',(-0.00099999999999949,6.64899999999999,1.00000000000001));
#3262=CARTESIAN_POINT('',(-0.000999999999999311,3.5,0.));
#3263=CARTESIAN_POINT('Origin',(-0.00099999999999949,6.64899999999999,0.));
#3264=CARTESIAN_POINT('',(-0.000999999999999311,3.5,1.00000000000001));
#3265=CARTESIAN_POINT('Origin',(-0.00099999999999949,6.64899999999999,1.));
#3266=CARTESIAN_POINT('',(-0.000999999999999311,3.5,1.00000000000001));
#3267=CARTESIAN_POINT('Origin',(3.75405002223106E-17,3.5,1.00000000000001));
#3268=CARTESIAN_POINT('',(-4.42212184838947E-15,3.5,0.));
#3269=CARTESIAN_POINT('',(6.12500000000001,3.5,1.00000000000001));
#3270=CARTESIAN_POINT('Origin',(-0.00100000000000035,21.5,1.00000000000001));
#3271=CARTESIAN_POINT('',(-0.00100000000000035,21.5,0.));
#3272=CARTESIAN_POINT('',(-0.000500000000004615,21.5,0.));
#3273=CARTESIAN_POINT('',(-0.00100000000000035,21.5,1.00000000000001));
#3274=CARTESIAN_POINT('',(6.12550000000001,21.5,1.));
#3275=CARTESIAN_POINT('',(-0.00100000000000035,21.5,1.00000000000001));
#3276=CARTESIAN_POINT('Origin',(-0.00100000000000035,18.351,1.00000000000001));
#3277=CARTESIAN_POINT('Origin',(-0.00100000000000035,18.351,0.));
#3278=CARTESIAN_POINT('Origin',(-0.00100000000000035,18.351,1.));
#3279=CARTESIAN_POINT('Origin',(-3.15,-93.351,1.00000000000001));
#3280=CARTESIAN_POINT('',(-3.15,-81.649,0.));
#3281=CARTESIAN_POINT('',(-3.15,-93.351,0.));
#3282=CARTESIAN_POINT('',(-3.15,-111.9255,0.));
#3283=CARTESIAN_POINT('',(-3.15,-81.649,1.00000000000001));
#3284=CARTESIAN_POINT('',(-3.15,-81.649,1.00000000000001));
#3285=CARTESIAN_POINT('',(-3.15,-93.351,1.00000000000001));
#3286=CARTESIAN_POINT('',(-3.15,-111.9255,1.00000000000001));
#3287=CARTESIAN_POINT('',(-3.15,-93.351,1.00000000000001));
#3288=CARTESIAN_POINT('Origin',(-0.00099999999999949,-93.351,1.00000000000001));
#3289=CARTESIAN_POINT('',(-0.000999999999999311,-96.5,0.));
#3290=CARTESIAN_POINT('Origin',(-0.00099999999999949,-93.351,0.));
#3291=CARTESIAN_POINT('',(-0.000999999999999311,-96.5,1.00000000000001));
#3292=CARTESIAN_POINT('Origin',(-0.00099999999999949,-93.351,1.));
#3293=CARTESIAN_POINT('',(-0.000999999999999311,-96.5,1.00000000000001));
#3294=CARTESIAN_POINT('Origin',(3.75405002223106E-17,-96.5,1.00000000000001));
#3295=CARTESIAN_POINT('',(-4.42212184838947E-15,-96.5,0.));
#3296=CARTESIAN_POINT('',(6.12500000000001,-96.5,1.00000000000001));
#3297=CARTESIAN_POINT('Origin',(-0.00100000000000035,-78.5,1.00000000000001));
#3298=CARTESIAN_POINT('',(-0.00100000000000035,-78.5,0.));
#3299=CARTESIAN_POINT('',(-0.000500000000004615,-78.5,0.));
#3300=CARTESIAN_POINT('',(-0.00100000000000035,-78.5,1.00000000000001));
#3301=CARTESIAN_POINT('',(6.12550000000001,-78.5,1.));
#3302=CARTESIAN_POINT('',(-0.00100000000000035,-78.5,1.00000000000001));
#3303=CARTESIAN_POINT('Origin',(-0.00100000000000035,-81.649,1.00000000000001));
#3304=CARTESIAN_POINT('Origin',(-0.00100000000000035,-81.649,0.));
#3305=CARTESIAN_POINT('Origin',(-0.00100000000000035,-81.649,1.));
#3306=CARTESIAN_POINT('Origin',(-3.15,-43.351,1.00000000000001));
#3307=CARTESIAN_POINT('',(-3.15,-31.649,0.));
#3308=CARTESIAN_POINT('',(-3.15,-43.351,0.));
#3309=CARTESIAN_POINT('',(-3.15,-86.9255,0.));
#3310=CARTESIAN_POINT('',(-3.15,-31.649,1.00000000000001));
#3311=CARTESIAN_POINT('',(-3.15,-31.649,1.00000000000001));
#3312=CARTESIAN_POINT('',(-3.15,-43.351,1.00000000000001));
#3313=CARTESIAN_POINT('',(-3.15,-86.9255,1.00000000000001));
#3314=CARTESIAN_POINT('',(-3.15,-43.351,1.00000000000001));
#3315=CARTESIAN_POINT('Origin',(-0.00099999999999949,-43.351,1.00000000000001));
#3316=CARTESIAN_POINT('',(-0.000999999999999311,-46.5,0.));
#3317=CARTESIAN_POINT('Origin',(-0.00099999999999949,-43.351,0.));
#3318=CARTESIAN_POINT('',(-0.000999999999999311,-46.5,1.00000000000001));
#3319=CARTESIAN_POINT('Origin',(-0.00099999999999949,-43.351,1.));
#3320=CARTESIAN_POINT('',(-0.000999999999999311,-46.5,1.00000000000001));
#3321=CARTESIAN_POINT('Origin',(3.75405002223106E-17,-46.5,1.00000000000001));
#3322=CARTESIAN_POINT('',(-4.42212184838947E-15,-46.5,0.));
#3323=CARTESIAN_POINT('',(6.12500000000001,-46.5,1.00000000000001));
#3324=CARTESIAN_POINT('Origin',(-0.00100000000000035,-28.5,1.00000000000001));
#3325=CARTESIAN_POINT('',(-0.00100000000000035,-28.5,0.));
#3326=CARTESIAN_POINT('',(-0.000500000000004615,-28.5,0.));
#3327=CARTESIAN_POINT('',(-0.00100000000000035,-28.5,1.00000000000001));
#3328=CARTESIAN_POINT('',(6.12550000000001,-28.5,1.));
#3329=CARTESIAN_POINT('',(-0.00100000000000035,-28.5,1.00000000000001));
#3330=CARTESIAN_POINT('Origin',(-0.00100000000000035,-31.649,1.00000000000001));
#3331=CARTESIAN_POINT('Origin',(-0.00100000000000035,-31.649,0.));
#3332=CARTESIAN_POINT('Origin',(-0.00100000000000035,-31.649,1.));
#3333=CARTESIAN_POINT('Origin',(-3.15,56.649,1.00000000000001));
#3334=CARTESIAN_POINT('',(-3.15,68.351,0.));
#3335=CARTESIAN_POINT('',(-3.15,56.649,0.));
#3336=CARTESIAN_POINT('',(-3.15,-36.9255,0.));
#3337=CARTESIAN_POINT('',(-3.15,68.351,1.00000000000001));
#3338=CARTESIAN_POINT('',(-3.15,68.351,1.00000000000001));
#3339=CARTESIAN_POINT('',(-3.15,56.649,1.00000000000001));
#3340=CARTESIAN_POINT('',(-3.15,-36.9255,1.00000000000001));
#3341=CARTESIAN_POINT('',(-3.15,56.649,1.00000000000001));
#3342=CARTESIAN_POINT('Origin',(-0.00099999999999949,56.649,1.00000000000001));
#3343=CARTESIAN_POINT('',(-0.000999999999999311,53.5,0.));
#3344=CARTESIAN_POINT('Origin',(-0.00099999999999949,56.649,0.));
#3345=CARTESIAN_POINT('',(-0.000999999999999311,53.5,1.00000000000001));
#3346=CARTESIAN_POINT('Origin',(-0.00099999999999949,56.649,1.));
#3347=CARTESIAN_POINT('',(-0.000999999999999311,53.5,1.00000000000001));
#3348=CARTESIAN_POINT('Origin',(3.75405002223106E-17,53.5,1.00000000000001));
#3349=CARTESIAN_POINT('',(-4.42212184838947E-15,53.5,0.));
#3350=CARTESIAN_POINT('',(6.12500000000001,53.5,1.00000000000001));
#3351=CARTESIAN_POINT('Origin',(-0.00100000000000035,71.5,1.00000000000001));
#3352=CARTESIAN_POINT('',(-0.00100000000000035,71.5,0.));
#3353=CARTESIAN_POINT('',(-0.000500000000004615,71.5,0.));
#3354=CARTESIAN_POINT('',(-0.00100000000000035,71.5,1.00000000000001));
#3355=CARTESIAN_POINT('',(6.12550000000001,71.5,1.));
#3356=CARTESIAN_POINT('',(-0.00100000000000035,71.5,1.00000000000001));
#3357=CARTESIAN_POINT('Origin',(-0.00100000000000035,68.351,1.00000000000001));
#3358=CARTESIAN_POINT('Origin',(-0.00100000000000035,68.351,0.));
#3359=CARTESIAN_POINT('Origin',(-0.00100000000000035,68.351,1.));
#3360=CARTESIAN_POINT('Origin',(-3.15,81.649,1.00000000000001));
#3361=CARTESIAN_POINT('',(-3.15,93.351,0.));
#3362=CARTESIAN_POINT('',(-3.15,81.649,0.));
#3363=CARTESIAN_POINT('',(-3.15,-24.4255,0.));
#3364=CARTESIAN_POINT('',(-3.15,93.351,1.00000000000001));
#3365=CARTESIAN_POINT('',(-3.15,93.351,1.00000000000001));
#3366=CARTESIAN_POINT('',(-3.15,81.649,1.00000000000001));
#3367=CARTESIAN_POINT('',(-3.15,-24.4255,1.00000000000001));
#3368=CARTESIAN_POINT('',(-3.15,81.649,1.00000000000001));
#3369=CARTESIAN_POINT('Origin',(-0.00099999999999949,81.649,1.00000000000001));
#3370=CARTESIAN_POINT('',(-0.000999999999999311,78.5,0.));
#3371=CARTESIAN_POINT('Origin',(-0.00099999999999949,81.649,0.));
#3372=CARTESIAN_POINT('',(-0.000999999999999311,78.5,1.00000000000001));
#3373=CARTESIAN_POINT('Origin',(-0.00099999999999949,81.649,1.));
#3374=CARTESIAN_POINT('',(-0.000999999999999311,78.5,1.00000000000001));
#3375=CARTESIAN_POINT('Origin',(3.75405002223106E-17,78.5,1.00000000000001));
#3376=CARTESIAN_POINT('',(-4.42212184838947E-15,78.5,0.));
#3377=CARTESIAN_POINT('',(6.12500000000001,78.5,1.00000000000001));
#3378=CARTESIAN_POINT('Origin',(-0.00100000000000035,96.5,1.00000000000001));
#3379=CARTESIAN_POINT('',(-0.00100000000000035,96.5,0.));
#3380=CARTESIAN_POINT('',(-0.000500000000004615,96.5,0.));
#3381=CARTESIAN_POINT('',(-0.00100000000000035,96.5,1.00000000000001));
#3382=CARTESIAN_POINT('',(6.12550000000001,96.5,1.));
#3383=CARTESIAN_POINT('',(-0.00100000000000035,96.5,1.00000000000001));
#3384=CARTESIAN_POINT('Origin',(-0.00100000000000035,93.351,1.00000000000001));
#3385=CARTESIAN_POINT('Origin',(-0.00100000000000035,93.351,0.));
#3386=CARTESIAN_POINT('Origin',(-0.00100000000000035,93.351,1.));
#3387=CARTESIAN_POINT('Origin',(-3.15,-18.351,1.00000000000001));
#3388=CARTESIAN_POINT('',(-3.15,-6.64899999999999,0.));
#3389=CARTESIAN_POINT('',(-3.15,-18.351,0.));
#3390=CARTESIAN_POINT('',(-3.15,-74.4255,0.));
#3391=CARTESIAN_POINT('',(-3.15,-6.64899999999999,1.00000000000001));
#3392=CARTESIAN_POINT('',(-3.15,-6.64899999999999,1.00000000000001));
#3393=CARTESIAN_POINT('',(-3.15,-18.351,1.00000000000001));
#3394=CARTESIAN_POINT('',(-3.15,-74.4255,1.00000000000001));
#3395=CARTESIAN_POINT('',(-3.15,-18.351,1.00000000000001));
#3396=CARTESIAN_POINT('Origin',(-0.00099999999999949,-18.351,1.00000000000001));
#3397=CARTESIAN_POINT('',(-0.000999999999999311,-21.5,0.));
#3398=CARTESIAN_POINT('Origin',(-0.00099999999999949,-18.351,0.));
#3399=CARTESIAN_POINT('',(-0.000999999999999311,-21.5,1.00000000000001));
#3400=CARTESIAN_POINT('Origin',(-0.00099999999999949,-18.351,1.));
#3401=CARTESIAN_POINT('',(-0.000999999999999311,-21.5,1.00000000000001));
#3402=CARTESIAN_POINT('Origin',(3.75405002223106E-17,-21.5,1.00000000000001));
#3403=CARTESIAN_POINT('',(-4.42212184838947E-15,-21.5,0.));
#3404=CARTESIAN_POINT('',(6.12500000000001,-21.5,1.00000000000001));
#3405=CARTESIAN_POINT('Origin',(-0.00100000000000035,-3.5,1.00000000000001));
#3406=CARTESIAN_POINT('',(-0.00100000000000035,-3.5,0.));
#3407=CARTESIAN_POINT('',(-0.000500000000004615,-3.5,0.));
#3408=CARTESIAN_POINT('',(-0.00100000000000035,-3.5,1.00000000000001));
#3409=CARTESIAN_POINT('',(6.12550000000001,-3.5,1.));
#3410=CARTESIAN_POINT('',(-0.00100000000000035,-3.5,1.00000000000001));
#3411=CARTESIAN_POINT('Origin',(-0.00100000000000035,-6.64899999999999,
1.00000000000001));
#3412=CARTESIAN_POINT('Origin',(-0.00100000000000035,-6.64899999999999,
0.));
#3413=CARTESIAN_POINT('Origin',(-0.00100000000000035,-6.64899999999999,
1.));
#3414=CARTESIAN_POINT('Origin',(-0.00100000000000035,-106.649,1.00000000000001));
#3415=CARTESIAN_POINT('',(-0.00100000000000035,-103.5,0.));
#3416=CARTESIAN_POINT('',(-3.15,-106.649,0.));
#3417=CARTESIAN_POINT('Origin',(-0.00100000000000035,-106.649,0.));
#3418=CARTESIAN_POINT('',(-0.00100000000000035,-103.5,1.00000000000001));
#3419=CARTESIAN_POINT('',(-0.00100000000000035,-103.5,1.00000000000001));
#3420=CARTESIAN_POINT('',(-3.15,-106.649,1.00000000000001));
#3421=CARTESIAN_POINT('Origin',(-0.00100000000000035,-106.649,1.));
#3422=CARTESIAN_POINT('',(-3.15,-106.649,1.00000000000001));
#3423=CARTESIAN_POINT('Origin',(-3.15,-118.351,1.00000000000001));
#3424=CARTESIAN_POINT('',(-3.15,-118.351,0.));
#3425=CARTESIAN_POINT('',(-3.15,-124.4255,0.));
#3426=CARTESIAN_POINT('',(-3.15,-118.351,1.00000000000001));
#3427=CARTESIAN_POINT('',(-3.15,-124.4255,1.00000000000001));
#3428=CARTESIAN_POINT('',(-3.15,-118.351,1.00000000000001));
#3429=CARTESIAN_POINT('Origin',(-0.00099999999999949,-118.351,1.00000000000001));
#3430=CARTESIAN_POINT('',(-0.00099999999999923,-121.5,0.));
#3431=CARTESIAN_POINT('Origin',(-0.00099999999999949,-118.351,0.));
#3432=CARTESIAN_POINT('',(-0.00099999999999923,-121.5,1.00000000000001));
#3433=CARTESIAN_POINT('Origin',(-0.00099999999999949,-118.351,1.));
#3434=CARTESIAN_POINT('',(-0.00099999999999923,-121.5,1.00000000000001));
#3435=CARTESIAN_POINT('Origin',(3.75405002223106E-17,-121.5,1.00000000000001));
#3436=CARTESIAN_POINT('',(-4.42212184838947E-15,-121.5,0.));
#3437=CARTESIAN_POINT('',(6.12500000000001,-121.5,1.00000000000001));
#3438=CARTESIAN_POINT('Origin',(-0.00100000000000035,-103.5,1.00000000000001));
#3439=CARTESIAN_POINT('',(-0.000500000000004615,-103.5,0.));
#3440=CARTESIAN_POINT('',(6.12550000000001,-103.5,1.));
#3441=CARTESIAN_POINT('Origin',(-12.25,-130.5,1.));
#3442=CARTESIAN_POINT('',(-12.25,-130.5,1.));
#3443=CARTESIAN_POINT('',(-12.25,-130.5,1.));
#3444=CARTESIAN_POINT('',(-12.25,-130.5,1.));
#3445=CARTESIAN_POINT('Origin',(-8.88178419700125E-15,-130.5,0.));
#3446=CARTESIAN_POINT('',(-12.25,-130.5,0.));
#3447=CARTESIAN_POINT('',(8.95686519744587E-15,-130.5,0.));
#3448=CARTESIAN_POINT('',(-12.25,-130.5,0.));
#3449=CARTESIAN_POINT('Origin',(-12.25,-130.5,1.25));
#3450=CARTESIAN_POINT('',(-12.5,-130.5,1.25));
#3451=CARTESIAN_POINT('Origin',(-12.25,-130.5,1.25));
#3452=CARTESIAN_POINT('',(-12.5,-130.5,1.25));
#3453=CARTESIAN_POINT('Origin',(-12.5,-130.5,6.25));
#3454=CARTESIAN_POINT('',(-12.5,-130.5,6.25));
#3455=CARTESIAN_POINT('',(-12.5,-130.5,6.25));
#3456=CARTESIAN_POINT('',(-12.5,-130.5,6.25));
#3457=CARTESIAN_POINT('Origin',(-13.75,-130.5,6.25));
#3458=CARTESIAN_POINT('',(-13.75,-130.5,7.5));
#3459=CARTESIAN_POINT('Origin',(-13.75,-130.5,6.25));
#3460=CARTESIAN_POINT('',(-13.75,-130.5,7.5));
#3461=CARTESIAN_POINT('Origin',(-17.5,-130.5,7.5));
#3462=CARTESIAN_POINT('',(-17.5,-130.5,7.5));
#3463=CARTESIAN_POINT('',(-17.5,-130.5,7.5));
#3464=CARTESIAN_POINT('',(-17.5,-130.5,7.5));
#3465=CARTESIAN_POINT('Origin',(-17.5,-130.5,6.5));
#3466=CARTESIAN_POINT('',(-17.5,-130.5,6.5));
#3467=CARTESIAN_POINT('',(-17.5,-130.5,6.5));
#3468=CARTESIAN_POINT('',(-17.5,-130.5,6.5));
#3469=CARTESIAN_POINT('Origin',(-13.75,-130.5,6.5));
#3470=CARTESIAN_POINT('',(-13.75,-130.5,6.5));
#3471=CARTESIAN_POINT('',(-13.75,-130.5,6.5));
#3472=CARTESIAN_POINT('',(-13.75,-130.5,6.5));
#3473=CARTESIAN_POINT('Origin',(-13.75,-130.5,6.25));
#3474=CARTESIAN_POINT('',(-13.5,-130.5,6.25));
#3475=CARTESIAN_POINT('Origin',(-13.75,-130.5,6.25));
#3476=CARTESIAN_POINT('',(-13.5,-130.5,6.25));
#3477=CARTESIAN_POINT('Origin',(-13.5,-130.5,1.25));
#3478=CARTESIAN_POINT('',(-13.5,-130.5,1.25));
#3479=CARTESIAN_POINT('',(-13.5,-130.5,1.25));
#3480=CARTESIAN_POINT('',(-13.5,-130.5,1.25));
#3481=CARTESIAN_POINT('Origin',(-12.25,-130.5,1.25));
#3482=CARTESIAN_POINT('Origin',(-12.25,-130.5,1.25));
#3483=CARTESIAN_POINT('Origin',(-8.75000000000001,-130.5,3.75));
#3484=UNCERTAINTY_MEASURE_WITH_UNIT(LENGTH_MEASURE(0.01),#3488,
'DISTANCE_ACCURACY_VALUE',
'Maximum model space distance between geometric entities at asserted c
onnectivities');
#3485=UNCERTAINTY_MEASURE_WITH_UNIT(LENGTH_MEASURE(0.01),#3488,
'DISTANCE_ACCURACY_VALUE',
'Maximum model space distance between geometric entities at asserted c
onnectivities');
#3486=(
GEOMETRIC_REPRESENTATION_CONTEXT(3)
GLOBAL_UNCERTAINTY_ASSIGNED_CONTEXT((#3484))
GLOBAL_UNIT_ASSIGNED_CONTEXT((#3488,#3490,#3491))
REPRESENTATION_CONTEXT('','3D')
);
#3487=(
GEOMETRIC_REPRESENTATION_CONTEXT(3)
GLOBAL_UNCERTAINTY_ASSIGNED_CONTEXT((#3485))
GLOBAL_UNIT_ASSIGNED_CONTEXT((#3488,#3490,#3491))
REPRESENTATION_CONTEXT('','3D')
);
#3488=(
LENGTH_UNIT()
NAMED_UNIT(*)
SI_UNIT(.MILLI.,.METRE.)
);
#3489=(
LENGTH_UNIT()
NAMED_UNIT(*)
SI_UNIT($,.METRE.)
);
#3490=(
NAMED_UNIT(*)
PLANE_ANGLE_UNIT()
SI_UNIT($,.RADIAN.)
);
#3491=(
NAMED_UNIT(*)
SI_UNIT($,.STERADIAN.)
SOLID_ANGLE_UNIT()
);
#3492=SHAPE_DEFINITION_REPRESENTATION(#3493,#3494);
#3493=PRODUCT_DEFINITION_SHAPE('',$,#3496);
#3494=SHAPE_REPRESENTATION('',(#2080),#3486);
#3495=PRODUCT_DEFINITION_CONTEXT('part definition',#3500,'design');
#3496=PRODUCT_DEFINITION('2026-09-25-11-50-32-723','DIN_Rail_35mm',#3497,
#3495);
#3497=PRODUCT_DEFINITION_FORMATION('',$,#3502);
#3498=PRODUCT_RELATED_PRODUCT_CATEGORY('DIN_Rail_35mm','DIN_Rail_35mm',
(#3502));
#3499=APPLICATION_PROTOCOL_DEFINITION('international standard',
'automotive_design',2009,#3500);
#3500=APPLICATION_CONTEXT(
'Core Data for Automotive Mechanical Design Process');
#3501=PRODUCT_CONTEXT('part definition',#3500,'mechanical');
#3502=PRODUCT('2026-09-25-11-50-32-723','DIN_Rail_35mm',$,(#3501));
#3503=PRESENTATION_STYLE_ASSIGNMENT((#3504));
#3504=SURFACE_STYLE_USAGE(.BOTH.,#3505);
#3505=SURFACE_SIDE_STYLE('',(#3506));
#3506=SURFACE_STYLE_FILL_AREA(#3507);
#3507=FILL_AREA_STYLE('Plastic - Glossy (White)',(#3508));
#3508=FILL_AREA_STYLE_COLOUR('Plastic - Glossy (White)',#3509);
#3509=COLOUR_RGB('Plastic - Glossy (White)',0.964705882352941,0.964705882352941,
0.952941176470588);
ENDSEC;
END-ISO-10303-21;
