ISO-10303-21;
HEADER;
/* Generated by software containing ST-Developer
 * from STEP Tools, Inc. (www.steptools.com) 
 */

FILE_DESCRIPTION(
/* description */ (''),
/* implementation_level */ '2;1');

FILE_NAME(
/* name */ 'DN-R35S1_350mm.step',
/* time_stamp */ '2026-09-25T12:54:22-07:00',
/* author */ (''),
/* organization */ (''),
/* preprocessor_version */ 'ST-DEVELOPER v20.2',
/* originating_system */ 'Autodesk Translation Framework v15.15.0.0',
/* authorisation */ '');

FILE_SCHEMA (('AUTOMOTIVE_DESIGN { 1 0 10303 214 3 1 1 }'));
ENDSEC;

DATA;
#10=MECHANICAL_DESIGN_GEOMETRIC_PRESENTATION_REPRESENTATION('',(#13),#4111);
#11=SHAPE_REPRESENTATION_RELATIONSHIP('SRR','None',#4118,#12);
#12=ADVANCED_BREP_SHAPE_REPRESENTATION('',(#14),#4110);
#13=STYLED_ITEM('',(#4127),#14);
#14=MANIFOLD_SOLID_BREP('Body1',#2439);
#15=FACE_BOUND('',#230,.T.);
#16=FACE_BOUND('',#231,.T.);
#17=FACE_BOUND('',#232,.T.);
#18=FACE_BOUND('',#233,.T.);
#19=FACE_BOUND('',#234,.T.);
#20=FACE_BOUND('',#235,.T.);
#21=FACE_BOUND('',#236,.T.);
#22=FACE_BOUND('',#237,.T.);
#23=FACE_BOUND('',#238,.T.);
#24=FACE_BOUND('',#239,.T.);
#25=FACE_BOUND('',#240,.T.);
#26=FACE_BOUND('',#241,.T.);
#27=FACE_BOUND('',#242,.T.);
#28=FACE_BOUND('',#347,.T.);
#29=FACE_BOUND('',#348,.T.);
#30=FACE_BOUND('',#349,.T.);
#31=FACE_BOUND('',#350,.T.);
#32=FACE_BOUND('',#351,.T.);
#33=FACE_BOUND('',#352,.T.);
#34=FACE_BOUND('',#353,.T.);
#35=FACE_BOUND('',#354,.T.);
#36=FACE_BOUND('',#355,.T.);
#37=FACE_BOUND('',#356,.T.);
#38=FACE_BOUND('',#357,.T.);
#39=FACE_BOUND('',#358,.T.);
#40=FACE_BOUND('',#359,.T.);
#41=PLANE('',#2459);
#42=PLANE('',#2460);
#43=PLANE('',#2464);
#44=PLANE('',#2511);
#45=PLANE('',#2516);
#46=PLANE('',#2521);
#47=PLANE('',#2524);
#48=PLANE('',#2527);
#49=PLANE('',#2530);
#50=PLANE('',#2533);
#51=PLANE('',#2536);
#52=PLANE('',#2539);
#53=PLANE('',#2544);
#54=PLANE('',#2549);
#55=PLANE('',#2554);
#56=PLANE('',#2559);
#57=PLANE('',#2564);
#58=PLANE('',#2569);
#59=PLANE('',#2574);
#60=PLANE('',#2579);
#61=PLANE('',#2586);
#62=PLANE('',#2591);
#63=PLANE('',#2594);
#64=PLANE('',#2595);
#65=PLANE('',#2596);
#66=PLANE('',#2599);
#67=PLANE('',#2602);
#68=PLANE('',#2605);
#69=PLANE('',#2606);
#70=PLANE('',#2609);
#71=PLANE('',#2612);
#72=PLANE('',#2613);
#73=PLANE('',#2616);
#74=PLANE('',#2619);
#75=PLANE('',#2620);
#76=PLANE('',#2623);
#77=PLANE('',#2626);
#78=PLANE('',#2627);
#79=PLANE('',#2630);
#80=PLANE('',#2633);
#81=PLANE('',#2634);
#82=PLANE('',#2637);
#83=PLANE('',#2640);
#84=PLANE('',#2641);
#85=PLANE('',#2644);
#86=PLANE('',#2647);
#87=PLANE('',#2648);
#88=PLANE('',#2651);
#89=PLANE('',#2654);
#90=PLANE('',#2655);
#91=PLANE('',#2658);
#92=PLANE('',#2661);
#93=PLANE('',#2662);
#94=PLANE('',#2667);
#95=PLANE('',#2670);
#96=PLANE('',#2671);
#97=PLANE('',#2672);
#98=PLANE('',#2675);
#99=PLANE('',#2678);
#100=PLANE('',#2679);
#101=PLANE('',#2680);
#102=PLANE('',#2683);
#103=PLANE('',#2686);
#104=FACE_OUTER_BOUND('',#224,.T.);
#105=FACE_OUTER_BOUND('',#225,.T.);
#106=FACE_OUTER_BOUND('',#226,.T.);
#107=FACE_OUTER_BOUND('',#227,.T.);
#108=FACE_OUTER_BOUND('',#228,.T.);
#109=FACE_OUTER_BOUND('',#229,.T.);
#110=FACE_OUTER_BOUND('',#243,.T.);
#111=FACE_OUTER_BOUND('',#244,.T.);
#112=FACE_OUTER_BOUND('',#245,.T.);
#113=FACE_OUTER_BOUND('',#246,.T.);
#114=FACE_OUTER_BOUND('',#247,.T.);
#115=FACE_OUTER_BOUND('',#248,.T.);
#116=FACE_OUTER_BOUND('',#249,.T.);
#117=FACE_OUTER_BOUND('',#250,.T.);
#118=FACE_OUTER_BOUND('',#251,.T.);
#119=FACE_OUTER_BOUND('',#252,.T.);
#120=FACE_OUTER_BOUND('',#253,.T.);
#121=FACE_OUTER_BOUND('',#254,.T.);
#122=FACE_OUTER_BOUND('',#255,.T.);
#123=FACE_OUTER_BOUND('',#256,.T.);
#124=FACE_OUTER_BOUND('',#257,.T.);
#125=FACE_OUTER_BOUND('',#258,.T.);
#126=FACE_OUTER_BOUND('',#259,.T.);
#127=FACE_OUTER_BOUND('',#260,.T.);
#128=FACE_OUTER_BOUND('',#261,.T.);
#129=FACE_OUTER_BOUND('',#262,.T.);
#130=FACE_OUTER_BOUND('',#263,.T.);
#131=FACE_OUTER_BOUND('',#264,.T.);
#132=FACE_OUTER_BOUND('',#265,.T.);
#133=FACE_OUTER_BOUND('',#266,.T.);
#134=FACE_OUTER_BOUND('',#267,.T.);
#135=FACE_OUTER_BOUND('',#268,.T.);
#136=FACE_OUTER_BOUND('',#269,.T.);
#137=FACE_OUTER_BOUND('',#270,.T.);
#138=FACE_OUTER_BOUND('',#271,.T.);
#139=FACE_OUTER_BOUND('',#272,.T.);
#140=FACE_OUTER_BOUND('',#273,.T.);
#141=FACE_OUTER_BOUND('',#274,.T.);
#142=FACE_OUTER_BOUND('',#275,.T.);
#143=FACE_OUTER_BOUND('',#276,.T.);
#144=FACE_OUTER_BOUND('',#277,.T.);
#145=FACE_OUTER_BOUND('',#278,.T.);
#146=FACE_OUTER_BOUND('',#279,.T.);
#147=FACE_OUTER_BOUND('',#280,.T.);
#148=FACE_OUTER_BOUND('',#281,.T.);
#149=FACE_OUTER_BOUND('',#282,.T.);
#150=FACE_OUTER_BOUND('',#283,.T.);
#151=FACE_OUTER_BOUND('',#284,.T.);
#152=FACE_OUTER_BOUND('',#285,.T.);
#153=FACE_OUTER_BOUND('',#286,.T.);
#154=FACE_OUTER_BOUND('',#287,.T.);
#155=FACE_OUTER_BOUND('',#288,.T.);
#156=FACE_OUTER_BOUND('',#289,.T.);
#157=FACE_OUTER_BOUND('',#290,.T.);
#158=FACE_OUTER_BOUND('',#291,.T.);
#159=FACE_OUTER_BOUND('',#292,.T.);
#160=FACE_OUTER_BOUND('',#293,.T.);
#161=FACE_OUTER_BOUND('',#294,.T.);
#162=FACE_OUTER_BOUND('',#295,.T.);
#163=FACE_OUTER_BOUND('',#296,.T.);
#164=FACE_OUTER_BOUND('',#297,.T.);
#165=FACE_OUTER_BOUND('',#298,.T.);
#166=FACE_OUTER_BOUND('',#299,.T.);
#167=FACE_OUTER_BOUND('',#300,.T.);
#168=FACE_OUTER_BOUND('',#301,.T.);
#169=FACE_OUTER_BOUND('',#302,.T.);
#170=FACE_OUTER_BOUND('',#303,.T.);
#171=FACE_OUTER_BOUND('',#304,.T.);
#172=FACE_OUTER_BOUND('',#305,.T.);
#173=FACE_OUTER_BOUND('',#306,.T.);
#174=FACE_OUTER_BOUND('',#307,.T.);
#175=FACE_OUTER_BOUND('',#308,.T.);
#176=FACE_OUTER_BOUND('',#309,.T.);
#177=FACE_OUTER_BOUND('',#310,.T.);
#178=FACE_OUTER_BOUND('',#311,.T.);
#179=FACE_OUTER_BOUND('',#312,.T.);
#180=FACE_OUTER_BOUND('',#313,.T.);
#181=FACE_OUTER_BOUND('',#314,.T.);
#182=FACE_OUTER_BOUND('',#315,.T.);
#183=FACE_OUTER_BOUND('',#316,.T.);
#184=FACE_OUTER_BOUND('',#317,.T.);
#185=FACE_OUTER_BOUND('',#318,.T.);
#186=FACE_OUTER_BOUND('',#319,.T.);
#187=FACE_OUTER_BOUND('',#320,.T.);
#188=FACE_OUTER_BOUND('',#321,.T.);
#189=FACE_OUTER_BOUND('',#322,.T.);
#190=FACE_OUTER_BOUND('',#323,.T.);
#191=FACE_OUTER_BOUND('',#324,.T.);
#192=FACE_OUTER_BOUND('',#325,.T.);
#193=FACE_OUTER_BOUND('',#326,.T.);
#194=FACE_OUTER_BOUND('',#327,.T.);
#195=FACE_OUTER_BOUND('',#328,.T.);
#196=FACE_OUTER_BOUND('',#329,.T.);
#197=FACE_OUTER_BOUND('',#330,.T.);
#198=FACE_OUTER_BOUND('',#331,.T.);
#199=FACE_OUTER_BOUND('',#332,.T.);
#200=FACE_OUTER_BOUND('',#333,.T.);
#201=FACE_OUTER_BOUND('',#334,.T.);
#202=FACE_OUTER_BOUND('',#335,.T.);
#203=FACE_OUTER_BOUND('',#336,.T.);
#204=FACE_OUTER_BOUND('',#337,.T.);
#205=FACE_OUTER_BOUND('',#338,.T.);
#206=FACE_OUTER_BOUND('',#339,.T.);
#207=FACE_OUTER_BOUND('',#340,.T.);
#208=FACE_OUTER_BOUND('',#341,.T.);
#209=FACE_OUTER_BOUND('',#342,.T.);
#210=FACE_OUTER_BOUND('',#343,.T.);
#211=FACE_OUTER_BOUND('',#344,.T.);
#212=FACE_OUTER_BOUND('',#345,.T.);
#213=FACE_OUTER_BOUND('',#346,.T.);
#214=FACE_OUTER_BOUND('',#360,.T.);
#215=FACE_OUTER_BOUND('',#361,.T.);
#216=FACE_OUTER_BOUND('',#362,.T.);
#217=FACE_OUTER_BOUND('',#363,.T.);
#218=FACE_OUTER_BOUND('',#364,.T.);
#219=FACE_OUTER_BOUND('',#365,.T.);
#220=FACE_OUTER_BOUND('',#366,.T.);
#221=FACE_OUTER_BOUND('',#367,.T.);
#222=FACE_OUTER_BOUND('',#368,.T.);
#223=FACE_OUTER_BOUND('',#369,.T.);
#224=EDGE_LOOP('',(#1554,#1555,#1556,#1557));
#225=EDGE_LOOP('',(#1558,#1559,#1560,#1561));
#226=EDGE_LOOP('',(#1562,#1563,#1564,#1565));
#227=EDGE_LOOP('',(#1566,#1567,#1568,#1569));
#228=EDGE_LOOP('',(#1570,#1571,#1572,#1573));
#229=EDGE_LOOP('',(#1574,#1575,#1576,#1577,#1578,#1579,#1580,#1581,#1582,
#1583));
#230=EDGE_LOOP('',(#1584,#1585,#1586,#1587));
#231=EDGE_LOOP('',(#1588,#1589,#1590,#1591));
#232=EDGE_LOOP('',(#1592,#1593,#1594,#1595,#1596,#1597,#1598,#1599));
#233=EDGE_LOOP('',(#1600,#1601,#1602,#1603,#1604,#1605,#1606,#1607));
#234=EDGE_LOOP('',(#1608,#1609,#1610,#1611,#1612,#1613,#1614,#1615));
#235=EDGE_LOOP('',(#1616,#1617,#1618,#1619,#1620,#1621,#1622,#1623));
#236=EDGE_LOOP('',(#1624,#1625,#1626,#1627,#1628,#1629,#1630,#1631));
#237=EDGE_LOOP('',(#1632,#1633,#1634,#1635,#1636,#1637,#1638,#1639));
#238=EDGE_LOOP('',(#1640,#1641,#1642,#1643,#1644,#1645,#1646,#1647));
#239=EDGE_LOOP('',(#1648,#1649,#1650,#1651,#1652,#1653,#1654,#1655));
#240=EDGE_LOOP('',(#1656,#1657,#1658,#1659,#1660,#1661,#1662,#1663));
#241=EDGE_LOOP('',(#1664,#1665,#1666,#1667,#1668,#1669,#1670,#1671));
#242=EDGE_LOOP('',(#1672,#1673,#1674,#1675));
#243=EDGE_LOOP('',(#1676,#1677,#1678,#1679,#1680,#1681,#1682,#1683,#1684,
#1685,#1686,#1687));
#244=EDGE_LOOP('',(#1688,#1689,#1690,#1691,#1692,#1693,#1694,#1695,#1696,
#1697,#1698,#1699));
#245=EDGE_LOOP('',(#1700,#1701,#1702,#1703));
#246=EDGE_LOOP('',(#1704,#1705,#1706,#1707));
#247=EDGE_LOOP('',(#1708,#1709,#1710,#1711));
#248=EDGE_LOOP('',(#1712,#1713,#1714,#1715));
#249=EDGE_LOOP('',(#1716,#1717,#1718,#1719));
#250=EDGE_LOOP('',(#1720,#1721,#1722,#1723));
#251=EDGE_LOOP('',(#1724,#1725,#1726,#1727));
#252=EDGE_LOOP('',(#1728,#1729,#1730,#1731));
#253=EDGE_LOOP('',(#1732,#1733,#1734,#1735));
#254=EDGE_LOOP('',(#1736,#1737,#1738,#1739));
#255=EDGE_LOOP('',(#1740,#1741,#1742,#1743));
#256=EDGE_LOOP('',(#1744,#1745,#1746,#1747));
#257=EDGE_LOOP('',(#1748,#1749,#1750,#1751));
#258=EDGE_LOOP('',(#1752,#1753,#1754,#1755));
#259=EDGE_LOOP('',(#1756,#1757,#1758,#1759));
#260=EDGE_LOOP('',(#1760,#1761,#1762,#1763));
#261=EDGE_LOOP('',(#1764,#1765,#1766,#1767));
#262=EDGE_LOOP('',(#1768,#1769,#1770,#1771));
#263=EDGE_LOOP('',(#1772,#1773,#1774,#1775));
#264=EDGE_LOOP('',(#1776,#1777,#1778,#1779));
#265=EDGE_LOOP('',(#1780,#1781,#1782,#1783));
#266=EDGE_LOOP('',(#1784,#1785,#1786,#1787));
#267=EDGE_LOOP('',(#1788,#1789,#1790,#1791));
#268=EDGE_LOOP('',(#1792,#1793,#1794,#1795));
#269=EDGE_LOOP('',(#1796,#1797,#1798,#1799));
#270=EDGE_LOOP('',(#1800,#1801,#1802,#1803));
#271=EDGE_LOOP('',(#1804,#1805,#1806,#1807));
#272=EDGE_LOOP('',(#1808,#1809,#1810,#1811));
#273=EDGE_LOOP('',(#1812,#1813,#1814,#1815));
#274=EDGE_LOOP('',(#1816,#1817,#1818,#1819));
#275=EDGE_LOOP('',(#1820,#1821,#1822,#1823));
#276=EDGE_LOOP('',(#1824,#1825,#1826,#1827));
#277=EDGE_LOOP('',(#1828,#1829,#1830,#1831));
#278=EDGE_LOOP('',(#1832,#1833,#1834,#1835));
#279=EDGE_LOOP('',(#1836,#1837,#1838,#1839));
#280=EDGE_LOOP('',(#1840,#1841,#1842,#1843));
#281=EDGE_LOOP('',(#1844,#1845,#1846,#1847));
#282=EDGE_LOOP('',(#1848,#1849,#1850,#1851));
#283=EDGE_LOOP('',(#1852,#1853,#1854,#1855));
#284=EDGE_LOOP('',(#1856,#1857,#1858,#1859));
#285=EDGE_LOOP('',(#1860,#1861,#1862,#1863));
#286=EDGE_LOOP('',(#1864,#1865,#1866,#1867));
#287=EDGE_LOOP('',(#1868,#1869,#1870,#1871));
#288=EDGE_LOOP('',(#1872,#1873,#1874,#1875));
#289=EDGE_LOOP('',(#1876,#1877,#1878,#1879));
#290=EDGE_LOOP('',(#1880,#1881,#1882,#1883));
#291=EDGE_LOOP('',(#1884,#1885,#1886,#1887));
#292=EDGE_LOOP('',(#1888,#1889,#1890,#1891));
#293=EDGE_LOOP('',(#1892,#1893,#1894,#1895));
#294=EDGE_LOOP('',(#1896,#1897,#1898,#1899));
#295=EDGE_LOOP('',(#1900,#1901,#1902,#1903));
#296=EDGE_LOOP('',(#1904,#1905,#1906,#1907));
#297=EDGE_LOOP('',(#1908,#1909,#1910,#1911));
#298=EDGE_LOOP('',(#1912,#1913,#1914,#1915));
#299=EDGE_LOOP('',(#1916,#1917,#1918,#1919));
#300=EDGE_LOOP('',(#1920,#1921,#1922,#1923));
#301=EDGE_LOOP('',(#1924,#1925,#1926,#1927));
#302=EDGE_LOOP('',(#1928,#1929,#1930,#1931));
#303=EDGE_LOOP('',(#1932,#1933,#1934,#1935));
#304=EDGE_LOOP('',(#1936,#1937,#1938,#1939));
#305=EDGE_LOOP('',(#1940,#1941,#1942,#1943));
#306=EDGE_LOOP('',(#1944,#1945,#1946,#1947));
#307=EDGE_LOOP('',(#1948,#1949,#1950,#1951));
#308=EDGE_LOOP('',(#1952,#1953,#1954,#1955));
#309=EDGE_LOOP('',(#1956,#1957,#1958,#1959));
#310=EDGE_LOOP('',(#1960,#1961,#1962,#1963));
#311=EDGE_LOOP('',(#1964,#1965,#1966,#1967));
#312=EDGE_LOOP('',(#1968,#1969,#1970,#1971));
#313=EDGE_LOOP('',(#1972,#1973,#1974,#1975));
#314=EDGE_LOOP('',(#1976,#1977,#1978,#1979));
#315=EDGE_LOOP('',(#1980,#1981,#1982,#1983));
#316=EDGE_LOOP('',(#1984,#1985,#1986,#1987));
#317=EDGE_LOOP('',(#1988,#1989,#1990,#1991));
#318=EDGE_LOOP('',(#1992,#1993,#1994,#1995));
#319=EDGE_LOOP('',(#1996,#1997,#1998,#1999));
#320=EDGE_LOOP('',(#2000,#2001,#2002,#2003));
#321=EDGE_LOOP('',(#2004,#2005,#2006,#2007));
#322=EDGE_LOOP('',(#2008,#2009,#2010,#2011));
#323=EDGE_LOOP('',(#2012,#2013,#2014,#2015));
#324=EDGE_LOOP('',(#2016,#2017,#2018,#2019));
#325=EDGE_LOOP('',(#2020,#2021,#2022,#2023));
#326=EDGE_LOOP('',(#2024,#2025,#2026,#2027));
#327=EDGE_LOOP('',(#2028,#2029,#2030,#2031));
#328=EDGE_LOOP('',(#2032,#2033,#2034,#2035));
#329=EDGE_LOOP('',(#2036,#2037,#2038,#2039));
#330=EDGE_LOOP('',(#2040,#2041,#2042,#2043));
#331=EDGE_LOOP('',(#2044,#2045,#2046,#2047));
#332=EDGE_LOOP('',(#2048,#2049,#2050,#2051));
#333=EDGE_LOOP('',(#2052,#2053,#2054,#2055));
#334=EDGE_LOOP('',(#2056,#2057,#2058,#2059));
#335=EDGE_LOOP('',(#2060,#2061,#2062,#2063));
#336=EDGE_LOOP('',(#2064,#2065,#2066,#2067));
#337=EDGE_LOOP('',(#2068,#2069,#2070,#2071));
#338=EDGE_LOOP('',(#2072,#2073,#2074,#2075));
#339=EDGE_LOOP('',(#2076,#2077,#2078,#2079));
#340=EDGE_LOOP('',(#2080,#2081,#2082,#2083));
#341=EDGE_LOOP('',(#2084,#2085,#2086,#2087));
#342=EDGE_LOOP('',(#2088,#2089,#2090,#2091));
#343=EDGE_LOOP('',(#2092,#2093,#2094,#2095));
#344=EDGE_LOOP('',(#2096,#2097,#2098,#2099));
#345=EDGE_LOOP('',(#2100,#2101,#2102,#2103));
#346=EDGE_LOOP('',(#2104,#2105,#2106,#2107,#2108,#2109,#2110,#2111,#2112,
#2113));
#347=EDGE_LOOP('',(#2114,#2115,#2116,#2117));
#348=EDGE_LOOP('',(#2118,#2119,#2120,#2121));
#349=EDGE_LOOP('',(#2122,#2123,#2124,#2125,#2126,#2127,#2128,#2129));
#350=EDGE_LOOP('',(#2130,#2131,#2132,#2133,#2134,#2135,#2136,#2137));
#351=EDGE_LOOP('',(#2138,#2139,#2140,#2141,#2142,#2143,#2144,#2145));
#352=EDGE_LOOP('',(#2146,#2147,#2148,#2149,#2150,#2151,#2152,#2153));
#353=EDGE_LOOP('',(#2154,#2155,#2156,#2157,#2158,#2159,#2160,#2161));
#354=EDGE_LOOP('',(#2162,#2163,#2164,#2165,#2166,#2167,#2168,#2169));
#355=EDGE_LOOP('',(#2170,#2171,#2172,#2173,#2174,#2175,#2176,#2177));
#356=EDGE_LOOP('',(#2178,#2179,#2180,#2181,#2182,#2183,#2184,#2185));
#357=EDGE_LOOP('',(#2186,#2187,#2188,#2189,#2190,#2191,#2192,#2193));
#358=EDGE_LOOP('',(#2194,#2195,#2196,#2197,#2198,#2199,#2200,#2201));
#359=EDGE_LOOP('',(#2202,#2203,#2204,#2205));
#360=EDGE_LOOP('',(#2206,#2207,#2208,#2209));
#361=EDGE_LOOP('',(#2210,#2211,#2212,#2213));
#362=EDGE_LOOP('',(#2214,#2215,#2216,#2217));
#363=EDGE_LOOP('',(#2218,#2219,#2220,#2221));
#364=EDGE_LOOP('',(#2222,#2223,#2224,#2225));
#365=EDGE_LOOP('',(#2226,#2227,#2228,#2229));
#366=EDGE_LOOP('',(#2230,#2231,#2232,#2233));
#367=EDGE_LOOP('',(#2234,#2235,#2236,#2237));
#368=EDGE_LOOP('',(#2238,#2239,#2240,#2241));
#369=EDGE_LOOP('',(#2242,#2243,#2244,#2245,#2246,#2247,#2248,#2249,#2250,
#2251,#2252,#2253,#2254,#2255,#2256,#2257,#2258,#2259,#2260,#2261));
#370=LINE('',#3403,#610);
#371=LINE('',#3406,#611);
#372=LINE('',#3412,#612);
#373=LINE('',#3415,#613);
#374=LINE('',#3418,#614);
#375=LINE('',#3420,#615);
#376=LINE('',#3421,#616);
#377=LINE('',#3424,#617);
#378=LINE('',#3426,#618);
#379=LINE('',#3427,#619);
#380=LINE('',#3433,#620);
#381=LINE('',#3435,#621);
#382=LINE('',#3437,#622);
#383=LINE('',#3439,#623);
#384=LINE('',#3440,#624);
#385=LINE('',#3443,#625);
#386=LINE('',#3447,#626);
#387=LINE('',#3451,#627);
#388=LINE('',#3455,#628);
#389=LINE('',#3459,#629);
#390=LINE('',#3463,#630);
#391=LINE('',#3467,#631);
#392=LINE('',#3471,#632);
#393=LINE('',#3475,#633);
#394=LINE('',#3479,#634);
#395=LINE('',#3483,#635);
#396=LINE('',#3487,#636);
#397=LINE('',#3491,#637);
#398=LINE('',#3495,#638);
#399=LINE('',#3499,#639);
#400=LINE('',#3503,#640);
#401=LINE('',#3507,#641);
#402=LINE('',#3511,#642);
#403=LINE('',#3515,#643);
#404=LINE('',#3519,#644);
#405=LINE('',#3523,#645);
#406=LINE('',#3527,#646);
#407=LINE('',#3531,#647);
#408=LINE('',#3535,#648);
#409=LINE('',#3539,#649);
#410=LINE('',#3543,#650);
#411=LINE('',#3547,#651);
#412=LINE('',#3551,#652);
#413=LINE('',#3555,#653);
#414=LINE('',#3559,#654);
#415=LINE('',#3563,#655);
#416=LINE('',#3567,#656);
#417=LINE('',#3571,#657);
#418=LINE('',#3575,#658);
#419=LINE('',#3579,#659);
#420=LINE('',#3583,#660);
#421=LINE('',#3587,#661);
#422=LINE('',#3591,#662);
#423=LINE('',#3595,#663);
#424=LINE('',#3599,#664);
#425=LINE('',#3603,#665);
#426=LINE('',#3607,#666);
#427=LINE('',#3611,#667);
#428=LINE('',#3615,#668);
#429=LINE('',#3619,#669);
#430=LINE('',#3623,#670);
#431=LINE('',#3627,#671);
#432=LINE('',#3631,#672);
#433=LINE('',#3635,#673);
#434=LINE('',#3637,#674);
#435=LINE('',#3639,#675);
#436=LINE('',#3643,#676);
#437=LINE('',#3649,#677);
#438=LINE('',#3653,#678);
#439=LINE('',#3655,#679);
#440=LINE('',#3657,#680);
#441=LINE('',#3661,#681);
#442=LINE('',#3664,#682);
#443=LINE('',#3668,#683);
#444=LINE('',#3669,#684);
#445=LINE('',#3670,#685);
#446=LINE('',#3674,#686);
#447=LINE('',#3677,#687);
#448=LINE('',#3678,#688);
#449=LINE('',#3684,#689);
#450=LINE('',#3685,#690);
#451=LINE('',#3686,#691);
#452=LINE('',#3690,#692);
#453=LINE('',#3693,#693);
#454=LINE('',#3694,#694);
#455=LINE('',#3700,#695);
#456=LINE('',#3701,#696);
#457=LINE('',#3702,#697);
#458=LINE('',#3706,#698);
#459=LINE('',#3709,#699);
#460=LINE('',#3710,#700);
#461=LINE('',#3715,#701);
#462=LINE('',#3717,#702);
#463=LINE('',#3718,#703);
#464=LINE('',#3721,#704);
#465=LINE('',#3726,#705);
#466=LINE('',#3729,#706);
#467=LINE('',#3731,#707);
#468=LINE('',#3732,#708);
#469=LINE('',#3735,#709);
#470=LINE('',#3740,#710);
#471=LINE('',#3743,#711);
#472=LINE('',#3745,#712);
#473=LINE('',#3746,#713);
#474=LINE('',#3749,#714);
#475=LINE('',#3754,#715);
#476=LINE('',#3757,#716);
#477=LINE('',#3759,#717);
#478=LINE('',#3760,#718);
#479=LINE('',#3763,#719);
#480=LINE('',#3768,#720);
#481=LINE('',#3771,#721);
#482=LINE('',#3773,#722);
#483=LINE('',#3774,#723);
#484=LINE('',#3777,#724);
#485=LINE('',#3782,#725);
#486=LINE('',#3785,#726);
#487=LINE('',#3787,#727);
#488=LINE('',#3788,#728);
#489=LINE('',#3791,#729);
#490=LINE('',#3796,#730);
#491=LINE('',#3799,#731);
#492=LINE('',#3801,#732);
#493=LINE('',#3802,#733);
#494=LINE('',#3805,#734);
#495=LINE('',#3810,#735);
#496=LINE('',#3813,#736);
#497=LINE('',#3815,#737);
#498=LINE('',#3816,#738);
#499=LINE('',#3819,#739);
#500=LINE('',#3824,#740);
#501=LINE('',#3827,#741);
#502=LINE('',#3829,#742);
#503=LINE('',#3830,#743);
#504=LINE('',#3833,#744);
#505=LINE('',#3838,#745);
#506=LINE('',#3841,#746);
#507=LINE('',#3844,#747);
#508=LINE('',#3847,#748);
#509=LINE('',#3848,#749);
#510=LINE('',#3851,#750);
#511=LINE('',#3857,#751);
#512=LINE('',#3858,#752);
#513=LINE('',#3861,#753);
#514=LINE('',#3862,#754);
#515=LINE('',#3866,#755);
#516=LINE('',#3869,#756);
#517=LINE('',#3870,#757);
#518=LINE('',#3873,#758);
#519=LINE('',#3874,#759);
#520=LINE('',#3877,#760);
#521=LINE('',#3878,#761);
#522=LINE('',#3882,#762);
#523=LINE('',#3885,#763);
#524=LINE('',#3886,#764);
#525=LINE('',#3891,#765);
#526=LINE('',#3893,#766);
#527=LINE('',#3894,#767);
#528=LINE('',#3898,#768);
#529=LINE('',#3900,#769);
#530=LINE('',#3903,#770);
#531=LINE('',#3904,#771);
#532=LINE('',#3909,#772);
#533=LINE('',#3911,#773);
#534=LINE('',#3912,#774);
#535=LINE('',#3916,#775);
#536=LINE('',#3918,#776);
#537=LINE('',#3921,#777);
#538=LINE('',#3922,#778);
#539=LINE('',#3927,#779);
#540=LINE('',#3929,#780);
#541=LINE('',#3930,#781);
#542=LINE('',#3934,#782);
#543=LINE('',#3936,#783);
#544=LINE('',#3939,#784);
#545=LINE('',#3940,#785);
#546=LINE('',#3945,#786);
#547=LINE('',#3947,#787);
#548=LINE('',#3948,#788);
#549=LINE('',#3952,#789);
#550=LINE('',#3954,#790);
#551=LINE('',#3957,#791);
#552=LINE('',#3958,#792);
#553=LINE('',#3963,#793);
#554=LINE('',#3965,#794);
#555=LINE('',#3966,#795);
#556=LINE('',#3970,#796);
#557=LINE('',#3972,#797);
#558=LINE('',#3975,#798);
#559=LINE('',#3976,#799);
#560=LINE('',#3981,#800);
#561=LINE('',#3983,#801);
#562=LINE('',#3984,#802);
#563=LINE('',#3988,#803);
#564=LINE('',#3990,#804);
#565=LINE('',#3993,#805);
#566=LINE('',#3994,#806);
#567=LINE('',#3999,#807);
#568=LINE('',#4001,#808);
#569=LINE('',#4002,#809);
#570=LINE('',#4006,#810);
#571=LINE('',#4008,#811);
#572=LINE('',#4011,#812);
#573=LINE('',#4012,#813);
#574=LINE('',#4017,#814);
#575=LINE('',#4019,#815);
#576=LINE('',#4020,#816);
#577=LINE('',#4024,#817);
#578=LINE('',#4026,#818);
#579=LINE('',#4029,#819);
#580=LINE('',#4030,#820);
#581=LINE('',#4035,#821);
#582=LINE('',#4037,#822);
#583=LINE('',#4038,#823);
#584=LINE('',#4042,#824);
#585=LINE('',#4044,#825);
#586=LINE('',#4047,#826);
#587=LINE('',#4048,#827);
#588=LINE('',#4053,#828);
#589=LINE('',#4056,#829);
#590=LINE('',#4059,#830);
#591=LINE('',#4060,#831);
#592=LINE('',#4064,#832);
#593=LINE('',#4066,#833);
#594=LINE('',#4068,#834);
#595=LINE('',#4071,#835);
#596=LINE('',#4072,#836);
#597=LINE('',#4076,#837);
#598=LINE('',#4079,#838);
#599=LINE('',#4080,#839);
#600=LINE('',#4084,#840);
#601=LINE('',#4087,#841);
#602=LINE('',#4088,#842);
#603=LINE('',#4091,#843);
#604=LINE('',#4092,#844);
#605=LINE('',#4095,#845);
#606=LINE('',#4096,#846);
#607=LINE('',#4100,#847);
#608=LINE('',#4103,#848);
#609=LINE('',#4104,#849);
#610=VECTOR('',#2693,10.);
#611=VECTOR('',#2696,10.);
#612=VECTOR('',#2701,10.);
#613=VECTOR('',#2704,10.);
#614=VECTOR('',#2707,10.);
#615=VECTOR('',#2708,10.);
#616=VECTOR('',#2709,10.);
#617=VECTOR('',#2712,10.);
#618=VECTOR('',#2713,10.);
#619=VECTOR('',#2714,10.);
#620=VECTOR('',#2723,10.);
#621=VECTOR('',#2724,10.);
#622=VECTOR('',#2725,10.);
#623=VECTOR('',#2726,10.);
#624=VECTOR('',#2727,10.);
#625=VECTOR('',#2728,10.);
#626=VECTOR('',#2731,10.);
#627=VECTOR('',#2734,10.);
#628=VECTOR('',#2737,10.);
#629=VECTOR('',#2740,10.);
#630=VECTOR('',#2743,10.);
#631=VECTOR('',#2746,10.);
#632=VECTOR('',#2749,10.);
#633=VECTOR('',#2752,10.);
#634=VECTOR('',#2755,10.);
#635=VECTOR('',#2758,10.);
#636=VECTOR('',#2761,10.);
#637=VECTOR('',#2764,10.);
#638=VECTOR('',#2767,10.);
#639=VECTOR('',#2770,10.);
#640=VECTOR('',#2773,10.);
#641=VECTOR('',#2776,10.);
#642=VECTOR('',#2779,10.);
#643=VECTOR('',#2782,10.);
#644=VECTOR('',#2785,10.);
#645=VECTOR('',#2788,10.);
#646=VECTOR('',#2791,10.);
#647=VECTOR('',#2794,10.);
#648=VECTOR('',#2797,10.);
#649=VECTOR('',#2800,10.);
#650=VECTOR('',#2803,10.);
#651=VECTOR('',#2806,10.);
#652=VECTOR('',#2809,10.);
#653=VECTOR('',#2812,10.);
#654=VECTOR('',#2815,10.);
#655=VECTOR('',#2818,10.);
#656=VECTOR('',#2821,10.);
#657=VECTOR('',#2824,10.);
#658=VECTOR('',#2827,10.);
#659=VECTOR('',#2830,10.);
#660=VECTOR('',#2833,10.);
#661=VECTOR('',#2836,10.);
#662=VECTOR('',#2839,10.);
#663=VECTOR('',#2842,10.);
#664=VECTOR('',#2845,10.);
#665=VECTOR('',#2848,10.);
#666=VECTOR('',#2851,10.);
#667=VECTOR('',#2854,10.);
#668=VECTOR('',#2857,10.);
#669=VECTOR('',#2860,10.);
#670=VECTOR('',#2863,10.);
#671=VECTOR('',#2868,10.);
#672=VECTOR('',#2871,10.);
#673=VECTOR('',#2874,10.);
#674=VECTOR('',#2875,10.);
#675=VECTOR('',#2876,10.);
#676=VECTOR('',#2879,10.);
#677=VECTOR('',#2886,10.);
#678=VECTOR('',#2889,10.);
#679=VECTOR('',#2890,10.);
#680=VECTOR('',#2891,10.);
#681=VECTOR('',#2894,10.);
#682=VECTOR('',#2897,10.);
#683=VECTOR('',#2900,10.);
#684=VECTOR('',#2901,10.);
#685=VECTOR('',#2902,10.);
#686=VECTOR('',#2907,10.);
#687=VECTOR('',#2910,10.);
#688=VECTOR('',#2911,10.);
#689=VECTOR('',#2918,10.);
#690=VECTOR('',#2919,10.);
#691=VECTOR('',#2920,10.);
#692=VECTOR('',#2925,10.);
#693=VECTOR('',#2928,10.);
#694=VECTOR('',#2929,10.);
#695=VECTOR('',#2936,10.);
#696=VECTOR('',#2937,10.);
#697=VECTOR('',#2938,10.);
#698=VECTOR('',#2943,10.);
#699=VECTOR('',#2946,10.);
#700=VECTOR('',#2947,10.);
#701=VECTOR('',#2954,10.);
#702=VECTOR('',#2955,10.);
#703=VECTOR('',#2956,10.);
#704=VECTOR('',#2959,10.);
#705=VECTOR('',#2966,10.);
#706=VECTOR('',#2969,10.);
#707=VECTOR('',#2970,10.);
#708=VECTOR('',#2971,10.);
#709=VECTOR('',#2974,10.);
#710=VECTOR('',#2981,10.);
#711=VECTOR('',#2984,10.);
#712=VECTOR('',#2985,10.);
#713=VECTOR('',#2986,10.);
#714=VECTOR('',#2989,10.);
#715=VECTOR('',#2996,10.);
#716=VECTOR('',#2999,10.);
#717=VECTOR('',#3000,10.);
#718=VECTOR('',#3001,10.);
#719=VECTOR('',#3004,10.);
#720=VECTOR('',#3011,10.);
#721=VECTOR('',#3014,10.);
#722=VECTOR('',#3015,10.);
#723=VECTOR('',#3016,10.);
#724=VECTOR('',#3019,10.);
#725=VECTOR('',#3026,10.);
#726=VECTOR('',#3029,10.);
#727=VECTOR('',#3030,10.);
#728=VECTOR('',#3031,10.);
#729=VECTOR('',#3034,10.);
#730=VECTOR('',#3041,10.);
#731=VECTOR('',#3044,10.);
#732=VECTOR('',#3045,10.);
#733=VECTOR('',#3046,10.);
#734=VECTOR('',#3049,10.);
#735=VECTOR('',#3056,10.);
#736=VECTOR('',#3059,10.);
#737=VECTOR('',#3060,10.);
#738=VECTOR('',#3061,10.);
#739=VECTOR('',#3064,10.);
#740=VECTOR('',#3071,10.);
#741=VECTOR('',#3074,10.);
#742=VECTOR('',#3075,10.);
#743=VECTOR('',#3076,10.);
#744=VECTOR('',#3079,10.);
#745=VECTOR('',#3086,10.);
#746=VECTOR('',#3089,10.);
#747=VECTOR('',#3092,10.);
#748=VECTOR('',#3095,10.);
#749=VECTOR('',#3096,10.);
#750=VECTOR('',#3099,10.);
#751=VECTOR('',#3106,10.);
#752=VECTOR('',#3107,10.);
#753=VECTOR('',#3110,10.);
#754=VECTOR('',#3111,10.);
#755=VECTOR('',#3116,10.);
#756=VECTOR('',#3119,10.);
#757=VECTOR('',#3120,10.);
#758=VECTOR('',#3123,10.);
#759=VECTOR('',#3124,10.);
#760=VECTOR('',#3127,10.);
#761=VECTOR('',#3128,10.);
#762=VECTOR('',#3133,10.);
#763=VECTOR('',#3136,10.);
#764=VECTOR('',#3137,10.);
#765=VECTOR('',#3144,10.);
#766=VECTOR('',#3145,10.);
#767=VECTOR('',#3146,10.);
#768=VECTOR('',#3151,10.);
#769=VECTOR('',#3154,10.);
#770=VECTOR('',#3157,10.);
#771=VECTOR('',#3158,10.);
#772=VECTOR('',#3165,10.);
#773=VECTOR('',#3166,10.);
#774=VECTOR('',#3167,10.);
#775=VECTOR('',#3172,10.);
#776=VECTOR('',#3175,10.);
#777=VECTOR('',#3178,10.);
#778=VECTOR('',#3179,10.);
#779=VECTOR('',#3186,10.);
#780=VECTOR('',#3187,10.);
#781=VECTOR('',#3188,10.);
#782=VECTOR('',#3193,10.);
#783=VECTOR('',#3196,10.);
#784=VECTOR('',#3199,10.);
#785=VECTOR('',#3200,10.);
#786=VECTOR('',#3207,10.);
#787=VECTOR('',#3208,10.);
#788=VECTOR('',#3209,10.);
#789=VECTOR('',#3214,10.);
#790=VECTOR('',#3217,10.);
#791=VECTOR('',#3220,10.);
#792=VECTOR('',#3221,10.);
#793=VECTOR('',#3228,10.);
#794=VECTOR('',#3229,10.);
#795=VECTOR('',#3230,10.);
#796=VECTOR('',#3235,10.);
#797=VECTOR('',#3238,10.);
#798=VECTOR('',#3241,10.);
#799=VECTOR('',#3242,10.);
#800=VECTOR('',#3249,10.);
#801=VECTOR('',#3250,10.);
#802=VECTOR('',#3251,10.);
#803=VECTOR('',#3256,10.);
#804=VECTOR('',#3259,10.);
#805=VECTOR('',#3262,10.);
#806=VECTOR('',#3263,10.);
#807=VECTOR('',#3270,10.);
#808=VECTOR('',#3271,10.);
#809=VECTOR('',#3272,10.);
#810=VECTOR('',#3277,10.);
#811=VECTOR('',#3280,10.);
#812=VECTOR('',#3283,10.);
#813=VECTOR('',#3284,10.);
#814=VECTOR('',#3291,10.);
#815=VECTOR('',#3292,10.);
#816=VECTOR('',#3293,10.);
#817=VECTOR('',#3298,10.);
#818=VECTOR('',#3301,10.);
#819=VECTOR('',#3304,10.);
#820=VECTOR('',#3305,10.);
#821=VECTOR('',#3312,10.);
#822=VECTOR('',#3313,10.);
#823=VECTOR('',#3314,10.);
#824=VECTOR('',#3319,10.);
#825=VECTOR('',#3322,10.);
#826=VECTOR('',#3325,10.);
#827=VECTOR('',#3326,10.);
#828=VECTOR('',#3333,10.);
#829=VECTOR('',#3336,10.);
#830=VECTOR('',#3339,10.);
#831=VECTOR('',#3340,10.);
#832=VECTOR('',#3345,10.);
#833=VECTOR('',#3348,10.);
#834=VECTOR('',#3351,10.);
#835=VECTOR('',#3354,10.);
#836=VECTOR('',#3355,10.);
#837=VECTOR('',#3360,10.);
#838=VECTOR('',#3363,10.);
#839=VECTOR('',#3364,10.);
#840=VECTOR('',#3369,10.);
#841=VECTOR('',#3372,10.);
#842=VECTOR('',#3373,10.);
#843=VECTOR('',#3376,10.);
#844=VECTOR('',#3377,10.);
#845=VECTOR('',#3380,10.);
#846=VECTOR('',#3381,10.);
#847=VECTOR('',#3386,10.);
#848=VECTOR('',#3389,10.);
#849=VECTOR('',#3390,10.);
#850=CIRCLE('',#2454,3.14900000000004);
#851=CIRCLE('',#2455,3.14900000000004);
#852=CIRCLE('',#2457,3.14900000000004);
#853=CIRCLE('',#2458,3.14900000000004);
#854=CIRCLE('',#2462,3.149);
#855=CIRCLE('',#2463,3.149);
#856=CIRCLE('',#2465,3.149);
#857=CIRCLE('',#2466,3.14900000000004);
#858=CIRCLE('',#2467,3.149);
#859=CIRCLE('',#2468,3.14900000000004);
#860=CIRCLE('',#2469,3.14899999999998);
#861=CIRCLE('',#2470,3.149);
#862=CIRCLE('',#2471,3.149);
#863=CIRCLE('',#2472,3.14899999999998);
#864=CIRCLE('',#2473,3.149);
#865=CIRCLE('',#2474,3.149);
#866=CIRCLE('',#2475,3.149);
#867=CIRCLE('',#2476,3.149);
#868=CIRCLE('',#2477,3.14900000000002);
#869=CIRCLE('',#2478,3.149);
#870=CIRCLE('',#2479,3.149);
#871=CIRCLE('',#2480,3.14900000000002);
#872=CIRCLE('',#2481,3.149);
#873=CIRCLE('',#2482,3.14900000000002);
#874=CIRCLE('',#2483,3.14900000000002);
#875=CIRCLE('',#2484,3.149);
#876=CIRCLE('',#2485,3.149);
#877=CIRCLE('',#2486,3.14899999999998);
#878=CIRCLE('',#2487,3.14899999999998);
#879=CIRCLE('',#2488,3.149);
#880=CIRCLE('',#2489,3.149);
#881=CIRCLE('',#2490,3.14899999999998);
#882=CIRCLE('',#2491,3.14899999999998);
#883=CIRCLE('',#2492,3.149);
#884=CIRCLE('',#2493,3.149);
#885=CIRCLE('',#2494,3.14899999999998);
#886=CIRCLE('',#2495,3.14899999999998);
#887=CIRCLE('',#2496,3.149);
#888=CIRCLE('',#2497,3.149);
#889=CIRCLE('',#2498,3.149);
#890=CIRCLE('',#2499,3.149);
#891=CIRCLE('',#2500,3.149);
#892=CIRCLE('',#2501,3.149);
#893=CIRCLE('',#2502,3.149);
#894=CIRCLE('',#2503,3.149);
#895=CIRCLE('',#2504,3.149);
#896=CIRCLE('',#2505,3.149);
#897=CIRCLE('',#2506,3.149);
#898=CIRCLE('',#2507,3.149);
#899=CIRCLE('',#2508,3.149);
#900=CIRCLE('',#2509,3.149);
#901=CIRCLE('',#2510,3.14900000000004);
#902=CIRCLE('',#2512,0.249999999999999);
#903=CIRCLE('',#2513,1.25);
#904=CIRCLE('',#2514,0.249999999999999);
#905=CIRCLE('',#2515,1.25);
#906=CIRCLE('',#2517,1.25);
#907=CIRCLE('',#2518,0.249999999999999);
#908=CIRCLE('',#2519,1.25);
#909=CIRCLE('',#2520,0.249999999999999);
#910=CIRCLE('',#2523,3.149);
#911=CIRCLE('',#2526,3.14900000000004);
#912=CIRCLE('',#2529,3.149);
#913=CIRCLE('',#2532,3.14900000000004);
#914=CIRCLE('',#2535,3.149);
#915=CIRCLE('',#2538,3.14900000000004);
#916=CIRCLE('',#2541,3.149);
#917=CIRCLE('',#2543,3.14900000000002);
#918=CIRCLE('',#2546,3.149);
#919=CIRCLE('',#2548,3.14899999999998);
#920=CIRCLE('',#2551,3.149);
#921=CIRCLE('',#2553,3.14899999999998);
#922=CIRCLE('',#2556,3.149);
#923=CIRCLE('',#2558,3.149);
#924=CIRCLE('',#2561,3.149);
#925=CIRCLE('',#2563,3.14900000000002);
#926=CIRCLE('',#2566,3.149);
#927=CIRCLE('',#2568,3.149);
#928=CIRCLE('',#2571,3.149);
#929=CIRCLE('',#2573,3.14899999999998);
#930=CIRCLE('',#2576,3.149);
#931=CIRCLE('',#2578,3.14899999999998);
#932=CIRCLE('',#2581,3.149);
#933=CIRCLE('',#2583,3.149);
#934=CIRCLE('',#2585,3.149);
#935=CIRCLE('',#2588,3.149);
#936=CIRCLE('',#2590,0.249999999999999);
#937=CIRCLE('',#2593,1.25);
#938=CIRCLE('',#2598,0.249999999999999);
#939=CIRCLE('',#2601,1.25);
#940=CIRCLE('',#2604,3.149);
#941=CIRCLE('',#2608,3.14900000000002);
#942=CIRCLE('',#2611,3.149);
#943=CIRCLE('',#2615,3.14899999999998);
#944=CIRCLE('',#2618,3.149);
#945=CIRCLE('',#2622,3.14899999999998);
#946=CIRCLE('',#2625,3.149);
#947=CIRCLE('',#2629,3.149);
#948=CIRCLE('',#2632,3.149);
#949=CIRCLE('',#2636,3.14900000000002);
#950=CIRCLE('',#2639,3.149);
#951=CIRCLE('',#2643,3.149);
#952=CIRCLE('',#2646,3.149);
#953=CIRCLE('',#2650,3.14899999999998);
#954=CIRCLE('',#2653,3.149);
#955=CIRCLE('',#2657,3.14899999999998);
#956=CIRCLE('',#2660,3.149);
#957=CIRCLE('',#2664,3.149);
#958=CIRCLE('',#2666,3.149);
#959=CIRCLE('',#2669,3.149);
#960=CIRCLE('',#2674,0.249999999999999);
#961=CIRCLE('',#2677,1.25);
#962=CIRCLE('',#2682,0.249999999999999);
#963=CIRCLE('',#2685,1.25);
#964=VERTEX_POINT('',#3399);
#965=VERTEX_POINT('',#3400);
#966=VERTEX_POINT('',#3402);
#967=VERTEX_POINT('',#3404);
#968=VERTEX_POINT('',#3408);
#969=VERTEX_POINT('',#3409);
#970=VERTEX_POINT('',#3411);
#971=VERTEX_POINT('',#3413);
#972=VERTEX_POINT('',#3417);
#973=VERTEX_POINT('',#3419);
#974=VERTEX_POINT('',#3423);
#975=VERTEX_POINT('',#3425);
#976=VERTEX_POINT('',#3432);
#977=VERTEX_POINT('',#3434);
#978=VERTEX_POINT('',#3436);
#979=VERTEX_POINT('',#3438);
#980=VERTEX_POINT('',#3441);
#981=VERTEX_POINT('',#3442);
#982=VERTEX_POINT('',#3444);
#983=VERTEX_POINT('',#3446);
#984=VERTEX_POINT('',#3449);
#985=VERTEX_POINT('',#3450);
#986=VERTEX_POINT('',#3452);
#987=VERTEX_POINT('',#3454);
#988=VERTEX_POINT('',#3457);
#989=VERTEX_POINT('',#3458);
#990=VERTEX_POINT('',#3460);
#991=VERTEX_POINT('',#3462);
#992=VERTEX_POINT('',#3464);
#993=VERTEX_POINT('',#3466);
#994=VERTEX_POINT('',#3468);
#995=VERTEX_POINT('',#3470);
#996=VERTEX_POINT('',#3473);
#997=VERTEX_POINT('',#3474);
#998=VERTEX_POINT('',#3476);
#999=VERTEX_POINT('',#3478);
#1000=VERTEX_POINT('',#3480);
#1001=VERTEX_POINT('',#3482);
#1002=VERTEX_POINT('',#3484);
#1003=VERTEX_POINT('',#3486);
#1004=VERTEX_POINT('',#3489);
#1005=VERTEX_POINT('',#3490);
#1006=VERTEX_POINT('',#3492);
#1007=VERTEX_POINT('',#3494);
#1008=VERTEX_POINT('',#3496);
#1009=VERTEX_POINT('',#3498);
#1010=VERTEX_POINT('',#3500);
#1011=VERTEX_POINT('',#3502);
#1012=VERTEX_POINT('',#3505);
#1013=VERTEX_POINT('',#3506);
#1014=VERTEX_POINT('',#3508);
#1015=VERTEX_POINT('',#3510);
#1016=VERTEX_POINT('',#3512);
#1017=VERTEX_POINT('',#3514);
#1018=VERTEX_POINT('',#3516);
#1019=VERTEX_POINT('',#3518);
#1020=VERTEX_POINT('',#3521);
#1021=VERTEX_POINT('',#3522);
#1022=VERTEX_POINT('',#3524);
#1023=VERTEX_POINT('',#3526);
#1024=VERTEX_POINT('',#3528);
#1025=VERTEX_POINT('',#3530);
#1026=VERTEX_POINT('',#3532);
#1027=VERTEX_POINT('',#3534);
#1028=VERTEX_POINT('',#3537);
#1029=VERTEX_POINT('',#3538);
#1030=VERTEX_POINT('',#3540);
#1031=VERTEX_POINT('',#3542);
#1032=VERTEX_POINT('',#3544);
#1033=VERTEX_POINT('',#3546);
#1034=VERTEX_POINT('',#3548);
#1035=VERTEX_POINT('',#3550);
#1036=VERTEX_POINT('',#3553);
#1037=VERTEX_POINT('',#3554);
#1038=VERTEX_POINT('',#3556);
#1039=VERTEX_POINT('',#3558);
#1040=VERTEX_POINT('',#3560);
#1041=VERTEX_POINT('',#3562);
#1042=VERTEX_POINT('',#3564);
#1043=VERTEX_POINT('',#3566);
#1044=VERTEX_POINT('',#3569);
#1045=VERTEX_POINT('',#3570);
#1046=VERTEX_POINT('',#3572);
#1047=VERTEX_POINT('',#3574);
#1048=VERTEX_POINT('',#3576);
#1049=VERTEX_POINT('',#3578);
#1050=VERTEX_POINT('',#3580);
#1051=VERTEX_POINT('',#3582);
#1052=VERTEX_POINT('',#3585);
#1053=VERTEX_POINT('',#3586);
#1054=VERTEX_POINT('',#3588);
#1055=VERTEX_POINT('',#3590);
#1056=VERTEX_POINT('',#3592);
#1057=VERTEX_POINT('',#3594);
#1058=VERTEX_POINT('',#3596);
#1059=VERTEX_POINT('',#3598);
#1060=VERTEX_POINT('',#3601);
#1061=VERTEX_POINT('',#3602);
#1062=VERTEX_POINT('',#3604);
#1063=VERTEX_POINT('',#3606);
#1064=VERTEX_POINT('',#3608);
#1065=VERTEX_POINT('',#3610);
#1066=VERTEX_POINT('',#3612);
#1067=VERTEX_POINT('',#3614);
#1068=VERTEX_POINT('',#3617);
#1069=VERTEX_POINT('',#3618);
#1070=VERTEX_POINT('',#3620);
#1071=VERTEX_POINT('',#3622);
#1072=VERTEX_POINT('',#3626);
#1073=VERTEX_POINT('',#3628);
#1074=VERTEX_POINT('',#3630);
#1075=VERTEX_POINT('',#3632);
#1076=VERTEX_POINT('',#3634);
#1077=VERTEX_POINT('',#3636);
#1078=VERTEX_POINT('',#3638);
#1079=VERTEX_POINT('',#3640);
#1080=VERTEX_POINT('',#3642);
#1081=VERTEX_POINT('',#3646);
#1082=VERTEX_POINT('',#3648);
#1083=VERTEX_POINT('',#3650);
#1084=VERTEX_POINT('',#3652);
#1085=VERTEX_POINT('',#3654);
#1086=VERTEX_POINT('',#3656);
#1087=VERTEX_POINT('',#3658);
#1088=VERTEX_POINT('',#3660);
#1089=VERTEX_POINT('',#3662);
#1090=VERTEX_POINT('',#3666);
#1091=VERTEX_POINT('',#3667);
#1092=VERTEX_POINT('',#3672);
#1093=VERTEX_POINT('',#3676);
#1094=VERTEX_POINT('',#3682);
#1095=VERTEX_POINT('',#3683);
#1096=VERTEX_POINT('',#3688);
#1097=VERTEX_POINT('',#3692);
#1098=VERTEX_POINT('',#3698);
#1099=VERTEX_POINT('',#3699);
#1100=VERTEX_POINT('',#3704);
#1101=VERTEX_POINT('',#3708);
#1102=VERTEX_POINT('',#3714);
#1103=VERTEX_POINT('',#3716);
#1104=VERTEX_POINT('',#3720);
#1105=VERTEX_POINT('',#3724);
#1106=VERTEX_POINT('',#3728);
#1107=VERTEX_POINT('',#3730);
#1108=VERTEX_POINT('',#3734);
#1109=VERTEX_POINT('',#3738);
#1110=VERTEX_POINT('',#3742);
#1111=VERTEX_POINT('',#3744);
#1112=VERTEX_POINT('',#3748);
#1113=VERTEX_POINT('',#3752);
#1114=VERTEX_POINT('',#3756);
#1115=VERTEX_POINT('',#3758);
#1116=VERTEX_POINT('',#3762);
#1117=VERTEX_POINT('',#3766);
#1118=VERTEX_POINT('',#3770);
#1119=VERTEX_POINT('',#3772);
#1120=VERTEX_POINT('',#3776);
#1121=VERTEX_POINT('',#3780);
#1122=VERTEX_POINT('',#3784);
#1123=VERTEX_POINT('',#3786);
#1124=VERTEX_POINT('',#3790);
#1125=VERTEX_POINT('',#3794);
#1126=VERTEX_POINT('',#3798);
#1127=VERTEX_POINT('',#3800);
#1128=VERTEX_POINT('',#3804);
#1129=VERTEX_POINT('',#3808);
#1130=VERTEX_POINT('',#3812);
#1131=VERTEX_POINT('',#3814);
#1132=VERTEX_POINT('',#3818);
#1133=VERTEX_POINT('',#3822);
#1134=VERTEX_POINT('',#3826);
#1135=VERTEX_POINT('',#3828);
#1136=VERTEX_POINT('',#3832);
#1137=VERTEX_POINT('',#3836);
#1138=VERTEX_POINT('',#3840);
#1139=VERTEX_POINT('',#3842);
#1140=VERTEX_POINT('',#3846);
#1141=VERTEX_POINT('',#3850);
#1142=VERTEX_POINT('',#3854);
#1143=VERTEX_POINT('',#3855);
#1144=VERTEX_POINT('',#3860);
#1145=VERTEX_POINT('',#3864);
#1146=VERTEX_POINT('',#3868);
#1147=VERTEX_POINT('',#3872);
#1148=VERTEX_POINT('',#3876);
#1149=VERTEX_POINT('',#3880);
#1150=VERTEX_POINT('',#3884);
#1151=VERTEX_POINT('',#3890);
#1152=VERTEX_POINT('',#3892);
#1153=VERTEX_POINT('',#3896);
#1154=VERTEX_POINT('',#3902);
#1155=VERTEX_POINT('',#3908);
#1156=VERTEX_POINT('',#3910);
#1157=VERTEX_POINT('',#3914);
#1158=VERTEX_POINT('',#3920);
#1159=VERTEX_POINT('',#3926);
#1160=VERTEX_POINT('',#3928);
#1161=VERTEX_POINT('',#3932);
#1162=VERTEX_POINT('',#3938);
#1163=VERTEX_POINT('',#3944);
#1164=VERTEX_POINT('',#3946);
#1165=VERTEX_POINT('',#3950);
#1166=VERTEX_POINT('',#3956);
#1167=VERTEX_POINT('',#3962);
#1168=VERTEX_POINT('',#3964);
#1169=VERTEX_POINT('',#3968);
#1170=VERTEX_POINT('',#3974);
#1171=VERTEX_POINT('',#3980);
#1172=VERTEX_POINT('',#3982);
#1173=VERTEX_POINT('',#3986);
#1174=VERTEX_POINT('',#3992);
#1175=VERTEX_POINT('',#3998);
#1176=VERTEX_POINT('',#4000);
#1177=VERTEX_POINT('',#4004);
#1178=VERTEX_POINT('',#4010);
#1179=VERTEX_POINT('',#4016);
#1180=VERTEX_POINT('',#4018);
#1181=VERTEX_POINT('',#4022);
#1182=VERTEX_POINT('',#4028);
#1183=VERTEX_POINT('',#4034);
#1184=VERTEX_POINT('',#4036);
#1185=VERTEX_POINT('',#4040);
#1186=VERTEX_POINT('',#4046);
#1187=VERTEX_POINT('',#4052);
#1188=VERTEX_POINT('',#4054);
#1189=VERTEX_POINT('',#4058);
#1190=VERTEX_POINT('',#4062);
#1191=VERTEX_POINT('',#4070);
#1192=VERTEX_POINT('',#4074);
#1193=VERTEX_POINT('',#4078);
#1194=VERTEX_POINT('',#4082);
#1195=VERTEX_POINT('',#4086);
#1196=VERTEX_POINT('',#4090);
#1197=VERTEX_POINT('',#4094);
#1198=VERTEX_POINT('',#4098);
#1199=VERTEX_POINT('',#4102);
#1200=EDGE_CURVE('',#964,#965,#850,.T.);
#1201=EDGE_CURVE('',#966,#964,#370,.T.);
#1202=EDGE_CURVE('',#967,#966,#851,.T.);
#1203=EDGE_CURVE('',#967,#965,#371,.T.);
#1204=EDGE_CURVE('',#968,#969,#852,.T.);
#1205=EDGE_CURVE('',#970,#968,#372,.T.);
#1206=EDGE_CURVE('',#971,#970,#853,.T.);
#1207=EDGE_CURVE('',#969,#971,#373,.T.);
#1208=EDGE_CURVE('',#972,#968,#374,.T.);
#1209=EDGE_CURVE('',#972,#973,#375,.T.);
#1210=EDGE_CURVE('',#970,#973,#376,.T.);
#1211=EDGE_CURVE('',#965,#974,#377,.T.);
#1212=EDGE_CURVE('',#975,#967,#378,.T.);
#1213=EDGE_CURVE('',#975,#974,#379,.T.);
#1214=EDGE_CURVE('',#974,#972,#854,.T.);
#1215=EDGE_CURVE('',#973,#975,#855,.T.);
#1216=EDGE_CURVE('',#976,#966,#380,.T.);
#1217=EDGE_CURVE('',#977,#976,#381,.T.);
#1218=EDGE_CURVE('',#978,#977,#382,.T.);
#1219=EDGE_CURVE('',#978,#979,#383,.T.);
#1220=EDGE_CURVE('',#971,#979,#384,.T.);
#1221=EDGE_CURVE('',#980,#981,#385,.T.);
#1222=EDGE_CURVE('',#981,#982,#856,.T.);
#1223=EDGE_CURVE('',#982,#983,#386,.T.);
#1224=EDGE_CURVE('',#983,#980,#857,.T.);
#1225=EDGE_CURVE('',#984,#985,#387,.T.);
#1226=EDGE_CURVE('',#985,#986,#858,.T.);
#1227=EDGE_CURVE('',#986,#987,#388,.T.);
#1228=EDGE_CURVE('',#987,#984,#859,.T.);
#1229=EDGE_CURVE('',#988,#989,#389,.T.);
#1230=EDGE_CURVE('',#989,#990,#860,.T.);
#1231=EDGE_CURVE('',#990,#991,#390,.T.);
#1232=EDGE_CURVE('',#991,#992,#861,.T.);
#1233=EDGE_CURVE('',#992,#993,#391,.T.);
#1234=EDGE_CURVE('',#994,#993,#862,.T.);
#1235=EDGE_CURVE('',#995,#994,#392,.T.);
#1236=EDGE_CURVE('',#988,#995,#863,.T.);
#1237=EDGE_CURVE('',#996,#997,#393,.T.);
#1238=EDGE_CURVE('',#997,#998,#864,.T.);
#1239=EDGE_CURVE('',#998,#999,#394,.T.);
#1240=EDGE_CURVE('',#999,#1000,#865,.T.);
#1241=EDGE_CURVE('',#1000,#1001,#395,.T.);
#1242=EDGE_CURVE('',#1002,#1001,#866,.T.);
#1243=EDGE_CURVE('',#1003,#1002,#396,.T.);
#1244=EDGE_CURVE('',#996,#1003,#867,.T.);
#1245=EDGE_CURVE('',#1004,#1005,#397,.T.);
#1246=EDGE_CURVE('',#1005,#1006,#868,.T.);
#1247=EDGE_CURVE('',#1006,#1007,#398,.T.);
#1248=EDGE_CURVE('',#1007,#1008,#869,.T.);
#1249=EDGE_CURVE('',#1008,#1009,#399,.T.);
#1250=EDGE_CURVE('',#1010,#1009,#870,.T.);
#1251=EDGE_CURVE('',#1011,#1010,#400,.T.);
#1252=EDGE_CURVE('',#1004,#1011,#871,.T.);
#1253=EDGE_CURVE('',#1012,#1013,#401,.T.);
#1254=EDGE_CURVE('',#1014,#1013,#872,.T.);
#1255=EDGE_CURVE('',#1015,#1014,#402,.T.);
#1256=EDGE_CURVE('',#1016,#1015,#873,.T.);
#1257=EDGE_CURVE('',#1016,#1017,#403,.T.);
#1258=EDGE_CURVE('',#1017,#1018,#874,.T.);
#1259=EDGE_CURVE('',#1018,#1019,#404,.T.);
#1260=EDGE_CURVE('',#1019,#1012,#875,.T.);
#1261=EDGE_CURVE('',#1020,#1021,#405,.T.);
#1262=EDGE_CURVE('',#1022,#1021,#876,.T.);
#1263=EDGE_CURVE('',#1023,#1022,#406,.T.);
#1264=EDGE_CURVE('',#1024,#1023,#877,.T.);
#1265=EDGE_CURVE('',#1024,#1025,#407,.T.);
#1266=EDGE_CURVE('',#1025,#1026,#878,.T.);
#1267=EDGE_CURVE('',#1026,#1027,#408,.T.);
#1268=EDGE_CURVE('',#1027,#1020,#879,.T.);
#1269=EDGE_CURVE('',#1028,#1029,#409,.T.);
#1270=EDGE_CURVE('',#1030,#1029,#880,.T.);
#1271=EDGE_CURVE('',#1031,#1030,#410,.T.);
#1272=EDGE_CURVE('',#1032,#1031,#881,.T.);
#1273=EDGE_CURVE('',#1032,#1033,#411,.T.);
#1274=EDGE_CURVE('',#1033,#1034,#882,.T.);
#1275=EDGE_CURVE('',#1034,#1035,#412,.T.);
#1276=EDGE_CURVE('',#1035,#1028,#883,.T.);
#1277=EDGE_CURVE('',#1036,#1037,#413,.T.);
#1278=EDGE_CURVE('',#1038,#1037,#884,.T.);
#1279=EDGE_CURVE('',#1039,#1038,#414,.T.);
#1280=EDGE_CURVE('',#1040,#1039,#885,.T.);
#1281=EDGE_CURVE('',#1040,#1041,#415,.T.);
#1282=EDGE_CURVE('',#1041,#1042,#886,.T.);
#1283=EDGE_CURVE('',#1042,#1043,#416,.T.);
#1284=EDGE_CURVE('',#1043,#1036,#887,.T.);
#1285=EDGE_CURVE('',#1044,#1045,#417,.T.);
#1286=EDGE_CURVE('',#1046,#1045,#888,.T.);
#1287=EDGE_CURVE('',#1047,#1046,#418,.T.);
#1288=EDGE_CURVE('',#1048,#1047,#889,.T.);
#1289=EDGE_CURVE('',#1048,#1049,#419,.T.);
#1290=EDGE_CURVE('',#1049,#1050,#890,.T.);
#1291=EDGE_CURVE('',#1050,#1051,#420,.T.);
#1292=EDGE_CURVE('',#1051,#1044,#891,.T.);
#1293=EDGE_CURVE('',#1052,#1053,#421,.T.);
#1294=EDGE_CURVE('',#1054,#1053,#892,.T.);
#1295=EDGE_CURVE('',#1055,#1054,#422,.T.);
#1296=EDGE_CURVE('',#1056,#1055,#893,.T.);
#1297=EDGE_CURVE('',#1056,#1057,#423,.T.);
#1298=EDGE_CURVE('',#1057,#1058,#894,.T.);
#1299=EDGE_CURVE('',#1058,#1059,#424,.T.);
#1300=EDGE_CURVE('',#1059,#1052,#895,.T.);
#1301=EDGE_CURVE('',#1060,#1061,#425,.T.);
#1302=EDGE_CURVE('',#1062,#1061,#896,.T.);
#1303=EDGE_CURVE('',#1063,#1062,#426,.T.);
#1304=EDGE_CURVE('',#1064,#1063,#897,.T.);
#1305=EDGE_CURVE('',#1064,#1065,#427,.T.);
#1306=EDGE_CURVE('',#1065,#1066,#898,.T.);
#1307=EDGE_CURVE('',#1066,#1067,#428,.T.);
#1308=EDGE_CURVE('',#1067,#1060,#899,.T.);
#1309=EDGE_CURVE('',#1068,#1069,#429,.T.);
#1310=EDGE_CURVE('',#1069,#1070,#900,.T.);
#1311=EDGE_CURVE('',#1070,#1071,#430,.T.);
#1312=EDGE_CURVE('',#1071,#1068,#901,.T.);
#1313=EDGE_CURVE('',#964,#1072,#431,.T.);
#1314=EDGE_CURVE('',#1072,#1073,#902,.T.);
#1315=EDGE_CURVE('',#1073,#1074,#432,.T.);
#1316=EDGE_CURVE('',#1074,#1075,#903,.T.);
#1317=EDGE_CURVE('',#1075,#1076,#433,.T.);
#1318=EDGE_CURVE('',#1076,#1077,#434,.T.);
#1319=EDGE_CURVE('',#1077,#1078,#435,.T.);
#1320=EDGE_CURVE('',#1078,#1079,#904,.T.);
#1321=EDGE_CURVE('',#1079,#1080,#436,.T.);
#1322=EDGE_CURVE('',#1080,#976,#905,.T.);
#1323=EDGE_CURVE('',#979,#1081,#906,.T.);
#1324=EDGE_CURVE('',#1081,#1082,#437,.T.);
#1325=EDGE_CURVE('',#1082,#1083,#907,.T.);
#1326=EDGE_CURVE('',#1083,#1084,#438,.T.);
#1327=EDGE_CURVE('',#1084,#1085,#439,.T.);
#1328=EDGE_CURVE('',#1085,#1086,#440,.T.);
#1329=EDGE_CURVE('',#1086,#1087,#908,.T.);
#1330=EDGE_CURVE('',#1087,#1088,#441,.T.);
#1331=EDGE_CURVE('',#1088,#1089,#909,.T.);
#1332=EDGE_CURVE('',#1089,#969,#442,.T.);
#1333=EDGE_CURVE('',#1090,#1091,#443,.T.);
#1334=EDGE_CURVE('',#983,#1090,#444,.T.);
#1335=EDGE_CURVE('',#982,#1091,#445,.T.);
#1336=EDGE_CURVE('',#1091,#1092,#910,.T.);
#1337=EDGE_CURVE('',#1092,#981,#446,.T.);
#1338=EDGE_CURVE('',#1092,#1093,#447,.T.);
#1339=EDGE_CURVE('',#980,#1093,#448,.T.);
#1340=EDGE_CURVE('',#1093,#1090,#911,.T.);
#1341=EDGE_CURVE('',#1094,#1095,#449,.T.);
#1342=EDGE_CURVE('',#1071,#1094,#450,.T.);
#1343=EDGE_CURVE('',#1070,#1095,#451,.T.);
#1344=EDGE_CURVE('',#1095,#1096,#912,.T.);
#1345=EDGE_CURVE('',#1096,#1069,#452,.T.);
#1346=EDGE_CURVE('',#1096,#1097,#453,.T.);
#1347=EDGE_CURVE('',#1068,#1097,#454,.T.);
#1348=EDGE_CURVE('',#1097,#1094,#913,.T.);
#1349=EDGE_CURVE('',#1098,#1099,#455,.T.);
#1350=EDGE_CURVE('',#987,#1098,#456,.T.);
#1351=EDGE_CURVE('',#986,#1099,#457,.T.);
#1352=EDGE_CURVE('',#1099,#1100,#914,.T.);
#1353=EDGE_CURVE('',#1100,#985,#458,.T.);
#1354=EDGE_CURVE('',#1100,#1101,#459,.T.);
#1355=EDGE_CURVE('',#984,#1101,#460,.T.);
#1356=EDGE_CURVE('',#1101,#1098,#915,.T.);
#1357=EDGE_CURVE('',#1102,#1014,#461,.T.);
#1358=EDGE_CURVE('',#1102,#1103,#462,.T.);
#1359=EDGE_CURVE('',#1103,#1015,#463,.T.);
#1360=EDGE_CURVE('',#1104,#1013,#464,.T.);
#1361=EDGE_CURVE('',#1104,#1102,#916,.T.);
#1362=EDGE_CURVE('',#1103,#1105,#917,.T.);
#1363=EDGE_CURVE('',#1105,#1016,#465,.T.);
#1364=EDGE_CURVE('',#1106,#1022,#466,.T.);
#1365=EDGE_CURVE('',#1106,#1107,#467,.T.);
#1366=EDGE_CURVE('',#1107,#1023,#468,.T.);
#1367=EDGE_CURVE('',#1108,#1021,#469,.T.);
#1368=EDGE_CURVE('',#1108,#1106,#918,.T.);
#1369=EDGE_CURVE('',#1107,#1109,#919,.T.);
#1370=EDGE_CURVE('',#1109,#1024,#470,.T.);
#1371=EDGE_CURVE('',#1110,#994,#471,.T.);
#1372=EDGE_CURVE('',#1110,#1111,#472,.T.);
#1373=EDGE_CURVE('',#1111,#995,#473,.T.);
#1374=EDGE_CURVE('',#1112,#993,#474,.T.);
#1375=EDGE_CURVE('',#1112,#1110,#920,.T.);
#1376=EDGE_CURVE('',#1111,#1113,#921,.T.);
#1377=EDGE_CURVE('',#1113,#988,#475,.T.);
#1378=EDGE_CURVE('',#1114,#1002,#476,.T.);
#1379=EDGE_CURVE('',#1114,#1115,#477,.T.);
#1380=EDGE_CURVE('',#1115,#1003,#478,.T.);
#1381=EDGE_CURVE('',#1116,#1001,#479,.T.);
#1382=EDGE_CURVE('',#1116,#1114,#922,.T.);
#1383=EDGE_CURVE('',#1115,#1117,#923,.T.);
#1384=EDGE_CURVE('',#1117,#996,#480,.T.);
#1385=EDGE_CURVE('',#1118,#1010,#481,.T.);
#1386=EDGE_CURVE('',#1118,#1119,#482,.T.);
#1387=EDGE_CURVE('',#1119,#1011,#483,.T.);
#1388=EDGE_CURVE('',#1120,#1009,#484,.T.);
#1389=EDGE_CURVE('',#1120,#1118,#924,.T.);
#1390=EDGE_CURVE('',#1119,#1121,#925,.T.);
#1391=EDGE_CURVE('',#1121,#1004,#485,.T.);
#1392=EDGE_CURVE('',#1122,#1046,#486,.T.);
#1393=EDGE_CURVE('',#1122,#1123,#487,.T.);
#1394=EDGE_CURVE('',#1123,#1047,#488,.T.);
#1395=EDGE_CURVE('',#1124,#1045,#489,.T.);
#1396=EDGE_CURVE('',#1124,#1122,#926,.T.);
#1397=EDGE_CURVE('',#1123,#1125,#927,.T.);
#1398=EDGE_CURVE('',#1125,#1048,#490,.T.);
#1399=EDGE_CURVE('',#1126,#1030,#491,.T.);
#1400=EDGE_CURVE('',#1126,#1127,#492,.T.);
#1401=EDGE_CURVE('',#1127,#1031,#493,.T.);
#1402=EDGE_CURVE('',#1128,#1029,#494,.T.);
#1403=EDGE_CURVE('',#1128,#1126,#928,.T.);
#1404=EDGE_CURVE('',#1127,#1129,#929,.T.);
#1405=EDGE_CURVE('',#1129,#1032,#495,.T.);
#1406=EDGE_CURVE('',#1130,#1038,#496,.T.);
#1407=EDGE_CURVE('',#1130,#1131,#497,.T.);
#1408=EDGE_CURVE('',#1131,#1039,#498,.T.);
#1409=EDGE_CURVE('',#1132,#1037,#499,.T.);
#1410=EDGE_CURVE('',#1132,#1130,#930,.T.);
#1411=EDGE_CURVE('',#1131,#1133,#931,.T.);
#1412=EDGE_CURVE('',#1133,#1040,#500,.T.);
#1413=EDGE_CURVE('',#1134,#1054,#501,.T.);
#1414=EDGE_CURVE('',#1134,#1135,#502,.T.);
#1415=EDGE_CURVE('',#1135,#1055,#503,.T.);
#1416=EDGE_CURVE('',#1136,#1053,#504,.T.);
#1417=EDGE_CURVE('',#1136,#1134,#932,.T.);
#1418=EDGE_CURVE('',#1135,#1137,#933,.T.);
#1419=EDGE_CURVE('',#1137,#1056,#505,.T.);
#1420=EDGE_CURVE('',#1138,#1063,#506,.T.);
#1421=EDGE_CURVE('',#1138,#1139,#934,.T.);
#1422=EDGE_CURVE('',#1139,#1064,#507,.T.);
#1423=EDGE_CURVE('',#1140,#1062,#508,.T.);
#1424=EDGE_CURVE('',#1140,#1138,#509,.T.);
#1425=EDGE_CURVE('',#1141,#1061,#510,.T.);
#1426=EDGE_CURVE('',#1141,#1140,#935,.T.);
#1427=EDGE_CURVE('',#1142,#1143,#936,.T.);
#1428=EDGE_CURVE('',#1143,#1073,#511,.T.);
#1429=EDGE_CURVE('',#1142,#1072,#512,.T.);
#1430=EDGE_CURVE('',#1144,#1143,#513,.T.);
#1431=EDGE_CURVE('',#1144,#1074,#514,.T.);
#1432=EDGE_CURVE('',#1145,#1144,#937,.T.);
#1433=EDGE_CURVE('',#1145,#1075,#515,.T.);
#1434=EDGE_CURVE('',#1146,#1145,#516,.T.);
#1435=EDGE_CURVE('',#1146,#1076,#517,.T.);
#1436=EDGE_CURVE('',#1147,#1146,#518,.T.);
#1437=EDGE_CURVE('',#1147,#1077,#519,.T.);
#1438=EDGE_CURVE('',#1148,#1147,#520,.T.);
#1439=EDGE_CURVE('',#1148,#1078,#521,.T.);
#1440=EDGE_CURVE('',#1148,#1149,#938,.T.);
#1441=EDGE_CURVE('',#1149,#1079,#522,.T.);
#1442=EDGE_CURVE('',#1150,#1149,#523,.T.);
#1443=EDGE_CURVE('',#1150,#1080,#524,.T.);
#1444=EDGE_CURVE('',#977,#1150,#939,.T.);
#1445=EDGE_CURVE('',#1151,#1018,#525,.T.);
#1446=EDGE_CURVE('',#1152,#1151,#526,.T.);
#1447=EDGE_CURVE('',#1152,#1019,#527,.T.);
#1448=EDGE_CURVE('',#1153,#1152,#940,.T.);
#1449=EDGE_CURVE('',#1153,#1012,#528,.T.);
#1450=EDGE_CURVE('',#1153,#1104,#529,.T.);
#1451=EDGE_CURVE('',#1105,#1154,#530,.T.);
#1452=EDGE_CURVE('',#1154,#1017,#531,.T.);
#1453=EDGE_CURVE('',#1151,#1154,#941,.T.);
#1454=EDGE_CURVE('',#1155,#1026,#532,.T.);
#1455=EDGE_CURVE('',#1156,#1155,#533,.T.);
#1456=EDGE_CURVE('',#1156,#1027,#534,.T.);
#1457=EDGE_CURVE('',#1157,#1156,#942,.T.);
#1458=EDGE_CURVE('',#1157,#1020,#535,.T.);
#1459=EDGE_CURVE('',#1157,#1108,#536,.T.);
#1460=EDGE_CURVE('',#1109,#1158,#537,.T.);
#1461=EDGE_CURVE('',#1158,#1025,#538,.T.);
#1462=EDGE_CURVE('',#1155,#1158,#943,.T.);
#1463=EDGE_CURVE('',#1159,#990,#539,.T.);
#1464=EDGE_CURVE('',#1160,#1159,#540,.T.);
#1465=EDGE_CURVE('',#1160,#991,#541,.T.);
#1466=EDGE_CURVE('',#1161,#1160,#944,.T.);
#1467=EDGE_CURVE('',#1161,#992,#542,.T.);
#1468=EDGE_CURVE('',#1161,#1112,#543,.T.);
#1469=EDGE_CURVE('',#1113,#1162,#544,.T.);
#1470=EDGE_CURVE('',#1162,#989,#545,.T.);
#1471=EDGE_CURVE('',#1159,#1162,#945,.T.);
#1472=EDGE_CURVE('',#1163,#998,#546,.T.);
#1473=EDGE_CURVE('',#1164,#1163,#547,.T.);
#1474=EDGE_CURVE('',#1164,#999,#548,.T.);
#1475=EDGE_CURVE('',#1165,#1164,#946,.T.);
#1476=EDGE_CURVE('',#1165,#1000,#549,.T.);
#1477=EDGE_CURVE('',#1165,#1116,#550,.T.);
#1478=EDGE_CURVE('',#1117,#1166,#551,.T.);
#1479=EDGE_CURVE('',#1166,#997,#552,.T.);
#1480=EDGE_CURVE('',#1163,#1166,#947,.T.);
#1481=EDGE_CURVE('',#1167,#1006,#553,.T.);
#1482=EDGE_CURVE('',#1168,#1167,#554,.T.);
#1483=EDGE_CURVE('',#1168,#1007,#555,.T.);
#1484=EDGE_CURVE('',#1169,#1168,#948,.T.);
#1485=EDGE_CURVE('',#1169,#1008,#556,.T.);
#1486=EDGE_CURVE('',#1169,#1120,#557,.T.);
#1487=EDGE_CURVE('',#1121,#1170,#558,.T.);
#1488=EDGE_CURVE('',#1170,#1005,#559,.T.);
#1489=EDGE_CURVE('',#1167,#1170,#949,.T.);
#1490=EDGE_CURVE('',#1171,#1050,#560,.T.);
#1491=EDGE_CURVE('',#1172,#1171,#561,.T.);
#1492=EDGE_CURVE('',#1172,#1051,#562,.T.);
#1493=EDGE_CURVE('',#1173,#1172,#950,.T.);
#1494=EDGE_CURVE('',#1173,#1044,#563,.T.);
#1495=EDGE_CURVE('',#1173,#1124,#564,.T.);
#1496=EDGE_CURVE('',#1125,#1174,#565,.T.);
#1497=EDGE_CURVE('',#1174,#1049,#566,.T.);
#1498=EDGE_CURVE('',#1171,#1174,#951,.T.);
#1499=EDGE_CURVE('',#1175,#1034,#567,.T.);
#1500=EDGE_CURVE('',#1176,#1175,#568,.T.);
#1501=EDGE_CURVE('',#1176,#1035,#569,.T.);
#1502=EDGE_CURVE('',#1177,#1176,#952,.T.);
#1503=EDGE_CURVE('',#1177,#1028,#570,.T.);
#1504=EDGE_CURVE('',#1177,#1128,#571,.T.);
#1505=EDGE_CURVE('',#1129,#1178,#572,.T.);
#1506=EDGE_CURVE('',#1178,#1033,#573,.T.);
#1507=EDGE_CURVE('',#1175,#1178,#953,.T.);
#1508=EDGE_CURVE('',#1179,#1042,#574,.T.);
#1509=EDGE_CURVE('',#1180,#1179,#575,.T.);
#1510=EDGE_CURVE('',#1180,#1043,#576,.T.);
#1511=EDGE_CURVE('',#1181,#1180,#954,.T.);
#1512=EDGE_CURVE('',#1181,#1036,#577,.T.);
#1513=EDGE_CURVE('',#1181,#1132,#578,.T.);
#1514=EDGE_CURVE('',#1133,#1182,#579,.T.);
#1515=EDGE_CURVE('',#1182,#1041,#580,.T.);
#1516=EDGE_CURVE('',#1179,#1182,#955,.T.);
#1517=EDGE_CURVE('',#1183,#1058,#581,.T.);
#1518=EDGE_CURVE('',#1184,#1183,#582,.T.);
#1519=EDGE_CURVE('',#1184,#1059,#583,.T.);
#1520=EDGE_CURVE('',#1185,#1184,#956,.T.);
#1521=EDGE_CURVE('',#1185,#1052,#584,.T.);
#1522=EDGE_CURVE('',#1185,#1136,#585,.T.);
#1523=EDGE_CURVE('',#1137,#1186,#586,.T.);
#1524=EDGE_CURVE('',#1186,#1057,#587,.T.);
#1525=EDGE_CURVE('',#1183,#1186,#957,.T.);
#1526=EDGE_CURVE('',#1187,#1065,#588,.T.);
#1527=EDGE_CURVE('',#1188,#1187,#958,.T.);
#1528=EDGE_CURVE('',#1188,#1066,#589,.T.);
#1529=EDGE_CURVE('',#1189,#1188,#590,.T.);
#1530=EDGE_CURVE('',#1189,#1067,#591,.T.);
#1531=EDGE_CURVE('',#1190,#1189,#959,.T.);
#1532=EDGE_CURVE('',#1190,#1060,#592,.T.);
#1533=EDGE_CURVE('',#1190,#1141,#593,.T.);
#1534=EDGE_CURVE('',#1139,#1187,#594,.T.);
#1535=EDGE_CURVE('',#1191,#1089,#595,.T.);
#1536=EDGE_CURVE('',#1191,#1142,#596,.T.);
#1537=EDGE_CURVE('',#1191,#1192,#960,.T.);
#1538=EDGE_CURVE('',#1192,#1088,#597,.T.);
#1539=EDGE_CURVE('',#1193,#1192,#598,.T.);
#1540=EDGE_CURVE('',#1193,#1087,#599,.T.);
#1541=EDGE_CURVE('',#1194,#1193,#961,.T.);
#1542=EDGE_CURVE('',#1194,#1086,#600,.T.);
#1543=EDGE_CURVE('',#1195,#1194,#601,.T.);
#1544=EDGE_CURVE('',#1195,#1085,#602,.T.);
#1545=EDGE_CURVE('',#1196,#1195,#603,.T.);
#1546=EDGE_CURVE('',#1196,#1084,#604,.T.);
#1547=EDGE_CURVE('',#1197,#1196,#605,.T.);
#1548=EDGE_CURVE('',#1197,#1083,#606,.T.);
#1549=EDGE_CURVE('',#1197,#1198,#962,.T.);
#1550=EDGE_CURVE('',#1198,#1082,#607,.T.);
#1551=EDGE_CURVE('',#1199,#1198,#608,.T.);
#1552=EDGE_CURVE('',#1199,#1081,#609,.T.);
#1553=EDGE_CURVE('',#978,#1199,#963,.T.);
#1554=ORIENTED_EDGE('',*,*,#1200,.F.);
#1555=ORIENTED_EDGE('',*,*,#1201,.F.);
#1556=ORIENTED_EDGE('',*,*,#1202,.F.);
#1557=ORIENTED_EDGE('',*,*,#1203,.T.);
#1558=ORIENTED_EDGE('',*,*,#1204,.F.);
#1559=ORIENTED_EDGE('',*,*,#1205,.F.);
#1560=ORIENTED_EDGE('',*,*,#1206,.F.);
#1561=ORIENTED_EDGE('',*,*,#1207,.F.);
#1562=ORIENTED_EDGE('',*,*,#1208,.F.);
#1563=ORIENTED_EDGE('',*,*,#1209,.T.);
#1564=ORIENTED_EDGE('',*,*,#1210,.F.);
#1565=ORIENTED_EDGE('',*,*,#1205,.T.);
#1566=ORIENTED_EDGE('',*,*,#1211,.F.);
#1567=ORIENTED_EDGE('',*,*,#1203,.F.);
#1568=ORIENTED_EDGE('',*,*,#1212,.F.);
#1569=ORIENTED_EDGE('',*,*,#1213,.T.);
#1570=ORIENTED_EDGE('',*,*,#1214,.F.);
#1571=ORIENTED_EDGE('',*,*,#1213,.F.);
#1572=ORIENTED_EDGE('',*,*,#1215,.F.);
#1573=ORIENTED_EDGE('',*,*,#1209,.F.);
#1574=ORIENTED_EDGE('',*,*,#1206,.T.);
#1575=ORIENTED_EDGE('',*,*,#1210,.T.);
#1576=ORIENTED_EDGE('',*,*,#1215,.T.);
#1577=ORIENTED_EDGE('',*,*,#1212,.T.);
#1578=ORIENTED_EDGE('',*,*,#1202,.T.);
#1579=ORIENTED_EDGE('',*,*,#1216,.F.);
#1580=ORIENTED_EDGE('',*,*,#1217,.F.);
#1581=ORIENTED_EDGE('',*,*,#1218,.F.);
#1582=ORIENTED_EDGE('',*,*,#1219,.T.);
#1583=ORIENTED_EDGE('',*,*,#1220,.F.);
#1584=ORIENTED_EDGE('',*,*,#1221,.T.);
#1585=ORIENTED_EDGE('',*,*,#1222,.T.);
#1586=ORIENTED_EDGE('',*,*,#1223,.T.);
#1587=ORIENTED_EDGE('',*,*,#1224,.T.);
#1588=ORIENTED_EDGE('',*,*,#1225,.T.);
#1589=ORIENTED_EDGE('',*,*,#1226,.T.);
#1590=ORIENTED_EDGE('',*,*,#1227,.T.);
#1591=ORIENTED_EDGE('',*,*,#1228,.T.);
#1592=ORIENTED_EDGE('',*,*,#1229,.T.);
#1593=ORIENTED_EDGE('',*,*,#1230,.T.);
#1594=ORIENTED_EDGE('',*,*,#1231,.T.);
#1595=ORIENTED_EDGE('',*,*,#1232,.T.);
#1596=ORIENTED_EDGE('',*,*,#1233,.T.);
#1597=ORIENTED_EDGE('',*,*,#1234,.F.);
#1598=ORIENTED_EDGE('',*,*,#1235,.F.);
#1599=ORIENTED_EDGE('',*,*,#1236,.F.);
#1600=ORIENTED_EDGE('',*,*,#1237,.T.);
#1601=ORIENTED_EDGE('',*,*,#1238,.T.);
#1602=ORIENTED_EDGE('',*,*,#1239,.T.);
#1603=ORIENTED_EDGE('',*,*,#1240,.T.);
#1604=ORIENTED_EDGE('',*,*,#1241,.T.);
#1605=ORIENTED_EDGE('',*,*,#1242,.F.);
#1606=ORIENTED_EDGE('',*,*,#1243,.F.);
#1607=ORIENTED_EDGE('',*,*,#1244,.F.);
#1608=ORIENTED_EDGE('',*,*,#1245,.T.);
#1609=ORIENTED_EDGE('',*,*,#1246,.T.);
#1610=ORIENTED_EDGE('',*,*,#1247,.T.);
#1611=ORIENTED_EDGE('',*,*,#1248,.T.);
#1612=ORIENTED_EDGE('',*,*,#1249,.T.);
#1613=ORIENTED_EDGE('',*,*,#1250,.F.);
#1614=ORIENTED_EDGE('',*,*,#1251,.F.);
#1615=ORIENTED_EDGE('',*,*,#1252,.F.);
#1616=ORIENTED_EDGE('',*,*,#1253,.T.);
#1617=ORIENTED_EDGE('',*,*,#1254,.F.);
#1618=ORIENTED_EDGE('',*,*,#1255,.F.);
#1619=ORIENTED_EDGE('',*,*,#1256,.F.);
#1620=ORIENTED_EDGE('',*,*,#1257,.T.);
#1621=ORIENTED_EDGE('',*,*,#1258,.T.);
#1622=ORIENTED_EDGE('',*,*,#1259,.T.);
#1623=ORIENTED_EDGE('',*,*,#1260,.T.);
#1624=ORIENTED_EDGE('',*,*,#1261,.T.);
#1625=ORIENTED_EDGE('',*,*,#1262,.F.);
#1626=ORIENTED_EDGE('',*,*,#1263,.F.);
#1627=ORIENTED_EDGE('',*,*,#1264,.F.);
#1628=ORIENTED_EDGE('',*,*,#1265,.T.);
#1629=ORIENTED_EDGE('',*,*,#1266,.T.);
#1630=ORIENTED_EDGE('',*,*,#1267,.T.);
#1631=ORIENTED_EDGE('',*,*,#1268,.T.);
#1632=ORIENTED_EDGE('',*,*,#1269,.T.);
#1633=ORIENTED_EDGE('',*,*,#1270,.F.);
#1634=ORIENTED_EDGE('',*,*,#1271,.F.);
#1635=ORIENTED_EDGE('',*,*,#1272,.F.);
#1636=ORIENTED_EDGE('',*,*,#1273,.T.);
#1637=ORIENTED_EDGE('',*,*,#1274,.T.);
#1638=ORIENTED_EDGE('',*,*,#1275,.T.);
#1639=ORIENTED_EDGE('',*,*,#1276,.T.);
#1640=ORIENTED_EDGE('',*,*,#1277,.T.);
#1641=ORIENTED_EDGE('',*,*,#1278,.F.);
#1642=ORIENTED_EDGE('',*,*,#1279,.F.);
#1643=ORIENTED_EDGE('',*,*,#1280,.F.);
#1644=ORIENTED_EDGE('',*,*,#1281,.T.);
#1645=ORIENTED_EDGE('',*,*,#1282,.T.);
#1646=ORIENTED_EDGE('',*,*,#1283,.T.);
#1647=ORIENTED_EDGE('',*,*,#1284,.T.);
#1648=ORIENTED_EDGE('',*,*,#1285,.T.);
#1649=ORIENTED_EDGE('',*,*,#1286,.F.);
#1650=ORIENTED_EDGE('',*,*,#1287,.F.);
#1651=ORIENTED_EDGE('',*,*,#1288,.F.);
#1652=ORIENTED_EDGE('',*,*,#1289,.T.);
#1653=ORIENTED_EDGE('',*,*,#1290,.T.);
#1654=ORIENTED_EDGE('',*,*,#1291,.T.);
#1655=ORIENTED_EDGE('',*,*,#1292,.T.);
#1656=ORIENTED_EDGE('',*,*,#1293,.T.);
#1657=ORIENTED_EDGE('',*,*,#1294,.F.);
#1658=ORIENTED_EDGE('',*,*,#1295,.F.);
#1659=ORIENTED_EDGE('',*,*,#1296,.F.);
#1660=ORIENTED_EDGE('',*,*,#1297,.T.);
#1661=ORIENTED_EDGE('',*,*,#1298,.T.);
#1662=ORIENTED_EDGE('',*,*,#1299,.T.);
#1663=ORIENTED_EDGE('',*,*,#1300,.T.);
#1664=ORIENTED_EDGE('',*,*,#1301,.T.);
#1665=ORIENTED_EDGE('',*,*,#1302,.F.);
#1666=ORIENTED_EDGE('',*,*,#1303,.F.);
#1667=ORIENTED_EDGE('',*,*,#1304,.F.);
#1668=ORIENTED_EDGE('',*,*,#1305,.T.);
#1669=ORIENTED_EDGE('',*,*,#1306,.T.);
#1670=ORIENTED_EDGE('',*,*,#1307,.T.);
#1671=ORIENTED_EDGE('',*,*,#1308,.T.);
#1672=ORIENTED_EDGE('',*,*,#1309,.T.);
#1673=ORIENTED_EDGE('',*,*,#1310,.T.);
#1674=ORIENTED_EDGE('',*,*,#1311,.T.);
#1675=ORIENTED_EDGE('',*,*,#1312,.T.);
#1676=ORIENTED_EDGE('',*,*,#1201,.T.);
#1677=ORIENTED_EDGE('',*,*,#1313,.T.);
#1678=ORIENTED_EDGE('',*,*,#1314,.T.);
#1679=ORIENTED_EDGE('',*,*,#1315,.T.);
#1680=ORIENTED_EDGE('',*,*,#1316,.T.);
#1681=ORIENTED_EDGE('',*,*,#1317,.T.);
#1682=ORIENTED_EDGE('',*,*,#1318,.T.);
#1683=ORIENTED_EDGE('',*,*,#1319,.T.);
#1684=ORIENTED_EDGE('',*,*,#1320,.T.);
#1685=ORIENTED_EDGE('',*,*,#1321,.T.);
#1686=ORIENTED_EDGE('',*,*,#1322,.T.);
#1687=ORIENTED_EDGE('',*,*,#1216,.T.);
#1688=ORIENTED_EDGE('',*,*,#1207,.T.);
#1689=ORIENTED_EDGE('',*,*,#1220,.T.);
#1690=ORIENTED_EDGE('',*,*,#1323,.T.);
#1691=ORIENTED_EDGE('',*,*,#1324,.T.);
#1692=ORIENTED_EDGE('',*,*,#1325,.T.);
#1693=ORIENTED_EDGE('',*,*,#1326,.T.);
#1694=ORIENTED_EDGE('',*,*,#1327,.T.);
#1695=ORIENTED_EDGE('',*,*,#1328,.T.);
#1696=ORIENTED_EDGE('',*,*,#1329,.T.);
#1697=ORIENTED_EDGE('',*,*,#1330,.T.);
#1698=ORIENTED_EDGE('',*,*,#1331,.T.);
#1699=ORIENTED_EDGE('',*,*,#1332,.T.);
#1700=ORIENTED_EDGE('',*,*,#1333,.F.);
#1701=ORIENTED_EDGE('',*,*,#1334,.F.);
#1702=ORIENTED_EDGE('',*,*,#1223,.F.);
#1703=ORIENTED_EDGE('',*,*,#1335,.T.);
#1704=ORIENTED_EDGE('',*,*,#1336,.F.);
#1705=ORIENTED_EDGE('',*,*,#1335,.F.);
#1706=ORIENTED_EDGE('',*,*,#1222,.F.);
#1707=ORIENTED_EDGE('',*,*,#1337,.F.);
#1708=ORIENTED_EDGE('',*,*,#1338,.F.);
#1709=ORIENTED_EDGE('',*,*,#1337,.T.);
#1710=ORIENTED_EDGE('',*,*,#1221,.F.);
#1711=ORIENTED_EDGE('',*,*,#1339,.T.);
#1712=ORIENTED_EDGE('',*,*,#1340,.F.);
#1713=ORIENTED_EDGE('',*,*,#1339,.F.);
#1714=ORIENTED_EDGE('',*,*,#1224,.F.);
#1715=ORIENTED_EDGE('',*,*,#1334,.T.);
#1716=ORIENTED_EDGE('',*,*,#1341,.F.);
#1717=ORIENTED_EDGE('',*,*,#1342,.F.);
#1718=ORIENTED_EDGE('',*,*,#1311,.F.);
#1719=ORIENTED_EDGE('',*,*,#1343,.T.);
#1720=ORIENTED_EDGE('',*,*,#1344,.F.);
#1721=ORIENTED_EDGE('',*,*,#1343,.F.);
#1722=ORIENTED_EDGE('',*,*,#1310,.F.);
#1723=ORIENTED_EDGE('',*,*,#1345,.F.);
#1724=ORIENTED_EDGE('',*,*,#1346,.F.);
#1725=ORIENTED_EDGE('',*,*,#1345,.T.);
#1726=ORIENTED_EDGE('',*,*,#1309,.F.);
#1727=ORIENTED_EDGE('',*,*,#1347,.T.);
#1728=ORIENTED_EDGE('',*,*,#1348,.F.);
#1729=ORIENTED_EDGE('',*,*,#1347,.F.);
#1730=ORIENTED_EDGE('',*,*,#1312,.F.);
#1731=ORIENTED_EDGE('',*,*,#1342,.T.);
#1732=ORIENTED_EDGE('',*,*,#1349,.F.);
#1733=ORIENTED_EDGE('',*,*,#1350,.F.);
#1734=ORIENTED_EDGE('',*,*,#1227,.F.);
#1735=ORIENTED_EDGE('',*,*,#1351,.T.);
#1736=ORIENTED_EDGE('',*,*,#1352,.F.);
#1737=ORIENTED_EDGE('',*,*,#1351,.F.);
#1738=ORIENTED_EDGE('',*,*,#1226,.F.);
#1739=ORIENTED_EDGE('',*,*,#1353,.F.);
#1740=ORIENTED_EDGE('',*,*,#1354,.F.);
#1741=ORIENTED_EDGE('',*,*,#1353,.T.);
#1742=ORIENTED_EDGE('',*,*,#1225,.F.);
#1743=ORIENTED_EDGE('',*,*,#1355,.T.);
#1744=ORIENTED_EDGE('',*,*,#1356,.F.);
#1745=ORIENTED_EDGE('',*,*,#1355,.F.);
#1746=ORIENTED_EDGE('',*,*,#1228,.F.);
#1747=ORIENTED_EDGE('',*,*,#1350,.T.);
#1748=ORIENTED_EDGE('',*,*,#1255,.T.);
#1749=ORIENTED_EDGE('',*,*,#1357,.F.);
#1750=ORIENTED_EDGE('',*,*,#1358,.T.);
#1751=ORIENTED_EDGE('',*,*,#1359,.T.);
#1752=ORIENTED_EDGE('',*,*,#1254,.T.);
#1753=ORIENTED_EDGE('',*,*,#1360,.F.);
#1754=ORIENTED_EDGE('',*,*,#1361,.T.);
#1755=ORIENTED_EDGE('',*,*,#1357,.T.);
#1756=ORIENTED_EDGE('',*,*,#1256,.T.);
#1757=ORIENTED_EDGE('',*,*,#1359,.F.);
#1758=ORIENTED_EDGE('',*,*,#1362,.T.);
#1759=ORIENTED_EDGE('',*,*,#1363,.T.);
#1760=ORIENTED_EDGE('',*,*,#1263,.T.);
#1761=ORIENTED_EDGE('',*,*,#1364,.F.);
#1762=ORIENTED_EDGE('',*,*,#1365,.T.);
#1763=ORIENTED_EDGE('',*,*,#1366,.T.);
#1764=ORIENTED_EDGE('',*,*,#1262,.T.);
#1765=ORIENTED_EDGE('',*,*,#1367,.F.);
#1766=ORIENTED_EDGE('',*,*,#1368,.T.);
#1767=ORIENTED_EDGE('',*,*,#1364,.T.);
#1768=ORIENTED_EDGE('',*,*,#1264,.T.);
#1769=ORIENTED_EDGE('',*,*,#1366,.F.);
#1770=ORIENTED_EDGE('',*,*,#1369,.T.);
#1771=ORIENTED_EDGE('',*,*,#1370,.T.);
#1772=ORIENTED_EDGE('',*,*,#1235,.T.);
#1773=ORIENTED_EDGE('',*,*,#1371,.F.);
#1774=ORIENTED_EDGE('',*,*,#1372,.T.);
#1775=ORIENTED_EDGE('',*,*,#1373,.T.);
#1776=ORIENTED_EDGE('',*,*,#1234,.T.);
#1777=ORIENTED_EDGE('',*,*,#1374,.F.);
#1778=ORIENTED_EDGE('',*,*,#1375,.T.);
#1779=ORIENTED_EDGE('',*,*,#1371,.T.);
#1780=ORIENTED_EDGE('',*,*,#1236,.T.);
#1781=ORIENTED_EDGE('',*,*,#1373,.F.);
#1782=ORIENTED_EDGE('',*,*,#1376,.T.);
#1783=ORIENTED_EDGE('',*,*,#1377,.T.);
#1784=ORIENTED_EDGE('',*,*,#1243,.T.);
#1785=ORIENTED_EDGE('',*,*,#1378,.F.);
#1786=ORIENTED_EDGE('',*,*,#1379,.T.);
#1787=ORIENTED_EDGE('',*,*,#1380,.T.);
#1788=ORIENTED_EDGE('',*,*,#1242,.T.);
#1789=ORIENTED_EDGE('',*,*,#1381,.F.);
#1790=ORIENTED_EDGE('',*,*,#1382,.T.);
#1791=ORIENTED_EDGE('',*,*,#1378,.T.);
#1792=ORIENTED_EDGE('',*,*,#1244,.T.);
#1793=ORIENTED_EDGE('',*,*,#1380,.F.);
#1794=ORIENTED_EDGE('',*,*,#1383,.T.);
#1795=ORIENTED_EDGE('',*,*,#1384,.T.);
#1796=ORIENTED_EDGE('',*,*,#1251,.T.);
#1797=ORIENTED_EDGE('',*,*,#1385,.F.);
#1798=ORIENTED_EDGE('',*,*,#1386,.T.);
#1799=ORIENTED_EDGE('',*,*,#1387,.T.);
#1800=ORIENTED_EDGE('',*,*,#1250,.T.);
#1801=ORIENTED_EDGE('',*,*,#1388,.F.);
#1802=ORIENTED_EDGE('',*,*,#1389,.T.);
#1803=ORIENTED_EDGE('',*,*,#1385,.T.);
#1804=ORIENTED_EDGE('',*,*,#1252,.T.);
#1805=ORIENTED_EDGE('',*,*,#1387,.F.);
#1806=ORIENTED_EDGE('',*,*,#1390,.T.);
#1807=ORIENTED_EDGE('',*,*,#1391,.T.);
#1808=ORIENTED_EDGE('',*,*,#1287,.T.);
#1809=ORIENTED_EDGE('',*,*,#1392,.F.);
#1810=ORIENTED_EDGE('',*,*,#1393,.T.);
#1811=ORIENTED_EDGE('',*,*,#1394,.T.);
#1812=ORIENTED_EDGE('',*,*,#1286,.T.);
#1813=ORIENTED_EDGE('',*,*,#1395,.F.);
#1814=ORIENTED_EDGE('',*,*,#1396,.T.);
#1815=ORIENTED_EDGE('',*,*,#1392,.T.);
#1816=ORIENTED_EDGE('',*,*,#1288,.T.);
#1817=ORIENTED_EDGE('',*,*,#1394,.F.);
#1818=ORIENTED_EDGE('',*,*,#1397,.T.);
#1819=ORIENTED_EDGE('',*,*,#1398,.T.);
#1820=ORIENTED_EDGE('',*,*,#1271,.T.);
#1821=ORIENTED_EDGE('',*,*,#1399,.F.);
#1822=ORIENTED_EDGE('',*,*,#1400,.T.);
#1823=ORIENTED_EDGE('',*,*,#1401,.T.);
#1824=ORIENTED_EDGE('',*,*,#1270,.T.);
#1825=ORIENTED_EDGE('',*,*,#1402,.F.);
#1826=ORIENTED_EDGE('',*,*,#1403,.T.);
#1827=ORIENTED_EDGE('',*,*,#1399,.T.);
#1828=ORIENTED_EDGE('',*,*,#1272,.T.);
#1829=ORIENTED_EDGE('',*,*,#1401,.F.);
#1830=ORIENTED_EDGE('',*,*,#1404,.T.);
#1831=ORIENTED_EDGE('',*,*,#1405,.T.);
#1832=ORIENTED_EDGE('',*,*,#1279,.T.);
#1833=ORIENTED_EDGE('',*,*,#1406,.F.);
#1834=ORIENTED_EDGE('',*,*,#1407,.T.);
#1835=ORIENTED_EDGE('',*,*,#1408,.T.);
#1836=ORIENTED_EDGE('',*,*,#1278,.T.);
#1837=ORIENTED_EDGE('',*,*,#1409,.F.);
#1838=ORIENTED_EDGE('',*,*,#1410,.T.);
#1839=ORIENTED_EDGE('',*,*,#1406,.T.);
#1840=ORIENTED_EDGE('',*,*,#1280,.T.);
#1841=ORIENTED_EDGE('',*,*,#1408,.F.);
#1842=ORIENTED_EDGE('',*,*,#1411,.T.);
#1843=ORIENTED_EDGE('',*,*,#1412,.T.);
#1844=ORIENTED_EDGE('',*,*,#1295,.T.);
#1845=ORIENTED_EDGE('',*,*,#1413,.F.);
#1846=ORIENTED_EDGE('',*,*,#1414,.T.);
#1847=ORIENTED_EDGE('',*,*,#1415,.T.);
#1848=ORIENTED_EDGE('',*,*,#1294,.T.);
#1849=ORIENTED_EDGE('',*,*,#1416,.F.);
#1850=ORIENTED_EDGE('',*,*,#1417,.T.);
#1851=ORIENTED_EDGE('',*,*,#1413,.T.);
#1852=ORIENTED_EDGE('',*,*,#1296,.T.);
#1853=ORIENTED_EDGE('',*,*,#1415,.F.);
#1854=ORIENTED_EDGE('',*,*,#1418,.T.);
#1855=ORIENTED_EDGE('',*,*,#1419,.T.);
#1856=ORIENTED_EDGE('',*,*,#1304,.T.);
#1857=ORIENTED_EDGE('',*,*,#1420,.F.);
#1858=ORIENTED_EDGE('',*,*,#1421,.T.);
#1859=ORIENTED_EDGE('',*,*,#1422,.T.);
#1860=ORIENTED_EDGE('',*,*,#1303,.T.);
#1861=ORIENTED_EDGE('',*,*,#1423,.F.);
#1862=ORIENTED_EDGE('',*,*,#1424,.T.);
#1863=ORIENTED_EDGE('',*,*,#1420,.T.);
#1864=ORIENTED_EDGE('',*,*,#1302,.T.);
#1865=ORIENTED_EDGE('',*,*,#1425,.F.);
#1866=ORIENTED_EDGE('',*,*,#1426,.T.);
#1867=ORIENTED_EDGE('',*,*,#1423,.T.);
#1868=ORIENTED_EDGE('',*,*,#1427,.T.);
#1869=ORIENTED_EDGE('',*,*,#1428,.T.);
#1870=ORIENTED_EDGE('',*,*,#1314,.F.);
#1871=ORIENTED_EDGE('',*,*,#1429,.F.);
#1872=ORIENTED_EDGE('',*,*,#1430,.F.);
#1873=ORIENTED_EDGE('',*,*,#1431,.T.);
#1874=ORIENTED_EDGE('',*,*,#1315,.F.);
#1875=ORIENTED_EDGE('',*,*,#1428,.F.);
#1876=ORIENTED_EDGE('',*,*,#1432,.F.);
#1877=ORIENTED_EDGE('',*,*,#1433,.T.);
#1878=ORIENTED_EDGE('',*,*,#1316,.F.);
#1879=ORIENTED_EDGE('',*,*,#1431,.F.);
#1880=ORIENTED_EDGE('',*,*,#1434,.F.);
#1881=ORIENTED_EDGE('',*,*,#1435,.T.);
#1882=ORIENTED_EDGE('',*,*,#1317,.F.);
#1883=ORIENTED_EDGE('',*,*,#1433,.F.);
#1884=ORIENTED_EDGE('',*,*,#1436,.F.);
#1885=ORIENTED_EDGE('',*,*,#1437,.T.);
#1886=ORIENTED_EDGE('',*,*,#1318,.F.);
#1887=ORIENTED_EDGE('',*,*,#1435,.F.);
#1888=ORIENTED_EDGE('',*,*,#1438,.F.);
#1889=ORIENTED_EDGE('',*,*,#1439,.T.);
#1890=ORIENTED_EDGE('',*,*,#1319,.F.);
#1891=ORIENTED_EDGE('',*,*,#1437,.F.);
#1892=ORIENTED_EDGE('',*,*,#1440,.T.);
#1893=ORIENTED_EDGE('',*,*,#1441,.T.);
#1894=ORIENTED_EDGE('',*,*,#1320,.F.);
#1895=ORIENTED_EDGE('',*,*,#1439,.F.);
#1896=ORIENTED_EDGE('',*,*,#1442,.F.);
#1897=ORIENTED_EDGE('',*,*,#1443,.T.);
#1898=ORIENTED_EDGE('',*,*,#1321,.F.);
#1899=ORIENTED_EDGE('',*,*,#1441,.F.);
#1900=ORIENTED_EDGE('',*,*,#1444,.F.);
#1901=ORIENTED_EDGE('',*,*,#1217,.T.);
#1902=ORIENTED_EDGE('',*,*,#1322,.F.);
#1903=ORIENTED_EDGE('',*,*,#1443,.F.);
#1904=ORIENTED_EDGE('',*,*,#1259,.F.);
#1905=ORIENTED_EDGE('',*,*,#1445,.F.);
#1906=ORIENTED_EDGE('',*,*,#1446,.F.);
#1907=ORIENTED_EDGE('',*,*,#1447,.T.);
#1908=ORIENTED_EDGE('',*,*,#1260,.F.);
#1909=ORIENTED_EDGE('',*,*,#1447,.F.);
#1910=ORIENTED_EDGE('',*,*,#1448,.F.);
#1911=ORIENTED_EDGE('',*,*,#1449,.T.);
#1912=ORIENTED_EDGE('',*,*,#1253,.F.);
#1913=ORIENTED_EDGE('',*,*,#1449,.F.);
#1914=ORIENTED_EDGE('',*,*,#1450,.T.);
#1915=ORIENTED_EDGE('',*,*,#1360,.T.);
#1916=ORIENTED_EDGE('',*,*,#1257,.F.);
#1917=ORIENTED_EDGE('',*,*,#1363,.F.);
#1918=ORIENTED_EDGE('',*,*,#1451,.T.);
#1919=ORIENTED_EDGE('',*,*,#1452,.T.);
#1920=ORIENTED_EDGE('',*,*,#1258,.F.);
#1921=ORIENTED_EDGE('',*,*,#1452,.F.);
#1922=ORIENTED_EDGE('',*,*,#1453,.F.);
#1923=ORIENTED_EDGE('',*,*,#1445,.T.);
#1924=ORIENTED_EDGE('',*,*,#1267,.F.);
#1925=ORIENTED_EDGE('',*,*,#1454,.F.);
#1926=ORIENTED_EDGE('',*,*,#1455,.F.);
#1927=ORIENTED_EDGE('',*,*,#1456,.T.);
#1928=ORIENTED_EDGE('',*,*,#1268,.F.);
#1929=ORIENTED_EDGE('',*,*,#1456,.F.);
#1930=ORIENTED_EDGE('',*,*,#1457,.F.);
#1931=ORIENTED_EDGE('',*,*,#1458,.T.);
#1932=ORIENTED_EDGE('',*,*,#1261,.F.);
#1933=ORIENTED_EDGE('',*,*,#1458,.F.);
#1934=ORIENTED_EDGE('',*,*,#1459,.T.);
#1935=ORIENTED_EDGE('',*,*,#1367,.T.);
#1936=ORIENTED_EDGE('',*,*,#1265,.F.);
#1937=ORIENTED_EDGE('',*,*,#1370,.F.);
#1938=ORIENTED_EDGE('',*,*,#1460,.T.);
#1939=ORIENTED_EDGE('',*,*,#1461,.T.);
#1940=ORIENTED_EDGE('',*,*,#1266,.F.);
#1941=ORIENTED_EDGE('',*,*,#1461,.F.);
#1942=ORIENTED_EDGE('',*,*,#1462,.F.);
#1943=ORIENTED_EDGE('',*,*,#1454,.T.);
#1944=ORIENTED_EDGE('',*,*,#1231,.F.);
#1945=ORIENTED_EDGE('',*,*,#1463,.F.);
#1946=ORIENTED_EDGE('',*,*,#1464,.F.);
#1947=ORIENTED_EDGE('',*,*,#1465,.T.);
#1948=ORIENTED_EDGE('',*,*,#1232,.F.);
#1949=ORIENTED_EDGE('',*,*,#1465,.F.);
#1950=ORIENTED_EDGE('',*,*,#1466,.F.);
#1951=ORIENTED_EDGE('',*,*,#1467,.T.);
#1952=ORIENTED_EDGE('',*,*,#1233,.F.);
#1953=ORIENTED_EDGE('',*,*,#1467,.F.);
#1954=ORIENTED_EDGE('',*,*,#1468,.T.);
#1955=ORIENTED_EDGE('',*,*,#1374,.T.);
#1956=ORIENTED_EDGE('',*,*,#1229,.F.);
#1957=ORIENTED_EDGE('',*,*,#1377,.F.);
#1958=ORIENTED_EDGE('',*,*,#1469,.T.);
#1959=ORIENTED_EDGE('',*,*,#1470,.T.);
#1960=ORIENTED_EDGE('',*,*,#1230,.F.);
#1961=ORIENTED_EDGE('',*,*,#1470,.F.);
#1962=ORIENTED_EDGE('',*,*,#1471,.F.);
#1963=ORIENTED_EDGE('',*,*,#1463,.T.);
#1964=ORIENTED_EDGE('',*,*,#1239,.F.);
#1965=ORIENTED_EDGE('',*,*,#1472,.F.);
#1966=ORIENTED_EDGE('',*,*,#1473,.F.);
#1967=ORIENTED_EDGE('',*,*,#1474,.T.);
#1968=ORIENTED_EDGE('',*,*,#1240,.F.);
#1969=ORIENTED_EDGE('',*,*,#1474,.F.);
#1970=ORIENTED_EDGE('',*,*,#1475,.F.);
#1971=ORIENTED_EDGE('',*,*,#1476,.T.);
#1972=ORIENTED_EDGE('',*,*,#1241,.F.);
#1973=ORIENTED_EDGE('',*,*,#1476,.F.);
#1974=ORIENTED_EDGE('',*,*,#1477,.T.);
#1975=ORIENTED_EDGE('',*,*,#1381,.T.);
#1976=ORIENTED_EDGE('',*,*,#1237,.F.);
#1977=ORIENTED_EDGE('',*,*,#1384,.F.);
#1978=ORIENTED_EDGE('',*,*,#1478,.T.);
#1979=ORIENTED_EDGE('',*,*,#1479,.T.);
#1980=ORIENTED_EDGE('',*,*,#1238,.F.);
#1981=ORIENTED_EDGE('',*,*,#1479,.F.);
#1982=ORIENTED_EDGE('',*,*,#1480,.F.);
#1983=ORIENTED_EDGE('',*,*,#1472,.T.);
#1984=ORIENTED_EDGE('',*,*,#1247,.F.);
#1985=ORIENTED_EDGE('',*,*,#1481,.F.);
#1986=ORIENTED_EDGE('',*,*,#1482,.F.);
#1987=ORIENTED_EDGE('',*,*,#1483,.T.);
#1988=ORIENTED_EDGE('',*,*,#1248,.F.);
#1989=ORIENTED_EDGE('',*,*,#1483,.F.);
#1990=ORIENTED_EDGE('',*,*,#1484,.F.);
#1991=ORIENTED_EDGE('',*,*,#1485,.T.);
#1992=ORIENTED_EDGE('',*,*,#1249,.F.);
#1993=ORIENTED_EDGE('',*,*,#1485,.F.);
#1994=ORIENTED_EDGE('',*,*,#1486,.T.);
#1995=ORIENTED_EDGE('',*,*,#1388,.T.);
#1996=ORIENTED_EDGE('',*,*,#1245,.F.);
#1997=ORIENTED_EDGE('',*,*,#1391,.F.);
#1998=ORIENTED_EDGE('',*,*,#1487,.T.);
#1999=ORIENTED_EDGE('',*,*,#1488,.T.);
#2000=ORIENTED_EDGE('',*,*,#1246,.F.);
#2001=ORIENTED_EDGE('',*,*,#1488,.F.);
#2002=ORIENTED_EDGE('',*,*,#1489,.F.);
#2003=ORIENTED_EDGE('',*,*,#1481,.T.);
#2004=ORIENTED_EDGE('',*,*,#1291,.F.);
#2005=ORIENTED_EDGE('',*,*,#1490,.F.);
#2006=ORIENTED_EDGE('',*,*,#1491,.F.);
#2007=ORIENTED_EDGE('',*,*,#1492,.T.);
#2008=ORIENTED_EDGE('',*,*,#1292,.F.);
#2009=ORIENTED_EDGE('',*,*,#1492,.F.);
#2010=ORIENTED_EDGE('',*,*,#1493,.F.);
#2011=ORIENTED_EDGE('',*,*,#1494,.T.);
#2012=ORIENTED_EDGE('',*,*,#1285,.F.);
#2013=ORIENTED_EDGE('',*,*,#1494,.F.);
#2014=ORIENTED_EDGE('',*,*,#1495,.T.);
#2015=ORIENTED_EDGE('',*,*,#1395,.T.);
#2016=ORIENTED_EDGE('',*,*,#1289,.F.);
#2017=ORIENTED_EDGE('',*,*,#1398,.F.);
#2018=ORIENTED_EDGE('',*,*,#1496,.T.);
#2019=ORIENTED_EDGE('',*,*,#1497,.T.);
#2020=ORIENTED_EDGE('',*,*,#1290,.F.);
#2021=ORIENTED_EDGE('',*,*,#1497,.F.);
#2022=ORIENTED_EDGE('',*,*,#1498,.F.);
#2023=ORIENTED_EDGE('',*,*,#1490,.T.);
#2024=ORIENTED_EDGE('',*,*,#1275,.F.);
#2025=ORIENTED_EDGE('',*,*,#1499,.F.);
#2026=ORIENTED_EDGE('',*,*,#1500,.F.);
#2027=ORIENTED_EDGE('',*,*,#1501,.T.);
#2028=ORIENTED_EDGE('',*,*,#1276,.F.);
#2029=ORIENTED_EDGE('',*,*,#1501,.F.);
#2030=ORIENTED_EDGE('',*,*,#1502,.F.);
#2031=ORIENTED_EDGE('',*,*,#1503,.T.);
#2032=ORIENTED_EDGE('',*,*,#1269,.F.);
#2033=ORIENTED_EDGE('',*,*,#1503,.F.);
#2034=ORIENTED_EDGE('',*,*,#1504,.T.);
#2035=ORIENTED_EDGE('',*,*,#1402,.T.);
#2036=ORIENTED_EDGE('',*,*,#1273,.F.);
#2037=ORIENTED_EDGE('',*,*,#1405,.F.);
#2038=ORIENTED_EDGE('',*,*,#1505,.T.);
#2039=ORIENTED_EDGE('',*,*,#1506,.T.);
#2040=ORIENTED_EDGE('',*,*,#1274,.F.);
#2041=ORIENTED_EDGE('',*,*,#1506,.F.);
#2042=ORIENTED_EDGE('',*,*,#1507,.F.);
#2043=ORIENTED_EDGE('',*,*,#1499,.T.);
#2044=ORIENTED_EDGE('',*,*,#1283,.F.);
#2045=ORIENTED_EDGE('',*,*,#1508,.F.);
#2046=ORIENTED_EDGE('',*,*,#1509,.F.);
#2047=ORIENTED_EDGE('',*,*,#1510,.T.);
#2048=ORIENTED_EDGE('',*,*,#1284,.F.);
#2049=ORIENTED_EDGE('',*,*,#1510,.F.);
#2050=ORIENTED_EDGE('',*,*,#1511,.F.);
#2051=ORIENTED_EDGE('',*,*,#1512,.T.);
#2052=ORIENTED_EDGE('',*,*,#1277,.F.);
#2053=ORIENTED_EDGE('',*,*,#1512,.F.);
#2054=ORIENTED_EDGE('',*,*,#1513,.T.);
#2055=ORIENTED_EDGE('',*,*,#1409,.T.);
#2056=ORIENTED_EDGE('',*,*,#1281,.F.);
#2057=ORIENTED_EDGE('',*,*,#1412,.F.);
#2058=ORIENTED_EDGE('',*,*,#1514,.T.);
#2059=ORIENTED_EDGE('',*,*,#1515,.T.);
#2060=ORIENTED_EDGE('',*,*,#1282,.F.);
#2061=ORIENTED_EDGE('',*,*,#1515,.F.);
#2062=ORIENTED_EDGE('',*,*,#1516,.F.);
#2063=ORIENTED_EDGE('',*,*,#1508,.T.);
#2064=ORIENTED_EDGE('',*,*,#1299,.F.);
#2065=ORIENTED_EDGE('',*,*,#1517,.F.);
#2066=ORIENTED_EDGE('',*,*,#1518,.F.);
#2067=ORIENTED_EDGE('',*,*,#1519,.T.);
#2068=ORIENTED_EDGE('',*,*,#1300,.F.);
#2069=ORIENTED_EDGE('',*,*,#1519,.F.);
#2070=ORIENTED_EDGE('',*,*,#1520,.F.);
#2071=ORIENTED_EDGE('',*,*,#1521,.T.);
#2072=ORIENTED_EDGE('',*,*,#1293,.F.);
#2073=ORIENTED_EDGE('',*,*,#1521,.F.);
#2074=ORIENTED_EDGE('',*,*,#1522,.T.);
#2075=ORIENTED_EDGE('',*,*,#1416,.T.);
#2076=ORIENTED_EDGE('',*,*,#1297,.F.);
#2077=ORIENTED_EDGE('',*,*,#1419,.F.);
#2078=ORIENTED_EDGE('',*,*,#1523,.T.);
#2079=ORIENTED_EDGE('',*,*,#1524,.T.);
#2080=ORIENTED_EDGE('',*,*,#1298,.F.);
#2081=ORIENTED_EDGE('',*,*,#1524,.F.);
#2082=ORIENTED_EDGE('',*,*,#1525,.F.);
#2083=ORIENTED_EDGE('',*,*,#1517,.T.);
#2084=ORIENTED_EDGE('',*,*,#1306,.F.);
#2085=ORIENTED_EDGE('',*,*,#1526,.F.);
#2086=ORIENTED_EDGE('',*,*,#1527,.F.);
#2087=ORIENTED_EDGE('',*,*,#1528,.T.);
#2088=ORIENTED_EDGE('',*,*,#1307,.F.);
#2089=ORIENTED_EDGE('',*,*,#1528,.F.);
#2090=ORIENTED_EDGE('',*,*,#1529,.F.);
#2091=ORIENTED_EDGE('',*,*,#1530,.T.);
#2092=ORIENTED_EDGE('',*,*,#1308,.F.);
#2093=ORIENTED_EDGE('',*,*,#1530,.F.);
#2094=ORIENTED_EDGE('',*,*,#1531,.F.);
#2095=ORIENTED_EDGE('',*,*,#1532,.T.);
#2096=ORIENTED_EDGE('',*,*,#1301,.F.);
#2097=ORIENTED_EDGE('',*,*,#1532,.F.);
#2098=ORIENTED_EDGE('',*,*,#1533,.T.);
#2099=ORIENTED_EDGE('',*,*,#1425,.T.);
#2100=ORIENTED_EDGE('',*,*,#1305,.F.);
#2101=ORIENTED_EDGE('',*,*,#1422,.F.);
#2102=ORIENTED_EDGE('',*,*,#1534,.T.);
#2103=ORIENTED_EDGE('',*,*,#1526,.T.);
#2104=ORIENTED_EDGE('',*,*,#1204,.T.);
#2105=ORIENTED_EDGE('',*,*,#1332,.F.);
#2106=ORIENTED_EDGE('',*,*,#1535,.F.);
#2107=ORIENTED_EDGE('',*,*,#1536,.T.);
#2108=ORIENTED_EDGE('',*,*,#1429,.T.);
#2109=ORIENTED_EDGE('',*,*,#1313,.F.);
#2110=ORIENTED_EDGE('',*,*,#1200,.T.);
#2111=ORIENTED_EDGE('',*,*,#1211,.T.);
#2112=ORIENTED_EDGE('',*,*,#1214,.T.);
#2113=ORIENTED_EDGE('',*,*,#1208,.T.);
#2114=ORIENTED_EDGE('',*,*,#1338,.T.);
#2115=ORIENTED_EDGE('',*,*,#1340,.T.);
#2116=ORIENTED_EDGE('',*,*,#1333,.T.);
#2117=ORIENTED_EDGE('',*,*,#1336,.T.);
#2118=ORIENTED_EDGE('',*,*,#1354,.T.);
#2119=ORIENTED_EDGE('',*,*,#1356,.T.);
#2120=ORIENTED_EDGE('',*,*,#1349,.T.);
#2121=ORIENTED_EDGE('',*,*,#1352,.T.);
#2122=ORIENTED_EDGE('',*,*,#1459,.F.);
#2123=ORIENTED_EDGE('',*,*,#1457,.T.);
#2124=ORIENTED_EDGE('',*,*,#1455,.T.);
#2125=ORIENTED_EDGE('',*,*,#1462,.T.);
#2126=ORIENTED_EDGE('',*,*,#1460,.F.);
#2127=ORIENTED_EDGE('',*,*,#1369,.F.);
#2128=ORIENTED_EDGE('',*,*,#1365,.F.);
#2129=ORIENTED_EDGE('',*,*,#1368,.F.);
#2130=ORIENTED_EDGE('',*,*,#1450,.F.);
#2131=ORIENTED_EDGE('',*,*,#1448,.T.);
#2132=ORIENTED_EDGE('',*,*,#1446,.T.);
#2133=ORIENTED_EDGE('',*,*,#1453,.T.);
#2134=ORIENTED_EDGE('',*,*,#1451,.F.);
#2135=ORIENTED_EDGE('',*,*,#1362,.F.);
#2136=ORIENTED_EDGE('',*,*,#1358,.F.);
#2137=ORIENTED_EDGE('',*,*,#1361,.F.);
#2138=ORIENTED_EDGE('',*,*,#1495,.F.);
#2139=ORIENTED_EDGE('',*,*,#1493,.T.);
#2140=ORIENTED_EDGE('',*,*,#1491,.T.);
#2141=ORIENTED_EDGE('',*,*,#1498,.T.);
#2142=ORIENTED_EDGE('',*,*,#1496,.F.);
#2143=ORIENTED_EDGE('',*,*,#1397,.F.);
#2144=ORIENTED_EDGE('',*,*,#1393,.F.);
#2145=ORIENTED_EDGE('',*,*,#1396,.F.);
#2146=ORIENTED_EDGE('',*,*,#1504,.F.);
#2147=ORIENTED_EDGE('',*,*,#1502,.T.);
#2148=ORIENTED_EDGE('',*,*,#1500,.T.);
#2149=ORIENTED_EDGE('',*,*,#1507,.T.);
#2150=ORIENTED_EDGE('',*,*,#1505,.F.);
#2151=ORIENTED_EDGE('',*,*,#1404,.F.);
#2152=ORIENTED_EDGE('',*,*,#1400,.F.);
#2153=ORIENTED_EDGE('',*,*,#1403,.F.);
#2154=ORIENTED_EDGE('',*,*,#1513,.F.);
#2155=ORIENTED_EDGE('',*,*,#1511,.T.);
#2156=ORIENTED_EDGE('',*,*,#1509,.T.);
#2157=ORIENTED_EDGE('',*,*,#1516,.T.);
#2158=ORIENTED_EDGE('',*,*,#1514,.F.);
#2159=ORIENTED_EDGE('',*,*,#1411,.F.);
#2160=ORIENTED_EDGE('',*,*,#1407,.F.);
#2161=ORIENTED_EDGE('',*,*,#1410,.F.);
#2162=ORIENTED_EDGE('',*,*,#1469,.F.);
#2163=ORIENTED_EDGE('',*,*,#1376,.F.);
#2164=ORIENTED_EDGE('',*,*,#1372,.F.);
#2165=ORIENTED_EDGE('',*,*,#1375,.F.);
#2166=ORIENTED_EDGE('',*,*,#1468,.F.);
#2167=ORIENTED_EDGE('',*,*,#1466,.T.);
#2168=ORIENTED_EDGE('',*,*,#1464,.T.);
#2169=ORIENTED_EDGE('',*,*,#1471,.T.);
#2170=ORIENTED_EDGE('',*,*,#1522,.F.);
#2171=ORIENTED_EDGE('',*,*,#1520,.T.);
#2172=ORIENTED_EDGE('',*,*,#1518,.T.);
#2173=ORIENTED_EDGE('',*,*,#1525,.T.);
#2174=ORIENTED_EDGE('',*,*,#1523,.F.);
#2175=ORIENTED_EDGE('',*,*,#1418,.F.);
#2176=ORIENTED_EDGE('',*,*,#1414,.F.);
#2177=ORIENTED_EDGE('',*,*,#1417,.F.);
#2178=ORIENTED_EDGE('',*,*,#1478,.F.);
#2179=ORIENTED_EDGE('',*,*,#1383,.F.);
#2180=ORIENTED_EDGE('',*,*,#1379,.F.);
#2181=ORIENTED_EDGE('',*,*,#1382,.F.);
#2182=ORIENTED_EDGE('',*,*,#1477,.F.);
#2183=ORIENTED_EDGE('',*,*,#1475,.T.);
#2184=ORIENTED_EDGE('',*,*,#1473,.T.);
#2185=ORIENTED_EDGE('',*,*,#1480,.T.);
#2186=ORIENTED_EDGE('',*,*,#1533,.F.);
#2187=ORIENTED_EDGE('',*,*,#1531,.T.);
#2188=ORIENTED_EDGE('',*,*,#1529,.T.);
#2189=ORIENTED_EDGE('',*,*,#1527,.T.);
#2190=ORIENTED_EDGE('',*,*,#1534,.F.);
#2191=ORIENTED_EDGE('',*,*,#1421,.F.);
#2192=ORIENTED_EDGE('',*,*,#1424,.F.);
#2193=ORIENTED_EDGE('',*,*,#1426,.F.);
#2194=ORIENTED_EDGE('',*,*,#1487,.F.);
#2195=ORIENTED_EDGE('',*,*,#1390,.F.);
#2196=ORIENTED_EDGE('',*,*,#1386,.F.);
#2197=ORIENTED_EDGE('',*,*,#1389,.F.);
#2198=ORIENTED_EDGE('',*,*,#1486,.F.);
#2199=ORIENTED_EDGE('',*,*,#1484,.T.);
#2200=ORIENTED_EDGE('',*,*,#1482,.T.);
#2201=ORIENTED_EDGE('',*,*,#1489,.T.);
#2202=ORIENTED_EDGE('',*,*,#1346,.T.);
#2203=ORIENTED_EDGE('',*,*,#1348,.T.);
#2204=ORIENTED_EDGE('',*,*,#1341,.T.);
#2205=ORIENTED_EDGE('',*,*,#1344,.T.);
#2206=ORIENTED_EDGE('',*,*,#1537,.F.);
#2207=ORIENTED_EDGE('',*,*,#1535,.T.);
#2208=ORIENTED_EDGE('',*,*,#1331,.F.);
#2209=ORIENTED_EDGE('',*,*,#1538,.F.);
#2210=ORIENTED_EDGE('',*,*,#1539,.T.);
#2211=ORIENTED_EDGE('',*,*,#1538,.T.);
#2212=ORIENTED_EDGE('',*,*,#1330,.F.);
#2213=ORIENTED_EDGE('',*,*,#1540,.F.);
#2214=ORIENTED_EDGE('',*,*,#1541,.T.);
#2215=ORIENTED_EDGE('',*,*,#1540,.T.);
#2216=ORIENTED_EDGE('',*,*,#1329,.F.);
#2217=ORIENTED_EDGE('',*,*,#1542,.F.);
#2218=ORIENTED_EDGE('',*,*,#1543,.T.);
#2219=ORIENTED_EDGE('',*,*,#1542,.T.);
#2220=ORIENTED_EDGE('',*,*,#1328,.F.);
#2221=ORIENTED_EDGE('',*,*,#1544,.F.);
#2222=ORIENTED_EDGE('',*,*,#1545,.T.);
#2223=ORIENTED_EDGE('',*,*,#1544,.T.);
#2224=ORIENTED_EDGE('',*,*,#1327,.F.);
#2225=ORIENTED_EDGE('',*,*,#1546,.F.);
#2226=ORIENTED_EDGE('',*,*,#1547,.T.);
#2227=ORIENTED_EDGE('',*,*,#1546,.T.);
#2228=ORIENTED_EDGE('',*,*,#1326,.F.);
#2229=ORIENTED_EDGE('',*,*,#1548,.F.);
#2230=ORIENTED_EDGE('',*,*,#1549,.F.);
#2231=ORIENTED_EDGE('',*,*,#1548,.T.);
#2232=ORIENTED_EDGE('',*,*,#1325,.F.);
#2233=ORIENTED_EDGE('',*,*,#1550,.F.);
#2234=ORIENTED_EDGE('',*,*,#1551,.T.);
#2235=ORIENTED_EDGE('',*,*,#1550,.T.);
#2236=ORIENTED_EDGE('',*,*,#1324,.F.);
#2237=ORIENTED_EDGE('',*,*,#1552,.F.);
#2238=ORIENTED_EDGE('',*,*,#1553,.T.);
#2239=ORIENTED_EDGE('',*,*,#1552,.T.);
#2240=ORIENTED_EDGE('',*,*,#1323,.F.);
#2241=ORIENTED_EDGE('',*,*,#1219,.F.);
#2242=ORIENTED_EDGE('',*,*,#1553,.F.);
#2243=ORIENTED_EDGE('',*,*,#1218,.T.);
#2244=ORIENTED_EDGE('',*,*,#1444,.T.);
#2245=ORIENTED_EDGE('',*,*,#1442,.T.);
#2246=ORIENTED_EDGE('',*,*,#1440,.F.);
#2247=ORIENTED_EDGE('',*,*,#1438,.T.);
#2248=ORIENTED_EDGE('',*,*,#1436,.T.);
#2249=ORIENTED_EDGE('',*,*,#1434,.T.);
#2250=ORIENTED_EDGE('',*,*,#1432,.T.);
#2251=ORIENTED_EDGE('',*,*,#1430,.T.);
#2252=ORIENTED_EDGE('',*,*,#1427,.F.);
#2253=ORIENTED_EDGE('',*,*,#1536,.F.);
#2254=ORIENTED_EDGE('',*,*,#1537,.T.);
#2255=ORIENTED_EDGE('',*,*,#1539,.F.);
#2256=ORIENTED_EDGE('',*,*,#1541,.F.);
#2257=ORIENTED_EDGE('',*,*,#1543,.F.);
#2258=ORIENTED_EDGE('',*,*,#1545,.F.);
#2259=ORIENTED_EDGE('',*,*,#1547,.F.);
#2260=ORIENTED_EDGE('',*,*,#1549,.T.);
#2261=ORIENTED_EDGE('',*,*,#1551,.F.);
#2262=CYLINDRICAL_SURFACE('',#2453,3.14900000000004);
#2263=CYLINDRICAL_SURFACE('',#2456,3.14900000000004);
#2264=CYLINDRICAL_SURFACE('',#2461,3.149);
#2265=CYLINDRICAL_SURFACE('',#2522,3.149);
#2266=CYLINDRICAL_SURFACE('',#2525,3.14900000000004);
#2267=CYLINDRICAL_SURFACE('',#2528,3.149);
#2268=CYLINDRICAL_SURFACE('',#2531,3.14900000000004);
#2269=CYLINDRICAL_SURFACE('',#2534,3.149);
#2270=CYLINDRICAL_SURFACE('',#2537,3.14900000000004);
#2271=CYLINDRICAL_SURFACE('',#2540,3.149);
#2272=CYLINDRICAL_SURFACE('',#2542,3.14900000000002);
#2273=CYLINDRICAL_SURFACE('',#2545,3.149);
#2274=CYLINDRICAL_SURFACE('',#2547,3.14899999999998);
#2275=CYLINDRICAL_SURFACE('',#2550,3.149);
#2276=CYLINDRICAL_SURFACE('',#2552,3.14899999999998);
#2277=CYLINDRICAL_SURFACE('',#2555,3.149);
#2278=CYLINDRICAL_SURFACE('',#2557,3.149);
#2279=CYLINDRICAL_SURFACE('',#2560,3.149);
#2280=CYLINDRICAL_SURFACE('',#2562,3.14900000000002);
#2281=CYLINDRICAL_SURFACE('',#2565,3.149);
#2282=CYLINDRICAL_SURFACE('',#2567,3.149);
#2283=CYLINDRICAL_SURFACE('',#2570,3.149);
#2284=CYLINDRICAL_SURFACE('',#2572,3.14899999999998);
#2285=CYLINDRICAL_SURFACE('',#2575,3.149);
#2286=CYLINDRICAL_SURFACE('',#2577,3.14899999999998);
#2287=CYLINDRICAL_SURFACE('',#2580,3.149);
#2288=CYLINDRICAL_SURFACE('',#2582,3.149);
#2289=CYLINDRICAL_SURFACE('',#2584,3.149);
#2290=CYLINDRICAL_SURFACE('',#2587,3.149);
#2291=CYLINDRICAL_SURFACE('',#2589,0.249999999999999);
#2292=CYLINDRICAL_SURFACE('',#2592,1.25);
#2293=CYLINDRICAL_SURFACE('',#2597,0.249999999999999);
#2294=CYLINDRICAL_SURFACE('',#2600,1.25);
#2295=CYLINDRICAL_SURFACE('',#2603,3.149);
#2296=CYLINDRICAL_SURFACE('',#2607,3.14900000000002);
#2297=CYLINDRICAL_SURFACE('',#2610,3.149);
#2298=CYLINDRICAL_SURFACE('',#2614,3.14899999999998);
#2299=CYLINDRICAL_SURFACE('',#2617,3.149);
#2300=CYLINDRICAL_SURFACE('',#2621,3.14899999999998);
#2301=CYLINDRICAL_SURFACE('',#2624,3.149);
#2302=CYLINDRICAL_SURFACE('',#2628,3.149);
#2303=CYLINDRICAL_SURFACE('',#2631,3.149);
#2304=CYLINDRICAL_SURFACE('',#2635,3.14900000000002);
#2305=CYLINDRICAL_SURFACE('',#2638,3.149);
#2306=CYLINDRICAL_SURFACE('',#2642,3.149);
#2307=CYLINDRICAL_SURFACE('',#2645,3.149);
#2308=CYLINDRICAL_SURFACE('',#2649,3.14899999999998);
#2309=CYLINDRICAL_SURFACE('',#2652,3.149);
#2310=CYLINDRICAL_SURFACE('',#2656,3.14899999999998);
#2311=CYLINDRICAL_SURFACE('',#2659,3.149);
#2312=CYLINDRICAL_SURFACE('',#2663,3.149);
#2313=CYLINDRICAL_SURFACE('',#2665,3.149);
#2314=CYLINDRICAL_SURFACE('',#2668,3.149);
#2315=CYLINDRICAL_SURFACE('',#2673,0.249999999999999);
#2316=CYLINDRICAL_SURFACE('',#2676,1.25);
#2317=CYLINDRICAL_SURFACE('',#2681,0.249999999999999);
#2318=CYLINDRICAL_SURFACE('',#2684,1.25);
#2319=ADVANCED_FACE('',(#104),#2262,.F.);
#2320=ADVANCED_FACE('',(#105),#2263,.F.);
#2321=ADVANCED_FACE('',(#106),#41,.F.);
#2322=ADVANCED_FACE('',(#107),#42,.F.);
#2323=ADVANCED_FACE('',(#108),#2264,.F.);
#2324=ADVANCED_FACE('',(#109,#15,#16,#17,#18,#19,#20,#21,#22,#23,#24,#25,
#26,#27),#43,.T.);
#2325=ADVANCED_FACE('',(#110),#44,.T.);
#2326=ADVANCED_FACE('',(#111),#45,.T.);
#2327=ADVANCED_FACE('',(#112),#46,.F.);
#2328=ADVANCED_FACE('',(#113),#2265,.F.);
#2329=ADVANCED_FACE('',(#114),#47,.F.);
#2330=ADVANCED_FACE('',(#115),#2266,.F.);
#2331=ADVANCED_FACE('',(#116),#48,.F.);
#2332=ADVANCED_FACE('',(#117),#2267,.F.);
#2333=ADVANCED_FACE('',(#118),#49,.F.);
#2334=ADVANCED_FACE('',(#119),#2268,.F.);
#2335=ADVANCED_FACE('',(#120),#50,.F.);
#2336=ADVANCED_FACE('',(#121),#2269,.F.);
#2337=ADVANCED_FACE('',(#122),#51,.F.);
#2338=ADVANCED_FACE('',(#123),#2270,.F.);
#2339=ADVANCED_FACE('',(#124),#52,.T.);
#2340=ADVANCED_FACE('',(#125),#2271,.F.);
#2341=ADVANCED_FACE('',(#126),#2272,.F.);
#2342=ADVANCED_FACE('',(#127),#53,.T.);
#2343=ADVANCED_FACE('',(#128),#2273,.F.);
#2344=ADVANCED_FACE('',(#129),#2274,.F.);
#2345=ADVANCED_FACE('',(#130),#54,.T.);
#2346=ADVANCED_FACE('',(#131),#2275,.F.);
#2347=ADVANCED_FACE('',(#132),#2276,.F.);
#2348=ADVANCED_FACE('',(#133),#55,.T.);
#2349=ADVANCED_FACE('',(#134),#2277,.F.);
#2350=ADVANCED_FACE('',(#135),#2278,.F.);
#2351=ADVANCED_FACE('',(#136),#56,.T.);
#2352=ADVANCED_FACE('',(#137),#2279,.F.);
#2353=ADVANCED_FACE('',(#138),#2280,.F.);
#2354=ADVANCED_FACE('',(#139),#57,.T.);
#2355=ADVANCED_FACE('',(#140),#2281,.F.);
#2356=ADVANCED_FACE('',(#141),#2282,.F.);
#2357=ADVANCED_FACE('',(#142),#58,.T.);
#2358=ADVANCED_FACE('',(#143),#2283,.F.);
#2359=ADVANCED_FACE('',(#144),#2284,.F.);
#2360=ADVANCED_FACE('',(#145),#59,.T.);
#2361=ADVANCED_FACE('',(#146),#2285,.F.);
#2362=ADVANCED_FACE('',(#147),#2286,.F.);
#2363=ADVANCED_FACE('',(#148),#60,.T.);
#2364=ADVANCED_FACE('',(#149),#2287,.F.);
#2365=ADVANCED_FACE('',(#150),#2288,.F.);
#2366=ADVANCED_FACE('',(#151),#2289,.F.);
#2367=ADVANCED_FACE('',(#152),#61,.T.);
#2368=ADVANCED_FACE('',(#153),#2290,.F.);
#2369=ADVANCED_FACE('',(#154),#2291,.F.);
#2370=ADVANCED_FACE('',(#155),#62,.F.);
#2371=ADVANCED_FACE('',(#156),#2292,.T.);
#2372=ADVANCED_FACE('',(#157),#63,.F.);
#2373=ADVANCED_FACE('',(#158),#64,.F.);
#2374=ADVANCED_FACE('',(#159),#65,.F.);
#2375=ADVANCED_FACE('',(#160),#2293,.F.);
#2376=ADVANCED_FACE('',(#161),#66,.F.);
#2377=ADVANCED_FACE('',(#162),#2294,.T.);
#2378=ADVANCED_FACE('',(#163),#67,.F.);
#2379=ADVANCED_FACE('',(#164),#2295,.F.);
#2380=ADVANCED_FACE('',(#165),#68,.F.);
#2381=ADVANCED_FACE('',(#166),#69,.F.);
#2382=ADVANCED_FACE('',(#167),#2296,.F.);
#2383=ADVANCED_FACE('',(#168),#70,.F.);
#2384=ADVANCED_FACE('',(#169),#2297,.F.);
#2385=ADVANCED_FACE('',(#170),#71,.F.);
#2386=ADVANCED_FACE('',(#171),#72,.F.);
#2387=ADVANCED_FACE('',(#172),#2298,.F.);
#2388=ADVANCED_FACE('',(#173),#73,.F.);
#2389=ADVANCED_FACE('',(#174),#2299,.F.);
#2390=ADVANCED_FACE('',(#175),#74,.F.);
#2391=ADVANCED_FACE('',(#176),#75,.F.);
#2392=ADVANCED_FACE('',(#177),#2300,.F.);
#2393=ADVANCED_FACE('',(#178),#76,.F.);
#2394=ADVANCED_FACE('',(#179),#2301,.F.);
#2395=ADVANCED_FACE('',(#180),#77,.F.);
#2396=ADVANCED_FACE('',(#181),#78,.F.);
#2397=ADVANCED_FACE('',(#182),#2302,.F.);
#2398=ADVANCED_FACE('',(#183),#79,.F.);
#2399=ADVANCED_FACE('',(#184),#2303,.F.);
#2400=ADVANCED_FACE('',(#185),#80,.F.);
#2401=ADVANCED_FACE('',(#186),#81,.F.);
#2402=ADVANCED_FACE('',(#187),#2304,.F.);
#2403=ADVANCED_FACE('',(#188),#82,.F.);
#2404=ADVANCED_FACE('',(#189),#2305,.F.);
#2405=ADVANCED_FACE('',(#190),#83,.F.);
#2406=ADVANCED_FACE('',(#191),#84,.F.);
#2407=ADVANCED_FACE('',(#192),#2306,.F.);
#2408=ADVANCED_FACE('',(#193),#85,.F.);
#2409=ADVANCED_FACE('',(#194),#2307,.F.);
#2410=ADVANCED_FACE('',(#195),#86,.F.);
#2411=ADVANCED_FACE('',(#196),#87,.F.);
#2412=ADVANCED_FACE('',(#197),#2308,.F.);
#2413=ADVANCED_FACE('',(#198),#88,.F.);
#2414=ADVANCED_FACE('',(#199),#2309,.F.);
#2415=ADVANCED_FACE('',(#200),#89,.F.);
#2416=ADVANCED_FACE('',(#201),#90,.F.);
#2417=ADVANCED_FACE('',(#202),#2310,.F.);
#2418=ADVANCED_FACE('',(#203),#91,.F.);
#2419=ADVANCED_FACE('',(#204),#2311,.F.);
#2420=ADVANCED_FACE('',(#205),#92,.F.);
#2421=ADVANCED_FACE('',(#206),#93,.F.);
#2422=ADVANCED_FACE('',(#207),#2312,.F.);
#2423=ADVANCED_FACE('',(#208),#2313,.F.);
#2424=ADVANCED_FACE('',(#209),#94,.F.);
#2425=ADVANCED_FACE('',(#210),#2314,.F.);
#2426=ADVANCED_FACE('',(#211),#95,.F.);
#2427=ADVANCED_FACE('',(#212),#96,.F.);
#2428=ADVANCED_FACE('',(#213,#28,#29,#30,#31,#32,#33,#34,#35,#36,#37,#38,
#39,#40),#97,.T.);
#2429=ADVANCED_FACE('',(#214),#2315,.F.);
#2430=ADVANCED_FACE('',(#215),#98,.T.);
#2431=ADVANCED_FACE('',(#216),#2316,.T.);
#2432=ADVANCED_FACE('',(#217),#99,.T.);
#2433=ADVANCED_FACE('',(#218),#100,.T.);
#2434=ADVANCED_FACE('',(#219),#101,.T.);
#2435=ADVANCED_FACE('',(#220),#2317,.F.);
#2436=ADVANCED_FACE('',(#221),#102,.T.);
#2437=ADVANCED_FACE('',(#222),#2318,.T.);
#2438=ADVANCED_FACE('',(#223),#103,.F.);
#2439=CLOSED_SHELL('',(#2319,#2320,#2321,#2322,#2323,#2324,#2325,#2326,
#2327,#2328,#2329,#2330,#2331,#2332,#2333,#2334,#2335,#2336,#2337,#2338,
#2339,#2340,#2341,#2342,#2343,#2344,#2345,#2346,#2347,#2348,#2349,#2350,
#2351,#2352,#2353,#2354,#2355,#2356,#2357,#2358,#2359,#2360,#2361,#2362,
#2363,#2364,#2365,#2366,#2367,#2368,#2369,#2370,#2371,#2372,#2373,#2374,
#2375,#2376,#2377,#2378,#2379,#2380,#2381,#2382,#2383,#2384,#2385,#2386,
#2387,#2388,#2389,#2390,#2391,#2392,#2393,#2394,#2395,#2396,#2397,#2398,
#2399,#2400,#2401,#2402,#2403,#2404,#2405,#2406,#2407,#2408,#2409,#2410,
#2411,#2412,#2413,#2414,#2415,#2416,#2417,#2418,#2419,#2420,#2421,#2422,
#2423,#2424,#2425,#2426,#2427,#2428,#2429,#2430,#2431,#2432,#2433,#2434,
#2435,#2436,#2437,#2438));
#2440=DERIVED_UNIT_ELEMENT(#2442,1.);
#2441=DERIVED_UNIT_ELEMENT(#4113,-3.);
#2442=(
MASS_UNIT()
NAMED_UNIT(*)
SI_UNIT(.KILO.,.GRAM.)
);
#2443=DERIVED_UNIT((#2440,#2441));
#2444=MEASURE_REPRESENTATION_ITEM('density measure',
POSITIVE_RATIO_MEASURE(952.),#2443);
#2445=PROPERTY_DEFINITION_REPRESENTATION(#2450,#2447);
#2446=PROPERTY_DEFINITION_REPRESENTATION(#2451,#2448);
#2447=REPRESENTATION('material name',(#2449),#4110);
#2448=REPRESENTATION('density',(#2444),#4110);
#2449=DESCRIPTIVE_REPRESENTATION_ITEM('Plastic, Opaque White',
'Plastic, Opaque White');
#2450=PROPERTY_DEFINITION('material property','material name',#4120);
#2451=PROPERTY_DEFINITION('material property','density of part',#4120);
#2452=AXIS2_PLACEMENT_3D('',#3397,#2687,#2688);
#2453=AXIS2_PLACEMENT_3D('',#3398,#2689,#2690);
#2454=AXIS2_PLACEMENT_3D('',#3401,#2691,#2692);
#2455=AXIS2_PLACEMENT_3D('',#3405,#2694,#2695);
#2456=AXIS2_PLACEMENT_3D('',#3407,#2697,#2698);
#2457=AXIS2_PLACEMENT_3D('',#3410,#2699,#2700);
#2458=AXIS2_PLACEMENT_3D('',#3414,#2702,#2703);
#2459=AXIS2_PLACEMENT_3D('',#3416,#2705,#2706);
#2460=AXIS2_PLACEMENT_3D('',#3422,#2710,#2711);
#2461=AXIS2_PLACEMENT_3D('',#3428,#2715,#2716);
#2462=AXIS2_PLACEMENT_3D('',#3429,#2717,#2718);
#2463=AXIS2_PLACEMENT_3D('',#3430,#2719,#2720);
#2464=AXIS2_PLACEMENT_3D('',#3431,#2721,#2722);
#2465=AXIS2_PLACEMENT_3D('',#3445,#2729,#2730);
#2466=AXIS2_PLACEMENT_3D('',#3448,#2732,#2733);
#2467=AXIS2_PLACEMENT_3D('',#3453,#2735,#2736);
#2468=AXIS2_PLACEMENT_3D('',#3456,#2738,#2739);
#2469=AXIS2_PLACEMENT_3D('',#3461,#2741,#2742);
#2470=AXIS2_PLACEMENT_3D('',#3465,#2744,#2745);
#2471=AXIS2_PLACEMENT_3D('',#3469,#2747,#2748);
#2472=AXIS2_PLACEMENT_3D('',#3472,#2750,#2751);
#2473=AXIS2_PLACEMENT_3D('',#3477,#2753,#2754);
#2474=AXIS2_PLACEMENT_3D('',#3481,#2756,#2757);
#2475=AXIS2_PLACEMENT_3D('',#3485,#2759,#2760);
#2476=AXIS2_PLACEMENT_3D('',#3488,#2762,#2763);
#2477=AXIS2_PLACEMENT_3D('',#3493,#2765,#2766);
#2478=AXIS2_PLACEMENT_3D('',#3497,#2768,#2769);
#2479=AXIS2_PLACEMENT_3D('',#3501,#2771,#2772);
#2480=AXIS2_PLACEMENT_3D('',#3504,#2774,#2775);
#2481=AXIS2_PLACEMENT_3D('',#3509,#2777,#2778);
#2482=AXIS2_PLACEMENT_3D('',#3513,#2780,#2781);
#2483=AXIS2_PLACEMENT_3D('',#3517,#2783,#2784);
#2484=AXIS2_PLACEMENT_3D('',#3520,#2786,#2787);
#2485=AXIS2_PLACEMENT_3D('',#3525,#2789,#2790);
#2486=AXIS2_PLACEMENT_3D('',#3529,#2792,#2793);
#2487=AXIS2_PLACEMENT_3D('',#3533,#2795,#2796);
#2488=AXIS2_PLACEMENT_3D('',#3536,#2798,#2799);
#2489=AXIS2_PLACEMENT_3D('',#3541,#2801,#2802);
#2490=AXIS2_PLACEMENT_3D('',#3545,#2804,#2805);
#2491=AXIS2_PLACEMENT_3D('',#3549,#2807,#2808);
#2492=AXIS2_PLACEMENT_3D('',#3552,#2810,#2811);
#2493=AXIS2_PLACEMENT_3D('',#3557,#2813,#2814);
#2494=AXIS2_PLACEMENT_3D('',#3561,#2816,#2817);
#2495=AXIS2_PLACEMENT_3D('',#3565,#2819,#2820);
#2496=AXIS2_PLACEMENT_3D('',#3568,#2822,#2823);
#2497=AXIS2_PLACEMENT_3D('',#3573,#2825,#2826);
#2498=AXIS2_PLACEMENT_3D('',#3577,#2828,#2829);
#2499=AXIS2_PLACEMENT_3D('',#3581,#2831,#2832);
#2500=AXIS2_PLACEMENT_3D('',#3584,#2834,#2835);
#2501=AXIS2_PLACEMENT_3D('',#3589,#2837,#2838);
#2502=AXIS2_PLACEMENT_3D('',#3593,#2840,#2841);
#2503=AXIS2_PLACEMENT_3D('',#3597,#2843,#2844);
#2504=AXIS2_PLACEMENT_3D('',#3600,#2846,#2847);
#2505=AXIS2_PLACEMENT_3D('',#3605,#2849,#2850);
#2506=AXIS2_PLACEMENT_3D('',#3609,#2852,#2853);
#2507=AXIS2_PLACEMENT_3D('',#3613,#2855,#2856);
#2508=AXIS2_PLACEMENT_3D('',#3616,#2858,#2859);
#2509=AXIS2_PLACEMENT_3D('',#3621,#2861,#2862);
#2510=AXIS2_PLACEMENT_3D('',#3624,#2864,#2865);
#2511=AXIS2_PLACEMENT_3D('',#3625,#2866,#2867);
#2512=AXIS2_PLACEMENT_3D('',#3629,#2869,#2870);
#2513=AXIS2_PLACEMENT_3D('',#3633,#2872,#2873);
#2514=AXIS2_PLACEMENT_3D('',#3641,#2877,#2878);
#2515=AXIS2_PLACEMENT_3D('',#3644,#2880,#2881);
#2516=AXIS2_PLACEMENT_3D('',#3645,#2882,#2883);
#2517=AXIS2_PLACEMENT_3D('',#3647,#2884,#2885);
#2518=AXIS2_PLACEMENT_3D('',#3651,#2887,#2888);
#2519=AXIS2_PLACEMENT_3D('',#3659,#2892,#2893);
#2520=AXIS2_PLACEMENT_3D('',#3663,#2895,#2896);
#2521=AXIS2_PLACEMENT_3D('',#3665,#2898,#2899);
#2522=AXIS2_PLACEMENT_3D('',#3671,#2903,#2904);
#2523=AXIS2_PLACEMENT_3D('',#3673,#2905,#2906);
#2524=AXIS2_PLACEMENT_3D('',#3675,#2908,#2909);
#2525=AXIS2_PLACEMENT_3D('',#3679,#2912,#2913);
#2526=AXIS2_PLACEMENT_3D('',#3680,#2914,#2915);
#2527=AXIS2_PLACEMENT_3D('',#3681,#2916,#2917);
#2528=AXIS2_PLACEMENT_3D('',#3687,#2921,#2922);
#2529=AXIS2_PLACEMENT_3D('',#3689,#2923,#2924);
#2530=AXIS2_PLACEMENT_3D('',#3691,#2926,#2927);
#2531=AXIS2_PLACEMENT_3D('',#3695,#2930,#2931);
#2532=AXIS2_PLACEMENT_3D('',#3696,#2932,#2933);
#2533=AXIS2_PLACEMENT_3D('',#3697,#2934,#2935);
#2534=AXIS2_PLACEMENT_3D('',#3703,#2939,#2940);
#2535=AXIS2_PLACEMENT_3D('',#3705,#2941,#2942);
#2536=AXIS2_PLACEMENT_3D('',#3707,#2944,#2945);
#2537=AXIS2_PLACEMENT_3D('',#3711,#2948,#2949);
#2538=AXIS2_PLACEMENT_3D('',#3712,#2950,#2951);
#2539=AXIS2_PLACEMENT_3D('',#3713,#2952,#2953);
#2540=AXIS2_PLACEMENT_3D('',#3719,#2957,#2958);
#2541=AXIS2_PLACEMENT_3D('',#3722,#2960,#2961);
#2542=AXIS2_PLACEMENT_3D('',#3723,#2962,#2963);
#2543=AXIS2_PLACEMENT_3D('',#3725,#2964,#2965);
#2544=AXIS2_PLACEMENT_3D('',#3727,#2967,#2968);
#2545=AXIS2_PLACEMENT_3D('',#3733,#2972,#2973);
#2546=AXIS2_PLACEMENT_3D('',#3736,#2975,#2976);
#2547=AXIS2_PLACEMENT_3D('',#3737,#2977,#2978);
#2548=AXIS2_PLACEMENT_3D('',#3739,#2979,#2980);
#2549=AXIS2_PLACEMENT_3D('',#3741,#2982,#2983);
#2550=AXIS2_PLACEMENT_3D('',#3747,#2987,#2988);
#2551=AXIS2_PLACEMENT_3D('',#3750,#2990,#2991);
#2552=AXIS2_PLACEMENT_3D('',#3751,#2992,#2993);
#2553=AXIS2_PLACEMENT_3D('',#3753,#2994,#2995);
#2554=AXIS2_PLACEMENT_3D('',#3755,#2997,#2998);
#2555=AXIS2_PLACEMENT_3D('',#3761,#3002,#3003);
#2556=AXIS2_PLACEMENT_3D('',#3764,#3005,#3006);
#2557=AXIS2_PLACEMENT_3D('',#3765,#3007,#3008);
#2558=AXIS2_PLACEMENT_3D('',#3767,#3009,#3010);
#2559=AXIS2_PLACEMENT_3D('',#3769,#3012,#3013);
#2560=AXIS2_PLACEMENT_3D('',#3775,#3017,#3018);
#2561=AXIS2_PLACEMENT_3D('',#3778,#3020,#3021);
#2562=AXIS2_PLACEMENT_3D('',#3779,#3022,#3023);
#2563=AXIS2_PLACEMENT_3D('',#3781,#3024,#3025);
#2564=AXIS2_PLACEMENT_3D('',#3783,#3027,#3028);
#2565=AXIS2_PLACEMENT_3D('',#3789,#3032,#3033);
#2566=AXIS2_PLACEMENT_3D('',#3792,#3035,#3036);
#2567=AXIS2_PLACEMENT_3D('',#3793,#3037,#3038);
#2568=AXIS2_PLACEMENT_3D('',#3795,#3039,#3040);
#2569=AXIS2_PLACEMENT_3D('',#3797,#3042,#3043);
#2570=AXIS2_PLACEMENT_3D('',#3803,#3047,#3048);
#2571=AXIS2_PLACEMENT_3D('',#3806,#3050,#3051);
#2572=AXIS2_PLACEMENT_3D('',#3807,#3052,#3053);
#2573=AXIS2_PLACEMENT_3D('',#3809,#3054,#3055);
#2574=AXIS2_PLACEMENT_3D('',#3811,#3057,#3058);
#2575=AXIS2_PLACEMENT_3D('',#3817,#3062,#3063);
#2576=AXIS2_PLACEMENT_3D('',#3820,#3065,#3066);
#2577=AXIS2_PLACEMENT_3D('',#3821,#3067,#3068);
#2578=AXIS2_PLACEMENT_3D('',#3823,#3069,#3070);
#2579=AXIS2_PLACEMENT_3D('',#3825,#3072,#3073);
#2580=AXIS2_PLACEMENT_3D('',#3831,#3077,#3078);
#2581=AXIS2_PLACEMENT_3D('',#3834,#3080,#3081);
#2582=AXIS2_PLACEMENT_3D('',#3835,#3082,#3083);
#2583=AXIS2_PLACEMENT_3D('',#3837,#3084,#3085);
#2584=AXIS2_PLACEMENT_3D('',#3839,#3087,#3088);
#2585=AXIS2_PLACEMENT_3D('',#3843,#3090,#3091);
#2586=AXIS2_PLACEMENT_3D('',#3845,#3093,#3094);
#2587=AXIS2_PLACEMENT_3D('',#3849,#3097,#3098);
#2588=AXIS2_PLACEMENT_3D('',#3852,#3100,#3101);
#2589=AXIS2_PLACEMENT_3D('',#3853,#3102,#3103);
#2590=AXIS2_PLACEMENT_3D('',#3856,#3104,#3105);
#2591=AXIS2_PLACEMENT_3D('',#3859,#3108,#3109);
#2592=AXIS2_PLACEMENT_3D('',#3863,#3112,#3113);
#2593=AXIS2_PLACEMENT_3D('',#3865,#3114,#3115);
#2594=AXIS2_PLACEMENT_3D('',#3867,#3117,#3118);
#2595=AXIS2_PLACEMENT_3D('',#3871,#3121,#3122);
#2596=AXIS2_PLACEMENT_3D('',#3875,#3125,#3126);
#2597=AXIS2_PLACEMENT_3D('',#3879,#3129,#3130);
#2598=AXIS2_PLACEMENT_3D('',#3881,#3131,#3132);
#2599=AXIS2_PLACEMENT_3D('',#3883,#3134,#3135);
#2600=AXIS2_PLACEMENT_3D('',#3887,#3138,#3139);
#2601=AXIS2_PLACEMENT_3D('',#3888,#3140,#3141);
#2602=AXIS2_PLACEMENT_3D('',#3889,#3142,#3143);
#2603=AXIS2_PLACEMENT_3D('',#3895,#3147,#3148);
#2604=AXIS2_PLACEMENT_3D('',#3897,#3149,#3150);
#2605=AXIS2_PLACEMENT_3D('',#3899,#3152,#3153);
#2606=AXIS2_PLACEMENT_3D('',#3901,#3155,#3156);
#2607=AXIS2_PLACEMENT_3D('',#3905,#3159,#3160);
#2608=AXIS2_PLACEMENT_3D('',#3906,#3161,#3162);
#2609=AXIS2_PLACEMENT_3D('',#3907,#3163,#3164);
#2610=AXIS2_PLACEMENT_3D('',#3913,#3168,#3169);
#2611=AXIS2_PLACEMENT_3D('',#3915,#3170,#3171);
#2612=AXIS2_PLACEMENT_3D('',#3917,#3173,#3174);
#2613=AXIS2_PLACEMENT_3D('',#3919,#3176,#3177);
#2614=AXIS2_PLACEMENT_3D('',#3923,#3180,#3181);
#2615=AXIS2_PLACEMENT_3D('',#3924,#3182,#3183);
#2616=AXIS2_PLACEMENT_3D('',#3925,#3184,#3185);
#2617=AXIS2_PLACEMENT_3D('',#3931,#3189,#3190);
#2618=AXIS2_PLACEMENT_3D('',#3933,#3191,#3192);
#2619=AXIS2_PLACEMENT_3D('',#3935,#3194,#3195);
#2620=AXIS2_PLACEMENT_3D('',#3937,#3197,#3198);
#2621=AXIS2_PLACEMENT_3D('',#3941,#3201,#3202);
#2622=AXIS2_PLACEMENT_3D('',#3942,#3203,#3204);
#2623=AXIS2_PLACEMENT_3D('',#3943,#3205,#3206);
#2624=AXIS2_PLACEMENT_3D('',#3949,#3210,#3211);
#2625=AXIS2_PLACEMENT_3D('',#3951,#3212,#3213);
#2626=AXIS2_PLACEMENT_3D('',#3953,#3215,#3216);
#2627=AXIS2_PLACEMENT_3D('',#3955,#3218,#3219);
#2628=AXIS2_PLACEMENT_3D('',#3959,#3222,#3223);
#2629=AXIS2_PLACEMENT_3D('',#3960,#3224,#3225);
#2630=AXIS2_PLACEMENT_3D('',#3961,#3226,#3227);
#2631=AXIS2_PLACEMENT_3D('',#3967,#3231,#3232);
#2632=AXIS2_PLACEMENT_3D('',#3969,#3233,#3234);
#2633=AXIS2_PLACEMENT_3D('',#3971,#3236,#3237);
#2634=AXIS2_PLACEMENT_3D('',#3973,#3239,#3240);
#2635=AXIS2_PLACEMENT_3D('',#3977,#3243,#3244);
#2636=AXIS2_PLACEMENT_3D('',#3978,#3245,#3246);
#2637=AXIS2_PLACEMENT_3D('',#3979,#3247,#3248);
#2638=AXIS2_PLACEMENT_3D('',#3985,#3252,#3253);
#2639=AXIS2_PLACEMENT_3D('',#3987,#3254,#3255);
#2640=AXIS2_PLACEMENT_3D('',#3989,#3257,#3258);
#2641=AXIS2_PLACEMENT_3D('',#3991,#3260,#3261);
#2642=AXIS2_PLACEMENT_3D('',#3995,#3264,#3265);
#2643=AXIS2_PLACEMENT_3D('',#3996,#3266,#3267);
#2644=AXIS2_PLACEMENT_3D('',#3997,#3268,#3269);
#2645=AXIS2_PLACEMENT_3D('',#4003,#3273,#3274);
#2646=AXIS2_PLACEMENT_3D('',#4005,#3275,#3276);
#2647=AXIS2_PLACEMENT_3D('',#4007,#3278,#3279);
#2648=AXIS2_PLACEMENT_3D('',#4009,#3281,#3282);
#2649=AXIS2_PLACEMENT_3D('',#4013,#3285,#3286);
#2650=AXIS2_PLACEMENT_3D('',#4014,#3287,#3288);
#2651=AXIS2_PLACEMENT_3D('',#4015,#3289,#3290);
#2652=AXIS2_PLACEMENT_3D('',#4021,#3294,#3295);
#2653=AXIS2_PLACEMENT_3D('',#4023,#3296,#3297);
#2654=AXIS2_PLACEMENT_3D('',#4025,#3299,#3300);
#2655=AXIS2_PLACEMENT_3D('',#4027,#3302,#3303);
#2656=AXIS2_PLACEMENT_3D('',#4031,#3306,#3307);
#2657=AXIS2_PLACEMENT_3D('',#4032,#3308,#3309);
#2658=AXIS2_PLACEMENT_3D('',#4033,#3310,#3311);
#2659=AXIS2_PLACEMENT_3D('',#4039,#3315,#3316);
#2660=AXIS2_PLACEMENT_3D('',#4041,#3317,#3318);
#2661=AXIS2_PLACEMENT_3D('',#4043,#3320,#3321);
#2662=AXIS2_PLACEMENT_3D('',#4045,#3323,#3324);
#2663=AXIS2_PLACEMENT_3D('',#4049,#3327,#3328);
#2664=AXIS2_PLACEMENT_3D('',#4050,#3329,#3330);
#2665=AXIS2_PLACEMENT_3D('',#4051,#3331,#3332);
#2666=AXIS2_PLACEMENT_3D('',#4055,#3334,#3335);
#2667=AXIS2_PLACEMENT_3D('',#4057,#3337,#3338);
#2668=AXIS2_PLACEMENT_3D('',#4061,#3341,#3342);
#2669=AXIS2_PLACEMENT_3D('',#4063,#3343,#3344);
#2670=AXIS2_PLACEMENT_3D('',#4065,#3346,#3347);
#2671=AXIS2_PLACEMENT_3D('',#4067,#3349,#3350);
#2672=AXIS2_PLACEMENT_3D('',#4069,#3352,#3353);
#2673=AXIS2_PLACEMENT_3D('',#4073,#3356,#3357);
#2674=AXIS2_PLACEMENT_3D('',#4075,#3358,#3359);
#2675=AXIS2_PLACEMENT_3D('',#4077,#3361,#3362);
#2676=AXIS2_PLACEMENT_3D('',#4081,#3365,#3366);
#2677=AXIS2_PLACEMENT_3D('',#4083,#3367,#3368);
#2678=AXIS2_PLACEMENT_3D('',#4085,#3370,#3371);
#2679=AXIS2_PLACEMENT_3D('',#4089,#3374,#3375);
#2680=AXIS2_PLACEMENT_3D('',#4093,#3378,#3379);
#2681=AXIS2_PLACEMENT_3D('',#4097,#3382,#3383);
#2682=AXIS2_PLACEMENT_3D('',#4099,#3384,#3385);
#2683=AXIS2_PLACEMENT_3D('',#4101,#3387,#3388);
#2684=AXIS2_PLACEMENT_3D('',#4105,#3391,#3392);
#2685=AXIS2_PLACEMENT_3D('',#4106,#3393,#3394);
#2686=AXIS2_PLACEMENT_3D('',#4107,#3395,#3396);
#2687=DIRECTION('axis',(0.,0.,1.));
#2688=DIRECTION('refdir',(1.,0.,0.));
#2689=DIRECTION('center_axis',(0.,0.,1.));
#2690=DIRECTION('ref_axis',(-1.,0.,0.));
#2691=DIRECTION('center_axis',(3.62521803959235E-16,0.,-1.));
#2692=DIRECTION('ref_axis',(-1.,0.,0.));
#2693=DIRECTION('',(0.,0.,1.));
#2694=DIRECTION('center_axis',(0.,0.,1.));
#2695=DIRECTION('ref_axis',(-1.,0.,0.));
#2696=DIRECTION('',(0.,0.,1.));
#2697=DIRECTION('center_axis',(0.,0.,1.));
#2698=DIRECTION('ref_axis',(-1.,0.,0.));
#2699=DIRECTION('center_axis',(3.62521803959235E-16,0.,-1.));
#2700=DIRECTION('ref_axis',(-1.,0.,0.));
#2701=DIRECTION('',(0.,0.,1.));
#2702=DIRECTION('center_axis',(0.,0.,1.));
#2703=DIRECTION('ref_axis',(-1.,0.,0.));
#2704=DIRECTION('',(0.,0.,-1.));
#2705=DIRECTION('center_axis',(-1.,-3.169354617306E-14,0.));
#2706=DIRECTION('ref_axis',(3.169354617306E-14,-1.,0.));
#2707=DIRECTION('',(-3.169354617306E-14,1.,-1.1489601532523E-29));
#2708=DIRECTION('',(0.,0.,-1.));
#2709=DIRECTION('',(3.169354617306E-14,-1.,0.));
#2710=DIRECTION('center_axis',(1.,-4.03286141423668E-15,0.));
#2711=DIRECTION('ref_axis',(4.03286141423668E-15,1.,-2.04519920677903E-63));
#2712=DIRECTION('',(-4.03286141423668E-15,-1.,-1.46200019500667E-30));
#2713=DIRECTION('',(4.03286141423668E-15,1.,0.));
#2714=DIRECTION('',(0.,0.,1.));
#2715=DIRECTION('center_axis',(0.,0.,1.));
#2716=DIRECTION('ref_axis',(6.28460698975718E-7,-0.999999999999802,0.));
#2717=DIRECTION('center_axis',(3.62521803959235E-16,0.,-1.));
#2718=DIRECTION('ref_axis',(-1.,0.,0.));
#2719=DIRECTION('center_axis',(0.,0.,1.));
#2720=DIRECTION('ref_axis',(-1.,0.,0.));
#2721=DIRECTION('center_axis',(0.,0.,-1.));
#2722=DIRECTION('ref_axis',(-1.,0.,0.));
#2723=DIRECTION('',(-1.,0.,0.));
#2724=DIRECTION('',(0.,1.,0.));
#2725=DIRECTION('',(1.,0.,0.));
#2726=DIRECTION('',(0.,1.,0.));
#2727=DIRECTION('',(-1.,0.,0.));
#2728=DIRECTION('',(3.169354617306E-14,-1.,0.));
#2729=DIRECTION('center_axis',(0.,0.,1.));
#2730=DIRECTION('ref_axis',(-1.,0.,0.));
#2731=DIRECTION('',(4.03286141423668E-15,1.,0.));
#2732=DIRECTION('center_axis',(0.,0.,1.));
#2733=DIRECTION('ref_axis',(-1.,0.,0.));
#2734=DIRECTION('',(3.169354617306E-14,-1.,0.));
#2735=DIRECTION('center_axis',(0.,0.,1.));
#2736=DIRECTION('ref_axis',(-1.,0.,0.));
#2737=DIRECTION('',(4.03286141423668E-15,1.,0.));
#2738=DIRECTION('center_axis',(0.,0.,1.));
#2739=DIRECTION('ref_axis',(-1.,0.,0.));
#2740=DIRECTION('',(-1.,0.,0.));
#2741=DIRECTION('center_axis',(0.,0.,1.));
#2742=DIRECTION('ref_axis',(0.,1.,0.));
#2743=DIRECTION('',(0.,-1.,0.));
#2744=DIRECTION('center_axis',(0.,0.,1.));
#2745=DIRECTION('ref_axis',(-1.,0.,0.));
#2746=DIRECTION('',(1.,0.,0.));
#2747=DIRECTION('center_axis',(0.,0.,-1.));
#2748=DIRECTION('ref_axis',(1.,0.,0.));
#2749=DIRECTION('',(0.,-1.,0.));
#2750=DIRECTION('center_axis',(0.,0.,-1.));
#2751=DIRECTION('ref_axis',(0.,1.,0.));
#2752=DIRECTION('',(-1.,0.,0.));
#2753=DIRECTION('center_axis',(0.,0.,1.));
#2754=DIRECTION('ref_axis',(0.,1.,0.));
#2755=DIRECTION('',(0.,-1.,0.));
#2756=DIRECTION('center_axis',(0.,0.,1.));
#2757=DIRECTION('ref_axis',(-1.,0.,0.));
#2758=DIRECTION('',(1.,0.,0.));
#2759=DIRECTION('center_axis',(0.,0.,-1.));
#2760=DIRECTION('ref_axis',(1.,0.,0.));
#2761=DIRECTION('',(0.,-1.,0.));
#2762=DIRECTION('center_axis',(0.,0.,-1.));
#2763=DIRECTION('ref_axis',(0.,1.,0.));
#2764=DIRECTION('',(-1.,0.,0.));
#2765=DIRECTION('center_axis',(0.,0.,1.));
#2766=DIRECTION('ref_axis',(0.,1.,0.));
#2767=DIRECTION('',(0.,-1.,0.));
#2768=DIRECTION('center_axis',(0.,0.,1.));
#2769=DIRECTION('ref_axis',(-1.,1.41025471530664E-15,0.));
#2770=DIRECTION('',(1.,0.,0.));
#2771=DIRECTION('center_axis',(0.,0.,-1.));
#2772=DIRECTION('ref_axis',(1.,1.41025471530664E-15,0.));
#2773=DIRECTION('',(0.,-1.,0.));
#2774=DIRECTION('center_axis',(0.,0.,-1.));
#2775=DIRECTION('ref_axis',(0.,1.,0.));
#2776=DIRECTION('',(1.,0.,0.));
#2777=DIRECTION('center_axis',(0.,0.,-1.));
#2778=DIRECTION('ref_axis',(1.,0.,0.));
#2779=DIRECTION('',(0.,-1.,0.));
#2780=DIRECTION('center_axis',(0.,0.,-1.));
#2781=DIRECTION('ref_axis',(0.,1.,0.));
#2782=DIRECTION('',(-1.,0.,0.));
#2783=DIRECTION('center_axis',(0.,0.,1.));
#2784=DIRECTION('ref_axis',(0.,1.,0.));
#2785=DIRECTION('',(0.,-1.,0.));
#2786=DIRECTION('center_axis',(0.,0.,1.));
#2787=DIRECTION('ref_axis',(-1.,0.,0.));
#2788=DIRECTION('',(1.,0.,0.));
#2789=DIRECTION('center_axis',(0.,0.,-1.));
#2790=DIRECTION('ref_axis',(1.,0.,0.));
#2791=DIRECTION('',(0.,-1.,0.));
#2792=DIRECTION('center_axis',(0.,0.,-1.));
#2793=DIRECTION('ref_axis',(0.,1.,0.));
#2794=DIRECTION('',(-1.,0.,0.));
#2795=DIRECTION('center_axis',(0.,0.,1.));
#2796=DIRECTION('ref_axis',(0.,1.,0.));
#2797=DIRECTION('',(0.,-1.,0.));
#2798=DIRECTION('center_axis',(0.,0.,1.));
#2799=DIRECTION('ref_axis',(-1.,0.,0.));
#2800=DIRECTION('',(1.,0.,0.));
#2801=DIRECTION('center_axis',(0.,0.,-1.));
#2802=DIRECTION('ref_axis',(1.,0.,0.));
#2803=DIRECTION('',(0.,-1.,0.));
#2804=DIRECTION('center_axis',(0.,0.,-1.));
#2805=DIRECTION('ref_axis',(0.,1.,0.));
#2806=DIRECTION('',(-1.,0.,0.));
#2807=DIRECTION('center_axis',(0.,0.,1.));
#2808=DIRECTION('ref_axis',(0.,1.,0.));
#2809=DIRECTION('',(0.,-1.,0.));
#2810=DIRECTION('center_axis',(0.,0.,1.));
#2811=DIRECTION('ref_axis',(-1.,0.,0.));
#2812=DIRECTION('',(1.,0.,0.));
#2813=DIRECTION('center_axis',(0.,0.,-1.));
#2814=DIRECTION('ref_axis',(1.,0.,0.));
#2815=DIRECTION('',(0.,-1.,0.));
#2816=DIRECTION('center_axis',(0.,0.,-1.));
#2817=DIRECTION('ref_axis',(0.,1.,0.));
#2818=DIRECTION('',(-1.,0.,0.));
#2819=DIRECTION('center_axis',(0.,0.,1.));
#2820=DIRECTION('ref_axis',(0.,1.,0.));
#2821=DIRECTION('',(0.,-1.,0.));
#2822=DIRECTION('center_axis',(0.,0.,1.));
#2823=DIRECTION('ref_axis',(-1.,0.,0.));
#2824=DIRECTION('',(1.,0.,0.));
#2825=DIRECTION('center_axis',(0.,0.,-1.));
#2826=DIRECTION('ref_axis',(1.,0.,0.));
#2827=DIRECTION('',(0.,-1.,0.));
#2828=DIRECTION('center_axis',(0.,0.,-1.));
#2829=DIRECTION('ref_axis',(0.,1.,0.));
#2830=DIRECTION('',(-1.,0.,0.));
#2831=DIRECTION('center_axis',(0.,0.,1.));
#2832=DIRECTION('ref_axis',(0.,1.,0.));
#2833=DIRECTION('',(0.,-1.,0.));
#2834=DIRECTION('center_axis',(0.,0.,1.));
#2835=DIRECTION('ref_axis',(-1.,0.,0.));
#2836=DIRECTION('',(1.,0.,0.));
#2837=DIRECTION('center_axis',(0.,0.,-1.));
#2838=DIRECTION('ref_axis',(1.,0.,0.));
#2839=DIRECTION('',(0.,-1.,0.));
#2840=DIRECTION('center_axis',(0.,0.,-1.));
#2841=DIRECTION('ref_axis',(0.,1.,0.));
#2842=DIRECTION('',(-1.,0.,0.));
#2843=DIRECTION('center_axis',(0.,0.,1.));
#2844=DIRECTION('ref_axis',(0.,1.,0.));
#2845=DIRECTION('',(0.,-1.,0.));
#2846=DIRECTION('center_axis',(0.,0.,1.));
#2847=DIRECTION('ref_axis',(-1.,0.,0.));
#2848=DIRECTION('',(1.,0.,0.));
#2849=DIRECTION('center_axis',(0.,0.,-1.));
#2850=DIRECTION('ref_axis',(1.,1.41025471530664E-15,0.));
#2851=DIRECTION('',(0.,-1.,0.));
#2852=DIRECTION('center_axis',(0.,0.,-1.));
#2853=DIRECTION('ref_axis',(0.,1.,0.));
#2854=DIRECTION('',(-1.,0.,0.));
#2855=DIRECTION('center_axis',(0.,0.,1.));
#2856=DIRECTION('ref_axis',(0.,1.,0.));
#2857=DIRECTION('',(0.,-1.,0.));
#2858=DIRECTION('center_axis',(0.,0.,1.));
#2859=DIRECTION('ref_axis',(-1.,1.41025471530664E-15,0.));
#2860=DIRECTION('',(3.169354617306E-14,-1.,0.));
#2861=DIRECTION('center_axis',(0.,0.,1.));
#2862=DIRECTION('ref_axis',(-1.,0.,0.));
#2863=DIRECTION('',(4.03286141423668E-15,1.,0.));
#2864=DIRECTION('center_axis',(0.,0.,1.));
#2865=DIRECTION('ref_axis',(-1.,0.,0.));
#2866=DIRECTION('center_axis',(0.,1.,0.));
#2867=DIRECTION('ref_axis',(1.,0.,0.));
#2868=DIRECTION('',(1.,0.,3.62521803959235E-16));
#2869=DIRECTION('center_axis',(0.,-1.,0.));
#2870=DIRECTION('ref_axis',(0.,0.,-1.));
#2871=DIRECTION('',(0.,0.,1.));
#2872=DIRECTION('center_axis',(0.,1.,0.));
#2873=DIRECTION('ref_axis',(0.,0.,1.));
#2874=DIRECTION('',(1.,0.,0.));
#2875=DIRECTION('',(0.,0.,-1.));
#2876=DIRECTION('',(-1.,0.,0.));
#2877=DIRECTION('center_axis',(0.,-1.,0.));
#2878=DIRECTION('ref_axis',(8.88178419700128E-15,0.,1.));
#2879=DIRECTION('',(4.44089209850063E-16,0.,-1.));
#2880=DIRECTION('center_axis',(0.,1.,0.));
#2881=DIRECTION('ref_axis',(0.,0.,-1.));
#2882=DIRECTION('center_axis',(0.,1.,0.));
#2883=DIRECTION('ref_axis',(1.,0.,0.));
#2884=DIRECTION('center_axis',(0.,1.,0.));
#2885=DIRECTION('ref_axis',(0.,0.,-1.));
#2886=DIRECTION('',(4.44089209850063E-16,0.,1.));
#2887=DIRECTION('center_axis',(0.,-1.,0.));
#2888=DIRECTION('ref_axis',(-8.88178419700128E-15,0.,1.));
#2889=DIRECTION('',(-1.,0.,0.));
#2890=DIRECTION('',(0.,0.,1.));
#2891=DIRECTION('',(1.,0.,0.));
#2892=DIRECTION('center_axis',(0.,1.,0.));
#2893=DIRECTION('ref_axis',(0.,0.,1.));
#2894=DIRECTION('',(0.,0.,-1.));
#2895=DIRECTION('center_axis',(0.,-1.,0.));
#2896=DIRECTION('ref_axis',(0.,0.,-1.));
#2897=DIRECTION('',(1.,0.,3.62521803959235E-16));
#2898=DIRECTION('center_axis',(1.,-4.03286141423668E-15,0.));
#2899=DIRECTION('ref_axis',(4.03286141423668E-15,1.,-2.04519920677903E-63));
#2900=DIRECTION('',(-4.03286141423668E-15,-1.,-1.46200019500667E-30));
#2901=DIRECTION('',(0.,0.,1.));
#2902=DIRECTION('',(0.,0.,1.));
#2903=DIRECTION('center_axis',(0.,0.,1.));
#2904=DIRECTION('ref_axis',(6.28460698975718E-7,-0.999999999999802,0.));
#2905=DIRECTION('center_axis',(3.62521803959235E-16,0.,-1.));
#2906=DIRECTION('ref_axis',(-1.,0.,0.));
#2907=DIRECTION('',(0.,0.,-1.));
#2908=DIRECTION('center_axis',(-1.,-3.169354617306E-14,0.));
#2909=DIRECTION('ref_axis',(3.169354617306E-14,-1.,0.));
#2910=DIRECTION('',(-3.169354617306E-14,1.,-1.1489601532523E-29));
#2911=DIRECTION('',(0.,0.,1.));
#2912=DIRECTION('center_axis',(0.,0.,1.));
#2913=DIRECTION('ref_axis',(-1.,0.,0.));
#2914=DIRECTION('center_axis',(3.62521803959235E-16,0.,-1.));
#2915=DIRECTION('ref_axis',(-1.,0.,0.));
#2916=DIRECTION('center_axis',(1.,-4.03286141423668E-15,0.));
#2917=DIRECTION('ref_axis',(4.03286141423668E-15,1.,-2.04519920677903E-63));
#2918=DIRECTION('',(-4.03286141423668E-15,-1.,-1.46200019500667E-30));
#2919=DIRECTION('',(0.,0.,1.));
#2920=DIRECTION('',(0.,0.,1.));
#2921=DIRECTION('center_axis',(0.,0.,1.));
#2922=DIRECTION('ref_axis',(6.28460701640254E-7,-0.999999999999802,0.));
#2923=DIRECTION('center_axis',(3.62521803959235E-16,0.,-1.));
#2924=DIRECTION('ref_axis',(-1.,0.,0.));
#2925=DIRECTION('',(0.,0.,-1.));
#2926=DIRECTION('center_axis',(-1.,-3.169354617306E-14,0.));
#2927=DIRECTION('ref_axis',(3.169354617306E-14,-1.,0.));
#2928=DIRECTION('',(-3.169354617306E-14,1.,-1.1489601532523E-29));
#2929=DIRECTION('',(0.,0.,1.));
#2930=DIRECTION('center_axis',(0.,0.,1.));
#2931=DIRECTION('ref_axis',(-1.,0.,0.));
#2932=DIRECTION('center_axis',(3.62521803959235E-16,0.,-1.));
#2933=DIRECTION('ref_axis',(-1.,0.,0.));
#2934=DIRECTION('center_axis',(1.,-4.03286141423668E-15,0.));
#2935=DIRECTION('ref_axis',(4.03286141423668E-15,1.,-2.04519920677903E-63));
#2936=DIRECTION('',(-4.03286141423668E-15,-1.,-1.46200019500667E-30));
#2937=DIRECTION('',(0.,0.,1.));
#2938=DIRECTION('',(0.,0.,1.));
#2939=DIRECTION('center_axis',(0.,0.,1.));
#2940=DIRECTION('ref_axis',(6.28460701640254E-7,-0.999999999999802,0.));
#2941=DIRECTION('center_axis',(3.62521803959235E-16,0.,-1.));
#2942=DIRECTION('ref_axis',(-1.,0.,0.));
#2943=DIRECTION('',(0.,0.,-1.));
#2944=DIRECTION('center_axis',(-1.,-3.169354617306E-14,0.));
#2945=DIRECTION('ref_axis',(3.169354617306E-14,-1.,0.));
#2946=DIRECTION('',(-3.169354617306E-14,1.,-1.1489601532523E-29));
#2947=DIRECTION('',(0.,0.,1.));
#2948=DIRECTION('center_axis',(0.,0.,1.));
#2949=DIRECTION('ref_axis',(-1.,0.,0.));
#2950=DIRECTION('center_axis',(3.62521803959235E-16,0.,-1.));
#2951=DIRECTION('ref_axis',(-1.,0.,0.));
#2952=DIRECTION('center_axis',(-1.,0.,0.));
#2953=DIRECTION('ref_axis',(0.,1.,0.));
#2954=DIRECTION('',(0.,0.,-1.));
#2955=DIRECTION('',(0.,1.,0.));
#2956=DIRECTION('',(0.,0.,-1.));
#2957=DIRECTION('center_axis',(0.,0.,1.));
#2958=DIRECTION('ref_axis',(1.,0.,0.));
#2959=DIRECTION('',(0.,0.,-1.));
#2960=DIRECTION('center_axis',(3.62521803959235E-16,0.,1.));
#2961=DIRECTION('ref_axis',(1.,0.,0.));
#2962=DIRECTION('center_axis',(0.,0.,1.));
#2963=DIRECTION('ref_axis',(0.,1.,0.));
#2964=DIRECTION('center_axis',(3.62521803959235E-16,0.,1.));
#2965=DIRECTION('ref_axis',(0.,1.,0.));
#2966=DIRECTION('',(0.,0.,-1.));
#2967=DIRECTION('center_axis',(-1.,0.,0.));
#2968=DIRECTION('ref_axis',(0.,1.,0.));
#2969=DIRECTION('',(0.,0.,-1.));
#2970=DIRECTION('',(0.,1.,0.));
#2971=DIRECTION('',(0.,0.,-1.));
#2972=DIRECTION('center_axis',(0.,0.,1.));
#2973=DIRECTION('ref_axis',(1.,0.,0.));
#2974=DIRECTION('',(0.,0.,-1.));
#2975=DIRECTION('center_axis',(3.62521803959235E-16,0.,1.));
#2976=DIRECTION('ref_axis',(1.,0.,0.));
#2977=DIRECTION('center_axis',(0.,0.,1.));
#2978=DIRECTION('ref_axis',(0.,1.,0.));
#2979=DIRECTION('center_axis',(3.62521803959235E-16,0.,1.));
#2980=DIRECTION('ref_axis',(0.,1.,0.));
#2981=DIRECTION('',(0.,0.,-1.));
#2982=DIRECTION('center_axis',(-1.,0.,0.));
#2983=DIRECTION('ref_axis',(0.,1.,0.));
#2984=DIRECTION('',(0.,0.,-1.));
#2985=DIRECTION('',(0.,1.,0.));
#2986=DIRECTION('',(0.,0.,-1.));
#2987=DIRECTION('center_axis',(0.,0.,1.));
#2988=DIRECTION('ref_axis',(1.,0.,0.));
#2989=DIRECTION('',(0.,0.,-1.));
#2990=DIRECTION('center_axis',(3.62521803959235E-16,0.,1.));
#2991=DIRECTION('ref_axis',(1.,0.,0.));
#2992=DIRECTION('center_axis',(0.,0.,1.));
#2993=DIRECTION('ref_axis',(0.,1.,0.));
#2994=DIRECTION('center_axis',(3.62521803959235E-16,0.,1.));
#2995=DIRECTION('ref_axis',(0.,1.,0.));
#2996=DIRECTION('',(0.,0.,-1.));
#2997=DIRECTION('center_axis',(-1.,0.,0.));
#2998=DIRECTION('ref_axis',(0.,1.,0.));
#2999=DIRECTION('',(0.,0.,-1.));
#3000=DIRECTION('',(0.,1.,0.));
#3001=DIRECTION('',(0.,0.,-1.));
#3002=DIRECTION('center_axis',(0.,0.,1.));
#3003=DIRECTION('ref_axis',(1.,0.,0.));
#3004=DIRECTION('',(0.,0.,-1.));
#3005=DIRECTION('center_axis',(3.62521803959235E-16,0.,1.));
#3006=DIRECTION('ref_axis',(1.,0.,0.));
#3007=DIRECTION('center_axis',(0.,0.,1.));
#3008=DIRECTION('ref_axis',(0.,1.,0.));
#3009=DIRECTION('center_axis',(3.62521803959235E-16,0.,1.));
#3010=DIRECTION('ref_axis',(0.,1.,0.));
#3011=DIRECTION('',(0.,0.,-1.));
#3012=DIRECTION('center_axis',(-1.,0.,0.));
#3013=DIRECTION('ref_axis',(0.,1.,0.));
#3014=DIRECTION('',(0.,0.,-1.));
#3015=DIRECTION('',(0.,1.,0.));
#3016=DIRECTION('',(0.,0.,-1.));
#3017=DIRECTION('center_axis',(0.,0.,1.));
#3018=DIRECTION('ref_axis',(1.,1.41025471530664E-15,0.));
#3019=DIRECTION('',(0.,0.,-1.));
#3020=DIRECTION('center_axis',(3.62521803959235E-16,0.,1.));
#3021=DIRECTION('ref_axis',(1.,1.41025471530664E-15,0.));
#3022=DIRECTION('center_axis',(0.,0.,1.));
#3023=DIRECTION('ref_axis',(0.,1.,0.));
#3024=DIRECTION('center_axis',(3.62521803959235E-16,0.,1.));
#3025=DIRECTION('ref_axis',(0.,1.,0.));
#3026=DIRECTION('',(0.,0.,-1.));
#3027=DIRECTION('center_axis',(-1.,0.,0.));
#3028=DIRECTION('ref_axis',(0.,1.,0.));
#3029=DIRECTION('',(0.,0.,-1.));
#3030=DIRECTION('',(0.,1.,0.));
#3031=DIRECTION('',(0.,0.,-1.));
#3032=DIRECTION('center_axis',(0.,0.,1.));
#3033=DIRECTION('ref_axis',(1.,0.,0.));
#3034=DIRECTION('',(0.,0.,-1.));
#3035=DIRECTION('center_axis',(3.62521803959235E-16,0.,1.));
#3036=DIRECTION('ref_axis',(1.,0.,0.));
#3037=DIRECTION('center_axis',(0.,0.,1.));
#3038=DIRECTION('ref_axis',(0.,1.,0.));
#3039=DIRECTION('center_axis',(3.62521803959235E-16,0.,1.));
#3040=DIRECTION('ref_axis',(0.,1.,0.));
#3041=DIRECTION('',(0.,0.,-1.));
#3042=DIRECTION('center_axis',(-1.,0.,0.));
#3043=DIRECTION('ref_axis',(0.,1.,0.));
#3044=DIRECTION('',(0.,0.,-1.));
#3045=DIRECTION('',(0.,1.,0.));
#3046=DIRECTION('',(0.,0.,-1.));
#3047=DIRECTION('center_axis',(0.,0.,1.));
#3048=DIRECTION('ref_axis',(1.,0.,0.));
#3049=DIRECTION('',(0.,0.,-1.));
#3050=DIRECTION('center_axis',(3.62521803959235E-16,0.,1.));
#3051=DIRECTION('ref_axis',(1.,0.,0.));
#3052=DIRECTION('center_axis',(0.,0.,1.));
#3053=DIRECTION('ref_axis',(0.,1.,0.));
#3054=DIRECTION('center_axis',(3.62521803959235E-16,0.,1.));
#3055=DIRECTION('ref_axis',(0.,1.,0.));
#3056=DIRECTION('',(0.,0.,-1.));
#3057=DIRECTION('center_axis',(-1.,0.,0.));
#3058=DIRECTION('ref_axis',(0.,1.,0.));
#3059=DIRECTION('',(0.,0.,-1.));
#3060=DIRECTION('',(0.,1.,0.));
#3061=DIRECTION('',(0.,0.,-1.));
#3062=DIRECTION('center_axis',(0.,0.,1.));
#3063=DIRECTION('ref_axis',(1.,0.,0.));
#3064=DIRECTION('',(0.,0.,-1.));
#3065=DIRECTION('center_axis',(3.62521803959235E-16,0.,1.));
#3066=DIRECTION('ref_axis',(1.,0.,0.));
#3067=DIRECTION('center_axis',(0.,0.,1.));
#3068=DIRECTION('ref_axis',(0.,1.,0.));
#3069=DIRECTION('center_axis',(3.62521803959235E-16,0.,1.));
#3070=DIRECTION('ref_axis',(0.,1.,0.));
#3071=DIRECTION('',(0.,0.,-1.));
#3072=DIRECTION('center_axis',(-1.,0.,0.));
#3073=DIRECTION('ref_axis',(0.,1.,0.));
#3074=DIRECTION('',(0.,0.,-1.));
#3075=DIRECTION('',(0.,1.,0.));
#3076=DIRECTION('',(0.,0.,-1.));
#3077=DIRECTION('center_axis',(0.,0.,1.));
#3078=DIRECTION('ref_axis',(1.,0.,0.));
#3079=DIRECTION('',(0.,0.,-1.));
#3080=DIRECTION('center_axis',(3.62521803959235E-16,0.,1.));
#3081=DIRECTION('ref_axis',(1.,0.,0.));
#3082=DIRECTION('center_axis',(0.,0.,1.));
#3083=DIRECTION('ref_axis',(0.,1.,0.));
#3084=DIRECTION('center_axis',(3.62521803959235E-16,0.,1.));
#3085=DIRECTION('ref_axis',(0.,1.,0.));
#3086=DIRECTION('',(0.,0.,-1.));
#3087=DIRECTION('center_axis',(0.,0.,1.));
#3088=DIRECTION('ref_axis',(0.,1.,0.));
#3089=DIRECTION('',(0.,0.,-1.));
#3090=DIRECTION('center_axis',(3.62521803959235E-16,0.,1.));
#3091=DIRECTION('ref_axis',(0.,1.,0.));
#3092=DIRECTION('',(0.,0.,-1.));
#3093=DIRECTION('center_axis',(-1.,0.,0.));
#3094=DIRECTION('ref_axis',(0.,1.,0.));
#3095=DIRECTION('',(0.,0.,-1.));
#3096=DIRECTION('',(0.,1.,0.));
#3097=DIRECTION('center_axis',(0.,0.,1.));
#3098=DIRECTION('ref_axis',(1.,1.41025471530664E-15,0.));
#3099=DIRECTION('',(0.,0.,-1.));
#3100=DIRECTION('center_axis',(3.62521803959235E-16,0.,1.));
#3101=DIRECTION('ref_axis',(1.,1.41025471530664E-15,0.));
#3102=DIRECTION('center_axis',(0.,-1.,0.));
#3103=DIRECTION('ref_axis',(0.,0.,-1.));
#3104=DIRECTION('center_axis',(0.,-1.,0.));
#3105=DIRECTION('ref_axis',(0.,0.,-1.));
#3106=DIRECTION('',(0.,1.,0.));
#3107=DIRECTION('',(0.,1.,0.));
#3108=DIRECTION('center_axis',(1.,0.,0.));
#3109=DIRECTION('ref_axis',(0.,0.,-1.));
#3110=DIRECTION('',(0.,0.,-1.));
#3111=DIRECTION('',(0.,1.,0.));
#3112=DIRECTION('center_axis',(0.,-1.,0.));
#3113=DIRECTION('ref_axis',(0.,0.,1.));
#3114=DIRECTION('center_axis',(0.,-1.,0.));
#3115=DIRECTION('ref_axis',(0.,0.,1.));
#3116=DIRECTION('',(0.,1.,0.));
#3117=DIRECTION('center_axis',(0.,0.,-1.));
#3118=DIRECTION('ref_axis',(-1.,0.,0.));
#3119=DIRECTION('',(-1.,0.,0.));
#3120=DIRECTION('',(0.,1.,0.));
#3121=DIRECTION('center_axis',(-1.,0.,0.));
#3122=DIRECTION('ref_axis',(0.,0.,1.));
#3123=DIRECTION('',(0.,0.,1.));
#3124=DIRECTION('',(0.,1.,0.));
#3125=DIRECTION('center_axis',(0.,0.,1.));
#3126=DIRECTION('ref_axis',(1.,0.,0.));
#3127=DIRECTION('',(1.,0.,0.));
#3128=DIRECTION('',(0.,1.,0.));
#3129=DIRECTION('center_axis',(0.,-1.,0.));
#3130=DIRECTION('ref_axis',(8.88178419700128E-15,0.,1.));
#3131=DIRECTION('center_axis',(0.,-1.,0.));
#3132=DIRECTION('ref_axis',(8.88178419700128E-15,0.,1.));
#3133=DIRECTION('',(0.,1.,0.));
#3134=DIRECTION('center_axis',(-1.,0.,-4.44089209850063E-16));
#3135=DIRECTION('ref_axis',(-4.44089209850063E-16,0.,1.));
#3136=DIRECTION('',(-4.44089209850063E-16,0.,1.));
#3137=DIRECTION('',(0.,1.,0.));
#3138=DIRECTION('center_axis',(0.,-1.,0.));
#3139=DIRECTION('ref_axis',(0.,0.,-1.));
#3140=DIRECTION('center_axis',(0.,-1.,0.));
#3141=DIRECTION('ref_axis',(0.,0.,-1.));
#3142=DIRECTION('center_axis',(-1.,0.,0.));
#3143=DIRECTION('ref_axis',(0.,1.,0.));
#3144=DIRECTION('',(0.,0.,-1.));
#3145=DIRECTION('',(0.,1.,0.));
#3146=DIRECTION('',(0.,0.,-1.));
#3147=DIRECTION('center_axis',(0.,0.,-1.));
#3148=DIRECTION('ref_axis',(-1.,0.,0.));
#3149=DIRECTION('center_axis',(3.62521803959235E-16,0.,-1.));
#3150=DIRECTION('ref_axis',(-1.,0.,0.));
#3151=DIRECTION('',(0.,0.,-1.));
#3152=DIRECTION('center_axis',(0.,-1.,0.));
#3153=DIRECTION('ref_axis',(-1.,0.,0.));
#3154=DIRECTION('',(1.,0.,-3.62521803959235E-16));
#3155=DIRECTION('center_axis',(0.,1.,0.));
#3156=DIRECTION('ref_axis',(1.,0.,0.));
#3157=DIRECTION('',(-1.,0.,3.62521803959235E-16));
#3158=DIRECTION('',(0.,0.,-1.));
#3159=DIRECTION('center_axis',(0.,0.,-1.));
#3160=DIRECTION('ref_axis',(0.,1.,0.));
#3161=DIRECTION('center_axis',(3.62521803959235E-16,0.,-1.));
#3162=DIRECTION('ref_axis',(0.,1.,0.));
#3163=DIRECTION('center_axis',(-1.,0.,0.));
#3164=DIRECTION('ref_axis',(0.,1.,0.));
#3165=DIRECTION('',(0.,0.,-1.));
#3166=DIRECTION('',(0.,1.,0.));
#3167=DIRECTION('',(0.,0.,-1.));
#3168=DIRECTION('center_axis',(0.,0.,-1.));
#3169=DIRECTION('ref_axis',(-1.,0.,0.));
#3170=DIRECTION('center_axis',(3.62521803959235E-16,0.,-1.));
#3171=DIRECTION('ref_axis',(-1.,0.,0.));
#3172=DIRECTION('',(0.,0.,-1.));
#3173=DIRECTION('center_axis',(0.,-1.,0.));
#3174=DIRECTION('ref_axis',(-1.,0.,0.));
#3175=DIRECTION('',(1.,0.,-3.62521803959235E-16));
#3176=DIRECTION('center_axis',(0.,1.,0.));
#3177=DIRECTION('ref_axis',(1.,0.,0.));
#3178=DIRECTION('',(-1.,0.,3.62521803959235E-16));
#3179=DIRECTION('',(0.,0.,-1.));
#3180=DIRECTION('center_axis',(0.,0.,-1.));
#3181=DIRECTION('ref_axis',(0.,1.,0.));
#3182=DIRECTION('center_axis',(3.62521803959235E-16,0.,-1.));
#3183=DIRECTION('ref_axis',(0.,1.,0.));
#3184=DIRECTION('center_axis',(-1.,0.,0.));
#3185=DIRECTION('ref_axis',(0.,1.,0.));
#3186=DIRECTION('',(0.,0.,-1.));
#3187=DIRECTION('',(0.,1.,0.));
#3188=DIRECTION('',(0.,0.,-1.));
#3189=DIRECTION('center_axis',(0.,0.,-1.));
#3190=DIRECTION('ref_axis',(-1.,0.,0.));
#3191=DIRECTION('center_axis',(3.62521803959235E-16,0.,-1.));
#3192=DIRECTION('ref_axis',(-1.,0.,0.));
#3193=DIRECTION('',(0.,0.,-1.));
#3194=DIRECTION('center_axis',(0.,-1.,0.));
#3195=DIRECTION('ref_axis',(-1.,0.,0.));
#3196=DIRECTION('',(1.,0.,-3.62521803959235E-16));
#3197=DIRECTION('center_axis',(0.,1.,0.));
#3198=DIRECTION('ref_axis',(1.,0.,0.));
#3199=DIRECTION('',(-1.,0.,3.62521803959235E-16));
#3200=DIRECTION('',(0.,0.,-1.));
#3201=DIRECTION('center_axis',(0.,0.,-1.));
#3202=DIRECTION('ref_axis',(0.,1.,0.));
#3203=DIRECTION('center_axis',(3.62521803959235E-16,0.,-1.));
#3204=DIRECTION('ref_axis',(0.,1.,0.));
#3205=DIRECTION('center_axis',(-1.,0.,0.));
#3206=DIRECTION('ref_axis',(0.,1.,0.));
#3207=DIRECTION('',(0.,0.,-1.));
#3208=DIRECTION('',(0.,1.,0.));
#3209=DIRECTION('',(0.,0.,-1.));
#3210=DIRECTION('center_axis',(0.,0.,-1.));
#3211=DIRECTION('ref_axis',(-1.,0.,0.));
#3212=DIRECTION('center_axis',(3.62521803959235E-16,0.,-1.));
#3213=DIRECTION('ref_axis',(-1.,0.,0.));
#3214=DIRECTION('',(0.,0.,-1.));
#3215=DIRECTION('center_axis',(0.,-1.,0.));
#3216=DIRECTION('ref_axis',(-1.,0.,0.));
#3217=DIRECTION('',(1.,0.,-3.62521803959235E-16));
#3218=DIRECTION('center_axis',(0.,1.,0.));
#3219=DIRECTION('ref_axis',(1.,0.,0.));
#3220=DIRECTION('',(-1.,0.,3.62521803959235E-16));
#3221=DIRECTION('',(0.,0.,-1.));
#3222=DIRECTION('center_axis',(0.,0.,-1.));
#3223=DIRECTION('ref_axis',(0.,1.,0.));
#3224=DIRECTION('center_axis',(3.62521803959235E-16,0.,-1.));
#3225=DIRECTION('ref_axis',(0.,1.,0.));
#3226=DIRECTION('center_axis',(-1.,0.,0.));
#3227=DIRECTION('ref_axis',(0.,1.,0.));
#3228=DIRECTION('',(0.,0.,-1.));
#3229=DIRECTION('',(0.,1.,0.));
#3230=DIRECTION('',(0.,0.,-1.));
#3231=DIRECTION('center_axis',(0.,0.,-1.));
#3232=DIRECTION('ref_axis',(-1.,1.41025471530664E-15,0.));
#3233=DIRECTION('center_axis',(3.62521803959235E-16,0.,-1.));
#3234=DIRECTION('ref_axis',(-1.,1.41025471530664E-15,0.));
#3235=DIRECTION('',(0.,0.,-1.));
#3236=DIRECTION('center_axis',(0.,-1.,0.));
#3237=DIRECTION('ref_axis',(-1.,0.,0.));
#3238=DIRECTION('',(1.,0.,-3.62521803959235E-16));
#3239=DIRECTION('center_axis',(0.,1.,0.));
#3240=DIRECTION('ref_axis',(1.,0.,0.));
#3241=DIRECTION('',(-1.,0.,3.62521803959235E-16));
#3242=DIRECTION('',(0.,0.,-1.));
#3243=DIRECTION('center_axis',(0.,0.,-1.));
#3244=DIRECTION('ref_axis',(0.,1.,0.));
#3245=DIRECTION('center_axis',(3.62521803959235E-16,0.,-1.));
#3246=DIRECTION('ref_axis',(0.,1.,0.));
#3247=DIRECTION('center_axis',(-1.,0.,0.));
#3248=DIRECTION('ref_axis',(0.,1.,0.));
#3249=DIRECTION('',(0.,0.,-1.));
#3250=DIRECTION('',(0.,1.,0.));
#3251=DIRECTION('',(0.,0.,-1.));
#3252=DIRECTION('center_axis',(0.,0.,-1.));
#3253=DIRECTION('ref_axis',(-1.,0.,0.));
#3254=DIRECTION('center_axis',(3.62521803959235E-16,0.,-1.));
#3255=DIRECTION('ref_axis',(-1.,0.,0.));
#3256=DIRECTION('',(0.,0.,-1.));
#3257=DIRECTION('center_axis',(0.,-1.,0.));
#3258=DIRECTION('ref_axis',(-1.,0.,0.));
#3259=DIRECTION('',(1.,0.,-3.62521803959235E-16));
#3260=DIRECTION('center_axis',(0.,1.,0.));
#3261=DIRECTION('ref_axis',(1.,0.,0.));
#3262=DIRECTION('',(-1.,0.,3.62521803959235E-16));
#3263=DIRECTION('',(0.,0.,-1.));
#3264=DIRECTION('center_axis',(0.,0.,-1.));
#3265=DIRECTION('ref_axis',(0.,1.,0.));
#3266=DIRECTION('center_axis',(3.62521803959235E-16,0.,-1.));
#3267=DIRECTION('ref_axis',(0.,1.,0.));
#3268=DIRECTION('center_axis',(-1.,0.,0.));
#3269=DIRECTION('ref_axis',(0.,1.,0.));
#3270=DIRECTION('',(0.,0.,-1.));
#3271=DIRECTION('',(0.,1.,0.));
#3272=DIRECTION('',(0.,0.,-1.));
#3273=DIRECTION('center_axis',(0.,0.,-1.));
#3274=DIRECTION('ref_axis',(-1.,0.,0.));
#3275=DIRECTION('center_axis',(3.62521803959235E-16,0.,-1.));
#3276=DIRECTION('ref_axis',(-1.,0.,0.));
#3277=DIRECTION('',(0.,0.,-1.));
#3278=DIRECTION('center_axis',(0.,-1.,0.));
#3279=DIRECTION('ref_axis',(-1.,0.,0.));
#3280=DIRECTION('',(1.,0.,-3.62521803959235E-16));
#3281=DIRECTION('center_axis',(0.,1.,0.));
#3282=DIRECTION('ref_axis',(1.,0.,0.));
#3283=DIRECTION('',(-1.,0.,3.62521803959235E-16));
#3284=DIRECTION('',(0.,0.,-1.));
#3285=DIRECTION('center_axis',(0.,0.,-1.));
#3286=DIRECTION('ref_axis',(0.,1.,0.));
#3287=DIRECTION('center_axis',(3.62521803959235E-16,0.,-1.));
#3288=DIRECTION('ref_axis',(0.,1.,0.));
#3289=DIRECTION('center_axis',(-1.,0.,0.));
#3290=DIRECTION('ref_axis',(0.,1.,0.));
#3291=DIRECTION('',(0.,0.,-1.));
#3292=DIRECTION('',(0.,1.,0.));
#3293=DIRECTION('',(0.,0.,-1.));
#3294=DIRECTION('center_axis',(0.,0.,-1.));
#3295=DIRECTION('ref_axis',(-1.,0.,0.));
#3296=DIRECTION('center_axis',(3.62521803959235E-16,0.,-1.));
#3297=DIRECTION('ref_axis',(-1.,0.,0.));
#3298=DIRECTION('',(0.,0.,-1.));
#3299=DIRECTION('center_axis',(0.,-1.,0.));
#3300=DIRECTION('ref_axis',(-1.,0.,0.));
#3301=DIRECTION('',(1.,0.,-3.62521803959235E-16));
#3302=DIRECTION('center_axis',(0.,1.,0.));
#3303=DIRECTION('ref_axis',(1.,0.,0.));
#3304=DIRECTION('',(-1.,0.,3.62521803959235E-16));
#3305=DIRECTION('',(0.,0.,-1.));
#3306=DIRECTION('center_axis',(0.,0.,-1.));
#3307=DIRECTION('ref_axis',(0.,1.,0.));
#3308=DIRECTION('center_axis',(3.62521803959235E-16,0.,-1.));
#3309=DIRECTION('ref_axis',(0.,1.,0.));
#3310=DIRECTION('center_axis',(-1.,0.,0.));
#3311=DIRECTION('ref_axis',(0.,1.,0.));
#3312=DIRECTION('',(0.,0.,-1.));
#3313=DIRECTION('',(0.,1.,0.));
#3314=DIRECTION('',(0.,0.,-1.));
#3315=DIRECTION('center_axis',(0.,0.,-1.));
#3316=DIRECTION('ref_axis',(-1.,0.,0.));
#3317=DIRECTION('center_axis',(3.62521803959235E-16,0.,-1.));
#3318=DIRECTION('ref_axis',(-1.,0.,0.));
#3319=DIRECTION('',(0.,0.,-1.));
#3320=DIRECTION('center_axis',(0.,-1.,0.));
#3321=DIRECTION('ref_axis',(-1.,0.,0.));
#3322=DIRECTION('',(1.,0.,-3.62521803959235E-16));
#3323=DIRECTION('center_axis',(0.,1.,0.));
#3324=DIRECTION('ref_axis',(1.,0.,0.));
#3325=DIRECTION('',(-1.,0.,3.62521803959235E-16));
#3326=DIRECTION('',(0.,0.,-1.));
#3327=DIRECTION('center_axis',(0.,0.,-1.));
#3328=DIRECTION('ref_axis',(0.,1.,0.));
#3329=DIRECTION('center_axis',(3.62521803959235E-16,0.,-1.));
#3330=DIRECTION('ref_axis',(0.,1.,0.));
#3331=DIRECTION('center_axis',(0.,0.,-1.));
#3332=DIRECTION('ref_axis',(0.,1.,0.));
#3333=DIRECTION('',(0.,0.,-1.));
#3334=DIRECTION('center_axis',(3.62521803959235E-16,0.,-1.));
#3335=DIRECTION('ref_axis',(0.,1.,0.));
#3336=DIRECTION('',(0.,0.,-1.));
#3337=DIRECTION('center_axis',(-1.,0.,0.));
#3338=DIRECTION('ref_axis',(0.,1.,0.));
#3339=DIRECTION('',(0.,1.,0.));
#3340=DIRECTION('',(0.,0.,-1.));
#3341=DIRECTION('center_axis',(0.,0.,-1.));
#3342=DIRECTION('ref_axis',(-1.,1.41025471530664E-15,0.));
#3343=DIRECTION('center_axis',(3.62521803959235E-16,0.,-1.));
#3344=DIRECTION('ref_axis',(-1.,1.41025471530664E-15,0.));
#3345=DIRECTION('',(0.,0.,-1.));
#3346=DIRECTION('center_axis',(0.,-1.,0.));
#3347=DIRECTION('ref_axis',(-1.,0.,0.));
#3348=DIRECTION('',(1.,0.,-3.62521803959235E-16));
#3349=DIRECTION('center_axis',(0.,1.,0.));
#3350=DIRECTION('ref_axis',(1.,0.,0.));
#3351=DIRECTION('',(-1.,0.,3.62521803959235E-16));
#3352=DIRECTION('center_axis',(-3.62521803959235E-16,0.,1.));
#3353=DIRECTION('ref_axis',(1.,0.,3.62521803959235E-16));
#3354=DIRECTION('',(0.,1.,0.));
#3355=DIRECTION('',(1.,0.,3.62521803959235E-16));
#3356=DIRECTION('center_axis',(0.,1.,0.));
#3357=DIRECTION('ref_axis',(0.,0.,-1.));
#3358=DIRECTION('center_axis',(0.,1.,0.));
#3359=DIRECTION('ref_axis',(0.,0.,-1.));
#3360=DIRECTION('',(0.,1.,0.));
#3361=DIRECTION('center_axis',(1.,0.,0.));
#3362=DIRECTION('ref_axis',(0.,0.,-1.));
#3363=DIRECTION('',(0.,0.,-1.));
#3364=DIRECTION('',(0.,1.,0.));
#3365=DIRECTION('center_axis',(0.,1.,0.));
#3366=DIRECTION('ref_axis',(0.,0.,1.));
#3367=DIRECTION('center_axis',(0.,1.,0.));
#3368=DIRECTION('ref_axis',(0.,0.,1.));
#3369=DIRECTION('',(0.,1.,0.));
#3370=DIRECTION('center_axis',(0.,0.,1.));
#3371=DIRECTION('ref_axis',(1.,0.,0.));
#3372=DIRECTION('',(1.,0.,0.));
#3373=DIRECTION('',(0.,1.,0.));
#3374=DIRECTION('center_axis',(-1.,0.,0.));
#3375=DIRECTION('ref_axis',(0.,0.,1.));
#3376=DIRECTION('',(0.,0.,1.));
#3377=DIRECTION('',(0.,1.,0.));
#3378=DIRECTION('center_axis',(0.,0.,-1.));
#3379=DIRECTION('ref_axis',(-1.,0.,0.));
#3380=DIRECTION('',(-1.,0.,0.));
#3381=DIRECTION('',(0.,1.,0.));
#3382=DIRECTION('center_axis',(0.,1.,0.));
#3383=DIRECTION('ref_axis',(-8.88178419700128E-15,0.,1.));
#3384=DIRECTION('center_axis',(0.,1.,0.));
#3385=DIRECTION('ref_axis',(-8.88178419700128E-15,0.,1.));
#3386=DIRECTION('',(0.,1.,0.));
#3387=DIRECTION('center_axis',(-1.,0.,4.44089209850063E-16));
#3388=DIRECTION('ref_axis',(4.44089209850063E-16,0.,1.));
#3389=DIRECTION('',(4.44089209850063E-16,0.,1.));
#3390=DIRECTION('',(0.,1.,0.));
#3391=DIRECTION('center_axis',(0.,1.,0.));
#3392=DIRECTION('ref_axis',(0.,0.,-1.));
#3393=DIRECTION('center_axis',(0.,1.,0.));
#3394=DIRECTION('ref_axis',(0.,0.,-1.));
#3395=DIRECTION('center_axis',(0.,1.,0.));
#3396=DIRECTION('ref_axis',(1.,0.,0.));
#3397=CARTESIAN_POINT('',(0.,0.,0.));
#3398=CARTESIAN_POINT('Origin',(0.000999999999522311,173.85,1.));
#3399=CARTESIAN_POINT('',(2.93250149240922,175.,1.00000000000001));
#3400=CARTESIAN_POINT('',(3.14999999999976,173.850001882825,1.00000000000001));
#3401=CARTESIAN_POINT('Origin',(0.000999999999522311,173.85,1.));
#3402=CARTESIAN_POINT('',(2.93250149240922,175.,0.));
#3403=CARTESIAN_POINT('',(2.93250149240922,175.,1.));
#3404=CARTESIAN_POINT('',(3.14999999999976,173.850001882825,0.));
#3405=CARTESIAN_POINT('Origin',(0.000999999999522311,173.85,0.));
#3406=CARTESIAN_POINT('',(3.14999999999976,173.850001882825,1.));
#3407=CARTESIAN_POINT('Origin',(0.000999999999522311,173.85,1.));
#3408=CARTESIAN_POINT('',(-3.14800000000034,173.849997924779,1.));
#3409=CARTESIAN_POINT('',(-2.93050149241018,175.,1.));
#3410=CARTESIAN_POINT('Origin',(0.000999999999522311,173.85,1.));
#3411=CARTESIAN_POINT('',(-3.14800000000034,173.849997924779,0.));
#3412=CARTESIAN_POINT('',(-3.14800000000034,173.849997924779,1.));
#3413=CARTESIAN_POINT('',(-2.93050149241018,175.,0.));
#3414=CARTESIAN_POINT('Origin',(0.000999999999522311,173.85,0.));
#3415=CARTESIAN_POINT('',(-2.93050149241018,175.,1.));
#3416=CARTESIAN_POINT('Origin',(-3.14800000000034,173.849997924779,1.));
#3417=CARTESIAN_POINT('',(-3.14799999999997,162.149997924779,1.));
#3418=CARTESIAN_POINT('',(-3.14799999999481,-0.575001037610132,1.));
#3419=CARTESIAN_POINT('',(-3.14799999999997,162.149997924779,0.));
#3420=CARTESIAN_POINT('',(-3.14799999999997,162.149997924779,1.));
#3421=CARTESIAN_POINT('',(-3.14799999999481,-0.575001037610328,0.));
#3422=CARTESIAN_POINT('Origin',(3.14999999999971,162.150001882825,1.));
#3423=CARTESIAN_POINT('',(3.14999999999971,162.150001882825,1.00000000000001));
#3424=CARTESIAN_POINT('',(3.14999999999903,-6.42499905858757,1.00000000000001));
#3425=CARTESIAN_POINT('',(3.14999999999971,162.150001882825,0.));
#3426=CARTESIAN_POINT('',(3.14999999999903,-6.42499905858755,0.));
#3427=CARTESIAN_POINT('',(3.14999999999971,162.150001882825,1.));
#3428=CARTESIAN_POINT('Origin',(0.00099999999971438,162.15,1.));
#3429=CARTESIAN_POINT('Origin',(0.00099999999971438,162.15,1.));
#3430=CARTESIAN_POINT('Origin',(0.00099999999971438,162.15,0.));
#3431=CARTESIAN_POINT('Origin',(-8.88178419700125E-15,-175.,0.));
#3432=CARTESIAN_POINT('',(12.25,175.,0.));
#3433=CARTESIAN_POINT('',(8.95686519744587E-15,175.,0.));
#3434=CARTESIAN_POINT('',(12.25,-175.,0.));
#3435=CARTESIAN_POINT('',(12.25,-175.,0.));
#3436=CARTESIAN_POINT('',(-12.25,-175.,0.));
#3437=CARTESIAN_POINT('',(8.95686519744587E-15,-175.,0.));
#3438=CARTESIAN_POINT('',(-12.25,175.,0.));
#3439=CARTESIAN_POINT('',(-12.25,-175.,0.));
#3440=CARTESIAN_POINT('',(8.95686519744587E-15,175.,0.));
#3441=CARTESIAN_POINT('',(-3.14800000000034,148.849997924779,0.));
#3442=CARTESIAN_POINT('',(-3.14799999999997,137.149997924779,0.));
#3443=CARTESIAN_POINT('',(-3.1479999999952,-13.0750010376103,0.));
#3444=CARTESIAN_POINT('',(3.14999999999971,137.150001882825,0.));
#3445=CARTESIAN_POINT('Origin',(0.00099999999971438,137.15,0.));
#3446=CARTESIAN_POINT('',(3.14999999999976,148.850001882825,0.));
#3447=CARTESIAN_POINT('',(3.14999999999908,-18.9249990585875,0.));
#3448=CARTESIAN_POINT('Origin',(0.000999999999522311,148.85,0.));
#3449=CARTESIAN_POINT('',(-3.14800000000034,98.8499979247794,0.));
#3450=CARTESIAN_POINT('',(-3.14799999999997,87.1499979247794,0.));
#3451=CARTESIAN_POINT('',(-3.147999999996,-38.0750010376103,0.));
#3452=CARTESIAN_POINT('',(3.14999999999971,87.1500018828249,0.));
#3453=CARTESIAN_POINT('Origin',(0.00099999999971438,87.15,0.));
#3454=CARTESIAN_POINT('',(3.14999999999976,98.8500018828249,0.));
#3455=CARTESIAN_POINT('',(3.14999999999918,-43.9249990585875,0.));
#3456=CARTESIAN_POINT('Origin',(0.000999999999522311,98.85,0.));
#3457=CARTESIAN_POINT('',(0.00100000000000042,77.,0.));
#3458=CARTESIAN_POINT('',(-0.00100000000000035,77.,0.));
#3459=CARTESIAN_POINT('',(-0.000500000000004615,77.,0.));
#3460=CARTESIAN_POINT('',(-3.15,73.851,0.));
#3461=CARTESIAN_POINT('Origin',(-0.00100000000000035,73.851,0.));
#3462=CARTESIAN_POINT('',(-3.15,62.149,0.));
#3463=CARTESIAN_POINT('',(-3.15,-56.4255,0.));
#3464=CARTESIAN_POINT('',(-0.000999999999999311,59.,0.));
#3465=CARTESIAN_POINT('Origin',(-0.00099999999999949,62.149,0.));
#3466=CARTESIAN_POINT('',(0.000999999999999386,59.,0.));
#3467=CARTESIAN_POINT('',(-4.42212184838947E-15,59.,0.));
#3468=CARTESIAN_POINT('',(3.15,62.149,0.));
#3469=CARTESIAN_POINT('Origin',(0.000999999999999565,62.149,0.));
#3470=CARTESIAN_POINT('',(3.15,73.851,0.));
#3471=CARTESIAN_POINT('',(3.15,-56.4255,0.));
#3472=CARTESIAN_POINT('Origin',(0.00100000000000042,73.851,0.));
#3473=CARTESIAN_POINT('',(0.00100000000000042,-23.,0.));
#3474=CARTESIAN_POINT('',(-0.00100000000000035,-23.,0.));
#3475=CARTESIAN_POINT('',(-0.000500000000004615,-23.,0.));
#3476=CARTESIAN_POINT('',(-3.15,-26.149,0.));
#3477=CARTESIAN_POINT('Origin',(-0.00100000000000035,-26.149,0.));
#3478=CARTESIAN_POINT('',(-3.15,-37.851,0.));
#3479=CARTESIAN_POINT('',(-3.15,-106.4255,0.));
#3480=CARTESIAN_POINT('',(-0.000999999999999311,-41.,0.));
#3481=CARTESIAN_POINT('Origin',(-0.00099999999999949,-37.851,0.));
#3482=CARTESIAN_POINT('',(0.000999999999999386,-41.,0.));
#3483=CARTESIAN_POINT('',(-4.42212184838947E-15,-41.,0.));
#3484=CARTESIAN_POINT('',(3.15,-37.851,0.));
#3485=CARTESIAN_POINT('Origin',(0.000999999999999565,-37.851,0.));
#3486=CARTESIAN_POINT('',(3.15,-26.149,0.));
#3487=CARTESIAN_POINT('',(3.15,-106.4255,0.));
#3488=CARTESIAN_POINT('Origin',(0.00100000000000042,-26.149,0.));
#3489=CARTESIAN_POINT('',(0.00100000000000042,-123.,0.));
#3490=CARTESIAN_POINT('',(-0.00100000000000035,-123.,0.));
#3491=CARTESIAN_POINT('',(-0.000500000000004615,-123.,0.));
#3492=CARTESIAN_POINT('',(-3.15,-126.149,0.));
#3493=CARTESIAN_POINT('Origin',(-0.00100000000000035,-126.149,0.));
#3494=CARTESIAN_POINT('',(-3.15,-137.851,0.));
#3495=CARTESIAN_POINT('',(-3.15,-156.4255,0.));
#3496=CARTESIAN_POINT('',(-0.000999999999999311,-141.,0.));
#3497=CARTESIAN_POINT('Origin',(-0.00099999999999949,-137.851,0.));
#3498=CARTESIAN_POINT('',(0.000999999999999386,-141.,0.));
#3499=CARTESIAN_POINT('',(-4.42212184838947E-15,-141.,0.));
#3500=CARTESIAN_POINT('',(3.15,-137.851,0.));
#3501=CARTESIAN_POINT('Origin',(0.000999999999999565,-137.851,0.));
#3502=CARTESIAN_POINT('',(3.15,-126.149,0.));
#3503=CARTESIAN_POINT('',(3.15,-156.4255,0.));
#3504=CARTESIAN_POINT('Origin',(0.00100000000000042,-126.149,0.));
#3505=CARTESIAN_POINT('',(-0.000999999999999311,-116.,0.));
#3506=CARTESIAN_POINT('',(0.000999999999999386,-116.,0.));
#3507=CARTESIAN_POINT('',(-4.42212184838947E-15,-116.,0.));
#3508=CARTESIAN_POINT('',(3.15,-112.851,0.));
#3509=CARTESIAN_POINT('Origin',(0.000999999999999565,-112.851,0.));
#3510=CARTESIAN_POINT('',(3.15,-101.149,0.));
#3511=CARTESIAN_POINT('',(3.15,-143.9255,0.));
#3512=CARTESIAN_POINT('',(0.00100000000000042,-98.,0.));
#3513=CARTESIAN_POINT('Origin',(0.00100000000000042,-101.149,0.));
#3514=CARTESIAN_POINT('',(-0.00100000000000035,-98.,0.));
#3515=CARTESIAN_POINT('',(-0.000500000000004615,-98.,0.));
#3516=CARTESIAN_POINT('',(-3.15,-101.149,0.));
#3517=CARTESIAN_POINT('Origin',(-0.00100000000000035,-101.149,0.));
#3518=CARTESIAN_POINT('',(-3.15,-112.851,0.));
#3519=CARTESIAN_POINT('',(-3.15,-143.9255,0.));
#3520=CARTESIAN_POINT('Origin',(-0.00099999999999949,-112.851,0.));
#3521=CARTESIAN_POINT('',(-0.000999999999999311,-16.,0.));
#3522=CARTESIAN_POINT('',(0.000999999999999386,-16.,0.));
#3523=CARTESIAN_POINT('',(-4.42212184838947E-15,-16.,0.));
#3524=CARTESIAN_POINT('',(3.15,-12.851,0.));
#3525=CARTESIAN_POINT('Origin',(0.000999999999999565,-12.851,0.));
#3526=CARTESIAN_POINT('',(3.15,-1.14899999999999,0.));
#3527=CARTESIAN_POINT('',(3.15,-93.9255,0.));
#3528=CARTESIAN_POINT('',(0.00100000000000042,1.99999999999999,0.));
#3529=CARTESIAN_POINT('Origin',(0.00100000000000042,-1.14899999999999,0.));
#3530=CARTESIAN_POINT('',(-0.00100000000000035,1.99999999999999,0.));
#3531=CARTESIAN_POINT('',(-0.000500000000004615,1.99999999999999,0.));
#3532=CARTESIAN_POINT('',(-3.15,-1.14899999999999,0.));
#3533=CARTESIAN_POINT('Origin',(-0.00100000000000035,-1.14899999999999,
0.));
#3534=CARTESIAN_POINT('',(-3.15,-12.851,0.));
#3535=CARTESIAN_POINT('',(-3.15,-93.9255,0.));
#3536=CARTESIAN_POINT('Origin',(-0.00099999999999949,-12.851,0.));
#3537=CARTESIAN_POINT('',(-0.000999999999999311,9.00000000000002,0.));
#3538=CARTESIAN_POINT('',(0.000999999999999386,9.00000000000002,0.));
#3539=CARTESIAN_POINT('',(-4.42212184838947E-15,9.00000000000002,0.));
#3540=CARTESIAN_POINT('',(3.15,12.149,0.));
#3541=CARTESIAN_POINT('Origin',(0.000999999999999565,12.149,0.));
#3542=CARTESIAN_POINT('',(3.15,23.851,0.));
#3543=CARTESIAN_POINT('',(3.15,-81.4255,0.));
#3544=CARTESIAN_POINT('',(0.00100000000000042,27.,0.));
#3545=CARTESIAN_POINT('Origin',(0.00100000000000042,23.851,0.));
#3546=CARTESIAN_POINT('',(-0.00100000000000035,27.,0.));
#3547=CARTESIAN_POINT('',(-0.000500000000004615,27.,0.));
#3548=CARTESIAN_POINT('',(-3.15,23.851,0.));
#3549=CARTESIAN_POINT('Origin',(-0.00100000000000035,23.851,0.));
#3550=CARTESIAN_POINT('',(-3.15,12.149,0.));
#3551=CARTESIAN_POINT('',(-3.15,-81.4255,0.));
#3552=CARTESIAN_POINT('Origin',(-0.00099999999999949,12.149,0.));
#3553=CARTESIAN_POINT('',(-0.000999999999999311,34.,0.));
#3554=CARTESIAN_POINT('',(0.000999999999999386,34.,0.));
#3555=CARTESIAN_POINT('',(-4.42212184838947E-15,34.,0.));
#3556=CARTESIAN_POINT('',(3.15,37.149,0.));
#3557=CARTESIAN_POINT('Origin',(0.000999999999999565,37.149,0.));
#3558=CARTESIAN_POINT('',(3.15,48.851,0.));
#3559=CARTESIAN_POINT('',(3.15,-68.9255,0.));
#3560=CARTESIAN_POINT('',(0.00100000000000042,52.,0.));
#3561=CARTESIAN_POINT('Origin',(0.00100000000000042,48.851,0.));
#3562=CARTESIAN_POINT('',(-0.00100000000000035,52.,0.));
#3563=CARTESIAN_POINT('',(-0.000500000000004615,52.,0.));
#3564=CARTESIAN_POINT('',(-3.15,48.851,0.));
#3565=CARTESIAN_POINT('Origin',(-0.00100000000000035,48.851,0.));
#3566=CARTESIAN_POINT('',(-3.15,37.149,0.));
#3567=CARTESIAN_POINT('',(-3.15,-68.9255,0.));
#3568=CARTESIAN_POINT('Origin',(-0.00099999999999949,37.149,0.));
#3569=CARTESIAN_POINT('',(-0.000999999999999311,-91.,0.));
#3570=CARTESIAN_POINT('',(0.000999999999999386,-91.,0.));
#3571=CARTESIAN_POINT('',(-4.42212184838947E-15,-91.,0.));
#3572=CARTESIAN_POINT('',(3.15,-87.851,0.));
#3573=CARTESIAN_POINT('Origin',(0.000999999999999565,-87.851,0.));
#3574=CARTESIAN_POINT('',(3.15,-76.149,0.));
#3575=CARTESIAN_POINT('',(3.15,-131.4255,0.));
#3576=CARTESIAN_POINT('',(0.00100000000000042,-73.,0.));
#3577=CARTESIAN_POINT('Origin',(0.00100000000000042,-76.149,0.));
#3578=CARTESIAN_POINT('',(-0.00100000000000035,-73.,0.));
#3579=CARTESIAN_POINT('',(-0.000500000000004615,-73.,0.));
#3580=CARTESIAN_POINT('',(-3.15,-76.149,0.));
#3581=CARTESIAN_POINT('Origin',(-0.00100000000000035,-76.149,0.));
#3582=CARTESIAN_POINT('',(-3.15,-87.851,0.));
#3583=CARTESIAN_POINT('',(-3.15,-131.4255,0.));
#3584=CARTESIAN_POINT('Origin',(-0.00099999999999949,-87.851,0.));
#3585=CARTESIAN_POINT('',(-0.000999999999999311,-66.,0.));
#3586=CARTESIAN_POINT('',(0.000999999999999386,-66.,0.));
#3587=CARTESIAN_POINT('',(-4.42212184838947E-15,-66.,0.));
#3588=CARTESIAN_POINT('',(3.15,-62.851,0.));
#3589=CARTESIAN_POINT('Origin',(0.000999999999999565,-62.851,0.));
#3590=CARTESIAN_POINT('',(3.15,-51.149,0.));
#3591=CARTESIAN_POINT('',(3.15,-118.9255,0.));
#3592=CARTESIAN_POINT('',(0.00100000000000042,-48.,0.));
#3593=CARTESIAN_POINT('Origin',(0.00100000000000042,-51.149,0.));
#3594=CARTESIAN_POINT('',(-0.00100000000000035,-48.,0.));
#3595=CARTESIAN_POINT('',(-0.000500000000004615,-48.,0.));
#3596=CARTESIAN_POINT('',(-3.15,-51.149,0.));
#3597=CARTESIAN_POINT('Origin',(-0.00100000000000035,-51.149,0.));
#3598=CARTESIAN_POINT('',(-3.15,-62.851,0.));
#3599=CARTESIAN_POINT('',(-3.15,-118.9255,0.));
#3600=CARTESIAN_POINT('Origin',(-0.00099999999999949,-62.851,0.));
#3601=CARTESIAN_POINT('',(-0.00099999999999923,-166.,0.));
#3602=CARTESIAN_POINT('',(0.000999999999999305,-166.,0.));
#3603=CARTESIAN_POINT('',(-4.42212184838947E-15,-166.,0.));
#3604=CARTESIAN_POINT('',(3.15,-162.851,0.));
#3605=CARTESIAN_POINT('Origin',(0.000999999999999565,-162.851,0.));
#3606=CARTESIAN_POINT('',(3.15,-151.149,0.));
#3607=CARTESIAN_POINT('',(3.15,-168.9255,0.));
#3608=CARTESIAN_POINT('',(0.00100000000000042,-148.,0.));
#3609=CARTESIAN_POINT('Origin',(0.00100000000000042,-151.149,0.));
#3610=CARTESIAN_POINT('',(-0.00100000000000035,-148.,0.));
#3611=CARTESIAN_POINT('',(-0.000500000000004615,-148.,0.));
#3612=CARTESIAN_POINT('',(-3.15,-151.149,0.));
#3613=CARTESIAN_POINT('Origin',(-0.00100000000000035,-151.149,0.));
#3614=CARTESIAN_POINT('',(-3.15,-162.851,0.));
#3615=CARTESIAN_POINT('',(-3.15,-168.9255,0.));
#3616=CARTESIAN_POINT('Origin',(-0.00099999999999949,-162.851,0.));
#3617=CARTESIAN_POINT('',(-3.14800000000034,123.849997924779,0.));
#3618=CARTESIAN_POINT('',(-3.14799999999997,112.149997924779,0.));
#3619=CARTESIAN_POINT('',(-3.1479999999956,-25.5750010376103,0.));
#3620=CARTESIAN_POINT('',(3.14999999999971,112.150001882825,0.));
#3621=CARTESIAN_POINT('Origin',(0.00099999999971438,112.15,0.));
#3622=CARTESIAN_POINT('',(3.14999999999976,123.850001882825,0.));
#3623=CARTESIAN_POINT('',(3.14999999999913,-31.4249990585875,0.));
#3624=CARTESIAN_POINT('Origin',(0.000999999999522311,123.85,0.));
#3625=CARTESIAN_POINT('Origin',(-8.75000000000001,175.,3.75));
#3626=CARTESIAN_POINT('',(12.25,175.,1.));
#3627=CARTESIAN_POINT('',(-12.25,175.,1.));
#3628=CARTESIAN_POINT('',(12.5,175.,1.25));
#3629=CARTESIAN_POINT('Origin',(12.25,175.,1.25));
#3630=CARTESIAN_POINT('',(12.5,175.,6.25));
#3631=CARTESIAN_POINT('',(12.5,175.,6.25));
#3632=CARTESIAN_POINT('',(13.75,175.,7.5));
#3633=CARTESIAN_POINT('Origin',(13.75,175.,6.25));
#3634=CARTESIAN_POINT('',(17.5,175.,7.5));
#3635=CARTESIAN_POINT('',(17.5,175.,7.5));
#3636=CARTESIAN_POINT('',(17.5,175.,6.5));
#3637=CARTESIAN_POINT('',(17.5,175.,6.5));
#3638=CARTESIAN_POINT('',(13.75,175.,6.5));
#3639=CARTESIAN_POINT('',(13.75,175.,6.5));
#3640=CARTESIAN_POINT('',(13.5,175.,6.25));
#3641=CARTESIAN_POINT('Origin',(13.75,175.,6.25));
#3642=CARTESIAN_POINT('',(13.5,175.,1.25));
#3643=CARTESIAN_POINT('',(13.5,175.,1.25));
#3644=CARTESIAN_POINT('Origin',(12.25,175.,1.25));
#3645=CARTESIAN_POINT('Origin',(-8.75000000000001,175.,3.75));
#3646=CARTESIAN_POINT('',(-13.5,175.,1.25));
#3647=CARTESIAN_POINT('Origin',(-12.25,175.,1.25));
#3648=CARTESIAN_POINT('',(-13.5,175.,6.25));
#3649=CARTESIAN_POINT('',(-13.5,175.,1.25));
#3650=CARTESIAN_POINT('',(-13.75,175.,6.5));
#3651=CARTESIAN_POINT('Origin',(-13.75,175.,6.25));
#3652=CARTESIAN_POINT('',(-17.5,175.,6.5));
#3653=CARTESIAN_POINT('',(-13.75,175.,6.5));
#3654=CARTESIAN_POINT('',(-17.5,175.,7.5));
#3655=CARTESIAN_POINT('',(-17.5,175.,6.5));
#3656=CARTESIAN_POINT('',(-13.75,175.,7.5));
#3657=CARTESIAN_POINT('',(-17.5,175.,7.5));
#3658=CARTESIAN_POINT('',(-12.5,175.,6.25));
#3659=CARTESIAN_POINT('Origin',(-13.75,175.,6.25));
#3660=CARTESIAN_POINT('',(-12.5,175.,1.25));
#3661=CARTESIAN_POINT('',(-12.5,175.,6.25));
#3662=CARTESIAN_POINT('',(-12.25,175.,1.));
#3663=CARTESIAN_POINT('Origin',(-12.25,175.,1.25));
#3664=CARTESIAN_POINT('',(-12.25,175.,1.));
#3665=CARTESIAN_POINT('Origin',(3.14999999999971,137.150001882825,1.));
#3666=CARTESIAN_POINT('',(3.14999999999976,148.850001882825,1.00000000000001));
#3667=CARTESIAN_POINT('',(3.14999999999971,137.150001882825,1.00000000000001));
#3668=CARTESIAN_POINT('',(3.14999999999908,-18.9249990585876,1.00000000000001));
#3669=CARTESIAN_POINT('',(3.14999999999976,148.850001882825,1.));
#3670=CARTESIAN_POINT('',(3.14999999999971,137.150001882825,1.));
#3671=CARTESIAN_POINT('Origin',(0.00099999999971438,137.15,1.));
#3672=CARTESIAN_POINT('',(-3.14799999999997,137.149997924779,1.));
#3673=CARTESIAN_POINT('Origin',(0.00099999999971438,137.15,1.));
#3674=CARTESIAN_POINT('',(-3.14799999999997,137.149997924779,1.));
#3675=CARTESIAN_POINT('Origin',(-3.14800000000034,148.849997924779,1.));
#3676=CARTESIAN_POINT('',(-3.14800000000034,148.849997924779,1.));
#3677=CARTESIAN_POINT('',(-3.1479999999952,-13.0750010376101,1.));
#3678=CARTESIAN_POINT('',(-3.14800000000034,148.849997924779,1.));
#3679=CARTESIAN_POINT('Origin',(0.000999999999522311,148.85,1.));
#3680=CARTESIAN_POINT('Origin',(0.000999999999522311,148.85,1.));
#3681=CARTESIAN_POINT('Origin',(3.14999999999971,112.150001882825,1.));
#3682=CARTESIAN_POINT('',(3.14999999999976,123.850001882825,1.00000000000001));
#3683=CARTESIAN_POINT('',(3.14999999999971,112.150001882825,1.00000000000001));
#3684=CARTESIAN_POINT('',(3.14999999999913,-31.4249990585876,1.00000000000001));
#3685=CARTESIAN_POINT('',(3.14999999999976,123.850001882825,1.));
#3686=CARTESIAN_POINT('',(3.14999999999971,112.150001882825,1.));
#3687=CARTESIAN_POINT('Origin',(0.00099999999971438,112.15,1.));
#3688=CARTESIAN_POINT('',(-3.14799999999997,112.149997924779,1.));
#3689=CARTESIAN_POINT('Origin',(0.00099999999971438,112.15,1.));
#3690=CARTESIAN_POINT('',(-3.14799999999997,112.149997924779,1.));
#3691=CARTESIAN_POINT('Origin',(-3.14800000000034,123.849997924779,1.));
#3692=CARTESIAN_POINT('',(-3.14800000000034,123.849997924779,1.));
#3693=CARTESIAN_POINT('',(-3.1479999999956,-25.5750010376101,1.));
#3694=CARTESIAN_POINT('',(-3.14800000000034,123.849997924779,1.));
#3695=CARTESIAN_POINT('Origin',(0.000999999999522311,123.85,1.));
#3696=CARTESIAN_POINT('Origin',(0.000999999999522311,123.85,1.));
#3697=CARTESIAN_POINT('Origin',(3.14999999999971,87.1500018828249,1.));
#3698=CARTESIAN_POINT('',(3.14999999999976,98.8500018828249,1.00000000000001));
#3699=CARTESIAN_POINT('',(3.14999999999971,87.1500018828249,1.00000000000001));
#3700=CARTESIAN_POINT('',(3.14999999999918,-43.9249990585876,1.00000000000001));
#3701=CARTESIAN_POINT('',(3.14999999999976,98.8500018828249,1.));
#3702=CARTESIAN_POINT('',(3.14999999999971,87.1500018828249,1.));
#3703=CARTESIAN_POINT('Origin',(0.00099999999971438,87.15,1.));
#3704=CARTESIAN_POINT('',(-3.14799999999997,87.1499979247794,1.));
#3705=CARTESIAN_POINT('Origin',(0.00099999999971438,87.15,1.));
#3706=CARTESIAN_POINT('',(-3.14799999999997,87.1499979247794,1.));
#3707=CARTESIAN_POINT('Origin',(-3.14800000000034,98.8499979247794,1.));
#3708=CARTESIAN_POINT('',(-3.14800000000034,98.8499979247794,1.));
#3709=CARTESIAN_POINT('',(-3.147999999996,-38.0750010376101,1.));
#3710=CARTESIAN_POINT('',(-3.14800000000034,98.8499979247794,1.));
#3711=CARTESIAN_POINT('Origin',(0.000999999999522311,98.85,1.));
#3712=CARTESIAN_POINT('Origin',(0.000999999999522311,98.85,1.));
#3713=CARTESIAN_POINT('Origin',(3.15,-112.851,1.00000000000001));
#3714=CARTESIAN_POINT('',(3.15,-112.851,1.00000000000001));
#3715=CARTESIAN_POINT('',(3.15,-112.851,1.00000000000001));
#3716=CARTESIAN_POINT('',(3.15,-101.149,1.00000000000001));
#3717=CARTESIAN_POINT('',(3.15,-143.9255,1.00000000000001));
#3718=CARTESIAN_POINT('',(3.15,-101.149,1.00000000000001));
#3719=CARTESIAN_POINT('Origin',(0.000999999999999565,-112.851,1.00000000000001));
#3720=CARTESIAN_POINT('',(0.000999999999999386,-116.,1.00000000000001));
#3721=CARTESIAN_POINT('',(0.000999999999999386,-116.,1.00000000000001));
#3722=CARTESIAN_POINT('Origin',(0.000999999999999565,-112.851,1.));
#3723=CARTESIAN_POINT('Origin',(0.00100000000000042,-101.149,1.00000000000001));
#3724=CARTESIAN_POINT('',(0.00100000000000042,-98.,1.00000000000001));
#3725=CARTESIAN_POINT('Origin',(0.00100000000000042,-101.149,1.));
#3726=CARTESIAN_POINT('',(0.00100000000000042,-98.,1.00000000000001));
#3727=CARTESIAN_POINT('Origin',(3.15,-12.851,1.00000000000001));
#3728=CARTESIAN_POINT('',(3.15,-12.851,1.00000000000001));
#3729=CARTESIAN_POINT('',(3.15,-12.851,1.00000000000001));
#3730=CARTESIAN_POINT('',(3.15,-1.14899999999999,1.00000000000001));
#3731=CARTESIAN_POINT('',(3.15,-93.9255,1.00000000000001));
#3732=CARTESIAN_POINT('',(3.15,-1.14899999999999,1.00000000000001));
#3733=CARTESIAN_POINT('Origin',(0.000999999999999565,-12.851,1.00000000000001));
#3734=CARTESIAN_POINT('',(0.000999999999999386,-16.,1.00000000000001));
#3735=CARTESIAN_POINT('',(0.000999999999999386,-16.,1.00000000000001));
#3736=CARTESIAN_POINT('Origin',(0.000999999999999565,-12.851,1.));
#3737=CARTESIAN_POINT('Origin',(0.00100000000000042,-1.14899999999999,1.00000000000001));
#3738=CARTESIAN_POINT('',(0.00100000000000042,1.99999999999999,1.00000000000001));
#3739=CARTESIAN_POINT('Origin',(0.00100000000000042,-1.14899999999999,1.));
#3740=CARTESIAN_POINT('',(0.00100000000000042,1.99999999999999,1.00000000000001));
#3741=CARTESIAN_POINT('Origin',(3.15,62.149,1.00000000000001));
#3742=CARTESIAN_POINT('',(3.15,62.149,1.00000000000001));
#3743=CARTESIAN_POINT('',(3.15,62.149,1.00000000000001));
#3744=CARTESIAN_POINT('',(3.15,73.851,1.00000000000001));
#3745=CARTESIAN_POINT('',(3.15,-56.4255,1.00000000000001));
#3746=CARTESIAN_POINT('',(3.15,73.851,1.00000000000001));
#3747=CARTESIAN_POINT('Origin',(0.000999999999999565,62.149,1.00000000000001));
#3748=CARTESIAN_POINT('',(0.000999999999999386,59.,1.00000000000001));
#3749=CARTESIAN_POINT('',(0.000999999999999386,59.,1.00000000000001));
#3750=CARTESIAN_POINT('Origin',(0.000999999999999565,62.149,1.));
#3751=CARTESIAN_POINT('Origin',(0.00100000000000042,73.851,1.00000000000001));
#3752=CARTESIAN_POINT('',(0.00100000000000042,77.,1.00000000000001));
#3753=CARTESIAN_POINT('Origin',(0.00100000000000042,73.851,1.));
#3754=CARTESIAN_POINT('',(0.00100000000000042,77.,1.00000000000001));
#3755=CARTESIAN_POINT('Origin',(3.15,-37.851,1.00000000000001));
#3756=CARTESIAN_POINT('',(3.15,-37.851,1.00000000000001));
#3757=CARTESIAN_POINT('',(3.15,-37.851,1.00000000000001));
#3758=CARTESIAN_POINT('',(3.15,-26.149,1.00000000000001));
#3759=CARTESIAN_POINT('',(3.15,-106.4255,1.00000000000001));
#3760=CARTESIAN_POINT('',(3.15,-26.149,1.00000000000001));
#3761=CARTESIAN_POINT('Origin',(0.000999999999999565,-37.851,1.00000000000001));
#3762=CARTESIAN_POINT('',(0.000999999999999386,-41.,1.00000000000001));
#3763=CARTESIAN_POINT('',(0.000999999999999386,-41.,1.00000000000001));
#3764=CARTESIAN_POINT('Origin',(0.000999999999999565,-37.851,1.));
#3765=CARTESIAN_POINT('Origin',(0.00100000000000042,-26.149,1.00000000000001));
#3766=CARTESIAN_POINT('',(0.00100000000000042,-23.,1.00000000000001));
#3767=CARTESIAN_POINT('Origin',(0.00100000000000042,-26.149,1.));
#3768=CARTESIAN_POINT('',(0.00100000000000042,-23.,1.00000000000001));
#3769=CARTESIAN_POINT('Origin',(3.15,-137.851,1.00000000000001));
#3770=CARTESIAN_POINT('',(3.15,-137.851,1.00000000000001));
#3771=CARTESIAN_POINT('',(3.15,-137.851,1.00000000000001));
#3772=CARTESIAN_POINT('',(3.15,-126.149,1.00000000000001));
#3773=CARTESIAN_POINT('',(3.15,-156.4255,1.00000000000001));
#3774=CARTESIAN_POINT('',(3.15,-126.149,1.00000000000001));
#3775=CARTESIAN_POINT('Origin',(0.000999999999999565,-137.851,1.00000000000001));
#3776=CARTESIAN_POINT('',(0.000999999999999386,-141.,1.00000000000001));
#3777=CARTESIAN_POINT('',(0.000999999999999386,-141.,1.00000000000001));
#3778=CARTESIAN_POINT('Origin',(0.000999999999999565,-137.851,1.));
#3779=CARTESIAN_POINT('Origin',(0.00100000000000042,-126.149,1.00000000000001));
#3780=CARTESIAN_POINT('',(0.00100000000000042,-123.,1.00000000000001));
#3781=CARTESIAN_POINT('Origin',(0.00100000000000042,-126.149,1.));
#3782=CARTESIAN_POINT('',(0.00100000000000042,-123.,1.00000000000001));
#3783=CARTESIAN_POINT('Origin',(3.15,-87.851,1.00000000000001));
#3784=CARTESIAN_POINT('',(3.15,-87.851,1.00000000000001));
#3785=CARTESIAN_POINT('',(3.15,-87.851,1.00000000000001));
#3786=CARTESIAN_POINT('',(3.15,-76.149,1.00000000000001));
#3787=CARTESIAN_POINT('',(3.15,-131.4255,1.00000000000001));
#3788=CARTESIAN_POINT('',(3.15,-76.149,1.00000000000001));
#3789=CARTESIAN_POINT('Origin',(0.000999999999999565,-87.851,1.00000000000001));
#3790=CARTESIAN_POINT('',(0.000999999999999386,-91.,1.00000000000001));
#3791=CARTESIAN_POINT('',(0.000999999999999386,-91.,1.00000000000001));
#3792=CARTESIAN_POINT('Origin',(0.000999999999999565,-87.851,1.));
#3793=CARTESIAN_POINT('Origin',(0.00100000000000042,-76.149,1.00000000000001));
#3794=CARTESIAN_POINT('',(0.00100000000000042,-73.,1.00000000000001));
#3795=CARTESIAN_POINT('Origin',(0.00100000000000042,-76.149,1.));
#3796=CARTESIAN_POINT('',(0.00100000000000042,-73.,1.00000000000001));
#3797=CARTESIAN_POINT('Origin',(3.15,12.149,1.00000000000001));
#3798=CARTESIAN_POINT('',(3.15,12.149,1.00000000000001));
#3799=CARTESIAN_POINT('',(3.15,12.149,1.00000000000001));
#3800=CARTESIAN_POINT('',(3.15,23.851,1.00000000000001));
#3801=CARTESIAN_POINT('',(3.15,-81.4255,1.00000000000001));
#3802=CARTESIAN_POINT('',(3.15,23.851,1.00000000000001));
#3803=CARTESIAN_POINT('Origin',(0.000999999999999565,12.149,1.00000000000001));
#3804=CARTESIAN_POINT('',(0.000999999999999386,9.00000000000002,1.00000000000001));
#3805=CARTESIAN_POINT('',(0.000999999999999386,9.00000000000002,1.00000000000001));
#3806=CARTESIAN_POINT('Origin',(0.000999999999999565,12.149,1.));
#3807=CARTESIAN_POINT('Origin',(0.00100000000000042,23.851,1.00000000000001));
#3808=CARTESIAN_POINT('',(0.00100000000000042,27.,1.00000000000001));
#3809=CARTESIAN_POINT('Origin',(0.00100000000000042,23.851,1.));
#3810=CARTESIAN_POINT('',(0.00100000000000042,27.,1.00000000000001));
#3811=CARTESIAN_POINT('Origin',(3.15,37.149,1.00000000000001));
#3812=CARTESIAN_POINT('',(3.15,37.149,1.00000000000001));
#3813=CARTESIAN_POINT('',(3.15,37.149,1.00000000000001));
#3814=CARTESIAN_POINT('',(3.15,48.851,1.00000000000001));
#3815=CARTESIAN_POINT('',(3.15,-68.9255,1.00000000000001));
#3816=CARTESIAN_POINT('',(3.15,48.851,1.00000000000001));
#3817=CARTESIAN_POINT('Origin',(0.000999999999999565,37.149,1.00000000000001));
#3818=CARTESIAN_POINT('',(0.000999999999999386,34.,1.00000000000001));
#3819=CARTESIAN_POINT('',(0.000999999999999386,34.,1.00000000000001));
#3820=CARTESIAN_POINT('Origin',(0.000999999999999565,37.149,1.));
#3821=CARTESIAN_POINT('Origin',(0.00100000000000042,48.851,1.00000000000001));
#3822=CARTESIAN_POINT('',(0.00100000000000042,52.,1.00000000000001));
#3823=CARTESIAN_POINT('Origin',(0.00100000000000042,48.851,1.));
#3824=CARTESIAN_POINT('',(0.00100000000000042,52.,1.00000000000001));
#3825=CARTESIAN_POINT('Origin',(3.15,-62.851,1.00000000000001));
#3826=CARTESIAN_POINT('',(3.15,-62.851,1.00000000000001));
#3827=CARTESIAN_POINT('',(3.15,-62.851,1.00000000000001));
#3828=CARTESIAN_POINT('',(3.15,-51.149,1.00000000000001));
#3829=CARTESIAN_POINT('',(3.15,-118.9255,1.00000000000001));
#3830=CARTESIAN_POINT('',(3.15,-51.149,1.00000000000001));
#3831=CARTESIAN_POINT('Origin',(0.000999999999999565,-62.851,1.00000000000001));
#3832=CARTESIAN_POINT('',(0.000999999999999386,-66.,1.00000000000001));
#3833=CARTESIAN_POINT('',(0.000999999999999386,-66.,1.00000000000001));
#3834=CARTESIAN_POINT('Origin',(0.000999999999999565,-62.851,1.));
#3835=CARTESIAN_POINT('Origin',(0.00100000000000042,-51.149,1.00000000000001));
#3836=CARTESIAN_POINT('',(0.00100000000000042,-48.,1.00000000000001));
#3837=CARTESIAN_POINT('Origin',(0.00100000000000042,-51.149,1.));
#3838=CARTESIAN_POINT('',(0.00100000000000042,-48.,1.00000000000001));
#3839=CARTESIAN_POINT('Origin',(0.00100000000000042,-151.149,1.00000000000001));
#3840=CARTESIAN_POINT('',(3.15,-151.149,1.00000000000001));
#3841=CARTESIAN_POINT('',(3.15,-151.149,1.00000000000001));
#3842=CARTESIAN_POINT('',(0.00100000000000042,-148.,1.00000000000001));
#3843=CARTESIAN_POINT('Origin',(0.00100000000000042,-151.149,1.));
#3844=CARTESIAN_POINT('',(0.00100000000000042,-148.,1.00000000000001));
#3845=CARTESIAN_POINT('Origin',(3.15,-162.851,1.00000000000001));
#3846=CARTESIAN_POINT('',(3.15,-162.851,1.00000000000001));
#3847=CARTESIAN_POINT('',(3.15,-162.851,1.00000000000001));
#3848=CARTESIAN_POINT('',(3.15,-168.9255,1.00000000000001));
#3849=CARTESIAN_POINT('Origin',(0.000999999999999565,-162.851,1.00000000000001));
#3850=CARTESIAN_POINT('',(0.000999999999999305,-166.,1.00000000000001));
#3851=CARTESIAN_POINT('',(0.000999999999999305,-166.,1.00000000000001));
#3852=CARTESIAN_POINT('Origin',(0.000999999999999565,-162.851,1.));
#3853=CARTESIAN_POINT('Origin',(12.25,-175.,1.25));
#3854=CARTESIAN_POINT('',(12.25,-175.,1.));
#3855=CARTESIAN_POINT('',(12.5,-175.,1.25));
#3856=CARTESIAN_POINT('Origin',(12.25,-175.,1.25));
#3857=CARTESIAN_POINT('',(12.5,-175.,1.25));
#3858=CARTESIAN_POINT('',(12.25,86.,1.));
#3859=CARTESIAN_POINT('Origin',(12.5,-175.,6.25));
#3860=CARTESIAN_POINT('',(12.5,-175.,6.25));
#3861=CARTESIAN_POINT('',(12.5,-175.,6.25));
#3862=CARTESIAN_POINT('',(12.5,-175.,6.25));
#3863=CARTESIAN_POINT('Origin',(13.75,-175.,6.25));
#3864=CARTESIAN_POINT('',(13.75,-175.,7.5));
#3865=CARTESIAN_POINT('Origin',(13.75,-175.,6.25));
#3866=CARTESIAN_POINT('',(13.75,-175.,7.5));
#3867=CARTESIAN_POINT('Origin',(17.5,-175.,7.5));
#3868=CARTESIAN_POINT('',(17.5,-175.,7.5));
#3869=CARTESIAN_POINT('',(17.5,-175.,7.5));
#3870=CARTESIAN_POINT('',(17.5,-175.,7.5));
#3871=CARTESIAN_POINT('Origin',(17.5,-175.,6.5));
#3872=CARTESIAN_POINT('',(17.5,-175.,6.5));
#3873=CARTESIAN_POINT('',(17.5,-175.,6.5));
#3874=CARTESIAN_POINT('',(17.5,-175.,6.5));
#3875=CARTESIAN_POINT('Origin',(13.75,-175.,6.5));
#3876=CARTESIAN_POINT('',(13.75,-175.,6.5));
#3877=CARTESIAN_POINT('',(13.75,-175.,6.5));
#3878=CARTESIAN_POINT('',(13.75,-175.,6.5));
#3879=CARTESIAN_POINT('Origin',(13.75,-175.,6.25));
#3880=CARTESIAN_POINT('',(13.5,-175.,6.25));
#3881=CARTESIAN_POINT('Origin',(13.75,-175.,6.25));
#3882=CARTESIAN_POINT('',(13.5,-175.,6.25));
#3883=CARTESIAN_POINT('Origin',(13.5,-175.,1.25));
#3884=CARTESIAN_POINT('',(13.5,-175.,1.25));
#3885=CARTESIAN_POINT('',(13.5,-175.,1.25));
#3886=CARTESIAN_POINT('',(13.5,-175.,1.25));
#3887=CARTESIAN_POINT('Origin',(12.25,-175.,1.25));
#3888=CARTESIAN_POINT('Origin',(12.25,-175.,1.25));
#3889=CARTESIAN_POINT('Origin',(-3.15,-112.851,1.00000000000001));
#3890=CARTESIAN_POINT('',(-3.15,-101.149,1.00000000000001));
#3891=CARTESIAN_POINT('',(-3.15,-101.149,1.00000000000001));
#3892=CARTESIAN_POINT('',(-3.15,-112.851,1.00000000000001));
#3893=CARTESIAN_POINT('',(-3.15,-143.9255,1.00000000000001));
#3894=CARTESIAN_POINT('',(-3.15,-112.851,1.00000000000001));
#3895=CARTESIAN_POINT('Origin',(-0.00099999999999949,-112.851,1.00000000000001));
#3896=CARTESIAN_POINT('',(-0.000999999999999311,-116.,1.00000000000001));
#3897=CARTESIAN_POINT('Origin',(-0.00099999999999949,-112.851,1.));
#3898=CARTESIAN_POINT('',(-0.000999999999999311,-116.,1.00000000000001));
#3899=CARTESIAN_POINT('Origin',(3.75405002223106E-17,-116.,1.00000000000001));
#3900=CARTESIAN_POINT('',(6.12500000000001,-116.,1.00000000000001));
#3901=CARTESIAN_POINT('Origin',(-0.00100000000000035,-98.,1.00000000000001));
#3902=CARTESIAN_POINT('',(-0.00100000000000035,-98.,1.00000000000001));
#3903=CARTESIAN_POINT('',(6.12550000000001,-98.,1.));
#3904=CARTESIAN_POINT('',(-0.00100000000000035,-98.,1.00000000000001));
#3905=CARTESIAN_POINT('Origin',(-0.00100000000000035,-101.149,1.00000000000001));
#3906=CARTESIAN_POINT('Origin',(-0.00100000000000035,-101.149,1.));
#3907=CARTESIAN_POINT('Origin',(-3.15,-12.851,1.00000000000001));
#3908=CARTESIAN_POINT('',(-3.15,-1.14899999999999,1.00000000000001));
#3909=CARTESIAN_POINT('',(-3.15,-1.14899999999999,1.00000000000001));
#3910=CARTESIAN_POINT('',(-3.15,-12.851,1.00000000000001));
#3911=CARTESIAN_POINT('',(-3.15,-93.9255,1.00000000000001));
#3912=CARTESIAN_POINT('',(-3.15,-12.851,1.00000000000001));
#3913=CARTESIAN_POINT('Origin',(-0.00099999999999949,-12.851,1.00000000000001));
#3914=CARTESIAN_POINT('',(-0.000999999999999311,-16.,1.00000000000001));
#3915=CARTESIAN_POINT('Origin',(-0.00099999999999949,-12.851,1.));
#3916=CARTESIAN_POINT('',(-0.000999999999999311,-16.,1.00000000000001));
#3917=CARTESIAN_POINT('Origin',(3.75405002223106E-17,-16.,1.00000000000001));
#3918=CARTESIAN_POINT('',(6.12500000000001,-16.,1.00000000000001));
#3919=CARTESIAN_POINT('Origin',(-0.00100000000000035,1.99999999999999,1.00000000000001));
#3920=CARTESIAN_POINT('',(-0.00100000000000035,1.99999999999999,1.00000000000001));
#3921=CARTESIAN_POINT('',(6.12550000000001,1.99999999999999,1.));
#3922=CARTESIAN_POINT('',(-0.00100000000000035,1.99999999999999,1.00000000000001));
#3923=CARTESIAN_POINT('Origin',(-0.00100000000000035,-1.14899999999999,
1.00000000000001));
#3924=CARTESIAN_POINT('Origin',(-0.00100000000000035,-1.14899999999999,
1.));
#3925=CARTESIAN_POINT('Origin',(-3.15,62.149,1.00000000000001));
#3926=CARTESIAN_POINT('',(-3.15,73.851,1.00000000000001));
#3927=CARTESIAN_POINT('',(-3.15,73.851,1.00000000000001));
#3928=CARTESIAN_POINT('',(-3.15,62.149,1.00000000000001));
#3929=CARTESIAN_POINT('',(-3.15,-56.4255,1.00000000000001));
#3930=CARTESIAN_POINT('',(-3.15,62.149,1.00000000000001));
#3931=CARTESIAN_POINT('Origin',(-0.00099999999999949,62.149,1.00000000000001));
#3932=CARTESIAN_POINT('',(-0.000999999999999311,59.,1.00000000000001));
#3933=CARTESIAN_POINT('Origin',(-0.00099999999999949,62.149,1.));
#3934=CARTESIAN_POINT('',(-0.000999999999999311,59.,1.00000000000001));
#3935=CARTESIAN_POINT('Origin',(3.75405002223106E-17,59.,1.00000000000001));
#3936=CARTESIAN_POINT('',(6.12500000000001,59.,1.00000000000001));
#3937=CARTESIAN_POINT('Origin',(-0.00100000000000035,77.,1.00000000000001));
#3938=CARTESIAN_POINT('',(-0.00100000000000035,77.,1.00000000000001));
#3939=CARTESIAN_POINT('',(6.12550000000001,77.,1.));
#3940=CARTESIAN_POINT('',(-0.00100000000000035,77.,1.00000000000001));
#3941=CARTESIAN_POINT('Origin',(-0.00100000000000035,73.851,1.00000000000001));
#3942=CARTESIAN_POINT('Origin',(-0.00100000000000035,73.851,1.));
#3943=CARTESIAN_POINT('Origin',(-3.15,-37.851,1.00000000000001));
#3944=CARTESIAN_POINT('',(-3.15,-26.149,1.00000000000001));
#3945=CARTESIAN_POINT('',(-3.15,-26.149,1.00000000000001));
#3946=CARTESIAN_POINT('',(-3.15,-37.851,1.00000000000001));
#3947=CARTESIAN_POINT('',(-3.15,-106.4255,1.00000000000001));
#3948=CARTESIAN_POINT('',(-3.15,-37.851,1.00000000000001));
#3949=CARTESIAN_POINT('Origin',(-0.00099999999999949,-37.851,1.00000000000001));
#3950=CARTESIAN_POINT('',(-0.000999999999999311,-41.,1.00000000000001));
#3951=CARTESIAN_POINT('Origin',(-0.00099999999999949,-37.851,1.));
#3952=CARTESIAN_POINT('',(-0.000999999999999311,-41.,1.00000000000001));
#3953=CARTESIAN_POINT('Origin',(3.75405002223106E-17,-41.,1.00000000000001));
#3954=CARTESIAN_POINT('',(6.12500000000001,-41.,1.00000000000001));
#3955=CARTESIAN_POINT('Origin',(-0.00100000000000035,-23.,1.00000000000001));
#3956=CARTESIAN_POINT('',(-0.00100000000000035,-23.,1.00000000000001));
#3957=CARTESIAN_POINT('',(6.12550000000001,-23.,1.));
#3958=CARTESIAN_POINT('',(-0.00100000000000035,-23.,1.00000000000001));
#3959=CARTESIAN_POINT('Origin',(-0.00100000000000035,-26.149,1.00000000000001));
#3960=CARTESIAN_POINT('Origin',(-0.00100000000000035,-26.149,1.));
#3961=CARTESIAN_POINT('Origin',(-3.15,-137.851,1.00000000000001));
#3962=CARTESIAN_POINT('',(-3.15,-126.149,1.00000000000001));
#3963=CARTESIAN_POINT('',(-3.15,-126.149,1.00000000000001));
#3964=CARTESIAN_POINT('',(-3.15,-137.851,1.00000000000001));
#3965=CARTESIAN_POINT('',(-3.15,-156.4255,1.00000000000001));
#3966=CARTESIAN_POINT('',(-3.15,-137.851,1.00000000000001));
#3967=CARTESIAN_POINT('Origin',(-0.00099999999999949,-137.851,1.00000000000001));
#3968=CARTESIAN_POINT('',(-0.000999999999999311,-141.,1.00000000000001));
#3969=CARTESIAN_POINT('Origin',(-0.00099999999999949,-137.851,1.));
#3970=CARTESIAN_POINT('',(-0.000999999999999311,-141.,1.00000000000001));
#3971=CARTESIAN_POINT('Origin',(3.75405002223106E-17,-141.,1.00000000000001));
#3972=CARTESIAN_POINT('',(6.12500000000001,-141.,1.00000000000001));
#3973=CARTESIAN_POINT('Origin',(-0.00100000000000035,-123.,1.00000000000001));
#3974=CARTESIAN_POINT('',(-0.00100000000000035,-123.,1.00000000000001));
#3975=CARTESIAN_POINT('',(6.12550000000001,-123.,1.));
#3976=CARTESIAN_POINT('',(-0.00100000000000035,-123.,1.00000000000001));
#3977=CARTESIAN_POINT('Origin',(-0.00100000000000035,-126.149,1.00000000000001));
#3978=CARTESIAN_POINT('Origin',(-0.00100000000000035,-126.149,1.));
#3979=CARTESIAN_POINT('Origin',(-3.15,-87.851,1.00000000000001));
#3980=CARTESIAN_POINT('',(-3.15,-76.149,1.00000000000001));
#3981=CARTESIAN_POINT('',(-3.15,-76.149,1.00000000000001));
#3982=CARTESIAN_POINT('',(-3.15,-87.851,1.00000000000001));
#3983=CARTESIAN_POINT('',(-3.15,-131.4255,1.00000000000001));
#3984=CARTESIAN_POINT('',(-3.15,-87.851,1.00000000000001));
#3985=CARTESIAN_POINT('Origin',(-0.00099999999999949,-87.851,1.00000000000001));
#3986=CARTESIAN_POINT('',(-0.000999999999999311,-91.,1.00000000000001));
#3987=CARTESIAN_POINT('Origin',(-0.00099999999999949,-87.851,1.));
#3988=CARTESIAN_POINT('',(-0.000999999999999311,-91.,1.00000000000001));
#3989=CARTESIAN_POINT('Origin',(3.75405002223106E-17,-91.,1.00000000000001));
#3990=CARTESIAN_POINT('',(6.12500000000001,-91.,1.00000000000001));
#3991=CARTESIAN_POINT('Origin',(-0.00100000000000035,-73.,1.00000000000001));
#3992=CARTESIAN_POINT('',(-0.00100000000000035,-73.,1.00000000000001));
#3993=CARTESIAN_POINT('',(6.12550000000001,-73.,1.));
#3994=CARTESIAN_POINT('',(-0.00100000000000035,-73.,1.00000000000001));
#3995=CARTESIAN_POINT('Origin',(-0.00100000000000035,-76.149,1.00000000000001));
#3996=CARTESIAN_POINT('Origin',(-0.00100000000000035,-76.149,1.));
#3997=CARTESIAN_POINT('Origin',(-3.15,12.149,1.00000000000001));
#3998=CARTESIAN_POINT('',(-3.15,23.851,1.00000000000001));
#3999=CARTESIAN_POINT('',(-3.15,23.851,1.00000000000001));
#4000=CARTESIAN_POINT('',(-3.15,12.149,1.00000000000001));
#4001=CARTESIAN_POINT('',(-3.15,-81.4255,1.00000000000001));
#4002=CARTESIAN_POINT('',(-3.15,12.149,1.00000000000001));
#4003=CARTESIAN_POINT('Origin',(-0.00099999999999949,12.149,1.00000000000001));
#4004=CARTESIAN_POINT('',(-0.000999999999999311,9.00000000000002,1.00000000000001));
#4005=CARTESIAN_POINT('Origin',(-0.00099999999999949,12.149,1.));
#4006=CARTESIAN_POINT('',(-0.000999999999999311,9.00000000000002,1.00000000000001));
#4007=CARTESIAN_POINT('Origin',(3.75405002223106E-17,9.00000000000002,1.00000000000001));
#4008=CARTESIAN_POINT('',(6.12500000000001,9.00000000000002,1.00000000000001));
#4009=CARTESIAN_POINT('Origin',(-0.00100000000000035,27.,1.00000000000001));
#4010=CARTESIAN_POINT('',(-0.00100000000000035,27.,1.00000000000001));
#4011=CARTESIAN_POINT('',(6.12550000000001,27.,1.));
#4012=CARTESIAN_POINT('',(-0.00100000000000035,27.,1.00000000000001));
#4013=CARTESIAN_POINT('Origin',(-0.00100000000000035,23.851,1.00000000000001));
#4014=CARTESIAN_POINT('Origin',(-0.00100000000000035,23.851,1.));
#4015=CARTESIAN_POINT('Origin',(-3.15,37.149,1.00000000000001));
#4016=CARTESIAN_POINT('',(-3.15,48.851,1.00000000000001));
#4017=CARTESIAN_POINT('',(-3.15,48.851,1.00000000000001));
#4018=CARTESIAN_POINT('',(-3.15,37.149,1.00000000000001));
#4019=CARTESIAN_POINT('',(-3.15,-68.9255,1.00000000000001));
#4020=CARTESIAN_POINT('',(-3.15,37.149,1.00000000000001));
#4021=CARTESIAN_POINT('Origin',(-0.00099999999999949,37.149,1.00000000000001));
#4022=CARTESIAN_POINT('',(-0.000999999999999311,34.,1.00000000000001));
#4023=CARTESIAN_POINT('Origin',(-0.00099999999999949,37.149,1.));
#4024=CARTESIAN_POINT('',(-0.000999999999999311,34.,1.00000000000001));
#4025=CARTESIAN_POINT('Origin',(3.75405002223106E-17,34.,1.00000000000001));
#4026=CARTESIAN_POINT('',(6.12500000000001,34.,1.00000000000001));
#4027=CARTESIAN_POINT('Origin',(-0.00100000000000035,52.,1.00000000000001));
#4028=CARTESIAN_POINT('',(-0.00100000000000035,52.,1.00000000000001));
#4029=CARTESIAN_POINT('',(6.12550000000001,52.,1.));
#4030=CARTESIAN_POINT('',(-0.00100000000000035,52.,1.00000000000001));
#4031=CARTESIAN_POINT('Origin',(-0.00100000000000035,48.851,1.00000000000001));
#4032=CARTESIAN_POINT('Origin',(-0.00100000000000035,48.851,1.));
#4033=CARTESIAN_POINT('Origin',(-3.15,-62.851,1.00000000000001));
#4034=CARTESIAN_POINT('',(-3.15,-51.149,1.00000000000001));
#4035=CARTESIAN_POINT('',(-3.15,-51.149,1.00000000000001));
#4036=CARTESIAN_POINT('',(-3.15,-62.851,1.00000000000001));
#4037=CARTESIAN_POINT('',(-3.15,-118.9255,1.00000000000001));
#4038=CARTESIAN_POINT('',(-3.15,-62.851,1.00000000000001));
#4039=CARTESIAN_POINT('Origin',(-0.00099999999999949,-62.851,1.00000000000001));
#4040=CARTESIAN_POINT('',(-0.000999999999999311,-66.,1.00000000000001));
#4041=CARTESIAN_POINT('Origin',(-0.00099999999999949,-62.851,1.));
#4042=CARTESIAN_POINT('',(-0.000999999999999311,-66.,1.00000000000001));
#4043=CARTESIAN_POINT('Origin',(3.75405002223106E-17,-66.,1.00000000000001));
#4044=CARTESIAN_POINT('',(6.12500000000001,-66.,1.00000000000001));
#4045=CARTESIAN_POINT('Origin',(-0.00100000000000035,-48.,1.00000000000001));
#4046=CARTESIAN_POINT('',(-0.00100000000000035,-48.,1.00000000000001));
#4047=CARTESIAN_POINT('',(6.12550000000001,-48.,1.));
#4048=CARTESIAN_POINT('',(-0.00100000000000035,-48.,1.00000000000001));
#4049=CARTESIAN_POINT('Origin',(-0.00100000000000035,-51.149,1.00000000000001));
#4050=CARTESIAN_POINT('Origin',(-0.00100000000000035,-51.149,1.));
#4051=CARTESIAN_POINT('Origin',(-0.00100000000000035,-151.149,1.00000000000001));
#4052=CARTESIAN_POINT('',(-0.00100000000000035,-148.,1.00000000000001));
#4053=CARTESIAN_POINT('',(-0.00100000000000035,-148.,1.00000000000001));
#4054=CARTESIAN_POINT('',(-3.15,-151.149,1.00000000000001));
#4055=CARTESIAN_POINT('Origin',(-0.00100000000000035,-151.149,1.));
#4056=CARTESIAN_POINT('',(-3.15,-151.149,1.00000000000001));
#4057=CARTESIAN_POINT('Origin',(-3.15,-162.851,1.00000000000001));
#4058=CARTESIAN_POINT('',(-3.15,-162.851,1.00000000000001));
#4059=CARTESIAN_POINT('',(-3.15,-168.9255,1.00000000000001));
#4060=CARTESIAN_POINT('',(-3.15,-162.851,1.00000000000001));
#4061=CARTESIAN_POINT('Origin',(-0.00099999999999949,-162.851,1.00000000000001));
#4062=CARTESIAN_POINT('',(-0.00099999999999923,-166.,1.00000000000001));
#4063=CARTESIAN_POINT('Origin',(-0.00099999999999949,-162.851,1.));
#4064=CARTESIAN_POINT('',(-0.00099999999999923,-166.,1.00000000000001));
#4065=CARTESIAN_POINT('Origin',(3.75405002223106E-17,-166.,1.00000000000001));
#4066=CARTESIAN_POINT('',(6.12500000000001,-166.,1.00000000000001));
#4067=CARTESIAN_POINT('Origin',(-0.00100000000000035,-148.,1.00000000000001));
#4068=CARTESIAN_POINT('',(6.12550000000001,-148.,1.));
#4069=CARTESIAN_POINT('Origin',(-12.25,-175.,1.));
#4070=CARTESIAN_POINT('',(-12.25,-175.,1.));
#4071=CARTESIAN_POINT('',(-12.25,-175.,1.));
#4072=CARTESIAN_POINT('',(-12.25,-175.,1.));
#4073=CARTESIAN_POINT('Origin',(-12.25,-175.,1.25));
#4074=CARTESIAN_POINT('',(-12.5,-175.,1.25));
#4075=CARTESIAN_POINT('Origin',(-12.25,-175.,1.25));
#4076=CARTESIAN_POINT('',(-12.5,-175.,1.25));
#4077=CARTESIAN_POINT('Origin',(-12.5,-175.,6.25));
#4078=CARTESIAN_POINT('',(-12.5,-175.,6.25));
#4079=CARTESIAN_POINT('',(-12.5,-175.,6.25));
#4080=CARTESIAN_POINT('',(-12.5,-175.,6.25));
#4081=CARTESIAN_POINT('Origin',(-13.75,-175.,6.25));
#4082=CARTESIAN_POINT('',(-13.75,-175.,7.5));
#4083=CARTESIAN_POINT('Origin',(-13.75,-175.,6.25));
#4084=CARTESIAN_POINT('',(-13.75,-175.,7.5));
#4085=CARTESIAN_POINT('Origin',(-17.5,-175.,7.5));
#4086=CARTESIAN_POINT('',(-17.5,-175.,7.5));
#4087=CARTESIAN_POINT('',(-17.5,-175.,7.5));
#4088=CARTESIAN_POINT('',(-17.5,-175.,7.5));
#4089=CARTESIAN_POINT('Origin',(-17.5,-175.,6.5));
#4090=CARTESIAN_POINT('',(-17.5,-175.,6.5));
#4091=CARTESIAN_POINT('',(-17.5,-175.,6.5));
#4092=CARTESIAN_POINT('',(-17.5,-175.,6.5));
#4093=CARTESIAN_POINT('Origin',(-13.75,-175.,6.5));
#4094=CARTESIAN_POINT('',(-13.75,-175.,6.5));
#4095=CARTESIAN_POINT('',(-13.75,-175.,6.5));
#4096=CARTESIAN_POINT('',(-13.75,-175.,6.5));
#4097=CARTESIAN_POINT('Origin',(-13.75,-175.,6.25));
#4098=CARTESIAN_POINT('',(-13.5,-175.,6.25));
#4099=CARTESIAN_POINT('Origin',(-13.75,-175.,6.25));
#4100=CARTESIAN_POINT('',(-13.5,-175.,6.25));
#4101=CARTESIAN_POINT('Origin',(-13.5,-175.,1.25));
#4102=CARTESIAN_POINT('',(-13.5,-175.,1.25));
#4103=CARTESIAN_POINT('',(-13.5,-175.,1.25));
#4104=CARTESIAN_POINT('',(-13.5,-175.,1.25));
#4105=CARTESIAN_POINT('Origin',(-12.25,-175.,1.25));
#4106=CARTESIAN_POINT('Origin',(-12.25,-175.,1.25));
#4107=CARTESIAN_POINT('Origin',(-8.75000000000001,-175.,3.75));
#4108=UNCERTAINTY_MEASURE_WITH_UNIT(LENGTH_MEASURE(0.01),#4112,
'DISTANCE_ACCURACY_VALUE',
'Maximum model space distance between geometric entities at asserted c
onnectivities');
#4109=UNCERTAINTY_MEASURE_WITH_UNIT(LENGTH_MEASURE(0.01),#4112,
'DISTANCE_ACCURACY_VALUE',
'Maximum model space distance between geometric entities at asserted c
onnectivities');
#4110=(
GEOMETRIC_REPRESENTATION_CONTEXT(3)
GLOBAL_UNCERTAINTY_ASSIGNED_CONTEXT((#4108))
GLOBAL_UNIT_ASSIGNED_CONTEXT((#4112,#4114,#4115))
REPRESENTATION_CONTEXT('','3D')
);
#4111=(
GEOMETRIC_REPRESENTATION_CONTEXT(3)
GLOBAL_UNCERTAINTY_ASSIGNED_CONTEXT((#4109))
GLOBAL_UNIT_ASSIGNED_CONTEXT((#4112,#4114,#4115))
REPRESENTATION_CONTEXT('','3D')
);
#4112=(
LENGTH_UNIT()
NAMED_UNIT(*)
SI_UNIT(.MILLI.,.METRE.)
);
#4113=(
LENGTH_UNIT()
NAMED_UNIT(*)
SI_UNIT($,.METRE.)
);
#4114=(
NAMED_UNIT(*)
PLANE_ANGLE_UNIT()
SI_UNIT($,.RADIAN.)
);
#4115=(
NAMED_UNIT(*)
SI_UNIT($,.STERADIAN.)
SOLID_ANGLE_UNIT()
);
#4116=SHAPE_DEFINITION_REPRESENTATION(#4117,#4118);
#4117=PRODUCT_DEFINITION_SHAPE('',$,#4120);
#4118=SHAPE_REPRESENTATION('',(#2452),#4110);
#4119=PRODUCT_DEFINITION_CONTEXT('part definition',#4124,'design');
#4120=PRODUCT_DEFINITION('2026-09-25-11-50-32-723','DN-R35S1',#4121,#4119);
#4121=PRODUCT_DEFINITION_FORMATION('',$,#4126);
#4122=PRODUCT_RELATED_PRODUCT_CATEGORY('DN-R35S1','DN-R35S1',(#4126));
#4123=APPLICATION_PROTOCOL_DEFINITION('international standard',
'automotive_design',2009,#4124);
#4124=APPLICATION_CONTEXT(
'Core Data for Automotive Mechanical Design Process');
#4125=PRODUCT_CONTEXT('part definition',#4124,'mechanical');
#4126=PRODUCT('2026-09-25-11-50-32-723','DN-R35S1',$,(#4125));
#4127=PRESENTATION_STYLE_ASSIGNMENT((#4128));
#4128=SURFACE_STYLE_USAGE(.BOTH.,#4129);
#4129=SURFACE_SIDE_STYLE('',(#4130));
#4130=SURFACE_STYLE_FILL_AREA(#4131);
#4131=FILL_AREA_STYLE('Plastic - Glossy (White)',(#4132));
#4132=FILL_AREA_STYLE_COLOUR('Plastic - Glossy (White)',#4133);
#4133=COLOUR_RGB('Plastic - Glossy (White)',0.964705882352941,0.964705882352941,
0.952941176470588);
ENDSEC;
END-ISO-10303-21;
